period,cohort,cohort_month,origin,family,model_id,model_name,representation,probability_type,probability_variant,calibration_method,n_train,train_order_id_sha256,fitted_model_sha256,model_hash_type,n_orders,n_events,prevalence,log_loss,brier,average_precision,roc_auc,top_5pct_lift,top_10pct_lift,top_10pct_recall,calibration_intercept,calibration_slope,wace,calibration_invalid_reason,order_id_sha256,model_family,specification,n_obs,brier_score,top10_lift,comparison,reference_model,reference_specification,representation_evidence,later_month_count,primary_evidence_available,median_delta_log_loss,median_delta_brier,both_improved_month_count,high_support_guard_available,high_support_median_delta_log_loss,high_support_median_delta_brier,high_support_material_reversal,high_support_no_material_reversal,calibration_guard_available,median_delta_wace,median_delta_absolute_calibration_slope_error,calibration_not_systematically_worse,calibration_systematically_worse,score_guard_available,score_only_median_delta_log_loss,full_beats_metadata_log_loss,full_no_metadata_brier_worsening,score_contributes,benefit_not_metadata_only,all_guards_available,all_guards_pass,evidence_status,evidence_label,evidence_reason,delta_log_loss,delta_brier,delta_brier_score,delta_average_precision,delta_roc_auc,delta_top_10pct_lift,delta_top10_lift,delta_calibration_intercept,delta_calibration_slope,delta_log_loss_lower,delta_log_loss_upper,delta_brier_lower,delta_brier_upper,constituent_fitted_model_count,record_type,bin,n,positives,mean_probability,min_probability,max_probability,absolute_calibration_error,weight
aggregate,later_pooled,later_pooled,,logistic_l2,DP0,Direct promise baseline,full,calibrated,calibrated,none,,multiple_expanding_training_sets,83789b5b61a8824887e2e1961a3a76017f99fd10e02131d8da5eef3a3f69c3dd,composite_fitted_models,40270,3477,0.086342190216,0.30766408536,0.0804624776157,0.0703529307674,0.399599251965,0.943107765343,1.00373885534,0.100373885534,-5.13020700102,-0.982038580896,0.0567299260458,,72cfdc8f6be208328a97da86166024c4a11b6099541993e6da4d9e100c5d76d2,logistic_l2,DP0,40270,0.0804624776157,1.00373885534,DP0_reference,,,,,,,,,,,,,,,,,,,,,,,,,,,Reference,Reference,,,,,,,,,,,,,,,6,model_metric,,,,,,,,
aggregate,later_pooled,later_pooled,,logistic_l2,DP0,Direct promise baseline,full,raw,raw,none,,multiple_expanding_training_sets,83789b5b61a8824887e2e1961a3a76017f99fd10e02131d8da5eef3a3f69c3dd,composite_fitted_models,40270,3477,0.086342190216,0.30766408536,0.0804624776157,0.0703529307674,0.399599251965,0.943107765343,1.00373885534,0.100373885534,-5.13020700102,-0.982038580896,0.0567299260458,,72cfdc8f6be208328a97da86166024c4a11b6099541993e6da4d9e100c5d76d2,logistic_l2,DP0,40270,0.0804624776157,1.00373885534,DP0_reference,,,,,,,,,,,,,,,,,,,,,,,,,,,Reference,Reference,,,,,,,,,,,,,,,6,model_metric,,,,,,,,
aggregate,later_pooled,later_pooled,,logistic_l2,DPB,Promise + both profile blocks,full,calibrated,calibrated,none,,multiple_expanding_training_sets,f1db031425071febea902b5a930da8e852ad0845c877722404229e64749f06d1,composite_fitted_models,40270,3477,0.086342190216,0.268844428343,0.0748792270975,0.188583308703,0.727975986667,2.93283512393,2.66321541559,0.266321541559,0.0285498573056,0.978261002615,0.0102043764272,,72cfdc8f6be208328a97da86166024c4a11b6099541993e6da4d9e100c5d76d2,logistic_l2,DPB,40270,0.0748792270975,2.66321541559,DPB-DP0,DP0,DP0,full,6,True,-0.0188355042404,-0.00146902299902,5,True,-0.0178964373712,-0.00140057680524,False,True,True,-0.0166763314017,-3.63404763384,True,False,True,-0.0194931043395,True,False,True,True,True,True,Supported,Supported,both_medians_improve_at_least_four_months_all_guards_pass,-0.0388196570165,-0.00558325051821,-0.00558325051821,0.118230377936,0.328376734702,1.65947656025,1.65947656025,5.15875685832,1.96029958351,-0.06417883973,-0.0201110844611,-0.0103800861977,-0.00200783215759,6,model_metric,,,,,,,,
aggregate,later_pooled,later_pooled,,logistic_l2,DPB,Promise + both profile blocks,full,raw,raw,none,,multiple_expanding_training_sets,f1db031425071febea902b5a930da8e852ad0845c877722404229e64749f06d1,composite_fitted_models,40270,3477,0.086342190216,0.268844428343,0.0748792270975,0.188583308703,0.727975986667,2.93283512393,2.66321541559,0.266321541559,0.0285498573056,0.978261002615,0.0102043764272,,72cfdc8f6be208328a97da86166024c4a11b6099541993e6da4d9e100c5d76d2,logistic_l2,DPB,40270,0.0748792270975,2.66321541559,DPB-DP0,DP0,DP0,full,6,True,-0.0188355042404,-0.00146902299902,5,True,-0.0178964373712,-0.00140057680524,False,True,True,-0.0166763314017,-3.63404763384,True,False,True,-0.0194931043395,True,False,True,True,True,True,Supported,Supported,both_medians_improve_at_least_four_months_all_guards_pass,-0.0388196570165,-0.00558325051821,-0.00558325051821,0.118230377936,0.328376734702,1.65947656025,1.65947656025,5.15875685832,1.96029958351,-0.06417883973,-0.0201110844611,-0.0103800861977,-0.00200783215759,6,model_metric,,,,,,,,
aggregate,later_pooled,later_pooled,,logistic_l2,DPG,Promise + geographic profiles,full,calibrated,calibrated,none,,multiple_expanding_training_sets,8d91f402ed6116a5edf83036773e54808750f0c7537ac20cd74b0b674e194d0b,composite_fitted_models,40270,3477,0.086342190216,0.275729040211,0.076350504455,0.16202324386,0.704399820616,2.03573261544,2.18579234973,0.218579234973,-0.160807862514,0.893056588068,0.0170279176666,,72cfdc8f6be208328a97da86166024c4a11b6099541993e6da4d9e100c5d76d2,logistic_l2,DPG,40270,0.076350504455,2.18579234973,DPG-DP0,DP0,DP0,full,6,True,-0.0126256584508,-0.000678203167734,3,True,-0.0125311675792,-0.000651481391294,False,True,True,-0.0113356271504,-3.47809936608,True,False,True,-0.0132700613425,True,False,True,True,True,True,Mixed,Mixed,exactly_three_both_improved_months,-0.0319350451486,-0.00411197316072,-0.00411197316072,0.0916703130924,0.304800568652,1.18205349439,1.18205349439,4.9693991385,1.87509516896,-0.0522653258875,-0.0121152907308,-0.00770048545408,-0.000630756099178,6,model_metric,,,,,,,,
aggregate,later_pooled,later_pooled,,logistic_l2,DPG,Promise + geographic profiles,full,raw,raw,none,,multiple_expanding_training_sets,8d91f402ed6116a5edf83036773e54808750f0c7537ac20cd74b0b674e194d0b,composite_fitted_models,40270,3477,0.086342190216,0.275729040211,0.076350504455,0.16202324386,0.704399820616,2.03573261544,2.18579234973,0.218579234973,-0.160807862514,0.893056588068,0.0170279176666,,72cfdc8f6be208328a97da86166024c4a11b6099541993e6da4d9e100c5d76d2,logistic_l2,DPG,40270,0.076350504455,2.18579234973,DPG-DP0,DP0,DP0,full,6,True,-0.0126256584508,-0.000678203167734,3,True,-0.0125311675792,-0.000651481391294,False,True,True,-0.0113356271504,-3.47809936608,True,False,True,-0.0132700613425,True,False,True,True,True,True,Mixed,Mixed,exactly_three_both_improved_months,-0.0319350451486,-0.00411197316072,-0.00411197316072,0.0916703130924,0.304800568652,1.18205349439,1.18205349439,4.9693991385,1.87509516896,-0.0522653258875,-0.0121152907308,-0.00770048545408,-0.000630756099178,6,model_metric,,,,,,,,
aggregate,later_pooled,later_pooled,,logistic_l2,DPS,Promise + seller profiles,full,calibrated,calibrated,none,,multiple_expanding_training_sets,0ea513409e8ee42b7b9d2d95a768e4f334e66a7d5bce5ad85dfcb1a36809a87c,composite_fitted_models,40270,3477,0.086342190216,0.303486839787,0.0799067240119,0.0887277083921,0.494149200158,1.35140441985,1.12740868565,0.112740868565,-2.10882062624,0.0890499420446,0.0294275936891,,72cfdc8f6be208328a97da86166024c4a11b6099541993e6da4d9e100c5d76d2,logistic_l2,DPS,40270,0.0799067240119,1.12740868565,DPS-DP0,DP0,DP0,full,6,True,-0.00415653020117,-0.00047411302235,6,True,-0.00388823165404,-0.000390794822282,False,True,True,-0.00754606386358,-3.46107307636,True,False,True,-0.00375374505547,True,True,True,True,True,True,Supported,Supported,both_medians_improve_at_least_four_months_all_guards_pass,-0.00417724557345,-0.000555753603763,-0.000555753603763,0.0183747776247,0.0945499481936,0.123669830313,0.123669830313,3.02138637478,1.07108852294,-0.00603131082504,-0.00233799551683,-0.000832776698363,-0.000303996811509,6,model_metric,,,,,,,,
aggregate,later_pooled,later_pooled,,logistic_l2,DPS,Promise + seller profiles,full,raw,raw,none,,multiple_expanding_training_sets,0ea513409e8ee42b7b9d2d95a768e4f334e66a7d5bce5ad85dfcb1a36809a87c,composite_fitted_models,40270,3477,0.086342190216,0.303486839787,0.0799067240119,0.0887277083921,0.494149200158,1.35140441985,1.12740868565,0.112740868565,-2.10882062624,0.0890499420446,0.0294275936891,,72cfdc8f6be208328a97da86166024c4a11b6099541993e6da4d9e100c5d76d2,logistic_l2,DPS,40270,0.0799067240119,1.12740868565,DPS-DP0,DP0,DP0,full,6,True,-0.00415653020117,-0.00047411302235,6,True,-0.00388823165404,-0.000390794822282,False,True,True,-0.00754606386358,-3.46107307636,True,False,True,-0.00375374505547,True,True,True,True,True,True,Supported,Supported,both_medians_improve_at_least_four_months_all_guards_pass,-0.00417724557345,-0.000555753603763,-0.000555753603763,0.0183747776247,0.0945499481936,0.123669830313,0.123669830313,3.02138637478,1.07108852294,-0.00603131082504,-0.00233799551683,-0.000832776698363,-0.000303996811509,6,model_metric,,,,,,,,
aggregate,later_pooled,later_pooled,,random_forest,DP0,Direct promise baseline,full,calibrated,calibrated,platt,,multiple_expanding_training_sets,3a31c36d4fe81f673c1d54602d56d9c26d9d0dbf23c8edfd9052f20772bcc455,composite_fitted_models,40270,3477,0.086342190216,0.318859802965,0.0813044375123,0.088095848143,0.515534968188,0.954609079555,0.989358642508,0.0989358642508,1.47515578892,1.17823659624,0.0491682912854,,72cfdc8f6be208328a97da86166024c4a11b6099541993e6da4d9e100c5d76d2,random_forest,DP0,40270,0.0813044375123,0.989358642508,DP0_reference,,,,,,,,,,,,,,,,,,,,,,,,,,,Reference,Reference,,,,,,,,,,,,,,,6,model_metric,,,,,,,,
aggregate,later_pooled,later_pooled,,random_forest,DP0,Direct promise baseline,full,raw,raw,none,,multiple_expanding_training_sets,3a31c36d4fe81f673c1d54602d56d9c26d9d0dbf23c8edfd9052f20772bcc455,composite_fitted_models,40270,3477,0.086342190216,0.37105582956,0.0826634455781,0.0811396769864,0.484465031812,0.874099880074,0.822548173713,0.0822548173713,-2.37410497418,-0.0041813633198,0.0531192103581,,72cfdc8f6be208328a97da86166024c4a11b6099541993e6da4d9e100c5d76d2,random_forest,DP0,40270,0.0826634455781,0.822548173713,DP0_reference,,,,,,,,,,,,,,,,,,,,,,,,,,,Reference,Reference,,,,,,,,,,,,,,,6,model_metric,,,,,,,,
aggregate,later_pooled,later_pooled,,random_forest,DPB,Promise + both profile blocks,full,calibrated,calibrated,none,,multiple_expanding_training_sets,32c847b94a671322008fae617a2dc599fc8d605ec052fb87bda53c5557c09304,composite_fitted_models,40270,3477,0.086342190216,0.300663170305,0.078852735611,0.128788655292,0.611541150855,1.95522341596,1.94995685936,0.194995685936,-1.197023235,0.411367273669,0.0250898225694,,72cfdc8f6be208328a97da86166024c4a11b6099541993e6da4d9e100c5d76d2,random_forest,DPB,40270,0.078852735611,1.94995685936,DPB-DP0,DP0,DP0,full,6,True,-0.00761967829778,5.80000102071e-05,3,True,-0.00518208294536,0.000447151509348,False,True,True,0.00534103213212,-8.50749596363,False,True,True,-0.0562746959884,True,True,True,True,True,False,Not-supported,Not-supported,nonimproving_median_or_at_most_two_both_improved_months,-0.0181966326597,-0.0024517019013,-0.0024517019013,0.0406928071485,0.0960061826668,0.960598216854,0.960598216854,-2.67217902392,-0.766869322571,-0.0352377074578,-0.00139813419025,-0.00519978045255,0.000347509858714,6,model_metric,,,,,,,,
aggregate,later_pooled,later_pooled,,random_forest,DPB,Promise + both profile blocks,full,raw,raw,none,,multiple_expanding_training_sets,32c847b94a671322008fae617a2dc599fc8d605ec052fb87bda53c5557c09304,composite_fitted_models,40270,3477,0.086342190216,0.300663170305,0.078852735611,0.128788655292,0.611541150855,1.95522341596,1.94995685936,0.194995685936,-1.197023235,0.411367273669,0.0250898225694,,72cfdc8f6be208328a97da86166024c4a11b6099541993e6da4d9e100c5d76d2,random_forest,DPB,40270,0.078852735611,1.94995685936,DPB-DP0,DP0,DP0,full,6,True,-0.00761967829778,5.80000102071e-05,3,True,-0.00518208294536,0.000447151509348,False,True,True,0.00534103213212,-8.50749596363,False,True,True,-0.0562746959884,True,True,True,True,True,False,Not-supported,Not-supported,nonimproving_median_or_at_most_two_both_improved_months,-0.0181966326597,-0.0024517019013,-0.0024517019013,0.0406928071485,0.0960061826668,0.960598216854,0.960598216854,-2.67217902392,-0.766869322571,-0.0352377074578,-0.00139813419025,-0.00519978045255,0.000347509858714,6,model_metric,,,,,,,,
aggregate,later_pooled,later_pooled,,random_forest,DPG,Promise + geographic profiles,full,calibrated,calibrated,platt,,multiple_expanding_training_sets,b45c9e9b6f65bef79b549f86eb90263f835b89a1edf4c723b4f6ceb6a16daf08,composite_fitted_models,40270,3477,0.086342190216,0.304751374502,0.0799862367241,0.123315567493,0.573253878173,2.07023655807,1.94420477423,0.194420477423,0.501684463431,0.953329698119,0.0387568721342,,72cfdc8f6be208328a97da86166024c4a11b6099541993e6da4d9e100c5d76d2,random_forest,DPG,40270,0.0799862367241,1.94420477423,DPG-DP0,DP0,DP0,full,6,True,-0.0110668832408,-0.00105165332621,5,True,-0.0104286141287,-0.000999966712794,False,True,True,-0.00195513110765,-8.56486680715,True,False,True,-0.0551472055044,True,True,True,True,True,True,Supported,Supported,both_medians_improve_at_least_four_months_all_guards_pass,-0.0141084284625,-0.0013182007882,-0.0013182007882,0.0352197193502,0.0577189099842,0.954846131723,0.954846131723,-0.973471325485,-0.224906898122,-0.0216723427846,-0.00688106464371,-0.00202659518356,-0.000647916151355,6,model_metric,,,,,,,,
aggregate,later_pooled,later_pooled,,random_forest,DPG,Promise + geographic profiles,full,raw,raw,none,,multiple_expanding_training_sets,b45c9e9b6f65bef79b549f86eb90263f835b89a1edf4c723b4f6ceb6a16daf08,composite_fitted_models,40270,3477,0.086342190216,0.321075521606,0.0798344969526,0.123315567493,0.573253874264,2.07023655807,1.94420477423,0.194420477423,-1.6696261941,0.22211879774,0.0336289962638,,72cfdc8f6be208328a97da86166024c4a11b6099541993e6da4d9e100c5d76d2,random_forest,DPG,40270,0.0798344969526,1.94420477423,DPG-DP0,DP0,DP0,full,6,True,-0.0110668832408,-0.00105165332621,5,True,-0.0104286141287,-0.000999966712794,False,True,True,-0.00195513110765,-8.56486680715,True,False,True,-0.0551472055044,True,True,True,True,True,True,Supported,Supported,both_medians_improve_at_least_four_months_all_guards_pass,-0.0141084284625,-0.0013182007882,-0.0013182007882,0.0352197193502,0.0577189099842,0.954846131723,0.954846131723,-0.973471325485,-0.224906898122,-0.0216723427846,-0.00688106464371,-0.00202659518356,-0.000647916151355,6,model_metric,,,,,,,,
aggregate,later_pooled,later_pooled,,random_forest,DPS,Promise + seller profiles,full,calibrated,calibrated,none,,multiple_expanding_training_sets,8e91ff794c03da87a783ef4cdb2a9178602aadc1d016ce16af512c79d3c89edd,composite_fitted_models,40270,3477,0.086342190216,0.317942125374,0.081074806668,0.0862769237462,0.497147685392,0.98911302219,1.00373885534,0.100373885534,-2.38871936098,-0.00983431778504,0.0409546959146,,72cfdc8f6be208328a97da86166024c4a11b6099541993e6da4d9e100c5d76d2,random_forest,DPS,40270,0.081074806668,1.00373885534,DPS-DP0,DP0,DP0,full,6,True,0.00193643020825,0.000363597265665,2,True,0.00279488490392,0.00067073538573,True,False,True,0.00251409493846,-8.07063120161,True,False,True,-0.0428921492894,True,True,True,True,True,False,Not-supported,Not-supported,nonimproving_median_or_at_most_two_both_improved_months,-0.000917677591155,-0.000229630844316,-0.000229630844316,-0.00181892439675,-0.0183872827969,0.0143802128271,0.0143802128271,-3.8638751499,-1.18807091403,-0.007096546737,0.00510702588493,-0.00118318069469,0.000679530507824,6,model_metric,,,,,,,,
aggregate,later_pooled,later_pooled,,random_forest,DPS,Promise + seller profiles,full,raw,raw,none,,multiple_expanding_training_sets,8e91ff794c03da87a783ef4cdb2a9178602aadc1d016ce16af512c79d3c89edd,composite_fitted_models,40270,3477,0.086342190216,0.317942125374,0.081074806668,0.0862769237462,0.497147685392,0.98911302219,1.00373885534,0.100373885534,-2.38871936098,-0.00983431778504,0.0409546959146,,72cfdc8f6be208328a97da86166024c4a11b6099541993e6da4d9e100c5d76d2,random_forest,DPS,40270,0.081074806668,1.00373885534,DPS-DP0,DP0,DP0,full,6,True,0.00193643020825,0.000363597265665,2,True,0.00279488490392,0.00067073538573,True,False,True,0.00251409493846,-8.07063120161,True,False,True,-0.0428921492894,True,True,True,True,True,False,Not-supported,Not-supported,nonimproving_median_or_at_most_two_both_improved_months,-0.000917677591155,-0.000229630844316,-0.000229630844316,-0.00181892439675,-0.0183872827969,0.0143802128271,0.0143802128271,-3.8638751499,-1.18807091403,-0.007096546737,0.00510702588493,-0.00118318069469,0.000679530507824,6,model_metric,,,,,,,,
aggregate,later_pooled,later_pooled,,xgboost,DP0,Direct promise baseline,full,calibrated,calibrated,none,,multiple_expanding_training_sets,1551d46f8013fa51d59d2a3700a7271e8a7f547edb28048a2a130c335b83da0c,composite_fitted_models,40270,3477,0.086342190216,0.307071703871,0.0804143077507,0.0768114593005,0.432285542555,1.02936762193,0.865688812194,0.0865688812194,-6.88084934068,-1.60610685788,0.0513784208897,,72cfdc8f6be208328a97da86166024c4a11b6099541993e6da4d9e100c5d76d2,xgboost,DP0,40270,0.0804143077507,0.865688812194,DP0_reference,,,,,,,,,,,,,,,,,,,,,,,,,,,Reference,Reference,,,,,,,,,,,,,,,6,model_metric,,,,,,,,
aggregate,later_pooled,later_pooled,,xgboost,DP0,Direct promise baseline,full,raw,raw,none,,multiple_expanding_training_sets,1551d46f8013fa51d59d2a3700a7271e8a7f547edb28048a2a130c335b83da0c,composite_fitted_models,40270,3477,0.086342190216,0.307071703871,0.0804143077507,0.0768114593005,0.432285542555,1.02936762193,0.865688812194,0.0865688812194,-6.88084934068,-1.60610685788,0.0513784208897,,72cfdc8f6be208328a97da86166024c4a11b6099541993e6da4d9e100c5d76d2,xgboost,DP0,40270,0.0804143077507,0.865688812194,DP0_reference,,,,,,,,,,,,,,,,,,,,,,,,,,,Reference,Reference,,,,,,,,,,,,,,,6,model_metric,,,,,,,,
aggregate,later_pooled,later_pooled,,xgboost,DPB,Promise + both profile blocks,full,calibrated,calibrated,none,,multiple_expanding_training_sets,1d75b230f0d829aa3a60afc915ee561f2fcceba15ba578d35551191292494b44,composite_fitted_models,40270,3477,0.086342190216,0.304429684579,0.0801212373071,0.0853812412645,0.458842105717,1.41466164802,0.949094046592,0.0949094046592,-4.5582789391,-0.793010599891,0.0556371044691,,72cfdc8f6be208328a97da86166024c4a11b6099541993e6da4d9e100c5d76d2,xgboost,DPB,40270,0.0801212373071,0.949094046592,DPB-DP0,DP0,DP0,full,6,True,-0.00229967244447,-0.000293696109202,5,True,-0.0021127497292,-0.000266410356161,False,True,True,0.00431574578376,2.43431455748,False,True,True,-0.00345421615059,True,True,True,True,True,False,Mixed,Mixed,required_guard_unavailable_or_failed,-0.00264201929194,-0.000293070443649,-0.000293070443649,0.008569781964,0.0265565631619,0.0834052343975,0.0834052343975,2.32257040157,0.81309625799,-0.00409883273241,-0.00136321460318,-0.000462650853345,-0.000151374321176,6,model_metric,,,,,,,,
aggregate,later_pooled,later_pooled,,xgboost,DPB,Promise + both profile blocks,full,raw,raw,none,,multiple_expanding_training_sets,1d75b230f0d829aa3a60afc915ee561f2fcceba15ba578d35551191292494b44,composite_fitted_models,40270,3477,0.086342190216,0.304429684579,0.0801212373071,0.0853812412645,0.458842105717,1.41466164802,0.949094046592,0.0949094046592,-4.5582789391,-0.793010599891,0.0556371044691,,72cfdc8f6be208328a97da86166024c4a11b6099541993e6da4d9e100c5d76d2,xgboost,DPB,40270,0.0801212373071,0.949094046592,DPB-DP0,DP0,DP0,full,6,True,-0.00229967244447,-0.000293696109202,5,True,-0.0021127497292,-0.000266410356161,False,True,True,0.00431574578376,2.43431455748,False,True,True,-0.00345421615059,True,True,True,True,True,False,Mixed,Mixed,required_guard_unavailable_or_failed,-0.00264201929194,-0.000293070443649,-0.000293070443649,0.008569781964,0.0265565631619,0.0834052343975,0.0834052343975,2.32257040157,0.81309625799,-0.00409883273241,-0.00136321460318,-0.000462650853345,-0.000151374321176,6,model_metric,,,,,,,,
aggregate,later_pooled,later_pooled,,xgboost,DPG,Promise + geographic profiles,full,calibrated,calibrated,none,,multiple_expanding_training_sets,5ce52ead9ab04983efd74f8ba66512b8fdef2d522452ab511fe12739c559cce7,composite_fitted_models,40270,3477,0.086342190216,0.304988122182,0.0801793172495,0.084987215555,0.453608475077,1.34565376275,1.07563991947,0.107563991947,-4.72703849088,-0.849217409352,0.0574403522764,,72cfdc8f6be208328a97da86166024c4a11b6099541993e6da4d9e100c5d76d2,xgboost,DPG,40270,0.0801793172495,1.07563991947,DPG-DP0,DP0,DP0,full,6,True,-0.00197620878246,-0.00026123594082,5,True,-0.00209210496204,-0.000278590971538,False,True,True,0.00361843907148,0.978250023739,False,True,True,-0.00240607535493,False,False,True,True,True,False,Mixed,Mixed,required_guard_unavailable_or_failed,-0.00208358168925,-0.000234990501204,-0.000234990501204,0.00817575625456,0.0213229325228,0.209951107276,0.209951107276,2.15381084979,0.75688944853,-0.00301524581808,-0.00128256206664,-0.000341513491146,-0.000134419986147,6,model_metric,,,,,,,,
aggregate,later_pooled,later_pooled,,xgboost,DPG,Promise + geographic profiles,full,raw,raw,none,,multiple_expanding_training_sets,5ce52ead9ab04983efd74f8ba66512b8fdef2d522452ab511fe12739c559cce7,composite_fitted_models,40270,3477,0.086342190216,0.304988122182,0.0801793172495,0.084987215555,0.453608475077,1.34565376275,1.07563991947,0.107563991947,-4.72703849088,-0.849217409352,0.0574403522764,,72cfdc8f6be208328a97da86166024c4a11b6099541993e6da4d9e100c5d76d2,xgboost,DPG,40270,0.0801793172495,1.07563991947,DPG-DP0,DP0,DP0,full,6,True,-0.00197620878246,-0.00026123594082,5,True,-0.00209210496204,-0.000278590971538,False,True,True,0.00361843907148,0.978250023739,False,True,True,-0.00240607535493,False,False,True,True,True,False,Mixed,Mixed,required_guard_unavailable_or_failed,-0.00208358168925,-0.000234990501204,-0.000234990501204,0.00817575625456,0.0213229325228,0.209951107276,0.209951107276,2.15381084979,0.75688944853,-0.00301524581808,-0.00128256206664,-0.000341513491146,-0.000134419986147,6,model_metric,,,,,,,,
aggregate,later_pooled,later_pooled,,xgboost,DPS,Promise + seller profiles,full,calibrated,calibrated,none,,multiple_expanding_training_sets,dff34e173d81f155fba985cacc0d6b5d712930afd91036e0f51d2d000e39cb1f,composite_fitted_models,40270,3477,0.086342190216,0.30682243679,0.0803892473253,0.0711296009739,0.420476887614,0.770588052171,0.675870002876,0.0675870002876,-6.82124472026,-1.58735578384,0.0503459161882,,72cfdc8f6be208328a97da86166024c4a11b6099541993e6da4d9e100c5d76d2,xgboost,DPS,40270,0.0803892473253,0.675870002876,DPS-DP0,DP0,DP0,full,6,True,-0.000144657998041,-1.96016143433e-05,5,True,-9.00338311444e-05,-1.56794437653e-05,False,True,True,-0.000743503690553,-2.55850693217,True,False,True,-0.000359882171151,True,False,True,True,True,True,Supported,Supported,both_medians_improve_at_least_four_months_all_guards_pass,-0.000249267081702,-2.50604254213e-05,-2.50604254213e-05,-0.0056818583266,-0.011808654941,-0.189818809318,-0.189818809318,0.0596046204128,0.0187510740453,-0.0005944880424,5.34926038726e-05,-6.40502803776e-05,8.66950236262e-06,6,model_metric,,,,,,,,
aggregate,later_pooled,later_pooled,,xgboost,DPS,Promise + seller profiles,full,raw,raw,none,,multiple_expanding_training_sets,dff34e173d81f155fba985cacc0d6b5d712930afd91036e0f51d2d000e39cb1f,composite_fitted_models,40270,3477,0.086342190216,0.30682243679,0.0803892473253,0.0711296009739,0.420476887614,0.770588052171,0.675870002876,0.0675870002876,-6.82124472026,-1.58735578384,0.0503459161882,,72cfdc8f6be208328a97da86166024c4a11b6099541993e6da4d9e100c5d76d2,xgboost,DPS,40270,0.0803892473253,0.675870002876,DPS-DP0,DP0,DP0,full,6,True,-0.000144657998041,-1.96016143433e-05,5,True,-9.00338311444e-05,-1.56794437653e-05,False,True,True,-0.000743503690553,-2.55850693217,True,False,True,-0.000359882171151,True,False,True,True,True,True,Supported,Supported,both_medians_improve_at_least_four_months_all_guards_pass,-0.000249267081702,-2.50604254213e-05,-2.50604254213e-05,-0.0056818583266,-0.011808654941,-0.189818809318,-0.189818809318,0.0596046204128,0.0187510740453,-0.0005944880424,5.34926038726e-05,-6.40502803776e-05,8.66950236262e-06,6,model_metric,,,,,,,,
later,2018-01,2018-01,2018-01-01,logistic_l2,DP0,Direct promise baseline,full,calibrated,calibrated,none,35981,96cab33fe9aa2c645b95d864cd8ad73f21f028817e839c487b423b134b3104f9,46675fb422177ee9b1dd69df4d376e1fe67a3a99808c8cc426182a494de07334,sha256_pickle_protocol_5_fitted_wrapper,7069,403,0.0570094780025,0.223246686157,0.054136770414,0.0508291207197,0.475224073276,0.594608234849,0.645070036958,0.0645161290323,-3.51670146207,-0.224002812737,0.0239037354081,,ee393306bea41ea6bceb8fcfabd7cbb43b7db39a083d42187f0a69ab3a3539a6,logistic_l2,DP0,7069,0.054136770414,0.645070036958,DP0_reference,,,,,,,,,,,,,,,,,,,,,,,,,,,Reference,Reference,,,,,,,,,,,,,,,,model_metric,,,,,,,,
later,2018-01,2018-01,2018-01-01,logistic_l2,DP0,Direct promise baseline,full,raw,raw,none,35981,96cab33fe9aa2c645b95d864cd8ad73f21f028817e839c487b423b134b3104f9,46675fb422177ee9b1dd69df4d376e1fe67a3a99808c8cc426182a494de07334,sha256_pickle_protocol_5_fitted_wrapper,7069,403,0.0570094780025,0.223246686157,0.054136770414,0.0508291207197,0.475224073276,0.594608234849,0.645070036958,0.0645161290323,-3.51670146207,-0.224002812737,0.0239037354081,,ee393306bea41ea6bceb8fcfabd7cbb43b7db39a083d42187f0a69ab3a3539a6,logistic_l2,DP0,7069,0.054136770414,0.645070036958,DP0_reference,,,,,,,,,,,,,,,,,,,,,,,,,,,Reference,Reference,,,,,,,,,,,,,,,,model_metric,,,,,,,,
later,2018-01,2018-01,2018-01-01,logistic_l2,DPB,Promise + both profile blocks,full,calibrated,calibrated,none,35981,96cab33fe9aa2c645b95d864cd8ad73f21f028817e839c487b423b134b3104f9,57943f75a2d0f9777a4efa05946db9096d4f33b3b726106f0f1aee51573a8f05,sha256_pickle_protocol_5_fitted_wrapper,7069,403,0.0570094780025,0.20632080035,0.0521303101206,0.128738075356,0.688136307427,3.27034529167,2.50584898972,0.250620347395,-0.0911194650264,0.933844777076,0.00978790682322,,ee393306bea41ea6bceb8fcfabd7cbb43b7db39a083d42187f0a69ab3a3539a6,logistic_l2,DPB,7069,0.0521303101206,2.50584898972,DPB-DP0,DP0,DP0,full,6,True,-0.0188355042404,-0.00146902299902,5,True,-0.0178964373712,-0.00140057680524,False,True,True,-0.0166763314017,-3.63404763384,True,False,True,-0.0194931043395,True,False,True,True,True,True,Supported,Supported,both_medians_improve_at_least_four_months_all_guards_pass,-0.0169258858061,-0.00200646029347,-0.00200646029347,0.0779089546368,0.212912234151,1.86077895276,1.86077895276,3.42558199704,1.15784758981,-0.0296407761423,-0.00526181579418,-0.00373634058418,-0.000458363922129,,model_metric,,,,,,,,
later,2018-01,2018-01,2018-01-01,logistic_l2,DPB,Promise + both profile blocks,full,raw,raw,none,35981,96cab33fe9aa2c645b95d864cd8ad73f21f028817e839c487b423b134b3104f9,57943f75a2d0f9777a4efa05946db9096d4f33b3b726106f0f1aee51573a8f05,sha256_pickle_protocol_5_fitted_wrapper,7069,403,0.0570094780025,0.20632080035,0.0521303101206,0.128738075356,0.688136307427,3.27034529167,2.50584898972,0.250620347395,-0.0911194650264,0.933844777076,0.00978790682322,,ee393306bea41ea6bceb8fcfabd7cbb43b7db39a083d42187f0a69ab3a3539a6,logistic_l2,DPB,7069,0.0521303101206,2.50584898972,DPB-DP0,DP0,DP0,full,6,True,-0.0188355042404,-0.00146902299902,5,True,-0.0178964373712,-0.00140057680524,False,True,True,-0.0166763314017,-3.63404763384,True,False,True,-0.0194931043395,True,False,True,True,True,True,Supported,Supported,both_medians_improve_at_least_four_months_all_guards_pass,-0.0169258858061,-0.00200646029347,-0.00200646029347,0.0779089546368,0.212912234151,1.86077895276,1.86077895276,3.42558199704,1.15784758981,-0.0296407761423,-0.00526181579418,-0.00373634058418,-0.000458363922129,,model_metric,,,,,,,,
later,2018-01,2018-01,2018-01-01,logistic_l2,DPG,Promise + geographic profiles,full,calibrated,calibrated,none,35981,96cab33fe9aa2c645b95d864cd8ad73f21f028817e839c487b423b134b3104f9,d44e1bb6074f7752424e2bf7de4a58936812aed0c1dd7dd20f4361b85d4b3947,sha256_pickle_protocol_5_fitted_wrapper,7069,403,0.0570094780025,0.209479847574,0.0524913905767,0.115881125147,0.670407363317,3.07214254672,2.80357362216,0.280397022333,-0.0743962367278,0.925497119727,0.00935348856106,,ee393306bea41ea6bceb8fcfabd7cbb43b7db39a083d42187f0a69ab3a3539a6,logistic_l2,DPG,7069,0.0524913905767,2.80357362216,DPG-DP0,DP0,DP0,full,6,True,-0.0126256584508,-0.000678203167734,3,True,-0.0125311675792,-0.000651481391294,False,True,True,-0.0113356271504,-3.47809936608,True,False,True,-0.0132700613425,True,False,True,True,True,True,Mixed,Mixed,exactly_three_both_improved_months,-0.0137668385824,-0.00164537983728,-0.00164537983728,0.0650520044274,0.195183290041,2.1585035852,2.1585035852,3.44230522534,1.14949993246,-0.025098535661,-0.00389436859597,-0.00304178463459,-0.000477219520717,,model_metric,,,,,,,,
later,2018-01,2018-01,2018-01-01,logistic_l2,DPG,Promise + geographic profiles,full,raw,raw,none,35981,96cab33fe9aa2c645b95d864cd8ad73f21f028817e839c487b423b134b3104f9,d44e1bb6074f7752424e2bf7de4a58936812aed0c1dd7dd20f4361b85d4b3947,sha256_pickle_protocol_5_fitted_wrapper,7069,403,0.0570094780025,0.209479847574,0.0524913905767,0.115881125147,0.670407363317,3.07214254672,2.80357362216,0.280397022333,-0.0743962367278,0.925497119727,0.00935348856106,,ee393306bea41ea6bceb8fcfabd7cbb43b7db39a083d42187f0a69ab3a3539a6,logistic_l2,DPG,7069,0.0524913905767,2.80357362216,DPG-DP0,DP0,DP0,full,6,True,-0.0126256584508,-0.000678203167734,3,True,-0.0125311675792,-0.000651481391294,False,True,True,-0.0113356271504,-3.47809936608,True,False,True,-0.0132700613425,True,False,True,True,True,True,Mixed,Mixed,exactly_three_both_improved_months,-0.0137668385824,-0.00164537983728,-0.00164537983728,0.0650520044274,0.195183290041,2.1585035852,2.1585035852,3.44230522534,1.14949993246,-0.025098535661,-0.00389436859597,-0.00304178463459,-0.000477219520717,,model_metric,,,,,,,,
later,2018-01,2018-01,2018-01-01,logistic_l2,DPS,Promise + seller profiles,full,calibrated,calibrated,none,35981,96cab33fe9aa2c645b95d864cd8ad73f21f028817e839c487b423b134b3104f9,79caf4f9a33a95b860427a8fede3db8a80fb3b9a6210fa8fcf2b17a79d859d02,sha256_pickle_protocol_5_fitted_wrapper,7069,403,0.0570094780025,0.221389962696,0.0539073402211,0.0708330132595,0.528800274568,1.78382470455,1.43900239014,0.143920595533,-1.5472264393,0.402267019005,0.013950909185,,ee393306bea41ea6bceb8fcfabd7cbb43b7db39a083d42187f0a69ab3a3539a6,logistic_l2,DPS,7069,0.0539073402211,1.43900239014,DPS-DP0,DP0,DP0,full,6,True,-0.00415653020117,-0.00047411302235,6,True,-0.00388823165404,-0.000390794822282,False,True,True,-0.00754606386358,-3.46107307636,True,False,True,-0.00375374505547,True,True,True,True,True,True,Supported,Supported,both_medians_improve_at_least_four_months_all_guards_pass,-0.00185672346073,-0.000229430192901,-0.000229430192901,0.0200038925398,0.0535762012926,0.793932353179,0.793932353179,1.96947502276,0.626269831741,-0.00346745322287,6.29565578784e-05,-0.000441701157578,-7.6291170335e-06,,model_metric,,,,,,,,
later,2018-01,2018-01,2018-01-01,logistic_l2,DPS,Promise + seller profiles,full,raw,raw,none,35981,96cab33fe9aa2c645b95d864cd8ad73f21f028817e839c487b423b134b3104f9,79caf4f9a33a95b860427a8fede3db8a80fb3b9a6210fa8fcf2b17a79d859d02,sha256_pickle_protocol_5_fitted_wrapper,7069,403,0.0570094780025,0.221389962696,0.0539073402211,0.0708330132595,0.528800274568,1.78382470455,1.43900239014,0.143920595533,-1.5472264393,0.402267019005,0.013950909185,,ee393306bea41ea6bceb8fcfabd7cbb43b7db39a083d42187f0a69ab3a3539a6,logistic_l2,DPS,7069,0.0539073402211,1.43900239014,DPS-DP0,DP0,DP0,full,6,True,-0.00415653020117,-0.00047411302235,6,True,-0.00388823165404,-0.000390794822282,False,True,True,-0.00754606386358,-3.46107307636,True,False,True,-0.00375374505547,True,True,True,True,True,True,Supported,Supported,both_medians_improve_at_least_four_months_all_guards_pass,-0.00185672346073,-0.000229430192901,-0.000229430192901,0.0200038925398,0.0535762012926,0.793932353179,0.793932353179,1.96947502276,0.626269831741,-0.00346745322287,6.29565578784e-05,-0.000441701157578,-7.6291170335e-06,,model_metric,,,,,,,,
later,2018-01,2018-01,2018-01-01,random_forest,DP0,Direct promise baseline,full,calibrated,calibrated,platt,35981,96cab33fe9aa2c645b95d864cd8ad73f21f028817e839c487b423b134b3104f9,3214b6f8a11296352dd2c3c70595bcce247d37bf5b166d5e8c039034b639dea6,sha256_pickle_protocol_5_fitted_wrapper,7069,403,0.0570094780025,0.223342269,0.054148192427,0.0606013979335,0.524516657621,1.13966578346,1.09165698562,0.109181141439,16.3642100633,5.89477774642,0.019761897665,,ee393306bea41ea6bceb8fcfabd7cbb43b7db39a083d42187f0a69ab3a3539a6,random_forest,DP0,7069,0.054148192427,1.09165698562,DP0_reference,,,,,,,,,,,,,,,,,,,,,,,,,,,Reference,Reference,,,,,,,,,,,,,,,,model_metric,,,,,,,,
later,2018-01,2018-01,2018-01-01,random_forest,DP0,Direct promise baseline,full,raw,raw,none,35981,96cab33fe9aa2c645b95d864cd8ad73f21f028817e839c487b423b134b3104f9,3214b6f8a11296352dd2c3c70595bcce247d37bf5b166d5e8c039034b639dea6,sha256_pickle_protocol_5_fitted_wrapper,7069,403,0.0570094780025,0.287275366626,0.0559988604662,0.0527876573272,0.475483342379,0.792810979798,0.769121967142,0.0769230769231,-2.89383773362,-0.0209195738156,0.0387363232762,,ee393306bea41ea6bceb8fcfabd7cbb43b7db39a083d42187f0a69ab3a3539a6,random_forest,DP0,7069,0.0559988604662,0.769121967142,DP0_reference,,,,,,,,,,,,,,,,,,,,,,,,,,,Reference,Reference,,,,,,,,,,,,,,,,model_metric,,,,,,,,
later,2018-01,2018-01,2018-01-01,random_forest,DPB,Promise + both profile blocks,full,calibrated,calibrated,none,35981,96cab33fe9aa2c645b95d864cd8ad73f21f028817e839c487b423b134b3104f9,3fbd30309f2b094da55dc5f61072afd013c4acc294f71aed3e7c83ec7d401639,sha256_pickle_protocol_5_fitted_wrapper,7069,403,0.0570094780025,0.214358300285,0.0529812820375,0.105514821125,0.664130743099,2.67573705682,2.1585035852,0.2158808933,-0.808185677419,0.613622309204,0.0150293102694,,ee393306bea41ea6bceb8fcfabd7cbb43b7db39a083d42187f0a69ab3a3539a6,random_forest,DPB,7069,0.0529812820375,2.1585035852,DPB-DP0,DP0,DP0,full,6,True,-0.00761967829778,5.80000102071e-05,3,True,-0.00518208294536,0.000447151509348,False,True,True,0.00534103213212,-8.50749596363,False,True,True,-0.0562746959884,True,True,True,True,True,False,Not-supported,Not-supported,nonimproving_median_or_at_most_two_both_improved_months,-0.00898396871505,-0.0011669103895,-0.0011669103895,0.0449134231917,0.139614085478,1.06684659958,1.06684659958,-17.1723957407,-5.28115543722,-0.0182970430445,-0.00132731952386,-0.00251902662903,-7.02397136072e-05,,model_metric,,,,,,,,
later,2018-01,2018-01,2018-01-01,random_forest,DPB,Promise + both profile blocks,full,raw,raw,none,35981,96cab33fe9aa2c645b95d864cd8ad73f21f028817e839c487b423b134b3104f9,3fbd30309f2b094da55dc5f61072afd013c4acc294f71aed3e7c83ec7d401639,sha256_pickle_protocol_5_fitted_wrapper,7069,403,0.0570094780025,0.214358300285,0.0529812820375,0.105514821125,0.664130743099,2.67573705682,2.1585035852,0.2158808933,-0.808185677419,0.613622309204,0.0150293102694,,ee393306bea41ea6bceb8fcfabd7cbb43b7db39a083d42187f0a69ab3a3539a6,random_forest,DPB,7069,0.0529812820375,2.1585035852,DPB-DP0,DP0,DP0,full,6,True,-0.00761967829778,5.80000102071e-05,3,True,-0.00518208294536,0.000447151509348,False,True,True,0.00534103213212,-8.50749596363,False,True,True,-0.0562746959884,True,True,True,True,True,False,Not-supported,Not-supported,nonimproving_median_or_at_most_two_both_improved_months,-0.00898396871505,-0.0011669103895,-0.0011669103895,0.0449134231917,0.139614085478,1.06684659958,1.06684659958,-17.1723957407,-5.28115543722,-0.0182970430445,-0.00132731952386,-0.00251902662903,-7.02397136072e-05,,model_metric,,,,,,,,
later,2018-01,2018-01,2018-01-01,random_forest,DPG,Promise + geographic profiles,full,calibrated,calibrated,platt,35981,96cab33fe9aa2c645b95d864cd8ad73f21f028817e839c487b423b134b3104f9,f8924da325a349434e52c98876cbd6c67bfb9c31fb23cc9c153cf447342baf84,sha256_pickle_protocol_5_fitted_wrapper,7069,403,0.0570094780025,0.215781288358,0.0535005432163,0.0975115995172,0.652035364827,2.27933156692,2.23293474331,0.223325062035,2.19369942301,1.5877733945,0.0181882279456,,ee393306bea41ea6bceb8fcfabd7cbb43b7db39a083d42187f0a69ab3a3539a6,random_forest,DPG,7069,0.0535005432163,2.23293474331,DPG-DP0,DP0,DP0,full,6,True,-0.0110668832408,-0.00105165332621,5,True,-0.0104286141287,-0.000999966712794,False,True,True,-0.00195513110765,-8.56486680715,True,False,True,-0.0551472055044,True,True,True,True,True,True,Supported,Supported,both_medians_improve_at_least_four_months_all_guards_pass,-0.00756098064244,-0.000647649210699,-0.000647649210699,0.0369102015837,0.127518707206,1.14127775769,1.14127775769,-14.1705106403,-4.30700435192,-0.0127349177013,-0.00287219485431,-0.00112003668391,-0.00022883707242,,model_metric,,,,,,,,
later,2018-01,2018-01,2018-01-01,random_forest,DPG,Promise + geographic profiles,full,raw,raw,none,35981,96cab33fe9aa2c645b95d864cd8ad73f21f028817e839c487b423b134b3104f9,f8924da325a349434e52c98876cbd6c67bfb9c31fb23cc9c153cf447342baf84,sha256_pickle_protocol_5_fitted_wrapper,7069,403,0.0570094780025,0.23001205869,0.0535330784214,0.0975115995172,0.652035364827,2.27933156692,2.23293474331,0.223325062035,-1.42262481406,0.369939505887,0.0214792776172,,ee393306bea41ea6bceb8fcfabd7cbb43b7db39a083d42187f0a69ab3a3539a6,random_forest,DPG,7069,0.0535330784214,2.23293474331,DPG-DP0,DP0,DP0,full,6,True,-0.0110668832408,-0.00105165332621,5,True,-0.0104286141287,-0.000999966712794,False,True,True,-0.00195513110765,-8.56486680715,True,False,True,-0.0551472055044,True,True,True,True,True,True,Supported,Supported,both_medians_improve_at_least_four_months_all_guards_pass,-0.00756098064244,-0.000647649210699,-0.000647649210699,0.0369102015837,0.127518707206,1.14127775769,1.14127775769,-14.1705106403,-4.30700435192,-0.0127349177013,-0.00287219485431,-0.00112003668391,-0.00022883707242,,model_metric,,,,,,,,
later,2018-01,2018-01,2018-01-01,random_forest,DPS,Promise + seller profiles,full,calibrated,calibrated,none,35981,96cab33fe9aa2c645b95d864cd8ad73f21f028817e839c487b423b134b3104f9,f9d7581aa7428519520404b0181cc80af76c4e2894265ce33422b2469c784ef1,sha256_pickle_protocol_5_fitted_wrapper,7069,403,0.0570094780025,0.226642238971,0.0542959823522,0.0645013263821,0.533645424096,0.991013724748,0.967605055436,0.0967741935484,-2.13933571985,0.204426667846,0.0236217740029,,ee393306bea41ea6bceb8fcfabd7cbb43b7db39a083d42187f0a69ab3a3539a6,random_forest,DPS,7069,0.0542959823522,0.967605055436,DPS-DP0,DP0,DP0,full,6,True,0.00193643020825,0.000363597265665,2,True,0.00279488490392,0.00067073538573,True,False,True,0.00251409493846,-8.07063120161,True,False,True,-0.0428921492894,True,True,True,True,True,False,Not-supported,Not-supported,nonimproving_median_or_at_most_two_both_improved_months,0.00329996997116,0.000147789925279,0.000147789925279,0.00389992844867,0.00912876647466,-0.124051930184,-0.124051930184,-18.5035457831,-5.69035107857,0.00198200657076,0.0044505768497,-5.42753823203e-05,0.000310670877113,,model_metric,,,,,,,,
later,2018-01,2018-01,2018-01-01,random_forest,DPS,Promise + seller profiles,full,raw,raw,none,35981,96cab33fe9aa2c645b95d864cd8ad73f21f028817e839c487b423b134b3104f9,f9d7581aa7428519520404b0181cc80af76c4e2894265ce33422b2469c784ef1,sha256_pickle_protocol_5_fitted_wrapper,7069,403,0.0570094780025,0.226642238971,0.0542959823522,0.0645013263821,0.533645424096,0.991013724748,0.967605055436,0.0967741935484,-2.13933571985,0.204426667846,0.0236217740029,,ee393306bea41ea6bceb8fcfabd7cbb43b7db39a083d42187f0a69ab3a3539a6,random_forest,DPS,7069,0.0542959823522,0.967605055436,DPS-DP0,DP0,DP0,full,6,True,0.00193643020825,0.000363597265665,2,True,0.00279488490392,0.00067073538573,True,False,True,0.00251409493846,-8.07063120161,True,False,True,-0.0428921492894,True,True,True,True,True,False,Not-supported,Not-supported,nonimproving_median_or_at_most_two_both_improved_months,0.00329996997116,0.000147789925279,0.000147789925279,0.00389992844867,0.00912876647466,-0.124051930184,-0.124051930184,-18.5035457831,-5.69035107857,0.00198200657076,0.0044505768497,-5.42753823203e-05,0.000310670877113,,model_metric,,,,,,,,
later,2018-01,2018-01,2018-01-01,xgboost,DP0,Direct promise baseline,full,calibrated,calibrated,none,35981,96cab33fe9aa2c645b95d864cd8ad73f21f028817e839c487b423b134b3104f9,bd2590b6d8f4b87eb5104ed856babb8a2983cfde7a82547f93bd4f7a059f1ab1,sha256_pickle_protocol_5_fitted_wrapper,7069,403,0.0570094780025,0.220713443132,0.0539458226024,0.0579271016991,0.493400828917,1.33786852841,1.19089852977,0.119106699752,-5.67757799446,-0.92896485249,0.0167570765095,,ee393306bea41ea6bceb8fcfabd7cbb43b7db39a083d42187f0a69ab3a3539a6,xgboost,DP0,7069,0.0539458226024,1.19089852977,DP0_reference,,,,,,,,,,,,,,,,,,,,,,,,,,,Reference,Reference,,,,,,,,,,,,,,,,model_metric,,,,,,,,
later,2018-01,2018-01,2018-01-01,xgboost,DP0,Direct promise baseline,full,raw,raw,none,35981,96cab33fe9aa2c645b95d864cd8ad73f21f028817e839c487b423b134b3104f9,bd2590b6d8f4b87eb5104ed856babb8a2983cfde7a82547f93bd4f7a059f1ab1,sha256_pickle_protocol_5_fitted_wrapper,7069,403,0.0570094780025,0.220713443132,0.0539458226024,0.0579271016991,0.493400828917,1.33786852841,1.19089852977,0.119106699752,-5.67757799446,-0.92896485249,0.0167570765095,,ee393306bea41ea6bceb8fcfabd7cbb43b7db39a083d42187f0a69ab3a3539a6,xgboost,DP0,7069,0.0539458226024,1.19089852977,DP0_reference,,,,,,,,,,,,,,,,,,,,,,,,,,,Reference,Reference,,,,,,,,,,,,,,,,model_metric,,,,,,,,
later,2018-01,2018-01,2018-01-01,xgboost,DPB,Promise + both profile blocks,full,calibrated,calibrated,none,35981,96cab33fe9aa2c645b95d864cd8ad73f21f028817e839c487b423b134b3104f9,86a7f8d92ace33260a342f47ed7afdd68157dc28f60ecaec98f3704f9f5111e6,sha256_pickle_protocol_5_fitted_wrapper,7069,403,0.0570094780025,0.218902384478,0.0537913581582,0.0923863549809,0.657978452932,1.88292607702,1.8855893388,0.18858560794,8.7723210517,3.78412242688,0.0249893733385,,ee393306bea41ea6bceb8fcfabd7cbb43b7db39a083d42187f0a69ab3a3539a6,xgboost,DPB,7069,0.0537913581582,1.8855893388,DPB-DP0,DP0,DP0,full,6,True,-0.00229967244447,-0.000293696109202,5,True,-0.0021127497292,-0.000266410356161,False,True,True,0.00431574578376,2.43431455748,False,True,True,-0.00345421615059,True,True,True,True,True,False,Mixed,Mixed,required_guard_unavailable_or_failed,-0.00181105865422,-0.00015446444412,-0.00015446444412,0.0344592532819,0.164577624016,0.694690809031,0.694690809031,14.4498990462,4.71308727937,-0.00287548055639,-0.000851730389971,-0.000248287154102,-7.06340024076e-05,,model_metric,,,,,,,,
later,2018-01,2018-01,2018-01-01,xgboost,DPB,Promise + both profile blocks,full,raw,raw,none,35981,96cab33fe9aa2c645b95d864cd8ad73f21f028817e839c487b423b134b3104f9,86a7f8d92ace33260a342f47ed7afdd68157dc28f60ecaec98f3704f9f5111e6,sha256_pickle_protocol_5_fitted_wrapper,7069,403,0.0570094780025,0.218902384478,0.0537913581582,0.0923863549809,0.657978452932,1.88292607702,1.8855893388,0.18858560794,8.7723210517,3.78412242688,0.0249893733385,,ee393306bea41ea6bceb8fcfabd7cbb43b7db39a083d42187f0a69ab3a3539a6,xgboost,DPB,7069,0.0537913581582,1.8855893388,DPB-DP0,DP0,DP0,full,6,True,-0.00229967244447,-0.000293696109202,5,True,-0.0021127497292,-0.000266410356161,False,True,True,0.00431574578376,2.43431455748,False,True,True,-0.00345421615059,True,True,True,True,True,False,Mixed,Mixed,required_guard_unavailable_or_failed,-0.00181105865422,-0.00015446444412,-0.00015446444412,0.0344592532819,0.164577624016,0.694690809031,0.694690809031,14.4498990462,4.71308727937,-0.00287548055639,-0.000851730389971,-0.000248287154102,-7.06340024076e-05,,model_metric,,,,,,,,
later,2018-01,2018-01,2018-01-01,xgboost,DPG,Promise + geographic profiles,full,calibrated,calibrated,none,35981,96cab33fe9aa2c645b95d864cd8ad73f21f028817e839c487b423b134b3104f9,f0ffe4452ab348b733184f5d749e4c4ec655940e204c9fbc3d9df0bd121bc1e9,sha256_pickle_protocol_5_fitted_wrapper,7069,403,0.0570094780025,0.219296082978,0.0538293462464,0.100432641509,0.659222497932,2.57663568434,2.40660744557,0.240694789082,8.12198126916,3.54877779433,0.0242568121817,,ee393306bea41ea6bceb8fcfabd7cbb43b7db39a083d42187f0a69ab3a3539a6,xgboost,DPG,7069,0.0538293462464,2.40660744557,DPG-DP0,DP0,DP0,full,6,True,-0.00197620878246,-0.00026123594082,5,True,-0.00209210496204,-0.000278590971538,False,True,True,0.00361843907148,0.978250023739,False,True,True,-0.00240607535493,False,False,True,True,True,False,Mixed,Mixed,required_guard_unavailable_or_failed,-0.00141736015436,-0.000116476355956,-0.000116476355956,0.0425055398094,0.165821669016,1.2157089158,1.2157089158,13.7995592636,4.47774264682,-0.00207589142408,-0.000802963592101,-0.000170667646215,-6.54720241973e-05,,model_metric,,,,,,,,
later,2018-01,2018-01,2018-01-01,xgboost,DPG,Promise + geographic profiles,full,raw,raw,none,35981,96cab33fe9aa2c645b95d864cd8ad73f21f028817e839c487b423b134b3104f9,f0ffe4452ab348b733184f5d749e4c4ec655940e204c9fbc3d9df0bd121bc1e9,sha256_pickle_protocol_5_fitted_wrapper,7069,403,0.0570094780025,0.219296082978,0.0538293462464,0.100432641509,0.659222497932,2.57663568434,2.40660744557,0.240694789082,8.12198126916,3.54877779433,0.0242568121817,,ee393306bea41ea6bceb8fcfabd7cbb43b7db39a083d42187f0a69ab3a3539a6,xgboost,DPG,7069,0.0538293462464,2.40660744557,DPG-DP0,DP0,DP0,full,6,True,-0.00197620878246,-0.00026123594082,5,True,-0.00209210496204,-0.000278590971538,False,True,True,0.00361843907148,0.978250023739,False,True,True,-0.00240607535493,False,False,True,True,True,False,Mixed,Mixed,required_guard_unavailable_or_failed,-0.00141736015436,-0.000116476355956,-0.000116476355956,0.0425055398094,0.165821669016,1.2157089158,1.2157089158,13.7995592636,4.47774264682,-0.00207589142408,-0.000802963592101,-0.000170667646215,-6.54720241973e-05,,model_metric,,,,,,,,
later,2018-01,2018-01,2018-01-01,xgboost,DPS,Promise + seller profiles,full,calibrated,calibrated,none,35981,96cab33fe9aa2c645b95d864cd8ad73f21f028817e839c487b423b134b3104f9,f33bb420e427da45e831191b3cba099d0cf9d8baa1848508a2fcb8a13e9e1a1c,sha256_pickle_protocol_5_fitted_wrapper,7069,403,0.0570094780025,0.220214673442,0.053902087899,0.0652123099744,0.537126293274,1.09011509722,1.2157089158,0.12158808933,6.56753818462,3.0443807923,0.0155631147867,,ee393306bea41ea6bceb8fcfabd7cbb43b7db39a083d42187f0a69ab3a3539a6,xgboost,DPS,7069,0.053902087899,1.2157089158,DPS-DP0,DP0,DP0,full,6,True,-0.000144657998041,-1.96016143433e-05,5,True,-9.00338311444e-05,-1.56794437653e-05,False,True,True,-0.000743503690553,-2.55850693217,True,False,True,-0.000359882171151,True,False,True,True,True,True,Supported,Supported,both_medians_improve_at_least_four_months_all_guards_pass,-0.000498769689566,-4.37347033592e-05,-4.37347033592e-05,0.00728520827527,0.0437254643579,0.0248103860368,0.0248103860368,12.2451161791,3.97334564479,-0.000890225846495,-0.00020117535781,-7.96227618152e-05,-1.69295890786e-05,,model_metric,,,,,,,,
later,2018-01,2018-01,2018-01-01,xgboost,DPS,Promise + seller profiles,full,raw,raw,none,35981,96cab33fe9aa2c645b95d864cd8ad73f21f028817e839c487b423b134b3104f9,f33bb420e427da45e831191b3cba099d0cf9d8baa1848508a2fcb8a13e9e1a1c,sha256_pickle_protocol_5_fitted_wrapper,7069,403,0.0570094780025,0.220214673442,0.053902087899,0.0652123099744,0.537126293274,1.09011509722,1.2157089158,0.12158808933,6.56753818462,3.0443807923,0.0155631147867,,ee393306bea41ea6bceb8fcfabd7cbb43b7db39a083d42187f0a69ab3a3539a6,xgboost,DPS,7069,0.053902087899,1.2157089158,DPS-DP0,DP0,DP0,full,6,True,-0.000144657998041,-1.96016143433e-05,5,True,-9.00338311444e-05,-1.56794437653e-05,False,True,True,-0.000743503690553,-2.55850693217,True,False,True,-0.000359882171151,True,False,True,True,True,True,Supported,Supported,both_medians_improve_at_least_four_months_all_guards_pass,-0.000498769689566,-4.37347033592e-05,-4.37347033592e-05,0.00728520827527,0.0437254643579,0.0248103860368,0.0248103860368,12.2451161791,3.97334564479,-0.000890225846495,-0.00020117535781,-7.96227618152e-05,-1.69295890786e-05,,model_metric,,,,,,,,
later,2018-02,2018-02,2018-02-01,logistic_l2,DP0,Direct promise baseline,full,calibrated,calibrated,none,42578,a51820ff53f7771f9c44ce45be1dcb2d238a8e28dccc88b566859c028e0e982b,a8cb8604f0f776858c5ecab45050abee97323f894e0032a566c1ebbfb1d8035c,sha256_pickle_protocol_5_fitted_wrapper,6555,926,0.141266209001,0.464326163188,0.129356222676,0.135206591892,0.513177766173,0.38847258073,0.312936245588,0.0313174946004,1.48242670494,1.12816028359,0.0919092581352,,02786257f3541e7684cbb92ee3533cd5479cfac0aa39a1f4199a4465c8ee2f98,logistic_l2,DP0,6555,0.129356222676,0.312936245588,DP0_reference,,,,,,,,,,,,,,,,,,,,,,,,,,,Reference,Reference,,,,,,,,,,,,,,,,model_metric,,,,,,,,
later,2018-02,2018-02,2018-02-01,logistic_l2,DP0,Direct promise baseline,full,raw,raw,none,42578,a51820ff53f7771f9c44ce45be1dcb2d238a8e28dccc88b566859c028e0e982b,a8cb8604f0f776858c5ecab45050abee97323f894e0032a566c1ebbfb1d8035c,sha256_pickle_protocol_5_fitted_wrapper,6555,926,0.141266209001,0.464326163188,0.129356222676,0.135206591892,0.513177766173,0.38847258073,0.312936245588,0.0313174946004,1.48242670494,1.12816028359,0.0919092581352,,02786257f3541e7684cbb92ee3533cd5479cfac0aa39a1f4199a4465c8ee2f98,logistic_l2,DP0,6555,0.129356222676,0.312936245588,DP0_reference,,,,,,,,,,,,,,,,,,,,,,,,,,,Reference,Reference,,,,,,,,,,,,,,,,model_metric,,,,,,,,
later,2018-02,2018-02,2018-02-01,logistic_l2,DPB,Promise + both profile blocks,full,calibrated,calibrated,none,42578,a51820ff53f7771f9c44ce45be1dcb2d238a8e28dccc88b566859c028e0e982b,9443d164e5e393404315e15625287839412c845d51a1635fc89d6beaea79c1a3,sha256_pickle_protocol_5_fitted_wrapper,6555,926,0.141266209001,0.388878088831,0.116050072054,0.322708388906,0.722785275419,3.10778064584,2.98908069062,0.299136069114,1.0912565237,1.18702054662,0.0606029432055,,02786257f3541e7684cbb92ee3533cd5479cfac0aa39a1f4199a4465c8ee2f98,logistic_l2,DPB,6555,0.116050072054,2.98908069062,DPB-DP0,DP0,DP0,full,6,True,-0.0188355042404,-0.00146902299902,5,True,-0.0178964373712,-0.00140057680524,False,True,True,-0.0166763314017,-3.63404763384,True,False,True,-0.0194931043395,True,False,True,True,True,True,Supported,Supported,both_medians_improve_at_least_four_months_all_guards_pass,-0.0754480743577,-0.0133061506223,-0.0133061506223,0.187501797013,0.209607509246,2.67614444503,2.67614444503,-0.391170181242,0.0588602630275,-0.123489256076,-0.0297947004125,-0.0222377739488,-0.00502508189534,,model_metric,,,,,,,,
later,2018-02,2018-02,2018-02-01,logistic_l2,DPB,Promise + both profile blocks,full,raw,raw,none,42578,a51820ff53f7771f9c44ce45be1dcb2d238a8e28dccc88b566859c028e0e982b,9443d164e5e393404315e15625287839412c845d51a1635fc89d6beaea79c1a3,sha256_pickle_protocol_5_fitted_wrapper,6555,926,0.141266209001,0.388878088831,0.116050072054,0.322708388906,0.722785275419,3.10778064584,2.98908069062,0.299136069114,1.0912565237,1.18702054662,0.0606029432055,,02786257f3541e7684cbb92ee3533cd5479cfac0aa39a1f4199a4465c8ee2f98,logistic_l2,DPB,6555,0.116050072054,2.98908069062,DPB-DP0,DP0,DP0,full,6,True,-0.0188355042404,-0.00146902299902,5,True,-0.0178964373712,-0.00140057680524,False,True,True,-0.0166763314017,-3.63404763384,True,False,True,-0.0194931043395,True,False,True,True,True,True,Supported,Supported,both_medians_improve_at_least_four_months_all_guards_pass,-0.0754480743577,-0.0133061506223,-0.0133061506223,0.187501797013,0.209607509246,2.67614444503,2.67614444503,-0.391170181242,0.0588602630275,-0.123489256076,-0.0297947004125,-0.0222377739488,-0.00502508189534,,model_metric,,,,,,,,
later,2018-02,2018-02,2018-02-01,logistic_l2,DPG,Promise + geographic profiles,full,calibrated,calibrated,none,42578,a51820ff53f7771f9c44ce45be1dcb2d238a8e28dccc88b566859c028e0e982b,e4d3eea2aa85bb97789ac237a611c126c1bd820e4fe37ef2e90f640e27c6c8a7,sha256_pickle_protocol_5_fitted_wrapper,6555,926,0.141266209001,0.396694156116,0.11830056954,0.330222270812,0.721760901871,3.47467141653,3.09698974082,0.309935205184,1.748272296,1.4194731159,0.0696934227895,,02786257f3541e7684cbb92ee3533cd5479cfac0aa39a1f4199a4465c8ee2f98,logistic_l2,DPG,6555,0.11830056954,3.09698974082,DPG-DP0,DP0,DP0,full,6,True,-0.0126256584508,-0.000678203167734,3,True,-0.0125311675792,-0.000651481391294,False,True,True,-0.0113356271504,-3.47809936608,True,False,True,-0.0132700613425,True,False,True,True,True,True,Mixed,Mixed,exactly_three_both_improved_months,-0.0676320070723,-0.0110556531354,-0.0110556531354,0.19501567892,0.208583135698,2.78405349523,2.78405349523,0.265845591051,0.29131283231,-0.111283826292,-0.0239087867817,-0.0185091991596,-0.00375473226066,,model_metric,,,,,,,,
later,2018-02,2018-02,2018-02-01,logistic_l2,DPG,Promise + geographic profiles,full,raw,raw,none,42578,a51820ff53f7771f9c44ce45be1dcb2d238a8e28dccc88b566859c028e0e982b,e4d3eea2aa85bb97789ac237a611c126c1bd820e4fe37ef2e90f640e27c6c8a7,sha256_pickle_protocol_5_fitted_wrapper,6555,926,0.141266209001,0.396694156116,0.11830056954,0.330222270812,0.721760901871,3.47467141653,3.09698974082,0.309935205184,1.748272296,1.4194731159,0.0696934227895,,02786257f3541e7684cbb92ee3533cd5479cfac0aa39a1f4199a4465c8ee2f98,logistic_l2,DPG,6555,0.11830056954,3.09698974082,DPG-DP0,DP0,DP0,full,6,True,-0.0126256584508,-0.000678203167734,3,True,-0.0125311675792,-0.000651481391294,False,True,True,-0.0113356271504,-3.47809936608,True,False,True,-0.0132700613425,True,False,True,True,True,True,Mixed,Mixed,exactly_three_both_improved_months,-0.0676320070723,-0.0110556531354,-0.0110556531354,0.19501567892,0.208583135698,2.78405349523,2.78405349523,0.265845591051,0.29131283231,-0.111283826292,-0.0239087867817,-0.0185091991596,-0.00375473226066,,model_metric,,,,,,,,
later,2018-02,2018-02,2018-02-01,logistic_l2,DPS,Promise + seller profiles,full,calibrated,calibrated,none,42578,a51820ff53f7771f9c44ce45be1dcb2d238a8e28dccc88b566859c028e0e982b,e0a7b8c16683aca61dfb68dd0becd99eda5f20940a80352f0cf2452952037c39,sha256_pickle_protocol_5_fitted_wrapper,6555,926,0.141266209001,0.457869826247,0.128378198938,0.163693607269,0.540762374114,1.4891448928,1.21937226729,0.122030237581,-0.205949198872,0.558954775931,0.0861076378877,,02786257f3541e7684cbb92ee3533cd5479cfac0aa39a1f4199a4465c8ee2f98,logistic_l2,DPS,6555,0.128378198938,1.21937226729,DPS-DP0,DP0,DP0,full,6,True,-0.00415653020117,-0.00047411302235,6,True,-0.00388823165404,-0.000390794822282,False,True,True,-0.00754606386358,-3.46107307636,True,False,True,-0.00375374505547,True,True,True,True,True,True,Supported,Supported,both_medians_improve_at_least_four_months_all_guards_pass,-0.00645633694161,-0.000978023738162,-0.000978023738162,0.0284870153764,0.0275846079409,0.906436021704,0.906436021704,-1.68837590382,-0.569205507659,-0.0107072633531,-0.00370685422303,-0.00170701852782,-0.000515172120802,,model_metric,,,,,,,,
later,2018-02,2018-02,2018-02-01,logistic_l2,DPS,Promise + seller profiles,full,raw,raw,none,42578,a51820ff53f7771f9c44ce45be1dcb2d238a8e28dccc88b566859c028e0e982b,e0a7b8c16683aca61dfb68dd0becd99eda5f20940a80352f0cf2452952037c39,sha256_pickle_protocol_5_fitted_wrapper,6555,926,0.141266209001,0.457869826247,0.128378198938,0.163693607269,0.540762374114,1.4891448928,1.21937226729,0.122030237581,-0.205949198872,0.558954775931,0.0861076378877,,02786257f3541e7684cbb92ee3533cd5479cfac0aa39a1f4199a4465c8ee2f98,logistic_l2,DPS,6555,0.128378198938,1.21937226729,DPS-DP0,DP0,DP0,full,6,True,-0.00415653020117,-0.00047411302235,6,True,-0.00388823165404,-0.000390794822282,False,True,True,-0.00754606386358,-3.46107307636,True,False,True,-0.00375374505547,True,True,True,True,True,True,Supported,Supported,both_medians_improve_at_least_four_months_all_guards_pass,-0.00645633694161,-0.000978023738162,-0.000978023738162,0.0284870153764,0.0275846079409,0.906436021704,0.906436021704,-1.68837590382,-0.569205507659,-0.0107072633531,-0.00370685422303,-0.00170701852782,-0.000515172120802,,model_metric,,,,,,,,
later,2018-02,2018-02,2018-02-01,random_forest,DP0,Direct promise baseline,full,calibrated,calibrated,platt,42578,a51820ff53f7771f9c44ce45be1dcb2d238a8e28dccc88b566859c028e0e982b,a1d539998d133f8fe4069ea3094163f35723e61d86c5480f711b77ef6f0d0bad,sha256_pickle_protocol_5_fitted_wrapper,6555,926,0.141266209001,0.497580015311,0.1321436399,0.13887635016,0.492897491278,0.949599641785,0.992763261866,0.0993520518359,-13.1789658916,-3.49554800876,0.104075414957,,02786257f3541e7684cbb92ee3533cd5479cfac0aa39a1f4199a4465c8ee2f98,random_forest,DP0,6555,0.1321436399,0.992763261866,DP0_reference,,,,,,,,,,,,,,,,,,,,,,,,,,,Reference,Reference,,,,,,,,,,,,,,,,model_metric,,,,,,,,
later,2018-02,2018-02,2018-02-01,random_forest,DP0,Direct promise baseline,full,raw,raw,none,42578,a51820ff53f7771f9c44ce45be1dcb2d238a8e28dccc88b566859c028e0e982b,a1d539998d133f8fe4069ea3094163f35723e61d86c5480f711b77ef6f0d0bad,sha256_pickle_protocol_5_fitted_wrapper,6555,926,0.141266209001,0.570376370723,0.131003405186,0.144966586663,0.507102508722,1.05750869199,1.03592688195,0.103671706263,-1.75912386789,0.0124051113954,0.089658892841,,02786257f3541e7684cbb92ee3533cd5479cfac0aa39a1f4199a4465c8ee2f98,random_forest,DP0,6555,0.131003405186,1.03592688195,DP0_reference,,,,,,,,,,,,,,,,,,,,,,,,,,,Reference,Reference,,,,,,,,,,,,,,,,model_metric,,,,,,,,
later,2018-02,2018-02,2018-02-01,random_forest,DPB,Promise + both profile blocks,full,calibrated,calibrated,none,42578,a51820ff53f7771f9c44ce45be1dcb2d238a8e28dccc88b566859c028e0e982b,a19fd5d41b737ba80e12c561c3cf2187bd9f1469fd07846b506552e37e71ddd1,sha256_pickle_protocol_5_fitted_wrapper,6555,926,0.141266209001,0.478891182321,0.127063399986,0.219314501191,0.612765407618,2.07185376389,1.99631742875,0.199784017279,-0.462892615081,0.416333268557,0.0921875471799,,02786257f3541e7684cbb92ee3533cd5479cfac0aa39a1f4199a4465c8ee2f98,random_forest,DPB,6555,0.127063399986,1.99631742875,DPB-DP0,DP0,DP0,full,6,True,-0.00761967829778,5.80000102071e-05,3,True,-0.00518208294536,0.000447151509348,False,True,True,0.00534103213212,-8.50749596363,False,True,True,-0.0562746959884,True,True,True,True,True,False,Not-supported,Not-supported,nonimproving_median_or_at_most_two_both_improved_months,-0.0186888329907,-0.0050802399135,-0.0050802399135,0.0804381510315,0.11986791634,1.00355416689,1.00355416689,12.7160732765,3.91188127732,-0.0408786487014,-0.000641643475145,-0.00965744969337,-0.00143809231018,,model_metric,,,,,,,,
later,2018-02,2018-02,2018-02-01,random_forest,DPB,Promise + both profile blocks,full,raw,raw,none,42578,a51820ff53f7771f9c44ce45be1dcb2d238a8e28dccc88b566859c028e0e982b,a19fd5d41b737ba80e12c561c3cf2187bd9f1469fd07846b506552e37e71ddd1,sha256_pickle_protocol_5_fitted_wrapper,6555,926,0.141266209001,0.478891182321,0.127063399986,0.219314501191,0.612765407618,2.07185376389,1.99631742875,0.199784017279,-0.462892615081,0.416333268557,0.0921875471799,,02786257f3541e7684cbb92ee3533cd5479cfac0aa39a1f4199a4465c8ee2f98,random_forest,DPB,6555,0.127063399986,1.99631742875,DPB-DP0,DP0,DP0,full,6,True,-0.00761967829778,5.80000102071e-05,3,True,-0.00518208294536,0.000447151509348,False,True,True,0.00534103213212,-8.50749596363,False,True,True,-0.0562746959884,True,True,True,True,True,False,Not-supported,Not-supported,nonimproving_median_or_at_most_two_both_improved_months,-0.0186888329907,-0.0050802399135,-0.0050802399135,0.0804381510315,0.11986791634,1.00355416689,1.00355416689,12.7160732765,3.91188127732,-0.0408786487014,-0.000641643475145,-0.00965744969337,-0.00143809231018,,model_metric,,,,,,,,
later,2018-02,2018-02,2018-02-01,random_forest,DPG,Promise + geographic profiles,full,calibrated,calibrated,platt,42578,a51820ff53f7771f9c44ce45be1dcb2d238a8e28dccc88b566859c028e0e982b,973d62956bfa83b8a825caf5829ea0c5c80c03bb6698d427f8507d93f494d179,sha256_pickle_protocol_5_fitted_wrapper,6555,926,0.141266209001,0.483007229472,0.130687982458,0.180421366113,0.507666254705,1.96394471369,1.69417208818,0.169546436285,-1.18844592696,0.198296201182,0.0975988392234,,02786257f3541e7684cbb92ee3533cd5479cfac0aa39a1f4199a4465c8ee2f98,random_forest,DPG,6555,0.130687982458,1.69417208818,DPG-DP0,DP0,DP0,full,6,True,-0.0110668832408,-0.00105165332621,5,True,-0.0104286141287,-0.000999966712794,False,True,True,-0.00195513110765,-8.56486680715,True,False,True,-0.0551472055044,True,True,True,True,True,True,Supported,Supported,both_medians_improve_at_least_four_months_all_guards_pass,-0.0145727858391,-0.00145565744173,-0.00145565744173,0.041545015953,0.014768763427,0.701408826318,0.701408826318,11.9905199647,3.69384420994,-0.025042941918,-0.00684574982028,-0.00247835931054,-0.000729341579647,,model_metric,,,,,,,,
later,2018-02,2018-02,2018-02-01,random_forest,DPG,Promise + geographic profiles,full,raw,raw,none,42578,a51820ff53f7771f9c44ce45be1dcb2d238a8e28dccc88b566859c028e0e982b,973d62956bfa83b8a825caf5829ea0c5c80c03bb6698d427f8507d93f494d179,sha256_pickle_protocol_5_fitted_wrapper,6555,926,0.141266209001,0.543938465395,0.130532989383,0.180421366113,0.50766615878,1.96394471369,1.69417208818,0.169546436285,-1.64008679772,0.046201554289,0.099465067527,,02786257f3541e7684cbb92ee3533cd5479cfac0aa39a1f4199a4465c8ee2f98,random_forest,DPG,6555,0.130532989383,1.69417208818,DPG-DP0,DP0,DP0,full,6,True,-0.0110668832408,-0.00105165332621,5,True,-0.0104286141287,-0.000999966712794,False,True,True,-0.00195513110765,-8.56486680715,True,False,True,-0.0551472055044,True,True,True,True,True,True,Supported,Supported,both_medians_improve_at_least_four_months_all_guards_pass,-0.0145727858391,-0.00145565744173,-0.00145565744173,0.041545015953,0.014768763427,0.701408826318,0.701408826318,11.9905199647,3.69384420994,-0.025042941918,-0.00684574982028,-0.00247835931054,-0.000729341579647,,model_metric,,,,,,,,
later,2018-02,2018-02,2018-02-01,random_forest,DPS,Promise + seller profiles,full,calibrated,calibrated,none,42578,a51820ff53f7771f9c44ce45be1dcb2d238a8e28dccc88b566859c028e0e982b,e985fc6386789f8a2bb4fa7693bb81db86b7e219e0147be546b3affc81c47f8c,sha256_pickle_protocol_5_fitted_wrapper,6555,926,0.141266209001,0.486413857755,0.130098971036,0.160269511711,0.536579027844,1.31649041247,1.26253588737,0.126349892009,-1.0430283308,0.242247865349,0.0946864756742,,02786257f3541e7684cbb92ee3533cd5479cfac0aa39a1f4199a4465c8ee2f98,random_forest,DPS,6555,0.130098971036,1.26253588737,DPS-DP0,DP0,DP0,full,6,True,0.00193643020825,0.000363597265665,2,True,0.00279488490392,0.00067073538573,True,False,True,0.00251409493846,-8.07063120161,True,False,True,-0.0428921492894,True,True,True,True,True,False,Not-supported,Not-supported,nonimproving_median_or_at_most_two_both_improved_months,-0.0111661575564,-0.00204466886352,-0.00204466886352,0.021393161551,0.0436815365661,0.269772625507,0.269772625507,12.1359375608,3.73779587411,-0.0232514842015,-0.00257927913874,-0.00392259698678,-0.00075341101764,,model_metric,,,,,,,,
later,2018-02,2018-02,2018-02-01,random_forest,DPS,Promise + seller profiles,full,raw,raw,none,42578,a51820ff53f7771f9c44ce45be1dcb2d238a8e28dccc88b566859c028e0e982b,e985fc6386789f8a2bb4fa7693bb81db86b7e219e0147be546b3affc81c47f8c,sha256_pickle_protocol_5_fitted_wrapper,6555,926,0.141266209001,0.486413857755,0.130098971036,0.160269511711,0.536579027844,1.31649041247,1.26253588737,0.126349892009,-1.0430283308,0.242247865349,0.0946864756742,,02786257f3541e7684cbb92ee3533cd5479cfac0aa39a1f4199a4465c8ee2f98,random_forest,DPS,6555,0.130098971036,1.26253588737,DPS-DP0,DP0,DP0,full,6,True,0.00193643020825,0.000363597265665,2,True,0.00279488490392,0.00067073538573,True,False,True,0.00251409493846,-8.07063120161,True,False,True,-0.0428921492894,True,True,True,True,True,False,Not-supported,Not-supported,nonimproving_median_or_at_most_two_both_improved_months,-0.0111661575564,-0.00204466886352,-0.00204466886352,0.021393161551,0.0436815365661,0.269772625507,0.269772625507,12.1359375608,3.73779587411,-0.0232514842015,-0.00257927913874,-0.00392259698678,-0.00075341101764,,model_metric,,,,,,,,
later,2018-02,2018-02,2018-02-01,xgboost,DP0,Direct promise baseline,full,calibrated,calibrated,none,42578,a51820ff53f7771f9c44ce45be1dcb2d238a8e28dccc88b566859c028e0e982b,d73b829acd99738a4439a9617c00d6c1853264dafc0ddc6eba6af6485003e07a,sha256_pickle_protocol_5_fitted_wrapper,6555,926,0.141266209001,0.463476851871,0.129274614877,0.165408736013,0.57748039599,1.42439946268,1.3812358426,0.138228941685,62.6604894992,22.1688537516,0.0927568826094,,02786257f3541e7684cbb92ee3533cd5479cfac0aa39a1f4199a4465c8ee2f98,xgboost,DP0,6555,0.129274614877,1.3812358426,DP0_reference,,,,,,,,,,,,,,,,,,,,,,,,,,,Reference,Reference,,,,,,,,,,,,,,,,model_metric,,,,,,,,
later,2018-02,2018-02,2018-02-01,xgboost,DP0,Direct promise baseline,full,raw,raw,none,42578,a51820ff53f7771f9c44ce45be1dcb2d238a8e28dccc88b566859c028e0e982b,d73b829acd99738a4439a9617c00d6c1853264dafc0ddc6eba6af6485003e07a,sha256_pickle_protocol_5_fitted_wrapper,6555,926,0.141266209001,0.463476851871,0.129274614877,0.165408736013,0.57748039599,1.42439946268,1.3812358426,0.138228941685,62.6604894992,22.1688537516,0.0927568826094,,02786257f3541e7684cbb92ee3533cd5479cfac0aa39a1f4199a4465c8ee2f98,xgboost,DP0,6555,0.129274614877,1.3812358426,DP0_reference,,,,,,,,,,,,,,,,,,,,,,,,,,,Reference,Reference,,,,,,,,,,,,,,,,model_metric,,,,,,,,
later,2018-02,2018-02,2018-02-01,xgboost,DPB,Promise + both profile blocks,full,calibrated,calibrated,none,42578,a51820ff53f7771f9c44ce45be1dcb2d238a8e28dccc88b566859c028e0e982b,8c7636cc25f064c253b990368fe9224c1f8cbf16cdacd64db23c63695d52b920,sha256_pickle_protocol_5_fitted_wrapper,6555,926,0.141266209001,0.458020284021,0.128682392203,0.206864384891,0.656788434008,0.669036111257,1.03592688195,0.103671706263,-0.544371316683,0.442858116661,0.0857509794408,,02786257f3541e7684cbb92ee3533cd5479cfac0aa39a1f4199a4465c8ee2f98,xgboost,DPB,6555,0.128682392203,1.03592688195,DPB-DP0,DP0,DP0,full,6,True,-0.00229967244447,-0.000293696109202,5,True,-0.0021127497292,-0.000266410356161,False,True,True,0.00431574578376,2.43431455748,False,True,True,-0.00345421615059,True,True,True,True,True,False,Mixed,Mixed,required_guard_unavailable_or_failed,-0.00545656784983,-0.000592222674236,-0.000592222674236,0.0414556488787,0.0793080380182,-0.345308960649,-0.345308960649,-63.2048608159,-21.725995635,-0.00872798921407,-0.00175074438275,-0.000963725578393,-0.000168413383244,,model_metric,,,,,,,,
later,2018-02,2018-02,2018-02-01,xgboost,DPB,Promise + both profile blocks,full,raw,raw,none,42578,a51820ff53f7771f9c44ce45be1dcb2d238a8e28dccc88b566859c028e0e982b,8c7636cc25f064c253b990368fe9224c1f8cbf16cdacd64db23c63695d52b920,sha256_pickle_protocol_5_fitted_wrapper,6555,926,0.141266209001,0.458020284021,0.128682392203,0.206864384891,0.656788434008,0.669036111257,1.03592688195,0.103671706263,-0.544371316683,0.442858116661,0.0857509794408,,02786257f3541e7684cbb92ee3533cd5479cfac0aa39a1f4199a4465c8ee2f98,xgboost,DPB,6555,0.128682392203,1.03592688195,DPB-DP0,DP0,DP0,full,6,True,-0.00229967244447,-0.000293696109202,5,True,-0.0021127497292,-0.000266410356161,False,True,True,0.00431574578376,2.43431455748,False,True,True,-0.00345421615059,True,True,True,True,True,False,Mixed,Mixed,required_guard_unavailable_or_failed,-0.00545656784983,-0.000592222674236,-0.000592222674236,0.0414556488787,0.0793080380182,-0.345308960649,-0.345308960649,-63.2048608159,-21.725995635,-0.00872798921407,-0.00175074438275,-0.000963725578393,-0.000168413383244,,model_metric,,,,,,,,
later,2018-02,2018-02,2018-02-01,xgboost,DPG,Promise + geographic profiles,full,calibrated,calibrated,none,42578,a51820ff53f7771f9c44ce45be1dcb2d238a8e28dccc88b566859c028e0e982b,22c8a81d99fa25cff298ca3ff2f9a92ae0baf56e645498926b0d51e2e2c125c7,sha256_pickle_protocol_5_fitted_wrapper,6555,926,0.141266209001,0.460562722662,0.128957047135,0.186054471257,0.61631738141,0.690617921298,1.03592688195,0.103671706263,1.54969779077,1.16202603362,0.0901830080462,,02786257f3541e7684cbb92ee3533cd5479cfac0aa39a1f4199a4465c8ee2f98,xgboost,DPG,6555,0.128957047135,1.03592688195,DPG-DP0,DP0,DP0,full,6,True,-0.00197620878246,-0.00026123594082,5,True,-0.00209210496204,-0.000278590971538,False,True,True,0.00361843907148,0.978250023739,False,True,True,-0.00240607535493,False,False,True,True,True,False,Mixed,Mixed,required_guard_unavailable_or_failed,-0.00291412920965,-0.000317567741613,-0.000317567741613,0.0206457352444,0.0388369854199,-0.345308960649,-0.345308960649,-61.1107917085,-21.006827718,-0.00441705801445,-0.00146736545156,-0.000487859957389,-0.000154798518586,,model_metric,,,,,,,,
later,2018-02,2018-02,2018-02-01,xgboost,DPG,Promise + geographic profiles,full,raw,raw,none,42578,a51820ff53f7771f9c44ce45be1dcb2d238a8e28dccc88b566859c028e0e982b,22c8a81d99fa25cff298ca3ff2f9a92ae0baf56e645498926b0d51e2e2c125c7,sha256_pickle_protocol_5_fitted_wrapper,6555,926,0.141266209001,0.460562722662,0.128957047135,0.186054471257,0.61631738141,0.690617921298,1.03592688195,0.103671706263,1.54969779077,1.16202603362,0.0901830080462,,02786257f3541e7684cbb92ee3533cd5479cfac0aa39a1f4199a4465c8ee2f98,xgboost,DPG,6555,0.128957047135,1.03592688195,DPG-DP0,DP0,DP0,full,6,True,-0.00197620878246,-0.00026123594082,5,True,-0.00209210496204,-0.000278590971538,False,True,True,0.00361843907148,0.978250023739,False,True,True,-0.00240607535493,False,False,True,True,True,False,Mixed,Mixed,required_guard_unavailable_or_failed,-0.00291412920965,-0.000317567741613,-0.000317567741613,0.0206457352444,0.0388369854199,-0.345308960649,-0.345308960649,-61.1107917085,-21.006827718,-0.00441705801445,-0.00146736545156,-0.000487859957389,-0.000154798518586,,model_metric,,,,,,,,
later,2018-02,2018-02,2018-02-01,xgboost,DPS,Promise + seller profiles,full,calibrated,calibrated,none,42578,a51820ff53f7771f9c44ce45be1dcb2d238a8e28dccc88b566859c028e0e982b,6ad94722b36420097ace54122da3591d30c5c5a0e2c5889821b8dddd183b6440,sha256_pickle_protocol_5_fitted_wrapper,6555,926,0.141266209001,0.463266020772,0.12924650125,0.156522583646,0.538204078156,1.18699955223,1.14383593215,0.114470842333,7.10406798481,3.06674775246,0.0894069512941,,02786257f3541e7684cbb92ee3533cd5479cfac0aa39a1f4199a4465c8ee2f98,xgboost,DPS,6555,0.12924650125,1.14383593215,DPS-DP0,DP0,DP0,full,6,True,-0.000144657998041,-1.96016143433e-05,5,True,-9.00338311444e-05,-1.56794437653e-05,False,True,True,-0.000743503690553,-2.55850693217,True,False,True,-0.000359882171151,True,False,True,True,True,True,Supported,Supported,both_medians_improve_at_least_four_months_all_guards_pass,-0.000210831099065,-2.8113626589e-05,-2.8113626589e-05,-0.00888615236705,-0.0392763178342,-0.237399910446,-0.237399910446,-55.5564215144,-19.1021059992,-0.000847628706197,0.000489583802347,-9.41872196054e-05,4.21308350097e-05,,model_metric,,,,,,,,
later,2018-02,2018-02,2018-02-01,xgboost,DPS,Promise + seller profiles,full,raw,raw,none,42578,a51820ff53f7771f9c44ce45be1dcb2d238a8e28dccc88b566859c028e0e982b,6ad94722b36420097ace54122da3591d30c5c5a0e2c5889821b8dddd183b6440,sha256_pickle_protocol_5_fitted_wrapper,6555,926,0.141266209001,0.463266020772,0.12924650125,0.156522583646,0.538204078156,1.18699955223,1.14383593215,0.114470842333,7.10406798481,3.06674775246,0.0894069512941,,02786257f3541e7684cbb92ee3533cd5479cfac0aa39a1f4199a4465c8ee2f98,xgboost,DPS,6555,0.12924650125,1.14383593215,DPS-DP0,DP0,DP0,full,6,True,-0.000144657998041,-1.96016143433e-05,5,True,-9.00338311444e-05,-1.56794437653e-05,False,True,True,-0.000743503690553,-2.55850693217,True,False,True,-0.000359882171151,True,False,True,True,True,True,Supported,Supported,both_medians_improve_at_least_four_months_all_guards_pass,-0.000210831099065,-2.8113626589e-05,-2.8113626589e-05,-0.00888615236705,-0.0392763178342,-0.237399910446,-0.237399910446,-55.5564215144,-19.1021059992,-0.000847628706197,0.000489583802347,-9.41872196054e-05,4.21308350097e-05,,model_metric,,,,,,,,
later,2018-03,2018-03,2018-03-01,logistic_l2,DP0,Direct promise baseline,full,calibrated,calibrated,none,48428,0e3212d395457178a073ebc728d0c7ab83077476c2a4307bc15f4df202380809,22cf12e9c037f6ca71efb154eb3124f6d687e79288f677cd471c943964943d7d,sha256_pickle_protocol_5_fitted_wrapper,7003,1328,0.189633014422,0.602846862778,0.172504235705,0.159613595047,0.454231994056,0.345546716782,0.315949246343,0.0316265060241,-7.51544053066,-2.09677601468,0.136962089728,,184fab6850ceddcb6640c6d7c40a99ad76b6567a0af96fd41049a0eaafe65828,logistic_l2,DP0,7003,0.172504235705,0.315949246343,DP0_reference,,,,,,,,,,,,,,,,,,,,,,,,,,,Reference,Reference,,,,,,,,,,,,,,,,model_metric,,,,,,,,
later,2018-03,2018-03,2018-03-01,logistic_l2,DP0,Direct promise baseline,full,raw,raw,none,48428,0e3212d395457178a073ebc728d0c7ab83077476c2a4307bc15f4df202380809,22cf12e9c037f6ca71efb154eb3124f6d687e79288f677cd471c943964943d7d,sha256_pickle_protocol_5_fitted_wrapper,7003,1328,0.189633014422,0.602846862778,0.172504235705,0.159613595047,0.454231994056,0.345546716782,0.315949246343,0.0316265060241,-7.51544053066,-2.09677601468,0.136962089728,,184fab6850ceddcb6640c6d7c40a99ad76b6567a0af96fd41049a0eaafe65828,logistic_l2,DP0,7003,0.172504235705,0.315949246343,DP0_reference,,,,,,,,,,,,,,,,,,,,,,,,,,,Reference,Reference,,,,,,,,,,,,,,,,model_metric,,,,,,,,
later,2018-03,2018-03,2018-03-01,logistic_l2,DPB,Promise + both profile blocks,full,calibrated,calibrated,none,48428,0e3212d395457178a073ebc728d0c7ab83077476c2a4307bc15f4df202380809,00ecd74f4678f94279a4064ce5804b89ed5efb257549258f93e6483fab5f789c,sha256_pickle_protocol_5_fitted_wrapper,7003,1328,0.189633014422,0.493713225822,0.154001007496,0.362117653461,0.712333607558,2.56906472042,2.36209674647,0.236445783133,1.44061490281,1.24274486627,0.0994453559667,,184fab6850ceddcb6640c6d7c40a99ad76b6567a0af96fd41049a0eaafe65828,logistic_l2,DPB,7003,0.154001007496,2.36209674647,DPB-DP0,DP0,DP0,full,6,True,-0.0188355042404,-0.00146902299902,5,True,-0.0178964373712,-0.00140057680524,False,True,True,-0.0166763314017,-3.63404763384,True,False,True,-0.0194931043395,True,False,True,True,True,True,Supported,Supported,both_medians_improve_at_least_four_months_all_guards_pass,-0.109133636956,-0.0185032282085,-0.0185032282085,0.202504058414,0.258101613502,2.04614750013,2.04614750013,8.95605543348,3.33952088095,-0.155852589598,-0.0675779664499,-0.0264205245566,-0.0114665541216,,model_metric,,,,,,,,
later,2018-03,2018-03,2018-03-01,logistic_l2,DPB,Promise + both profile blocks,full,raw,raw,none,48428,0e3212d395457178a073ebc728d0c7ab83077476c2a4307bc15f4df202380809,00ecd74f4678f94279a4064ce5804b89ed5efb257549258f93e6483fab5f789c,sha256_pickle_protocol_5_fitted_wrapper,7003,1328,0.189633014422,0.493713225822,0.154001007496,0.362117653461,0.712333607558,2.56906472042,2.36209674647,0.236445783133,1.44061490281,1.24274486627,0.0994453559667,,184fab6850ceddcb6640c6d7c40a99ad76b6567a0af96fd41049a0eaafe65828,logistic_l2,DPB,7003,0.154001007496,2.36209674647,DPB-DP0,DP0,DP0,full,6,True,-0.0188355042404,-0.00146902299902,5,True,-0.0178964373712,-0.00140057680524,False,True,True,-0.0166763314017,-3.63404763384,True,False,True,-0.0194931043395,True,False,True,True,True,True,Supported,Supported,both_medians_improve_at_least_four_months_all_guards_pass,-0.109133636956,-0.0185032282085,-0.0185032282085,0.202504058414,0.258101613502,2.04614750013,2.04614750013,8.95605543348,3.33952088095,-0.155852589598,-0.0675779664499,-0.0264205245566,-0.0114665541216,,model_metric,,,,,,,,
later,2018-03,2018-03,2018-03-01,logistic_l2,DPG,Promise + geographic profiles,full,calibrated,calibrated,none,48428,0e3212d395457178a073ebc728d0c7ab83077476c2a4307bc15f4df202380809,4e87445cc12e7fa0e2fe82c7cfb155af1f47389e6d118c53e297abc401347be5,sha256_pickle_protocol_5_fitted_wrapper,7003,1328,0.189633014422,0.505028071159,0.157001531732,0.375259682741,0.7163465315,2.82446881543,2.4222775553,0.242469879518,2.17314759364,1.50696756407,0.107736286282,,184fab6850ceddcb6640c6d7c40a99ad76b6567a0af96fd41049a0eaafe65828,logistic_l2,DPG,7003,0.157001531732,2.4222775553,DPG-DP0,DP0,DP0,full,6,True,-0.0126256584508,-0.000678203167734,3,True,-0.0125311675792,-0.000651481391294,False,True,True,-0.0113356271504,-3.47809936608,True,False,True,-0.0132700613425,True,False,True,True,True,True,Mixed,Mixed,exactly_three_both_improved_months,-0.0978187916187,-0.0155027039732,-0.0155027039732,0.215646087694,0.262114537445,2.10632830896,2.10632830896,9.6885881243,3.60374357875,-0.138721538334,-0.0606533727232,-0.0218464885855,-0.00967705553426,,model_metric,,,,,,,,
later,2018-03,2018-03,2018-03-01,logistic_l2,DPG,Promise + geographic profiles,full,raw,raw,none,48428,0e3212d395457178a073ebc728d0c7ab83077476c2a4307bc15f4df202380809,4e87445cc12e7fa0e2fe82c7cfb155af1f47389e6d118c53e297abc401347be5,sha256_pickle_protocol_5_fitted_wrapper,7003,1328,0.189633014422,0.505028071159,0.157001531732,0.375259682741,0.7163465315,2.82446881543,2.4222775553,0.242469879518,2.17314759364,1.50696756407,0.107736286282,,184fab6850ceddcb6640c6d7c40a99ad76b6567a0af96fd41049a0eaafe65828,logistic_l2,DPG,7003,0.157001531732,2.4222775553,DPG-DP0,DP0,DP0,full,6,True,-0.0126256584508,-0.000678203167734,3,True,-0.0125311675792,-0.000651481391294,False,True,True,-0.0113356271504,-3.47809936608,True,False,True,-0.0132700613425,True,False,True,True,True,True,Mixed,Mixed,exactly_three_both_improved_months,-0.0978187916187,-0.0155027039732,-0.0155027039732,0.215646087694,0.262114537445,2.10632830896,2.10632830896,9.6885881243,3.60374357875,-0.138721538334,-0.0606533727232,-0.0218464885855,-0.00967705553426,,model_metric,,,,,,,,
later,2018-03,2018-03,2018-03-01,logistic_l2,DPS,Promise + seller profiles,full,calibrated,calibrated,none,48428,0e3212d395457178a073ebc728d0c7ab83077476c2a4307bc15f4df202380809,996acd971bf78b1f76d43b63482c3a11619744aea3fcb1f886fdbd1a83a7a927,sha256_pickle_protocol_5_fitted_wrapper,7003,1328,0.189633014422,0.594881367986,0.17127988616,0.198476323106,0.513227933761,1.29204424536,1.0982997611,0.109939759036,-0.791714249313,0.23297664555,0.13283169181,,184fab6850ceddcb6640c6d7c40a99ad76b6567a0af96fd41049a0eaafe65828,logistic_l2,DPS,7003,0.17127988616,1.0982997611,DPS-DP0,DP0,DP0,full,6,True,-0.00415653020117,-0.00047411302235,6,True,-0.00388823165404,-0.000390794822282,False,True,True,-0.00754606386358,-3.46107307636,True,False,True,-0.00375374505547,True,True,True,True,True,True,Supported,Supported,both_medians_improve_at_least_four_months_all_guards_pass,-0.00796549479204,-0.00122434954503,-0.00122434954503,0.038862728059,0.058995939706,0.782350514755,0.782350514755,6.72372628135,2.32975266023,-0.0131164856415,-0.00280385246763,-0.00192309050785,-0.00057617145573,,model_metric,,,,,,,,
later,2018-03,2018-03,2018-03-01,logistic_l2,DPS,Promise + seller profiles,full,raw,raw,none,48428,0e3212d395457178a073ebc728d0c7ab83077476c2a4307bc15f4df202380809,996acd971bf78b1f76d43b63482c3a11619744aea3fcb1f886fdbd1a83a7a927,sha256_pickle_protocol_5_fitted_wrapper,7003,1328,0.189633014422,0.594881367986,0.17127988616,0.198476323106,0.513227933761,1.29204424536,1.0982997611,0.109939759036,-0.791714249313,0.23297664555,0.13283169181,,184fab6850ceddcb6640c6d7c40a99ad76b6567a0af96fd41049a0eaafe65828,logistic_l2,DPS,7003,0.17127988616,1.0982997611,DPS-DP0,DP0,DP0,full,6,True,-0.00415653020117,-0.00047411302235,6,True,-0.00388823165404,-0.000390794822282,False,True,True,-0.00754606386358,-3.46107307636,True,False,True,-0.00375374505547,True,True,True,True,True,True,Supported,Supported,both_medians_improve_at_least_four_months_all_guards_pass,-0.00796549479204,-0.00122434954503,-0.00122434954503,0.038862728059,0.058995939706,0.782350514755,0.782350514755,6.72372628135,2.32975266023,-0.0131164856415,-0.00280385246763,-0.00192309050785,-0.00057617145573,,model_metric,,,,,,,,
later,2018-03,2018-03,2018-03-01,random_forest,DP0,Direct promise baseline,full,calibrated,calibrated,platt,48428,0e3212d395457178a073ebc728d0c7ab83077476c2a4307bc15f4df202380809,0aa8faeb90ff1456b0a8516877a8aea4fa4ebf9926435038decdda5df2dfae30,sha256_pickle_protocol_5_fitted_wrapper,7003,1328,0.189633014422,0.654980305663,0.176914554629,0.179346385932,0.490294437663,0.691093433563,0.835008722479,0.0835843373494,-40.1539990271,-11.8950416252,0.152424085245,,184fab6850ceddcb6640c6d7c40a99ad76b6567a0af96fd41049a0eaafe65828,random_forest,DP0,7003,0.176914554629,0.835008722479,DP0_reference,,,,,,,,,,,,,,,,,,,,,,,,,,,Reference,Reference,,,,,,,,,,,,,,,,model_metric,,,,,,,,
later,2018-03,2018-03,2018-03-01,random_forest,DP0,Direct promise baseline,full,raw,raw,none,48428,0e3212d395457178a073ebc728d0c7ab83077476c2a4307bc15f4df202380809,0aa8faeb90ff1456b0a8516877a8aea4fa4ebf9926435038decdda5df2dfae30,sha256_pickle_protocol_5_fitted_wrapper,7003,1328,0.189633014422,0.74788536963,0.174528414127,0.19303212228,0.509705562337,0.931473758281,0.977938143444,0.0978915662651,-1.2932836586,0.042213500156,0.138392257459,,184fab6850ceddcb6640c6d7c40a99ad76b6567a0af96fd41049a0eaafe65828,random_forest,DP0,7003,0.174528414127,0.977938143444,DP0_reference,,,,,,,,,,,,,,,,,,,,,,,,,,,Reference,Reference,,,,,,,,,,,,,,,,model_metric,,,,,,,,
later,2018-03,2018-03,2018-03-01,random_forest,DPB,Promise + both profile blocks,full,calibrated,calibrated,none,48428,0e3212d395457178a073ebc728d0c7ab83077476c2a4307bc15f4df202380809,e2c8c7642438a1350d5e854d1fc94343893d4135b1c80de1d1295c2271dd50e3,sha256_pickle_protocol_5_fitted_wrapper,7003,1328,0.189633014422,0.56683126003,0.164329311932,0.292849319658,0.629481649063,2.08830407098,1.84303727034,0.184487951807,0.253469452993,0.611550246447,0.124363788019,,184fab6850ceddcb6640c6d7c40a99ad76b6567a0af96fd41049a0eaafe65828,random_forest,DPB,7003,0.164329311932,1.84303727034,DPB-DP0,DP0,DP0,full,6,True,-0.00761967829778,5.80000102071e-05,3,True,-0.00518208294536,0.000447151509348,False,True,True,0.00534103213212,-8.50749596363,False,True,True,-0.0562746959884,True,True,True,True,True,False,Not-supported,Not-supported,nonimproving_median_or_at_most_two_both_improved_months,-0.0881490456337,-0.0125852426961,-0.0125852426961,0.113502933726,0.139187211401,1.00802854786,1.00802854786,40.4074684801,12.5065918716,-0.11352693035,-0.0648849119994,-0.0164761878497,-0.00884270858002,,model_metric,,,,,,,,
later,2018-03,2018-03,2018-03-01,random_forest,DPB,Promise + both profile blocks,full,raw,raw,none,48428,0e3212d395457178a073ebc728d0c7ab83077476c2a4307bc15f4df202380809,e2c8c7642438a1350d5e854d1fc94343893d4135b1c80de1d1295c2271dd50e3,sha256_pickle_protocol_5_fitted_wrapper,7003,1328,0.189633014422,0.56683126003,0.164329311932,0.292849319658,0.629481649063,2.08830407098,1.84303727034,0.184487951807,0.253469452993,0.611550246447,0.124363788019,,184fab6850ceddcb6640c6d7c40a99ad76b6567a0af96fd41049a0eaafe65828,random_forest,DPB,7003,0.164329311932,1.84303727034,DPB-DP0,DP0,DP0,full,6,True,-0.00761967829778,5.80000102071e-05,3,True,-0.00518208294536,0.000447151509348,False,True,True,0.00534103213212,-8.50749596363,False,True,True,-0.0562746959884,True,True,True,True,True,False,Not-supported,Not-supported,nonimproving_median_or_at_most_two_both_improved_months,-0.0881490456337,-0.0125852426961,-0.0125852426961,0.113502933726,0.139187211401,1.00802854786,1.00802854786,40.4074684801,12.5065918716,-0.11352693035,-0.0648849119994,-0.0164761878497,-0.00884270858002,,model_metric,,,,,,,,
later,2018-03,2018-03,2018-03-01,random_forest,DPG,Promise + geographic profiles,full,calibrated,calibrated,platt,48428,0e3212d395457178a073ebc728d0c7ab83077476c2a4307bc15f4df202380809,7a4558efa3f409d5c58ec6828df7d7c3726ca7b5d42992bab212523e69d9b3ba,sha256_pickle_protocol_5_fitted_wrapper,7003,1328,0.189633014422,0.609873164882,0.172828753852,0.266209726779,0.567580277055,2.01318521951,1.81294686592,0.181475903614,1.73642937282,1.07231236281,0.140783489673,,184fab6850ceddcb6640c6d7c40a99ad76b6567a0af96fd41049a0eaafe65828,random_forest,DPG,7003,0.172828753852,1.81294686592,DPG-DP0,DP0,DP0,full,6,True,-0.0110668832408,-0.00105165332621,5,True,-0.0104286141287,-0.000999966712794,False,True,True,-0.00195513110765,-8.56486680715,True,False,True,-0.0551472055044,True,True,True,True,True,True,Supported,Supported,both_medians_improve_at_least_four_months_all_guards_pass,-0.0451071407815,-0.00408580077692,-0.00408580077692,0.0868633408471,0.0772858393928,0.977938143444,0.977938143444,41.8904284,12.967353988,-0.0576003397754,-0.0324663744891,-0.00519243075131,-0.00294498187635,,model_metric,,,,,,,,
later,2018-03,2018-03,2018-03-01,random_forest,DPG,Promise + geographic profiles,full,raw,raw,none,48428,0e3212d395457178a073ebc728d0c7ab83077476c2a4307bc15f4df202380809,7a4558efa3f409d5c58ec6828df7d7c3726ca7b5d42992bab212523e69d9b3ba,sha256_pickle_protocol_5_fitted_wrapper,7003,1328,0.189633014422,0.612895374556,0.167256195391,0.266209726779,0.567580277055,2.01318521951,1.81294686592,0.181475903614,-0.705877067612,0.249840882225,0.12871799064,,184fab6850ceddcb6640c6d7c40a99ad76b6567a0af96fd41049a0eaafe65828,random_forest,DPG,7003,0.167256195391,1.81294686592,DPG-DP0,DP0,DP0,full,6,True,-0.0110668832408,-0.00105165332621,5,True,-0.0104286141287,-0.000999966712794,False,True,True,-0.00195513110765,-8.56486680715,True,False,True,-0.0551472055044,True,True,True,True,True,True,Supported,Supported,both_medians_improve_at_least_four_months_all_guards_pass,-0.0451071407815,-0.00408580077692,-0.00408580077692,0.0868633408471,0.0772858393928,0.977938143444,0.977938143444,41.8904284,12.967353988,-0.0576003397754,-0.0324663744891,-0.00519243075131,-0.00294498187635,,model_metric,,,,,,,,
later,2018-03,2018-03,2018-03-01,random_forest,DPS,Promise + seller profiles,full,calibrated,calibrated,none,48428,0e3212d395457178a073ebc728d0c7ab83077476c2a4307bc15f4df202380809,fa072bb0814d22a5a93f6a46672e242db767484d1b87ce1043b5e55000e3076a,sha256_pickle_protocol_5_fitted_wrapper,7003,1328,0.189633014422,0.632271346523,0.173191280845,0.20186664497,0.529886417918,0.976545069166,1.18857097434,0.118975903614,-0.998591319637,0.147016363751,0.138800790753,,184fab6850ceddcb6640c6d7c40a99ad76b6567a0af96fd41049a0eaafe65828,random_forest,DPS,7003,0.173191280845,1.18857097434,DPS-DP0,DP0,DP0,full,6,True,0.00193643020825,0.000363597265665,2,True,0.00279488490392,0.00067073538573,True,False,True,0.00251409493846,-8.07063120161,True,False,True,-0.0428921492894,True,True,True,True,True,False,Not-supported,Not-supported,nonimproving_median_or_at_most_two_both_improved_months,-0.0227089591403,-0.00372327378351,-0.00372327378351,0.0225202590374,0.0395919802558,0.353562251861,0.353562251861,39.1554077075,12.042057989,-0.0319201885518,-0.012431788823,-0.00537378269441,-0.00202054483927,,model_metric,,,,,,,,
later,2018-03,2018-03,2018-03-01,random_forest,DPS,Promise + seller profiles,full,raw,raw,none,48428,0e3212d395457178a073ebc728d0c7ab83077476c2a4307bc15f4df202380809,fa072bb0814d22a5a93f6a46672e242db767484d1b87ce1043b5e55000e3076a,sha256_pickle_protocol_5_fitted_wrapper,7003,1328,0.189633014422,0.632271346523,0.173191280845,0.20186664497,0.529886417918,0.976545069166,1.18857097434,0.118975903614,-0.998591319637,0.147016363751,0.138800790753,,184fab6850ceddcb6640c6d7c40a99ad76b6567a0af96fd41049a0eaafe65828,random_forest,DPS,7003,0.173191280845,1.18857097434,DPS-DP0,DP0,DP0,full,6,True,0.00193643020825,0.000363597265665,2,True,0.00279488490392,0.00067073538573,True,False,True,0.00251409493846,-8.07063120161,True,False,True,-0.0428921492894,True,True,True,True,True,False,Not-supported,Not-supported,nonimproving_median_or_at_most_two_both_improved_months,-0.0227089591403,-0.00372327378351,-0.00372327378351,0.0225202590374,0.0395919802558,0.353562251861,0.353562251861,39.1554077075,12.042057989,-0.0319201885518,-0.012431788823,-0.00537378269441,-0.00202054483927,,model_metric,,,,,,,,
later,2018-03,2018-03,2018-03-01,xgboost,DP0,Direct promise baseline,full,calibrated,calibrated,none,48428,0e3212d395457178a073ebc728d0c7ab83077476c2a4307bc15f4df202380809,79c5a2f1cade524e958f369549b205b1a45b0631b789d48296a39bef69e8d9a2,sha256_pickle_protocol_5_fitted_wrapper,7003,1328,0.189633014422,0.603095810265,0.172531908929,0.231780781518,0.604352210605,1.39721063742,1.22618397986,0.122740963855,26.1558272825,9.51371214013,0.137636860679,,184fab6850ceddcb6640c6d7c40a99ad76b6567a0af96fd41049a0eaafe65828,xgboost,DP0,7003,0.172531908929,1.22618397986,DP0_reference,,,,,,,,,,,,,,,,,,,,,,,,,,,Reference,Reference,,,,,,,,,,,,,,,,model_metric,,,,,,,,
later,2018-03,2018-03,2018-03-01,xgboost,DP0,Direct promise baseline,full,raw,raw,none,48428,0e3212d395457178a073ebc728d0c7ab83077476c2a4307bc15f4df202380809,79c5a2f1cade524e958f369549b205b1a45b0631b789d48296a39bef69e8d9a2,sha256_pickle_protocol_5_fitted_wrapper,7003,1328,0.189633014422,0.603095810265,0.172531908929,0.231780781518,0.604352210605,1.39721063742,1.22618397986,0.122740963855,26.1558272825,9.51371214013,0.137636860679,,184fab6850ceddcb6640c6d7c40a99ad76b6567a0af96fd41049a0eaafe65828,xgboost,DP0,7003,0.172531908929,1.22618397986,DP0_reference,,,,,,,,,,,,,,,,,,,,,,,,,,,Reference,Reference,,,,,,,,,,,,,,,,model_metric,,,,,,,,
later,2018-03,2018-03,2018-03-01,xgboost,DPB,Promise + both profile blocks,full,calibrated,calibrated,none,48428,0e3212d395457178a073ebc728d0c7ab83077476c2a4307bc15f4df202380809,c50de25c29db4a2b16e16537f934d9bdfcaace91a1f8f4d55886e11093615b76,sha256_pickle_protocol_5_fitted_wrapper,7003,1328,0.189633014422,0.597537168703,0.171966246803,0.302727681785,0.696212913327,1.68266227302,1.71515305158,0.171686746988,44.843016524,16.07175373,0.136975588936,,184fab6850ceddcb6640c6d7c40a99ad76b6567a0af96fd41049a0eaafe65828,xgboost,DPB,7003,0.171966246803,1.71515305158,DPB-DP0,DP0,DP0,full,6,True,-0.00229967244447,-0.000293696109202,5,True,-0.0021127497292,-0.000266410356161,False,True,True,0.00431574578376,2.43431455748,False,True,True,-0.00345421615059,True,True,True,True,True,False,Mixed,Mixed,required_guard_unavailable_or_failed,-0.00555864156153,-0.000565662126017,-0.000565662126017,0.0709469002669,0.0918607027228,0.488969071722,0.488969071722,18.6871892415,6.55804158988,-0.0073739453589,-0.00362245917468,-0.000750807828449,-0.000368187826958,,model_metric,,,,,,,,
later,2018-03,2018-03,2018-03-01,xgboost,DPB,Promise + both profile blocks,full,raw,raw,none,48428,0e3212d395457178a073ebc728d0c7ab83077476c2a4307bc15f4df202380809,c50de25c29db4a2b16e16537f934d9bdfcaace91a1f8f4d55886e11093615b76,sha256_pickle_protocol_5_fitted_wrapper,7003,1328,0.189633014422,0.597537168703,0.171966246803,0.302727681785,0.696212913327,1.68266227302,1.71515305158,0.171686746988,44.843016524,16.07175373,0.136975588936,,184fab6850ceddcb6640c6d7c40a99ad76b6567a0af96fd41049a0eaafe65828,xgboost,DPB,7003,0.171966246803,1.71515305158,DPB-DP0,DP0,DP0,full,6,True,-0.00229967244447,-0.000293696109202,5,True,-0.0021127497292,-0.000266410356161,False,True,True,0.00431574578376,2.43431455748,False,True,True,-0.00345421615059,True,True,True,True,True,False,Mixed,Mixed,required_guard_unavailable_or_failed,-0.00555864156153,-0.000565662126017,-0.000565662126017,0.0709469002669,0.0918607027228,0.488969071722,0.488969071722,18.6871892415,6.55804158988,-0.0073739453589,-0.00362245917468,-0.000750807828449,-0.000368187826958,,model_metric,,,,,,,,
later,2018-03,2018-03,2018-03-01,xgboost,DPG,Promise + geographic profiles,full,calibrated,calibrated,none,48428,0e3212d395457178a073ebc728d0c7ab83077476c2a4307bc15f4df202380809,97c147f3d44dcd90ddfb296894c87bcc28cf63ee52aa9cd45f2e31db14ab8363,sha256_pickle_protocol_5_fitted_wrapper,7003,1328,0.189633014422,0.598422839017,0.172053113302,0.298666608285,0.679592311979,1.65261473243,1.66249484385,0.166415662651,36.1028548643,13.0055792711,0.13737400315,,184fab6850ceddcb6640c6d7c40a99ad76b6567a0af96fd41049a0eaafe65828,xgboost,DPG,7003,0.172053113302,1.66249484385,DPG-DP0,DP0,DP0,full,6,True,-0.00197620878246,-0.00026123594082,5,True,-0.00209210496204,-0.000278590971538,False,True,True,0.00361843907148,0.978250023739,False,True,True,-0.00240607535493,False,False,True,True,True,False,Mixed,Mixed,required_guard_unavailable_or_failed,-0.0046729712475,-0.000478795626833,-0.000478795626833,0.0668858267675,0.0752401013747,0.436310863998,0.436310863998,9.9470275818,3.49186713096,-0.00636066971448,-0.00322797816565,-0.000654360267989,-0.000328686301541,,model_metric,,,,,,,,
later,2018-03,2018-03,2018-03-01,xgboost,DPG,Promise + geographic profiles,full,raw,raw,none,48428,0e3212d395457178a073ebc728d0c7ab83077476c2a4307bc15f4df202380809,97c147f3d44dcd90ddfb296894c87bcc28cf63ee52aa9cd45f2e31db14ab8363,sha256_pickle_protocol_5_fitted_wrapper,7003,1328,0.189633014422,0.598422839017,0.172053113302,0.298666608285,0.679592311979,1.65261473243,1.66249484385,0.166415662651,36.1028548643,13.0055792711,0.13737400315,,184fab6850ceddcb6640c6d7c40a99ad76b6567a0af96fd41049a0eaafe65828,xgboost,DPG,7003,0.172053113302,1.66249484385,DPG-DP0,DP0,DP0,full,6,True,-0.00197620878246,-0.00026123594082,5,True,-0.00209210496204,-0.000278590971538,False,True,True,0.00361843907148,0.978250023739,False,True,True,-0.00240607535493,False,False,True,True,True,False,Mixed,Mixed,required_guard_unavailable_or_failed,-0.0046729712475,-0.000478795626833,-0.000478795626833,0.0668858267675,0.0752401013747,0.436310863998,0.436310863998,9.9470275818,3.49186713096,-0.00636066971448,-0.00322797816565,-0.000654360267989,-0.000328686301541,,model_metric,,,,,,,,
later,2018-03,2018-03,2018-03-01,xgboost,DPS,Promise + seller profiles,full,calibrated,calibrated,none,48428,0e3212d395457178a073ebc728d0c7ab83077476c2a4307bc15f4df202380809,4206c1b12dc74db1d5faa9cac22e1cf55e9cec0d5efc430aa73b6cf09425f63b,sha256_pickle_protocol_5_fitted_wrapper,7003,1328,0.189633014422,0.602099737553,0.172420781345,0.219553811812,0.557579149196,1.27702047506,1.12839016551,0.112951807229,10.9456532061,4.28128233598,0.137343815021,,184fab6850ceddcb6640c6d7c40a99ad76b6567a0af96fd41049a0eaafe65828,xgboost,DPS,7003,0.172420781345,1.12839016551,DPS-DP0,DP0,DP0,full,6,True,-0.000144657998041,-1.96016143433e-05,5,True,-9.00338311444e-05,-1.56794437653e-05,False,True,True,-0.000743503690553,-2.55850693217,True,False,True,-0.000359882171151,True,False,True,True,True,True,Supported,Supported,both_medians_improve_at_least_four_months_all_guards_pass,-0.000996072712191,-0.000111127583614,-0.000111127583614,-0.0122269697056,-0.0467730614086,-0.0977938143444,-0.0977938143444,-15.2101740764,-5.23242980415,-0.00203647606086,-0.000173571899859,-0.000223075751892,-2.30865010545e-05,,model_metric,,,,,,,,
later,2018-03,2018-03,2018-03-01,xgboost,DPS,Promise + seller profiles,full,raw,raw,none,48428,0e3212d395457178a073ebc728d0c7ab83077476c2a4307bc15f4df202380809,4206c1b12dc74db1d5faa9cac22e1cf55e9cec0d5efc430aa73b6cf09425f63b,sha256_pickle_protocol_5_fitted_wrapper,7003,1328,0.189633014422,0.602099737553,0.172420781345,0.219553811812,0.557579149196,1.27702047506,1.12839016551,0.112951807229,10.9456532061,4.28128233598,0.137343815021,,184fab6850ceddcb6640c6d7c40a99ad76b6567a0af96fd41049a0eaafe65828,xgboost,DPS,7003,0.172420781345,1.12839016551,DPS-DP0,DP0,DP0,full,6,True,-0.000144657998041,-1.96016143433e-05,5,True,-9.00338311444e-05,-1.56794437653e-05,False,True,True,-0.000743503690553,-2.55850693217,True,False,True,-0.000359882171151,True,False,True,True,True,True,Supported,Supported,both_medians_improve_at_least_four_months_all_guards_pass,-0.000996072712191,-0.000111127583614,-0.000111127583614,-0.0122269697056,-0.0467730614086,-0.0977938143444,-0.0977938143444,-15.2101740764,-5.23242980415,-0.00203647606086,-0.000173571899859,-0.000223075751892,-2.30865010545e-05,,model_metric,,,,,,,,
later,2018-04,2018-04,2018-04-01,logistic_l2,DP0,Direct promise baseline,full,calibrated,calibrated,none,55252,4b412a638b1385505cf90636e7df36a90b8c5117a3e28705ec46d4040550ed76,87b4e3df32ffb2f5601da25042d8af73bbad540886603bf8e0299c2d691f7a06,sha256_pickle_protocol_5_fitted_wrapper,6798,306,0.045013239188,0.186449744604,0.0432952372444,0.0401050362983,0.465243044229,0.653402537486,0.588062283737,0.0588235294118,-13.5200726514,-3.8483877536,0.017358689113,,12138ebc6d34b03c6440d89e35b8db35a30d241f9f497044ef308120883e5a5b,logistic_l2,DP0,6798,0.0432952372444,0.588062283737,DP0_reference,,,,,,,,,,,,,,,,,,,,,,,,,,,Reference,Reference,,,,,,,,,,,,,,,,model_metric,,,,,,,,
later,2018-04,2018-04,2018-04-01,logistic_l2,DP0,Direct promise baseline,full,raw,raw,none,55252,4b412a638b1385505cf90636e7df36a90b8c5117a3e28705ec46d4040550ed76,87b4e3df32ffb2f5601da25042d8af73bbad540886603bf8e0299c2d691f7a06,sha256_pickle_protocol_5_fitted_wrapper,6798,306,0.045013239188,0.186449744604,0.0432952372444,0.0401050362983,0.465243044229,0.653402537486,0.588062283737,0.0588235294118,-13.5200726514,-3.8483877536,0.017358689113,,12138ebc6d34b03c6440d89e35b8db35a30d241f9f497044ef308120883e5a5b,logistic_l2,DP0,6798,0.0432952372444,0.588062283737,DP0_reference,,,,,,,,,,,,,,,,,,,,,,,,,,,Reference,Reference,,,,,,,,,,,,,,,,model_metric,,,,,,,,
later,2018-04,2018-04,2018-04-01,logistic_l2,DPB,Promise + both profile blocks,full,calibrated,calibrated,none,55252,4b412a638b1385505cf90636e7df36a90b8c5117a3e28705ec46d4040550ed76,9bffcc2d0b726f556d5cfd01492f0f1bd4d72e6d91a68320d5d89a4142d7164d,sha256_pickle_protocol_5_fitted_wrapper,6798,306,0.045013239188,0.181715131767,0.0431854972473,0.146774692883,0.763400605673,4.83517877739,3.52837370242,0.352941176471,0.0595849103878,1.43432363434,0.0470679722356,,12138ebc6d34b03c6440d89e35b8db35a30d241f9f497044ef308120883e5a5b,logistic_l2,DPB,6798,0.0431854972473,3.52837370242,DPB-DP0,DP0,DP0,full,6,True,-0.0188355042404,-0.00146902299902,5,True,-0.0178964373712,-0.00140057680524,False,True,True,-0.0166763314017,-3.63404763384,True,False,True,-0.0194931043395,True,False,True,True,True,True,Supported,Supported,both_medians_improve_at_least_four_months_all_guards_pass,-0.00473461283712,-0.000109739997025,-0.000109739997025,0.106669656585,0.298157561443,2.94031141869,2.94031141869,13.5796575618,5.28271138793,-0.0217918974614,0.00765071952389,-0.00384318068188,0.00250363678772,,model_metric,,,,,,,,
later,2018-04,2018-04,2018-04-01,logistic_l2,DPB,Promise + both profile blocks,full,raw,raw,none,55252,4b412a638b1385505cf90636e7df36a90b8c5117a3e28705ec46d4040550ed76,9bffcc2d0b726f556d5cfd01492f0f1bd4d72e6d91a68320d5d89a4142d7164d,sha256_pickle_protocol_5_fitted_wrapper,6798,306,0.045013239188,0.181715131767,0.0431854972473,0.146774692883,0.763400605673,4.83517877739,3.52837370242,0.352941176471,0.0595849103878,1.43432363434,0.0470679722356,,12138ebc6d34b03c6440d89e35b8db35a30d241f9f497044ef308120883e5a5b,logistic_l2,DPB,6798,0.0431854972473,3.52837370242,DPB-DP0,DP0,DP0,full,6,True,-0.0188355042404,-0.00146902299902,5,True,-0.0178964373712,-0.00140057680524,False,True,True,-0.0166763314017,-3.63404763384,True,False,True,-0.0194931043395,True,False,True,True,True,True,Supported,Supported,both_medians_improve_at_least_four_months_all_guards_pass,-0.00473461283712,-0.000109739997025,-0.000109739997025,0.106669656585,0.298157561443,2.94031141869,2.94031141869,13.5796575618,5.28271138793,-0.0217918974614,0.00765071952389,-0.00384318068188,0.00250363678772,,model_metric,,,,,,,,
later,2018-04,2018-04,2018-04-01,logistic_l2,DPG,Promise + geographic profiles,full,calibrated,calibrated,none,55252,4b412a638b1385505cf90636e7df36a90b8c5117a3e28705ec46d4040550ed76,46310058a0a9aadd218522726b8446925c75c0030bc8b5acaa9ef01f5abbb15a,sha256_pickle_protocol_5_fitted_wrapper,6798,306,0.045013239188,0.184709492915,0.0435842107462,0.136126933977,0.745300903274,3.92041522491,3.39769319493,0.339869281046,0.176945124814,1.48199747204,0.0474331401207,,12138ebc6d34b03c6440d89e35b8db35a30d241f9f497044ef308120883e5a5b,logistic_l2,DPG,6798,0.0435842107462,3.39769319493,DPG-DP0,DP0,DP0,full,6,True,-0.0126256584508,-0.000678203167734,3,True,-0.0125311675792,-0.000651481391294,False,True,True,-0.0113356271504,-3.47809936608,True,False,True,-0.0132700613425,True,False,True,True,True,True,Mixed,Mixed,exactly_three_both_improved_months,-0.00174025168947,0.000288973501816,0.000288973501816,0.0960218976784,0.280057859044,2.80963091119,2.80963091119,13.6970177762,5.33038522563,-0.0188188817419,0.00952140615368,-0.00314743715941,0.00258641839445,,model_metric,,,,,,,,
later,2018-04,2018-04,2018-04-01,logistic_l2,DPG,Promise + geographic profiles,full,raw,raw,none,55252,4b412a638b1385505cf90636e7df36a90b8c5117a3e28705ec46d4040550ed76,46310058a0a9aadd218522726b8446925c75c0030bc8b5acaa9ef01f5abbb15a,sha256_pickle_protocol_5_fitted_wrapper,6798,306,0.045013239188,0.184709492915,0.0435842107462,0.136126933977,0.745300903274,3.92041522491,3.39769319493,0.339869281046,0.176945124814,1.48199747204,0.0474331401207,,12138ebc6d34b03c6440d89e35b8db35a30d241f9f497044ef308120883e5a5b,logistic_l2,DPG,6798,0.0435842107462,3.39769319493,DPG-DP0,DP0,DP0,full,6,True,-0.0126256584508,-0.000678203167734,3,True,-0.0125311675792,-0.000651481391294,False,True,True,-0.0113356271504,-3.47809936608,True,False,True,-0.0132700613425,True,False,True,True,True,True,Mixed,Mixed,exactly_three_both_improved_months,-0.00174025168947,0.000288973501816,0.000288973501816,0.0960218976784,0.280057859044,2.80963091119,2.80963091119,13.6970177762,5.33038522563,-0.0188188817419,0.00952140615368,-0.00314743715941,0.00258641839445,,model_metric,,,,,,,,
later,2018-04,2018-04,2018-04-01,logistic_l2,DPS,Promise + seller profiles,full,calibrated,calibrated,none,55252,4b412a638b1385505cf90636e7df36a90b8c5117a3e28705ec46d4040550ed76,32e5da99683cdab1f14f37d587aeecf158ffc9b319e27e612f842a71fc1e8c3b,sha256_pickle_protocol_5_fitted_wrapper,6798,306,0.045013239188,0.185967666187,0.0432366894109,0.0709679755633,0.533180103013,1.69884659746,1.17612456747,0.117647058824,-1.04404107049,0.744005738886,0.0193555581281,,12138ebc6d34b03c6440d89e35b8db35a30d241f9f497044ef308120883e5a5b,logistic_l2,DPS,6798,0.0432366894109,1.17612456747,DPS-DP0,DP0,DP0,full,6,True,-0.00415653020117,-0.00047411302235,6,True,-0.00388823165404,-0.000390794822282,False,True,True,-0.00754606386358,-3.46107307636,True,False,True,-0.00375374505547,True,True,True,True,True,True,Supported,Supported,both_medians_improve_at_least_four_months_all_guards_pass,-0.000482078417696,-5.85478334962e-05,-5.85478334962e-05,0.030862939265,0.0679370587833,0.588062283737,0.588062283737,12.4760315809,4.59239349248,-0.00267232520373,0.00163312549611,-0.000396407806066,0.00029732864485,,model_metric,,,,,,,,
later,2018-04,2018-04,2018-04-01,logistic_l2,DPS,Promise + seller profiles,full,raw,raw,none,55252,4b412a638b1385505cf90636e7df36a90b8c5117a3e28705ec46d4040550ed76,32e5da99683cdab1f14f37d587aeecf158ffc9b319e27e612f842a71fc1e8c3b,sha256_pickle_protocol_5_fitted_wrapper,6798,306,0.045013239188,0.185967666187,0.0432366894109,0.0709679755633,0.533180103013,1.69884659746,1.17612456747,0.117647058824,-1.04404107049,0.744005738886,0.0193555581281,,12138ebc6d34b03c6440d89e35b8db35a30d241f9f497044ef308120883e5a5b,logistic_l2,DPS,6798,0.0432366894109,1.17612456747,DPS-DP0,DP0,DP0,full,6,True,-0.00415653020117,-0.00047411302235,6,True,-0.00388823165404,-0.000390794822282,False,True,True,-0.00754606386358,-3.46107307636,True,False,True,-0.00375374505547,True,True,True,True,True,True,Supported,Supported,both_medians_improve_at_least_four_months_all_guards_pass,-0.000482078417696,-5.85478334962e-05,-5.85478334962e-05,0.030862939265,0.0679370587833,0.588062283737,0.588062283737,12.4760315809,4.59239349248,-0.00267232520373,0.00163312549611,-0.000396407806066,0.00029732864485,,model_metric,,,,,,,,
later,2018-04,2018-04,2018-04-01,random_forest,DP0,Direct promise baseline,full,calibrated,calibrated,platt,55252,4b412a638b1385505cf90636e7df36a90b8c5117a3e28705ec46d4040550ed76,51c5632640021ff1e5a42d7f4b39859b5911f02a3573da6bf50cec47fc5f85a4,sha256_pickle_protocol_5_fitted_wrapper,6798,306,0.045013239188,0.184381508166,0.043049505918,0.0455201251603,0.502191737241,0.91476355248,1.20879469435,0.12091503268,-14.5673081526,-3.53650665092,0.00787550804981,,12138ebc6d34b03c6440d89e35b8db35a30d241f9f497044ef308120883e5a5b,random_forest,DP0,6798,0.043049505918,1.20879469435,DP0_reference,,,,,,,,,,,,,,,,,,,,,,,,,,,Reference,Reference,,,,,,,,,,,,,,,,model_metric,,,,,,,,
later,2018-04,2018-04,2018-04-01,random_forest,DP0,Direct promise baseline,full,raw,raw,none,55252,4b412a638b1385505cf90636e7df36a90b8c5117a3e28705ec46d4040550ed76,51c5632640021ff1e5a42d7f4b39859b5911f02a3573da6bf50cec47fc5f85a4,sha256_pickle_protocol_5_fitted_wrapper,6798,306,0.045013239188,0.211168869499,0.0455359913643,0.0453607935764,0.497808262759,1.11078431373,0.980103806228,0.0980392156863,-3.0136555728,0.0125504667208,0.0380451096218,,12138ebc6d34b03c6440d89e35b8db35a30d241f9f497044ef308120883e5a5b,random_forest,DP0,6798,0.0455359913643,0.980103806228,DP0_reference,,,,,,,,,,,,,,,,,,,,,,,,,,,Reference,Reference,,,,,,,,,,,,,,,,model_metric,,,,,,,,
later,2018-04,2018-04,2018-04-01,random_forest,DPB,Promise + both profile blocks,full,calibrated,calibrated,none,55252,4b412a638b1385505cf90636e7df36a90b8c5117a3e28705ec46d4040550ed76,997ed348131042a62f361f8c402b40be8bc4d34ac7b1e30139b0506a6909850e,sha256_pickle_protocol_5_fitted_wrapper,6798,306,0.045013239188,0.191293492294,0.0443324163279,0.106546748182,0.676989074537,3.59371395617,3.20167243368,0.320261437908,-0.0471547018315,1.343425999,0.0470646969324,,12138ebc6d34b03c6440d89e35b8db35a30d241f9f497044ef308120883e5a5b,random_forest,DPB,6798,0.0443324163279,3.20167243368,DPB-DP0,DP0,DP0,full,6,True,-0.00761967829778,5.80000102071e-05,3,True,-0.00518208294536,0.000447151509348,False,True,True,0.00534103213212,-8.50749596363,False,True,True,-0.0562746959884,True,True,True,True,True,False,Not-supported,Not-supported,nonimproving_median_or_at_most_two_both_improved_months,0.00691198412797,0.00128291040992,0.00128291040992,0.0610266230214,0.174797337296,1.99287773933,1.99287773933,14.5201534508,4.87993264992,-0.0172035890182,0.0229859737746,-0.00255539389599,0.00401249065903,,model_metric,,,,,,,,
later,2018-04,2018-04,2018-04-01,random_forest,DPB,Promise + both profile blocks,full,raw,raw,none,55252,4b412a638b1385505cf90636e7df36a90b8c5117a3e28705ec46d4040550ed76,997ed348131042a62f361f8c402b40be8bc4d34ac7b1e30139b0506a6909850e,sha256_pickle_protocol_5_fitted_wrapper,6798,306,0.045013239188,0.191293492294,0.0443324163279,0.106546748182,0.676989074537,3.59371395617,3.20167243368,0.320261437908,-0.0471547018315,1.343425999,0.0470646969324,,12138ebc6d34b03c6440d89e35b8db35a30d241f9f497044ef308120883e5a5b,random_forest,DPB,6798,0.0443324163279,3.20167243368,DPB-DP0,DP0,DP0,full,6,True,-0.00761967829778,5.80000102071e-05,3,True,-0.00518208294536,0.000447151509348,False,True,True,0.00534103213212,-8.50749596363,False,True,True,-0.0562746959884,True,True,True,True,True,False,Not-supported,Not-supported,nonimproving_median_or_at_most_two_both_improved_months,0.00691198412797,0.00128291040992,0.00128291040992,0.0610266230214,0.174797337296,1.99287773933,1.99287773933,14.5201534508,4.87993264992,-0.0172035890182,0.0229859737746,-0.00255539389599,0.00401249065903,,model_metric,,,,,,,,
later,2018-04,2018-04,2018-04-01,random_forest,DPG,Promise + geographic profiles,full,calibrated,calibrated,platt,55252,4b412a638b1385505cf90636e7df36a90b8c5117a3e28705ec46d4040550ed76,7a0ded5b5f3e54d1de3cf906593fd5727f01bcb63af86de66643f6c8c4242fa4,sha256_pickle_protocol_5_fitted_wrapper,6798,306,0.045013239188,0.18169003596,0.0427841840147,0.111519413746,0.634647620601,4.18177623991,3.13633217993,0.313725490196,8.7775686113,4.15871034,0.0235267179004,,12138ebc6d34b03c6440d89e35b8db35a30d241f9f497044ef308120883e5a5b,random_forest,DPG,6798,0.0427841840147,3.13633217993,DPG-DP0,DP0,DP0,full,6,True,-0.0110668832408,-0.00105165332621,5,True,-0.0104286141287,-0.000999966712794,False,True,True,-0.00195513110765,-8.56486680715,True,False,True,-0.0551472055044,True,True,True,True,True,True,Supported,Supported,both_medians_improve_at_least_four_months_all_guards_pass,-0.00269147220597,-0.000265321903257,-0.000265321903257,0.0659992885853,0.13245588336,1.92753748558,1.92753748558,23.3448767639,7.69521699092,-0.0109906017341,0.00257886415679,-0.00105342989354,0.000233884358338,,model_metric,,,,,,,,
later,2018-04,2018-04,2018-04-01,random_forest,DPG,Promise + geographic profiles,full,raw,raw,none,55252,4b412a638b1385505cf90636e7df36a90b8c5117a3e28705ec46d4040550ed76,7a0ded5b5f3e54d1de3cf906593fd5727f01bcb63af86de66643f6c8c4242fa4,sha256_pickle_protocol_5_fitted_wrapper,6798,306,0.045013239188,0.187442500499,0.0435910486098,0.111519413746,0.634647620601,4.18177623991,3.13633217993,0.313725490196,-0.694340320762,0.968948877488,0.035091979845,,12138ebc6d34b03c6440d89e35b8db35a30d241f9f497044ef308120883e5a5b,random_forest,DPG,6798,0.0435910486098,3.13633217993,DPG-DP0,DP0,DP0,full,6,True,-0.0110668832408,-0.00105165332621,5,True,-0.0104286141287,-0.000999966712794,False,True,True,-0.00195513110765,-8.56486680715,True,False,True,-0.0551472055044,True,True,True,True,True,True,Supported,Supported,both_medians_improve_at_least_four_months_all_guards_pass,-0.00269147220597,-0.000265321903257,-0.000265321903257,0.0659992885853,0.13245588336,1.92753748558,1.92753748558,23.3448767639,7.69521699092,-0.0109906017341,0.00257886415679,-0.00105342989354,0.000233884358338,,model_metric,,,,,,,,
later,2018-04,2018-04,2018-04-01,random_forest,DPS,Promise + seller profiles,full,calibrated,calibrated,none,55252,4b412a638b1385505cf90636e7df36a90b8c5117a3e28705ec46d4040550ed76,869753cdcea0daff32c489d21fa3b9dba5ff88f24173aaaa7d554415b67e09b2,sha256_pickle_protocol_5_fitted_wrapper,6798,306,0.045013239188,0.191803956666,0.0442231913145,0.0571449020969,0.52750720847,1.76418685121,1.24146482122,0.124183006536,-2.46716331247,0.217027509375,0.0291452848396,,12138ebc6d34b03c6440d89e35b8db35a30d241f9f497044ef308120883e5a5b,random_forest,DPS,6798,0.0442231913145,1.24146482122,DPS-DP0,DP0,DP0,full,6,True,0.00193643020825,0.000363597265665,2,True,0.00279488490392,0.00067073538573,True,False,True,0.00251409493846,-8.07063120161,True,False,True,-0.0428921492894,True,True,True,True,True,False,Not-supported,Not-supported,nonimproving_median_or_at_most_two_both_improved_months,0.00742244849953,0.00117368539653,0.00117368539653,0.0116247769366,0.0253154712285,0.0326701268743,0.0326701268743,12.1001448402,3.75353416029,-0.00399687718026,0.0149840447021,-0.000235645699477,0.00227732619747,,model_metric,,,,,,,,
later,2018-04,2018-04,2018-04-01,random_forest,DPS,Promise + seller profiles,full,raw,raw,none,55252,4b412a638b1385505cf90636e7df36a90b8c5117a3e28705ec46d4040550ed76,869753cdcea0daff32c489d21fa3b9dba5ff88f24173aaaa7d554415b67e09b2,sha256_pickle_protocol_5_fitted_wrapper,6798,306,0.045013239188,0.191803956666,0.0442231913145,0.0571449020969,0.52750720847,1.76418685121,1.24146482122,0.124183006536,-2.46716331247,0.217027509375,0.0291452848396,,12138ebc6d34b03c6440d89e35b8db35a30d241f9f497044ef308120883e5a5b,random_forest,DPS,6798,0.0442231913145,1.24146482122,DPS-DP0,DP0,DP0,full,6,True,0.00193643020825,0.000363597265665,2,True,0.00279488490392,0.00067073538573,True,False,True,0.00251409493846,-8.07063120161,True,False,True,-0.0428921492894,True,True,True,True,True,False,Not-supported,Not-supported,nonimproving_median_or_at_most_two_both_improved_months,0.00742244849953,0.00117368539653,0.00117368539653,0.0116247769366,0.0253154712285,0.0326701268743,0.0326701268743,12.1001448402,3.75353416029,-0.00399687718026,0.0149840447021,-0.000235645699477,0.00227732619747,,model_metric,,,,,,,,
later,2018-04,2018-04,2018-04-01,xgboost,DP0,Direct promise baseline,full,calibrated,calibrated,none,55252,4b412a638b1385505cf90636e7df36a90b8c5117a3e28705ec46d4040550ed76,0ea7f21c9b86473b175c6cf990fa854199a67278d92779725fe4654933f120c6,sha256_pickle_protocol_5_fitted_wrapper,6798,306,0.045013239188,0.186195850031,0.0432654575794,0.0470999556847,0.518746803507,1.11078431373,1.0127739331,0.101307189542,3.04855089275,2.24436025779,0.0168070419499,,12138ebc6d34b03c6440d89e35b8db35a30d241f9f497044ef308120883e5a5b,xgboost,DP0,6798,0.0432654575794,1.0127739331,DP0_reference,,,,,,,,,,,,,,,,,,,,,,,,,,,Reference,Reference,,,,,,,,,,,,,,,,model_metric,,,,,,,,
later,2018-04,2018-04,2018-04-01,xgboost,DP0,Direct promise baseline,full,raw,raw,none,55252,4b412a638b1385505cf90636e7df36a90b8c5117a3e28705ec46d4040550ed76,0ea7f21c9b86473b175c6cf990fa854199a67278d92779725fe4654933f120c6,sha256_pickle_protocol_5_fitted_wrapper,6798,306,0.045013239188,0.186195850031,0.0432654575794,0.0470999556847,0.518746803507,1.11078431373,1.0127739331,0.101307189542,3.04855089275,2.24436025779,0.0168070419499,,12138ebc6d34b03c6440d89e35b8db35a30d241f9f497044ef308120883e5a5b,xgboost,DP0,6798,0.0432654575794,1.0127739331,DP0_reference,,,,,,,,,,,,,,,,,,,,,,,,,,,Reference,Reference,,,,,,,,,,,,,,,,model_metric,,,,,,,,
later,2018-04,2018-04,2018-04-01,xgboost,DPB,Promise + both profile blocks,full,calibrated,calibrated,none,55252,4b412a638b1385505cf90636e7df36a90b8c5117a3e28705ec46d4040550ed76,8fad62287ec9158c2d5ae5fa3537ddc9bef5344b754166a5a722777f73528650,sha256_pickle_protocol_5_fitted_wrapper,6798,306,0.045013239188,0.186368610313,0.0432864067247,0.0764852503825,0.676836297263,1.37214532872,1.47015570934,0.147058823529,19.8669325648,8.5842468202,0.033378591989,,12138ebc6d34b03c6440d89e35b8db35a30d241f9f497044ef308120883e5a5b,xgboost,DPB,6798,0.0432864067247,1.47015570934,DPB-DP0,DP0,DP0,full,6,True,-0.00229967244447,-0.000293696109202,5,True,-0.0021127497292,-0.000266410356161,False,True,True,0.00431574578376,2.43431455748,False,True,True,-0.00345421615059,True,True,True,True,True,False,Mixed,Mixed,required_guard_unavailable_or_failed,0.000172760282503,2.09491452797e-05,2.09491452797e-05,0.0293852946978,0.158089493756,0.45738177624,0.45738177624,16.8183816721,6.33988656242,-0.000710188546931,0.000812087319103,-8.61939731957e-05,9.72352368036e-05,,model_metric,,,,,,,,
later,2018-04,2018-04,2018-04-01,xgboost,DPB,Promise + both profile blocks,full,raw,raw,none,55252,4b412a638b1385505cf90636e7df36a90b8c5117a3e28705ec46d4040550ed76,8fad62287ec9158c2d5ae5fa3537ddc9bef5344b754166a5a722777f73528650,sha256_pickle_protocol_5_fitted_wrapper,6798,306,0.045013239188,0.186368610313,0.0432864067247,0.0764852503825,0.676836297263,1.37214532872,1.47015570934,0.147058823529,19.8669325648,8.5842468202,0.033378591989,,12138ebc6d34b03c6440d89e35b8db35a30d241f9f497044ef308120883e5a5b,xgboost,DPB,6798,0.0432864067247,1.47015570934,DPB-DP0,DP0,DP0,full,6,True,-0.00229967244447,-0.000293696109202,5,True,-0.0021127497292,-0.000266410356161,False,True,True,0.00431574578376,2.43431455748,False,True,True,-0.00345421615059,True,True,True,True,True,False,Mixed,Mixed,required_guard_unavailable_or_failed,0.000172760282503,2.09491452797e-05,2.09491452797e-05,0.0293852946978,0.158089493756,0.45738177624,0.45738177624,16.8183816721,6.33988656242,-0.000710188546931,0.000812087319103,-8.61939731957e-05,9.72352368036e-05,,model_metric,,,,,,,,
later,2018-04,2018-04,2018-04-01,xgboost,DPG,Promise + geographic profiles,full,calibrated,calibrated,none,55252,4b412a638b1385505cf90636e7df36a90b8c5117a3e28705ec46d4040550ed76,a8d61fd2fd094af0b68857646ff04fffd5a2e516bd30caf27918f82df51e43f8,sha256_pickle_protocol_5_fitted_wrapper,6798,306,0.045013239188,0.186721301107,0.0433308506042,0.0546871855627,0.525946967409,1.17612456747,0.718742791234,0.0718954248366,6.50010931681,3.58104736343,0.0347416894436,,12138ebc6d34b03c6440d89e35b8db35a30d241f9f497044ef308120883e5a5b,xgboost,DPG,6798,0.0433308506042,0.718742791234,DPG-DP0,DP0,DP0,full,6,True,-0.00197620878246,-0.00026123594082,5,True,-0.00209210496204,-0.000278590971538,False,True,True,0.00361843907148,0.978250023739,False,True,True,-0.00240607535493,False,False,True,True,True,False,Mixed,Mixed,required_guard_unavailable_or_failed,0.000525451076524,6.53930247894e-05,6.53930247894e-05,0.00758722987797,0.00720016390208,-0.294031141869,-0.294031141869,3.45155842406,1.33668710564,-0.000561235090505,0.00132587858726,-6.68185397183e-05,0.000164178264465,,model_metric,,,,,,,,
later,2018-04,2018-04,2018-04-01,xgboost,DPG,Promise + geographic profiles,full,raw,raw,none,55252,4b412a638b1385505cf90636e7df36a90b8c5117a3e28705ec46d4040550ed76,a8d61fd2fd094af0b68857646ff04fffd5a2e516bd30caf27918f82df51e43f8,sha256_pickle_protocol_5_fitted_wrapper,6798,306,0.045013239188,0.186721301107,0.0433308506042,0.0546871855627,0.525946967409,1.17612456747,0.718742791234,0.0718954248366,6.50010931681,3.58104736343,0.0347416894436,,12138ebc6d34b03c6440d89e35b8db35a30d241f9f497044ef308120883e5a5b,xgboost,DPG,6798,0.0433308506042,0.718742791234,DPG-DP0,DP0,DP0,full,6,True,-0.00197620878246,-0.00026123594082,5,True,-0.00209210496204,-0.000278590971538,False,True,True,0.00361843907148,0.978250023739,False,True,True,-0.00240607535493,False,False,True,True,True,False,Mixed,Mixed,required_guard_unavailable_or_failed,0.000525451076524,6.53930247894e-05,6.53930247894e-05,0.00758722987797,0.00720016390208,-0.294031141869,-0.294031141869,3.45155842406,1.33668710564,-0.000561235090505,0.00132587858726,-6.68185397183e-05,0.000164178264465,,model_metric,,,,,,,,
later,2018-04,2018-04,2018-04-01,xgboost,DPS,Promise + seller profiles,full,calibrated,calibrated,none,55252,4b412a638b1385505cf90636e7df36a90b8c5117a3e28705ec46d4040550ed76,5611e165b59db55392d941bdb80a2acdec17ba1cd04e5d01544de31bebee6387,sha256_pickle_protocol_5_fitted_wrapper,6798,306,0.045013239188,0.186144052988,0.0432595407145,0.0544268381059,0.543308204366,1.24146482122,1.04544405998,0.104575163399,8.77616147335,4.36019029013,0.0170822037418,,12138ebc6d34b03c6440d89e35b8db35a30d241f9f497044ef308120883e5a5b,xgboost,DPS,6798,0.0432595407145,1.04544405998,DPS-DP0,DP0,DP0,full,6,True,-0.000144657998041,-1.96016143433e-05,5,True,-9.00338311444e-05,-1.56794437653e-05,False,True,True,-0.000743503690553,-2.55850693217,True,False,True,-0.000359882171151,True,False,True,True,True,True,Supported,Supported,both_medians_improve_at_least_four_months_all_guards_pass,-5.17970427999e-05,-5.91686487356e-06,-5.91686487356e-06,0.00732688242116,0.0245614008594,0.0326701268743,0.0326701268743,5.7276105806,2.11583003234,-0.000314832894303,0.00021675526948,-3.75584920512e-05,2.57911607877e-05,,model_metric,,,,,,,,
later,2018-04,2018-04,2018-04-01,xgboost,DPS,Promise + seller profiles,full,raw,raw,none,55252,4b412a638b1385505cf90636e7df36a90b8c5117a3e28705ec46d4040550ed76,5611e165b59db55392d941bdb80a2acdec17ba1cd04e5d01544de31bebee6387,sha256_pickle_protocol_5_fitted_wrapper,6798,306,0.045013239188,0.186144052988,0.0432595407145,0.0544268381059,0.543308204366,1.24146482122,1.04544405998,0.104575163399,8.77616147335,4.36019029013,0.0170822037418,,12138ebc6d34b03c6440d89e35b8db35a30d241f9f497044ef308120883e5a5b,xgboost,DPS,6798,0.0432595407145,1.04544405998,DPS-DP0,DP0,DP0,full,6,True,-0.000144657998041,-1.96016143433e-05,5,True,-9.00338311444e-05,-1.56794437653e-05,False,True,True,-0.000743503690553,-2.55850693217,True,False,True,-0.000359882171151,True,False,True,True,True,True,Supported,Supported,both_medians_improve_at_least_four_months_all_guards_pass,-5.17970427999e-05,-5.91686487356e-06,-5.91686487356e-06,0.00732688242116,0.0245614008594,0.0326701268743,0.0326701268743,5.7276105806,2.11583003234,-0.000314832894303,0.00021675526948,-3.75584920512e-05,2.57911607877e-05,,model_metric,,,,,,,,
later,2018-05,2018-05,2018-05-01,logistic_l2,DP0,Direct promise baseline,full,calibrated,calibrated,none,63102,3a2c7cf7131e9bd4bb5b4f153fa8d9fc4c621e39e39bbd1626a60fe9aeb83b96,64e1b028b5f7b99b94955ca70106b5741930f2a0d899652ee102992d54613f20,sha256_pickle_protocol_5_fitted_wrapper,6749,443,0.0656393539784,0.242021513175,0.0613049498906,0.0799354717924,0.598559972623,0.811318738563,0.81252069225,0.0812641083521,19.1048028651,8.72475169954,0.0255533863748,,5ba9c39fb7a95e02255cc9707656867769dd51ba2afc32a961f00a0dd34fba0f,logistic_l2,DP0,6749,0.0613049498906,0.81252069225,DP0_reference,,,,,,,,,,,,,,,,,,,,,,,,,,,Reference,Reference,,,,,,,,,,,,,,,,model_metric,,,,,,,,
later,2018-05,2018-05,2018-05-01,logistic_l2,DP0,Direct promise baseline,full,raw,raw,none,63102,3a2c7cf7131e9bd4bb5b4f153fa8d9fc4c621e39e39bbd1626a60fe9aeb83b96,64e1b028b5f7b99b94955ca70106b5741930f2a0d899652ee102992d54613f20,sha256_pickle_protocol_5_fitted_wrapper,6749,443,0.0656393539784,0.242021513175,0.0613049498906,0.0799354717924,0.598559972623,0.811318738563,0.81252069225,0.0812641083521,19.1048028651,8.72475169954,0.0255533863748,,5ba9c39fb7a95e02255cc9707656867769dd51ba2afc32a961f00a0dd34fba0f,logistic_l2,DP0,6749,0.0613049498906,0.81252069225,DP0_reference,,,,,,,,,,,,,,,,,,,,,,,,,,,Reference,Reference,,,,,,,,,,,,,,,,model_metric,,,,,,,,
later,2018-05,2018-05,2018-05-01,logistic_l2,DPB,Promise + both profile blocks,full,calibrated,calibrated,none,63102,3a2c7cf7131e9bd4bb5b4f153fa8d9fc4c621e39e39bbd1626a60fe9aeb83b96,c6e936962d6c6854a87f132513e83bae01e0dd212c0b3d28289bb3c311e56f6d,sha256_pickle_protocol_5_fitted_wrapper,6749,443,0.0656393539784,0.238147554309,0.0631676040429,0.15461466974,0.717571999579,3.38049474401,2.82125240365,0.282167042889,-0.952149024668,0.82302222434,0.0480090407836,,5ba9c39fb7a95e02255cc9707656867769dd51ba2afc32a961f00a0dd34fba0f,logistic_l2,DPB,6749,0.0631676040429,2.82125240365,DPB-DP0,DP0,DP0,full,6,True,-0.0188355042404,-0.00146902299902,5,True,-0.0178964373712,-0.00140057680524,False,True,True,-0.0166763314017,-3.63404763384,True,False,True,-0.0194931043395,True,False,True,True,True,True,Supported,Supported,both_medians_improve_at_least_four_months_all_guards_pass,-0.00387395886583,0.00186265415232,0.00186265415232,0.0746791979479,0.119012026956,2.0087317114,2.0087317114,-20.0569518898,-7.9017294752,-0.0284216950276,0.0144919593471,-0.00436520358297,0.00663864212472,,model_metric,,,,,,,,
later,2018-05,2018-05,2018-05-01,logistic_l2,DPB,Promise + both profile blocks,full,raw,raw,none,63102,3a2c7cf7131e9bd4bb5b4f153fa8d9fc4c621e39e39bbd1626a60fe9aeb83b96,c6e936962d6c6854a87f132513e83bae01e0dd212c0b3d28289bb3c311e56f6d,sha256_pickle_protocol_5_fitted_wrapper,6749,443,0.0656393539784,0.238147554309,0.0631676040429,0.15461466974,0.717571999579,3.38049474401,2.82125240365,0.282167042889,-0.952149024668,0.82302222434,0.0480090407836,,5ba9c39fb7a95e02255cc9707656867769dd51ba2afc32a961f00a0dd34fba0f,logistic_l2,DPB,6749,0.0631676040429,2.82125240365,DPB-DP0,DP0,DP0,full,6,True,-0.0188355042404,-0.00146902299902,5,True,-0.0178964373712,-0.00140057680524,False,True,True,-0.0166763314017,-3.63404763384,True,False,True,-0.0194931043395,True,False,True,True,True,True,Supported,Supported,both_medians_improve_at_least_four_months_all_guards_pass,-0.00387395886583,0.00186265415232,0.00186265415232,0.0746791979479,0.119012026956,2.0087317114,2.0087317114,-20.0569518898,-7.9017294752,-0.0284216950276,0.0144919593471,-0.00436520358297,0.00663864212472,,model_metric,,,,,,,,
later,2018-05,2018-05,2018-05-01,logistic_l2,DPG,Promise + geographic profiles,full,calibrated,calibrated,none,63102,3a2c7cf7131e9bd4bb5b4f153fa8d9fc4c621e39e39bbd1626a60fe9aeb83b96,941976c4b6900f085c7230aebd1aef0138279d64d33d8f84ee6afb30a68739dc,sha256_pickle_protocol_5_fitted_wrapper,6749,443,0.0656393539784,0.245205085362,0.0646185948389,0.141555046768,0.697067682146,3.15512842775,2.84382242287,0.284424379233,-1.09495392965,0.769755895679,0.0541152595533,,5ba9c39fb7a95e02255cc9707656867769dd51ba2afc32a961f00a0dd34fba0f,logistic_l2,DPG,6749,0.0646185948389,2.84382242287,DPG-DP0,DP0,DP0,full,6,True,-0.0126256584508,-0.000678203167734,3,True,-0.0125311675792,-0.000651481391294,False,True,True,-0.0113356271504,-3.47809936608,True,False,True,-0.0132700613425,True,False,True,True,True,True,Mixed,Mixed,exactly_three_both_improved_months,0.00318357218684,0.00331364494838,0.00331364494838,0.061619574976,0.0985077095231,2.03130173062,2.03130173062,-20.1997567947,-7.95499580386,-0.0235255468215,0.02302230307,-0.00318378193856,0.00848738856856,,model_metric,,,,,,,,
later,2018-05,2018-05,2018-05-01,logistic_l2,DPG,Promise + geographic profiles,full,raw,raw,none,63102,3a2c7cf7131e9bd4bb5b4f153fa8d9fc4c621e39e39bbd1626a60fe9aeb83b96,941976c4b6900f085c7230aebd1aef0138279d64d33d8f84ee6afb30a68739dc,sha256_pickle_protocol_5_fitted_wrapper,6749,443,0.0656393539784,0.245205085362,0.0646185948389,0.141555046768,0.697067682146,3.15512842775,2.84382242287,0.284424379233,-1.09495392965,0.769755895679,0.0541152595533,,5ba9c39fb7a95e02255cc9707656867769dd51ba2afc32a961f00a0dd34fba0f,logistic_l2,DPG,6749,0.0646185948389,2.84382242287,DPG-DP0,DP0,DP0,full,6,True,-0.0126256584508,-0.000678203167734,3,True,-0.0125311675792,-0.000651481391294,False,True,True,-0.0113356271504,-3.47809936608,True,False,True,-0.0132700613425,True,False,True,True,True,True,Mixed,Mixed,exactly_three_both_improved_months,0.00318357218684,0.00331364494838,0.00331364494838,0.061619574976,0.0985077095231,2.03130173062,2.03130173062,-20.1997567947,-7.95499580386,-0.0235255468215,0.02302230307,-0.00318378193856,0.00848738856856,,model_metric,,,,,,,,
later,2018-05,2018-05,2018-05-01,logistic_l2,DPS,Promise + seller profiles,full,calibrated,calibrated,none,63102,3a2c7cf7131e9bd4bb5b4f153fa8d9fc4c621e39e39bbd1626a60fe9aeb83b96,b7e9a00da738829a2d21200f3712000581c47366bd7f48f1b3a32351ea8c6329,sha256_pickle_protocol_5_fitted_wrapper,6749,443,0.0656393539784,0.240704657893,0.0611577425357,0.0852713338575,0.570914582765,1.21697810784,1.4670512499,0.146726862302,-0.313257723547,0.92368507371,0.0104393655473,,5ba9c39fb7a95e02255cc9707656867769dd51ba2afc32a961f00a0dd34fba0f,logistic_l2,DPS,6749,0.0611577425357,1.4670512499,DPS-DP0,DP0,DP0,full,6,True,-0.00415653020117,-0.00047411302235,6,True,-0.00388823165404,-0.000390794822282,False,True,True,-0.00754606386358,-3.46107307636,True,False,True,-0.00375374505547,True,True,True,True,True,True,Supported,Supported,both_medians_improve_at_least_four_months_all_guards_pass,-0.00131685528265,-0.000147207354828,-0.000147207354828,0.00533586206512,-0.0276453898577,0.654530557646,0.654530557646,-19.4180605886,-7.80106662583,-0.00457769340253,0.00194266468736,-0.000495638784097,0.000249642469249,,model_metric,,,,,,,,
later,2018-05,2018-05,2018-05-01,logistic_l2,DPS,Promise + seller profiles,full,raw,raw,none,63102,3a2c7cf7131e9bd4bb5b4f153fa8d9fc4c621e39e39bbd1626a60fe9aeb83b96,b7e9a00da738829a2d21200f3712000581c47366bd7f48f1b3a32351ea8c6329,sha256_pickle_protocol_5_fitted_wrapper,6749,443,0.0656393539784,0.240704657893,0.0611577425357,0.0852713338575,0.570914582765,1.21697810784,1.4670512499,0.146726862302,-0.313257723547,0.92368507371,0.0104393655473,,5ba9c39fb7a95e02255cc9707656867769dd51ba2afc32a961f00a0dd34fba0f,logistic_l2,DPS,6749,0.0611577425357,1.4670512499,DPS-DP0,DP0,DP0,full,6,True,-0.00415653020117,-0.00047411302235,6,True,-0.00388823165404,-0.000390794822282,False,True,True,-0.00754606386358,-3.46107307636,True,False,True,-0.00375374505547,True,True,True,True,True,True,Supported,Supported,both_medians_improve_at_least_four_months_all_guards_pass,-0.00131685528265,-0.000147207354828,-0.000147207354828,0.00533586206512,-0.0276453898577,0.654530557646,0.654530557646,-19.4180605886,-7.80106662583,-0.00457769340253,0.00194266468736,-0.000495638784097,0.000249642469249,,model_metric,,,,,,,,
later,2018-05,2018-05,2018-05-01,random_forest,DP0,Direct promise baseline,full,calibrated,calibrated,platt,63102,3a2c7cf7131e9bd4bb5b4f153fa8d9fc4c621e39e39bbd1626a60fe9aeb83b96,5e3917adfecfbc0e4e9384a1e9558818a3f7966efdae59df643362fb82c6386f,sha256_pickle_protocol_5_fitted_wrapper,6749,443,0.0656393539784,0.251573613944,0.0621470538786,0.0618664009924,0.497036753846,0.495805895789,0.586820499958,0.058690744921,-49.0408260445,-14.24486649,0.0285278071046,,5ba9c39fb7a95e02255cc9707656867769dd51ba2afc32a961f00a0dd34fba0f,random_forest,DP0,6749,0.0621470538786,0.586820499958,DP0_reference,,,,,,,,,,,,,,,,,,,,,,,,,,,Reference,Reference,,,,,,,,,,,,,,,,model_metric,,,,,,,,
later,2018-05,2018-05,2018-05-01,random_forest,DP0,Direct promise baseline,full,raw,raw,none,63102,3a2c7cf7131e9bd4bb5b4f153fa8d9fc4c621e39e39bbd1626a60fe9aeb83b96,5e3917adfecfbc0e4e9384a1e9558818a3f7966efdae59df643362fb82c6386f,sha256_pickle_protocol_5_fitted_wrapper,6749,443,0.0656393539784,0.275393500981,0.0651075113378,0.0639639838915,0.502963246154,0.721172212056,0.857660730708,0.0857787810384,-2.50330902083,0.0505526329999,0.0479013484778,,5ba9c39fb7a95e02255cc9707656867769dd51ba2afc32a961f00a0dd34fba0f,random_forest,DP0,6749,0.0651075113378,0.857660730708,DP0_reference,,,,,,,,,,,,,,,,,,,,,,,,,,,Reference,Reference,,,,,,,,,,,,,,,,model_metric,,,,,,,,
later,2018-05,2018-05,2018-05-01,random_forest,DPB,Promise + both profile blocks,full,calibrated,calibrated,none,63102,3a2c7cf7131e9bd4bb5b4f153fa8d9fc4c621e39e39bbd1626a60fe9aeb83b96,b17e1681220e79e8d98881026aae360e0559ef290d657479010dd9a7d30ecf6c,sha256_pickle_protocol_5_fitted_wrapper,6749,443,0.0656393539784,0.245318226064,0.0638121037383,0.134585346105,0.682860531265,2.79454232172,2.5504121729,0.255079006772,-1.27454547975,0.625709190429,0.0486524661279,,5ba9c39fb7a95e02255cc9707656867769dd51ba2afc32a961f00a0dd34fba0f,random_forest,DPB,6749,0.0638121037383,2.5504121729,DPB-DP0,DP0,DP0,full,6,True,-0.00761967829778,5.80000102071e-05,3,True,-0.00518208294536,0.000447151509348,False,True,True,0.00534103213212,-8.50749596363,False,True,True,-0.0562746959884,True,True,True,True,True,False,Not-supported,Not-supported,nonimproving_median_or_at_most_two_both_improved_months,-0.0062553878805,0.00166504985976,0.00166504985976,0.072718945113,0.185823777419,1.96359167294,1.96359167294,47.7662805648,14.8705756804,-0.0445038694075,0.0285429487852,-0.0048946540731,0.00675608004902,,model_metric,,,,,,,,
later,2018-05,2018-05,2018-05-01,random_forest,DPB,Promise + both profile blocks,full,raw,raw,none,63102,3a2c7cf7131e9bd4bb5b4f153fa8d9fc4c621e39e39bbd1626a60fe9aeb83b96,b17e1681220e79e8d98881026aae360e0559ef290d657479010dd9a7d30ecf6c,sha256_pickle_protocol_5_fitted_wrapper,6749,443,0.0656393539784,0.245318226064,0.0638121037383,0.134585346105,0.682860531265,2.79454232172,2.5504121729,0.255079006772,-1.27454547975,0.625709190429,0.0486524661279,,5ba9c39fb7a95e02255cc9707656867769dd51ba2afc32a961f00a0dd34fba0f,random_forest,DPB,6749,0.0638121037383,2.5504121729,DPB-DP0,DP0,DP0,full,6,True,-0.00761967829778,5.80000102071e-05,3,True,-0.00518208294536,0.000447151509348,False,True,True,0.00534103213212,-8.50749596363,False,True,True,-0.0562746959884,True,True,True,True,True,False,Not-supported,Not-supported,nonimproving_median_or_at_most_two_both_improved_months,-0.0062553878805,0.00166504985976,0.00166504985976,0.072718945113,0.185823777419,1.96359167294,1.96359167294,47.7662805648,14.8705756804,-0.0445038694075,0.0285429487852,-0.0048946540731,0.00675608004902,,model_metric,,,,,,,,
later,2018-05,2018-05,2018-05-01,random_forest,DPG,Promise + geographic profiles,full,calibrated,calibrated,platt,63102,3a2c7cf7131e9bd4bb5b4f153fa8d9fc4c621e39e39bbd1626a60fe9aeb83b96,2d1e26637def0109d0cfec55605e353d41f29b8a88c3b3eaa3fee65116956e1a,sha256_pickle_protocol_5_fitted_wrapper,6749,443,0.0656393539784,0.234695912232,0.0604906775527,0.142460462968,0.687743551414,3.06498190124,2.8663924421,0.286681715576,4.67180070211,2.61445492197,0.0261912146087,,5ba9c39fb7a95e02255cc9707656867769dd51ba2afc32a961f00a0dd34fba0f,random_forest,DPG,6749,0.0604906775527,2.8663924421,DPG-DP0,DP0,DP0,full,6,True,-0.0110668832408,-0.00105165332621,5,True,-0.0104286141287,-0.000999966712794,False,True,True,-0.00195513110765,-8.56486680715,True,False,True,-0.0551472055044,True,True,True,True,True,True,Supported,Supported,both_medians_improve_at_least_four_months_all_guards_pass,-0.0168777017124,-0.00165637632591,-0.00165637632591,0.0805940619752,0.190706797568,2.27957194215,2.27957194215,53.7126267466,16.859321412,-0.0330473891528,0.00148462319418,-0.00323286040521,0.000123466823496,,model_metric,,,,,,,,
later,2018-05,2018-05,2018-05-01,random_forest,DPG,Promise + geographic profiles,full,raw,raw,none,63102,3a2c7cf7131e9bd4bb5b4f153fa8d9fc4c621e39e39bbd1626a60fe9aeb83b96,2d1e26637def0109d0cfec55605e353d41f29b8a88c3b3eaa3fee65116956e1a,sha256_pickle_protocol_5_fitted_wrapper,6749,443,0.0656393539784,0.244177542225,0.063328252405,0.142460462968,0.687743551414,3.06498190124,2.8663924421,0.286681715576,-1.28290085277,0.60914873958,0.0490211459837,,5ba9c39fb7a95e02255cc9707656867769dd51ba2afc32a961f00a0dd34fba0f,random_forest,DPG,6749,0.063328252405,2.8663924421,DPG-DP0,DP0,DP0,full,6,True,-0.0110668832408,-0.00105165332621,5,True,-0.0104286141287,-0.000999966712794,False,True,True,-0.00195513110765,-8.56486680715,True,False,True,-0.0551472055044,True,True,True,True,True,True,Supported,Supported,both_medians_improve_at_least_four_months_all_guards_pass,-0.0168777017124,-0.00165637632591,-0.00165637632591,0.0805940619752,0.190706797568,2.27957194215,2.27957194215,53.7126267466,16.859321412,-0.0330473891528,0.00148462319418,-0.00323286040521,0.000123466823496,,model_metric,,,,,,,,
later,2018-05,2018-05,2018-05-01,random_forest,DPS,Promise + seller profiles,full,calibrated,calibrated,none,63102,3a2c7cf7131e9bd4bb5b4f153fa8d9fc4c621e39e39bbd1626a60fe9aeb83b96,28001dbdd9522c7f186c065e11e57c0c6e39fa8c93550864b23c91c4810f72de,sha256_pickle_protocol_5_fitted_wrapper,6749,443,0.0656393539784,0.252146504389,0.0627264584846,0.0741383553928,0.516000741706,1.39727116086,1.26392107683,0.126410835214,-2.38104000947,0.100815689706,0.0296961206437,,5ba9c39fb7a95e02255cc9707656867769dd51ba2afc32a961f00a0dd34fba0f,random_forest,DPS,6749,0.0627264584846,1.26392107683,DPS-DP0,DP0,DP0,full,6,True,0.00193643020825,0.000363597265665,2,True,0.00279488490392,0.00067073538573,True,False,True,0.00251409493846,-8.07063120161,True,False,True,-0.0428921492894,True,True,True,True,True,False,Not-supported,Not-supported,nonimproving_median_or_at_most_two_both_improved_months,0.00057289044533,0.000579404606051,0.000579404606051,0.0122719544003,0.0189639878606,0.677100576875,0.677100576875,46.6597860351,14.3456821797,-0.00911774565086,0.0169588212462,-0.000692672567776,0.00264979081209,,model_metric,,,,,,,,
later,2018-05,2018-05,2018-05-01,random_forest,DPS,Promise + seller profiles,full,raw,raw,none,63102,3a2c7cf7131e9bd4bb5b4f153fa8d9fc4c621e39e39bbd1626a60fe9aeb83b96,28001dbdd9522c7f186c065e11e57c0c6e39fa8c93550864b23c91c4810f72de,sha256_pickle_protocol_5_fitted_wrapper,6749,443,0.0656393539784,0.252146504389,0.0627264584846,0.0741383553928,0.516000741706,1.39727116086,1.26392107683,0.126410835214,-2.38104000947,0.100815689706,0.0296961206437,,5ba9c39fb7a95e02255cc9707656867769dd51ba2afc32a961f00a0dd34fba0f,random_forest,DPS,6749,0.0627264584846,1.26392107683,DPS-DP0,DP0,DP0,full,6,True,0.00193643020825,0.000363597265665,2,True,0.00279488490392,0.00067073538573,True,False,True,0.00251409493846,-8.07063120161,True,False,True,-0.0428921492894,True,True,True,True,True,False,Not-supported,Not-supported,nonimproving_median_or_at_most_two_both_improved_months,0.00057289044533,0.000579404606051,0.000579404606051,0.0122719544003,0.0189639878606,0.677100576875,0.677100576875,46.6597860351,14.3456821797,-0.00911774565086,0.0169588212462,-0.000692672567776,0.00264979081209,,model_metric,,,,,,,,
later,2018-05,2018-05,2018-05-01,xgboost,DP0,Direct promise baseline,full,calibrated,calibrated,none,63102,3a2c7cf7131e9bd4bb5b4f153fa8d9fc4c621e39e39bbd1626a60fe9aeb83b96,f6acfe0a8836588b73e5bd1b7b58528987fdd1c87c31c25417fc813a43da1265,sha256_pickle_protocol_5_fitted_wrapper,6749,443,0.0656393539784,0.242462678616,0.0613630504649,0.0806243690477,0.578596542474,0.856392001817,1.15107098069,0.115124153499,15.71915954,7.32515327461,0.0215311982174,,5ba9c39fb7a95e02255cc9707656867769dd51ba2afc32a961f00a0dd34fba0f,xgboost,DP0,6749,0.0613630504649,1.15107098069,DP0_reference,,,,,,,,,,,,,,,,,,,,,,,,,,,Reference,Reference,,,,,,,,,,,,,,,,model_metric,,,,,,,,
later,2018-05,2018-05,2018-05-01,xgboost,DP0,Direct promise baseline,full,raw,raw,none,63102,3a2c7cf7131e9bd4bb5b4f153fa8d9fc4c621e39e39bbd1626a60fe9aeb83b96,f6acfe0a8836588b73e5bd1b7b58528987fdd1c87c31c25417fc813a43da1265,sha256_pickle_protocol_5_fitted_wrapper,6749,443,0.0656393539784,0.242462678616,0.0613630504649,0.0806243690477,0.578596542474,0.856392001817,1.15107098069,0.115124153499,15.71915954,7.32515327461,0.0215311982174,,5ba9c39fb7a95e02255cc9707656867769dd51ba2afc32a961f00a0dd34fba0f,xgboost,DP0,6749,0.0613630504649,1.15107098069,DP0_reference,,,,,,,,,,,,,,,,,,,,,,,,,,,Reference,Reference,,,,,,,,,,,,,,,,model_metric,,,,,,,,
later,2018-05,2018-05,2018-05-01,xgboost,DPB,Promise + both profile blocks,full,calibrated,calibrated,none,63102,3a2c7cf7131e9bd4bb5b4f153fa8d9fc4c621e39e39bbd1626a60fe9aeb83b96,f7279a61afdf97e860a43a3d4fe9d19529dc873ad82b702c04185e39e7aea774,sha256_pickle_protocol_5_fitted_wrapper,6749,443,0.0656393539784,0.239674392382,0.0609301226906,0.126299284731,0.662724382311,2.79454232172,2.39242203829,0.23927765237,9.58138315035,5.01388511389,0.0303127507419,,5ba9c39fb7a95e02255cc9707656867769dd51ba2afc32a961f00a0dd34fba0f,xgboost,DPB,6749,0.0609301226906,2.39242203829,DPB-DP0,DP0,DP0,full,6,True,-0.00229967244447,-0.000293696109202,5,True,-0.0021127497292,-0.000266410356161,False,True,True,0.00431574578376,2.43431455748,False,True,True,-0.00345421615059,True,True,True,True,True,False,Mixed,Mixed,required_guard_unavailable_or_failed,-0.00278828623472,-0.000432927774284,-0.000432927774284,0.0456749156829,0.0841278398372,1.2413510576,1.2413510576,-6.13777638969,-2.31126816071,-0.00591159097586,0.000167956238359,-0.000918657522631,1.16630498252e-05,,model_metric,,,,,,,,
later,2018-05,2018-05,2018-05-01,xgboost,DPB,Promise + both profile blocks,full,raw,raw,none,63102,3a2c7cf7131e9bd4bb5b4f153fa8d9fc4c621e39e39bbd1626a60fe9aeb83b96,f7279a61afdf97e860a43a3d4fe9d19529dc873ad82b702c04185e39e7aea774,sha256_pickle_protocol_5_fitted_wrapper,6749,443,0.0656393539784,0.239674392382,0.0609301226906,0.126299284731,0.662724382311,2.79454232172,2.39242203829,0.23927765237,9.58138315035,5.01388511389,0.0303127507419,,5ba9c39fb7a95e02255cc9707656867769dd51ba2afc32a961f00a0dd34fba0f,xgboost,DPB,6749,0.0609301226906,2.39242203829,DPB-DP0,DP0,DP0,full,6,True,-0.00229967244447,-0.000293696109202,5,True,-0.0021127497292,-0.000266410356161,False,True,True,0.00431574578376,2.43431455748,False,True,True,-0.00345421615059,True,True,True,True,True,False,Mixed,Mixed,required_guard_unavailable_or_failed,-0.00278828623472,-0.000432927774284,-0.000432927774284,0.0456749156829,0.0841278398372,1.2413510576,1.2413510576,-6.13777638969,-2.31126816071,-0.00591159097586,0.000167956238359,-0.000918657522631,1.16630498252e-05,,model_metric,,,,,,,,
later,2018-05,2018-05,2018-05-01,xgboost,DPG,Promise + geographic profiles,full,calibrated,calibrated,none,63102,3a2c7cf7131e9bd4bb5b4f153fa8d9fc4c621e39e39bbd1626a60fe9aeb83b96,6acd2317a934e6d5124f16b9e07c2ae0eadc7cd2998b1564c276beacbfee9dfa,sha256_pickle_protocol_5_fitted_wrapper,6749,443,0.0656393539784,0.240107915949,0.0610073711128,0.121922865519,0.67915575764,2.29873642593,2.166721846,0.216704288939,11.826226137,5.92554752827,0.0351402247671,,5ba9c39fb7a95e02255cc9707656867769dd51ba2afc32a961f00a0dd34fba0f,xgboost,DPG,6749,0.0610073711128,2.166721846,DPG-DP0,DP0,DP0,full,6,True,-0.00197620878246,-0.00026123594082,5,True,-0.00209210496204,-0.000278590971538,False,True,True,0.00361843907148,0.978250023739,False,True,True,-0.00240607535493,False,False,True,True,True,False,Mixed,Mixed,required_guard_unavailable_or_failed,-0.00235476266734,-0.000355679352078,-0.000355679352078,0.041298496471,0.100559215166,1.01565086531,1.01565086531,-3.89293340306,-1.39960574634,-0.004826633991,0.000138789283829,-0.000728014622095,1.49923499775e-05,,model_metric,,,,,,,,
later,2018-05,2018-05,2018-05-01,xgboost,DPG,Promise + geographic profiles,full,raw,raw,none,63102,3a2c7cf7131e9bd4bb5b4f153fa8d9fc4c621e39e39bbd1626a60fe9aeb83b96,6acd2317a934e6d5124f16b9e07c2ae0eadc7cd2998b1564c276beacbfee9dfa,sha256_pickle_protocol_5_fitted_wrapper,6749,443,0.0656393539784,0.240107915949,0.0610073711128,0.121922865519,0.67915575764,2.29873642593,2.166721846,0.216704288939,11.826226137,5.92554752827,0.0351402247671,,5ba9c39fb7a95e02255cc9707656867769dd51ba2afc32a961f00a0dd34fba0f,xgboost,DPG,6749,0.0610073711128,2.166721846,DPG-DP0,DP0,DP0,full,6,True,-0.00197620878246,-0.00026123594082,5,True,-0.00209210496204,-0.000278590971538,False,True,True,0.00361843907148,0.978250023739,False,True,True,-0.00240607535493,False,False,True,True,True,False,Mixed,Mixed,required_guard_unavailable_or_failed,-0.00235476266734,-0.000355679352078,-0.000355679352078,0.041298496471,0.100559215166,1.01565086531,1.01565086531,-3.89293340306,-1.39960574634,-0.004826633991,0.000138789283829,-0.000728014622095,1.49923499775e-05,,model_metric,,,,,,,,
later,2018-05,2018-05,2018-05-01,xgboost,DPS,Promise + seller profiles,full,calibrated,calibrated,none,63102,3a2c7cf7131e9bd4bb5b4f153fa8d9fc4c621e39e39bbd1626a60fe9aeb83b96,97c56a860b55d7a9fb272a61e1b5061e19ed12cd4deb8ebe7d8a04a8805e1039,sha256_pickle_protocol_5_fitted_wrapper,6749,443,0.0656393539784,0.242859162961,0.0614179198735,0.0697299449614,0.516395041735,0.856392001817,0.677100576875,0.0677200902935,-0.641898463013,0.801880320784,0.017532775303,,5ba9c39fb7a95e02255cc9707656867769dd51ba2afc32a961f00a0dd34fba0f,xgboost,DPS,6749,0.0614179198735,0.677100576875,DPS-DP0,DP0,DP0,full,6,True,-0.000144657998041,-1.96016143433e-05,5,True,-9.00338311444e-05,-1.56794437653e-05,False,True,True,-0.000743503690553,-2.55850693217,True,False,True,-0.000359882171151,True,False,True,True,True,True,Supported,Supported,both_medians_improve_at_least_four_months_all_guards_pass,0.000396484344706,5.48694085748e-05,5.48694085748e-05,-0.0108944240863,-0.0622015007385,-0.473970403812,-0.473970403812,-16.361058003,-6.52327295382,-5.10163956057e-05,0.000908174969636,-7.00395826568e-06,0.000126353220655,,model_metric,,,,,,,,
later,2018-05,2018-05,2018-05-01,xgboost,DPS,Promise + seller profiles,full,raw,raw,none,63102,3a2c7cf7131e9bd4bb5b4f153fa8d9fc4c621e39e39bbd1626a60fe9aeb83b96,97c56a860b55d7a9fb272a61e1b5061e19ed12cd4deb8ebe7d8a04a8805e1039,sha256_pickle_protocol_5_fitted_wrapper,6749,443,0.0656393539784,0.242859162961,0.0614179198735,0.0697299449614,0.516395041735,0.856392001817,0.677100576875,0.0677200902935,-0.641898463013,0.801880320784,0.017532775303,,5ba9c39fb7a95e02255cc9707656867769dd51ba2afc32a961f00a0dd34fba0f,xgboost,DPS,6749,0.0614179198735,0.677100576875,DPS-DP0,DP0,DP0,full,6,True,-0.000144657998041,-1.96016143433e-05,5,True,-9.00338311444e-05,-1.56794437653e-05,False,True,True,-0.000743503690553,-2.55850693217,True,False,True,-0.000359882171151,True,False,True,True,True,True,Supported,Supported,both_medians_improve_at_least_four_months_all_guards_pass,0.000396484344706,5.48694085748e-05,5.48694085748e-05,-0.0108944240863,-0.0622015007385,-0.473970403812,-0.473970403812,-16.361058003,-6.52327295382,-5.10163956057e-05,0.000908174969636,-7.00395826568e-06,0.000126353220655,,model_metric,,,,,,,,
later,2018-06,2018-06,2018-06-01,logistic_l2,DP0,Direct promise baseline,full,calibrated,calibrated,none,70213,b4b7730fb73b48d8c9ea1119a7fd918eac0ff0054243f3208bac0ffcbe3027d2,dba6c728dea00a062ea3492fa346ad045cc15bb612707f7fee7288136b7b53a5,sha256_pickle_protocol_5_fitted_wrapper,6096,71,0.0116469816273,0.105842971954,0.0153355990236,0.0195490681575,0.57774998539,3.09655968598,1.54827984299,0.154929577465,85.5766387824,35.5430176828,0.0618702530042,,93d1e83d8d3dc0b917f21633c2bfe0cd78c570027229894e2260c262d727c336,logistic_l2,DP0,6096,0.0153355990236,1.54827984299,DP0_reference,,,,,,,,,,,,,,,,,,,,,,,,,,,Reference,Reference,,,,,,,,,,,,,,,,model_metric,,,,,,,,
later,2018-06,2018-06,2018-06-01,logistic_l2,DP0,Direct promise baseline,full,raw,raw,none,70213,b4b7730fb73b48d8c9ea1119a7fd918eac0ff0054243f3208bac0ffcbe3027d2,dba6c728dea00a062ea3492fa346ad045cc15bb612707f7fee7288136b7b53a5,sha256_pickle_protocol_5_fitted_wrapper,6096,71,0.0116469816273,0.105842971954,0.0153355990236,0.0195490681575,0.57774998539,3.09655968598,1.54827984299,0.154929577465,85.5766387824,35.5430176828,0.0618702530042,,93d1e83d8d3dc0b917f21633c2bfe0cd78c570027229894e2260c262d727c336,logistic_l2,DP0,6096,0.0153355990236,1.54827984299,DP0_reference,,,,,,,,,,,,,,,,,,,,,,,,,,,Reference,Reference,,,,,,,,,,,,,,,,model_metric,,,,,,,,
later,2018-06,2018-06,2018-06-01,logistic_l2,DPB,Promise + both profile blocks,full,calibrated,calibrated,none,70213,b4b7730fb73b48d8c9ea1119a7fd918eac0ff0054243f3208bac0ffcbe3027d2,1542ba17a90d1013616ba6b3db287b43556717f771b0209f9023aa104ef2eaeb,sha256_pickle_protocol_5_fitted_wrapper,6096,71,0.0116469816273,0.0850978492798,0.014404013319,0.0510519748298,0.743961194553,5.06709766798,3.51881782498,0.352112676056,-1.470076319,1.0636288273,0.0426334187857,,93d1e83d8d3dc0b917f21633c2bfe0cd78c570027229894e2260c262d727c336,logistic_l2,DPB,6096,0.014404013319,3.51881782498,DPB-DP0,DP0,DP0,full,6,True,-0.0188355042404,-0.00146902299902,5,True,-0.0178964373712,-0.00140057680524,False,True,True,-0.0166763314017,-3.63404763384,True,False,True,-0.0194931043395,True,False,True,True,True,True,Supported,Supported,both_medians_improve_at_least_four_months_all_guards_pass,-0.0207451226746,-0.000931585704574,-0.000931585704574,0.0315029066723,0.166211209164,1.97053798199,1.97053798199,-87.0467151014,-34.4793888555,-0.0306886130869,-0.0152400365616,-0.00203321319795,-0.000240577281135,,model_metric,,,,,,,,
later,2018-06,2018-06,2018-06-01,logistic_l2,DPB,Promise + both profile blocks,full,raw,raw,none,70213,b4b7730fb73b48d8c9ea1119a7fd918eac0ff0054243f3208bac0ffcbe3027d2,1542ba17a90d1013616ba6b3db287b43556717f771b0209f9023aa104ef2eaeb,sha256_pickle_protocol_5_fitted_wrapper,6096,71,0.0116469816273,0.0850978492798,0.014404013319,0.0510519748298,0.743961194553,5.06709766798,3.51881782498,0.352112676056,-1.470076319,1.0636288273,0.0426334187857,,93d1e83d8d3dc0b917f21633c2bfe0cd78c570027229894e2260c262d727c336,logistic_l2,DPB,6096,0.014404013319,3.51881782498,DPB-DP0,DP0,DP0,full,6,True,-0.0188355042404,-0.00146902299902,5,True,-0.0178964373712,-0.00140057680524,False,True,True,-0.0166763314017,-3.63404763384,True,False,True,-0.0194931043395,True,False,True,True,True,True,Supported,Supported,both_medians_improve_at_least_four_months_all_guards_pass,-0.0207451226746,-0.000931585704574,-0.000931585704574,0.0315029066723,0.166211209164,1.97053798199,1.97053798199,-87.0467151014,-34.4793888555,-0.0306886130869,-0.0152400365616,-0.00203321319795,-0.000240577281135,,model_metric,,,,,,,,
later,2018-06,2018-06,2018-06-01,logistic_l2,DPG,Promise + geographic profiles,full,calibrated,calibrated,none,70213,b4b7730fb73b48d8c9ea1119a7fd918eac0ff0054243f3208bac0ffcbe3027d2,91b50c1ef01ed77d14e0266d45f10364024991be1edc10ce3d8e2a253a8e1700,sha256_pickle_protocol_5_fitted_wrapper,6096,71,0.0116469816273,0.0943584936353,0.0157865572736,0.0549078942347,0.76501899363,5.06709766798,3.37806511198,0.338028169014,-1.33995576506,1.21873580977,0.0537492455504,,93d1e83d8d3dc0b917f21633c2bfe0cd78c570027229894e2260c262d727c336,logistic_l2,DPG,6096,0.0157865572736,3.37806511198,DPG-DP0,DP0,DP0,full,6,True,-0.0126256584508,-0.000678203167734,3,True,-0.0125311675792,-0.000651481391294,False,True,True,-0.0113356271504,-3.47809936608,True,False,True,-0.0132700613425,True,False,True,True,True,True,Mixed,Mixed,exactly_three_both_improved_months,-0.0114844783192,0.000450958250015,0.000450958250015,0.0353588260772,0.18726900824,1.82978526899,1.82978526899,-86.9165945475,-34.324281873,-0.0229225618387,-0.00458002219753,-0.00111699662816,0.00142383112724,,model_metric,,,,,,,,
later,2018-06,2018-06,2018-06-01,logistic_l2,DPG,Promise + geographic profiles,full,raw,raw,none,70213,b4b7730fb73b48d8c9ea1119a7fd918eac0ff0054243f3208bac0ffcbe3027d2,91b50c1ef01ed77d14e0266d45f10364024991be1edc10ce3d8e2a253a8e1700,sha256_pickle_protocol_5_fitted_wrapper,6096,71,0.0116469816273,0.0943584936353,0.0157865572736,0.0549078942347,0.76501899363,5.06709766798,3.37806511198,0.338028169014,-1.33995576506,1.21873580977,0.0537492455504,,93d1e83d8d3dc0b917f21633c2bfe0cd78c570027229894e2260c262d727c336,logistic_l2,DPG,6096,0.0157865572736,3.37806511198,DPG-DP0,DP0,DP0,full,6,True,-0.0126256584508,-0.000678203167734,3,True,-0.0125311675792,-0.000651481391294,False,True,True,-0.0113356271504,-3.47809936608,True,False,True,-0.0132700613425,True,False,True,True,True,True,Mixed,Mixed,exactly_three_both_improved_months,-0.0114844783192,0.000450958250015,0.000450958250015,0.0353588260772,0.18726900824,1.82978526899,1.82978526899,-86.9165945475,-34.324281873,-0.0229225618387,-0.00458002219753,-0.00111699662816,0.00142383112724,,model_metric,,,,,,,,
later,2018-06,2018-06,2018-06-01,logistic_l2,DPS,Promise + seller profiles,full,calibrated,calibrated,none,70213,b4b7730fb73b48d8c9ea1119a7fd918eac0ff0054243f3208bac0ffcbe3027d2,4bac0169fa53dda3803eae4f954f7566a15776bbcaf5d4bbf184668e00767c32,sha256_pickle_protocol_5_fitted_wrapper,6096,71,0.0116469816273,0.098489916339,0.0146168031718,0.0106338619086,0.460653380866,1.12602170399,0.844516277996,0.0845070422535,-5.91853599023,-0.542076599491,0.0525797455246,,93d1e83d8d3dc0b917f21633c2bfe0cd78c570027229894e2260c262d727c336,logistic_l2,DPS,6096,0.0146168031718,0.844516277996,DPS-DP0,DP0,DP0,full,6,True,-0.00415653020117,-0.00047411302235,6,True,-0.00388823165404,-0.000390794822282,False,True,True,-0.00754606386358,-3.46107307636,True,False,True,-0.00375374505547,True,True,True,True,True,True,Supported,Supported,both_medians_improve_at_least_four_months_all_guards_pass,-0.00735305561546,-0.0007187958518,-0.0007187958518,-0.00891520624886,-0.117096604523,-0.703763564997,-0.703763564997,-91.4951747727,-36.0850942823,-0.0082589684356,-0.00650166703437,-0.000848996900661,-0.000612684816423,,model_metric,,,,,,,,
later,2018-06,2018-06,2018-06-01,logistic_l2,DPS,Promise + seller profiles,full,raw,raw,none,70213,b4b7730fb73b48d8c9ea1119a7fd918eac0ff0054243f3208bac0ffcbe3027d2,4bac0169fa53dda3803eae4f954f7566a15776bbcaf5d4bbf184668e00767c32,sha256_pickle_protocol_5_fitted_wrapper,6096,71,0.0116469816273,0.098489916339,0.0146168031718,0.0106338619086,0.460653380866,1.12602170399,0.844516277996,0.0845070422535,-5.91853599023,-0.542076599491,0.0525797455246,,93d1e83d8d3dc0b917f21633c2bfe0cd78c570027229894e2260c262d727c336,logistic_l2,DPS,6096,0.0146168031718,0.844516277996,DPS-DP0,DP0,DP0,full,6,True,-0.00415653020117,-0.00047411302235,6,True,-0.00388823165404,-0.000390794822282,False,True,True,-0.00754606386358,-3.46107307636,True,False,True,-0.00375374505547,True,True,True,True,True,True,Supported,Supported,both_medians_improve_at_least_four_months_all_guards_pass,-0.00735305561546,-0.0007187958518,-0.0007187958518,-0.00891520624886,-0.117096604523,-0.703763564997,-0.703763564997,-91.4951747727,-36.0850942823,-0.0082589684356,-0.00650166703437,-0.000848996900661,-0.000612684816423,,model_metric,,,,,,,,
later,2018-06,2018-06,2018-06-01,random_forest,DP0,Direct promise baseline,full,calibrated,calibrated,platt,70213,b4b7730fb73b48d8c9ea1119a7fd918eac0ff0054243f3208bac0ffcbe3027d2,e8c1d3ae068a09c6b369da0b9d92e0272f35a8070f642da0ae1190941be09dfd,sha256_pickle_protocol_5_fitted_wrapper,6096,71,0.0116469816273,0.0757739291134,0.012162226524,0.0108945594005,0.452713459178,0.281505425999,1.26677441699,0.12676056338,-108.660595178,-32.0095949849,0.0254924298589,,93d1e83d8d3dc0b917f21633c2bfe0cd78c570027229894e2260c262d727c336,random_forest,DP0,6096,0.012162226524,1.26677441699,DP0_reference,,,,,,,,,,,,,,,,,,,,,,,,,,,Reference,Reference,,,,,,,,,,,,,,,,model_metric,,,,,,,,
later,2018-06,2018-06,2018-06-01,random_forest,DP0,Direct promise baseline,full,raw,raw,none,70213,b4b7730fb73b48d8c9ea1119a7fd918eac0ff0054243f3208bac0ffcbe3027d2,e8c1d3ae068a09c6b369da0b9d92e0272f35a8070f642da0ae1190941be09dfd,sha256_pickle_protocol_5_fitted_wrapper,6096,71,0.0116469816273,0.105192523476,0.0169105873282,0.0171593155898,0.547286540822,2.53354883399,1.82978526899,0.183098591549,-4.08628606977,0.113596663674,0.0574544216644,,93d1e83d8d3dc0b917f21633c2bfe0cd78c570027229894e2260c262d727c336,random_forest,DP0,6096,0.0169105873282,1.82978526899,DP0_reference,,,,,,,,,,,,,,,,,,,,,,,,,,,Reference,Reference,,,,,,,,,,,,,,,,model_metric,,,,,,,,
later,2018-06,2018-06,2018-06-01,random_forest,DPB,Promise + both profile blocks,full,calibrated,calibrated,none,70213,b4b7730fb73b48d8c9ea1119a7fd918eac0ff0054243f3208bac0ffcbe3027d2,9705d00b2e29e8d981f51ca695e1d2d73c69888c503f3a3feefb42ce87e2b289,sha256_pickle_protocol_5_fitted_wrapper,6096,71,0.0116469816273,0.0865633466285,0.0139659723806,0.0732433583051,0.638131026825,3.65957053798,3.37806511198,0.338028169014,-2.54105651415,0.633943283205,0.0409070815187,,93d1e83d8d3dc0b917f21633c2bfe0cd78c570027229894e2260c262d727c336,random_forest,DPB,6096,0.0139659723806,3.37806511198,DPB-DP0,DP0,DP0,full,6,True,-0.00761967829778,5.80000102071e-05,3,True,-0.00518208294536,0.000447151509348,False,True,True,0.00534103213212,-8.50749596363,False,True,True,-0.0562746959884,True,True,True,True,True,False,Not-supported,Not-supported,nonimproving_median_or_at_most_two_both_improved_months,0.0107894175151,0.00180374585657,0.00180374585657,0.0623487989046,0.185417567647,2.11129069499,2.11129069499,106.119538664,32.6435382681,0.00685843019868,0.0137559158613,0.001197489487,0.00245174467845,,model_metric,,,,,,,,
later,2018-06,2018-06,2018-06-01,random_forest,DPB,Promise + both profile blocks,full,raw,raw,none,70213,b4b7730fb73b48d8c9ea1119a7fd918eac0ff0054243f3208bac0ffcbe3027d2,9705d00b2e29e8d981f51ca695e1d2d73c69888c503f3a3feefb42ce87e2b289,sha256_pickle_protocol_5_fitted_wrapper,6096,71,0.0116469816273,0.0865633466285,0.0139659723806,0.0732433583051,0.638131026825,3.65957053798,3.37806511198,0.338028169014,-2.54105651415,0.633943283205,0.0409070815187,,93d1e83d8d3dc0b917f21633c2bfe0cd78c570027229894e2260c262d727c336,random_forest,DPB,6096,0.0139659723806,3.37806511198,DPB-DP0,DP0,DP0,full,6,True,-0.00761967829778,5.80000102071e-05,3,True,-0.00518208294536,0.000447151509348,False,True,True,0.00534103213212,-8.50749596363,False,True,True,-0.0562746959884,True,True,True,True,True,False,Not-supported,Not-supported,nonimproving_median_or_at_most_two_both_improved_months,0.0107894175151,0.00180374585657,0.00180374585657,0.0623487989046,0.185417567647,2.11129069499,2.11129069499,106.119538664,32.6435382681,0.00685843019868,0.0137559158613,0.001197489487,0.00245174467845,,model_metric,,,,,,,,
later,2018-06,2018-06,2018-06-01,random_forest,DPG,Promise + geographic profiles,full,calibrated,calibrated,platt,70213,b4b7730fb73b48d8c9ea1119a7fd918eac0ff0054243f3208bac0ffcbe3027d2,52b883712a420b20856c2ce59a5eb6c9d703c6054381e83b59c5c8b85508b6d2,sha256_pickle_protocol_5_fitted_wrapper,6096,71,0.0116469816273,0.080517418772,0.012593907302,0.0542283763006,0.628670445912,5.63010851997,3.09655968598,0.30985915493,0.47834980557,1.61844955517,0.0330085872252,,93d1e83d8d3dc0b917f21633c2bfe0cd78c570027229894e2260c262d727c336,random_forest,DPG,6096,0.012593907302,3.09655968598,DPG-DP0,DP0,DP0,full,6,True,-0.0110668832408,-0.00105165332621,5,True,-0.0104286141287,-0.000999966712794,False,True,True,-0.00195513110765,-8.56486680715,True,False,True,-0.0551472055044,True,True,True,True,True,True,Supported,Supported,both_medians_improve_at_least_four_months_all_guards_pass,0.00474348965854,0.000431680778001,0.000431680778001,0.0433338169,0.175956986734,1.82978526899,1.82978526899,109.138944984,33.62804454,0.0026908162431,0.00645513933683,0.000253757691733,0.000581221101702,,model_metric,,,,,,,,
later,2018-06,2018-06,2018-06-01,random_forest,DPG,Promise + geographic profiles,full,raw,raw,none,70213,b4b7730fb73b48d8c9ea1119a7fd918eac0ff0054243f3208bac0ffcbe3027d2,52b883712a420b20856c2ce59a5eb6c9d703c6054381e83b59c5c8b85508b6d2,sha256_pickle_protocol_5_fitted_wrapper,6096,71,0.0116469816273,0.0859489358028,0.0140808161514,0.0542283763006,0.628670445912,5.63010851997,3.09655968598,0.30985915493,-3.20784267825,0.377086825372,0.0387918189132,,93d1e83d8d3dc0b917f21633c2bfe0cd78c570027229894e2260c262d727c336,random_forest,DPG,6096,0.0140808161514,3.09655968598,DPG-DP0,DP0,DP0,full,6,True,-0.0110668832408,-0.00105165332621,5,True,-0.0104286141287,-0.000999966712794,False,True,True,-0.00195513110765,-8.56486680715,True,False,True,-0.0551472055044,True,True,True,True,True,True,Supported,Supported,both_medians_improve_at_least_four_months_all_guards_pass,0.00474348965854,0.000431680778001,0.000431680778001,0.0433338169,0.175956986734,1.82978526899,1.82978526899,109.138944984,33.62804454,0.0026908162431,0.00645513933683,0.000253757691733,0.000581221101702,,model_metric,,,,,,,,
later,2018-06,2018-06,2018-06-01,random_forest,DPS,Promise + seller profiles,full,calibrated,calibrated,none,70213,b4b7730fb73b48d8c9ea1119a7fd918eac0ff0054243f3208bac0ffcbe3027d2,d57e52f44534c023a6332981fe7ddaea6746af14738058d00db34c5892b06867,sha256_pickle_protocol_5_fitted_wrapper,6096,71,0.0116469816273,0.0950682855446,0.0149994664538,0.0109720780875,0.450669160189,0.844516277996,0.563010851997,0.056338028169,-5.21112358877,-0.254977629241,0.0452396370842,,93d1e83d8d3dc0b917f21633c2bfe0cd78c570027229894e2260c262d727c336,random_forest,DPS,6096,0.0149994664538,0.563010851997,DPS-DP0,DP0,DP0,full,6,True,0.00193643020825,0.000363597265665,2,True,0.00279488490392,0.00067073538573,True,False,True,0.00251409493846,-8.07063120161,True,False,True,-0.0428921492894,True,True,True,True,True,False,Not-supported,Not-supported,nonimproving_median_or_at_most_two_both_improved_months,0.0192943564312,0.00283723992979,0.00283723992979,7.75186869467e-05,-0.00204429898895,-0.703763564997,-0.703763564997,103.449471589,31.7546173556,0.0181922881982,0.0204160616012,0.00273244494278,0.00296570356335,,model_metric,,,,,,,,
later,2018-06,2018-06,2018-06-01,random_forest,DPS,Promise + seller profiles,full,raw,raw,none,70213,b4b7730fb73b48d8c9ea1119a7fd918eac0ff0054243f3208bac0ffcbe3027d2,d57e52f44534c023a6332981fe7ddaea6746af14738058d00db34c5892b06867,sha256_pickle_protocol_5_fitted_wrapper,6096,71,0.0116469816273,0.0950682855446,0.0149994664538,0.0109720780875,0.450669160189,0.844516277996,0.563010851997,0.056338028169,-5.21112358877,-0.254977629241,0.0452396370842,,93d1e83d8d3dc0b917f21633c2bfe0cd78c570027229894e2260c262d727c336,random_forest,DPS,6096,0.0149994664538,0.563010851997,DPS-DP0,DP0,DP0,full,6,True,0.00193643020825,0.000363597265665,2,True,0.00279488490392,0.00067073538573,True,False,True,0.00251409493846,-8.07063120161,True,False,True,-0.0428921492894,True,True,True,True,True,False,Not-supported,Not-supported,nonimproving_median_or_at_most_two_both_improved_months,0.0192943564312,0.00283723992979,0.00283723992979,7.75186869467e-05,-0.00204429898895,-0.703763564997,-0.703763564997,103.449471589,31.7546173556,0.0181922881982,0.0204160616012,0.00273244494278,0.00296570356335,,model_metric,,,,,,,,
later,2018-06,2018-06,2018-06-01,xgboost,DP0,Direct promise baseline,full,calibrated,calibrated,none,70213,b4b7730fb73b48d8c9ea1119a7fd918eac0ff0054243f3208bac0ffcbe3027d2,576616a45e4d43f274301c9b0102eaede5e92598d28ef4094ddd919b1580831f,sha256_pickle_protocol_5_fitted_wrapper,6096,71,0.0116469816273,0.105289280775,0.0152636624324,0.0122535866592,0.526025363801,0.844516277996,0.703763564997,0.0704225352113,6.1755464809,4.1777959895,0.0612702118331,,93d1e83d8d3dc0b917f21633c2bfe0cd78c570027229894e2260c262d727c336,xgboost,DP0,6096,0.0152636624324,0.703763564997,DP0_reference,,,,,,,,,,,,,,,,,,,,,,,,,,,Reference,Reference,,,,,,,,,,,,,,,,model_metric,,,,,,,,
later,2018-06,2018-06,2018-06-01,xgboost,DP0,Direct promise baseline,full,raw,raw,none,70213,b4b7730fb73b48d8c9ea1119a7fd918eac0ff0054243f3208bac0ffcbe3027d2,576616a45e4d43f274301c9b0102eaede5e92598d28ef4094ddd919b1580831f,sha256_pickle_protocol_5_fitted_wrapper,6096,71,0.0116469816273,0.105289280775,0.0152636624324,0.0122535866592,0.526025363801,0.844516277996,0.703763564997,0.0704225352113,6.1755464809,4.1777959895,0.0612702118331,,93d1e83d8d3dc0b917f21633c2bfe0cd78c570027229894e2260c262d727c336,xgboost,DP0,6096,0.0152636624324,0.703763564997,DP0_reference,,,,,,,,,,,,,,,,,,,,,,,,,,,Reference,Reference,,,,,,,,,,,,,,,,model_metric,,,,,,,,
later,2018-06,2018-06,2018-06-01,xgboost,DPB,Promise + both profile blocks,full,calibrated,calibrated,none,70213,b4b7730fb73b48d8c9ea1119a7fd918eac0ff0054243f3208bac0ffcbe3027d2,7a6e5ab62b064d2d77bce9e8abef215460ed7d55cf73ea551dd830ca6175ee2a,sha256_pickle_protocol_5_fitted_wrapper,6096,71,0.0116469816273,0.105083727174,0.0152493466756,0.0341289081381,0.665890947344,3.94107596398,2.81505425999,0.281690140845,16.1451559843,8.19126753007,0.0616694065715,,93d1e83d8d3dc0b917f21633c2bfe0cd78c570027229894e2260c262d727c336,xgboost,DPB,6096,0.0152493466756,2.81505425999,DPB-DP0,DP0,DP0,full,6,True,-0.00229967244447,-0.000293696109202,5,True,-0.0021127497292,-0.000266410356161,False,True,True,0.00431574578376,2.43431455748,False,True,True,-0.00345421615059,True,True,True,True,True,False,Mixed,Mixed,required_guard_unavailable_or_failed,-0.000205553600896,-1.43157567461e-05,-1.43157567461e-05,0.0218753214789,0.139865583543,2.11129069499,2.11129069499,9.96960950339,4.01347154056,-0.000463909881322,0.000172314498514,-5.17089037904e-05,3.50209545515e-05,,model_metric,,,,,,,,
later,2018-06,2018-06,2018-06-01,xgboost,DPB,Promise + both profile blocks,full,raw,raw,none,70213,b4b7730fb73b48d8c9ea1119a7fd918eac0ff0054243f3208bac0ffcbe3027d2,7a6e5ab62b064d2d77bce9e8abef215460ed7d55cf73ea551dd830ca6175ee2a,sha256_pickle_protocol_5_fitted_wrapper,6096,71,0.0116469816273,0.105083727174,0.0152493466756,0.0341289081381,0.665890947344,3.94107596398,2.81505425999,0.281690140845,16.1451559843,8.19126753007,0.0616694065715,,93d1e83d8d3dc0b917f21633c2bfe0cd78c570027229894e2260c262d727c336,xgboost,DPB,6096,0.0152493466756,2.81505425999,DPB-DP0,DP0,DP0,full,6,True,-0.00229967244447,-0.000293696109202,5,True,-0.0021127497292,-0.000266410356161,False,True,True,0.00431574578376,2.43431455748,False,True,True,-0.00345421615059,True,True,True,True,True,False,Mixed,Mixed,required_guard_unavailable_or_failed,-0.000205553600896,-1.43157567461e-05,-1.43157567461e-05,0.0218753214789,0.139865583543,2.11129069499,2.11129069499,9.96960950339,4.01347154056,-0.000463909881322,0.000172314498514,-5.17089037904e-05,3.50209545515e-05,,model_metric,,,,,,,,
later,2018-06,2018-06,2018-06-01,xgboost,DPG,Promise + geographic profiles,full,calibrated,calibrated,none,70213,b4b7730fb73b48d8c9ea1119a7fd918eac0ff0054243f3208bac0ffcbe3027d2,3aba885566eed5a3ad888875ad60c23bba114ea85bd52d5947ab88d1b372f455,sha256_pickle_protocol_5_fitted_wrapper,6096,71,0.0116469816273,0.103691625877,0.0150587582923,0.0461452638286,0.685840687277,5.63010851997,4.22258138998,0.422535211268,19.8902517506,9.61989268078,0.0602859463274,,93d1e83d8d3dc0b917f21633c2bfe0cd78c570027229894e2260c262d727c336,xgboost,DPG,6096,0.0150587582923,4.22258138998,DPG-DP0,DP0,DP0,full,6,True,-0.00197620878246,-0.00026123594082,5,True,-0.00209210496204,-0.000278590971538,False,True,True,0.00361843907148,0.978250023739,False,True,True,-0.00240607535493,False,False,True,True,True,False,Mixed,Mixed,required_guard_unavailable_or_failed,-0.00159765489757,-0.000204904140027,-0.000204904140027,0.0338916771695,0.159815323476,3.51881782498,3.51881782498,13.7147052697,5.44209669128,-0.00194804339793,-0.00116075566136,-0.000255365195854,-0.000146587660356,,model_metric,,,,,,,,
later,2018-06,2018-06,2018-06-01,xgboost,DPG,Promise + geographic profiles,full,raw,raw,none,70213,b4b7730fb73b48d8c9ea1119a7fd918eac0ff0054243f3208bac0ffcbe3027d2,3aba885566eed5a3ad888875ad60c23bba114ea85bd52d5947ab88d1b372f455,sha256_pickle_protocol_5_fitted_wrapper,6096,71,0.0116469816273,0.103691625877,0.0150587582923,0.0461452638286,0.685840687277,5.63010851997,4.22258138998,0.422535211268,19.8902517506,9.61989268078,0.0602859463274,,93d1e83d8d3dc0b917f21633c2bfe0cd78c570027229894e2260c262d727c336,xgboost,DPG,6096,0.0150587582923,4.22258138998,DPG-DP0,DP0,DP0,full,6,True,-0.00197620878246,-0.00026123594082,5,True,-0.00209210496204,-0.000278590971538,False,True,True,0.00361843907148,0.978250023739,False,True,True,-0.00240607535493,False,False,True,True,True,False,Mixed,Mixed,required_guard_unavailable_or_failed,-0.00159765489757,-0.000204904140027,-0.000204904140027,0.0338916771695,0.159815323476,3.51881782498,3.51881782498,13.7147052697,5.44209669128,-0.00194804339793,-0.00116075566136,-0.000255365195854,-0.000146587660356,,model_metric,,,,,,,,
later,2018-06,2018-06,2018-06-01,xgboost,DPS,Promise + seller profiles,full,calibrated,calibrated,none,70213,b4b7730fb73b48d8c9ea1119a7fd918eac0ff0054243f3208bac0ffcbe3027d2,54c802feb6b34c504a42b92ab52f2732897f2aaf85e964356c73b2cdc724b41f,sha256_pickle_protocol_5_fitted_wrapper,6096,71,0.0116469816273,0.105210795878,0.0152525728303,0.0111454132155,0.469909414996,0.563010851997,0.563010851997,0.056338028169,-14.6487852214,-4.00730019138,0.0610931528148,,93d1e83d8d3dc0b917f21633c2bfe0cd78c570027229894e2260c262d727c336,xgboost,DPS,6096,0.0152525728303,0.563010851997,DPS-DP0,DP0,DP0,full,6,True,-0.000144657998041,-1.96016143433e-05,5,True,-9.00338311444e-05,-1.56794437653e-05,False,True,True,-0.000743503690553,-2.55850693217,True,False,True,-0.000359882171151,True,False,True,True,True,True,Supported,Supported,both_medians_improve_at_least_four_months_all_guards_pass,-7.84848970169e-05,-1.10896020977e-05,-1.10896020977e-05,-0.00110817344363,-0.0561159488049,-0.140752712999,-0.140752712999,-20.8243317023,-8.18509618089,-0.000363356636476,0.000303519585215,-4.89390196719e-05,3.97178408224e-05,,model_metric,,,,,,,,
later,2018-06,2018-06,2018-06-01,xgboost,DPS,Promise + seller profiles,full,raw,raw,none,70213,b4b7730fb73b48d8c9ea1119a7fd918eac0ff0054243f3208bac0ffcbe3027d2,54c802feb6b34c504a42b92ab52f2732897f2aaf85e964356c73b2cdc724b41f,sha256_pickle_protocol_5_fitted_wrapper,6096,71,0.0116469816273,0.105210795878,0.0152525728303,0.0111454132155,0.469909414996,0.563010851997,0.563010851997,0.056338028169,-14.6487852214,-4.00730019138,0.0610931528148,,93d1e83d8d3dc0b917f21633c2bfe0cd78c570027229894e2260c262d727c336,xgboost,DPS,6096,0.0152525728303,0.563010851997,DPS-DP0,DP0,DP0,full,6,True,-0.000144657998041,-1.96016143433e-05,5,True,-9.00338311444e-05,-1.56794437653e-05,False,True,True,-0.000743503690553,-2.55850693217,True,False,True,-0.000359882171151,True,False,True,True,True,True,Supported,Supported,both_medians_improve_at_least_four_months_all_guards_pass,-7.84848970169e-05,-1.10896020977e-05,-1.10896020977e-05,-0.00110817344363,-0.0561159488049,-0.140752712999,-0.140752712999,-20.8243317023,-8.18509618089,-0.000363356636476,0.000303519585215,-4.89390196719e-05,3.97178408224e-05,,model_metric,,,,,,,,
terminal,2018-07_to_2018-08,2018-07_to_2018-08,2018-07-01,logistic_l2,DP0,Direct promise baseline,full,calibrated,calibrated,none,77042,e73540474ec6855edce69e653de4308b8698a9f02ea90c2965cda18c17969dab,fee8ab1ae9a244cb0c525f82ee602b68ef6a3c66de53e3ad47589945ae0f511e,sha256_pickle_protocol_5_fitted_wrapper,12507,601,0.0480530902694,0.197124175549,0.0462507925329,0.141620803612,0.725074369304,3.95595466555,3.49333844073,0.349417637271,24.8629008328,11.4376746418,0.0475880898335,,085d47c5390ce26eb4920710912d5fe0bd515a587d209de3cd55af821edb6235,logistic_l2,DP0,12507,0.0462507925329,3.49333844073,DP0_reference,,,,,,,,,,,,,,,,,,,,,,,,,,,Reference,Reference,,,,,,,,,,,,,,,,model_metric,,,,,,,,
terminal,2018-07_to_2018-08,2018-07_to_2018-08,2018-07-01,logistic_l2,DP0,Direct promise baseline,full,raw,raw,none,77042,e73540474ec6855edce69e653de4308b8698a9f02ea90c2965cda18c17969dab,fee8ab1ae9a244cb0c525f82ee602b68ef6a3c66de53e3ad47589945ae0f511e,sha256_pickle_protocol_5_fitted_wrapper,12507,601,0.0480530902694,0.197124175549,0.0462507925329,0.141620803612,0.725074369304,3.95595466555,3.49333844073,0.349417637271,24.8629008328,11.4376746418,0.0475880898335,,085d47c5390ce26eb4920710912d5fe0bd515a587d209de3cd55af821edb6235,logistic_l2,DP0,12507,0.0462507925329,3.49333844073,DP0_reference,,,,,,,,,,,,,,,,,,,,,,,,,,,Reference,Reference,,,,,,,,,,,,,,,,model_metric,,,,,,,,
terminal,2018-07_to_2018-08,2018-07_to_2018-08,2018-07-01,logistic_l2,DPB,Promise + both profile blocks,full,calibrated,calibrated,none,77042,e73540474ec6855edce69e653de4308b8698a9f02ea90c2965cda18c17969dab,eec7f8ac345c6f37de531c843742bd3932f3ee53b8cbc0c0d410357008699278,sha256_pickle_protocol_5_fitted_wrapper,12507,601,0.0480530902694,0.198263468257,0.0479746880439,0.0716396584706,0.618297294419,2.16081557362,1.74666922036,0.174708818636,-1.66017473031,0.499103717369,0.031055230296,,085d47c5390ce26eb4920710912d5fe0bd515a587d209de3cd55af821edb6235,logistic_l2,DPB,12507,0.0479746880439,1.74666922036,DPB-DP0,DP0,DP0,full,6,True,-0.0188355042404,-0.00146902299902,5,True,-0.0178964373712,-0.00140057680524,False,True,True,-0.0166763314017,-3.63404763384,True,False,True,-0.0194931043395,True,False,True,True,True,True,Supported,Supported,both_medians_improve_at_least_four_months_all_guards_pass,0.001139292708,0.00172389551105,0.00172389551105,-0.0699811451417,-0.106777074885,-1.74666922036,-1.74666922036,-26.5230755631,-10.9385709244,-0.00640403006639,0.00806579490638,0.000770145330694,0.00255756614482,,model_metric,,,,,,,,
terminal,2018-07_to_2018-08,2018-07_to_2018-08,2018-07-01,logistic_l2,DPB,Promise + both profile blocks,full,raw,raw,none,77042,e73540474ec6855edce69e653de4308b8698a9f02ea90c2965cda18c17969dab,eec7f8ac345c6f37de531c843742bd3932f3ee53b8cbc0c0d410357008699278,sha256_pickle_protocol_5_fitted_wrapper,12507,601,0.0480530902694,0.198263468257,0.0479746880439,0.0716396584706,0.618297294419,2.16081557362,1.74666922036,0.174708818636,-1.66017473031,0.499103717369,0.031055230296,,085d47c5390ce26eb4920710912d5fe0bd515a587d209de3cd55af821edb6235,logistic_l2,DPB,12507,0.0479746880439,1.74666922036,DPB-DP0,DP0,DP0,full,6,True,-0.0188355042404,-0.00146902299902,5,True,-0.0178964373712,-0.00140057680524,False,True,True,-0.0166763314017,-3.63404763384,True,False,True,-0.0194931043395,True,False,True,True,True,True,Supported,Supported,both_medians_improve_at_least_four_months_all_guards_pass,0.001139292708,0.00172389551105,0.00172389551105,-0.0699811451417,-0.106777074885,-1.74666922036,-1.74666922036,-26.5230755631,-10.9385709244,-0.00640403006639,0.00806579490638,0.000770145330694,0.00255756614482,,model_metric,,,,,,,,
terminal,2018-07_to_2018-08,2018-07_to_2018-08,2018-07-01,logistic_l2,DPG,Promise + geographic profiles,full,calibrated,calibrated,none,77042,e73540474ec6855edce69e653de4308b8698a9f02ea90c2965cda18c17969dab,5d387df78245276a64020fb2b4aaf30d27e7c80e6eba1352e3a183644f640f8c,sha256_pickle_protocol_5_fitted_wrapper,12507,601,0.0480530902694,0.205974574836,0.0495735196465,0.064837033395,0.592499887499,1.66216582586,1.56368482585,0.156405990017,-1.97736332813,0.400532298124,0.0370212011345,,085d47c5390ce26eb4920710912d5fe0bd515a587d209de3cd55af821edb6235,logistic_l2,DPG,12507,0.0495735196465,1.56368482585,DPG-DP0,DP0,DP0,full,6,True,-0.0126256584508,-0.000678203167734,3,True,-0.0125311675792,-0.000651481391294,False,True,True,-0.0113356271504,-3.47809936608,True,False,True,-0.0132700613425,True,False,True,True,True,True,Mixed,Mixed,exactly_three_both_improved_months,0.0088503992877,0.00332272711361,0.00332272711361,-0.0767837702173,-0.132574481805,-1.92965361488,-1.92965361488,-26.8402641609,-11.0371423437,0.00109127018423,0.0145725163341,0.00212338007264,0.00427184328834,,model_metric,,,,,,,,
terminal,2018-07_to_2018-08,2018-07_to_2018-08,2018-07-01,logistic_l2,DPG,Promise + geographic profiles,full,raw,raw,none,77042,e73540474ec6855edce69e653de4308b8698a9f02ea90c2965cda18c17969dab,5d387df78245276a64020fb2b4aaf30d27e7c80e6eba1352e3a183644f640f8c,sha256_pickle_protocol_5_fitted_wrapper,12507,601,0.0480530902694,0.205974574836,0.0495735196465,0.064837033395,0.592499887499,1.66216582586,1.56368482585,0.156405990017,-1.97736332813,0.400532298124,0.0370212011345,,085d47c5390ce26eb4920710912d5fe0bd515a587d209de3cd55af821edb6235,logistic_l2,DPG,12507,0.0495735196465,1.56368482585,DPG-DP0,DP0,DP0,full,6,True,-0.0126256584508,-0.000678203167734,3,True,-0.0125311675792,-0.000651481391294,False,True,True,-0.0113356271504,-3.47809936608,True,False,True,-0.0132700613425,True,False,True,True,True,True,Mixed,Mixed,exactly_three_both_improved_months,0.0088503992877,0.00332272711361,0.00332272711361,-0.0767837702173,-0.132574481805,-1.92965361488,-1.92965361488,-26.8402641609,-11.0371423437,0.00109127018423,0.0145725163341,0.00212338007264,0.00427184328834,,model_metric,,,,,,,,
terminal,2018-07_to_2018-08,2018-07_to_2018-08,2018-07-01,logistic_l2,DPS,Promise + seller profiles,full,calibrated,calibrated,none,77042,e73540474ec6855edce69e653de4308b8698a9f02ea90c2965cda18c17969dab,4063cae413a0818a14a0f21a60b2f39d5b082ce616933652665ae1118d293203,sha256_pickle_protocol_5_fitted_wrapper,12507,601,0.0480530902694,0.19278392195,0.0458496635207,0.0697987206935,0.628878936025,1.56243587631,1.34743054142,0.134775374376,0.372903795193,1.2943405882,0.0223871472989,,085d47c5390ce26eb4920710912d5fe0bd515a587d209de3cd55af821edb6235,logistic_l2,DPS,12507,0.0458496635207,1.34743054142,DPS-DP0,DP0,DP0,full,6,True,-0.00415653020117,-0.00047411302235,6,True,-0.00388823165404,-0.000390794822282,False,True,True,-0.00754606386358,-3.46107307636,True,False,True,-0.00375374505547,True,True,True,True,True,True,Supported,Supported,both_medians_improve_at_least_four_months_all_guards_pass,-0.00434025359825,-0.000401129012156,-0.000401129012156,-0.0718220829188,-0.0961954332789,-2.1459078993,-2.1459078993,-24.4899970376,-10.1433340536,-0.00781868364859,-0.000402374355845,-0.000849340537044,8.56301168911e-05,,model_metric,,,,,,,,
terminal,2018-07_to_2018-08,2018-07_to_2018-08,2018-07-01,logistic_l2,DPS,Promise + seller profiles,full,raw,raw,none,77042,e73540474ec6855edce69e653de4308b8698a9f02ea90c2965cda18c17969dab,4063cae413a0818a14a0f21a60b2f39d5b082ce616933652665ae1118d293203,sha256_pickle_protocol_5_fitted_wrapper,12507,601,0.0480530902694,0.19278392195,0.0458496635207,0.0697987206935,0.628878936025,1.56243587631,1.34743054142,0.134775374376,0.372903795193,1.2943405882,0.0223871472989,,085d47c5390ce26eb4920710912d5fe0bd515a587d209de3cd55af821edb6235,logistic_l2,DPS,12507,0.0458496635207,1.34743054142,DPS-DP0,DP0,DP0,full,6,True,-0.00415653020117,-0.00047411302235,6,True,-0.00388823165404,-0.000390794822282,False,True,True,-0.00754606386358,-3.46107307636,True,False,True,-0.00375374505547,True,True,True,True,True,True,Supported,Supported,both_medians_improve_at_least_four_months_all_guards_pass,-0.00434025359825,-0.000401129012156,-0.000401129012156,-0.0718220829188,-0.0961954332789,-2.1459078993,-2.1459078993,-24.4899970376,-10.1433340536,-0.00781868364859,-0.000402374355845,-0.000849340537044,8.56301168911e-05,,model_metric,,,,,,,,
terminal,2018-07_to_2018-08,2018-07_to_2018-08,2018-07-01,random_forest,DP0,Direct promise baseline,full,calibrated,calibrated,platt,77042,e73540474ec6855edce69e653de4308b8698a9f02ea90c2965cda18c17969dab,c63309da7ee001e56b7c72fb1755b4ef6222a4d2c7877e0e380ad12430125ca4,sha256_pickle_protocol_5_fitted_wrapper,12507,601,0.0480530902694,0.194327353088,0.045867160591,0.0429863636296,0.415192999629,0.731352963378,0.815112302837,0.08153078203,-115.735727843,-34.623056035,0.018424790401,,085d47c5390ce26eb4920710912d5fe0bd515a587d209de3cd55af821edb6235,random_forest,DP0,12507,0.045867160591,0.815112302837,DP0_reference,,,,,,,,,,,,,,,,,,,,,,,,,,,Reference,Reference,,,,,,,,,,,,,,,,model_metric,,,,,,,,
terminal,2018-07_to_2018-08,2018-07_to_2018-08,2018-07-01,random_forest,DP0,Direct promise baseline,full,raw,raw,none,77042,e73540474ec6855edce69e653de4308b8698a9f02ea90c2965cda18c17969dab,c63309da7ee001e56b7c72fb1755b4ef6222a4d2c7877e0e380ad12430125ca4,sha256_pickle_protocol_5_fitted_wrapper,12507,601,0.0480530902694,0.213226058274,0.0477898330817,0.0665652374308,0.584807000371,1.13027276158,0.865017137704,0.0865224625624,-2.62332620862,0.122871396956,0.0484030459872,,085d47c5390ce26eb4920710912d5fe0bd515a587d209de3cd55af821edb6235,random_forest,DP0,12507,0.0477898330817,0.865017137704,DP0_reference,,,,,,,,,,,,,,,,,,,,,,,,,,,Reference,Reference,,,,,,,,,,,,,,,,model_metric,,,,,,,,
terminal,2018-07_to_2018-08,2018-07_to_2018-08,2018-07-01,random_forest,DPB,Promise + both profile blocks,full,calibrated,calibrated,none,77042,e73540474ec6855edce69e653de4308b8698a9f02ea90c2965cda18c17969dab,81e1820e50ed14e35a6c9da0e848b4ca00d7ef7172f3c1a914ea3ae223853990,sha256_pickle_protocol_5_fitted_wrapper,12507,601,0.0480530902694,0.199319324987,0.0472577017272,0.0670635917129,0.568313617514,2.02784230755,1.56368482585,0.156405990017,-1.99501725256,0.332015132374,0.0340577420687,,085d47c5390ce26eb4920710912d5fe0bd515a587d209de3cd55af821edb6235,random_forest,DPB,12507,0.0472577017272,1.56368482585,DPB-DP0,DP0,DP0,full,6,True,-0.00761967829778,5.80000102071e-05,3,True,-0.00518208294536,0.000447151509348,False,True,True,0.00534103213212,-8.50749596363,False,True,True,-0.0562746959884,True,True,True,True,True,False,Not-supported,Not-supported,nonimproving_median_or_at_most_two_both_improved_months,0.00499197189969,0.00139054113626,0.00139054113626,0.0240772280833,0.153120617885,0.748572523013,0.748572523013,113.74071059,34.9550711673,0.00310435906802,0.00743948981047,0.00102668842045,0.00187901388258,,model_metric,,,,,,,,
terminal,2018-07_to_2018-08,2018-07_to_2018-08,2018-07-01,random_forest,DPB,Promise + both profile blocks,full,raw,raw,none,77042,e73540474ec6855edce69e653de4308b8698a9f02ea90c2965cda18c17969dab,81e1820e50ed14e35a6c9da0e848b4ca00d7ef7172f3c1a914ea3ae223853990,sha256_pickle_protocol_5_fitted_wrapper,12507,601,0.0480530902694,0.199319324987,0.0472577017272,0.0670635917129,0.568313617514,2.02784230755,1.56368482585,0.156405990017,-1.99501725256,0.332015132374,0.0340577420687,,085d47c5390ce26eb4920710912d5fe0bd515a587d209de3cd55af821edb6235,random_forest,DPB,12507,0.0472577017272,1.56368482585,DPB-DP0,DP0,DP0,full,6,True,-0.00761967829778,5.80000102071e-05,3,True,-0.00518208294536,0.000447151509348,False,True,True,0.00534103213212,-8.50749596363,False,True,True,-0.0562746959884,True,True,True,True,True,False,Not-supported,Not-supported,nonimproving_median_or_at_most_two_both_improved_months,0.00499197189969,0.00139054113626,0.00139054113626,0.0240772280833,0.153120617885,0.748572523013,0.748572523013,113.74071059,34.9550711673,0.00310435906802,0.00743948981047,0.00102668842045,0.00187901388258,,model_metric,,,,,,,,
terminal,2018-07_to_2018-08,2018-07_to_2018-08,2018-07-01,random_forest,DPG,Promise + geographic profiles,full,calibrated,calibrated,platt,77042,e73540474ec6855edce69e653de4308b8698a9f02ea90c2965cda18c17969dab,694eba62997e3d270d27c77120f40c6032dbebfdaccd50e60da45b06ff5e4a40,sha256_pickle_protocol_5_fitted_wrapper,12507,601,0.0480530902694,0.192436075929,0.045738805037,0.0537129453241,0.527750448396,1.39621929372,1.24762087169,0.124792013311,-1.19719288492,0.592292698389,0.0258220695245,,085d47c5390ce26eb4920710912d5fe0bd515a587d209de3cd55af821edb6235,random_forest,DPG,12507,0.045738805037,1.24762087169,DPG-DP0,DP0,DP0,full,6,True,-0.0110668832408,-0.00105165332621,5,True,-0.0104286141287,-0.000999966712794,False,True,True,-0.00195513110765,-8.56486680715,True,False,True,-0.0551472055044,True,True,True,True,True,True,Supported,Supported,both_medians_improve_at_least_four_months_all_guards_pass,-0.00189127715872,-0.000128355553937,-0.000128355553937,0.0107265816945,0.112557448767,0.432508568852,0.432508568852,114.538534958,35.2153487333,-0.00617624630364,0.00210303888524,-0.00047326415192,0.000198535381529,,model_metric,,,,,,,,
terminal,2018-07_to_2018-08,2018-07_to_2018-08,2018-07-01,random_forest,DPG,Promise + geographic profiles,full,raw,raw,none,77042,e73540474ec6855edce69e653de4308b8698a9f02ea90c2965cda18c17969dab,694eba62997e3d270d27c77120f40c6032dbebfdaccd50e60da45b06ff5e4a40,sha256_pickle_protocol_5_fitted_wrapper,12507,601,0.0480530902694,0.213505350113,0.0496584888046,0.0537129453241,0.527750448396,1.39621929372,1.24762087169,0.124792013311,-2.54620304471,0.137999836086,0.0516160657721,,085d47c5390ce26eb4920710912d5fe0bd515a587d209de3cd55af821edb6235,random_forest,DPG,12507,0.0496584888046,1.24762087169,DPG-DP0,DP0,DP0,full,6,True,-0.0110668832408,-0.00105165332621,5,True,-0.0104286141287,-0.000999966712794,False,True,True,-0.00195513110765,-8.56486680715,True,False,True,-0.0551472055044,True,True,True,True,True,True,Supported,Supported,both_medians_improve_at_least_four_months_all_guards_pass,-0.00189127715872,-0.000128355553937,-0.000128355553937,0.0107265816945,0.112557448767,0.432508568852,0.432508568852,114.538534958,35.2153487333,-0.00617624630364,0.00210303888524,-0.00047326415192,0.000198535381529,,model_metric,,,,,,,,
terminal,2018-07_to_2018-08,2018-07_to_2018-08,2018-07-01,random_forest,DPS,Promise + seller profiles,full,calibrated,calibrated,none,77042,e73540474ec6855edce69e653de4308b8698a9f02ea90c2965cda18c17969dab,4785b9e261a56a67650e8f50f1cf4e3557bb15d1dae01987f67c031fb19b1f0a,sha256_pickle_protocol_5_fitted_wrapper,12507,601,0.0480530902694,0.191159947409,0.0457701320464,0.06834730853,0.603256639013,1.66216582586,1.56368482585,0.156405990017,-1.1096022145,0.656153085677,0.00958590645129,,085d47c5390ce26eb4920710912d5fe0bd515a587d209de3cd55af821edb6235,random_forest,DPS,12507,0.0457701320464,1.56368482585,DPS-DP0,DP0,DP0,full,6,True,0.00193643020825,0.000363597265665,2,True,0.00279488490392,0.00067073538573,True,False,True,0.00251409493846,-8.07063120161,True,False,True,-0.0428921492894,True,True,True,True,True,False,Not-supported,Not-supported,nonimproving_median_or_at_most_two_both_improved_months,-0.00316740567829,-9.70285445776e-05,-9.70285445776e-05,0.0253609449004,0.188063639385,0.748572523013,0.748572523013,114.626125628,35.2792091206,-0.0114756348218,0.00543294187842,-0.000976653897842,0.000828567557545,,model_metric,,,,,,,,
terminal,2018-07_to_2018-08,2018-07_to_2018-08,2018-07-01,random_forest,DPS,Promise + seller profiles,full,raw,raw,none,77042,e73540474ec6855edce69e653de4308b8698a9f02ea90c2965cda18c17969dab,4785b9e261a56a67650e8f50f1cf4e3557bb15d1dae01987f67c031fb19b1f0a,sha256_pickle_protocol_5_fitted_wrapper,12507,601,0.0480530902694,0.191159947409,0.0457701320464,0.06834730853,0.603256639013,1.66216582586,1.56368482585,0.156405990017,-1.1096022145,0.656153085677,0.00958590645129,,085d47c5390ce26eb4920710912d5fe0bd515a587d209de3cd55af821edb6235,random_forest,DPS,12507,0.0457701320464,1.56368482585,DPS-DP0,DP0,DP0,full,6,True,0.00193643020825,0.000363597265665,2,True,0.00279488490392,0.00067073538573,True,False,True,0.00251409493846,-8.07063120161,True,False,True,-0.0428921492894,True,True,True,True,True,False,Not-supported,Not-supported,nonimproving_median_or_at_most_two_both_improved_months,-0.00316740567829,-9.70285445776e-05,-9.70285445776e-05,0.0253609449004,0.188063639385,0.748572523013,0.748572523013,114.626125628,35.2792091206,-0.0114756348218,0.00543294187842,-0.000976653897842,0.000828567557545,,model_metric,,,,,,,,
terminal,2018-07_to_2018-08,2018-07_to_2018-08,2018-07-01,xgboost,DP0,Direct promise baseline,full,calibrated,calibrated,none,77042,e73540474ec6855edce69e653de4308b8698a9f02ea90c2965cda18c17969dab,0369fd846a86e5b604a24c0304d916951ef795ef50024a387e8ed9feb3704702,sha256_pickle_protocol_5_fitted_wrapper,12507,601,0.0480530902694,0.197558715873,0.0463179732128,0.0611703931816,0.569028451657,0.432163114724,0.715302633102,0.0715474209651,21.6625447549,9.7170148231,0.0414146306232,,085d47c5390ce26eb4920710912d5fe0bd515a587d209de3cd55af821edb6235,xgboost,DP0,12507,0.0463179732128,0.715302633102,DP0_reference,,,,,,,,,,,,,,,,,,,,,,,,,,,Reference,Reference,,,,,,,,,,,,,,,,model_metric,,,,,,,,
terminal,2018-07_to_2018-08,2018-07_to_2018-08,2018-07-01,xgboost,DP0,Direct promise baseline,full,raw,raw,none,77042,e73540474ec6855edce69e653de4308b8698a9f02ea90c2965cda18c17969dab,0369fd846a86e5b604a24c0304d916951ef795ef50024a387e8ed9feb3704702,sha256_pickle_protocol_5_fitted_wrapper,12507,601,0.0480530902694,0.197558715873,0.0463179732128,0.0611703931816,0.569028451657,0.432163114724,0.715302633102,0.0715474209651,21.6625447549,9.7170148231,0.0414146306232,,085d47c5390ce26eb4920710912d5fe0bd515a587d209de3cd55af821edb6235,xgboost,DP0,12507,0.0463179732128,0.715302633102,DP0_reference,,,,,,,,,,,,,,,,,,,,,,,,,,,Reference,Reference,,,,,,,,,,,,,,,,model_metric,,,,,,,,
terminal,2018-07_to_2018-08,2018-07_to_2018-08,2018-07-01,xgboost,DPB,Promise + both profile blocks,full,calibrated,calibrated,none,77042,e73540474ec6855edce69e653de4308b8698a9f02ea90c2965cda18c17969dab,022f76d6c5c14c3bea27b3be507d8888c7375292ea074e7b27a4c50a476db492,sha256_pickle_protocol_5_fitted_wrapper,12507,601,0.0480530902694,0.197348094275,0.0462904118737,0.0534074745093,0.473872008492,1.59567919283,1.09790636709,0.109816971714,-1.20864116877,0.693202581955,0.02731281988,,085d47c5390ce26eb4920710912d5fe0bd515a587d209de3cd55af821edb6235,xgboost,DPB,12507,0.0462904118737,1.09790636709,DPB-DP0,DP0,DP0,full,6,True,-0.00229967244447,-0.000293696109202,5,True,-0.0021127497292,-0.000266410356161,False,True,True,0.00431574578376,2.43431455748,False,True,True,-0.00345421615059,True,True,True,True,True,False,Mixed,Mixed,required_guard_unavailable_or_failed,-0.000210621598063,-2.75613391056e-05,-2.75613391056e-05,-0.00776291867231,-0.0951564431642,0.382603733985,0.382603733985,-22.8711859237,-9.02381224115,-0.00171479378955,0.0012256332137,-0.000230358764249,0.000163425493944,,model_metric,,,,,,,,
terminal,2018-07_to_2018-08,2018-07_to_2018-08,2018-07-01,xgboost,DPB,Promise + both profile blocks,full,raw,raw,none,77042,e73540474ec6855edce69e653de4308b8698a9f02ea90c2965cda18c17969dab,022f76d6c5c14c3bea27b3be507d8888c7375292ea074e7b27a4c50a476db492,sha256_pickle_protocol_5_fitted_wrapper,12507,601,0.0480530902694,0.197348094275,0.0462904118737,0.0534074745093,0.473872008492,1.59567919283,1.09790636709,0.109816971714,-1.20864116877,0.693202581955,0.02731281988,,085d47c5390ce26eb4920710912d5fe0bd515a587d209de3cd55af821edb6235,xgboost,DPB,12507,0.0462904118737,1.09790636709,DPB-DP0,DP0,DP0,full,6,True,-0.00229967244447,-0.000293696109202,5,True,-0.0021127497292,-0.000266410356161,False,True,True,0.00431574578376,2.43431455748,False,True,True,-0.00345421615059,True,True,True,True,True,False,Mixed,Mixed,required_guard_unavailable_or_failed,-0.000210621598063,-2.75613391056e-05,-2.75613391056e-05,-0.00776291867231,-0.0951564431642,0.382603733985,0.382603733985,-22.8711859237,-9.02381224115,-0.00171479378955,0.0012256332137,-0.000230358764249,0.000163425493944,,model_metric,,,,,,,,
terminal,2018-07_to_2018-08,2018-07_to_2018-08,2018-07-01,xgboost,DPG,Promise + geographic profiles,full,calibrated,calibrated,none,77042,e73540474ec6855edce69e653de4308b8698a9f02ea90c2965cda18c17969dab,9deff4791e0e75b3b8a4de10e8e73600dcae58e42fe816d64629f1a5c1dc2831,sha256_pickle_protocol_5_fitted_wrapper,12507,601,0.0480530902694,0.197916951892,0.0463670758166,0.0523026066214,0.441218063405,1.66216582586,1.03136658726,0.103161397671,-4.76422326518,-0.695516310562,0.0304471301678,,085d47c5390ce26eb4920710912d5fe0bd515a587d209de3cd55af821edb6235,xgboost,DPG,12507,0.0463670758166,1.03136658726,DPG-DP0,DP0,DP0,full,6,True,-0.00197620878246,-0.00026123594082,5,True,-0.00209210496204,-0.000278590971538,False,True,True,0.00361843907148,0.978250023739,False,True,True,-0.00240607535493,False,False,True,True,True,False,Mixed,Mixed,required_guard_unavailable_or_failed,0.000358236019415,4.91026037959e-05,4.91026037959e-05,-0.00886778656021,-0.127810388252,0.316063954161,0.316063954161,-26.4267680201,-10.4125311337,-0.00078921066919,0.00149889159778,-0.000104804216942,0.000200132847364,,model_metric,,,,,,,,
terminal,2018-07_to_2018-08,2018-07_to_2018-08,2018-07-01,xgboost,DPG,Promise + geographic profiles,full,raw,raw,none,77042,e73540474ec6855edce69e653de4308b8698a9f02ea90c2965cda18c17969dab,9deff4791e0e75b3b8a4de10e8e73600dcae58e42fe816d64629f1a5c1dc2831,sha256_pickle_protocol_5_fitted_wrapper,12507,601,0.0480530902694,0.197916951892,0.0463670758166,0.0523026066214,0.441218063405,1.66216582586,1.03136658726,0.103161397671,-4.76422326518,-0.695516310562,0.0304471301678,,085d47c5390ce26eb4920710912d5fe0bd515a587d209de3cd55af821edb6235,xgboost,DPG,12507,0.0463670758166,1.03136658726,DPG-DP0,DP0,DP0,full,6,True,-0.00197620878246,-0.00026123594082,5,True,-0.00209210496204,-0.000278590971538,False,True,True,0.00361843907148,0.978250023739,False,True,True,-0.00240607535493,False,False,True,True,True,False,Mixed,Mixed,required_guard_unavailable_or_failed,0.000358236019415,4.91026037959e-05,4.91026037959e-05,-0.00886778656021,-0.127810388252,0.316063954161,0.316063954161,-26.4267680201,-10.4125311337,-0.00078921066919,0.00149889159778,-0.000104804216942,0.000200132847364,,model_metric,,,,,,,,
terminal,2018-07_to_2018-08,2018-07_to_2018-08,2018-07-01,xgboost,DPS,Promise + seller profiles,full,calibrated,calibrated,none,77042,e73540474ec6855edce69e653de4308b8698a9f02ea90c2965cda18c17969dab,1eb5b5c6ba4c7472fd65242a3e52157db43ff33dacf5102283e826bfef2b22dd,sha256_pickle_protocol_5_fitted_wrapper,12507,601,0.0480530902694,0.197594904007,0.0463222241049,0.0534544120739,0.493500040388,2.02784230755,1.26425581664,0.126455906822,0.416780855968,1.33275374832,0.0263794319225,,085d47c5390ce26eb4920710912d5fe0bd515a587d209de3cd55af821edb6235,xgboost,DPS,12507,0.0463222241049,1.26425581664,DPS-DP0,DP0,DP0,full,6,True,-0.000144657998041,-1.96016143433e-05,5,True,-9.00338311444e-05,-1.56794437653e-05,False,True,True,-0.000743503690553,-2.55850693217,True,False,True,-0.000359882171151,True,False,True,True,True,True,Supported,Supported,both_medians_improve_at_least_four_months_all_guards_pass,3.61881343718e-05,4.25089211026e-06,4.25089211026e-06,-0.00771598110766,-0.0755284112682,0.548953183543,0.548953183543,-21.2457638989,-8.38426107479,-0.000671055450533,0.000767856136858,-9.13632928517e-05,0.000103403051893,,model_metric,,,,,,,,
terminal,2018-07_to_2018-08,2018-07_to_2018-08,2018-07-01,xgboost,DPS,Promise + seller profiles,full,raw,raw,none,77042,e73540474ec6855edce69e653de4308b8698a9f02ea90c2965cda18c17969dab,1eb5b5c6ba4c7472fd65242a3e52157db43ff33dacf5102283e826bfef2b22dd,sha256_pickle_protocol_5_fitted_wrapper,12507,601,0.0480530902694,0.197594904007,0.0463222241049,0.0534544120739,0.493500040388,2.02784230755,1.26425581664,0.126455906822,0.416780855968,1.33275374832,0.0263794319225,,085d47c5390ce26eb4920710912d5fe0bd515a587d209de3cd55af821edb6235,xgboost,DPS,12507,0.0463222241049,1.26425581664,DPS-DP0,DP0,DP0,full,6,True,-0.000144657998041,-1.96016143433e-05,5,True,-9.00338311444e-05,-1.56794437653e-05,False,True,True,-0.000743503690553,-2.55850693217,True,False,True,-0.000359882171151,True,False,True,True,True,True,Supported,Supported,both_medians_improve_at_least_four_months_all_guards_pass,3.61881343718e-05,4.25089211026e-06,4.25089211026e-06,-0.00771598110766,-0.0755284112682,0.548953183543,0.548953183543,-21.2457638989,-8.38426107479,-0.000671055450533,0.000767856136858,-9.13632928517e-05,0.000103403051893,,model_metric,,,,,,,,
aggregate,later_pooled,later_pooled,,logistic_l2,DP0,,full,calibrated,calibrated,,,,83789b5b61a8824887e2e1961a3a76017f99fd10e02131d8da5eef3a3f69c3dd,,,,0.0610876583064,,,,,,,,,,,,72cfdc8f6be208328a97da86166024c4a11b6099541993e6da4d9e100c5d76d2,logistic_l2,DP0,,,,,,,,,,,,,,,,,,,,,,,,,,,,,,,,,,,,,,,,,,,,,,,,reliability_bin,1,4027,246,0.0360062878244,0.0061206206555,0.0423270661306,0.0250813704821,0.1
aggregate,later_pooled,later_pooled,,logistic_l2,DP0,,full,calibrated,calibrated,,,,83789b5b61a8824887e2e1961a3a76017f99fd10e02131d8da5eef3a3f69c3dd,,,,0.0854233921033,,,,,,,,,,,,72cfdc8f6be208328a97da86166024c4a11b6099541993e6da4d9e100c5d76d2,logistic_l2,DP0,,,,,,,,,,,,,,,,,,,,,,,,,,,,,,,,,,,,,,,,,,,,,,,,reliability_bin,2,4027,344,0.0468303220359,0.0423273879107,0.0499681032027,0.0385930700674,0.1
aggregate,later_pooled,later_pooled,,logistic_l2,DP0,,full,calibrated,calibrated,,,,83789b5b61a8824887e2e1961a3a76017f99fd10e02131d8da5eef3a3f69c3dd,,,,0.166128631736,,,,,,,,,,,,72cfdc8f6be208328a97da86166024c4a11b6099541993e6da4d9e100c5d76d2,logistic_l2,DP0,,,,,,,,,,,,,,,,,,,,,,,,,,,,,,,,,,,,,,,,,,,,,,,,reliability_bin,3,4027,669,0.0510079421062,0.0499681399074,0.051813748437,0.11512068963,0.1
aggregate,later_pooled,later_pooled,,logistic_l2,DP0,,full,calibrated,calibrated,,,,83789b5b61a8824887e2e1961a3a76017f99fd10e02131d8da5eef3a3f69c3dd,,,,0.221008194686,,,,,,,,,,,,72cfdc8f6be208328a97da86166024c4a11b6099541993e6da4d9e100c5d76d2,logistic_l2,DP0,,,,,,,,,,,,,,,,,,,,,,,,,,,,,,,,,,,,,,,,,,,,,,,,reliability_bin,4,4027,890,0.0525614491488,0.0518139183154,0.0533083473599,0.168446745537,0.1
aggregate,later_pooled,later_pooled,,logistic_l2,DP0,,full,calibrated,calibrated,,,,83789b5b61a8824887e2e1961a3a76017f99fd10e02131d8da5eef3a3f69c3dd,,,,0.118450459399,,,,,,,,,,,,72cfdc8f6be208328a97da86166024c4a11b6099541993e6da4d9e100c5d76d2,logistic_l2,DP0,,,,,,,,,,,,,,,,,,,,,,,,,,,,,,,,,,,,,,,,,,,,,,,,reliability_bin,5,4027,477,0.0543288262701,0.0533083568473,0.0556050012341,0.0641216331289,0.1
aggregate,later_pooled,later_pooled,,logistic_l2,DP0,,full,calibrated,calibrated,,,,83789b5b61a8824887e2e1961a3a76017f99fd10e02131d8da5eef3a3f69c3dd,,,,0.048919791408,,,,,,,,,,,,72cfdc8f6be208328a97da86166024c4a11b6099541993e6da4d9e100c5d76d2,logistic_l2,DP0,,,,,,,,,,,,,,,,,,,,,,,,,,,,,,,,,,,,,,,,,,,,,,,,reliability_bin,6,4027,197,0.0600602415939,0.0556052184237,0.0620435679486,0.0111404501859,0.1
aggregate,later_pooled,later_pooled,,logistic_l2,DP0,,full,calibrated,calibrated,,,,83789b5b61a8824887e2e1961a3a76017f99fd10e02131d8da5eef3a3f69c3dd,,,,0.0379935435808,,,,,,,,,,,,72cfdc8f6be208328a97da86166024c4a11b6099541993e6da4d9e100c5d76d2,logistic_l2,DP0,,,,,,,,,,,,,,,,,,,,,,,,,,,,,,,,,,,,,,,,,,,,,,,,reliability_bin,7,4027,153,0.0645234851814,0.0620440044723,0.0717330606957,0.0265299416006,0.1
aggregate,later_pooled,later_pooled,,logistic_l2,DP0,,full,calibrated,calibrated,,,,83789b5b61a8824887e2e1961a3a76017f99fd10e02131d8da5eef3a3f69c3dd,,,,0.0124161907127,,,,,,,,,,,,72cfdc8f6be208328a97da86166024c4a11b6099541993e6da4d9e100c5d76d2,logistic_l2,DP0,,,,,,,,,,,,,,,,,,,,,,,,,,,,,,,,,,,,,,,,,,,,,,,,reliability_bin,8,4027,50,0.0730245488116,0.0717361317368,0.0736019935397,0.060608358099,0.1
aggregate,later_pooled,later_pooled,,logistic_l2,DP0,,full,calibrated,calibrated,,,,83789b5b61a8824887e2e1961a3a76017f99fd10e02131d8da5eef3a3f69c3dd,,,,0.0253290290539,,,,,,,,,,,,72cfdc8f6be208328a97da86166024c4a11b6099541993e6da4d9e100c5d76d2,logistic_l2,DP0,,,,,,,,,,,,,,,,,,,,,,,,,,,,,,,,,,,,,,,,,,,,,,,,reliability_bin,9,4027,102,0.0742251726981,0.0736020334324,0.0754926631386,0.0488961436442,0.1
aggregate,later_pooled,later_pooled,,logistic_l2,DP0,,full,calibrated,calibrated,,,,83789b5b61a8824887e2e1961a3a76017f99fd10e02131d8da5eef3a3f69c3dd,,,,0.0866650111746,,,,,,,,,,,,72cfdc8f6be208328a97da86166024c4a11b6099541993e6da4d9e100c5d76d2,logistic_l2,DP0,,,,,,,,,,,,,,,,,,,,,,,,,,,,,,,,,,,,,,,,,,,,,,,,reliability_bin,10,4027,349,0.0779041530914,0.0754927622013,0.0813672169603,0.00876085808319,0.1
aggregate,later_pooled,later_pooled,,logistic_l2,DP0,,full,raw,raw,,,,83789b5b61a8824887e2e1961a3a76017f99fd10e02131d8da5eef3a3f69c3dd,,,,0.0610876583064,,,,,,,,,,,,72cfdc8f6be208328a97da86166024c4a11b6099541993e6da4d9e100c5d76d2,logistic_l2,DP0,,,,,,,,,,,,,,,,,,,,,,,,,,,,,,,,,,,,,,,,,,,,,,,,reliability_bin,1,4027,246,0.0360062878244,0.0061206206555,0.0423270661306,0.0250813704821,0.1
aggregate,later_pooled,later_pooled,,logistic_l2,DP0,,full,raw,raw,,,,83789b5b61a8824887e2e1961a3a76017f99fd10e02131d8da5eef3a3f69c3dd,,,,0.0854233921033,,,,,,,,,,,,72cfdc8f6be208328a97da86166024c4a11b6099541993e6da4d9e100c5d76d2,logistic_l2,DP0,,,,,,,,,,,,,,,,,,,,,,,,,,,,,,,,,,,,,,,,,,,,,,,,reliability_bin,2,4027,344,0.0468303220359,0.0423273879107,0.0499681032027,0.0385930700674,0.1
aggregate,later_pooled,later_pooled,,logistic_l2,DP0,,full,raw,raw,,,,83789b5b61a8824887e2e1961a3a76017f99fd10e02131d8da5eef3a3f69c3dd,,,,0.166128631736,,,,,,,,,,,,72cfdc8f6be208328a97da86166024c4a11b6099541993e6da4d9e100c5d76d2,logistic_l2,DP0,,,,,,,,,,,,,,,,,,,,,,,,,,,,,,,,,,,,,,,,,,,,,,,,reliability_bin,3,4027,669,0.0510079421062,0.0499681399074,0.051813748437,0.11512068963,0.1
aggregate,later_pooled,later_pooled,,logistic_l2,DP0,,full,raw,raw,,,,83789b5b61a8824887e2e1961a3a76017f99fd10e02131d8da5eef3a3f69c3dd,,,,0.221008194686,,,,,,,,,,,,72cfdc8f6be208328a97da86166024c4a11b6099541993e6da4d9e100c5d76d2,logistic_l2,DP0,,,,,,,,,,,,,,,,,,,,,,,,,,,,,,,,,,,,,,,,,,,,,,,,reliability_bin,4,4027,890,0.0525614491488,0.0518139183154,0.0533083473599,0.168446745537,0.1
aggregate,later_pooled,later_pooled,,logistic_l2,DP0,,full,raw,raw,,,,83789b5b61a8824887e2e1961a3a76017f99fd10e02131d8da5eef3a3f69c3dd,,,,0.118450459399,,,,,,,,,,,,72cfdc8f6be208328a97da86166024c4a11b6099541993e6da4d9e100c5d76d2,logistic_l2,DP0,,,,,,,,,,,,,,,,,,,,,,,,,,,,,,,,,,,,,,,,,,,,,,,,reliability_bin,5,4027,477,0.0543288262701,0.0533083568473,0.0556050012341,0.0641216331289,0.1
aggregate,later_pooled,later_pooled,,logistic_l2,DP0,,full,raw,raw,,,,83789b5b61a8824887e2e1961a3a76017f99fd10e02131d8da5eef3a3f69c3dd,,,,0.048919791408,,,,,,,,,,,,72cfdc8f6be208328a97da86166024c4a11b6099541993e6da4d9e100c5d76d2,logistic_l2,DP0,,,,,,,,,,,,,,,,,,,,,,,,,,,,,,,,,,,,,,,,,,,,,,,,reliability_bin,6,4027,197,0.0600602415939,0.0556052184237,0.0620435679486,0.0111404501859,0.1
aggregate,later_pooled,later_pooled,,logistic_l2,DP0,,full,raw,raw,,,,83789b5b61a8824887e2e1961a3a76017f99fd10e02131d8da5eef3a3f69c3dd,,,,0.0379935435808,,,,,,,,,,,,72cfdc8f6be208328a97da86166024c4a11b6099541993e6da4d9e100c5d76d2,logistic_l2,DP0,,,,,,,,,,,,,,,,,,,,,,,,,,,,,,,,,,,,,,,,,,,,,,,,reliability_bin,7,4027,153,0.0645234851814,0.0620440044723,0.0717330606957,0.0265299416006,0.1
aggregate,later_pooled,later_pooled,,logistic_l2,DP0,,full,raw,raw,,,,83789b5b61a8824887e2e1961a3a76017f99fd10e02131d8da5eef3a3f69c3dd,,,,0.0124161907127,,,,,,,,,,,,72cfdc8f6be208328a97da86166024c4a11b6099541993e6da4d9e100c5d76d2,logistic_l2,DP0,,,,,,,,,,,,,,,,,,,,,,,,,,,,,,,,,,,,,,,,,,,,,,,,reliability_bin,8,4027,50,0.0730245488116,0.0717361317368,0.0736019935397,0.060608358099,0.1
aggregate,later_pooled,later_pooled,,logistic_l2,DP0,,full,raw,raw,,,,83789b5b61a8824887e2e1961a3a76017f99fd10e02131d8da5eef3a3f69c3dd,,,,0.0253290290539,,,,,,,,,,,,72cfdc8f6be208328a97da86166024c4a11b6099541993e6da4d9e100c5d76d2,logistic_l2,DP0,,,,,,,,,,,,,,,,,,,,,,,,,,,,,,,,,,,,,,,,,,,,,,,,reliability_bin,9,4027,102,0.0742251726981,0.0736020334324,0.0754926631386,0.0488961436442,0.1
aggregate,later_pooled,later_pooled,,logistic_l2,DP0,,full,raw,raw,,,,83789b5b61a8824887e2e1961a3a76017f99fd10e02131d8da5eef3a3f69c3dd,,,,0.0866650111746,,,,,,,,,,,,72cfdc8f6be208328a97da86166024c4a11b6099541993e6da4d9e100c5d76d2,logistic_l2,DP0,,,,,,,,,,,,,,,,,,,,,,,,,,,,,,,,,,,,,,,,,,,,,,,,reliability_bin,10,4027,349,0.0779041530914,0.0754927622013,0.0813672169603,0.00876085808319,0.1
aggregate,later_pooled,later_pooled,,logistic_l2,DPB,,full,calibrated,calibrated,,,,f1db031425071febea902b5a930da8e852ad0845c877722404229e64749f06d1,,,,0.0109262478272,,,,,,,,,,,,72cfdc8f6be208328a97da86166024c4a11b6099541993e6da4d9e100c5d76d2,logistic_l2,DPB,,,,,,,,,,,,,,,,,,,,,,,,,,,,,,,,,,,,,,,,,,,,,,,,reliability_bin,1,4027,44,0.0136664918884,2.05462592474e-06,0.0211045994044,0.0027402440612,0.1
aggregate,later_pooled,later_pooled,,logistic_l2,DPB,,full,calibrated,calibrated,,,,f1db031425071febea902b5a930da8e852ad0845c877722404229e64749f06d1,,,,0.0225974670971,,,,,,,,,,,,72cfdc8f6be208328a97da86166024c4a11b6099541993e6da4d9e100c5d76d2,logistic_l2,DPB,,,,,,,,,,,,,,,,,,,,,,,,,,,,,,,,,,,,,,,,,,,,,,,,reliability_bin,2,4027,91,0.0264972009508,0.0211048698045,0.0317136460721,0.00389973385366,0.1
aggregate,later_pooled,later_pooled,,logistic_l2,DPB,,full,calibrated,calibrated,,,,f1db031425071febea902b5a930da8e852ad0845c877722404229e64749f06d1,,,,0.0474298485225,,,,,,,,,,,,72cfdc8f6be208328a97da86166024c4a11b6099541993e6da4d9e100c5d76d2,logistic_l2,DPB,,,,,,,,,,,,,,,,,,,,,,,,,,,,,,,,,,,,,,,,,,,,,,,,reliability_bin,3,4027,191,0.0365188508391,0.0317178180454,0.0413532366055,0.0109109976833,0.1
aggregate,later_pooled,later_pooled,,logistic_l2,DPB,,full,calibrated,calibrated,,,,f1db031425071febea902b5a930da8e852ad0845c877722404229e64749f06d1,,,,0.0481748199652,,,,,,,,,,,,72cfdc8f6be208328a97da86166024c4a11b6099541993e6da4d9e100c5d76d2,logistic_l2,DPB,,,,,,,,,,,,,,,,,,,,,,,,,,,,,,,,,,,,,,,,,,,,,,,,reliability_bin,4,4027,194,0.0461032848719,0.041354989866,0.0509631088438,0.0020715350933,0.1
aggregate,later_pooled,later_pooled,,logistic_l2,DPB,,full,calibrated,calibrated,,,,f1db031425071febea902b5a930da8e852ad0845c877722404229e64749f06d1,,,,0.0501614104793,,,,,,,,,,,,72cfdc8f6be208328a97da86166024c4a11b6099541993e6da4d9e100c5d76d2,logistic_l2,DPB,,,,,,,,,,,,,,,,,,,,,,,,,,,,,,,,,,,,,,,,,,,,,,,,reliability_bin,5,4027,202,0.056133584843,0.0509699545707,0.0615514598716,0.00597217436373,0.1
aggregate,later_pooled,later_pooled,,logistic_l2,DPB,,full,calibrated,calibrated,,,,f1db031425071febea902b5a930da8e852ad0845c877722404229e64749f06d1,,,,0.0603426868637,,,,,,,,,,,,72cfdc8f6be208328a97da86166024c4a11b6099541993e6da4d9e100c5d76d2,logistic_l2,DPB,,,,,,,,,,,,,,,,,,,,,,,,,,,,,,,,,,,,,,,,,,,,,,,,reliability_bin,6,4027,243,0.0682322765966,0.0615522588055,0.0755513094607,0.00788958973298,0.1
aggregate,later_pooled,later_pooled,,logistic_l2,DPB,,full,calibrated,calibrated,,,,f1db031425071febea902b5a930da8e852ad0845c877722404229e64749f06d1,,,,0.0990812018873,,,,,,,,,,,,72cfdc8f6be208328a97da86166024c4a11b6099541993e6da4d9e100c5d76d2,logistic_l2,DPB,,,,,,,,,,,,,,,,,,,,,,,,,,,,,,,,,,,,,,,,,,,,,,,,reliability_bin,7,4027,399,0.0837119477876,0.0755567963436,0.0928216375441,0.0153692540996,0.1
aggregate,later_pooled,later_pooled,,logistic_l2,DPB,,full,calibrated,calibrated,,,,f1db031425071febea902b5a930da8e852ad0845c877722404229e64749f06d1,,,,0.126148497641,,,,,,,,,,,,72cfdc8f6be208328a97da86166024c4a11b6099541993e6da4d9e100c5d76d2,logistic_l2,DPB,,,,,,,,,,,,,,,,,,,,,,,,,,,,,,,,,,,,,,,,,,,,,,,,reliability_bin,8,4027,508,0.104898761365,0.0928298205096,0.118745286221,0.0212497362759,0.1
aggregate,later_pooled,later_pooled,,logistic_l2,DPB,,full,calibrated,calibrated,,,,f1db031425071febea902b5a930da8e852ad0845c877722404229e64749f06d1,,,,0.168611869878,,,,,,,,,,,,72cfdc8f6be208328a97da86166024c4a11b6099541993e6da4d9e100c5d76d2,logistic_l2,DPB,,,,,,,,,,,,,,,,,,,,,,,,,,,,,,,,,,,,,,,,,,,,,,,,reliability_bin,9,4027,679,0.139835426229,0.118765376399,0.165352890244,0.0287764436498,0.1
aggregate,later_pooled,later_pooled,,logistic_l2,DPB,,full,calibrated,calibrated,,,,f1db031425071febea902b5a930da8e852ad0845c877722404229e64749f06d1,,,,0.229947851999,,,,,,,,,,,,72cfdc8f6be208328a97da86166024c4a11b6099541993e6da4d9e100c5d76d2,logistic_l2,DPB,,,,,,,,,,,,,,,,,,,,,,,,,,,,,,,,,,,,,,,,,,,,,,,,reliability_bin,10,4027,926,0.233111907457,0.165361436264,0.661089342473,0.00316405545824,0.1
aggregate,later_pooled,later_pooled,,logistic_l2,DPB,,full,raw,raw,,,,f1db031425071febea902b5a930da8e852ad0845c877722404229e64749f06d1,,,,0.0109262478272,,,,,,,,,,,,72cfdc8f6be208328a97da86166024c4a11b6099541993e6da4d9e100c5d76d2,logistic_l2,DPB,,,,,,,,,,,,,,,,,,,,,,,,,,,,,,,,,,,,,,,,,,,,,,,,reliability_bin,1,4027,44,0.0136664918884,2.05462592474e-06,0.0211045994044,0.0027402440612,0.1
aggregate,later_pooled,later_pooled,,logistic_l2,DPB,,full,raw,raw,,,,f1db031425071febea902b5a930da8e852ad0845c877722404229e64749f06d1,,,,0.0225974670971,,,,,,,,,,,,72cfdc8f6be208328a97da86166024c4a11b6099541993e6da4d9e100c5d76d2,logistic_l2,DPB,,,,,,,,,,,,,,,,,,,,,,,,,,,,,,,,,,,,,,,,,,,,,,,,reliability_bin,2,4027,91,0.0264972009508,0.0211048698045,0.0317136460721,0.00389973385366,0.1
aggregate,later_pooled,later_pooled,,logistic_l2,DPB,,full,raw,raw,,,,f1db031425071febea902b5a930da8e852ad0845c877722404229e64749f06d1,,,,0.0474298485225,,,,,,,,,,,,72cfdc8f6be208328a97da86166024c4a11b6099541993e6da4d9e100c5d76d2,logistic_l2,DPB,,,,,,,,,,,,,,,,,,,,,,,,,,,,,,,,,,,,,,,,,,,,,,,,reliability_bin,3,4027,191,0.0365188508391,0.0317178180454,0.0413532366055,0.0109109976833,0.1
aggregate,later_pooled,later_pooled,,logistic_l2,DPB,,full,raw,raw,,,,f1db031425071febea902b5a930da8e852ad0845c877722404229e64749f06d1,,,,0.0481748199652,,,,,,,,,,,,72cfdc8f6be208328a97da86166024c4a11b6099541993e6da4d9e100c5d76d2,logistic_l2,DPB,,,,,,,,,,,,,,,,,,,,,,,,,,,,,,,,,,,,,,,,,,,,,,,,reliability_bin,4,4027,194,0.0461032848719,0.041354989866,0.0509631088438,0.0020715350933,0.1
aggregate,later_pooled,later_pooled,,logistic_l2,DPB,,full,raw,raw,,,,f1db031425071febea902b5a930da8e852ad0845c877722404229e64749f06d1,,,,0.0501614104793,,,,,,,,,,,,72cfdc8f6be208328a97da86166024c4a11b6099541993e6da4d9e100c5d76d2,logistic_l2,DPB,,,,,,,,,,,,,,,,,,,,,,,,,,,,,,,,,,,,,,,,,,,,,,,,reliability_bin,5,4027,202,0.056133584843,0.0509699545707,0.0615514598716,0.00597217436373,0.1
aggregate,later_pooled,later_pooled,,logistic_l2,DPB,,full,raw,raw,,,,f1db031425071febea902b5a930da8e852ad0845c877722404229e64749f06d1,,,,0.0603426868637,,,,,,,,,,,,72cfdc8f6be208328a97da86166024c4a11b6099541993e6da4d9e100c5d76d2,logistic_l2,DPB,,,,,,,,,,,,,,,,,,,,,,,,,,,,,,,,,,,,,,,,,,,,,,,,reliability_bin,6,4027,243,0.0682322765966,0.0615522588055,0.0755513094607,0.00788958973298,0.1
aggregate,later_pooled,later_pooled,,logistic_l2,DPB,,full,raw,raw,,,,f1db031425071febea902b5a930da8e852ad0845c877722404229e64749f06d1,,,,0.0990812018873,,,,,,,,,,,,72cfdc8f6be208328a97da86166024c4a11b6099541993e6da4d9e100c5d76d2,logistic_l2,DPB,,,,,,,,,,,,,,,,,,,,,,,,,,,,,,,,,,,,,,,,,,,,,,,,reliability_bin,7,4027,399,0.0837119477876,0.0755567963436,0.0928216375441,0.0153692540996,0.1
aggregate,later_pooled,later_pooled,,logistic_l2,DPB,,full,raw,raw,,,,f1db031425071febea902b5a930da8e852ad0845c877722404229e64749f06d1,,,,0.126148497641,,,,,,,,,,,,72cfdc8f6be208328a97da86166024c4a11b6099541993e6da4d9e100c5d76d2,logistic_l2,DPB,,,,,,,,,,,,,,,,,,,,,,,,,,,,,,,,,,,,,,,,,,,,,,,,reliability_bin,8,4027,508,0.104898761365,0.0928298205096,0.118745286221,0.0212497362759,0.1
aggregate,later_pooled,later_pooled,,logistic_l2,DPB,,full,raw,raw,,,,f1db031425071febea902b5a930da8e852ad0845c877722404229e64749f06d1,,,,0.168611869878,,,,,,,,,,,,72cfdc8f6be208328a97da86166024c4a11b6099541993e6da4d9e100c5d76d2,logistic_l2,DPB,,,,,,,,,,,,,,,,,,,,,,,,,,,,,,,,,,,,,,,,,,,,,,,,reliability_bin,9,4027,679,0.139835426229,0.118765376399,0.165352890244,0.0287764436498,0.1
aggregate,later_pooled,later_pooled,,logistic_l2,DPB,,full,raw,raw,,,,f1db031425071febea902b5a930da8e852ad0845c877722404229e64749f06d1,,,,0.229947851999,,,,,,,,,,,,72cfdc8f6be208328a97da86166024c4a11b6099541993e6da4d9e100c5d76d2,logistic_l2,DPB,,,,,,,,,,,,,,,,,,,,,,,,,,,,,,,,,,,,,,,,,,,,,,,,reliability_bin,10,4027,926,0.233111907457,0.165361436264,0.661089342473,0.00316405545824,0.1
aggregate,later_pooled,later_pooled,,logistic_l2,DPG,,full,calibrated,calibrated,,,,8d91f402ed6116a5edf83036773e54808750f0c7537ac20cd74b0b674e194d0b,,,,0.0161410479265,,,,,,,,,,,,72cfdc8f6be208328a97da86166024c4a11b6099541993e6da4d9e100c5d76d2,logistic_l2,DPG,,,,,,,,,,,,,,,,,,,,,,,,,,,,,,,,,,,,,,,,,,,,,,,,reliability_bin,1,4027,65,0.0162340263422,6.33334749988e-06,0.0247420084088,9.29784157095e-05,0.1
aggregate,later_pooled,later_pooled,,logistic_l2,DPG,,full,calibrated,calibrated,,,,8d91f402ed6116a5edf83036773e54808750f0c7537ac20cd74b0b674e194d0b,,,,0.0273156195679,,,,,,,,,,,,72cfdc8f6be208328a97da86166024c4a11b6099541993e6da4d9e100c5d76d2,logistic_l2,DPG,,,,,,,,,,,,,,,,,,,,,,,,,,,,,,,,,,,,,,,,,,,,,,,,reliability_bin,2,4027,110,0.0301255480484,0.0247460135298,0.0356523364251,0.00280992848052,0.1
aggregate,later_pooled,later_pooled,,logistic_l2,DPG,,full,calibrated,calibrated,,,,8d91f402ed6116a5edf83036773e54808750f0c7537ac20cd74b0b674e194d0b,,,,0.0474298485225,,,,,,,,,,,,72cfdc8f6be208328a97da86166024c4a11b6099541993e6da4d9e100c5d76d2,logistic_l2,DPG,,,,,,,,,,,,,,,,,,,,,,,,,,,,,,,,,,,,,,,,,,,,,,,,reliability_bin,3,4027,191,0.0404406124607,0.0356541516917,0.044934973508,0.0069892360618,0.1
aggregate,later_pooled,later_pooled,,logistic_l2,DPG,,full,calibrated,calibrated,,,,8d91f402ed6116a5edf83036773e54808750f0c7537ac20cd74b0b674e194d0b,,,,0.0608393344922,,,,,,,,,,,,72cfdc8f6be208328a97da86166024c4a11b6099541993e6da4d9e100c5d76d2,logistic_l2,DPG,,,,,,,,,,,,,,,,,,,,,,,,,,,,,,,,,,,,,,,,,,,,,,,,reliability_bin,4,4027,245,0.0492301169667,0.0449378070551,0.053705541275,0.0116092175255,0.1
aggregate,later_pooled,later_pooled,,logistic_l2,DPG,,full,calibrated,calibrated,,,,8d91f402ed6116a5edf83036773e54808750f0c7537ac20cd74b0b674e194d0b,,,,0.0432083436802,,,,,,,,,,,,72cfdc8f6be208328a97da86166024c4a11b6099541993e6da4d9e100c5d76d2,logistic_l2,DPG,,,,,,,,,,,,,,,,,,,,,,,,,,,,,,,,,,,,,,,,,,,,,,,,reliability_bin,5,4027,174,0.0582229252663,0.0537077179677,0.0628250566189,0.0150145815861,0.1
aggregate,later_pooled,later_pooled,,logistic_l2,DPG,,full,calibrated,calibrated,,,,8d91f402ed6116a5edf83036773e54808750f0c7537ac20cd74b0b674e194d0b,,,,0.063570896449,,,,,,,,,,,,72cfdc8f6be208328a97da86166024c4a11b6099541993e6da4d9e100c5d76d2,logistic_l2,DPG,,,,,,,,,,,,,,,,,,,,,,,,,,,,,,,,,,,,,,,,,,,,,,,,reliability_bin,6,4027,256,0.0688226565386,0.062828778877,0.0754463723192,0.00525176008963,0.1
aggregate,later_pooled,later_pooled,,logistic_l2,DPG,,full,calibrated,calibrated,,,,8d91f402ed6116a5edf83036773e54808750f0c7537ac20cd74b0b674e194d0b,,,,0.097839582816,,,,,,,,,,,,72cfdc8f6be208328a97da86166024c4a11b6099541993e6da4d9e100c5d76d2,logistic_l2,DPG,,,,,,,,,,,,,,,,,,,,,,,,,,,,,,,,,,,,,,,,,,,,,,,,reliability_bin,7,4027,394,0.0840798922809,0.0754465399876,0.0935021336238,0.0137596905351,0.1
aggregate,later_pooled,later_pooled,,logistic_l2,DPG,,full,calibrated,calibrated,,,,8d91f402ed6116a5edf83036773e54808750f0c7537ac20cd74b0b674e194d0b,,,,0.143779488453,,,,,,,,,,,,72cfdc8f6be208328a97da86166024c4a11b6099541993e6da4d9e100c5d76d2,logistic_l2,DPG,,,,,,,,,,,,,,,,,,,,,,,,,,,,,,,,,,,,,,,,,,,,,,,,reliability_bin,8,4027,579,0.104003635047,0.0935021631394,0.115698662967,0.0397758534056,0.1
aggregate,later_pooled,later_pooled,,logistic_l2,DPG,,full,calibrated,calibrated,,,,8d91f402ed6116a5edf83036773e54808750f0c7537ac20cd74b0b674e194d0b,,,,0.17457164142,,,,,,,,,,,,72cfdc8f6be208328a97da86166024c4a11b6099541993e6da4d9e100c5d76d2,logistic_l2,DPG,,,,,,,,,,,,,,,,,,,,,,,,,,,,,,,,,,,,,,,,,,,,,,,,reliability_bin,9,4027,703,0.133243552364,0.115706193272,0.156353402595,0.0413280890561,0.1
aggregate,later_pooled,later_pooled,,logistic_l2,DPG,,full,calibrated,calibrated,,,,8d91f402ed6116a5edf83036773e54808750f0c7537ac20cd74b0b674e194d0b,,,,0.188726098833,,,,,,,,,,,,72cfdc8f6be208328a97da86166024c4a11b6099541993e6da4d9e100c5d76d2,logistic_l2,DPG,,,,,,,,,,,,,,,,,,,,,,,,,,,,,,,,,,,,,,,,,,,,,,,,reliability_bin,10,4027,760,0.222373940342,0.156356841705,0.560851734904,0.0336478415095,0.1
aggregate,later_pooled,later_pooled,,logistic_l2,DPG,,full,raw,raw,,,,8d91f402ed6116a5edf83036773e54808750f0c7537ac20cd74b0b674e194d0b,,,,0.0161410479265,,,,,,,,,,,,72cfdc8f6be208328a97da86166024c4a11b6099541993e6da4d9e100c5d76d2,logistic_l2,DPG,,,,,,,,,,,,,,,,,,,,,,,,,,,,,,,,,,,,,,,,,,,,,,,,reliability_bin,1,4027,65,0.0162340263422,6.33334749988e-06,0.0247420084088,9.29784157095e-05,0.1
aggregate,later_pooled,later_pooled,,logistic_l2,DPG,,full,raw,raw,,,,8d91f402ed6116a5edf83036773e54808750f0c7537ac20cd74b0b674e194d0b,,,,0.0273156195679,,,,,,,,,,,,72cfdc8f6be208328a97da86166024c4a11b6099541993e6da4d9e100c5d76d2,logistic_l2,DPG,,,,,,,,,,,,,,,,,,,,,,,,,,,,,,,,,,,,,,,,,,,,,,,,reliability_bin,2,4027,110,0.0301255480484,0.0247460135298,0.0356523364251,0.00280992848052,0.1
aggregate,later_pooled,later_pooled,,logistic_l2,DPG,,full,raw,raw,,,,8d91f402ed6116a5edf83036773e54808750f0c7537ac20cd74b0b674e194d0b,,,,0.0474298485225,,,,,,,,,,,,72cfdc8f6be208328a97da86166024c4a11b6099541993e6da4d9e100c5d76d2,logistic_l2,DPG,,,,,,,,,,,,,,,,,,,,,,,,,,,,,,,,,,,,,,,,,,,,,,,,reliability_bin,3,4027,191,0.0404406124607,0.0356541516917,0.044934973508,0.0069892360618,0.1
aggregate,later_pooled,later_pooled,,logistic_l2,DPG,,full,raw,raw,,,,8d91f402ed6116a5edf83036773e54808750f0c7537ac20cd74b0b674e194d0b,,,,0.0608393344922,,,,,,,,,,,,72cfdc8f6be208328a97da86166024c4a11b6099541993e6da4d9e100c5d76d2,logistic_l2,DPG,,,,,,,,,,,,,,,,,,,,,,,,,,,,,,,,,,,,,,,,,,,,,,,,reliability_bin,4,4027,245,0.0492301169667,0.0449378070551,0.053705541275,0.0116092175255,0.1
aggregate,later_pooled,later_pooled,,logistic_l2,DPG,,full,raw,raw,,,,8d91f402ed6116a5edf83036773e54808750f0c7537ac20cd74b0b674e194d0b,,,,0.0432083436802,,,,,,,,,,,,72cfdc8f6be208328a97da86166024c4a11b6099541993e6da4d9e100c5d76d2,logistic_l2,DPG,,,,,,,,,,,,,,,,,,,,,,,,,,,,,,,,,,,,,,,,,,,,,,,,reliability_bin,5,4027,174,0.0582229252663,0.0537077179677,0.0628250566189,0.0150145815861,0.1
aggregate,later_pooled,later_pooled,,logistic_l2,DPG,,full,raw,raw,,,,8d91f402ed6116a5edf83036773e54808750f0c7537ac20cd74b0b674e194d0b,,,,0.063570896449,,,,,,,,,,,,72cfdc8f6be208328a97da86166024c4a11b6099541993e6da4d9e100c5d76d2,logistic_l2,DPG,,,,,,,,,,,,,,,,,,,,,,,,,,,,,,,,,,,,,,,,,,,,,,,,reliability_bin,6,4027,256,0.0688226565386,0.062828778877,0.0754463723192,0.00525176008963,0.1
aggregate,later_pooled,later_pooled,,logistic_l2,DPG,,full,raw,raw,,,,8d91f402ed6116a5edf83036773e54808750f0c7537ac20cd74b0b674e194d0b,,,,0.097839582816,,,,,,,,,,,,72cfdc8f6be208328a97da86166024c4a11b6099541993e6da4d9e100c5d76d2,logistic_l2,DPG,,,,,,,,,,,,,,,,,,,,,,,,,,,,,,,,,,,,,,,,,,,,,,,,reliability_bin,7,4027,394,0.0840798922809,0.0754465399876,0.0935021336238,0.0137596905351,0.1
aggregate,later_pooled,later_pooled,,logistic_l2,DPG,,full,raw,raw,,,,8d91f402ed6116a5edf83036773e54808750f0c7537ac20cd74b0b674e194d0b,,,,0.143779488453,,,,,,,,,,,,72cfdc8f6be208328a97da86166024c4a11b6099541993e6da4d9e100c5d76d2,logistic_l2,DPG,,,,,,,,,,,,,,,,,,,,,,,,,,,,,,,,,,,,,,,,,,,,,,,,reliability_bin,8,4027,579,0.104003635047,0.0935021631394,0.115698662967,0.0397758534056,0.1
aggregate,later_pooled,later_pooled,,logistic_l2,DPG,,full,raw,raw,,,,8d91f402ed6116a5edf83036773e54808750f0c7537ac20cd74b0b674e194d0b,,,,0.17457164142,,,,,,,,,,,,72cfdc8f6be208328a97da86166024c4a11b6099541993e6da4d9e100c5d76d2,logistic_l2,DPG,,,,,,,,,,,,,,,,,,,,,,,,,,,,,,,,,,,,,,,,,,,,,,,,reliability_bin,9,4027,703,0.133243552364,0.115706193272,0.156353402595,0.0413280890561,0.1
aggregate,later_pooled,later_pooled,,logistic_l2,DPG,,full,raw,raw,,,,8d91f402ed6116a5edf83036773e54808750f0c7537ac20cd74b0b674e194d0b,,,,0.188726098833,,,,,,,,,,,,72cfdc8f6be208328a97da86166024c4a11b6099541993e6da4d9e100c5d76d2,logistic_l2,DPG,,,,,,,,,,,,,,,,,,,,,,,,,,,,,,,,,,,,,,,,,,,,,,,,reliability_bin,10,4027,760,0.222373940342,0.156356841705,0.560851734904,0.0336478415095,0.1
aggregate,later_pooled,later_pooled,,logistic_l2,DPS,,full,calibrated,calibrated,,,,0ea513409e8ee42b7b9d2d95a768e4f334e66a7d5bce5ad85dfcb1a36809a87c,,,,0.0600943630494,,,,,,,,,,,,72cfdc8f6be208328a97da86166024c4a11b6099541993e6da4d9e100c5d76d2,logistic_l2,DPS,,,,,,,,,,,,,,,,,,,,,,,,,,,,,,,,,,,,,,,,,,,,,,,,reliability_bin,1,4027,242,0.0322498363464,0.00391570017365,0.0388761245215,0.027844526703,0.1
aggregate,later_pooled,later_pooled,,logistic_l2,DPS,,full,calibrated,calibrated,,,,0ea513409e8ee42b7b9d2d95a768e4f334e66a7d5bce5ad85dfcb1a36809a87c,,,,0.106034268686,,,,,,,,,,,,72cfdc8f6be208328a97da86166024c4a11b6099541993e6da4d9e100c5d76d2,logistic_l2,DPS,,,,,,,,,,,,,,,,,,,,,,,,,,,,,,,,,,,,,,,,,,,,,,,,reliability_bin,2,4027,427,0.0419714891155,0.0388773871292,0.0444724744839,0.0640627795708,0.1
aggregate,later_pooled,later_pooled,,logistic_l2,DPS,,full,calibrated,calibrated,,,,0ea513409e8ee42b7b9d2d95a768e4f334e66a7d5bce5ad85dfcb1a36809a87c,,,,0.096846287559,,,,,,,,,,,,72cfdc8f6be208328a97da86166024c4a11b6099541993e6da4d9e100c5d76d2,logistic_l2,DPS,,,,,,,,,,,,,,,,,,,,,,,,,,,,,,,,,,,,,,,,,,,,,,,,reliability_bin,3,4027,390,0.0465108056482,0.0444733323102,0.0484160910954,0.0503354819108,0.1
aggregate,later_pooled,later_pooled,,logistic_l2,DPS,,full,calibrated,calibrated,,,,0ea513409e8ee42b7b9d2d95a768e4f334e66a7d5bce5ad85dfcb1a36809a87c,,,,0.102309411473,,,,,,,,,,,,72cfdc8f6be208328a97da86166024c4a11b6099541993e6da4d9e100c5d76d2,logistic_l2,DPS,,,,,,,,,,,,,,,,,,,,,,,,,,,,,,,,,,,,,,,,,,,,,,,,reliability_bin,4,4027,412,0.0503133365799,0.0484163922578,0.0521972332895,0.0519960748926,0.1
aggregate,later_pooled,later_pooled,,logistic_l2,DPS,,full,calibrated,calibrated,,,,0ea513409e8ee42b7b9d2d95a768e4f334e66a7d5bce5ad85dfcb1a36809a87c,,,,0.100322820959,,,,,,,,,,,,72cfdc8f6be208328a97da86166024c4a11b6099541993e6da4d9e100c5d76d2,logistic_l2,DPS,,,,,,,,,,,,,,,,,,,,,,,,,,,,,,,,,,,,,,,,,,,,,,,,reliability_bin,5,4027,404,0.0541161229986,0.0521993207042,0.0561362555241,0.04620669796,0.1
aggregate,later_pooled,later_pooled,,logistic_l2,DPS,,full,calibrated,calibrated,,,,0ea513409e8ee42b7b9d2d95a768e4f334e66a7d5bce5ad85dfcb1a36809a87c,,,,0.0757387633474,,,,,,,,,,,,72cfdc8f6be208328a97da86166024c4a11b6099541993e6da4d9e100c5d76d2,logistic_l2,DPS,,,,,,,,,,,,,,,,,,,,,,,,,,,,,,,,,,,,,,,,,,,,,,,,reliability_bin,6,4027,305,0.0581775159973,0.0561382409151,0.0603505687214,0.0175612473501,0.1
aggregate,later_pooled,later_pooled,,logistic_l2,DPS,,full,calibrated,calibrated,,,,0ea513409e8ee42b7b9d2d95a768e4f334e66a7d5bce5ad85dfcb1a36809a87c,,,,0.0740004966476,,,,,,,,,,,,72cfdc8f6be208328a97da86166024c4a11b6099541993e6da4d9e100c5d76d2,logistic_l2,DPS,,,,,,,,,,,,,,,,,,,,,,,,,,,,,,,,,,,,,,,,,,,,,,,,reliability_bin,7,4027,298,0.0629889369267,0.0603516373284,0.065713787769,0.0110115597209,0.1
aggregate,later_pooled,later_pooled,,logistic_l2,DPS,,full,calibrated,calibrated,,,,0ea513409e8ee42b7b9d2d95a768e4f334e66a7d5bce5ad85dfcb1a36809a87c,,,,0.0829401539608,,,,,,,,,,,,72cfdc8f6be208328a97da86166024c4a11b6099541993e6da4d9e100c5d76d2,logistic_l2,DPS,,,,,,,,,,,,,,,,,,,,,,,,,,,,,,,,,,,,,,,,,,,,,,,,reliability_bin,8,4027,334,0.0690131888002,0.0657155559303,0.0727073404303,0.0139269651606,0.1
aggregate,later_pooled,later_pooled,,logistic_l2,DPS,,full,calibrated,calibrated,,,,0ea513409e8ee42b7b9d2d95a768e4f334e66a7d5bce5ad85dfcb1a36809a87c,,,,0.0677924012913,,,,,,,,,,,,72cfdc8f6be208328a97da86166024c4a11b6099541993e6da4d9e100c5d76d2,logistic_l2,DPS,,,,,,,,,,,,,,,,,,,,,,,,,,,,,,,,,,,,,,,,,,,,,,,,reliability_bin,9,4027,273,0.0777304048221,0.0727108191159,0.0836639247589,0.00993800353086,0.1
aggregate,later_pooled,later_pooled,,logistic_l2,DPS,,full,calibrated,calibrated,,,,0ea513409e8ee42b7b9d2d95a768e4f334e66a7d5bce5ad85dfcb1a36809a87c,,,,0.0973429351875,,,,,,,,,,,,72cfdc8f6be208328a97da86166024c4a11b6099541993e6da4d9e100c5d76d2,logistic_l2,DPS,,,,,,,,,,,,,,,,,,,,,,,,,,,,,,,,,,,,,,,,,,,,,,,,reliability_bin,10,4027,392,0.0987355352788,0.083663954597,0.238802060536,0.00139260009134,0.1
aggregate,later_pooled,later_pooled,,logistic_l2,DPS,,full,raw,raw,,,,0ea513409e8ee42b7b9d2d95a768e4f334e66a7d5bce5ad85dfcb1a36809a87c,,,,0.0600943630494,,,,,,,,,,,,72cfdc8f6be208328a97da86166024c4a11b6099541993e6da4d9e100c5d76d2,logistic_l2,DPS,,,,,,,,,,,,,,,,,,,,,,,,,,,,,,,,,,,,,,,,,,,,,,,,reliability_bin,1,4027,242,0.0322498363464,0.00391570017365,0.0388761245215,0.027844526703,0.1
aggregate,later_pooled,later_pooled,,logistic_l2,DPS,,full,raw,raw,,,,0ea513409e8ee42b7b9d2d95a768e4f334e66a7d5bce5ad85dfcb1a36809a87c,,,,0.106034268686,,,,,,,,,,,,72cfdc8f6be208328a97da86166024c4a11b6099541993e6da4d9e100c5d76d2,logistic_l2,DPS,,,,,,,,,,,,,,,,,,,,,,,,,,,,,,,,,,,,,,,,,,,,,,,,reliability_bin,2,4027,427,0.0419714891155,0.0388773871292,0.0444724744839,0.0640627795708,0.1
aggregate,later_pooled,later_pooled,,logistic_l2,DPS,,full,raw,raw,,,,0ea513409e8ee42b7b9d2d95a768e4f334e66a7d5bce5ad85dfcb1a36809a87c,,,,0.096846287559,,,,,,,,,,,,72cfdc8f6be208328a97da86166024c4a11b6099541993e6da4d9e100c5d76d2,logistic_l2,DPS,,,,,,,,,,,,,,,,,,,,,,,,,,,,,,,,,,,,,,,,,,,,,,,,reliability_bin,3,4027,390,0.0465108056482,0.0444733323102,0.0484160910954,0.0503354819108,0.1
aggregate,later_pooled,later_pooled,,logistic_l2,DPS,,full,raw,raw,,,,0ea513409e8ee42b7b9d2d95a768e4f334e66a7d5bce5ad85dfcb1a36809a87c,,,,0.102309411473,,,,,,,,,,,,72cfdc8f6be208328a97da86166024c4a11b6099541993e6da4d9e100c5d76d2,logistic_l2,DPS,,,,,,,,,,,,,,,,,,,,,,,,,,,,,,,,,,,,,,,,,,,,,,,,reliability_bin,4,4027,412,0.0503133365799,0.0484163922578,0.0521972332895,0.0519960748926,0.1
aggregate,later_pooled,later_pooled,,logistic_l2,DPS,,full,raw,raw,,,,0ea513409e8ee42b7b9d2d95a768e4f334e66a7d5bce5ad85dfcb1a36809a87c,,,,0.100322820959,,,,,,,,,,,,72cfdc8f6be208328a97da86166024c4a11b6099541993e6da4d9e100c5d76d2,logistic_l2,DPS,,,,,,,,,,,,,,,,,,,,,,,,,,,,,,,,,,,,,,,,,,,,,,,,reliability_bin,5,4027,404,0.0541161229986,0.0521993207042,0.0561362555241,0.04620669796,0.1
aggregate,later_pooled,later_pooled,,logistic_l2,DPS,,full,raw,raw,,,,0ea513409e8ee42b7b9d2d95a768e4f334e66a7d5bce5ad85dfcb1a36809a87c,,,,0.0757387633474,,,,,,,,,,,,72cfdc8f6be208328a97da86166024c4a11b6099541993e6da4d9e100c5d76d2,logistic_l2,DPS,,,,,,,,,,,,,,,,,,,,,,,,,,,,,,,,,,,,,,,,,,,,,,,,reliability_bin,6,4027,305,0.0581775159973,0.0561382409151,0.0603505687214,0.0175612473501,0.1
aggregate,later_pooled,later_pooled,,logistic_l2,DPS,,full,raw,raw,,,,0ea513409e8ee42b7b9d2d95a768e4f334e66a7d5bce5ad85dfcb1a36809a87c,,,,0.0740004966476,,,,,,,,,,,,72cfdc8f6be208328a97da86166024c4a11b6099541993e6da4d9e100c5d76d2,logistic_l2,DPS,,,,,,,,,,,,,,,,,,,,,,,,,,,,,,,,,,,,,,,,,,,,,,,,reliability_bin,7,4027,298,0.0629889369267,0.0603516373284,0.065713787769,0.0110115597209,0.1
aggregate,later_pooled,later_pooled,,logistic_l2,DPS,,full,raw,raw,,,,0ea513409e8ee42b7b9d2d95a768e4f334e66a7d5bce5ad85dfcb1a36809a87c,,,,0.0829401539608,,,,,,,,,,,,72cfdc8f6be208328a97da86166024c4a11b6099541993e6da4d9e100c5d76d2,logistic_l2,DPS,,,,,,,,,,,,,,,,,,,,,,,,,,,,,,,,,,,,,,,,,,,,,,,,reliability_bin,8,4027,334,0.0690131888002,0.0657155559303,0.0727073404303,0.0139269651606,0.1
aggregate,later_pooled,later_pooled,,logistic_l2,DPS,,full,raw,raw,,,,0ea513409e8ee42b7b9d2d95a768e4f334e66a7d5bce5ad85dfcb1a36809a87c,,,,0.0677924012913,,,,,,,,,,,,72cfdc8f6be208328a97da86166024c4a11b6099541993e6da4d9e100c5d76d2,logistic_l2,DPS,,,,,,,,,,,,,,,,,,,,,,,,,,,,,,,,,,,,,,,,,,,,,,,,reliability_bin,9,4027,273,0.0777304048221,0.0727108191159,0.0836639247589,0.00993800353086,0.1
aggregate,later_pooled,later_pooled,,logistic_l2,DPS,,full,raw,raw,,,,0ea513409e8ee42b7b9d2d95a768e4f334e66a7d5bce5ad85dfcb1a36809a87c,,,,0.0973429351875,,,,,,,,,,,,72cfdc8f6be208328a97da86166024c4a11b6099541993e6da4d9e100c5d76d2,logistic_l2,DPS,,,,,,,,,,,,,,,,,,,,,,,,,,,,,,,,,,,,,,,,,,,,,,,,reliability_bin,10,4027,392,0.0987355352788,0.083663954597,0.238802060536,0.00139260009134,0.1
aggregate,later_pooled,later_pooled,,random_forest,DP0,,full,calibrated,calibrated,,,,3a31c36d4fe81f673c1d54602d56d9c26d9d0dbf23c8edfd9052f20772bcc455,,,,0.0710206108766,,,,,,,,,,,,72cfdc8f6be208328a97da86166024c4a11b6099541993e6da4d9e100c5d76d2,random_forest,DP0,,,,,,,,,,,,,,,,,,,,,,,,,,,,,,,,,,,,,,,,,,,,,,,,reliability_bin,1,4027,286,0.0369295755842,0.0368174582936,0.0369648772103,0.0340910352924,0.1
aggregate,later_pooled,later_pooled,,random_forest,DP0,,full,calibrated,calibrated,,,,3a31c36d4fe81f673c1d54602d56d9c26d9d0dbf23c8edfd9052f20772bcc455,,,,0.080208592004,,,,,,,,,,,,72cfdc8f6be208328a97da86166024c4a11b6099541993e6da4d9e100c5d76d2,random_forest,DP0,,,,,,,,,,,,,,,,,,,,,,,,,,,,,,,,,,,,,,,,,,,,,,,,reliability_bin,2,4027,323,0.0369859016689,0.0369648772103,0.0370048881233,0.0432226903351,0.1
aggregate,later_pooled,later_pooled,,random_forest,DP0,,full,calibrated,calibrated,,,,3a31c36d4fe81f673c1d54602d56d9c26d9d0dbf23c8edfd9052f20772bcc455,,,,0.0834368015893,,,,,,,,,,,,72cfdc8f6be208328a97da86166024c4a11b6099541993e6da4d9e100c5d76d2,random_forest,DP0,,,,,,,,,,,,,,,,,,,,,,,,,,,,,,,,,,,,,,,,,,,,,,,,reliability_bin,3,4027,336,0.037021674496,0.0370048890152,0.0370370338947,0.0464151270932,0.1
aggregate,later_pooled,later_pooled,,random_forest,DP0,,full,calibrated,calibrated,,,,3a31c36d4fe81f673c1d54602d56d9c26d9d0dbf23c8edfd9052f20772bcc455,,,,0.085175068289,,,,,,,,,,,,72cfdc8f6be208328a97da86166024c4a11b6099541993e6da4d9e100c5d76d2,random_forest,DP0,,,,,,,,,,,,,,,,,,,,,,,,,,,,,,,,,,,,,,,,,,,,,,,,reliability_bin,4,4027,343,0.0370514829629,0.037037039406,0.0370664663135,0.0481235853261,0.1
aggregate,later_pooled,later_pooled,,random_forest,DP0,,full,calibrated,calibrated,,,,3a31c36d4fe81f673c1d54602d56d9c26d9d0dbf23c8edfd9052f20772bcc455,,,,0.0963496399305,,,,,,,,,,,,72cfdc8f6be208328a97da86166024c4a11b6099541993e6da4d9e100c5d76d2,random_forest,DP0,,,,,,,,,,,,,,,,,,,,,,,,,,,,,,,,,,,,,,,,,,,,,,,,reliability_bin,5,4027,388,0.0370823442272,0.037066468145,0.0370995343212,0.0592672957032,0.1
aggregate,later_pooled,later_pooled,,random_forest,DP0,,full,calibrated,calibrated,,,,3a31c36d4fe81f673c1d54602d56d9c26d9d0dbf23c8edfd9052f20772bcc455,,,,0.0884032778743,,,,,,,,,,,,72cfdc8f6be208328a97da86166024c4a11b6099541993e6da4d9e100c5d76d2,random_forest,DP0,,,,,,,,,,,,,,,,,,,,,,,,,,,,,,,,,,,,,,,,,,,,,,,,reliability_bin,6,4027,356,0.037117489009,0.0370995343212,0.0371378897068,0.0512857888653,0.1
aggregate,later_pooled,later_pooled,,random_forest,DP0,,full,calibrated,calibrated,,,,3a31c36d4fe81f673c1d54602d56d9c26d9d0dbf23c8edfd9052f20772bcc455,,,,0.0936180779737,,,,,,,,,,,,72cfdc8f6be208328a97da86166024c4a11b6099541993e6da4d9e100c5d76d2,random_forest,DP0,,,,,,,,,,,,,,,,,,,,,,,,,,,,,,,,,,,,,,,,,,,,,,,,reliability_bin,7,4027,377,0.0371639289187,0.0371378897068,0.0371934758788,0.056454149055,0.1
aggregate,later_pooled,later_pooled,,random_forest,DP0,,full,calibrated,calibrated,,,,3a31c36d4fe81f673c1d54602d56d9c26d9d0dbf23c8edfd9052f20772bcc455,,,,0.0918798112739,,,,,,,,,,,,72cfdc8f6be208328a97da86166024c4a11b6099541993e6da4d9e100c5d76d2,random_forest,DP0,,,,,,,,,,,,,,,,,,,,,,,,,,,,,,,,,,,,,,,,,,,,,,,,reliability_bin,8,4027,370,0.0372313817226,0.0371934823555,0.0372750524804,0.0546484295513,0.1
aggregate,later_pooled,later_pooled,,random_forest,DP0,,full,calibrated,calibrated,,,,3a31c36d4fe81f673c1d54602d56d9c26d9d0dbf23c8edfd9052f20772bcc455,,,,0.0879066302458,,,,,,,,,,,,72cfdc8f6be208328a97da86166024c4a11b6099541993e6da4d9e100c5d76d2,random_forest,DP0,,,,,,,,,,,,,,,,,,,,,,,,,,,,,,,,,,,,,,,,,,,,,,,,reliability_bin,9,4027,354,0.0373360579373,0.0372750524804,0.0374210710714,0.0505705723086,0.1
aggregate,later_pooled,later_pooled,,random_forest,DP0,,full,calibrated,calibrated,,,,3a31c36d4fe81f673c1d54602d56d9c26d9d0dbf23c8edfd9052f20772bcc455,,,,0.0854233921033,,,,,,,,,,,,72cfdc8f6be208328a97da86166024c4a11b6099541993e6da4d9e100c5d76d2,random_forest,DP0,,,,,,,,,,,,,,,,,,,,,,,,,,,,,,,,,,,,,,,,,,,,,,,,reliability_bin,10,4027,344,0.0378191527797,0.0374210710714,0.0384962117787,0.0476042393236,0.1
aggregate,later_pooled,later_pooled,,random_forest,DP0,,full,raw,raw,,,,3a31c36d4fe81f673c1d54602d56d9c26d9d0dbf23c8edfd9052f20772bcc455,,,,0.0854233921033,,,,,,,,,,,,72cfdc8f6be208328a97da86166024c4a11b6099541993e6da4d9e100c5d76d2,random_forest,DP0,,,,,,,,,,,,,,,,,,,,,,,,,,,,,,,,,,,,,,,,,,,,,,,,reliability_bin,1,4027,344,0.0012322093097,1e-06,0.003994450848,0.0841911827936,0.1
aggregate,later_pooled,later_pooled,,random_forest,DP0,,full,raw,raw,,,,3a31c36d4fe81f673c1d54602d56d9c26d9d0dbf23c8edfd9052f20772bcc455,,,,0.0879066302458,,,,,,,,,,,,72cfdc8f6be208328a97da86166024c4a11b6099541993e6da4d9e100c5d76d2,random_forest,DP0,,,,,,,,,,,,,,,,,,,,,,,,,,,,,,,,,,,,,,,,,,,,,,,,reliability_bin,2,4027,354,0.00813308923128,0.003994450848,0.012438706967,0.0797735410146,0.1
aggregate,later_pooled,later_pooled,,random_forest,DP0,,full,raw,raw,,,,3a31c36d4fe81f673c1d54602d56d9c26d9d0dbf23c8edfd9052f20772bcc455,,,,0.0918798112739,,,,,,,,,,,,72cfdc8f6be208328a97da86166024c4a11b6099541993e6da4d9e100c5d76d2,random_forest,DP0,,,,,,,,,,,,,,,,,,,,,,,,,,,,,,,,,,,,,,,,,,,,,,,,reliability_bin,3,4027,370,0.0177323075112,0.012438706967,0.0233566056478,0.0741475037627,0.1
aggregate,later_pooled,later_pooled,,random_forest,DP0,,full,raw,raw,,,,3a31c36d4fe81f673c1d54602d56d9c26d9d0dbf23c8edfd9052f20772bcc455,,,,0.0933697541594,,,,,,,,,,,,72cfdc8f6be208328a97da86166024c4a11b6099541993e6da4d9e100c5d76d2,random_forest,DP0,,,,,,,,,,,,,,,,,,,,,,,,,,,,,,,,,,,,,,,,,,,,,,,,reliability_bin,4,4027,376,0.029513001267,0.0233577682128,0.0357265961207,0.0638567528924,0.1
aggregate,later_pooled,later_pooled,,random_forest,DP0,,full,raw,raw,,,,3a31c36d4fe81f673c1d54602d56d9c26d9d0dbf23c8edfd9052f20772bcc455,,,,0.0886516016886,,,,,,,,,,,,72cfdc8f6be208328a97da86166024c4a11b6099541993e6da4d9e100c5d76d2,random_forest,DP0,,,,,,,,,,,,,,,,,,,,,,,,,,,,,,,,,,,,,,,,,,,,,,,,reliability_bin,5,4027,357,0.0418376017955,0.0357265961207,0.0477392969395,0.0468139998931,0.1
aggregate,later_pooled,later_pooled,,random_forest,DP0,,full,raw,raw,,,,3a31c36d4fe81f673c1d54602d56d9c26d9d0dbf23c8edfd9052f20772bcc455,,,,0.0963496399305,,,,,,,,,,,,72cfdc8f6be208328a97da86166024c4a11b6099541993e6da4d9e100c5d76d2,random_forest,DP0,,,,,,,,,,,,,,,,,,,,,,,,,,,,,,,,,,,,,,,,,,,,,,,,reliability_bin,6,4027,388,0.0544270854711,0.0477392969395,0.0611028504248,0.0419225544593,0.1
aggregate,later_pooled,later_pooled,,random_forest,DP0,,full,raw,raw,,,,3a31c36d4fe81f673c1d54602d56d9c26d9d0dbf23c8edfd9052f20772bcc455,,,,0.085175068289,,,,,,,,,,,,72cfdc8f6be208328a97da86166024c4a11b6099541993e6da4d9e100c5d76d2,random_forest,DP0,,,,,,,,,,,,,,,,,,,,,,,,,,,,,,,,,,,,,,,,,,,,,,,,reliability_bin,7,4027,343,0.0683722283086,0.0611036799267,0.075877330753,0.0168028399804,0.1
aggregate,later_pooled,later_pooled,,random_forest,DP0,,full,raw,raw,,,,3a31c36d4fe81f673c1d54602d56d9c26d9d0dbf23c8edfd9052f20772bcc455,,,,0.0834368015893,,,,,,,,,,,,72cfdc8f6be208328a97da86166024c4a11b6099541993e6da4d9e100c5d76d2,random_forest,DP0,,,,,,,,,,,,,,,,,,,,,,,,,,,,,,,,,,,,,,,,,,,,,,,,reliability_bin,8,4027,336,0.0850245672327,0.0758803841012,0.0957289552267,0.00158776564342,0.1
aggregate,later_pooled,later_pooled,,random_forest,DP0,,full,raw,raw,,,,3a31c36d4fe81f673c1d54602d56d9c26d9d0dbf23c8edfd9052f20772bcc455,,,,0.080208592004,,,,,,,,,,,,72cfdc8f6be208328a97da86166024c4a11b6099541993e6da4d9e100c5d76d2,random_forest,DP0,,,,,,,,,,,,,,,,,,,,,,,,,,,,,,,,,,,,,,,,,,,,,,,,reliability_bin,9,4027,323,0.109842210469,0.0957295657514,0.126855096834,0.0296336184647,0.1
aggregate,later_pooled,later_pooled,,random_forest,DP0,,full,raw,raw,,,,3a31c36d4fe81f673c1d54602d56d9c26d9d0dbf23c8edfd9052f20772bcc455,,,,0.0710206108766,,,,,,,,,,,,72cfdc8f6be208328a97da86166024c4a11b6099541993e6da4d9e100c5d76d2,random_forest,DP0,,,,,,,,,,,,,,,,,,,,,,,,,,,,,,,,,,,,,,,,,,,,,,,,reliability_bin,10,4027,286,0.163482955554,0.126855096834,0.318666879836,0.0924623446772,0.1
aggregate,later_pooled,later_pooled,,random_forest,DPB,,full,calibrated,calibrated,,,,32c847b94a671322008fae617a2dc599fc8d605ec052fb87bda53c5557c09304,,,,0.0474298485225,,,,,,,,,,,,72cfdc8f6be208328a97da86166024c4a11b6099541993e6da4d9e100c5d76d2,random_forest,DPB,,,,,,,,,,,,,,,,,,,,,,,,,,,,,,,,,,,,,,,,,,,,,,,,reliability_bin,1,4027,191,0.00732872162467,0.000121212121212,0.0121764027183,0.0401011268978,0.1
aggregate,later_pooled,later_pooled,,random_forest,DPB,,full,calibrated,calibrated,,,,32c847b94a671322008fae617a2dc599fc8d605ec052fb87bda53c5557c09304,,,,0.0521480009933,,,,,,,,,,,,72cfdc8f6be208328a97da86166024c4a11b6099541993e6da4d9e100c5d76d2,random_forest,DPB,,,,,,,,,,,,,,,,,,,,,,,,,,,,,,,,,,,,,,,,,,,,,,,,reliability_bin,2,4027,210,0.0162786312437,0.0121784216536,0.0203482915964,0.0358693697496,0.1
aggregate,later_pooled,later_pooled,,random_forest,DPB,,full,calibrated,calibrated,,,,32c847b94a671322008fae617a2dc599fc8d605ec052fb87bda53c5557c09304,,,,0.0598460392352,,,,,,,,,,,,72cfdc8f6be208328a97da86166024c4a11b6099541993e6da4d9e100c5d76d2,random_forest,DPB,,,,,,,,,,,,,,,,,,,,,,,,,,,,,,,,,,,,,,,,,,,,,,,,reliability_bin,3,4027,241,0.0251421426128,0.0203482915964,0.0302524347632,0.0347038966224,0.1
aggregate,later_pooled,later_pooled,,random_forest,DPB,,full,calibrated,calibrated,,,,32c847b94a671322008fae617a2dc599fc8d605ec052fb87bda53c5557c09304,,,,0.0767320586044,,,,,,,,,,,,72cfdc8f6be208328a97da86166024c4a11b6099541993e6da4d9e100c5d76d2,random_forest,DPB,,,,,,,,,,,,,,,,,,,,,,,,,,,,,,,,,,,,,,,,,,,,,,,,reliability_bin,4,4027,309,0.0360908882667,0.0302615323986,0.0420322406698,0.0406411703377,0.1
aggregate,later_pooled,later_pooled,,random_forest,DPB,,full,calibrated,calibrated,,,,32c847b94a671322008fae617a2dc599fc8d605ec052fb87bda53c5557c09304,,,,0.085175068289,,,,,,,,,,,,72cfdc8f6be208328a97da86166024c4a11b6099541993e6da4d9e100c5d76d2,random_forest,DPB,,,,,,,,,,,,,,,,,,,,,,,,,,,,,,,,,,,,,,,,,,,,,,,,reliability_bin,5,4027,343,0.0481649676551,0.0420379476778,0.0545025112066,0.037010100634,0.1
aggregate,later_pooled,later_pooled,,random_forest,DPB,,full,calibrated,calibrated,,,,32c847b94a671322008fae617a2dc599fc8d605ec052fb87bda53c5557c09304,,,,0.0799602681897,,,,,,,,,,,,72cfdc8f6be208328a97da86166024c4a11b6099541993e6da4d9e100c5d76d2,random_forest,DPB,,,,,,,,,,,,,,,,,,,,,,,,,,,,,,,,,,,,,,,,,,,,,,,,reliability_bin,6,4027,322,0.0610842090994,0.0545046964806,0.0678303407771,0.0188760590903,0.1
aggregate,later_pooled,later_pooled,,random_forest,DPB,,full,calibrated,calibrated,,,,32c847b94a671322008fae617a2dc599fc8d605ec052fb87bda53c5557c09304,,,,0.0794636205612,,,,,,,,,,,,72cfdc8f6be208328a97da86166024c4a11b6099541993e6da4d9e100c5d76d2,random_forest,DPB,,,,,,,,,,,,,,,,,,,,,,,,,,,,,,,,,,,,,,,,,,,,,,,,reliability_bin,7,4027,320,0.075417322821,0.0678379933118,0.0836084467203,0.00404629774019,0.1
aggregate,later_pooled,later_pooled,,random_forest,DPB,,full,calibrated,calibrated,,,,32c847b94a671322008fae617a2dc599fc8d605ec052fb87bda53c5557c09304,,,,0.0911348398311,,,,,,,,,,,,72cfdc8f6be208328a97da86166024c4a11b6099541993e6da4d9e100c5d76d2,random_forest,DPB,,,,,,,,,,,,,,,,,,,,,,,,,,,,,,,,,,,,,,,,,,,,,,,,reliability_bin,8,4027,367,0.0932145662244,0.0836099676221,0.104655607907,0.00207972639321,0.1
aggregate,later_pooled,later_pooled,,random_forest,DPB,,full,calibrated,calibrated,,,,32c847b94a671322008fae617a2dc599fc8d605ec052fb87bda53c5557c09304,,,,0.12316861187,,,,,,,,,,,,72cfdc8f6be208328a97da86166024c4a11b6099541993e6da4d9e100c5d76d2,random_forest,DPB,,,,,,,,,,,,,,,,,,,,,,,,,,,,,,,,,,,,,,,,,,,,,,,,reliability_bin,9,4027,496,0.120921157043,0.104657678241,0.14210947871,0.00224745482654,0.1
aggregate,later_pooled,later_pooled,,random_forest,DPB,,full,calibrated,calibrated,,,,32c847b94a671322008fae617a2dc599fc8d605ec052fb87bda53c5557c09304,,,,0.168363546064,,,,,,,,,,,,72cfdc8f6be208328a97da86166024c4a11b6099541993e6da4d9e100c5d76d2,random_forest,DPB,,,,,,,,,,,,,,,,,,,,,,,,,,,,,,,,,,,,,,,,,,,,,,,,reliability_bin,10,4027,678,0.203686569466,0.142122475674,0.484790275469,0.0353230234021,0.1
aggregate,later_pooled,later_pooled,,random_forest,DPB,,full,raw,raw,,,,32c847b94a671322008fae617a2dc599fc8d605ec052fb87bda53c5557c09304,,,,0.0474298485225,,,,,,,,,,,,72cfdc8f6be208328a97da86166024c4a11b6099541993e6da4d9e100c5d76d2,random_forest,DPB,,,,,,,,,,,,,,,,,,,,,,,,,,,,,,,,,,,,,,,,,,,,,,,,reliability_bin,1,4027,191,0.00732872162467,0.000121212121212,0.0121764027183,0.0401011268978,0.1
aggregate,later_pooled,later_pooled,,random_forest,DPB,,full,raw,raw,,,,32c847b94a671322008fae617a2dc599fc8d605ec052fb87bda53c5557c09304,,,,0.0521480009933,,,,,,,,,,,,72cfdc8f6be208328a97da86166024c4a11b6099541993e6da4d9e100c5d76d2,random_forest,DPB,,,,,,,,,,,,,,,,,,,,,,,,,,,,,,,,,,,,,,,,,,,,,,,,reliability_bin,2,4027,210,0.0162786312437,0.0121784216536,0.0203482915964,0.0358693697496,0.1
aggregate,later_pooled,later_pooled,,random_forest,DPB,,full,raw,raw,,,,32c847b94a671322008fae617a2dc599fc8d605ec052fb87bda53c5557c09304,,,,0.0598460392352,,,,,,,,,,,,72cfdc8f6be208328a97da86166024c4a11b6099541993e6da4d9e100c5d76d2,random_forest,DPB,,,,,,,,,,,,,,,,,,,,,,,,,,,,,,,,,,,,,,,,,,,,,,,,reliability_bin,3,4027,241,0.0251421426128,0.0203482915964,0.0302524347632,0.0347038966224,0.1
aggregate,later_pooled,later_pooled,,random_forest,DPB,,full,raw,raw,,,,32c847b94a671322008fae617a2dc599fc8d605ec052fb87bda53c5557c09304,,,,0.0767320586044,,,,,,,,,,,,72cfdc8f6be208328a97da86166024c4a11b6099541993e6da4d9e100c5d76d2,random_forest,DPB,,,,,,,,,,,,,,,,,,,,,,,,,,,,,,,,,,,,,,,,,,,,,,,,reliability_bin,4,4027,309,0.0360908882667,0.0302615323986,0.0420322406698,0.0406411703377,0.1
aggregate,later_pooled,later_pooled,,random_forest,DPB,,full,raw,raw,,,,32c847b94a671322008fae617a2dc599fc8d605ec052fb87bda53c5557c09304,,,,0.085175068289,,,,,,,,,,,,72cfdc8f6be208328a97da86166024c4a11b6099541993e6da4d9e100c5d76d2,random_forest,DPB,,,,,,,,,,,,,,,,,,,,,,,,,,,,,,,,,,,,,,,,,,,,,,,,reliability_bin,5,4027,343,0.0481649676551,0.0420379476778,0.0545025112066,0.037010100634,0.1
aggregate,later_pooled,later_pooled,,random_forest,DPB,,full,raw,raw,,,,32c847b94a671322008fae617a2dc599fc8d605ec052fb87bda53c5557c09304,,,,0.0799602681897,,,,,,,,,,,,72cfdc8f6be208328a97da86166024c4a11b6099541993e6da4d9e100c5d76d2,random_forest,DPB,,,,,,,,,,,,,,,,,,,,,,,,,,,,,,,,,,,,,,,,,,,,,,,,reliability_bin,6,4027,322,0.0610842090994,0.0545046964806,0.0678303407771,0.0188760590903,0.1
aggregate,later_pooled,later_pooled,,random_forest,DPB,,full,raw,raw,,,,32c847b94a671322008fae617a2dc599fc8d605ec052fb87bda53c5557c09304,,,,0.0794636205612,,,,,,,,,,,,72cfdc8f6be208328a97da86166024c4a11b6099541993e6da4d9e100c5d76d2,random_forest,DPB,,,,,,,,,,,,,,,,,,,,,,,,,,,,,,,,,,,,,,,,,,,,,,,,reliability_bin,7,4027,320,0.075417322821,0.0678379933118,0.0836084467203,0.00404629774019,0.1
aggregate,later_pooled,later_pooled,,random_forest,DPB,,full,raw,raw,,,,32c847b94a671322008fae617a2dc599fc8d605ec052fb87bda53c5557c09304,,,,0.0911348398311,,,,,,,,,,,,72cfdc8f6be208328a97da86166024c4a11b6099541993e6da4d9e100c5d76d2,random_forest,DPB,,,,,,,,,,,,,,,,,,,,,,,,,,,,,,,,,,,,,,,,,,,,,,,,reliability_bin,8,4027,367,0.0932145662244,0.0836099676221,0.104655607907,0.00207972639321,0.1
aggregate,later_pooled,later_pooled,,random_forest,DPB,,full,raw,raw,,,,32c847b94a671322008fae617a2dc599fc8d605ec052fb87bda53c5557c09304,,,,0.12316861187,,,,,,,,,,,,72cfdc8f6be208328a97da86166024c4a11b6099541993e6da4d9e100c5d76d2,random_forest,DPB,,,,,,,,,,,,,,,,,,,,,,,,,,,,,,,,,,,,,,,,,,,,,,,,reliability_bin,9,4027,496,0.120921157043,0.104657678241,0.14210947871,0.00224745482654,0.1
aggregate,later_pooled,later_pooled,,random_forest,DPB,,full,raw,raw,,,,32c847b94a671322008fae617a2dc599fc8d605ec052fb87bda53c5557c09304,,,,0.168363546064,,,,,,,,,,,,72cfdc8f6be208328a97da86166024c4a11b6099541993e6da4d9e100c5d76d2,random_forest,DPB,,,,,,,,,,,,,,,,,,,,,,,,,,,,,,,,,,,,,,,,,,,,,,,,reliability_bin,10,4027,678,0.203686569466,0.142122475674,0.484790275469,0.0353230234021,0.1
aggregate,later_pooled,later_pooled,,random_forest,DPG,,full,calibrated,calibrated,,,,b45c9e9b6f65bef79b549f86eb90263f835b89a1edf4c723b4f6ceb6a16daf08,,,,0.0697789918053,,,,,,,,,,,,72cfdc8f6be208328a97da86166024c4a11b6099541993e6da4d9e100c5d76d2,random_forest,DPG,,,,,,,,,,,,,,,,,,,,,,,,,,,,,,,,,,,,,,,,,,,,,,,,reliability_bin,1,4027,281,0.0252261271843,0.0168589741602,0.0316221549485,0.044552864621,0.1
aggregate,later_pooled,later_pooled,,random_forest,DPG,,full,calibrated,calibrated,,,,b45c9e9b6f65bef79b549f86eb90263f835b89a1edf4c723b4f6ceb6a16daf08,,,,0.0866650111746,,,,,,,,,,,,72cfdc8f6be208328a97da86166024c4a11b6099541993e6da4d9e100c5d76d2,random_forest,DPG,,,,,,,,,,,,,,,,,,,,,,,,,,,,,,,,,,,,,,,,,,,,,,,,reliability_bin,2,4027,349,0.0348456850429,0.0316273798217,0.0373517244896,0.0518193261317,0.1
aggregate,later_pooled,later_pooled,,random_forest,DPG,,full,calibrated,calibrated,,,,b45c9e9b6f65bef79b549f86eb90263f835b89a1edf4c723b4f6ceb6a16daf08,,,,0.0705239632481,,,,,,,,,,,,72cfdc8f6be208328a97da86166024c4a11b6099541993e6da4d9e100c5d76d2,random_forest,DPG,,,,,,,,,,,,,,,,,,,,,,,,,,,,,,,,,,,,,,,,,,,,,,,,reliability_bin,3,4027,284,0.0392469816065,0.0373537600642,0.041641662561,0.0312769816416,0.1
aggregate,later_pooled,later_pooled,,random_forest,DPG,,full,calibrated,calibrated,,,,b45c9e9b6f65bef79b549f86eb90263f835b89a1edf4c723b4f6ceb6a16daf08,,,,0.062577601192,,,,,,,,,,,,72cfdc8f6be208328a97da86166024c4a11b6099541993e6da4d9e100c5d76d2,random_forest,DPG,,,,,,,,,,,,,,,,,,,,,,,,,,,,,,,,,,,,,,,,,,,,,,,,reliability_bin,4,4027,252,0.0436868556361,0.0416437865105,0.0453039794116,0.0188907455559,0.1
aggregate,later_pooled,later_pooled,,random_forest,DPG,,full,calibrated,calibrated,,,,b45c9e9b6f65bef79b549f86eb90263f835b89a1edf4c723b4f6ceb6a16daf08,,,,0.068537372734,,,,,,,,,,,,72cfdc8f6be208328a97da86166024c4a11b6099541993e6da4d9e100c5d76d2,random_forest,DPG,,,,,,,,,,,,,,,,,,,,,,,,,,,,,,,,,,,,,,,,,,,,,,,,reliability_bin,5,4027,276,0.0466241029297,0.0453043017866,0.0479422476173,0.0219132698044,0.1
aggregate,later_pooled,later_pooled,,random_forest,DPG,,full,calibrated,calibrated,,,,b45c9e9b6f65bef79b549f86eb90263f835b89a1edf4c723b4f6ceb6a16daf08,,,,0.0705239632481,,,,,,,,,,,,72cfdc8f6be208328a97da86166024c4a11b6099541993e6da4d9e100c5d76d2,random_forest,DPG,,,,,,,,,,,,,,,,,,,,,,,,,,,,,,,,,,,,,,,,,,,,,,,,reliability_bin,6,4027,284,0.0493904682954,0.0479422476173,0.0508237374857,0.0211334949527,0.1
aggregate,later_pooled,later_pooled,,random_forest,DPG,,full,calibrated,calibrated,,,,b45c9e9b6f65bef79b549f86eb90263f835b89a1edf4c723b4f6ceb6a16daf08,,,,0.0774770300472,,,,,,,,,,,,72cfdc8f6be208328a97da86166024c4a11b6099541993e6da4d9e100c5d76d2,random_forest,DPG,,,,,,,,,,,,,,,,,,,,,,,,,,,,,,,,,,,,,,,,,,,,,,,,reliability_bin,7,4027,312,0.0523200605696,0.0508244520399,0.0540434110205,0.0251569694776,0.1
aggregate,later_pooled,later_pooled,,random_forest,DPG,,full,calibrated,calibrated,,,,b45c9e9b6f65bef79b549f86eb90263f835b89a1edf4c723b4f6ceb6a16daf08,,,,0.0891482493171,,,,,,,,,,,,72cfdc8f6be208328a97da86166024c4a11b6099541993e6da4d9e100c5d76d2,random_forest,DPG,,,,,,,,,,,,,,,,,,,,,,,,,,,,,,,,,,,,,,,,,,,,,,,,reliability_bin,8,4027,359,0.0558079626352,0.0540451427521,0.0575231920658,0.0333402866819,0.1
aggregate,later_pooled,later_pooled,,random_forest,DPG,,full,calibrated,calibrated,,,,b45c9e9b6f65bef79b549f86eb90263f835b89a1edf4c723b4f6ceb6a16daf08,,,,0.100322820959,,,,,,,,,,,,72cfdc8f6be208328a97da86166024c4a11b6099541993e6da4d9e100c5d76d2,random_forest,DPG,,,,,,,,,,,,,,,,,,,,,,,,,,,,,,,,,,,,,,,,,,,,,,,,reliability_bin,9,4027,404,0.0595148240361,0.0575245439254,0.0623910882243,0.0408079969224,0.1
aggregate,later_pooled,later_pooled,,random_forest,DPG,,full,calibrated,calibrated,,,,b45c9e9b6f65bef79b549f86eb90263f835b89a1edf4c723b4f6ceb6a16daf08,,,,0.167866898436,,,,,,,,,,,,72cfdc8f6be208328a97da86166024c4a11b6099541993e6da4d9e100c5d76d2,random_forest,DPG,,,,,,,,,,,,,,,,,,,,,,,,,,,,,,,,,,,,,,,,,,,,,,,,reliability_bin,10,4027,676,0.0691901128827,0.0623919725626,0.0915902982057,0.0986767855529,0.1
aggregate,later_pooled,later_pooled,,random_forest,DPG,,full,raw,raw,,,,b45c9e9b6f65bef79b549f86eb90263f835b89a1edf4c723b4f6ceb6a16daf08,,,,0.0697789918053,,,,,,,,,,,,72cfdc8f6be208328a97da86166024c4a11b6099541993e6da4d9e100c5d76d2,random_forest,DPG,,,,,,,,,,,,,,,,,,,,,,,,,,,,,,,,,,,,,,,,,,,,,,,,reliability_bin,1,4027,281,0.00340158374916,0.000463988052223,0.00731344382457,0.0663774080562,0.1
aggregate,later_pooled,later_pooled,,random_forest,DPG,,full,raw,raw,,,,b45c9e9b6f65bef79b549f86eb90263f835b89a1edf4c723b4f6ceb6a16daf08,,,,0.0866650111746,,,,,,,,,,,,72cfdc8f6be208328a97da86166024c4a11b6099541993e6da4d9e100c5d76d2,random_forest,DPG,,,,,,,,,,,,,,,,,,,,,,,,,,,,,,,,,,,,,,,,,,,,,,,,reliability_bin,2,4027,349,0.0114261443489,0.00731876188555,0.0152092466471,0.0752388668257,0.1
aggregate,later_pooled,later_pooled,,random_forest,DPG,,full,raw,raw,,,,b45c9e9b6f65bef79b549f86eb90263f835b89a1edf4c723b4f6ceb6a16daf08,,,,0.0705239632481,,,,,,,,,,,,72cfdc8f6be208328a97da86166024c4a11b6099541993e6da4d9e100c5d76d2,random_forest,DPG,,,,,,,,,,,,,,,,,,,,,,,,,,,,,,,,,,,,,,,,,,,,,,,,reliability_bin,3,4027,284,0.0190396323798,0.0152128862834,0.0244893449828,0.0514843308683,0.1
aggregate,later_pooled,later_pooled,,random_forest,DPG,,full,raw,raw,,,,b45c9e9b6f65bef79b549f86eb90263f835b89a1edf4c723b4f6ceb6a16daf08,,,,0.062577601192,,,,,,,,,,,,72cfdc8f6be208328a97da86166024c4a11b6099541993e6da4d9e100c5d76d2,random_forest,DPG,,,,,,,,,,,,,,,,,,,,,,,,,,,,,,,,,,,,,,,,,,,,,,,,reliability_bin,4,4027,252,0.0303080182064,0.024494802458,0.0353487719308,0.0322695829855,0.1
aggregate,later_pooled,later_pooled,,random_forest,DPG,,full,raw,raw,,,,b45c9e9b6f65bef79b549f86eb90263f835b89a1edf4c723b4f6ceb6a16daf08,,,,0.068537372734,,,,,,,,,,,,72cfdc8f6be208328a97da86166024c4a11b6099541993e6da4d9e100c5d76d2,random_forest,DPG,,,,,,,,,,,,,,,,,,,,,,,,,,,,,,,,,,,,,,,,,,,,,,,,reliability_bin,5,4027,276,0.0401034526542,0.0353498627865,0.045144564374,0.0284339200798,0.1
aggregate,later_pooled,later_pooled,,random_forest,DPG,,full,raw,raw,,,,b45c9e9b6f65bef79b549f86eb90263f835b89a1edf4c723b4f6ceb6a16daf08,,,,0.0705239632481,,,,,,,,,,,,72cfdc8f6be208328a97da86166024c4a11b6099541993e6da4d9e100c5d76d2,random_forest,DPG,,,,,,,,,,,,,,,,,,,,,,,,,,,,,,,,,,,,,,,,,,,,,,,,reliability_bin,6,4027,284,0.0513998712889,0.045144564374,0.0579666528659,0.0191240919592,0.1
aggregate,later_pooled,later_pooled,,random_forest,DPG,,full,raw,raw,,,,b45c9e9b6f65bef79b549f86eb90263f835b89a1edf4c723b4f6ceb6a16daf08,,,,0.0774770300472,,,,,,,,,,,,72cfdc8f6be208328a97da86166024c4a11b6099541993e6da4d9e100c5d76d2,random_forest,DPG,,,,,,,,,,,,,,,,,,,,,,,,,,,,,,,,,,,,,,,,,,,,,,,,reliability_bin,7,4027,312,0.0656934442639,0.0579701244952,0.0751630157427,0.0117835857833,0.1
aggregate,later_pooled,later_pooled,,random_forest,DPG,,full,raw,raw,,,,b45c9e9b6f65bef79b549f86eb90263f835b89a1edf4c723b4f6ceb6a16daf08,,,,0.0891482493171,,,,,,,,,,,,72cfdc8f6be208328a97da86166024c4a11b6099541993e6da4d9e100c5d76d2,random_forest,DPG,,,,,,,,,,,,,,,,,,,,,,,,,,,,,,,,,,,,,,,,,,,,,,,,reliability_bin,8,4027,359,0.0861253007338,0.0751731225523,0.0974118430963,0.00302294858332,0.1
aggregate,later_pooled,later_pooled,,random_forest,DPG,,full,raw,raw,,,,b45c9e9b6f65bef79b549f86eb90263f835b89a1edf4c723b4f6ceb6a16daf08,,,,0.100322820959,,,,,,,,,,,,72cfdc8f6be208328a97da86166024c4a11b6099541993e6da4d9e100c5d76d2,random_forest,DPG,,,,,,,,,,,,,,,,,,,,,,,,,,,,,,,,,,,,,,,,,,,,,,,,reliability_bin,9,4027,404,0.112262161048,0.0974212531275,0.135235771605,0.0119393400898,0.1
aggregate,later_pooled,later_pooled,,random_forest,DPG,,full,raw,raw,,,,b45c9e9b6f65bef79b549f86eb90263f835b89a1edf4c723b4f6ceb6a16daf08,,,,0.167866898436,,,,,,,,,,,,72cfdc8f6be208328a97da86166024c4a11b6099541993e6da4d9e100c5d76d2,random_forest,DPG,,,,,,,,,,,,,,,,,,,,,,,,,,,,,,,,,,,,,,,,,,,,,,,,reliability_bin,10,4027,676,0.204482785842,0.135243359629,0.482021282137,0.0366158874064,0.1
aggregate,later_pooled,later_pooled,,random_forest,DPS,,full,calibrated,calibrated,,,,8e91ff794c03da87a783ef4cdb2a9178602aadc1d016ce16af512c79d3c89edd,,,,0.080208592004,,,,,,,,,,,,72cfdc8f6be208328a97da86166024c4a11b6099541993e6da4d9e100c5d76d2,random_forest,DPS,,,,,,,,,,,,,,,,,,,,,,,,,,,,,,,,,,,,,,,,,,,,,,,,reliability_bin,1,4027,323,0.0161425230864,0.00267873654102,0.0214663207385,0.0640660689176,0.1
aggregate,later_pooled,later_pooled,,random_forest,DPS,,full,calibrated,calibrated,,,,8e91ff794c03da87a783ef4cdb2a9178602aadc1d016ce16af512c79d3c89edd,,,,0.0921281350882,,,,,,,,,,,,72cfdc8f6be208328a97da86166024c4a11b6099541993e6da4d9e100c5d76d2,random_forest,DPS,,,,,,,,,,,,,,,,,,,,,,,,,,,,,,,,,,,,,,,,,,,,,,,,reliability_bin,2,4027,371,0.025119487976,0.0214697964797,0.0285291084367,0.0670086471122,0.1
aggregate,later_pooled,later_pooled,,random_forest,DPS,,full,calibrated,calibrated,,,,8e91ff794c03da87a783ef4cdb2a9178602aadc1d016ce16af512c79d3c89edd,,,,0.0896448969456,,,,,,,,,,,,72cfdc8f6be208328a97da86166024c4a11b6099541993e6da4d9e100c5d76d2,random_forest,DPS,,,,,,,,,,,,,,,,,,,,,,,,,,,,,,,,,,,,,,,,,,,,,,,,reliability_bin,3,4027,361,0.0315303521814,0.0285298483355,0.0345465735449,0.0581145447643,0.1
aggregate,later_pooled,later_pooled,,random_forest,DPS,,full,calibrated,calibrated,,,,8e91ff794c03da87a783ef4cdb2a9178602aadc1d016ce16af512c79d3c89edd,,,,0.0884032778743,,,,,,,,,,,,72cfdc8f6be208328a97da86166024c4a11b6099541993e6da4d9e100c5d76d2,random_forest,DPS,,,,,,,,,,,,,,,,,,,,,,,,,,,,,,,,,,,,,,,,,,,,,,,,reliability_bin,4,4027,356,0.0377148974196,0.0345468479413,0.0408148033484,0.0506883804547,0.1
aggregate,later_pooled,later_pooled,,random_forest,DPS,,full,calibrated,calibrated,,,,8e91ff794c03da87a783ef4cdb2a9178602aadc1d016ce16af512c79d3c89edd,,,,0.084181773032,,,,,,,,,,,,72cfdc8f6be208328a97da86166024c4a11b6099541993e6da4d9e100c5d76d2,random_forest,DPS,,,,,,,,,,,,,,,,,,,,,,,,,,,,,,,,,,,,,,,,,,,,,,,,reliability_bin,5,4027,339,0.044036350929,0.0408155135107,0.0474390112291,0.040145422103,0.1
aggregate,later_pooled,later_pooled,,random_forest,DPS,,full,calibrated,calibrated,,,,8e91ff794c03da87a783ef4cdb2a9178602aadc1d016ce16af512c79d3c89edd,,,,0.0933697541594,,,,,,,,,,,,72cfdc8f6be208328a97da86166024c4a11b6099541993e6da4d9e100c5d76d2,random_forest,DPS,,,,,,,,,,,,,,,,,,,,,,,,,,,,,,,,,,,,,,,,,,,,,,,,reliability_bin,6,4027,376,0.0511648770886,0.0474431664462,0.0551046079631,0.0422048770708,0.1
aggregate,later_pooled,later_pooled,,random_forest,DPS,,full,calibrated,calibrated,,,,8e91ff794c03da87a783ef4cdb2a9178602aadc1d016ce16af512c79d3c89edd,,,,0.0879066302458,,,,,,,,,,,,72cfdc8f6be208328a97da86166024c4a11b6099541993e6da4d9e100c5d76d2,random_forest,DPS,,,,,,,,,,,,,,,,,,,,,,,,,,,,,,,,,,,,,,,,,,,,,,,,reliability_bin,7,4027,354,0.0595544258337,0.0551100407045,0.0644567219282,0.0283522044121,0.1
aggregate,later_pooled,later_pooled,,random_forest,DPS,,full,calibrated,calibrated,,,,8e91ff794c03da87a783ef4cdb2a9178602aadc1d016ce16af512c79d3c89edd,,,,0.0777253538614,,,,,,,,,,,,72cfdc8f6be208328a97da86166024c4a11b6099541993e6da4d9e100c5d76d2,random_forest,DPS,,,,,,,,,,,,,,,,,,,,,,,,,,,,,,,,,,,,,,,,,,,,,,,,reliability_bin,8,4027,313,0.0703686624057,0.0644596803188,0.0771311658535,0.00735669145571,0.1
aggregate,later_pooled,later_pooled,,random_forest,DPS,,full,calibrated,calibrated,,,,8e91ff794c03da87a783ef4cdb2a9178602aadc1d016ce16af512c79d3c89edd,,,,0.083188477775,,,,,,,,,,,,72cfdc8f6be208328a97da86166024c4a11b6099541993e6da4d9e100c5d76d2,random_forest,DPS,,,,,,,,,,,,,,,,,,,,,,,,,,,,,,,,,,,,,,,,,,,,,,,,reliability_bin,9,4027,335,0.0872380040814,0.0771361419436,0.0999220514786,0.00404952630636,0.1
aggregate,later_pooled,later_pooled,,random_forest,DPS,,full,calibrated,calibrated,,,,8e91ff794c03da87a783ef4cdb2a9178602aadc1d016ce16af512c79d3c89edd,,,,0.0866650111746,,,,,,,,,,,,72cfdc8f6be208328a97da86166024c4a11b6099541993e6da4d9e100c5d76d2,random_forest,DPS,,,,,,,,,,,,,,,,,,,,,,,,,,,,,,,,,,,,,,,,,,,,,,,,reliability_bin,10,4027,349,0.134225607724,0.0999266160951,0.341651429615,0.0475605965489,0.1
aggregate,later_pooled,later_pooled,,random_forest,DPS,,full,raw,raw,,,,8e91ff794c03da87a783ef4cdb2a9178602aadc1d016ce16af512c79d3c89edd,,,,0.080208592004,,,,,,,,,,,,72cfdc8f6be208328a97da86166024c4a11b6099541993e6da4d9e100c5d76d2,random_forest,DPS,,,,,,,,,,,,,,,,,,,,,,,,,,,,,,,,,,,,,,,,,,,,,,,,reliability_bin,1,4027,323,0.0161425230864,0.00267873654102,0.0214663207385,0.0640660689176,0.1
aggregate,later_pooled,later_pooled,,random_forest,DPS,,full,raw,raw,,,,8e91ff794c03da87a783ef4cdb2a9178602aadc1d016ce16af512c79d3c89edd,,,,0.0921281350882,,,,,,,,,,,,72cfdc8f6be208328a97da86166024c4a11b6099541993e6da4d9e100c5d76d2,random_forest,DPS,,,,,,,,,,,,,,,,,,,,,,,,,,,,,,,,,,,,,,,,,,,,,,,,reliability_bin,2,4027,371,0.025119487976,0.0214697964797,0.0285291084367,0.0670086471122,0.1
aggregate,later_pooled,later_pooled,,random_forest,DPS,,full,raw,raw,,,,8e91ff794c03da87a783ef4cdb2a9178602aadc1d016ce16af512c79d3c89edd,,,,0.0896448969456,,,,,,,,,,,,72cfdc8f6be208328a97da86166024c4a11b6099541993e6da4d9e100c5d76d2,random_forest,DPS,,,,,,,,,,,,,,,,,,,,,,,,,,,,,,,,,,,,,,,,,,,,,,,,reliability_bin,3,4027,361,0.0315303521814,0.0285298483355,0.0345465735449,0.0581145447643,0.1
aggregate,later_pooled,later_pooled,,random_forest,DPS,,full,raw,raw,,,,8e91ff794c03da87a783ef4cdb2a9178602aadc1d016ce16af512c79d3c89edd,,,,0.0884032778743,,,,,,,,,,,,72cfdc8f6be208328a97da86166024c4a11b6099541993e6da4d9e100c5d76d2,random_forest,DPS,,,,,,,,,,,,,,,,,,,,,,,,,,,,,,,,,,,,,,,,,,,,,,,,reliability_bin,4,4027,356,0.0377148974196,0.0345468479413,0.0408148033484,0.0506883804547,0.1
aggregate,later_pooled,later_pooled,,random_forest,DPS,,full,raw,raw,,,,8e91ff794c03da87a783ef4cdb2a9178602aadc1d016ce16af512c79d3c89edd,,,,0.084181773032,,,,,,,,,,,,72cfdc8f6be208328a97da86166024c4a11b6099541993e6da4d9e100c5d76d2,random_forest,DPS,,,,,,,,,,,,,,,,,,,,,,,,,,,,,,,,,,,,,,,,,,,,,,,,reliability_bin,5,4027,339,0.044036350929,0.0408155135107,0.0474390112291,0.040145422103,0.1
aggregate,later_pooled,later_pooled,,random_forest,DPS,,full,raw,raw,,,,8e91ff794c03da87a783ef4cdb2a9178602aadc1d016ce16af512c79d3c89edd,,,,0.0933697541594,,,,,,,,,,,,72cfdc8f6be208328a97da86166024c4a11b6099541993e6da4d9e100c5d76d2,random_forest,DPS,,,,,,,,,,,,,,,,,,,,,,,,,,,,,,,,,,,,,,,,,,,,,,,,reliability_bin,6,4027,376,0.0511648770886,0.0474431664462,0.0551046079631,0.0422048770708,0.1
aggregate,later_pooled,later_pooled,,random_forest,DPS,,full,raw,raw,,,,8e91ff794c03da87a783ef4cdb2a9178602aadc1d016ce16af512c79d3c89edd,,,,0.0879066302458,,,,,,,,,,,,72cfdc8f6be208328a97da86166024c4a11b6099541993e6da4d9e100c5d76d2,random_forest,DPS,,,,,,,,,,,,,,,,,,,,,,,,,,,,,,,,,,,,,,,,,,,,,,,,reliability_bin,7,4027,354,0.0595544258337,0.0551100407045,0.0644567219282,0.0283522044121,0.1
aggregate,later_pooled,later_pooled,,random_forest,DPS,,full,raw,raw,,,,8e91ff794c03da87a783ef4cdb2a9178602aadc1d016ce16af512c79d3c89edd,,,,0.0777253538614,,,,,,,,,,,,72cfdc8f6be208328a97da86166024c4a11b6099541993e6da4d9e100c5d76d2,random_forest,DPS,,,,,,,,,,,,,,,,,,,,,,,,,,,,,,,,,,,,,,,,,,,,,,,,reliability_bin,8,4027,313,0.0703686624057,0.0644596803188,0.0771311658535,0.00735669145571,0.1
aggregate,later_pooled,later_pooled,,random_forest,DPS,,full,raw,raw,,,,8e91ff794c03da87a783ef4cdb2a9178602aadc1d016ce16af512c79d3c89edd,,,,0.083188477775,,,,,,,,,,,,72cfdc8f6be208328a97da86166024c4a11b6099541993e6da4d9e100c5d76d2,random_forest,DPS,,,,,,,,,,,,,,,,,,,,,,,,,,,,,,,,,,,,,,,,,,,,,,,,reliability_bin,9,4027,335,0.0872380040814,0.0771361419436,0.0999220514786,0.00404952630636,0.1
aggregate,later_pooled,later_pooled,,random_forest,DPS,,full,raw,raw,,,,8e91ff794c03da87a783ef4cdb2a9178602aadc1d016ce16af512c79d3c89edd,,,,0.0866650111746,,,,,,,,,,,,72cfdc8f6be208328a97da86166024c4a11b6099541993e6da4d9e100c5d76d2,random_forest,DPS,,,,,,,,,,,,,,,,,,,,,,,,,,,,,,,,,,,,,,,,,,,,,,,,reliability_bin,10,4027,349,0.134225607724,0.0999266160951,0.341651429615,0.0475605965489,0.1
aggregate,later_pooled,later_pooled,,xgboost,DP0,,full,calibrated,calibrated,,,,1551d46f8013fa51d59d2a3700a7271e8a7f547edb28048a2a130c335b83da0c,,,,0.0598460392352,,,,,,,,,,,,72cfdc8f6be208328a97da86166024c4a11b6099541993e6da4d9e100c5d76d2,xgboost,DP0,,,,,,,,,,,,,,,,,,,,,,,,,,,,,,,,,,,,,,,,,,,,,,,,reliability_bin,1,4027,241,0.0427833696342,0.0415523089468,0.0437864027917,0.017062669601,0.1
aggregate,later_pooled,later_pooled,,xgboost,DP0,,full,calibrated,calibrated,,,,1551d46f8013fa51d59d2a3700a7271e8a7f547edb28048a2a130c335b83da0c,,,,0.062577601192,,,,,,,,,,,,72cfdc8f6be208328a97da86166024c4a11b6099541993e6da4d9e100c5d76d2,xgboost,DP0,,,,,,,,,,,,,,,,,,,,,,,,,,,,,,,,,,,,,,,,,,,,,,,,reliability_bin,2,4027,252,0.045703423675,0.0437864027917,0.050557333976,0.0168741775169,0.1
aggregate,later_pooled,later_pooled,,xgboost,DP0,,full,calibrated,calibrated,,,,1551d46f8013fa51d59d2a3700a7271e8a7f547edb28048a2a130c335b83da0c,,,,0.114228954557,,,,,,,,,,,,72cfdc8f6be208328a97da86166024c4a11b6099541993e6da4d9e100c5d76d2,xgboost,DP0,,,,,,,,,,,,,,,,,,,,,,,,,,,,,,,,,,,,,,,,,,,,,,,,reliability_bin,3,4027,460,0.0512041296419,0.050557333976,0.051665250212,0.0630248249149,0.1
aggregate,later_pooled,later_pooled,,xgboost,DP0,,full,calibrated,calibrated,,,,1551d46f8013fa51d59d2a3700a7271e8a7f547edb28048a2a130c335b83da0c,,,,0.162155450708,,,,,,,,,,,,72cfdc8f6be208328a97da86166024c4a11b6099541993e6da4d9e100c5d76d2,xgboost,DP0,,,,,,,,,,,,,,,,,,,,,,,,,,,,,,,,,,,,,,,,,,,,,,,,reliability_bin,4,4027,653,0.0520755918144,0.051665250212,0.0521534979343,0.110079858893,0.1
aggregate,later_pooled,later_pooled,,xgboost,DP0,,full,calibrated,calibrated,,,,1551d46f8013fa51d59d2a3700a7271e8a7f547edb28048a2a130c335b83da0c,,,,0.226719642414,,,,,,,,,,,,72cfdc8f6be208328a97da86166024c4a11b6099541993e6da4d9e100c5d76d2,xgboost,DP0,,,,,,,,,,,,,,,,,,,,,,,,,,,,,,,,,,,,,,,,,,,,,,,,reliability_bin,5,4027,913,0.0524801752781,0.0521534979343,0.0525127872825,0.174239467136,0.1
aggregate,later_pooled,later_pooled,,xgboost,DP0,,full,calibrated,calibrated,,,,1551d46f8013fa51d59d2a3700a7271e8a7f547edb28048a2a130c335b83da0c,,,,0.0717655823193,,,,,,,,,,,,72cfdc8f6be208328a97da86166024c4a11b6099541993e6da4d9e100c5d76d2,xgboost,DP0,,,,,,,,,,,,,,,,,,,,,,,,,,,,,,,,,,,,,,,,,,,,,,,,reliability_bin,6,4027,289,0.0601470864262,0.0525127872825,0.062626414001,0.0116184958931,0.1
aggregate,later_pooled,later_pooled,,xgboost,DP0,,full,calibrated,calibrated,,,,1551d46f8013fa51d59d2a3700a7271e8a7f547edb28048a2a130c335b83da0c,,,,0.0404767817234,,,,,,,,,,,,72cfdc8f6be208328a97da86166024c4a11b6099541993e6da4d9e100c5d76d2,xgboost,DP0,,,,,,,,,,,,,,,,,,,,,,,,,,,,,,,,,,,,,,,,,,,,,,,,reliability_bin,7,4027,163,0.0640796605587,0.062626414001,0.0701239407063,0.0236028788354,0.1
aggregate,later_pooled,later_pooled,,xgboost,DP0,,full,calibrated,calibrated,,,,1551d46f8013fa51d59d2a3700a7271e8a7f547edb28048a2a130c335b83da0c,,,,0.0295505338962,,,,,,,,,,,,72cfdc8f6be208328a97da86166024c4a11b6099541993e6da4d9e100c5d76d2,xgboost,DP0,,,,,,,,,,,,,,,,,,,,,,,,,,,,,,,,,,,,,,,,,,,,,,,,reliability_bin,8,4027,119,0.0714827569811,0.0701239407063,0.0735143050551,0.0419322230849,0.1
aggregate,later_pooled,later_pooled,,xgboost,DP0,,full,calibrated,calibrated,,,,1551d46f8013fa51d59d2a3700a7271e8a7f547edb28048a2a130c335b83da0c,,,,0.0203625527688,,,,,,,,,,,,72cfdc8f6be208328a97da86166024c4a11b6099541993e6da4d9e100c5d76d2,xgboost,DP0,,,,,,,,,,,,,,,,,,,,,,,,,,,,,,,,,,,,,,,,,,,,,,,,reliability_bin,9,4027,82,0.0747668993867,0.0735143050551,0.0758103430271,0.0544043466179,0.1
aggregate,later_pooled,later_pooled,,xgboost,DP0,,full,calibrated,calibrated,,,,1551d46f8013fa51d59d2a3700a7271e8a7f547edb28048a2a130c335b83da0c,,,,0.0757387633474,,,,,,,,,,,,72cfdc8f6be208328a97da86166024c4a11b6099541993e6da4d9e100c5d76d2,xgboost,DP0,,,,,,,,,,,,,,,,,,,,,,,,,,,,,,,,,,,,,,,,,,,,,,,,reliability_bin,10,4027,305,0.0766840297511,0.0758103430271,0.0774979665875,0.000945266403733,0.1
aggregate,later_pooled,later_pooled,,xgboost,DP0,,full,raw,raw,,,,1551d46f8013fa51d59d2a3700a7271e8a7f547edb28048a2a130c335b83da0c,,,,0.0598460392352,,,,,,,,,,,,72cfdc8f6be208328a97da86166024c4a11b6099541993e6da4d9e100c5d76d2,xgboost,DP0,,,,,,,,,,,,,,,,,,,,,,,,,,,,,,,,,,,,,,,,,,,,,,,,reliability_bin,1,4027,241,0.0427833696342,0.0415523089468,0.0437864027917,0.017062669601,0.1
aggregate,later_pooled,later_pooled,,xgboost,DP0,,full,raw,raw,,,,1551d46f8013fa51d59d2a3700a7271e8a7f547edb28048a2a130c335b83da0c,,,,0.062577601192,,,,,,,,,,,,72cfdc8f6be208328a97da86166024c4a11b6099541993e6da4d9e100c5d76d2,xgboost,DP0,,,,,,,,,,,,,,,,,,,,,,,,,,,,,,,,,,,,,,,,,,,,,,,,reliability_bin,2,4027,252,0.045703423675,0.0437864027917,0.050557333976,0.0168741775169,0.1
aggregate,later_pooled,later_pooled,,xgboost,DP0,,full,raw,raw,,,,1551d46f8013fa51d59d2a3700a7271e8a7f547edb28048a2a130c335b83da0c,,,,0.114228954557,,,,,,,,,,,,72cfdc8f6be208328a97da86166024c4a11b6099541993e6da4d9e100c5d76d2,xgboost,DP0,,,,,,,,,,,,,,,,,,,,,,,,,,,,,,,,,,,,,,,,,,,,,,,,reliability_bin,3,4027,460,0.0512041296419,0.050557333976,0.051665250212,0.0630248249149,0.1
aggregate,later_pooled,later_pooled,,xgboost,DP0,,full,raw,raw,,,,1551d46f8013fa51d59d2a3700a7271e8a7f547edb28048a2a130c335b83da0c,,,,0.162155450708,,,,,,,,,,,,72cfdc8f6be208328a97da86166024c4a11b6099541993e6da4d9e100c5d76d2,xgboost,DP0,,,,,,,,,,,,,,,,,,,,,,,,,,,,,,,,,,,,,,,,,,,,,,,,reliability_bin,4,4027,653,0.0520755918144,0.051665250212,0.0521534979343,0.110079858893,0.1
aggregate,later_pooled,later_pooled,,xgboost,DP0,,full,raw,raw,,,,1551d46f8013fa51d59d2a3700a7271e8a7f547edb28048a2a130c335b83da0c,,,,0.226719642414,,,,,,,,,,,,72cfdc8f6be208328a97da86166024c4a11b6099541993e6da4d9e100c5d76d2,xgboost,DP0,,,,,,,,,,,,,,,,,,,,,,,,,,,,,,,,,,,,,,,,,,,,,,,,reliability_bin,5,4027,913,0.0524801752781,0.0521534979343,0.0525127872825,0.174239467136,0.1
aggregate,later_pooled,later_pooled,,xgboost,DP0,,full,raw,raw,,,,1551d46f8013fa51d59d2a3700a7271e8a7f547edb28048a2a130c335b83da0c,,,,0.0717655823193,,,,,,,,,,,,72cfdc8f6be208328a97da86166024c4a11b6099541993e6da4d9e100c5d76d2,xgboost,DP0,,,,,,,,,,,,,,,,,,,,,,,,,,,,,,,,,,,,,,,,,,,,,,,,reliability_bin,6,4027,289,0.0601470864262,0.0525127872825,0.062626414001,0.0116184958931,0.1
aggregate,later_pooled,later_pooled,,xgboost,DP0,,full,raw,raw,,,,1551d46f8013fa51d59d2a3700a7271e8a7f547edb28048a2a130c335b83da0c,,,,0.0404767817234,,,,,,,,,,,,72cfdc8f6be208328a97da86166024c4a11b6099541993e6da4d9e100c5d76d2,xgboost,DP0,,,,,,,,,,,,,,,,,,,,,,,,,,,,,,,,,,,,,,,,,,,,,,,,reliability_bin,7,4027,163,0.0640796605587,0.062626414001,0.0701239407063,0.0236028788354,0.1
aggregate,later_pooled,later_pooled,,xgboost,DP0,,full,raw,raw,,,,1551d46f8013fa51d59d2a3700a7271e8a7f547edb28048a2a130c335b83da0c,,,,0.0295505338962,,,,,,,,,,,,72cfdc8f6be208328a97da86166024c4a11b6099541993e6da4d9e100c5d76d2,xgboost,DP0,,,,,,,,,,,,,,,,,,,,,,,,,,,,,,,,,,,,,,,,,,,,,,,,reliability_bin,8,4027,119,0.0714827569811,0.0701239407063,0.0735143050551,0.0419322230849,0.1
aggregate,later_pooled,later_pooled,,xgboost,DP0,,full,raw,raw,,,,1551d46f8013fa51d59d2a3700a7271e8a7f547edb28048a2a130c335b83da0c,,,,0.0203625527688,,,,,,,,,,,,72cfdc8f6be208328a97da86166024c4a11b6099541993e6da4d9e100c5d76d2,xgboost,DP0,,,,,,,,,,,,,,,,,,,,,,,,,,,,,,,,,,,,,,,,,,,,,,,,reliability_bin,9,4027,82,0.0747668993867,0.0735143050551,0.0758103430271,0.0544043466179,0.1
aggregate,later_pooled,later_pooled,,xgboost,DP0,,full,raw,raw,,,,1551d46f8013fa51d59d2a3700a7271e8a7f547edb28048a2a130c335b83da0c,,,,0.0757387633474,,,,,,,,,,,,72cfdc8f6be208328a97da86166024c4a11b6099541993e6da4d9e100c5d76d2,xgboost,DP0,,,,,,,,,,,,,,,,,,,,,,,,,,,,,,,,,,,,,,,,,,,,,,,,reliability_bin,10,4027,305,0.0766840297511,0.0758103430271,0.0774979665875,0.000945266403733,0.1
aggregate,later_pooled,later_pooled,,xgboost,DPB,,full,calibrated,calibrated,,,,1d75b230f0d829aa3a60afc915ee561f2fcceba15ba578d35551191292494b44,,,,0.0355103054383,,,,,,,,,,,,72cfdc8f6be208328a97da86166024c4a11b6099541993e6da4d9e100c5d76d2,xgboost,DPB,,,,,,,,,,,,,,,,,,,,,,,,,,,,,,,,,,,,,,,,,,,,,,,,reliability_bin,1,4027,143,0.0425330839167,0.0414262712002,0.0434199534357,0.00702277847839,0.1
aggregate,later_pooled,later_pooled,,xgboost,DPB,,full,calibrated,calibrated,,,,1d75b230f0d829aa3a60afc915ee561f2fcceba15ba578d35551191292494b44,,,,0.0732555252049,,,,,,,,,,,,72cfdc8f6be208328a97da86166024c4a11b6099541993e6da4d9e100c5d76d2,xgboost,DPB,,,,,,,,,,,,,,,,,,,,,,,,,,,,,,,,,,,,,,,,,,,,,,,,reliability_bin,2,4027,295,0.0469559724067,0.0434199534357,0.0493770390749,0.0262995527982,0.1
aggregate,later_pooled,later_pooled,,xgboost,DPB,,full,calibrated,calibrated,,,,1d75b230f0d829aa3a60afc915ee561f2fcceba15ba578d35551191292494b44,,,,0.0769803824187,,,,,,,,,,,,72cfdc8f6be208328a97da86166024c4a11b6099541993e6da4d9e100c5d76d2,xgboost,DPB,,,,,,,,,,,,,,,,,,,,,,,,,,,,,,,,,,,,,,,,,,,,,,,,reliability_bin,3,4027,310,0.0500251561827,0.0493770390749,0.0513692013919,0.026955226236,0.1
aggregate,later_pooled,later_pooled,,xgboost,DPB,,full,calibrated,calibrated,,,,1d75b230f0d829aa3a60afc915ee561f2fcceba15ba578d35551191292494b44,,,,0.159672212565,,,,,,,,,,,,72cfdc8f6be208328a97da86166024c4a11b6099541993e6da4d9e100c5d76d2,xgboost,DPB,,,,,,,,,,,,,,,,,,,,,,,,,,,,,,,,,,,,,,,,,,,,,,,,reliability_bin,4,4027,643,0.0528914423649,0.0513692013919,0.0542621091008,0.1067807702,0.1
aggregate,later_pooled,later_pooled,,xgboost,DPB,,full,calibrated,calibrated,,,,1d75b230f0d829aa3a60afc915ee561f2fcceba15ba578d35551191292494b44,,,,0.29947851999,,,,,,,,,,,,72cfdc8f6be208328a97da86166024c4a11b6099541993e6da4d9e100c5d76d2,xgboost,DPB,,,,,,,,,,,,,,,,,,,,,,,,,,,,,,,,,,,,,,,,,,,,,,,,reliability_bin,5,4027,1206,0.055285891092,0.0542621091008,0.0582113899291,0.244192628898,0.1
aggregate,later_pooled,later_pooled,,xgboost,DPB,,full,calibrated,calibrated,,,,1d75b230f0d829aa3a60afc915ee561f2fcceba15ba578d35551191292494b44,,,,0.0255773528681,,,,,,,,,,,,72cfdc8f6be208328a97da86166024c4a11b6099541993e6da4d9e100c5d76d2,xgboost,DPB,,,,,,,,,,,,,,,,,,,,,,,,,,,,,,,,,,,,,,,,,,,,,,,,reliability_bin,6,4027,103,0.0632229912328,0.0582113899291,0.0653441026807,0.0376456383646,0.1
aggregate,later_pooled,later_pooled,,xgboost,DPB,,full,calibrated,calibrated,,,,1d75b230f0d829aa3a60afc915ee561f2fcceba15ba578d35551191292494b44,,,,0.0536379438788,,,,,,,,,,,,72cfdc8f6be208328a97da86166024c4a11b6099541993e6da4d9e100c5d76d2,xgboost,DPB,,,,,,,,,,,,,,,,,,,,,,,,,,,,,,,,,,,,,,,,,,,,,,,,reliability_bin,7,4027,216,0.0667768466856,0.0653441026807,0.0685810223222,0.0131389028068,0.1
aggregate,later_pooled,later_pooled,,xgboost,DPB,,full,calibrated,calibrated,,,,1d75b230f0d829aa3a60afc915ee561f2fcceba15ba578d35551191292494b44,,,,0.015644400298,,,,,,,,,,,,72cfdc8f6be208328a97da86166024c4a11b6099541993e6da4d9e100c5d76d2,xgboost,DPB,,,,,,,,,,,,,,,,,,,,,,,,,,,,,,,,,,,,,,,,,,,,,,,,reliability_bin,8,4027,63,0.070922529713,0.0685810223222,0.0742938965559,0.055278129415,0.1
aggregate,later_pooled,later_pooled,,xgboost,DPB,,full,calibrated,calibrated,,,,1d75b230f0d829aa3a60afc915ee561f2fcceba15ba578d35551191292494b44,,,,0.0409734293519,,,,,,,,,,,,72cfdc8f6be208328a97da86166024c4a11b6099541993e6da4d9e100c5d76d2,xgboost,DPB,,,,,,,,,,,,,,,,,,,,,,,,,,,,,,,,,,,,,,,,,,,,,,,,reliability_bin,9,4027,165,0.075769652437,0.0742938965559,0.0784345716238,0.0347962230851,0.1
aggregate,later_pooled,later_pooled,,xgboost,DPB,,full,calibrated,calibrated,,,,1d75b230f0d829aa3a60afc915ee561f2fcceba15ba578d35551191292494b44,,,,0.0826918301465,,,,,,,,,,,,72cfdc8f6be208328a97da86166024c4a11b6099541993e6da4d9e100c5d76d2,xgboost,DPB,,,,,,,,,,,,,,,,,,,,,,,,,,,,,,,,,,,,,,,,,,,,,,,,reliability_bin,10,4027,333,0.0869530245554,0.0784345716238,0.107918247581,0.00426119440893,0.1
aggregate,later_pooled,later_pooled,,xgboost,DPB,,full,raw,raw,,,,1d75b230f0d829aa3a60afc915ee561f2fcceba15ba578d35551191292494b44,,,,0.0355103054383,,,,,,,,,,,,72cfdc8f6be208328a97da86166024c4a11b6099541993e6da4d9e100c5d76d2,xgboost,DPB,,,,,,,,,,,,,,,,,,,,,,,,,,,,,,,,,,,,,,,,,,,,,,,,reliability_bin,1,4027,143,0.0425330839167,0.0414262712002,0.0434199534357,0.00702277847839,0.1
aggregate,later_pooled,later_pooled,,xgboost,DPB,,full,raw,raw,,,,1d75b230f0d829aa3a60afc915ee561f2fcceba15ba578d35551191292494b44,,,,0.0732555252049,,,,,,,,,,,,72cfdc8f6be208328a97da86166024c4a11b6099541993e6da4d9e100c5d76d2,xgboost,DPB,,,,,,,,,,,,,,,,,,,,,,,,,,,,,,,,,,,,,,,,,,,,,,,,reliability_bin,2,4027,295,0.0469559724067,0.0434199534357,0.0493770390749,0.0262995527982,0.1
aggregate,later_pooled,later_pooled,,xgboost,DPB,,full,raw,raw,,,,1d75b230f0d829aa3a60afc915ee561f2fcceba15ba578d35551191292494b44,,,,0.0769803824187,,,,,,,,,,,,72cfdc8f6be208328a97da86166024c4a11b6099541993e6da4d9e100c5d76d2,xgboost,DPB,,,,,,,,,,,,,,,,,,,,,,,,,,,,,,,,,,,,,,,,,,,,,,,,reliability_bin,3,4027,310,0.0500251561827,0.0493770390749,0.0513692013919,0.026955226236,0.1
aggregate,later_pooled,later_pooled,,xgboost,DPB,,full,raw,raw,,,,1d75b230f0d829aa3a60afc915ee561f2fcceba15ba578d35551191292494b44,,,,0.159672212565,,,,,,,,,,,,72cfdc8f6be208328a97da86166024c4a11b6099541993e6da4d9e100c5d76d2,xgboost,DPB,,,,,,,,,,,,,,,,,,,,,,,,,,,,,,,,,,,,,,,,,,,,,,,,reliability_bin,4,4027,643,0.0528914423649,0.0513692013919,0.0542621091008,0.1067807702,0.1
aggregate,later_pooled,later_pooled,,xgboost,DPB,,full,raw,raw,,,,1d75b230f0d829aa3a60afc915ee561f2fcceba15ba578d35551191292494b44,,,,0.29947851999,,,,,,,,,,,,72cfdc8f6be208328a97da86166024c4a11b6099541993e6da4d9e100c5d76d2,xgboost,DPB,,,,,,,,,,,,,,,,,,,,,,,,,,,,,,,,,,,,,,,,,,,,,,,,reliability_bin,5,4027,1206,0.055285891092,0.0542621091008,0.0582113899291,0.244192628898,0.1
aggregate,later_pooled,later_pooled,,xgboost,DPB,,full,raw,raw,,,,1d75b230f0d829aa3a60afc915ee561f2fcceba15ba578d35551191292494b44,,,,0.0255773528681,,,,,,,,,,,,72cfdc8f6be208328a97da86166024c4a11b6099541993e6da4d9e100c5d76d2,xgboost,DPB,,,,,,,,,,,,,,,,,,,,,,,,,,,,,,,,,,,,,,,,,,,,,,,,reliability_bin,6,4027,103,0.0632229912328,0.0582113899291,0.0653441026807,0.0376456383646,0.1
aggregate,later_pooled,later_pooled,,xgboost,DPB,,full,raw,raw,,,,1d75b230f0d829aa3a60afc915ee561f2fcceba15ba578d35551191292494b44,,,,0.0536379438788,,,,,,,,,,,,72cfdc8f6be208328a97da86166024c4a11b6099541993e6da4d9e100c5d76d2,xgboost,DPB,,,,,,,,,,,,,,,,,,,,,,,,,,,,,,,,,,,,,,,,,,,,,,,,reliability_bin,7,4027,216,0.0667768466856,0.0653441026807,0.0685810223222,0.0131389028068,0.1
aggregate,later_pooled,later_pooled,,xgboost,DPB,,full,raw,raw,,,,1d75b230f0d829aa3a60afc915ee561f2fcceba15ba578d35551191292494b44,,,,0.015644400298,,,,,,,,,,,,72cfdc8f6be208328a97da86166024c4a11b6099541993e6da4d9e100c5d76d2,xgboost,DPB,,,,,,,,,,,,,,,,,,,,,,,,,,,,,,,,,,,,,,,,,,,,,,,,reliability_bin,8,4027,63,0.070922529713,0.0685810223222,0.0742938965559,0.055278129415,0.1
aggregate,later_pooled,later_pooled,,xgboost,DPB,,full,raw,raw,,,,1d75b230f0d829aa3a60afc915ee561f2fcceba15ba578d35551191292494b44,,,,0.0409734293519,,,,,,,,,,,,72cfdc8f6be208328a97da86166024c4a11b6099541993e6da4d9e100c5d76d2,xgboost,DPB,,,,,,,,,,,,,,,,,,,,,,,,,,,,,,,,,,,,,,,,,,,,,,,,reliability_bin,9,4027,165,0.075769652437,0.0742938965559,0.0784345716238,0.0347962230851,0.1
aggregate,later_pooled,later_pooled,,xgboost,DPB,,full,raw,raw,,,,1d75b230f0d829aa3a60afc915ee561f2fcceba15ba578d35551191292494b44,,,,0.0826918301465,,,,,,,,,,,,72cfdc8f6be208328a97da86166024c4a11b6099541993e6da4d9e100c5d76d2,xgboost,DPB,,,,,,,,,,,,,,,,,,,,,,,,,,,,,,,,,,,,,,,,,,,,,,,,reliability_bin,10,4027,333,0.0869530245554,0.0784345716238,0.107918247581,0.00426119440893,0.1
aggregate,later_pooled,later_pooled,,xgboost,DPG,,full,calibrated,calibrated,,,,5ce52ead9ab04983efd74f8ba66512b8fdef2d522452ab511fe12739c559cce7,,,,0.0347653339955,,,,,,,,,,,,72cfdc8f6be208328a97da86166024c4a11b6099541993e6da4d9e100c5d76d2,xgboost,DPG,,,,,,,,,,,,,,,,,,,,,,,,,,,,,,,,,,,,,,,,,,,,,,,,reliability_bin,1,4027,140,0.0418655844861,0.0404609404504,0.0435275658965,0.00710025049056,0.1
aggregate,later_pooled,later_pooled,,xgboost,DPG,,full,calibrated,calibrated,,,,5ce52ead9ab04983efd74f8ba66512b8fdef2d522452ab511fe12739c559cce7,,,,0.079215296747,,,,,,,,,,,,72cfdc8f6be208328a97da86166024c4a11b6099541993e6da4d9e100c5d76d2,xgboost,DPG,,,,,,,,,,,,,,,,,,,,,,,,,,,,,,,,,,,,,,,,,,,,,,,,reliability_bin,2,4027,319,0.0458305729912,0.0435275658965,0.0468893051147,0.0333847237558,0.1
aggregate,later_pooled,later_pooled,,xgboost,DPG,,full,calibrated,calibrated,,,,5ce52ead9ab04983efd74f8ba66512b8fdef2d522452ab511fe12739c559cce7,,,,0.0804569158182,,,,,,,,,,,,72cfdc8f6be208328a97da86166024c4a11b6099541993e6da4d9e100c5d76d2,xgboost,DPG,,,,,,,,,,,,,,,,,,,,,,,,,,,,,,,,,,,,,,,,,,,,,,,,reliability_bin,3,4027,324,0.0487642929889,0.0468893051147,0.0506460666656,0.0316926228294,0.1
aggregate,later_pooled,later_pooled,,xgboost,DPG,,full,calibrated,calibrated,,,,5ce52ead9ab04983efd74f8ba66512b8fdef2d522452ab511fe12739c559cce7,,,,0.166625279364,,,,,,,,,,,,72cfdc8f6be208328a97da86166024c4a11b6099541993e6da4d9e100c5d76d2,xgboost,DPG,,,,,,,,,,,,,,,,,,,,,,,,,,,,,,,,,,,,,,,,,,,,,,,,reliability_bin,4,4027,671,0.0527976435904,0.0506460666656,0.0540022142231,0.113827635774,0.1
aggregate,later_pooled,later_pooled,,xgboost,DPG,,full,calibrated,calibrated,,,,5ce52ead9ab04983efd74f8ba66512b8fdef2d522452ab511fe12739c559cce7,,,,0.28606903402,,,,,,,,,,,,72cfdc8f6be208328a97da86166024c4a11b6099541993e6da4d9e100c5d76d2,xgboost,DPG,,,,,,,,,,,,,,,,,,,,,,,,,,,,,,,,,,,,,,,,,,,,,,,,reliability_bin,5,4027,1152,0.0548243827633,0.0540022142231,0.0589463710785,0.231244651257,0.1
aggregate,later_pooled,later_pooled,,xgboost,DPG,,full,calibrated,calibrated,,,,5ce52ead9ab04983efd74f8ba66512b8fdef2d522452ab511fe12739c559cce7,,,,0.045939905637,,,,,,,,,,,,72cfdc8f6be208328a97da86166024c4a11b6099541993e6da4d9e100c5d76d2,xgboost,DPG,,,,,,,,,,,,,,,,,,,,,,,,,,,,,,,,,,,,,,,,,,,,,,,,reliability_bin,6,4027,185,0.0630743599168,0.0589463710785,0.0656453743577,0.0171344542799,0.1
aggregate,later_pooled,later_pooled,,xgboost,DPG,,full,calibrated,calibrated,,,,5ce52ead9ab04983efd74f8ba66512b8fdef2d522452ab511fe12739c559cce7,,,,0.0285572386392,,,,,,,,,,,,72cfdc8f6be208328a97da86166024c4a11b6099541993e6da4d9e100c5d76d2,xgboost,DPG,,,,,,,,,,,,,,,,,,,,,,,,,,,,,,,,,,,,,,,,,,,,,,,,reliability_bin,7,4027,115,0.0664049271547,0.0656453743577,0.0667194202542,0.0378476885155,0.1
aggregate,later_pooled,later_pooled,,xgboost,DPG,,full,calibrated,calibrated,,,,5ce52ead9ab04983efd74f8ba66512b8fdef2d522452ab511fe12739c559cce7,,,,0.0161410479265,,,,,,,,,,,,72cfdc8f6be208328a97da86166024c4a11b6099541993e6da4d9e100c5d76d2,xgboost,DPG,,,,,,,,,,,,,,,,,,,,,,,,,,,,,,,,,,,,,,,,,,,,,,,,reliability_bin,8,4027,65,0.0708761298412,0.0667194202542,0.0733474120498,0.0547350819147,0.1
aggregate,later_pooled,later_pooled,,xgboost,DPG,,full,calibrated,calibrated,,,,5ce52ead9ab04983efd74f8ba66512b8fdef2d522452ab511fe12739c559cce7,,,,0.035261981624,,,,,,,,,,,,72cfdc8f6be208328a97da86166024c4a11b6099541993e6da4d9e100c5d76d2,xgboost,DPG,,,,,,,,,,,,,,,,,,,,,,,,,,,,,,,,,,,,,,,,,,,,,,,,reliability_bin,9,4027,142,0.0754844955776,0.0733474120498,0.0776510462165,0.0402225139536,0.1
aggregate,later_pooled,later_pooled,,xgboost,DPG,,full,calibrated,calibrated,,,,5ce52ead9ab04983efd74f8ba66512b8fdef2d522452ab511fe12739c559cce7,,,,0.0903898683884,,,,,,,,,,,,72cfdc8f6be208328a97da86166024c4a11b6099541993e6da4d9e100c5d76d2,xgboost,DPG,,,,,,,,,,,,,,,,,,,,,,,,,,,,,,,,,,,,,,,,,,,,,,,,reliability_bin,10,4027,364,0.0831759683945,0.0776510462165,0.102632761002,0.00721389999387,0.1
aggregate,later_pooled,later_pooled,,xgboost,DPG,,full,raw,raw,,,,5ce52ead9ab04983efd74f8ba66512b8fdef2d522452ab511fe12739c559cce7,,,,0.0347653339955,,,,,,,,,,,,72cfdc8f6be208328a97da86166024c4a11b6099541993e6da4d9e100c5d76d2,xgboost,DPG,,,,,,,,,,,,,,,,,,,,,,,,,,,,,,,,,,,,,,,,,,,,,,,,reliability_bin,1,4027,140,0.0418655844861,0.0404609404504,0.0435275658965,0.00710025049056,0.1
aggregate,later_pooled,later_pooled,,xgboost,DPG,,full,raw,raw,,,,5ce52ead9ab04983efd74f8ba66512b8fdef2d522452ab511fe12739c559cce7,,,,0.079215296747,,,,,,,,,,,,72cfdc8f6be208328a97da86166024c4a11b6099541993e6da4d9e100c5d76d2,xgboost,DPG,,,,,,,,,,,,,,,,,,,,,,,,,,,,,,,,,,,,,,,,,,,,,,,,reliability_bin,2,4027,319,0.0458305729912,0.0435275658965,0.0468893051147,0.0333847237558,0.1
aggregate,later_pooled,later_pooled,,xgboost,DPG,,full,raw,raw,,,,5ce52ead9ab04983efd74f8ba66512b8fdef2d522452ab511fe12739c559cce7,,,,0.0804569158182,,,,,,,,,,,,72cfdc8f6be208328a97da86166024c4a11b6099541993e6da4d9e100c5d76d2,xgboost,DPG,,,,,,,,,,,,,,,,,,,,,,,,,,,,,,,,,,,,,,,,,,,,,,,,reliability_bin,3,4027,324,0.0487642929889,0.0468893051147,0.0506460666656,0.0316926228294,0.1
aggregate,later_pooled,later_pooled,,xgboost,DPG,,full,raw,raw,,,,5ce52ead9ab04983efd74f8ba66512b8fdef2d522452ab511fe12739c559cce7,,,,0.166625279364,,,,,,,,,,,,72cfdc8f6be208328a97da86166024c4a11b6099541993e6da4d9e100c5d76d2,xgboost,DPG,,,,,,,,,,,,,,,,,,,,,,,,,,,,,,,,,,,,,,,,,,,,,,,,reliability_bin,4,4027,671,0.0527976435904,0.0506460666656,0.0540022142231,0.113827635774,0.1
aggregate,later_pooled,later_pooled,,xgboost,DPG,,full,raw,raw,,,,5ce52ead9ab04983efd74f8ba66512b8fdef2d522452ab511fe12739c559cce7,,,,0.28606903402,,,,,,,,,,,,72cfdc8f6be208328a97da86166024c4a11b6099541993e6da4d9e100c5d76d2,xgboost,DPG,,,,,,,,,,,,,,,,,,,,,,,,,,,,,,,,,,,,,,,,,,,,,,,,reliability_bin,5,4027,1152,0.0548243827633,0.0540022142231,0.0589463710785,0.231244651257,0.1
aggregate,later_pooled,later_pooled,,xgboost,DPG,,full,raw,raw,,,,5ce52ead9ab04983efd74f8ba66512b8fdef2d522452ab511fe12739c559cce7,,,,0.045939905637,,,,,,,,,,,,72cfdc8f6be208328a97da86166024c4a11b6099541993e6da4d9e100c5d76d2,xgboost,DPG,,,,,,,,,,,,,,,,,,,,,,,,,,,,,,,,,,,,,,,,,,,,,,,,reliability_bin,6,4027,185,0.0630743599168,0.0589463710785,0.0656453743577,0.0171344542799,0.1
aggregate,later_pooled,later_pooled,,xgboost,DPG,,full,raw,raw,,,,5ce52ead9ab04983efd74f8ba66512b8fdef2d522452ab511fe12739c559cce7,,,,0.0285572386392,,,,,,,,,,,,72cfdc8f6be208328a97da86166024c4a11b6099541993e6da4d9e100c5d76d2,xgboost,DPG,,,,,,,,,,,,,,,,,,,,,,,,,,,,,,,,,,,,,,,,,,,,,,,,reliability_bin,7,4027,115,0.0664049271547,0.0656453743577,0.0667194202542,0.0378476885155,0.1
aggregate,later_pooled,later_pooled,,xgboost,DPG,,full,raw,raw,,,,5ce52ead9ab04983efd74f8ba66512b8fdef2d522452ab511fe12739c559cce7,,,,0.0161410479265,,,,,,,,,,,,72cfdc8f6be208328a97da86166024c4a11b6099541993e6da4d9e100c5d76d2,xgboost,DPG,,,,,,,,,,,,,,,,,,,,,,,,,,,,,,,,,,,,,,,,,,,,,,,,reliability_bin,8,4027,65,0.0708761298412,0.0667194202542,0.0733474120498,0.0547350819147,0.1
aggregate,later_pooled,later_pooled,,xgboost,DPG,,full,raw,raw,,,,5ce52ead9ab04983efd74f8ba66512b8fdef2d522452ab511fe12739c559cce7,,,,0.035261981624,,,,,,,,,,,,72cfdc8f6be208328a97da86166024c4a11b6099541993e6da4d9e100c5d76d2,xgboost,DPG,,,,,,,,,,,,,,,,,,,,,,,,,,,,,,,,,,,,,,,,,,,,,,,,reliability_bin,9,4027,142,0.0754844955776,0.0733474120498,0.0776510462165,0.0402225139536,0.1
aggregate,later_pooled,later_pooled,,xgboost,DPG,,full,raw,raw,,,,5ce52ead9ab04983efd74f8ba66512b8fdef2d522452ab511fe12739c559cce7,,,,0.0903898683884,,,,,,,,,,,,72cfdc8f6be208328a97da86166024c4a11b6099541993e6da4d9e100c5d76d2,xgboost,DPG,,,,,,,,,,,,,,,,,,,,,,,,,,,,,,,,,,,,,,,,,,,,,,,,reliability_bin,10,4027,364,0.0831759683945,0.0776510462165,0.102632761002,0.00721389999387,0.1
aggregate,later_pooled,later_pooled,,xgboost,DPS,,full,calibrated,calibrated,,,,dff34e173d81f155fba985cacc0d6b5d712930afd91036e0f51d2d000e39cb1f,,,,0.0481748199652,,,,,,,,,,,,72cfdc8f6be208328a97da86166024c4a11b6099541993e6da4d9e100c5d76d2,xgboost,DPS,,,,,,,,,,,,,,,,,,,,,,,,,,,,,,,,,,,,,,,,,,,,,,,,reliability_bin,1,4027,194,0.0426791607871,0.0416803397238,0.0441658645868,0.00549565917813,0.1
aggregate,later_pooled,later_pooled,,xgboost,DPS,,full,calibrated,calibrated,,,,dff34e173d81f155fba985cacc0d6b5d712930afd91036e0f51d2d000e39cb1f,,,,0.0769803824187,,,,,,,,,,,,72cfdc8f6be208328a97da86166024c4a11b6099541993e6da4d9e100c5d76d2,xgboost,DPS,,,,,,,,,,,,,,,,,,,,,,,,,,,,,,,,,,,,,,,,,,,,,,,,reliability_bin,2,4027,310,0.0464956948734,0.0441658645868,0.0502680800855,0.0304846875453,0.1
aggregate,later_pooled,later_pooled,,xgboost,DPS,,full,calibrated,calibrated,,,,dff34e173d81f155fba985cacc0d6b5d712930afd91036e0f51d2d000e39cb1f,,,,0.149242612367,,,,,,,,,,,,72cfdc8f6be208328a97da86166024c4a11b6099541993e6da4d9e100c5d76d2,xgboost,DPS,,,,,,,,,,,,,,,,,,,,,,,,,,,,,,,,,,,,,,,,,,,,,,,,reliability_bin,3,4027,601,0.0505391337803,0.0502680800855,0.0510185994208,0.0987034785863,0.1
aggregate,later_pooled,later_pooled,,xgboost,DPS,,full,calibrated,calibrated,,,,dff34e173d81f155fba985cacc0d6b5d712930afd91036e0f51d2d000e39cb1f,,,,0.172088403278,,,,,,,,,,,,72cfdc8f6be208328a97da86166024c4a11b6099541993e6da4d9e100c5d76d2,xgboost,DPS,,,,,,,,,,,,,,,,,,,,,,,,,,,,,,,,,,,,,,,,,,,,,,,,reliability_bin,4,4027,693,0.0519649340356,0.0510185994208,0.0526651442051,0.120123469242,0.1
aggregate,later_pooled,later_pooled,,xgboost,DPS,,full,calibrated,calibrated,,,,dff34e173d81f155fba985cacc0d6b5d712930afd91036e0f51d2d000e39cb1f,,,,0.185497889248,,,,,,,,,,,,72cfdc8f6be208328a97da86166024c4a11b6099541993e6da4d9e100c5d76d2,xgboost,DPS,,,,,,,,,,,,,,,,,,,,,,,,,,,,,,,,,,,,,,,,,,,,,,,,reliability_bin,5,4027,747,0.0534478502595,0.0526651442051,0.0566124655306,0.132050038988,0.1
aggregate,later_pooled,later_pooled,,xgboost,DPS,,full,calibrated,calibrated,,,,dff34e173d81f155fba985cacc0d6b5d712930afd91036e0f51d2d000e39cb1f,,,,0.0538862676931,,,,,,,,,,,,72cfdc8f6be208328a97da86166024c4a11b6099541993e6da4d9e100c5d76d2,xgboost,DPS,,,,,,,,,,,,,,,,,,,,,,,,,,,,,,,,,,,,,,,,,,,,,,,,reliability_bin,6,4027,217,0.06052692389,0.0566124655306,0.0622408762574,0.00664065619697,0.1
aggregate,later_pooled,later_pooled,,xgboost,DPS,,full,calibrated,calibrated,,,,dff34e173d81f155fba985cacc0d6b5d712930afd91036e0f51d2d000e39cb1f,,,,0.0548795629501,,,,,,,,,,,,72cfdc8f6be208328a97da86166024c4a11b6099541993e6da4d9e100c5d76d2,xgboost,DPS,,,,,,,,,,,,,,,,,,,,,,,,,,,,,,,,,,,,,,,,,,,,,,,,reliability_bin,7,4027,221,0.0648134888811,0.0622408762574,0.0706195533276,0.00993392593106,0.1
aggregate,later_pooled,later_pooled,,xgboost,DPS,,full,calibrated,calibrated,,,,dff34e173d81f155fba985cacc0d6b5d712930afd91036e0f51d2d000e39cb1f,,,,0.0223491432828,,,,,,,,,,,,72cfdc8f6be208328a97da86166024c4a11b6099541993e6da4d9e100c5d76d2,xgboost,DPS,,,,,,,,,,,,,,,,,,,,,,,,,,,,,,,,,,,,,,,,,,,,,,,,reliability_bin,8,4027,90,0.0719144097889,0.0706195533276,0.07258810848,0.0495652665061,0.1
aggregate,later_pooled,later_pooled,,xgboost,DPS,,full,calibrated,calibrated,,,,dff34e173d81f155fba985cacc0d6b5d712930afd91036e0f51d2d000e39cb1f,,,,0.0399801340949,,,,,,,,,,,,72cfdc8f6be208328a97da86166024c4a11b6099541993e6da4d9e100c5d76d2,xgboost,DPS,,,,,,,,,,,,,,,,,,,,,,,,,,,,,,,,,,,,,,,,,,,,,,,,reliability_bin,9,4027,161,0.0739906258901,0.07258810848,0.0752112492919,0.0340104917953,0.1
aggregate,later_pooled,later_pooled,,xgboost,DPS,,full,calibrated,calibrated,,,,dff34e173d81f155fba985cacc0d6b5d712930afd91036e0f51d2d000e39cb1f,,,,0.0603426868637,,,,,,,,,,,,72cfdc8f6be208328a97da86166024c4a11b6099541993e6da4d9e100c5d76d2,xgboost,DPS,,,,,,,,,,,,,,,,,,,,,,,,,,,,,,,,,,,,,,,,,,,,,,,,reliability_bin,10,4027,243,0.0767941747757,0.0752112492919,0.0848673582077,0.016451487912,0.1
aggregate,later_pooled,later_pooled,,xgboost,DPS,,full,raw,raw,,,,dff34e173d81f155fba985cacc0d6b5d712930afd91036e0f51d2d000e39cb1f,,,,0.0481748199652,,,,,,,,,,,,72cfdc8f6be208328a97da86166024c4a11b6099541993e6da4d9e100c5d76d2,xgboost,DPS,,,,,,,,,,,,,,,,,,,,,,,,,,,,,,,,,,,,,,,,,,,,,,,,reliability_bin,1,4027,194,0.0426791607871,0.0416803397238,0.0441658645868,0.00549565917813,0.1
aggregate,later_pooled,later_pooled,,xgboost,DPS,,full,raw,raw,,,,dff34e173d81f155fba985cacc0d6b5d712930afd91036e0f51d2d000e39cb1f,,,,0.0769803824187,,,,,,,,,,,,72cfdc8f6be208328a97da86166024c4a11b6099541993e6da4d9e100c5d76d2,xgboost,DPS,,,,,,,,,,,,,,,,,,,,,,,,,,,,,,,,,,,,,,,,,,,,,,,,reliability_bin,2,4027,310,0.0464956948734,0.0441658645868,0.0502680800855,0.0304846875453,0.1
aggregate,later_pooled,later_pooled,,xgboost,DPS,,full,raw,raw,,,,dff34e173d81f155fba985cacc0d6b5d712930afd91036e0f51d2d000e39cb1f,,,,0.149242612367,,,,,,,,,,,,72cfdc8f6be208328a97da86166024c4a11b6099541993e6da4d9e100c5d76d2,xgboost,DPS,,,,,,,,,,,,,,,,,,,,,,,,,,,,,,,,,,,,,,,,,,,,,,,,reliability_bin,3,4027,601,0.0505391337803,0.0502680800855,0.0510185994208,0.0987034785863,0.1
aggregate,later_pooled,later_pooled,,xgboost,DPS,,full,raw,raw,,,,dff34e173d81f155fba985cacc0d6b5d712930afd91036e0f51d2d000e39cb1f,,,,0.172088403278,,,,,,,,,,,,72cfdc8f6be208328a97da86166024c4a11b6099541993e6da4d9e100c5d76d2,xgboost,DPS,,,,,,,,,,,,,,,,,,,,,,,,,,,,,,,,,,,,,,,,,,,,,,,,reliability_bin,4,4027,693,0.0519649340356,0.0510185994208,0.0526651442051,0.120123469242,0.1
aggregate,later_pooled,later_pooled,,xgboost,DPS,,full,raw,raw,,,,dff34e173d81f155fba985cacc0d6b5d712930afd91036e0f51d2d000e39cb1f,,,,0.185497889248,,,,,,,,,,,,72cfdc8f6be208328a97da86166024c4a11b6099541993e6da4d9e100c5d76d2,xgboost,DPS,,,,,,,,,,,,,,,,,,,,,,,,,,,,,,,,,,,,,,,,,,,,,,,,reliability_bin,5,4027,747,0.0534478502595,0.0526651442051,0.0566124655306,0.132050038988,0.1
aggregate,later_pooled,later_pooled,,xgboost,DPS,,full,raw,raw,,,,dff34e173d81f155fba985cacc0d6b5d712930afd91036e0f51d2d000e39cb1f,,,,0.0538862676931,,,,,,,,,,,,72cfdc8f6be208328a97da86166024c4a11b6099541993e6da4d9e100c5d76d2,xgboost,DPS,,,,,,,,,,,,,,,,,,,,,,,,,,,,,,,,,,,,,,,,,,,,,,,,reliability_bin,6,4027,217,0.06052692389,0.0566124655306,0.0622408762574,0.00664065619697,0.1
aggregate,later_pooled,later_pooled,,xgboost,DPS,,full,raw,raw,,,,dff34e173d81f155fba985cacc0d6b5d712930afd91036e0f51d2d000e39cb1f,,,,0.0548795629501,,,,,,,,,,,,72cfdc8f6be208328a97da86166024c4a11b6099541993e6da4d9e100c5d76d2,xgboost,DPS,,,,,,,,,,,,,,,,,,,,,,,,,,,,,,,,,,,,,,,,,,,,,,,,reliability_bin,7,4027,221,0.0648134888811,0.0622408762574,0.0706195533276,0.00993392593106,0.1
aggregate,later_pooled,later_pooled,,xgboost,DPS,,full,raw,raw,,,,dff34e173d81f155fba985cacc0d6b5d712930afd91036e0f51d2d000e39cb1f,,,,0.0223491432828,,,,,,,,,,,,72cfdc8f6be208328a97da86166024c4a11b6099541993e6da4d9e100c5d76d2,xgboost,DPS,,,,,,,,,,,,,,,,,,,,,,,,,,,,,,,,,,,,,,,,,,,,,,,,reliability_bin,8,4027,90,0.0719144097889,0.0706195533276,0.07258810848,0.0495652665061,0.1
aggregate,later_pooled,later_pooled,,xgboost,DPS,,full,raw,raw,,,,dff34e173d81f155fba985cacc0d6b5d712930afd91036e0f51d2d000e39cb1f,,,,0.0399801340949,,,,,,,,,,,,72cfdc8f6be208328a97da86166024c4a11b6099541993e6da4d9e100c5d76d2,xgboost,DPS,,,,,,,,,,,,,,,,,,,,,,,,,,,,,,,,,,,,,,,,,,,,,,,,reliability_bin,9,4027,161,0.0739906258901,0.07258810848,0.0752112492919,0.0340104917953,0.1
aggregate,later_pooled,later_pooled,,xgboost,DPS,,full,raw,raw,,,,dff34e173d81f155fba985cacc0d6b5d712930afd91036e0f51d2d000e39cb1f,,,,0.0603426868637,,,,,,,,,,,,72cfdc8f6be208328a97da86166024c4a11b6099541993e6da4d9e100c5d76d2,xgboost,DPS,,,,,,,,,,,,,,,,,,,,,,,,,,,,,,,,,,,,,,,,,,,,,,,,reliability_bin,10,4027,243,0.0767941747757,0.0752112492919,0.0848673582077,0.016451487912,0.1
later,2018-01,2018-01,,logistic_l2,DP0,,full,calibrated,calibrated,,,,46675fb422177ee9b1dd69df4d376e1fe67a3a99808c8cc426182a494de07334,,,,0.048090523338,,,,,,,,,,,,ee393306bea41ea6bceb8fcfabd7cbb43b7db39a083d42187f0a69ab3a3539a6,logistic_l2,DP0,,,,,,,,,,,,,,,,,,,,,,,,,,,,,,,,,,,,,,,,,,,,,,,,reliability_bin,1,707,34,0.0273496206701,0.0061206206555,0.0323299533681,0.020740902668,0.100014146272
later,2018-01,2018-01,,logistic_l2,DP0,,full,calibrated,calibrated,,,,46675fb422177ee9b1dd69df4d376e1fe67a3a99808c8cc426182a494de07334,,,,0.049504950495,,,,,,,,,,,,ee393306bea41ea6bceb8fcfabd7cbb43b7db39a083d42187f0a69ab3a3539a6,logistic_l2,DP0,,,,,,,,,,,,,,,,,,,,,,,,,,,,,,,,,,,,,,,,,,,,,,,,reliability_bin,2,707,35,0.0338875452843,0.0323378249069,0.0353308149726,0.0156174052108,0.100014146272
later,2018-01,2018-01,,logistic_l2,DP0,,full,calibrated,calibrated,,,,46675fb422177ee9b1dd69df4d376e1fe67a3a99808c8cc426182a494de07334,,,,0.0721357850071,,,,,,,,,,,,ee393306bea41ea6bceb8fcfabd7cbb43b7db39a083d42187f0a69ab3a3539a6,logistic_l2,DP0,,,,,,,,,,,,,,,,,,,,,,,,,,,,,,,,,,,,,,,,,,,,,,,,reliability_bin,3,707,51,0.0365230692649,0.0353327609337,0.0375096294519,0.0356127157422,0.100014146272
later,2018-01,2018-01,,logistic_l2,DP0,,full,calibrated,calibrated,,,,46675fb422177ee9b1dd69df4d376e1fe67a3a99808c8cc426182a494de07334,,,,0.0537482319661,,,,,,,,,,,,ee393306bea41ea6bceb8fcfabd7cbb43b7db39a083d42187f0a69ab3a3539a6,logistic_l2,DP0,,,,,,,,,,,,,,,,,,,,,,,,,,,,,,,,,,,,,,,,,,,,,,,,reliability_bin,4,707,38,0.0384117359218,0.037510180591,0.0392394679148,0.0153364960442,0.100014146272
later,2018-01,2018-01,,logistic_l2,DP0,,full,calibrated,calibrated,,,,46675fb422177ee9b1dd69df4d376e1fe67a3a99808c8cc426182a494de07334,,,,0.0834512022631,,,,,,,,,,,,ee393306bea41ea6bceb8fcfabd7cbb43b7db39a083d42187f0a69ab3a3539a6,logistic_l2,DP0,,,,,,,,,,,,,,,,,,,,,,,,,,,,,,,,,,,,,,,,,,,,,,,,reliability_bin,5,707,59,0.0400221944636,0.039241286585,0.0411135721206,0.0434290077995,0.100014146272
later,2018-01,2018-01,,logistic_l2,DP0,,full,calibrated,calibrated,,,,46675fb422177ee9b1dd69df4d376e1fe67a3a99808c8cc426182a494de07334,,,,0.0579915134371,,,,,,,,,,,,ee393306bea41ea6bceb8fcfabd7cbb43b7db39a083d42187f0a69ab3a3539a6,logistic_l2,DP0,,,,,,,,,,,,,,,,,,,,,,,,,,,,,,,,,,,,,,,,,,,,,,,,reliability_bin,6,707,41,0.0419028207595,0.0411147998643,0.0426941194785,0.0160886926776,0.100014146272
later,2018-01,2018-01,,logistic_l2,DP0,,full,calibrated,calibrated,,,,46675fb422177ee9b1dd69df4d376e1fe67a3a99808c8cc426182a494de07334,,,,0.0763790664781,,,,,,,,,,,,ee393306bea41ea6bceb8fcfabd7cbb43b7db39a083d42187f0a69ab3a3539a6,logistic_l2,DP0,,,,,,,,,,,,,,,,,,,,,,,,,,,,,,,,,,,,,,,,,,,,,,,,reliability_bin,7,707,54,0.0437414037909,0.0426948058096,0.0445887831122,0.0326376626872,0.100014146272
later,2018-01,2018-01,,logistic_l2,DP0,,full,calibrated,calibrated,,,,46675fb422177ee9b1dd69df4d376e1fe67a3a99808c8cc426182a494de07334,,,,0.0650636492221,,,,,,,,,,,,ee393306bea41ea6bceb8fcfabd7cbb43b7db39a083d42187f0a69ab3a3539a6,logistic_l2,DP0,,,,,,,,,,,,,,,,,,,,,,,,,,,,,,,,,,,,,,,,,,,,,,,,reliability_bin,8,707,46,0.045579427237,0.0445891993264,0.0468402016097,0.0194842219851,0.100014146272
later,2018-01,2018-01,,logistic_l2,DP0,,full,calibrated,calibrated,,,,46675fb422177ee9b1dd69df4d376e1fe67a3a99808c8cc426182a494de07334,,,,0.026874115983,,,,,,,,,,,,ee393306bea41ea6bceb8fcfabd7cbb43b7db39a083d42187f0a69ab3a3539a6,logistic_l2,DP0,,,,,,,,,,,,,,,,,,,,,,,,,,,,,,,,,,,,,,,,,,,,,,,,reliability_bin,9,707,19,0.0497340027455,0.0468415238518,0.0528289250444,0.0228598867625,0.100014146272
later,2018-01,2018-01,,logistic_l2,DP0,,full,calibrated,calibrated,,,,46675fb422177ee9b1dd69df4d376e1fe67a3a99808c8cc426182a494de07334,,,,0.0368271954674,,,,,,,,,,,,ee393306bea41ea6bceb8fcfabd7cbb43b7db39a083d42187f0a69ab3a3539a6,logistic_l2,DP0,,,,,,,,,,,,,,,,,,,,,,,,,,,,,,,,,,,,,,,,,,,,,,,,reliability_bin,10,706,26,0.0540481056023,0.052833752908,0.0563161773829,0.0172209101349,0.0998726835479
later,2018-01,2018-01,,logistic_l2,DP0,,full,raw,raw,,,,46675fb422177ee9b1dd69df4d376e1fe67a3a99808c8cc426182a494de07334,,,,0.048090523338,,,,,,,,,,,,ee393306bea41ea6bceb8fcfabd7cbb43b7db39a083d42187f0a69ab3a3539a6,logistic_l2,DP0,,,,,,,,,,,,,,,,,,,,,,,,,,,,,,,,,,,,,,,,,,,,,,,,reliability_bin,1,707,34,0.0273496206701,0.0061206206555,0.0323299533681,0.020740902668,0.100014146272
later,2018-01,2018-01,,logistic_l2,DP0,,full,raw,raw,,,,46675fb422177ee9b1dd69df4d376e1fe67a3a99808c8cc426182a494de07334,,,,0.049504950495,,,,,,,,,,,,ee393306bea41ea6bceb8fcfabd7cbb43b7db39a083d42187f0a69ab3a3539a6,logistic_l2,DP0,,,,,,,,,,,,,,,,,,,,,,,,,,,,,,,,,,,,,,,,,,,,,,,,reliability_bin,2,707,35,0.0338875452843,0.0323378249069,0.0353308149726,0.0156174052108,0.100014146272
later,2018-01,2018-01,,logistic_l2,DP0,,full,raw,raw,,,,46675fb422177ee9b1dd69df4d376e1fe67a3a99808c8cc426182a494de07334,,,,0.0721357850071,,,,,,,,,,,,ee393306bea41ea6bceb8fcfabd7cbb43b7db39a083d42187f0a69ab3a3539a6,logistic_l2,DP0,,,,,,,,,,,,,,,,,,,,,,,,,,,,,,,,,,,,,,,,,,,,,,,,reliability_bin,3,707,51,0.0365230692649,0.0353327609337,0.0375096294519,0.0356127157422,0.100014146272
later,2018-01,2018-01,,logistic_l2,DP0,,full,raw,raw,,,,46675fb422177ee9b1dd69df4d376e1fe67a3a99808c8cc426182a494de07334,,,,0.0537482319661,,,,,,,,,,,,ee393306bea41ea6bceb8fcfabd7cbb43b7db39a083d42187f0a69ab3a3539a6,logistic_l2,DP0,,,,,,,,,,,,,,,,,,,,,,,,,,,,,,,,,,,,,,,,,,,,,,,,reliability_bin,4,707,38,0.0384117359218,0.037510180591,0.0392394679148,0.0153364960442,0.100014146272
later,2018-01,2018-01,,logistic_l2,DP0,,full,raw,raw,,,,46675fb422177ee9b1dd69df4d376e1fe67a3a99808c8cc426182a494de07334,,,,0.0834512022631,,,,,,,,,,,,ee393306bea41ea6bceb8fcfabd7cbb43b7db39a083d42187f0a69ab3a3539a6,logistic_l2,DP0,,,,,,,,,,,,,,,,,,,,,,,,,,,,,,,,,,,,,,,,,,,,,,,,reliability_bin,5,707,59,0.0400221944636,0.039241286585,0.0411135721206,0.0434290077995,0.100014146272
later,2018-01,2018-01,,logistic_l2,DP0,,full,raw,raw,,,,46675fb422177ee9b1dd69df4d376e1fe67a3a99808c8cc426182a494de07334,,,,0.0579915134371,,,,,,,,,,,,ee393306bea41ea6bceb8fcfabd7cbb43b7db39a083d42187f0a69ab3a3539a6,logistic_l2,DP0,,,,,,,,,,,,,,,,,,,,,,,,,,,,,,,,,,,,,,,,,,,,,,,,reliability_bin,6,707,41,0.0419028207595,0.0411147998643,0.0426941194785,0.0160886926776,0.100014146272
later,2018-01,2018-01,,logistic_l2,DP0,,full,raw,raw,,,,46675fb422177ee9b1dd69df4d376e1fe67a3a99808c8cc426182a494de07334,,,,0.0763790664781,,,,,,,,,,,,ee393306bea41ea6bceb8fcfabd7cbb43b7db39a083d42187f0a69ab3a3539a6,logistic_l2,DP0,,,,,,,,,,,,,,,,,,,,,,,,,,,,,,,,,,,,,,,,,,,,,,,,reliability_bin,7,707,54,0.0437414037909,0.0426948058096,0.0445887831122,0.0326376626872,0.100014146272
later,2018-01,2018-01,,logistic_l2,DP0,,full,raw,raw,,,,46675fb422177ee9b1dd69df4d376e1fe67a3a99808c8cc426182a494de07334,,,,0.0650636492221,,,,,,,,,,,,ee393306bea41ea6bceb8fcfabd7cbb43b7db39a083d42187f0a69ab3a3539a6,logistic_l2,DP0,,,,,,,,,,,,,,,,,,,,,,,,,,,,,,,,,,,,,,,,,,,,,,,,reliability_bin,8,707,46,0.045579427237,0.0445891993264,0.0468402016097,0.0194842219851,0.100014146272
later,2018-01,2018-01,,logistic_l2,DP0,,full,raw,raw,,,,46675fb422177ee9b1dd69df4d376e1fe67a3a99808c8cc426182a494de07334,,,,0.026874115983,,,,,,,,,,,,ee393306bea41ea6bceb8fcfabd7cbb43b7db39a083d42187f0a69ab3a3539a6,logistic_l2,DP0,,,,,,,,,,,,,,,,,,,,,,,,,,,,,,,,,,,,,,,,,,,,,,,,reliability_bin,9,707,19,0.0497340027455,0.0468415238518,0.0528289250444,0.0228598867625,0.100014146272
later,2018-01,2018-01,,logistic_l2,DP0,,full,raw,raw,,,,46675fb422177ee9b1dd69df4d376e1fe67a3a99808c8cc426182a494de07334,,,,0.0368271954674,,,,,,,,,,,,ee393306bea41ea6bceb8fcfabd7cbb43b7db39a083d42187f0a69ab3a3539a6,logistic_l2,DP0,,,,,,,,,,,,,,,,,,,,,,,,,,,,,,,,,,,,,,,,,,,,,,,,reliability_bin,10,706,26,0.0540481056023,0.052833752908,0.0563161773829,0.0172209101349,0.0998726835479
later,2018-01,2018-01,,logistic_l2,DPB,,full,calibrated,calibrated,,,,57943f75a2d0f9777a4efa05946db9096d4f33b3b726106f0f1aee51573a8f05,,,,0.016973125884,,,,,,,,,,,,ee393306bea41ea6bceb8fcfabd7cbb43b7db39a083d42187f0a69ab3a3539a6,logistic_l2,DPB,,,,,,,,,,,,,,,,,,,,,,,,,,,,,,,,,,,,,,,,,,,,,,,,reliability_bin,1,707,12,0.0110949901965,1.71219433379e-05,0.0165336067895,0.00587813568748,0.100014146272
later,2018-01,2018-01,,logistic_l2,DPB,,full,calibrated,calibrated,,,,57943f75a2d0f9777a4efa05946db9096d4f33b3b726106f0f1aee51573a8f05,,,,0.015558698727,,,,,,,,,,,,ee393306bea41ea6bceb8fcfabd7cbb43b7db39a083d42187f0a69ab3a3539a6,logistic_l2,DPB,,,,,,,,,,,,,,,,,,,,,,,,,,,,,,,,,,,,,,,,,,,,,,,,reliability_bin,2,707,11,0.0200524257249,0.0165566488132,0.0232880176595,0.00449372699793,0.100014146272
later,2018-01,2018-01,,logistic_l2,DPB,,full,calibrated,calibrated,,,,57943f75a2d0f9777a4efa05946db9096d4f33b3b726106f0f1aee51573a8f05,,,,0.041018387553,,,,,,,,,,,,ee393306bea41ea6bceb8fcfabd7cbb43b7db39a083d42187f0a69ab3a3539a6,logistic_l2,DPB,,,,,,,,,,,,,,,,,,,,,,,,,,,,,,,,,,,,,,,,,,,,,,,,reliability_bin,3,707,29,0.0264430712758,0.0233143578097,0.0298114395448,0.0145753162772,0.100014146272
later,2018-01,2018-01,,logistic_l2,DPB,,full,calibrated,calibrated,,,,57943f75a2d0f9777a4efa05946db9096d4f33b3b726106f0f1aee51573a8f05,,,,0.036775106082,,,,,,,,,,,,ee393306bea41ea6bceb8fcfabd7cbb43b7db39a083d42187f0a69ab3a3539a6,logistic_l2,DPB,,,,,,,,,,,,,,,,,,,,,,,,,,,,,,,,,,,,,,,,,,,,,,,,reliability_bin,4,707,26,0.0329978913728,0.0298337391893,0.0362013006889,0.00377721470919,0.100014146272
later,2018-01,2018-01,,logistic_l2,DPB,,full,calibrated,calibrated,,,,57943f75a2d0f9777a4efa05946db9096d4f33b3b726106f0f1aee51573a8f05,,,,0.049504950495,,,,,,,,,,,,ee393306bea41ea6bceb8fcfabd7cbb43b7db39a083d42187f0a69ab3a3539a6,logistic_l2,DPB,,,,,,,,,,,,,,,,,,,,,,,,,,,,,,,,,,,,,,,,,,,,,,,,reliability_bin,5,707,35,0.0394096528057,0.0362089701666,0.0427300005805,0.0100952976894,0.100014146272
later,2018-01,2018-01,,logistic_l2,DPB,,full,calibrated,calibrated,,,,57943f75a2d0f9777a4efa05946db9096d4f33b3b726106f0f1aee51573a8f05,,,,0.039603960396,,,,,,,,,,,,ee393306bea41ea6bceb8fcfabd7cbb43b7db39a083d42187f0a69ab3a3539a6,logistic_l2,DPB,,,,,,,,,,,,,,,,,,,,,,,,,,,,,,,,,,,,,,,,,,,,,,,,reliability_bin,6,707,28,0.0464161851016,0.0427411148977,0.050026270824,0.00681222470552,0.100014146272
later,2018-01,2018-01,,logistic_l2,DPB,,full,calibrated,calibrated,,,,57943f75a2d0f9777a4efa05946db9096d4f33b3b726106f0f1aee51573a8f05,,,,0.041018387553,,,,,,,,,,,,ee393306bea41ea6bceb8fcfabd7cbb43b7db39a083d42187f0a69ab3a3539a6,logistic_l2,DPB,,,,,,,,,,,,,,,,,,,,,,,,,,,,,,,,,,,,,,,,,,,,,,,,reliability_bin,7,707,29,0.0542247349632,0.0500299168138,0.0589757213595,0.0132063474101,0.100014146272
later,2018-01,2018-01,,logistic_l2,DPB,,full,calibrated,calibrated,,,,57943f75a2d0f9777a4efa05946db9096d4f33b3b726106f0f1aee51573a8f05,,,,0.0806223479491,,,,,,,,,,,,ee393306bea41ea6bceb8fcfabd7cbb43b7db39a083d42187f0a69ab3a3539a6,logistic_l2,DPB,,,,,,,,,,,,,,,,,,,,,,,,,,,,,,,,,,,,,,,,,,,,,,,,reliability_bin,8,707,57,0.0653441596276,0.0590151974471,0.0734348074035,0.0152781883215,0.100014146272
later,2018-01,2018-01,,logistic_l2,DPB,,full,calibrated,calibrated,,,,57943f75a2d0f9777a4efa05946db9096d4f33b3b726106f0f1aee51573a8f05,,,,0.106082036775,,,,,,,,,,,,ee393306bea41ea6bceb8fcfabd7cbb43b7db39a083d42187f0a69ab3a3539a6,logistic_l2,DPB,,,,,,,,,,,,,,,,,,,,,,,,,,,,,,,,,,,,,,,,,,,,,,,,reliability_bin,9,707,75,0.0851607926346,0.0734418091495,0.10157795608,0.0209212441406,0.100014146272
later,2018-01,2018-01,,logistic_l2,DPB,,full,calibrated,calibrated,,,,57943f75a2d0f9777a4efa05946db9096d4f33b3b726106f0f1aee51573a8f05,,,,0.143059490085,,,,,,,,,,,,ee393306bea41ea6bceb8fcfabd7cbb43b7db39a083d42187f0a69ab3a3539a6,logistic_l2,DPB,,,,,,,,,,,,,,,,,,,,,,,,,,,,,,,,,,,,,,,,,,,,,,,,reliability_bin,10,706,101,0.145891023094,0.101669448052,0.421859711189,0.0028315330093,0.0998726835479
later,2018-01,2018-01,,logistic_l2,DPB,,full,raw,raw,,,,57943f75a2d0f9777a4efa05946db9096d4f33b3b726106f0f1aee51573a8f05,,,,0.016973125884,,,,,,,,,,,,ee393306bea41ea6bceb8fcfabd7cbb43b7db39a083d42187f0a69ab3a3539a6,logistic_l2,DPB,,,,,,,,,,,,,,,,,,,,,,,,,,,,,,,,,,,,,,,,,,,,,,,,reliability_bin,1,707,12,0.0110949901965,1.71219433379e-05,0.0165336067895,0.00587813568748,0.100014146272
later,2018-01,2018-01,,logistic_l2,DPB,,full,raw,raw,,,,57943f75a2d0f9777a4efa05946db9096d4f33b3b726106f0f1aee51573a8f05,,,,0.015558698727,,,,,,,,,,,,ee393306bea41ea6bceb8fcfabd7cbb43b7db39a083d42187f0a69ab3a3539a6,logistic_l2,DPB,,,,,,,,,,,,,,,,,,,,,,,,,,,,,,,,,,,,,,,,,,,,,,,,reliability_bin,2,707,11,0.0200524257249,0.0165566488132,0.0232880176595,0.00449372699793,0.100014146272
later,2018-01,2018-01,,logistic_l2,DPB,,full,raw,raw,,,,57943f75a2d0f9777a4efa05946db9096d4f33b3b726106f0f1aee51573a8f05,,,,0.041018387553,,,,,,,,,,,,ee393306bea41ea6bceb8fcfabd7cbb43b7db39a083d42187f0a69ab3a3539a6,logistic_l2,DPB,,,,,,,,,,,,,,,,,,,,,,,,,,,,,,,,,,,,,,,,,,,,,,,,reliability_bin,3,707,29,0.0264430712758,0.0233143578097,0.0298114395448,0.0145753162772,0.100014146272
later,2018-01,2018-01,,logistic_l2,DPB,,full,raw,raw,,,,57943f75a2d0f9777a4efa05946db9096d4f33b3b726106f0f1aee51573a8f05,,,,0.036775106082,,,,,,,,,,,,ee393306bea41ea6bceb8fcfabd7cbb43b7db39a083d42187f0a69ab3a3539a6,logistic_l2,DPB,,,,,,,,,,,,,,,,,,,,,,,,,,,,,,,,,,,,,,,,,,,,,,,,reliability_bin,4,707,26,0.0329978913728,0.0298337391893,0.0362013006889,0.00377721470919,0.100014146272
later,2018-01,2018-01,,logistic_l2,DPB,,full,raw,raw,,,,57943f75a2d0f9777a4efa05946db9096d4f33b3b726106f0f1aee51573a8f05,,,,0.049504950495,,,,,,,,,,,,ee393306bea41ea6bceb8fcfabd7cbb43b7db39a083d42187f0a69ab3a3539a6,logistic_l2,DPB,,,,,,,,,,,,,,,,,,,,,,,,,,,,,,,,,,,,,,,,,,,,,,,,reliability_bin,5,707,35,0.0394096528057,0.0362089701666,0.0427300005805,0.0100952976894,0.100014146272
later,2018-01,2018-01,,logistic_l2,DPB,,full,raw,raw,,,,57943f75a2d0f9777a4efa05946db9096d4f33b3b726106f0f1aee51573a8f05,,,,0.039603960396,,,,,,,,,,,,ee393306bea41ea6bceb8fcfabd7cbb43b7db39a083d42187f0a69ab3a3539a6,logistic_l2,DPB,,,,,,,,,,,,,,,,,,,,,,,,,,,,,,,,,,,,,,,,,,,,,,,,reliability_bin,6,707,28,0.0464161851016,0.0427411148977,0.050026270824,0.00681222470552,0.100014146272
later,2018-01,2018-01,,logistic_l2,DPB,,full,raw,raw,,,,57943f75a2d0f9777a4efa05946db9096d4f33b3b726106f0f1aee51573a8f05,,,,0.041018387553,,,,,,,,,,,,ee393306bea41ea6bceb8fcfabd7cbb43b7db39a083d42187f0a69ab3a3539a6,logistic_l2,DPB,,,,,,,,,,,,,,,,,,,,,,,,,,,,,,,,,,,,,,,,,,,,,,,,reliability_bin,7,707,29,0.0542247349632,0.0500299168138,0.0589757213595,0.0132063474101,0.100014146272
later,2018-01,2018-01,,logistic_l2,DPB,,full,raw,raw,,,,57943f75a2d0f9777a4efa05946db9096d4f33b3b726106f0f1aee51573a8f05,,,,0.0806223479491,,,,,,,,,,,,ee393306bea41ea6bceb8fcfabd7cbb43b7db39a083d42187f0a69ab3a3539a6,logistic_l2,DPB,,,,,,,,,,,,,,,,,,,,,,,,,,,,,,,,,,,,,,,,,,,,,,,,reliability_bin,8,707,57,0.0653441596276,0.0590151974471,0.0734348074035,0.0152781883215,0.100014146272
later,2018-01,2018-01,,logistic_l2,DPB,,full,raw,raw,,,,57943f75a2d0f9777a4efa05946db9096d4f33b3b726106f0f1aee51573a8f05,,,,0.106082036775,,,,,,,,,,,,ee393306bea41ea6bceb8fcfabd7cbb43b7db39a083d42187f0a69ab3a3539a6,logistic_l2,DPB,,,,,,,,,,,,,,,,,,,,,,,,,,,,,,,,,,,,,,,,,,,,,,,,reliability_bin,9,707,75,0.0851607926346,0.0734418091495,0.10157795608,0.0209212441406,0.100014146272
later,2018-01,2018-01,,logistic_l2,DPB,,full,raw,raw,,,,57943f75a2d0f9777a4efa05946db9096d4f33b3b726106f0f1aee51573a8f05,,,,0.143059490085,,,,,,,,,,,,ee393306bea41ea6bceb8fcfabd7cbb43b7db39a083d42187f0a69ab3a3539a6,logistic_l2,DPB,,,,,,,,,,,,,,,,,,,,,,,,,,,,,,,,,,,,,,,,,,,,,,,,reliability_bin,10,706,101,0.145891023094,0.101669448052,0.421859711189,0.0028315330093,0.0998726835479
later,2018-01,2018-01,,logistic_l2,DPG,,full,calibrated,calibrated,,,,d44e1bb6074f7752424e2bf7de4a58936812aed0c1dd7dd20f4361b85d4b3947,,,,0.026874115983,,,,,,,,,,,,ee393306bea41ea6bceb8fcfabd7cbb43b7db39a083d42187f0a69ab3a3539a6,logistic_l2,DPG,,,,,,,,,,,,,,,,,,,,,,,,,,,,,,,,,,,,,,,,,,,,,,,,reliability_bin,1,707,19,0.0115389139725,2.59519767076e-05,0.0185380159506,0.0153352020106,0.100014146272
later,2018-01,2018-01,,logistic_l2,DPG,,full,calibrated,calibrated,,,,d44e1bb6074f7752424e2bf7de4a58936812aed0c1dd7dd20f4361b85d4b3947,,,,0.019801980198,,,,,,,,,,,,ee393306bea41ea6bceb8fcfabd7cbb43b7db39a083d42187f0a69ab3a3539a6,logistic_l2,DPG,,,,,,,,,,,,,,,,,,,,,,,,,,,,,,,,,,,,,,,,,,,,,,,,reliability_bin,2,707,14,0.022285047862,0.0185687835746,0.0255589810516,0.00248306766399,0.100014146272
later,2018-01,2018-01,,logistic_l2,DPG,,full,calibrated,calibrated,,,,d44e1bb6074f7752424e2bf7de4a58936812aed0c1dd7dd20f4361b85d4b3947,,,,0.033946251768,,,,,,,,,,,,ee393306bea41ea6bceb8fcfabd7cbb43b7db39a083d42187f0a69ab3a3539a6,logistic_l2,DPG,,,,,,,,,,,,,,,,,,,,,,,,,,,,,,,,,,,,,,,,,,,,,,,,reliability_bin,3,707,24,0.028146527152,0.0255620709367,0.0309900794144,0.00579972461606,0.100014146272
later,2018-01,2018-01,,logistic_l2,DPG,,full,calibrated,calibrated,,,,d44e1bb6074f7752424e2bf7de4a58936812aed0c1dd7dd20f4361b85d4b3947,,,,0.039603960396,,,,,,,,,,,,ee393306bea41ea6bceb8fcfabd7cbb43b7db39a083d42187f0a69ab3a3539a6,logistic_l2,DPG,,,,,,,,,,,,,,,,,,,,,,,,,,,,,,,,,,,,,,,,,,,,,,,,reliability_bin,4,707,28,0.0345321847963,0.0309906889694,0.0388315969166,0.00507177559979,0.100014146272
later,2018-01,2018-01,,logistic_l2,DPG,,full,calibrated,calibrated,,,,d44e1bb6074f7752424e2bf7de4a58936812aed0c1dd7dd20f4361b85d4b3947,,,,0.039603960396,,,,,,,,,,,,ee393306bea41ea6bceb8fcfabd7cbb43b7db39a083d42187f0a69ab3a3539a6,logistic_l2,DPG,,,,,,,,,,,,,,,,,,,,,,,,,,,,,,,,,,,,,,,,,,,,,,,,reliability_bin,5,707,28,0.0423513103303,0.0388333586103,0.0458511627087,0.00274734993425,0.100014146272
later,2018-01,2018-01,,logistic_l2,DPG,,full,calibrated,calibrated,,,,d44e1bb6074f7752424e2bf7de4a58936812aed0c1dd7dd20f4361b85d4b3947,,,,0.0579915134371,,,,,,,,,,,,ee393306bea41ea6bceb8fcfabd7cbb43b7db39a083d42187f0a69ab3a3539a6,logistic_l2,DPG,,,,,,,,,,,,,,,,,,,,,,,,,,,,,,,,,,,,,,,,,,,,,,,,reliability_bin,6,707,41,0.0487024670237,0.0458513095128,0.0515328108549,0.00928904641337,0.100014146272
later,2018-01,2018-01,,logistic_l2,DPG,,full,calibrated,calibrated,,,,d44e1bb6074f7752424e2bf7de4a58936812aed0c1dd7dd20f4361b85d4b3947,,,,0.048090523338,,,,,,,,,,,,ee393306bea41ea6bceb8fcfabd7cbb43b7db39a083d42187f0a69ab3a3539a6,logistic_l2,DPG,,,,,,,,,,,,,,,,,,,,,,,,,,,,,,,,,,,,,,,,,,,,,,,,reliability_bin,7,707,34,0.0540161021826,0.0515350596809,0.0564910528929,0.00592557884455,0.100014146272
later,2018-01,2018-01,,logistic_l2,DPG,,full,calibrated,calibrated,,,,d44e1bb6074f7752424e2bf7de4a58936812aed0c1dd7dd20f4361b85d4b3947,,,,0.0579915134371,,,,,,,,,,,,ee393306bea41ea6bceb8fcfabd7cbb43b7db39a083d42187f0a69ab3a3539a6,logistic_l2,DPG,,,,,,,,,,,,,,,,,,,,,,,,,,,,,,,,,,,,,,,,,,,,,,,,reliability_bin,8,707,41,0.0608612131152,0.0564956023479,0.0669095352991,0.00286969967813,0.100014146272
later,2018-01,2018-01,,logistic_l2,DPG,,full,calibrated,calibrated,,,,d44e1bb6074f7752424e2bf7de4a58936812aed0c1dd7dd20f4361b85d4b3947,,,,0.0862800565771,,,,,,,,,,,,ee393306bea41ea6bceb8fcfabd7cbb43b7db39a083d42187f0a69ab3a3539a6,logistic_l2,DPG,,,,,,,,,,,,,,,,,,,,,,,,,,,,,,,,,,,,,,,,,,,,,,,,reliability_bin,9,707,61,0.0757815392729,0.0669227827848,0.0891177938399,0.0104985173042,0.100014146272
later,2018-01,2018-01,,logistic_l2,DPG,,full,calibrated,calibrated,,,,d44e1bb6074f7752424e2bf7de4a58936812aed0c1dd7dd20f4361b85d4b3947,,,,0.160056657224,,,,,,,,,,,,ee393306bea41ea6bceb8fcfabd7cbb43b7db39a083d42187f0a69ab3a3539a6,logistic_l2,DPG,,,,,,,,,,,,,,,,,,,,,,,,,,,,,,,,,,,,,,,,,,,,,,,,reliability_bin,10,706,113,0.126507510682,0.0891792013711,0.283441971691,0.0335491465414,0.0998726835479
later,2018-01,2018-01,,logistic_l2,DPG,,full,raw,raw,,,,d44e1bb6074f7752424e2bf7de4a58936812aed0c1dd7dd20f4361b85d4b3947,,,,0.026874115983,,,,,,,,,,,,ee393306bea41ea6bceb8fcfabd7cbb43b7db39a083d42187f0a69ab3a3539a6,logistic_l2,DPG,,,,,,,,,,,,,,,,,,,,,,,,,,,,,,,,,,,,,,,,,,,,,,,,reliability_bin,1,707,19,0.0115389139725,2.59519767076e-05,0.0185380159506,0.0153352020106,0.100014146272
later,2018-01,2018-01,,logistic_l2,DPG,,full,raw,raw,,,,d44e1bb6074f7752424e2bf7de4a58936812aed0c1dd7dd20f4361b85d4b3947,,,,0.019801980198,,,,,,,,,,,,ee393306bea41ea6bceb8fcfabd7cbb43b7db39a083d42187f0a69ab3a3539a6,logistic_l2,DPG,,,,,,,,,,,,,,,,,,,,,,,,,,,,,,,,,,,,,,,,,,,,,,,,reliability_bin,2,707,14,0.022285047862,0.0185687835746,0.0255589810516,0.00248306766399,0.100014146272
later,2018-01,2018-01,,logistic_l2,DPG,,full,raw,raw,,,,d44e1bb6074f7752424e2bf7de4a58936812aed0c1dd7dd20f4361b85d4b3947,,,,0.033946251768,,,,,,,,,,,,ee393306bea41ea6bceb8fcfabd7cbb43b7db39a083d42187f0a69ab3a3539a6,logistic_l2,DPG,,,,,,,,,,,,,,,,,,,,,,,,,,,,,,,,,,,,,,,,,,,,,,,,reliability_bin,3,707,24,0.028146527152,0.0255620709367,0.0309900794144,0.00579972461606,0.100014146272
later,2018-01,2018-01,,logistic_l2,DPG,,full,raw,raw,,,,d44e1bb6074f7752424e2bf7de4a58936812aed0c1dd7dd20f4361b85d4b3947,,,,0.039603960396,,,,,,,,,,,,ee393306bea41ea6bceb8fcfabd7cbb43b7db39a083d42187f0a69ab3a3539a6,logistic_l2,DPG,,,,,,,,,,,,,,,,,,,,,,,,,,,,,,,,,,,,,,,,,,,,,,,,reliability_bin,4,707,28,0.0345321847963,0.0309906889694,0.0388315969166,0.00507177559979,0.100014146272
later,2018-01,2018-01,,logistic_l2,DPG,,full,raw,raw,,,,d44e1bb6074f7752424e2bf7de4a58936812aed0c1dd7dd20f4361b85d4b3947,,,,0.039603960396,,,,,,,,,,,,ee393306bea41ea6bceb8fcfabd7cbb43b7db39a083d42187f0a69ab3a3539a6,logistic_l2,DPG,,,,,,,,,,,,,,,,,,,,,,,,,,,,,,,,,,,,,,,,,,,,,,,,reliability_bin,5,707,28,0.0423513103303,0.0388333586103,0.0458511627087,0.00274734993425,0.100014146272
later,2018-01,2018-01,,logistic_l2,DPG,,full,raw,raw,,,,d44e1bb6074f7752424e2bf7de4a58936812aed0c1dd7dd20f4361b85d4b3947,,,,0.0579915134371,,,,,,,,,,,,ee393306bea41ea6bceb8fcfabd7cbb43b7db39a083d42187f0a69ab3a3539a6,logistic_l2,DPG,,,,,,,,,,,,,,,,,,,,,,,,,,,,,,,,,,,,,,,,,,,,,,,,reliability_bin,6,707,41,0.0487024670237,0.0458513095128,0.0515328108549,0.00928904641337,0.100014146272
later,2018-01,2018-01,,logistic_l2,DPG,,full,raw,raw,,,,d44e1bb6074f7752424e2bf7de4a58936812aed0c1dd7dd20f4361b85d4b3947,,,,0.048090523338,,,,,,,,,,,,ee393306bea41ea6bceb8fcfabd7cbb43b7db39a083d42187f0a69ab3a3539a6,logistic_l2,DPG,,,,,,,,,,,,,,,,,,,,,,,,,,,,,,,,,,,,,,,,,,,,,,,,reliability_bin,7,707,34,0.0540161021826,0.0515350596809,0.0564910528929,0.00592557884455,0.100014146272
later,2018-01,2018-01,,logistic_l2,DPG,,full,raw,raw,,,,d44e1bb6074f7752424e2bf7de4a58936812aed0c1dd7dd20f4361b85d4b3947,,,,0.0579915134371,,,,,,,,,,,,ee393306bea41ea6bceb8fcfabd7cbb43b7db39a083d42187f0a69ab3a3539a6,logistic_l2,DPG,,,,,,,,,,,,,,,,,,,,,,,,,,,,,,,,,,,,,,,,,,,,,,,,reliability_bin,8,707,41,0.0608612131152,0.0564956023479,0.0669095352991,0.00286969967813,0.100014146272
later,2018-01,2018-01,,logistic_l2,DPG,,full,raw,raw,,,,d44e1bb6074f7752424e2bf7de4a58936812aed0c1dd7dd20f4361b85d4b3947,,,,0.0862800565771,,,,,,,,,,,,ee393306bea41ea6bceb8fcfabd7cbb43b7db39a083d42187f0a69ab3a3539a6,logistic_l2,DPG,,,,,,,,,,,,,,,,,,,,,,,,,,,,,,,,,,,,,,,,,,,,,,,,reliability_bin,9,707,61,0.0757815392729,0.0669227827848,0.0891177938399,0.0104985173042,0.100014146272
later,2018-01,2018-01,,logistic_l2,DPG,,full,raw,raw,,,,d44e1bb6074f7752424e2bf7de4a58936812aed0c1dd7dd20f4361b85d4b3947,,,,0.160056657224,,,,,,,,,,,,ee393306bea41ea6bceb8fcfabd7cbb43b7db39a083d42187f0a69ab3a3539a6,logistic_l2,DPG,,,,,,,,,,,,,,,,,,,,,,,,,,,,,,,,,,,,,,,,,,,,,,,,reliability_bin,10,706,113,0.126507510682,0.0891792013711,0.283441971691,0.0335491465414,0.0998726835479
later,2018-01,2018-01,,logistic_l2,DPS,,full,calibrated,calibrated,,,,79caf4f9a33a95b860427a8fede3db8a80fb3b9a6210fa8fcf2b17a79d859d02,,,,0.039603960396,,,,,,,,,,,,ee393306bea41ea6bceb8fcfabd7cbb43b7db39a083d42187f0a69ab3a3539a6,logistic_l2,DPS,,,,,,,,,,,,,,,,,,,,,,,,,,,,,,,,,,,,,,,,,,,,,,,,reliability_bin,1,707,28,0.0233204515416,0.00391570017365,0.027432003329,0.0162835088545,0.100014146272
later,2018-01,2018-01,,logistic_l2,DPS,,full,calibrated,calibrated,,,,79caf4f9a33a95b860427a8fede3db8a80fb3b9a6210fa8fcf2b17a79d859d02,,,,0.0594059405941,,,,,,,,,,,,ee393306bea41ea6bceb8fcfabd7cbb43b7db39a083d42187f0a69ab3a3539a6,logistic_l2,DPS,,,,,,,,,,,,,,,,,,,,,,,,,,,,,,,,,,,,,,,,,,,,,,,,reliability_bin,2,707,42,0.0293593597604,0.0274439047005,0.0311278004358,0.0300465808336,0.100014146272
later,2018-01,2018-01,,logistic_l2,DPS,,full,calibrated,calibrated,,,,79caf4f9a33a95b860427a8fede3db8a80fb3b9a6210fa8fcf2b17a79d859d02,,,,0.0579915134371,,,,,,,,,,,,ee393306bea41ea6bceb8fcfabd7cbb43b7db39a083d42187f0a69ab3a3539a6,logistic_l2,DPS,,,,,,,,,,,,,,,,,,,,,,,,,,,,,,,,,,,,,,,,,,,,,,,,reliability_bin,3,707,41,0.0326442318612,0.0311337383402,0.0341389912332,0.0253472815759,0.100014146272
later,2018-01,2018-01,,logistic_l2,DPS,,full,calibrated,calibrated,,,,79caf4f9a33a95b860427a8fede3db8a80fb3b9a6210fa8fcf2b17a79d859d02,,,,0.0608203677511,,,,,,,,,,,,ee393306bea41ea6bceb8fcfabd7cbb43b7db39a083d42187f0a69ab3a3539a6,logistic_l2,DPS,,,,,,,,,,,,,,,,,,,,,,,,,,,,,,,,,,,,,,,,,,,,,,,,reliability_bin,4,707,43,0.0355457052303,0.0341397023032,0.0370249183969,0.0252746625208,0.100014146272
later,2018-01,2018-01,,logistic_l2,DPS,,full,calibrated,calibrated,,,,79caf4f9a33a95b860427a8fede3db8a80fb3b9a6210fa8fcf2b17a79d859d02,,,,0.0579915134371,,,,,,,,,,,,ee393306bea41ea6bceb8fcfabd7cbb43b7db39a083d42187f0a69ab3a3539a6,logistic_l2,DPS,,,,,,,,,,,,,,,,,,,,,,,,,,,,,,,,,,,,,,,,,,,,,,,,reliability_bin,5,707,41,0.0386216111264,0.0370341270797,0.0403912222835,0.0193699023106,0.100014146272
later,2018-01,2018-01,,logistic_l2,DPS,,full,calibrated,calibrated,,,,79caf4f9a33a95b860427a8fede3db8a80fb3b9a6210fa8fcf2b17a79d859d02,,,,0.0523338048091,,,,,,,,,,,,ee393306bea41ea6bceb8fcfabd7cbb43b7db39a083d42187f0a69ab3a3539a6,logistic_l2,DPS,,,,,,,,,,,,,,,,,,,,,,,,,,,,,,,,,,,,,,,,,,,,,,,,reliability_bin,6,707,37,0.0423133322679,0.0403925600785,0.0443085974342,0.0100204725411,0.100014146272
later,2018-01,2018-01,,logistic_l2,DPS,,full,calibrated,calibrated,,,,79caf4f9a33a95b860427a8fede3db8a80fb3b9a6210fa8fcf2b17a79d859d02,,,,0.046676096181,,,,,,,,,,,,ee393306bea41ea6bceb8fcfabd7cbb43b7db39a083d42187f0a69ab3a3539a6,logistic_l2,DPS,,,,,,,,,,,,,,,,,,,,,,,,,,,,,,,,,,,,,,,,,,,,,,,,reliability_bin,7,707,33,0.0464746691968,0.0443093669095,0.0486596528962,0.000201426984242,0.100014146272
later,2018-01,2018-01,,logistic_l2,DPS,,full,calibrated,calibrated,,,,79caf4f9a33a95b860427a8fede3db8a80fb3b9a6210fa8fcf2b17a79d859d02,,,,0.0565770862801,,,,,,,,,,,,ee393306bea41ea6bceb8fcfabd7cbb43b7db39a083d42187f0a69ab3a3539a6,logistic_l2,DPS,,,,,,,,,,,,,,,,,,,,,,,,,,,,,,,,,,,,,,,,,,,,,,,,reliability_bin,8,707,40,0.0513185293305,0.0486636234376,0.0542212871179,0.00525855694954,0.100014146272
later,2018-01,2018-01,,logistic_l2,DPS,,full,calibrated,calibrated,,,,79caf4f9a33a95b860427a8fede3db8a80fb3b9a6210fa8fcf2b17a79d859d02,,,,0.0565770862801,,,,,,,,,,,,ee393306bea41ea6bceb8fcfabd7cbb43b7db39a083d42187f0a69ab3a3539a6,logistic_l2,DPS,,,,,,,,,,,,,,,,,,,,,,,,,,,,,,,,,,,,,,,,,,,,,,,,reliability_bin,9,707,40,0.0581755623589,0.0542369230458,0.0630297525816,0.0015984760788,0.100014146272
later,2018-01,2018-01,,logistic_l2,DPS,,full,calibrated,calibrated,,,,79caf4f9a33a95b860427a8fede3db8a80fb3b9a6210fa8fcf2b17a79d859d02,,,,0.0821529745042,,,,,,,,,,,,ee393306bea41ea6bceb8fcfabd7cbb43b7db39a083d42187f0a69ab3a3539a6,logistic_l2,DPS,,,,,,,,,,,,,,,,,,,,,,,,,,,,,,,,,,,,,,,,,,,,,,,,reliability_bin,10,706,58,0.0760558599238,0.0630303919564,0.198866022996,0.00609711458049,0.0998726835479
later,2018-01,2018-01,,logistic_l2,DPS,,full,raw,raw,,,,79caf4f9a33a95b860427a8fede3db8a80fb3b9a6210fa8fcf2b17a79d859d02,,,,0.039603960396,,,,,,,,,,,,ee393306bea41ea6bceb8fcfabd7cbb43b7db39a083d42187f0a69ab3a3539a6,logistic_l2,DPS,,,,,,,,,,,,,,,,,,,,,,,,,,,,,,,,,,,,,,,,,,,,,,,,reliability_bin,1,707,28,0.0233204515416,0.00391570017365,0.027432003329,0.0162835088545,0.100014146272
later,2018-01,2018-01,,logistic_l2,DPS,,full,raw,raw,,,,79caf4f9a33a95b860427a8fede3db8a80fb3b9a6210fa8fcf2b17a79d859d02,,,,0.0594059405941,,,,,,,,,,,,ee393306bea41ea6bceb8fcfabd7cbb43b7db39a083d42187f0a69ab3a3539a6,logistic_l2,DPS,,,,,,,,,,,,,,,,,,,,,,,,,,,,,,,,,,,,,,,,,,,,,,,,reliability_bin,2,707,42,0.0293593597604,0.0274439047005,0.0311278004358,0.0300465808336,0.100014146272
later,2018-01,2018-01,,logistic_l2,DPS,,full,raw,raw,,,,79caf4f9a33a95b860427a8fede3db8a80fb3b9a6210fa8fcf2b17a79d859d02,,,,0.0579915134371,,,,,,,,,,,,ee393306bea41ea6bceb8fcfabd7cbb43b7db39a083d42187f0a69ab3a3539a6,logistic_l2,DPS,,,,,,,,,,,,,,,,,,,,,,,,,,,,,,,,,,,,,,,,,,,,,,,,reliability_bin,3,707,41,0.0326442318612,0.0311337383402,0.0341389912332,0.0253472815759,0.100014146272
later,2018-01,2018-01,,logistic_l2,DPS,,full,raw,raw,,,,79caf4f9a33a95b860427a8fede3db8a80fb3b9a6210fa8fcf2b17a79d859d02,,,,0.0608203677511,,,,,,,,,,,,ee393306bea41ea6bceb8fcfabd7cbb43b7db39a083d42187f0a69ab3a3539a6,logistic_l2,DPS,,,,,,,,,,,,,,,,,,,,,,,,,,,,,,,,,,,,,,,,,,,,,,,,reliability_bin,4,707,43,0.0355457052303,0.0341397023032,0.0370249183969,0.0252746625208,0.100014146272
later,2018-01,2018-01,,logistic_l2,DPS,,full,raw,raw,,,,79caf4f9a33a95b860427a8fede3db8a80fb3b9a6210fa8fcf2b17a79d859d02,,,,0.0579915134371,,,,,,,,,,,,ee393306bea41ea6bceb8fcfabd7cbb43b7db39a083d42187f0a69ab3a3539a6,logistic_l2,DPS,,,,,,,,,,,,,,,,,,,,,,,,,,,,,,,,,,,,,,,,,,,,,,,,reliability_bin,5,707,41,0.0386216111264,0.0370341270797,0.0403912222835,0.0193699023106,0.100014146272
later,2018-01,2018-01,,logistic_l2,DPS,,full,raw,raw,,,,79caf4f9a33a95b860427a8fede3db8a80fb3b9a6210fa8fcf2b17a79d859d02,,,,0.0523338048091,,,,,,,,,,,,ee393306bea41ea6bceb8fcfabd7cbb43b7db39a083d42187f0a69ab3a3539a6,logistic_l2,DPS,,,,,,,,,,,,,,,,,,,,,,,,,,,,,,,,,,,,,,,,,,,,,,,,reliability_bin,6,707,37,0.0423133322679,0.0403925600785,0.0443085974342,0.0100204725411,0.100014146272
later,2018-01,2018-01,,logistic_l2,DPS,,full,raw,raw,,,,79caf4f9a33a95b860427a8fede3db8a80fb3b9a6210fa8fcf2b17a79d859d02,,,,0.046676096181,,,,,,,,,,,,ee393306bea41ea6bceb8fcfabd7cbb43b7db39a083d42187f0a69ab3a3539a6,logistic_l2,DPS,,,,,,,,,,,,,,,,,,,,,,,,,,,,,,,,,,,,,,,,,,,,,,,,reliability_bin,7,707,33,0.0464746691968,0.0443093669095,0.0486596528962,0.000201426984242,0.100014146272
later,2018-01,2018-01,,logistic_l2,DPS,,full,raw,raw,,,,79caf4f9a33a95b860427a8fede3db8a80fb3b9a6210fa8fcf2b17a79d859d02,,,,0.0565770862801,,,,,,,,,,,,ee393306bea41ea6bceb8fcfabd7cbb43b7db39a083d42187f0a69ab3a3539a6,logistic_l2,DPS,,,,,,,,,,,,,,,,,,,,,,,,,,,,,,,,,,,,,,,,,,,,,,,,reliability_bin,8,707,40,0.0513185293305,0.0486636234376,0.0542212871179,0.00525855694954,0.100014146272
later,2018-01,2018-01,,logistic_l2,DPS,,full,raw,raw,,,,79caf4f9a33a95b860427a8fede3db8a80fb3b9a6210fa8fcf2b17a79d859d02,,,,0.0565770862801,,,,,,,,,,,,ee393306bea41ea6bceb8fcfabd7cbb43b7db39a083d42187f0a69ab3a3539a6,logistic_l2,DPS,,,,,,,,,,,,,,,,,,,,,,,,,,,,,,,,,,,,,,,,,,,,,,,,reliability_bin,9,707,40,0.0581755623589,0.0542369230458,0.0630297525816,0.0015984760788,0.100014146272
later,2018-01,2018-01,,logistic_l2,DPS,,full,raw,raw,,,,79caf4f9a33a95b860427a8fede3db8a80fb3b9a6210fa8fcf2b17a79d859d02,,,,0.0821529745042,,,,,,,,,,,,ee393306bea41ea6bceb8fcfabd7cbb43b7db39a083d42187f0a69ab3a3539a6,logistic_l2,DPS,,,,,,,,,,,,,,,,,,,,,,,,,,,,,,,,,,,,,,,,,,,,,,,,reliability_bin,10,706,58,0.0760558599238,0.0630303919564,0.198866022996,0.00609711458049,0.0998726835479
later,2018-01,,,random_forest,DP0,,full,calibrated,,,,,3214b6f8a11296352dd2c3c70595bcce247d37bf5b166d5e8c039034b639dea6,,,,0.043847241867,,,,,,,,,,,,ee393306bea41ea6bceb8fcfabd7cbb43b7db39a083d42187f0a69ab3a3539a6,,,,,,,,,,,,,,,,,,,,,,,,,,,,,,,,,,,,,,,,,,,,,,,,,,reliability_bin,1,707,31,0.0369676262773,0.0368174582936,0.037006981186,0.00687961558977,0.100014146272
later,2018-01,,,random_forest,DP0,,full,calibrated,,,,,3214b6f8a11296352dd2c3c70595bcce247d37bf5b166d5e8c039034b639dea6,,,,0.0594059405941,,,,,,,,,,,,ee393306bea41ea6bceb8fcfabd7cbb43b7db39a083d42187f0a69ab3a3539a6,,,,,,,,,,,,,,,,,,,,,,,,,,,,,,,,,,,,,,,,,,,,,,,,,,reliability_bin,2,707,42,0.0370265516662,0.0370070307754,0.0370441238269,0.0223793889279,0.100014146272
later,2018-01,,,random_forest,DP0,,full,calibrated,,,,,3214b6f8a11296352dd2c3c70595bcce247d37bf5b166d5e8c039034b639dea6,,,,0.0523338048091,,,,,,,,,,,,ee393306bea41ea6bceb8fcfabd7cbb43b7db39a083d42187f0a69ab3a3539a6,,,,,,,,,,,,,,,,,,,,,,,,,,,,,,,,,,,,,,,,,,,,,,,,,,reliability_bin,3,707,37,0.0370615393911,0.0370441238269,0.0370793991534,0.015272265418,0.100014146272
later,2018-01,,,random_forest,DP0,,full,calibrated,,,,,3214b6f8a11296352dd2c3c70595bcce247d37bf5b166d5e8c039034b639dea6,,,,0.0551626591231,,,,,,,,,,,,ee393306bea41ea6bceb8fcfabd7cbb43b7db39a083d42187f0a69ab3a3539a6,,,,,,,,,,,,,,,,,,,,,,,,,,,,,,,,,,,,,,,,,,,,,,,,,,reliability_bin,4,707,39,0.0370940244765,0.0370794631366,0.0371084498983,0.0180686346466,0.100014146272
later,2018-01,,,random_forest,DP0,,full,calibrated,,,,,3214b6f8a11296352dd2c3c70595bcce247d37bf5b166d5e8c039034b639dea6,,,,0.0537482319661,,,,,,,,,,,,ee393306bea41ea6bceb8fcfabd7cbb43b7db39a083d42187f0a69ab3a3539a6,,,,,,,,,,,,,,,,,,,,,,,,,,,,,,,,,,,,,,,,,,,,,,,,,,reliability_bin,5,707,38,0.0371297144791,0.0371084727902,0.0371527628582,0.016618517487,0.100014146272
later,2018-01,,,random_forest,DP0,,full,calibrated,,,,,3214b6f8a11296352dd2c3c70595bcce247d37bf5b166d5e8c039034b639dea6,,,,0.0622347949081,,,,,,,,,,,,ee393306bea41ea6bceb8fcfabd7cbb43b7db39a083d42187f0a69ab3a3539a6,,,,,,,,,,,,,,,,,,,,,,,,,,,,,,,,,,,,,,,,,,,,,,,,,,reliability_bin,6,707,44,0.0371770458063,0.0371527771443,0.0372039533882,0.0250577491017,0.100014146272
later,2018-01,,,random_forest,DP0,,full,calibrated,,,,,3214b6f8a11296352dd2c3c70595bcce247d37bf5b166d5e8c039034b639dea6,,,,0.0636492220651,,,,,,,,,,,,ee393306bea41ea6bceb8fcfabd7cbb43b7db39a083d42187f0a69ab3a3539a6,,,,,,,,,,,,,,,,,,,,,,,,,,,,,,,,,,,,,,,,,,,,,,,,,,reliability_bin,7,707,45,0.0372389908928,0.0372041824622,0.0372765023692,0.0264102311723,0.100014146272
later,2018-01,,,random_forest,DP0,,full,calibrated,,,,,3214b6f8a11296352dd2c3c70595bcce247d37bf5b166d5e8c039034b639dea6,,,,0.048090523338,,,,,,,,,,,,ee393306bea41ea6bceb8fcfabd7cbb43b7db39a083d42187f0a69ab3a3539a6,,,,,,,,,,,,,,,,,,,,,,,,,,,,,,,,,,,,,,,,,,,,,,,,,,reliability_bin,8,707,34,0.0373140764125,0.0372765023692,0.037362992901,0.0107764469255,0.100014146272
later,2018-01,,,random_forest,DP0,,full,calibrated,,,,,3214b6f8a11296352dd2c3c70595bcce247d37bf5b166d5e8c039034b639dea6,,,,0.0693069306931,,,,,,,,,,,,ee393306bea41ea6bceb8fcfabd7cbb43b7db39a083d42187f0a69ab3a3539a6,,,,,,,,,,,,,,,,,,,,,,,,,,,,,,,,,,,,,,,,,,,,,,,,,,reliability_bin,9,707,49,0.0374559497743,0.0373632825396,0.0375725438608,0.0318509809188,0.100014146272
later,2018-01,,,random_forest,DP0,,full,calibrated,,,,,3214b6f8a11296352dd2c3c70595bcce247d37bf5b166d5e8c039034b639dea6,,,,0.0623229461756,,,,,,,,,,,,ee393306bea41ea6bceb8fcfabd7cbb43b7db39a083d42187f0a69ab3a3539a6,,,,,,,,,,,,,,,,,,,,,,,,,,,,,,,,,,,,,,,,,,,,,,,,,,reliability_bin,10,706,44,0.0380113645161,0.0375738937108,0.0384962117787,0.0243115816596,0.0998726835479
later,2018-01,,,random_forest,DP0,,full,raw,,,,,3214b6f8a11296352dd2c3c70595bcce247d37bf5b166d5e8c039034b639dea6,,,,0.0622347949081,,,,,,,,,,,,ee393306bea41ea6bceb8fcfabd7cbb43b7db39a083d42187f0a69ab3a3539a6,,,,,,,,,,,,,,,,,,,,,,,,,,,,,,,,,,,,,,,,,,,,,,,,,,reliability_bin,1,707,44,0.000361292825685,1e-06,0.00122757191723,0.0618735020824,0.100014146272
later,2018-01,,,random_forest,DP0,,full,raw,,,,,3214b6f8a11296352dd2c3c70595bcce247d37bf5b166d5e8c039034b639dea6,,,,0.0707213578501,,,,,,,,,,,,ee393306bea41ea6bceb8fcfabd7cbb43b7db39a083d42187f0a69ab3a3539a6,,,,,,,,,,,,,,,,,,,,,,,,,,,,,,,,,,,,,,,,,,,,,,,,,,reliability_bin,2,707,50,0.00337825555692,0.00124049030891,0.00627944900602,0.0673431022931,0.100014146272
later,2018-01,,,random_forest,DP0,,full,raw,,,,,3214b6f8a11296352dd2c3c70595bcce247d37bf5b166d5e8c039034b639dea6,,,,0.046676096181,,,,,,,,,,,,ee393306bea41ea6bceb8fcfabd7cbb43b7db39a083d42187f0a69ab3a3539a6,,,,,,,,,,,,,,,,,,,,,,,,,,,,,,,,,,,,,,,,,,,,,,,,,,reliability_bin,3,707,33,0.00937901922611,0.00628785981401,0.0122996312368,0.0372970769549,0.100014146272
later,2018-01,,,random_forest,DP0,,full,raw,,,,,3214b6f8a11296352dd2c3c70595bcce247d37bf5b166d5e8c039034b639dea6,,,,0.0636492220651,,,,,,,,,,,,ee393306bea41ea6bceb8fcfabd7cbb43b7db39a083d42187f0a69ab3a3539a6,,,,,,,,,,,,,,,,,,,,,,,,,,,,,,,,,,,,,,,,,,,,,,,,,,reliability_bin,4,707,45,0.0166918246694,0.0122996312368,0.0215493414799,0.0469573973956,0.100014146272
later,2018-01,,,random_forest,DP0,,full,raw,,,,,3214b6f8a11296352dd2c3c70595bcce247d37bf5b166d5e8c039034b639dea6,,,,0.0622347949081,,,,,,,,,,,,ee393306bea41ea6bceb8fcfabd7cbb43b7db39a083d42187f0a69ab3a3539a6,,,,,,,,,,,,,,,,,,,,,,,,,,,,,,,,,,,,,,,,,,,,,,,,,,reliability_bin,5,707,44,0.0266682795649,0.021553512952,0.0319021658025,0.0355665153431,0.100014146272
later,2018-01,,,random_forest,DP0,,full,raw,,,,,3214b6f8a11296352dd2c3c70595bcce247d37bf5b166d5e8c039034b639dea6,,,,0.0537482319661,,,,,,,,,,,,ee393306bea41ea6bceb8fcfabd7cbb43b7db39a083d42187f0a69ab3a3539a6,,,,,,,,,,,,,,,,,,,,,,,,,,,,,,,,,,,,,,,,,,,,,,,,,,reliability_bin,6,707,38,0.0381889850659,0.0319686285517,0.0446424038293,0.0155592469002,0.100014146272
later,2018-01,,,random_forest,DP0,,full,raw,,,,,3214b6f8a11296352dd2c3c70595bcce247d37bf5b166d5e8c039034b639dea6,,,,0.0551626591231,,,,,,,,,,,,ee393306bea41ea6bceb8fcfabd7cbb43b7db39a083d42187f0a69ab3a3539a6,,,,,,,,,,,,,,,,,,,,,,,,,,,,,,,,,,,,,,,,,,,,,,,,,,reliability_bin,7,707,39,0.0498650752343,0.0446434273751,0.0555029138403,0.00529758388871,0.100014146272
later,2018-01,,,random_forest,DP0,,full,raw,,,,,3214b6f8a11296352dd2c3c70595bcce247d37bf5b166d5e8c039034b639dea6,,,,0.0523338048091,,,,,,,,,,,,ee393306bea41ea6bceb8fcfabd7cbb43b7db39a083d42187f0a69ab3a3539a6,,,,,,,,,,,,,,,,,,,,,,,,,,,,,,,,,,,,,,,,,,,,,,,,,,reliability_bin,8,707,37,0.0635868463886,0.0555122769092,0.0720448872819,0.0112530415796,0.100014146272
later,2018-01,,,random_forest,DP0,,full,raw,,,,,3214b6f8a11296352dd2c3c70595bcce247d37bf5b166d5e8c039034b639dea6,,,,0.0594059405941,,,,,,,,,,,,ee393306bea41ea6bceb8fcfabd7cbb43b7db39a083d42187f0a69ab3a3539a6,,,,,,,,,,,,,,,,,,,,,,,,,,,,,,,,,,,,,,,,,,,,,,,,,,reliability_bin,9,707,42,0.0821528802309,0.0720448872819,0.094306449582,0.0227469396368,0.100014146272
later,2018-01,,,random_forest,DP0,,full,raw,,,,,3214b6f8a11296352dd2c3c70595bcce247d37bf5b166d5e8c039034b639dea6,,,,0.0439093484419,,,,,,,,,,,,ee393306bea41ea6bceb8fcfabd7cbb43b7db39a083d42187f0a69ab3a3539a6,,,,,,,,,,,,,,,,,,,,,,,,,,,,,,,,,,,,,,,,,,,,,,,,,,reliability_bin,10,706,31,0.127441535615,0.0944280957032,0.318666879836,0.0835321871735,0.0998726835479
later,2018-01,,,random_forest,DPB,,full,calibrated,,,,,3fbd30309f2b094da55dc5f61072afd013c4acc294f71aed3e7c83ec7d401639,,,,0.01414427157,,,,,,,,,,,,ee393306bea41ea6bceb8fcfabd7cbb43b7db39a083d42187f0a69ab3a3539a6,,,,,,,,,,,,,,,,,,,,,,,,,,,,,,,,,,,,,,,,,,,,,,,,,,reliability_bin,1,707,10,0.00364645679509,0.000258064516129,0.00596508722383,0.0104978147749,0.100014146272
later,2018-01,,,random_forest,DPB,,full,calibrated,,,,,3fbd30309f2b094da55dc5f61072afd013c4acc294f71aed3e7c83ec7d401639,,,,0.021216407355,,,,,,,,,,,,ee393306bea41ea6bceb8fcfabd7cbb43b7db39a083d42187f0a69ab3a3539a6,,,,,,,,,,,,,,,,,,,,,,,,,,,,,,,,,,,,,,,,,,,,,,,,,,reliability_bin,2,707,15,0.00860070749239,0.00596622288945,0.0114108435192,0.0126156998626,0.100014146272
later,2018-01,,,random_forest,DPB,,full,calibrated,,,,,3fbd30309f2b094da55dc5f61072afd013c4acc294f71aed3e7c83ec7d401639,,,,0.031117397454,,,,,,,,,,,,ee393306bea41ea6bceb8fcfabd7cbb43b7db39a083d42187f0a69ab3a3539a6,,,,,,,,,,,,,,,,,,,,,,,,,,,,,,,,,,,,,,,,,,,,,,,,,,reliability_bin,3,707,22,0.0143679159515,0.0114108435192,0.0173128291927,0.0167494815025,0.100014146272
later,2018-01,,,random_forest,DPB,,full,calibrated,,,,,3fbd30309f2b094da55dc5f61072afd013c4acc294f71aed3e7c83ec7d401639,,,,0.045261669024,,,,,,,,,,,,ee393306bea41ea6bceb8fcfabd7cbb43b7db39a083d42187f0a69ab3a3539a6,,,,,,,,,,,,,,,,,,,,,,,,,,,,,,,,,,,,,,,,,,,,,,,,,,reliability_bin,4,707,32,0.0205010692532,0.0173209310177,0.0241058419558,0.0247605997708,0.100014146272
later,2018-01,,,random_forest,DPB,,full,calibrated,,,,,3fbd30309f2b094da55dc5f61072afd013c4acc294f71aed3e7c83ec7d401639,,,,0.049504950495,,,,,,,,,,,,ee393306bea41ea6bceb8fcfabd7cbb43b7db39a083d42187f0a69ab3a3539a6,,,,,,,,,,,,,,,,,,,,,,,,,,,,,,,,,,,,,,,,,,,,,,,,,,reliability_bin,5,707,35,0.0281702746285,0.0241094442623,0.032423878796,0.0213346758666,0.100014146272
later,2018-01,,,random_forest,DPB,,full,calibrated,,,,,3fbd30309f2b094da55dc5f61072afd013c4acc294f71aed3e7c83ec7d401639,,,,0.0565770862801,,,,,,,,,,,,ee393306bea41ea6bceb8fcfabd7cbb43b7db39a083d42187f0a69ab3a3539a6,,,,,,,,,,,,,,,,,,,,,,,,,,,,,,,,,,,,,,,,,,,,,,,,,,reliability_bin,6,707,40,0.0367787828936,0.0324549682639,0.0413525017531,0.0197983033865,0.100014146272
later,2018-01,,,random_forest,DPB,,full,calibrated,,,,,3fbd30309f2b094da55dc5f61072afd013c4acc294f71aed3e7c83ec7d401639,,,,0.0707213578501,,,,,,,,,,,,ee393306bea41ea6bceb8fcfabd7cbb43b7db39a083d42187f0a69ab3a3539a6,,,,,,,,,,,,,,,,,,,,,,,,,,,,,,,,,,,,,,,,,,,,,,,,,,reliability_bin,7,707,50,0.047287080181,0.041362352165,0.053665182116,0.023434277669,0.100014146272
later,2018-01,,,random_forest,DPB,,full,calibrated,,,,,3fbd30309f2b094da55dc5f61072afd013c4acc294f71aed3e7c83ec7d401639,,,,0.0636492220651,,,,,,,,,,,,ee393306bea41ea6bceb8fcfabd7cbb43b7db39a083d42187f0a69ab3a3539a6,,,,,,,,,,,,,,,,,,,,,,,,,,,,,,,,,,,,,,,,,,,,,,,,,,reliability_bin,8,707,45,0.0613185213882,0.0536671047787,0.0707859383474,0.00233070067688,0.100014146272
later,2018-01,,,random_forest,DPB,,full,calibrated,,,,,3fbd30309f2b094da55dc5f61072afd013c4acc294f71aed3e7c83ec7d401639,,,,0.0947666195191,,,,,,,,,,,,ee393306bea41ea6bceb8fcfabd7cbb43b7db39a083d42187f0a69ab3a3539a6,,,,,,,,,,,,,,,,,,,,,,,,,,,,,,,,,,,,,,,,,,,,,,,,,,reliability_bin,9,707,67,0.0822189225939,0.0707996812341,0.0961743222855,0.0125476969252,0.100014146272
later,2018-01,,,random_forest,DPB,,full,calibrated,,,,,3fbd30309f2b094da55dc5f61072afd013c4acc294f71aed3e7c83ec7d401639,,,,0.123229461756,,,,,,,,,,,,ee393306bea41ea6bceb8fcfabd7cbb43b7db39a083d42187f0a69ab3a3539a6,,,,,,,,,,,,,,,,,,,,,,,,,,,,,,,,,,,,,,,,,,,,,,,,,,reliability_bin,10,706,87,0.129440841696,0.0963678051662,0.256959853553,0.00621137993915,0.0998726835479
later,2018-01,,,random_forest,DPB,,full,raw,,,,,3fbd30309f2b094da55dc5f61072afd013c4acc294f71aed3e7c83ec7d401639,,,,0.01414427157,,,,,,,,,,,,ee393306bea41ea6bceb8fcfabd7cbb43b7db39a083d42187f0a69ab3a3539a6,,,,,,,,,,,,,,,,,,,,,,,,,,,,,,,,,,,,,,,,,,,,,,,,,,reliability_bin,1,707,10,0.00364645679509,0.000258064516129,0.00596508722383,0.0104978147749,0.100014146272
later,2018-01,,,random_forest,DPB,,full,raw,,,,,3fbd30309f2b094da55dc5f61072afd013c4acc294f71aed3e7c83ec7d401639,,,,0.021216407355,,,,,,,,,,,,ee393306bea41ea6bceb8fcfabd7cbb43b7db39a083d42187f0a69ab3a3539a6,,,,,,,,,,,,,,,,,,,,,,,,,,,,,,,,,,,,,,,,,,,,,,,,,,reliability_bin,2,707,15,0.00860070749239,0.00596622288945,0.0114108435192,0.0126156998626,0.100014146272
later,2018-01,,,random_forest,DPB,,full,raw,,,,,3fbd30309f2b094da55dc5f61072afd013c4acc294f71aed3e7c83ec7d401639,,,,0.031117397454,,,,,,,,,,,,ee393306bea41ea6bceb8fcfabd7cbb43b7db39a083d42187f0a69ab3a3539a6,,,,,,,,,,,,,,,,,,,,,,,,,,,,,,,,,,,,,,,,,,,,,,,,,,reliability_bin,3,707,22,0.0143679159515,0.0114108435192,0.0173128291927,0.0167494815025,0.100014146272
later,2018-01,,,random_forest,DPB,,full,raw,,,,,3fbd30309f2b094da55dc5f61072afd013c4acc294f71aed3e7c83ec7d401639,,,,0.045261669024,,,,,,,,,,,,ee393306bea41ea6bceb8fcfabd7cbb43b7db39a083d42187f0a69ab3a3539a6,,,,,,,,,,,,,,,,,,,,,,,,,,,,,,,,,,,,,,,,,,,,,,,,,,reliability_bin,4,707,32,0.0205010692532,0.0173209310177,0.0241058419558,0.0247605997708,0.100014146272
later,2018-01,,,random_forest,DPB,,full,raw,,,,,3fbd30309f2b094da55dc5f61072afd013c4acc294f71aed3e7c83ec7d401639,,,,0.049504950495,,,,,,,,,,,,ee393306bea41ea6bceb8fcfabd7cbb43b7db39a083d42187f0a69ab3a3539a6,,,,,,,,,,,,,,,,,,,,,,,,,,,,,,,,,,,,,,,,,,,,,,,,,,reliability_bin,5,707,35,0.0281702746285,0.0241094442623,0.032423878796,0.0213346758666,0.100014146272
later,2018-01,,,random_forest,DPB,,full,raw,,,,,3fbd30309f2b094da55dc5f61072afd013c4acc294f71aed3e7c83ec7d401639,,,,0.0565770862801,,,,,,,,,,,,ee393306bea41ea6bceb8fcfabd7cbb43b7db39a083d42187f0a69ab3a3539a6,,,,,,,,,,,,,,,,,,,,,,,,,,,,,,,,,,,,,,,,,,,,,,,,,,reliability_bin,6,707,40,0.0367787828936,0.0324549682639,0.0413525017531,0.0197983033865,0.100014146272
later,2018-01,,,random_forest,DPB,,full,raw,,,,,3fbd30309f2b094da55dc5f61072afd013c4acc294f71aed3e7c83ec7d401639,,,,0.0707213578501,,,,,,,,,,,,ee393306bea41ea6bceb8fcfabd7cbb43b7db39a083d42187f0a69ab3a3539a6,,,,,,,,,,,,,,,,,,,,,,,,,,,,,,,,,,,,,,,,,,,,,,,,,,reliability_bin,7,707,50,0.047287080181,0.041362352165,0.053665182116,0.023434277669,0.100014146272
later,2018-01,,,random_forest,DPB,,full,raw,,,,,3fbd30309f2b094da55dc5f61072afd013c4acc294f71aed3e7c83ec7d401639,,,,0.0636492220651,,,,,,,,,,,,ee393306bea41ea6bceb8fcfabd7cbb43b7db39a083d42187f0a69ab3a3539a6,,,,,,,,,,,,,,,,,,,,,,,,,,,,,,,,,,,,,,,,,,,,,,,,,,reliability_bin,8,707,45,0.0613185213882,0.0536671047787,0.0707859383474,0.00233070067688,0.100014146272
later,2018-01,,,random_forest,DPB,,full,raw,,,,,3fbd30309f2b094da55dc5f61072afd013c4acc294f71aed3e7c83ec7d401639,,,,0.0947666195191,,,,,,,,,,,,ee393306bea41ea6bceb8fcfabd7cbb43b7db39a083d42187f0a69ab3a3539a6,,,,,,,,,,,,,,,,,,,,,,,,,,,,,,,,,,,,,,,,,,,,,,,,,,reliability_bin,9,707,67,0.0822189225939,0.0707996812341,0.0961743222855,0.0125476969252,0.100014146272
later,2018-01,,,random_forest,DPB,,full,raw,,,,,3fbd30309f2b094da55dc5f61072afd013c4acc294f71aed3e7c83ec7d401639,,,,0.123229461756,,,,,,,,,,,,ee393306bea41ea6bceb8fcfabd7cbb43b7db39a083d42187f0a69ab3a3539a6,,,,,,,,,,,,,,,,,,,,,,,,,,,,,,,,,,,,,,,,,,,,,,,,,,reliability_bin,10,706,87,0.129440841696,0.0963678051662,0.256959853553,0.00621137993915,0.0998726835479
later,2018-01,,,random_forest,DPG,,full,calibrated,,,,,f8924da325a349434e52c98876cbd6c67bfb9c31fb23cc9c153cf447342baf84,,,,0.025459688826,,,,,,,,,,,,ee393306bea41ea6bceb8fcfabd7cbb43b7db39a083d42187f0a69ab3a3539a6,,,,,,,,,,,,,,,,,,,,,,,,,,,,,,,,,,,,,,,,,,,,,,,,,,reliability_bin,1,707,18,0.0186341277941,0.0177066328851,0.0193437576158,0.00682556103188,0.100014146272
later,2018-01,,,random_forest,DPG,,full,calibrated,,,,,f8924da325a349434e52c98876cbd6c67bfb9c31fb23cc9c153cf447342baf84,,,,0.024045261669,,,,,,,,,,,,ee393306bea41ea6bceb8fcfabd7cbb43b7db39a083d42187f0a69ab3a3539a6,,,,,,,,,,,,,,,,,,,,,,,,,,,,,,,,,,,,,,,,,,,,,,,,,,reliability_bin,2,707,17,0.0212481181767,0.0193437576158,0.024905855169,0.00279714349229,0.100014146272
later,2018-01,,,random_forest,DPG,,full,calibrated,,,,,f8924da325a349434e52c98876cbd6c67bfb9c31fb23cc9c153cf447342baf84,,,,0.045261669024,,,,,,,,,,,,ee393306bea41ea6bceb8fcfabd7cbb43b7db39a083d42187f0a69ab3a3539a6,,,,,,,,,,,,,,,,,,,,,,,,,,,,,,,,,,,,,,,,,,,,,,,,,,reliability_bin,3,707,32,0.0316075353173,0.024905855169,0.0366873543015,0.0136541337068,0.100014146272
later,2018-01,,,random_forest,DPG,,full,calibrated,,,,,f8924da325a349434e52c98876cbd6c67bfb9c31fb23cc9c153cf447342baf84,,,,0.031117397454,,,,,,,,,,,,ee393306bea41ea6bceb8fcfabd7cbb43b7db39a083d42187f0a69ab3a3539a6,,,,,,,,,,,,,,,,,,,,,,,,,,,,,,,,,,,,,,,,,,,,,,,,,,reliability_bin,4,707,22,0.0372922409167,0.0366908463097,0.0384368999452,0.00617484346265,0.100014146272
later,2018-01,,,random_forest,DPG,,full,calibrated,,,,,f8924da325a349434e52c98876cbd6c67bfb9c31fb23cc9c153cf447342baf84,,,,0.045261669024,,,,,,,,,,,,ee393306bea41ea6bceb8fcfabd7cbb43b7db39a083d42187f0a69ab3a3539a6,,,,,,,,,,,,,,,,,,,,,,,,,,,,,,,,,,,,,,,,,,,,,,,,,,reliability_bin,5,707,32,0.0400581694416,0.0384368999452,0.0414985227113,0.0052034995824,0.100014146272
later,2018-01,,,random_forest,DPG,,full,calibrated,,,,,f8924da325a349434e52c98876cbd6c67bfb9c31fb23cc9c153cf447342baf84,,,,0.043847241867,,,,,,,,,,,,ee393306bea41ea6bceb8fcfabd7cbb43b7db39a083d42187f0a69ab3a3539a6,,,,,,,,,,,,,,,,,,,,,,,,,,,,,,,,,,,,,,,,,,,,,,,,,,reliability_bin,6,707,31,0.0429738422359,0.0415061794771,0.0446185119013,0.000873399631134,0.100014146272
later,2018-01,,,random_forest,DPG,,full,calibrated,,,,,f8924da325a349434e52c98876cbd6c67bfb9c31fb23cc9c153cf447342baf84,,,,0.0608203677511,,,,,,,,,,,,ee393306bea41ea6bceb8fcfabd7cbb43b7db39a083d42187f0a69ab3a3539a6,,,,,,,,,,,,,,,,,,,,,,,,,,,,,,,,,,,,,,,,,,,,,,,,,,reliability_bin,7,707,43,0.0462125698743,0.0446187413202,0.0476280138053,0.0146077978768,0.100014146272
later,2018-01,,,random_forest,DPG,,full,calibrated,,,,,f8924da325a349434e52c98876cbd6c67bfb9c31fb23cc9c153cf447342baf84,,,,0.0792079207921,,,,,,,,,,,,ee393306bea41ea6bceb8fcfabd7cbb43b7db39a083d42187f0a69ab3a3539a6,,,,,,,,,,,,,,,,,,,,,,,,,,,,,,,,,,,,,,,,,,,,,,,,,,reliability_bin,8,707,56,0.0491087906879,0.0476311887977,0.0507017565468,0.0300991301041,0.100014146272
later,2018-01,,,random_forest,DPG,,full,calibrated,,,,,f8924da325a349434e52c98876cbd6c67bfb9c31fb23cc9c153cf447342baf84,,,,0.0876944837341,,,,,,,,,,,,ee393306bea41ea6bceb8fcfabd7cbb43b7db39a083d42187f0a69ab3a3539a6,,,,,,,,,,,,,,,,,,,,,,,,,,,,,,,,,,,,,,,,,,,,,,,,,,reliability_bin,9,707,62,0.0527704982226,0.050704974894,0.0549581327527,0.0349239855114,0.100014146272
later,2018-01,,,random_forest,DPG,,full,calibrated,,,,,f8924da325a349434e52c98876cbd6c67bfb9c31fb23cc9c153cf447342baf84,,,,0.127478753541,,,,,,,,,,,,ee393306bea41ea6bceb8fcfabd7cbb43b7db39a083d42187f0a69ab3a3539a6,,,,,,,,,,,,,,,,,,,,,,,,,,,,,,,,,,,,,,,,,,,,,,,,,,reliability_bin,10,706,90,0.0606872226528,0.0549722457349,0.0794293367882,0.0667915308883,0.0998726835479
later,2018-01,,,random_forest,DPG,,full,raw,,,,,f8924da325a349434e52c98876cbd6c67bfb9c31fb23cc9c153cf447342baf84,,,,0.025459688826,,,,,,,,,,,,ee393306bea41ea6bceb8fcfabd7cbb43b7db39a083d42187f0a69ab3a3539a6,,,,,,,,,,,,,,,,,,,,,,,,,,,,,,,,,,,,,,,,,,,,,,,,,,reliability_bin,1,707,18,0.000721812134084,0.000574786324786,0.000845922726665,0.0247378766919,0.100014146272
later,2018-01,,,random_forest,DPG,,full,raw,,,,,f8924da325a349434e52c98876cbd6c67bfb9c31fb23cc9c153cf447342baf84,,,,0.024045261669,,,,,,,,,,,,ee393306bea41ea6bceb8fcfabd7cbb43b7db39a083d42187f0a69ab3a3539a6,,,,,,,,,,,,,,,,,,,,,,,,,,,,,,,,,,,,,,,,,,,,,,,,,,reliability_bin,2,707,17,0.00132087625343,0.000845922726665,0.0025602222768,0.0227243854156,0.100014146272
later,2018-01,,,random_forest,DPG,,full,raw,,,,,f8924da325a349434e52c98876cbd6c67bfb9c31fb23cc9c153cf447342baf84,,,,0.045261669024,,,,,,,,,,,,ee393306bea41ea6bceb8fcfabd7cbb43b7db39a083d42187f0a69ab3a3539a6,,,,,,,,,,,,,,,,,,,,,,,,,,,,,,,,,,,,,,,,,,,,,,,,,,reliability_bin,3,707,32,0.00800055877081,0.0025602222768,0.0140564922548,0.0372611102532,0.100014146272
later,2018-01,,,random_forest,DPG,,full,raw,,,,,f8924da325a349434e52c98876cbd6c67bfb9c31fb23cc9c153cf447342baf84,,,,0.031117397454,,,,,,,,,,,,ee393306bea41ea6bceb8fcfabd7cbb43b7db39a083d42187f0a69ab3a3539a6,,,,,,,,,,,,,,,,,,,,,,,,,,,,,,,,,,,,,,,,,,,,,,,,,,reliability_bin,4,707,22,0.0151194623384,0.0140623705044,0.0172461933409,0.0159979351156,0.100014146272
later,2018-01,,,random_forest,DPG,,full,raw,,,,,f8924da325a349434e52c98876cbd6c67bfb9c31fb23cc9c153cf447342baf84,,,,0.045261669024,,,,,,,,,,,,ee393306bea41ea6bceb8fcfabd7cbb43b7db39a083d42187f0a69ab3a3539a6,,,,,,,,,,,,,,,,,,,,,,,,,,,,,,,,,,,,,,,,,,,,,,,,,,reliability_bin,5,707,32,0.0207330179662,0.0172461933409,0.0241236615124,0.0245286510578,0.100014146272
later,2018-01,,,random_forest,DPG,,full,raw,,,,,f8924da325a349434e52c98876cbd6c67bfb9c31fb23cc9c153cf447342baf84,,,,0.043847241867,,,,,,,,,,,,ee393306bea41ea6bceb8fcfabd7cbb43b7db39a083d42187f0a69ab3a3539a6,,,,,,,,,,,,,,,,,,,,,,,,,,,,,,,,,,,,,,,,,,,,,,,,,,reliability_bin,6,707,31,0.0281822182205,0.0241431172713,0.0330853647453,0.0156650236465,0.100014146272
later,2018-01,,,random_forest,DPG,,full,raw,,,,,f8924da325a349434e52c98876cbd6c67bfb9c31fb23cc9c153cf447342baf84,,,,0.0608203677511,,,,,,,,,,,,ee393306bea41ea6bceb8fcfabd7cbb43b7db39a083d42187f0a69ab3a3539a6,,,,,,,,,,,,,,,,,,,,,,,,,,,,,,,,,,,,,,,,,,,,,,,,,,reliability_bin,7,707,43,0.0386174061403,0.0330861037084,0.0438839562303,0.0222029616108,0.100014146272
later,2018-01,,,random_forest,DPG,,full,raw,,,,,f8924da325a349434e52c98876cbd6c67bfb9c31fb23cc9c153cf447342baf84,,,,0.0792079207921,,,,,,,,,,,,ee393306bea41ea6bceb8fcfabd7cbb43b7db39a083d42187f0a69ab3a3539a6,,,,,,,,,,,,,,,,,,,,,,,,,,,,,,,,,,,,,,,,,,,,,,,,,,reliability_bin,8,707,56,0.0501616724354,0.0438965627021,0.0573761941389,0.0290462483567,0.100014146272
later,2018-01,,,random_forest,DPG,,full,raw,,,,,f8924da325a349434e52c98876cbd6c67bfb9c31fb23cc9c153cf447342baf84,,,,0.0876944837341,,,,,,,,,,,,ee393306bea41ea6bceb8fcfabd7cbb43b7db39a083d42187f0a69ab3a3539a6,,,,,,,,,,,,,,,,,,,,,,,,,,,,,,,,,,,,,,,,,,,,,,,,,,reliability_bin,9,707,62,0.0681839688716,0.0573917171972,0.0806336126225,0.0195105148624,0.100014146272
later,2018-01,,,random_forest,DPG,,full,raw,,,,,f8924da325a349434e52c98876cbd6c67bfb9c31fb23cc9c153cf447342baf84,,,,0.127478753541,,,,,,,,,,,,ee393306bea41ea6bceb8fcfabd7cbb43b7db39a083d42187f0a69ab3a3539a6,,,,,,,,,,,,,,,,,,,,,,,,,,,,,,,,,,,,,,,,,,,,,,,,,,reliability_bin,10,706,90,0.124386691757,0.0807201010887,0.32290639639,0.00309206178422,0.0998726835479
later,2018-01,,,random_forest,DPS,,full,calibrated,,,,,f9d7581aa7428519520404b0181cc80af76c4e2894265ce33422b2469c784ef1,,,,0.049504950495,,,,,,,,,,,,ee393306bea41ea6bceb8fcfabd7cbb43b7db39a083d42187f0a69ab3a3539a6,,,,,,,,,,,,,,,,,,,,,,,,,,,,,,,,,,,,,,,,,,,,,,,,,,reliability_bin,1,707,35,0.0138043105519,0.00276203775163,0.0174240943514,0.0357006399432,0.100014146272
later,2018-01,,,random_forest,DPS,,full,calibrated,,,,,f9d7581aa7428519520404b0181cc80af76c4e2894265ce33422b2469c784ef1,,,,0.046676096181,,,,,,,,,,,,ee393306bea41ea6bceb8fcfabd7cbb43b7db39a083d42187f0a69ab3a3539a6,,,,,,,,,,,,,,,,,,,,,,,,,,,,,,,,,,,,,,,,,,,,,,,,,,reliability_bin,2,707,33,0.0198712800283,0.0174264175962,0.0223339572219,0.0268048161527,0.100014146272
later,2018-01,,,random_forest,DPS,,full,calibrated,,,,,f9d7581aa7428519520404b0181cc80af76c4e2894265ce33422b2469c784ef1,,,,0.045261669024,,,,,,,,,,,,ee393306bea41ea6bceb8fcfabd7cbb43b7db39a083d42187f0a69ab3a3539a6,,,,,,,,,,,,,,,,,,,,,,,,,,,,,,,,,,,,,,,,,,,,,,,,,,reliability_bin,3,707,32,0.0247347054286,0.0223343876298,0.0270298271795,0.0205269635955,0.100014146272
later,2018-01,,,random_forest,DPS,,full,calibrated,,,,,f9d7581aa7428519520404b0181cc80af76c4e2894265ce33422b2469c784ef1,,,,0.0579915134371,,,,,,,,,,,,ee393306bea41ea6bceb8fcfabd7cbb43b7db39a083d42187f0a69ab3a3539a6,,,,,,,,,,,,,,,,,,,,,,,,,,,,,,,,,,,,,,,,,,,,,,,,,,reliability_bin,4,707,41,0.0293483898083,0.0270302035643,0.0314697837713,0.0286431236288,0.100014146272
later,2018-01,,,random_forest,DPS,,full,calibrated,,,,,f9d7581aa7428519520404b0181cc80af76c4e2894265ce33422b2469c784ef1,,,,0.0594059405941,,,,,,,,,,,,ee393306bea41ea6bceb8fcfabd7cbb43b7db39a083d42187f0a69ab3a3539a6,,,,,,,,,,,,,,,,,,,,,,,,,,,,,,,,,,,,,,,,,,,,,,,,,,reliability_bin,5,707,42,0.0339104372049,0.031478816764,0.036304149893,0.0254955033892,0.100014146272
later,2018-01,,,random_forest,DPS,,full,calibrated,,,,,f9d7581aa7428519520404b0181cc80af76c4e2894265ce33422b2469c784ef1,,,,0.0579915134371,,,,,,,,,,,,ee393306bea41ea6bceb8fcfabd7cbb43b7db39a083d42187f0a69ab3a3539a6,,,,,,,,,,,,,,,,,,,,,,,,,,,,,,,,,,,,,,,,,,,,,,,,,,reliability_bin,6,707,41,0.0386535163628,0.0363041981461,0.0411031098783,0.0193379970743,0.100014146272
later,2018-01,,,random_forest,DPS,,full,calibrated,,,,,f9d7581aa7428519520404b0181cc80af76c4e2894265ce33422b2469c784ef1,,,,0.0509193776521,,,,,,,,,,,,ee393306bea41ea6bceb8fcfabd7cbb43b7db39a083d42187f0a69ab3a3539a6,,,,,,,,,,,,,,,,,,,,,,,,,,,,,,,,,,,,,,,,,,,,,,,,,,reliability_bin,7,707,36,0.0440375711002,0.0411038652215,0.0473352317381,0.0068818065518,0.100014146272
later,2018-01,,,random_forest,DPS,,full,calibrated,,,,,f9d7581aa7428519520404b0181cc80af76c4e2894265ce33422b2469c784ef1,,,,0.0763790664781,,,,,,,,,,,,ee393306bea41ea6bceb8fcfabd7cbb43b7db39a083d42187f0a69ab3a3539a6,,,,,,,,,,,,,,,,,,,,,,,,,,,,,,,,,,,,,,,,,,,,,,,,,,reliability_bin,8,707,54,0.0516292153427,0.0473504130403,0.0565383533247,0.0247498511354,0.100014146272
later,2018-01,,,random_forest,DPS,,full,calibrated,,,,,f9d7581aa7428519520404b0181cc80af76c4e2894265ce33422b2469c784ef1,,,,0.0707213578501,,,,,,,,,,,,ee393306bea41ea6bceb8fcfabd7cbb43b7db39a083d42187f0a69ab3a3539a6,,,,,,,,,,,,,,,,,,,,,,,,,,,,,,,,,,,,,,,,,,,,,,,,,,reliability_bin,9,707,50,0.0630705608311,0.056541530568,0.0712978498093,0.00765079701896,0.100014146272
later,2018-01,,,random_forest,DPS,,full,calibrated,,,,,f9d7581aa7428519520404b0181cc80af76c4e2894265ce33422b2469c784ef1,,,,0.0552407932011,,,,,,,,,,,,ee393306bea41ea6bceb8fcfabd7cbb43b7db39a083d42187f0a69ab3a3539a6,,,,,,,,,,,,,,,,,,,,,,,,,,,,,,,,,,,,,,,,,,,,,,,,,,reliability_bin,10,706,39,0.095690837102,0.0713214154249,0.276478611378,0.0404500439009,0.0998726835479
later,2018-01,,,random_forest,DPS,,full,raw,,,,,f9d7581aa7428519520404b0181cc80af76c4e2894265ce33422b2469c784ef1,,,,0.049504950495,,,,,,,,,,,,ee393306bea41ea6bceb8fcfabd7cbb43b7db39a083d42187f0a69ab3a3539a6,,,,,,,,,,,,,,,,,,,,,,,,,,,,,,,,,,,,,,,,,,,,,,,,,,reliability_bin,1,707,35,0.0138043105519,0.00276203775163,0.0174240943514,0.0357006399432,0.100014146272
later,2018-01,,,random_forest,DPS,,full,raw,,,,,f9d7581aa7428519520404b0181cc80af76c4e2894265ce33422b2469c784ef1,,,,0.046676096181,,,,,,,,,,,,ee393306bea41ea6bceb8fcfabd7cbb43b7db39a083d42187f0a69ab3a3539a6,,,,,,,,,,,,,,,,,,,,,,,,,,,,,,,,,,,,,,,,,,,,,,,,,,reliability_bin,2,707,33,0.0198712800283,0.0174264175962,0.0223339572219,0.0268048161527,0.100014146272
later,2018-01,,,random_forest,DPS,,full,raw,,,,,f9d7581aa7428519520404b0181cc80af76c4e2894265ce33422b2469c784ef1,,,,0.045261669024,,,,,,,,,,,,ee393306bea41ea6bceb8fcfabd7cbb43b7db39a083d42187f0a69ab3a3539a6,,,,,,,,,,,,,,,,,,,,,,,,,,,,,,,,,,,,,,,,,,,,,,,,,,reliability_bin,3,707,32,0.0247347054286,0.0223343876298,0.0270298271795,0.0205269635955,0.100014146272
later,2018-01,,,random_forest,DPS,,full,raw,,,,,f9d7581aa7428519520404b0181cc80af76c4e2894265ce33422b2469c784ef1,,,,0.0579915134371,,,,,,,,,,,,ee393306bea41ea6bceb8fcfabd7cbb43b7db39a083d42187f0a69ab3a3539a6,,,,,,,,,,,,,,,,,,,,,,,,,,,,,,,,,,,,,,,,,,,,,,,,,,reliability_bin,4,707,41,0.0293483898083,0.0270302035643,0.0314697837713,0.0286431236288,0.100014146272
later,2018-01,,,random_forest,DPS,,full,raw,,,,,f9d7581aa7428519520404b0181cc80af76c4e2894265ce33422b2469c784ef1,,,,0.0594059405941,,,,,,,,,,,,ee393306bea41ea6bceb8fcfabd7cbb43b7db39a083d42187f0a69ab3a3539a6,,,,,,,,,,,,,,,,,,,,,,,,,,,,,,,,,,,,,,,,,,,,,,,,,,reliability_bin,5,707,42,0.0339104372049,0.031478816764,0.036304149893,0.0254955033892,0.100014146272
later,2018-01,,,random_forest,DPS,,full,raw,,,,,f9d7581aa7428519520404b0181cc80af76c4e2894265ce33422b2469c784ef1,,,,0.0579915134371,,,,,,,,,,,,ee393306bea41ea6bceb8fcfabd7cbb43b7db39a083d42187f0a69ab3a3539a6,,,,,,,,,,,,,,,,,,,,,,,,,,,,,,,,,,,,,,,,,,,,,,,,,,reliability_bin,6,707,41,0.0386535163628,0.0363041981461,0.0411031098783,0.0193379970743,0.100014146272
later,2018-01,,,random_forest,DPS,,full,raw,,,,,f9d7581aa7428519520404b0181cc80af76c4e2894265ce33422b2469c784ef1,,,,0.0509193776521,,,,,,,,,,,,ee393306bea41ea6bceb8fcfabd7cbb43b7db39a083d42187f0a69ab3a3539a6,,,,,,,,,,,,,,,,,,,,,,,,,,,,,,,,,,,,,,,,,,,,,,,,,,reliability_bin,7,707,36,0.0440375711002,0.0411038652215,0.0473352317381,0.0068818065518,0.100014146272
later,2018-01,,,random_forest,DPS,,full,raw,,,,,f9d7581aa7428519520404b0181cc80af76c4e2894265ce33422b2469c784ef1,,,,0.0763790664781,,,,,,,,,,,,ee393306bea41ea6bceb8fcfabd7cbb43b7db39a083d42187f0a69ab3a3539a6,,,,,,,,,,,,,,,,,,,,,,,,,,,,,,,,,,,,,,,,,,,,,,,,,,reliability_bin,8,707,54,0.0516292153427,0.0473504130403,0.0565383533247,0.0247498511354,0.100014146272
later,2018-01,,,random_forest,DPS,,full,raw,,,,,f9d7581aa7428519520404b0181cc80af76c4e2894265ce33422b2469c784ef1,,,,0.0707213578501,,,,,,,,,,,,ee393306bea41ea6bceb8fcfabd7cbb43b7db39a083d42187f0a69ab3a3539a6,,,,,,,,,,,,,,,,,,,,,,,,,,,,,,,,,,,,,,,,,,,,,,,,,,reliability_bin,9,707,50,0.0630705608311,0.056541530568,0.0712978498093,0.00765079701896,0.100014146272
later,2018-01,,,random_forest,DPS,,full,raw,,,,,f9d7581aa7428519520404b0181cc80af76c4e2894265ce33422b2469c784ef1,,,,0.0552407932011,,,,,,,,,,,,ee393306bea41ea6bceb8fcfabd7cbb43b7db39a083d42187f0a69ab3a3539a6,,,,,,,,,,,,,,,,,,,,,,,,,,,,,,,,,,,,,,,,,,,,,,,,,,reliability_bin,10,706,39,0.095690837102,0.0713214154249,0.276478611378,0.0404500439009,0.0998726835479
later,2018-01,2018-01,,xgboost,DP0,,full,calibrated,calibrated,,,,bd2590b6d8f4b87eb5104ed856babb8a2983cfde7a82547f93bd4f7a059f1ab1,,,,0.0551626591231,,,,,,,,,,,,ee393306bea41ea6bceb8fcfabd7cbb43b7db39a083d42187f0a69ab3a3539a6,xgboost,DP0,,,,,,,,,,,,,,,,,,,,,,,,,,,,,,,,,,,,,,,,,,,,,,,,reliability_bin,1,707,39,0.0417104681013,0.0415523089468,0.0419378690422,0.0134521910217,0.100014146272
later,2018-01,2018-01,,xgboost,DP0,,full,calibrated,calibrated,,,,bd2590b6d8f4b87eb5104ed856babb8a2983cfde7a82547f93bd4f7a059f1ab1,,,,0.0551626591231,,,,,,,,,,,,ee393306bea41ea6bceb8fcfabd7cbb43b7db39a083d42187f0a69ab3a3539a6,xgboost,DP0,,,,,,,,,,,,,,,,,,,,,,,,,,,,,,,,,,,,,,,,,,,,,,,,reliability_bin,2,707,39,0.0423438847434,0.0419378690422,0.0425962992013,0.0128187743797,0.100014146272
later,2018-01,2018-01,,xgboost,DP0,,full,calibrated,calibrated,,,,bd2590b6d8f4b87eb5104ed856babb8a2983cfde7a82547f93bd4f7a059f1ab1,,,,0.0650636492221,,,,,,,,,,,,ee393306bea41ea6bceb8fcfabd7cbb43b7db39a083d42187f0a69ab3a3539a6,xgboost,DP0,,,,,,,,,,,,,,,,,,,,,,,,,,,,,,,,,,,,,,,,,,,,,,,,reliability_bin,3,707,46,0.0425962992013,0.0425962992013,0.0425962992013,0.0224673500208,0.100014146272
later,2018-01,2018-01,,xgboost,DP0,,full,calibrated,calibrated,,,,bd2590b6d8f4b87eb5104ed856babb8a2983cfde7a82547f93bd4f7a059f1ab1,,,,0.049504950495,,,,,,,,,,,,ee393306bea41ea6bceb8fcfabd7cbb43b7db39a083d42187f0a69ab3a3539a6,xgboost,DP0,,,,,,,,,,,,,,,,,,,,,,,,,,,,,,,,,,,,,,,,,,,,,,,,reliability_bin,4,707,35,0.0427817844034,0.0425962992013,0.0437864027917,0.00672316609169,0.100014146272
later,2018-01,2018-01,,xgboost,DP0,,full,calibrated,calibrated,,,,bd2590b6d8f4b87eb5104ed856babb8a2983cfde7a82547f93bd4f7a059f1ab1,,,,0.0636492220651,,,,,,,,,,,,ee393306bea41ea6bceb8fcfabd7cbb43b7db39a083d42187f0a69ab3a3539a6,xgboost,DP0,,,,,,,,,,,,,,,,,,,,,,,,,,,,,,,,,,,,,,,,,,,,,,,,reliability_bin,5,707,45,0.0437864027917,0.0437864027917,0.0437864027917,0.0198628192733,0.100014146272
later,2018-01,2018-01,,xgboost,DP0,,full,calibrated,calibrated,,,,bd2590b6d8f4b87eb5104ed856babb8a2983cfde7a82547f93bd4f7a059f1ab1,,,,0.0792079207921,,,,,,,,,,,,ee393306bea41ea6bceb8fcfabd7cbb43b7db39a083d42187f0a69ab3a3539a6,xgboost,DP0,,,,,,,,,,,,,,,,,,,,,,,,,,,,,,,,,,,,,,,,,,,,,,,,reliability_bin,6,707,56,0.0437864027917,0.0437864027917,0.0437864027917,0.0354215180003,0.100014146272
later,2018-01,2018-01,,xgboost,DP0,,full,calibrated,calibrated,,,,bd2590b6d8f4b87eb5104ed856babb8a2983cfde7a82547f93bd4f7a059f1ab1,,,,0.0537482319661,,,,,,,,,,,,ee393306bea41ea6bceb8fcfabd7cbb43b7db39a083d42187f0a69ab3a3539a6,xgboost,DP0,,,,,,,,,,,,,,,,,,,,,,,,,,,,,,,,,,,,,,,,,,,,,,,,reliability_bin,7,707,38,0.0441453765177,0.0437864027917,0.0444631054997,0.00960285544838,0.100014146272
later,2018-01,2018-01,,xgboost,DP0,,full,calibrated,calibrated,,,,bd2590b6d8f4b87eb5104ed856babb8a2983cfde7a82547f93bd4f7a059f1ab1,,,,0.02828854314,,,,,,,,,,,,ee393306bea41ea6bceb8fcfabd7cbb43b7db39a083d42187f0a69ab3a3539a6,xgboost,DP0,,,,,,,,,,,,,,,,,,,,,,,,,,,,,,,,,,,,,,,,,,,,,,,,reliability_bin,8,707,20,0.0444631054997,0.0444631054997,0.0444631054997,0.0161745623597,0.100014146272
later,2018-01,2018-01,,xgboost,DP0,,full,calibrated,calibrated,,,,bd2590b6d8f4b87eb5104ed856babb8a2983cfde7a82547f93bd4f7a059f1ab1,,,,0.0608203677511,,,,,,,,,,,,ee393306bea41ea6bceb8fcfabd7cbb43b7db39a083d42187f0a69ab3a3539a6,xgboost,DP0,,,,,,,,,,,,,,,,,,,,,,,,,,,,,,,,,,,,,,,,,,,,,,,,reliability_bin,9,707,43,0.0446043755896,0.0444631054997,0.0446612760425,0.0162159921615,0.100014146272
later,2018-01,2018-01,,xgboost,DP0,,full,calibrated,calibrated,,,,bd2590b6d8f4b87eb5104ed856babb8a2983cfde7a82547f93bd4f7a059f1ab1,,,,0.0594900849858,,,,,,,,,,,,ee393306bea41ea6bceb8fcfabd7cbb43b7db39a083d42187f0a69ab3a3539a6,xgboost,DP0,,,,,,,,,,,,,,,,,,,,,,,,,,,,,,,,,,,,,,,,,,,,,,,,reliability_bin,10,706,42,0.0446612760425,0.0446612760425,0.0446612760425,0.0148288089434,0.0998726835479
later,2018-01,2018-01,,xgboost,DP0,,full,raw,raw,,,,bd2590b6d8f4b87eb5104ed856babb8a2983cfde7a82547f93bd4f7a059f1ab1,,,,0.0551626591231,,,,,,,,,,,,ee393306bea41ea6bceb8fcfabd7cbb43b7db39a083d42187f0a69ab3a3539a6,xgboost,DP0,,,,,,,,,,,,,,,,,,,,,,,,,,,,,,,,,,,,,,,,,,,,,,,,reliability_bin,1,707,39,0.0417104681013,0.0415523089468,0.0419378690422,0.0134521910217,0.100014146272
later,2018-01,2018-01,,xgboost,DP0,,full,raw,raw,,,,bd2590b6d8f4b87eb5104ed856babb8a2983cfde7a82547f93bd4f7a059f1ab1,,,,0.0551626591231,,,,,,,,,,,,ee393306bea41ea6bceb8fcfabd7cbb43b7db39a083d42187f0a69ab3a3539a6,xgboost,DP0,,,,,,,,,,,,,,,,,,,,,,,,,,,,,,,,,,,,,,,,,,,,,,,,reliability_bin,2,707,39,0.0423438847434,0.0419378690422,0.0425962992013,0.0128187743797,0.100014146272
later,2018-01,2018-01,,xgboost,DP0,,full,raw,raw,,,,bd2590b6d8f4b87eb5104ed856babb8a2983cfde7a82547f93bd4f7a059f1ab1,,,,0.0650636492221,,,,,,,,,,,,ee393306bea41ea6bceb8fcfabd7cbb43b7db39a083d42187f0a69ab3a3539a6,xgboost,DP0,,,,,,,,,,,,,,,,,,,,,,,,,,,,,,,,,,,,,,,,,,,,,,,,reliability_bin,3,707,46,0.0425962992013,0.0425962992013,0.0425962992013,0.0224673500208,0.100014146272
later,2018-01,2018-01,,xgboost,DP0,,full,raw,raw,,,,bd2590b6d8f4b87eb5104ed856babb8a2983cfde7a82547f93bd4f7a059f1ab1,,,,0.049504950495,,,,,,,,,,,,ee393306bea41ea6bceb8fcfabd7cbb43b7db39a083d42187f0a69ab3a3539a6,xgboost,DP0,,,,,,,,,,,,,,,,,,,,,,,,,,,,,,,,,,,,,,,,,,,,,,,,reliability_bin,4,707,35,0.0427817844034,0.0425962992013,0.0437864027917,0.00672316609169,0.100014146272
later,2018-01,2018-01,,xgboost,DP0,,full,raw,raw,,,,bd2590b6d8f4b87eb5104ed856babb8a2983cfde7a82547f93bd4f7a059f1ab1,,,,0.0636492220651,,,,,,,,,,,,ee393306bea41ea6bceb8fcfabd7cbb43b7db39a083d42187f0a69ab3a3539a6,xgboost,DP0,,,,,,,,,,,,,,,,,,,,,,,,,,,,,,,,,,,,,,,,,,,,,,,,reliability_bin,5,707,45,0.0437864027917,0.0437864027917,0.0437864027917,0.0198628192733,0.100014146272
later,2018-01,2018-01,,xgboost,DP0,,full,raw,raw,,,,bd2590b6d8f4b87eb5104ed856babb8a2983cfde7a82547f93bd4f7a059f1ab1,,,,0.0792079207921,,,,,,,,,,,,ee393306bea41ea6bceb8fcfabd7cbb43b7db39a083d42187f0a69ab3a3539a6,xgboost,DP0,,,,,,,,,,,,,,,,,,,,,,,,,,,,,,,,,,,,,,,,,,,,,,,,reliability_bin,6,707,56,0.0437864027917,0.0437864027917,0.0437864027917,0.0354215180003,0.100014146272
later,2018-01,2018-01,,xgboost,DP0,,full,raw,raw,,,,bd2590b6d8f4b87eb5104ed856babb8a2983cfde7a82547f93bd4f7a059f1ab1,,,,0.0537482319661,,,,,,,,,,,,ee393306bea41ea6bceb8fcfabd7cbb43b7db39a083d42187f0a69ab3a3539a6,xgboost,DP0,,,,,,,,,,,,,,,,,,,,,,,,,,,,,,,,,,,,,,,,,,,,,,,,reliability_bin,7,707,38,0.0441453765177,0.0437864027917,0.0444631054997,0.00960285544838,0.100014146272
later,2018-01,2018-01,,xgboost,DP0,,full,raw,raw,,,,bd2590b6d8f4b87eb5104ed856babb8a2983cfde7a82547f93bd4f7a059f1ab1,,,,0.02828854314,,,,,,,,,,,,ee393306bea41ea6bceb8fcfabd7cbb43b7db39a083d42187f0a69ab3a3539a6,xgboost,DP0,,,,,,,,,,,,,,,,,,,,,,,,,,,,,,,,,,,,,,,,,,,,,,,,reliability_bin,8,707,20,0.0444631054997,0.0444631054997,0.0444631054997,0.0161745623597,0.100014146272
later,2018-01,2018-01,,xgboost,DP0,,full,raw,raw,,,,bd2590b6d8f4b87eb5104ed856babb8a2983cfde7a82547f93bd4f7a059f1ab1,,,,0.0608203677511,,,,,,,,,,,,ee393306bea41ea6bceb8fcfabd7cbb43b7db39a083d42187f0a69ab3a3539a6,xgboost,DP0,,,,,,,,,,,,,,,,,,,,,,,,,,,,,,,,,,,,,,,,,,,,,,,,reliability_bin,9,707,43,0.0446043755896,0.0444631054997,0.0446612760425,0.0162159921615,0.100014146272
later,2018-01,2018-01,,xgboost,DP0,,full,raw,raw,,,,bd2590b6d8f4b87eb5104ed856babb8a2983cfde7a82547f93bd4f7a059f1ab1,,,,0.0594900849858,,,,,,,,,,,,ee393306bea41ea6bceb8fcfabd7cbb43b7db39a083d42187f0a69ab3a3539a6,xgboost,DP0,,,,,,,,,,,,,,,,,,,,,,,,,,,,,,,,,,,,,,,,,,,,,,,,reliability_bin,10,706,42,0.0446612760425,0.0446612760425,0.0446612760425,0.0148288089434,0.0998726835479
later,2018-01,2018-01,,xgboost,DPB,,full,calibrated,calibrated,,,,86a7f8d92ace33260a342f47ed7afdd68157dc28f60ecaec98f3704f9f5111e6,,,,0.022630834512,,,,,,,,,,,,ee393306bea41ea6bceb8fcfabd7cbb43b7db39a083d42187f0a69ab3a3539a6,xgboost,DPB,,,,,,,,,,,,,,,,,,,,,,,,,,,,,,,,,,,,,,,,,,,,,,,,reliability_bin,1,707,16,0.0414936210133,0.0414262712002,0.041843958199,0.0188627865013,0.100014146272
later,2018-01,2018-01,,xgboost,DPB,,full,calibrated,calibrated,,,,86a7f8d92ace33260a342f47ed7afdd68157dc28f60ecaec98f3704f9f5111e6,,,,0.018387553041,,,,,,,,,,,,ee393306bea41ea6bceb8fcfabd7cbb43b7db39a083d42187f0a69ab3a3539a6,xgboost,DPB,,,,,,,,,,,,,,,,,,,,,,,,,,,,,,,,,,,,,,,,,,,,,,,,reliability_bin,2,707,13,0.0420284727391,0.041843958199,0.0422124676406,0.0236409196981,0.100014146272
later,2018-01,2018-01,,xgboost,DPB,,full,calibrated,calibrated,,,,86a7f8d92ace33260a342f47ed7afdd68157dc28f60ecaec98f3704f9f5111e6,,,,0.022630834512,,,,,,,,,,,,ee393306bea41ea6bceb8fcfabd7cbb43b7db39a083d42187f0a69ab3a3539a6,xgboost,DPB,,,,,,,,,,,,,,,,,,,,,,,,,,,,,,,,,,,,,,,,,,,,,,,,reliability_bin,3,707,16,0.0422963714583,0.0422124676406,0.0425039976835,0.0196655369463,0.100014146272
later,2018-01,2018-01,,xgboost,DPB,,full,calibrated,calibrated,,,,86a7f8d92ace33260a342f47ed7afdd68157dc28f60ecaec98f3704f9f5111e6,,,,0.046676096181,,,,,,,,,,,,ee393306bea41ea6bceb8fcfabd7cbb43b7db39a083d42187f0a69ab3a3539a6,xgboost,DPB,,,,,,,,,,,,,,,,,,,,,,,,,,,,,,,,,,,,,,,,,,,,,,,,reliability_bin,4,707,33,0.0428098300696,0.0425039976835,0.0434199534357,0.00386626611146,0.100014146272
later,2018-01,2018-01,,xgboost,DPB,,full,calibrated,calibrated,,,,86a7f8d92ace33260a342f47ed7afdd68157dc28f60ecaec98f3704f9f5111e6,,,,0.0594059405941,,,,,,,,,,,,ee393306bea41ea6bceb8fcfabd7cbb43b7db39a083d42187f0a69ab3a3539a6,xgboost,DPB,,,,,,,,,,,,,,,,,,,,,,,,,,,,,,,,,,,,,,,,,,,,,,,,reliability_bin,5,707,42,0.0434199534357,0.0434199534357,0.0434199534357,0.0159859871584,0.100014146272
later,2018-01,2018-01,,xgboost,DPB,,full,calibrated,calibrated,,,,86a7f8d92ace33260a342f47ed7afdd68157dc28f60ecaec98f3704f9f5111e6,,,,0.049504950495,,,,,,,,,,,,ee393306bea41ea6bceb8fcfabd7cbb43b7db39a083d42187f0a69ab3a3539a6,xgboost,DPB,,,,,,,,,,,,,,,,,,,,,,,,,,,,,,,,,,,,,,,,,,,,,,,,reliability_bin,6,707,35,0.0434199534357,0.0434199534357,0.0434199534357,0.00608499705939,0.100014146272
later,2018-01,2018-01,,xgboost,DPB,,full,calibrated,calibrated,,,,86a7f8d92ace33260a342f47ed7afdd68157dc28f60ecaec98f3704f9f5111e6,,,,0.0565770862801,,,,,,,,,,,,ee393306bea41ea6bceb8fcfabd7cbb43b7db39a083d42187f0a69ab3a3539a6,xgboost,DPB,,,,,,,,,,,,,,,,,,,,,,,,,,,,,,,,,,,,,,,,,,,,,,,,reliability_bin,7,707,40,0.045258724896,0.0434199534357,0.0461578294635,0.011318361384,0.100014146272
later,2018-01,2018-01,,xgboost,DPB,,full,calibrated,calibrated,,,,86a7f8d92ace33260a342f47ed7afdd68157dc28f60ecaec98f3704f9f5111e6,,,,0.0905233380481,,,,,,,,,,,,ee393306bea41ea6bceb8fcfabd7cbb43b7db39a083d42187f0a69ab3a3539a6,xgboost,DPB,,,,,,,,,,,,,,,,,,,,,,,,,,,,,,,,,,,,,,,,,,,,,,,,reliability_bin,8,707,64,0.0463058489205,0.0461578294635,0.0463610328734,0.0442174891276,0.100014146272
later,2018-01,2018-01,,xgboost,DPB,,full,calibrated,calibrated,,,,86a7f8d92ace33260a342f47ed7afdd68157dc28f60ecaec98f3704f9f5111e6,,,,0.0919377652051,,,,,,,,,,,,ee393306bea41ea6bceb8fcfabd7cbb43b7db39a083d42187f0a69ab3a3539a6,xgboost,DPB,,,,,,,,,,,,,,,,,,,,,,,,,,,,,,,,,,,,,,,,,,,,,,,,reliability_bin,9,707,65,0.0463610328734,0.0463610328734,0.0463610328734,0.0455767323317,0.100014146272
later,2018-01,2018-01,,xgboost,DPB,,full,calibrated,calibrated,,,,86a7f8d92ace33260a342f47ed7afdd68157dc28f60ecaec98f3704f9f5111e6,,,,0.111898016997,,,,,,,,,,,,ee393306bea41ea6bceb8fcfabd7cbb43b7db39a083d42187f0a69ab3a3539a6,xgboost,DPB,,,,,,,,,,,,,,,,,,,,,,,,,,,,,,,,,,,,,,,,,,,,,,,,reliability_bin,10,706,79,0.0511728142027,0.0463610328734,0.0757983326912,0.0607252027945,0.0998726835479
later,2018-01,2018-01,,xgboost,DPB,,full,raw,raw,,,,86a7f8d92ace33260a342f47ed7afdd68157dc28f60ecaec98f3704f9f5111e6,,,,0.022630834512,,,,,,,,,,,,ee393306bea41ea6bceb8fcfabd7cbb43b7db39a083d42187f0a69ab3a3539a6,xgboost,DPB,,,,,,,,,,,,,,,,,,,,,,,,,,,,,,,,,,,,,,,,,,,,,,,,reliability_bin,1,707,16,0.0414936210133,0.0414262712002,0.041843958199,0.0188627865013,0.100014146272
later,2018-01,2018-01,,xgboost,DPB,,full,raw,raw,,,,86a7f8d92ace33260a342f47ed7afdd68157dc28f60ecaec98f3704f9f5111e6,,,,0.018387553041,,,,,,,,,,,,ee393306bea41ea6bceb8fcfabd7cbb43b7db39a083d42187f0a69ab3a3539a6,xgboost,DPB,,,,,,,,,,,,,,,,,,,,,,,,,,,,,,,,,,,,,,,,,,,,,,,,reliability_bin,2,707,13,0.0420284727391,0.041843958199,0.0422124676406,0.0236409196981,0.100014146272
later,2018-01,2018-01,,xgboost,DPB,,full,raw,raw,,,,86a7f8d92ace33260a342f47ed7afdd68157dc28f60ecaec98f3704f9f5111e6,,,,0.022630834512,,,,,,,,,,,,ee393306bea41ea6bceb8fcfabd7cbb43b7db39a083d42187f0a69ab3a3539a6,xgboost,DPB,,,,,,,,,,,,,,,,,,,,,,,,,,,,,,,,,,,,,,,,,,,,,,,,reliability_bin,3,707,16,0.0422963714583,0.0422124676406,0.0425039976835,0.0196655369463,0.100014146272
later,2018-01,2018-01,,xgboost,DPB,,full,raw,raw,,,,86a7f8d92ace33260a342f47ed7afdd68157dc28f60ecaec98f3704f9f5111e6,,,,0.046676096181,,,,,,,,,,,,ee393306bea41ea6bceb8fcfabd7cbb43b7db39a083d42187f0a69ab3a3539a6,xgboost,DPB,,,,,,,,,,,,,,,,,,,,,,,,,,,,,,,,,,,,,,,,,,,,,,,,reliability_bin,4,707,33,0.0428098300696,0.0425039976835,0.0434199534357,0.00386626611146,0.100014146272
later,2018-01,2018-01,,xgboost,DPB,,full,raw,raw,,,,86a7f8d92ace33260a342f47ed7afdd68157dc28f60ecaec98f3704f9f5111e6,,,,0.0594059405941,,,,,,,,,,,,ee393306bea41ea6bceb8fcfabd7cbb43b7db39a083d42187f0a69ab3a3539a6,xgboost,DPB,,,,,,,,,,,,,,,,,,,,,,,,,,,,,,,,,,,,,,,,,,,,,,,,reliability_bin,5,707,42,0.0434199534357,0.0434199534357,0.0434199534357,0.0159859871584,0.100014146272
later,2018-01,2018-01,,xgboost,DPB,,full,raw,raw,,,,86a7f8d92ace33260a342f47ed7afdd68157dc28f60ecaec98f3704f9f5111e6,,,,0.049504950495,,,,,,,,,,,,ee393306bea41ea6bceb8fcfabd7cbb43b7db39a083d42187f0a69ab3a3539a6,xgboost,DPB,,,,,,,,,,,,,,,,,,,,,,,,,,,,,,,,,,,,,,,,,,,,,,,,reliability_bin,6,707,35,0.0434199534357,0.0434199534357,0.0434199534357,0.00608499705939,0.100014146272
later,2018-01,2018-01,,xgboost,DPB,,full,raw,raw,,,,86a7f8d92ace33260a342f47ed7afdd68157dc28f60ecaec98f3704f9f5111e6,,,,0.0565770862801,,,,,,,,,,,,ee393306bea41ea6bceb8fcfabd7cbb43b7db39a083d42187f0a69ab3a3539a6,xgboost,DPB,,,,,,,,,,,,,,,,,,,,,,,,,,,,,,,,,,,,,,,,,,,,,,,,reliability_bin,7,707,40,0.045258724896,0.0434199534357,0.0461578294635,0.011318361384,0.100014146272
later,2018-01,2018-01,,xgboost,DPB,,full,raw,raw,,,,86a7f8d92ace33260a342f47ed7afdd68157dc28f60ecaec98f3704f9f5111e6,,,,0.0905233380481,,,,,,,,,,,,ee393306bea41ea6bceb8fcfabd7cbb43b7db39a083d42187f0a69ab3a3539a6,xgboost,DPB,,,,,,,,,,,,,,,,,,,,,,,,,,,,,,,,,,,,,,,,,,,,,,,,reliability_bin,8,707,64,0.0463058489205,0.0461578294635,0.0463610328734,0.0442174891276,0.100014146272
later,2018-01,2018-01,,xgboost,DPB,,full,raw,raw,,,,86a7f8d92ace33260a342f47ed7afdd68157dc28f60ecaec98f3704f9f5111e6,,,,0.0919377652051,,,,,,,,,,,,ee393306bea41ea6bceb8fcfabd7cbb43b7db39a083d42187f0a69ab3a3539a6,xgboost,DPB,,,,,,,,,,,,,,,,,,,,,,,,,,,,,,,,,,,,,,,,,,,,,,,,reliability_bin,9,707,65,0.0463610328734,0.0463610328734,0.0463610328734,0.0455767323317,0.100014146272
later,2018-01,2018-01,,xgboost,DPB,,full,raw,raw,,,,86a7f8d92ace33260a342f47ed7afdd68157dc28f60ecaec98f3704f9f5111e6,,,,0.111898016997,,,,,,,,,,,,ee393306bea41ea6bceb8fcfabd7cbb43b7db39a083d42187f0a69ab3a3539a6,xgboost,DPB,,,,,,,,,,,,,,,,,,,,,,,,,,,,,,,,,,,,,,,,,,,,,,,,reliability_bin,10,706,79,0.0511728142027,0.0463610328734,0.0757983326912,0.0607252027945,0.0998726835479
later,2018-01,2018-01,,xgboost,DPG,,full,calibrated,calibrated,,,,f0ffe4452ab348b733184f5d749e4c4ec655940e204c9fbc3d9df0bd121bc1e9,,,,0.026874115983,,,,,,,,,,,,ee393306bea41ea6bceb8fcfabd7cbb43b7db39a083d42187f0a69ab3a3539a6,xgboost,DPG,,,,,,,,,,,,,,,,,,,,,,,,,,,,,,,,,,,,,,,,,,,,,,,,reliability_bin,1,707,19,0.0407980171097,0.0404609404504,0.0408746786416,0.0139239011267,0.100014146272
later,2018-01,2018-01,,xgboost,DPG,,full,calibrated,calibrated,,,,f0ffe4452ab348b733184f5d749e4c4ec655940e204c9fbc3d9df0bd121bc1e9,,,,0.032531824611,,,,,,,,,,,,ee393306bea41ea6bceb8fcfabd7cbb43b7db39a083d42187f0a69ab3a3539a6,xgboost,DPG,,,,,,,,,,,,,,,,,,,,,,,,,,,,,,,,,,,,,,,,,,,,,,,,reliability_bin,2,707,23,0.0411630728436,0.0408746786416,0.0412519201636,0.00863124823258,0.100014146272
later,2018-01,2018-01,,xgboost,DPG,,full,calibrated,calibrated,,,,f0ffe4452ab348b733184f5d749e4c4ec655940e204c9fbc3d9df0bd121bc1e9,,,,0.02828854314,,,,,,,,,,,,ee393306bea41ea6bceb8fcfabd7cbb43b7db39a083d42187f0a69ab3a3539a6,xgboost,DPG,,,,,,,,,,,,,,,,,,,,,,,,,,,,,,,,,,,,,,,,,,,,,,,,reliability_bin,3,707,20,0.0412519201636,0.0412519201636,0.0412519201636,0.0129633770236,0.100014146272
later,2018-01,2018-01,,xgboost,DPG,,full,calibrated,calibrated,,,,f0ffe4452ab348b733184f5d749e4c4ec655940e204c9fbc3d9df0bd121bc1e9,,,,0.022630834512,,,,,,,,,,,,ee393306bea41ea6bceb8fcfabd7cbb43b7db39a083d42187f0a69ab3a3539a6,xgboost,DPG,,,,,,,,,,,,,,,,,,,,,,,,,,,,,,,,,,,,,,,,,,,,,,,,reliability_bin,4,707,16,0.0417045306894,0.0412519201636,0.0421839430928,0.0190736961774,0.100014146272
later,2018-01,2018-01,,xgboost,DPG,,full,calibrated,calibrated,,,,f0ffe4452ab348b733184f5d749e4c4ec655940e204c9fbc3d9df0bd121bc1e9,,,,0.0565770862801,,,,,,,,,,,,ee393306bea41ea6bceb8fcfabd7cbb43b7db39a083d42187f0a69ab3a3539a6,xgboost,DPG,,,,,,,,,,,,,,,,,,,,,,,,,,,,,,,,,,,,,,,,,,,,,,,,reliability_bin,5,707,40,0.0432538118166,0.0421839430928,0.0435275658965,0.0133232744635,0.100014146272
later,2018-01,2018-01,,xgboost,DPG,,full,calibrated,calibrated,,,,f0ffe4452ab348b733184f5d749e4c4ec655940e204c9fbc3d9df0bd121bc1e9,,,,0.048090523338,,,,,,,,,,,,ee393306bea41ea6bceb8fcfabd7cbb43b7db39a083d42187f0a69ab3a3539a6,xgboost,DPG,,,,,,,,,,,,,,,,,,,,,,,,,,,,,,,,,,,,,,,,,,,,,,,,reliability_bin,6,707,34,0.0435351278196,0.0435275658965,0.0436301939189,0.00455539551849,0.100014146272
later,2018-01,2018-01,,xgboost,DPG,,full,calibrated,calibrated,,,,f0ffe4452ab348b733184f5d749e4c4ec655940e204c9fbc3d9df0bd121bc1e9,,,,0.0594059405941,,,,,,,,,,,,ee393306bea41ea6bceb8fcfabd7cbb43b7db39a083d42187f0a69ab3a3539a6,xgboost,DPG,,,,,,,,,,,,,,,,,,,,,,,,,,,,,,,,,,,,,,,,,,,,,,,,reliability_bin,7,707,42,0.044717373171,0.0436301939189,0.045622728765,0.0146885674231,0.100014146272
later,2018-01,2018-01,,xgboost,DPG,,full,calibrated,calibrated,,,,f0ffe4452ab348b733184f5d749e4c4ec655940e204c9fbc3d9df0bd121bc1e9,,,,0.0763790664781,,,,,,,,,,,,ee393306bea41ea6bceb8fcfabd7cbb43b7db39a083d42187f0a69ab3a3539a6,xgboost,DPG,,,,,,,,,,,,,,,,,,,,,,,,,,,,,,,,,,,,,,,,,,,,,,,,reliability_bin,8,707,54,0.045622728765,0.045622728765,0.045622728765,0.0307563377131,0.100014146272
later,2018-01,2018-01,,xgboost,DPG,,full,calibrated,calibrated,,,,f0ffe4452ab348b733184f5d749e4c4ec655940e204c9fbc3d9df0bd121bc1e9,,,,0.0834512022631,,,,,,,,,,,,ee393306bea41ea6bceb8fcfabd7cbb43b7db39a083d42187f0a69ab3a3539a6,xgboost,DPG,,,,,,,,,,,,,,,,,,,,,,,,,,,,,,,,,,,,,,,,,,,,,,,,reliability_bin,9,707,59,0.0456682612548,0.045622728765,0.0457094982266,0.0377829410083,0.100014146272
later,2018-01,2018-01,,xgboost,DPG,,full,calibrated,calibrated,,,,f0ffe4452ab348b733184f5d749e4c4ec655940e204c9fbc3d9df0bd121bc1e9,,,,0.13597733711,,,,,,,,,,,,ee393306bea41ea6bceb8fcfabd7cbb43b7db39a083d42187f0a69ab3a3539a6,xgboost,DPG,,,,,,,,,,,,,,,,,,,,,,,,,,,,,,,,,,,,,,,,,,,,,,,,reliability_bin,10,706,96,0.049019267619,0.0457094982266,0.0764410197735,0.0869580694915,0.0998726835479
later,2018-01,2018-01,,xgboost,DPG,,full,raw,raw,,,,f0ffe4452ab348b733184f5d749e4c4ec655940e204c9fbc3d9df0bd121bc1e9,,,,0.026874115983,,,,,,,,,,,,ee393306bea41ea6bceb8fcfabd7cbb43b7db39a083d42187f0a69ab3a3539a6,xgboost,DPG,,,,,,,,,,,,,,,,,,,,,,,,,,,,,,,,,,,,,,,,,,,,,,,,reliability_bin,1,707,19,0.0407980171097,0.0404609404504,0.0408746786416,0.0139239011267,0.100014146272
later,2018-01,2018-01,,xgboost,DPG,,full,raw,raw,,,,f0ffe4452ab348b733184f5d749e4c4ec655940e204c9fbc3d9df0bd121bc1e9,,,,0.032531824611,,,,,,,,,,,,ee393306bea41ea6bceb8fcfabd7cbb43b7db39a083d42187f0a69ab3a3539a6,xgboost,DPG,,,,,,,,,,,,,,,,,,,,,,,,,,,,,,,,,,,,,,,,,,,,,,,,reliability_bin,2,707,23,0.0411630728436,0.0408746786416,0.0412519201636,0.00863124823258,0.100014146272
later,2018-01,2018-01,,xgboost,DPG,,full,raw,raw,,,,f0ffe4452ab348b733184f5d749e4c4ec655940e204c9fbc3d9df0bd121bc1e9,,,,0.02828854314,,,,,,,,,,,,ee393306bea41ea6bceb8fcfabd7cbb43b7db39a083d42187f0a69ab3a3539a6,xgboost,DPG,,,,,,,,,,,,,,,,,,,,,,,,,,,,,,,,,,,,,,,,,,,,,,,,reliability_bin,3,707,20,0.0412519201636,0.0412519201636,0.0412519201636,0.0129633770236,0.100014146272
later,2018-01,2018-01,,xgboost,DPG,,full,raw,raw,,,,f0ffe4452ab348b733184f5d749e4c4ec655940e204c9fbc3d9df0bd121bc1e9,,,,0.022630834512,,,,,,,,,,,,ee393306bea41ea6bceb8fcfabd7cbb43b7db39a083d42187f0a69ab3a3539a6,xgboost,DPG,,,,,,,,,,,,,,,,,,,,,,,,,,,,,,,,,,,,,,,,,,,,,,,,reliability_bin,4,707,16,0.0417045306894,0.0412519201636,0.0421839430928,0.0190736961774,0.100014146272
later,2018-01,2018-01,,xgboost,DPG,,full,raw,raw,,,,f0ffe4452ab348b733184f5d749e4c4ec655940e204c9fbc3d9df0bd121bc1e9,,,,0.0565770862801,,,,,,,,,,,,ee393306bea41ea6bceb8fcfabd7cbb43b7db39a083d42187f0a69ab3a3539a6,xgboost,DPG,,,,,,,,,,,,,,,,,,,,,,,,,,,,,,,,,,,,,,,,,,,,,,,,reliability_bin,5,707,40,0.0432538118166,0.0421839430928,0.0435275658965,0.0133232744635,0.100014146272
later,2018-01,2018-01,,xgboost,DPG,,full,raw,raw,,,,f0ffe4452ab348b733184f5d749e4c4ec655940e204c9fbc3d9df0bd121bc1e9,,,,0.048090523338,,,,,,,,,,,,ee393306bea41ea6bceb8fcfabd7cbb43b7db39a083d42187f0a69ab3a3539a6,xgboost,DPG,,,,,,,,,,,,,,,,,,,,,,,,,,,,,,,,,,,,,,,,,,,,,,,,reliability_bin,6,707,34,0.0435351278196,0.0435275658965,0.0436301939189,0.00455539551849,0.100014146272
later,2018-01,2018-01,,xgboost,DPG,,full,raw,raw,,,,f0ffe4452ab348b733184f5d749e4c4ec655940e204c9fbc3d9df0bd121bc1e9,,,,0.0594059405941,,,,,,,,,,,,ee393306bea41ea6bceb8fcfabd7cbb43b7db39a083d42187f0a69ab3a3539a6,xgboost,DPG,,,,,,,,,,,,,,,,,,,,,,,,,,,,,,,,,,,,,,,,,,,,,,,,reliability_bin,7,707,42,0.044717373171,0.0436301939189,0.045622728765,0.0146885674231,0.100014146272
later,2018-01,2018-01,,xgboost,DPG,,full,raw,raw,,,,f0ffe4452ab348b733184f5d749e4c4ec655940e204c9fbc3d9df0bd121bc1e9,,,,0.0763790664781,,,,,,,,,,,,ee393306bea41ea6bceb8fcfabd7cbb43b7db39a083d42187f0a69ab3a3539a6,xgboost,DPG,,,,,,,,,,,,,,,,,,,,,,,,,,,,,,,,,,,,,,,,,,,,,,,,reliability_bin,8,707,54,0.045622728765,0.045622728765,0.045622728765,0.0307563377131,0.100014146272
later,2018-01,2018-01,,xgboost,DPG,,full,raw,raw,,,,f0ffe4452ab348b733184f5d749e4c4ec655940e204c9fbc3d9df0bd121bc1e9,,,,0.0834512022631,,,,,,,,,,,,ee393306bea41ea6bceb8fcfabd7cbb43b7db39a083d42187f0a69ab3a3539a6,xgboost,DPG,,,,,,,,,,,,,,,,,,,,,,,,,,,,,,,,,,,,,,,,,,,,,,,,reliability_bin,9,707,59,0.0456682612548,0.045622728765,0.0457094982266,0.0377829410083,0.100014146272
later,2018-01,2018-01,,xgboost,DPG,,full,raw,raw,,,,f0ffe4452ab348b733184f5d749e4c4ec655940e204c9fbc3d9df0bd121bc1e9,,,,0.13597733711,,,,,,,,,,,,ee393306bea41ea6bceb8fcfabd7cbb43b7db39a083d42187f0a69ab3a3539a6,xgboost,DPG,,,,,,,,,,,,,,,,,,,,,,,,,,,,,,,,,,,,,,,,,,,,,,,,reliability_bin,10,706,96,0.049019267619,0.0457094982266,0.0764410197735,0.0869580694915,0.0998726835479
later,2018-01,2018-01,,xgboost,DPS,,full,calibrated,calibrated,,,,f33bb420e427da45e831191b3cba099d0cf9d8baa1848508a2fcb8a13e9e1a1c,,,,0.0594059405941,,,,,,,,,,,,ee393306bea41ea6bceb8fcfabd7cbb43b7db39a083d42187f0a69ab3a3539a6,xgboost,DPS,,,,,,,,,,,,,,,,,,,,,,,,,,,,,,,,,,,,,,,,,,,,,,,,reliability_bin,1,707,42,0.0416803397238,0.0416803397238,0.0416803397238,0.0177256008702,0.100014146272
later,2018-01,2018-01,,xgboost,DPS,,full,calibrated,calibrated,,,,f33bb420e427da45e831191b3cba099d0cf9d8baa1848508a2fcb8a13e9e1a1c,,,,0.0650636492221,,,,,,,,,,,,ee393306bea41ea6bceb8fcfabd7cbb43b7db39a083d42187f0a69ab3a3539a6,xgboost,DPS,,,,,,,,,,,,,,,,,,,,,,,,,,,,,,,,,,,,,,,,,,,,,,,,reliability_bin,2,707,46,0.0421544221115,0.0416803397238,0.0426461584866,0.0229092271105,0.100014146272
later,2018-01,2018-01,,xgboost,DPS,,full,calibrated,calibrated,,,,f33bb420e427da45e831191b3cba099d0cf9d8baa1848508a2fcb8a13e9e1a1c,,,,0.041018387553,,,,,,,,,,,,ee393306bea41ea6bceb8fcfabd7cbb43b7db39a083d42187f0a69ab3a3539a6,xgboost,DPS,,,,,,,,,,,,,,,,,,,,,,,,,,,,,,,,,,,,,,,,,,,,,,,,reliability_bin,3,707,29,0.042811784751,0.0426461584866,0.0430153794587,0.00179339719797,0.100014146272
later,2018-01,2018-01,,xgboost,DPS,,full,calibrated,calibrated,,,,f33bb420e427da45e831191b3cba099d0cf9d8baa1848508a2fcb8a13e9e1a1c,,,,0.032531824611,,,,,,,,,,,,ee393306bea41ea6bceb8fcfabd7cbb43b7db39a083d42187f0a69ab3a3539a6,xgboost,DPS,,,,,,,,,,,,,,,,,,,,,,,,,,,,,,,,,,,,,,,,,,,,,,,,reliability_bin,4,707,23,0.0430153794587,0.0430153794587,0.0430153794587,0.0104835548476,0.100014146272
later,2018-01,2018-01,,xgboost,DPS,,full,calibrated,calibrated,,,,f33bb420e427da45e831191b3cba099d0cf9d8baa1848508a2fcb8a13e9e1a1c,,,,0.048090523338,,,,,,,,,,,,ee393306bea41ea6bceb8fcfabd7cbb43b7db39a083d42187f0a69ab3a3539a6,xgboost,DPS,,,,,,,,,,,,,,,,,,,,,,,,,,,,,,,,,,,,,,,,,,,,,,,,reliability_bin,5,707,34,0.0430153794587,0.0430153794587,0.0430153794587,0.00507514387938,0.100014146272
later,2018-01,2018-01,,xgboost,DPS,,full,calibrated,calibrated,,,,f33bb420e427da45e831191b3cba099d0cf9d8baa1848508a2fcb8a13e9e1a1c,,,,0.043847241867,,,,,,,,,,,,ee393306bea41ea6bceb8fcfabd7cbb43b7db39a083d42187f0a69ab3a3539a6,xgboost,DPS,,,,,,,,,,,,,,,,,,,,,,,,,,,,,,,,,,,,,,,,,,,,,,,,reliability_bin,6,707,31,0.0438497685781,0.0430153794587,0.0441658645868,2.52671107713e-06,0.100014146272
later,2018-01,2018-01,,xgboost,DPS,,full,calibrated,calibrated,,,,f33bb420e427da45e831191b3cba099d0cf9d8baa1848508a2fcb8a13e9e1a1c,,,,0.0678925035361,,,,,,,,,,,,ee393306bea41ea6bceb8fcfabd7cbb43b7db39a083d42187f0a69ab3a3539a6,xgboost,DPS,,,,,,,,,,,,,,,,,,,,,,,,,,,,,,,,,,,,,,,,,,,,,,,,reliability_bin,7,707,48,0.0442408922865,0.0441658645868,0.044590100646,0.0236516112496,0.100014146272
later,2018-01,2018-01,,xgboost,DPS,,full,calibrated,calibrated,,,,f33bb420e427da45e831191b3cba099d0cf9d8baa1848508a2fcb8a13e9e1a1c,,,,0.0636492220651,,,,,,,,,,,,ee393306bea41ea6bceb8fcfabd7cbb43b7db39a083d42187f0a69ab3a3539a6,xgboost,DPS,,,,,,,,,,,,,,,,,,,,,,,,,,,,,,,,,,,,,,,,,,,,,,,,reliability_bin,8,707,45,0.0448100466539,0.044590100646,0.0448759570718,0.0188391754111,0.100014146272
later,2018-01,2018-01,,xgboost,DPS,,full,calibrated,calibrated,,,,f33bb420e427da45e831191b3cba099d0cf9d8baa1848508a2fcb8a13e9e1a1c,,,,0.0862800565771,,,,,,,,,,,,ee393306bea41ea6bceb8fcfabd7cbb43b7db39a083d42187f0a69ab3a3539a6,xgboost,DPS,,,,,,,,,,,,,,,,,,,,,,,,,,,,,,,,,,,,,,,,,,,,,,,,reliability_bin,9,707,61,0.0455814370098,0.0448759570718,0.0462781041861,0.0406986195673,0.100014146272
later,2018-01,2018-01,,xgboost,DPS,,full,calibrated,calibrated,,,,f33bb420e427da45e831191b3cba099d0cf9d8baa1848508a2fcb8a13e9e1a1c,,,,0.0623229461756,,,,,,,,,,,,ee393306bea41ea6bceb8fcfabd7cbb43b7db39a083d42187f0a69ab3a3539a6,xgboost,DPS,,,,,,,,,,,,,,,,,,,,,,,,,,,,,,,,,,,,,,,,,,,,,,,,reliability_bin,10,706,44,0.0478722285585,0.0462781041861,0.0569894686341,0.0144507176172,0.0998726835479
later,2018-01,2018-01,,xgboost,DPS,,full,raw,raw,,,,f33bb420e427da45e831191b3cba099d0cf9d8baa1848508a2fcb8a13e9e1a1c,,,,0.0594059405941,,,,,,,,,,,,ee393306bea41ea6bceb8fcfabd7cbb43b7db39a083d42187f0a69ab3a3539a6,xgboost,DPS,,,,,,,,,,,,,,,,,,,,,,,,,,,,,,,,,,,,,,,,,,,,,,,,reliability_bin,1,707,42,0.0416803397238,0.0416803397238,0.0416803397238,0.0177256008702,0.100014146272
later,2018-01,2018-01,,xgboost,DPS,,full,raw,raw,,,,f33bb420e427da45e831191b3cba099d0cf9d8baa1848508a2fcb8a13e9e1a1c,,,,0.0650636492221,,,,,,,,,,,,ee393306bea41ea6bceb8fcfabd7cbb43b7db39a083d42187f0a69ab3a3539a6,xgboost,DPS,,,,,,,,,,,,,,,,,,,,,,,,,,,,,,,,,,,,,,,,,,,,,,,,reliability_bin,2,707,46,0.0421544221115,0.0416803397238,0.0426461584866,0.0229092271105,0.100014146272
later,2018-01,2018-01,,xgboost,DPS,,full,raw,raw,,,,f33bb420e427da45e831191b3cba099d0cf9d8baa1848508a2fcb8a13e9e1a1c,,,,0.041018387553,,,,,,,,,,,,ee393306bea41ea6bceb8fcfabd7cbb43b7db39a083d42187f0a69ab3a3539a6,xgboost,DPS,,,,,,,,,,,,,,,,,,,,,,,,,,,,,,,,,,,,,,,,,,,,,,,,reliability_bin,3,707,29,0.042811784751,0.0426461584866,0.0430153794587,0.00179339719797,0.100014146272
later,2018-01,2018-01,,xgboost,DPS,,full,raw,raw,,,,f33bb420e427da45e831191b3cba099d0cf9d8baa1848508a2fcb8a13e9e1a1c,,,,0.032531824611,,,,,,,,,,,,ee393306bea41ea6bceb8fcfabd7cbb43b7db39a083d42187f0a69ab3a3539a6,xgboost,DPS,,,,,,,,,,,,,,,,,,,,,,,,,,,,,,,,,,,,,,,,,,,,,,,,reliability_bin,4,707,23,0.0430153794587,0.0430153794587,0.0430153794587,0.0104835548476,0.100014146272
later,2018-01,2018-01,,xgboost,DPS,,full,raw,raw,,,,f33bb420e427da45e831191b3cba099d0cf9d8baa1848508a2fcb8a13e9e1a1c,,,,0.048090523338,,,,,,,,,,,,ee393306bea41ea6bceb8fcfabd7cbb43b7db39a083d42187f0a69ab3a3539a6,xgboost,DPS,,,,,,,,,,,,,,,,,,,,,,,,,,,,,,,,,,,,,,,,,,,,,,,,reliability_bin,5,707,34,0.0430153794587,0.0430153794587,0.0430153794587,0.00507514387938,0.100014146272
later,2018-01,2018-01,,xgboost,DPS,,full,raw,raw,,,,f33bb420e427da45e831191b3cba099d0cf9d8baa1848508a2fcb8a13e9e1a1c,,,,0.043847241867,,,,,,,,,,,,ee393306bea41ea6bceb8fcfabd7cbb43b7db39a083d42187f0a69ab3a3539a6,xgboost,DPS,,,,,,,,,,,,,,,,,,,,,,,,,,,,,,,,,,,,,,,,,,,,,,,,reliability_bin,6,707,31,0.0438497685781,0.0430153794587,0.0441658645868,2.52671107713e-06,0.100014146272
later,2018-01,2018-01,,xgboost,DPS,,full,raw,raw,,,,f33bb420e427da45e831191b3cba099d0cf9d8baa1848508a2fcb8a13e9e1a1c,,,,0.0678925035361,,,,,,,,,,,,ee393306bea41ea6bceb8fcfabd7cbb43b7db39a083d42187f0a69ab3a3539a6,xgboost,DPS,,,,,,,,,,,,,,,,,,,,,,,,,,,,,,,,,,,,,,,,,,,,,,,,reliability_bin,7,707,48,0.0442408922865,0.0441658645868,0.044590100646,0.0236516112496,0.100014146272
later,2018-01,2018-01,,xgboost,DPS,,full,raw,raw,,,,f33bb420e427da45e831191b3cba099d0cf9d8baa1848508a2fcb8a13e9e1a1c,,,,0.0636492220651,,,,,,,,,,,,ee393306bea41ea6bceb8fcfabd7cbb43b7db39a083d42187f0a69ab3a3539a6,xgboost,DPS,,,,,,,,,,,,,,,,,,,,,,,,,,,,,,,,,,,,,,,,,,,,,,,,reliability_bin,8,707,45,0.0448100466539,0.044590100646,0.0448759570718,0.0188391754111,0.100014146272
later,2018-01,2018-01,,xgboost,DPS,,full,raw,raw,,,,f33bb420e427da45e831191b3cba099d0cf9d8baa1848508a2fcb8a13e9e1a1c,,,,0.0862800565771,,,,,,,,,,,,ee393306bea41ea6bceb8fcfabd7cbb43b7db39a083d42187f0a69ab3a3539a6,xgboost,DPS,,,,,,,,,,,,,,,,,,,,,,,,,,,,,,,,,,,,,,,,,,,,,,,,reliability_bin,9,707,61,0.0455814370098,0.0448759570718,0.0462781041861,0.0406986195673,0.100014146272
later,2018-01,2018-01,,xgboost,DPS,,full,raw,raw,,,,f33bb420e427da45e831191b3cba099d0cf9d8baa1848508a2fcb8a13e9e1a1c,,,,0.0623229461756,,,,,,,,,,,,ee393306bea41ea6bceb8fcfabd7cbb43b7db39a083d42187f0a69ab3a3539a6,xgboost,DPS,,,,,,,,,,,,,,,,,,,,,,,,,,,,,,,,,,,,,,,,,,,,,,,,reliability_bin,10,706,44,0.0478722285585,0.0462781041861,0.0569894686341,0.0144507176172,0.0998726835479
later,2018-02,2018-02,,logistic_l2,DP0,,full,calibrated,calibrated,,,,a8cb8604f0f776858c5ecab45050abee97323f894e0032a566c1ebbfb1d8035c,,,,0.0762195121951,,,,,,,,,,,,02786257f3541e7684cbb92ee3533cd5479cfac0aa39a1f4199a4465c8ee2f98,logistic_l2,DP0,,,,,,,,,,,,,,,,,,,,,,,,,,,,,,,,,,,,,,,,,,,,,,,,reliability_bin,1,656,50,0.0475549941652,0.0234645226771,0.0489325913749,0.0286645180299,0.100076277651
later,2018-02,2018-02,,logistic_l2,DP0,,full,calibrated,calibrated,,,,a8cb8604f0f776858c5ecab45050abee97323f894e0032a566c1ebbfb1d8035c,,,,0.114503816794,,,,,,,,,,,,02786257f3541e7684cbb92ee3533cd5479cfac0aa39a1f4199a4465c8ee2f98,logistic_l2,DP0,,,,,,,,,,,,,,,,,,,,,,,,,,,,,,,,,,,,,,,,,,,,,,,,reliability_bin,2,655,75,0.0494835572111,0.0489343973387,0.0499502111685,0.0650202595828,0.0999237223494
later,2018-02,2018-02,,logistic_l2,DP0,,full,calibrated,calibrated,,,,a8cb8604f0f776858c5ecab45050abee97323f894e0032a566c1ebbfb1d8035c,,,,0.131097560976,,,,,,,,,,,,02786257f3541e7684cbb92ee3533cd5479cfac0aa39a1f4199a4465c8ee2f98,logistic_l2,DP0,,,,,,,,,,,,,,,,,,,,,,,,,,,,,,,,,,,,,,,,,,,,,,,,reliability_bin,3,656,86,0.0502542879527,0.0499509915939,0.0505501183465,0.0808432730229,0.100076277651
later,2018-02,2018-02,,logistic_l2,DP0,,full,calibrated,calibrated,,,,a8cb8604f0f776858c5ecab45050abee97323f894e0032a566c1ebbfb1d8035c,,,,0.16641221374,,,,,,,,,,,,02786257f3541e7684cbb92ee3533cd5479cfac0aa39a1f4199a4465c8ee2f98,logistic_l2,DP0,,,,,,,,,,,,,,,,,,,,,,,,,,,,,,,,,,,,,,,,,,,,,,,,reliability_bin,4,655,109,0.0507953231182,0.0505511499774,0.0511010878276,0.115616890622,0.0999237223494
later,2018-02,2018-02,,logistic_l2,DP0,,full,calibrated,calibrated,,,,a8cb8604f0f776858c5ecab45050abee97323f894e0032a566c1ebbfb1d8035c,,,,0.170731707317,,,,,,,,,,,,02786257f3541e7684cbb92ee3533cd5479cfac0aa39a1f4199a4465c8ee2f98,logistic_l2,DP0,,,,,,,,,,,,,,,,,,,,,,,,,,,,,,,,,,,,,,,,,,,,,,,,reliability_bin,5,656,112,0.0513008610686,0.0511036585632,0.0515187797079,0.119430846248,0.100076277651
later,2018-02,2018-02,,logistic_l2,DP0,,full,calibrated,calibrated,,,,a8cb8604f0f776858c5ecab45050abee97323f894e0032a566c1ebbfb1d8035c,,,,0.161832061069,,,,,,,,,,,,02786257f3541e7684cbb92ee3533cd5479cfac0aa39a1f4199a4465c8ee2f98,logistic_l2,DP0,,,,,,,,,,,,,,,,,,,,,,,,,,,,,,,,,,,,,,,,,,,,,,,,reliability_bin,6,655,106,0.0517487808906,0.0515195974101,0.0520274798876,0.110083280178,0.0999237223494
later,2018-02,2018-02,,logistic_l2,DP0,,full,calibrated,calibrated,,,,a8cb8604f0f776858c5ecab45050abee97323f894e0032a566c1ebbfb1d8035c,,,,0.211890243902,,,,,,,,,,,,02786257f3541e7684cbb92ee3533cd5479cfac0aa39a1f4199a4465c8ee2f98,logistic_l2,DP0,,,,,,,,,,,,,,,,,,,,,,,,,,,,,,,,,,,,,,,,,,,,,,,,reliability_bin,7,656,139,0.0522694898757,0.0520281131164,0.0524854237432,0.159620754027,0.100076277651
later,2018-02,2018-02,,logistic_l2,DP0,,full,calibrated,calibrated,,,,a8cb8604f0f776858c5ecab45050abee97323f894e0032a566c1ebbfb1d8035c,,,,0.207633587786,,,,,,,,,,,,02786257f3541e7684cbb92ee3533cd5479cfac0aa39a1f4199a4465c8ee2f98,logistic_l2,DP0,,,,,,,,,,,,,,,,,,,,,,,,,,,,,,,,,,,,,,,,,,,,,,,,reliability_bin,8,655,136,0.0528092209219,0.0524873858798,0.0530702219834,0.154824366864,0.0999237223494
later,2018-02,2018-02,,logistic_l2,DP0,,full,calibrated,calibrated,,,,a8cb8604f0f776858c5ecab45050abee97323f894e0032a566c1ebbfb1d8035c,,,,0.128048780488,,,,,,,,,,,,02786257f3541e7684cbb92ee3533cd5479cfac0aa39a1f4199a4465c8ee2f98,logistic_l2,DP0,,,,,,,,,,,,,,,,,,,,,,,,,,,,,,,,,,,,,,,,,,,,,,,,reliability_bin,9,656,84,0.0536848342787,0.0530710339337,0.0543503056971,0.0743639462091,0.100076277651
later,2018-02,2018-02,,logistic_l2,DP0,,full,calibrated,calibrated,,,,a8cb8604f0f776858c5ecab45050abee97323f894e0032a566c1ebbfb1d8035c,,,,0.0442748091603,,,,,,,,,,,,02786257f3541e7684cbb92ee3533cd5479cfac0aa39a1f4199a4465c8ee2f98,logistic_l2,DP0,,,,,,,,,,,,,,,,,,,,,,,,,,,,,,,,,,,,,,,,,,,,,,,,reliability_bin,10,655,29,0.0548940999312,0.0543505503705,0.0570007916788,0.0106192907709,0.0999237223494
later,2018-02,2018-02,,logistic_l2,DP0,,full,raw,raw,,,,a8cb8604f0f776858c5ecab45050abee97323f894e0032a566c1ebbfb1d8035c,,,,0.0762195121951,,,,,,,,,,,,02786257f3541e7684cbb92ee3533cd5479cfac0aa39a1f4199a4465c8ee2f98,logistic_l2,DP0,,,,,,,,,,,,,,,,,,,,,,,,,,,,,,,,,,,,,,,,,,,,,,,,reliability_bin,1,656,50,0.0475549941652,0.0234645226771,0.0489325913749,0.0286645180299,0.100076277651
later,2018-02,2018-02,,logistic_l2,DP0,,full,raw,raw,,,,a8cb8604f0f776858c5ecab45050abee97323f894e0032a566c1ebbfb1d8035c,,,,0.114503816794,,,,,,,,,,,,02786257f3541e7684cbb92ee3533cd5479cfac0aa39a1f4199a4465c8ee2f98,logistic_l2,DP0,,,,,,,,,,,,,,,,,,,,,,,,,,,,,,,,,,,,,,,,,,,,,,,,reliability_bin,2,655,75,0.0494835572111,0.0489343973387,0.0499502111685,0.0650202595828,0.0999237223494
later,2018-02,2018-02,,logistic_l2,DP0,,full,raw,raw,,,,a8cb8604f0f776858c5ecab45050abee97323f894e0032a566c1ebbfb1d8035c,,,,0.131097560976,,,,,,,,,,,,02786257f3541e7684cbb92ee3533cd5479cfac0aa39a1f4199a4465c8ee2f98,logistic_l2,DP0,,,,,,,,,,,,,,,,,,,,,,,,,,,,,,,,,,,,,,,,,,,,,,,,reliability_bin,3,656,86,0.0502542879527,0.0499509915939,0.0505501183465,0.0808432730229,0.100076277651
later,2018-02,2018-02,,logistic_l2,DP0,,full,raw,raw,,,,a8cb8604f0f776858c5ecab45050abee97323f894e0032a566c1ebbfb1d8035c,,,,0.16641221374,,,,,,,,,,,,02786257f3541e7684cbb92ee3533cd5479cfac0aa39a1f4199a4465c8ee2f98,logistic_l2,DP0,,,,,,,,,,,,,,,,,,,,,,,,,,,,,,,,,,,,,,,,,,,,,,,,reliability_bin,4,655,109,0.0507953231182,0.0505511499774,0.0511010878276,0.115616890622,0.0999237223494
later,2018-02,2018-02,,logistic_l2,DP0,,full,raw,raw,,,,a8cb8604f0f776858c5ecab45050abee97323f894e0032a566c1ebbfb1d8035c,,,,0.170731707317,,,,,,,,,,,,02786257f3541e7684cbb92ee3533cd5479cfac0aa39a1f4199a4465c8ee2f98,logistic_l2,DP0,,,,,,,,,,,,,,,,,,,,,,,,,,,,,,,,,,,,,,,,,,,,,,,,reliability_bin,5,656,112,0.0513008610686,0.0511036585632,0.0515187797079,0.119430846248,0.100076277651
later,2018-02,2018-02,,logistic_l2,DP0,,full,raw,raw,,,,a8cb8604f0f776858c5ecab45050abee97323f894e0032a566c1ebbfb1d8035c,,,,0.161832061069,,,,,,,,,,,,02786257f3541e7684cbb92ee3533cd5479cfac0aa39a1f4199a4465c8ee2f98,logistic_l2,DP0,,,,,,,,,,,,,,,,,,,,,,,,,,,,,,,,,,,,,,,,,,,,,,,,reliability_bin,6,655,106,0.0517487808906,0.0515195974101,0.0520274798876,0.110083280178,0.0999237223494
later,2018-02,2018-02,,logistic_l2,DP0,,full,raw,raw,,,,a8cb8604f0f776858c5ecab45050abee97323f894e0032a566c1ebbfb1d8035c,,,,0.211890243902,,,,,,,,,,,,02786257f3541e7684cbb92ee3533cd5479cfac0aa39a1f4199a4465c8ee2f98,logistic_l2,DP0,,,,,,,,,,,,,,,,,,,,,,,,,,,,,,,,,,,,,,,,,,,,,,,,reliability_bin,7,656,139,0.0522694898757,0.0520281131164,0.0524854237432,0.159620754027,0.100076277651
later,2018-02,2018-02,,logistic_l2,DP0,,full,raw,raw,,,,a8cb8604f0f776858c5ecab45050abee97323f894e0032a566c1ebbfb1d8035c,,,,0.207633587786,,,,,,,,,,,,02786257f3541e7684cbb92ee3533cd5479cfac0aa39a1f4199a4465c8ee2f98,logistic_l2,DP0,,,,,,,,,,,,,,,,,,,,,,,,,,,,,,,,,,,,,,,,,,,,,,,,reliability_bin,8,655,136,0.0528092209219,0.0524873858798,0.0530702219834,0.154824366864,0.0999237223494
later,2018-02,2018-02,,logistic_l2,DP0,,full,raw,raw,,,,a8cb8604f0f776858c5ecab45050abee97323f894e0032a566c1ebbfb1d8035c,,,,0.128048780488,,,,,,,,,,,,02786257f3541e7684cbb92ee3533cd5479cfac0aa39a1f4199a4465c8ee2f98,logistic_l2,DP0,,,,,,,,,,,,,,,,,,,,,,,,,,,,,,,,,,,,,,,,,,,,,,,,reliability_bin,9,656,84,0.0536848342787,0.0530710339337,0.0543503056971,0.0743639462091,0.100076277651
later,2018-02,2018-02,,logistic_l2,DP0,,full,raw,raw,,,,a8cb8604f0f776858c5ecab45050abee97323f894e0032a566c1ebbfb1d8035c,,,,0.0442748091603,,,,,,,,,,,,02786257f3541e7684cbb92ee3533cd5479cfac0aa39a1f4199a4465c8ee2f98,logistic_l2,DP0,,,,,,,,,,,,,,,,,,,,,,,,,,,,,,,,,,,,,,,,,,,,,,,,reliability_bin,10,655,29,0.0548940999312,0.0543505503705,0.0570007916788,0.0106192907709,0.0999237223494
later,2018-02,2018-02,,logistic_l2,DPB,,full,calibrated,calibrated,,,,9443d164e5e393404315e15625287839412c845d51a1635fc89d6beaea79c1a3,,,,0.0426829268293,,,,,,,,,,,,02786257f3541e7684cbb92ee3533cd5479cfac0aa39a1f4199a4465c8ee2f98,logistic_l2,DPB,,,,,,,,,,,,,,,,,,,,,,,,,,,,,,,,,,,,,,,,,,,,,,,,reliability_bin,1,656,28,0.0186053419719,2.90940089605e-06,0.0272156493451,0.0240775848574,0.100076277651
later,2018-02,2018-02,,logistic_l2,DPB,,full,calibrated,calibrated,,,,9443d164e5e393404315e15625287839412c845d51a1635fc89d6beaea79c1a3,,,,0.0732824427481,,,,,,,,,,,,02786257f3541e7684cbb92ee3533cd5479cfac0aa39a1f4199a4465c8ee2f98,logistic_l2,DPB,,,,,,,,,,,,,,,,,,,,,,,,,,,,,,,,,,,,,,,,,,,,,,,,reliability_bin,2,655,48,0.0326610571472,0.0272251043287,0.0376641313449,0.0406213856009,0.0999237223494
later,2018-02,2018-02,,logistic_l2,DPB,,full,calibrated,calibrated,,,,9443d164e5e393404315e15625287839412c845d51a1635fc89d6beaea79c1a3,,,,0.0868902439024,,,,,,,,,,,,02786257f3541e7684cbb92ee3533cd5479cfac0aa39a1f4199a4465c8ee2f98,logistic_l2,DPB,,,,,,,,,,,,,,,,,,,,,,,,,,,,,,,,,,,,,,,,,,,,,,,,reliability_bin,3,656,57,0.0424490131506,0.0376972121358,0.0466032594804,0.0444412307519,0.100076277651
later,2018-02,2018-02,,logistic_l2,DPB,,full,calibrated,calibrated,,,,9443d164e5e393404315e15625287839412c845d51a1635fc89d6beaea79c1a3,,,,0.0580152671756,,,,,,,,,,,,02786257f3541e7684cbb92ee3533cd5479cfac0aa39a1f4199a4465c8ee2f98,logistic_l2,DPB,,,,,,,,,,,,,,,,,,,,,,,,,,,,,,,,,,,,,,,,,,,,,,,,reliability_bin,4,655,38,0.050721165132,0.0466419204399,0.0550394902625,0.0072941020436,0.0999237223494
later,2018-02,2018-02,,logistic_l2,DPB,,full,calibrated,calibrated,,,,9443d164e5e393404315e15625287839412c845d51a1635fc89d6beaea79c1a3,,,,0.0716463414634,,,,,,,,,,,,02786257f3541e7684cbb92ee3533cd5479cfac0aa39a1f4199a4465c8ee2f98,logistic_l2,DPB,,,,,,,,,,,,,,,,,,,,,,,,,,,,,,,,,,,,,,,,,,,,,,,,reliability_bin,5,656,47,0.0594829976987,0.0550401366637,0.0645115961601,0.0121633437647,0.100076277651
later,2018-02,2018-02,,logistic_l2,DPB,,full,calibrated,calibrated,,,,9443d164e5e393404315e15625287839412c845d51a1635fc89d6beaea79c1a3,,,,0.0885496183206,,,,,,,,,,,,02786257f3541e7684cbb92ee3533cd5479cfac0aa39a1f4199a4465c8ee2f98,logistic_l2,DPB,,,,,,,,,,,,,,,,,,,,,,,,,,,,,,,,,,,,,,,,,,,,,,,,reliability_bin,6,655,58,0.0705803330731,0.0645182032564,0.0769457906992,0.0179692852476,0.0999237223494
later,2018-02,2018-02,,logistic_l2,DPB,,full,calibrated,calibrated,,,,9443d164e5e393404315e15625287839412c845d51a1635fc89d6beaea79c1a3,,,,0.150914634146,,,,,,,,,,,,02786257f3541e7684cbb92ee3533cd5479cfac0aa39a1f4199a4465c8ee2f98,logistic_l2,DPB,,,,,,,,,,,,,,,,,,,,,,,,,,,,,,,,,,,,,,,,,,,,,,,,reliability_bin,7,656,99,0.0845234237577,0.0769608243961,0.0923566361208,0.0663912103887,0.100076277651
later,2018-02,2018-02,,logistic_l2,DPB,,full,calibrated,calibrated,,,,9443d164e5e393404315e15625287839412c845d51a1635fc89d6beaea79c1a3,,,,0.184732824427,,,,,,,,,,,,02786257f3541e7684cbb92ee3533cd5479cfac0aa39a1f4199a4465c8ee2f98,logistic_l2,DPB,,,,,,,,,,,,,,,,,,,,,,,,,,,,,,,,,,,,,,,,,,,,,,,,reliability_bin,8,655,121,0.10274835931,0.0923584286624,0.115352135562,0.0819844651173,0.0999237223494
later,2018-02,2018-02,,logistic_l2,DPB,,full,calibrated,calibrated,,,,9443d164e5e393404315e15625287839412c845d51a1635fc89d6beaea79c1a3,,,,0.233231707317,,,,,,,,,,,,02786257f3541e7684cbb92ee3533cd5479cfac0aa39a1f4199a4465c8ee2f98,logistic_l2,DPB,,,,,,,,,,,,,,,,,,,,,,,,,,,,,,,,,,,,,,,,,,,,,,,,reliability_bin,9,656,153,0.133252043617,0.115428460555,0.156916357348,0.0999796637004,0.100076277651
later,2018-02,2018-02,,logistic_l2,DPB,,full,calibrated,calibrated,,,,9443d164e5e393404315e15625287839412c845d51a1635fc89d6beaea79c1a3,,,,0.422900763359,,,,,,,,,,,,02786257f3541e7684cbb92ee3533cd5479cfac0aa39a1f4199a4465c8ee2f98,logistic_l2,DPB,,,,,,,,,,,,,,,,,,,,,,,,,,,,,,,,,,,,,,,,,,,,,,,,reliability_bin,10,655,277,0.211708165093,0.156975245665,0.622820006966,0.211192598266,0.0999237223494
later,2018-02,2018-02,,logistic_l2,DPB,,full,raw,raw,,,,9443d164e5e393404315e15625287839412c845d51a1635fc89d6beaea79c1a3,,,,0.0426829268293,,,,,,,,,,,,02786257f3541e7684cbb92ee3533cd5479cfac0aa39a1f4199a4465c8ee2f98,logistic_l2,DPB,,,,,,,,,,,,,,,,,,,,,,,,,,,,,,,,,,,,,,,,,,,,,,,,reliability_bin,1,656,28,0.0186053419719,2.90940089605e-06,0.0272156493451,0.0240775848574,0.100076277651
later,2018-02,2018-02,,logistic_l2,DPB,,full,raw,raw,,,,9443d164e5e393404315e15625287839412c845d51a1635fc89d6beaea79c1a3,,,,0.0732824427481,,,,,,,,,,,,02786257f3541e7684cbb92ee3533cd5479cfac0aa39a1f4199a4465c8ee2f98,logistic_l2,DPB,,,,,,,,,,,,,,,,,,,,,,,,,,,,,,,,,,,,,,,,,,,,,,,,reliability_bin,2,655,48,0.0326610571472,0.0272251043287,0.0376641313449,0.0406213856009,0.0999237223494
later,2018-02,2018-02,,logistic_l2,DPB,,full,raw,raw,,,,9443d164e5e393404315e15625287839412c845d51a1635fc89d6beaea79c1a3,,,,0.0868902439024,,,,,,,,,,,,02786257f3541e7684cbb92ee3533cd5479cfac0aa39a1f4199a4465c8ee2f98,logistic_l2,DPB,,,,,,,,,,,,,,,,,,,,,,,,,,,,,,,,,,,,,,,,,,,,,,,,reliability_bin,3,656,57,0.0424490131506,0.0376972121358,0.0466032594804,0.0444412307519,0.100076277651
later,2018-02,2018-02,,logistic_l2,DPB,,full,raw,raw,,,,9443d164e5e393404315e15625287839412c845d51a1635fc89d6beaea79c1a3,,,,0.0580152671756,,,,,,,,,,,,02786257f3541e7684cbb92ee3533cd5479cfac0aa39a1f4199a4465c8ee2f98,logistic_l2,DPB,,,,,,,,,,,,,,,,,,,,,,,,,,,,,,,,,,,,,,,,,,,,,,,,reliability_bin,4,655,38,0.050721165132,0.0466419204399,0.0550394902625,0.0072941020436,0.0999237223494
later,2018-02,2018-02,,logistic_l2,DPB,,full,raw,raw,,,,9443d164e5e393404315e15625287839412c845d51a1635fc89d6beaea79c1a3,,,,0.0716463414634,,,,,,,,,,,,02786257f3541e7684cbb92ee3533cd5479cfac0aa39a1f4199a4465c8ee2f98,logistic_l2,DPB,,,,,,,,,,,,,,,,,,,,,,,,,,,,,,,,,,,,,,,,,,,,,,,,reliability_bin,5,656,47,0.0594829976987,0.0550401366637,0.0645115961601,0.0121633437647,0.100076277651
later,2018-02,2018-02,,logistic_l2,DPB,,full,raw,raw,,,,9443d164e5e393404315e15625287839412c845d51a1635fc89d6beaea79c1a3,,,,0.0885496183206,,,,,,,,,,,,02786257f3541e7684cbb92ee3533cd5479cfac0aa39a1f4199a4465c8ee2f98,logistic_l2,DPB,,,,,,,,,,,,,,,,,,,,,,,,,,,,,,,,,,,,,,,,,,,,,,,,reliability_bin,6,655,58,0.0705803330731,0.0645182032564,0.0769457906992,0.0179692852476,0.0999237223494
later,2018-02,2018-02,,logistic_l2,DPB,,full,raw,raw,,,,9443d164e5e393404315e15625287839412c845d51a1635fc89d6beaea79c1a3,,,,0.150914634146,,,,,,,,,,,,02786257f3541e7684cbb92ee3533cd5479cfac0aa39a1f4199a4465c8ee2f98,logistic_l2,DPB,,,,,,,,,,,,,,,,,,,,,,,,,,,,,,,,,,,,,,,,,,,,,,,,reliability_bin,7,656,99,0.0845234237577,0.0769608243961,0.0923566361208,0.0663912103887,0.100076277651
later,2018-02,2018-02,,logistic_l2,DPB,,full,raw,raw,,,,9443d164e5e393404315e15625287839412c845d51a1635fc89d6beaea79c1a3,,,,0.184732824427,,,,,,,,,,,,02786257f3541e7684cbb92ee3533cd5479cfac0aa39a1f4199a4465c8ee2f98,logistic_l2,DPB,,,,,,,,,,,,,,,,,,,,,,,,,,,,,,,,,,,,,,,,,,,,,,,,reliability_bin,8,655,121,0.10274835931,0.0923584286624,0.115352135562,0.0819844651173,0.0999237223494
later,2018-02,2018-02,,logistic_l2,DPB,,full,raw,raw,,,,9443d164e5e393404315e15625287839412c845d51a1635fc89d6beaea79c1a3,,,,0.233231707317,,,,,,,,,,,,02786257f3541e7684cbb92ee3533cd5479cfac0aa39a1f4199a4465c8ee2f98,logistic_l2,DPB,,,,,,,,,,,,,,,,,,,,,,,,,,,,,,,,,,,,,,,,,,,,,,,,reliability_bin,9,656,153,0.133252043617,0.115428460555,0.156916357348,0.0999796637004,0.100076277651
later,2018-02,2018-02,,logistic_l2,DPB,,full,raw,raw,,,,9443d164e5e393404315e15625287839412c845d51a1635fc89d6beaea79c1a3,,,,0.422900763359,,,,,,,,,,,,02786257f3541e7684cbb92ee3533cd5479cfac0aa39a1f4199a4465c8ee2f98,logistic_l2,DPB,,,,,,,,,,,,,,,,,,,,,,,,,,,,,,,,,,,,,,,,,,,,,,,,reliability_bin,10,655,277,0.211708165093,0.156975245665,0.622820006966,0.211192598266,0.0999237223494
later,2018-02,2018-02,,logistic_l2,DPG,,full,calibrated,calibrated,,,,e4d3eea2aa85bb97789ac237a611c126c1bd820e4fe37ef2e90f640e27c6c8a7,,,,0.032012195122,,,,,,,,,,,,02786257f3541e7684cbb92ee3533cd5479cfac0aa39a1f4199a4465c8ee2f98,logistic_l2,DPG,,,,,,,,,,,,,,,,,,,,,,,,,,,,,,,,,,,,,,,,,,,,,,,,reliability_bin,1,656,21,0.0204639236257,1.47649127431e-05,0.0293331085851,0.0115482714962,0.100076277651
later,2018-02,2018-02,,logistic_l2,DPG,,full,calibrated,calibrated,,,,e4d3eea2aa85bb97789ac237a611c126c1bd820e4fe37ef2e90f640e27c6c8a7,,,,0.0763358778626,,,,,,,,,,,,02786257f3541e7684cbb92ee3533cd5479cfac0aa39a1f4199a4465c8ee2f98,logistic_l2,DPG,,,,,,,,,,,,,,,,,,,,,,,,,,,,,,,,,,,,,,,,,,,,,,,,reliability_bin,2,655,50,0.0345402610154,0.0293349897249,0.0397820328339,0.0417956168472,0.0999237223494
later,2018-02,2018-02,,logistic_l2,DPG,,full,calibrated,calibrated,,,,e4d3eea2aa85bb97789ac237a611c126c1bd820e4fe37ef2e90f640e27c6c8a7,,,,0.125,,,,,,,,,,,,02786257f3541e7684cbb92ee3533cd5479cfac0aa39a1f4199a4465c8ee2f98,logistic_l2,DPG,,,,,,,,,,,,,,,,,,,,,,,,,,,,,,,,,,,,,,,,,,,,,,,,reliability_bin,3,656,82,0.0435306415308,0.0397998594396,0.0478878974327,0.0814693584692,0.100076277651
later,2018-02,2018-02,,logistic_l2,DPG,,full,calibrated,calibrated,,,,e4d3eea2aa85bb97789ac237a611c126c1bd820e4fe37ef2e90f640e27c6c8a7,,,,0.0396946564885,,,,,,,,,,,,02786257f3541e7684cbb92ee3533cd5479cfac0aa39a1f4199a4465c8ee2f98,logistic_l2,DPG,,,,,,,,,,,,,,,,,,,,,,,,,,,,,,,,,,,,,,,,,,,,,,,,reliability_bin,4,655,26,0.0521326103409,0.0478916640065,0.0561100360473,0.0124379538524,0.0999237223494
later,2018-02,2018-02,,logistic_l2,DPG,,full,calibrated,calibrated,,,,e4d3eea2aa85bb97789ac237a611c126c1bd820e4fe37ef2e90f640e27c6c8a7,,,,0.0640243902439,,,,,,,,,,,,02786257f3541e7684cbb92ee3533cd5479cfac0aa39a1f4199a4465c8ee2f98,logistic_l2,DPG,,,,,,,,,,,,,,,,,,,,,,,,,,,,,,,,,,,,,,,,,,,,,,,,reliability_bin,5,656,42,0.0592012536539,0.0561166433367,0.0616737120609,0.00482313659005,0.100076277651
later,2018-02,2018-02,,logistic_l2,DPG,,full,calibrated,calibrated,,,,e4d3eea2aa85bb97789ac237a611c126c1bd820e4fe37ef2e90f640e27c6c8a7,,,,0.0870229007634,,,,,,,,,,,,02786257f3541e7684cbb92ee3533cd5479cfac0aa39a1f4199a4465c8ee2f98,logistic_l2,DPG,,,,,,,,,,,,,,,,,,,,,,,,,,,,,,,,,,,,,,,,,,,,,,,,reliability_bin,6,655,57,0.0675105399022,0.0617083640947,0.0738705922685,0.0195123608611,0.0999237223494
later,2018-02,2018-02,,logistic_l2,DPG,,full,calibrated,calibrated,,,,e4d3eea2aa85bb97789ac237a611c126c1bd820e4fe37ef2e90f640e27c6c8a7,,,,0.147865853659,,,,,,,,,,,,02786257f3541e7684cbb92ee3533cd5479cfac0aa39a1f4199a4465c8ee2f98,logistic_l2,DPG,,,,,,,,,,,,,,,,,,,,,,,,,,,,,,,,,,,,,,,,,,,,,,,,reliability_bin,7,656,97,0.0806779532859,0.0738742596786,0.0875496241001,0.0671879003726,0.100076277651
later,2018-02,2018-02,,logistic_l2,DPG,,full,calibrated,calibrated,,,,e4d3eea2aa85bb97789ac237a611c126c1bd820e4fe37ef2e90f640e27c6c8a7,,,,0.187786259542,,,,,,,,,,,,02786257f3541e7684cbb92ee3533cd5479cfac0aa39a1f4199a4465c8ee2f98,logistic_l2,DPG,,,,,,,,,,,,,,,,,,,,,,,,,,,,,,,,,,,,,,,,,,,,,,,,reliability_bin,8,655,123,0.0955362107461,0.087585732282,0.104854603052,0.0922500487959,0.0999237223494
later,2018-02,2018-02,,logistic_l2,DPG,,full,calibrated,calibrated,,,,e4d3eea2aa85bb97789ac237a611c126c1bd820e4fe37ef2e90f640e27c6c8a7,,,,0.216463414634,,,,,,,,,,,,02786257f3541e7684cbb92ee3533cd5479cfac0aa39a1f4199a4465c8ee2f98,logistic_l2,DPG,,,,,,,,,,,,,,,,,,,,,,,,,,,,,,,,,,,,,,,,,,,,,,,,reliability_bin,9,656,142,0.116136343235,0.104920752523,0.131018808903,0.100327071399,0.100076277651
later,2018-02,2018-02,,logistic_l2,DPG,,full,calibrated,calibrated,,,,e4d3eea2aa85bb97789ac237a611c126c1bd820e4fe37ef2e90f640e27c6c8a7,,,,0.436641221374,,,,,,,,,,,,02786257f3541e7684cbb92ee3533cd5479cfac0aa39a1f4199a4465c8ee2f98,logistic_l2,DPG,,,,,,,,,,,,,,,,,,,,,,,,,,,,,,,,,,,,,,,,,,,,,,,,reliability_bin,10,655,286,0.170931824567,0.131075292925,0.436542452635,0.265709396807,0.0999237223494
later,2018-02,2018-02,,logistic_l2,DPG,,full,raw,raw,,,,e4d3eea2aa85bb97789ac237a611c126c1bd820e4fe37ef2e90f640e27c6c8a7,,,,0.032012195122,,,,,,,,,,,,02786257f3541e7684cbb92ee3533cd5479cfac0aa39a1f4199a4465c8ee2f98,logistic_l2,DPG,,,,,,,,,,,,,,,,,,,,,,,,,,,,,,,,,,,,,,,,,,,,,,,,reliability_bin,1,656,21,0.0204639236257,1.47649127431e-05,0.0293331085851,0.0115482714962,0.100076277651
later,2018-02,2018-02,,logistic_l2,DPG,,full,raw,raw,,,,e4d3eea2aa85bb97789ac237a611c126c1bd820e4fe37ef2e90f640e27c6c8a7,,,,0.0763358778626,,,,,,,,,,,,02786257f3541e7684cbb92ee3533cd5479cfac0aa39a1f4199a4465c8ee2f98,logistic_l2,DPG,,,,,,,,,,,,,,,,,,,,,,,,,,,,,,,,,,,,,,,,,,,,,,,,reliability_bin,2,655,50,0.0345402610154,0.0293349897249,0.0397820328339,0.0417956168472,0.0999237223494
later,2018-02,2018-02,,logistic_l2,DPG,,full,raw,raw,,,,e4d3eea2aa85bb97789ac237a611c126c1bd820e4fe37ef2e90f640e27c6c8a7,,,,0.125,,,,,,,,,,,,02786257f3541e7684cbb92ee3533cd5479cfac0aa39a1f4199a4465c8ee2f98,logistic_l2,DPG,,,,,,,,,,,,,,,,,,,,,,,,,,,,,,,,,,,,,,,,,,,,,,,,reliability_bin,3,656,82,0.0435306415308,0.0397998594396,0.0478878974327,0.0814693584692,0.100076277651
later,2018-02,2018-02,,logistic_l2,DPG,,full,raw,raw,,,,e4d3eea2aa85bb97789ac237a611c126c1bd820e4fe37ef2e90f640e27c6c8a7,,,,0.0396946564885,,,,,,,,,,,,02786257f3541e7684cbb92ee3533cd5479cfac0aa39a1f4199a4465c8ee2f98,logistic_l2,DPG,,,,,,,,,,,,,,,,,,,,,,,,,,,,,,,,,,,,,,,,,,,,,,,,reliability_bin,4,655,26,0.0521326103409,0.0478916640065,0.0561100360473,0.0124379538524,0.0999237223494
later,2018-02,2018-02,,logistic_l2,DPG,,full,raw,raw,,,,e4d3eea2aa85bb97789ac237a611c126c1bd820e4fe37ef2e90f640e27c6c8a7,,,,0.0640243902439,,,,,,,,,,,,02786257f3541e7684cbb92ee3533cd5479cfac0aa39a1f4199a4465c8ee2f98,logistic_l2,DPG,,,,,,,,,,,,,,,,,,,,,,,,,,,,,,,,,,,,,,,,,,,,,,,,reliability_bin,5,656,42,0.0592012536539,0.0561166433367,0.0616737120609,0.00482313659005,0.100076277651
later,2018-02,2018-02,,logistic_l2,DPG,,full,raw,raw,,,,e4d3eea2aa85bb97789ac237a611c126c1bd820e4fe37ef2e90f640e27c6c8a7,,,,0.0870229007634,,,,,,,,,,,,02786257f3541e7684cbb92ee3533cd5479cfac0aa39a1f4199a4465c8ee2f98,logistic_l2,DPG,,,,,,,,,,,,,,,,,,,,,,,,,,,,,,,,,,,,,,,,,,,,,,,,reliability_bin,6,655,57,0.0675105399022,0.0617083640947,0.0738705922685,0.0195123608611,0.0999237223494
later,2018-02,2018-02,,logistic_l2,DPG,,full,raw,raw,,,,e4d3eea2aa85bb97789ac237a611c126c1bd820e4fe37ef2e90f640e27c6c8a7,,,,0.147865853659,,,,,,,,,,,,02786257f3541e7684cbb92ee3533cd5479cfac0aa39a1f4199a4465c8ee2f98,logistic_l2,DPG,,,,,,,,,,,,,,,,,,,,,,,,,,,,,,,,,,,,,,,,,,,,,,,,reliability_bin,7,656,97,0.0806779532859,0.0738742596786,0.0875496241001,0.0671879003726,0.100076277651
later,2018-02,2018-02,,logistic_l2,DPG,,full,raw,raw,,,,e4d3eea2aa85bb97789ac237a611c126c1bd820e4fe37ef2e90f640e27c6c8a7,,,,0.187786259542,,,,,,,,,,,,02786257f3541e7684cbb92ee3533cd5479cfac0aa39a1f4199a4465c8ee2f98,logistic_l2,DPG,,,,,,,,,,,,,,,,,,,,,,,,,,,,,,,,,,,,,,,,,,,,,,,,reliability_bin,8,655,123,0.0955362107461,0.087585732282,0.104854603052,0.0922500487959,0.0999237223494
later,2018-02,2018-02,,logistic_l2,DPG,,full,raw,raw,,,,e4d3eea2aa85bb97789ac237a611c126c1bd820e4fe37ef2e90f640e27c6c8a7,,,,0.216463414634,,,,,,,,,,,,02786257f3541e7684cbb92ee3533cd5479cfac0aa39a1f4199a4465c8ee2f98,logistic_l2,DPG,,,,,,,,,,,,,,,,,,,,,,,,,,,,,,,,,,,,,,,,,,,,,,,,reliability_bin,9,656,142,0.116136343235,0.104920752523,0.131018808903,0.100327071399,0.100076277651
later,2018-02,2018-02,,logistic_l2,DPG,,full,raw,raw,,,,e4d3eea2aa85bb97789ac237a611c126c1bd820e4fe37ef2e90f640e27c6c8a7,,,,0.436641221374,,,,,,,,,,,,02786257f3541e7684cbb92ee3533cd5479cfac0aa39a1f4199a4465c8ee2f98,logistic_l2,DPG,,,,,,,,,,,,,,,,,,,,,,,,,,,,,,,,,,,,,,,,,,,,,,,,reliability_bin,10,655,286,0.170931824567,0.131075292925,0.436542452635,0.265709396807,0.0999237223494
later,2018-02,2018-02,,logistic_l2,DPS,,full,calibrated,calibrated,,,,e0a7b8c16683aca61dfb68dd0becd99eda5f20940a80352f0cf2452952037c39,,,,0.100609756098,,,,,,,,,,,,02786257f3541e7684cbb92ee3533cd5479cfac0aa39a1f4199a4465c8ee2f98,logistic_l2,DPS,,,,,,,,,,,,,,,,,,,,,,,,,,,,,,,,,,,,,,,,,,,,,,,,reliability_bin,1,656,66,0.037306061131,0.0117818642025,0.0398745431286,0.0633036949666,0.100076277651
later,2018-02,2018-02,,logistic_l2,DPS,,full,calibrated,calibrated,,,,e0a7b8c16683aca61dfb68dd0becd99eda5f20940a80352f0cf2452952037c39,,,,0.126717557252,,,,,,,,,,,,02786257f3541e7684cbb92ee3533cd5479cfac0aa39a1f4199a4465c8ee2f98,logistic_l2,DPS,,,,,,,,,,,,,,,,,,,,,,,,,,,,,,,,,,,,,,,,,,,,,,,,reliability_bin,2,655,83,0.0415300482156,0.0398784417855,0.042954236839,0.0851875090363,0.0999237223494
later,2018-02,2018-02,,logistic_l2,DPS,,full,calibrated,calibrated,,,,e0a7b8c16683aca61dfb68dd0becd99eda5f20940a80352f0cf2452952037c39,,,,0.13262195122,,,,,,,,,,,,02786257f3541e7684cbb92ee3533cd5479cfac0aa39a1f4199a4465c8ee2f98,logistic_l2,DPS,,,,,,,,,,,,,,,,,,,,,,,,,,,,,,,,,,,,,,,,,,,,,,,,reliability_bin,3,656,87,0.0441560226282,0.0429673650026,0.0453827800463,0.0884659285913,0.100076277651
later,2018-02,2018-02,,logistic_l2,DPS,,full,calibrated,calibrated,,,,e0a7b8c16683aca61dfb68dd0becd99eda5f20940a80352f0cf2452952037c39,,,,0.128244274809,,,,,,,,,,,,02786257f3541e7684cbb92ee3533cd5479cfac0aa39a1f4199a4465c8ee2f98,logistic_l2,DPS,,,,,,,,,,,,,,,,,,,,,,,,,,,,,,,,,,,,,,,,,,,,,,,,reliability_bin,4,655,84,0.0467357998744,0.0453841318601,0.0480608550658,0.0815084749347,0.0999237223494
later,2018-02,2018-02,,logistic_l2,DPS,,full,calibrated,calibrated,,,,e0a7b8c16683aca61dfb68dd0becd99eda5f20940a80352f0cf2452952037c39,,,,0.140243902439,,,,,,,,,,,,02786257f3541e7684cbb92ee3533cd5479cfac0aa39a1f4199a4465c8ee2f98,logistic_l2,DPS,,,,,,,,,,,,,,,,,,,,,,,,,,,,,,,,,,,,,,,,,,,,,,,,reliability_bin,5,656,92,0.0496609865013,0.048067036508,0.0511948891129,0.0905829159377,0.100076277651
later,2018-02,2018-02,,logistic_l2,DPS,,full,calibrated,calibrated,,,,e0a7b8c16683aca61dfb68dd0becd99eda5f20940a80352f0cf2452952037c39,,,,0.184732824427,,,,,,,,,,,,02786257f3541e7684cbb92ee3533cd5479cfac0aa39a1f4199a4465c8ee2f98,logistic_l2,DPS,,,,,,,,,,,,,,,,,,,,,,,,,,,,,,,,,,,,,,,,,,,,,,,,reliability_bin,6,655,121,0.0530282753175,0.0511989105606,0.054987738967,0.13170454911,0.0999237223494
later,2018-02,2018-02,,logistic_l2,DPS,,full,calibrated,calibrated,,,,e0a7b8c16683aca61dfb68dd0becd99eda5f20940a80352f0cf2452952037c39,,,,0.143292682927,,,,,,,,,,,,02786257f3541e7684cbb92ee3533cd5479cfac0aa39a1f4199a4465c8ee2f98,logistic_l2,DPS,,,,,,,,,,,,,,,,,,,,,,,,,,,,,,,,,,,,,,,,,,,,,,,,reliability_bin,7,656,94,0.0572206310883,0.0549943742351,0.0593594555817,0.0860720518385,0.100076277651
later,2018-02,2018-02,,logistic_l2,DPS,,full,calibrated,calibrated,,,,e0a7b8c16683aca61dfb68dd0becd99eda5f20940a80352f0cf2452952037c39,,,,0.120610687023,,,,,,,,,,,,02786257f3541e7684cbb92ee3533cd5479cfac0aa39a1f4199a4465c8ee2f98,logistic_l2,DPS,,,,,,,,,,,,,,,,,,,,,,,,,,,,,,,,,,,,,,,,,,,,,,,,reliability_bin,8,655,79,0.062103855323,0.0593688863769,0.0652476604379,0.0585068316999,0.0999237223494
later,2018-02,2018-02,,logistic_l2,DPS,,full,calibrated,calibrated,,,,e0a7b8c16683aca61dfb68dd0becd99eda5f20940a80352f0cf2452952037c39,,,,0.163109756098,,,,,,,,,,,,02786257f3541e7684cbb92ee3533cd5479cfac0aa39a1f4199a4465c8ee2f98,logistic_l2,DPS,,,,,,,,,,,,,,,,,,,,,,,,,,,,,,,,,,,,,,,,,,,,,,,,reliability_bin,9,656,107,0.0691583196979,0.0652516274705,0.0744489090211,0.0939514363997,0.100076277651
later,2018-02,2018-02,,logistic_l2,DPS,,full,calibrated,calibrated,,,,e0a7b8c16683aca61dfb68dd0becd99eda5f20940a80352f0cf2452952037c39,,,,0.172519083969,,,,,,,,,,,,02786257f3541e7684cbb92ee3533cd5479cfac0aa39a1f4199a4465c8ee2f98,logistic_l2,DPS,,,,,,,,,,,,,,,,,,,,,,,,,,,,,,,,,,,,,,,,,,,,,,,,reliability_bin,10,655,113,0.0907136362918,0.0744828450297,0.193218084821,0.0818054476777,0.0999237223494
later,2018-02,2018-02,,logistic_l2,DPS,,full,raw,raw,,,,e0a7b8c16683aca61dfb68dd0becd99eda5f20940a80352f0cf2452952037c39,,,,0.100609756098,,,,,,,,,,,,02786257f3541e7684cbb92ee3533cd5479cfac0aa39a1f4199a4465c8ee2f98,logistic_l2,DPS,,,,,,,,,,,,,,,,,,,,,,,,,,,,,,,,,,,,,,,,,,,,,,,,reliability_bin,1,656,66,0.037306061131,0.0117818642025,0.0398745431286,0.0633036949666,0.100076277651
later,2018-02,2018-02,,logistic_l2,DPS,,full,raw,raw,,,,e0a7b8c16683aca61dfb68dd0becd99eda5f20940a80352f0cf2452952037c39,,,,0.126717557252,,,,,,,,,,,,02786257f3541e7684cbb92ee3533cd5479cfac0aa39a1f4199a4465c8ee2f98,logistic_l2,DPS,,,,,,,,,,,,,,,,,,,,,,,,,,,,,,,,,,,,,,,,,,,,,,,,reliability_bin,2,655,83,0.0415300482156,0.0398784417855,0.042954236839,0.0851875090363,0.0999237223494
later,2018-02,2018-02,,logistic_l2,DPS,,full,raw,raw,,,,e0a7b8c16683aca61dfb68dd0becd99eda5f20940a80352f0cf2452952037c39,,,,0.13262195122,,,,,,,,,,,,02786257f3541e7684cbb92ee3533cd5479cfac0aa39a1f4199a4465c8ee2f98,logistic_l2,DPS,,,,,,,,,,,,,,,,,,,,,,,,,,,,,,,,,,,,,,,,,,,,,,,,reliability_bin,3,656,87,0.0441560226282,0.0429673650026,0.0453827800463,0.0884659285913,0.100076277651
later,2018-02,2018-02,,logistic_l2,DPS,,full,raw,raw,,,,e0a7b8c16683aca61dfb68dd0becd99eda5f20940a80352f0cf2452952037c39,,,,0.128244274809,,,,,,,,,,,,02786257f3541e7684cbb92ee3533cd5479cfac0aa39a1f4199a4465c8ee2f98,logistic_l2,DPS,,,,,,,,,,,,,,,,,,,,,,,,,,,,,,,,,,,,,,,,,,,,,,,,reliability_bin,4,655,84,0.0467357998744,0.0453841318601,0.0480608550658,0.0815084749347,0.0999237223494
later,2018-02,2018-02,,logistic_l2,DPS,,full,raw,raw,,,,e0a7b8c16683aca61dfb68dd0becd99eda5f20940a80352f0cf2452952037c39,,,,0.140243902439,,,,,,,,,,,,02786257f3541e7684cbb92ee3533cd5479cfac0aa39a1f4199a4465c8ee2f98,logistic_l2,DPS,,,,,,,,,,,,,,,,,,,,,,,,,,,,,,,,,,,,,,,,,,,,,,,,reliability_bin,5,656,92,0.0496609865013,0.048067036508,0.0511948891129,0.0905829159377,0.100076277651
later,2018-02,2018-02,,logistic_l2,DPS,,full,raw,raw,,,,e0a7b8c16683aca61dfb68dd0becd99eda5f20940a80352f0cf2452952037c39,,,,0.184732824427,,,,,,,,,,,,02786257f3541e7684cbb92ee3533cd5479cfac0aa39a1f4199a4465c8ee2f98,logistic_l2,DPS,,,,,,,,,,,,,,,,,,,,,,,,,,,,,,,,,,,,,,,,,,,,,,,,reliability_bin,6,655,121,0.0530282753175,0.0511989105606,0.054987738967,0.13170454911,0.0999237223494
later,2018-02,2018-02,,logistic_l2,DPS,,full,raw,raw,,,,e0a7b8c16683aca61dfb68dd0becd99eda5f20940a80352f0cf2452952037c39,,,,0.143292682927,,,,,,,,,,,,02786257f3541e7684cbb92ee3533cd5479cfac0aa39a1f4199a4465c8ee2f98,logistic_l2,DPS,,,,,,,,,,,,,,,,,,,,,,,,,,,,,,,,,,,,,,,,,,,,,,,,reliability_bin,7,656,94,0.0572206310883,0.0549943742351,0.0593594555817,0.0860720518385,0.100076277651
later,2018-02,2018-02,,logistic_l2,DPS,,full,raw,raw,,,,e0a7b8c16683aca61dfb68dd0becd99eda5f20940a80352f0cf2452952037c39,,,,0.120610687023,,,,,,,,,,,,02786257f3541e7684cbb92ee3533cd5479cfac0aa39a1f4199a4465c8ee2f98,logistic_l2,DPS,,,,,,,,,,,,,,,,,,,,,,,,,,,,,,,,,,,,,,,,,,,,,,,,reliability_bin,8,655,79,0.062103855323,0.0593688863769,0.0652476604379,0.0585068316999,0.0999237223494
later,2018-02,2018-02,,logistic_l2,DPS,,full,raw,raw,,,,e0a7b8c16683aca61dfb68dd0becd99eda5f20940a80352f0cf2452952037c39,,,,0.163109756098,,,,,,,,,,,,02786257f3541e7684cbb92ee3533cd5479cfac0aa39a1f4199a4465c8ee2f98,logistic_l2,DPS,,,,,,,,,,,,,,,,,,,,,,,,,,,,,,,,,,,,,,,,,,,,,,,,reliability_bin,9,656,107,0.0691583196979,0.0652516274705,0.0744489090211,0.0939514363997,0.100076277651
later,2018-02,2018-02,,logistic_l2,DPS,,full,raw,raw,,,,e0a7b8c16683aca61dfb68dd0becd99eda5f20940a80352f0cf2452952037c39,,,,0.172519083969,,,,,,,,,,,,02786257f3541e7684cbb92ee3533cd5479cfac0aa39a1f4199a4465c8ee2f98,logistic_l2,DPS,,,,,,,,,,,,,,,,,,,,,,,,,,,,,,,,,,,,,,,,,,,,,,,,reliability_bin,10,655,113,0.0907136362918,0.0744828450297,0.193218084821,0.0818054476777,0.0999237223494
later,2018-02,,,random_forest,DP0,,full,calibrated,,,,,a1d539998d133f8fe4069ea3094163f35723e61d86c5480f711b77ef6f0d0bad,,,,0.146341463415,,,,,,,,,,,,02786257f3541e7684cbb92ee3533cd5479cfac0aa39a1f4199a4465c8ee2f98,,,,,,,,,,,,,,,,,,,,,,,,,,,,,,,,,,,,,,,,,,,,,,,,,,reliability_bin,1,656,96,0.0369484957693,0.0368190271568,0.0369842291992,0.109392967645,0.100076277651
later,2018-02,,,random_forest,DP0,,full,calibrated,,,,,a1d539998d133f8fe4069ea3094163f35723e61d86c5480f711b77ef6f0d0bad,,,,0.154198473282,,,,,,,,,,,,02786257f3541e7684cbb92ee3533cd5479cfac0aa39a1f4199a4465c8ee2f98,,,,,,,,,,,,,,,,,,,,,,,,,,,,,,,,,,,,,,,,,,,,,,,,,,reliability_bin,2,655,101,0.0370031504248,0.0369842291992,0.0370226265337,0.117195322858,0.0999237223494
later,2018-02,,,random_forest,DP0,,full,calibrated,,,,,a1d539998d133f8fe4069ea3094163f35723e61d86c5480f711b77ef6f0d0bad,,,,0.128048780488,,,,,,,,,,,,02786257f3541e7684cbb92ee3533cd5479cfac0aa39a1f4199a4465c8ee2f98,,,,,,,,,,,,,,,,,,,,,,,,,,,,,,,,,,,,,,,,,,,,,,,,,,reliability_bin,3,656,84,0.037038458043,0.0370227076537,0.0370529259292,0.0910103224448,0.100076277651
later,2018-02,,,random_forest,DP0,,full,calibrated,,,,,a1d539998d133f8fe4069ea3094163f35723e61d86c5480f711b77ef6f0d0bad,,,,0.151145038168,,,,,,,,,,,,02786257f3541e7684cbb92ee3533cd5479cfac0aa39a1f4199a4465c8ee2f98,,,,,,,,,,,,,,,,,,,,,,,,,,,,,,,,,,,,,,,,,,,,,,,,,,reliability_bin,4,655,99,0.0370667627406,0.0370529271582,0.0370792973569,0.114078275427,0.0999237223494
later,2018-02,,,random_forest,DP0,,full,calibrated,,,,,a1d539998d133f8fe4069ea3094163f35723e61d86c5480f711b77ef6f0d0bad,,,,0.140243902439,,,,,,,,,,,,02786257f3541e7684cbb92ee3533cd5479cfac0aa39a1f4199a4465c8ee2f98,,,,,,,,,,,,,,,,,,,,,,,,,,,,,,,,,,,,,,,,,,,,,,,,,,reliability_bin,5,656,92,0.0370956280882,0.0370792973569,0.0371118349394,0.103148274351,0.100076277651
later,2018-02,,,random_forest,DP0,,full,calibrated,,,,,a1d539998d133f8fe4069ea3094163f35723e61d86c5480f711b77ef6f0d0bad,,,,0.143511450382,,,,,,,,,,,,02786257f3541e7684cbb92ee3533cd5479cfac0aa39a1f4199a4465c8ee2f98,,,,,,,,,,,,,,,,,,,,,,,,,,,,,,,,,,,,,,,,,,,,,,,,,,reliability_bin,6,655,94,0.0371296493392,0.0371119361035,0.0371518076633,0.106381801042,0.0999237223494
later,2018-02,,,random_forest,DP0,,full,calibrated,,,,,a1d539998d133f8fe4069ea3094163f35723e61d86c5480f711b77ef6f0d0bad,,,,0.129573170732,,,,,,,,,,,,02786257f3541e7684cbb92ee3533cd5479cfac0aa39a1f4199a4465c8ee2f98,,,,,,,,,,,,,,,,,,,,,,,,,,,,,,,,,,,,,,,,,,,,,,,,,,reliability_bin,7,656,85,0.0371791910611,0.037151850049,0.0372073114447,0.0923939796706,0.100076277651
later,2018-02,,,random_forest,DP0,,full,calibrated,,,,,a1d539998d133f8fe4069ea3094163f35723e61d86c5480f711b77ef6f0d0bad,,,,0.140458015267,,,,,,,,,,,,02786257f3541e7684cbb92ee3533cd5479cfac0aa39a1f4199a4465c8ee2f98,,,,,,,,,,,,,,,,,,,,,,,,,,,,,,,,,,,,,,,,,,,,,,,,,,reliability_bin,8,655,92,0.0372450777444,0.037207334759,0.0372870824448,0.103212937523,0.0999237223494
later,2018-02,,,random_forest,DP0,,full,calibrated,,,,,a1d539998d133f8fe4069ea3094163f35723e61d86c5480f711b77ef6f0d0bad,,,,0.138719512195,,,,,,,,,,,,02786257f3541e7684cbb92ee3533cd5479cfac0aa39a1f4199a4465c8ee2f98,,,,,,,,,,,,,,,,,,,,,,,,,,,,,,,,,,,,,,,,,,,,,,,,,,reliability_bin,9,656,91,0.0373510614735,0.0372875262166,0.0374395046106,0.101368450722,0.100076277651
later,2018-02,,,random_forest,DP0,,full,calibrated,,,,,a1d539998d133f8fe4069ea3094163f35723e61d86c5480f711b77ef6f0d0bad,,,,0.140458015267,,,,,,,,,,,,02786257f3541e7684cbb92ee3533cd5479cfac0aa39a1f4199a4465c8ee2f98,,,,,,,,,,,,,,,,,,,,,,,,,,,,,,,,,,,,,,,,,,,,,,,,,,reliability_bin,10,655,92,0.0378509865693,0.0374397053916,0.0384962117787,0.102607028698,0.0999237223494
later,2018-02,,,random_forest,DP0,,full,raw,,,,,a1d539998d133f8fe4069ea3094163f35723e61d86c5480f711b77ef6f0d0bad,,,,0.140243902439,,,,,,,,,,,,02786257f3541e7684cbb92ee3533cd5479cfac0aa39a1f4199a4465c8ee2f98,,,,,,,,,,,,,,,,,,,,,,,,,,,,,,,,,,,,,,,,,,,,,,,,,,reliability_bin,1,656,92,0.00106498049423,1e-06,0.00346002161257,0.139178921945,0.100076277651
later,2018-02,,,random_forest,DP0,,full,raw,,,,,a1d539998d133f8fe4069ea3094163f35723e61d86c5480f711b77ef6f0d0bad,,,,0.13893129771,,,,,,,,,,,,02786257f3541e7684cbb92ee3533cd5479cfac0aa39a1f4199a4465c8ee2f98,,,,,,,,,,,,,,,,,,,,,,,,,,,,,,,,,,,,,,,,,,,,,,,,,,reliability_bin,2,655,91,0.0072815685886,0.00346738943776,0.0112914190519,0.131649729121,0.0999237223494
later,2018-02,,,random_forest,DP0,,full,raw,,,,,a1d539998d133f8fe4069ea3094163f35723e61d86c5480f711b77ef6f0d0bad,,,,0.140243902439,,,,,,,,,,,,02786257f3541e7684cbb92ee3533cd5479cfac0aa39a1f4199a4465c8ee2f98,,,,,,,,,,,,,,,,,,,,,,,,,,,,,,,,,,,,,,,,,,,,,,,,,,reliability_bin,3,656,92,0.0159630848568,0.0113303749266,0.0209993526063,0.124280817582,0.100076277651
later,2018-02,,,random_forest,DP0,,full,raw,,,,,a1d539998d133f8fe4069ea3094163f35723e61d86c5480f711b77ef6f0d0bad,,,,0.129770992366,,,,,,,,,,,,02786257f3541e7684cbb92ee3533cd5479cfac0aa39a1f4199a4465c8ee2f98,,,,,,,,,,,,,,,,,,,,,,,,,,,,,,,,,,,,,,,,,,,,,,,,,,reliability_bin,4,655,85,0.0262662240322,0.0210023057115,0.0321249851908,0.103504768334,0.0999237223494
later,2018-02,,,random_forest,DP0,,full,raw,,,,,a1d539998d133f8fe4069ea3094163f35723e61d86c5480f711b77ef6f0d0bad,,,,0.143292682927,,,,,,,,,,,,02786257f3541e7684cbb92ee3533cd5479cfac0aa39a1f4199a4465c8ee2f98,,,,,,,,,,,,,,,,,,,,,,,,,,,,,,,,,,,,,,,,,,,,,,,,,,reliability_bin,5,656,94,0.0381784765258,0.0321353682605,0.0435176686876,0.105114206401,0.100076277651
later,2018-02,,,random_forest,DP0,,full,raw,,,,,a1d539998d133f8fe4069ea3094163f35723e61d86c5480f711b77ef6f0d0bad,,,,0.140458015267,,,,,,,,,,,,02786257f3541e7684cbb92ee3533cd5479cfac0aa39a1f4199a4465c8ee2f98,,,,,,,,,,,,,,,,,,,,,,,,,,,,,,,,,,,,,,,,,,,,,,,,,,reliability_bin,6,655,92,0.0492838856343,0.0435602199828,0.0555450443354,0.0911741296329,0.0999237223494
later,2018-02,,,random_forest,DP0,,full,raw,,,,,a1d539998d133f8fe4069ea3094163f35723e61d86c5480f711b77ef6f0d0bad,,,,0.150914634146,,,,,,,,,,,,02786257f3541e7684cbb92ee3533cd5479cfac0aa39a1f4199a4465c8ee2f98,,,,,,,,,,,,,,,,,,,,,,,,,,,,,,,,,,,,,,,,,,,,,,,,,,reliability_bin,7,656,99,0.0610715683481,0.0555450443354,0.0675330530468,0.0898430657983,0.100076277651
later,2018-02,,,random_forest,DP0,,full,raw,,,,,a1d539998d133f8fe4069ea3094163f35723e61d86c5480f711b77ef6f0d0bad,,,,0.128244274809,,,,,,,,,,,,02786257f3541e7684cbb92ee3533cd5479cfac0aa39a1f4199a4465c8ee2f98,,,,,,,,,,,,,,,,,,,,,,,,,,,,,,,,,,,,,,,,,,,,,,,,,,reliability_bin,8,655,84,0.0752386030913,0.0676279926238,0.0842099478525,0.0530056717179,0.0999237223494
later,2018-02,,,random_forest,DP0,,full,raw,,,,,a1d539998d133f8fe4069ea3094163f35723e61d86c5480f711b77ef6f0d0bad,,,,0.153963414634,,,,,,,,,,,,02786257f3541e7684cbb92ee3533cd5479cfac0aa39a1f4199a4465c8ee2f98,,,,,,,,,,,,,,,,,,,,,,,,,,,,,,,,,,,,,,,,,,,,,,,,,,reliability_bin,9,656,101,0.0972153736586,0.0842594055565,0.110838973207,0.0567480409755,0.100076277651
later,2018-02,,,random_forest,DP0,,full,raw,,,,,a1d539998d133f8fe4069ea3094163f35723e61d86c5480f711b77ef6f0d0bad,,,,0.146564885496,,,,,,,,,,,,02786257f3541e7684cbb92ee3533cd5479cfac0aa39a1f4199a4465c8ee2f98,,,,,,,,,,,,,,,,,,,,,,,,,,,,,,,,,,,,,,,,,,,,,,,,,,reliability_bin,10,655,96,0.144577401096,0.111048253828,0.315966414781,0.0019874844,0.0999237223494
later,2018-02,,,random_forest,DPB,,full,calibrated,,,,,a19fd5d41b737ba80e12c561c3cf2187bd9f1469fd07846b506552e37e71ddd1,,,,0.0716463414634,,,,,,,,,,,,02786257f3541e7684cbb92ee3533cd5479cfac0aa39a1f4199a4465c8ee2f98,,,,,,,,,,,,,,,,,,,,,,,,,,,,,,,,,,,,,,,,,,,,,,,,,,reliability_bin,1,656,47,0.00582537793569,0.0020003442034,0.00820604186048,0.0658209635277,0.100076277651
later,2018-02,,,random_forest,DPB,,full,calibrated,,,,,a19fd5d41b737ba80e12c561c3cf2187bd9f1469fd07846b506552e37e71ddd1,,,,0.106870229008,,,,,,,,,,,,02786257f3541e7684cbb92ee3533cd5479cfac0aa39a1f4199a4465c8ee2f98,,,,,,,,,,,,,,,,,,,,,,,,,,,,,,,,,,,,,,,,,,,,,,,,,,reliability_bin,2,655,70,0.010283513419,0.00821118670453,0.0126922390426,0.0965867155886,0.0999237223494
later,2018-02,,,random_forest,DPB,,full,calibrated,,,,,a19fd5d41b737ba80e12c561c3cf2187bd9f1469fd07846b506552e37e71ddd1,,,,0.094512195122,,,,,,,,,,,,02786257f3541e7684cbb92ee3533cd5479cfac0aa39a1f4199a4465c8ee2f98,,,,,,,,,,,,,,,,,,,,,,,,,,,,,,,,,,,,,,,,,,,,,,,,,,reliability_bin,3,656,62,0.0154840135902,0.012694850697,0.0182744191022,0.0790281815317,0.100076277651
later,2018-02,,,random_forest,DPB,,full,calibrated,,,,,a19fd5d41b737ba80e12c561c3cf2187bd9f1469fd07846b506552e37e71ddd1,,,,0.108396946565,,,,,,,,,,,,02786257f3541e7684cbb92ee3533cd5479cfac0aa39a1f4199a4465c8ee2f98,,,,,,,,,,,,,,,,,,,,,,,,,,,,,,,,,,,,,,,,,,,,,,,,,,reliability_bin,4,655,71,0.0223950661183,0.0182857300642,0.026796998983,0.0860018804466,0.0999237223494
later,2018-02,,,random_forest,DPB,,full,calibrated,,,,,a19fd5d41b737ba80e12c561c3cf2187bd9f1469fd07846b506552e37e71ddd1,,,,0.135670731707,,,,,,,,,,,,02786257f3541e7684cbb92ee3533cd5479cfac0aa39a1f4199a4465c8ee2f98,,,,,,,,,,,,,,,,,,,,,,,,,,,,,,,,,,,,,,,,,,,,,,,,,,reliability_bin,5,656,89,0.0315515014988,0.0268378525993,0.0367758949045,0.104119230209,0.100076277651
later,2018-02,,,random_forest,DPB,,full,calibrated,,,,,a19fd5d41b737ba80e12c561c3cf2187bd9f1469fd07846b506552e37e71ddd1,,,,0.157251908397,,,,,,,,,,,,02786257f3541e7684cbb92ee3533cd5479cfac0aa39a1f4199a4465c8ee2f98,,,,,,,,,,,,,,,,,,,,,,,,,,,,,,,,,,,,,,,,,,,,,,,,,,reliability_bin,6,655,103,0.0424462156097,0.0367770676782,0.0485314245614,0.114805692787,0.0999237223494
later,2018-02,,,random_forest,DPB,,full,calibrated,,,,,a19fd5d41b737ba80e12c561c3cf2187bd9f1469fd07846b506552e37e71ddd1,,,,0.143292682927,,,,,,,,,,,,02786257f3541e7684cbb92ee3533cd5479cfac0aa39a1f4199a4465c8ee2f98,,,,,,,,,,,,,,,,,,,,,,,,,,,,,,,,,,,,,,,,,,,,,,,,,,reliability_bin,7,656,94,0.0558136915439,0.0485420217645,0.0631436378711,0.0874789913829,0.100076277651
later,2018-02,,,random_forest,DPB,,full,calibrated,,,,,a19fd5d41b737ba80e12c561c3cf2187bd9f1469fd07846b506552e37e71ddd1,,,,0.145038167939,,,,,,,,,,,,02786257f3541e7684cbb92ee3533cd5479cfac0aa39a1f4199a4465c8ee2f98,,,,,,,,,,,,,,,,,,,,,,,,,,,,,,,,,,,,,,,,,,,,,,,,,,reliability_bin,8,655,95,0.0718653781103,0.0631849702607,0.081670669887,0.0731727898287,0.0999237223494
later,2018-02,,,random_forest,DPB,,full,calibrated,,,,,a19fd5d41b737ba80e12c561c3cf2187bd9f1469fd07846b506552e37e71ddd1,,,,0.167682926829,,,,,,,,,,,,02786257f3541e7684cbb92ee3533cd5479cfac0aa39a1f4199a4465c8ee2f98,,,,,,,,,,,,,,,,,,,,,,,,,,,,,,,,,,,,,,,,,,,,,,,,,,reliability_bin,9,656,110,0.0934134996639,0.0816936191381,0.107519239111,0.0742694271654,0.100076277651
later,2018-02,,,random_forest,DPB,,full,calibrated,,,,,a19fd5d41b737ba80e12c561c3cf2187bd9f1469fd07846b506552e37e71ddd1,,,,0.282442748092,,,,,,,,,,,,02786257f3541e7684cbb92ee3533cd5479cfac0aa39a1f4199a4465c8ee2f98,,,,,,,,,,,,,,,,,,,,,,,,,,,,,,,,,,,,,,,,,,,,,,,,,,reliability_bin,10,655,185,0.141774475566,0.107547713002,0.245687036006,0.140668272526,0.0999237223494
later,2018-02,,,random_forest,DPB,,full,raw,,,,,a19fd5d41b737ba80e12c561c3cf2187bd9f1469fd07846b506552e37e71ddd1,,,,0.0716463414634,,,,,,,,,,,,02786257f3541e7684cbb92ee3533cd5479cfac0aa39a1f4199a4465c8ee2f98,,,,,,,,,,,,,,,,,,,,,,,,,,,,,,,,,,,,,,,,,,,,,,,,,,reliability_bin,1,656,47,0.00582537793569,0.0020003442034,0.00820604186048,0.0658209635277,0.100076277651
later,2018-02,,,random_forest,DPB,,full,raw,,,,,a19fd5d41b737ba80e12c561c3cf2187bd9f1469fd07846b506552e37e71ddd1,,,,0.106870229008,,,,,,,,,,,,02786257f3541e7684cbb92ee3533cd5479cfac0aa39a1f4199a4465c8ee2f98,,,,,,,,,,,,,,,,,,,,,,,,,,,,,,,,,,,,,,,,,,,,,,,,,,reliability_bin,2,655,70,0.010283513419,0.00821118670453,0.0126922390426,0.0965867155886,0.0999237223494
later,2018-02,,,random_forest,DPB,,full,raw,,,,,a19fd5d41b737ba80e12c561c3cf2187bd9f1469fd07846b506552e37e71ddd1,,,,0.094512195122,,,,,,,,,,,,02786257f3541e7684cbb92ee3533cd5479cfac0aa39a1f4199a4465c8ee2f98,,,,,,,,,,,,,,,,,,,,,,,,,,,,,,,,,,,,,,,,,,,,,,,,,,reliability_bin,3,656,62,0.0154840135902,0.012694850697,0.0182744191022,0.0790281815317,0.100076277651
later,2018-02,,,random_forest,DPB,,full,raw,,,,,a19fd5d41b737ba80e12c561c3cf2187bd9f1469fd07846b506552e37e71ddd1,,,,0.108396946565,,,,,,,,,,,,02786257f3541e7684cbb92ee3533cd5479cfac0aa39a1f4199a4465c8ee2f98,,,,,,,,,,,,,,,,,,,,,,,,,,,,,,,,,,,,,,,,,,,,,,,,,,reliability_bin,4,655,71,0.0223950661183,0.0182857300642,0.026796998983,0.0860018804466,0.0999237223494
later,2018-02,,,random_forest,DPB,,full,raw,,,,,a19fd5d41b737ba80e12c561c3cf2187bd9f1469fd07846b506552e37e71ddd1,,,,0.135670731707,,,,,,,,,,,,02786257f3541e7684cbb92ee3533cd5479cfac0aa39a1f4199a4465c8ee2f98,,,,,,,,,,,,,,,,,,,,,,,,,,,,,,,,,,,,,,,,,,,,,,,,,,reliability_bin,5,656,89,0.0315515014988,0.0268378525993,0.0367758949045,0.104119230209,0.100076277651
later,2018-02,,,random_forest,DPB,,full,raw,,,,,a19fd5d41b737ba80e12c561c3cf2187bd9f1469fd07846b506552e37e71ddd1,,,,0.157251908397,,,,,,,,,,,,02786257f3541e7684cbb92ee3533cd5479cfac0aa39a1f4199a4465c8ee2f98,,,,,,,,,,,,,,,,,,,,,,,,,,,,,,,,,,,,,,,,,,,,,,,,,,reliability_bin,6,655,103,0.0424462156097,0.0367770676782,0.0485314245614,0.114805692787,0.0999237223494
later,2018-02,,,random_forest,DPB,,full,raw,,,,,a19fd5d41b737ba80e12c561c3cf2187bd9f1469fd07846b506552e37e71ddd1,,,,0.143292682927,,,,,,,,,,,,02786257f3541e7684cbb92ee3533cd5479cfac0aa39a1f4199a4465c8ee2f98,,,,,,,,,,,,,,,,,,,,,,,,,,,,,,,,,,,,,,,,,,,,,,,,,,reliability_bin,7,656,94,0.0558136915439,0.0485420217645,0.0631436378711,0.0874789913829,0.100076277651
later,2018-02,,,random_forest,DPB,,full,raw,,,,,a19fd5d41b737ba80e12c561c3cf2187bd9f1469fd07846b506552e37e71ddd1,,,,0.145038167939,,,,,,,,,,,,02786257f3541e7684cbb92ee3533cd5479cfac0aa39a1f4199a4465c8ee2f98,,,,,,,,,,,,,,,,,,,,,,,,,,,,,,,,,,,,,,,,,,,,,,,,,,reliability_bin,8,655,95,0.0718653781103,0.0631849702607,0.081670669887,0.0731727898287,0.0999237223494
later,2018-02,,,random_forest,DPB,,full,raw,,,,,a19fd5d41b737ba80e12c561c3cf2187bd9f1469fd07846b506552e37e71ddd1,,,,0.167682926829,,,,,,,,,,,,02786257f3541e7684cbb92ee3533cd5479cfac0aa39a1f4199a4465c8ee2f98,,,,,,,,,,,,,,,,,,,,,,,,,,,,,,,,,,,,,,,,,,,,,,,,,,reliability_bin,9,656,110,0.0934134996639,0.0816936191381,0.107519239111,0.0742694271654,0.100076277651
later,2018-02,,,random_forest,DPB,,full,raw,,,,,a19fd5d41b737ba80e12c561c3cf2187bd9f1469fd07846b506552e37e71ddd1,,,,0.282442748092,,,,,,,,,,,,02786257f3541e7684cbb92ee3533cd5479cfac0aa39a1f4199a4465c8ee2f98,,,,,,,,,,,,,,,,,,,,,,,,,,,,,,,,,,,,,,,,,,,,,,,,,,reliability_bin,10,655,185,0.141774475566,0.107547713002,0.245687036006,0.140668272526,0.0999237223494
later,2018-02,,,random_forest,DPG,,full,calibrated,,,,,973d62956bfa83b8a825caf5829ea0c5c80c03bb6698d427f8507d93f494d179,,,,0.256097560976,,,,,,,,,,,,02786257f3541e7684cbb92ee3533cd5479cfac0aa39a1f4199a4465c8ee2f98,,,,,,,,,,,,,,,,,,,,,,,,,,,,,,,,,,,,,,,,,,,,,,,,,,reliability_bin,1,656,168,0.0294114250097,0.0201544077519,0.0316317918742,0.226686135966,0.100076277651
later,2018-02,,,random_forest,DPG,,full,calibrated,,,,,973d62956bfa83b8a825caf5829ea0c5c80c03bb6698d427f8507d93f494d179,,,,0.152671755725,,,,,,,,,,,,02786257f3541e7684cbb92ee3533cd5479cfac0aa39a1f4199a4465c8ee2f98,,,,,,,,,,,,,,,,,,,,,,,,,,,,,,,,,,,,,,,,,,,,,,,,,,reliability_bin,2,655,100,0.0329676334843,0.0316417892125,0.0348262871876,0.119704122241,0.0999237223494
later,2018-02,,,random_forest,DPG,,full,calibrated,,,,,973d62956bfa83b8a825caf5829ea0c5c80c03bb6698d427f8507d93f494d179,,,,0.120426829268,,,,,,,,,,,,02786257f3541e7684cbb92ee3533cd5479cfac0aa39a1f4199a4465c8ee2f98,,,,,,,,,,,,,,,,,,,,,,,,,,,,,,,,,,,,,,,,,,,,,,,,,,reliability_bin,3,656,79,0.0363201585988,0.0348356884185,0.037424619341,0.0841066706694,0.100076277651
later,2018-02,,,random_forest,DPG,,full,calibrated,,,,,973d62956bfa83b8a825caf5829ea0c5c80c03bb6698d427f8507d93f494d179,,,,0.0687022900763,,,,,,,,,,,,02786257f3541e7684cbb92ee3533cd5479cfac0aa39a1f4199a4465c8ee2f98,,,,,,,,,,,,,,,,,,,,,,,,,,,,,,,,,,,,,,,,,,,,,,,,,,reliability_bin,4,655,45,0.0382002486923,0.037424619341,0.0388434826957,0.030502041384,0.0999237223494
later,2018-02,,,random_forest,DPG,,full,calibrated,,,,,973d62956bfa83b8a825caf5829ea0c5c80c03bb6698d427f8507d93f494d179,,,,0.0625,,,,,,,,,,,,02786257f3541e7684cbb92ee3533cd5479cfac0aa39a1f4199a4465c8ee2f98,,,,,,,,,,,,,,,,,,,,,,,,,,,,,,,,,,,,,,,,,,,,,,,,,,reliability_bin,5,656,41,0.0402278344983,0.0388434826957,0.0420198986772,0.0222721655017,0.100076277651
later,2018-02,,,random_forest,DPG,,full,calibrated,,,,,973d62956bfa83b8a825caf5829ea0c5c80c03bb6698d427f8507d93f494d179,,,,0.0870229007634,,,,,,,,,,,,02786257f3541e7684cbb92ee3533cd5479cfac0aa39a1f4199a4465c8ee2f98,,,,,,,,,,,,,,,,,,,,,,,,,,,,,,,,,,,,,,,,,,,,,,,,,,reliability_bin,6,655,57,0.0440088892324,0.0420241044953,0.045558161918,0.043014011531,0.0999237223494
later,2018-02,,,random_forest,DPG,,full,calibrated,,,,,973d62956bfa83b8a825caf5829ea0c5c80c03bb6698d427f8507d93f494d179,,,,0.126524390244,,,,,,,,,,,,02786257f3541e7684cbb92ee3533cd5479cfac0aa39a1f4199a4465c8ee2f98,,,,,,,,,,,,,,,,,,,,,,,,,,,,,,,,,,,,,,,,,,,,,,,,,,reliability_bin,7,656,83,0.0470222832182,0.0455598881668,0.0485659170247,0.0795021070257,0.100076277651
later,2018-02,,,random_forest,DPG,,full,calibrated,,,,,973d62956bfa83b8a825caf5829ea0c5c80c03bb6698d427f8507d93f494d179,,,,0.158778625954,,,,,,,,,,,,02786257f3541e7684cbb92ee3533cd5479cfac0aa39a1f4199a4465c8ee2f98,,,,,,,,,,,,,,,,,,,,,,,,,,,,,,,,,,,,,,,,,,,,,,,,,,reliability_bin,8,655,104,0.0508688225146,0.0485763718064,0.0535710905054,0.10790980344,0.0999237223494
later,2018-02,,,random_forest,DPG,,full,calibrated,,,,,973d62956bfa83b8a825caf5829ea0c5c80c03bb6698d427f8507d93f494d179,,,,0.140243902439,,,,,,,,,,,,02786257f3541e7684cbb92ee3533cd5479cfac0aa39a1f4199a4465c8ee2f98,,,,,,,,,,,,,,,,,,,,,,,,,,,,,,,,,,,,,,,,,,,,,,,,,,reliability_bin,9,656,92,0.0553300889361,0.0535772473363,0.0572446030248,0.0849138135029,0.100076277651
later,2018-02,,,random_forest,DPG,,full,calibrated,,,,,973d62956bfa83b8a825caf5829ea0c5c80c03bb6698d427f8507d93f494d179,,,,0.239694656489,,,,,,,,,,,,02786257f3541e7684cbb92ee3533cd5479cfac0aa39a1f4199a4465c8ee2f98,,,,,,,,,,,,,,,,,,,,,,,,,,,,,,,,,,,,,,,,,,,,,,,,,,reliability_bin,10,655,157,0.0623316190218,0.0572473677088,0.0785016769437,0.177363037467,0.0999237223494
later,2018-02,,,random_forest,DPG,,full,raw,,,,,973d62956bfa83b8a825caf5829ea0c5c80c03bb6698d427f8507d93f494d179,,,,0.256097560976,,,,,,,,,,,,02786257f3541e7684cbb92ee3533cd5479cfac0aa39a1f4199a4465c8ee2f98,,,,,,,,,,,,,,,,,,,,,,,,,,,,,,,,,,,,,,,,,,,,,,,,,,reliability_bin,1,656,168,0.0056348208349,0.00101233073789,0.00732325495556,0.250462740141,0.100076277651
later,2018-02,,,random_forest,DPG,,full,raw,,,,,973d62956bfa83b8a825caf5829ea0c5c80c03bb6698d427f8507d93f494d179,,,,0.152671755725,,,,,,,,,,,,02786257f3541e7684cbb92ee3533cd5479cfac0aa39a1f4199a4465c8ee2f98,,,,,,,,,,,,,,,,,,,,,,,,,,,,,,,,,,,,,,,,,,,,,,,,,,reliability_bin,2,655,100,0.0088462334765,0.00733344375967,0.0111816392057,0.143825522249,0.0999237223494
later,2018-02,,,random_forest,DPG,,full,raw,,,,,973d62956bfa83b8a825caf5829ea0c5c80c03bb6698d427f8507d93f494d179,,,,0.120426829268,,,,,,,,,,,,02786257f3541e7684cbb92ee3533cd5479cfac0aa39a1f4199a4465c8ee2f98,,,,,,,,,,,,,,,,,,,,,,,,,,,,,,,,,,,,,,,,,,,,,,,,,,reliability_bin,3,656,79,0.0135004149664,0.0111949177417,0.0153399998684,0.106926414302,0.100076277651
later,2018-02,,,random_forest,DPG,,full,raw,,,,,973d62956bfa83b8a825caf5829ea0c5c80c03bb6698d427f8507d93f494d179,,,,0.0687022900763,,,,,,,,,,,,02786257f3541e7684cbb92ee3533cd5479cfac0aa39a1f4199a4465c8ee2f98,,,,,,,,,,,,,,,,,,,,,,,,,,,,,,,,,,,,,,,,,,,,,,,,,,reliability_bin,4,655,45,0.0167985030893,0.0153399998684,0.0180607177936,0.0519037869871,0.0999237223494
later,2018-02,,,random_forest,DPG,,full,raw,,,,,973d62956bfa83b8a825caf5829ea0c5c80c03bb6698d427f8507d93f494d179,,,,0.0625,,,,,,,,,,,,02786257f3541e7684cbb92ee3533cd5479cfac0aa39a1f4199a4465c8ee2f98,,,,,,,,,,,,,,,,,,,,,,,,,,,,,,,,,,,,,,,,,,,,,,,,,,reliability_bin,5,656,41,0.0211399083337,0.0180607177936,0.0254758061963,0.0413600916663,0.100076277651
later,2018-02,,,random_forest,DPG,,full,raw,,,,,973d62956bfa83b8a825caf5829ea0c5c80c03bb6698d427f8507d93f494d179,,,,0.0870229007634,,,,,,,,,,,,02786257f3541e7684cbb92ee3533cd5479cfac0aa39a1f4199a4465c8ee2f98,,,,,,,,,,,,,,,,,,,,,,,,,,,,,,,,,,,,,,,,,,,,,,,,,,reliability_bin,6,655,57,0.0312794363233,0.025486941165,0.0362166766713,0.0557434644401,0.0999237223494
later,2018-02,,,random_forest,DPG,,full,raw,,,,,973d62956bfa83b8a825caf5829ea0c5c80c03bb6698d427f8507d93f494d179,,,,0.126524390244,,,,,,,,,,,,02786257f3541e7684cbb92ee3533cd5479cfac0aa39a1f4199a4465c8ee2f98,,,,,,,,,,,,,,,,,,,,,,,,,,,,,,,,,,,,,,,,,,,,,,,,,,reliability_bin,7,656,83,0.041625623801,0.0362226245215,0.0477247382189,0.084898766443,0.100076277651
later,2018-02,,,random_forest,DPG,,full,raw,,,,,973d62956bfa83b8a825caf5829ea0c5c80c03bb6698d427f8507d93f494d179,,,,0.158778625954,,,,,,,,,,,,02786257f3541e7684cbb92ee3533cd5479cfac0aa39a1f4199a4465c8ee2f98,,,,,,,,,,,,,,,,,,,,,,,,,,,,,,,,,,,,,,,,,,,,,,,,,,reliability_bin,8,655,104,0.0585361742876,0.0477688866131,0.0724415385496,0.100242451667,0.0999237223494
later,2018-02,,,random_forest,DPG,,full,raw,,,,,973d62956bfa83b8a825caf5829ea0c5c80c03bb6698d427f8507d93f494d179,,,,0.140243902439,,,,,,,,,,,,02786257f3541e7684cbb92ee3533cd5479cfac0aa39a1f4199a4465c8ee2f98,,,,,,,,,,,,,,,,,,,,,,,,,,,,,,,,,,,,,,,,,,,,,,,,,,reliability_bin,9,656,92,0.0831107361159,0.0724765652102,0.0954854994676,0.0571331663231,0.100076277651
later,2018-02,,,random_forest,DPG,,full,raw,,,,,973d62956bfa83b8a825caf5829ea0c5c80c03bb6698d427f8507d93f494d179,,,,0.239694656489,,,,,,,,,,,,02786257f3541e7684cbb92ee3533cd5479cfac0aa39a1f4199a4465c8ee2f98,,,,,,,,,,,,,,,,,,,,,,,,,,,,,,,,,,,,,,,,,,,,,,,,,,reliability_bin,10,655,157,0.137606730232,0.0955044906262,0.311055105278,0.102087926257,0.0999237223494
later,2018-02,,,random_forest,DPS,,full,calibrated,,,,,e985fc6386789f8a2bb4fa7693bb81db86b7e219e0147be546b3affc81c47f8c,,,,0.105182926829,,,,,,,,,,,,02786257f3541e7684cbb92ee3533cd5479cfac0aa39a1f4199a4465c8ee2f98,,,,,,,,,,,,,,,,,,,,,,,,,,,,,,,,,,,,,,,,,,,,,,,,,,reliability_bin,1,656,69,0.0151542470467,0.00519190105288,0.018785753895,0.0900286797826,0.100076277651
later,2018-02,,,random_forest,DPS,,full,calibrated,,,,,e985fc6386789f8a2bb4fa7693bb81db86b7e219e0147be546b3affc81c47f8c,,,,0.137404580153,,,,,,,,,,,,02786257f3541e7684cbb92ee3533cd5479cfac0aa39a1f4199a4465c8ee2f98,,,,,,,,,,,,,,,,,,,,,,,,,,,,,,,,,,,,,,,,,,,,,,,,,,reliability_bin,2,655,90,0.0216221748813,0.0188056328105,0.0243500803219,0.115782405271,0.0999237223494
later,2018-02,,,random_forest,DPS,,full,calibrated,,,,,e985fc6386789f8a2bb4fa7693bb81db86b7e219e0147be546b3affc81c47f8c,,,,0.13262195122,,,,,,,,,,,,02786257f3541e7684cbb92ee3533cd5479cfac0aa39a1f4199a4465c8ee2f98,,,,,,,,,,,,,,,,,,,,,,,,,,,,,,,,,,,,,,,,,,,,,,,,,,reliability_bin,3,656,87,0.0269822659992,0.0243630961138,0.029380177409,0.10563968522,0.100076277651
later,2018-02,,,random_forest,DPS,,full,calibrated,,,,,e985fc6386789f8a2bb4fa7693bb81db86b7e219e0147be546b3affc81c47f8c,,,,0.13893129771,,,,,,,,,,,,02786257f3541e7684cbb92ee3533cd5479cfac0aa39a1f4199a4465c8ee2f98,,,,,,,,,,,,,,,,,,,,,,,,,,,,,,,,,,,,,,,,,,,,,,,,,,reliability_bin,4,655,91,0.0319849376997,0.0293907418524,0.03475349298,0.10694636001,0.0999237223494
later,2018-02,,,random_forest,DPS,,full,calibrated,,,,,e985fc6386789f8a2bb4fa7693bb81db86b7e219e0147be546b3affc81c47f8c,,,,0.135670731707,,,,,,,,,,,,02786257f3541e7684cbb92ee3533cd5479cfac0aa39a1f4199a4465c8ee2f98,,,,,,,,,,,,,,,,,,,,,,,,,,,,,,,,,,,,,,,,,,,,,,,,,,reliability_bin,5,656,89,0.0376925028396,0.0347663211849,0.0404240230181,0.0979782288677,0.100076277651
later,2018-02,,,random_forest,DPS,,full,calibrated,,,,,e985fc6386789f8a2bb4fa7693bb81db86b7e219e0147be546b3affc81c47f8c,,,,0.128244274809,,,,,,,,,,,,02786257f3541e7684cbb92ee3533cd5479cfac0aa39a1f4199a4465c8ee2f98,,,,,,,,,,,,,,,,,,,,,,,,,,,,,,,,,,,,,,,,,,,,,,,,,,reliability_bin,6,655,84,0.0436302242296,0.0404345257478,0.0470276789234,0.0846140505795,0.0999237223494
later,2018-02,,,random_forest,DPS,,full,calibrated,,,,,e985fc6386789f8a2bb4fa7693bb81db86b7e219e0147be546b3affc81c47f8c,,,,0.155487804878,,,,,,,,,,,,02786257f3541e7684cbb92ee3533cd5479cfac0aa39a1f4199a4465c8ee2f98,,,,,,,,,,,,,,,,,,,,,,,,,,,,,,,,,,,,,,,,,,,,,,,,,,reliability_bin,7,656,102,0.0507631095872,0.0470376436855,0.0545554895356,0.104724695291,0.100076277651
later,2018-02,,,random_forest,DPS,,full,calibrated,,,,,e985fc6386789f8a2bb4fa7693bb81db86b7e219e0147be546b3affc81c47f8c,,,,0.160305343511,,,,,,,,,,,,02786257f3541e7684cbb92ee3533cd5479cfac0aa39a1f4199a4465c8ee2f98,,,,,,,,,,,,,,,,,,,,,,,,,,,,,,,,,,,,,,,,,,,,,,,,,,reliability_bin,8,655,105,0.0591839500113,0.0546002566615,0.0643359874378,0.1011213935,0.0999237223494
later,2018-02,,,random_forest,DPS,,full,calibrated,,,,,e985fc6386789f8a2bb4fa7693bb81db86b7e219e0147be546b3affc81c47f8c,,,,0.140243902439,,,,,,,,,,,,02786257f3541e7684cbb92ee3533cd5479cfac0aa39a1f4199a4465c8ee2f98,,,,,,,,,,,,,,,,,,,,,,,,,,,,,,,,,,,,,,,,,,,,,,,,,,reliability_bin,9,656,92,0.0711792792351,0.0643509827417,0.0799976211406,0.0690646232039,0.100076277651
later,2018-02,,,random_forest,DPS,,full,calibrated,,,,,e985fc6386789f8a2bb4fa7693bb81db86b7e219e0147be546b3affc81c47f8c,,,,0.178625954198,,,,,,,,,,,,02786257f3541e7684cbb92ee3533cd5479cfac0aa39a1f4199a4465c8ee2f98,,,,,,,,,,,,,,,,,,,,,,,,,,,,,,,,,,,,,,,,,,,,,,,,,,reliability_bin,10,655,117,0.107652164273,0.0801268415174,0.25702224217,0.0709737899256,0.0999237223494
later,2018-02,,,random_forest,DPS,,full,raw,,,,,e985fc6386789f8a2bb4fa7693bb81db86b7e219e0147be546b3affc81c47f8c,,,,0.105182926829,,,,,,,,,,,,02786257f3541e7684cbb92ee3533cd5479cfac0aa39a1f4199a4465c8ee2f98,,,,,,,,,,,,,,,,,,,,,,,,,,,,,,,,,,,,,,,,,,,,,,,,,,reliability_bin,1,656,69,0.0151542470467,0.00519190105288,0.018785753895,0.0900286797826,0.100076277651
later,2018-02,,,random_forest,DPS,,full,raw,,,,,e985fc6386789f8a2bb4fa7693bb81db86b7e219e0147be546b3affc81c47f8c,,,,0.137404580153,,,,,,,,,,,,02786257f3541e7684cbb92ee3533cd5479cfac0aa39a1f4199a4465c8ee2f98,,,,,,,,,,,,,,,,,,,,,,,,,,,,,,,,,,,,,,,,,,,,,,,,,,reliability_bin,2,655,90,0.0216221748813,0.0188056328105,0.0243500803219,0.115782405271,0.0999237223494
later,2018-02,,,random_forest,DPS,,full,raw,,,,,e985fc6386789f8a2bb4fa7693bb81db86b7e219e0147be546b3affc81c47f8c,,,,0.13262195122,,,,,,,,,,,,02786257f3541e7684cbb92ee3533cd5479cfac0aa39a1f4199a4465c8ee2f98,,,,,,,,,,,,,,,,,,,,,,,,,,,,,,,,,,,,,,,,,,,,,,,,,,reliability_bin,3,656,87,0.0269822659992,0.0243630961138,0.029380177409,0.10563968522,0.100076277651
later,2018-02,,,random_forest,DPS,,full,raw,,,,,e985fc6386789f8a2bb4fa7693bb81db86b7e219e0147be546b3affc81c47f8c,,,,0.13893129771,,,,,,,,,,,,02786257f3541e7684cbb92ee3533cd5479cfac0aa39a1f4199a4465c8ee2f98,,,,,,,,,,,,,,,,,,,,,,,,,,,,,,,,,,,,,,,,,,,,,,,,,,reliability_bin,4,655,91,0.0319849376997,0.0293907418524,0.03475349298,0.10694636001,0.0999237223494
later,2018-02,,,random_forest,DPS,,full,raw,,,,,e985fc6386789f8a2bb4fa7693bb81db86b7e219e0147be546b3affc81c47f8c,,,,0.135670731707,,,,,,,,,,,,02786257f3541e7684cbb92ee3533cd5479cfac0aa39a1f4199a4465c8ee2f98,,,,,,,,,,,,,,,,,,,,,,,,,,,,,,,,,,,,,,,,,,,,,,,,,,reliability_bin,5,656,89,0.0376925028396,0.0347663211849,0.0404240230181,0.0979782288677,0.100076277651
later,2018-02,,,random_forest,DPS,,full,raw,,,,,e985fc6386789f8a2bb4fa7693bb81db86b7e219e0147be546b3affc81c47f8c,,,,0.128244274809,,,,,,,,,,,,02786257f3541e7684cbb92ee3533cd5479cfac0aa39a1f4199a4465c8ee2f98,,,,,,,,,,,,,,,,,,,,,,,,,,,,,,,,,,,,,,,,,,,,,,,,,,reliability_bin,6,655,84,0.0436302242296,0.0404345257478,0.0470276789234,0.0846140505795,0.0999237223494
later,2018-02,,,random_forest,DPS,,full,raw,,,,,e985fc6386789f8a2bb4fa7693bb81db86b7e219e0147be546b3affc81c47f8c,,,,0.155487804878,,,,,,,,,,,,02786257f3541e7684cbb92ee3533cd5479cfac0aa39a1f4199a4465c8ee2f98,,,,,,,,,,,,,,,,,,,,,,,,,,,,,,,,,,,,,,,,,,,,,,,,,,reliability_bin,7,656,102,0.0507631095872,0.0470376436855,0.0545554895356,0.104724695291,0.100076277651
later,2018-02,,,random_forest,DPS,,full,raw,,,,,e985fc6386789f8a2bb4fa7693bb81db86b7e219e0147be546b3affc81c47f8c,,,,0.160305343511,,,,,,,,,,,,02786257f3541e7684cbb92ee3533cd5479cfac0aa39a1f4199a4465c8ee2f98,,,,,,,,,,,,,,,,,,,,,,,,,,,,,,,,,,,,,,,,,,,,,,,,,,reliability_bin,8,655,105,0.0591839500113,0.0546002566615,0.0643359874378,0.1011213935,0.0999237223494
later,2018-02,,,random_forest,DPS,,full,raw,,,,,e985fc6386789f8a2bb4fa7693bb81db86b7e219e0147be546b3affc81c47f8c,,,,0.140243902439,,,,,,,,,,,,02786257f3541e7684cbb92ee3533cd5479cfac0aa39a1f4199a4465c8ee2f98,,,,,,,,,,,,,,,,,,,,,,,,,,,,,,,,,,,,,,,,,,,,,,,,,,reliability_bin,9,656,92,0.0711792792351,0.0643509827417,0.0799976211406,0.0690646232039,0.100076277651
later,2018-02,,,random_forest,DPS,,full,raw,,,,,e985fc6386789f8a2bb4fa7693bb81db86b7e219e0147be546b3affc81c47f8c,,,,0.178625954198,,,,,,,,,,,,02786257f3541e7684cbb92ee3533cd5479cfac0aa39a1f4199a4465c8ee2f98,,,,,,,,,,,,,,,,,,,,,,,,,,,,,,,,,,,,,,,,,,,,,,,,,,reliability_bin,10,655,117,0.107652164273,0.0801268415174,0.25702224217,0.0709737899256,0.0999237223494
later,2018-02,2018-02,,xgboost,DP0,,full,calibrated,calibrated,,,,d73b829acd99738a4439a9617c00d6c1853264dafc0ddc6eba6af6485003e07a,,,,0.0640243902439,,,,,,,,,,,,02786257f3541e7684cbb92ee3533cd5479cfac0aa39a1f4199a4465c8ee2f98,xgboost,DP0,,,,,,,,,,,,,,,,,,,,,,,,,,,,,,,,,,,,,,,,,,,,,,,,reliability_bin,1,656,42,0.0497043232274,0.0473200939596,0.0508908443153,0.0143200670165,0.100076277651
later,2018-02,2018-02,,xgboost,DP0,,full,calibrated,calibrated,,,,d73b829acd99738a4439a9617c00d6c1853264dafc0ddc6eba6af6485003e07a,,,,0.0351145038168,,,,,,,,,,,,02786257f3541e7684cbb92ee3533cd5479cfac0aa39a1f4199a4465c8ee2f98,xgboost,DP0,,,,,,,,,,,,,,,,,,,,,,,,,,,,,,,,,,,,,,,,,,,,,,,,reliability_bin,2,655,23,0.0508914418007,0.0508908443153,0.051282197237,0.0157769379839,0.0999237223494
later,2018-02,2018-02,,xgboost,DP0,,full,calibrated,calibrated,,,,d73b829acd99738a4439a9617c00d6c1853264dafc0ddc6eba6af6485003e07a,,,,0.121951219512,,,,,,,,,,,,02786257f3541e7684cbb92ee3533cd5479cfac0aa39a1f4199a4465c8ee2f98,xgboost,DP0,,,,,,,,,,,,,,,,,,,,,,,,,,,,,,,,,,,,,,,,,,,,,,,,reliability_bin,3,656,80,0.0513822605788,0.051282197237,0.051665250212,0.0705689589334,0.100076277651
later,2018-02,2018-02,,xgboost,DP0,,full,calibrated,calibrated,,,,d73b829acd99738a4439a9617c00d6c1853264dafc0ddc6eba6af6485003e07a,,,,0.222900763359,,,,,,,,,,,,02786257f3541e7684cbb92ee3533cd5479cfac0aa39a1f4199a4465c8ee2f98,xgboost,DP0,,,,,,,,,,,,,,,,,,,,,,,,,,,,,,,,,,,,,,,,,,,,,,,,reliability_bin,4,655,146,0.0516762851304,0.051665250212,0.0516991838813,0.171224478228,0.0999237223494
later,2018-02,2018-02,,xgboost,DP0,,full,calibrated,calibrated,,,,d73b829acd99738a4439a9617c00d6c1853264dafc0ddc6eba6af6485003e07a,,,,0.175304878049,,,,,,,,,,,,02786257f3541e7684cbb92ee3533cd5479cfac0aa39a1f4199a4465c8ee2f98,xgboost,DP0,,,,,,,,,,,,,,,,,,,,,,,,,,,,,,,,,,,,,,,,,,,,,,,,reliability_bin,5,656,115,0.0519756283043,0.0516991838813,0.0521534979343,0.123329249744,0.100076277651
later,2018-02,2018-02,,xgboost,DP0,,full,calibrated,calibrated,,,,d73b829acd99738a4439a9617c00d6c1853264dafc0ddc6eba6af6485003e07a,,,,0.174045801527,,,,,,,,,,,,02786257f3541e7684cbb92ee3533cd5479cfac0aa39a1f4199a4465c8ee2f98,xgboost,DP0,,,,,,,,,,,,,,,,,,,,,,,,,,,,,,,,,,,,,,,,,,,,,,,,reliability_bin,6,655,114,0.0521534979343,0.0521534979343,0.0521534979343,0.121892303592,0.0999237223494
later,2018-02,2018-02,,xgboost,DP0,,full,calibrated,calibrated,,,,d73b829acd99738a4439a9617c00d6c1853264dafc0ddc6eba6af6485003e07a,,,,0.15243902439,,,,,,,,,,,,02786257f3541e7684cbb92ee3533cd5479cfac0aa39a1f4199a4465c8ee2f98,xgboost,DP0,,,,,,,,,,,,,,,,,,,,,,,,,,,,,,,,,,,,,,,,,,,,,,,,reliability_bin,7,656,100,0.0521534979343,0.0521534979343,0.0521534979343,0.100285526456,0.100076277651
later,2018-02,2018-02,,xgboost,DP0,,full,calibrated,calibrated,,,,d73b829acd99738a4439a9617c00d6c1853264dafc0ddc6eba6af6485003e07a,,,,0.129770992366,,,,,,,,,,,,02786257f3541e7684cbb92ee3533cd5479cfac0aa39a1f4199a4465c8ee2f98,xgboost,DP0,,,,,,,,,,,,,,,,,,,,,,,,,,,,,,,,,,,,,,,,,,,,,,,,reliability_bin,8,655,85,0.0521534979343,0.0521534979343,0.0521534979343,0.0776174944321,0.0999237223494
later,2018-02,2018-02,,xgboost,DP0,,full,calibrated,calibrated,,,,d73b829acd99738a4439a9617c00d6c1853264dafc0ddc6eba6af6485003e07a,,,,0.143292682927,,,,,,,,,,,,02786257f3541e7684cbb92ee3533cd5479cfac0aa39a1f4199a4465c8ee2f98,xgboost,DP0,,,,,,,,,,,,,,,,,,,,,,,,,,,,,,,,,,,,,,,,,,,,,,,,reliability_bin,9,656,94,0.0521534979343,0.0521534979343,0.0521534979343,0.0911391849925,0.100076277651
later,2018-02,2018-02,,xgboost,DP0,,full,calibrated,calibrated,,,,d73b829acd99738a4439a9617c00d6c1853264dafc0ddc6eba6af6485003e07a,,,,0.193893129771,,,,,,,,,,,,02786257f3541e7684cbb92ee3533cd5479cfac0aa39a1f4199a4465c8ee2f98,xgboost,DP0,,,,,,,,,,,,,,,,,,,,,,,,,,,,,,,,,,,,,,,,,,,,,,,,reliability_bin,10,655,127,0.0523805792152,0.0521534979343,0.0567856431007,0.141512550556,0.0999237223494
later,2018-02,2018-02,,xgboost,DP0,,full,raw,raw,,,,d73b829acd99738a4439a9617c00d6c1853264dafc0ddc6eba6af6485003e07a,,,,0.0640243902439,,,,,,,,,,,,02786257f3541e7684cbb92ee3533cd5479cfac0aa39a1f4199a4465c8ee2f98,xgboost,DP0,,,,,,,,,,,,,,,,,,,,,,,,,,,,,,,,,,,,,,,,,,,,,,,,reliability_bin,1,656,42,0.0497043232274,0.0473200939596,0.0508908443153,0.0143200670165,0.100076277651
later,2018-02,2018-02,,xgboost,DP0,,full,raw,raw,,,,d73b829acd99738a4439a9617c00d6c1853264dafc0ddc6eba6af6485003e07a,,,,0.0351145038168,,,,,,,,,,,,02786257f3541e7684cbb92ee3533cd5479cfac0aa39a1f4199a4465c8ee2f98,xgboost,DP0,,,,,,,,,,,,,,,,,,,,,,,,,,,,,,,,,,,,,,,,,,,,,,,,reliability_bin,2,655,23,0.0508914418007,0.0508908443153,0.051282197237,0.0157769379839,0.0999237223494
later,2018-02,2018-02,,xgboost,DP0,,full,raw,raw,,,,d73b829acd99738a4439a9617c00d6c1853264dafc0ddc6eba6af6485003e07a,,,,0.121951219512,,,,,,,,,,,,02786257f3541e7684cbb92ee3533cd5479cfac0aa39a1f4199a4465c8ee2f98,xgboost,DP0,,,,,,,,,,,,,,,,,,,,,,,,,,,,,,,,,,,,,,,,,,,,,,,,reliability_bin,3,656,80,0.0513822605788,0.051282197237,0.051665250212,0.0705689589334,0.100076277651
later,2018-02,2018-02,,xgboost,DP0,,full,raw,raw,,,,d73b829acd99738a4439a9617c00d6c1853264dafc0ddc6eba6af6485003e07a,,,,0.222900763359,,,,,,,,,,,,02786257f3541e7684cbb92ee3533cd5479cfac0aa39a1f4199a4465c8ee2f98,xgboost,DP0,,,,,,,,,,,,,,,,,,,,,,,,,,,,,,,,,,,,,,,,,,,,,,,,reliability_bin,4,655,146,0.0516762851304,0.051665250212,0.0516991838813,0.171224478228,0.0999237223494
later,2018-02,2018-02,,xgboost,DP0,,full,raw,raw,,,,d73b829acd99738a4439a9617c00d6c1853264dafc0ddc6eba6af6485003e07a,,,,0.175304878049,,,,,,,,,,,,02786257f3541e7684cbb92ee3533cd5479cfac0aa39a1f4199a4465c8ee2f98,xgboost,DP0,,,,,,,,,,,,,,,,,,,,,,,,,,,,,,,,,,,,,,,,,,,,,,,,reliability_bin,5,656,115,0.0519756283043,0.0516991838813,0.0521534979343,0.123329249744,0.100076277651
later,2018-02,2018-02,,xgboost,DP0,,full,raw,raw,,,,d73b829acd99738a4439a9617c00d6c1853264dafc0ddc6eba6af6485003e07a,,,,0.174045801527,,,,,,,,,,,,02786257f3541e7684cbb92ee3533cd5479cfac0aa39a1f4199a4465c8ee2f98,xgboost,DP0,,,,,,,,,,,,,,,,,,,,,,,,,,,,,,,,,,,,,,,,,,,,,,,,reliability_bin,6,655,114,0.0521534979343,0.0521534979343,0.0521534979343,0.121892303592,0.0999237223494
later,2018-02,2018-02,,xgboost,DP0,,full,raw,raw,,,,d73b829acd99738a4439a9617c00d6c1853264dafc0ddc6eba6af6485003e07a,,,,0.15243902439,,,,,,,,,,,,02786257f3541e7684cbb92ee3533cd5479cfac0aa39a1f4199a4465c8ee2f98,xgboost,DP0,,,,,,,,,,,,,,,,,,,,,,,,,,,,,,,,,,,,,,,,,,,,,,,,reliability_bin,7,656,100,0.0521534979343,0.0521534979343,0.0521534979343,0.100285526456,0.100076277651
later,2018-02,2018-02,,xgboost,DP0,,full,raw,raw,,,,d73b829acd99738a4439a9617c00d6c1853264dafc0ddc6eba6af6485003e07a,,,,0.129770992366,,,,,,,,,,,,02786257f3541e7684cbb92ee3533cd5479cfac0aa39a1f4199a4465c8ee2f98,xgboost,DP0,,,,,,,,,,,,,,,,,,,,,,,,,,,,,,,,,,,,,,,,,,,,,,,,reliability_bin,8,655,85,0.0521534979343,0.0521534979343,0.0521534979343,0.0776174944321,0.0999237223494
later,2018-02,2018-02,,xgboost,DP0,,full,raw,raw,,,,d73b829acd99738a4439a9617c00d6c1853264dafc0ddc6eba6af6485003e07a,,,,0.143292682927,,,,,,,,,,,,02786257f3541e7684cbb92ee3533cd5479cfac0aa39a1f4199a4465c8ee2f98,xgboost,DP0,,,,,,,,,,,,,,,,,,,,,,,,,,,,,,,,,,,,,,,,,,,,,,,,reliability_bin,9,656,94,0.0521534979343,0.0521534979343,0.0521534979343,0.0911391849925,0.100076277651
later,2018-02,2018-02,,xgboost,DP0,,full,raw,raw,,,,d73b829acd99738a4439a9617c00d6c1853264dafc0ddc6eba6af6485003e07a,,,,0.193893129771,,,,,,,,,,,,02786257f3541e7684cbb92ee3533cd5479cfac0aa39a1f4199a4465c8ee2f98,xgboost,DP0,,,,,,,,,,,,,,,,,,,,,,,,,,,,,,,,,,,,,,,,,,,,,,,,reliability_bin,10,655,127,0.0523805792152,0.0521534979343,0.0567856431007,0.141512550556,0.0999237223494
later,2018-02,2018-02,,xgboost,DPB,,full,calibrated,calibrated,,,,8c7636cc25f064c253b990368fe9224c1f8cbf16cdacd64db23c63695d52b920,,,,0.0548780487805,,,,,,,,,,,,02786257f3541e7684cbb92ee3533cd5479cfac0aa39a1f4199a4465c8ee2f98,xgboost,DPB,,,,,,,,,,,,,,,,,,,,,,,,,,,,,,,,,,,,,,,,,,,,,,,,reliability_bin,1,656,36,0.0488824024796,0.0488824024796,0.0488824024796,0.00599564630084,0.100076277651
later,2018-02,2018-02,,xgboost,DPB,,full,calibrated,calibrated,,,,8c7636cc25f064c253b990368fe9224c1f8cbf16cdacd64db23c63695d52b920,,,,0.0656488549618,,,,,,,,,,,,02786257f3541e7684cbb92ee3533cd5479cfac0aa39a1f4199a4465c8ee2f98,xgboost,DPB,,,,,,,,,,,,,,,,,,,,,,,,,,,,,,,,,,,,,,,,,,,,,,,,reliability_bin,2,655,43,0.0489994538877,0.0488824024796,0.0493770390749,0.0166494010741,0.0999237223494
later,2018-02,2018-02,,xgboost,DPB,,full,calibrated,calibrated,,,,8c7636cc25f064c253b990368fe9224c1f8cbf16cdacd64db23c63695d52b920,,,,0.0701219512195,,,,,,,,,,,,02786257f3541e7684cbb92ee3533cd5479cfac0aa39a1f4199a4465c8ee2f98,xgboost,DPB,,,,,,,,,,,,,,,,,,,,,,,,,,,,,,,,,,,,,,,,,,,,,,,,reliability_bin,3,656,46,0.0495529892093,0.0493770390749,0.0501072444022,0.0205689620102,0.100076277651
later,2018-02,2018-02,,xgboost,DPB,,full,calibrated,calibrated,,,,8c7636cc25f064c253b990368fe9224c1f8cbf16cdacd64db23c63695d52b920,,,,0.0763358778626,,,,,,,,,,,,02786257f3541e7684cbb92ee3533cd5479cfac0aa39a1f4199a4465c8ee2f98,xgboost,DPB,,,,,,,,,,,,,,,,,,,,,,,,,,,,,,,,,,,,,,,,,,,,,,,,reliability_bin,4,655,50,0.0506136119366,0.0506136119366,0.0506136119366,0.025722265926,0.0999237223494
later,2018-02,2018-02,,xgboost,DPB,,full,calibrated,calibrated,,,,8c7636cc25f064c253b990368fe9224c1f8cbf16cdacd64db23c63695d52b920,,,,0.106707317073,,,,,,,,,,,,02786257f3541e7684cbb92ee3533cd5479cfac0aa39a1f4199a4465c8ee2f98,xgboost,DPB,,,,,,,,,,,,,,,,,,,,,,,,,,,,,,,,,,,,,,,,,,,,,,,,reliability_bin,5,656,70,0.0513347153347,0.0506136119366,0.0521351285279,0.0553726017384,0.100076277651
later,2018-02,2018-02,,xgboost,DPB,,full,calibrated,calibrated,,,,8c7636cc25f064c253b990368fe9224c1f8cbf16cdacd64db23c63695d52b920,,,,0.140458015267,,,,,,,,,,,,02786257f3541e7684cbb92ee3533cd5479cfac0aa39a1f4199a4465c8ee2f98,xgboost,DPB,,,,,,,,,,,,,,,,,,,,,,,,,,,,,,,,,,,,,,,,,,,,,,,,reliability_bin,6,655,92,0.052765496661,0.0521351285279,0.0542621091008,0.0876925186062,0.0999237223494
later,2018-02,2018-02,,xgboost,DPB,,full,calibrated,calibrated,,,,8c7636cc25f064c253b990368fe9224c1f8cbf16cdacd64db23c63695d52b920,,,,0.193597560976,,,,,,,,,,,,02786257f3541e7684cbb92ee3533cd5479cfac0aa39a1f4199a4465c8ee2f98,xgboost,DPB,,,,,,,,,,,,,,,,,,,,,,,,,,,,,,,,,,,,,,,,,,,,,,,,reliability_bin,7,656,127,0.0542621091008,0.0542621091008,0.0542621091008,0.139335451875,0.100076277651
later,2018-02,2018-02,,xgboost,DPB,,full,calibrated,calibrated,,,,8c7636cc25f064c253b990368fe9224c1f8cbf16cdacd64db23c63695d52b920,,,,0.274809160305,,,,,,,,,,,,02786257f3541e7684cbb92ee3533cd5479cfac0aa39a1f4199a4465c8ee2f98,xgboost,DPB,,,,,,,,,,,,,,,,,,,,,,,,,,,,,,,,,,,,,,,,,,,,,,,,reliability_bin,8,655,180,0.055016686591,0.0542621091008,0.0554769709706,0.219792473714,0.0999237223494
later,2018-02,2018-02,,xgboost,DPB,,full,calibrated,calibrated,,,,8c7636cc25f064c253b990368fe9224c1f8cbf16cdacd64db23c63695d52b920,,,,0.28506097561,,,,,,,,,,,,02786257f3541e7684cbb92ee3533cd5479cfac0aa39a1f4199a4465c8ee2f98,xgboost,DPB,,,,,,,,,,,,,,,,,,,,,,,,,,,,,,,,,,,,,,,,,,,,,,,,reliability_bin,9,656,187,0.0554769709706,0.0554769709706,0.0554769709706,0.229584004639,0.100076277651
later,2018-02,2018-02,,xgboost,DPB,,full,calibrated,calibrated,,,,8c7636cc25f064c253b990368fe9224c1f8cbf16cdacd64db23c63695d52b920,,,,0.145038167939,,,,,,,,,,,,02786257f3541e7684cbb92ee3533cd5479cfac0aa39a1f4199a4465c8ee2f98,xgboost,DPB,,,,,,,,,,,,,,,,,,,,,,,,,,,,,,,,,,,,,,,,,,,,,,,,reliability_bin,10,655,95,0.0882754425739,0.0554769709706,0.0990384295583,0.0567627253651,0.0999237223494
later,2018-02,2018-02,,xgboost,DPB,,full,raw,raw,,,,8c7636cc25f064c253b990368fe9224c1f8cbf16cdacd64db23c63695d52b920,,,,0.0548780487805,,,,,,,,,,,,02786257f3541e7684cbb92ee3533cd5479cfac0aa39a1f4199a4465c8ee2f98,xgboost,DPB,,,,,,,,,,,,,,,,,,,,,,,,,,,,,,,,,,,,,,,,,,,,,,,,reliability_bin,1,656,36,0.0488824024796,0.0488824024796,0.0488824024796,0.00599564630084,0.100076277651
later,2018-02,2018-02,,xgboost,DPB,,full,raw,raw,,,,8c7636cc25f064c253b990368fe9224c1f8cbf16cdacd64db23c63695d52b920,,,,0.0656488549618,,,,,,,,,,,,02786257f3541e7684cbb92ee3533cd5479cfac0aa39a1f4199a4465c8ee2f98,xgboost,DPB,,,,,,,,,,,,,,,,,,,,,,,,,,,,,,,,,,,,,,,,,,,,,,,,reliability_bin,2,655,43,0.0489994538877,0.0488824024796,0.0493770390749,0.0166494010741,0.0999237223494
later,2018-02,2018-02,,xgboost,DPB,,full,raw,raw,,,,8c7636cc25f064c253b990368fe9224c1f8cbf16cdacd64db23c63695d52b920,,,,0.0701219512195,,,,,,,,,,,,02786257f3541e7684cbb92ee3533cd5479cfac0aa39a1f4199a4465c8ee2f98,xgboost,DPB,,,,,,,,,,,,,,,,,,,,,,,,,,,,,,,,,,,,,,,,,,,,,,,,reliability_bin,3,656,46,0.0495529892093,0.0493770390749,0.0501072444022,0.0205689620102,0.100076277651
later,2018-02,2018-02,,xgboost,DPB,,full,raw,raw,,,,8c7636cc25f064c253b990368fe9224c1f8cbf16cdacd64db23c63695d52b920,,,,0.0763358778626,,,,,,,,,,,,02786257f3541e7684cbb92ee3533cd5479cfac0aa39a1f4199a4465c8ee2f98,xgboost,DPB,,,,,,,,,,,,,,,,,,,,,,,,,,,,,,,,,,,,,,,,,,,,,,,,reliability_bin,4,655,50,0.0506136119366,0.0506136119366,0.0506136119366,0.025722265926,0.0999237223494
later,2018-02,2018-02,,xgboost,DPB,,full,raw,raw,,,,8c7636cc25f064c253b990368fe9224c1f8cbf16cdacd64db23c63695d52b920,,,,0.106707317073,,,,,,,,,,,,02786257f3541e7684cbb92ee3533cd5479cfac0aa39a1f4199a4465c8ee2f98,xgboost,DPB,,,,,,,,,,,,,,,,,,,,,,,,,,,,,,,,,,,,,,,,,,,,,,,,reliability_bin,5,656,70,0.0513347153347,0.0506136119366,0.0521351285279,0.0553726017384,0.100076277651
later,2018-02,2018-02,,xgboost,DPB,,full,raw,raw,,,,8c7636cc25f064c253b990368fe9224c1f8cbf16cdacd64db23c63695d52b920,,,,0.140458015267,,,,,,,,,,,,02786257f3541e7684cbb92ee3533cd5479cfac0aa39a1f4199a4465c8ee2f98,xgboost,DPB,,,,,,,,,,,,,,,,,,,,,,,,,,,,,,,,,,,,,,,,,,,,,,,,reliability_bin,6,655,92,0.052765496661,0.0521351285279,0.0542621091008,0.0876925186062,0.0999237223494
later,2018-02,2018-02,,xgboost,DPB,,full,raw,raw,,,,8c7636cc25f064c253b990368fe9224c1f8cbf16cdacd64db23c63695d52b920,,,,0.193597560976,,,,,,,,,,,,02786257f3541e7684cbb92ee3533cd5479cfac0aa39a1f4199a4465c8ee2f98,xgboost,DPB,,,,,,,,,,,,,,,,,,,,,,,,,,,,,,,,,,,,,,,,,,,,,,,,reliability_bin,7,656,127,0.0542621091008,0.0542621091008,0.0542621091008,0.139335451875,0.100076277651
later,2018-02,2018-02,,xgboost,DPB,,full,raw,raw,,,,8c7636cc25f064c253b990368fe9224c1f8cbf16cdacd64db23c63695d52b920,,,,0.274809160305,,,,,,,,,,,,02786257f3541e7684cbb92ee3533cd5479cfac0aa39a1f4199a4465c8ee2f98,xgboost,DPB,,,,,,,,,,,,,,,,,,,,,,,,,,,,,,,,,,,,,,,,,,,,,,,,reliability_bin,8,655,180,0.055016686591,0.0542621091008,0.0554769709706,0.219792473714,0.0999237223494
later,2018-02,2018-02,,xgboost,DPB,,full,raw,raw,,,,8c7636cc25f064c253b990368fe9224c1f8cbf16cdacd64db23c63695d52b920,,,,0.28506097561,,,,,,,,,,,,02786257f3541e7684cbb92ee3533cd5479cfac0aa39a1f4199a4465c8ee2f98,xgboost,DPB,,,,,,,,,,,,,,,,,,,,,,,,,,,,,,,,,,,,,,,,,,,,,,,,reliability_bin,9,656,187,0.0554769709706,0.0554769709706,0.0554769709706,0.229584004639,0.100076277651
later,2018-02,2018-02,,xgboost,DPB,,full,raw,raw,,,,8c7636cc25f064c253b990368fe9224c1f8cbf16cdacd64db23c63695d52b920,,,,0.145038167939,,,,,,,,,,,,02786257f3541e7684cbb92ee3533cd5479cfac0aa39a1f4199a4465c8ee2f98,xgboost,DPB,,,,,,,,,,,,,,,,,,,,,,,,,,,,,,,,,,,,,,,,,,,,,,,,reliability_bin,10,655,95,0.0882754425739,0.0554769709706,0.0990384295583,0.0567627253651,0.0999237223494
later,2018-02,2018-02,,xgboost,DPG,,full,calibrated,calibrated,,,,22c8a81d99fa25cff298ca3ff2f9a92ae0baf56e645498926b0d51e2e2c125c7,,,,0.077743902439,,,,,,,,,,,,02786257f3541e7684cbb92ee3533cd5479cfac0aa39a1f4199a4465c8ee2f98,xgboost,DPG,,,,,,,,,,,,,,,,,,,,,,,,,,,,,,,,,,,,,,,,,,,,,,,,reliability_bin,1,656,51,0.0468893051147,0.0468893051147,0.0468893051147,0.0308545973243,0.100076277651
later,2018-02,2018-02,,xgboost,DPG,,full,calibrated,calibrated,,,,22c8a81d99fa25cff298ca3ff2f9a92ae0baf56e645498926b0d51e2e2c125c7,,,,0.0870229007634,,,,,,,,,,,,02786257f3541e7684cbb92ee3533cd5479cfac0aa39a1f4199a4465c8ee2f98,xgboost,DPG,,,,,,,,,,,,,,,,,,,,,,,,,,,,,,,,,,,,,,,,,,,,,,,,reliability_bin,2,655,57,0.0468893051147,0.0468893051147,0.0468893051147,0.0401335956486,0.0999237223494
later,2018-02,2018-02,,xgboost,DPG,,full,calibrated,calibrated,,,,22c8a81d99fa25cff298ca3ff2f9a92ae0baf56e645498926b0d51e2e2c125c7,,,,0.0655487804878,,,,,,,,,,,,02786257f3541e7684cbb92ee3533cd5479cfac0aa39a1f4199a4465c8ee2f98,xgboost,DPG,,,,,,,,,,,,,,,,,,,,,,,,,,,,,,,,,,,,,,,,,,,,,,,,reliability_bin,3,656,43,0.0471234130616,0.0468893051147,0.0489930696785,0.0184253674262,0.100076277651
later,2018-02,2018-02,,xgboost,DPG,,full,calibrated,calibrated,,,,22c8a81d99fa25cff298ca3ff2f9a92ae0baf56e645498926b0d51e2e2c125c7,,,,0.0412213740458,,,,,,,,,,,,02786257f3541e7684cbb92ee3533cd5479cfac0aa39a1f4199a4465c8ee2f98,xgboost,DPG,,,,,,,,,,,,,,,,,,,,,,,,,,,,,,,,,,,,,,,,,,,,,,,,reliability_bin,4,655,27,0.0500633351675,0.0495329275727,0.0506460666656,0.00884196112174,0.0999237223494
later,2018-02,2018-02,,xgboost,DPG,,full,calibrated,calibrated,,,,22c8a81d99fa25cff298ca3ff2f9a92ae0baf56e645498926b0d51e2e2c125c7,,,,0.106707317073,,,,,,,,,,,,02786257f3541e7684cbb92ee3533cd5479cfac0aa39a1f4199a4465c8ee2f98,xgboost,DPG,,,,,,,,,,,,,,,,,,,,,,,,,,,,,,,,,,,,,,,,,,,,,,,,reliability_bin,5,656,70,0.0518098610749,0.0506460666656,0.0522761270404,0.0548974559983,0.100076277651
later,2018-02,2018-02,,xgboost,DPG,,full,calibrated,calibrated,,,,22c8a81d99fa25cff298ca3ff2f9a92ae0baf56e645498926b0d51e2e2c125c7,,,,0.337404580153,,,,,,,,,,,,02786257f3541e7684cbb92ee3533cd5479cfac0aa39a1f4199a4465c8ee2f98,xgboost,DPG,,,,,,,,,,,,,,,,,,,,,,,,,,,,,,,,,,,,,,,,,,,,,,,,reliability_bin,6,655,221,0.0528658400851,0.0522761270404,0.0533742755651,0.284538740068,0.0999237223494
later,2018-02,2018-02,,xgboost,DPG,,full,calibrated,calibrated,,,,22c8a81d99fa25cff298ca3ff2f9a92ae0baf56e645498926b0d51e2e2c125c7,,,,0.109756097561,,,,,,,,,,,,02786257f3541e7684cbb92ee3533cd5479cfac0aa39a1f4199a4465c8ee2f98,xgboost,DPG,,,,,,,,,,,,,,,,,,,,,,,,,,,,,,,,,,,,,,,,,,,,,,,,reliability_bin,7,656,72,0.0533834450322,0.0533742755651,0.0533998720348,0.0563726525288,0.100076277651
later,2018-02,2018-02,,xgboost,DPG,,full,calibrated,calibrated,,,,22c8a81d99fa25cff298ca3ff2f9a92ae0baf56e645498926b0d51e2e2c125c7,,,,0.212213740458,,,,,,,,,,,,02786257f3541e7684cbb92ee3533cd5479cfac0aa39a1f4199a4465c8ee2f98,xgboost,DPG,,,,,,,,,,,,,,,,,,,,,,,,,,,,,,,,,,,,,,,,,,,,,,,,reliability_bin,8,655,139,0.0541473778206,0.0533998720348,0.0545202754438,0.158066362637,0.0999237223494
later,2018-02,2018-02,,xgboost,DPG,,full,calibrated,calibrated,,,,22c8a81d99fa25cff298ca3ff2f9a92ae0baf56e645498926b0d51e2e2c125c7,,,,0.227134146341,,,,,,,,,,,,02786257f3541e7684cbb92ee3533cd5479cfac0aa39a1f4199a4465c8ee2f98,xgboost,DPG,,,,,,,,,,,,,,,,,,,,,,,,,,,,,,,,,,,,,,,,,,,,,,,,reliability_bin,9,656,149,0.0545202754438,0.0545202754438,0.0545202754438,0.172613870898,0.100076277651
later,2018-02,2018-02,,xgboost,DPG,,full,calibrated,calibrated,,,,22c8a81d99fa25cff298ca3ff2f9a92ae0baf56e645498926b0d51e2e2c125c7,,,,0.148091603053,,,,,,,,,,,,02786257f3541e7684cbb92ee3533cd5479cfac0aa39a1f4199a4465c8ee2f98,xgboost,DPG,,,,,,,,,,,,,,,,,,,,,,,,,,,,,,,,,,,,,,,,,,,,,,,,reliability_bin,10,655,97,0.0708263535763,0.0545202754438,0.0756697431207,0.0772652494771,0.0999237223494
later,2018-02,2018-02,,xgboost,DPG,,full,raw,raw,,,,22c8a81d99fa25cff298ca3ff2f9a92ae0baf56e645498926b0d51e2e2c125c7,,,,0.077743902439,,,,,,,,,,,,02786257f3541e7684cbb92ee3533cd5479cfac0aa39a1f4199a4465c8ee2f98,xgboost,DPG,,,,,,,,,,,,,,,,,,,,,,,,,,,,,,,,,,,,,,,,,,,,,,,,reliability_bin,1,656,51,0.0468893051147,0.0468893051147,0.0468893051147,0.0308545973243,0.100076277651
later,2018-02,2018-02,,xgboost,DPG,,full,raw,raw,,,,22c8a81d99fa25cff298ca3ff2f9a92ae0baf56e645498926b0d51e2e2c125c7,,,,0.0870229007634,,,,,,,,,,,,02786257f3541e7684cbb92ee3533cd5479cfac0aa39a1f4199a4465c8ee2f98,xgboost,DPG,,,,,,,,,,,,,,,,,,,,,,,,,,,,,,,,,,,,,,,,,,,,,,,,reliability_bin,2,655,57,0.0468893051147,0.0468893051147,0.0468893051147,0.0401335956486,0.0999237223494
later,2018-02,2018-02,,xgboost,DPG,,full,raw,raw,,,,22c8a81d99fa25cff298ca3ff2f9a92ae0baf56e645498926b0d51e2e2c125c7,,,,0.0655487804878,,,,,,,,,,,,02786257f3541e7684cbb92ee3533cd5479cfac0aa39a1f4199a4465c8ee2f98,xgboost,DPG,,,,,,,,,,,,,,,,,,,,,,,,,,,,,,,,,,,,,,,,,,,,,,,,reliability_bin,3,656,43,0.0471234130616,0.0468893051147,0.0489930696785,0.0184253674262,0.100076277651
later,2018-02,2018-02,,xgboost,DPG,,full,raw,raw,,,,22c8a81d99fa25cff298ca3ff2f9a92ae0baf56e645498926b0d51e2e2c125c7,,,,0.0412213740458,,,,,,,,,,,,02786257f3541e7684cbb92ee3533cd5479cfac0aa39a1f4199a4465c8ee2f98,xgboost,DPG,,,,,,,,,,,,,,,,,,,,,,,,,,,,,,,,,,,,,,,,,,,,,,,,reliability_bin,4,655,27,0.0500633351675,0.0495329275727,0.0506460666656,0.00884196112174,0.0999237223494
later,2018-02,2018-02,,xgboost,DPG,,full,raw,raw,,,,22c8a81d99fa25cff298ca3ff2f9a92ae0baf56e645498926b0d51e2e2c125c7,,,,0.106707317073,,,,,,,,,,,,02786257f3541e7684cbb92ee3533cd5479cfac0aa39a1f4199a4465c8ee2f98,xgboost,DPG,,,,,,,,,,,,,,,,,,,,,,,,,,,,,,,,,,,,,,,,,,,,,,,,reliability_bin,5,656,70,0.0518098610749,0.0506460666656,0.0522761270404,0.0548974559983,0.100076277651
later,2018-02,2018-02,,xgboost,DPG,,full,raw,raw,,,,22c8a81d99fa25cff298ca3ff2f9a92ae0baf56e645498926b0d51e2e2c125c7,,,,0.337404580153,,,,,,,,,,,,02786257f3541e7684cbb92ee3533cd5479cfac0aa39a1f4199a4465c8ee2f98,xgboost,DPG,,,,,,,,,,,,,,,,,,,,,,,,,,,,,,,,,,,,,,,,,,,,,,,,reliability_bin,6,655,221,0.0528658400851,0.0522761270404,0.0533742755651,0.284538740068,0.0999237223494
later,2018-02,2018-02,,xgboost,DPG,,full,raw,raw,,,,22c8a81d99fa25cff298ca3ff2f9a92ae0baf56e645498926b0d51e2e2c125c7,,,,0.109756097561,,,,,,,,,,,,02786257f3541e7684cbb92ee3533cd5479cfac0aa39a1f4199a4465c8ee2f98,xgboost,DPG,,,,,,,,,,,,,,,,,,,,,,,,,,,,,,,,,,,,,,,,,,,,,,,,reliability_bin,7,656,72,0.0533834450322,0.0533742755651,0.0533998720348,0.0563726525288,0.100076277651
later,2018-02,2018-02,,xgboost,DPG,,full,raw,raw,,,,22c8a81d99fa25cff298ca3ff2f9a92ae0baf56e645498926b0d51e2e2c125c7,,,,0.212213740458,,,,,,,,,,,,02786257f3541e7684cbb92ee3533cd5479cfac0aa39a1f4199a4465c8ee2f98,xgboost,DPG,,,,,,,,,,,,,,,,,,,,,,,,,,,,,,,,,,,,,,,,,,,,,,,,reliability_bin,8,655,139,0.0541473778206,0.0533998720348,0.0545202754438,0.158066362637,0.0999237223494
later,2018-02,2018-02,,xgboost,DPG,,full,raw,raw,,,,22c8a81d99fa25cff298ca3ff2f9a92ae0baf56e645498926b0d51e2e2c125c7,,,,0.227134146341,,,,,,,,,,,,02786257f3541e7684cbb92ee3533cd5479cfac0aa39a1f4199a4465c8ee2f98,xgboost,DPG,,,,,,,,,,,,,,,,,,,,,,,,,,,,,,,,,,,,,,,,,,,,,,,,reliability_bin,9,656,149,0.0545202754438,0.0545202754438,0.0545202754438,0.172613870898,0.100076277651
later,2018-02,2018-02,,xgboost,DPG,,full,raw,raw,,,,22c8a81d99fa25cff298ca3ff2f9a92ae0baf56e645498926b0d51e2e2c125c7,,,,0.148091603053,,,,,,,,,,,,02786257f3541e7684cbb92ee3533cd5479cfac0aa39a1f4199a4465c8ee2f98,xgboost,DPG,,,,,,,,,,,,,,,,,,,,,,,,,,,,,,,,,,,,,,,,,,,,,,,,reliability_bin,10,655,97,0.0708263535763,0.0545202754438,0.0756697431207,0.0772652494771,0.0999237223494
later,2018-02,2018-02,,xgboost,DPS,,full,calibrated,calibrated,,,,6ad94722b36420097ace54122da3591d30c5c5a0e2c5889821b8dddd183b6440,,,,0.103658536585,,,,,,,,,,,,02786257f3541e7684cbb92ee3533cd5479cfac0aa39a1f4199a4465c8ee2f98,xgboost,DPS,,,,,,,,,,,,,,,,,,,,,,,,,,,,,,,,,,,,,,,,,,,,,,,,reliability_bin,1,656,68,0.0498831347142,0.0491248555481,0.050323124975,0.0537754018712,0.100076277651
later,2018-02,2018-02,,xgboost,DPS,,full,calibrated,calibrated,,,,6ad94722b36420097ace54122da3591d30c5c5a0e2c5889821b8dddd183b6440,,,,0.123664122137,,,,,,,,,,,,02786257f3541e7684cbb92ee3533cd5479cfac0aa39a1f4199a4465c8ee2f98,xgboost,DPS,,,,,,,,,,,,,,,,,,,,,,,,,,,,,,,,,,,,,,,,,,,,,,,,reliability_bin,2,655,81,0.050323124975,0.050323124975,0.050323124975,0.0733409971624,0.0999237223494
later,2018-02,2018-02,,xgboost,DPS,,full,calibrated,calibrated,,,,6ad94722b36420097ace54122da3591d30c5c5a0e2c5889821b8dddd183b6440,,,,0.120426829268,,,,,,,,,,,,02786257f3541e7684cbb92ee3533cd5479cfac0aa39a1f4199a4465c8ee2f98,xgboost,DPS,,,,,,,,,,,,,,,,,,,,,,,,,,,,,,,,,,,,,,,,,,,,,,,,reliability_bin,3,656,79,0.050323124975,0.050323124975,0.050323124975,0.0701037042933,0.100076277651
later,2018-02,2018-02,,xgboost,DPS,,full,calibrated,calibrated,,,,6ad94722b36420097ace54122da3591d30c5c5a0e2c5889821b8dddd183b6440,,,,0.186259541985,,,,,,,,,,,,02786257f3541e7684cbb92ee3533cd5479cfac0aa39a1f4199a4465c8ee2f98,xgboost,DPS,,,,,,,,,,,,,,,,,,,,,,,,,,,,,,,,,,,,,,,,,,,,,,,,reliability_bin,4,655,122,0.0506320106847,0.050323124975,0.0507752783597,0.1356275313,0.0999237223494
later,2018-02,2018-02,,xgboost,DPS,,full,calibrated,calibrated,,,,6ad94722b36420097ace54122da3591d30c5c5a0e2c5889821b8dddd183b6440,,,,0.106707317073,,,,,,,,,,,,02786257f3541e7684cbb92ee3533cd5479cfac0aa39a1f4199a4465c8ee2f98,xgboost,DPS,,,,,,,,,,,,,,,,,,,,,,,,,,,,,,,,,,,,,,,,,,,,,,,,reliability_bin,5,656,70,0.0516664924713,0.0507752783597,0.0518870167434,0.0550408246018,0.100076277651
later,2018-02,2018-02,,xgboost,DPS,,full,calibrated,calibrated,,,,6ad94722b36420097ace54122da3591d30c5c5a0e2c5889821b8dddd183b6440,,,,0.13893129771,,,,,,,,,,,,02786257f3541e7684cbb92ee3533cd5479cfac0aa39a1f4199a4465c8ee2f98,xgboost,DPS,,,,,,,,,,,,,,,,,,,,,,,,,,,,,,,,,,,,,,,,,,,,,,,,reliability_bin,6,655,91,0.0518870167434,0.0518870167434,0.0518870167434,0.0870442809665,0.0999237223494
later,2018-02,2018-02,,xgboost,DPS,,full,calibrated,calibrated,,,,6ad94722b36420097ace54122da3591d30c5c5a0e2c5889821b8dddd183b6440,,,,0.155487804878,,,,,,,,,,,,02786257f3541e7684cbb92ee3533cd5479cfac0aa39a1f4199a4465c8ee2f98,xgboost,DPS,,,,,,,,,,,,,,,,,,,,,,,,,,,,,,,,,,,,,,,,,,,,,,,,reliability_bin,7,656,102,0.0523784203091,0.0518870167434,0.0526651442051,0.103109384569,0.100076277651
later,2018-02,2018-02,,xgboost,DPS,,full,calibrated,calibrated,,,,6ad94722b36420097ace54122da3591d30c5c5a0e2c5889821b8dddd183b6440,,,,0.16641221374,,,,,,,,,,,,02786257f3541e7684cbb92ee3533cd5479cfac0aa39a1f4199a4465c8ee2f98,xgboost,DPS,,,,,,,,,,,,,,,,,,,,,,,,,,,,,,,,,,,,,,,,,,,,,,,,reliability_bin,8,655,109,0.0528892227541,0.0526651442051,0.0529676228762,0.113522990986,0.0999237223494
later,2018-02,2018-02,,xgboost,DPS,,full,calibrated,calibrated,,,,6ad94722b36420097ace54122da3591d30c5c5a0e2c5889821b8dddd183b6440,,,,0.147865853659,,,,,,,,,,,,02786257f3541e7684cbb92ee3533cd5479cfac0aa39a1f4199a4465c8ee2f98,xgboost,DPS,,,,,,,,,,,,,,,,,,,,,,,,,,,,,,,,,,,,,,,,,,,,,,,,reliability_bin,9,656,97,0.0529676228762,0.0529676228762,0.0529676228762,0.0948982307824,0.100076277651
later,2018-02,2018-02,,xgboost,DPS,,full,calibrated,calibrated,,,,6ad94722b36420097ace54122da3591d30c5c5a0e2c5889821b8dddd183b6440,,,,0.163358778626,,,,,,,,,,,,02786257f3541e7684cbb92ee3533cd5479cfac0aa39a1f4199a4465c8ee2f98,xgboost,DPS,,,,,,,,,,,,,,,,,,,,,,,,,,,,,,,,,,,,,,,,,,,,,,,,reliability_bin,10,655,107,0.0556455783091,0.0529676228762,0.0639626383781,0.107713200317,0.0999237223494
later,2018-02,2018-02,,xgboost,DPS,,full,raw,raw,,,,6ad94722b36420097ace54122da3591d30c5c5a0e2c5889821b8dddd183b6440,,,,0.103658536585,,,,,,,,,,,,02786257f3541e7684cbb92ee3533cd5479cfac0aa39a1f4199a4465c8ee2f98,xgboost,DPS,,,,,,,,,,,,,,,,,,,,,,,,,,,,,,,,,,,,,,,,,,,,,,,,reliability_bin,1,656,68,0.0498831347142,0.0491248555481,0.050323124975,0.0537754018712,0.100076277651
later,2018-02,2018-02,,xgboost,DPS,,full,raw,raw,,,,6ad94722b36420097ace54122da3591d30c5c5a0e2c5889821b8dddd183b6440,,,,0.123664122137,,,,,,,,,,,,02786257f3541e7684cbb92ee3533cd5479cfac0aa39a1f4199a4465c8ee2f98,xgboost,DPS,,,,,,,,,,,,,,,,,,,,,,,,,,,,,,,,,,,,,,,,,,,,,,,,reliability_bin,2,655,81,0.050323124975,0.050323124975,0.050323124975,0.0733409971624,0.0999237223494
later,2018-02,2018-02,,xgboost,DPS,,full,raw,raw,,,,6ad94722b36420097ace54122da3591d30c5c5a0e2c5889821b8dddd183b6440,,,,0.120426829268,,,,,,,,,,,,02786257f3541e7684cbb92ee3533cd5479cfac0aa39a1f4199a4465c8ee2f98,xgboost,DPS,,,,,,,,,,,,,,,,,,,,,,,,,,,,,,,,,,,,,,,,,,,,,,,,reliability_bin,3,656,79,0.050323124975,0.050323124975,0.050323124975,0.0701037042933,0.100076277651
later,2018-02,2018-02,,xgboost,DPS,,full,raw,raw,,,,6ad94722b36420097ace54122da3591d30c5c5a0e2c5889821b8dddd183b6440,,,,0.186259541985,,,,,,,,,,,,02786257f3541e7684cbb92ee3533cd5479cfac0aa39a1f4199a4465c8ee2f98,xgboost,DPS,,,,,,,,,,,,,,,,,,,,,,,,,,,,,,,,,,,,,,,,,,,,,,,,reliability_bin,4,655,122,0.0506320106847,0.050323124975,0.0507752783597,0.1356275313,0.0999237223494
later,2018-02,2018-02,,xgboost,DPS,,full,raw,raw,,,,6ad94722b36420097ace54122da3591d30c5c5a0e2c5889821b8dddd183b6440,,,,0.106707317073,,,,,,,,,,,,02786257f3541e7684cbb92ee3533cd5479cfac0aa39a1f4199a4465c8ee2f98,xgboost,DPS,,,,,,,,,,,,,,,,,,,,,,,,,,,,,,,,,,,,,,,,,,,,,,,,reliability_bin,5,656,70,0.0516664924713,0.0507752783597,0.0518870167434,0.0550408246018,0.100076277651
later,2018-02,2018-02,,xgboost,DPS,,full,raw,raw,,,,6ad94722b36420097ace54122da3591d30c5c5a0e2c5889821b8dddd183b6440,,,,0.13893129771,,,,,,,,,,,,02786257f3541e7684cbb92ee3533cd5479cfac0aa39a1f4199a4465c8ee2f98,xgboost,DPS,,,,,,,,,,,,,,,,,,,,,,,,,,,,,,,,,,,,,,,,,,,,,,,,reliability_bin,6,655,91,0.0518870167434,0.0518870167434,0.0518870167434,0.0870442809665,0.0999237223494
later,2018-02,2018-02,,xgboost,DPS,,full,raw,raw,,,,6ad94722b36420097ace54122da3591d30c5c5a0e2c5889821b8dddd183b6440,,,,0.155487804878,,,,,,,,,,,,02786257f3541e7684cbb92ee3533cd5479cfac0aa39a1f4199a4465c8ee2f98,xgboost,DPS,,,,,,,,,,,,,,,,,,,,,,,,,,,,,,,,,,,,,,,,,,,,,,,,reliability_bin,7,656,102,0.0523784203091,0.0518870167434,0.0526651442051,0.103109384569,0.100076277651
later,2018-02,2018-02,,xgboost,DPS,,full,raw,raw,,,,6ad94722b36420097ace54122da3591d30c5c5a0e2c5889821b8dddd183b6440,,,,0.16641221374,,,,,,,,,,,,02786257f3541e7684cbb92ee3533cd5479cfac0aa39a1f4199a4465c8ee2f98,xgboost,DPS,,,,,,,,,,,,,,,,,,,,,,,,,,,,,,,,,,,,,,,,,,,,,,,,reliability_bin,8,655,109,0.0528892227541,0.0526651442051,0.0529676228762,0.113522990986,0.0999237223494
later,2018-02,2018-02,,xgboost,DPS,,full,raw,raw,,,,6ad94722b36420097ace54122da3591d30c5c5a0e2c5889821b8dddd183b6440,,,,0.147865853659,,,,,,,,,,,,02786257f3541e7684cbb92ee3533cd5479cfac0aa39a1f4199a4465c8ee2f98,xgboost,DPS,,,,,,,,,,,,,,,,,,,,,,,,,,,,,,,,,,,,,,,,,,,,,,,,reliability_bin,9,656,97,0.0529676228762,0.0529676228762,0.0529676228762,0.0948982307824,0.100076277651
later,2018-02,2018-02,,xgboost,DPS,,full,raw,raw,,,,6ad94722b36420097ace54122da3591d30c5c5a0e2c5889821b8dddd183b6440,,,,0.163358778626,,,,,,,,,,,,02786257f3541e7684cbb92ee3533cd5479cfac0aa39a1f4199a4465c8ee2f98,xgboost,DPS,,,,,,,,,,,,,,,,,,,,,,,,,,,,,,,,,,,,,,,,,,,,,,,,reliability_bin,10,655,107,0.0556455783091,0.0529676228762,0.0639626383781,0.107713200317,0.0999237223494
later,2018-03,2018-03,,logistic_l2,DP0,,full,calibrated,calibrated,,,,22cf12e9c037f6ca71efb154eb3124f6d687e79288f677cd471c943964943d7d,,,,0.134094151213,,,,,,,,,,,,184fab6850ceddcb6640c6d7c40a99ad76b6567a0af96fd41049a0eaafe65828,logistic_l2,DP0,,,,,,,,,,,,,,,,,,,,,,,,,,,,,,,,,,,,,,,,,,,,,,,,reliability_bin,1,701,94,0.0485333865545,0.0270922623095,0.0499484404599,0.085560764658,0.100099957161
later,2018-03,2018-03,,logistic_l2,DP0,,full,calibrated,calibrated,,,,22cf12e9c037f6ca71efb154eb3124f6d687e79288f677cd471c943964943d7d,,,,0.19,,,,,,,,,,,,184fab6850ceddcb6640c6d7c40a99ad76b6567a0af96fd41049a0eaafe65828,logistic_l2,DP0,,,,,,,,,,,,,,,,,,,,,,,,,,,,,,,,,,,,,,,,,,,,,,,,reliability_bin,2,700,133,0.0506465793801,0.0499485088549,0.0511847393415,0.13935342062,0.0999571612166
later,2018-03,2018-03,,logistic_l2,DP0,,full,calibrated,calibrated,,,,22cf12e9c037f6ca71efb154eb3124f6d687e79288f677cd471c943964943d7d,,,,0.204285714286,,,,,,,,,,,,184fab6850ceddcb6640c6d7c40a99ad76b6567a0af96fd41049a0eaafe65828,logistic_l2,DP0,,,,,,,,,,,,,,,,,,,,,,,,,,,,,,,,,,,,,,,,,,,,,,,,reliability_bin,3,700,143,0.0515013101303,0.0511849462883,0.0517853216096,0.152784404155,0.0999571612166
later,2018-03,2018-03,,logistic_l2,DP0,,full,calibrated,calibrated,,,,22cf12e9c037f6ca71efb154eb3124f6d687e79288f677cd471c943964943d7d,,,,0.219686162625,,,,,,,,,,,,184fab6850ceddcb6640c6d7c40a99ad76b6567a0af96fd41049a0eaafe65828,logistic_l2,DP0,,,,,,,,,,,,,,,,,,,,,,,,,,,,,,,,,,,,,,,,,,,,,,,,reliability_bin,4,701,154,0.0520867852162,0.0517858477945,0.0523405610192,0.167599377409,0.100099957161
later,2018-03,2018-03,,logistic_l2,DP0,,full,calibrated,calibrated,,,,22cf12e9c037f6ca71efb154eb3124f6d687e79288f677cd471c943964943d7d,,,,0.251428571429,,,,,,,,,,,,184fab6850ceddcb6640c6d7c40a99ad76b6567a0af96fd41049a0eaafe65828,logistic_l2,DP0,,,,,,,,,,,,,,,,,,,,,,,,,,,,,,,,,,,,,,,,,,,,,,,,reliability_bin,5,700,176,0.0526128915351,0.0523406667002,0.0528220055656,0.198815679893,0.0999571612166
later,2018-03,2018-03,,logistic_l2,DP0,,full,calibrated,calibrated,,,,22cf12e9c037f6ca71efb154eb3124f6d687e79288f677cd471c943964943d7d,,,,0.331428571429,,,,,,,,,,,,184fab6850ceddcb6640c6d7c40a99ad76b6567a0af96fd41049a0eaafe65828,logistic_l2,DP0,,,,,,,,,,,,,,,,,,,,,,,,,,,,,,,,,,,,,,,,,,,,,,,,reliability_bin,6,700,232,0.053049858987,0.0528222407105,0.0533195627004,0.278378712442,0.0999571612166
later,2018-03,2018-03,,logistic_l2,DP0,,full,calibrated,calibrated,,,,22cf12e9c037f6ca71efb154eb3124f6d687e79288f677cd471c943964943d7d,,,,0.212553495007,,,,,,,,,,,,184fab6850ceddcb6640c6d7c40a99ad76b6567a0af96fd41049a0eaafe65828,logistic_l2,DP0,,,,,,,,,,,,,,,,,,,,,,,,,,,,,,,,,,,,,,,,,,,,,,,,reliability_bin,7,701,149,0.0535352179124,0.053319625963,0.0537057211254,0.159018277095,0.100099957161
later,2018-03,2018-03,,logistic_l2,DP0,,full,calibrated,calibrated,,,,22cf12e9c037f6ca71efb154eb3124f6d687e79288f677cd471c943964943d7d,,,,0.222857142857,,,,,,,,,,,,184fab6850ceddcb6640c6d7c40a99ad76b6567a0af96fd41049a0eaafe65828,logistic_l2,DP0,,,,,,,,,,,,,,,,,,,,,,,,,,,,,,,,,,,,,,,,,,,,,,,,reliability_bin,8,700,156,0.0540004991419,0.053706119219,0.0542613669745,0.168856643715,0.0999571612166
later,2018-03,2018-03,,logistic_l2,DP0,,full,calibrated,calibrated,,,,22cf12e9c037f6ca71efb154eb3124f6d687e79288f677cd471c943964943d7d,,,,0.07,,,,,,,,,,,,184fab6850ceddcb6640c6d7c40a99ad76b6567a0af96fd41049a0eaafe65828,logistic_l2,DP0,,,,,,,,,,,,,,,,,,,,,,,,,,,,,,,,,,,,,,,,,,,,,,,,reliability_bin,9,700,49,0.0549847463751,0.0542622931317,0.055390846857,0.0150152536249,0.0999571612166
later,2018-03,2018-03,,logistic_l2,DP0,,full,calibrated,calibrated,,,,22cf12e9c037f6ca71efb154eb3124f6d687e79288f677cd471c943964943d7d,,,,0.06,,,,,,,,,,,,184fab6850ceddcb6640c6d7c40a99ad76b6567a0af96fd41049a0eaafe65828,logistic_l2,DP0,,,,,,,,,,,,,,,,,,,,,,,,,,,,,,,,,,,,,,,,,,,,,,,,reliability_bin,10,700,42,0.0557634822593,0.055391305893,0.0562580970099,0.00423651774075,0.0999571612166
later,2018-03,2018-03,,logistic_l2,DP0,,full,raw,raw,,,,22cf12e9c037f6ca71efb154eb3124f6d687e79288f677cd471c943964943d7d,,,,0.134094151213,,,,,,,,,,,,184fab6850ceddcb6640c6d7c40a99ad76b6567a0af96fd41049a0eaafe65828,logistic_l2,DP0,,,,,,,,,,,,,,,,,,,,,,,,,,,,,,,,,,,,,,,,,,,,,,,,reliability_bin,1,701,94,0.0485333865545,0.0270922623095,0.0499484404599,0.085560764658,0.100099957161
later,2018-03,2018-03,,logistic_l2,DP0,,full,raw,raw,,,,22cf12e9c037f6ca71efb154eb3124f6d687e79288f677cd471c943964943d7d,,,,0.19,,,,,,,,,,,,184fab6850ceddcb6640c6d7c40a99ad76b6567a0af96fd41049a0eaafe65828,logistic_l2,DP0,,,,,,,,,,,,,,,,,,,,,,,,,,,,,,,,,,,,,,,,,,,,,,,,reliability_bin,2,700,133,0.0506465793801,0.0499485088549,0.0511847393415,0.13935342062,0.0999571612166
later,2018-03,2018-03,,logistic_l2,DP0,,full,raw,raw,,,,22cf12e9c037f6ca71efb154eb3124f6d687e79288f677cd471c943964943d7d,,,,0.204285714286,,,,,,,,,,,,184fab6850ceddcb6640c6d7c40a99ad76b6567a0af96fd41049a0eaafe65828,logistic_l2,DP0,,,,,,,,,,,,,,,,,,,,,,,,,,,,,,,,,,,,,,,,,,,,,,,,reliability_bin,3,700,143,0.0515013101303,0.0511849462883,0.0517853216096,0.152784404155,0.0999571612166
later,2018-03,2018-03,,logistic_l2,DP0,,full,raw,raw,,,,22cf12e9c037f6ca71efb154eb3124f6d687e79288f677cd471c943964943d7d,,,,0.219686162625,,,,,,,,,,,,184fab6850ceddcb6640c6d7c40a99ad76b6567a0af96fd41049a0eaafe65828,logistic_l2,DP0,,,,,,,,,,,,,,,,,,,,,,,,,,,,,,,,,,,,,,,,,,,,,,,,reliability_bin,4,701,154,0.0520867852162,0.0517858477945,0.0523405610192,0.167599377409,0.100099957161
later,2018-03,2018-03,,logistic_l2,DP0,,full,raw,raw,,,,22cf12e9c037f6ca71efb154eb3124f6d687e79288f677cd471c943964943d7d,,,,0.251428571429,,,,,,,,,,,,184fab6850ceddcb6640c6d7c40a99ad76b6567a0af96fd41049a0eaafe65828,logistic_l2,DP0,,,,,,,,,,,,,,,,,,,,,,,,,,,,,,,,,,,,,,,,,,,,,,,,reliability_bin,5,700,176,0.0526128915351,0.0523406667002,0.0528220055656,0.198815679893,0.0999571612166
later,2018-03,2018-03,,logistic_l2,DP0,,full,raw,raw,,,,22cf12e9c037f6ca71efb154eb3124f6d687e79288f677cd471c943964943d7d,,,,0.331428571429,,,,,,,,,,,,184fab6850ceddcb6640c6d7c40a99ad76b6567a0af96fd41049a0eaafe65828,logistic_l2,DP0,,,,,,,,,,,,,,,,,,,,,,,,,,,,,,,,,,,,,,,,,,,,,,,,reliability_bin,6,700,232,0.053049858987,0.0528222407105,0.0533195627004,0.278378712442,0.0999571612166
later,2018-03,2018-03,,logistic_l2,DP0,,full,raw,raw,,,,22cf12e9c037f6ca71efb154eb3124f6d687e79288f677cd471c943964943d7d,,,,0.212553495007,,,,,,,,,,,,184fab6850ceddcb6640c6d7c40a99ad76b6567a0af96fd41049a0eaafe65828,logistic_l2,DP0,,,,,,,,,,,,,,,,,,,,,,,,,,,,,,,,,,,,,,,,,,,,,,,,reliability_bin,7,701,149,0.0535352179124,0.053319625963,0.0537057211254,0.159018277095,0.100099957161
later,2018-03,2018-03,,logistic_l2,DP0,,full,raw,raw,,,,22cf12e9c037f6ca71efb154eb3124f6d687e79288f677cd471c943964943d7d,,,,0.222857142857,,,,,,,,,,,,184fab6850ceddcb6640c6d7c40a99ad76b6567a0af96fd41049a0eaafe65828,logistic_l2,DP0,,,,,,,,,,,,,,,,,,,,,,,,,,,,,,,,,,,,,,,,,,,,,,,,reliability_bin,8,700,156,0.0540004991419,0.053706119219,0.0542613669745,0.168856643715,0.0999571612166
later,2018-03,2018-03,,logistic_l2,DP0,,full,raw,raw,,,,22cf12e9c037f6ca71efb154eb3124f6d687e79288f677cd471c943964943d7d,,,,0.07,,,,,,,,,,,,184fab6850ceddcb6640c6d7c40a99ad76b6567a0af96fd41049a0eaafe65828,logistic_l2,DP0,,,,,,,,,,,,,,,,,,,,,,,,,,,,,,,,,,,,,,,,,,,,,,,,reliability_bin,9,700,49,0.0549847463751,0.0542622931317,0.055390846857,0.0150152536249,0.0999571612166
later,2018-03,2018-03,,logistic_l2,DP0,,full,raw,raw,,,,22cf12e9c037f6ca71efb154eb3124f6d687e79288f677cd471c943964943d7d,,,,0.06,,,,,,,,,,,,184fab6850ceddcb6640c6d7c40a99ad76b6567a0af96fd41049a0eaafe65828,logistic_l2,DP0,,,,,,,,,,,,,,,,,,,,,,,,,,,,,,,,,,,,,,,,,,,,,,,,reliability_bin,10,700,42,0.0557634822593,0.055391305893,0.0562580970099,0.00423651774075,0.0999571612166
later,2018-03,2018-03,,logistic_l2,DPB,,full,calibrated,calibrated,,,,00ecd74f4678f94279a4064ce5804b89ed5efb257549258f93e6483fab5f789c,,,,0.0499286733238,,,,,,,,,,,,184fab6850ceddcb6640c6d7c40a99ad76b6567a0af96fd41049a0eaafe65828,logistic_l2,DPB,,,,,,,,,,,,,,,,,,,,,,,,,,,,,,,,,,,,,,,,,,,,,,,,reliability_bin,1,701,35,0.024808910685,2.05462592474e-06,0.0357657047125,0.0251197626388,0.100099957161
later,2018-03,2018-03,,logistic_l2,DPB,,full,calibrated,calibrated,,,,00ecd74f4678f94279a4064ce5804b89ed5efb257549258f93e6483fab5f789c,,,,0.111428571429,,,,,,,,,,,,184fab6850ceddcb6640c6d7c40a99ad76b6567a0af96fd41049a0eaafe65828,logistic_l2,DPB,,,,,,,,,,,,,,,,,,,,,,,,,,,,,,,,,,,,,,,,,,,,,,,,reliability_bin,2,700,78,0.0416237407632,0.0357857922991,0.0470857334315,0.0698048306654,0.0999571612166
later,2018-03,2018-03,,logistic_l2,DPB,,full,calibrated,calibrated,,,,00ecd74f4678f94279a4064ce5804b89ed5efb257549258f93e6483fab5f789c,,,,0.1,,,,,,,,,,,,184fab6850ceddcb6640c6d7c40a99ad76b6567a0af96fd41049a0eaafe65828,logistic_l2,DPB,,,,,,,,,,,,,,,,,,,,,,,,,,,,,,,,,,,,,,,,,,,,,,,,reliability_bin,3,700,70,0.05245273298,0.0471089231172,0.0576218784485,0.04754726702,0.0999571612166
later,2018-03,2018-03,,logistic_l2,DPB,,full,calibrated,calibrated,,,,00ecd74f4678f94279a4064ce5804b89ed5efb257549258f93e6483fab5f789c,,,,0.0784593437946,,,,,,,,,,,,184fab6850ceddcb6640c6d7c40a99ad76b6567a0af96fd41049a0eaafe65828,logistic_l2,DPB,,,,,,,,,,,,,,,,,,,,,,,,,,,,,,,,,,,,,,,,,,,,,,,,reliability_bin,4,701,55,0.0624557005018,0.0576479495125,0.0676187844531,0.0160036432928,0.100099957161
later,2018-03,2018-03,,logistic_l2,DPB,,full,calibrated,calibrated,,,,00ecd74f4678f94279a4064ce5804b89ed5efb257549258f93e6483fab5f789c,,,,0.104285714286,,,,,,,,,,,,184fab6850ceddcb6640c6d7c40a99ad76b6567a0af96fd41049a0eaafe65828,logistic_l2,DPB,,,,,,,,,,,,,,,,,,,,,,,,,,,,,,,,,,,,,,,,,,,,,,,,reliability_bin,5,700,73,0.0731601001066,0.0676189863044,0.0787657423439,0.0311256141791,0.0999571612166
later,2018-03,2018-03,,logistic_l2,DPB,,full,calibrated,calibrated,,,,00ecd74f4678f94279a4064ce5804b89ed5efb257549258f93e6483fab5f789c,,,,0.185714285714,,,,,,,,,,,,184fab6850ceddcb6640c6d7c40a99ad76b6567a0af96fd41049a0eaafe65828,logistic_l2,DPB,,,,,,,,,,,,,,,,,,,,,,,,,,,,,,,,,,,,,,,,,,,,,,,,reliability_bin,6,700,130,0.0849231623566,0.0787722875227,0.0914065590338,0.100791123358,0.0999571612166
later,2018-03,2018-03,,logistic_l2,DPB,,full,calibrated,calibrated,,,,00ecd74f4678f94279a4064ce5804b89ed5efb257549258f93e6483fab5f789c,,,,0.213980028531,,,,,,,,,,,,184fab6850ceddcb6640c6d7c40a99ad76b6567a0af96fd41049a0eaafe65828,logistic_l2,DPB,,,,,,,,,,,,,,,,,,,,,,,,,,,,,,,,,,,,,,,,,,,,,,,,reliability_bin,7,701,150,0.0991869887093,0.0914494051753,0.107238765391,0.114793039821,0.100099957161
later,2018-03,2018-03,,logistic_l2,DPB,,full,calibrated,calibrated,,,,00ecd74f4678f94279a4064ce5804b89ed5efb257549258f93e6483fab5f789c,,,,0.281428571429,,,,,,,,,,,,184fab6850ceddcb6640c6d7c40a99ad76b6567a0af96fd41049a0eaafe65828,logistic_l2,DPB,,,,,,,,,,,,,,,,,,,,,,,,,,,,,,,,,,,,,,,,,,,,,,,,reliability_bin,8,700,197,0.115719790088,0.107258607305,0.125438992275,0.165708781341,0.0999571612166
later,2018-03,2018-03,,logistic_l2,DPB,,full,calibrated,calibrated,,,,00ecd74f4678f94279a4064ce5804b89ed5efb257549258f93e6483fab5f789c,,,,0.324285714286,,,,,,,,,,,,184fab6850ceddcb6640c6d7c40a99ad76b6567a0af96fd41049a0eaafe65828,logistic_l2,DPB,,,,,,,,,,,,,,,,,,,,,,,,,,,,,,,,,,,,,,,,,,,,,,,,reliability_bin,9,700,227,0.140306915942,0.125550927407,0.158914739546,0.183978798343,0.0999571612166
later,2018-03,2018-03,,logistic_l2,DPB,,full,calibrated,calibrated,,,,00ecd74f4678f94279a4064ce5804b89ed5efb257549258f93e6483fab5f789c,,,,0.447142857143,,,,,,,,,,,,184fab6850ceddcb6640c6d7c40a99ad76b6567a0af96fd41049a0eaafe65828,logistic_l2,DPB,,,,,,,,,,,,,,,,,,,,,,,,,,,,,,,,,,,,,,,,,,,,,,,,reliability_bin,10,700,313,0.207358701532,0.158937145361,0.618140589284,0.239784155611,0.0999571612166
later,2018-03,2018-03,,logistic_l2,DPB,,full,raw,raw,,,,00ecd74f4678f94279a4064ce5804b89ed5efb257549258f93e6483fab5f789c,,,,0.0499286733238,,,,,,,,,,,,184fab6850ceddcb6640c6d7c40a99ad76b6567a0af96fd41049a0eaafe65828,logistic_l2,DPB,,,,,,,,,,,,,,,,,,,,,,,,,,,,,,,,,,,,,,,,,,,,,,,,reliability_bin,1,701,35,0.024808910685,2.05462592474e-06,0.0357657047125,0.0251197626388,0.100099957161
later,2018-03,2018-03,,logistic_l2,DPB,,full,raw,raw,,,,00ecd74f4678f94279a4064ce5804b89ed5efb257549258f93e6483fab5f789c,,,,0.111428571429,,,,,,,,,,,,184fab6850ceddcb6640c6d7c40a99ad76b6567a0af96fd41049a0eaafe65828,logistic_l2,DPB,,,,,,,,,,,,,,,,,,,,,,,,,,,,,,,,,,,,,,,,,,,,,,,,reliability_bin,2,700,78,0.0416237407632,0.0357857922991,0.0470857334315,0.0698048306654,0.0999571612166
later,2018-03,2018-03,,logistic_l2,DPB,,full,raw,raw,,,,00ecd74f4678f94279a4064ce5804b89ed5efb257549258f93e6483fab5f789c,,,,0.1,,,,,,,,,,,,184fab6850ceddcb6640c6d7c40a99ad76b6567a0af96fd41049a0eaafe65828,logistic_l2,DPB,,,,,,,,,,,,,,,,,,,,,,,,,,,,,,,,,,,,,,,,,,,,,,,,reliability_bin,3,700,70,0.05245273298,0.0471089231172,0.0576218784485,0.04754726702,0.0999571612166
later,2018-03,2018-03,,logistic_l2,DPB,,full,raw,raw,,,,00ecd74f4678f94279a4064ce5804b89ed5efb257549258f93e6483fab5f789c,,,,0.0784593437946,,,,,,,,,,,,184fab6850ceddcb6640c6d7c40a99ad76b6567a0af96fd41049a0eaafe65828,logistic_l2,DPB,,,,,,,,,,,,,,,,,,,,,,,,,,,,,,,,,,,,,,,,,,,,,,,,reliability_bin,4,701,55,0.0624557005018,0.0576479495125,0.0676187844531,0.0160036432928,0.100099957161
later,2018-03,2018-03,,logistic_l2,DPB,,full,raw,raw,,,,00ecd74f4678f94279a4064ce5804b89ed5efb257549258f93e6483fab5f789c,,,,0.104285714286,,,,,,,,,,,,184fab6850ceddcb6640c6d7c40a99ad76b6567a0af96fd41049a0eaafe65828,logistic_l2,DPB,,,,,,,,,,,,,,,,,,,,,,,,,,,,,,,,,,,,,,,,,,,,,,,,reliability_bin,5,700,73,0.0731601001066,0.0676189863044,0.0787657423439,0.0311256141791,0.0999571612166
later,2018-03,2018-03,,logistic_l2,DPB,,full,raw,raw,,,,00ecd74f4678f94279a4064ce5804b89ed5efb257549258f93e6483fab5f789c,,,,0.185714285714,,,,,,,,,,,,184fab6850ceddcb6640c6d7c40a99ad76b6567a0af96fd41049a0eaafe65828,logistic_l2,DPB,,,,,,,,,,,,,,,,,,,,,,,,,,,,,,,,,,,,,,,,,,,,,,,,reliability_bin,6,700,130,0.0849231623566,0.0787722875227,0.0914065590338,0.100791123358,0.0999571612166
later,2018-03,2018-03,,logistic_l2,DPB,,full,raw,raw,,,,00ecd74f4678f94279a4064ce5804b89ed5efb257549258f93e6483fab5f789c,,,,0.213980028531,,,,,,,,,,,,184fab6850ceddcb6640c6d7c40a99ad76b6567a0af96fd41049a0eaafe65828,logistic_l2,DPB,,,,,,,,,,,,,,,,,,,,,,,,,,,,,,,,,,,,,,,,,,,,,,,,reliability_bin,7,701,150,0.0991869887093,0.0914494051753,0.107238765391,0.114793039821,0.100099957161
later,2018-03,2018-03,,logistic_l2,DPB,,full,raw,raw,,,,00ecd74f4678f94279a4064ce5804b89ed5efb257549258f93e6483fab5f789c,,,,0.281428571429,,,,,,,,,,,,184fab6850ceddcb6640c6d7c40a99ad76b6567a0af96fd41049a0eaafe65828,logistic_l2,DPB,,,,,,,,,,,,,,,,,,,,,,,,,,,,,,,,,,,,,,,,,,,,,,,,reliability_bin,8,700,197,0.115719790088,0.107258607305,0.125438992275,0.165708781341,0.0999571612166
later,2018-03,2018-03,,logistic_l2,DPB,,full,raw,raw,,,,00ecd74f4678f94279a4064ce5804b89ed5efb257549258f93e6483fab5f789c,,,,0.324285714286,,,,,,,,,,,,184fab6850ceddcb6640c6d7c40a99ad76b6567a0af96fd41049a0eaafe65828,logistic_l2,DPB,,,,,,,,,,,,,,,,,,,,,,,,,,,,,,,,,,,,,,,,,,,,,,,,reliability_bin,9,700,227,0.140306915942,0.125550927407,0.158914739546,0.183978798343,0.0999571612166
later,2018-03,2018-03,,logistic_l2,DPB,,full,raw,raw,,,,00ecd74f4678f94279a4064ce5804b89ed5efb257549258f93e6483fab5f789c,,,,0.447142857143,,,,,,,,,,,,184fab6850ceddcb6640c6d7c40a99ad76b6567a0af96fd41049a0eaafe65828,logistic_l2,DPB,,,,,,,,,,,,,,,,,,,,,,,,,,,,,,,,,,,,,,,,,,,,,,,,reliability_bin,10,700,313,0.207358701532,0.158937145361,0.618140589284,0.239784155611,0.0999571612166
later,2018-03,2018-03,,logistic_l2,DPG,,full,calibrated,calibrated,,,,4e87445cc12e7fa0e2fe82c7cfb155af1f47389e6d118c53e297abc401347be5,,,,0.0413694721826,,,,,,,,,,,,184fab6850ceddcb6640c6d7c40a99ad76b6567a0af96fd41049a0eaafe65828,logistic_l2,DPG,,,,,,,,,,,,,,,,,,,,,,,,,,,,,,,,,,,,,,,,,,,,,,,,reliability_bin,1,701,29,0.0246119872819,6.33334749988e-06,0.0382087112346,0.0167574849007,0.100099957161
later,2018-03,2018-03,,logistic_l2,DPG,,full,calibrated,calibrated,,,,4e87445cc12e7fa0e2fe82c7cfb155af1f47389e6d118c53e297abc401347be5,,,,0.105714285714,,,,,,,,,,,,184fab6850ceddcb6640c6d7c40a99ad76b6567a0af96fd41049a0eaafe65828,logistic_l2,DPG,,,,,,,,,,,,,,,,,,,,,,,,,,,,,,,,,,,,,,,,,,,,,,,,reliability_bin,2,700,74,0.0424585393542,0.038267875564,0.0462781969679,0.0632557463601,0.0999571612166
later,2018-03,2018-03,,logistic_l2,DPG,,full,calibrated,calibrated,,,,4e87445cc12e7fa0e2fe82c7cfb155af1f47389e6d118c53e297abc401347be5,,,,0.138571428571,,,,,,,,,,,,184fab6850ceddcb6640c6d7c40a99ad76b6567a0af96fd41049a0eaafe65828,logistic_l2,DPG,,,,,,,,,,,,,,,,,,,,,,,,,,,,,,,,,,,,,,,,,,,,,,,,reliability_bin,3,700,97,0.0508597407234,0.0462796671381,0.0580962649041,0.0877116878481,0.0999571612166
later,2018-03,2018-03,,logistic_l2,DPG,,full,calibrated,calibrated,,,,4e87445cc12e7fa0e2fe82c7cfb155af1f47389e6d118c53e297abc401347be5,,,,0.0670470756063,,,,,,,,,,,,184fab6850ceddcb6640c6d7c40a99ad76b6567a0af96fd41049a0eaafe65828,logistic_l2,DPG,,,,,,,,,,,,,,,,,,,,,,,,,,,,,,,,,,,,,,,,,,,,,,,,reliability_bin,4,701,47,0.0614924750685,0.0581006268739,0.065480237236,0.00555460053773,0.100099957161
later,2018-03,2018-03,,logistic_l2,DPG,,full,calibrated,calibrated,,,,4e87445cc12e7fa0e2fe82c7cfb155af1f47389e6d118c53e297abc401347be5,,,,0.0957142857143,,,,,,,,,,,,184fab6850ceddcb6640c6d7c40a99ad76b6567a0af96fd41049a0eaafe65828,logistic_l2,DPG,,,,,,,,,,,,,,,,,,,,,,,,,,,,,,,,,,,,,,,,,,,,,,,,reliability_bin,5,700,67,0.0691872078957,0.0654861375102,0.0738226969545,0.0265270778186,0.0999571612166
later,2018-03,2018-03,,logistic_l2,DPG,,full,calibrated,calibrated,,,,4e87445cc12e7fa0e2fe82c7cfb155af1f47389e6d118c53e297abc401347be5,,,,0.152857142857,,,,,,,,,,,,184fab6850ceddcb6640c6d7c40a99ad76b6567a0af96fd41049a0eaafe65828,logistic_l2,DPG,,,,,,,,,,,,,,,,,,,,,,,,,,,,,,,,,,,,,,,,,,,,,,,,reliability_bin,6,700,107,0.0801733675906,0.0738268432447,0.0868863442146,0.0726837752666,0.0999571612166
later,2018-03,2018-03,,logistic_l2,DPG,,full,calibrated,calibrated,,,,4e87445cc12e7fa0e2fe82c7cfb155af1f47389e6d118c53e297abc401347be5,,,,0.232524964337,,,,,,,,,,,,184fab6850ceddcb6640c6d7c40a99ad76b6567a0af96fd41049a0eaafe65828,logistic_l2,DPG,,,,,,,,,,,,,,,,,,,,,,,,,,,,,,,,,,,,,,,,,,,,,,,,reliability_bin,7,701,163,0.0942052395789,0.0868938553424,0.10140711529,0.138319724758,0.100099957161
later,2018-03,2018-03,,logistic_l2,DPG,,full,calibrated,calibrated,,,,4e87445cc12e7fa0e2fe82c7cfb155af1f47389e6d118c53e297abc401347be5,,,,0.287142857143,,,,,,,,,,,,184fab6850ceddcb6640c6d7c40a99ad76b6567a0af96fd41049a0eaafe65828,logistic_l2,DPG,,,,,,,,,,,,,,,,,,,,,,,,,,,,,,,,,,,,,,,,,,,,,,,,reliability_bin,8,700,201,0.108566728413,0.101431100882,0.114944071264,0.17857612873,0.0999571612166
later,2018-03,2018-03,,logistic_l2,DPG,,full,calibrated,calibrated,,,,4e87445cc12e7fa0e2fe82c7cfb155af1f47389e6d118c53e297abc401347be5,,,,0.315714285714,,,,,,,,,,,,184fab6850ceddcb6640c6d7c40a99ad76b6567a0af96fd41049a0eaafe65828,logistic_l2,DPG,,,,,,,,,,,,,,,,,,,,,,,,,,,,,,,,,,,,,,,,,,,,,,,,reliability_bin,9,700,221,0.123702651436,0.1149758823,0.134124444883,0.192011634278,0.0999571612166
later,2018-03,2018-03,,logistic_l2,DPG,,full,calibrated,calibrated,,,,4e87445cc12e7fa0e2fe82c7cfb155af1f47389e6d118c53e297abc401347be5,,,,0.46,,,,,,,,,,,,184fab6850ceddcb6640c6d7c40a99ad76b6567a0af96fd41049a0eaafe65828,logistic_l2,DPG,,,,,,,,,,,,,,,,,,,,,,,,,,,,,,,,,,,,,,,,,,,,,,,,reliability_bin,10,700,322,0.163802744747,0.134269856122,0.502145117853,0.296197255253,0.0999571612166
later,2018-03,2018-03,,logistic_l2,DPG,,full,raw,raw,,,,4e87445cc12e7fa0e2fe82c7cfb155af1f47389e6d118c53e297abc401347be5,,,,0.0413694721826,,,,,,,,,,,,184fab6850ceddcb6640c6d7c40a99ad76b6567a0af96fd41049a0eaafe65828,logistic_l2,DPG,,,,,,,,,,,,,,,,,,,,,,,,,,,,,,,,,,,,,,,,,,,,,,,,reliability_bin,1,701,29,0.0246119872819,6.33334749988e-06,0.0382087112346,0.0167574849007,0.100099957161
later,2018-03,2018-03,,logistic_l2,DPG,,full,raw,raw,,,,4e87445cc12e7fa0e2fe82c7cfb155af1f47389e6d118c53e297abc401347be5,,,,0.105714285714,,,,,,,,,,,,184fab6850ceddcb6640c6d7c40a99ad76b6567a0af96fd41049a0eaafe65828,logistic_l2,DPG,,,,,,,,,,,,,,,,,,,,,,,,,,,,,,,,,,,,,,,,,,,,,,,,reliability_bin,2,700,74,0.0424585393542,0.038267875564,0.0462781969679,0.0632557463601,0.0999571612166
later,2018-03,2018-03,,logistic_l2,DPG,,full,raw,raw,,,,4e87445cc12e7fa0e2fe82c7cfb155af1f47389e6d118c53e297abc401347be5,,,,0.138571428571,,,,,,,,,,,,184fab6850ceddcb6640c6d7c40a99ad76b6567a0af96fd41049a0eaafe65828,logistic_l2,DPG,,,,,,,,,,,,,,,,,,,,,,,,,,,,,,,,,,,,,,,,,,,,,,,,reliability_bin,3,700,97,0.0508597407234,0.0462796671381,0.0580962649041,0.0877116878481,0.0999571612166
later,2018-03,2018-03,,logistic_l2,DPG,,full,raw,raw,,,,4e87445cc12e7fa0e2fe82c7cfb155af1f47389e6d118c53e297abc401347be5,,,,0.0670470756063,,,,,,,,,,,,184fab6850ceddcb6640c6d7c40a99ad76b6567a0af96fd41049a0eaafe65828,logistic_l2,DPG,,,,,,,,,,,,,,,,,,,,,,,,,,,,,,,,,,,,,,,,,,,,,,,,reliability_bin,4,701,47,0.0614924750685,0.0581006268739,0.065480237236,0.00555460053773,0.100099957161
later,2018-03,2018-03,,logistic_l2,DPG,,full,raw,raw,,,,4e87445cc12e7fa0e2fe82c7cfb155af1f47389e6d118c53e297abc401347be5,,,,0.0957142857143,,,,,,,,,,,,184fab6850ceddcb6640c6d7c40a99ad76b6567a0af96fd41049a0eaafe65828,logistic_l2,DPG,,,,,,,,,,,,,,,,,,,,,,,,,,,,,,,,,,,,,,,,,,,,,,,,reliability_bin,5,700,67,0.0691872078957,0.0654861375102,0.0738226969545,0.0265270778186,0.0999571612166
later,2018-03,2018-03,,logistic_l2,DPG,,full,raw,raw,,,,4e87445cc12e7fa0e2fe82c7cfb155af1f47389e6d118c53e297abc401347be5,,,,0.152857142857,,,,,,,,,,,,184fab6850ceddcb6640c6d7c40a99ad76b6567a0af96fd41049a0eaafe65828,logistic_l2,DPG,,,,,,,,,,,,,,,,,,,,,,,,,,,,,,,,,,,,,,,,,,,,,,,,reliability_bin,6,700,107,0.0801733675906,0.0738268432447,0.0868863442146,0.0726837752666,0.0999571612166
later,2018-03,2018-03,,logistic_l2,DPG,,full,raw,raw,,,,4e87445cc12e7fa0e2fe82c7cfb155af1f47389e6d118c53e297abc401347be5,,,,0.232524964337,,,,,,,,,,,,184fab6850ceddcb6640c6d7c40a99ad76b6567a0af96fd41049a0eaafe65828,logistic_l2,DPG,,,,,,,,,,,,,,,,,,,,,,,,,,,,,,,,,,,,,,,,,,,,,,,,reliability_bin,7,701,163,0.0942052395789,0.0868938553424,0.10140711529,0.138319724758,0.100099957161
later,2018-03,2018-03,,logistic_l2,DPG,,full,raw,raw,,,,4e87445cc12e7fa0e2fe82c7cfb155af1f47389e6d118c53e297abc401347be5,,,,0.287142857143,,,,,,,,,,,,184fab6850ceddcb6640c6d7c40a99ad76b6567a0af96fd41049a0eaafe65828,logistic_l2,DPG,,,,,,,,,,,,,,,,,,,,,,,,,,,,,,,,,,,,,,,,,,,,,,,,reliability_bin,8,700,201,0.108566728413,0.101431100882,0.114944071264,0.17857612873,0.0999571612166
later,2018-03,2018-03,,logistic_l2,DPG,,full,raw,raw,,,,4e87445cc12e7fa0e2fe82c7cfb155af1f47389e6d118c53e297abc401347be5,,,,0.315714285714,,,,,,,,,,,,184fab6850ceddcb6640c6d7c40a99ad76b6567a0af96fd41049a0eaafe65828,logistic_l2,DPG,,,,,,,,,,,,,,,,,,,,,,,,,,,,,,,,,,,,,,,,,,,,,,,,reliability_bin,9,700,221,0.123702651436,0.1149758823,0.134124444883,0.192011634278,0.0999571612166
later,2018-03,2018-03,,logistic_l2,DPG,,full,raw,raw,,,,4e87445cc12e7fa0e2fe82c7cfb155af1f47389e6d118c53e297abc401347be5,,,,0.46,,,,,,,,,,,,184fab6850ceddcb6640c6d7c40a99ad76b6567a0af96fd41049a0eaafe65828,logistic_l2,DPG,,,,,,,,,,,,,,,,,,,,,,,,,,,,,,,,,,,,,,,,,,,,,,,,reliability_bin,10,700,322,0.163802744747,0.134269856122,0.502145117853,0.296197255253,0.0999571612166
later,2018-03,2018-03,,logistic_l2,DPS,,full,calibrated,calibrated,,,,996acd971bf78b1f76d43b63482c3a11619744aea3fcb1f886fdbd1a83a7a927,,,,0.158345221113,,,,,,,,,,,,184fab6850ceddcb6640c6d7c40a99ad76b6567a0af96fd41049a0eaafe65828,logistic_l2,DPS,,,,,,,,,,,,,,,,,,,,,,,,,,,,,,,,,,,,,,,,,,,,,,,,reliability_bin,1,701,111,0.0392638421078,0.0217983272777,0.0419434785159,0.119081379005,0.100099957161
later,2018-03,2018-03,,logistic_l2,DPS,,full,calibrated,calibrated,,,,996acd971bf78b1f76d43b63482c3a11619744aea3fcb1f886fdbd1a83a7a927,,,,0.174285714286,,,,,,,,,,,,184fab6850ceddcb6640c6d7c40a99ad76b6567a0af96fd41049a0eaafe65828,logistic_l2,DPS,,,,,,,,,,,,,,,,,,,,,,,,,,,,,,,,,,,,,,,,,,,,,,,,reliability_bin,2,700,122,0.043567492518,0.0419589901123,0.0449783363095,0.130718221768,0.0999571612166
later,2018-03,2018-03,,logistic_l2,DPS,,full,calibrated,calibrated,,,,996acd971bf78b1f76d43b63482c3a11619744aea3fcb1f886fdbd1a83a7a927,,,,0.182857142857,,,,,,,,,,,,184fab6850ceddcb6640c6d7c40a99ad76b6567a0af96fd41049a0eaafe65828,logistic_l2,DPS,,,,,,,,,,,,,,,,,,,,,,,,,,,,,,,,,,,,,,,,,,,,,,,,reliability_bin,3,700,128,0.046330453325,0.0449803847474,0.0475567072972,0.136526689532,0.0999571612166
later,2018-03,2018-03,,logistic_l2,DPS,,full,calibrated,calibrated,,,,996acd971bf78b1f76d43b63482c3a11619744aea3fcb1f886fdbd1a83a7a927,,,,0.191155492154,,,,,,,,,,,,184fab6850ceddcb6640c6d7c40a99ad76b6567a0af96fd41049a0eaafe65828,logistic_l2,DPS,,,,,,,,,,,,,,,,,,,,,,,,,,,,,,,,,,,,,,,,,,,,,,,,reliability_bin,4,701,134,0.0488012992976,0.0475584817527,0.0501319790274,0.142354192857,0.100099957161
later,2018-03,2018-03,,logistic_l2,DPS,,full,calibrated,calibrated,,,,996acd971bf78b1f76d43b63482c3a11619744aea3fcb1f886fdbd1a83a7a927,,,,0.238571428571,,,,,,,,,,,,184fab6850ceddcb6640c6d7c40a99ad76b6567a0af96fd41049a0eaafe65828,logistic_l2,DPS,,,,,,,,,,,,,,,,,,,,,,,,,,,,,,,,,,,,,,,,,,,,,,,,reliability_bin,5,700,167,0.0515566466052,0.0501438260329,0.0530097086193,0.187014781966,0.0999571612166
later,2018-03,2018-03,,logistic_l2,DPS,,full,calibrated,calibrated,,,,996acd971bf78b1f76d43b63482c3a11619744aea3fcb1f886fdbd1a83a7a927,,,,0.225714285714,,,,,,,,,,,,184fab6850ceddcb6640c6d7c40a99ad76b6567a0af96fd41049a0eaafe65828,logistic_l2,DPS,,,,,,,,,,,,,,,,,,,,,,,,,,,,,,,,,,,,,,,,,,,,,,,,reliability_bin,6,700,158,0.0544609352826,0.0530123902677,0.0561774156545,0.171253350432,0.0999571612166
later,2018-03,2018-03,,logistic_l2,DPS,,full,calibrated,calibrated,,,,996acd971bf78b1f76d43b63482c3a11619744aea3fcb1f886fdbd1a83a7a927,,,,0.156918687589,,,,,,,,,,,,184fab6850ceddcb6640c6d7c40a99ad76b6567a0af96fd41049a0eaafe65828,logistic_l2,DPS,,,,,,,,,,,,,,,,,,,,,,,,,,,,,,,,,,,,,,,,,,,,,,,,reliability_bin,7,701,110,0.0581506128968,0.0561819890249,0.0604161181512,0.0987680746924,0.100099957161
later,2018-03,2018-03,,logistic_l2,DPS,,full,calibrated,calibrated,,,,996acd971bf78b1f76d43b63482c3a11619744aea3fcb1f886fdbd1a83a7a927,,,,0.182857142857,,,,,,,,,,,,184fab6850ceddcb6640c6d7c40a99ad76b6567a0af96fd41049a0eaafe65828,logistic_l2,DPS,,,,,,,,,,,,,,,,,,,,,,,,,,,,,,,,,,,,,,,,,,,,,,,,reliability_bin,8,700,128,0.0637044964037,0.060424125663,0.0671373101418,0.119152646453,0.0999571612166
later,2018-03,2018-03,,logistic_l2,DPS,,full,calibrated,calibrated,,,,996acd971bf78b1f76d43b63482c3a11619744aea3fcb1f886fdbd1a83a7a927,,,,0.177142857143,,,,,,,,,,,,184fab6850ceddcb6640c6d7c40a99ad76b6567a0af96fd41049a0eaafe65828,logistic_l2,DPS,,,,,,,,,,,,,,,,,,,,,,,,,,,,,,,,,,,,,,,,,,,,,,,,reliability_bin,9,700,124,0.0711107872244,0.0671465238022,0.0757498955372,0.106032069918,0.0999571612166
later,2018-03,2018-03,,logistic_l2,DPS,,full,calibrated,calibrated,,,,996acd971bf78b1f76d43b63482c3a11619744aea3fcb1f886fdbd1a83a7a927,,,,0.208571428571,,,,,,,,,,,,184fab6850ceddcb6640c6d7c40a99ad76b6567a0af96fd41049a0eaafe65828,logistic_l2,DPS,,,,,,,,,,,,,,,,,,,,,,,,,,,,,,,,,,,,,,,,,,,,,,,,reliability_bin,10,700,146,0.0911012150528,0.0757519797933,0.16260579016,0.117470213519,0.0999571612166
later,2018-03,2018-03,,logistic_l2,DPS,,full,raw,raw,,,,996acd971bf78b1f76d43b63482c3a11619744aea3fcb1f886fdbd1a83a7a927,,,,0.158345221113,,,,,,,,,,,,184fab6850ceddcb6640c6d7c40a99ad76b6567a0af96fd41049a0eaafe65828,logistic_l2,DPS,,,,,,,,,,,,,,,,,,,,,,,,,,,,,,,,,,,,,,,,,,,,,,,,reliability_bin,1,701,111,0.0392638421078,0.0217983272777,0.0419434785159,0.119081379005,0.100099957161
later,2018-03,2018-03,,logistic_l2,DPS,,full,raw,raw,,,,996acd971bf78b1f76d43b63482c3a11619744aea3fcb1f886fdbd1a83a7a927,,,,0.174285714286,,,,,,,,,,,,184fab6850ceddcb6640c6d7c40a99ad76b6567a0af96fd41049a0eaafe65828,logistic_l2,DPS,,,,,,,,,,,,,,,,,,,,,,,,,,,,,,,,,,,,,,,,,,,,,,,,reliability_bin,2,700,122,0.043567492518,0.0419589901123,0.0449783363095,0.130718221768,0.0999571612166
later,2018-03,2018-03,,logistic_l2,DPS,,full,raw,raw,,,,996acd971bf78b1f76d43b63482c3a11619744aea3fcb1f886fdbd1a83a7a927,,,,0.182857142857,,,,,,,,,,,,184fab6850ceddcb6640c6d7c40a99ad76b6567a0af96fd41049a0eaafe65828,logistic_l2,DPS,,,,,,,,,,,,,,,,,,,,,,,,,,,,,,,,,,,,,,,,,,,,,,,,reliability_bin,3,700,128,0.046330453325,0.0449803847474,0.0475567072972,0.136526689532,0.0999571612166
later,2018-03,2018-03,,logistic_l2,DPS,,full,raw,raw,,,,996acd971bf78b1f76d43b63482c3a11619744aea3fcb1f886fdbd1a83a7a927,,,,0.191155492154,,,,,,,,,,,,184fab6850ceddcb6640c6d7c40a99ad76b6567a0af96fd41049a0eaafe65828,logistic_l2,DPS,,,,,,,,,,,,,,,,,,,,,,,,,,,,,,,,,,,,,,,,,,,,,,,,reliability_bin,4,701,134,0.0488012992976,0.0475584817527,0.0501319790274,0.142354192857,0.100099957161
later,2018-03,2018-03,,logistic_l2,DPS,,full,raw,raw,,,,996acd971bf78b1f76d43b63482c3a11619744aea3fcb1f886fdbd1a83a7a927,,,,0.238571428571,,,,,,,,,,,,184fab6850ceddcb6640c6d7c40a99ad76b6567a0af96fd41049a0eaafe65828,logistic_l2,DPS,,,,,,,,,,,,,,,,,,,,,,,,,,,,,,,,,,,,,,,,,,,,,,,,reliability_bin,5,700,167,0.0515566466052,0.0501438260329,0.0530097086193,0.187014781966,0.0999571612166
later,2018-03,2018-03,,logistic_l2,DPS,,full,raw,raw,,,,996acd971bf78b1f76d43b63482c3a11619744aea3fcb1f886fdbd1a83a7a927,,,,0.225714285714,,,,,,,,,,,,184fab6850ceddcb6640c6d7c40a99ad76b6567a0af96fd41049a0eaafe65828,logistic_l2,DPS,,,,,,,,,,,,,,,,,,,,,,,,,,,,,,,,,,,,,,,,,,,,,,,,reliability_bin,6,700,158,0.0544609352826,0.0530123902677,0.0561774156545,0.171253350432,0.0999571612166
later,2018-03,2018-03,,logistic_l2,DPS,,full,raw,raw,,,,996acd971bf78b1f76d43b63482c3a11619744aea3fcb1f886fdbd1a83a7a927,,,,0.156918687589,,,,,,,,,,,,184fab6850ceddcb6640c6d7c40a99ad76b6567a0af96fd41049a0eaafe65828,logistic_l2,DPS,,,,,,,,,,,,,,,,,,,,,,,,,,,,,,,,,,,,,,,,,,,,,,,,reliability_bin,7,701,110,0.0581506128968,0.0561819890249,0.0604161181512,0.0987680746924,0.100099957161
later,2018-03,2018-03,,logistic_l2,DPS,,full,raw,raw,,,,996acd971bf78b1f76d43b63482c3a11619744aea3fcb1f886fdbd1a83a7a927,,,,0.182857142857,,,,,,,,,,,,184fab6850ceddcb6640c6d7c40a99ad76b6567a0af96fd41049a0eaafe65828,logistic_l2,DPS,,,,,,,,,,,,,,,,,,,,,,,,,,,,,,,,,,,,,,,,,,,,,,,,reliability_bin,8,700,128,0.0637044964037,0.060424125663,0.0671373101418,0.119152646453,0.0999571612166
later,2018-03,2018-03,,logistic_l2,DPS,,full,raw,raw,,,,996acd971bf78b1f76d43b63482c3a11619744aea3fcb1f886fdbd1a83a7a927,,,,0.177142857143,,,,,,,,,,,,184fab6850ceddcb6640c6d7c40a99ad76b6567a0af96fd41049a0eaafe65828,logistic_l2,DPS,,,,,,,,,,,,,,,,,,,,,,,,,,,,,,,,,,,,,,,,,,,,,,,,reliability_bin,9,700,124,0.0711107872244,0.0671465238022,0.0757498955372,0.106032069918,0.0999571612166
later,2018-03,2018-03,,logistic_l2,DPS,,full,raw,raw,,,,996acd971bf78b1f76d43b63482c3a11619744aea3fcb1f886fdbd1a83a7a927,,,,0.208571428571,,,,,,,,,,,,184fab6850ceddcb6640c6d7c40a99ad76b6567a0af96fd41049a0eaafe65828,logistic_l2,DPS,,,,,,,,,,,,,,,,,,,,,,,,,,,,,,,,,,,,,,,,,,,,,,,,reliability_bin,10,700,146,0.0911012150528,0.0757519797933,0.16260579016,0.117470213519,0.0999571612166
later,2018-03,,,random_forest,DP0,,full,calibrated,,,,,0aa8faeb90ff1456b0a8516877a8aea4fa4ebf9926435038decdda5df2dfae30,,,,0.18544935806,,,,,,,,,,,,184fab6850ceddcb6640c6d7c40a99ad76b6567a0af96fd41049a0eaafe65828,,,,,,,,,,,,,,,,,,,,,,,,,,,,,,,,,,,,,,,,,,,,,,,,,,reliability_bin,1,701,130,0.0369477440283,0.0368380371913,0.0369814945045,0.148501614032,0.100099957161
later,2018-03,,,random_forest,DP0,,full,calibrated,,,,,0aa8faeb90ff1456b0a8516877a8aea4fa4ebf9926435038decdda5df2dfae30,,,,0.197142857143,,,,,,,,,,,,184fab6850ceddcb6640c6d7c40a99ad76b6567a0af96fd41049a0eaafe65828,,,,,,,,,,,,,,,,,,,,,,,,,,,,,,,,,,,,,,,,,,,,,,,,,,reliability_bin,2,700,138,0.0370021225599,0.0369815361752,0.0370216709615,0.160140734583,0.0999571612166
later,2018-03,,,random_forest,DP0,,full,calibrated,,,,,0aa8faeb90ff1456b0a8516877a8aea4fa4ebf9926435038decdda5df2dfae30,,,,0.198571428571,,,,,,,,,,,,184fab6850ceddcb6640c6d7c40a99ad76b6567a0af96fd41049a0eaafe65828,,,,,,,,,,,,,,,,,,,,,,,,,,,,,,,,,,,,,,,,,,,,,,,,,,reliability_bin,3,700,139,0.0370368199513,0.0370216846455,0.0370502584899,0.16153460862,0.0999571612166
later,2018-03,,,random_forest,DP0,,full,calibrated,,,,,0aa8faeb90ff1456b0a8516877a8aea4fa4ebf9926435038decdda5df2dfae30,,,,0.178316690442,,,,,,,,,,,,184fab6850ceddcb6640c6d7c40a99ad76b6567a0af96fd41049a0eaafe65828,,,,,,,,,,,,,,,,,,,,,,,,,,,,,,,,,,,,,,,,,,,,,,,,,,reliability_bin,4,701,125,0.0370650482464,0.037050272914,0.0370808594432,0.141251642196,0.100099957161
later,2018-03,,,random_forest,DP0,,full,calibrated,,,,,0aa8faeb90ff1456b0a8516877a8aea4fa4ebf9926435038decdda5df2dfae30,,,,0.207142857143,,,,,,,,,,,,184fab6850ceddcb6640c6d7c40a99ad76b6567a0af96fd41049a0eaafe65828,,,,,,,,,,,,,,,,,,,,,,,,,,,,,,,,,,,,,,,,,,,,,,,,,,reliability_bin,5,700,145,0.0370966936011,0.0370808886322,0.0371135026169,0.170046163542,0.0999571612166
later,2018-03,,,random_forest,DP0,,full,calibrated,,,,,0aa8faeb90ff1456b0a8516877a8aea4fa4ebf9926435038decdda5df2dfae30,,,,0.182857142857,,,,,,,,,,,,184fab6850ceddcb6640c6d7c40a99ad76b6567a0af96fd41049a0eaafe65828,,,,,,,,,,,,,,,,,,,,,,,,,,,,,,,,,,,,,,,,,,,,,,,,,,reliability_bin,6,700,128,0.037131925414,0.0371135026169,0.0371564461958,0.145725217443,0.0999571612166
later,2018-03,,,random_forest,DP0,,full,calibrated,,,,,0aa8faeb90ff1456b0a8516877a8aea4fa4ebf9926435038decdda5df2dfae30,,,,0.208273894437,,,,,,,,,,,,184fab6850ceddcb6640c6d7c40a99ad76b6567a0af96fd41049a0eaafe65828,,,,,,,,,,,,,,,,,,,,,,,,,,,,,,,,,,,,,,,,,,,,,,,,,,reliability_bin,7,701,146,0.0371858086694,0.0371564658813,0.0372152871022,0.171088085767,0.100099957161
later,2018-03,,,random_forest,DP0,,full,calibrated,,,,,0aa8faeb90ff1456b0a8516877a8aea4fa4ebf9926435038decdda5df2dfae30,,,,0.21,,,,,,,,,,,,184fab6850ceddcb6640c6d7c40a99ad76b6567a0af96fd41049a0eaafe65828,,,,,,,,,,,,,,,,,,,,,,,,,,,,,,,,,,,,,,,,,,,,,,,,,,reliability_bin,8,700,147,0.0372576878593,0.0372152871022,0.0373079609075,0.172742312141,0.0999571612166
later,2018-03,,,random_forest,DP0,,full,calibrated,,,,,0aa8faeb90ff1456b0a8516877a8aea4fa4ebf9926435038decdda5df2dfae30,,,,0.171428571429,,,,,,,,,,,,184fab6850ceddcb6640c6d7c40a99ad76b6567a0af96fd41049a0eaafe65828,,,,,,,,,,,,,,,,,,,,,,,,,,,,,,,,,,,,,,,,,,,,,,,,,,reliability_bin,9,700,120,0.037391489832,0.037308085233,0.037515829832,0.134037081597,0.0999571612166
later,2018-03,,,random_forest,DP0,,full,calibrated,,,,,0aa8faeb90ff1456b0a8516877a8aea4fa4ebf9926435038decdda5df2dfae30,,,,0.157142857143,,,,,,,,,,,,184fab6850ceddcb6640c6d7c40a99ad76b6567a0af96fd41049a0eaafe65828,,,,,,,,,,,,,,,,,,,,,,,,,,,,,,,,,,,,,,,,,,,,,,,,,,reliability_bin,10,700,110,0.0379745633061,0.0375165804916,0.0384962117787,0.119168293837,0.0999571612166
later,2018-03,,,random_forest,DP0,,full,raw,,,,,0aa8faeb90ff1456b0a8516877a8aea4fa4ebf9926435038decdda5df2dfae30,,,,0.158345221113,,,,,,,,,,,,184fab6850ceddcb6640c6d7c40a99ad76b6567a0af96fd41049a0eaafe65828,,,,,,,,,,,,,,,,,,,,,,,,,,,,,,,,,,,,,,,,,,,,,,,,,,reliability_bin,1,701,111,0.000503706856382,1e-06,0.00190907662645,0.157841514256,0.100099957161
later,2018-03,,,random_forest,DP0,,full,raw,,,,,0aa8faeb90ff1456b0a8516877a8aea4fa4ebf9926435038decdda5df2dfae30,,,,0.17,,,,,,,,,,,,184fab6850ceddcb6640c6d7c40a99ad76b6567a0af96fd41049a0eaafe65828,,,,,,,,,,,,,,,,,,,,,,,,,,,,,,,,,,,,,,,,,,,,,,,,,,reliability_bin,2,700,119,0.00555513405016,0.00194060431889,0.00963452508822,0.16444486595,0.0999571612166
later,2018-03,,,random_forest,DP0,,full,raw,,,,,0aa8faeb90ff1456b0a8516877a8aea4fa4ebf9926435038decdda5df2dfae30,,,,0.21,,,,,,,,,,,,184fab6850ceddcb6640c6d7c40a99ad76b6567a0af96fd41049a0eaafe65828,,,,,,,,,,,,,,,,,,,,,,,,,,,,,,,,,,,,,,,,,,,,,,,,,,reliability_bin,3,700,147,0.0145209840955,0.00963452508822,0.019747743836,0.195479015904,0.0999571612166
later,2018-03,,,random_forest,DP0,,full,raw,,,,,0aa8faeb90ff1456b0a8516877a8aea4fa4ebf9926435038decdda5df2dfae30,,,,0.208273894437,,,,,,,,,,,,184fab6850ceddcb6640c6d7c40a99ad76b6567a0af96fd41049a0eaafe65828,,,,,,,,,,,,,,,,,,,,,,,,,,,,,,,,,,,,,,,,,,,,,,,,,,reliability_bin,4,701,146,0.0250081014974,0.0197487575702,0.0310181949508,0.183265792939,0.100099957161
later,2018-03,,,random_forest,DP0,,full,raw,,,,,0aa8faeb90ff1456b0a8516877a8aea4fa4ebf9926435038decdda5df2dfae30,,,,0.182857142857,,,,,,,,,,,,184fab6850ceddcb6640c6d7c40a99ad76b6567a0af96fd41049a0eaafe65828,,,,,,,,,,,,,,,,,,,,,,,,,,,,,,,,,,,,,,,,,,,,,,,,,,reliability_bin,5,700,128,0.0375588221858,0.0310268058229,0.0429735844036,0.145298320671,0.0999571612166
later,2018-03,,,random_forest,DP0,,full,raw,,,,,0aa8faeb90ff1456b0a8516877a8aea4fa4ebf9926435038decdda5df2dfae30,,,,0.207142857143,,,,,,,,,,,,184fab6850ceddcb6640c6d7c40a99ad76b6567a0af96fd41049a0eaafe65828,,,,,,,,,,,,,,,,,,,,,,,,,,,,,,,,,,,,,,,,,,,,,,,,,,reliability_bin,6,700,145,0.0489044252314,0.0429784425039,0.0549018579607,0.158238431911,0.0999571612166
later,2018-03,,,random_forest,DP0,,full,raw,,,,,0aa8faeb90ff1456b0a8516877a8aea4fa4ebf9926435038decdda5df2dfae30,,,,0.179743223966,,,,,,,,,,,,184fab6850ceddcb6640c6d7c40a99ad76b6567a0af96fd41049a0eaafe65828,,,,,,,,,,,,,,,,,,,,,,,,,,,,,,,,,,,,,,,,,,,,,,,,,,reliability_bin,7,701,126,0.0618842051826,0.0549477385354,0.0688718285081,0.117859018783,0.100099957161
later,2018-03,,,random_forest,DP0,,full,raw,,,,,0aa8faeb90ff1456b0a8516877a8aea4fa4ebf9926435038decdda5df2dfae30,,,,0.197142857143,,,,,,,,,,,,184fab6850ceddcb6640c6d7c40a99ad76b6567a0af96fd41049a0eaafe65828,,,,,,,,,,,,,,,,,,,,,,,,,,,,,,,,,,,,,,,,,,,,,,,,,,reliability_bin,8,700,138,0.0761408314141,0.0688718285081,0.0848440001334,0.121002025729,0.0999571612166
later,2018-03,,,random_forest,DP0,,full,raw,,,,,0aa8faeb90ff1456b0a8516877a8aea4fa4ebf9926435038decdda5df2dfae30,,,,0.197142857143,,,,,,,,,,,,184fab6850ceddcb6640c6d7c40a99ad76b6567a0af96fd41049a0eaafe65828,,,,,,,,,,,,,,,,,,,,,,,,,,,,,,,,,,,,,,,,,,,,,,,,,,reliability_bin,9,700,138,0.0979582061185,0.0848884631742,0.112989362255,0.0991846510244,0.0999571612166
later,2018-03,,,random_forest,DP0,,full,raw,,,,,0aa8faeb90ff1456b0a8516877a8aea4fa4ebf9926435038decdda5df2dfae30,,,,0.185714285714,,,,,,,,,,,,184fab6850ceddcb6640c6d7c40a99ad76b6567a0af96fd41049a0eaafe65828,,,,,,,,,,,,,,,,,,,,,,,,,,,,,,,,,,,,,,,,,,,,,,,,,,reliability_bin,10,700,130,0.144467904802,0.113083035717,0.284269206479,0.041246380912,0.0999571612166
later,2018-03,,,random_forest,DPB,,full,calibrated,,,,,e2c8c7642438a1350d5e854d1fc94343893d4135b1c80de1d1295c2271dd50e3,,,,0.145506419401,,,,,,,,,,,,184fab6850ceddcb6640c6d7c40a99ad76b6567a0af96fd41049a0eaafe65828,,,,,,,,,,,,,,,,,,,,,,,,,,,,,,,,,,,,,,,,,,,,,,,,,,reliability_bin,1,701,102,0.0150075498058,0.00319943605168,0.0204819881951,0.130498869595,0.100099957161
later,2018-03,,,random_forest,DPB,,full,calibrated,,,,,e2c8c7642438a1350d5e854d1fc94343893d4135b1c80de1d1295c2271dd50e3,,,,0.102857142857,,,,,,,,,,,,184fab6850ceddcb6640c6d7c40a99ad76b6567a0af96fd41049a0eaafe65828,,,,,,,,,,,,,,,,,,,,,,,,,,,,,,,,,,,,,,,,,,,,,,,,,,reliability_bin,2,700,72,0.0240564617752,0.0205247018062,0.0278344841221,0.0788006810819,0.0999571612166
later,2018-03,,,random_forest,DPB,,full,calibrated,,,,,e2c8c7642438a1350d5e854d1fc94343893d4135b1c80de1d1295c2271dd50e3,,,,0.102857142857,,,,,,,,,,,,184fab6850ceddcb6640c6d7c40a99ad76b6567a0af96fd41049a0eaafe65828,,,,,,,,,,,,,,,,,,,,,,,,,,,,,,,,,,,,,,,,,,,,,,,,,,reliability_bin,3,700,72,0.0314129301668,0.0278461061528,0.0353329987301,0.0714442126903,0.0999571612166
later,2018-03,,,random_forest,DPB,,full,calibrated,,,,,e2c8c7642438a1350d5e854d1fc94343893d4135b1c80de1d1295c2271dd50e3,,,,0.134094151213,,,,,,,,,,,,184fab6850ceddcb6640c6d7c40a99ad76b6567a0af96fd41049a0eaafe65828,,,,,,,,,,,,,,,,,,,,,,,,,,,,,,,,,,,,,,,,,,,,,,,,,,reliability_bin,4,701,94,0.0394102787284,0.0353440305372,0.0437567886319,0.0946838724841,0.100099957161
later,2018-03,,,random_forest,DPB,,full,calibrated,,,,,e2c8c7642438a1350d5e854d1fc94343893d4135b1c80de1d1295c2271dd50e3,,,,0.171428571429,,,,,,,,,,,,184fab6850ceddcb6640c6d7c40a99ad76b6567a0af96fd41049a0eaafe65828,,,,,,,,,,,,,,,,,,,,,,,,,,,,,,,,,,,,,,,,,,,,,,,,,,reliability_bin,5,700,120,0.0482826072699,0.0437993796072,0.0529246280171,0.123145964159,0.0999571612166
later,2018-03,,,random_forest,DPB,,full,calibrated,,,,,e2c8c7642438a1350d5e854d1fc94343893d4135b1c80de1d1295c2271dd50e3,,,,0.188571428571,,,,,,,,,,,,184fab6850ceddcb6640c6d7c40a99ad76b6567a0af96fd41049a0eaafe65828,,,,,,,,,,,,,,,,,,,,,,,,,,,,,,,,,,,,,,,,,,,,,,,,,,reliability_bin,6,700,132,0.0582114877138,0.0529350087919,0.0640836544257,0.130359940858,0.0999571612166
later,2018-03,,,random_forest,DPB,,full,calibrated,,,,,e2c8c7642438a1350d5e854d1fc94343893d4135b1c80de1d1295c2271dd50e3,,,,0.195435092725,,,,,,,,,,,,184fab6850ceddcb6640c6d7c40a99ad76b6567a0af96fd41049a0eaafe65828,,,,,,,,,,,,,,,,,,,,,,,,,,,,,,,,,,,,,,,,,,,,,,,,,,reliability_bin,7,701,137,0.0715018158042,0.0640875327847,0.0789449063774,0.12393327692,0.100099957161
later,2018-03,,,random_forest,DPB,,full,calibrated,,,,,e2c8c7642438a1350d5e854d1fc94343893d4135b1c80de1d1295c2271dd50e3,,,,0.214285714286,,,,,,,,,,,,184fab6850ceddcb6640c6d7c40a99ad76b6567a0af96fd41049a0eaafe65828,,,,,,,,,,,,,,,,,,,,,,,,,,,,,,,,,,,,,,,,,,,,,,,,,,reliability_bin,8,700,150,0.0880279619888,0.078949457275,0.0980957529372,0.126257752297,0.0999571612166
later,2018-03,,,random_forest,DPB,,full,calibrated,,,,,e2c8c7642438a1350d5e854d1fc94343893d4135b1c80de1d1295c2271dd50e3,,,,0.291428571429,,,,,,,,,,,,184fab6850ceddcb6640c6d7c40a99ad76b6567a0af96fd41049a0eaafe65828,,,,,,,,,,,,,,,,,,,,,,,,,,,,,,,,,,,,,,,,,,,,,,,,,,reliability_bin,9,700,204,0.111805548727,0.0981040963514,0.128891428069,0.179623022702,0.0999571612166
later,2018-03,,,random_forest,DPB,,full,calibrated,,,,,e2c8c7642438a1350d5e854d1fc94343893d4135b1c80de1d1295c2271dd50e3,,,,0.35,,,,,,,,,,,,184fab6850ceddcb6640c6d7c40a99ad76b6567a0af96fd41049a0eaafe65828,,,,,,,,,,,,,,,,,,,,,,,,,,,,,,,,,,,,,,,,,,,,,,,,,,reliability_bin,10,700,245,0.165075462104,0.12890183302,0.283585332051,0.184924537896,0.0999571612166
later,2018-03,,,random_forest,DPB,,full,raw,,,,,e2c8c7642438a1350d5e854d1fc94343893d4135b1c80de1d1295c2271dd50e3,,,,0.145506419401,,,,,,,,,,,,184fab6850ceddcb6640c6d7c40a99ad76b6567a0af96fd41049a0eaafe65828,,,,,,,,,,,,,,,,,,,,,,,,,,,,,,,,,,,,,,,,,,,,,,,,,,reliability_bin,1,701,102,0.0150075498058,0.00319943605168,0.0204819881951,0.130498869595,0.100099957161
later,2018-03,,,random_forest,DPB,,full,raw,,,,,e2c8c7642438a1350d5e854d1fc94343893d4135b1c80de1d1295c2271dd50e3,,,,0.102857142857,,,,,,,,,,,,184fab6850ceddcb6640c6d7c40a99ad76b6567a0af96fd41049a0eaafe65828,,,,,,,,,,,,,,,,,,,,,,,,,,,,,,,,,,,,,,,,,,,,,,,,,,reliability_bin,2,700,72,0.0240564617752,0.0205247018062,0.0278344841221,0.0788006810819,0.0999571612166
later,2018-03,,,random_forest,DPB,,full,raw,,,,,e2c8c7642438a1350d5e854d1fc94343893d4135b1c80de1d1295c2271dd50e3,,,,0.102857142857,,,,,,,,,,,,184fab6850ceddcb6640c6d7c40a99ad76b6567a0af96fd41049a0eaafe65828,,,,,,,,,,,,,,,,,,,,,,,,,,,,,,,,,,,,,,,,,,,,,,,,,,reliability_bin,3,700,72,0.0314129301668,0.0278461061528,0.0353329987301,0.0714442126903,0.0999571612166
later,2018-03,,,random_forest,DPB,,full,raw,,,,,e2c8c7642438a1350d5e854d1fc94343893d4135b1c80de1d1295c2271dd50e3,,,,0.134094151213,,,,,,,,,,,,184fab6850ceddcb6640c6d7c40a99ad76b6567a0af96fd41049a0eaafe65828,,,,,,,,,,,,,,,,,,,,,,,,,,,,,,,,,,,,,,,,,,,,,,,,,,reliability_bin,4,701,94,0.0394102787284,0.0353440305372,0.0437567886319,0.0946838724841,0.100099957161
later,2018-03,,,random_forest,DPB,,full,raw,,,,,e2c8c7642438a1350d5e854d1fc94343893d4135b1c80de1d1295c2271dd50e3,,,,0.171428571429,,,,,,,,,,,,184fab6850ceddcb6640c6d7c40a99ad76b6567a0af96fd41049a0eaafe65828,,,,,,,,,,,,,,,,,,,,,,,,,,,,,,,,,,,,,,,,,,,,,,,,,,reliability_bin,5,700,120,0.0482826072699,0.0437993796072,0.0529246280171,0.123145964159,0.0999571612166
later,2018-03,,,random_forest,DPB,,full,raw,,,,,e2c8c7642438a1350d5e854d1fc94343893d4135b1c80de1d1295c2271dd50e3,,,,0.188571428571,,,,,,,,,,,,184fab6850ceddcb6640c6d7c40a99ad76b6567a0af96fd41049a0eaafe65828,,,,,,,,,,,,,,,,,,,,,,,,,,,,,,,,,,,,,,,,,,,,,,,,,,reliability_bin,6,700,132,0.0582114877138,0.0529350087919,0.0640836544257,0.130359940858,0.0999571612166
later,2018-03,,,random_forest,DPB,,full,raw,,,,,e2c8c7642438a1350d5e854d1fc94343893d4135b1c80de1d1295c2271dd50e3,,,,0.195435092725,,,,,,,,,,,,184fab6850ceddcb6640c6d7c40a99ad76b6567a0af96fd41049a0eaafe65828,,,,,,,,,,,,,,,,,,,,,,,,,,,,,,,,,,,,,,,,,,,,,,,,,,reliability_bin,7,701,137,0.0715018158042,0.0640875327847,0.0789449063774,0.12393327692,0.100099957161
later,2018-03,,,random_forest,DPB,,full,raw,,,,,e2c8c7642438a1350d5e854d1fc94343893d4135b1c80de1d1295c2271dd50e3,,,,0.214285714286,,,,,,,,,,,,184fab6850ceddcb6640c6d7c40a99ad76b6567a0af96fd41049a0eaafe65828,,,,,,,,,,,,,,,,,,,,,,,,,,,,,,,,,,,,,,,,,,,,,,,,,,reliability_bin,8,700,150,0.0880279619888,0.078949457275,0.0980957529372,0.126257752297,0.0999571612166
later,2018-03,,,random_forest,DPB,,full,raw,,,,,e2c8c7642438a1350d5e854d1fc94343893d4135b1c80de1d1295c2271dd50e3,,,,0.291428571429,,,,,,,,,,,,184fab6850ceddcb6640c6d7c40a99ad76b6567a0af96fd41049a0eaafe65828,,,,,,,,,,,,,,,,,,,,,,,,,,,,,,,,,,,,,,,,,,,,,,,,,,reliability_bin,9,700,204,0.111805548727,0.0981040963514,0.128891428069,0.179623022702,0.0999571612166
later,2018-03,,,random_forest,DPB,,full,raw,,,,,e2c8c7642438a1350d5e854d1fc94343893d4135b1c80de1d1295c2271dd50e3,,,,0.35,,,,,,,,,,,,184fab6850ceddcb6640c6d7c40a99ad76b6567a0af96fd41049a0eaafe65828,,,,,,,,,,,,,,,,,,,,,,,,,,,,,,,,,,,,,,,,,,,,,,,,,,reliability_bin,10,700,245,0.165075462104,0.12890183302,0.283585332051,0.184924537896,0.0999571612166
later,2018-03,,,random_forest,DPG,,full,calibrated,,,,,7a4558efa3f409d5c58ec6828df7d7c3726ca7b5d42992bab212523e69d9b3ba,,,,0.198288159772,,,,,,,,,,,,184fab6850ceddcb6640c6d7c40a99ad76b6567a0af96fd41049a0eaafe65828,,,,,,,,,,,,,,,,,,,,,,,,,,,,,,,,,,,,,,,,,,,,,,,,,,reliability_bin,1,701,139,0.0331560541191,0.0265462310391,0.0363132997934,0.165132105653,0.100099957161
later,2018-03,,,random_forest,DPG,,full,calibrated,,,,,7a4558efa3f409d5c58ec6828df7d7c3726ca7b5d42992bab212523e69d9b3ba,,,,0.244285714286,,,,,,,,,,,,184fab6850ceddcb6640c6d7c40a99ad76b6567a0af96fd41049a0eaafe65828,,,,,,,,,,,,,,,,,,,,,,,,,,,,,,,,,,,,,,,,,,,,,,,,,,reliability_bin,2,700,171,0.0385525619562,0.0363190938565,0.0414109741774,0.205733152329,0.0999571612166
later,2018-03,,,random_forest,DPG,,full,calibrated,,,,,7a4558efa3f409d5c58ec6828df7d7c3726ca7b5d42992bab212523e69d9b3ba,,,,0.138571428571,,,,,,,,,,,,184fab6850ceddcb6640c6d7c40a99ad76b6567a0af96fd41049a0eaafe65828,,,,,,,,,,,,,,,,,,,,,,,,,,,,,,,,,,,,,,,,,,,,,,,,,,reliability_bin,3,700,97,0.0432224844591,0.0414593898085,0.0443118462193,0.0953489441124,0.0999571612166
later,2018-03,,,random_forest,DPG,,full,calibrated,,,,,7a4558efa3f409d5c58ec6828df7d7c3726ca7b5d42992bab212523e69d9b3ba,,,,0.0970042796006,,,,,,,,,,,,184fab6850ceddcb6640c6d7c40a99ad76b6567a0af96fd41049a0eaafe65828,,,,,,,,,,,,,,,,,,,,,,,,,,,,,,,,,,,,,,,,,,,,,,,,,,reliability_bin,4,701,68,0.0451604963528,0.0443187741453,0.0459947883651,0.0518437832477,0.100099957161
later,2018-03,,,random_forest,DPG,,full,calibrated,,,,,7a4558efa3f409d5c58ec6828df7d7c3726ca7b5d42992bab212523e69d9b3ba,,,,0.0957142857143,,,,,,,,,,,,184fab6850ceddcb6640c6d7c40a99ad76b6567a0af96fd41049a0eaafe65828,,,,,,,,,,,,,,,,,,,,,,,,,,,,,,,,,,,,,,,,,,,,,,,,,,reliability_bin,5,700,67,0.0467372040377,0.0459986229569,0.0477713372323,0.0489770816766,0.0999571612166
later,2018-03,,,random_forest,DPG,,full,calibrated,,,,,7a4558efa3f409d5c58ec6828df7d7c3726ca7b5d42992bab212523e69d9b3ba,,,,0.132857142857,,,,,,,,,,,,184fab6850ceddcb6640c6d7c40a99ad76b6567a0af96fd41049a0eaafe65828,,,,,,,,,,,,,,,,,,,,,,,,,,,,,,,,,,,,,,,,,,,,,,,,,,reliability_bin,6,700,93,0.0489802084743,0.0477740201618,0.0504655717674,0.0838769343828,0.0999571612166
later,2018-03,,,random_forest,DPG,,full,calibrated,,,,,7a4558efa3f409d5c58ec6828df7d7c3726ca7b5d42992bab212523e69d9b3ba,,,,0.172610556348,,,,,,,,,,,,184fab6850ceddcb6640c6d7c40a99ad76b6567a0af96fd41049a0eaafe65828,,,,,,,,,,,,,,,,,,,,,,,,,,,,,,,,,,,,,,,,,,,,,,,,,,reliability_bin,7,701,121,0.0519644094356,0.0504664903592,0.0535174100146,0.120646146912,0.100099957161
later,2018-03,,,random_forest,DPG,,full,calibrated,,,,,7a4558efa3f409d5c58ec6828df7d7c3726ca7b5d42992bab212523e69d9b3ba,,,,0.218571428571,,,,,,,,,,,,184fab6850ceddcb6640c6d7c40a99ad76b6567a0af96fd41049a0eaafe65828,,,,,,,,,,,,,,,,,,,,,,,,,,,,,,,,,,,,,,,,,,,,,,,,,,reliability_bin,8,700,153,0.0555622367887,0.0535174100146,0.0573159836624,0.163009191783,0.0999571612166
later,2018-03,,,random_forest,DPG,,full,calibrated,,,,,7a4558efa3f409d5c58ec6828df7d7c3726ca7b5d42992bab212523e69d9b3ba,,,,0.254285714286,,,,,,,,,,,,184fab6850ceddcb6640c6d7c40a99ad76b6567a0af96fd41049a0eaafe65828,,,,,,,,,,,,,,,,,,,,,,,,,,,,,,,,,,,,,,,,,,,,,,,,,,reliability_bin,9,700,178,0.0591237986752,0.0573193578649,0.0614798209011,0.19516191561,0.0999571612166
later,2018-03,,,random_forest,DPG,,full,calibrated,,,,,7a4558efa3f409d5c58ec6828df7d7c3726ca7b5d42992bab212523e69d9b3ba,,,,0.344285714286,,,,,,,,,,,,184fab6850ceddcb6640c6d7c40a99ad76b6567a0af96fd41049a0eaafe65828,,,,,,,,,,,,,,,,,,,,,,,,,,,,,,,,,,,,,,,,,,,,,,,,,,reliability_bin,10,700,241,0.0660590326452,0.0614806108296,0.0811235515346,0.27822668164,0.0999571612166
later,2018-03,,,random_forest,DPG,,full,raw,,,,,7a4558efa3f409d5c58ec6828df7d7c3726ca7b5d42992bab212523e69d9b3ba,,,,0.198288159772,,,,,,,,,,,,184fab6850ceddcb6640c6d7c40a99ad76b6567a0af96fd41049a0eaafe65828,,,,,,,,,,,,,,,,,,,,,,,,,,,,,,,,,,,,,,,,,,,,,,,,,,reliability_bin,1,701,139,0.00938134793159,0.00338804671297,0.013437658063,0.18890681184,0.100099957161
later,2018-03,,,random_forest,DPG,,full,raw,,,,,7a4558efa3f409d5c58ec6828df7d7c3726ca7b5d42992bab212523e69d9b3ba,,,,0.244285714286,,,,,,,,,,,,184fab6850ceddcb6640c6d7c40a99ad76b6567a0af96fd41049a0eaafe65828,,,,,,,,,,,,,,,,,,,,,,,,,,,,,,,,,,,,,,,,,,,,,,,,,,reliability_bin,2,700,171,0.0176396836993,0.0134470813926,0.0239020436402,0.226646030586,0.0999571612166
later,2018-03,,,random_forest,DPG,,full,raw,,,,,7a4558efa3f409d5c58ec6828df7d7c3726ca7b5d42992bab212523e69d9b3ba,,,,0.138571428571,,,,,,,,,,,,184fab6850ceddcb6640c6d7c40a99ad76b6567a0af96fd41049a0eaafe65828,,,,,,,,,,,,,,,,,,,,,,,,,,,,,,,,,,,,,,,,,,,,,,,,,,reliability_bin,3,700,97,0.0288791602962,0.0240244103486,0.0321085523706,0.109692268275,0.0999571612166
later,2018-03,,,random_forest,DPG,,full,raw,,,,,7a4558efa3f409d5c58ec6828df7d7c3726ca7b5d42992bab212523e69d9b3ba,,,,0.0970042796006,,,,,,,,,,,,184fab6850ceddcb6640c6d7c40a99ad76b6567a0af96fd41049a0eaafe65828,,,,,,,,,,,,,,,,,,,,,,,,,,,,,,,,,,,,,,,,,,,,,,,,,,reliability_bin,4,701,68,0.0348940314233,0.0321303787991,0.0377443375968,0.0621102481772,0.100099957161
later,2018-03,,,random_forest,DPG,,full,raw,,,,,7a4558efa3f409d5c58ec6828df7d7c3726ca7b5d42992bab212523e69d9b3ba,,,,0.0957142857143,,,,,,,,,,,,184fab6850ceddcb6640c6d7c40a99ad76b6567a0af96fd41049a0eaafe65828,,,,,,,,,,,,,,,,,,,,,,,,,,,,,,,,,,,,,,,,,,,,,,,,,,reliability_bin,5,700,67,0.0404835793278,0.0377579620138,0.0444556803343,0.0552307063864,0.0999571612166
later,2018-03,,,random_forest,DPG,,full,raw,,,,,7a4558efa3f409d5c58ec6828df7d7c3726ca7b5d42992bab212523e69d9b3ba,,,,0.132857142857,,,,,,,,,,,,184fab6850ceddcb6640c6d7c40a99ad76b6567a0af96fd41049a0eaafe65828,,,,,,,,,,,,,,,,,,,,,,,,,,,,,,,,,,,,,,,,,,,,,,,,,,reliability_bin,6,700,93,0.0495792554652,0.0444664344574,0.0562452036719,0.083277887392,0.0999571612166
later,2018-03,,,random_forest,DPG,,full,raw,,,,,7a4558efa3f409d5c58ec6828df7d7c3726ca7b5d42992bab212523e69d9b3ba,,,,0.172610556348,,,,,,,,,,,,184fab6850ceddcb6640c6d7c40a99ad76b6567a0af96fd41049a0eaafe65828,,,,,,,,,,,,,,,,,,,,,,,,,,,,,,,,,,,,,,,,,,,,,,,,,,reliability_bin,7,701,121,0.0638178476913,0.0562495711553,0.0721366465678,0.108792708657,0.100099957161
later,2018-03,,,random_forest,DPG,,full,raw,,,,,7a4558efa3f409d5c58ec6828df7d7c3726ca7b5d42992bab212523e69d9b3ba,,,,0.218571428571,,,,,,,,,,,,184fab6850ceddcb6640c6d7c40a99ad76b6567a0af96fd41049a0eaafe65828,,,,,,,,,,,,,,,,,,,,,,,,,,,,,,,,,,,,,,,,,,,,,,,,,,reliability_bin,8,700,153,0.0845842089279,0.0721366465678,0.0959766335925,0.133987219644,0.0999571612166
later,2018-03,,,random_forest,DPG,,full,raw,,,,,7a4558efa3f409d5c58ec6828df7d7c3726ca7b5d42992bab212523e69d9b3ba,,,,0.254285714286,,,,,,,,,,,,184fab6850ceddcb6640c6d7c40a99ad76b6567a0af96fd41049a0eaafe65828,,,,,,,,,,,,,,,,,,,,,,,,,,,,,,,,,,,,,,,,,,,,,,,,,,reliability_bin,9,700,178,0.109166040688,0.0959998913184,0.127554508902,0.145119673598,0.0999571612166
later,2018-03,,,random_forest,DPG,,full,raw,,,,,7a4558efa3f409d5c58ec6828df7d7c3726ca7b5d42992bab212523e69d9b3ba,,,,0.344285714286,,,,,,,,,,,,184fab6850ceddcb6640c6d7c40a99ad76b6567a0af96fd41049a0eaafe65828,,,,,,,,,,,,,,,,,,,,,,,,,,,,,,,,,,,,,,,,,,,,,,,,,,reliability_bin,10,700,241,0.170831727861,0.127561047887,0.344804462897,0.173453986424,0.0999571612166
later,2018-03,,,random_forest,DPS,,full,calibrated,,,,,fa072bb0814d22a5a93f6a46672e242db767484d1b87ce1043b5e55000e3076a,,,,0.14122681883,,,,,,,,,,,,184fab6850ceddcb6640c6d7c40a99ad76b6567a0af96fd41049a0eaafe65828,,,,,,,,,,,,,,,,,,,,,,,,,,,,,,,,,,,,,,,,,,,,,,,,,,reliability_bin,1,701,99,0.0138609721915,0.00267873654102,0.0199665403013,0.127365846639,0.100099957161
later,2018-03,,,random_forest,DPS,,full,calibrated,,,,,fa072bb0814d22a5a93f6a46672e242db767484d1b87ce1043b5e55000e3076a,,,,0.177142857143,,,,,,,,,,,,184fab6850ceddcb6640c6d7c40a99ad76b6567a0af96fd41049a0eaafe65828,,,,,,,,,,,,,,,,,,,,,,,,,,,,,,,,,,,,,,,,,,,,,,,,,,reliability_bin,2,700,124,0.0235975829189,0.0199724650065,0.0265947359522,0.153545274224,0.0999571612166
later,2018-03,,,random_forest,DPS,,full,calibrated,,,,,fa072bb0814d22a5a93f6a46672e242db767484d1b87ce1043b5e55000e3076a,,,,0.181428571429,,,,,,,,,,,,184fab6850ceddcb6640c6d7c40a99ad76b6567a0af96fd41049a0eaafe65828,,,,,,,,,,,,,,,,,,,,,,,,,,,,,,,,,,,,,,,,,,,,,,,,,,reliability_bin,3,700,127,0.0293602243785,0.0266035876966,0.0321385104692,0.15206834705,0.0999571612166
later,2018-03,,,random_forest,DPS,,full,calibrated,,,,,fa072bb0814d22a5a93f6a46672e242db767484d1b87ce1043b5e55000e3076a,,,,0.20970042796,,,,,,,,,,,,184fab6850ceddcb6640c6d7c40a99ad76b6567a0af96fd41049a0eaafe65828,,,,,,,,,,,,,,,,,,,,,,,,,,,,,,,,,,,,,,,,,,,,,,,,,,reliability_bin,4,701,147,0.0349132937311,0.0321601358284,0.0377267496252,0.174787134229,0.100099957161
later,2018-03,,,random_forest,DPS,,full,calibrated,,,,,fa072bb0814d22a5a93f6a46672e242db767484d1b87ce1043b5e55000e3076a,,,,0.171428571429,,,,,,,,,,,,184fab6850ceddcb6640c6d7c40a99ad76b6567a0af96fd41049a0eaafe65828,,,,,,,,,,,,,,,,,,,,,,,,,,,,,,,,,,,,,,,,,,,,,,,,,,reliability_bin,5,700,120,0.0406431689658,0.0377295191677,0.0435633586175,0.130785402463,0.0999571612166
later,2018-03,,,random_forest,DPS,,full,calibrated,,,,,fa072bb0814d22a5a93f6a46672e242db767484d1b87ce1043b5e55000e3076a,,,,0.194285714286,,,,,,,,,,,,184fab6850ceddcb6640c6d7c40a99ad76b6567a0af96fd41049a0eaafe65828,,,,,,,,,,,,,,,,,,,,,,,,,,,,,,,,,,,,,,,,,,,,,,,,,,reliability_bin,6,700,136,0.046704171028,0.0435661790488,0.0503824791348,0.147581543258,0.0999571612166
later,2018-03,,,random_forest,DPS,,full,calibrated,,,,,fa072bb0814d22a5a93f6a46672e242db767484d1b87ce1043b5e55000e3076a,,,,0.212553495007,,,,,,,,,,,,184fab6850ceddcb6640c6d7c40a99ad76b6567a0af96fd41049a0eaafe65828,,,,,,,,,,,,,,,,,,,,,,,,,,,,,,,,,,,,,,,,,,,,,,,,,,reliability_bin,7,701,149,0.0543489655154,0.0503939061653,0.0586759832544,0.158204529492,0.100099957161
later,2018-03,,,random_forest,DPS,,full,calibrated,,,,,fa072bb0814d22a5a93f6a46672e242db767484d1b87ce1043b5e55000e3076a,,,,0.197142857143,,,,,,,,,,,,184fab6850ceddcb6640c6d7c40a99ad76b6567a0af96fd41049a0eaafe65828,,,,,,,,,,,,,,,,,,,,,,,,,,,,,,,,,,,,,,,,,,,,,,,,,,reliability_bin,8,700,138,0.0641526625827,0.0586803674992,0.0703932660089,0.13299019456,0.0999571612166
later,2018-03,,,random_forest,DPS,,full,calibrated,,,,,fa072bb0814d22a5a93f6a46672e242db767484d1b87ce1043b5e55000e3076a,,,,0.185714285714,,,,,,,,,,,,184fab6850ceddcb6640c6d7c40a99ad76b6567a0af96fd41049a0eaafe65828,,,,,,,,,,,,,,,,,,,,,,,,,,,,,,,,,,,,,,,,,,,,,,,,,,reliability_bin,9,700,130,0.0791862104787,0.0704102501221,0.0910455834664,0.106528075236,0.0999571612166
later,2018-03,,,random_forest,DPS,,full,calibrated,,,,,fa072bb0814d22a5a93f6a46672e242db767484d1b87ce1043b5e55000e3076a,,,,0.225714285714,,,,,,,,,,,,184fab6850ceddcb6640c6d7c40a99ad76b6567a0af96fd41049a0eaafe65828,,,,,,,,,,,,,,,,,,,,,,,,,,,,,,,,,,,,,,,,,,,,,,,,,,reliability_bin,10,700,158,0.121625518385,0.0910455834664,0.29964759841,0.104088767329,0.0999571612166
later,2018-03,,,random_forest,DPS,,full,raw,,,,,fa072bb0814d22a5a93f6a46672e242db767484d1b87ce1043b5e55000e3076a,,,,0.14122681883,,,,,,,,,,,,184fab6850ceddcb6640c6d7c40a99ad76b6567a0af96fd41049a0eaafe65828,,,,,,,,,,,,,,,,,,,,,,,,,,,,,,,,,,,,,,,,,,,,,,,,,,reliability_bin,1,701,99,0.0138609721915,0.00267873654102,0.0199665403013,0.127365846639,0.100099957161
later,2018-03,,,random_forest,DPS,,full,raw,,,,,fa072bb0814d22a5a93f6a46672e242db767484d1b87ce1043b5e55000e3076a,,,,0.177142857143,,,,,,,,,,,,184fab6850ceddcb6640c6d7c40a99ad76b6567a0af96fd41049a0eaafe65828,,,,,,,,,,,,,,,,,,,,,,,,,,,,,,,,,,,,,,,,,,,,,,,,,,reliability_bin,2,700,124,0.0235975829189,0.0199724650065,0.0265947359522,0.153545274224,0.0999571612166
later,2018-03,,,random_forest,DPS,,full,raw,,,,,fa072bb0814d22a5a93f6a46672e242db767484d1b87ce1043b5e55000e3076a,,,,0.181428571429,,,,,,,,,,,,184fab6850ceddcb6640c6d7c40a99ad76b6567a0af96fd41049a0eaafe65828,,,,,,,,,,,,,,,,,,,,,,,,,,,,,,,,,,,,,,,,,,,,,,,,,,reliability_bin,3,700,127,0.0293602243785,0.0266035876966,0.0321385104692,0.15206834705,0.0999571612166
later,2018-03,,,random_forest,DPS,,full,raw,,,,,fa072bb0814d22a5a93f6a46672e242db767484d1b87ce1043b5e55000e3076a,,,,0.20970042796,,,,,,,,,,,,184fab6850ceddcb6640c6d7c40a99ad76b6567a0af96fd41049a0eaafe65828,,,,,,,,,,,,,,,,,,,,,,,,,,,,,,,,,,,,,,,,,,,,,,,,,,reliability_bin,4,701,147,0.0349132937311,0.0321601358284,0.0377267496252,0.174787134229,0.100099957161
later,2018-03,,,random_forest,DPS,,full,raw,,,,,fa072bb0814d22a5a93f6a46672e242db767484d1b87ce1043b5e55000e3076a,,,,0.171428571429,,,,,,,,,,,,184fab6850ceddcb6640c6d7c40a99ad76b6567a0af96fd41049a0eaafe65828,,,,,,,,,,,,,,,,,,,,,,,,,,,,,,,,,,,,,,,,,,,,,,,,,,reliability_bin,5,700,120,0.0406431689658,0.0377295191677,0.0435633586175,0.130785402463,0.0999571612166
later,2018-03,,,random_forest,DPS,,full,raw,,,,,fa072bb0814d22a5a93f6a46672e242db767484d1b87ce1043b5e55000e3076a,,,,0.194285714286,,,,,,,,,,,,184fab6850ceddcb6640c6d7c40a99ad76b6567a0af96fd41049a0eaafe65828,,,,,,,,,,,,,,,,,,,,,,,,,,,,,,,,,,,,,,,,,,,,,,,,,,reliability_bin,6,700,136,0.046704171028,0.0435661790488,0.0503824791348,0.147581543258,0.0999571612166
later,2018-03,,,random_forest,DPS,,full,raw,,,,,fa072bb0814d22a5a93f6a46672e242db767484d1b87ce1043b5e55000e3076a,,,,0.212553495007,,,,,,,,,,,,184fab6850ceddcb6640c6d7c40a99ad76b6567a0af96fd41049a0eaafe65828,,,,,,,,,,,,,,,,,,,,,,,,,,,,,,,,,,,,,,,,,,,,,,,,,,reliability_bin,7,701,149,0.0543489655154,0.0503939061653,0.0586759832544,0.158204529492,0.100099957161
later,2018-03,,,random_forest,DPS,,full,raw,,,,,fa072bb0814d22a5a93f6a46672e242db767484d1b87ce1043b5e55000e3076a,,,,0.197142857143,,,,,,,,,,,,184fab6850ceddcb6640c6d7c40a99ad76b6567a0af96fd41049a0eaafe65828,,,,,,,,,,,,,,,,,,,,,,,,,,,,,,,,,,,,,,,,,,,,,,,,,,reliability_bin,8,700,138,0.0641526625827,0.0586803674992,0.0703932660089,0.13299019456,0.0999571612166
later,2018-03,,,random_forest,DPS,,full,raw,,,,,fa072bb0814d22a5a93f6a46672e242db767484d1b87ce1043b5e55000e3076a,,,,0.185714285714,,,,,,,,,,,,184fab6850ceddcb6640c6d7c40a99ad76b6567a0af96fd41049a0eaafe65828,,,,,,,,,,,,,,,,,,,,,,,,,,,,,,,,,,,,,,,,,,,,,,,,,,reliability_bin,9,700,130,0.0791862104787,0.0704102501221,0.0910455834664,0.106528075236,0.0999571612166
later,2018-03,,,random_forest,DPS,,full,raw,,,,,fa072bb0814d22a5a93f6a46672e242db767484d1b87ce1043b5e55000e3076a,,,,0.225714285714,,,,,,,,,,,,184fab6850ceddcb6640c6d7c40a99ad76b6567a0af96fd41049a0eaafe65828,,,,,,,,,,,,,,,,,,,,,,,,,,,,,,,,,,,,,,,,,,,,,,,,,,reliability_bin,10,700,158,0.121625518385,0.0910455834664,0.29964759841,0.104088767329,0.0999571612166
later,2018-03,2018-03,,xgboost,DP0,,full,calibrated,calibrated,,,,79c5a2f1cade524e958f369549b205b1a45b0631b789d48296a39bef69e8d9a2,,,,0.09272467903,,,,,,,,,,,,184fab6850ceddcb6640c6d7c40a99ad76b6567a0af96fd41049a0eaafe65828,xgboost,DP0,,,,,,,,,,,,,,,,,,,,,,,,,,,,,,,,,,,,,,,,,,,,,,,,reliability_bin,1,701,65,0.0503195052151,0.0479144416749,0.0510089956224,0.0424051738149,0.100099957161
later,2018-03,2018-03,,xgboost,DP0,,full,calibrated,calibrated,,,,79c5a2f1cade524e958f369549b205b1a45b0631b789d48296a39bef69e8d9a2,,,,0.0642857142857,,,,,,,,,,,,184fab6850ceddcb6640c6d7c40a99ad76b6567a0af96fd41049a0eaafe65828,xgboost,DP0,,,,,,,,,,,,,,,,,,,,,,,,,,,,,,,,,,,,,,,,,,,,,,,,reliability_bin,2,700,45,0.0510089956224,0.0510089956224,0.0510089956224,0.0132767186633,0.0999571612166
later,2018-03,2018-03,,xgboost,DP0,,full,calibrated,calibrated,,,,79c5a2f1cade524e958f369549b205b1a45b0631b789d48296a39bef69e8d9a2,,,,0.137142857143,,,,,,,,,,,,184fab6850ceddcb6640c6d7c40a99ad76b6567a0af96fd41049a0eaafe65828,xgboost,DP0,,,,,,,,,,,,,,,,,,,,,,,,,,,,,,,,,,,,,,,,,,,,,,,,reliability_bin,3,700,96,0.0512156151395,0.0510089956224,0.0514433309436,0.0859272420034,0.0999571612166
later,2018-03,2018-03,,xgboost,DP0,,full,calibrated,calibrated,,,,79c5a2f1cade524e958f369549b205b1a45b0631b789d48296a39bef69e8d9a2,,,,0.203994293866,,,,,,,,,,,,184fab6850ceddcb6640c6d7c40a99ad76b6567a0af96fd41049a0eaafe65828,xgboost,DP0,,,,,,,,,,,,,,,,,,,,,,,,,,,,,,,,,,,,,,,,,,,,,,,,reliability_bin,4,701,143,0.0515167741118,0.0514433309436,0.0518833622336,0.152477519754,0.100099957161
later,2018-03,2018-03,,xgboost,DP0,,full,calibrated,calibrated,,,,79c5a2f1cade524e958f369549b205b1a45b0631b789d48296a39bef69e8d9a2,,,,0.22,,,,,,,,,,,,184fab6850ceddcb6640c6d7c40a99ad76b6567a0af96fd41049a0eaafe65828,xgboost,DP0,,,,,,,,,,,,,,,,,,,,,,,,,,,,,,,,,,,,,,,,,,,,,,,,reliability_bin,5,700,154,0.0523195571985,0.0518833622336,0.0525127872825,0.167680442802,0.0999571612166
later,2018-03,2018-03,,xgboost,DP0,,full,calibrated,calibrated,,,,79c5a2f1cade524e958f369549b205b1a45b0631b789d48296a39bef69e8d9a2,,,,0.217142857143,,,,,,,,,,,,184fab6850ceddcb6640c6d7c40a99ad76b6567a0af96fd41049a0eaafe65828,xgboost,DP0,,,,,,,,,,,,,,,,,,,,,,,,,,,,,,,,,,,,,,,,,,,,,,,,reliability_bin,6,700,152,0.0525127872825,0.0525127872825,0.0525127872825,0.16463006986,0.0999571612166
later,2018-03,2018-03,,xgboost,DP0,,full,calibrated,calibrated,,,,79c5a2f1cade524e958f369549b205b1a45b0631b789d48296a39bef69e8d9a2,,,,0.213980028531,,,,,,,,,,,,184fab6850ceddcb6640c6d7c40a99ad76b6567a0af96fd41049a0eaafe65828,xgboost,DP0,,,,,,,,,,,,,,,,,,,,,,,,,,,,,,,,,,,,,,,,,,,,,,,,reliability_bin,7,701,150,0.0525127872825,0.0525127872825,0.0525127872825,0.161467241248,0.100099957161
later,2018-03,2018-03,,xgboost,DP0,,full,calibrated,calibrated,,,,79c5a2f1cade524e958f369549b205b1a45b0631b789d48296a39bef69e8d9a2,,,,0.252857142857,,,,,,,,,,,,184fab6850ceddcb6640c6d7c40a99ad76b6567a0af96fd41049a0eaafe65828,xgboost,DP0,,,,,,,,,,,,,,,,,,,,,,,,,,,,,,,,,,,,,,,,,,,,,,,,reliability_bin,8,700,177,0.0525127872825,0.0525127872825,0.0525127872825,0.200344355575,0.0999571612166
later,2018-03,2018-03,,xgboost,DP0,,full,calibrated,calibrated,,,,79c5a2f1cade524e958f369549b205b1a45b0631b789d48296a39bef69e8d9a2,,,,0.221428571429,,,,,,,,,,,,184fab6850ceddcb6640c6d7c40a99ad76b6567a0af96fd41049a0eaafe65828,xgboost,DP0,,,,,,,,,,,,,,,,,,,,,,,,,,,,,,,,,,,,,,,,,,,,,,,,reliability_bin,9,700,155,0.0525127872825,0.0525127872825,0.0525127872825,0.168915784146,0.0999571612166
later,2018-03,2018-03,,xgboost,DP0,,full,calibrated,calibrated,,,,79c5a2f1cade524e958f369549b205b1a45b0631b789d48296a39bef69e8d9a2,,,,0.272857142857,,,,,,,,,,,,184fab6850ceddcb6640c6d7c40a99ad76b6567a0af96fd41049a0eaafe65828,xgboost,DP0,,,,,,,,,,,,,,,,,,,,,,,,,,,,,,,,,,,,,,,,,,,,,,,,reliability_bin,10,700,191,0.0535322830081,0.0525127872825,0.060074865818,0.219324859849,0.0999571612166
later,2018-03,2018-03,,xgboost,DP0,,full,raw,raw,,,,79c5a2f1cade524e958f369549b205b1a45b0631b789d48296a39bef69e8d9a2,,,,0.09272467903,,,,,,,,,,,,184fab6850ceddcb6640c6d7c40a99ad76b6567a0af96fd41049a0eaafe65828,xgboost,DP0,,,,,,,,,,,,,,,,,,,,,,,,,,,,,,,,,,,,,,,,,,,,,,,,reliability_bin,1,701,65,0.0503195052151,0.0479144416749,0.0510089956224,0.0424051738149,0.100099957161
later,2018-03,2018-03,,xgboost,DP0,,full,raw,raw,,,,79c5a2f1cade524e958f369549b205b1a45b0631b789d48296a39bef69e8d9a2,,,,0.0642857142857,,,,,,,,,,,,184fab6850ceddcb6640c6d7c40a99ad76b6567a0af96fd41049a0eaafe65828,xgboost,DP0,,,,,,,,,,,,,,,,,,,,,,,,,,,,,,,,,,,,,,,,,,,,,,,,reliability_bin,2,700,45,0.0510089956224,0.0510089956224,0.0510089956224,0.0132767186633,0.0999571612166
later,2018-03,2018-03,,xgboost,DP0,,full,raw,raw,,,,79c5a2f1cade524e958f369549b205b1a45b0631b789d48296a39bef69e8d9a2,,,,0.137142857143,,,,,,,,,,,,184fab6850ceddcb6640c6d7c40a99ad76b6567a0af96fd41049a0eaafe65828,xgboost,DP0,,,,,,,,,,,,,,,,,,,,,,,,,,,,,,,,,,,,,,,,,,,,,,,,reliability_bin,3,700,96,0.0512156151395,0.0510089956224,0.0514433309436,0.0859272420034,0.0999571612166
later,2018-03,2018-03,,xgboost,DP0,,full,raw,raw,,,,79c5a2f1cade524e958f369549b205b1a45b0631b789d48296a39bef69e8d9a2,,,,0.203994293866,,,,,,,,,,,,184fab6850ceddcb6640c6d7c40a99ad76b6567a0af96fd41049a0eaafe65828,xgboost,DP0,,,,,,,,,,,,,,,,,,,,,,,,,,,,,,,,,,,,,,,,,,,,,,,,reliability_bin,4,701,143,0.0515167741118,0.0514433309436,0.0518833622336,0.152477519754,0.100099957161
later,2018-03,2018-03,,xgboost,DP0,,full,raw,raw,,,,79c5a2f1cade524e958f369549b205b1a45b0631b789d48296a39bef69e8d9a2,,,,0.22,,,,,,,,,,,,184fab6850ceddcb6640c6d7c40a99ad76b6567a0af96fd41049a0eaafe65828,xgboost,DP0,,,,,,,,,,,,,,,,,,,,,,,,,,,,,,,,,,,,,,,,,,,,,,,,reliability_bin,5,700,154,0.0523195571985,0.0518833622336,0.0525127872825,0.167680442802,0.0999571612166
later,2018-03,2018-03,,xgboost,DP0,,full,raw,raw,,,,79c5a2f1cade524e958f369549b205b1a45b0631b789d48296a39bef69e8d9a2,,,,0.217142857143,,,,,,,,,,,,184fab6850ceddcb6640c6d7c40a99ad76b6567a0af96fd41049a0eaafe65828,xgboost,DP0,,,,,,,,,,,,,,,,,,,,,,,,,,,,,,,,,,,,,,,,,,,,,,,,reliability_bin,6,700,152,0.0525127872825,0.0525127872825,0.0525127872825,0.16463006986,0.0999571612166
later,2018-03,2018-03,,xgboost,DP0,,full,raw,raw,,,,79c5a2f1cade524e958f369549b205b1a45b0631b789d48296a39bef69e8d9a2,,,,0.213980028531,,,,,,,,,,,,184fab6850ceddcb6640c6d7c40a99ad76b6567a0af96fd41049a0eaafe65828,xgboost,DP0,,,,,,,,,,,,,,,,,,,,,,,,,,,,,,,,,,,,,,,,,,,,,,,,reliability_bin,7,701,150,0.0525127872825,0.0525127872825,0.0525127872825,0.161467241248,0.100099957161
later,2018-03,2018-03,,xgboost,DP0,,full,raw,raw,,,,79c5a2f1cade524e958f369549b205b1a45b0631b789d48296a39bef69e8d9a2,,,,0.252857142857,,,,,,,,,,,,184fab6850ceddcb6640c6d7c40a99ad76b6567a0af96fd41049a0eaafe65828,xgboost,DP0,,,,,,,,,,,,,,,,,,,,,,,,,,,,,,,,,,,,,,,,,,,,,,,,reliability_bin,8,700,177,0.0525127872825,0.0525127872825,0.0525127872825,0.200344355575,0.0999571612166
later,2018-03,2018-03,,xgboost,DP0,,full,raw,raw,,,,79c5a2f1cade524e958f369549b205b1a45b0631b789d48296a39bef69e8d9a2,,,,0.221428571429,,,,,,,,,,,,184fab6850ceddcb6640c6d7c40a99ad76b6567a0af96fd41049a0eaafe65828,xgboost,DP0,,,,,,,,,,,,,,,,,,,,,,,,,,,,,,,,,,,,,,,,,,,,,,,,reliability_bin,9,700,155,0.0525127872825,0.0525127872825,0.0525127872825,0.168915784146,0.0999571612166
later,2018-03,2018-03,,xgboost,DP0,,full,raw,raw,,,,79c5a2f1cade524e958f369549b205b1a45b0631b789d48296a39bef69e8d9a2,,,,0.272857142857,,,,,,,,,,,,184fab6850ceddcb6640c6d7c40a99ad76b6567a0af96fd41049a0eaafe65828,xgboost,DP0,,,,,,,,,,,,,,,,,,,,,,,,,,,,,,,,,,,,,,,,,,,,,,,,reliability_bin,10,700,191,0.0535322830081,0.0525127872825,0.060074865818,0.219324859849,0.0999571612166
later,2018-03,2018-03,,xgboost,DPB,,full,calibrated,calibrated,,,,c50de25c29db4a2b16e16537f934d9bdfcaace91a1f8f4d55886e11093615b76,,,,0.0542082738944,,,,,,,,,,,,184fab6850ceddcb6640c6d7c40a99ad76b6567a0af96fd41049a0eaafe65828,xgboost,DPB,,,,,,,,,,,,,,,,,,,,,,,,,,,,,,,,,,,,,,,,,,,,,,,,reliability_bin,1,701,38,0.0493976626062,0.0490420050919,0.0494689159095,0.00481061128828,0.100099957161
later,2018-03,2018-03,,xgboost,DPB,,full,calibrated,calibrated,,,,c50de25c29db4a2b16e16537f934d9bdfcaace91a1f8f4d55886e11093615b76,,,,0.0714285714286,,,,,,,,,,,,184fab6850ceddcb6640c6d7c40a99ad76b6567a0af96fd41049a0eaafe65828,xgboost,DPB,,,,,,,,,,,,,,,,,,,,,,,,,,,,,,,,,,,,,,,,,,,,,,,,reliability_bin,2,700,50,0.049504457345,0.0494689159095,0.0499858260155,0.0219241140836,0.0999571612166
later,2018-03,2018-03,,xgboost,DPB,,full,calibrated,calibrated,,,,c50de25c29db4a2b16e16537f934d9bdfcaace91a1f8f4d55886e11093615b76,,,,0.1,,,,,,,,,,,,184fab6850ceddcb6640c6d7c40a99ad76b6567a0af96fd41049a0eaafe65828,xgboost,DPB,,,,,,,,,,,,,,,,,,,,,,,,,,,,,,,,,,,,,,,,,,,,,,,,reliability_bin,3,700,70,0.0502229195833,0.0499858260155,0.0512994937599,0.0497770804167,0.0999571612166
later,2018-03,2018-03,,xgboost,DPB,,full,calibrated,calibrated,,,,c50de25c29db4a2b16e16537f934d9bdfcaace91a1f8f4d55886e11093615b76,,,,0.0898716119829,,,,,,,,,,,,184fab6850ceddcb6640c6d7c40a99ad76b6567a0af96fd41049a0eaafe65828,xgboost,DPB,,,,,,,,,,,,,,,,,,,,,,,,,,,,,,,,,,,,,,,,,,,,,,,,reliability_bin,4,701,63,0.0513653232212,0.0512994937599,0.0513692013919,0.0385062887616,0.100099957161
later,2018-03,2018-03,,xgboost,DPB,,full,calibrated,calibrated,,,,c50de25c29db4a2b16e16537f934d9bdfcaace91a1f8f4d55886e11093615b76,,,,0.171428571429,,,,,,,,,,,,184fab6850ceddcb6640c6d7c40a99ad76b6567a0af96fd41049a0eaafe65828,xgboost,DPB,,,,,,,,,,,,,,,,,,,,,,,,,,,,,,,,,,,,,,,,,,,,,,,,reliability_bin,5,700,120,0.0529572828061,0.0513692013919,0.0533509999514,0.118471288622,0.0999571612166
later,2018-03,2018-03,,xgboost,DPB,,full,calibrated,calibrated,,,,c50de25c29db4a2b16e16537f934d9bdfcaace91a1f8f4d55886e11093615b76,,,,0.175714285714,,,,,,,,,,,,184fab6850ceddcb6640c6d7c40a99ad76b6567a0af96fd41049a0eaafe65828,xgboost,DPB,,,,,,,,,,,,,,,,,,,,,,,,,,,,,,,,,,,,,,,,,,,,,,,,reliability_bin,6,700,123,0.0533509999514,0.0533509999514,0.0533509999514,0.122363285763,0.0999571612166
later,2018-03,2018-03,,xgboost,DPB,,full,calibrated,calibrated,,,,c50de25c29db4a2b16e16537f934d9bdfcaace91a1f8f4d55886e11093615b76,,,,0.213980028531,,,,,,,,,,,,184fab6850ceddcb6640c6d7c40a99ad76b6567a0af96fd41049a0eaafe65828,xgboost,DPB,,,,,,,,,,,,,,,,,,,,,,,,,,,,,,,,,,,,,,,,,,,,,,,,reliability_bin,7,701,150,0.0538795206765,0.0533509999514,0.0551425516605,0.160100507854,0.100099957161
later,2018-03,2018-03,,xgboost,DPB,,full,calibrated,calibrated,,,,c50de25c29db4a2b16e16537f934d9bdfcaace91a1f8f4d55886e11093615b76,,,,0.32,,,,,,,,,,,,184fab6850ceddcb6640c6d7c40a99ad76b6567a0af96fd41049a0eaafe65828,xgboost,DPB,,,,,,,,,,,,,,,,,,,,,,,,,,,,,,,,,,,,,,,,,,,,,,,,reliability_bin,8,700,224,0.0551425516605,0.0551425516605,0.0551425516605,0.264857448339,0.0999571612166
later,2018-03,2018-03,,xgboost,DPB,,full,calibrated,calibrated,,,,c50de25c29db4a2b16e16537f934d9bdfcaace91a1f8f4d55886e11093615b76,,,,0.358571428571,,,,,,,,,,,,184fab6850ceddcb6640c6d7c40a99ad76b6567a0af96fd41049a0eaafe65828,xgboost,DPB,,,,,,,,,,,,,,,,,,,,,,,,,,,,,,,,,,,,,,,,,,,,,,,,reliability_bin,9,700,251,0.0551425516605,0.0551425516605,0.0551425516605,0.303428876911,0.0999571612166
later,2018-03,2018-03,,xgboost,DPB,,full,calibrated,calibrated,,,,c50de25c29db4a2b16e16537f934d9bdfcaace91a1f8f4d55886e11093615b76,,,,0.341428571429,,,,,,,,,,,,184fab6850ceddcb6640c6d7c40a99ad76b6567a0af96fd41049a0eaafe65828,xgboost,DPB,,,,,,,,,,,,,,,,,,,,,,,,,,,,,,,,,,,,,,,,,,,,,,,,reliability_bin,10,700,239,0.055615742164,0.0551425516605,0.0620600171387,0.285812829265,0.0999571612166
later,2018-03,2018-03,,xgboost,DPB,,full,raw,raw,,,,c50de25c29db4a2b16e16537f934d9bdfcaace91a1f8f4d55886e11093615b76,,,,0.0542082738944,,,,,,,,,,,,184fab6850ceddcb6640c6d7c40a99ad76b6567a0af96fd41049a0eaafe65828,xgboost,DPB,,,,,,,,,,,,,,,,,,,,,,,,,,,,,,,,,,,,,,,,,,,,,,,,reliability_bin,1,701,38,0.0493976626062,0.0490420050919,0.0494689159095,0.00481061128828,0.100099957161
later,2018-03,2018-03,,xgboost,DPB,,full,raw,raw,,,,c50de25c29db4a2b16e16537f934d9bdfcaace91a1f8f4d55886e11093615b76,,,,0.0714285714286,,,,,,,,,,,,184fab6850ceddcb6640c6d7c40a99ad76b6567a0af96fd41049a0eaafe65828,xgboost,DPB,,,,,,,,,,,,,,,,,,,,,,,,,,,,,,,,,,,,,,,,,,,,,,,,reliability_bin,2,700,50,0.049504457345,0.0494689159095,0.0499858260155,0.0219241140836,0.0999571612166
later,2018-03,2018-03,,xgboost,DPB,,full,raw,raw,,,,c50de25c29db4a2b16e16537f934d9bdfcaace91a1f8f4d55886e11093615b76,,,,0.1,,,,,,,,,,,,184fab6850ceddcb6640c6d7c40a99ad76b6567a0af96fd41049a0eaafe65828,xgboost,DPB,,,,,,,,,,,,,,,,,,,,,,,,,,,,,,,,,,,,,,,,,,,,,,,,reliability_bin,3,700,70,0.0502229195833,0.0499858260155,0.0512994937599,0.0497770804167,0.0999571612166
later,2018-03,2018-03,,xgboost,DPB,,full,raw,raw,,,,c50de25c29db4a2b16e16537f934d9bdfcaace91a1f8f4d55886e11093615b76,,,,0.0898716119829,,,,,,,,,,,,184fab6850ceddcb6640c6d7c40a99ad76b6567a0af96fd41049a0eaafe65828,xgboost,DPB,,,,,,,,,,,,,,,,,,,,,,,,,,,,,,,,,,,,,,,,,,,,,,,,reliability_bin,4,701,63,0.0513653232212,0.0512994937599,0.0513692013919,0.0385062887616,0.100099957161
later,2018-03,2018-03,,xgboost,DPB,,full,raw,raw,,,,c50de25c29db4a2b16e16537f934d9bdfcaace91a1f8f4d55886e11093615b76,,,,0.171428571429,,,,,,,,,,,,184fab6850ceddcb6640c6d7c40a99ad76b6567a0af96fd41049a0eaafe65828,xgboost,DPB,,,,,,,,,,,,,,,,,,,,,,,,,,,,,,,,,,,,,,,,,,,,,,,,reliability_bin,5,700,120,0.0529572828061,0.0513692013919,0.0533509999514,0.118471288622,0.0999571612166
later,2018-03,2018-03,,xgboost,DPB,,full,raw,raw,,,,c50de25c29db4a2b16e16537f934d9bdfcaace91a1f8f4d55886e11093615b76,,,,0.175714285714,,,,,,,,,,,,184fab6850ceddcb6640c6d7c40a99ad76b6567a0af96fd41049a0eaafe65828,xgboost,DPB,,,,,,,,,,,,,,,,,,,,,,,,,,,,,,,,,,,,,,,,,,,,,,,,reliability_bin,6,700,123,0.0533509999514,0.0533509999514,0.0533509999514,0.122363285763,0.0999571612166
later,2018-03,2018-03,,xgboost,DPB,,full,raw,raw,,,,c50de25c29db4a2b16e16537f934d9bdfcaace91a1f8f4d55886e11093615b76,,,,0.213980028531,,,,,,,,,,,,184fab6850ceddcb6640c6d7c40a99ad76b6567a0af96fd41049a0eaafe65828,xgboost,DPB,,,,,,,,,,,,,,,,,,,,,,,,,,,,,,,,,,,,,,,,,,,,,,,,reliability_bin,7,701,150,0.0538795206765,0.0533509999514,0.0551425516605,0.160100507854,0.100099957161
later,2018-03,2018-03,,xgboost,DPB,,full,raw,raw,,,,c50de25c29db4a2b16e16537f934d9bdfcaace91a1f8f4d55886e11093615b76,,,,0.32,,,,,,,,,,,,184fab6850ceddcb6640c6d7c40a99ad76b6567a0af96fd41049a0eaafe65828,xgboost,DPB,,,,,,,,,,,,,,,,,,,,,,,,,,,,,,,,,,,,,,,,,,,,,,,,reliability_bin,8,700,224,0.0551425516605,0.0551425516605,0.0551425516605,0.264857448339,0.0999571612166
later,2018-03,2018-03,,xgboost,DPB,,full,raw,raw,,,,c50de25c29db4a2b16e16537f934d9bdfcaace91a1f8f4d55886e11093615b76,,,,0.358571428571,,,,,,,,,,,,184fab6850ceddcb6640c6d7c40a99ad76b6567a0af96fd41049a0eaafe65828,xgboost,DPB,,,,,,,,,,,,,,,,,,,,,,,,,,,,,,,,,,,,,,,,,,,,,,,,reliability_bin,9,700,251,0.0551425516605,0.0551425516605,0.0551425516605,0.303428876911,0.0999571612166
later,2018-03,2018-03,,xgboost,DPB,,full,raw,raw,,,,c50de25c29db4a2b16e16537f934d9bdfcaace91a1f8f4d55886e11093615b76,,,,0.341428571429,,,,,,,,,,,,184fab6850ceddcb6640c6d7c40a99ad76b6567a0af96fd41049a0eaafe65828,xgboost,DPB,,,,,,,,,,,,,,,,,,,,,,,,,,,,,,,,,,,,,,,,,,,,,,,,reliability_bin,10,700,239,0.055615742164,0.0551425516605,0.0620600171387,0.285812829265,0.0999571612166
later,2018-03,2018-03,,xgboost,DPG,,full,calibrated,calibrated,,,,97c147f3d44dcd90ddfb296894c87bcc28cf63ee52aa9cd45f2e31db14ab8363,,,,0.109843081312,,,,,,,,,,,,184fab6850ceddcb6640c6d7c40a99ad76b6567a0af96fd41049a0eaafe65828,xgboost,DPG,,,,,,,,,,,,,,,,,,,,,,,,,,,,,,,,,,,,,,,,,,,,,,,,reliability_bin,1,701,77,0.0478814058006,0.0478814058006,0.0478814058006,0.0619616755118,0.100099957161
later,2018-03,2018-03,,xgboost,DPG,,full,calibrated,calibrated,,,,97c147f3d44dcd90ddfb296894c87bcc28cf63ee52aa9cd45f2e31db14ab8363,,,,0.0828571428571,,,,,,,,,,,,184fab6850ceddcb6640c6d7c40a99ad76b6567a0af96fd41049a0eaafe65828,xgboost,DPG,,,,,,,,,,,,,,,,,,,,,,,,,,,,,,,,,,,,,,,,,,,,,,,,reliability_bin,2,700,58,0.0488803872839,0.0478814058006,0.0494183003902,0.0339767555733,0.0999571612166
later,2018-03,2018-03,,xgboost,DPG,,full,calibrated,calibrated,,,,97c147f3d44dcd90ddfb296894c87bcc28cf63ee52aa9cd45f2e31db14ab8363,,,,0.0757142857143,,,,,,,,,,,,184fab6850ceddcb6640c6d7c40a99ad76b6567a0af96fd41049a0eaafe65828,xgboost,DPG,,,,,,,,,,,,,,,,,,,,,,,,,,,,,,,,,,,,,,,,,,,,,,,,reliability_bin,3,700,53,0.0494183003902,0.0494183003902,0.0494183003902,0.026295985324,0.0999571612166
later,2018-03,2018-03,,xgboost,DPG,,full,calibrated,calibrated,,,,97c147f3d44dcd90ddfb296894c87bcc28cf63ee52aa9cd45f2e31db14ab8363,,,,0.0827389443652,,,,,,,,,,,,184fab6850ceddcb6640c6d7c40a99ad76b6567a0af96fd41049a0eaafe65828,xgboost,DPG,,,,,,,,,,,,,,,,,,,,,,,,,,,,,,,,,,,,,,,,,,,,,,,,reliability_bin,4,701,58,0.0509635047474,0.0494183003902,0.0518726073205,0.0317754396178,0.100099957161
later,2018-03,2018-03,,xgboost,DPG,,full,calibrated,calibrated,,,,97c147f3d44dcd90ddfb296894c87bcc28cf63ee52aa9cd45f2e31db14ab8363,,,,0.14,,,,,,,,,,,,184fab6850ceddcb6640c6d7c40a99ad76b6567a0af96fd41049a0eaafe65828,xgboost,DPG,,,,,,,,,,,,,,,,,,,,,,,,,,,,,,,,,,,,,,,,,,,,,,,,reliability_bin,5,700,98,0.0521538361056,0.0518726073205,0.0540022142231,0.0878461638944,0.0999571612166
later,2018-03,2018-03,,xgboost,DPG,,full,calibrated,calibrated,,,,97c147f3d44dcd90ddfb296894c87bcc28cf63ee52aa9cd45f2e31db14ab8363,,,,0.171428571429,,,,,,,,,,,,184fab6850ceddcb6640c6d7c40a99ad76b6567a0af96fd41049a0eaafe65828,xgboost,DPG,,,,,,,,,,,,,,,,,,,,,,,,,,,,,,,,,,,,,,,,,,,,,,,,reliability_bin,6,700,120,0.0540022142231,0.0540022142231,0.0540022142231,0.117426357205,0.0999571612166
later,2018-03,2018-03,,xgboost,DPG,,full,calibrated,calibrated,,,,97c147f3d44dcd90ddfb296894c87bcc28cf63ee52aa9cd45f2e31db14ab8363,,,,0.228245363766,,,,,,,,,,,,184fab6850ceddcb6640c6d7c40a99ad76b6567a0af96fd41049a0eaafe65828,xgboost,DPG,,,,,,,,,,,,,,,,,,,,,,,,,,,,,,,,,,,,,,,,,,,,,,,,reliability_bin,7,701,160,0.0543127473173,0.0540022142231,0.0549088157713,0.173932616449,0.100099957161
later,2018-03,2018-03,,xgboost,DPG,,full,calibrated,calibrated,,,,97c147f3d44dcd90ddfb296894c87bcc28cf63ee52aa9cd45f2e31db14ab8363,,,,0.33,,,,,,,,,,,,184fab6850ceddcb6640c6d7c40a99ad76b6567a0af96fd41049a0eaafe65828,xgboost,DPG,,,,,,,,,,,,,,,,,,,,,,,,,,,,,,,,,,,,,,,,,,,,,,,,reliability_bin,8,700,231,0.0549088157713,0.0549088157713,0.0549088157713,0.275091184229,0.0999571612166
later,2018-03,2018-03,,xgboost,DPG,,full,calibrated,calibrated,,,,97c147f3d44dcd90ddfb296894c87bcc28cf63ee52aa9cd45f2e31db14ab8363,,,,0.347142857143,,,,,,,,,,,,184fab6850ceddcb6640c6d7c40a99ad76b6567a0af96fd41049a0eaafe65828,xgboost,DPG,,,,,,,,,,,,,,,,,,,,,,,,,,,,,,,,,,,,,,,,,,,,,,,,reliability_bin,9,700,243,0.0549088157713,0.0549088157713,0.0549088157713,0.292234041372,0.0999571612166
later,2018-03,2018-03,,xgboost,DPG,,full,calibrated,calibrated,,,,97c147f3d44dcd90ddfb296894c87bcc28cf63ee52aa9cd45f2e31db14ab8363,,,,0.328571428571,,,,,,,,,,,,184fab6850ceddcb6640c6d7c40a99ad76b6567a0af96fd41049a0eaafe65828,xgboost,DPG,,,,,,,,,,,,,,,,,,,,,,,,,,,,,,,,,,,,,,,,,,,,,,,,reliability_bin,10,700,230,0.055165255852,0.0549088157713,0.0564264692366,0.273406172719,0.0999571612166
later,2018-03,2018-03,,xgboost,DPG,,full,raw,raw,,,,97c147f3d44dcd90ddfb296894c87bcc28cf63ee52aa9cd45f2e31db14ab8363,,,,0.109843081312,,,,,,,,,,,,184fab6850ceddcb6640c6d7c40a99ad76b6567a0af96fd41049a0eaafe65828,xgboost,DPG,,,,,,,,,,,,,,,,,,,,,,,,,,,,,,,,,,,,,,,,,,,,,,,,reliability_bin,1,701,77,0.0478814058006,0.0478814058006,0.0478814058006,0.0619616755118,0.100099957161
later,2018-03,2018-03,,xgboost,DPG,,full,raw,raw,,,,97c147f3d44dcd90ddfb296894c87bcc28cf63ee52aa9cd45f2e31db14ab8363,,,,0.0828571428571,,,,,,,,,,,,184fab6850ceddcb6640c6d7c40a99ad76b6567a0af96fd41049a0eaafe65828,xgboost,DPG,,,,,,,,,,,,,,,,,,,,,,,,,,,,,,,,,,,,,,,,,,,,,,,,reliability_bin,2,700,58,0.0488803872839,0.0478814058006,0.0494183003902,0.0339767555733,0.0999571612166
later,2018-03,2018-03,,xgboost,DPG,,full,raw,raw,,,,97c147f3d44dcd90ddfb296894c87bcc28cf63ee52aa9cd45f2e31db14ab8363,,,,0.0757142857143,,,,,,,,,,,,184fab6850ceddcb6640c6d7c40a99ad76b6567a0af96fd41049a0eaafe65828,xgboost,DPG,,,,,,,,,,,,,,,,,,,,,,,,,,,,,,,,,,,,,,,,,,,,,,,,reliability_bin,3,700,53,0.0494183003902,0.0494183003902,0.0494183003902,0.026295985324,0.0999571612166
later,2018-03,2018-03,,xgboost,DPG,,full,raw,raw,,,,97c147f3d44dcd90ddfb296894c87bcc28cf63ee52aa9cd45f2e31db14ab8363,,,,0.0827389443652,,,,,,,,,,,,184fab6850ceddcb6640c6d7c40a99ad76b6567a0af96fd41049a0eaafe65828,xgboost,DPG,,,,,,,,,,,,,,,,,,,,,,,,,,,,,,,,,,,,,,,,,,,,,,,,reliability_bin,4,701,58,0.0509635047474,0.0494183003902,0.0518726073205,0.0317754396178,0.100099957161
later,2018-03,2018-03,,xgboost,DPG,,full,raw,raw,,,,97c147f3d44dcd90ddfb296894c87bcc28cf63ee52aa9cd45f2e31db14ab8363,,,,0.14,,,,,,,,,,,,184fab6850ceddcb6640c6d7c40a99ad76b6567a0af96fd41049a0eaafe65828,xgboost,DPG,,,,,,,,,,,,,,,,,,,,,,,,,,,,,,,,,,,,,,,,,,,,,,,,reliability_bin,5,700,98,0.0521538361056,0.0518726073205,0.0540022142231,0.0878461638944,0.0999571612166
later,2018-03,2018-03,,xgboost,DPG,,full,raw,raw,,,,97c147f3d44dcd90ddfb296894c87bcc28cf63ee52aa9cd45f2e31db14ab8363,,,,0.171428571429,,,,,,,,,,,,184fab6850ceddcb6640c6d7c40a99ad76b6567a0af96fd41049a0eaafe65828,xgboost,DPG,,,,,,,,,,,,,,,,,,,,,,,,,,,,,,,,,,,,,,,,,,,,,,,,reliability_bin,6,700,120,0.0540022142231,0.0540022142231,0.0540022142231,0.117426357205,0.0999571612166
later,2018-03,2018-03,,xgboost,DPG,,full,raw,raw,,,,97c147f3d44dcd90ddfb296894c87bcc28cf63ee52aa9cd45f2e31db14ab8363,,,,0.228245363766,,,,,,,,,,,,184fab6850ceddcb6640c6d7c40a99ad76b6567a0af96fd41049a0eaafe65828,xgboost,DPG,,,,,,,,,,,,,,,,,,,,,,,,,,,,,,,,,,,,,,,,,,,,,,,,reliability_bin,7,701,160,0.0543127473173,0.0540022142231,0.0549088157713,0.173932616449,0.100099957161
later,2018-03,2018-03,,xgboost,DPG,,full,raw,raw,,,,97c147f3d44dcd90ddfb296894c87bcc28cf63ee52aa9cd45f2e31db14ab8363,,,,0.33,,,,,,,,,,,,184fab6850ceddcb6640c6d7c40a99ad76b6567a0af96fd41049a0eaafe65828,xgboost,DPG,,,,,,,,,,,,,,,,,,,,,,,,,,,,,,,,,,,,,,,,,,,,,,,,reliability_bin,8,700,231,0.0549088157713,0.0549088157713,0.0549088157713,0.275091184229,0.0999571612166
later,2018-03,2018-03,,xgboost,DPG,,full,raw,raw,,,,97c147f3d44dcd90ddfb296894c87bcc28cf63ee52aa9cd45f2e31db14ab8363,,,,0.347142857143,,,,,,,,,,,,184fab6850ceddcb6640c6d7c40a99ad76b6567a0af96fd41049a0eaafe65828,xgboost,DPG,,,,,,,,,,,,,,,,,,,,,,,,,,,,,,,,,,,,,,,,,,,,,,,,reliability_bin,9,700,243,0.0549088157713,0.0549088157713,0.0549088157713,0.292234041372,0.0999571612166
later,2018-03,2018-03,,xgboost,DPG,,full,raw,raw,,,,97c147f3d44dcd90ddfb296894c87bcc28cf63ee52aa9cd45f2e31db14ab8363,,,,0.328571428571,,,,,,,,,,,,184fab6850ceddcb6640c6d7c40a99ad76b6567a0af96fd41049a0eaafe65828,xgboost,DPG,,,,,,,,,,,,,,,,,,,,,,,,,,,,,,,,,,,,,,,,,,,,,,,,reliability_bin,10,700,230,0.055165255852,0.0549088157713,0.0564264692366,0.273406172719,0.0999571612166
later,2018-03,2018-03,,xgboost,DPS,,full,calibrated,calibrated,,,,4206c1b12dc74db1d5faa9cac22e1cf55e9cec0d5efc430aa73b6cf09425f63b,,,,0.108416547789,,,,,,,,,,,,184fab6850ceddcb6640c6d7c40a99ad76b6567a0af96fd41049a0eaafe65828,xgboost,DPS,,,,,,,,,,,,,,,,,,,,,,,,,,,,,,,,,,,,,,,,,,,,,,,,reliability_bin,1,701,76,0.0501556077098,0.049320731312,0.0504399873316,0.0582609400791,0.100099957161
later,2018-03,2018-03,,xgboost,DPS,,full,calibrated,calibrated,,,,4206c1b12dc74db1d5faa9cac22e1cf55e9cec0d5efc430aa73b6cf09425f63b,,,,0.138571428571,,,,,,,,,,,,184fab6850ceddcb6640c6d7c40a99ad76b6567a0af96fd41049a0eaafe65828,xgboost,DPS,,,,,,,,,,,,,,,,,,,,,,,,,,,,,,,,,,,,,,,,,,,,,,,,reliability_bin,2,700,97,0.0506112305501,0.0504399873316,0.050678703934,0.0879601980214,0.0999571612166
later,2018-03,2018-03,,xgboost,DPS,,full,calibrated,calibrated,,,,4206c1b12dc74db1d5faa9cac22e1cf55e9cec0d5efc430aa73b6cf09425f63b,,,,0.178571428571,,,,,,,,,,,,184fab6850ceddcb6640c6d7c40a99ad76b6567a0af96fd41049a0eaafe65828,xgboost,DPS,,,,,,,,,,,,,,,,,,,,,,,,,,,,,,,,,,,,,,,,,,,,,,,,reliability_bin,3,700,125,0.0506821620677,0.050678703934,0.050710555166,0.127889266504,0.0999571612166
later,2018-03,2018-03,,xgboost,DPS,,full,calibrated,calibrated,,,,4206c1b12dc74db1d5faa9cac22e1cf55e9cec0d5efc430aa73b6cf09425f63b,,,,0.222539229672,,,,,,,,,,,,184fab6850ceddcb6640c6d7c40a99ad76b6567a0af96fd41049a0eaafe65828,xgboost,DPS,,,,,,,,,,,,,,,,,,,,,,,,,,,,,,,,,,,,,,,,,,,,,,,,reliability_bin,4,701,156,0.0509651265879,0.050710555166,0.0510185994208,0.171574103084,0.100099957161
later,2018-03,2018-03,,xgboost,DPS,,full,calibrated,calibrated,,,,4206c1b12dc74db1d5faa9cac22e1cf55e9cec0d5efc430aa73b6cf09425f63b,,,,0.177142857143,,,,,,,,,,,,184fab6850ceddcb6640c6d7c40a99ad76b6567a0af96fd41049a0eaafe65828,xgboost,DPS,,,,,,,,,,,,,,,,,,,,,,,,,,,,,,,,,,,,,,,,,,,,,,,,reliability_bin,5,700,124,0.0517803988765,0.0510185994208,0.0522452481091,0.125362458266,0.0999571612166
later,2018-03,2018-03,,xgboost,DPS,,full,calibrated,calibrated,,,,4206c1b12dc74db1d5faa9cac22e1cf55e9cec0d5efc430aa73b6cf09425f63b,,,,0.22,,,,,,,,,,,,184fab6850ceddcb6640c6d7c40a99ad76b6567a0af96fd41049a0eaafe65828,xgboost,DPS,,,,,,,,,,,,,,,,,,,,,,,,,,,,,,,,,,,,,,,,,,,,,,,,reliability_bin,6,700,154,0.0522886159856,0.0522452481091,0.0522896535695,0.167711384014,0.0999571612166
later,2018-03,2018-03,,xgboost,DPS,,full,calibrated,calibrated,,,,4206c1b12dc74db1d5faa9cac22e1cf55e9cec0d5efc430aa73b6cf09425f63b,,,,0.168330955777,,,,,,,,,,,,184fab6850ceddcb6640c6d7c40a99ad76b6567a0af96fd41049a0eaafe65828,xgboost,DPS,,,,,,,,,,,,,,,,,,,,,,,,,,,,,,,,,,,,,,,,,,,,,,,,reliability_bin,7,701,118,0.0527030084915,0.0522896535695,0.053036801517,0.115627947286,0.100099957161
later,2018-03,2018-03,,xgboost,DPS,,full,calibrated,calibrated,,,,4206c1b12dc74db1d5faa9cac22e1cf55e9cec0d5efc430aa73b6cf09425f63b,,,,0.248571428571,,,,,,,,,,,,184fab6850ceddcb6640c6d7c40a99ad76b6567a0af96fd41049a0eaafe65828,xgboost,DPS,,,,,,,,,,,,,,,,,,,,,,,,,,,,,,,,,,,,,,,,,,,,,,,,reliability_bin,8,700,174,0.0536335093954,0.053036801517,0.0537001006305,0.194937919176,0.0999571612166
later,2018-03,2018-03,,xgboost,DPS,,full,calibrated,calibrated,,,,4206c1b12dc74db1d5faa9cac22e1cf55e9cec0d5efc430aa73b6cf09425f63b,,,,0.231428571429,,,,,,,,,,,,184fab6850ceddcb6640c6d7c40a99ad76b6567a0af96fd41049a0eaafe65828,xgboost,DPS,,,,,,,,,,,,,,,,,,,,,,,,,,,,,,,,,,,,,,,,,,,,,,,,reliability_bin,9,700,162,0.0537001006305,0.0537001006305,0.0537001006305,0.177728470798,0.0999571612166
later,2018-03,2018-03,,xgboost,DPS,,full,calibrated,calibrated,,,,4206c1b12dc74db1d5faa9cac22e1cf55e9cec0d5efc430aa73b6cf09425f63b,,,,0.202857142857,,,,,,,,,,,,184fab6850ceddcb6640c6d7c40a99ad76b6567a0af96fd41049a0eaafe65828,xgboost,DPS,,,,,,,,,,,,,,,,,,,,,,,,,,,,,,,,,,,,,,,,,,,,,,,,reliability_bin,10,700,142,0.0563765820861,0.0537001006305,0.0653370544314,0.146480560771,0.0999571612166
later,2018-03,2018-03,,xgboost,DPS,,full,raw,raw,,,,4206c1b12dc74db1d5faa9cac22e1cf55e9cec0d5efc430aa73b6cf09425f63b,,,,0.108416547789,,,,,,,,,,,,184fab6850ceddcb6640c6d7c40a99ad76b6567a0af96fd41049a0eaafe65828,xgboost,DPS,,,,,,,,,,,,,,,,,,,,,,,,,,,,,,,,,,,,,,,,,,,,,,,,reliability_bin,1,701,76,0.0501556077098,0.049320731312,0.0504399873316,0.0582609400791,0.100099957161
later,2018-03,2018-03,,xgboost,DPS,,full,raw,raw,,,,4206c1b12dc74db1d5faa9cac22e1cf55e9cec0d5efc430aa73b6cf09425f63b,,,,0.138571428571,,,,,,,,,,,,184fab6850ceddcb6640c6d7c40a99ad76b6567a0af96fd41049a0eaafe65828,xgboost,DPS,,,,,,,,,,,,,,,,,,,,,,,,,,,,,,,,,,,,,,,,,,,,,,,,reliability_bin,2,700,97,0.0506112305501,0.0504399873316,0.050678703934,0.0879601980214,0.0999571612166
later,2018-03,2018-03,,xgboost,DPS,,full,raw,raw,,,,4206c1b12dc74db1d5faa9cac22e1cf55e9cec0d5efc430aa73b6cf09425f63b,,,,0.178571428571,,,,,,,,,,,,184fab6850ceddcb6640c6d7c40a99ad76b6567a0af96fd41049a0eaafe65828,xgboost,DPS,,,,,,,,,,,,,,,,,,,,,,,,,,,,,,,,,,,,,,,,,,,,,,,,reliability_bin,3,700,125,0.0506821620677,0.050678703934,0.050710555166,0.127889266504,0.0999571612166
later,2018-03,2018-03,,xgboost,DPS,,full,raw,raw,,,,4206c1b12dc74db1d5faa9cac22e1cf55e9cec0d5efc430aa73b6cf09425f63b,,,,0.222539229672,,,,,,,,,,,,184fab6850ceddcb6640c6d7c40a99ad76b6567a0af96fd41049a0eaafe65828,xgboost,DPS,,,,,,,,,,,,,,,,,,,,,,,,,,,,,,,,,,,,,,,,,,,,,,,,reliability_bin,4,701,156,0.0509651265879,0.050710555166,0.0510185994208,0.171574103084,0.100099957161
later,2018-03,2018-03,,xgboost,DPS,,full,raw,raw,,,,4206c1b12dc74db1d5faa9cac22e1cf55e9cec0d5efc430aa73b6cf09425f63b,,,,0.177142857143,,,,,,,,,,,,184fab6850ceddcb6640c6d7c40a99ad76b6567a0af96fd41049a0eaafe65828,xgboost,DPS,,,,,,,,,,,,,,,,,,,,,,,,,,,,,,,,,,,,,,,,,,,,,,,,reliability_bin,5,700,124,0.0517803988765,0.0510185994208,0.0522452481091,0.125362458266,0.0999571612166
later,2018-03,2018-03,,xgboost,DPS,,full,raw,raw,,,,4206c1b12dc74db1d5faa9cac22e1cf55e9cec0d5efc430aa73b6cf09425f63b,,,,0.22,,,,,,,,,,,,184fab6850ceddcb6640c6d7c40a99ad76b6567a0af96fd41049a0eaafe65828,xgboost,DPS,,,,,,,,,,,,,,,,,,,,,,,,,,,,,,,,,,,,,,,,,,,,,,,,reliability_bin,6,700,154,0.0522886159856,0.0522452481091,0.0522896535695,0.167711384014,0.0999571612166
later,2018-03,2018-03,,xgboost,DPS,,full,raw,raw,,,,4206c1b12dc74db1d5faa9cac22e1cf55e9cec0d5efc430aa73b6cf09425f63b,,,,0.168330955777,,,,,,,,,,,,184fab6850ceddcb6640c6d7c40a99ad76b6567a0af96fd41049a0eaafe65828,xgboost,DPS,,,,,,,,,,,,,,,,,,,,,,,,,,,,,,,,,,,,,,,,,,,,,,,,reliability_bin,7,701,118,0.0527030084915,0.0522896535695,0.053036801517,0.115627947286,0.100099957161
later,2018-03,2018-03,,xgboost,DPS,,full,raw,raw,,,,4206c1b12dc74db1d5faa9cac22e1cf55e9cec0d5efc430aa73b6cf09425f63b,,,,0.248571428571,,,,,,,,,,,,184fab6850ceddcb6640c6d7c40a99ad76b6567a0af96fd41049a0eaafe65828,xgboost,DPS,,,,,,,,,,,,,,,,,,,,,,,,,,,,,,,,,,,,,,,,,,,,,,,,reliability_bin,8,700,174,0.0536335093954,0.053036801517,0.0537001006305,0.194937919176,0.0999571612166
later,2018-03,2018-03,,xgboost,DPS,,full,raw,raw,,,,4206c1b12dc74db1d5faa9cac22e1cf55e9cec0d5efc430aa73b6cf09425f63b,,,,0.231428571429,,,,,,,,,,,,184fab6850ceddcb6640c6d7c40a99ad76b6567a0af96fd41049a0eaafe65828,xgboost,DPS,,,,,,,,,,,,,,,,,,,,,,,,,,,,,,,,,,,,,,,,,,,,,,,,reliability_bin,9,700,162,0.0537001006305,0.0537001006305,0.0537001006305,0.177728470798,0.0999571612166
later,2018-03,2018-03,,xgboost,DPS,,full,raw,raw,,,,4206c1b12dc74db1d5faa9cac22e1cf55e9cec0d5efc430aa73b6cf09425f63b,,,,0.202857142857,,,,,,,,,,,,184fab6850ceddcb6640c6d7c40a99ad76b6567a0af96fd41049a0eaafe65828,xgboost,DPS,,,,,,,,,,,,,,,,,,,,,,,,,,,,,,,,,,,,,,,,,,,,,,,,reliability_bin,10,700,142,0.0563765820861,0.0537001006305,0.0653370544314,0.146480560771,0.0999571612166
later,2018-04,2018-04,,logistic_l2,DP0,,full,calibrated,calibrated,,,,87b4e3df32ffb2f5601da25042d8af73bbad540886603bf8e0299c2d691f7a06,,,,0.0573529411765,,,,,,,,,,,,12138ebc6d34b03c6440d89e35b8db35a30d241f9f497044ef308120883e5a5b,logistic_l2,DP0,,,,,,,,,,,,,,,,,,,,,,,,,,,,,,,,,,,,,,,,,,,,,,,,reliability_bin,1,680,39,0.0586720739505,0.0534781652098,0.0597081356622,0.00131913277401,0.100029420418
later,2018-04,2018-04,,logistic_l2,DP0,,full,calibrated,calibrated,,,,87b4e3df32ffb2f5601da25042d8af73bbad540886603bf8e0299c2d691f7a06,,,,0.0441176470588,,,,,,,,,,,,12138ebc6d34b03c6440d89e35b8db35a30d241f9f497044ef308120883e5a5b,logistic_l2,DP0,,,,,,,,,,,,,,,,,,,,,,,,,,,,,,,,,,,,,,,,,,,,,,,,reliability_bin,2,680,30,0.0602047746896,0.0597099954924,0.0606217917169,0.0160871276308,0.100029420418
later,2018-04,2018-04,,logistic_l2,DP0,,full,calibrated,calibrated,,,,87b4e3df32ffb2f5601da25042d8af73bbad540886603bf8e0299c2d691f7a06,,,,0.0397058823529,,,,,,,,,,,,12138ebc6d34b03c6440d89e35b8db35a30d241f9f497044ef308120883e5a5b,logistic_l2,DP0,,,,,,,,,,,,,,,,,,,,,,,,,,,,,,,,,,,,,,,,,,,,,,,,reliability_bin,3,680,27,0.0609005313267,0.0606218421277,0.0611074665367,0.0211946489737,0.100029420418
later,2018-04,2018-04,,logistic_l2,DP0,,full,calibrated,calibrated,,,,87b4e3df32ffb2f5601da25042d8af73bbad540886603bf8e0299c2d691f7a06,,,,0.0573529411765,,,,,,,,,,,,12138ebc6d34b03c6440d89e35b8db35a30d241f9f497044ef308120883e5a5b,logistic_l2,DP0,,,,,,,,,,,,,,,,,,,,,,,,,,,,,,,,,,,,,,,,,,,,,,,,reliability_bin,4,680,39,0.0613412101446,0.0611078193838,0.0615672838682,0.00398826896816,0.100029420418
later,2018-04,2018-04,,logistic_l2,DP0,,full,calibrated,calibrated,,,,87b4e3df32ffb2f5601da25042d8af73bbad540886603bf8e0299c2d691f7a06,,,,0.0353460972018,,,,,,,,,,,,12138ebc6d34b03c6440d89e35b8db35a30d241f9f497044ef308120883e5a5b,logistic_l2,DP0,,,,,,,,,,,,,,,,,,,,,,,,,,,,,,,,,,,,,,,,,,,,,,,,reliability_bin,5,679,24,0.0617800979845,0.0615688586317,0.0619922516649,0.0264340007828,0.0998823183289
later,2018-04,2018-04,,logistic_l2,DP0,,full,calibrated,calibrated,,,,87b4e3df32ffb2f5601da25042d8af73bbad540886603bf8e0299c2d691f7a06,,,,0.0514705882353,,,,,,,,,,,,12138ebc6d34b03c6440d89e35b8db35a30d241f9f497044ef308120883e5a5b,logistic_l2,DP0,,,,,,,,,,,,,,,,,,,,,,,,,,,,,,,,,,,,,,,,,,,,,,,,reliability_bin,6,680,35,0.0621699817699,0.0619927068162,0.0623221580907,0.0106993935346,0.100029420418
later,2018-04,2018-04,,logistic_l2,DP0,,full,calibrated,calibrated,,,,87b4e3df32ffb2f5601da25042d8af73bbad540886603bf8e0299c2d691f7a06,,,,0.0647058823529,,,,,,,,,,,,12138ebc6d34b03c6440d89e35b8db35a30d241f9f497044ef308120883e5a5b,logistic_l2,DP0,,,,,,,,,,,,,,,,,,,,,,,,,,,,,,,,,,,,,,,,,,,,,,,,reliability_bin,7,680,44,0.0626210027748,0.0623239496411,0.0629355220674,0.00208487957812,0.100029420418
later,2018-04,2018-04,,logistic_l2,DP0,,full,calibrated,calibrated,,,,87b4e3df32ffb2f5601da25042d8af73bbad540886603bf8e0299c2d691f7a06,,,,0.0367647058824,,,,,,,,,,,,12138ebc6d34b03c6440d89e35b8db35a30d241f9f497044ef308120883e5a5b,logistic_l2,DP0,,,,,,,,,,,,,,,,,,,,,,,,,,,,,,,,,,,,,,,,,,,,,,,,reliability_bin,8,680,25,0.0632481949989,0.0629367722743,0.063492498687,0.0264834891165,0.100029420418
later,2018-04,2018-04,,logistic_l2,DP0,,full,calibrated,calibrated,,,,87b4e3df32ffb2f5601da25042d8af73bbad540886603bf8e0299c2d691f7a06,,,,0.0367647058824,,,,,,,,,,,,12138ebc6d34b03c6440d89e35b8db35a30d241f9f497044ef308120883e5a5b,logistic_l2,DP0,,,,,,,,,,,,,,,,,,,,,,,,,,,,,,,,,,,,,,,,,,,,,,,,reliability_bin,9,680,25,0.0638126783602,0.0634938450911,0.0641476859652,0.0270479724779,0.100029420418
later,2018-04,2018-04,,logistic_l2,DP0,,full,calibrated,calibrated,,,,87b4e3df32ffb2f5601da25042d8af73bbad540886603bf8e0299c2d691f7a06,,,,0.0265095729013,,,,,,,,,,,,12138ebc6d34b03c6440d89e35b8db35a30d241f9f497044ef308120883e5a5b,logistic_l2,DP0,,,,,,,,,,,,,,,,,,,,,,,,,,,,,,,,,,,,,,,,,,,,,,,,reliability_bin,10,679,18,0.0648016806801,0.0641480635586,0.0659149225229,0.0382921077788,0.0998823183289
later,2018-04,2018-04,,logistic_l2,DP0,,full,raw,raw,,,,87b4e3df32ffb2f5601da25042d8af73bbad540886603bf8e0299c2d691f7a06,,,,0.0573529411765,,,,,,,,,,,,12138ebc6d34b03c6440d89e35b8db35a30d241f9f497044ef308120883e5a5b,logistic_l2,DP0,,,,,,,,,,,,,,,,,,,,,,,,,,,,,,,,,,,,,,,,,,,,,,,,reliability_bin,1,680,39,0.0586720739505,0.0534781652098,0.0597081356622,0.00131913277401,0.100029420418
later,2018-04,2018-04,,logistic_l2,DP0,,full,raw,raw,,,,87b4e3df32ffb2f5601da25042d8af73bbad540886603bf8e0299c2d691f7a06,,,,0.0441176470588,,,,,,,,,,,,12138ebc6d34b03c6440d89e35b8db35a30d241f9f497044ef308120883e5a5b,logistic_l2,DP0,,,,,,,,,,,,,,,,,,,,,,,,,,,,,,,,,,,,,,,,,,,,,,,,reliability_bin,2,680,30,0.0602047746896,0.0597099954924,0.0606217917169,0.0160871276308,0.100029420418
later,2018-04,2018-04,,logistic_l2,DP0,,full,raw,raw,,,,87b4e3df32ffb2f5601da25042d8af73bbad540886603bf8e0299c2d691f7a06,,,,0.0397058823529,,,,,,,,,,,,12138ebc6d34b03c6440d89e35b8db35a30d241f9f497044ef308120883e5a5b,logistic_l2,DP0,,,,,,,,,,,,,,,,,,,,,,,,,,,,,,,,,,,,,,,,,,,,,,,,reliability_bin,3,680,27,0.0609005313267,0.0606218421277,0.0611074665367,0.0211946489737,0.100029420418
later,2018-04,2018-04,,logistic_l2,DP0,,full,raw,raw,,,,87b4e3df32ffb2f5601da25042d8af73bbad540886603bf8e0299c2d691f7a06,,,,0.0573529411765,,,,,,,,,,,,12138ebc6d34b03c6440d89e35b8db35a30d241f9f497044ef308120883e5a5b,logistic_l2,DP0,,,,,,,,,,,,,,,,,,,,,,,,,,,,,,,,,,,,,,,,,,,,,,,,reliability_bin,4,680,39,0.0613412101446,0.0611078193838,0.0615672838682,0.00398826896816,0.100029420418
later,2018-04,2018-04,,logistic_l2,DP0,,full,raw,raw,,,,87b4e3df32ffb2f5601da25042d8af73bbad540886603bf8e0299c2d691f7a06,,,,0.0353460972018,,,,,,,,,,,,12138ebc6d34b03c6440d89e35b8db35a30d241f9f497044ef308120883e5a5b,logistic_l2,DP0,,,,,,,,,,,,,,,,,,,,,,,,,,,,,,,,,,,,,,,,,,,,,,,,reliability_bin,5,679,24,0.0617800979845,0.0615688586317,0.0619922516649,0.0264340007828,0.0998823183289
later,2018-04,2018-04,,logistic_l2,DP0,,full,raw,raw,,,,87b4e3df32ffb2f5601da25042d8af73bbad540886603bf8e0299c2d691f7a06,,,,0.0514705882353,,,,,,,,,,,,12138ebc6d34b03c6440d89e35b8db35a30d241f9f497044ef308120883e5a5b,logistic_l2,DP0,,,,,,,,,,,,,,,,,,,,,,,,,,,,,,,,,,,,,,,,,,,,,,,,reliability_bin,6,680,35,0.0621699817699,0.0619927068162,0.0623221580907,0.0106993935346,0.100029420418
later,2018-04,2018-04,,logistic_l2,DP0,,full,raw,raw,,,,87b4e3df32ffb2f5601da25042d8af73bbad540886603bf8e0299c2d691f7a06,,,,0.0647058823529,,,,,,,,,,,,12138ebc6d34b03c6440d89e35b8db35a30d241f9f497044ef308120883e5a5b,logistic_l2,DP0,,,,,,,,,,,,,,,,,,,,,,,,,,,,,,,,,,,,,,,,,,,,,,,,reliability_bin,7,680,44,0.0626210027748,0.0623239496411,0.0629355220674,0.00208487957812,0.100029420418
later,2018-04,2018-04,,logistic_l2,DP0,,full,raw,raw,,,,87b4e3df32ffb2f5601da25042d8af73bbad540886603bf8e0299c2d691f7a06,,,,0.0367647058824,,,,,,,,,,,,12138ebc6d34b03c6440d89e35b8db35a30d241f9f497044ef308120883e5a5b,logistic_l2,DP0,,,,,,,,,,,,,,,,,,,,,,,,,,,,,,,,,,,,,,,,,,,,,,,,reliability_bin,8,680,25,0.0632481949989,0.0629367722743,0.063492498687,0.0264834891165,0.100029420418
later,2018-04,2018-04,,logistic_l2,DP0,,full,raw,raw,,,,87b4e3df32ffb2f5601da25042d8af73bbad540886603bf8e0299c2d691f7a06,,,,0.0367647058824,,,,,,,,,,,,12138ebc6d34b03c6440d89e35b8db35a30d241f9f497044ef308120883e5a5b,logistic_l2,DP0,,,,,,,,,,,,,,,,,,,,,,,,,,,,,,,,,,,,,,,,,,,,,,,,reliability_bin,9,680,25,0.0638126783602,0.0634938450911,0.0641476859652,0.0270479724779,0.100029420418
later,2018-04,2018-04,,logistic_l2,DP0,,full,raw,raw,,,,87b4e3df32ffb2f5601da25042d8af73bbad540886603bf8e0299c2d691f7a06,,,,0.0265095729013,,,,,,,,,,,,12138ebc6d34b03c6440d89e35b8db35a30d241f9f497044ef308120883e5a5b,logistic_l2,DP0,,,,,,,,,,,,,,,,,,,,,,,,,,,,,,,,,,,,,,,,,,,,,,,,reliability_bin,10,679,18,0.0648016806801,0.0641480635586,0.0659149225229,0.0382921077788,0.0998823183289
later,2018-04,2018-04,,logistic_l2,DPB,,full,calibrated,calibrated,,,,9bffcc2d0b726f556d5cfd01492f0f1bd4d72e6d91a68320d5d89a4142d7164d,,,,0.00588235294118,,,,,,,,,,,,12138ebc6d34b03c6440d89e35b8db35a30d241f9f497044ef308120883e5a5b,logistic_l2,DPB,,,,,,,,,,,,,,,,,,,,,,,,,,,,,,,,,,,,,,,,,,,,,,,,reliability_bin,1,680,4,0.0226585392832,0.00266465818404,0.03075233262,0.016776186342,0.100029420418
later,2018-04,2018-04,,logistic_l2,DPB,,full,calibrated,calibrated,,,,9bffcc2d0b726f556d5cfd01492f0f1bd4d72e6d91a68320d5d89a4142d7164d,,,,0.00882352941176,,,,,,,,,,,,12138ebc6d34b03c6440d89e35b8db35a30d241f9f497044ef308120883e5a5b,logistic_l2,DPB,,,,,,,,,,,,,,,,,,,,,,,,,,,,,,,,,,,,,,,,,,,,,,,,reliability_bin,2,680,6,0.0367256246185,0.0307642764551,0.0417739063674,0.0279020952067,0.100029420418
later,2018-04,2018-04,,logistic_l2,DPB,,full,calibrated,calibrated,,,,9bffcc2d0b726f556d5cfd01492f0f1bd4d72e6d91a68320d5d89a4142d7164d,,,,0.0102941176471,,,,,,,,,,,,12138ebc6d34b03c6440d89e35b8db35a30d241f9f497044ef308120883e5a5b,logistic_l2,DPB,,,,,,,,,,,,,,,,,,,,,,,,,,,,,,,,,,,,,,,,,,,,,,,,reliability_bin,3,680,7,0.0469516732063,0.0418022250832,0.0521680928411,0.0366575555592,0.100029420418
later,2018-04,2018-04,,logistic_l2,DPB,,full,calibrated,calibrated,,,,9bffcc2d0b726f556d5cfd01492f0f1bd4d72e6d91a68320d5d89a4142d7164d,,,,0.0191176470588,,,,,,,,,,,,12138ebc6d34b03c6440d89e35b8db35a30d241f9f497044ef308120883e5a5b,logistic_l2,DPB,,,,,,,,,,,,,,,,,,,,,,,,,,,,,,,,,,,,,,,,,,,,,,,,reliability_bin,4,680,13,0.058359539087,0.0522166391511,0.0645968348091,0.0392418920282,0.100029420418
later,2018-04,2018-04,,logistic_l2,DPB,,full,calibrated,calibrated,,,,9bffcc2d0b726f556d5cfd01492f0f1bd4d72e6d91a68320d5d89a4142d7164d,,,,0.0279823269514,,,,,,,,,,,,12138ebc6d34b03c6440d89e35b8db35a30d241f9f497044ef308120883e5a5b,logistic_l2,DPB,,,,,,,,,,,,,,,,,,,,,,,,,,,,,,,,,,,,,,,,,,,,,,,,reliability_bin,5,679,19,0.0712397572474,0.0645992351517,0.077967012975,0.043257430296,0.0998823183289
later,2018-04,2018-04,,logistic_l2,DPB,,full,calibrated,calibrated,,,,9bffcc2d0b726f556d5cfd01492f0f1bd4d72e6d91a68320d5d89a4142d7164d,,,,0.0352941176471,,,,,,,,,,,,12138ebc6d34b03c6440d89e35b8db35a30d241f9f497044ef308120883e5a5b,logistic_l2,DPB,,,,,,,,,,,,,,,,,,,,,,,,,,,,,,,,,,,,,,,,,,,,,,,,reliability_bin,6,680,24,0.0847569370238,0.0779854759591,0.0916735351464,0.0494628193768,0.100029420418
later,2018-04,2018-04,,logistic_l2,DPB,,full,calibrated,calibrated,,,,9bffcc2d0b726f556d5cfd01492f0f1bd4d72e6d91a68320d5d89a4142d7164d,,,,0.0455882352941,,,,,,,,,,,,12138ebc6d34b03c6440d89e35b8db35a30d241f9f497044ef308120883e5a5b,logistic_l2,DPB,,,,,,,,,,,,,,,,,,,,,,,,,,,,,,,,,,,,,,,,,,,,,,,,reliability_bin,7,680,31,0.100043488654,0.0916976402209,0.109196364338,0.0544552533595,0.100029420418
later,2018-04,2018-04,,logistic_l2,DPB,,full,calibrated,calibrated,,,,9bffcc2d0b726f556d5cfd01492f0f1bd4d72e6d91a68320d5d89a4142d7164d,,,,0.0426470588235,,,,,,,,,,,,12138ebc6d34b03c6440d89e35b8db35a30d241f9f497044ef308120883e5a5b,logistic_l2,DPB,,,,,,,,,,,,,,,,,,,,,,,,,,,,,,,,,,,,,,,,,,,,,,,,reliability_bin,8,680,29,0.121390945558,0.109219436063,0.134822245782,0.0787438867344,0.100029420418
later,2018-04,2018-04,,logistic_l2,DPB,,full,calibrated,calibrated,,,,9bffcc2d0b726f556d5cfd01492f0f1bd4d72e6d91a68320d5d89a4142d7164d,,,,0.0955882352941,,,,,,,,,,,,12138ebc6d34b03c6440d89e35b8db35a30d241f9f497044ef308120883e5a5b,logistic_l2,DPB,,,,,,,,,,,,,,,,,,,,,,,,,,,,,,,,,,,,,,,,,,,,,,,,reliability_bin,9,680,65,0.152899071395,0.134842761886,0.173834465944,0.0573108361011,0.100029420418
later,2018-04,2018-04,,logistic_l2,DPB,,full,calibrated,calibrated,,,,9bffcc2d0b726f556d5cfd01492f0f1bd4d72e6d91a68320d5d89a4142d7164d,,,,0.159057437408,,,,,,,,,,,,12138ebc6d34b03c6440d89e35b8db35a30d241f9f497044ef308120883e5a5b,logistic_l2,DPB,,,,,,,,,,,,,,,,,,,,,,,,,,,,,,,,,,,,,,,,,,,,,,,,reliability_bin,10,679,108,0.225952758888,0.17389109693,0.480280789779,0.06689532148,0.0998823183289
later,2018-04,2018-04,,logistic_l2,DPB,,full,raw,raw,,,,9bffcc2d0b726f556d5cfd01492f0f1bd4d72e6d91a68320d5d89a4142d7164d,,,,0.00588235294118,,,,,,,,,,,,12138ebc6d34b03c6440d89e35b8db35a30d241f9f497044ef308120883e5a5b,logistic_l2,DPB,,,,,,,,,,,,,,,,,,,,,,,,,,,,,,,,,,,,,,,,,,,,,,,,reliability_bin,1,680,4,0.0226585392832,0.00266465818404,0.03075233262,0.016776186342,0.100029420418
later,2018-04,2018-04,,logistic_l2,DPB,,full,raw,raw,,,,9bffcc2d0b726f556d5cfd01492f0f1bd4d72e6d91a68320d5d89a4142d7164d,,,,0.00882352941176,,,,,,,,,,,,12138ebc6d34b03c6440d89e35b8db35a30d241f9f497044ef308120883e5a5b,logistic_l2,DPB,,,,,,,,,,,,,,,,,,,,,,,,,,,,,,,,,,,,,,,,,,,,,,,,reliability_bin,2,680,6,0.0367256246185,0.0307642764551,0.0417739063674,0.0279020952067,0.100029420418
later,2018-04,2018-04,,logistic_l2,DPB,,full,raw,raw,,,,9bffcc2d0b726f556d5cfd01492f0f1bd4d72e6d91a68320d5d89a4142d7164d,,,,0.0102941176471,,,,,,,,,,,,12138ebc6d34b03c6440d89e35b8db35a30d241f9f497044ef308120883e5a5b,logistic_l2,DPB,,,,,,,,,,,,,,,,,,,,,,,,,,,,,,,,,,,,,,,,,,,,,,,,reliability_bin,3,680,7,0.0469516732063,0.0418022250832,0.0521680928411,0.0366575555592,0.100029420418
later,2018-04,2018-04,,logistic_l2,DPB,,full,raw,raw,,,,9bffcc2d0b726f556d5cfd01492f0f1bd4d72e6d91a68320d5d89a4142d7164d,,,,0.0191176470588,,,,,,,,,,,,12138ebc6d34b03c6440d89e35b8db35a30d241f9f497044ef308120883e5a5b,logistic_l2,DPB,,,,,,,,,,,,,,,,,,,,,,,,,,,,,,,,,,,,,,,,,,,,,,,,reliability_bin,4,680,13,0.058359539087,0.0522166391511,0.0645968348091,0.0392418920282,0.100029420418
later,2018-04,2018-04,,logistic_l2,DPB,,full,raw,raw,,,,9bffcc2d0b726f556d5cfd01492f0f1bd4d72e6d91a68320d5d89a4142d7164d,,,,0.0279823269514,,,,,,,,,,,,12138ebc6d34b03c6440d89e35b8db35a30d241f9f497044ef308120883e5a5b,logistic_l2,DPB,,,,,,,,,,,,,,,,,,,,,,,,,,,,,,,,,,,,,,,,,,,,,,,,reliability_bin,5,679,19,0.0712397572474,0.0645992351517,0.077967012975,0.043257430296,0.0998823183289
later,2018-04,2018-04,,logistic_l2,DPB,,full,raw,raw,,,,9bffcc2d0b726f556d5cfd01492f0f1bd4d72e6d91a68320d5d89a4142d7164d,,,,0.0352941176471,,,,,,,,,,,,12138ebc6d34b03c6440d89e35b8db35a30d241f9f497044ef308120883e5a5b,logistic_l2,DPB,,,,,,,,,,,,,,,,,,,,,,,,,,,,,,,,,,,,,,,,,,,,,,,,reliability_bin,6,680,24,0.0847569370238,0.0779854759591,0.0916735351464,0.0494628193768,0.100029420418
later,2018-04,2018-04,,logistic_l2,DPB,,full,raw,raw,,,,9bffcc2d0b726f556d5cfd01492f0f1bd4d72e6d91a68320d5d89a4142d7164d,,,,0.0455882352941,,,,,,,,,,,,12138ebc6d34b03c6440d89e35b8db35a30d241f9f497044ef308120883e5a5b,logistic_l2,DPB,,,,,,,,,,,,,,,,,,,,,,,,,,,,,,,,,,,,,,,,,,,,,,,,reliability_bin,7,680,31,0.100043488654,0.0916976402209,0.109196364338,0.0544552533595,0.100029420418
later,2018-04,2018-04,,logistic_l2,DPB,,full,raw,raw,,,,9bffcc2d0b726f556d5cfd01492f0f1bd4d72e6d91a68320d5d89a4142d7164d,,,,0.0426470588235,,,,,,,,,,,,12138ebc6d34b03c6440d89e35b8db35a30d241f9f497044ef308120883e5a5b,logistic_l2,DPB,,,,,,,,,,,,,,,,,,,,,,,,,,,,,,,,,,,,,,,,,,,,,,,,reliability_bin,8,680,29,0.121390945558,0.109219436063,0.134822245782,0.0787438867344,0.100029420418
later,2018-04,2018-04,,logistic_l2,DPB,,full,raw,raw,,,,9bffcc2d0b726f556d5cfd01492f0f1bd4d72e6d91a68320d5d89a4142d7164d,,,,0.0955882352941,,,,,,,,,,,,12138ebc6d34b03c6440d89e35b8db35a30d241f9f497044ef308120883e5a5b,logistic_l2,DPB,,,,,,,,,,,,,,,,,,,,,,,,,,,,,,,,,,,,,,,,,,,,,,,,reliability_bin,9,680,65,0.152899071395,0.134842761886,0.173834465944,0.0573108361011,0.100029420418
later,2018-04,2018-04,,logistic_l2,DPB,,full,raw,raw,,,,9bffcc2d0b726f556d5cfd01492f0f1bd4d72e6d91a68320d5d89a4142d7164d,,,,0.159057437408,,,,,,,,,,,,12138ebc6d34b03c6440d89e35b8db35a30d241f9f497044ef308120883e5a5b,logistic_l2,DPB,,,,,,,,,,,,,,,,,,,,,,,,,,,,,,,,,,,,,,,,,,,,,,,,reliability_bin,10,679,108,0.225952758888,0.17389109693,0.480280789779,0.06689532148,0.0998823183289
later,2018-04,2018-04,,logistic_l2,DPG,,full,calibrated,calibrated,,,,46310058a0a9aadd218522726b8446925c75c0030bc8b5acaa9ef01f5abbb15a,,,,0.00588235294118,,,,,,,,,,,,12138ebc6d34b03c6440d89e35b8db35a30d241f9f497044ef308120883e5a5b,logistic_l2,DPG,,,,,,,,,,,,,,,,,,,,,,,,,,,,,,,,,,,,,,,,,,,,,,,,reliability_bin,1,680,4,0.0265259628249,0.00313338365836,0.0356632410749,0.0206436098837,0.100029420418
later,2018-04,2018-04,,logistic_l2,DPG,,full,calibrated,calibrated,,,,46310058a0a9aadd218522726b8446925c75c0030bc8b5acaa9ef01f5abbb15a,,,,0.0147058823529,,,,,,,,,,,,12138ebc6d34b03c6440d89e35b8db35a30d241f9f497044ef308120883e5a5b,logistic_l2,DPG,,,,,,,,,,,,,,,,,,,,,,,,,,,,,,,,,,,,,,,,,,,,,,,,reliability_bin,2,680,10,0.0407082421618,0.0356703653755,0.0470287379994,0.0260023598088,0.100029420418
later,2018-04,2018-04,,logistic_l2,DPG,,full,calibrated,calibrated,,,,46310058a0a9aadd218522726b8446925c75c0030bc8b5acaa9ef01f5abbb15a,,,,0.0147058823529,,,,,,,,,,,,12138ebc6d34b03c6440d89e35b8db35a30d241f9f497044ef308120883e5a5b,logistic_l2,DPG,,,,,,,,,,,,,,,,,,,,,,,,,,,,,,,,,,,,,,,,,,,,,,,,reliability_bin,3,680,10,0.0512589416054,0.0470425755801,0.0552521201684,0.0365530592525,0.100029420418
later,2018-04,2018-04,,logistic_l2,DPG,,full,calibrated,calibrated,,,,46310058a0a9aadd218522726b8446925c75c0030bc8b5acaa9ef01f5abbb15a,,,,0.0161764705882,,,,,,,,,,,,12138ebc6d34b03c6440d89e35b8db35a30d241f9f497044ef308120883e5a5b,logistic_l2,DPG,,,,,,,,,,,,,,,,,,,,,,,,,,,,,,,,,,,,,,,,,,,,,,,,reliability_bin,4,680,11,0.0597996149003,0.055288966106,0.0646313011701,0.0436231443121,0.100029420418
later,2018-04,2018-04,,logistic_l2,DPG,,full,calibrated,calibrated,,,,46310058a0a9aadd218522726b8446925c75c0030bc8b5acaa9ef01f5abbb15a,,,,0.0353460972018,,,,,,,,,,,,12138ebc6d34b03c6440d89e35b8db35a30d241f9f497044ef308120883e5a5b,logistic_l2,DPG,,,,,,,,,,,,,,,,,,,,,,,,,,,,,,,,,,,,,,,,,,,,,,,,reliability_bin,5,679,24,0.0720891009407,0.0646352786976,0.0791847966682,0.0367430037389,0.0998823183289
later,2018-04,2018-04,,logistic_l2,DPG,,full,calibrated,calibrated,,,,46310058a0a9aadd218522726b8446925c75c0030bc8b5acaa9ef01f5abbb15a,,,,0.0323529411765,,,,,,,,,,,,12138ebc6d34b03c6440d89e35b8db35a30d241f9f497044ef308120883e5a5b,logistic_l2,DPG,,,,,,,,,,,,,,,,,,,,,,,,,,,,,,,,,,,,,,,,,,,,,,,,reliability_bin,6,680,22,0.0876236250402,0.0792534733181,0.0965390610918,0.0552706838638,0.100029420418
later,2018-04,2018-04,,logistic_l2,DPG,,full,calibrated,calibrated,,,,46310058a0a9aadd218522726b8446925c75c0030bc8b5acaa9ef01f5abbb15a,,,,0.0308823529412,,,,,,,,,,,,12138ebc6d34b03c6440d89e35b8db35a30d241f9f497044ef308120883e5a5b,logistic_l2,DPG,,,,,,,,,,,,,,,,,,,,,,,,,,,,,,,,,,,,,,,,,,,,,,,,reliability_bin,7,680,21,0.104681795524,0.0965579349263,0.114075716434,0.0737994425833,0.100029420418
later,2018-04,2018-04,,logistic_l2,DPG,,full,calibrated,calibrated,,,,46310058a0a9aadd218522726b8446925c75c0030bc8b5acaa9ef01f5abbb15a,,,,0.0676470588235,,,,,,,,,,,,12138ebc6d34b03c6440d89e35b8db35a30d241f9f497044ef308120883e5a5b,logistic_l2,DPG,,,,,,,,,,,,,,,,,,,,,,,,,,,,,,,,,,,,,,,,,,,,,,,,reliability_bin,8,680,46,0.124674928831,0.11409007606,0.135882546462,0.057027870007,0.100029420418
later,2018-04,2018-04,,logistic_l2,DPG,,full,calibrated,calibrated,,,,46310058a0a9aadd218522726b8446925c75c0030bc8b5acaa9ef01f5abbb15a,,,,0.0794117647059,,,,,,,,,,,,12138ebc6d34b03c6440d89e35b8db35a30d241f9f497044ef308120883e5a5b,logistic_l2,DPG,,,,,,,,,,,,,,,,,,,,,,,,,,,,,,,,,,,,,,,,,,,,,,,,reliability_bin,9,680,54,0.149584204055,0.13592023588,0.167273807508,0.070172439349,0.100029420418
later,2018-04,2018-04,,logistic_l2,DPG,,full,calibrated,calibrated,,,,46310058a0a9aadd218522726b8446925c75c0030bc8b5acaa9ef01f5abbb15a,,,,0.153166421208,,,,,,,,,,,,12138ebc6d34b03c6440d89e35b8db35a30d241f9f497044ef308120883e5a5b,logistic_l2,DPG,,,,,,,,,,,,,,,,,,,,,,,,,,,,,,,,,,,,,,,,,,,,,,,,reliability_bin,10,679,104,0.207656867218,0.167355472931,0.326259022267,0.0544904460102,0.0998823183289
later,2018-04,2018-04,,logistic_l2,DPG,,full,raw,raw,,,,46310058a0a9aadd218522726b8446925c75c0030bc8b5acaa9ef01f5abbb15a,,,,0.00588235294118,,,,,,,,,,,,12138ebc6d34b03c6440d89e35b8db35a30d241f9f497044ef308120883e5a5b,logistic_l2,DPG,,,,,,,,,,,,,,,,,,,,,,,,,,,,,,,,,,,,,,,,,,,,,,,,reliability_bin,1,680,4,0.0265259628249,0.00313338365836,0.0356632410749,0.0206436098837,0.100029420418
later,2018-04,2018-04,,logistic_l2,DPG,,full,raw,raw,,,,46310058a0a9aadd218522726b8446925c75c0030bc8b5acaa9ef01f5abbb15a,,,,0.0147058823529,,,,,,,,,,,,12138ebc6d34b03c6440d89e35b8db35a30d241f9f497044ef308120883e5a5b,logistic_l2,DPG,,,,,,,,,,,,,,,,,,,,,,,,,,,,,,,,,,,,,,,,,,,,,,,,reliability_bin,2,680,10,0.0407082421618,0.0356703653755,0.0470287379994,0.0260023598088,0.100029420418
later,2018-04,2018-04,,logistic_l2,DPG,,full,raw,raw,,,,46310058a0a9aadd218522726b8446925c75c0030bc8b5acaa9ef01f5abbb15a,,,,0.0147058823529,,,,,,,,,,,,12138ebc6d34b03c6440d89e35b8db35a30d241f9f497044ef308120883e5a5b,logistic_l2,DPG,,,,,,,,,,,,,,,,,,,,,,,,,,,,,,,,,,,,,,,,,,,,,,,,reliability_bin,3,680,10,0.0512589416054,0.0470425755801,0.0552521201684,0.0365530592525,0.100029420418
later,2018-04,2018-04,,logistic_l2,DPG,,full,raw,raw,,,,46310058a0a9aadd218522726b8446925c75c0030bc8b5acaa9ef01f5abbb15a,,,,0.0161764705882,,,,,,,,,,,,12138ebc6d34b03c6440d89e35b8db35a30d241f9f497044ef308120883e5a5b,logistic_l2,DPG,,,,,,,,,,,,,,,,,,,,,,,,,,,,,,,,,,,,,,,,,,,,,,,,reliability_bin,4,680,11,0.0597996149003,0.055288966106,0.0646313011701,0.0436231443121,0.100029420418
later,2018-04,2018-04,,logistic_l2,DPG,,full,raw,raw,,,,46310058a0a9aadd218522726b8446925c75c0030bc8b5acaa9ef01f5abbb15a,,,,0.0353460972018,,,,,,,,,,,,12138ebc6d34b03c6440d89e35b8db35a30d241f9f497044ef308120883e5a5b,logistic_l2,DPG,,,,,,,,,,,,,,,,,,,,,,,,,,,,,,,,,,,,,,,,,,,,,,,,reliability_bin,5,679,24,0.0720891009407,0.0646352786976,0.0791847966682,0.0367430037389,0.0998823183289
later,2018-04,2018-04,,logistic_l2,DPG,,full,raw,raw,,,,46310058a0a9aadd218522726b8446925c75c0030bc8b5acaa9ef01f5abbb15a,,,,0.0323529411765,,,,,,,,,,,,12138ebc6d34b03c6440d89e35b8db35a30d241f9f497044ef308120883e5a5b,logistic_l2,DPG,,,,,,,,,,,,,,,,,,,,,,,,,,,,,,,,,,,,,,,,,,,,,,,,reliability_bin,6,680,22,0.0876236250402,0.0792534733181,0.0965390610918,0.0552706838638,0.100029420418
later,2018-04,2018-04,,logistic_l2,DPG,,full,raw,raw,,,,46310058a0a9aadd218522726b8446925c75c0030bc8b5acaa9ef01f5abbb15a,,,,0.0308823529412,,,,,,,,,,,,12138ebc6d34b03c6440d89e35b8db35a30d241f9f497044ef308120883e5a5b,logistic_l2,DPG,,,,,,,,,,,,,,,,,,,,,,,,,,,,,,,,,,,,,,,,,,,,,,,,reliability_bin,7,680,21,0.104681795524,0.0965579349263,0.114075716434,0.0737994425833,0.100029420418
later,2018-04,2018-04,,logistic_l2,DPG,,full,raw,raw,,,,46310058a0a9aadd218522726b8446925c75c0030bc8b5acaa9ef01f5abbb15a,,,,0.0676470588235,,,,,,,,,,,,12138ebc6d34b03c6440d89e35b8db35a30d241f9f497044ef308120883e5a5b,logistic_l2,DPG,,,,,,,,,,,,,,,,,,,,,,,,,,,,,,,,,,,,,,,,,,,,,,,,reliability_bin,8,680,46,0.124674928831,0.11409007606,0.135882546462,0.057027870007,0.100029420418
later,2018-04,2018-04,,logistic_l2,DPG,,full,raw,raw,,,,46310058a0a9aadd218522726b8446925c75c0030bc8b5acaa9ef01f5abbb15a,,,,0.0794117647059,,,,,,,,,,,,12138ebc6d34b03c6440d89e35b8db35a30d241f9f497044ef308120883e5a5b,logistic_l2,DPG,,,,,,,,,,,,,,,,,,,,,,,,,,,,,,,,,,,,,,,,,,,,,,,,reliability_bin,9,680,54,0.149584204055,0.13592023588,0.167273807508,0.070172439349,0.100029420418
later,2018-04,2018-04,,logistic_l2,DPG,,full,raw,raw,,,,46310058a0a9aadd218522726b8446925c75c0030bc8b5acaa9ef01f5abbb15a,,,,0.153166421208,,,,,,,,,,,,12138ebc6d34b03c6440d89e35b8db35a30d241f9f497044ef308120883e5a5b,logistic_l2,DPG,,,,,,,,,,,,,,,,,,,,,,,,,,,,,,,,,,,,,,,,,,,,,,,,reliability_bin,10,679,104,0.207656867218,0.167355472931,0.326259022267,0.0544904460102,0.0998823183289
later,2018-04,2018-04,,logistic_l2,DPS,,full,calibrated,calibrated,,,,32e5da99683cdab1f14f37d587aeecf158ffc9b319e27e612f842a71fc1e8c3b,,,,0.0411764705882,,,,,,,,,,,,12138ebc6d34b03c6440d89e35b8db35a30d241f9f497044ef308120883e5a5b,logistic_l2,DPS,,,,,,,,,,,,,,,,,,,,,,,,,,,,,,,,,,,,,,,,,,,,,,,,reliability_bin,1,680,28,0.0438897656519,0.0323607979494,0.0467255525124,0.00271329506365,0.100029420418
later,2018-04,2018-04,,logistic_l2,DPS,,full,calibrated,calibrated,,,,32e5da99683cdab1f14f37d587aeecf158ffc9b319e27e612f842a71fc1e8c3b,,,,0.0544117647059,,,,,,,,,,,,12138ebc6d34b03c6440d89e35b8db35a30d241f9f497044ef308120883e5a5b,logistic_l2,DPS,,,,,,,,,,,,,,,,,,,,,,,,,,,,,,,,,,,,,,,,,,,,,,,,reliability_bin,2,680,37,0.0485756568417,0.0467456003796,0.0502911383103,0.00583610786418,0.100029420418
later,2018-04,2018-04,,logistic_l2,DPS,,full,calibrated,calibrated,,,,32e5da99683cdab1f14f37d587aeecf158ffc9b319e27e612f842a71fc1e8c3b,,,,0.0352941176471,,,,,,,,,,,,12138ebc6d34b03c6440d89e35b8db35a30d241f9f497044ef308120883e5a5b,logistic_l2,DPS,,,,,,,,,,,,,,,,,,,,,,,,,,,,,,,,,,,,,,,,,,,,,,,,reliability_bin,3,680,24,0.051825002221,0.05029130456,0.0532932029712,0.0165308845739,0.100029420418
later,2018-04,2018-04,,logistic_l2,DPS,,full,calibrated,calibrated,,,,32e5da99683cdab1f14f37d587aeecf158ffc9b319e27e612f842a71fc1e8c3b,,,,0.0323529411765,,,,,,,,,,,,12138ebc6d34b03c6440d89e35b8db35a30d241f9f497044ef308120883e5a5b,logistic_l2,DPS,,,,,,,,,,,,,,,,,,,,,,,,,,,,,,,,,,,,,,,,,,,,,,,,reliability_bin,4,680,22,0.0548823712208,0.0532967362803,0.0565515654007,0.0225294300443,0.100029420418
later,2018-04,2018-04,,logistic_l2,DPS,,full,calibrated,calibrated,,,,32e5da99683cdab1f14f37d587aeecf158ffc9b319e27e612f842a71fc1e8c3b,,,,0.0279823269514,,,,,,,,,,,,12138ebc6d34b03c6440d89e35b8db35a30d241f9f497044ef308120883e5a5b,logistic_l2,DPS,,,,,,,,,,,,,,,,,,,,,,,,,,,,,,,,,,,,,,,,,,,,,,,,reliability_bin,5,679,19,0.0581232408335,0.0565526153308,0.0597960388325,0.0301409138821,0.0998823183289
later,2018-04,2018-04,,logistic_l2,DPS,,full,calibrated,calibrated,,,,32e5da99683cdab1f14f37d587aeecf158ffc9b319e27e612f842a71fc1e8c3b,,,,0.05,,,,,,,,,,,,12138ebc6d34b03c6440d89e35b8db35a30d241f9f497044ef308120883e5a5b,logistic_l2,DPS,,,,,,,,,,,,,,,,,,,,,,,,,,,,,,,,,,,,,,,,,,,,,,,,reliability_bin,6,680,34,0.0617640477755,0.0598140949653,0.0637635323106,0.0117640477755,0.100029420418
later,2018-04,2018-04,,logistic_l2,DPS,,full,calibrated,calibrated,,,,32e5da99683cdab1f14f37d587aeecf158ffc9b319e27e612f842a71fc1e8c3b,,,,0.0470588235294,,,,,,,,,,,,12138ebc6d34b03c6440d89e35b8db35a30d241f9f497044ef308120883e5a5b,logistic_l2,DPS,,,,,,,,,,,,,,,,,,,,,,,,,,,,,,,,,,,,,,,,,,,,,,,,reliability_bin,7,680,32,0.0657123456318,0.0637666418228,0.0681242637384,0.0186535221024,0.100029420418
later,2018-04,2018-04,,logistic_l2,DPS,,full,calibrated,calibrated,,,,32e5da99683cdab1f14f37d587aeecf158ffc9b319e27e612f842a71fc1e8c3b,,,,0.0573529411765,,,,,,,,,,,,12138ebc6d34b03c6440d89e35b8db35a30d241f9f497044ef308120883e5a5b,logistic_l2,DPS,,,,,,,,,,,,,,,,,,,,,,,,,,,,,,,,,,,,,,,,,,,,,,,,reliability_bin,8,680,39,0.0710563157637,0.0681244103337,0.0743273728202,0.0137033745872,0.100029420418
later,2018-04,2018-04,,logistic_l2,DPS,,full,calibrated,calibrated,,,,32e5da99683cdab1f14f37d587aeecf158ffc9b319e27e612f842a71fc1e8c3b,,,,0.0514705882353,,,,,,,,,,,,12138ebc6d34b03c6440d89e35b8db35a30d241f9f497044ef308120883e5a5b,logistic_l2,DPS,,,,,,,,,,,,,,,,,,,,,,,,,,,,,,,,,,,,,,,,,,,,,,,,reliability_bin,9,680,35,0.0784676035656,0.0743296171393,0.0832668040411,0.0269970153304,0.100029420418
later,2018-04,2018-04,,logistic_l2,DPS,,full,calibrated,calibrated,,,,32e5da99683cdab1f14f37d587aeecf158ffc9b319e27e612f842a71fc1e8c3b,,,,0.0530191458027,,,,,,,,,,,,12138ebc6d34b03c6440d89e35b8db35a30d241f9f497044ef308120883e5a5b,logistic_l2,DPS,,,,,,,,,,,,,,,,,,,,,,,,,,,,,,,,,,,,,,,,,,,,,,,,reliability_bin,10,679,36,0.0977593270058,0.0832715856187,0.169081056428,0.0447401812031,0.0998823183289
later,2018-04,2018-04,,logistic_l2,DPS,,full,raw,raw,,,,32e5da99683cdab1f14f37d587aeecf158ffc9b319e27e612f842a71fc1e8c3b,,,,0.0411764705882,,,,,,,,,,,,12138ebc6d34b03c6440d89e35b8db35a30d241f9f497044ef308120883e5a5b,logistic_l2,DPS,,,,,,,,,,,,,,,,,,,,,,,,,,,,,,,,,,,,,,,,,,,,,,,,reliability_bin,1,680,28,0.0438897656519,0.0323607979494,0.0467255525124,0.00271329506365,0.100029420418
later,2018-04,2018-04,,logistic_l2,DPS,,full,raw,raw,,,,32e5da99683cdab1f14f37d587aeecf158ffc9b319e27e612f842a71fc1e8c3b,,,,0.0544117647059,,,,,,,,,,,,12138ebc6d34b03c6440d89e35b8db35a30d241f9f497044ef308120883e5a5b,logistic_l2,DPS,,,,,,,,,,,,,,,,,,,,,,,,,,,,,,,,,,,,,,,,,,,,,,,,reliability_bin,2,680,37,0.0485756568417,0.0467456003796,0.0502911383103,0.00583610786418,0.100029420418
later,2018-04,2018-04,,logistic_l2,DPS,,full,raw,raw,,,,32e5da99683cdab1f14f37d587aeecf158ffc9b319e27e612f842a71fc1e8c3b,,,,0.0352941176471,,,,,,,,,,,,12138ebc6d34b03c6440d89e35b8db35a30d241f9f497044ef308120883e5a5b,logistic_l2,DPS,,,,,,,,,,,,,,,,,,,,,,,,,,,,,,,,,,,,,,,,,,,,,,,,reliability_bin,3,680,24,0.051825002221,0.05029130456,0.0532932029712,0.0165308845739,0.100029420418
later,2018-04,2018-04,,logistic_l2,DPS,,full,raw,raw,,,,32e5da99683cdab1f14f37d587aeecf158ffc9b319e27e612f842a71fc1e8c3b,,,,0.0323529411765,,,,,,,,,,,,12138ebc6d34b03c6440d89e35b8db35a30d241f9f497044ef308120883e5a5b,logistic_l2,DPS,,,,,,,,,,,,,,,,,,,,,,,,,,,,,,,,,,,,,,,,,,,,,,,,reliability_bin,4,680,22,0.0548823712208,0.0532967362803,0.0565515654007,0.0225294300443,0.100029420418
later,2018-04,2018-04,,logistic_l2,DPS,,full,raw,raw,,,,32e5da99683cdab1f14f37d587aeecf158ffc9b319e27e612f842a71fc1e8c3b,,,,0.0279823269514,,,,,,,,,,,,12138ebc6d34b03c6440d89e35b8db35a30d241f9f497044ef308120883e5a5b,logistic_l2,DPS,,,,,,,,,,,,,,,,,,,,,,,,,,,,,,,,,,,,,,,,,,,,,,,,reliability_bin,5,679,19,0.0581232408335,0.0565526153308,0.0597960388325,0.0301409138821,0.0998823183289
later,2018-04,2018-04,,logistic_l2,DPS,,full,raw,raw,,,,32e5da99683cdab1f14f37d587aeecf158ffc9b319e27e612f842a71fc1e8c3b,,,,0.05,,,,,,,,,,,,12138ebc6d34b03c6440d89e35b8db35a30d241f9f497044ef308120883e5a5b,logistic_l2,DPS,,,,,,,,,,,,,,,,,,,,,,,,,,,,,,,,,,,,,,,,,,,,,,,,reliability_bin,6,680,34,0.0617640477755,0.0598140949653,0.0637635323106,0.0117640477755,0.100029420418
later,2018-04,2018-04,,logistic_l2,DPS,,full,raw,raw,,,,32e5da99683cdab1f14f37d587aeecf158ffc9b319e27e612f842a71fc1e8c3b,,,,0.0470588235294,,,,,,,,,,,,12138ebc6d34b03c6440d89e35b8db35a30d241f9f497044ef308120883e5a5b,logistic_l2,DPS,,,,,,,,,,,,,,,,,,,,,,,,,,,,,,,,,,,,,,,,,,,,,,,,reliability_bin,7,680,32,0.0657123456318,0.0637666418228,0.0681242637384,0.0186535221024,0.100029420418
later,2018-04,2018-04,,logistic_l2,DPS,,full,raw,raw,,,,32e5da99683cdab1f14f37d587aeecf158ffc9b319e27e612f842a71fc1e8c3b,,,,0.0573529411765,,,,,,,,,,,,12138ebc6d34b03c6440d89e35b8db35a30d241f9f497044ef308120883e5a5b,logistic_l2,DPS,,,,,,,,,,,,,,,,,,,,,,,,,,,,,,,,,,,,,,,,,,,,,,,,reliability_bin,8,680,39,0.0710563157637,0.0681244103337,0.0743273728202,0.0137033745872,0.100029420418
later,2018-04,2018-04,,logistic_l2,DPS,,full,raw,raw,,,,32e5da99683cdab1f14f37d587aeecf158ffc9b319e27e612f842a71fc1e8c3b,,,,0.0514705882353,,,,,,,,,,,,12138ebc6d34b03c6440d89e35b8db35a30d241f9f497044ef308120883e5a5b,logistic_l2,DPS,,,,,,,,,,,,,,,,,,,,,,,,,,,,,,,,,,,,,,,,,,,,,,,,reliability_bin,9,680,35,0.0784676035656,0.0743296171393,0.0832668040411,0.0269970153304,0.100029420418
later,2018-04,2018-04,,logistic_l2,DPS,,full,raw,raw,,,,32e5da99683cdab1f14f37d587aeecf158ffc9b319e27e612f842a71fc1e8c3b,,,,0.0530191458027,,,,,,,,,,,,12138ebc6d34b03c6440d89e35b8db35a30d241f9f497044ef308120883e5a5b,logistic_l2,DPS,,,,,,,,,,,,,,,,,,,,,,,,,,,,,,,,,,,,,,,,,,,,,,,,reliability_bin,10,679,36,0.0977593270058,0.0832715856187,0.169081056428,0.0447401812031,0.0998823183289
later,2018-04,,,random_forest,DP0,,full,calibrated,,,,,51c5632640021ff1e5a42d7f4b39859b5911f02a3573da6bf50cec47fc5f85a4,,,,0.0441176470588,,,,,,,,,,,,12138ebc6d34b03c6440d89e35b8db35a30d241f9f497044ef308120883e5a5b,,,,,,,,,,,,,,,,,,,,,,,,,,,,,,,,,,,,,,,,,,,,,,,,,,reliability_bin,1,680,30,0.0369320731903,0.0368270151125,0.0369623924671,0.00718557386852,0.100029420418
later,2018-04,,,random_forest,DP0,,full,calibrated,,,,,51c5632640021ff1e5a42d7f4b39859b5911f02a3573da6bf50cec47fc5f85a4,,,,0.0411764705882,,,,,,,,,,,,12138ebc6d34b03c6440d89e35b8db35a30d241f9f497044ef308120883e5a5b,,,,,,,,,,,,,,,,,,,,,,,,,,,,,,,,,,,,,,,,,,,,,,,,,,reliability_bin,2,680,28,0.0369821543445,0.0369623924671,0.0369984168652,0.00419431624377,0.100029420418
later,2018-04,,,random_forest,DP0,,full,calibrated,,,,,51c5632640021ff1e5a42d7f4b39859b5911f02a3573da6bf50cec47fc5f85a4,,,,0.0470588235294,,,,,,,,,,,,12138ebc6d34b03c6440d89e35b8db35a30d241f9f497044ef308120883e5a5b,,,,,,,,,,,,,,,,,,,,,,,,,,,,,,,,,,,,,,,,,,,,,,,,,,reliability_bin,3,680,32,0.0370149387668,0.0369986446187,0.0370297547635,0.0100438847626,0.100029420418
later,2018-04,,,random_forest,DP0,,full,calibrated,,,,,51c5632640021ff1e5a42d7f4b39859b5911f02a3573da6bf50cec47fc5f85a4,,,,0.0455882352941,,,,,,,,,,,,12138ebc6d34b03c6440d89e35b8db35a30d241f9f497044ef308120883e5a5b,,,,,,,,,,,,,,,,,,,,,,,,,,,,,,,,,,,,,,,,,,,,,,,,,,reliability_bin,4,680,31,0.0370429114494,0.0370298437706,0.0370557295684,0.00854532384476,0.100029420418
later,2018-04,,,random_forest,DP0,,full,calibrated,,,,,51c5632640021ff1e5a42d7f4b39859b5911f02a3573da6bf50cec47fc5f85a4,,,,0.0441826215022,,,,,,,,,,,,12138ebc6d34b03c6440d89e35b8db35a30d241f9f497044ef308120883e5a5b,,,,,,,,,,,,,,,,,,,,,,,,,,,,,,,,,,,,,,,,,,,,,,,,,,reliability_bin,5,679,30,0.0370723883356,0.0370558870355,0.0370878750751,0.0071102331666,0.0998823183289
later,2018-04,,,random_forest,DP0,,full,calibrated,,,,,51c5632640021ff1e5a42d7f4b39859b5911f02a3573da6bf50cec47fc5f85a4,,,,0.0514705882353,,,,,,,,,,,,12138ebc6d34b03c6440d89e35b8db35a30d241f9f497044ef308120883e5a5b,,,,,,,,,,,,,,,,,,,,,,,,,,,,,,,,,,,,,,,,,,,,,,,,,,reliability_bin,6,680,35,0.03710443253,0.0370878750751,0.0371217260011,0.0143661557053,0.100029420418
later,2018-04,,,random_forest,DP0,,full,calibrated,,,,,51c5632640021ff1e5a42d7f4b39859b5911f02a3573da6bf50cec47fc5f85a4,,,,0.0397058823529,,,,,,,,,,,,12138ebc6d34b03c6440d89e35b8db35a30d241f9f497044ef308120883e5a5b,,,,,,,,,,,,,,,,,,,,,,,,,,,,,,,,,,,,,,,,,,,,,,,,,,reliability_bin,7,680,27,0.0371404177477,0.0371217579546,0.0371647242408,0.00256546460521,0.100029420418
later,2018-04,,,random_forest,DP0,,full,calibrated,,,,,51c5632640021ff1e5a42d7f4b39859b5911f02a3573da6bf50cec47fc5f85a4,,,,0.0441176470588,,,,,,,,,,,,12138ebc6d34b03c6440d89e35b8db35a30d241f9f497044ef308120883e5a5b,,,,,,,,,,,,,,,,,,,,,,,,,,,,,,,,,,,,,,,,,,,,,,,,,,reliability_bin,8,680,30,0.0371980666097,0.0371648185415,0.0372349485306,0.00691958044911,0.100029420418
later,2018-04,,,random_forest,DP0,,full,calibrated,,,,,51c5632640021ff1e5a42d7f4b39859b5911f02a3573da6bf50cec47fc5f85a4,,,,0.0397058823529,,,,,,,,,,,,12138ebc6d34b03c6440d89e35b8db35a30d241f9f497044ef308120883e5a5b,,,,,,,,,,,,,,,,,,,,,,,,,,,,,,,,,,,,,,,,,,,,,,,,,,reliability_bin,9,680,27,0.0372857971388,0.0372350764731,0.0373397170156,0.00242008521413,0.100029420418
later,2018-04,,,random_forest,DP0,,full,calibrated,,,,,51c5632640021ff1e5a42d7f4b39859b5911f02a3573da6bf50cec47fc5f85a4,,,,0.0530191458027,,,,,,,,,,,,12138ebc6d34b03c6440d89e35b8db35a30d241f9f497044ef308120883e5a5b,,,,,,,,,,,,,,,,,,,,,,,,,,,,,,,,,,,,,,,,,,,,,,,,,,reliability_bin,10,679,36,0.0376047219279,0.0373401709891,0.0384962117787,0.0154144238747,0.0998823183289
later,2018-04,,,random_forest,DP0,,full,raw,,,,,51c5632640021ff1e5a42d7f4b39859b5911f02a3573da6bf50cec47fc5f85a4,,,,0.0544117647059,,,,,,,,,,,,12138ebc6d34b03c6440d89e35b8db35a30d241f9f497044ef308120883e5a5b,,,,,,,,,,,,,,,,,,,,,,,,,,,,,,,,,,,,,,,,,,,,,,,,,,reliability_bin,1,680,37,0.00324246597273,1e-06,0.00752654153656,0.0511692987332,0.100029420418
later,2018-04,,,random_forest,DP0,,full,raw,,,,,51c5632640021ff1e5a42d7f4b39859b5911f02a3573da6bf50cec47fc5f85a4,,,,0.0382352941176,,,,,,,,,,,,12138ebc6d34b03c6440d89e35b8db35a30d241f9f497044ef308120883e5a5b,,,,,,,,,,,,,,,,,,,,,,,,,,,,,,,,,,,,,,,,,,,,,,,,,,reliability_bin,2,680,26,0.0117592851138,0.00753237739135,0.0169672699188,0.0264760090039,0.100029420418
later,2018-04,,,random_forest,DP0,,full,raw,,,,,51c5632640021ff1e5a42d7f4b39859b5911f02a3573da6bf50cec47fc5f85a4,,,,0.0441176470588,,,,,,,,,,,,12138ebc6d34b03c6440d89e35b8db35a30d241f9f497044ef308120883e5a5b,,,,,,,,,,,,,,,,,,,,,,,,,,,,,,,,,,,,,,,,,,,,,,,,,,reliability_bin,3,680,30,0.0228585069375,0.0169672699188,0.0291175130696,0.0212591401213,0.100029420418
later,2018-04,,,random_forest,DP0,,full,raw,,,,,51c5632640021ff1e5a42d7f4b39859b5911f02a3573da6bf50cec47fc5f85a4,,,,0.0397058823529,,,,,,,,,,,,12138ebc6d34b03c6440d89e35b8db35a30d241f9f497044ef308120883e5a5b,,,,,,,,,,,,,,,,,,,,,,,,,,,,,,,,,,,,,,,,,,,,,,,,,,reliability_bin,4,680,27,0.0352047592217,0.0291349077661,0.0403847285624,0.00450112313125,0.100029420418
later,2018-04,,,random_forest,DP0,,full,raw,,,,,51c5632640021ff1e5a42d7f4b39859b5911f02a3573da6bf50cec47fc5f85a4,,,,0.0515463917526,,,,,,,,,,,,12138ebc6d34b03c6440d89e35b8db35a30d241f9f497044ef308120883e5a5b,,,,,,,,,,,,,,,,,,,,,,,,,,,,,,,,,,,,,,,,,,,,,,,,,,reliability_bin,5,679,35,0.0461457812256,0.0404383437307,0.0520990955561,0.00540061052695,0.0998823183289
later,2018-04,,,random_forest,DP0,,full,raw,,,,,51c5632640021ff1e5a42d7f4b39859b5911f02a3573da6bf50cec47fc5f85a4,,,,0.0441176470588,,,,,,,,,,,,12138ebc6d34b03c6440d89e35b8db35a30d241f9f497044ef308120883e5a5b,,,,,,,,,,,,,,,,,,,,,,,,,,,,,,,,,,,,,,,,,,,,,,,,,,reliability_bin,6,680,30,0.0586239238979,0.0520990955561,0.0661520660892,0.014506276839,0.100029420418
later,2018-04,,,random_forest,DP0,,full,raw,,,,,51c5632640021ff1e5a42d7f4b39859b5911f02a3573da6bf50cec47fc5f85a4,,,,0.0455882352941,,,,,,,,,,,,12138ebc6d34b03c6440d89e35b8db35a30d241f9f497044ef308120883e5a5b,,,,,,,,,,,,,,,,,,,,,,,,,,,,,,,,,,,,,,,,,,,,,,,,,,reliability_bin,7,680,31,0.0728072886857,0.0661520660892,0.0800132358265,0.0272190533916,0.100029420418
later,2018-04,,,random_forest,DP0,,full,raw,,,,,51c5632640021ff1e5a42d7f4b39859b5911f02a3573da6bf50cec47fc5f85a4,,,,0.0470588235294,,,,,,,,,,,,12138ebc6d34b03c6440d89e35b8db35a30d241f9f497044ef308120883e5a5b,,,,,,,,,,,,,,,,,,,,,,,,,,,,,,,,,,,,,,,,,,,,,,,,,,reliability_bin,8,680,32,0.0892664380081,0.0800175279683,0.100252116525,0.0422076144787,0.100029420418
later,2018-04,,,random_forest,DP0,,full,raw,,,,,51c5632640021ff1e5a42d7f4b39859b5911f02a3573da6bf50cec47fc5f85a4,,,,0.0411764705882,,,,,,,,,,,,12138ebc6d34b03c6440d89e35b8db35a30d241f9f497044ef308120883e5a5b,,,,,,,,,,,,,,,,,,,,,,,,,,,,,,,,,,,,,,,,,,,,,,,,,,reliability_bin,9,680,28,0.112745696229,0.100366525113,0.129049710549,0.0715692256412,0.100029420418
later,2018-04,,,random_forest,DP0,,full,raw,,,,,51c5632640021ff1e5a42d7f4b39859b5911f02a3573da6bf50cec47fc5f85a4,,,,0.0441826215022,,,,,,,,,,,,12138ebc6d34b03c6440d89e35b8db35a30d241f9f497044ef308120883e5a5b,,,,,,,,,,,,,,,,,,,,,,,,,,,,,,,,,,,,,,,,,,,,,,,,,,reliability_bin,10,679,30,0.160392307142,0.129049710549,0.302412769305,0.11620968564,0.0998823183289
later,2018-04,,,random_forest,DPB,,full,calibrated,,,,,997ed348131042a62f361f8c402b40be8bc4d34ac7b1e30139b0506a6909850e,,,,0.0132352941176,,,,,,,,,,,,12138ebc6d34b03c6440d89e35b8db35a30d241f9f497044ef308120883e5a5b,,,,,,,,,,,,,,,,,,,,,,,,,,,,,,,,,,,,,,,,,,,,,,,,,,reliability_bin,1,680,9,0.0298956821402,0.00741097236763,0.0447337620963,0.0166603880226,0.100029420418
later,2018-04,,,random_forest,DPB,,full,calibrated,,,,,997ed348131042a62f361f8c402b40be8bc4d34ac7b1e30139b0506a6909850e,,,,0.0279411764706,,,,,,,,,,,,12138ebc6d34b03c6440d89e35b8db35a30d241f9f497044ef308120883e5a5b,,,,,,,,,,,,,,,,,,,,,,,,,,,,,,,,,,,,,,,,,,,,,,,,,,reliability_bin,2,680,19,0.0525447820564,0.0447354871537,0.0591583454203,0.0246036055858,0.100029420418
later,2018-04,,,random_forest,DPB,,full,calibrated,,,,,997ed348131042a62f361f8c402b40be8bc4d34ac7b1e30139b0506a6909850e,,,,0.0235294117647,,,,,,,,,,,,12138ebc6d34b03c6440d89e35b8db35a30d241f9f497044ef308120883e5a5b,,,,,,,,,,,,,,,,,,,,,,,,,,,,,,,,,,,,,,,,,,,,,,,,,,reliability_bin,3,680,16,0.0639575912312,0.059198829495,0.0680369798173,0.0404281794665,0.100029420418
later,2018-04,,,random_forest,DPB,,full,calibrated,,,,,997ed348131042a62f361f8c402b40be8bc4d34ac7b1e30139b0506a6909850e,,,,0.0294117647059,,,,,,,,,,,,12138ebc6d34b03c6440d89e35b8db35a30d241f9f497044ef308120883e5a5b,,,,,,,,,,,,,,,,,,,,,,,,,,,,,,,,,,,,,,,,,,,,,,,,,,reliability_bin,4,680,20,0.0725837624709,0.0680703274689,0.0769631650528,0.043171997765,0.100029420418
later,2018-04,,,random_forest,DPB,,full,calibrated,,,,,997ed348131042a62f361f8c402b40be8bc4d34ac7b1e30139b0506a6909850e,,,,0.0279823269514,,,,,,,,,,,,12138ebc6d34b03c6440d89e35b8db35a30d241f9f497044ef308120883e5a5b,,,,,,,,,,,,,,,,,,,,,,,,,,,,,,,,,,,,,,,,,,,,,,,,,,reliability_bin,5,679,19,0.0812246394778,0.0769868255003,0.0855168077659,0.0532423125264,0.0998823183289
later,2018-04,,,random_forest,DPB,,full,calibrated,,,,,997ed348131042a62f361f8c402b40be8bc4d34ac7b1e30139b0506a6909850e,,,,0.0485294117647,,,,,,,,,,,,12138ebc6d34b03c6440d89e35b8db35a30d241f9f497044ef308120883e5a5b,,,,,,,,,,,,,,,,,,,,,,,,,,,,,,,,,,,,,,,,,,,,,,,,,,reliability_bin,6,680,33,0.0906090064616,0.0855293399678,0.09582082495,0.0420795946969,0.100029420418
later,2018-04,,,random_forest,DPB,,full,calibrated,,,,,997ed348131042a62f361f8c402b40be8bc4d34ac7b1e30139b0506a6909850e,,,,0.0308823529412,,,,,,,,,,,,12138ebc6d34b03c6440d89e35b8db35a30d241f9f497044ef308120883e5a5b,,,,,,,,,,,,,,,,,,,,,,,,,,,,,,,,,,,,,,,,,,,,,,,,,,reliability_bin,7,680,21,0.102253745595,0.0958444464359,0.109090842974,0.0713713926539,0.100029420418
later,2018-04,,,random_forest,DPB,,full,calibrated,,,,,997ed348131042a62f361f8c402b40be8bc4d34ac7b1e30139b0506a6909850e,,,,0.0558823529412,,,,,,,,,,,,12138ebc6d34b03c6440d89e35b8db35a30d241f9f497044ef308120883e5a5b,,,,,,,,,,,,,,,,,,,,,,,,,,,,,,,,,,,,,,,,,,,,,,,,,,reliability_bin,8,680,38,0.116389965535,0.10909521167,0.124083041224,0.0605076125943,0.100029420418
later,2018-04,,,random_forest,DPB,,full,calibrated,,,,,997ed348131042a62f361f8c402b40be8bc4d34ac7b1e30139b0506a6909850e,,,,0.0485294117647,,,,,,,,,,,,12138ebc6d34b03c6440d89e35b8db35a30d241f9f497044ef308120883e5a5b,,,,,,,,,,,,,,,,,,,,,,,,,,,,,,,,,,,,,,,,,,,,,,,,,,reliability_bin,9,680,33,0.133257314378,0.12414446583,0.144026353895,0.0847279026136,0.100029420418
later,2018-04,,,random_forest,DPB,,full,calibrated,,,,,997ed348131042a62f361f8c402b40be8bc4d34ac7b1e30139b0506a6909850e,,,,0.144329896907,,,,,,,,,,,,12138ebc6d34b03c6440d89e35b8db35a30d241f9f497044ef308120883e5a5b,,,,,,,,,,,,,,,,,,,,,,,,,,,,,,,,,,,,,,,,,,,,,,,,,,reliability_bin,10,679,98,0.178173522283,0.144062573094,0.31357251914,0.0338436253757,0.0998823183289
later,2018-04,,,random_forest,DPB,,full,raw,,,,,997ed348131042a62f361f8c402b40be8bc4d34ac7b1e30139b0506a6909850e,,,,0.0132352941176,,,,,,,,,,,,12138ebc6d34b03c6440d89e35b8db35a30d241f9f497044ef308120883e5a5b,,,,,,,,,,,,,,,,,,,,,,,,,,,,,,,,,,,,,,,,,,,,,,,,,,reliability_bin,1,680,9,0.0298956821402,0.00741097236763,0.0447337620963,0.0166603880226,0.100029420418
later,2018-04,,,random_forest,DPB,,full,raw,,,,,997ed348131042a62f361f8c402b40be8bc4d34ac7b1e30139b0506a6909850e,,,,0.0279411764706,,,,,,,,,,,,12138ebc6d34b03c6440d89e35b8db35a30d241f9f497044ef308120883e5a5b,,,,,,,,,,,,,,,,,,,,,,,,,,,,,,,,,,,,,,,,,,,,,,,,,,reliability_bin,2,680,19,0.0525447820564,0.0447354871537,0.0591583454203,0.0246036055858,0.100029420418
later,2018-04,,,random_forest,DPB,,full,raw,,,,,997ed348131042a62f361f8c402b40be8bc4d34ac7b1e30139b0506a6909850e,,,,0.0235294117647,,,,,,,,,,,,12138ebc6d34b03c6440d89e35b8db35a30d241f9f497044ef308120883e5a5b,,,,,,,,,,,,,,,,,,,,,,,,,,,,,,,,,,,,,,,,,,,,,,,,,,reliability_bin,3,680,16,0.0639575912312,0.059198829495,0.0680369798173,0.0404281794665,0.100029420418
later,2018-04,,,random_forest,DPB,,full,raw,,,,,997ed348131042a62f361f8c402b40be8bc4d34ac7b1e30139b0506a6909850e,,,,0.0294117647059,,,,,,,,,,,,12138ebc6d34b03c6440d89e35b8db35a30d241f9f497044ef308120883e5a5b,,,,,,,,,,,,,,,,,,,,,,,,,,,,,,,,,,,,,,,,,,,,,,,,,,reliability_bin,4,680,20,0.0725837624709,0.0680703274689,0.0769631650528,0.043171997765,0.100029420418
later,2018-04,,,random_forest,DPB,,full,raw,,,,,997ed348131042a62f361f8c402b40be8bc4d34ac7b1e30139b0506a6909850e,,,,0.0279823269514,,,,,,,,,,,,12138ebc6d34b03c6440d89e35b8db35a30d241f9f497044ef308120883e5a5b,,,,,,,,,,,,,,,,,,,,,,,,,,,,,,,,,,,,,,,,,,,,,,,,,,reliability_bin,5,679,19,0.0812246394778,0.0769868255003,0.0855168077659,0.0532423125264,0.0998823183289
later,2018-04,,,random_forest,DPB,,full,raw,,,,,997ed348131042a62f361f8c402b40be8bc4d34ac7b1e30139b0506a6909850e,,,,0.0485294117647,,,,,,,,,,,,12138ebc6d34b03c6440d89e35b8db35a30d241f9f497044ef308120883e5a5b,,,,,,,,,,,,,,,,,,,,,,,,,,,,,,,,,,,,,,,,,,,,,,,,,,reliability_bin,6,680,33,0.0906090064616,0.0855293399678,0.09582082495,0.0420795946969,0.100029420418
later,2018-04,,,random_forest,DPB,,full,raw,,,,,997ed348131042a62f361f8c402b40be8bc4d34ac7b1e30139b0506a6909850e,,,,0.0308823529412,,,,,,,,,,,,12138ebc6d34b03c6440d89e35b8db35a30d241f9f497044ef308120883e5a5b,,,,,,,,,,,,,,,,,,,,,,,,,,,,,,,,,,,,,,,,,,,,,,,,,,reliability_bin,7,680,21,0.102253745595,0.0958444464359,0.109090842974,0.0713713926539,0.100029420418
later,2018-04,,,random_forest,DPB,,full,raw,,,,,997ed348131042a62f361f8c402b40be8bc4d34ac7b1e30139b0506a6909850e,,,,0.0558823529412,,,,,,,,,,,,12138ebc6d34b03c6440d89e35b8db35a30d241f9f497044ef308120883e5a5b,,,,,,,,,,,,,,,,,,,,,,,,,,,,,,,,,,,,,,,,,,,,,,,,,,reliability_bin,8,680,38,0.116389965535,0.10909521167,0.124083041224,0.0605076125943,0.100029420418
later,2018-04,,,random_forest,DPB,,full,raw,,,,,997ed348131042a62f361f8c402b40be8bc4d34ac7b1e30139b0506a6909850e,,,,0.0485294117647,,,,,,,,,,,,12138ebc6d34b03c6440d89e35b8db35a30d241f9f497044ef308120883e5a5b,,,,,,,,,,,,,,,,,,,,,,,,,,,,,,,,,,,,,,,,,,,,,,,,,,reliability_bin,9,680,33,0.133257314378,0.12414446583,0.144026353895,0.0847279026136,0.100029420418
later,2018-04,,,random_forest,DPB,,full,raw,,,,,997ed348131042a62f361f8c402b40be8bc4d34ac7b1e30139b0506a6909850e,,,,0.144329896907,,,,,,,,,,,,12138ebc6d34b03c6440d89e35b8db35a30d241f9f497044ef308120883e5a5b,,,,,,,,,,,,,,,,,,,,,,,,,,,,,,,,,,,,,,,,,,,,,,,,,,reliability_bin,10,679,98,0.178173522283,0.144062573094,0.31357251914,0.0338436253757,0.0998823183289
later,2018-04,,,random_forest,DPG,,full,calibrated,,,,,7a0ded5b5f3e54d1de3cf906593fd5727f01bcb63af86de66643f6c8c4242fa4,,,,0.0235294117647,,,,,,,,,,,,12138ebc6d34b03c6440d89e35b8db35a30d241f9f497044ef308120883e5a5b,,,,,,,,,,,,,,,,,,,,,,,,,,,,,,,,,,,,,,,,,,,,,,,,,,reliability_bin,1,680,16,0.0406703425043,0.0328343732278,0.0443949367219,0.0171409307396,0.100029420418
later,2018-04,,,random_forest,DPG,,full,calibrated,,,,,7a0ded5b5f3e54d1de3cf906593fd5727f01bcb63af86de66643f6c8c4242fa4,,,,0.0308823529412,,,,,,,,,,,,12138ebc6d34b03c6440d89e35b8db35a30d241f9f497044ef308120883e5a5b,,,,,,,,,,,,,,,,,,,,,,,,,,,,,,,,,,,,,,,,,,,,,,,,,,reliability_bin,2,680,21,0.0465952502749,0.0443988819462,0.0483696169621,0.0157128973338,0.100029420418
later,2018-04,,,random_forest,DPG,,full,calibrated,,,,,7a0ded5b5f3e54d1de3cf906593fd5727f01bcb63af86de66643f6c8c4242fa4,,,,0.0279411764706,,,,,,,,,,,,12138ebc6d34b03c6440d89e35b8db35a30d241f9f497044ef308120883e5a5b,,,,,,,,,,,,,,,,,,,,,,,,,,,,,,,,,,,,,,,,,,,,,,,,,,reliability_bin,3,680,19,0.0495110400664,0.0483791146086,0.0503036362597,0.0215698635958,0.100029420418
later,2018-04,,,random_forest,DPG,,full,calibrated,,,,,7a0ded5b5f3e54d1de3cf906593fd5727f01bcb63af86de66643f6c8c4242fa4,,,,0.0323529411765,,,,,,,,,,,,12138ebc6d34b03c6440d89e35b8db35a30d241f9f497044ef308120883e5a5b,,,,,,,,,,,,,,,,,,,,,,,,,,,,,,,,,,,,,,,,,,,,,,,,,,reliability_bin,4,680,22,0.0509396157648,0.0503075401535,0.0517106382825,0.0185866745884,0.100029420418
later,2018-04,,,random_forest,DPG,,full,calibrated,,,,,7a0ded5b5f3e54d1de3cf906593fd5727f01bcb63af86de66643f6c8c4242fa4,,,,0.0500736377025,,,,,,,,,,,,12138ebc6d34b03c6440d89e35b8db35a30d241f9f497044ef308120883e5a5b,,,,,,,,,,,,,,,,,,,,,,,,,,,,,,,,,,,,,,,,,,,,,,,,,,reliability_bin,5,679,34,0.0528386444538,0.0517139150274,0.0541574524592,0.00276500675129,0.0998823183289
later,2018-04,,,random_forest,DPG,,full,calibrated,,,,,7a0ded5b5f3e54d1de3cf906593fd5727f01bcb63af86de66643f6c8c4242fa4,,,,0.05,,,,,,,,,,,,12138ebc6d34b03c6440d89e35b8db35a30d241f9f497044ef308120883e5a5b,,,,,,,,,,,,,,,,,,,,,,,,,,,,,,,,,,,,,,,,,,,,,,,,,,reliability_bin,6,680,34,0.0552077638212,0.0541608739613,0.0560488447538,0.00520776382124,0.100029420418
later,2018-04,,,random_forest,DPG,,full,calibrated,,,,,7a0ded5b5f3e54d1de3cf906593fd5727f01bcb63af86de66643f6c8c4242fa4,,,,0.0264705882353,,,,,,,,,,,,12138ebc6d34b03c6440d89e35b8db35a30d241f9f497044ef308120883e5a5b,,,,,,,,,,,,,,,,,,,,,,,,,,,,,,,,,,,,,,,,,,,,,,,,,,reliability_bin,7,680,18,0.0569616004716,0.0560521191021,0.0575539680131,0.0304910122363,0.100029420418
later,2018-04,,,random_forest,DPG,,full,calibrated,,,,,7a0ded5b5f3e54d1de3cf906593fd5727f01bcb63af86de66643f6c8c4242fa4,,,,0.0235294117647,,,,,,,,,,,,12138ebc6d34b03c6440d89e35b8db35a30d241f9f497044ef308120883e5a5b,,,,,,,,,,,,,,,,,,,,,,,,,,,,,,,,,,,,,,,,,,,,,,,,,,reliability_bin,8,680,16,0.0580658934771,0.0575539680131,0.0588588739393,0.0345364817124,0.100029420418
later,2018-04,,,random_forest,DPG,,full,calibrated,,,,,7a0ded5b5f3e54d1de3cf906593fd5727f01bcb63af86de66643f6c8c4242fa4,,,,0.0455882352941,,,,,,,,,,,,12138ebc6d34b03c6440d89e35b8db35a30d241f9f497044ef308120883e5a5b,,,,,,,,,,,,,,,,,,,,,,,,,,,,,,,,,,,,,,,,,,,,,,,,,,reliability_bin,9,680,31,0.0602539891527,0.0588599857679,0.0615815089736,0.0146657538586,0.100029420418
later,2018-04,,,random_forest,DPG,,full,calibrated,,,,,7a0ded5b5f3e54d1de3cf906593fd5727f01bcb63af86de66643f6c8c4242fa4,,,,0.139911634757,,,,,,,,,,,,12138ebc6d34b03c6440d89e35b8db35a30d241f9f497044ef308120883e5a5b,,,,,,,,,,,,,,,,,,,,,,,,,,,,,,,,,,,,,,,,,,,,,,,,,,reliability_bin,10,679,95,0.0652762124592,0.0615815089736,0.0808356895597,0.0746354222978,0.0998823183289
later,2018-04,,,random_forest,DPG,,full,raw,,,,,7a0ded5b5f3e54d1de3cf906593fd5727f01bcb63af86de66643f6c8c4242fa4,,,,0.0235294117647,,,,,,,,,,,,12138ebc6d34b03c6440d89e35b8db35a30d241f9f497044ef308120883e5a5b,,,,,,,,,,,,,,,,,,,,,,,,,,,,,,,,,,,,,,,,,,,,,,,,,,reliability_bin,1,680,16,0.0228021382016,0.00862977967209,0.0323710606575,0.000727273563094,0.100029420418
later,2018-04,,,random_forest,DPG,,full,raw,,,,,7a0ded5b5f3e54d1de3cf906593fd5727f01bcb63af86de66643f6c8c4242fa4,,,,0.0308823529412,,,,,,,,,,,,12138ebc6d34b03c6440d89e35b8db35a30d241f9f497044ef308120883e5a5b,,,,,,,,,,,,,,,,,,,,,,,,,,,,,,,,,,,,,,,,,,,,,,,,,,reliability_bin,2,680,21,0.0400739121552,0.0323835645738,0.0469013155662,0.00919155921407,0.100029420418
later,2018-04,,,random_forest,DPG,,full,raw,,,,,7a0ded5b5f3e54d1de3cf906593fd5727f01bcb63af86de66643f6c8c4242fa4,,,,0.0279411764706,,,,,,,,,,,,12138ebc6d34b03c6440d89e35b8db35a30d241f9f497044ef308120883e5a5b,,,,,,,,,,,,,,,,,,,,,,,,,,,,,,,,,,,,,,,,,,,,,,,,,,reliability_bin,3,680,19,0.0518797145626,0.0469409150516,0.0554790758998,0.023938538092,0.100029420418
later,2018-04,,,random_forest,DPG,,full,raw,,,,,7a0ded5b5f3e54d1de3cf906593fd5727f01bcb63af86de66643f6c8c4242fa4,,,,0.0323529411765,,,,,,,,,,,,12138ebc6d34b03c6440d89e35b8db35a30d241f9f497044ef308120883e5a5b,,,,,,,,,,,,,,,,,,,,,,,,,,,,,,,,,,,,,,,,,,,,,,,,,,reliability_bin,4,680,22,0.0585546902289,0.055497456691,0.0623911628949,0.0262017490525,0.100029420418
later,2018-04,,,random_forest,DPG,,full,raw,,,,,7a0ded5b5f3e54d1de3cf906593fd5727f01bcb63af86de66643f6c8c4242fa4,,,,0.0500736377025,,,,,,,,,,,,12138ebc6d34b03c6440d89e35b8db35a30d241f9f497044ef308120883e5a5b,,,,,,,,,,,,,,,,,,,,,,,,,,,,,,,,,,,,,,,,,,,,,,,,,,reliability_bin,5,679,34,0.0684320531593,0.0624079418897,0.0758306049235,0.0183584154568,0.0998823183289
later,2018-04,,,random_forest,DPG,,full,raw,,,,,7a0ded5b5f3e54d1de3cf906593fd5727f01bcb63af86de66643f6c8c4242fa4,,,,0.05,,,,,,,,,,,,12138ebc6d34b03c6440d89e35b8db35a30d241f9f497044ef308120883e5a5b,,,,,,,,,,,,,,,,,,,,,,,,,,,,,,,,,,,,,,,,,,,,,,,,,,reliability_bin,6,680,34,0.0822136356167,0.0758506974026,0.0875065484328,0.0322136356167,0.100029420418
later,2018-04,,,random_forest,DPG,,full,raw,,,,,7a0ded5b5f3e54d1de3cf906593fd5727f01bcb63af86de66643f6c8c4242fa4,,,,0.0264705882353,,,,,,,,,,,,12138ebc6d34b03c6440d89e35b8db35a30d241f9f497044ef308120883e5a5b,,,,,,,,,,,,,,,,,,,,,,,,,,,,,,,,,,,,,,,,,,,,,,,,,,reliability_bin,7,680,18,0.0935842217464,0.0875277599853,0.0976262179277,0.0671136335111,0.100029420418
later,2018-04,,,random_forest,DPG,,full,raw,,,,,7a0ded5b5f3e54d1de3cf906593fd5727f01bcb63af86de66643f6c8c4242fa4,,,,0.0235294117647,,,,,,,,,,,,12138ebc6d34b03c6440d89e35b8db35a30d241f9f497044ef308120883e5a5b,,,,,,,,,,,,,,,,,,,,,,,,,,,,,,,,,,,,,,,,,,,,,,,,,,reliability_bin,8,680,16,0.101262966297,0.0976262179277,0.107004393093,0.077733554532,0.100029420418
later,2018-04,,,random_forest,DPG,,full,raw,,,,,7a0ded5b5f3e54d1de3cf906593fd5727f01bcb63af86de66643f6c8c4242fa4,,,,0.0455882352941,,,,,,,,,,,,12138ebc6d34b03c6440d89e35b8db35a30d241f9f497044ef308120883e5a5b,,,,,,,,,,,,,,,,,,,,,,,,,,,,,,,,,,,,,,,,,,,,,,,,,,reliability_bin,9,680,31,0.117751032333,0.107012624816,0.128397984514,0.0721627970393,0.100029420418
later,2018-04,,,random_forest,DPG,,full,raw,,,,,7a0ded5b5f3e54d1de3cf906593fd5727f01bcb63af86de66643f6c8c4242fa4,,,,0.139911634757,,,,,,,,,,,,12138ebc6d34b03c6440d89e35b8db35a30d241f9f497044ef308120883e5a5b,,,,,,,,,,,,,,,,,,,,,,,,,,,,,,,,,,,,,,,,,,,,,,,,,,reliability_bin,10,679,95,0.163148234564,0.128397984514,0.341063718678,0.023236599807,0.0998823183289
later,2018-04,,,random_forest,DPS,,full,calibrated,,,,,869753cdcea0daff32c489d21fa3b9dba5ff88f24173aaaa7d554415b67e09b2,,,,0.0382352941176,,,,,,,,,,,,12138ebc6d34b03c6440d89e35b8db35a30d241f9f497044ef308120883e5a5b,,,,,,,,,,,,,,,,,,,,,,,,,,,,,,,,,,,,,,,,,,,,,,,,,,reliability_bin,1,680,26,0.0237895151135,0.00300590454772,0.0311486103569,0.0144457790042,0.100029420418
later,2018-04,,,random_forest,DPS,,full,calibrated,,,,,869753cdcea0daff32c489d21fa3b9dba5ff88f24173aaaa7d554415b67e09b2,,,,0.0411764705882,,,,,,,,,,,,12138ebc6d34b03c6440d89e35b8db35a30d241f9f497044ef308120883e5a5b,,,,,,,,,,,,,,,,,,,,,,,,,,,,,,,,,,,,,,,,,,,,,,,,,,reliability_bin,2,680,28,0.036181250094,0.0311516749485,0.0404755179236,0.00499522049419,0.100029420418
later,2018-04,,,random_forest,DPS,,full,calibrated,,,,,869753cdcea0daff32c489d21fa3b9dba5ff88f24173aaaa7d554415b67e09b2,,,,0.0544117647059,,,,,,,,,,,,12138ebc6d34b03c6440d89e35b8db35a30d241f9f497044ef308120883e5a5b,,,,,,,,,,,,,,,,,,,,,,,,,,,,,,,,,,,,,,,,,,,,,,,,,,reliability_bin,3,680,37,0.0442065622993,0.040487581933,0.047902323663,0.0102052024066,0.100029420418
later,2018-04,,,random_forest,DPS,,full,calibrated,,,,,869753cdcea0daff32c489d21fa3b9dba5ff88f24173aaaa7d554415b67e09b2,,,,0.0338235294118,,,,,,,,,,,,12138ebc6d34b03c6440d89e35b8db35a30d241f9f497044ef308120883e5a5b,,,,,,,,,,,,,,,,,,,,,,,,,,,,,,,,,,,,,,,,,,,,,,,,,,reliability_bin,4,680,23,0.0512296044216,0.0479036593188,0.0545507134093,0.0174060750098,0.100029420418
later,2018-04,,,random_forest,DPS,,full,calibrated,,,,,869753cdcea0daff32c489d21fa3b9dba5ff88f24173aaaa7d554415b67e09b2,,,,0.039764359352,,,,,,,,,,,,12138ebc6d34b03c6440d89e35b8db35a30d241f9f497044ef308120883e5a5b,,,,,,,,,,,,,,,,,,,,,,,,,,,,,,,,,,,,,,,,,,,,,,,,,,reliability_bin,5,679,27,0.0582606544738,0.0545579101731,0.0619614380437,0.0184962951219,0.0998823183289
later,2018-04,,,random_forest,DPS,,full,calibrated,,,,,869753cdcea0daff32c489d21fa3b9dba5ff88f24173aaaa7d554415b67e09b2,,,,0.0441176470588,,,,,,,,,,,,12138ebc6d34b03c6440d89e35b8db35a30d241f9f497044ef308120883e5a5b,,,,,,,,,,,,,,,,,,,,,,,,,,,,,,,,,,,,,,,,,,,,,,,,,,reliability_bin,6,680,30,0.0658008637938,0.061982846881,0.0699691858449,0.021683216735,0.100029420418
later,2018-04,,,random_forest,DPS,,full,calibrated,,,,,869753cdcea0daff32c489d21fa3b9dba5ff88f24173aaaa7d554415b67e09b2,,,,0.0455882352941,,,,,,,,,,,,12138ebc6d34b03c6440d89e35b8db35a30d241f9f497044ef308120883e5a5b,,,,,,,,,,,,,,,,,,,,,,,,,,,,,,,,,,,,,,,,,,,,,,,,,,reliability_bin,7,680,31,0.0746985358689,0.0699854571147,0.0799436951383,0.0291103005748,0.100029420418
later,2018-04,,,random_forest,DPS,,full,calibrated,,,,,869753cdcea0daff32c489d21fa3b9dba5ff88f24173aaaa7d554415b67e09b2,,,,0.0558823529412,,,,,,,,,,,,12138ebc6d34b03c6440d89e35b8db35a30d241f9f497044ef308120883e5a5b,,,,,,,,,,,,,,,,,,,,,,,,,,,,,,,,,,,,,,,,,,,,,,,,,,reliability_bin,8,680,38,0.086123870637,0.0799957907499,0.0927746257687,0.0302415176958,0.100029420418
later,2018-04,,,random_forest,DPS,,full,calibrated,,,,,869753cdcea0daff32c489d21fa3b9dba5ff88f24173aaaa7d554415b67e09b2,,,,0.0411764705882,,,,,,,,,,,,12138ebc6d34b03c6440d89e35b8db35a30d241f9f497044ef308120883e5a5b,,,,,,,,,,,,,,,,,,,,,,,,,,,,,,,,,,,,,,,,,,,,,,,,,,reliability_bin,9,680,28,0.101339969638,0.0928135035604,0.11105018354,0.0601634990494,0.100029420418
later,2018-04,,,random_forest,DPS,,full,calibrated,,,,,869753cdcea0daff32c489d21fa3b9dba5ff88f24173aaaa7d554415b67e09b2,,,,0.0559646539028,,,,,,,,,,,,12138ebc6d34b03c6440d89e35b8db35a30d241f9f497044ef308120883e5a5b,,,,,,,,,,,,,,,,,,,,,,,,,,,,,,,,,,,,,,,,,,,,,,,,,,reliability_bin,10,679,38,0.140736539753,0.111061637023,0.276860436444,0.0847718858502,0.0998823183289
later,2018-04,,,random_forest,DPS,,full,raw,,,,,869753cdcea0daff32c489d21fa3b9dba5ff88f24173aaaa7d554415b67e09b2,,,,0.0382352941176,,,,,,,,,,,,12138ebc6d34b03c6440d89e35b8db35a30d241f9f497044ef308120883e5a5b,,,,,,,,,,,,,,,,,,,,,,,,,,,,,,,,,,,,,,,,,,,,,,,,,,reliability_bin,1,680,26,0.0237895151135,0.00300590454772,0.0311486103569,0.0144457790042,0.100029420418
later,2018-04,,,random_forest,DPS,,full,raw,,,,,869753cdcea0daff32c489d21fa3b9dba5ff88f24173aaaa7d554415b67e09b2,,,,0.0411764705882,,,,,,,,,,,,12138ebc6d34b03c6440d89e35b8db35a30d241f9f497044ef308120883e5a5b,,,,,,,,,,,,,,,,,,,,,,,,,,,,,,,,,,,,,,,,,,,,,,,,,,reliability_bin,2,680,28,0.036181250094,0.0311516749485,0.0404755179236,0.00499522049419,0.100029420418
later,2018-04,,,random_forest,DPS,,full,raw,,,,,869753cdcea0daff32c489d21fa3b9dba5ff88f24173aaaa7d554415b67e09b2,,,,0.0544117647059,,,,,,,,,,,,12138ebc6d34b03c6440d89e35b8db35a30d241f9f497044ef308120883e5a5b,,,,,,,,,,,,,,,,,,,,,,,,,,,,,,,,,,,,,,,,,,,,,,,,,,reliability_bin,3,680,37,0.0442065622993,0.040487581933,0.047902323663,0.0102052024066,0.100029420418
later,2018-04,,,random_forest,DPS,,full,raw,,,,,869753cdcea0daff32c489d21fa3b9dba5ff88f24173aaaa7d554415b67e09b2,,,,0.0338235294118,,,,,,,,,,,,12138ebc6d34b03c6440d89e35b8db35a30d241f9f497044ef308120883e5a5b,,,,,,,,,,,,,,,,,,,,,,,,,,,,,,,,,,,,,,,,,,,,,,,,,,reliability_bin,4,680,23,0.0512296044216,0.0479036593188,0.0545507134093,0.0174060750098,0.100029420418
later,2018-04,,,random_forest,DPS,,full,raw,,,,,869753cdcea0daff32c489d21fa3b9dba5ff88f24173aaaa7d554415b67e09b2,,,,0.039764359352,,,,,,,,,,,,12138ebc6d34b03c6440d89e35b8db35a30d241f9f497044ef308120883e5a5b,,,,,,,,,,,,,,,,,,,,,,,,,,,,,,,,,,,,,,,,,,,,,,,,,,reliability_bin,5,679,27,0.0582606544738,0.0545579101731,0.0619614380437,0.0184962951219,0.0998823183289
later,2018-04,,,random_forest,DPS,,full,raw,,,,,869753cdcea0daff32c489d21fa3b9dba5ff88f24173aaaa7d554415b67e09b2,,,,0.0441176470588,,,,,,,,,,,,12138ebc6d34b03c6440d89e35b8db35a30d241f9f497044ef308120883e5a5b,,,,,,,,,,,,,,,,,,,,,,,,,,,,,,,,,,,,,,,,,,,,,,,,,,reliability_bin,6,680,30,0.0658008637938,0.061982846881,0.0699691858449,0.021683216735,0.100029420418
later,2018-04,,,random_forest,DPS,,full,raw,,,,,869753cdcea0daff32c489d21fa3b9dba5ff88f24173aaaa7d554415b67e09b2,,,,0.0455882352941,,,,,,,,,,,,12138ebc6d34b03c6440d89e35b8db35a30d241f9f497044ef308120883e5a5b,,,,,,,,,,,,,,,,,,,,,,,,,,,,,,,,,,,,,,,,,,,,,,,,,,reliability_bin,7,680,31,0.0746985358689,0.0699854571147,0.0799436951383,0.0291103005748,0.100029420418
later,2018-04,,,random_forest,DPS,,full,raw,,,,,869753cdcea0daff32c489d21fa3b9dba5ff88f24173aaaa7d554415b67e09b2,,,,0.0558823529412,,,,,,,,,,,,12138ebc6d34b03c6440d89e35b8db35a30d241f9f497044ef308120883e5a5b,,,,,,,,,,,,,,,,,,,,,,,,,,,,,,,,,,,,,,,,,,,,,,,,,,reliability_bin,8,680,38,0.086123870637,0.0799957907499,0.0927746257687,0.0302415176958,0.100029420418
later,2018-04,,,random_forest,DPS,,full,raw,,,,,869753cdcea0daff32c489d21fa3b9dba5ff88f24173aaaa7d554415b67e09b2,,,,0.0411764705882,,,,,,,,,,,,12138ebc6d34b03c6440d89e35b8db35a30d241f9f497044ef308120883e5a5b,,,,,,,,,,,,,,,,,,,,,,,,,,,,,,,,,,,,,,,,,,,,,,,,,,reliability_bin,9,680,28,0.101339969638,0.0928135035604,0.11105018354,0.0601634990494,0.100029420418
later,2018-04,,,random_forest,DPS,,full,raw,,,,,869753cdcea0daff32c489d21fa3b9dba5ff88f24173aaaa7d554415b67e09b2,,,,0.0559646539028,,,,,,,,,,,,12138ebc6d34b03c6440d89e35b8db35a30d241f9f497044ef308120883e5a5b,,,,,,,,,,,,,,,,,,,,,,,,,,,,,,,,,,,,,,,,,,,,,,,,,,reliability_bin,10,679,38,0.140736539753,0.111061637023,0.276860436444,0.0847718858502,0.0998823183289
later,2018-04,2018-04,,xgboost,DP0,,full,calibrated,calibrated,,,,0ea7f21c9b86473b175c6cf990fa854199a67278d92779725fe4654933f120c6,,,,0.0455882352941,,,,,,,,,,,,12138ebc6d34b03c6440d89e35b8db35a30d241f9f497044ef308120883e5a5b,xgboost,DP0,,,,,,,,,,,,,,,,,,,,,,,,,,,,,,,,,,,,,,,,,,,,,,,,reliability_bin,1,680,31,0.0593893432771,0.0573827363551,0.0597250498831,0.0138011079829,0.100029420418
later,2018-04,2018-04,,xgboost,DP0,,full,calibrated,calibrated,,,,0ea7f21c9b86473b175c6cf990fa854199a67278d92779725fe4654933f120c6,,,,0.0235294117647,,,,,,,,,,,,12138ebc6d34b03c6440d89e35b8db35a30d241f9f497044ef308120883e5a5b,xgboost,DP0,,,,,,,,,,,,,,,,,,,,,,,,,,,,,,,,,,,,,,,,,,,,,,,,reliability_bin,2,680,16,0.0597250498831,0.0597250498831,0.0597250498831,0.0361956381184,0.100029420418
later,2018-04,2018-04,,xgboost,DP0,,full,calibrated,calibrated,,,,0ea7f21c9b86473b175c6cf990fa854199a67278d92779725fe4654933f120c6,,,,0.0544117647059,,,,,,,,,,,,12138ebc6d34b03c6440d89e35b8db35a30d241f9f497044ef308120883e5a5b,xgboost,DP0,,,,,,,,,,,,,,,,,,,,,,,,,,,,,,,,,,,,,,,,,,,,,,,,reliability_bin,3,680,37,0.0609552337733,0.0597250498831,0.0620747879148,0.00654346906744,0.100029420418
later,2018-04,2018-04,,xgboost,DP0,,full,calibrated,calibrated,,,,0ea7f21c9b86473b175c6cf990fa854199a67278d92779725fe4654933f120c6,,,,0.0367647058824,,,,,,,,,,,,12138ebc6d34b03c6440d89e35b8db35a30d241f9f497044ef308120883e5a5b,xgboost,DP0,,,,,,,,,,,,,,,,,,,,,,,,,,,,,,,,,,,,,,,,,,,,,,,,reliability_bin,4,680,25,0.0620986155289,0.0620747879148,0.0622589103878,0.0253339096466,0.100029420418
later,2018-04,2018-04,,xgboost,DP0,,full,calibrated,calibrated,,,,0ea7f21c9b86473b175c6cf990fa854199a67278d92779725fe4654933f120c6,,,,0.0559646539028,,,,,,,,,,,,12138ebc6d34b03c6440d89e35b8db35a30d241f9f497044ef308120883e5a5b,xgboost,DP0,,,,,,,,,,,,,,,,,,,,,,,,,,,,,,,,,,,,,,,,,,,,,,,,reliability_bin,5,679,38,0.062461848918,0.0622589103878,0.062626414001,0.0064971950152,0.0998823183289
later,2018-04,2018-04,,xgboost,DP0,,full,calibrated,calibrated,,,,0ea7f21c9b86473b175c6cf990fa854199a67278d92779725fe4654933f120c6,,,,0.0397058823529,,,,,,,,,,,,12138ebc6d34b03c6440d89e35b8db35a30d241f9f497044ef308120883e5a5b,xgboost,DP0,,,,,,,,,,,,,,,,,,,,,,,,,,,,,,,,,,,,,,,,,,,,,,,,reliability_bin,6,680,27,0.062626414001,0.062626414001,0.062626414001,0.022920531648,0.100029420418
later,2018-04,2018-04,,xgboost,DP0,,full,calibrated,calibrated,,,,0ea7f21c9b86473b175c6cf990fa854199a67278d92779725fe4654933f120c6,,,,0.0485294117647,,,,,,,,,,,,12138ebc6d34b03c6440d89e35b8db35a30d241f9f497044ef308120883e5a5b,xgboost,DP0,,,,,,,,,,,,,,,,,,,,,,,,,,,,,,,,,,,,,,,,,,,,,,,,reliability_bin,7,680,33,0.062626414001,0.062626414001,0.062626414001,0.0140970022363,0.100029420418
later,2018-04,2018-04,,xgboost,DP0,,full,calibrated,calibrated,,,,0ea7f21c9b86473b175c6cf990fa854199a67278d92779725fe4654933f120c6,,,,0.0485294117647,,,,,,,,,,,,12138ebc6d34b03c6440d89e35b8db35a30d241f9f497044ef308120883e5a5b,xgboost,DP0,,,,,,,,,,,,,,,,,,,,,,,,,,,,,,,,,,,,,,,,,,,,,,,,reliability_bin,8,680,33,0.062626414001,0.062626414001,0.062626414001,0.0140970022363,0.100029420418
later,2018-04,2018-04,,xgboost,DP0,,full,calibrated,calibrated,,,,0ea7f21c9b86473b175c6cf990fa854199a67278d92779725fe4654933f120c6,,,,0.0544117647059,,,,,,,,,,,,12138ebc6d34b03c6440d89e35b8db35a30d241f9f497044ef308120883e5a5b,xgboost,DP0,,,,,,,,,,,,,,,,,,,,,,,,,,,,,,,,,,,,,,,,,,,,,,,,reliability_bin,9,680,37,0.062626414001,0.062626414001,0.062626414001,0.00821464929511,0.100029420418
later,2018-04,2018-04,,xgboost,DP0,,full,calibrated,calibrated,,,,0ea7f21c9b86473b175c6cf990fa854199a67278d92779725fe4654933f120c6,,,,0.0427098674521,,,,,,,,,,,,12138ebc6d34b03c6440d89e35b8db35a30d241f9f497044ef308120883e5a5b,xgboost,DP0,,,,,,,,,,,,,,,,,,,,,,,,,,,,,,,,,,,,,,,,,,,,,,,,reliability_bin,10,679,29,0.0630698450711,0.062626414001,0.0669900327921,0.0203599776189,0.0998823183289
later,2018-04,2018-04,,xgboost,DP0,,full,raw,raw,,,,0ea7f21c9b86473b175c6cf990fa854199a67278d92779725fe4654933f120c6,,,,0.0455882352941,,,,,,,,,,,,12138ebc6d34b03c6440d89e35b8db35a30d241f9f497044ef308120883e5a5b,xgboost,DP0,,,,,,,,,,,,,,,,,,,,,,,,,,,,,,,,,,,,,,,,,,,,,,,,reliability_bin,1,680,31,0.0593893432771,0.0573827363551,0.0597250498831,0.0138011079829,0.100029420418
later,2018-04,2018-04,,xgboost,DP0,,full,raw,raw,,,,0ea7f21c9b86473b175c6cf990fa854199a67278d92779725fe4654933f120c6,,,,0.0235294117647,,,,,,,,,,,,12138ebc6d34b03c6440d89e35b8db35a30d241f9f497044ef308120883e5a5b,xgboost,DP0,,,,,,,,,,,,,,,,,,,,,,,,,,,,,,,,,,,,,,,,,,,,,,,,reliability_bin,2,680,16,0.0597250498831,0.0597250498831,0.0597250498831,0.0361956381184,0.100029420418
later,2018-04,2018-04,,xgboost,DP0,,full,raw,raw,,,,0ea7f21c9b86473b175c6cf990fa854199a67278d92779725fe4654933f120c6,,,,0.0544117647059,,,,,,,,,,,,12138ebc6d34b03c6440d89e35b8db35a30d241f9f497044ef308120883e5a5b,xgboost,DP0,,,,,,,,,,,,,,,,,,,,,,,,,,,,,,,,,,,,,,,,,,,,,,,,reliability_bin,3,680,37,0.0609552337733,0.0597250498831,0.0620747879148,0.00654346906744,0.100029420418
later,2018-04,2018-04,,xgboost,DP0,,full,raw,raw,,,,0ea7f21c9b86473b175c6cf990fa854199a67278d92779725fe4654933f120c6,,,,0.0367647058824,,,,,,,,,,,,12138ebc6d34b03c6440d89e35b8db35a30d241f9f497044ef308120883e5a5b,xgboost,DP0,,,,,,,,,,,,,,,,,,,,,,,,,,,,,,,,,,,,,,,,,,,,,,,,reliability_bin,4,680,25,0.0620986155289,0.0620747879148,0.0622589103878,0.0253339096466,0.100029420418
later,2018-04,2018-04,,xgboost,DP0,,full,raw,raw,,,,0ea7f21c9b86473b175c6cf990fa854199a67278d92779725fe4654933f120c6,,,,0.0559646539028,,,,,,,,,,,,12138ebc6d34b03c6440d89e35b8db35a30d241f9f497044ef308120883e5a5b,xgboost,DP0,,,,,,,,,,,,,,,,,,,,,,,,,,,,,,,,,,,,,,,,,,,,,,,,reliability_bin,5,679,38,0.062461848918,0.0622589103878,0.062626414001,0.0064971950152,0.0998823183289
later,2018-04,2018-04,,xgboost,DP0,,full,raw,raw,,,,0ea7f21c9b86473b175c6cf990fa854199a67278d92779725fe4654933f120c6,,,,0.0397058823529,,,,,,,,,,,,12138ebc6d34b03c6440d89e35b8db35a30d241f9f497044ef308120883e5a5b,xgboost,DP0,,,,,,,,,,,,,,,,,,,,,,,,,,,,,,,,,,,,,,,,,,,,,,,,reliability_bin,6,680,27,0.062626414001,0.062626414001,0.062626414001,0.022920531648,0.100029420418
later,2018-04,2018-04,,xgboost,DP0,,full,raw,raw,,,,0ea7f21c9b86473b175c6cf990fa854199a67278d92779725fe4654933f120c6,,,,0.0485294117647,,,,,,,,,,,,12138ebc6d34b03c6440d89e35b8db35a30d241f9f497044ef308120883e5a5b,xgboost,DP0,,,,,,,,,,,,,,,,,,,,,,,,,,,,,,,,,,,,,,,,,,,,,,,,reliability_bin,7,680,33,0.062626414001,0.062626414001,0.062626414001,0.0140970022363,0.100029420418
later,2018-04,2018-04,,xgboost,DP0,,full,raw,raw,,,,0ea7f21c9b86473b175c6cf990fa854199a67278d92779725fe4654933f120c6,,,,0.0485294117647,,,,,,,,,,,,12138ebc6d34b03c6440d89e35b8db35a30d241f9f497044ef308120883e5a5b,xgboost,DP0,,,,,,,,,,,,,,,,,,,,,,,,,,,,,,,,,,,,,,,,,,,,,,,,reliability_bin,8,680,33,0.062626414001,0.062626414001,0.062626414001,0.0140970022363,0.100029420418
later,2018-04,2018-04,,xgboost,DP0,,full,raw,raw,,,,0ea7f21c9b86473b175c6cf990fa854199a67278d92779725fe4654933f120c6,,,,0.0544117647059,,,,,,,,,,,,12138ebc6d34b03c6440d89e35b8db35a30d241f9f497044ef308120883e5a5b,xgboost,DP0,,,,,,,,,,,,,,,,,,,,,,,,,,,,,,,,,,,,,,,,,,,,,,,,reliability_bin,9,680,37,0.062626414001,0.062626414001,0.062626414001,0.00821464929511,0.100029420418
later,2018-04,2018-04,,xgboost,DP0,,full,raw,raw,,,,0ea7f21c9b86473b175c6cf990fa854199a67278d92779725fe4654933f120c6,,,,0.0427098674521,,,,,,,,,,,,12138ebc6d34b03c6440d89e35b8db35a30d241f9f497044ef308120883e5a5b,xgboost,DP0,,,,,,,,,,,,,,,,,,,,,,,,,,,,,,,,,,,,,,,,,,,,,,,,reliability_bin,10,679,29,0.0630698450711,0.062626414001,0.0669900327921,0.0203599776189,0.0998823183289
later,2018-04,2018-04,,xgboost,DPB,,full,calibrated,calibrated,,,,8fad62287ec9158c2d5ae5fa3537ddc9bef5344b754166a5a722777f73528650,,,,0.0176470588235,,,,,,,,,,,,12138ebc6d34b03c6440d89e35b8db35a30d241f9f497044ef308120883e5a5b,xgboost,DPB,,,,,,,,,,,,,,,,,,,,,,,,,,,,,,,,,,,,,,,,,,,,,,,,reliability_bin,1,680,12,0.0593581716968,0.0582113899291,0.0620452277362,0.0417111128733,0.100029420418
later,2018-04,2018-04,,xgboost,DPB,,full,calibrated,calibrated,,,,8fad62287ec9158c2d5ae5fa3537ddc9bef5344b754166a5a722777f73528650,,,,0.0176470588235,,,,,,,,,,,,12138ebc6d34b03c6440d89e35b8db35a30d241f9f497044ef308120883e5a5b,xgboost,DPB,,,,,,,,,,,,,,,,,,,,,,,,,,,,,,,,,,,,,,,,,,,,,,,,reliability_bin,2,680,12,0.0627116189612,0.0620452277362,0.0631519928575,0.0450645601377,0.100029420418
later,2018-04,2018-04,,xgboost,DPB,,full,calibrated,calibrated,,,,8fad62287ec9158c2d5ae5fa3537ddc9bef5344b754166a5a722777f73528650,,,,0.0264705882353,,,,,,,,,,,,12138ebc6d34b03c6440d89e35b8db35a30d241f9f497044ef308120883e5a5b,xgboost,DPB,,,,,,,,,,,,,,,,,,,,,,,,,,,,,,,,,,,,,,,,,,,,,,,,reliability_bin,3,680,18,0.0637325593654,0.0631519928575,0.0641187205911,0.0372619711301,0.100029420418
later,2018-04,2018-04,,xgboost,DPB,,full,calibrated,calibrated,,,,8fad62287ec9158c2d5ae5fa3537ddc9bef5344b754166a5a722777f73528650,,,,0.00735294117647,,,,,,,,,,,,12138ebc6d34b03c6440d89e35b8db35a30d241f9f497044ef308120883e5a5b,xgboost,DPB,,,,,,,,,,,,,,,,,,,,,,,,,,,,,,,,,,,,,,,,,,,,,,,,reliability_bin,4,680,5,0.064121026239,0.0641187205911,0.064121581614,0.0567680850625,0.100029420418
later,2018-04,2018-04,,xgboost,DPB,,full,calibrated,calibrated,,,,8fad62287ec9158c2d5ae5fa3537ddc9bef5344b754166a5a722777f73528650,,,,0.019145802651,,,,,,,,,,,,12138ebc6d34b03c6440d89e35b8db35a30d241f9f497044ef308120883e5a5b,xgboost,DPB,,,,,,,,,,,,,,,,,,,,,,,,,,,,,,,,,,,,,,,,,,,,,,,,reliability_bin,5,679,13,0.0641324543374,0.064121581614,0.0643950104713,0.0449866516864,0.0998823183289
later,2018-04,2018-04,,xgboost,DPB,,full,calibrated,calibrated,,,,8fad62287ec9158c2d5ae5fa3537ddc9bef5344b754166a5a722777f73528650,,,,0.05,,,,,,,,,,,,12138ebc6d34b03c6440d89e35b8db35a30d241f9f497044ef308120883e5a5b,xgboost,DPB,,,,,,,,,,,,,,,,,,,,,,,,,,,,,,,,,,,,,,,,,,,,,,,,reliability_bin,6,680,34,0.0644257296534,0.0643950104713,0.0645564496517,0.0144257296534,0.100029420418
later,2018-04,2018-04,,xgboost,DPB,,full,calibrated,calibrated,,,,8fad62287ec9158c2d5ae5fa3537ddc9bef5344b754166a5a722777f73528650,,,,0.0455882352941,,,,,,,,,,,,12138ebc6d34b03c6440d89e35b8db35a30d241f9f497044ef308120883e5a5b,xgboost,DPB,,,,,,,,,,,,,,,,,,,,,,,,,,,,,,,,,,,,,,,,,,,,,,,,reliability_bin,7,680,31,0.0653908692081,0.0646213293076,0.0657273456454,0.019802633914,0.100029420418
later,2018-04,2018-04,,xgboost,DPB,,full,calibrated,calibrated,,,,8fad62287ec9158c2d5ae5fa3537ddc9bef5344b754166a5a722777f73528650,,,,0.0867647058824,,,,,,,,,,,,12138ebc6d34b03c6440d89e35b8db35a30d241f9f497044ef308120883e5a5b,xgboost,DPB,,,,,,,,,,,,,,,,,,,,,,,,,,,,,,,,,,,,,,,,,,,,,,,,reliability_bin,8,680,59,0.0657273456454,0.0657273456454,0.0657273456454,0.0210373602369,0.100029420418
later,2018-04,2018-04,,xgboost,DPB,,full,calibrated,calibrated,,,,8fad62287ec9158c2d5ae5fa3537ddc9bef5344b754166a5a722777f73528650,,,,0.114705882353,,,,,,,,,,,,12138ebc6d34b03c6440d89e35b8db35a30d241f9f497044ef308120883e5a5b,xgboost,DPB,,,,,,,,,,,,,,,,,,,,,,,,,,,,,,,,,,,,,,,,,,,,,,,,reliability_bin,9,680,78,0.0657273456454,0.0657273456454,0.0657273456454,0.0489785367075,0.100029420418
later,2018-04,2018-04,,xgboost,DPB,,full,calibrated,calibrated,,,,8fad62287ec9158c2d5ae5fa3537ddc9bef5344b754166a5a722777f73528650,,,,0.0648011782032,,,,,,,,,,,,12138ebc6d34b03c6440d89e35b8db35a30d241f9f497044ef308120883e5a5b,xgboost,DPB,,,,,,,,,,,,,,,,,,,,,,,,,,,,,,,,,,,,,,,,,,,,,,,,reliability_bin,10,679,44,0.0685239158165,0.0657273456454,0.0742938965559,0.00372273761324,0.0998823183289
later,2018-04,2018-04,,xgboost,DPB,,full,raw,raw,,,,8fad62287ec9158c2d5ae5fa3537ddc9bef5344b754166a5a722777f73528650,,,,0.0176470588235,,,,,,,,,,,,12138ebc6d34b03c6440d89e35b8db35a30d241f9f497044ef308120883e5a5b,xgboost,DPB,,,,,,,,,,,,,,,,,,,,,,,,,,,,,,,,,,,,,,,,,,,,,,,,reliability_bin,1,680,12,0.0593581716968,0.0582113899291,0.0620452277362,0.0417111128733,0.100029420418
later,2018-04,2018-04,,xgboost,DPB,,full,raw,raw,,,,8fad62287ec9158c2d5ae5fa3537ddc9bef5344b754166a5a722777f73528650,,,,0.0176470588235,,,,,,,,,,,,12138ebc6d34b03c6440d89e35b8db35a30d241f9f497044ef308120883e5a5b,xgboost,DPB,,,,,,,,,,,,,,,,,,,,,,,,,,,,,,,,,,,,,,,,,,,,,,,,reliability_bin,2,680,12,0.0627116189612,0.0620452277362,0.0631519928575,0.0450645601377,0.100029420418
later,2018-04,2018-04,,xgboost,DPB,,full,raw,raw,,,,8fad62287ec9158c2d5ae5fa3537ddc9bef5344b754166a5a722777f73528650,,,,0.0264705882353,,,,,,,,,,,,12138ebc6d34b03c6440d89e35b8db35a30d241f9f497044ef308120883e5a5b,xgboost,DPB,,,,,,,,,,,,,,,,,,,,,,,,,,,,,,,,,,,,,,,,,,,,,,,,reliability_bin,3,680,18,0.0637325593654,0.0631519928575,0.0641187205911,0.0372619711301,0.100029420418
later,2018-04,2018-04,,xgboost,DPB,,full,raw,raw,,,,8fad62287ec9158c2d5ae5fa3537ddc9bef5344b754166a5a722777f73528650,,,,0.00735294117647,,,,,,,,,,,,12138ebc6d34b03c6440d89e35b8db35a30d241f9f497044ef308120883e5a5b,xgboost,DPB,,,,,,,,,,,,,,,,,,,,,,,,,,,,,,,,,,,,,,,,,,,,,,,,reliability_bin,4,680,5,0.064121026239,0.0641187205911,0.064121581614,0.0567680850625,0.100029420418
later,2018-04,2018-04,,xgboost,DPB,,full,raw,raw,,,,8fad62287ec9158c2d5ae5fa3537ddc9bef5344b754166a5a722777f73528650,,,,0.019145802651,,,,,,,,,,,,12138ebc6d34b03c6440d89e35b8db35a30d241f9f497044ef308120883e5a5b,xgboost,DPB,,,,,,,,,,,,,,,,,,,,,,,,,,,,,,,,,,,,,,,,,,,,,,,,reliability_bin,5,679,13,0.0641324543374,0.064121581614,0.0643950104713,0.0449866516864,0.0998823183289
later,2018-04,2018-04,,xgboost,DPB,,full,raw,raw,,,,8fad62287ec9158c2d5ae5fa3537ddc9bef5344b754166a5a722777f73528650,,,,0.05,,,,,,,,,,,,12138ebc6d34b03c6440d89e35b8db35a30d241f9f497044ef308120883e5a5b,xgboost,DPB,,,,,,,,,,,,,,,,,,,,,,,,,,,,,,,,,,,,,,,,,,,,,,,,reliability_bin,6,680,34,0.0644257296534,0.0643950104713,0.0645564496517,0.0144257296534,0.100029420418
later,2018-04,2018-04,,xgboost,DPB,,full,raw,raw,,,,8fad62287ec9158c2d5ae5fa3537ddc9bef5344b754166a5a722777f73528650,,,,0.0455882352941,,,,,,,,,,,,12138ebc6d34b03c6440d89e35b8db35a30d241f9f497044ef308120883e5a5b,xgboost,DPB,,,,,,,,,,,,,,,,,,,,,,,,,,,,,,,,,,,,,,,,,,,,,,,,reliability_bin,7,680,31,0.0653908692081,0.0646213293076,0.0657273456454,0.019802633914,0.100029420418
later,2018-04,2018-04,,xgboost,DPB,,full,raw,raw,,,,8fad62287ec9158c2d5ae5fa3537ddc9bef5344b754166a5a722777f73528650,,,,0.0867647058824,,,,,,,,,,,,12138ebc6d34b03c6440d89e35b8db35a30d241f9f497044ef308120883e5a5b,xgboost,DPB,,,,,,,,,,,,,,,,,,,,,,,,,,,,,,,,,,,,,,,,,,,,,,,,reliability_bin,8,680,59,0.0657273456454,0.0657273456454,0.0657273456454,0.0210373602369,0.100029420418
later,2018-04,2018-04,,xgboost,DPB,,full,raw,raw,,,,8fad62287ec9158c2d5ae5fa3537ddc9bef5344b754166a5a722777f73528650,,,,0.114705882353,,,,,,,,,,,,12138ebc6d34b03c6440d89e35b8db35a30d241f9f497044ef308120883e5a5b,xgboost,DPB,,,,,,,,,,,,,,,,,,,,,,,,,,,,,,,,,,,,,,,,,,,,,,,,reliability_bin,9,680,78,0.0657273456454,0.0657273456454,0.0657273456454,0.0489785367075,0.100029420418
later,2018-04,2018-04,,xgboost,DPB,,full,raw,raw,,,,8fad62287ec9158c2d5ae5fa3537ddc9bef5344b754166a5a722777f73528650,,,,0.0648011782032,,,,,,,,,,,,12138ebc6d34b03c6440d89e35b8db35a30d241f9f497044ef308120883e5a5b,xgboost,DPB,,,,,,,,,,,,,,,,,,,,,,,,,,,,,,,,,,,,,,,,,,,,,,,,reliability_bin,10,679,44,0.0685239158165,0.0657273456454,0.0742938965559,0.00372273761324,0.0998823183289
later,2018-04,2018-04,,xgboost,DPG,,full,calibrated,calibrated,,,,a8d61fd2fd094af0b68857646ff04fffd5a2e516bd30caf27918f82df51e43f8,,,,0.0191176470588,,,,,,,,,,,,12138ebc6d34b03c6440d89e35b8db35a30d241f9f497044ef308120883e5a5b,xgboost,DPG,,,,,,,,,,,,,,,,,,,,,,,,,,,,,,,,,,,,,,,,,,,,,,,,reliability_bin,1,680,13,0.059918759955,0.0589463710785,0.0608294419944,0.0408011128962,0.100029420418
later,2018-04,2018-04,,xgboost,DPG,,full,calibrated,calibrated,,,,a8d61fd2fd094af0b68857646ff04fffd5a2e516bd30caf27918f82df51e43f8,,,,0.0235294117647,,,,,,,,,,,,12138ebc6d34b03c6440d89e35b8db35a30d241f9f497044ef308120883e5a5b,xgboost,DPG,,,,,,,,,,,,,,,,,,,,,,,,,,,,,,,,,,,,,,,,,,,,,,,,reliability_bin,2,680,16,0.0609429923051,0.0608294419944,0.0616970174015,0.0374135805403,0.100029420418
later,2018-04,2018-04,,xgboost,DPG,,full,calibrated,calibrated,,,,a8d61fd2fd094af0b68857646ff04fffd5a2e516bd30caf27918f82df51e43f8,,,,0.0352941176471,,,,,,,,,,,,12138ebc6d34b03c6440d89e35b8db35a30d241f9f497044ef308120883e5a5b,xgboost,DPG,,,,,,,,,,,,,,,,,,,,,,,,,,,,,,,,,,,,,,,,,,,,,,,,reliability_bin,3,680,24,0.0624423347249,0.0616970174015,0.0626052170992,0.0271482170779,0.100029420418
later,2018-04,2018-04,,xgboost,DPG,,full,calibrated,calibrated,,,,a8d61fd2fd094af0b68857646ff04fffd5a2e516bd30caf27918f82df51e43f8,,,,0.0220588235294,,,,,,,,,,,,12138ebc6d34b03c6440d89e35b8db35a30d241f9f497044ef308120883e5a5b,xgboost,DPG,,,,,,,,,,,,,,,,,,,,,,,,,,,,,,,,,,,,,,,,,,,,,,,,reliability_bin,4,680,15,0.0635028680677,0.0626052170992,0.0640386193991,0.0414440445383,0.100029420418
later,2018-04,2018-04,,xgboost,DPG,,full,calibrated,calibrated,,,,a8d61fd2fd094af0b68857646ff04fffd5a2e516bd30caf27918f82df51e43f8,,,,0.0854197349043,,,,,,,,,,,,12138ebc6d34b03c6440d89e35b8db35a30d241f9f497044ef308120883e5a5b,xgboost,DPG,,,,,,,,,,,,,,,,,,,,,,,,,,,,,,,,,,,,,,,,,,,,,,,,reliability_bin,5,679,58,0.0654649434608,0.0640386193991,0.0656453743577,0.0199547914434,0.0998823183289
later,2018-04,2018-04,,xgboost,DPG,,full,calibrated,calibrated,,,,a8d61fd2fd094af0b68857646ff04fffd5a2e516bd30caf27918f82df51e43f8,,,,0.0867647058824,,,,,,,,,,,,12138ebc6d34b03c6440d89e35b8db35a30d241f9f497044ef308120883e5a5b,xgboost,DPG,,,,,,,,,,,,,,,,,,,,,,,,,,,,,,,,,,,,,,,,,,,,,,,,reliability_bin,6,680,59,0.0656453743577,0.0656453743577,0.0656453743577,0.0211193315247,0.100029420418
later,2018-04,2018-04,,xgboost,DPG,,full,calibrated,calibrated,,,,a8d61fd2fd094af0b68857646ff04fffd5a2e516bd30caf27918f82df51e43f8,,,,0.1,,,,,,,,,,,,12138ebc6d34b03c6440d89e35b8db35a30d241f9f497044ef308120883e5a5b,xgboost,DPG,,,,,,,,,,,,,,,,,,,,,,,,,,,,,,,,,,,,,,,,,,,,,,,,reliability_bin,7,680,68,0.0656453743577,0.0656453743577,0.0656453743577,0.0343546256423,0.100029420418
later,2018-04,2018-04,,xgboost,DPG,,full,calibrated,calibrated,,,,a8d61fd2fd094af0b68857646ff04fffd5a2e516bd30caf27918f82df51e43f8,,,,0.0367647058824,,,,,,,,,,,,12138ebc6d34b03c6440d89e35b8db35a30d241f9f497044ef308120883e5a5b,xgboost,DPG,,,,,,,,,,,,,,,,,,,,,,,,,,,,,,,,,,,,,,,,,,,,,,,,reliability_bin,8,680,25,0.0662001895116,0.0656453743577,0.0664396360517,0.0294354836292,0.100029420418
later,2018-04,2018-04,,xgboost,DPG,,full,calibrated,calibrated,,,,a8d61fd2fd094af0b68857646ff04fffd5a2e516bd30caf27918f82df51e43f8,,,,0.00882352941176,,,,,,,,,,,,12138ebc6d34b03c6440d89e35b8db35a30d241f9f497044ef308120883e5a5b,xgboost,DPG,,,,,,,,,,,,,,,,,,,,,,,,,,,,,,,,,,,,,,,,,,,,,,,,reliability_bin,9,680,6,0.0664396360517,0.0664396360517,0.0664396360517,0.0576161066399,0.100029420418
later,2018-04,2018-04,,xgboost,DPG,,full,calibrated,calibrated,,,,a8d61fd2fd094af0b68857646ff04fffd5a2e516bd30caf27918f82df51e43f8,,,,0.0324005891016,,,,,,,,,,,,12138ebc6d34b03c6440d89e35b8db35a30d241f9f497044ef308120883e5a5b,xgboost,DPG,,,,,,,,,,,,,,,,,,,,,,,,,,,,,,,,,,,,,,,,,,,,,,,,reliability_bin,10,679,22,0.0705134017017,0.0664396360517,0.077601864934,0.0381128126001,0.0998823183289
later,2018-04,2018-04,,xgboost,DPG,,full,raw,raw,,,,a8d61fd2fd094af0b68857646ff04fffd5a2e516bd30caf27918f82df51e43f8,,,,0.0191176470588,,,,,,,,,,,,12138ebc6d34b03c6440d89e35b8db35a30d241f9f497044ef308120883e5a5b,xgboost,DPG,,,,,,,,,,,,,,,,,,,,,,,,,,,,,,,,,,,,,,,,,,,,,,,,reliability_bin,1,680,13,0.059918759955,0.0589463710785,0.0608294419944,0.0408011128962,0.100029420418
later,2018-04,2018-04,,xgboost,DPG,,full,raw,raw,,,,a8d61fd2fd094af0b68857646ff04fffd5a2e516bd30caf27918f82df51e43f8,,,,0.0235294117647,,,,,,,,,,,,12138ebc6d34b03c6440d89e35b8db35a30d241f9f497044ef308120883e5a5b,xgboost,DPG,,,,,,,,,,,,,,,,,,,,,,,,,,,,,,,,,,,,,,,,,,,,,,,,reliability_bin,2,680,16,0.0609429923051,0.0608294419944,0.0616970174015,0.0374135805403,0.100029420418
later,2018-04,2018-04,,xgboost,DPG,,full,raw,raw,,,,a8d61fd2fd094af0b68857646ff04fffd5a2e516bd30caf27918f82df51e43f8,,,,0.0352941176471,,,,,,,,,,,,12138ebc6d34b03c6440d89e35b8db35a30d241f9f497044ef308120883e5a5b,xgboost,DPG,,,,,,,,,,,,,,,,,,,,,,,,,,,,,,,,,,,,,,,,,,,,,,,,reliability_bin,3,680,24,0.0624423347249,0.0616970174015,0.0626052170992,0.0271482170779,0.100029420418
later,2018-04,2018-04,,xgboost,DPG,,full,raw,raw,,,,a8d61fd2fd094af0b68857646ff04fffd5a2e516bd30caf27918f82df51e43f8,,,,0.0220588235294,,,,,,,,,,,,12138ebc6d34b03c6440d89e35b8db35a30d241f9f497044ef308120883e5a5b,xgboost,DPG,,,,,,,,,,,,,,,,,,,,,,,,,,,,,,,,,,,,,,,,,,,,,,,,reliability_bin,4,680,15,0.0635028680677,0.0626052170992,0.0640386193991,0.0414440445383,0.100029420418
later,2018-04,2018-04,,xgboost,DPG,,full,raw,raw,,,,a8d61fd2fd094af0b68857646ff04fffd5a2e516bd30caf27918f82df51e43f8,,,,0.0854197349043,,,,,,,,,,,,12138ebc6d34b03c6440d89e35b8db35a30d241f9f497044ef308120883e5a5b,xgboost,DPG,,,,,,,,,,,,,,,,,,,,,,,,,,,,,,,,,,,,,,,,,,,,,,,,reliability_bin,5,679,58,0.0654649434608,0.0640386193991,0.0656453743577,0.0199547914434,0.0998823183289
later,2018-04,2018-04,,xgboost,DPG,,full,raw,raw,,,,a8d61fd2fd094af0b68857646ff04fffd5a2e516bd30caf27918f82df51e43f8,,,,0.0867647058824,,,,,,,,,,,,12138ebc6d34b03c6440d89e35b8db35a30d241f9f497044ef308120883e5a5b,xgboost,DPG,,,,,,,,,,,,,,,,,,,,,,,,,,,,,,,,,,,,,,,,,,,,,,,,reliability_bin,6,680,59,0.0656453743577,0.0656453743577,0.0656453743577,0.0211193315247,0.100029420418
later,2018-04,2018-04,,xgboost,DPG,,full,raw,raw,,,,a8d61fd2fd094af0b68857646ff04fffd5a2e516bd30caf27918f82df51e43f8,,,,0.1,,,,,,,,,,,,12138ebc6d34b03c6440d89e35b8db35a30d241f9f497044ef308120883e5a5b,xgboost,DPG,,,,,,,,,,,,,,,,,,,,,,,,,,,,,,,,,,,,,,,,,,,,,,,,reliability_bin,7,680,68,0.0656453743577,0.0656453743577,0.0656453743577,0.0343546256423,0.100029420418
later,2018-04,2018-04,,xgboost,DPG,,full,raw,raw,,,,a8d61fd2fd094af0b68857646ff04fffd5a2e516bd30caf27918f82df51e43f8,,,,0.0367647058824,,,,,,,,,,,,12138ebc6d34b03c6440d89e35b8db35a30d241f9f497044ef308120883e5a5b,xgboost,DPG,,,,,,,,,,,,,,,,,,,,,,,,,,,,,,,,,,,,,,,,,,,,,,,,reliability_bin,8,680,25,0.0662001895116,0.0656453743577,0.0664396360517,0.0294354836292,0.100029420418
later,2018-04,2018-04,,xgboost,DPG,,full,raw,raw,,,,a8d61fd2fd094af0b68857646ff04fffd5a2e516bd30caf27918f82df51e43f8,,,,0.00882352941176,,,,,,,,,,,,12138ebc6d34b03c6440d89e35b8db35a30d241f9f497044ef308120883e5a5b,xgboost,DPG,,,,,,,,,,,,,,,,,,,,,,,,,,,,,,,,,,,,,,,,,,,,,,,,reliability_bin,9,680,6,0.0664396360517,0.0664396360517,0.0664396360517,0.0576161066399,0.100029420418
later,2018-04,2018-04,,xgboost,DPG,,full,raw,raw,,,,a8d61fd2fd094af0b68857646ff04fffd5a2e516bd30caf27918f82df51e43f8,,,,0.0324005891016,,,,,,,,,,,,12138ebc6d34b03c6440d89e35b8db35a30d241f9f497044ef308120883e5a5b,xgboost,DPG,,,,,,,,,,,,,,,,,,,,,,,,,,,,,,,,,,,,,,,,,,,,,,,,reliability_bin,10,679,22,0.0705134017017,0.0664396360517,0.077601864934,0.0381128126001,0.0998823183289
later,2018-04,2018-04,,xgboost,DPS,,full,calibrated,calibrated,,,,5611e165b59db55392d941bdb80a2acdec17ba1cd04e5d01544de31bebee6387,,,,0.0235294117647,,,,,,,,,,,,12138ebc6d34b03c6440d89e35b8db35a30d241f9f497044ef308120883e5a5b,xgboost,DPS,,,,,,,,,,,,,,,,,,,,,,,,,,,,,,,,,,,,,,,,,,,,,,,,reliability_bin,1,680,16,0.059558125295,0.058915913105,0.0601502396166,0.0360287135303,0.100029420418
later,2018-04,2018-04,,xgboost,DPS,,full,calibrated,calibrated,,,,5611e165b59db55392d941bdb80a2acdec17ba1cd04e5d01544de31bebee6387,,,,0.0441176470588,,,,,,,,,,,,12138ebc6d34b03c6440d89e35b8db35a30d241f9f497044ef308120883e5a5b,xgboost,DPS,,,,,,,,,,,,,,,,,,,,,,,,,,,,,,,,,,,,,,,,,,,,,,,,reliability_bin,2,680,30,0.0602148773368,0.0601502396166,0.0602209046483,0.016097230278,0.100029420418
later,2018-04,2018-04,,xgboost,DPS,,full,calibrated,calibrated,,,,5611e165b59db55392d941bdb80a2acdec17ba1cd04e5d01544de31bebee6387,,,,0.0397058823529,,,,,,,,,,,,12138ebc6d34b03c6440d89e35b8db35a30d241f9f497044ef308120883e5a5b,xgboost,DPS,,,,,,,,,,,,,,,,,,,,,,,,,,,,,,,,,,,,,,,,,,,,,,,,reliability_bin,3,680,27,0.060566502952,0.0602209046483,0.0611170381308,0.020860620599,0.100029420418
later,2018-04,2018-04,,xgboost,DPS,,full,calibrated,calibrated,,,,5611e165b59db55392d941bdb80a2acdec17ba1cd04e5d01544de31bebee6387,,,,0.0367647058824,,,,,,,,,,,,12138ebc6d34b03c6440d89e35b8db35a30d241f9f497044ef308120883e5a5b,xgboost,DPS,,,,,,,,,,,,,,,,,,,,,,,,,,,,,,,,,,,,,,,,,,,,,,,,reliability_bin,4,680,25,0.0613247683162,0.0611170381308,0.0613867901266,0.0245600624339,0.100029420418
later,2018-04,2018-04,,xgboost,DPS,,full,calibrated,calibrated,,,,5611e165b59db55392d941bdb80a2acdec17ba1cd04e5d01544de31bebee6387,,,,0.0515463917526,,,,,,,,,,,,12138ebc6d34b03c6440d89e35b8db35a30d241f9f497044ef308120883e5a5b,xgboost,DPS,,,,,,,,,,,,,,,,,,,,,,,,,,,,,,,,,,,,,,,,,,,,,,,,reliability_bin,5,679,35,0.0615150674256,0.0613867901266,0.0619453676045,0.00996867567301,0.0998823183289
later,2018-04,2018-04,,xgboost,DPS,,full,calibrated,calibrated,,,,5611e165b59db55392d941bdb80a2acdec17ba1cd04e5d01544de31bebee6387,,,,0.0558823529412,,,,,,,,,,,,12138ebc6d34b03c6440d89e35b8db35a30d241f9f497044ef308120883e5a5b,xgboost,DPS,,,,,,,,,,,,,,,,,,,,,,,,,,,,,,,,,,,,,,,,,,,,,,,,reliability_bin,6,680,38,0.0621904124451,0.0619453676045,0.0622408762574,0.00630805950393,0.100029420418
later,2018-04,2018-04,,xgboost,DPS,,full,calibrated,calibrated,,,,5611e165b59db55392d941bdb80a2acdec17ba1cd04e5d01544de31bebee6387,,,,0.0529411764706,,,,,,,,,,,,12138ebc6d34b03c6440d89e35b8db35a30d241f9f497044ef308120883e5a5b,xgboost,DPS,,,,,,,,,,,,,,,,,,,,,,,,,,,,,,,,,,,,,,,,,,,,,,,,reliability_bin,7,680,36,0.0625320552629,0.0622408762574,0.0631743296981,0.00959087879233,0.100029420418
later,2018-04,2018-04,,xgboost,DPS,,full,calibrated,calibrated,,,,5611e165b59db55392d941bdb80a2acdec17ba1cd04e5d01544de31bebee6387,,,,0.0470588235294,,,,,,,,,,,,12138ebc6d34b03c6440d89e35b8db35a30d241f9f497044ef308120883e5a5b,xgboost,DPS,,,,,,,,,,,,,,,,,,,,,,,,,,,,,,,,,,,,,,,,,,,,,,,,reliability_bin,8,680,32,0.0634917750516,0.0631743296981,0.0636407658458,0.0164329515222,0.100029420418
later,2018-04,2018-04,,xgboost,DPS,,full,calibrated,calibrated,,,,5611e165b59db55392d941bdb80a2acdec17ba1cd04e5d01544de31bebee6387,,,,0.0529411764706,,,,,,,,,,,,12138ebc6d34b03c6440d89e35b8db35a30d241f9f497044ef308120883e5a5b,xgboost,DPS,,,,,,,,,,,,,,,,,,,,,,,,,,,,,,,,,,,,,,,,,,,,,,,,reliability_bin,9,680,36,0.0636407658458,0.0636407658458,0.0636407658458,0.0106995893752,0.100029420418
later,2018-04,2018-04,,xgboost,DPS,,full,calibrated,calibrated,,,,5611e165b59db55392d941bdb80a2acdec17ba1cd04e5d01544de31bebee6387,,,,0.0456553755523,,,,,,,,,,,,12138ebc6d34b03c6440d89e35b8db35a30d241f9f497044ef308120883e5a5b,xgboost,DPS,,,,,,,,,,,,,,,,,,,,,,,,,,,,,,,,,,,,,,,,,,,,,,,,reliability_bin,10,679,31,0.0659248573659,0.0636407658458,0.0692641586065,0.0202694818136,0.0998823183289
later,2018-04,2018-04,,xgboost,DPS,,full,raw,raw,,,,5611e165b59db55392d941bdb80a2acdec17ba1cd04e5d01544de31bebee6387,,,,0.0235294117647,,,,,,,,,,,,12138ebc6d34b03c6440d89e35b8db35a30d241f9f497044ef308120883e5a5b,xgboost,DPS,,,,,,,,,,,,,,,,,,,,,,,,,,,,,,,,,,,,,,,,,,,,,,,,reliability_bin,1,680,16,0.059558125295,0.058915913105,0.0601502396166,0.0360287135303,0.100029420418
later,2018-04,2018-04,,xgboost,DPS,,full,raw,raw,,,,5611e165b59db55392d941bdb80a2acdec17ba1cd04e5d01544de31bebee6387,,,,0.0441176470588,,,,,,,,,,,,12138ebc6d34b03c6440d89e35b8db35a30d241f9f497044ef308120883e5a5b,xgboost,DPS,,,,,,,,,,,,,,,,,,,,,,,,,,,,,,,,,,,,,,,,,,,,,,,,reliability_bin,2,680,30,0.0602148773368,0.0601502396166,0.0602209046483,0.016097230278,0.100029420418
later,2018-04,2018-04,,xgboost,DPS,,full,raw,raw,,,,5611e165b59db55392d941bdb80a2acdec17ba1cd04e5d01544de31bebee6387,,,,0.0397058823529,,,,,,,,,,,,12138ebc6d34b03c6440d89e35b8db35a30d241f9f497044ef308120883e5a5b,xgboost,DPS,,,,,,,,,,,,,,,,,,,,,,,,,,,,,,,,,,,,,,,,,,,,,,,,reliability_bin,3,680,27,0.060566502952,0.0602209046483,0.0611170381308,0.020860620599,0.100029420418
later,2018-04,2018-04,,xgboost,DPS,,full,raw,raw,,,,5611e165b59db55392d941bdb80a2acdec17ba1cd04e5d01544de31bebee6387,,,,0.0367647058824,,,,,,,,,,,,12138ebc6d34b03c6440d89e35b8db35a30d241f9f497044ef308120883e5a5b,xgboost,DPS,,,,,,,,,,,,,,,,,,,,,,,,,,,,,,,,,,,,,,,,,,,,,,,,reliability_bin,4,680,25,0.0613247683162,0.0611170381308,0.0613867901266,0.0245600624339,0.100029420418
later,2018-04,2018-04,,xgboost,DPS,,full,raw,raw,,,,5611e165b59db55392d941bdb80a2acdec17ba1cd04e5d01544de31bebee6387,,,,0.0515463917526,,,,,,,,,,,,12138ebc6d34b03c6440d89e35b8db35a30d241f9f497044ef308120883e5a5b,xgboost,DPS,,,,,,,,,,,,,,,,,,,,,,,,,,,,,,,,,,,,,,,,,,,,,,,,reliability_bin,5,679,35,0.0615150674256,0.0613867901266,0.0619453676045,0.00996867567301,0.0998823183289
later,2018-04,2018-04,,xgboost,DPS,,full,raw,raw,,,,5611e165b59db55392d941bdb80a2acdec17ba1cd04e5d01544de31bebee6387,,,,0.0558823529412,,,,,,,,,,,,12138ebc6d34b03c6440d89e35b8db35a30d241f9f497044ef308120883e5a5b,xgboost,DPS,,,,,,,,,,,,,,,,,,,,,,,,,,,,,,,,,,,,,,,,,,,,,,,,reliability_bin,6,680,38,0.0621904124451,0.0619453676045,0.0622408762574,0.00630805950393,0.100029420418
later,2018-04,2018-04,,xgboost,DPS,,full,raw,raw,,,,5611e165b59db55392d941bdb80a2acdec17ba1cd04e5d01544de31bebee6387,,,,0.0529411764706,,,,,,,,,,,,12138ebc6d34b03c6440d89e35b8db35a30d241f9f497044ef308120883e5a5b,xgboost,DPS,,,,,,,,,,,,,,,,,,,,,,,,,,,,,,,,,,,,,,,,,,,,,,,,reliability_bin,7,680,36,0.0625320552629,0.0622408762574,0.0631743296981,0.00959087879233,0.100029420418
later,2018-04,2018-04,,xgboost,DPS,,full,raw,raw,,,,5611e165b59db55392d941bdb80a2acdec17ba1cd04e5d01544de31bebee6387,,,,0.0470588235294,,,,,,,,,,,,12138ebc6d34b03c6440d89e35b8db35a30d241f9f497044ef308120883e5a5b,xgboost,DPS,,,,,,,,,,,,,,,,,,,,,,,,,,,,,,,,,,,,,,,,,,,,,,,,reliability_bin,8,680,32,0.0634917750516,0.0631743296981,0.0636407658458,0.0164329515222,0.100029420418
later,2018-04,2018-04,,xgboost,DPS,,full,raw,raw,,,,5611e165b59db55392d941bdb80a2acdec17ba1cd04e5d01544de31bebee6387,,,,0.0529411764706,,,,,,,,,,,,12138ebc6d34b03c6440d89e35b8db35a30d241f9f497044ef308120883e5a5b,xgboost,DPS,,,,,,,,,,,,,,,,,,,,,,,,,,,,,,,,,,,,,,,,,,,,,,,,reliability_bin,9,680,36,0.0636407658458,0.0636407658458,0.0636407658458,0.0106995893752,0.100029420418
later,2018-04,2018-04,,xgboost,DPS,,full,raw,raw,,,,5611e165b59db55392d941bdb80a2acdec17ba1cd04e5d01544de31bebee6387,,,,0.0456553755523,,,,,,,,,,,,12138ebc6d34b03c6440d89e35b8db35a30d241f9f497044ef308120883e5a5b,xgboost,DPS,,,,,,,,,,,,,,,,,,,,,,,,,,,,,,,,,,,,,,,,,,,,,,,,reliability_bin,10,679,31,0.0659248573659,0.0636407658458,0.0692641586065,0.0202694818136,0.0998823183289
later,2018-05,2018-05,,logistic_l2,DP0,,full,calibrated,calibrated,,,,64e1b028b5f7b99b94955ca70106b5741930f2a0d899652ee102992d54613f20,,,,0.0162962962963,,,,,,,,,,,,5ba9c39fb7a95e02255cc9707656867769dd51ba2afc32a961f00a0dd34fba0f,logistic_l2,DP0,,,,,,,,,,,,,,,,,,,,,,,,,,,,,,,,,,,,,,,,,,,,,,,,reliability_bin,1,675,11,0.0690872960967,0.0575952355227,0.0715050525251,0.0527909998004,0.10001481701
later,2018-05,2018-05,,logistic_l2,DP0,,full,calibrated,calibrated,,,,64e1b028b5f7b99b94955ca70106b5741930f2a0d899652ee102992d54613f20,,,,0.0237037037037,,,,,,,,,,,,5ba9c39fb7a95e02255cc9707656867769dd51ba2afc32a961f00a0dd34fba0f,logistic_l2,DP0,,,,,,,,,,,,,,,,,,,,,,,,,,,,,,,,,,,,,,,,,,,,,,,,reliability_bin,2,675,16,0.0724358282408,0.0715055840108,0.0732535103889,0.0487321245371,0.10001481701
later,2018-05,2018-05,,logistic_l2,DP0,,full,calibrated,calibrated,,,,64e1b028b5f7b99b94955ca70106b5741930f2a0d899652ee102992d54613f20,,,,0.0459259259259,,,,,,,,,,,,5ba9c39fb7a95e02255cc9707656867769dd51ba2afc32a961f00a0dd34fba0f,logistic_l2,DP0,,,,,,,,,,,,,,,,,,,,,,,,,,,,,,,,,,,,,,,,,,,,,,,,reliability_bin,3,675,31,0.0740551226436,0.0732540962428,0.07461076906,0.0281291967177,0.10001481701
later,2018-05,2018-05,,logistic_l2,DP0,,full,calibrated,calibrated,,,,64e1b028b5f7b99b94955ca70106b5741930f2a0d899652ee102992d54613f20,,,,0.0533333333333,,,,,,,,,,,,5ba9c39fb7a95e02255cc9707656867769dd51ba2afc32a961f00a0dd34fba0f,logistic_l2,DP0,,,,,,,,,,,,,,,,,,,,,,,,,,,,,,,,,,,,,,,,,,,,,,,,reliability_bin,4,675,36,0.0750245876736,0.0746108592189,0.0754751071546,0.0216912543402,0.10001481701
later,2018-05,2018-05,,logistic_l2,DP0,,full,calibrated,calibrated,,,,64e1b028b5f7b99b94955ca70106b5741930f2a0d899652ee102992d54613f20,,,,0.0859259259259,,,,,,,,,,,,5ba9c39fb7a95e02255cc9707656867769dd51ba2afc32a961f00a0dd34fba0f,logistic_l2,DP0,,,,,,,,,,,,,,,,,,,,,,,,,,,,,,,,,,,,,,,,,,,,,,,,reliability_bin,5,675,58,0.0758418477271,0.0754759311837,0.0762196122127,0.0100840781989,0.10001481701
later,2018-05,2018-05,,logistic_l2,DP0,,full,calibrated,calibrated,,,,64e1b028b5f7b99b94955ca70106b5741930f2a0d899652ee102992d54613f20,,,,0.0948148148148,,,,,,,,,,,,5ba9c39fb7a95e02255cc9707656867769dd51ba2afc32a961f00a0dd34fba0f,logistic_l2,DP0,,,,,,,,,,,,,,,,,,,,,,,,,,,,,,,,,,,,,,,,,,,,,,,,reliability_bin,6,675,64,0.0765281023868,0.0762208794348,0.0769135030937,0.0182867124281,0.10001481701
later,2018-05,2018-05,,logistic_l2,DP0,,full,calibrated,calibrated,,,,64e1b028b5f7b99b94955ca70106b5741930f2a0d899652ee102992d54613f20,,,,0.0918518518519,,,,,,,,,,,,5ba9c39fb7a95e02255cc9707656867769dd51ba2afc32a961f00a0dd34fba0f,logistic_l2,DP0,,,,,,,,,,,,,,,,,,,,,,,,,,,,,,,,,,,,,,,,,,,,,,,,reliability_bin,7,675,62,0.0772426778838,0.0769140190477,0.0776311186802,0.0146091739681,0.10001481701
later,2018-05,2018-05,,logistic_l2,DP0,,full,calibrated,calibrated,,,,64e1b028b5f7b99b94955ca70106b5741930f2a0d899652ee102992d54613f20,,,,0.10962962963,,,,,,,,,,,,5ba9c39fb7a95e02255cc9707656867769dd51ba2afc32a961f00a0dd34fba0f,logistic_l2,DP0,,,,,,,,,,,,,,,,,,,,,,,,,,,,,,,,,,,,,,,,,,,,,,,,reliability_bin,8,675,74,0.0780640228197,0.0776321390828,0.0784575049871,0.0315656068099,0.10001481701
later,2018-05,2018-05,,logistic_l2,DP0,,full,calibrated,calibrated,,,,64e1b028b5f7b99b94955ca70106b5741930f2a0d899652ee102992d54613f20,,,,0.0814814814815,,,,,,,,,,,,5ba9c39fb7a95e02255cc9707656867769dd51ba2afc32a961f00a0dd34fba0f,logistic_l2,DP0,,,,,,,,,,,,,,,,,,,,,,,,,,,,,,,,,,,,,,,,,,,,,,,,reliability_bin,9,675,55,0.0790476472887,0.0784585763776,0.0797269688037,0.00243383419275,0.10001481701
later,2018-05,2018-05,,logistic_l2,DP0,,full,calibrated,calibrated,,,,64e1b028b5f7b99b94955ca70106b5741930f2a0d899652ee102992d54613f20,,,,0.053412462908,,,,,,,,,,,,5ba9c39fb7a95e02255cc9707656867769dd51ba2afc32a961f00a0dd34fba0f,logistic_l2,DP0,,,,,,,,,,,,,,,,,,,,,,,,,,,,,,,,,,,,,,,,,,,,,,,,reliability_bin,10,674,36,0.0806258048561,0.079729218252,0.0813672169603,0.0272133419481,0.0998666469107
later,2018-05,2018-05,,logistic_l2,DP0,,full,raw,raw,,,,64e1b028b5f7b99b94955ca70106b5741930f2a0d899652ee102992d54613f20,,,,0.0162962962963,,,,,,,,,,,,5ba9c39fb7a95e02255cc9707656867769dd51ba2afc32a961f00a0dd34fba0f,logistic_l2,DP0,,,,,,,,,,,,,,,,,,,,,,,,,,,,,,,,,,,,,,,,,,,,,,,,reliability_bin,1,675,11,0.0690872960967,0.0575952355227,0.0715050525251,0.0527909998004,0.10001481701
later,2018-05,2018-05,,logistic_l2,DP0,,full,raw,raw,,,,64e1b028b5f7b99b94955ca70106b5741930f2a0d899652ee102992d54613f20,,,,0.0237037037037,,,,,,,,,,,,5ba9c39fb7a95e02255cc9707656867769dd51ba2afc32a961f00a0dd34fba0f,logistic_l2,DP0,,,,,,,,,,,,,,,,,,,,,,,,,,,,,,,,,,,,,,,,,,,,,,,,reliability_bin,2,675,16,0.0724358282408,0.0715055840108,0.0732535103889,0.0487321245371,0.10001481701
later,2018-05,2018-05,,logistic_l2,DP0,,full,raw,raw,,,,64e1b028b5f7b99b94955ca70106b5741930f2a0d899652ee102992d54613f20,,,,0.0459259259259,,,,,,,,,,,,5ba9c39fb7a95e02255cc9707656867769dd51ba2afc32a961f00a0dd34fba0f,logistic_l2,DP0,,,,,,,,,,,,,,,,,,,,,,,,,,,,,,,,,,,,,,,,,,,,,,,,reliability_bin,3,675,31,0.0740551226436,0.0732540962428,0.07461076906,0.0281291967177,0.10001481701
later,2018-05,2018-05,,logistic_l2,DP0,,full,raw,raw,,,,64e1b028b5f7b99b94955ca70106b5741930f2a0d899652ee102992d54613f20,,,,0.0533333333333,,,,,,,,,,,,5ba9c39fb7a95e02255cc9707656867769dd51ba2afc32a961f00a0dd34fba0f,logistic_l2,DP0,,,,,,,,,,,,,,,,,,,,,,,,,,,,,,,,,,,,,,,,,,,,,,,,reliability_bin,4,675,36,0.0750245876736,0.0746108592189,0.0754751071546,0.0216912543402,0.10001481701
later,2018-05,2018-05,,logistic_l2,DP0,,full,raw,raw,,,,64e1b028b5f7b99b94955ca70106b5741930f2a0d899652ee102992d54613f20,,,,0.0859259259259,,,,,,,,,,,,5ba9c39fb7a95e02255cc9707656867769dd51ba2afc32a961f00a0dd34fba0f,logistic_l2,DP0,,,,,,,,,,,,,,,,,,,,,,,,,,,,,,,,,,,,,,,,,,,,,,,,reliability_bin,5,675,58,0.0758418477271,0.0754759311837,0.0762196122127,0.0100840781989,0.10001481701
later,2018-05,2018-05,,logistic_l2,DP0,,full,raw,raw,,,,64e1b028b5f7b99b94955ca70106b5741930f2a0d899652ee102992d54613f20,,,,0.0948148148148,,,,,,,,,,,,5ba9c39fb7a95e02255cc9707656867769dd51ba2afc32a961f00a0dd34fba0f,logistic_l2,DP0,,,,,,,,,,,,,,,,,,,,,,,,,,,,,,,,,,,,,,,,,,,,,,,,reliability_bin,6,675,64,0.0765281023868,0.0762208794348,0.0769135030937,0.0182867124281,0.10001481701
later,2018-05,2018-05,,logistic_l2,DP0,,full,raw,raw,,,,64e1b028b5f7b99b94955ca70106b5741930f2a0d899652ee102992d54613f20,,,,0.0918518518519,,,,,,,,,,,,5ba9c39fb7a95e02255cc9707656867769dd51ba2afc32a961f00a0dd34fba0f,logistic_l2,DP0,,,,,,,,,,,,,,,,,,,,,,,,,,,,,,,,,,,,,,,,,,,,,,,,reliability_bin,7,675,62,0.0772426778838,0.0769140190477,0.0776311186802,0.0146091739681,0.10001481701
later,2018-05,2018-05,,logistic_l2,DP0,,full,raw,raw,,,,64e1b028b5f7b99b94955ca70106b5741930f2a0d899652ee102992d54613f20,,,,0.10962962963,,,,,,,,,,,,5ba9c39fb7a95e02255cc9707656867769dd51ba2afc32a961f00a0dd34fba0f,logistic_l2,DP0,,,,,,,,,,,,,,,,,,,,,,,,,,,,,,,,,,,,,,,,,,,,,,,,reliability_bin,8,675,74,0.0780640228197,0.0776321390828,0.0784575049871,0.0315656068099,0.10001481701
later,2018-05,2018-05,,logistic_l2,DP0,,full,raw,raw,,,,64e1b028b5f7b99b94955ca70106b5741930f2a0d899652ee102992d54613f20,,,,0.0814814814815,,,,,,,,,,,,5ba9c39fb7a95e02255cc9707656867769dd51ba2afc32a961f00a0dd34fba0f,logistic_l2,DP0,,,,,,,,,,,,,,,,,,,,,,,,,,,,,,,,,,,,,,,,,,,,,,,,reliability_bin,9,675,55,0.0790476472887,0.0784585763776,0.0797269688037,0.00243383419275,0.10001481701
later,2018-05,2018-05,,logistic_l2,DP0,,full,raw,raw,,,,64e1b028b5f7b99b94955ca70106b5741930f2a0d899652ee102992d54613f20,,,,0.053412462908,,,,,,,,,,,,5ba9c39fb7a95e02255cc9707656867769dd51ba2afc32a961f00a0dd34fba0f,logistic_l2,DP0,,,,,,,,,,,,,,,,,,,,,,,,,,,,,,,,,,,,,,,,,,,,,,,,reliability_bin,10,674,36,0.0806258048561,0.079729218252,0.0813672169603,0.0272133419481,0.0998666469107
later,2018-05,2018-05,,logistic_l2,DPB,,full,calibrated,calibrated,,,,c6e936962d6c6854a87f132513e83bae01e0dd212c0b3d28289bb3c311e56f6d,,,,0.00592592592593,,,,,,,,,,,,5ba9c39fb7a95e02255cc9707656867769dd51ba2afc32a961f00a0dd34fba0f,logistic_l2,DPB,,,,,,,,,,,,,,,,,,,,,,,,,,,,,,,,,,,,,,,,,,,,,,,,reliability_bin,1,675,4,0.0136481343531,0.000172389328414,0.0221918812088,0.00772220842714,0.10001481701
later,2018-05,2018-05,,logistic_l2,DPB,,full,calibrated,calibrated,,,,c6e936962d6c6854a87f132513e83bae01e0dd212c0b3d28289bb3c311e56f6d,,,,0.0222222222222,,,,,,,,,,,,5ba9c39fb7a95e02255cc9707656867769dd51ba2afc32a961f00a0dd34fba0f,logistic_l2,DPB,,,,,,,,,,,,,,,,,,,,,,,,,,,,,,,,,,,,,,,,,,,,,,,,reliability_bin,2,675,15,0.0293671692023,0.0222625505803,0.035535962447,0.00714494698012,0.10001481701
later,2018-05,2018-05,,logistic_l2,DPB,,full,calibrated,calibrated,,,,c6e936962d6c6854a87f132513e83bae01e0dd212c0b3d28289bb3c311e56f6d,,,,0.037037037037,,,,,,,,,,,,5ba9c39fb7a95e02255cc9707656867769dd51ba2afc32a961f00a0dd34fba0f,logistic_l2,DPB,,,,,,,,,,,,,,,,,,,,,,,,,,,,,,,,,,,,,,,,,,,,,,,,reliability_bin,3,675,25,0.0421864864261,0.0355464495827,0.0486339889046,0.00514944938909,0.10001481701
later,2018-05,2018-05,,logistic_l2,DPB,,full,calibrated,calibrated,,,,c6e936962d6c6854a87f132513e83bae01e0dd212c0b3d28289bb3c311e56f6d,,,,0.042962962963,,,,,,,,,,,,5ba9c39fb7a95e02255cc9707656867769dd51ba2afc32a961f00a0dd34fba0f,logistic_l2,DPB,,,,,,,,,,,,,,,,,,,,,,,,,,,,,,,,,,,,,,,,,,,,,,,,reliability_bin,4,675,29,0.055756784328,0.0486384784476,0.0627956102701,0.012793821365,0.10001481701
later,2018-05,2018-05,,logistic_l2,DPB,,full,calibrated,calibrated,,,,c6e936962d6c6854a87f132513e83bae01e0dd212c0b3d28289bb3c311e56f6d,,,,0.04,,,,,,,,,,,,5ba9c39fb7a95e02255cc9707656867769dd51ba2afc32a961f00a0dd34fba0f,logistic_l2,DPB,,,,,,,,,,,,,,,,,,,,,,,,,,,,,,,,,,,,,,,,,,,,,,,,reliability_bin,5,675,27,0.0713264249452,0.0628027012212,0.0798873452405,0.0313264249452,0.10001481701
later,2018-05,2018-05,,logistic_l2,DPB,,full,calibrated,calibrated,,,,c6e936962d6c6854a87f132513e83bae01e0dd212c0b3d28289bb3c311e56f6d,,,,0.0488888888889,,,,,,,,,,,,5ba9c39fb7a95e02255cc9707656867769dd51ba2afc32a961f00a0dd34fba0f,logistic_l2,DPB,,,,,,,,,,,,,,,,,,,,,,,,,,,,,,,,,,,,,,,,,,,,,,,,reliability_bin,6,675,33,0.0897125626445,0.0799185421112,0.101418333956,0.0408236737556,0.10001481701
later,2018-05,2018-05,,logistic_l2,DPB,,full,calibrated,calibrated,,,,c6e936962d6c6854a87f132513e83bae01e0dd212c0b3d28289bb3c311e56f6d,,,,0.0622222222222,,,,,,,,,,,,5ba9c39fb7a95e02255cc9707656867769dd51ba2afc32a961f00a0dd34fba0f,logistic_l2,DPB,,,,,,,,,,,,,,,,,,,,,,,,,,,,,,,,,,,,,,,,,,,,,,,,reliability_bin,7,675,42,0.119869203263,0.101453321381,0.140678079433,0.0576469810405,0.10001481701
later,2018-05,2018-05,,logistic_l2,DPB,,full,calibrated,calibrated,,,,c6e936962d6c6854a87f132513e83bae01e0dd212c0b3d28289bb3c311e56f6d,,,,0.0933333333333,,,,,,,,,,,,5ba9c39fb7a95e02255cc9707656867769dd51ba2afc32a961f00a0dd34fba0f,logistic_l2,DPB,,,,,,,,,,,,,,,,,,,,,,,,,,,,,,,,,,,,,,,,,,,,,,,,reliability_bin,8,675,63,0.162054154298,0.14071419815,0.184515930817,0.0687208209647,0.10001481701
later,2018-05,2018-05,,logistic_l2,DPB,,full,calibrated,calibrated,,,,c6e936962d6c6854a87f132513e83bae01e0dd212c0b3d28289bb3c311e56f6d,,,,0.118518518519,,,,,,,,,,,,5ba9c39fb7a95e02255cc9707656867769dd51ba2afc32a961f00a0dd34fba0f,logistic_l2,DPB,,,,,,,,,,,,,,,,,,,,,,,,,,,,,,,,,,,,,,,,,,,,,,,,reliability_bin,9,675,80,0.215206830311,0.184537797551,0.253684281806,0.0966883117929,0.10001481701
later,2018-05,2018-05,,logistic_l2,DPB,,full,calibrated,calibrated,,,,c6e936962d6c6854a87f132513e83bae01e0dd212c0b3d28289bb3c311e56f6d,,,,0.185459940653,,,,,,,,,,,,5ba9c39fb7a95e02255cc9707656867769dd51ba2afc32a961f00a0dd34fba0f,logistic_l2,DPB,,,,,,,,,,,,,,,,,,,,,,,,,,,,,,,,,,,,,,,,,,,,,,,,reliability_bin,10,674,125,0.337688108536,0.254161667801,0.661089342473,0.152228167883,0.0998666469107
later,2018-05,2018-05,,logistic_l2,DPB,,full,raw,raw,,,,c6e936962d6c6854a87f132513e83bae01e0dd212c0b3d28289bb3c311e56f6d,,,,0.00592592592593,,,,,,,,,,,,5ba9c39fb7a95e02255cc9707656867769dd51ba2afc32a961f00a0dd34fba0f,logistic_l2,DPB,,,,,,,,,,,,,,,,,,,,,,,,,,,,,,,,,,,,,,,,,,,,,,,,reliability_bin,1,675,4,0.0136481343531,0.000172389328414,0.0221918812088,0.00772220842714,0.10001481701
later,2018-05,2018-05,,logistic_l2,DPB,,full,raw,raw,,,,c6e936962d6c6854a87f132513e83bae01e0dd212c0b3d28289bb3c311e56f6d,,,,0.0222222222222,,,,,,,,,,,,5ba9c39fb7a95e02255cc9707656867769dd51ba2afc32a961f00a0dd34fba0f,logistic_l2,DPB,,,,,,,,,,,,,,,,,,,,,,,,,,,,,,,,,,,,,,,,,,,,,,,,reliability_bin,2,675,15,0.0293671692023,0.0222625505803,0.035535962447,0.00714494698012,0.10001481701
later,2018-05,2018-05,,logistic_l2,DPB,,full,raw,raw,,,,c6e936962d6c6854a87f132513e83bae01e0dd212c0b3d28289bb3c311e56f6d,,,,0.037037037037,,,,,,,,,,,,5ba9c39fb7a95e02255cc9707656867769dd51ba2afc32a961f00a0dd34fba0f,logistic_l2,DPB,,,,,,,,,,,,,,,,,,,,,,,,,,,,,,,,,,,,,,,,,,,,,,,,reliability_bin,3,675,25,0.0421864864261,0.0355464495827,0.0486339889046,0.00514944938909,0.10001481701
later,2018-05,2018-05,,logistic_l2,DPB,,full,raw,raw,,,,c6e936962d6c6854a87f132513e83bae01e0dd212c0b3d28289bb3c311e56f6d,,,,0.042962962963,,,,,,,,,,,,5ba9c39fb7a95e02255cc9707656867769dd51ba2afc32a961f00a0dd34fba0f,logistic_l2,DPB,,,,,,,,,,,,,,,,,,,,,,,,,,,,,,,,,,,,,,,,,,,,,,,,reliability_bin,4,675,29,0.055756784328,0.0486384784476,0.0627956102701,0.012793821365,0.10001481701
later,2018-05,2018-05,,logistic_l2,DPB,,full,raw,raw,,,,c6e936962d6c6854a87f132513e83bae01e0dd212c0b3d28289bb3c311e56f6d,,,,0.04,,,,,,,,,,,,5ba9c39fb7a95e02255cc9707656867769dd51ba2afc32a961f00a0dd34fba0f,logistic_l2,DPB,,,,,,,,,,,,,,,,,,,,,,,,,,,,,,,,,,,,,,,,,,,,,,,,reliability_bin,5,675,27,0.0713264249452,0.0628027012212,0.0798873452405,0.0313264249452,0.10001481701
later,2018-05,2018-05,,logistic_l2,DPB,,full,raw,raw,,,,c6e936962d6c6854a87f132513e83bae01e0dd212c0b3d28289bb3c311e56f6d,,,,0.0488888888889,,,,,,,,,,,,5ba9c39fb7a95e02255cc9707656867769dd51ba2afc32a961f00a0dd34fba0f,logistic_l2,DPB,,,,,,,,,,,,,,,,,,,,,,,,,,,,,,,,,,,,,,,,,,,,,,,,reliability_bin,6,675,33,0.0897125626445,0.0799185421112,0.101418333956,0.0408236737556,0.10001481701
later,2018-05,2018-05,,logistic_l2,DPB,,full,raw,raw,,,,c6e936962d6c6854a87f132513e83bae01e0dd212c0b3d28289bb3c311e56f6d,,,,0.0622222222222,,,,,,,,,,,,5ba9c39fb7a95e02255cc9707656867769dd51ba2afc32a961f00a0dd34fba0f,logistic_l2,DPB,,,,,,,,,,,,,,,,,,,,,,,,,,,,,,,,,,,,,,,,,,,,,,,,reliability_bin,7,675,42,0.119869203263,0.101453321381,0.140678079433,0.0576469810405,0.10001481701
later,2018-05,2018-05,,logistic_l2,DPB,,full,raw,raw,,,,c6e936962d6c6854a87f132513e83bae01e0dd212c0b3d28289bb3c311e56f6d,,,,0.0933333333333,,,,,,,,,,,,5ba9c39fb7a95e02255cc9707656867769dd51ba2afc32a961f00a0dd34fba0f,logistic_l2,DPB,,,,,,,,,,,,,,,,,,,,,,,,,,,,,,,,,,,,,,,,,,,,,,,,reliability_bin,8,675,63,0.162054154298,0.14071419815,0.184515930817,0.0687208209647,0.10001481701
later,2018-05,2018-05,,logistic_l2,DPB,,full,raw,raw,,,,c6e936962d6c6854a87f132513e83bae01e0dd212c0b3d28289bb3c311e56f6d,,,,0.118518518519,,,,,,,,,,,,5ba9c39fb7a95e02255cc9707656867769dd51ba2afc32a961f00a0dd34fba0f,logistic_l2,DPB,,,,,,,,,,,,,,,,,,,,,,,,,,,,,,,,,,,,,,,,,,,,,,,,reliability_bin,9,675,80,0.215206830311,0.184537797551,0.253684281806,0.0966883117929,0.10001481701
later,2018-05,2018-05,,logistic_l2,DPB,,full,raw,raw,,,,c6e936962d6c6854a87f132513e83bae01e0dd212c0b3d28289bb3c311e56f6d,,,,0.185459940653,,,,,,,,,,,,5ba9c39fb7a95e02255cc9707656867769dd51ba2afc32a961f00a0dd34fba0f,logistic_l2,DPB,,,,,,,,,,,,,,,,,,,,,,,,,,,,,,,,,,,,,,,,,,,,,,,,reliability_bin,10,674,125,0.337688108536,0.254161667801,0.661089342473,0.152228167883,0.0998666469107
later,2018-05,2018-05,,logistic_l2,DPG,,full,calibrated,calibrated,,,,941976c4b6900f085c7230aebd1aef0138279d64d33d8f84ee6afb30a68739dc,,,,0.0162962962963,,,,,,,,,,,,5ba9c39fb7a95e02255cc9707656867769dd51ba2afc32a961f00a0dd34fba0f,logistic_l2,DPG,,,,,,,,,,,,,,,,,,,,,,,,,,,,,,,,,,,,,,,,,,,,,,,,reliability_bin,1,675,11,0.0168984587989,0.00031743171391,0.026761252664,0.000602162502611,0.10001481701
later,2018-05,2018-05,,logistic_l2,DPG,,full,calibrated,calibrated,,,,941976c4b6900f085c7230aebd1aef0138279d64d33d8f84ee6afb30a68739dc,,,,0.0133333333333,,,,,,,,,,,,5ba9c39fb7a95e02255cc9707656867769dd51ba2afc32a961f00a0dd34fba0f,logistic_l2,DPG,,,,,,,,,,,,,,,,,,,,,,,,,,,,,,,,,,,,,,,,,,,,,,,,reliability_bin,2,675,9,0.0342594433725,0.0267724989539,0.0413869562335,0.0209261100391,0.10001481701
later,2018-05,2018-05,,logistic_l2,DPG,,full,calibrated,calibrated,,,,941976c4b6900f085c7230aebd1aef0138279d64d33d8f84ee6afb30a68739dc,,,,0.0488888888889,,,,,,,,,,,,5ba9c39fb7a95e02255cc9707656867769dd51ba2afc32a961f00a0dd34fba0f,logistic_l2,DPG,,,,,,,,,,,,,,,,,,,,,,,,,,,,,,,,,,,,,,,,,,,,,,,,reliability_bin,3,675,33,0.0473127266224,0.0413952506708,0.05403151228,0.00157616226645,0.10001481701
later,2018-05,2018-05,,logistic_l2,DPG,,full,calibrated,calibrated,,,,941976c4b6900f085c7230aebd1aef0138279d64d33d8f84ee6afb30a68739dc,,,,0.0459259259259,,,,,,,,,,,,5ba9c39fb7a95e02255cc9707656867769dd51ba2afc32a961f00a0dd34fba0f,logistic_l2,DPG,,,,,,,,,,,,,,,,,,,,,,,,,,,,,,,,,,,,,,,,,,,,,,,,reliability_bin,4,675,31,0.0616861091965,0.0540360112014,0.0692680416206,0.0157601832706,0.10001481701
later,2018-05,2018-05,,logistic_l2,DPG,,full,calibrated,calibrated,,,,941976c4b6900f085c7230aebd1aef0138279d64d33d8f84ee6afb30a68739dc,,,,0.0414814814815,,,,,,,,,,,,5ba9c39fb7a95e02255cc9707656867769dd51ba2afc32a961f00a0dd34fba0f,logistic_l2,DPG,,,,,,,,,,,,,,,,,,,,,,,,,,,,,,,,,,,,,,,,,,,,,,,,reliability_bin,5,675,28,0.0770097193665,0.0692763476557,0.0856261222567,0.035528237885,0.10001481701
later,2018-05,2018-05,,logistic_l2,DPG,,full,calibrated,calibrated,,,,941976c4b6900f085c7230aebd1aef0138279d64d33d8f84ee6afb30a68739dc,,,,0.0503703703704,,,,,,,,,,,,5ba9c39fb7a95e02255cc9707656867769dd51ba2afc32a961f00a0dd34fba0f,logistic_l2,DPG,,,,,,,,,,,,,,,,,,,,,,,,,,,,,,,,,,,,,,,,,,,,,,,,reliability_bin,6,675,34,0.0960393646391,0.08562752118,0.105759912097,0.0456689942687,0.10001481701
later,2018-05,2018-05,,logistic_l2,DPG,,full,calibrated,calibrated,,,,941976c4b6900f085c7230aebd1aef0138279d64d33d8f84ee6afb30a68739dc,,,,0.08,,,,,,,,,,,,5ba9c39fb7a95e02255cc9707656867769dd51ba2afc32a961f00a0dd34fba0f,logistic_l2,DPG,,,,,,,,,,,,,,,,,,,,,,,,,,,,,,,,,,,,,,,,,,,,,,,,reliability_bin,7,675,54,0.124830791643,0.105765647988,0.146399672694,0.0448307916426,0.10001481701
later,2018-05,2018-05,,logistic_l2,DPG,,full,calibrated,calibrated,,,,941976c4b6900f085c7230aebd1aef0138279d64d33d8f84ee6afb30a68739dc,,,,0.0755555555556,,,,,,,,,,,,5ba9c39fb7a95e02255cc9707656867769dd51ba2afc32a961f00a0dd34fba0f,logistic_l2,DPG,,,,,,,,,,,,,,,,,,,,,,,,,,,,,,,,,,,,,,,,,,,,,,,,reliability_bin,8,675,51,0.170653543223,0.146401983206,0.19617693883,0.0950979876672,0.10001481701
later,2018-05,2018-05,,logistic_l2,DPG,,full,calibrated,calibrated,,,,941976c4b6900f085c7230aebd1aef0138279d64d33d8f84ee6afb30a68739dc,,,,0.0977777777778,,,,,,,,,,,,5ba9c39fb7a95e02255cc9707656867769dd51ba2afc32a961f00a0dd34fba0f,logistic_l2,DPG,,,,,,,,,,,,,,,,,,,,,,,,,,,,,,,,,,,,,,,,,,,,,,,,reliability_bin,9,675,66,0.22651960869,0.196203675593,0.262450027072,0.128741830912,0.10001481701
later,2018-05,2018-05,,logistic_l2,DPG,,full,calibrated,calibrated,,,,941976c4b6900f085c7230aebd1aef0138279d64d33d8f84ee6afb30a68739dc,,,,0.186943620178,,,,,,,,,,,,5ba9c39fb7a95e02255cc9707656867769dd51ba2afc32a961f00a0dd34fba0f,logistic_l2,DPG,,,,,,,,,,,,,,,,,,,,,,,,,,,,,,,,,,,,,,,,,,,,,,,,reliability_bin,10,674,126,0.339509608187,0.262562518468,0.560851734904,0.152565988009,0.0998666469107
later,2018-05,2018-05,,logistic_l2,DPG,,full,raw,raw,,,,941976c4b6900f085c7230aebd1aef0138279d64d33d8f84ee6afb30a68739dc,,,,0.0162962962963,,,,,,,,,,,,5ba9c39fb7a95e02255cc9707656867769dd51ba2afc32a961f00a0dd34fba0f,logistic_l2,DPG,,,,,,,,,,,,,,,,,,,,,,,,,,,,,,,,,,,,,,,,,,,,,,,,reliability_bin,1,675,11,0.0168984587989,0.00031743171391,0.026761252664,0.000602162502611,0.10001481701
later,2018-05,2018-05,,logistic_l2,DPG,,full,raw,raw,,,,941976c4b6900f085c7230aebd1aef0138279d64d33d8f84ee6afb30a68739dc,,,,0.0133333333333,,,,,,,,,,,,5ba9c39fb7a95e02255cc9707656867769dd51ba2afc32a961f00a0dd34fba0f,logistic_l2,DPG,,,,,,,,,,,,,,,,,,,,,,,,,,,,,,,,,,,,,,,,,,,,,,,,reliability_bin,2,675,9,0.0342594433725,0.0267724989539,0.0413869562335,0.0209261100391,0.10001481701
later,2018-05,2018-05,,logistic_l2,DPG,,full,raw,raw,,,,941976c4b6900f085c7230aebd1aef0138279d64d33d8f84ee6afb30a68739dc,,,,0.0488888888889,,,,,,,,,,,,5ba9c39fb7a95e02255cc9707656867769dd51ba2afc32a961f00a0dd34fba0f,logistic_l2,DPG,,,,,,,,,,,,,,,,,,,,,,,,,,,,,,,,,,,,,,,,,,,,,,,,reliability_bin,3,675,33,0.0473127266224,0.0413952506708,0.05403151228,0.00157616226645,0.10001481701
later,2018-05,2018-05,,logistic_l2,DPG,,full,raw,raw,,,,941976c4b6900f085c7230aebd1aef0138279d64d33d8f84ee6afb30a68739dc,,,,0.0459259259259,,,,,,,,,,,,5ba9c39fb7a95e02255cc9707656867769dd51ba2afc32a961f00a0dd34fba0f,logistic_l2,DPG,,,,,,,,,,,,,,,,,,,,,,,,,,,,,,,,,,,,,,,,,,,,,,,,reliability_bin,4,675,31,0.0616861091965,0.0540360112014,0.0692680416206,0.0157601832706,0.10001481701
later,2018-05,2018-05,,logistic_l2,DPG,,full,raw,raw,,,,941976c4b6900f085c7230aebd1aef0138279d64d33d8f84ee6afb30a68739dc,,,,0.0414814814815,,,,,,,,,,,,5ba9c39fb7a95e02255cc9707656867769dd51ba2afc32a961f00a0dd34fba0f,logistic_l2,DPG,,,,,,,,,,,,,,,,,,,,,,,,,,,,,,,,,,,,,,,,,,,,,,,,reliability_bin,5,675,28,0.0770097193665,0.0692763476557,0.0856261222567,0.035528237885,0.10001481701
later,2018-05,2018-05,,logistic_l2,DPG,,full,raw,raw,,,,941976c4b6900f085c7230aebd1aef0138279d64d33d8f84ee6afb30a68739dc,,,,0.0503703703704,,,,,,,,,,,,5ba9c39fb7a95e02255cc9707656867769dd51ba2afc32a961f00a0dd34fba0f,logistic_l2,DPG,,,,,,,,,,,,,,,,,,,,,,,,,,,,,,,,,,,,,,,,,,,,,,,,reliability_bin,6,675,34,0.0960393646391,0.08562752118,0.105759912097,0.0456689942687,0.10001481701
later,2018-05,2018-05,,logistic_l2,DPG,,full,raw,raw,,,,941976c4b6900f085c7230aebd1aef0138279d64d33d8f84ee6afb30a68739dc,,,,0.08,,,,,,,,,,,,5ba9c39fb7a95e02255cc9707656867769dd51ba2afc32a961f00a0dd34fba0f,logistic_l2,DPG,,,,,,,,,,,,,,,,,,,,,,,,,,,,,,,,,,,,,,,,,,,,,,,,reliability_bin,7,675,54,0.124830791643,0.105765647988,0.146399672694,0.0448307916426,0.10001481701
later,2018-05,2018-05,,logistic_l2,DPG,,full,raw,raw,,,,941976c4b6900f085c7230aebd1aef0138279d64d33d8f84ee6afb30a68739dc,,,,0.0755555555556,,,,,,,,,,,,5ba9c39fb7a95e02255cc9707656867769dd51ba2afc32a961f00a0dd34fba0f,logistic_l2,DPG,,,,,,,,,,,,,,,,,,,,,,,,,,,,,,,,,,,,,,,,,,,,,,,,reliability_bin,8,675,51,0.170653543223,0.146401983206,0.19617693883,0.0950979876672,0.10001481701
later,2018-05,2018-05,,logistic_l2,DPG,,full,raw,raw,,,,941976c4b6900f085c7230aebd1aef0138279d64d33d8f84ee6afb30a68739dc,,,,0.0977777777778,,,,,,,,,,,,5ba9c39fb7a95e02255cc9707656867769dd51ba2afc32a961f00a0dd34fba0f,logistic_l2,DPG,,,,,,,,,,,,,,,,,,,,,,,,,,,,,,,,,,,,,,,,,,,,,,,,reliability_bin,9,675,66,0.22651960869,0.196203675593,0.262450027072,0.128741830912,0.10001481701
later,2018-05,2018-05,,logistic_l2,DPG,,full,raw,raw,,,,941976c4b6900f085c7230aebd1aef0138279d64d33d8f84ee6afb30a68739dc,,,,0.186943620178,,,,,,,,,,,,5ba9c39fb7a95e02255cc9707656867769dd51ba2afc32a961f00a0dd34fba0f,logistic_l2,DPG,,,,,,,,,,,,,,,,,,,,,,,,,,,,,,,,,,,,,,,,,,,,,,,,reliability_bin,10,674,126,0.339509608187,0.262562518468,0.560851734904,0.152565988009,0.0998666469107
later,2018-05,2018-05,,logistic_l2,DPS,,full,calibrated,calibrated,,,,b7e9a00da738829a2d21200f3712000581c47366bd7f48f1b3a32351ea8c6329,,,,0.0340740740741,,,,,,,,,,,,5ba9c39fb7a95e02255cc9707656867769dd51ba2afc32a961f00a0dd34fba0f,logistic_l2,DPS,,,,,,,,,,,,,,,,,,,,,,,,,,,,,,,,,,,,,,,,,,,,,,,,reliability_bin,1,675,23,0.0477036955365,0.0315884151909,0.0525828949989,0.0136296214624,0.10001481701
later,2018-05,2018-05,,logistic_l2,DPS,,full,calibrated,calibrated,,,,b7e9a00da738829a2d21200f3712000581c47366bd7f48f1b3a32351ea8c6329,,,,0.0681481481481,,,,,,,,,,,,5ba9c39fb7a95e02255cc9707656867769dd51ba2afc32a961f00a0dd34fba0f,logistic_l2,DPS,,,,,,,,,,,,,,,,,,,,,,,,,,,,,,,,,,,,,,,,,,,,,,,,reliability_bin,2,675,46,0.0552583225256,0.0525913607322,0.0575795179996,0.0128898256225,0.10001481701
later,2018-05,2018-05,,logistic_l2,DPS,,full,calibrated,calibrated,,,,b7e9a00da738829a2d21200f3712000581c47366bd7f48f1b3a32351ea8c6329,,,,0.0488888888889,,,,,,,,,,,,5ba9c39fb7a95e02255cc9707656867769dd51ba2afc32a961f00a0dd34fba0f,logistic_l2,DPS,,,,,,,,,,,,,,,,,,,,,,,,,,,,,,,,,,,,,,,,,,,,,,,,reliability_bin,3,675,33,0.0596228498967,0.0575849149131,0.0616599913703,0.0107339610078,0.10001481701
later,2018-05,2018-05,,logistic_l2,DPS,,full,calibrated,calibrated,,,,b7e9a00da738829a2d21200f3712000581c47366bd7f48f1b3a32351ea8c6329,,,,0.0592592592593,,,,,,,,,,,,5ba9c39fb7a95e02255cc9707656867769dd51ba2afc32a961f00a0dd34fba0f,logistic_l2,DPS,,,,,,,,,,,,,,,,,,,,,,,,,,,,,,,,,,,,,,,,,,,,,,,,reliability_bin,4,675,40,0.0636778572634,0.0616849469102,0.065809240394,0.0044185980041,0.10001481701
later,2018-05,2018-05,,logistic_l2,DPS,,full,calibrated,calibrated,,,,b7e9a00da738829a2d21200f3712000581c47366bd7f48f1b3a32351ea8c6329,,,,0.0607407407407,,,,,,,,,,,,5ba9c39fb7a95e02255cc9707656867769dd51ba2afc32a961f00a0dd34fba0f,logistic_l2,DPS,,,,,,,,,,,,,,,,,,,,,,,,,,,,,,,,,,,,,,,,,,,,,,,,reliability_bin,5,675,41,0.068099351533,0.0658107946169,0.0706402514766,0.0073586107923,0.10001481701
later,2018-05,2018-05,,logistic_l2,DPS,,full,calibrated,calibrated,,,,b7e9a00da738829a2d21200f3712000581c47366bd7f48f1b3a32351ea8c6329,,,,0.0607407407407,,,,,,,,,,,,5ba9c39fb7a95e02255cc9707656867769dd51ba2afc32a961f00a0dd34fba0f,logistic_l2,DPS,,,,,,,,,,,,,,,,,,,,,,,,,,,,,,,,,,,,,,,,,,,,,,,,reliability_bin,6,675,41,0.0730078106436,0.0706425895111,0.0757009040315,0.0122670699029,0.10001481701
later,2018-05,2018-05,,logistic_l2,DPS,,full,calibrated,calibrated,,,,b7e9a00da738829a2d21200f3712000581c47366bd7f48f1b3a32351ea8c6329,,,,0.0651851851852,,,,,,,,,,,,5ba9c39fb7a95e02255cc9707656867769dd51ba2afc32a961f00a0dd34fba0f,logistic_l2,DPS,,,,,,,,,,,,,,,,,,,,,,,,,,,,,,,,,,,,,,,,,,,,,,,,reliability_bin,7,675,44,0.0782055738218,0.0757030272711,0.0811366920454,0.0130203886367,0.10001481701
later,2018-05,2018-05,,logistic_l2,DPS,,full,calibrated,calibrated,,,,b7e9a00da738829a2d21200f3712000581c47366bd7f48f1b3a32351ea8c6329,,,,0.0755555555556,,,,,,,,,,,,5ba9c39fb7a95e02255cc9707656867769dd51ba2afc32a961f00a0dd34fba0f,logistic_l2,DPS,,,,,,,,,,,,,,,,,,,,,,,,,,,,,,,,,,,,,,,,,,,,,,,,reliability_bin,8,675,51,0.0840725827205,0.0811378834805,0.0873196307804,0.00851702716491,0.10001481701
later,2018-05,2018-05,,logistic_l2,DPS,,full,calibrated,calibrated,,,,b7e9a00da738829a2d21200f3712000581c47366bd7f48f1b3a32351ea8c6329,,,,0.0874074074074,,,,,,,,,,,,5ba9c39fb7a95e02255cc9707656867769dd51ba2afc32a961f00a0dd34fba0f,logistic_l2,DPS,,,,,,,,,,,,,,,,,,,,,,,,,,,,,,,,,,,,,,,,,,,,,,,,reliability_bin,9,675,59,0.0917201464482,0.0873203243836,0.0972466662308,0.00431273904078,0.10001481701
later,2018-05,2018-05,,logistic_l2,DPS,,full,calibrated,calibrated,,,,b7e9a00da738829a2d21200f3712000581c47366bd7f48f1b3a32351ea8c6329,,,,0.0964391691395,,,,,,,,,,,,5ba9c39fb7a95e02255cc9707656867769dd51ba2afc32a961f00a0dd34fba0f,logistic_l2,DPS,,,,,,,,,,,,,,,,,,,,,,,,,,,,,,,,,,,,,,,,,,,,,,,,reliability_bin,10,674,65,0.113695081566,0.0972592582013,0.238802060536,0.0172559124267,0.0998666469107
later,2018-05,2018-05,,logistic_l2,DPS,,full,raw,raw,,,,b7e9a00da738829a2d21200f3712000581c47366bd7f48f1b3a32351ea8c6329,,,,0.0340740740741,,,,,,,,,,,,5ba9c39fb7a95e02255cc9707656867769dd51ba2afc32a961f00a0dd34fba0f,logistic_l2,DPS,,,,,,,,,,,,,,,,,,,,,,,,,,,,,,,,,,,,,,,,,,,,,,,,reliability_bin,1,675,23,0.0477036955365,0.0315884151909,0.0525828949989,0.0136296214624,0.10001481701
later,2018-05,2018-05,,logistic_l2,DPS,,full,raw,raw,,,,b7e9a00da738829a2d21200f3712000581c47366bd7f48f1b3a32351ea8c6329,,,,0.0681481481481,,,,,,,,,,,,5ba9c39fb7a95e02255cc9707656867769dd51ba2afc32a961f00a0dd34fba0f,logistic_l2,DPS,,,,,,,,,,,,,,,,,,,,,,,,,,,,,,,,,,,,,,,,,,,,,,,,reliability_bin,2,675,46,0.0552583225256,0.0525913607322,0.0575795179996,0.0128898256225,0.10001481701
later,2018-05,2018-05,,logistic_l2,DPS,,full,raw,raw,,,,b7e9a00da738829a2d21200f3712000581c47366bd7f48f1b3a32351ea8c6329,,,,0.0488888888889,,,,,,,,,,,,5ba9c39fb7a95e02255cc9707656867769dd51ba2afc32a961f00a0dd34fba0f,logistic_l2,DPS,,,,,,,,,,,,,,,,,,,,,,,,,,,,,,,,,,,,,,,,,,,,,,,,reliability_bin,3,675,33,0.0596228498967,0.0575849149131,0.0616599913703,0.0107339610078,0.10001481701
later,2018-05,2018-05,,logistic_l2,DPS,,full,raw,raw,,,,b7e9a00da738829a2d21200f3712000581c47366bd7f48f1b3a32351ea8c6329,,,,0.0592592592593,,,,,,,,,,,,5ba9c39fb7a95e02255cc9707656867769dd51ba2afc32a961f00a0dd34fba0f,logistic_l2,DPS,,,,,,,,,,,,,,,,,,,,,,,,,,,,,,,,,,,,,,,,,,,,,,,,reliability_bin,4,675,40,0.0636778572634,0.0616849469102,0.065809240394,0.0044185980041,0.10001481701
later,2018-05,2018-05,,logistic_l2,DPS,,full,raw,raw,,,,b7e9a00da738829a2d21200f3712000581c47366bd7f48f1b3a32351ea8c6329,,,,0.0607407407407,,,,,,,,,,,,5ba9c39fb7a95e02255cc9707656867769dd51ba2afc32a961f00a0dd34fba0f,logistic_l2,DPS,,,,,,,,,,,,,,,,,,,,,,,,,,,,,,,,,,,,,,,,,,,,,,,,reliability_bin,5,675,41,0.068099351533,0.0658107946169,0.0706402514766,0.0073586107923,0.10001481701
later,2018-05,2018-05,,logistic_l2,DPS,,full,raw,raw,,,,b7e9a00da738829a2d21200f3712000581c47366bd7f48f1b3a32351ea8c6329,,,,0.0607407407407,,,,,,,,,,,,5ba9c39fb7a95e02255cc9707656867769dd51ba2afc32a961f00a0dd34fba0f,logistic_l2,DPS,,,,,,,,,,,,,,,,,,,,,,,,,,,,,,,,,,,,,,,,,,,,,,,,reliability_bin,6,675,41,0.0730078106436,0.0706425895111,0.0757009040315,0.0122670699029,0.10001481701
later,2018-05,2018-05,,logistic_l2,DPS,,full,raw,raw,,,,b7e9a00da738829a2d21200f3712000581c47366bd7f48f1b3a32351ea8c6329,,,,0.0651851851852,,,,,,,,,,,,5ba9c39fb7a95e02255cc9707656867769dd51ba2afc32a961f00a0dd34fba0f,logistic_l2,DPS,,,,,,,,,,,,,,,,,,,,,,,,,,,,,,,,,,,,,,,,,,,,,,,,reliability_bin,7,675,44,0.0782055738218,0.0757030272711,0.0811366920454,0.0130203886367,0.10001481701
later,2018-05,2018-05,,logistic_l2,DPS,,full,raw,raw,,,,b7e9a00da738829a2d21200f3712000581c47366bd7f48f1b3a32351ea8c6329,,,,0.0755555555556,,,,,,,,,,,,5ba9c39fb7a95e02255cc9707656867769dd51ba2afc32a961f00a0dd34fba0f,logistic_l2,DPS,,,,,,,,,,,,,,,,,,,,,,,,,,,,,,,,,,,,,,,,,,,,,,,,reliability_bin,8,675,51,0.0840725827205,0.0811378834805,0.0873196307804,0.00851702716491,0.10001481701
later,2018-05,2018-05,,logistic_l2,DPS,,full,raw,raw,,,,b7e9a00da738829a2d21200f3712000581c47366bd7f48f1b3a32351ea8c6329,,,,0.0874074074074,,,,,,,,,,,,5ba9c39fb7a95e02255cc9707656867769dd51ba2afc32a961f00a0dd34fba0f,logistic_l2,DPS,,,,,,,,,,,,,,,,,,,,,,,,,,,,,,,,,,,,,,,,,,,,,,,,reliability_bin,9,675,59,0.0917201464482,0.0873203243836,0.0972466662308,0.00431273904078,0.10001481701
later,2018-05,2018-05,,logistic_l2,DPS,,full,raw,raw,,,,b7e9a00da738829a2d21200f3712000581c47366bd7f48f1b3a32351ea8c6329,,,,0.0964391691395,,,,,,,,,,,,5ba9c39fb7a95e02255cc9707656867769dd51ba2afc32a961f00a0dd34fba0f,logistic_l2,DPS,,,,,,,,,,,,,,,,,,,,,,,,,,,,,,,,,,,,,,,,,,,,,,,,reliability_bin,10,674,65,0.113695081566,0.0972592582013,0.238802060536,0.0172559124267,0.0998666469107
later,2018-05,,,random_forest,DP0,,full,calibrated,,,,,5e3917adfecfbc0e4e9384a1e9558818a3f7966efdae59df643362fb82c6386f,,,,0.0562962962963,,,,,,,,,,,,5ba9c39fb7a95e02255cc9707656867769dd51ba2afc32a961f00a0dd34fba0f,,,,,,,,,,,,,,,,,,,,,,,,,,,,,,,,,,,,,,,,,,,,,,,,,,reliability_bin,1,675,38,0.0368968470675,0.0368196240146,0.0369293866663,0.0193994492288,0.10001481701
later,2018-05,,,random_forest,DP0,,full,calibrated,,,,,5e3917adfecfbc0e4e9384a1e9558818a3f7966efdae59df643362fb82c6386f,,,,0.0681481481481,,,,,,,,,,,,5ba9c39fb7a95e02255cc9707656867769dd51ba2afc32a961f00a0dd34fba0f,,,,,,,,,,,,,,,,,,,,,,,,,,,,,,,,,,,,,,,,,,,,,,,,,,reliability_bin,2,675,46,0.0369483483155,0.0369293866663,0.0369661537063,0.0311997998326,0.10001481701
later,2018-05,,,random_forest,DP0,,full,calibrated,,,,,5e3917adfecfbc0e4e9384a1e9558818a3f7966efdae59df643362fb82c6386f,,,,0.0622222222222,,,,,,,,,,,,5ba9c39fb7a95e02255cc9707656867769dd51ba2afc32a961f00a0dd34fba0f,,,,,,,,,,,,,,,,,,,,,,,,,,,,,,,,,,,,,,,,,,,,,,,,,,reliability_bin,3,675,42,0.0369830403957,0.036966205423,0.0369986606429,0.0252391818265,0.10001481701
later,2018-05,,,random_forest,DP0,,full,calibrated,,,,,5e3917adfecfbc0e4e9384a1e9558818a3f7966efdae59df643362fb82c6386f,,,,0.0666666666667,,,,,,,,,,,,5ba9c39fb7a95e02255cc9707656867769dd51ba2afc32a961f00a0dd34fba0f,,,,,,,,,,,,,,,,,,,,,,,,,,,,,,,,,,,,,,,,,,,,,,,,,,reliability_bin,4,675,45,0.0370126049186,0.0369986671073,0.0370281719211,0.0296540617481,0.10001481701
later,2018-05,,,random_forest,DP0,,full,calibrated,,,,,5e3917adfecfbc0e4e9384a1e9558818a3f7966efdae59df643362fb82c6386f,,,,0.0696296296296,,,,,,,,,,,,5ba9c39fb7a95e02255cc9707656867769dd51ba2afc32a961f00a0dd34fba0f,,,,,,,,,,,,,,,,,,,,,,,,,,,,,,,,,,,,,,,,,,,,,,,,,,reliability_bin,5,675,47,0.0370428806358,0.0370282354346,0.0370567822479,0.0325867489939,0.10001481701
later,2018-05,,,random_forest,DP0,,full,calibrated,,,,,5e3917adfecfbc0e4e9384a1e9558818a3f7966efdae59df643362fb82c6386f,,,,0.0725925925926,,,,,,,,,,,,5ba9c39fb7a95e02255cc9707656867769dd51ba2afc32a961f00a0dd34fba0f,,,,,,,,,,,,,,,,,,,,,,,,,,,,,,,,,,,,,,,,,,,,,,,,,,reliability_bin,6,675,49,0.0370706524082,0.0370567822479,0.0370891416359,0.0355219401844,0.10001481701
later,2018-05,,,random_forest,DP0,,full,calibrated,,,,,5e3917adfecfbc0e4e9384a1e9558818a3f7966efdae59df643362fb82c6386f,,,,0.0651851851852,,,,,,,,,,,,5ba9c39fb7a95e02255cc9707656867769dd51ba2afc32a961f00a0dd34fba0f,,,,,,,,,,,,,,,,,,,,,,,,,,,,,,,,,,,,,,,,,,,,,,,,,,reliability_bin,7,675,44,0.0371124577253,0.0370891899878,0.0371378849995,0.0280727274599,0.10001481701
later,2018-05,,,random_forest,DP0,,full,calibrated,,,,,5e3917adfecfbc0e4e9384a1e9558818a3f7966efdae59df643362fb82c6386f,,,,0.0859259259259,,,,,,,,,,,,5ba9c39fb7a95e02255cc9707656867769dd51ba2afc32a961f00a0dd34fba0f,,,,,,,,,,,,,,,,,,,,,,,,,,,,,,,,,,,,,,,,,,,,,,,,,,reliability_bin,8,675,58,0.0371660842191,0.0371379372608,0.0372022082047,0.0487598417068,0.10001481701
later,2018-05,,,random_forest,DP0,,full,calibrated,,,,,5e3917adfecfbc0e4e9384a1e9558818a3f7966efdae59df643362fb82c6386f,,,,0.0711111111111,,,,,,,,,,,,5ba9c39fb7a95e02255cc9707656867769dd51ba2afc32a961f00a0dd34fba0f,,,,,,,,,,,,,,,,,,,,,,,,,,,,,,,,,,,,,,,,,,,,,,,,,,reliability_bin,9,675,48,0.0372595682423,0.0372022964373,0.0373256300095,0.0338515428688,0.10001481701
later,2018-05,,,random_forest,DP0,,full,calibrated,,,,,5e3917adfecfbc0e4e9384a1e9558818a3f7966efdae59df643362fb82c6386f,,,,0.0385756676558,,,,,,,,,,,,5ba9c39fb7a95e02255cc9707656867769dd51ba2afc32a961f00a0dd34fba0f,,,,,,,,,,,,,,,,,,,,,,,,,,,,,,,,,,,,,,,,,,,,,,,,,,reliability_bin,10,674,26,0.0376237436196,0.0373256300095,0.0384962117787,0.000951924036162,0.0998666469107
later,2018-05,,,random_forest,DP0,,full,raw,,,,,5e3917adfecfbc0e4e9384a1e9558818a3f7966efdae59df643362fb82c6386f,,,,0.0385185185185,,,,,,,,,,,,5ba9c39fb7a95e02255cc9707656867769dd51ba2afc32a961f00a0dd34fba0f,,,,,,,,,,,,,,,,,,,,,,,,,,,,,,,,,,,,,,,,,,,,,,,,,,reliability_bin,1,675,26,0.00340319131989,1e-06,0.00839811813679,0.0351153271986,0.10001481701
later,2018-05,,,random_forest,DP0,,full,raw,,,,,5e3917adfecfbc0e4e9384a1e9558818a3f7966efdae59df643362fb82c6386f,,,,0.0711111111111,,,,,,,,,,,,5ba9c39fb7a95e02255cc9707656867769dd51ba2afc32a961f00a0dd34fba0f,,,,,,,,,,,,,,,,,,,,,,,,,,,,,,,,,,,,,,,,,,,,,,,,,,reliability_bin,2,675,48,0.0146050685144,0.00839811813679,0.0218407285743,0.0565060425968,0.10001481701
later,2018-05,,,random_forest,DP0,,full,raw,,,,,5e3917adfecfbc0e4e9384a1e9558818a3f7966efdae59df643362fb82c6386f,,,,0.0859259259259,,,,,,,,,,,,5ba9c39fb7a95e02255cc9707656867769dd51ba2afc32a961f00a0dd34fba0f,,,,,,,,,,,,,,,,,,,,,,,,,,,,,,,,,,,,,,,,,,,,,,,,,,reliability_bin,3,675,58,0.0291354658073,0.0218407285743,0.0357278740562,0.0567904601186,0.10001481701
later,2018-05,,,random_forest,DP0,,full,raw,,,,,5e3917adfecfbc0e4e9384a1e9558818a3f7966efdae59df643362fb82c6386f,,,,0.0651851851852,,,,,,,,,,,,5ba9c39fb7a95e02255cc9707656867769dd51ba2afc32a961f00a0dd34fba0f,,,,,,,,,,,,,,,,,,,,,,,,,,,,,,,,,,,,,,,,,,,,,,,,,,reliability_bin,4,675,44,0.043567431339,0.0357688503399,0.051607775109,0.0216177538461,0.10001481701
later,2018-05,,,random_forest,DP0,,full,raw,,,,,5e3917adfecfbc0e4e9384a1e9558818a3f7966efdae59df643362fb82c6386f,,,,0.0725925925926,,,,,,,,,,,,5ba9c39fb7a95e02255cc9707656867769dd51ba2afc32a961f00a0dd34fba0f,,,,,,,,,,,,,,,,,,,,,,,,,,,,,,,,,,,,,,,,,,,,,,,,,,reliability_bin,5,675,49,0.0593752904631,0.05165625917,0.0656403819751,0.0132173021295,0.10001481701
later,2018-05,,,random_forest,DP0,,full,raw,,,,,5e3917adfecfbc0e4e9384a1e9558818a3f7966efdae59df643362fb82c6386f,,,,0.0696296296296,,,,,,,,,,,,5ba9c39fb7a95e02255cc9707656867769dd51ba2afc32a961f00a0dd34fba0f,,,,,,,,,,,,,,,,,,,,,,,,,,,,,,,,,,,,,,,,,,,,,,,,,,reliability_bin,6,675,47,0.0728394149035,0.0656441713167,0.0809388345281,0.00320978527386,0.10001481701
later,2018-05,,,random_forest,DP0,,full,raw,,,,,5e3917adfecfbc0e4e9384a1e9558818a3f7966efdae59df643362fb82c6386f,,,,0.0666666666667,,,,,,,,,,,,5ba9c39fb7a95e02255cc9707656867769dd51ba2afc32a961f00a0dd34fba0f,,,,,,,,,,,,,,,,,,,,,,,,,,,,,,,,,,,,,,,,,,,,,,,,,,reliability_bin,7,675,45,0.0907589835204,0.0809447125115,0.100078345791,0.0240923168537,0.10001481701
later,2018-05,,,random_forest,DP0,,full,raw,,,,,5e3917adfecfbc0e4e9384a1e9558818a3f7966efdae59df643362fb82c6386f,,,,0.0622222222222,,,,,,,,,,,,5ba9c39fb7a95e02255cc9707656867769dd51ba2afc32a961f00a0dd34fba0f,,,,,,,,,,,,,,,,,,,,,,,,,,,,,,,,,,,,,,,,,,,,,,,,,,reliability_bin,8,675,42,0.112008511001,0.100225969588,0.125740156362,0.0497862887787,0.10001481701
later,2018-05,,,random_forest,DP0,,full,raw,,,,,5e3917adfecfbc0e4e9384a1e9558818a3f7966efdae59df643362fb82c6386f,,,,0.0696296296296,,,,,,,,,,,,5ba9c39fb7a95e02255cc9707656867769dd51ba2afc32a961f00a0dd34fba0f,,,,,,,,,,,,,,,,,,,,,,,,,,,,,,,,,,,,,,,,,,,,,,,,,,reliability_bin,9,675,47,0.142427915727,0.125851150115,0.161379743106,0.0727982860979,0.10001481701
later,2018-05,,,random_forest,DP0,,full,raw,,,,,5e3917adfecfbc0e4e9384a1e9558818a3f7966efdae59df643362fb82c6386f,,,,0.0548961424332,,,,,,,,,,,,5ba9c39fb7a95e02255cc9707656867769dd51ba2afc32a961f00a0dd34fba0f,,,,,,,,,,,,,,,,,,,,,,,,,,,,,,,,,,,,,,,,,,,,,,,,,,reliability_bin,10,674,37,0.20092143312,0.161379743106,0.31494231904,0.146025290687,0.0998666469107
later,2018-05,,,random_forest,DPB,,full,calibrated,,,,,b17e1681220e79e8d98881026aae360e0559ef290d657479010dd9a7d30ecf6c,,,,0.0207407407407,,,,,,,,,,,,5ba9c39fb7a95e02255cc9707656867769dd51ba2afc32a961f00a0dd34fba0f,,,,,,,,,,,,,,,,,,,,,,,,,,,,,,,,,,,,,,,,,,,,,,,,,,reliability_bin,1,675,14,0.00719986417557,0.000121212121212,0.0153508328191,0.0135408765652,0.10001481701
later,2018-05,,,random_forest,DPB,,full,calibrated,,,,,b17e1681220e79e8d98881026aae360e0559ef290d657479010dd9a7d30ecf6c,,,,0.0237037037037,,,,,,,,,,,,5ba9c39fb7a95e02255cc9707656867769dd51ba2afc32a961f00a0dd34fba0f,,,,,,,,,,,,,,,,,,,,,,,,,,,,,,,,,,,,,,,,,,,,,,,,,,reliability_bin,2,675,16,0.0239371620555,0.0154096489979,0.0331151209581,0.00023345835175,0.10001481701
later,2018-05,,,random_forest,DPB,,full,calibrated,,,,,b17e1681220e79e8d98881026aae360e0559ef290d657479010dd9a7d30ecf6c,,,,0.0488888888889,,,,,,,,,,,,5ba9c39fb7a95e02255cc9707656867769dd51ba2afc32a961f00a0dd34fba0f,,,,,,,,,,,,,,,,,,,,,,,,,,,,,,,,,,,,,,,,,,,,,,,,,,reliability_bin,3,675,33,0.0401758133263,0.0331240361897,0.0465262223128,0.00871307556254,0.10001481701
later,2018-05,,,random_forest,DPB,,full,calibrated,,,,,b17e1681220e79e8d98881026aae360e0559ef290d657479010dd9a7d30ecf6c,,,,0.0444444444444,,,,,,,,,,,,5ba9c39fb7a95e02255cc9707656867769dd51ba2afc32a961f00a0dd34fba0f,,,,,,,,,,,,,,,,,,,,,,,,,,,,,,,,,,,,,,,,,,,,,,,,,,reliability_bin,4,675,30,0.0534648531497,0.0465282628435,0.0602266299065,0.00902040870531,0.10001481701
later,2018-05,,,random_forest,DPB,,full,calibrated,,,,,b17e1681220e79e8d98881026aae360e0559ef290d657479010dd9a7d30ecf6c,,,,0.04,,,,,,,,,,,,5ba9c39fb7a95e02255cc9707656867769dd51ba2afc32a961f00a0dd34fba0f,,,,,,,,,,,,,,,,,,,,,,,,,,,,,,,,,,,,,,,,,,,,,,,,,,reliability_bin,5,675,27,0.0668753741856,0.0602573533634,0.0736534391856,0.0268753741856,0.10001481701
later,2018-05,,,random_forest,DPB,,full,calibrated,,,,,b17e1681220e79e8d98881026aae360e0559ef290d657479010dd9a7d30ecf6c,,,,0.0355555555556,,,,,,,,,,,,5ba9c39fb7a95e02255cc9707656867769dd51ba2afc32a961f00a0dd34fba0f,,,,,,,,,,,,,,,,,,,,,,,,,,,,,,,,,,,,,,,,,,,,,,,,,,reliability_bin,6,675,24,0.084340992168,0.07366206744,0.0982140637031,0.0487854366124,0.10001481701
later,2018-05,,,random_forest,DPB,,full,calibrated,,,,,b17e1681220e79e8d98881026aae360e0559ef290d657479010dd9a7d30ecf6c,,,,0.0755555555556,,,,,,,,,,,,5ba9c39fb7a95e02255cc9707656867769dd51ba2afc32a961f00a0dd34fba0f,,,,,,,,,,,,,,,,,,,,,,,,,,,,,,,,,,,,,,,,,,,,,,,,,,reliability_bin,7,675,51,0.119276383309,0.0982310979791,0.149205085895,0.0437208277539,0.10001481701
later,2018-05,,,random_forest,DPB,,full,calibrated,,,,,b17e1681220e79e8d98881026aae360e0559ef290d657479010dd9a7d30ecf6c,,,,0.0844444444444,,,,,,,,,,,,5ba9c39fb7a95e02255cc9707656867769dd51ba2afc32a961f00a0dd34fba0f,,,,,,,,,,,,,,,,,,,,,,,,,,,,,,,,,,,,,,,,,,,,,,,,,,reliability_bin,8,675,57,0.178956922628,0.149253433757,0.203139533591,0.0945124781839,0.10001481701
later,2018-05,,,random_forest,DPB,,full,calibrated,,,,,b17e1681220e79e8d98881026aae360e0559ef290d657479010dd9a7d30ecf6c,,,,0.115555555556,,,,,,,,,,,,5ba9c39fb7a95e02255cc9707656867769dd51ba2afc32a961f00a0dd34fba0f,,,,,,,,,,,,,,,,,,,,,,,,,,,,,,,,,,,,,,,,,,,,,,,,,,reliability_bin,9,675,78,0.226829862657,0.203146773857,0.253218011585,0.111274307101,0.10001481701
later,2018-05,,,random_forest,DPB,,full,calibrated,,,,,b17e1681220e79e8d98881026aae360e0559ef290d657479010dd9a7d30ecf6c,,,,0.16765578635,,,,,,,,,,,,5ba9c39fb7a95e02255cc9707656867769dd51ba2afc32a961f00a0dd34fba0f,,,,,,,,,,,,,,,,,,,,,,,,,,,,,,,,,,,,,,,,,,,,,,,,,,reliability_bin,10,674,113,0.29762467338,0.253393902597,0.484790275469,0.129968887029,0.0998666469107
later,2018-05,,,random_forest,DPB,,full,raw,,,,,b17e1681220e79e8d98881026aae360e0559ef290d657479010dd9a7d30ecf6c,,,,0.0207407407407,,,,,,,,,,,,5ba9c39fb7a95e02255cc9707656867769dd51ba2afc32a961f00a0dd34fba0f,,,,,,,,,,,,,,,,,,,,,,,,,,,,,,,,,,,,,,,,,,,,,,,,,,reliability_bin,1,675,14,0.00719986417557,0.000121212121212,0.0153508328191,0.0135408765652,0.10001481701
later,2018-05,,,random_forest,DPB,,full,raw,,,,,b17e1681220e79e8d98881026aae360e0559ef290d657479010dd9a7d30ecf6c,,,,0.0237037037037,,,,,,,,,,,,5ba9c39fb7a95e02255cc9707656867769dd51ba2afc32a961f00a0dd34fba0f,,,,,,,,,,,,,,,,,,,,,,,,,,,,,,,,,,,,,,,,,,,,,,,,,,reliability_bin,2,675,16,0.0239371620555,0.0154096489979,0.0331151209581,0.00023345835175,0.10001481701
later,2018-05,,,random_forest,DPB,,full,raw,,,,,b17e1681220e79e8d98881026aae360e0559ef290d657479010dd9a7d30ecf6c,,,,0.0488888888889,,,,,,,,,,,,5ba9c39fb7a95e02255cc9707656867769dd51ba2afc32a961f00a0dd34fba0f,,,,,,,,,,,,,,,,,,,,,,,,,,,,,,,,,,,,,,,,,,,,,,,,,,reliability_bin,3,675,33,0.0401758133263,0.0331240361897,0.0465262223128,0.00871307556254,0.10001481701
later,2018-05,,,random_forest,DPB,,full,raw,,,,,b17e1681220e79e8d98881026aae360e0559ef290d657479010dd9a7d30ecf6c,,,,0.0444444444444,,,,,,,,,,,,5ba9c39fb7a95e02255cc9707656867769dd51ba2afc32a961f00a0dd34fba0f,,,,,,,,,,,,,,,,,,,,,,,,,,,,,,,,,,,,,,,,,,,,,,,,,,reliability_bin,4,675,30,0.0534648531497,0.0465282628435,0.0602266299065,0.00902040870531,0.10001481701
later,2018-05,,,random_forest,DPB,,full,raw,,,,,b17e1681220e79e8d98881026aae360e0559ef290d657479010dd9a7d30ecf6c,,,,0.04,,,,,,,,,,,,5ba9c39fb7a95e02255cc9707656867769dd51ba2afc32a961f00a0dd34fba0f,,,,,,,,,,,,,,,,,,,,,,,,,,,,,,,,,,,,,,,,,,,,,,,,,,reliability_bin,5,675,27,0.0668753741856,0.0602573533634,0.0736534391856,0.0268753741856,0.10001481701
later,2018-05,,,random_forest,DPB,,full,raw,,,,,b17e1681220e79e8d98881026aae360e0559ef290d657479010dd9a7d30ecf6c,,,,0.0355555555556,,,,,,,,,,,,5ba9c39fb7a95e02255cc9707656867769dd51ba2afc32a961f00a0dd34fba0f,,,,,,,,,,,,,,,,,,,,,,,,,,,,,,,,,,,,,,,,,,,,,,,,,,reliability_bin,6,675,24,0.084340992168,0.07366206744,0.0982140637031,0.0487854366124,0.10001481701
later,2018-05,,,random_forest,DPB,,full,raw,,,,,b17e1681220e79e8d98881026aae360e0559ef290d657479010dd9a7d30ecf6c,,,,0.0755555555556,,,,,,,,,,,,5ba9c39fb7a95e02255cc9707656867769dd51ba2afc32a961f00a0dd34fba0f,,,,,,,,,,,,,,,,,,,,,,,,,,,,,,,,,,,,,,,,,,,,,,,,,,reliability_bin,7,675,51,0.119276383309,0.0982310979791,0.149205085895,0.0437208277539,0.10001481701
later,2018-05,,,random_forest,DPB,,full,raw,,,,,b17e1681220e79e8d98881026aae360e0559ef290d657479010dd9a7d30ecf6c,,,,0.0844444444444,,,,,,,,,,,,5ba9c39fb7a95e02255cc9707656867769dd51ba2afc32a961f00a0dd34fba0f,,,,,,,,,,,,,,,,,,,,,,,,,,,,,,,,,,,,,,,,,,,,,,,,,,reliability_bin,8,675,57,0.178956922628,0.149253433757,0.203139533591,0.0945124781839,0.10001481701
later,2018-05,,,random_forest,DPB,,full,raw,,,,,b17e1681220e79e8d98881026aae360e0559ef290d657479010dd9a7d30ecf6c,,,,0.115555555556,,,,,,,,,,,,5ba9c39fb7a95e02255cc9707656867769dd51ba2afc32a961f00a0dd34fba0f,,,,,,,,,,,,,,,,,,,,,,,,,,,,,,,,,,,,,,,,,,,,,,,,,,reliability_bin,9,675,78,0.226829862657,0.203146773857,0.253218011585,0.111274307101,0.10001481701
later,2018-05,,,random_forest,DPB,,full,raw,,,,,b17e1681220e79e8d98881026aae360e0559ef290d657479010dd9a7d30ecf6c,,,,0.16765578635,,,,,,,,,,,,5ba9c39fb7a95e02255cc9707656867769dd51ba2afc32a961f00a0dd34fba0f,,,,,,,,,,,,,,,,,,,,,,,,,,,,,,,,,,,,,,,,,,,,,,,,,,reliability_bin,10,674,113,0.29762467338,0.253393902597,0.484790275469,0.129968887029,0.0998666469107
later,2018-05,,,random_forest,DPG,,full,calibrated,,,,,2d1e26637def0109d0cfec55605e353d41f29b8a88c3b3eaa3fee65116956e1a,,,,0.0266666666667,,,,,,,,,,,,5ba9c39fb7a95e02255cc9707656867769dd51ba2afc32a961f00a0dd34fba0f,,,,,,,,,,,,,,,,,,,,,,,,,,,,,,,,,,,,,,,,,,,,,,,,,,reliability_bin,1,675,18,0.0286375992458,0.0168589741602,0.0348608650181,0.00197093257912,0.10001481701
later,2018-05,,,random_forest,DPG,,full,calibrated,,,,,2d1e26637def0109d0cfec55605e353d41f29b8a88c3b3eaa3fee65116956e1a,,,,0.0192592592593,,,,,,,,,,,,5ba9c39fb7a95e02255cc9707656867769dd51ba2afc32a961f00a0dd34fba0f,,,,,,,,,,,,,,,,,,,,,,,,,,,,,,,,,,,,,,,,,,,,,,,,,,reliability_bin,2,675,13,0.0398364962126,0.0348673984527,0.0438673514613,0.0205772369534,0.10001481701
later,2018-05,,,random_forest,DPG,,full,calibrated,,,,,2d1e26637def0109d0cfec55605e353d41f29b8a88c3b3eaa3fee65116956e1a,,,,0.0518518518519,,,,,,,,,,,,5ba9c39fb7a95e02255cc9707656867769dd51ba2afc32a961f00a0dd34fba0f,,,,,,,,,,,,,,,,,,,,,,,,,,,,,,,,,,,,,,,,,,,,,,,,,,reliability_bin,3,675,35,0.0459080155752,0.0438699841855,0.047268254134,0.00594383627664,0.10001481701
later,2018-05,,,random_forest,DPG,,full,calibrated,,,,,2d1e26637def0109d0cfec55605e353d41f29b8a88c3b3eaa3fee65116956e1a,,,,0.0488888888889,,,,,,,,,,,,5ba9c39fb7a95e02255cc9707656867769dd51ba2afc32a961f00a0dd34fba0f,,,,,,,,,,,,,,,,,,,,,,,,,,,,,,,,,,,,,,,,,,,,,,,,,,reliability_bin,4,675,33,0.0485724480669,0.047268254134,0.0504916303931,0.000316440822031,0.10001481701
later,2018-05,,,random_forest,DPG,,full,calibrated,,,,,2d1e26637def0109d0cfec55605e353d41f29b8a88c3b3eaa3fee65116956e1a,,,,0.0355555555556,,,,,,,,,,,,5ba9c39fb7a95e02255cc9707656867769dd51ba2afc32a961f00a0dd34fba0f,,,,,,,,,,,,,,,,,,,,,,,,,,,,,,,,,,,,,,,,,,,,,,,,,,reliability_bin,5,675,24,0.051588637101,0.0505222618294,0.0527633851484,0.0160330815454,0.10001481701
later,2018-05,,,random_forest,DPG,,full,calibrated,,,,,2d1e26637def0109d0cfec55605e353d41f29b8a88c3b3eaa3fee65116956e1a,,,,0.0296296296296,,,,,,,,,,,,5ba9c39fb7a95e02255cc9707656867769dd51ba2afc32a961f00a0dd34fba0f,,,,,,,,,,,,,,,,,,,,,,,,,,,,,,,,,,,,,,,,,,,,,,,,,,reliability_bin,6,675,20,0.0547212998409,0.0527633851484,0.0568131274832,0.0250916702112,0.10001481701
later,2018-05,,,random_forest,DPG,,full,calibrated,,,,,2d1e26637def0109d0cfec55605e353d41f29b8a88c3b3eaa3fee65116956e1a,,,,0.0918518518519,,,,,,,,,,,,5ba9c39fb7a95e02255cc9707656867769dd51ba2afc32a961f00a0dd34fba0f,,,,,,,,,,,,,,,,,,,,,,,,,,,,,,,,,,,,,,,,,,,,,,,,,,reliability_bin,7,675,62,0.060098944326,0.0568220913304,0.0641045012037,0.0317529075258,0.10001481701
later,2018-05,,,random_forest,DPG,,full,calibrated,,,,,2d1e26637def0109d0cfec55605e353d41f29b8a88c3b3eaa3fee65116956e1a,,,,0.0548148148148,,,,,,,,,,,,5ba9c39fb7a95e02255cc9707656867769dd51ba2afc32a961f00a0dd34fba0f,,,,,,,,,,,,,,,,,,,,,,,,,,,,,,,,,,,,,,,,,,,,,,,,,,reliability_bin,8,675,37,0.0665002031541,0.0641191278885,0.0688889531466,0.0116853883393,0.10001481701
later,2018-05,,,random_forest,DPG,,full,calibrated,,,,,2d1e26637def0109d0cfec55605e353d41f29b8a88c3b3eaa3fee65116956e1a,,,,0.10962962963,,,,,,,,,,,,5ba9c39fb7a95e02255cc9707656867769dd51ba2afc32a961f00a0dd34fba0f,,,,,,,,,,,,,,,,,,,,,,,,,,,,,,,,,,,,,,,,,,,,,,,,,,reliability_bin,9,675,74,0.0715388047839,0.0688889531466,0.074269615459,0.0380908248457,0.10001481701
later,2018-05,,,random_forest,DPG,,full,calibrated,,,,,2d1e26637def0109d0cfec55605e353d41f29b8a88c3b3eaa3fee65116956e1a,,,,0.188427299703,,,,,,,,,,,,5ba9c39fb7a95e02255cc9707656867769dd51ba2afc32a961f00a0dd34fba0f,,,,,,,,,,,,,,,,,,,,,,,,,,,,,,,,,,,,,,,,,,,,,,,,,,reliability_bin,10,674,127,0.0778524599364,0.074269615459,0.0876839108434,0.110574839767,0.0998666469107
later,2018-05,,,random_forest,DPG,,full,raw,,,,,2d1e26637def0109d0cfec55605e353d41f29b8a88c3b3eaa3fee65116956e1a,,,,0.0266666666667,,,,,,,,,,,,5ba9c39fb7a95e02255cc9707656867769dd51ba2afc32a961f00a0dd34fba0f,,,,,,,,,,,,,,,,,,,,,,,,,,,,,,,,,,,,,,,,,,,,,,,,,,reliability_bin,1,675,18,0.00574754657229,0.000463988052223,0.0112305375668,0.0209191200944,0.10001481701
later,2018-05,,,random_forest,DPG,,full,raw,,,,,2d1e26637def0109d0cfec55605e353d41f29b8a88c3b3eaa3fee65116956e1a,,,,0.0192592592593,,,,,,,,,,,,5ba9c39fb7a95e02255cc9707656867769dd51ba2afc32a961f00a0dd34fba0f,,,,,,,,,,,,,,,,,,,,,,,,,,,,,,,,,,,,,,,,,,,,,,,,,,reliability_bin,2,675,13,0.0207670806072,0.0112397952976,0.0307311931201,0.0015078213479,0.10001481701
later,2018-05,,,random_forest,DPG,,full,raw,,,,,2d1e26637def0109d0cfec55605e353d41f29b8a88c3b3eaa3fee65116956e1a,,,,0.0518518518519,,,,,,,,,,,,5ba9c39fb7a95e02255cc9707656867769dd51ba2afc32a961f00a0dd34fba0f,,,,,,,,,,,,,,,,,,,,,,,,,,,,,,,,,,,,,,,,,,,,,,,,,,reliability_bin,3,675,35,0.0375592729244,0.0307392185766,0.0424726409698,0.0142925789275,0.10001481701
later,2018-05,,,random_forest,DPG,,full,raw,,,,,2d1e26637def0109d0cfec55605e353d41f29b8a88c3b3eaa3fee65116956e1a,,,,0.0488888888889,,,,,,,,,,,,5ba9c39fb7a95e02255cc9707656867769dd51ba2afc32a961f00a0dd34fba0f,,,,,,,,,,,,,,,,,,,,,,,,,,,,,,,,,,,,,,,,,,,,,,,,,,reliability_bin,4,675,33,0.0478925923318,0.0424726409698,0.0563691950996,0.000996296557055,0.10001481701
later,2018-05,,,random_forest,DPG,,full,raw,,,,,2d1e26637def0109d0cfec55605e353d41f29b8a88c3b3eaa3fee65116956e1a,,,,0.0355555555556,,,,,,,,,,,,5ba9c39fb7a95e02255cc9707656867769dd51ba2afc32a961f00a0dd34fba0f,,,,,,,,,,,,,,,,,,,,,,,,,,,,,,,,,,,,,,,,,,,,,,,,,,reliability_bin,5,675,24,0.0618165267537,0.0565151956394,0.0679482857239,0.0262609711982,0.10001481701
later,2018-05,,,random_forest,DPG,,full,raw,,,,,2d1e26637def0109d0cfec55605e353d41f29b8a88c3b3eaa3fee65116956e1a,,,,0.0296296296296,,,,,,,,,,,,5ba9c39fb7a95e02255cc9707656867769dd51ba2afc32a961f00a0dd34fba0f,,,,,,,,,,,,,,,,,,,,,,,,,,,,,,,,,,,,,,,,,,,,,,,,,,reliability_bin,6,675,20,0.0794069282887,0.0679482857239,0.0925524094321,0.0497772986591,0.10001481701
later,2018-05,,,random_forest,DPG,,full,raw,,,,,2d1e26637def0109d0cfec55605e353d41f29b8a88c3b3eaa3fee65116956e1a,,,,0.0918518518519,,,,,,,,,,,,5ba9c39fb7a95e02255cc9707656867769dd51ba2afc32a961f00a0dd34fba0f,,,,,,,,,,,,,,,,,,,,,,,,,,,,,,,,,,,,,,,,,,,,,,,,,,reliability_bin,7,675,62,0.117278245824,0.0926127222932,0.150420374894,0.0254263939723,0.10001481701
later,2018-05,,,random_forest,DPG,,full,raw,,,,,2d1e26637def0109d0cfec55605e353d41f29b8a88c3b3eaa3fee65116956e1a,,,,0.0548148148148,,,,,,,,,,,,5ba9c39fb7a95e02255cc9707656867769dd51ba2afc32a961f00a0dd34fba0f,,,,,,,,,,,,,,,,,,,,,,,,,,,,,,,,,,,,,,,,,,,,,,,,,,reliability_bin,8,675,37,0.173567713183,0.150554130277,0.197757716705,0.118752898368,0.10001481701
later,2018-05,,,random_forest,DPG,,full,raw,,,,,2d1e26637def0109d0cfec55605e353d41f29b8a88c3b3eaa3fee65116956e1a,,,,0.10962962963,,,,,,,,,,,,5ba9c39fb7a95e02255cc9707656867769dd51ba2afc32a961f00a0dd34fba0f,,,,,,,,,,,,,,,,,,,,,,,,,,,,,,,,,,,,,,,,,,,,,,,,,,reliability_bin,9,675,74,0.227209104058,0.197757716705,0.258704919317,0.117579474428,0.10001481701
later,2018-05,,,random_forest,DPG,,full,raw,,,,,2d1e26637def0109d0cfec55605e353d41f29b8a88c3b3eaa3fee65116956e1a,,,,0.188427299703,,,,,,,,,,,,5ba9c39fb7a95e02255cc9707656867769dd51ba2afc32a961f00a0dd34fba0f,,,,,,,,,,,,,,,,,,,,,,,,,,,,,,,,,,,,,,,,,,,,,,,,,,reliability_bin,10,674,127,0.30322335029,0.258704919317,0.431082200255,0.114796050587,0.0998666469107
later,2018-05,,,random_forest,DPS,,full,calibrated,,,,,28001dbdd9522c7f186c065e11e57c0c6e39fa8c93550864b23c91c4810f72de,,,,0.0666666666667,,,,,,,,,,,,5ba9c39fb7a95e02255cc9707656867769dd51ba2afc32a961f00a0dd34fba0f,,,,,,,,,,,,,,,,,,,,,,,,,,,,,,,,,,,,,,,,,,,,,,,,,,reliability_bin,1,675,45,0.0206060602157,0.00454485632961,0.0280794414467,0.046060606451,0.10001481701
later,2018-05,,,random_forest,DPS,,full,calibrated,,,,,28001dbdd9522c7f186c065e11e57c0c6e39fa8c93550864b23c91c4810f72de,,,,0.0725925925926,,,,,,,,,,,,5ba9c39fb7a95e02255cc9707656867769dd51ba2afc32a961f00a0dd34fba0f,,,,,,,,,,,,,,,,,,,,,,,,,,,,,,,,,,,,,,,,,,,,,,,,,,reliability_bin,2,675,49,0.0330126575095,0.028101901561,0.0374593147729,0.0395799350831,0.10001481701
later,2018-05,,,random_forest,DPS,,full,calibrated,,,,,28001dbdd9522c7f186c065e11e57c0c6e39fa8c93550864b23c91c4810f72de,,,,0.0488888888889,,,,,,,,,,,,5ba9c39fb7a95e02255cc9707656867769dd51ba2afc32a961f00a0dd34fba0f,,,,,,,,,,,,,,,,,,,,,,,,,,,,,,,,,,,,,,,,,,,,,,,,,,reliability_bin,3,675,33,0.0415560923909,0.0374707286443,0.0453676028206,0.00733279649794,0.10001481701
later,2018-05,,,random_forest,DPS,,full,calibrated,,,,,28001dbdd9522c7f186c065e11e57c0c6e39fa8c93550864b23c91c4810f72de,,,,0.0785185185185,,,,,,,,,,,,5ba9c39fb7a95e02255cc9707656867769dd51ba2afc32a961f00a0dd34fba0f,,,,,,,,,,,,,,,,,,,,,,,,,,,,,,,,,,,,,,,,,,,,,,,,,,reliability_bin,4,675,53,0.0492475687632,0.0453681418391,0.0529982135439,0.0292709497553,0.10001481701
later,2018-05,,,random_forest,DPS,,full,calibrated,,,,,28001dbdd9522c7f186c065e11e57c0c6e39fa8c93550864b23c91c4810f72de,,,,0.0533333333333,,,,,,,,,,,,5ba9c39fb7a95e02255cc9707656867769dd51ba2afc32a961f00a0dd34fba0f,,,,,,,,,,,,,,,,,,,,,,,,,,,,,,,,,,,,,,,,,,,,,,,,,,reliability_bin,5,675,36,0.056817637823,0.0530055357189,0.0607267451559,0.00348430448965,0.10001481701
later,2018-05,,,random_forest,DPS,,full,calibrated,,,,,28001dbdd9522c7f186c065e11e57c0c6e39fa8c93550864b23c91c4810f72de,,,,0.0503703703704,,,,,,,,,,,,5ba9c39fb7a95e02255cc9707656867769dd51ba2afc32a961f00a0dd34fba0f,,,,,,,,,,,,,,,,,,,,,,,,,,,,,,,,,,,,,,,,,,,,,,,,,,reliability_bin,6,675,34,0.0652668790783,0.0607302889143,0.0695488233074,0.0148965087079,0.10001481701
later,2018-05,,,random_forest,DPS,,full,calibrated,,,,,28001dbdd9522c7f186c065e11e57c0c6e39fa8c93550864b23c91c4810f72de,,,,0.0592592592593,,,,,,,,,,,,5ba9c39fb7a95e02255cc9707656867769dd51ba2afc32a961f00a0dd34fba0f,,,,,,,,,,,,,,,,,,,,,,,,,,,,,,,,,,,,,,,,,,,,,,,,,,reliability_bin,7,675,40,0.0751132724904,0.0695697551742,0.0815188665137,0.0158540132312,0.10001481701
later,2018-05,,,random_forest,DPS,,full,calibrated,,,,,28001dbdd9522c7f186c065e11e57c0c6e39fa8c93550864b23c91c4810f72de,,,,0.0696296296296,,,,,,,,,,,,5ba9c39fb7a95e02255cc9707656867769dd51ba2afc32a961f00a0dd34fba0f,,,,,,,,,,,,,,,,,,,,,,,,,,,,,,,,,,,,,,,,,,,,,,,,,,reliability_bin,8,675,47,0.0894236486447,0.0815482549386,0.0981806097703,0.0197940190151,0.10001481701
later,2018-05,,,random_forest,DPS,,full,calibrated,,,,,28001dbdd9522c7f186c065e11e57c0c6e39fa8c93550864b23c91c4810f72de,,,,0.0740740740741,,,,,,,,,,,,5ba9c39fb7a95e02255cc9707656867769dd51ba2afc32a961f00a0dd34fba0f,,,,,,,,,,,,,,,,,,,,,,,,,,,,,,,,,,,,,,,,,,,,,,,,,,reliability_bin,9,675,50,0.110158990209,0.0981852246811,0.125732476381,0.0360849161348,0.10001481701
later,2018-05,,,random_forest,DPS,,full,calibrated,,,,,28001dbdd9522c7f186c065e11e57c0c6e39fa8c93550864b23c91c4810f72de,,,,0.0830860534125,,,,,,,,,,,,5ba9c39fb7a95e02255cc9707656867769dd51ba2afc32a961f00a0dd34fba0f,,,,,,,,,,,,,,,,,,,,,,,,,,,,,,,,,,,,,,,,,,,,,,,,,,reliability_bin,10,674,56,0.167770674929,0.125897275092,0.334990174332,0.0846846215168,0.0998666469107
later,2018-05,,,random_forest,DPS,,full,raw,,,,,28001dbdd9522c7f186c065e11e57c0c6e39fa8c93550864b23c91c4810f72de,,,,0.0666666666667,,,,,,,,,,,,5ba9c39fb7a95e02255cc9707656867769dd51ba2afc32a961f00a0dd34fba0f,,,,,,,,,,,,,,,,,,,,,,,,,,,,,,,,,,,,,,,,,,,,,,,,,,reliability_bin,1,675,45,0.0206060602157,0.00454485632961,0.0280794414467,0.046060606451,0.10001481701
later,2018-05,,,random_forest,DPS,,full,raw,,,,,28001dbdd9522c7f186c065e11e57c0c6e39fa8c93550864b23c91c4810f72de,,,,0.0725925925926,,,,,,,,,,,,5ba9c39fb7a95e02255cc9707656867769dd51ba2afc32a961f00a0dd34fba0f,,,,,,,,,,,,,,,,,,,,,,,,,,,,,,,,,,,,,,,,,,,,,,,,,,reliability_bin,2,675,49,0.0330126575095,0.028101901561,0.0374593147729,0.0395799350831,0.10001481701
later,2018-05,,,random_forest,DPS,,full,raw,,,,,28001dbdd9522c7f186c065e11e57c0c6e39fa8c93550864b23c91c4810f72de,,,,0.0488888888889,,,,,,,,,,,,5ba9c39fb7a95e02255cc9707656867769dd51ba2afc32a961f00a0dd34fba0f,,,,,,,,,,,,,,,,,,,,,,,,,,,,,,,,,,,,,,,,,,,,,,,,,,reliability_bin,3,675,33,0.0415560923909,0.0374707286443,0.0453676028206,0.00733279649794,0.10001481701
later,2018-05,,,random_forest,DPS,,full,raw,,,,,28001dbdd9522c7f186c065e11e57c0c6e39fa8c93550864b23c91c4810f72de,,,,0.0785185185185,,,,,,,,,,,,5ba9c39fb7a95e02255cc9707656867769dd51ba2afc32a961f00a0dd34fba0f,,,,,,,,,,,,,,,,,,,,,,,,,,,,,,,,,,,,,,,,,,,,,,,,,,reliability_bin,4,675,53,0.0492475687632,0.0453681418391,0.0529982135439,0.0292709497553,0.10001481701
later,2018-05,,,random_forest,DPS,,full,raw,,,,,28001dbdd9522c7f186c065e11e57c0c6e39fa8c93550864b23c91c4810f72de,,,,0.0533333333333,,,,,,,,,,,,5ba9c39fb7a95e02255cc9707656867769dd51ba2afc32a961f00a0dd34fba0f,,,,,,,,,,,,,,,,,,,,,,,,,,,,,,,,,,,,,,,,,,,,,,,,,,reliability_bin,5,675,36,0.056817637823,0.0530055357189,0.0607267451559,0.00348430448965,0.10001481701
later,2018-05,,,random_forest,DPS,,full,raw,,,,,28001dbdd9522c7f186c065e11e57c0c6e39fa8c93550864b23c91c4810f72de,,,,0.0503703703704,,,,,,,,,,,,5ba9c39fb7a95e02255cc9707656867769dd51ba2afc32a961f00a0dd34fba0f,,,,,,,,,,,,,,,,,,,,,,,,,,,,,,,,,,,,,,,,,,,,,,,,,,reliability_bin,6,675,34,0.0652668790783,0.0607302889143,0.0695488233074,0.0148965087079,0.10001481701
later,2018-05,,,random_forest,DPS,,full,raw,,,,,28001dbdd9522c7f186c065e11e57c0c6e39fa8c93550864b23c91c4810f72de,,,,0.0592592592593,,,,,,,,,,,,5ba9c39fb7a95e02255cc9707656867769dd51ba2afc32a961f00a0dd34fba0f,,,,,,,,,,,,,,,,,,,,,,,,,,,,,,,,,,,,,,,,,,,,,,,,,,reliability_bin,7,675,40,0.0751132724904,0.0695697551742,0.0815188665137,0.0158540132312,0.10001481701
later,2018-05,,,random_forest,DPS,,full,raw,,,,,28001dbdd9522c7f186c065e11e57c0c6e39fa8c93550864b23c91c4810f72de,,,,0.0696296296296,,,,,,,,,,,,5ba9c39fb7a95e02255cc9707656867769dd51ba2afc32a961f00a0dd34fba0f,,,,,,,,,,,,,,,,,,,,,,,,,,,,,,,,,,,,,,,,,,,,,,,,,,reliability_bin,8,675,47,0.0894236486447,0.0815482549386,0.0981806097703,0.0197940190151,0.10001481701
later,2018-05,,,random_forest,DPS,,full,raw,,,,,28001dbdd9522c7f186c065e11e57c0c6e39fa8c93550864b23c91c4810f72de,,,,0.0740740740741,,,,,,,,,,,,5ba9c39fb7a95e02255cc9707656867769dd51ba2afc32a961f00a0dd34fba0f,,,,,,,,,,,,,,,,,,,,,,,,,,,,,,,,,,,,,,,,,,,,,,,,,,reliability_bin,9,675,50,0.110158990209,0.0981852246811,0.125732476381,0.0360849161348,0.10001481701
later,2018-05,,,random_forest,DPS,,full,raw,,,,,28001dbdd9522c7f186c065e11e57c0c6e39fa8c93550864b23c91c4810f72de,,,,0.0830860534125,,,,,,,,,,,,5ba9c39fb7a95e02255cc9707656867769dd51ba2afc32a961f00a0dd34fba0f,,,,,,,,,,,,,,,,,,,,,,,,,,,,,,,,,,,,,,,,,,,,,,,,,,reliability_bin,10,674,56,0.167770674929,0.125897275092,0.334990174332,0.0846846215168,0.0998666469107
later,2018-05,2018-05,,xgboost,DP0,,full,calibrated,calibrated,,,,f6acfe0a8836588b73e5bd1b7b58528987fdd1c87c31c25417fc813a43da1265,,,,0.0222222222222,,,,,,,,,,,,5ba9c39fb7a95e02255cc9707656867769dd51ba2afc32a961f00a0dd34fba0f,xgboost,DP0,,,,,,,,,,,,,,,,,,,,,,,,,,,,,,,,,,,,,,,,,,,,,,,,reliability_bin,1,675,15,0.0713979800763,0.0713868588209,0.0715041533113,0.0491757578541,0.10001481701
later,2018-05,2018-05,,xgboost,DP0,,full,calibrated,calibrated,,,,f6acfe0a8836588b73e5bd1b7b58528987fdd1c87c31c25417fc813a43da1265,,,,0.077037037037,,,,,,,,,,,,5ba9c39fb7a95e02255cc9707656867769dd51ba2afc32a961f00a0dd34fba0f,xgboost,DP0,,,,,,,,,,,,,,,,,,,,,,,,,,,,,,,,,,,,,,,,,,,,,,,,reliability_bin,2,675,52,0.0715041533113,0.0715041533113,0.0715041533113,0.00553288372578,0.10001481701
later,2018-05,2018-05,,xgboost,DP0,,full,calibrated,calibrated,,,,f6acfe0a8836588b73e5bd1b7b58528987fdd1c87c31c25417fc813a43da1265,,,,0.0488888888889,,,,,,,,,,,,5ba9c39fb7a95e02255cc9707656867769dd51ba2afc32a961f00a0dd34fba0f,xgboost,DP0,,,,,,,,,,,,,,,,,,,,,,,,,,,,,,,,,,,,,,,,,,,,,,,,reliability_bin,3,675,33,0.0726875378247,0.0715041533113,0.0735143050551,0.0237986489358,0.10001481701
later,2018-05,2018-05,,xgboost,DP0,,full,calibrated,calibrated,,,,f6acfe0a8836588b73e5bd1b7b58528987fdd1c87c31c25417fc813a43da1265,,,,0.0562962962963,,,,,,,,,,,,5ba9c39fb7a95e02255cc9707656867769dd51ba2afc32a961f00a0dd34fba0f,xgboost,DP0,,,,,,,,,,,,,,,,,,,,,,,,,,,,,,,,,,,,,,,,,,,,,,,,reliability_bin,4,675,38,0.0750385388622,0.0735143050551,0.0758103430271,0.0187422425659,0.10001481701
later,2018-05,2018-05,,xgboost,DP0,,full,calibrated,calibrated,,,,f6acfe0a8836588b73e5bd1b7b58528987fdd1c87c31c25417fc813a43da1265,,,,0.04,,,,,,,,,,,,5ba9c39fb7a95e02255cc9707656867769dd51ba2afc32a961f00a0dd34fba0f,xgboost,DP0,,,,,,,,,,,,,,,,,,,,,,,,,,,,,,,,,,,,,,,,,,,,,,,,reliability_bin,5,675,27,0.0758103430271,0.0758103430271,0.0758103430271,0.0358103430271,0.10001481701
later,2018-05,2018-05,,xgboost,DP0,,full,calibrated,calibrated,,,,f6acfe0a8836588b73e5bd1b7b58528987fdd1c87c31c25417fc813a43da1265,,,,0.0533333333333,,,,,,,,,,,,5ba9c39fb7a95e02255cc9707656867769dd51ba2afc32a961f00a0dd34fba0f,xgboost,DP0,,,,,,,,,,,,,,,,,,,,,,,,,,,,,,,,,,,,,,,,,,,,,,,,reliability_bin,6,675,36,0.0759731300672,0.0758103430271,0.0761189982295,0.0226397967339,0.10001481701
later,2018-05,2018-05,,xgboost,DP0,,full,calibrated,calibrated,,,,f6acfe0a8836588b73e5bd1b7b58528987fdd1c87c31c25417fc813a43da1265,,,,0.0888888888889,,,,,,,,,,,,5ba9c39fb7a95e02255cc9707656867769dd51ba2afc32a961f00a0dd34fba0f,xgboost,DP0,,,,,,,,,,,,,,,,,,,,,,,,,,,,,,,,,,,,,,,,,,,,,,,,reliability_bin,7,675,60,0.0767043775651,0.0761189982295,0.0771306976676,0.0121845113238,0.10001481701
later,2018-05,2018-05,,xgboost,DP0,,full,calibrated,calibrated,,,,f6acfe0a8836588b73e5bd1b7b58528987fdd1c87c31c25417fc813a43da1265,,,,0.0948148148148,,,,,,,,,,,,5ba9c39fb7a95e02255cc9707656867769dd51ba2afc32a961f00a0dd34fba0f,xgboost,DP0,,,,,,,,,,,,,,,,,,,,,,,,,,,,,,,,,,,,,,,,,,,,,,,,reliability_bin,8,675,64,0.0771306976676,0.0771306976676,0.0771306976676,0.0176841171472,0.10001481701
later,2018-05,2018-05,,xgboost,DP0,,full,calibrated,calibrated,,,,f6acfe0a8836588b73e5bd1b7b58528987fdd1c87c31c25417fc813a43da1265,,,,0.102222222222,,,,,,,,,,,,5ba9c39fb7a95e02255cc9707656867769dd51ba2afc32a961f00a0dd34fba0f,xgboost,DP0,,,,,,,,,,,,,,,,,,,,,,,,,,,,,,,,,,,,,,,,,,,,,,,,reliability_bin,9,675,69,0.0771306976676,0.0771306976676,0.0771306976676,0.0250915245546,0.10001481701
later,2018-05,2018-05,,xgboost,DP0,,full,calibrated,calibrated,,,,f6acfe0a8836588b73e5bd1b7b58528987fdd1c87c31c25417fc813a43da1265,,,,0.0727002967359,,,,,,,,,,,,5ba9c39fb7a95e02255cc9707656867769dd51ba2afc32a961f00a0dd34fba0f,xgboost,DP0,,,,,,,,,,,,,,,,,,,,,,,,,,,,,,,,,,,,,,,,,,,,,,,,reliability_bin,10,674,49,0.0773274099526,0.0771306976676,0.0774979665875,0.00462711321671,0.0998666469107
later,2018-05,2018-05,,xgboost,DP0,,full,raw,raw,,,,f6acfe0a8836588b73e5bd1b7b58528987fdd1c87c31c25417fc813a43da1265,,,,0.0222222222222,,,,,,,,,,,,5ba9c39fb7a95e02255cc9707656867769dd51ba2afc32a961f00a0dd34fba0f,xgboost,DP0,,,,,,,,,,,,,,,,,,,,,,,,,,,,,,,,,,,,,,,,,,,,,,,,reliability_bin,1,675,15,0.0713979800763,0.0713868588209,0.0715041533113,0.0491757578541,0.10001481701
later,2018-05,2018-05,,xgboost,DP0,,full,raw,raw,,,,f6acfe0a8836588b73e5bd1b7b58528987fdd1c87c31c25417fc813a43da1265,,,,0.077037037037,,,,,,,,,,,,5ba9c39fb7a95e02255cc9707656867769dd51ba2afc32a961f00a0dd34fba0f,xgboost,DP0,,,,,,,,,,,,,,,,,,,,,,,,,,,,,,,,,,,,,,,,,,,,,,,,reliability_bin,2,675,52,0.0715041533113,0.0715041533113,0.0715041533113,0.00553288372578,0.10001481701
later,2018-05,2018-05,,xgboost,DP0,,full,raw,raw,,,,f6acfe0a8836588b73e5bd1b7b58528987fdd1c87c31c25417fc813a43da1265,,,,0.0488888888889,,,,,,,,,,,,5ba9c39fb7a95e02255cc9707656867769dd51ba2afc32a961f00a0dd34fba0f,xgboost,DP0,,,,,,,,,,,,,,,,,,,,,,,,,,,,,,,,,,,,,,,,,,,,,,,,reliability_bin,3,675,33,0.0726875378247,0.0715041533113,0.0735143050551,0.0237986489358,0.10001481701
later,2018-05,2018-05,,xgboost,DP0,,full,raw,raw,,,,f6acfe0a8836588b73e5bd1b7b58528987fdd1c87c31c25417fc813a43da1265,,,,0.0562962962963,,,,,,,,,,,,5ba9c39fb7a95e02255cc9707656867769dd51ba2afc32a961f00a0dd34fba0f,xgboost,DP0,,,,,,,,,,,,,,,,,,,,,,,,,,,,,,,,,,,,,,,,,,,,,,,,reliability_bin,4,675,38,0.0750385388622,0.0735143050551,0.0758103430271,0.0187422425659,0.10001481701
later,2018-05,2018-05,,xgboost,DP0,,full,raw,raw,,,,f6acfe0a8836588b73e5bd1b7b58528987fdd1c87c31c25417fc813a43da1265,,,,0.04,,,,,,,,,,,,5ba9c39fb7a95e02255cc9707656867769dd51ba2afc32a961f00a0dd34fba0f,xgboost,DP0,,,,,,,,,,,,,,,,,,,,,,,,,,,,,,,,,,,,,,,,,,,,,,,,reliability_bin,5,675,27,0.0758103430271,0.0758103430271,0.0758103430271,0.0358103430271,0.10001481701
later,2018-05,2018-05,,xgboost,DP0,,full,raw,raw,,,,f6acfe0a8836588b73e5bd1b7b58528987fdd1c87c31c25417fc813a43da1265,,,,0.0533333333333,,,,,,,,,,,,5ba9c39fb7a95e02255cc9707656867769dd51ba2afc32a961f00a0dd34fba0f,xgboost,DP0,,,,,,,,,,,,,,,,,,,,,,,,,,,,,,,,,,,,,,,,,,,,,,,,reliability_bin,6,675,36,0.0759731300672,0.0758103430271,0.0761189982295,0.0226397967339,0.10001481701
later,2018-05,2018-05,,xgboost,DP0,,full,raw,raw,,,,f6acfe0a8836588b73e5bd1b7b58528987fdd1c87c31c25417fc813a43da1265,,,,0.0888888888889,,,,,,,,,,,,5ba9c39fb7a95e02255cc9707656867769dd51ba2afc32a961f00a0dd34fba0f,xgboost,DP0,,,,,,,,,,,,,,,,,,,,,,,,,,,,,,,,,,,,,,,,,,,,,,,,reliability_bin,7,675,60,0.0767043775651,0.0761189982295,0.0771306976676,0.0121845113238,0.10001481701
later,2018-05,2018-05,,xgboost,DP0,,full,raw,raw,,,,f6acfe0a8836588b73e5bd1b7b58528987fdd1c87c31c25417fc813a43da1265,,,,0.0948148148148,,,,,,,,,,,,5ba9c39fb7a95e02255cc9707656867769dd51ba2afc32a961f00a0dd34fba0f,xgboost,DP0,,,,,,,,,,,,,,,,,,,,,,,,,,,,,,,,,,,,,,,,,,,,,,,,reliability_bin,8,675,64,0.0771306976676,0.0771306976676,0.0771306976676,0.0176841171472,0.10001481701
later,2018-05,2018-05,,xgboost,DP0,,full,raw,raw,,,,f6acfe0a8836588b73e5bd1b7b58528987fdd1c87c31c25417fc813a43da1265,,,,0.102222222222,,,,,,,,,,,,5ba9c39fb7a95e02255cc9707656867769dd51ba2afc32a961f00a0dd34fba0f,xgboost,DP0,,,,,,,,,,,,,,,,,,,,,,,,,,,,,,,,,,,,,,,,,,,,,,,,reliability_bin,9,675,69,0.0771306976676,0.0771306976676,0.0771306976676,0.0250915245546,0.10001481701
later,2018-05,2018-05,,xgboost,DP0,,full,raw,raw,,,,f6acfe0a8836588b73e5bd1b7b58528987fdd1c87c31c25417fc813a43da1265,,,,0.0727002967359,,,,,,,,,,,,5ba9c39fb7a95e02255cc9707656867769dd51ba2afc32a961f00a0dd34fba0f,xgboost,DP0,,,,,,,,,,,,,,,,,,,,,,,,,,,,,,,,,,,,,,,,,,,,,,,,reliability_bin,10,674,49,0.0773274099526,0.0771306976676,0.0774979665875,0.00462711321671,0.0998666469107
later,2018-05,2018-05,,xgboost,DPB,,full,calibrated,calibrated,,,,f7279a61afdf97e860a43a3d4fe9d19529dc873ad82b702c04185e39e7aea774,,,,0.0237037037037,,,,,,,,,,,,5ba9c39fb7a95e02255cc9707656867769dd51ba2afc32a961f00a0dd34fba0f,xgboost,DPB,,,,,,,,,,,,,,,,,,,,,,,,,,,,,,,,,,,,,,,,,,,,,,,,reliability_bin,1,675,16,0.070798240602,0.070798240602,0.070798240602,0.0470945368983,0.10001481701
later,2018-05,2018-05,,xgboost,DPB,,full,calibrated,calibrated,,,,f7279a61afdf97e860a43a3d4fe9d19529dc873ad82b702c04185e39e7aea774,,,,0.0296296296296,,,,,,,,,,,,5ba9c39fb7a95e02255cc9707656867769dd51ba2afc32a961f00a0dd34fba0f,xgboost,DPB,,,,,,,,,,,,,,,,,,,,,,,,,,,,,,,,,,,,,,,,,,,,,,,,reliability_bin,2,675,20,0.0710126770757,0.070798240602,0.0715163275599,0.0413830474461,0.10001481701
later,2018-05,2018-05,,xgboost,DPB,,full,calibrated,calibrated,,,,f7279a61afdf97e860a43a3d4fe9d19529dc873ad82b702c04185e39e7aea774,,,,0.0459259259259,,,,,,,,,,,,5ba9c39fb7a95e02255cc9707656867769dd51ba2afc32a961f00a0dd34fba0f,xgboost,DPB,,,,,,,,,,,,,,,,,,,,,,,,,,,,,,,,,,,,,,,,,,,,,,,,reliability_bin,3,675,31,0.0732851770631,0.0715163275599,0.0744885578752,0.0273592511371,0.10001481701
later,2018-05,2018-05,,xgboost,DPB,,full,calibrated,calibrated,,,,f7279a61afdf97e860a43a3d4fe9d19529dc873ad82b702c04185e39e7aea774,,,,0.0474074074074,,,,,,,,,,,,5ba9c39fb7a95e02255cc9707656867769dd51ba2afc32a961f00a0dd34fba0f,xgboost,DPB,,,,,,,,,,,,,,,,,,,,,,,,,,,,,,,,,,,,,,,,,,,,,,,,reliability_bin,4,675,32,0.0744885578752,0.0744885578752,0.0744885578752,0.0270811504677,0.10001481701
later,2018-05,2018-05,,xgboost,DPB,,full,calibrated,calibrated,,,,f7279a61afdf97e860a43a3d4fe9d19529dc873ad82b702c04185e39e7aea774,,,,0.0503703703704,,,,,,,,,,,,5ba9c39fb7a95e02255cc9707656867769dd51ba2afc32a961f00a0dd34fba0f,xgboost,DPB,,,,,,,,,,,,,,,,,,,,,,,,,,,,,,,,,,,,,,,,,,,,,,,,reliability_bin,5,675,34,0.0751172438595,0.0744885578752,0.0758010074496,0.0247468734891,0.10001481701
later,2018-05,2018-05,,xgboost,DPB,,full,calibrated,calibrated,,,,f7279a61afdf97e860a43a3d4fe9d19529dc873ad82b702c04185e39e7aea774,,,,0.0503703703704,,,,,,,,,,,,5ba9c39fb7a95e02255cc9707656867769dd51ba2afc32a961f00a0dd34fba0f,xgboost,DPB,,,,,,,,,,,,,,,,,,,,,,,,,,,,,,,,,,,,,,,,,,,,,,,,reliability_bin,6,675,34,0.077359877604,0.0758010074496,0.0784345716238,0.0269895072337,0.10001481701
later,2018-05,2018-05,,xgboost,DPB,,full,calibrated,calibrated,,,,f7279a61afdf97e860a43a3d4fe9d19529dc873ad82b702c04185e39e7aea774,,,,0.0814814814815,,,,,,,,,,,,5ba9c39fb7a95e02255cc9707656867769dd51ba2afc32a961f00a0dd34fba0f,xgboost,DPB,,,,,,,,,,,,,,,,,,,,,,,,,,,,,,,,,,,,,,,,,,,,,,,,reliability_bin,7,675,55,0.0785931167779,0.0784345716238,0.0788514614105,0.00288836470357,0.10001481701
later,2018-05,2018-05,,xgboost,DPB,,full,calibrated,calibrated,,,,f7279a61afdf97e860a43a3d4fe9d19529dc873ad82b702c04185e39e7aea774,,,,0.0607407407407,,,,,,,,,,,,5ba9c39fb7a95e02255cc9707656867769dd51ba2afc32a961f00a0dd34fba0f,xgboost,DPB,,,,,,,,,,,,,,,,,,,,,,,,,,,,,,,,,,,,,,,,,,,,,,,,reliability_bin,8,675,41,0.0823017399731,0.0788514614105,0.0840450897813,0.0215609992323,0.10001481701
later,2018-05,2018-05,,xgboost,DPB,,full,calibrated,calibrated,,,,f7279a61afdf97e860a43a3d4fe9d19529dc873ad82b702c04185e39e7aea774,,,,0.105185185185,,,,,,,,,,,,5ba9c39fb7a95e02255cc9707656867769dd51ba2afc32a961f00a0dd34fba0f,xgboost,DPB,,,,,,,,,,,,,,,,,,,,,,,,,,,,,,,,,,,,,,,,,,,,,,,,reliability_bin,9,675,71,0.0868267257898,0.0840450897813,0.0888969674706,0.0183584593954,0.10001481701
later,2018-05,2018-05,,xgboost,DPB,,full,calibrated,calibrated,,,,f7279a61afdf97e860a43a3d4fe9d19529dc873ad82b702c04185e39e7aea774,,,,0.161721068249,,,,,,,,,,,,5ba9c39fb7a95e02255cc9707656867769dd51ba2afc32a961f00a0dd34fba0f,xgboost,DPB,,,,,,,,,,,,,,,,,,,,,,,,,,,,,,,,,,,,,,,,,,,,,,,,reliability_bin,10,674,109,0.0960032989545,0.0888969674706,0.107918247581,0.0657177692948,0.0998666469107
later,2018-05,2018-05,,xgboost,DPB,,full,raw,raw,,,,f7279a61afdf97e860a43a3d4fe9d19529dc873ad82b702c04185e39e7aea774,,,,0.0237037037037,,,,,,,,,,,,5ba9c39fb7a95e02255cc9707656867769dd51ba2afc32a961f00a0dd34fba0f,xgboost,DPB,,,,,,,,,,,,,,,,,,,,,,,,,,,,,,,,,,,,,,,,,,,,,,,,reliability_bin,1,675,16,0.070798240602,0.070798240602,0.070798240602,0.0470945368983,0.10001481701
later,2018-05,2018-05,,xgboost,DPB,,full,raw,raw,,,,f7279a61afdf97e860a43a3d4fe9d19529dc873ad82b702c04185e39e7aea774,,,,0.0296296296296,,,,,,,,,,,,5ba9c39fb7a95e02255cc9707656867769dd51ba2afc32a961f00a0dd34fba0f,xgboost,DPB,,,,,,,,,,,,,,,,,,,,,,,,,,,,,,,,,,,,,,,,,,,,,,,,reliability_bin,2,675,20,0.0710126770757,0.070798240602,0.0715163275599,0.0413830474461,0.10001481701
later,2018-05,2018-05,,xgboost,DPB,,full,raw,raw,,,,f7279a61afdf97e860a43a3d4fe9d19529dc873ad82b702c04185e39e7aea774,,,,0.0459259259259,,,,,,,,,,,,5ba9c39fb7a95e02255cc9707656867769dd51ba2afc32a961f00a0dd34fba0f,xgboost,DPB,,,,,,,,,,,,,,,,,,,,,,,,,,,,,,,,,,,,,,,,,,,,,,,,reliability_bin,3,675,31,0.0732851770631,0.0715163275599,0.0744885578752,0.0273592511371,0.10001481701
later,2018-05,2018-05,,xgboost,DPB,,full,raw,raw,,,,f7279a61afdf97e860a43a3d4fe9d19529dc873ad82b702c04185e39e7aea774,,,,0.0474074074074,,,,,,,,,,,,5ba9c39fb7a95e02255cc9707656867769dd51ba2afc32a961f00a0dd34fba0f,xgboost,DPB,,,,,,,,,,,,,,,,,,,,,,,,,,,,,,,,,,,,,,,,,,,,,,,,reliability_bin,4,675,32,0.0744885578752,0.0744885578752,0.0744885578752,0.0270811504677,0.10001481701
later,2018-05,2018-05,,xgboost,DPB,,full,raw,raw,,,,f7279a61afdf97e860a43a3d4fe9d19529dc873ad82b702c04185e39e7aea774,,,,0.0503703703704,,,,,,,,,,,,5ba9c39fb7a95e02255cc9707656867769dd51ba2afc32a961f00a0dd34fba0f,xgboost,DPB,,,,,,,,,,,,,,,,,,,,,,,,,,,,,,,,,,,,,,,,,,,,,,,,reliability_bin,5,675,34,0.0751172438595,0.0744885578752,0.0758010074496,0.0247468734891,0.10001481701
later,2018-05,2018-05,,xgboost,DPB,,full,raw,raw,,,,f7279a61afdf97e860a43a3d4fe9d19529dc873ad82b702c04185e39e7aea774,,,,0.0503703703704,,,,,,,,,,,,5ba9c39fb7a95e02255cc9707656867769dd51ba2afc32a961f00a0dd34fba0f,xgboost,DPB,,,,,,,,,,,,,,,,,,,,,,,,,,,,,,,,,,,,,,,,,,,,,,,,reliability_bin,6,675,34,0.077359877604,0.0758010074496,0.0784345716238,0.0269895072337,0.10001481701
later,2018-05,2018-05,,xgboost,DPB,,full,raw,raw,,,,f7279a61afdf97e860a43a3d4fe9d19529dc873ad82b702c04185e39e7aea774,,,,0.0814814814815,,,,,,,,,,,,5ba9c39fb7a95e02255cc9707656867769dd51ba2afc32a961f00a0dd34fba0f,xgboost,DPB,,,,,,,,,,,,,,,,,,,,,,,,,,,,,,,,,,,,,,,,,,,,,,,,reliability_bin,7,675,55,0.0785931167779,0.0784345716238,0.0788514614105,0.00288836470357,0.10001481701
later,2018-05,2018-05,,xgboost,DPB,,full,raw,raw,,,,f7279a61afdf97e860a43a3d4fe9d19529dc873ad82b702c04185e39e7aea774,,,,0.0607407407407,,,,,,,,,,,,5ba9c39fb7a95e02255cc9707656867769dd51ba2afc32a961f00a0dd34fba0f,xgboost,DPB,,,,,,,,,,,,,,,,,,,,,,,,,,,,,,,,,,,,,,,,,,,,,,,,reliability_bin,8,675,41,0.0823017399731,0.0788514614105,0.0840450897813,0.0215609992323,0.10001481701
later,2018-05,2018-05,,xgboost,DPB,,full,raw,raw,,,,f7279a61afdf97e860a43a3d4fe9d19529dc873ad82b702c04185e39e7aea774,,,,0.105185185185,,,,,,,,,,,,5ba9c39fb7a95e02255cc9707656867769dd51ba2afc32a961f00a0dd34fba0f,xgboost,DPB,,,,,,,,,,,,,,,,,,,,,,,,,,,,,,,,,,,,,,,,,,,,,,,,reliability_bin,9,675,71,0.0868267257898,0.0840450897813,0.0888969674706,0.0183584593954,0.10001481701
later,2018-05,2018-05,,xgboost,DPB,,full,raw,raw,,,,f7279a61afdf97e860a43a3d4fe9d19529dc873ad82b702c04185e39e7aea774,,,,0.161721068249,,,,,,,,,,,,5ba9c39fb7a95e02255cc9707656867769dd51ba2afc32a961f00a0dd34fba0f,xgboost,DPB,,,,,,,,,,,,,,,,,,,,,,,,,,,,,,,,,,,,,,,,,,,,,,,,reliability_bin,10,674,109,0.0960032989545,0.0888969674706,0.107918247581,0.0657177692948,0.0998666469107
later,2018-05,2018-05,,xgboost,DPG,,full,calibrated,calibrated,,,,6acd2317a934e6d5124f16b9e07c2ae0eadc7cd2998b1564c276beacbfee9dfa,,,,0.0281481481481,,,,,,,,,,,,5ba9c39fb7a95e02255cc9707656867769dd51ba2afc32a961f00a0dd34fba0f,xgboost,DPG,,,,,,,,,,,,,,,,,,,,,,,,,,,,,,,,,,,,,,,,,,,,,,,,reliability_bin,1,675,19,0.0702689960599,0.0702689960599,0.0702689960599,0.0421208479117,0.10001481701
later,2018-05,2018-05,,xgboost,DPG,,full,calibrated,calibrated,,,,6acd2317a934e6d5124f16b9e07c2ae0eadc7cd2998b1564c276beacbfee9dfa,,,,0.0222222222222,,,,,,,,,,,,5ba9c39fb7a95e02255cc9707656867769dd51ba2afc32a961f00a0dd34fba0f,xgboost,DPG,,,,,,,,,,,,,,,,,,,,,,,,,,,,,,,,,,,,,,,,,,,,,,,,reliability_bin,2,675,15,0.0710173296377,0.0702689960599,0.0712873935699,0.0487951074154,0.10001481701
later,2018-05,2018-05,,xgboost,DPG,,full,calibrated,calibrated,,,,6acd2317a934e6d5124f16b9e07c2ae0eadc7cd2998b1564c276beacbfee9dfa,,,,0.0325925925926,,,,,,,,,,,,5ba9c39fb7a95e02255cc9707656867769dd51ba2afc32a961f00a0dd34fba0f,xgboost,DPG,,,,,,,,,,,,,,,,,,,,,,,,,,,,,,,,,,,,,,,,,,,,,,,,reliability_bin,3,675,22,0.0743509331125,0.0712873935699,0.0754579305649,0.0417583405199,0.10001481701
later,2018-05,2018-05,,xgboost,DPG,,full,calibrated,calibrated,,,,6acd2317a934e6d5124f16b9e07c2ae0eadc7cd2998b1564c276beacbfee9dfa,,,,0.0311111111111,,,,,,,,,,,,5ba9c39fb7a95e02255cc9707656867769dd51ba2afc32a961f00a0dd34fba0f,xgboost,DPG,,,,,,,,,,,,,,,,,,,,,,,,,,,,,,,,,,,,,,,,,,,,,,,,reliability_bin,4,675,21,0.0755757268491,0.0754579305649,0.075784906745,0.044464615738,0.10001481701
later,2018-05,2018-05,,xgboost,DPG,,full,calibrated,calibrated,,,,6acd2317a934e6d5124f16b9e07c2ae0eadc7cd2998b1564c276beacbfee9dfa,,,,0.0474074074074,,,,,,,,,,,,5ba9c39fb7a95e02255cc9707656867769dd51ba2afc32a961f00a0dd34fba0f,xgboost,DPG,,,,,,,,,,,,,,,,,,,,,,,,,,,,,,,,,,,,,,,,,,,,,,,,reliability_bin,5,675,32,0.0768576347166,0.075784906745,0.0776510462165,0.0294502273092,0.10001481701
later,2018-05,2018-05,,xgboost,DPG,,full,calibrated,calibrated,,,,6acd2317a934e6d5124f16b9e07c2ae0eadc7cd2998b1564c276beacbfee9dfa,,,,0.0696296296296,,,,,,,,,,,,5ba9c39fb7a95e02255cc9707656867769dd51ba2afc32a961f00a0dd34fba0f,xgboost,DPG,,,,,,,,,,,,,,,,,,,,,,,,,,,,,,,,,,,,,,,,,,,,,,,,reliability_bin,6,675,47,0.0776510462165,0.0776510462165,0.0776510462165,0.00802141658686,0.10001481701
later,2018-05,2018-05,,xgboost,DPG,,full,calibrated,calibrated,,,,6acd2317a934e6d5124f16b9e07c2ae0eadc7cd2998b1564c276beacbfee9dfa,,,,0.0948148148148,,,,,,,,,,,,5ba9c39fb7a95e02255cc9707656867769dd51ba2afc32a961f00a0dd34fba0f,xgboost,DPG,,,,,,,,,,,,,,,,,,,,,,,,,,,,,,,,,,,,,,,,,,,,,,,,reliability_bin,7,675,64,0.0779885607296,0.0776510462165,0.0785599499941,0.0168262540853,0.10001481701
later,2018-05,2018-05,,xgboost,DPG,,full,calibrated,calibrated,,,,6acd2317a934e6d5124f16b9e07c2ae0eadc7cd2998b1564c276beacbfee9dfa,,,,0.0562962962963,,,,,,,,,,,,5ba9c39fb7a95e02255cc9707656867769dd51ba2afc32a961f00a0dd34fba0f,xgboost,DPG,,,,,,,,,,,,,,,,,,,,,,,,,,,,,,,,,,,,,,,,,,,,,,,,reliability_bin,8,675,38,0.0813741212973,0.0785599499941,0.0846081897616,0.025077825001,0.10001481701
later,2018-05,2018-05,,xgboost,DPG,,full,calibrated,calibrated,,,,6acd2317a934e6d5124f16b9e07c2ae0eadc7cd2998b1564c276beacbfee9dfa,,,,0.121481481481,,,,,,,,,,,,5ba9c39fb7a95e02255cc9707656867769dd51ba2afc32a961f00a0dd34fba0f,xgboost,DPG,,,,,,,,,,,,,,,,,,,,,,,,,,,,,,,,,,,,,,,,,,,,,,,,reliability_bin,9,675,82,0.0859349291413,0.0846081897616,0.0906205624342,0.0355465523402,0.10001481701
later,2018-05,2018-05,,xgboost,DPG,,full,calibrated,calibrated,,,,6acd2317a934e6d5124f16b9e07c2ae0eadc7cd2998b1564c276beacbfee9dfa,,,,0.152818991098,,,,,,,,,,,,5ba9c39fb7a95e02255cc9707656867769dd51ba2afc32a961f00a0dd34fba0f,xgboost,DPG,,,,,,,,,,,,,,,,,,,,,,,,,,,,,,,,,,,,,,,,,,,,,,,,reliability_bin,10,674,103,0.0934420240496,0.0906205624342,0.102632761002,0.0593769670483,0.0998666469107
later,2018-05,2018-05,,xgboost,DPG,,full,raw,raw,,,,6acd2317a934e6d5124f16b9e07c2ae0eadc7cd2998b1564c276beacbfee9dfa,,,,0.0281481481481,,,,,,,,,,,,5ba9c39fb7a95e02255cc9707656867769dd51ba2afc32a961f00a0dd34fba0f,xgboost,DPG,,,,,,,,,,,,,,,,,,,,,,,,,,,,,,,,,,,,,,,,,,,,,,,,reliability_bin,1,675,19,0.0702689960599,0.0702689960599,0.0702689960599,0.0421208479117,0.10001481701
later,2018-05,2018-05,,xgboost,DPG,,full,raw,raw,,,,6acd2317a934e6d5124f16b9e07c2ae0eadc7cd2998b1564c276beacbfee9dfa,,,,0.0222222222222,,,,,,,,,,,,5ba9c39fb7a95e02255cc9707656867769dd51ba2afc32a961f00a0dd34fba0f,xgboost,DPG,,,,,,,,,,,,,,,,,,,,,,,,,,,,,,,,,,,,,,,,,,,,,,,,reliability_bin,2,675,15,0.0710173296377,0.0702689960599,0.0712873935699,0.0487951074154,0.10001481701
later,2018-05,2018-05,,xgboost,DPG,,full,raw,raw,,,,6acd2317a934e6d5124f16b9e07c2ae0eadc7cd2998b1564c276beacbfee9dfa,,,,0.0325925925926,,,,,,,,,,,,5ba9c39fb7a95e02255cc9707656867769dd51ba2afc32a961f00a0dd34fba0f,xgboost,DPG,,,,,,,,,,,,,,,,,,,,,,,,,,,,,,,,,,,,,,,,,,,,,,,,reliability_bin,3,675,22,0.0743509331125,0.0712873935699,0.0754579305649,0.0417583405199,0.10001481701
later,2018-05,2018-05,,xgboost,DPG,,full,raw,raw,,,,6acd2317a934e6d5124f16b9e07c2ae0eadc7cd2998b1564c276beacbfee9dfa,,,,0.0311111111111,,,,,,,,,,,,5ba9c39fb7a95e02255cc9707656867769dd51ba2afc32a961f00a0dd34fba0f,xgboost,DPG,,,,,,,,,,,,,,,,,,,,,,,,,,,,,,,,,,,,,,,,,,,,,,,,reliability_bin,4,675,21,0.0755757268491,0.0754579305649,0.075784906745,0.044464615738,0.10001481701
later,2018-05,2018-05,,xgboost,DPG,,full,raw,raw,,,,6acd2317a934e6d5124f16b9e07c2ae0eadc7cd2998b1564c276beacbfee9dfa,,,,0.0474074074074,,,,,,,,,,,,5ba9c39fb7a95e02255cc9707656867769dd51ba2afc32a961f00a0dd34fba0f,xgboost,DPG,,,,,,,,,,,,,,,,,,,,,,,,,,,,,,,,,,,,,,,,,,,,,,,,reliability_bin,5,675,32,0.0768576347166,0.075784906745,0.0776510462165,0.0294502273092,0.10001481701
later,2018-05,2018-05,,xgboost,DPG,,full,raw,raw,,,,6acd2317a934e6d5124f16b9e07c2ae0eadc7cd2998b1564c276beacbfee9dfa,,,,0.0696296296296,,,,,,,,,,,,5ba9c39fb7a95e02255cc9707656867769dd51ba2afc32a961f00a0dd34fba0f,xgboost,DPG,,,,,,,,,,,,,,,,,,,,,,,,,,,,,,,,,,,,,,,,,,,,,,,,reliability_bin,6,675,47,0.0776510462165,0.0776510462165,0.0776510462165,0.00802141658686,0.10001481701
later,2018-05,2018-05,,xgboost,DPG,,full,raw,raw,,,,6acd2317a934e6d5124f16b9e07c2ae0eadc7cd2998b1564c276beacbfee9dfa,,,,0.0948148148148,,,,,,,,,,,,5ba9c39fb7a95e02255cc9707656867769dd51ba2afc32a961f00a0dd34fba0f,xgboost,DPG,,,,,,,,,,,,,,,,,,,,,,,,,,,,,,,,,,,,,,,,,,,,,,,,reliability_bin,7,675,64,0.0779885607296,0.0776510462165,0.0785599499941,0.0168262540853,0.10001481701
later,2018-05,2018-05,,xgboost,DPG,,full,raw,raw,,,,6acd2317a934e6d5124f16b9e07c2ae0eadc7cd2998b1564c276beacbfee9dfa,,,,0.0562962962963,,,,,,,,,,,,5ba9c39fb7a95e02255cc9707656867769dd51ba2afc32a961f00a0dd34fba0f,xgboost,DPG,,,,,,,,,,,,,,,,,,,,,,,,,,,,,,,,,,,,,,,,,,,,,,,,reliability_bin,8,675,38,0.0813741212973,0.0785599499941,0.0846081897616,0.025077825001,0.10001481701
later,2018-05,2018-05,,xgboost,DPG,,full,raw,raw,,,,6acd2317a934e6d5124f16b9e07c2ae0eadc7cd2998b1564c276beacbfee9dfa,,,,0.121481481481,,,,,,,,,,,,5ba9c39fb7a95e02255cc9707656867769dd51ba2afc32a961f00a0dd34fba0f,xgboost,DPG,,,,,,,,,,,,,,,,,,,,,,,,,,,,,,,,,,,,,,,,,,,,,,,,reliability_bin,9,675,82,0.0859349291413,0.0846081897616,0.0906205624342,0.0355465523402,0.10001481701
later,2018-05,2018-05,,xgboost,DPG,,full,raw,raw,,,,6acd2317a934e6d5124f16b9e07c2ae0eadc7cd2998b1564c276beacbfee9dfa,,,,0.152818991098,,,,,,,,,,,,5ba9c39fb7a95e02255cc9707656867769dd51ba2afc32a961f00a0dd34fba0f,xgboost,DPG,,,,,,,,,,,,,,,,,,,,,,,,,,,,,,,,,,,,,,,,,,,,,,,,reliability_bin,10,674,103,0.0934420240496,0.0906205624342,0.102632761002,0.0593769670483,0.0998666469107
later,2018-05,2018-05,,xgboost,DPS,,full,calibrated,calibrated,,,,97c56a860b55d7a9fb272a61e1b5061e19ed12cd4deb8ebe7d8a04a8805e1039,,,,0.0711111111111,,,,,,,,,,,,5ba9c39fb7a95e02255cc9707656867769dd51ba2afc32a961f00a0dd34fba0f,xgboost,DPS,,,,,,,,,,,,,,,,,,,,,,,,,,,,,,,,,,,,,,,,,,,,,,,,reliability_bin,1,675,48,0.0714553862148,0.0699725374579,0.0725510418415,0.000344275103675,0.10001481701
later,2018-05,2018-05,,xgboost,DPS,,full,calibrated,calibrated,,,,97c56a860b55d7a9fb272a61e1b5061e19ed12cd4deb8ebe7d8a04a8805e1039,,,,0.0814814814815,,,,,,,,,,,,5ba9c39fb7a95e02255cc9707656867769dd51ba2afc32a961f00a0dd34fba0f,xgboost,DPS,,,,,,,,,,,,,,,,,,,,,,,,,,,,,,,,,,,,,,,,,,,,,,,,reliability_bin,2,675,55,0.0730230241241,0.0725510418415,0.0734527483582,0.00845845735735,0.10001481701
later,2018-05,2018-05,,xgboost,DPS,,full,calibrated,calibrated,,,,97c56a860b55d7a9fb272a61e1b5061e19ed12cd4deb8ebe7d8a04a8805e1039,,,,0.0533333333333,,,,,,,,,,,,5ba9c39fb7a95e02255cc9707656867769dd51ba2afc32a961f00a0dd34fba0f,xgboost,DPS,,,,,,,,,,,,,,,,,,,,,,,,,,,,,,,,,,,,,,,,,,,,,,,,reliability_bin,3,675,36,0.0734663586815,0.0734527483582,0.0736293718219,0.0201330253482,0.10001481701
later,2018-05,2018-05,,xgboost,DPS,,full,calibrated,calibrated,,,,97c56a860b55d7a9fb272a61e1b5061e19ed12cd4deb8ebe7d8a04a8805e1039,,,,0.0385185185185,,,,,,,,,,,,5ba9c39fb7a95e02255cc9707656867769dd51ba2afc32a961f00a0dd34fba0f,xgboost,DPS,,,,,,,,,,,,,,,,,,,,,,,,,,,,,,,,,,,,,,,,,,,,,,,,reliability_bin,4,675,26,0.0739436964194,0.0736293718219,0.0740632414818,0.0354251779009,0.10001481701
later,2018-05,2018-05,,xgboost,DPS,,full,calibrated,calibrated,,,,97c56a860b55d7a9fb272a61e1b5061e19ed12cd4deb8ebe7d8a04a8805e1039,,,,0.04,,,,,,,,,,,,5ba9c39fb7a95e02255cc9707656867769dd51ba2afc32a961f00a0dd34fba0f,xgboost,DPS,,,,,,,,,,,,,,,,,,,,,,,,,,,,,,,,,,,,,,,,,,,,,,,,reliability_bin,5,675,27,0.0747601696738,0.0740632414818,0.0752112492919,0.0347601696738,0.10001481701
later,2018-05,2018-05,,xgboost,DPS,,full,calibrated,calibrated,,,,97c56a860b55d7a9fb272a61e1b5061e19ed12cd4deb8ebe7d8a04a8805e1039,,,,0.0666666666667,,,,,,,,,,,,5ba9c39fb7a95e02255cc9707656867769dd51ba2afc32a961f00a0dd34fba0f,xgboost,DPS,,,,,,,,,,,,,,,,,,,,,,,,,,,,,,,,,,,,,,,,,,,,,,,,reliability_bin,6,675,45,0.0752254178789,0.0752112492919,0.0754243060946,0.00855875121223,0.10001481701
later,2018-05,2018-05,,xgboost,DPS,,full,calibrated,calibrated,,,,97c56a860b55d7a9fb272a61e1b5061e19ed12cd4deb8ebe7d8a04a8805e1039,,,,0.0844444444444,,,,,,,,,,,,5ba9c39fb7a95e02255cc9707656867769dd51ba2afc32a961f00a0dd34fba0f,xgboost,DPS,,,,,,,,,,,,,,,,,,,,,,,,,,,,,,,,,,,,,,,,,,,,,,,,reliability_bin,7,675,57,0.075811766099,0.0754243060946,0.0760299116373,0.0086326783454,0.10001481701
later,2018-05,2018-05,,xgboost,DPS,,full,calibrated,calibrated,,,,97c56a860b55d7a9fb272a61e1b5061e19ed12cd4deb8ebe7d8a04a8805e1039,,,,0.0711111111111,,,,,,,,,,,,5ba9c39fb7a95e02255cc9707656867769dd51ba2afc32a961f00a0dd34fba0f,xgboost,DPS,,,,,,,,,,,,,,,,,,,,,,,,,,,,,,,,,,,,,,,,,,,,,,,,reliability_bin,8,675,48,0.0765513365136,0.0760299116373,0.0768445432186,0.00544022540251,0.10001481701
later,2018-05,2018-05,,xgboost,DPS,,full,calibrated,calibrated,,,,97c56a860b55d7a9fb272a61e1b5061e19ed12cd4deb8ebe7d8a04a8805e1039,,,,0.100740740741,,,,,,,,,,,,5ba9c39fb7a95e02255cc9707656867769dd51ba2afc32a961f00a0dd34fba0f,xgboost,DPS,,,,,,,,,,,,,,,,,,,,,,,,,,,,,,,,,,,,,,,,,,,,,,,,reliability_bin,9,675,68,0.0773411188413,0.0768445432186,0.0774835944176,0.0233996218995,0.10001481701
later,2018-05,2018-05,,xgboost,DPS,,full,calibrated,calibrated,,,,97c56a860b55d7a9fb272a61e1b5061e19ed12cd4deb8ebe7d8a04a8805e1039,,,,0.0489614243323,,,,,,,,,,,,5ba9c39fb7a95e02255cc9707656867769dd51ba2afc32a961f00a0dd34fba0f,xgboost,DPS,,,,,,,,,,,,,,,,,,,,,,,,,,,,,,,,,,,,,,,,,,,,,,,,reliability_bin,10,674,33,0.0791555526791,0.0774835944176,0.0848673582077,0.0301941283467,0.0998666469107
later,2018-05,2018-05,,xgboost,DPS,,full,raw,raw,,,,97c56a860b55d7a9fb272a61e1b5061e19ed12cd4deb8ebe7d8a04a8805e1039,,,,0.0711111111111,,,,,,,,,,,,5ba9c39fb7a95e02255cc9707656867769dd51ba2afc32a961f00a0dd34fba0f,xgboost,DPS,,,,,,,,,,,,,,,,,,,,,,,,,,,,,,,,,,,,,,,,,,,,,,,,reliability_bin,1,675,48,0.0714553862148,0.0699725374579,0.0725510418415,0.000344275103675,0.10001481701
later,2018-05,2018-05,,xgboost,DPS,,full,raw,raw,,,,97c56a860b55d7a9fb272a61e1b5061e19ed12cd4deb8ebe7d8a04a8805e1039,,,,0.0814814814815,,,,,,,,,,,,5ba9c39fb7a95e02255cc9707656867769dd51ba2afc32a961f00a0dd34fba0f,xgboost,DPS,,,,,,,,,,,,,,,,,,,,,,,,,,,,,,,,,,,,,,,,,,,,,,,,reliability_bin,2,675,55,0.0730230241241,0.0725510418415,0.0734527483582,0.00845845735735,0.10001481701
later,2018-05,2018-05,,xgboost,DPS,,full,raw,raw,,,,97c56a860b55d7a9fb272a61e1b5061e19ed12cd4deb8ebe7d8a04a8805e1039,,,,0.0533333333333,,,,,,,,,,,,5ba9c39fb7a95e02255cc9707656867769dd51ba2afc32a961f00a0dd34fba0f,xgboost,DPS,,,,,,,,,,,,,,,,,,,,,,,,,,,,,,,,,,,,,,,,,,,,,,,,reliability_bin,3,675,36,0.0734663586815,0.0734527483582,0.0736293718219,0.0201330253482,0.10001481701
later,2018-05,2018-05,,xgboost,DPS,,full,raw,raw,,,,97c56a860b55d7a9fb272a61e1b5061e19ed12cd4deb8ebe7d8a04a8805e1039,,,,0.0385185185185,,,,,,,,,,,,5ba9c39fb7a95e02255cc9707656867769dd51ba2afc32a961f00a0dd34fba0f,xgboost,DPS,,,,,,,,,,,,,,,,,,,,,,,,,,,,,,,,,,,,,,,,,,,,,,,,reliability_bin,4,675,26,0.0739436964194,0.0736293718219,0.0740632414818,0.0354251779009,0.10001481701
later,2018-05,2018-05,,xgboost,DPS,,full,raw,raw,,,,97c56a860b55d7a9fb272a61e1b5061e19ed12cd4deb8ebe7d8a04a8805e1039,,,,0.04,,,,,,,,,,,,5ba9c39fb7a95e02255cc9707656867769dd51ba2afc32a961f00a0dd34fba0f,xgboost,DPS,,,,,,,,,,,,,,,,,,,,,,,,,,,,,,,,,,,,,,,,,,,,,,,,reliability_bin,5,675,27,0.0747601696738,0.0740632414818,0.0752112492919,0.0347601696738,0.10001481701
later,2018-05,2018-05,,xgboost,DPS,,full,raw,raw,,,,97c56a860b55d7a9fb272a61e1b5061e19ed12cd4deb8ebe7d8a04a8805e1039,,,,0.0666666666667,,,,,,,,,,,,5ba9c39fb7a95e02255cc9707656867769dd51ba2afc32a961f00a0dd34fba0f,xgboost,DPS,,,,,,,,,,,,,,,,,,,,,,,,,,,,,,,,,,,,,,,,,,,,,,,,reliability_bin,6,675,45,0.0752254178789,0.0752112492919,0.0754243060946,0.00855875121223,0.10001481701
later,2018-05,2018-05,,xgboost,DPS,,full,raw,raw,,,,97c56a860b55d7a9fb272a61e1b5061e19ed12cd4deb8ebe7d8a04a8805e1039,,,,0.0844444444444,,,,,,,,,,,,5ba9c39fb7a95e02255cc9707656867769dd51ba2afc32a961f00a0dd34fba0f,xgboost,DPS,,,,,,,,,,,,,,,,,,,,,,,,,,,,,,,,,,,,,,,,,,,,,,,,reliability_bin,7,675,57,0.075811766099,0.0754243060946,0.0760299116373,0.0086326783454,0.10001481701
later,2018-05,2018-05,,xgboost,DPS,,full,raw,raw,,,,97c56a860b55d7a9fb272a61e1b5061e19ed12cd4deb8ebe7d8a04a8805e1039,,,,0.0711111111111,,,,,,,,,,,,5ba9c39fb7a95e02255cc9707656867769dd51ba2afc32a961f00a0dd34fba0f,xgboost,DPS,,,,,,,,,,,,,,,,,,,,,,,,,,,,,,,,,,,,,,,,,,,,,,,,reliability_bin,8,675,48,0.0765513365136,0.0760299116373,0.0768445432186,0.00544022540251,0.10001481701
later,2018-05,2018-05,,xgboost,DPS,,full,raw,raw,,,,97c56a860b55d7a9fb272a61e1b5061e19ed12cd4deb8ebe7d8a04a8805e1039,,,,0.100740740741,,,,,,,,,,,,5ba9c39fb7a95e02255cc9707656867769dd51ba2afc32a961f00a0dd34fba0f,xgboost,DPS,,,,,,,,,,,,,,,,,,,,,,,,,,,,,,,,,,,,,,,,,,,,,,,,reliability_bin,9,675,68,0.0773411188413,0.0768445432186,0.0774835944176,0.0233996218995,0.10001481701
later,2018-05,2018-05,,xgboost,DPS,,full,raw,raw,,,,97c56a860b55d7a9fb272a61e1b5061e19ed12cd4deb8ebe7d8a04a8805e1039,,,,0.0489614243323,,,,,,,,,,,,5ba9c39fb7a95e02255cc9707656867769dd51ba2afc32a961f00a0dd34fba0f,xgboost,DPS,,,,,,,,,,,,,,,,,,,,,,,,,,,,,,,,,,,,,,,,,,,,,,,,reliability_bin,10,674,33,0.0791555526791,0.0774835944176,0.0848673582077,0.0301941283467,0.0998666469107
later,2018-06,2018-06,,logistic_l2,DP0,,full,calibrated,calibrated,,,,dba6c728dea00a062ea3492fa346ad045cc15bb612707f7fee7288136b7b53a5,,,,0.00491803278689,,,,,,,,,,,,93d1e83d8d3dc0b917f21633c2bfe0cd78c570027229894e2260c262d727c336,logistic_l2,DP0,,,,,,,,,,,,,,,,,,,,,,,,,,,,,,,,,,,,,,,,,,,,,,,,reliability_bin,1,610,3,0.0724360256599,0.0712387033409,0.0727290321437,0.067517992873,0.100065616798
later,2018-06,2018-06,,logistic_l2,DP0,,full,calibrated,calibrated,,,,dba6c728dea00a062ea3492fa346ad045cc15bb612707f7fee7288136b7b53a5,,,,0.00983606557377,,,,,,,,,,,,93d1e83d8d3dc0b917f21633c2bfe0cd78c570027229894e2260c262d727c336,logistic_l2,DP0,,,,,,,,,,,,,,,,,,,,,,,,,,,,,,,,,,,,,,,,,,,,,,,,reliability_bin,2,610,6,0.0728891994228,0.0727293845338,0.0730224190831,0.0630531338491,0.100065616798
later,2018-06,2018-06,,logistic_l2,DP0,,full,calibrated,calibrated,,,,dba6c728dea00a062ea3492fa346ad045cc15bb612707f7fee7288136b7b53a5,,,,0.00492610837438,,,,,,,,,,,,93d1e83d8d3dc0b917f21633c2bfe0cd78c570027229894e2260c262d727c336,logistic_l2,DP0,,,,,,,,,,,,,,,,,,,,,,,,,,,,,,,,,,,,,,,,,,,,,,,,reliability_bin,3,609,3,0.0731321497272,0.0730224648318,0.0732336767136,0.0682060413528,0.0999015748031
later,2018-06,2018-06,,logistic_l2,DP0,,full,calibrated,calibrated,,,,dba6c728dea00a062ea3492fa346ad045cc15bb612707f7fee7288136b7b53a5,,,,0.0131147540984,,,,,,,,,,,,93d1e83d8d3dc0b917f21633c2bfe0cd78c570027229894e2260c262d727c336,logistic_l2,DP0,,,,,,,,,,,,,,,,,,,,,,,,,,,,,,,,,,,,,,,,,,,,,,,,reliability_bin,4,610,8,0.0733098137518,0.0732337095762,0.073380845813,0.0601950596535,0.100065616798
later,2018-06,2018-06,,logistic_l2,DP0,,full,calibrated,calibrated,,,,dba6c728dea00a062ea3492fa346ad045cc15bb612707f7fee7288136b7b53a5,,,,0.0147783251232,,,,,,,,,,,,93d1e83d8d3dc0b917f21633c2bfe0cd78c570027229894e2260c262d727c336,logistic_l2,DP0,,,,,,,,,,,,,,,,,,,,,,,,,,,,,,,,,,,,,,,,,,,,,,,,reliability_bin,5,609,9,0.0734693793459,0.0733810851935,0.0735443651945,0.0586910542227,0.0999015748031
later,2018-06,2018-06,,logistic_l2,DP0,,full,calibrated,calibrated,,,,dba6c728dea00a062ea3492fa346ad045cc15bb612707f7fee7288136b7b53a5,,,,0.00983606557377,,,,,,,,,,,,93d1e83d8d3dc0b917f21633c2bfe0cd78c570027229894e2260c262d727c336,logistic_l2,DP0,,,,,,,,,,,,,,,,,,,,,,,,,,,,,,,,,,,,,,,,,,,,,,,,reliability_bin,6,610,6,0.0736118759242,0.0735444579814,0.0736743201152,0.0637758103504,0.100065616798
later,2018-06,2018-06,,logistic_l2,DP0,,full,calibrated,calibrated,,,,dba6c728dea00a062ea3492fa346ad045cc15bb612707f7fee7288136b7b53a5,,,,0.0147540983607,,,,,,,,,,,,93d1e83d8d3dc0b917f21633c2bfe0cd78c570027229894e2260c262d727c336,logistic_l2,DP0,,,,,,,,,,,,,,,,,,,,,,,,,,,,,,,,,,,,,,,,,,,,,,,,reliability_bin,7,610,9,0.0737483651881,0.0736743221805,0.0738246423064,0.0589942668274,0.100065616798
later,2018-06,2018-06,,logistic_l2,DP0,,full,calibrated,calibrated,,,,dba6c728dea00a062ea3492fa346ad045cc15bb612707f7fee7288136b7b53a5,,,,0.0180623973727,,,,,,,,,,,,93d1e83d8d3dc0b917f21633c2bfe0cd78c570027229894e2260c262d727c336,logistic_l2,DP0,,,,,,,,,,,,,,,,,,,,,,,,,,,,,,,,,,,,,,,,,,,,,,,,reliability_bin,8,609,11,0.0739133172666,0.0738250871774,0.07401257642,0.0558509198938,0.0999015748031
later,2018-06,2018-06,,logistic_l2,DP0,,full,calibrated,calibrated,,,,dba6c728dea00a062ea3492fa346ad045cc15bb612707f7fee7288136b7b53a5,,,,0.00819672131148,,,,,,,,,,,,93d1e83d8d3dc0b917f21633c2bfe0cd78c570027229894e2260c262d727c336,logistic_l2,DP0,,,,,,,,,,,,,,,,,,,,,,,,,,,,,,,,,,,,,,,,,,,,,,,,reliability_bin,9,610,5,0.0741570773941,0.0740126165175,0.0743189069708,0.0659603560826,0.100065616798
later,2018-06,2018-06,,logistic_l2,DP0,,full,calibrated,calibrated,,,,dba6c728dea00a062ea3492fa346ad045cc15bb612707f7fee7288136b7b53a5,,,,0.0180623973727,,,,,,,,,,,,93d1e83d8d3dc0b917f21633c2bfe0cd78c570027229894e2260c262d727c336,logistic_l2,DP0,,,,,,,,,,,,,,,,,,,,,,,,,,,,,,,,,,,,,,,,,,,,,,,,reliability_bin,10,609,11,0.074506704294,0.07431928796,0.0746972714602,0.0564443069212,0.0999015748031
later,2018-06,2018-06,,logistic_l2,DP0,,full,raw,raw,,,,dba6c728dea00a062ea3492fa346ad045cc15bb612707f7fee7288136b7b53a5,,,,0.00491803278689,,,,,,,,,,,,93d1e83d8d3dc0b917f21633c2bfe0cd78c570027229894e2260c262d727c336,logistic_l2,DP0,,,,,,,,,,,,,,,,,,,,,,,,,,,,,,,,,,,,,,,,,,,,,,,,reliability_bin,1,610,3,0.0724360256599,0.0712387033409,0.0727290321437,0.067517992873,0.100065616798
later,2018-06,2018-06,,logistic_l2,DP0,,full,raw,raw,,,,dba6c728dea00a062ea3492fa346ad045cc15bb612707f7fee7288136b7b53a5,,,,0.00983606557377,,,,,,,,,,,,93d1e83d8d3dc0b917f21633c2bfe0cd78c570027229894e2260c262d727c336,logistic_l2,DP0,,,,,,,,,,,,,,,,,,,,,,,,,,,,,,,,,,,,,,,,,,,,,,,,reliability_bin,2,610,6,0.0728891994228,0.0727293845338,0.0730224190831,0.0630531338491,0.100065616798
later,2018-06,2018-06,,logistic_l2,DP0,,full,raw,raw,,,,dba6c728dea00a062ea3492fa346ad045cc15bb612707f7fee7288136b7b53a5,,,,0.00492610837438,,,,,,,,,,,,93d1e83d8d3dc0b917f21633c2bfe0cd78c570027229894e2260c262d727c336,logistic_l2,DP0,,,,,,,,,,,,,,,,,,,,,,,,,,,,,,,,,,,,,,,,,,,,,,,,reliability_bin,3,609,3,0.0731321497272,0.0730224648318,0.0732336767136,0.0682060413528,0.0999015748031
later,2018-06,2018-06,,logistic_l2,DP0,,full,raw,raw,,,,dba6c728dea00a062ea3492fa346ad045cc15bb612707f7fee7288136b7b53a5,,,,0.0131147540984,,,,,,,,,,,,93d1e83d8d3dc0b917f21633c2bfe0cd78c570027229894e2260c262d727c336,logistic_l2,DP0,,,,,,,,,,,,,,,,,,,,,,,,,,,,,,,,,,,,,,,,,,,,,,,,reliability_bin,4,610,8,0.0733098137518,0.0732337095762,0.073380845813,0.0601950596535,0.100065616798
later,2018-06,2018-06,,logistic_l2,DP0,,full,raw,raw,,,,dba6c728dea00a062ea3492fa346ad045cc15bb612707f7fee7288136b7b53a5,,,,0.0147783251232,,,,,,,,,,,,93d1e83d8d3dc0b917f21633c2bfe0cd78c570027229894e2260c262d727c336,logistic_l2,DP0,,,,,,,,,,,,,,,,,,,,,,,,,,,,,,,,,,,,,,,,,,,,,,,,reliability_bin,5,609,9,0.0734693793459,0.0733810851935,0.0735443651945,0.0586910542227,0.0999015748031
later,2018-06,2018-06,,logistic_l2,DP0,,full,raw,raw,,,,dba6c728dea00a062ea3492fa346ad045cc15bb612707f7fee7288136b7b53a5,,,,0.00983606557377,,,,,,,,,,,,93d1e83d8d3dc0b917f21633c2bfe0cd78c570027229894e2260c262d727c336,logistic_l2,DP0,,,,,,,,,,,,,,,,,,,,,,,,,,,,,,,,,,,,,,,,,,,,,,,,reliability_bin,6,610,6,0.0736118759242,0.0735444579814,0.0736743201152,0.0637758103504,0.100065616798
later,2018-06,2018-06,,logistic_l2,DP0,,full,raw,raw,,,,dba6c728dea00a062ea3492fa346ad045cc15bb612707f7fee7288136b7b53a5,,,,0.0147540983607,,,,,,,,,,,,93d1e83d8d3dc0b917f21633c2bfe0cd78c570027229894e2260c262d727c336,logistic_l2,DP0,,,,,,,,,,,,,,,,,,,,,,,,,,,,,,,,,,,,,,,,,,,,,,,,reliability_bin,7,610,9,0.0737483651881,0.0736743221805,0.0738246423064,0.0589942668274,0.100065616798
later,2018-06,2018-06,,logistic_l2,DP0,,full,raw,raw,,,,dba6c728dea00a062ea3492fa346ad045cc15bb612707f7fee7288136b7b53a5,,,,0.0180623973727,,,,,,,,,,,,93d1e83d8d3dc0b917f21633c2bfe0cd78c570027229894e2260c262d727c336,logistic_l2,DP0,,,,,,,,,,,,,,,,,,,,,,,,,,,,,,,,,,,,,,,,,,,,,,,,reliability_bin,8,609,11,0.0739133172666,0.0738250871774,0.07401257642,0.0558509198938,0.0999015748031
later,2018-06,2018-06,,logistic_l2,DP0,,full,raw,raw,,,,dba6c728dea00a062ea3492fa346ad045cc15bb612707f7fee7288136b7b53a5,,,,0.00819672131148,,,,,,,,,,,,93d1e83d8d3dc0b917f21633c2bfe0cd78c570027229894e2260c262d727c336,logistic_l2,DP0,,,,,,,,,,,,,,,,,,,,,,,,,,,,,,,,,,,,,,,,,,,,,,,,reliability_bin,9,610,5,0.0741570773941,0.0740126165175,0.0743189069708,0.0659603560826,0.100065616798
later,2018-06,2018-06,,logistic_l2,DP0,,full,raw,raw,,,,dba6c728dea00a062ea3492fa346ad045cc15bb612707f7fee7288136b7b53a5,,,,0.0180623973727,,,,,,,,,,,,93d1e83d8d3dc0b917f21633c2bfe0cd78c570027229894e2260c262d727c336,logistic_l2,DP0,,,,,,,,,,,,,,,,,,,,,,,,,,,,,,,,,,,,,,,,,,,,,,,,reliability_bin,10,609,11,0.074506704294,0.07431928796,0.0746972714602,0.0564443069212,0.0999015748031
later,2018-06,2018-06,,logistic_l2,DPB,,full,calibrated,calibrated,,,,1542ba17a90d1013616ba6b3db287b43556717f771b0209f9023aa104ef2eaeb,,,,0.0016393442623,,,,,,,,,,,,93d1e83d8d3dc0b917f21633c2bfe0cd78c570027229894e2260c262d727c336,logistic_l2,DPB,,,,,,,,,,,,,,,,,,,,,,,,,,,,,,,,,,,,,,,,,,,,,,,,reliability_bin,1,610,1,0.00860871174641,0.000807127165377,0.0130922110071,0.00696936748412,0.100065616798
later,2018-06,2018-06,,logistic_l2,DPB,,full,calibrated,calibrated,,,,1542ba17a90d1013616ba6b3db287b43556717f771b0209f9023aa104ef2eaeb,,,,0.00327868852459,,,,,,,,,,,,93d1e83d8d3dc0b917f21633c2bfe0cd78c570027229894e2260c262d727c336,logistic_l2,DPB,,,,,,,,,,,,,,,,,,,,,,,,,,,,,,,,,,,,,,,,,,,,,,,,reliability_bin,2,610,2,0.0160897148608,0.013128493292,0.0189037220622,0.0128110263362,0.100065616798
later,2018-06,2018-06,,logistic_l2,DPB,,full,calibrated,calibrated,,,,1542ba17a90d1013616ba6b3db287b43556717f771b0209f9023aa104ef2eaeb,,,,0,,,,,,,,,,,,93d1e83d8d3dc0b917f21633c2bfe0cd78c570027229894e2260c262d727c336,logistic_l2,DPB,,,,,,,,,,,,,,,,,,,,,,,,,,,,,,,,,,,,,,,,,,,,,,,,reliability_bin,3,609,0,0.0217602720473,0.0189044096803,0.0247587065234,0.0217602720473,0.0999015748031
later,2018-06,2018-06,,logistic_l2,DPB,,full,calibrated,calibrated,,,,1542ba17a90d1013616ba6b3db287b43556717f771b0209f9023aa104ef2eaeb,,,,0.00491803278689,,,,,,,,,,,,93d1e83d8d3dc0b917f21633c2bfe0cd78c570027229894e2260c262d727c336,logistic_l2,DPB,,,,,,,,,,,,,,,,,,,,,,,,,,,,,,,,,,,,,,,,,,,,,,,,reliability_bin,4,610,3,0.0278927363119,0.0247654254755,0.0311905049339,0.022974703525,0.100065616798
later,2018-06,2018-06,,logistic_l2,DPB,,full,calibrated,calibrated,,,,1542ba17a90d1013616ba6b3db287b43556717f771b0209f9023aa104ef2eaeb,,,,0.00985221674877,,,,,,,,,,,,93d1e83d8d3dc0b917f21633c2bfe0cd78c570027229894e2260c262d727c336,logistic_l2,DPB,,,,,,,,,,,,,,,,,,,,,,,,,,,,,,,,,,,,,,,,,,,,,,,,reliability_bin,5,609,6,0.0350843135113,0.0311930217517,0.0396504924355,0.0252320967625,0.0999015748031
later,2018-06,2018-06,,logistic_l2,DPB,,full,calibrated,calibrated,,,,1542ba17a90d1013616ba6b3db287b43556717f771b0209f9023aa104ef2eaeb,,,,0.0131147540984,,,,,,,,,,,,93d1e83d8d3dc0b917f21633c2bfe0cd78c570027229894e2260c262d727c336,logistic_l2,DPB,,,,,,,,,,,,,,,,,,,,,,,,,,,,,,,,,,,,,,,,,,,,,,,,reliability_bin,6,610,8,0.0447202925777,0.0396533088272,0.0496627994743,0.0316055384793,0.100065616798
later,2018-06,2018-06,,logistic_l2,DPB,,full,calibrated,calibrated,,,,1542ba17a90d1013616ba6b3db287b43556717f771b0209f9023aa104ef2eaeb,,,,0.0114754098361,,,,,,,,,,,,93d1e83d8d3dc0b917f21633c2bfe0cd78c570027229894e2260c262d727c336,logistic_l2,DPB,,,,,,,,,,,,,,,,,,,,,,,,,,,,,,,,,,,,,,,,,,,,,,,,reliability_bin,7,610,7,0.054847628216,0.0496811215754,0.0606294938422,0.0433722183799,0.100065616798
later,2018-06,2018-06,,logistic_l2,DPB,,full,calibrated,calibrated,,,,1542ba17a90d1013616ba6b3db287b43556717f771b0209f9023aa104ef2eaeb,,,,0.0131362889984,,,,,,,,,,,,93d1e83d8d3dc0b917f21633c2bfe0cd78c570027229894e2260c262d727c336,logistic_l2,DPB,,,,,,,,,,,,,,,,,,,,,,,,,,,,,,,,,,,,,,,,,,,,,,,,reliability_bin,8,609,8,0.0684145546033,0.0606295393978,0.0788834815894,0.055278265605,0.0999015748031
later,2018-06,2018-06,,logistic_l2,DPB,,full,calibrated,calibrated,,,,1542ba17a90d1013616ba6b3db287b43556717f771b0209f9023aa104ef2eaeb,,,,0.0180327868852,,,,,,,,,,,,93d1e83d8d3dc0b917f21633c2bfe0cd78c570027229894e2260c262d727c336,logistic_l2,DPB,,,,,,,,,,,,,,,,,,,,,,,,,,,,,,,,,,,,,,,,,,,,,,,,reliability_bin,9,610,11,0.0960252769427,0.0788840951734,0.117795034005,0.0779924900575,0.100065616798
later,2018-06,2018-06,,logistic_l2,DPB,,full,calibrated,calibrated,,,,1542ba17a90d1013616ba6b3db287b43556717f771b0209f9023aa104ef2eaeb,,,,0.0410509031199,,,,,,,,,,,,93d1e83d8d3dc0b917f21633c2bfe0cd78c570027229894e2260c262d727c336,logistic_l2,DPB,,,,,,,,,,,,,,,,,,,,,,,,,,,,,,,,,,,,,,,,,,,,,,,,reliability_bin,10,609,25,0.169487757897,0.117845883454,0.512556966512,0.128436854777,0.0999015748031
later,2018-06,2018-06,,logistic_l2,DPB,,full,raw,raw,,,,1542ba17a90d1013616ba6b3db287b43556717f771b0209f9023aa104ef2eaeb,,,,0.0016393442623,,,,,,,,,,,,93d1e83d8d3dc0b917f21633c2bfe0cd78c570027229894e2260c262d727c336,logistic_l2,DPB,,,,,,,,,,,,,,,,,,,,,,,,,,,,,,,,,,,,,,,,,,,,,,,,reliability_bin,1,610,1,0.00860871174641,0.000807127165377,0.0130922110071,0.00696936748412,0.100065616798
later,2018-06,2018-06,,logistic_l2,DPB,,full,raw,raw,,,,1542ba17a90d1013616ba6b3db287b43556717f771b0209f9023aa104ef2eaeb,,,,0.00327868852459,,,,,,,,,,,,93d1e83d8d3dc0b917f21633c2bfe0cd78c570027229894e2260c262d727c336,logistic_l2,DPB,,,,,,,,,,,,,,,,,,,,,,,,,,,,,,,,,,,,,,,,,,,,,,,,reliability_bin,2,610,2,0.0160897148608,0.013128493292,0.0189037220622,0.0128110263362,0.100065616798
later,2018-06,2018-06,,logistic_l2,DPB,,full,raw,raw,,,,1542ba17a90d1013616ba6b3db287b43556717f771b0209f9023aa104ef2eaeb,,,,0,,,,,,,,,,,,93d1e83d8d3dc0b917f21633c2bfe0cd78c570027229894e2260c262d727c336,logistic_l2,DPB,,,,,,,,,,,,,,,,,,,,,,,,,,,,,,,,,,,,,,,,,,,,,,,,reliability_bin,3,609,0,0.0217602720473,0.0189044096803,0.0247587065234,0.0217602720473,0.0999015748031
later,2018-06,2018-06,,logistic_l2,DPB,,full,raw,raw,,,,1542ba17a90d1013616ba6b3db287b43556717f771b0209f9023aa104ef2eaeb,,,,0.00491803278689,,,,,,,,,,,,93d1e83d8d3dc0b917f21633c2bfe0cd78c570027229894e2260c262d727c336,logistic_l2,DPB,,,,,,,,,,,,,,,,,,,,,,,,,,,,,,,,,,,,,,,,,,,,,,,,reliability_bin,4,610,3,0.0278927363119,0.0247654254755,0.0311905049339,0.022974703525,0.100065616798
later,2018-06,2018-06,,logistic_l2,DPB,,full,raw,raw,,,,1542ba17a90d1013616ba6b3db287b43556717f771b0209f9023aa104ef2eaeb,,,,0.00985221674877,,,,,,,,,,,,93d1e83d8d3dc0b917f21633c2bfe0cd78c570027229894e2260c262d727c336,logistic_l2,DPB,,,,,,,,,,,,,,,,,,,,,,,,,,,,,,,,,,,,,,,,,,,,,,,,reliability_bin,5,609,6,0.0350843135113,0.0311930217517,0.0396504924355,0.0252320967625,0.0999015748031
later,2018-06,2018-06,,logistic_l2,DPB,,full,raw,raw,,,,1542ba17a90d1013616ba6b3db287b43556717f771b0209f9023aa104ef2eaeb,,,,0.0131147540984,,,,,,,,,,,,93d1e83d8d3dc0b917f21633c2bfe0cd78c570027229894e2260c262d727c336,logistic_l2,DPB,,,,,,,,,,,,,,,,,,,,,,,,,,,,,,,,,,,,,,,,,,,,,,,,reliability_bin,6,610,8,0.0447202925777,0.0396533088272,0.0496627994743,0.0316055384793,0.100065616798
later,2018-06,2018-06,,logistic_l2,DPB,,full,raw,raw,,,,1542ba17a90d1013616ba6b3db287b43556717f771b0209f9023aa104ef2eaeb,,,,0.0114754098361,,,,,,,,,,,,93d1e83d8d3dc0b917f21633c2bfe0cd78c570027229894e2260c262d727c336,logistic_l2,DPB,,,,,,,,,,,,,,,,,,,,,,,,,,,,,,,,,,,,,,,,,,,,,,,,reliability_bin,7,610,7,0.054847628216,0.0496811215754,0.0606294938422,0.0433722183799,0.100065616798
later,2018-06,2018-06,,logistic_l2,DPB,,full,raw,raw,,,,1542ba17a90d1013616ba6b3db287b43556717f771b0209f9023aa104ef2eaeb,,,,0.0131362889984,,,,,,,,,,,,93d1e83d8d3dc0b917f21633c2bfe0cd78c570027229894e2260c262d727c336,logistic_l2,DPB,,,,,,,,,,,,,,,,,,,,,,,,,,,,,,,,,,,,,,,,,,,,,,,,reliability_bin,8,609,8,0.0684145546033,0.0606295393978,0.0788834815894,0.055278265605,0.0999015748031
later,2018-06,2018-06,,logistic_l2,DPB,,full,raw,raw,,,,1542ba17a90d1013616ba6b3db287b43556717f771b0209f9023aa104ef2eaeb,,,,0.0180327868852,,,,,,,,,,,,93d1e83d8d3dc0b917f21633c2bfe0cd78c570027229894e2260c262d727c336,logistic_l2,DPB,,,,,,,,,,,,,,,,,,,,,,,,,,,,,,,,,,,,,,,,,,,,,,,,reliability_bin,9,610,11,0.0960252769427,0.0788840951734,0.117795034005,0.0779924900575,0.100065616798
later,2018-06,2018-06,,logistic_l2,DPB,,full,raw,raw,,,,1542ba17a90d1013616ba6b3db287b43556717f771b0209f9023aa104ef2eaeb,,,,0.0410509031199,,,,,,,,,,,,93d1e83d8d3dc0b917f21633c2bfe0cd78c570027229894e2260c262d727c336,logistic_l2,DPB,,,,,,,,,,,,,,,,,,,,,,,,,,,,,,,,,,,,,,,,,,,,,,,,reliability_bin,10,609,25,0.169487757897,0.117845883454,0.512556966512,0.128436854777,0.0999015748031
later,2018-06,2018-06,,logistic_l2,DPG,,full,calibrated,calibrated,,,,91b50c1ef01ed77d14e0266d45f10364024991be1edc10ce3d8e2a253a8e1700,,,,0.0016393442623,,,,,,,,,,,,93d1e83d8d3dc0b917f21633c2bfe0cd78c570027229894e2260c262d727c336,logistic_l2,DPG,,,,,,,,,,,,,,,,,,,,,,,,,,,,,,,,,,,,,,,,,,,,,,,,reliability_bin,1,610,1,0.0119418336748,0.00170427953134,0.0181876818519,0.0103024894125,0.100065616798
later,2018-06,2018-06,,logistic_l2,DPG,,full,calibrated,calibrated,,,,91b50c1ef01ed77d14e0266d45f10364024991be1edc10ce3d8e2a253a8e1700,,,,0.00327868852459,,,,,,,,,,,,93d1e83d8d3dc0b917f21633c2bfe0cd78c570027229894e2260c262d727c336,logistic_l2,DPG,,,,,,,,,,,,,,,,,,,,,,,,,,,,,,,,,,,,,,,,,,,,,,,,reliability_bin,2,610,2,0.0218479061873,0.0182061214414,0.0251171100919,0.0185692176627,0.100065616798
later,2018-06,2018-06,,logistic_l2,DPG,,full,calibrated,calibrated,,,,91b50c1ef01ed77d14e0266d45f10364024991be1edc10ce3d8e2a253a8e1700,,,,0.00164203612479,,,,,,,,,,,,93d1e83d8d3dc0b917f21633c2bfe0cd78c570027229894e2260c262d727c336,logistic_l2,DPG,,,,,,,,,,,,,,,,,,,,,,,,,,,,,,,,,,,,,,,,,,,,,,,,reliability_bin,3,609,1,0.028546693397,0.0251232791893,0.0323908515369,0.0269046572722,0.0999015748031
later,2018-06,2018-06,,logistic_l2,DPG,,full,calibrated,calibrated,,,,91b50c1ef01ed77d14e0266d45f10364024991be1edc10ce3d8e2a253a8e1700,,,,0.0016393442623,,,,,,,,,,,,93d1e83d8d3dc0b917f21633c2bfe0cd78c570027229894e2260c262d727c336,logistic_l2,DPG,,,,,,,,,,,,,,,,,,,,,,,,,,,,,,,,,,,,,,,,,,,,,,,,reliability_bin,4,610,1,0.0362429686772,0.0324024284579,0.0399094714515,0.0346036244149,0.100065616798
later,2018-06,2018-06,,logistic_l2,DPG,,full,calibrated,calibrated,,,,91b50c1ef01ed77d14e0266d45f10364024991be1edc10ce3d8e2a253a8e1700,,,,0.00656814449918,,,,,,,,,,,,93d1e83d8d3dc0b917f21633c2bfe0cd78c570027229894e2260c262d727c336,logistic_l2,DPG,,,,,,,,,,,,,,,,,,,,,,,,,,,,,,,,,,,,,,,,,,,,,,,,reliability_bin,5,609,4,0.0440914977813,0.0399109454245,0.0485440554164,0.0375233532821,0.0999015748031
later,2018-06,2018-06,,logistic_l2,DPG,,full,calibrated,calibrated,,,,91b50c1ef01ed77d14e0266d45f10364024991be1edc10ce3d8e2a253a8e1700,,,,0.00983606557377,,,,,,,,,,,,93d1e83d8d3dc0b917f21633c2bfe0cd78c570027229894e2260c262d727c336,logistic_l2,DPG,,,,,,,,,,,,,,,,,,,,,,,,,,,,,,,,,,,,,,,,,,,,,,,,reliability_bin,6,610,6,0.0548640188773,0.0485891739077,0.0608644202216,0.0450279533035,0.100065616798
later,2018-06,2018-06,,logistic_l2,DPG,,full,calibrated,calibrated,,,,91b50c1ef01ed77d14e0266d45f10364024991be1edc10ce3d8e2a253a8e1700,,,,0.0147540983607,,,,,,,,,,,,93d1e83d8d3dc0b917f21633c2bfe0cd78c570027229894e2260c262d727c336,logistic_l2,DPG,,,,,,,,,,,,,,,,,,,,,,,,,,,,,,,,,,,,,,,,,,,,,,,,reliability_bin,7,610,9,0.0670927140371,0.0608931715968,0.0745522325932,0.0523386156764,0.100065616798
later,2018-06,2018-06,,logistic_l2,DPG,,full,calibrated,calibrated,,,,91b50c1ef01ed77d14e0266d45f10364024991be1edc10ce3d8e2a253a8e1700,,,,0.00985221674877,,,,,,,,,,,,93d1e83d8d3dc0b917f21633c2bfe0cd78c570027229894e2260c262d727c336,logistic_l2,DPG,,,,,,,,,,,,,,,,,,,,,,,,,,,,,,,,,,,,,,,,,,,,,,,,reliability_bin,8,609,6,0.0851381591719,0.0745746312322,0.0961742979613,0.0752859424231,0.0999015748031
later,2018-06,2018-06,,logistic_l2,DPG,,full,calibrated,calibrated,,,,91b50c1ef01ed77d14e0266d45f10364024991be1edc10ce3d8e2a253a8e1700,,,,0.027868852459,,,,,,,,,,,,93d1e83d8d3dc0b917f21633c2bfe0cd78c570027229894e2260c262d727c336,logistic_l2,DPG,,,,,,,,,,,,,,,,,,,,,,,,,,,,,,,,,,,,,,,,,,,,,,,,reliability_bin,9,610,17,0.113080201635,0.0961965668623,0.137427766627,0.085211349176,0.100065616798
later,2018-06,2018-06,,logistic_l2,DPG,,full,calibrated,calibrated,,,,91b50c1ef01ed77d14e0266d45f10364024991be1edc10ce3d8e2a253a8e1700,,,,0.0394088669951,,,,,,,,,,,,93d1e83d8d3dc0b917f21633c2bfe0cd78c570027229894e2260c262d727c336,logistic_l2,DPG,,,,,,,,,,,,,,,,,,,,,,,,,,,,,,,,,,,,,,,,,,,,,,,,reliability_bin,10,609,24,0.191259640769,0.137433689854,0.552640528662,0.151850773774,0.0999015748031
later,2018-06,2018-06,,logistic_l2,DPG,,full,raw,raw,,,,91b50c1ef01ed77d14e0266d45f10364024991be1edc10ce3d8e2a253a8e1700,,,,0.0016393442623,,,,,,,,,,,,93d1e83d8d3dc0b917f21633c2bfe0cd78c570027229894e2260c262d727c336,logistic_l2,DPG,,,,,,,,,,,,,,,,,,,,,,,,,,,,,,,,,,,,,,,,,,,,,,,,reliability_bin,1,610,1,0.0119418336748,0.00170427953134,0.0181876818519,0.0103024894125,0.100065616798
later,2018-06,2018-06,,logistic_l2,DPG,,full,raw,raw,,,,91b50c1ef01ed77d14e0266d45f10364024991be1edc10ce3d8e2a253a8e1700,,,,0.00327868852459,,,,,,,,,,,,93d1e83d8d3dc0b917f21633c2bfe0cd78c570027229894e2260c262d727c336,logistic_l2,DPG,,,,,,,,,,,,,,,,,,,,,,,,,,,,,,,,,,,,,,,,,,,,,,,,reliability_bin,2,610,2,0.0218479061873,0.0182061214414,0.0251171100919,0.0185692176627,0.100065616798
later,2018-06,2018-06,,logistic_l2,DPG,,full,raw,raw,,,,91b50c1ef01ed77d14e0266d45f10364024991be1edc10ce3d8e2a253a8e1700,,,,0.00164203612479,,,,,,,,,,,,93d1e83d8d3dc0b917f21633c2bfe0cd78c570027229894e2260c262d727c336,logistic_l2,DPG,,,,,,,,,,,,,,,,,,,,,,,,,,,,,,,,,,,,,,,,,,,,,,,,reliability_bin,3,609,1,0.028546693397,0.0251232791893,0.0323908515369,0.0269046572722,0.0999015748031
later,2018-06,2018-06,,logistic_l2,DPG,,full,raw,raw,,,,91b50c1ef01ed77d14e0266d45f10364024991be1edc10ce3d8e2a253a8e1700,,,,0.0016393442623,,,,,,,,,,,,93d1e83d8d3dc0b917f21633c2bfe0cd78c570027229894e2260c262d727c336,logistic_l2,DPG,,,,,,,,,,,,,,,,,,,,,,,,,,,,,,,,,,,,,,,,,,,,,,,,reliability_bin,4,610,1,0.0362429686772,0.0324024284579,0.0399094714515,0.0346036244149,0.100065616798
later,2018-06,2018-06,,logistic_l2,DPG,,full,raw,raw,,,,91b50c1ef01ed77d14e0266d45f10364024991be1edc10ce3d8e2a253a8e1700,,,,0.00656814449918,,,,,,,,,,,,93d1e83d8d3dc0b917f21633c2bfe0cd78c570027229894e2260c262d727c336,logistic_l2,DPG,,,,,,,,,,,,,,,,,,,,,,,,,,,,,,,,,,,,,,,,,,,,,,,,reliability_bin,5,609,4,0.0440914977813,0.0399109454245,0.0485440554164,0.0375233532821,0.0999015748031
later,2018-06,2018-06,,logistic_l2,DPG,,full,raw,raw,,,,91b50c1ef01ed77d14e0266d45f10364024991be1edc10ce3d8e2a253a8e1700,,,,0.00983606557377,,,,,,,,,,,,93d1e83d8d3dc0b917f21633c2bfe0cd78c570027229894e2260c262d727c336,logistic_l2,DPG,,,,,,,,,,,,,,,,,,,,,,,,,,,,,,,,,,,,,,,,,,,,,,,,reliability_bin,6,610,6,0.0548640188773,0.0485891739077,0.0608644202216,0.0450279533035,0.100065616798
later,2018-06,2018-06,,logistic_l2,DPG,,full,raw,raw,,,,91b50c1ef01ed77d14e0266d45f10364024991be1edc10ce3d8e2a253a8e1700,,,,0.0147540983607,,,,,,,,,,,,93d1e83d8d3dc0b917f21633c2bfe0cd78c570027229894e2260c262d727c336,logistic_l2,DPG,,,,,,,,,,,,,,,,,,,,,,,,,,,,,,,,,,,,,,,,,,,,,,,,reliability_bin,7,610,9,0.0670927140371,0.0608931715968,0.0745522325932,0.0523386156764,0.100065616798
later,2018-06,2018-06,,logistic_l2,DPG,,full,raw,raw,,,,91b50c1ef01ed77d14e0266d45f10364024991be1edc10ce3d8e2a253a8e1700,,,,0.00985221674877,,,,,,,,,,,,93d1e83d8d3dc0b917f21633c2bfe0cd78c570027229894e2260c262d727c336,logistic_l2,DPG,,,,,,,,,,,,,,,,,,,,,,,,,,,,,,,,,,,,,,,,,,,,,,,,reliability_bin,8,609,6,0.0851381591719,0.0745746312322,0.0961742979613,0.0752859424231,0.0999015748031
later,2018-06,2018-06,,logistic_l2,DPG,,full,raw,raw,,,,91b50c1ef01ed77d14e0266d45f10364024991be1edc10ce3d8e2a253a8e1700,,,,0.027868852459,,,,,,,,,,,,93d1e83d8d3dc0b917f21633c2bfe0cd78c570027229894e2260c262d727c336,logistic_l2,DPG,,,,,,,,,,,,,,,,,,,,,,,,,,,,,,,,,,,,,,,,,,,,,,,,reliability_bin,9,610,17,0.113080201635,0.0961965668623,0.137427766627,0.085211349176,0.100065616798
later,2018-06,2018-06,,logistic_l2,DPG,,full,raw,raw,,,,91b50c1ef01ed77d14e0266d45f10364024991be1edc10ce3d8e2a253a8e1700,,,,0.0394088669951,,,,,,,,,,,,93d1e83d8d3dc0b917f21633c2bfe0cd78c570027229894e2260c262d727c336,logistic_l2,DPG,,,,,,,,,,,,,,,,,,,,,,,,,,,,,,,,,,,,,,,,,,,,,,,,reliability_bin,10,609,24,0.191259640769,0.137433689854,0.552640528662,0.151850773774,0.0999015748031
later,2018-06,2018-06,,logistic_l2,DPS,,full,calibrated,calibrated,,,,4bac0169fa53dda3803eae4f954f7566a15776bbcaf5d4bbf184668e00767c32,,,,0.00983606557377,,,,,,,,,,,,93d1e83d8d3dc0b917f21633c2bfe0cd78c570027229894e2260c262d727c336,logistic_l2,DPS,,,,,,,,,,,,,,,,,,,,,,,,,,,,,,,,,,,,,,,,,,,,,,,,reliability_bin,1,610,6,0.0438752789887,0.0347660469628,0.0470425462403,0.034039213415,0.100065616798
later,2018-06,2018-06,,logistic_l2,DPS,,full,calibrated,calibrated,,,,4bac0169fa53dda3803eae4f954f7566a15776bbcaf5d4bbf184668e00767c32,,,,0.00983606557377,,,,,,,,,,,,93d1e83d8d3dc0b917f21633c2bfe0cd78c570027229894e2260c262d727c336,logistic_l2,DPS,,,,,,,,,,,,,,,,,,,,,,,,,,,,,,,,,,,,,,,,,,,,,,,,reliability_bin,2,610,6,0.0488911392062,0.0470624428112,0.0506548774896,0.0390550736324,0.100065616798
later,2018-06,2018-06,,logistic_l2,DPS,,full,calibrated,calibrated,,,,4bac0169fa53dda3803eae4f954f7566a15776bbcaf5d4bbf184668e00767c32,,,,0.0180623973727,,,,,,,,,,,,93d1e83d8d3dc0b917f21633c2bfe0cd78c570027229894e2260c262d727c336,logistic_l2,DPS,,,,,,,,,,,,,,,,,,,,,,,,,,,,,,,,,,,,,,,,,,,,,,,,reliability_bin,3,609,11,0.052342711284,0.0506599381627,0.05399639309,0.0342803139113,0.0999015748031
later,2018-06,2018-06,,logistic_l2,DPS,,full,calibrated,calibrated,,,,4bac0169fa53dda3803eae4f954f7566a15776bbcaf5d4bbf184668e00767c32,,,,0.0114754098361,,,,,,,,,,,,93d1e83d8d3dc0b917f21633c2bfe0cd78c570027229894e2260c262d727c336,logistic_l2,DPS,,,,,,,,,,,,,,,,,,,,,,,,,,,,,,,,,,,,,,,,,,,,,,,,reliability_bin,4,610,7,0.0555461964987,0.0539964683875,0.0570942710358,0.0440707866626,0.100065616798
later,2018-06,2018-06,,logistic_l2,DPS,,full,calibrated,calibrated,,,,4bac0169fa53dda3803eae4f954f7566a15776bbcaf5d4bbf184668e00767c32,,,,0.0229885057471,,,,,,,,,,,,93d1e83d8d3dc0b917f21633c2bfe0cd78c570027229894e2260c262d727c336,logistic_l2,DPS,,,,,,,,,,,,,,,,,,,,,,,,,,,,,,,,,,,,,,,,,,,,,,,,reliability_bin,5,609,14,0.0586858270258,0.0571007049608,0.0604542903999,0.0356973212787,0.0999015748031
later,2018-06,2018-06,,logistic_l2,DPS,,full,calibrated,calibrated,,,,4bac0169fa53dda3803eae4f954f7566a15776bbcaf5d4bbf184668e00767c32,,,,0.00983606557377,,,,,,,,,,,,93d1e83d8d3dc0b917f21633c2bfe0cd78c570027229894e2260c262d727c336,logistic_l2,DPS,,,,,,,,,,,,,,,,,,,,,,,,,,,,,,,,,,,,,,,,,,,,,,,,reliability_bin,6,610,6,0.0625137433286,0.0604558143203,0.0645776918275,0.0526776777549,0.100065616798
later,2018-06,2018-06,,logistic_l2,DPS,,full,calibrated,calibrated,,,,4bac0169fa53dda3803eae4f954f7566a15776bbcaf5d4bbf184668e00767c32,,,,0.0114754098361,,,,,,,,,,,,93d1e83d8d3dc0b917f21633c2bfe0cd78c570027229894e2260c262d727c336,logistic_l2,DPS,,,,,,,,,,,,,,,,,,,,,,,,,,,,,,,,,,,,,,,,,,,,,,,,reliability_bin,7,610,7,0.0670025713414,0.0645826074197,0.0696331382736,0.0555271615053,0.100065616798
later,2018-06,2018-06,,logistic_l2,DPS,,full,calibrated,calibrated,,,,4bac0169fa53dda3803eae4f954f7566a15776bbcaf5d4bbf184668e00767c32,,,,0.0114942528736,,,,,,,,,,,,93d1e83d8d3dc0b917f21633c2bfe0cd78c570027229894e2260c262d727c336,logistic_l2,DPS,,,,,,,,,,,,,,,,,,,,,,,,,,,,,,,,,,,,,,,,,,,,,,,,reliability_bin,8,609,7,0.0727916005644,0.0696620543074,0.0759233104562,0.0612973476908,0.0999015748031
later,2018-06,2018-06,,logistic_l2,DPS,,full,calibrated,calibrated,,,,4bac0169fa53dda3803eae4f954f7566a15776bbcaf5d4bbf184668e00767c32,,,,0.0016393442623,,,,,,,,,,,,93d1e83d8d3dc0b917f21633c2bfe0cd78c570027229894e2260c262d727c336,logistic_l2,DPS,,,,,,,,,,,,,,,,,,,,,,,,,,,,,,,,,,,,,,,,,,,,,,,,reliability_bin,9,610,1,0.0798944900804,0.0759238825727,0.0847823404832,0.0782551458181,0.100065616798
later,2018-06,2018-06,,logistic_l2,DPS,,full,calibrated,calibrated,,,,4bac0169fa53dda3803eae4f954f7566a15776bbcaf5d4bbf184668e00767c32,,,,0.00985221674877,,,,,,,,,,,,93d1e83d8d3dc0b917f21633c2bfe0cd78c570027229894e2260c262d727c336,logistic_l2,DPS,,,,,,,,,,,,,,,,,,,,,,,,,,,,,,,,,,,,,,,,,,,,,,,,reliability_bin,10,609,6,0.100769094061,0.0848432828205,0.197084200629,0.0909168773119,0.0999015748031
later,2018-06,2018-06,,logistic_l2,DPS,,full,raw,raw,,,,4bac0169fa53dda3803eae4f954f7566a15776bbcaf5d4bbf184668e00767c32,,,,0.00983606557377,,,,,,,,,,,,93d1e83d8d3dc0b917f21633c2bfe0cd78c570027229894e2260c262d727c336,logistic_l2,DPS,,,,,,,,,,,,,,,,,,,,,,,,,,,,,,,,,,,,,,,,,,,,,,,,reliability_bin,1,610,6,0.0438752789887,0.0347660469628,0.0470425462403,0.034039213415,0.100065616798
later,2018-06,2018-06,,logistic_l2,DPS,,full,raw,raw,,,,4bac0169fa53dda3803eae4f954f7566a15776bbcaf5d4bbf184668e00767c32,,,,0.00983606557377,,,,,,,,,,,,93d1e83d8d3dc0b917f21633c2bfe0cd78c570027229894e2260c262d727c336,logistic_l2,DPS,,,,,,,,,,,,,,,,,,,,,,,,,,,,,,,,,,,,,,,,,,,,,,,,reliability_bin,2,610,6,0.0488911392062,0.0470624428112,0.0506548774896,0.0390550736324,0.100065616798
later,2018-06,2018-06,,logistic_l2,DPS,,full,raw,raw,,,,4bac0169fa53dda3803eae4f954f7566a15776bbcaf5d4bbf184668e00767c32,,,,0.0180623973727,,,,,,,,,,,,93d1e83d8d3dc0b917f21633c2bfe0cd78c570027229894e2260c262d727c336,logistic_l2,DPS,,,,,,,,,,,,,,,,,,,,,,,,,,,,,,,,,,,,,,,,,,,,,,,,reliability_bin,3,609,11,0.052342711284,0.0506599381627,0.05399639309,0.0342803139113,0.0999015748031
later,2018-06,2018-06,,logistic_l2,DPS,,full,raw,raw,,,,4bac0169fa53dda3803eae4f954f7566a15776bbcaf5d4bbf184668e00767c32,,,,0.0114754098361,,,,,,,,,,,,93d1e83d8d3dc0b917f21633c2bfe0cd78c570027229894e2260c262d727c336,logistic_l2,DPS,,,,,,,,,,,,,,,,,,,,,,,,,,,,,,,,,,,,,,,,,,,,,,,,reliability_bin,4,610,7,0.0555461964987,0.0539964683875,0.0570942710358,0.0440707866626,0.100065616798
later,2018-06,2018-06,,logistic_l2,DPS,,full,raw,raw,,,,4bac0169fa53dda3803eae4f954f7566a15776bbcaf5d4bbf184668e00767c32,,,,0.0229885057471,,,,,,,,,,,,93d1e83d8d3dc0b917f21633c2bfe0cd78c570027229894e2260c262d727c336,logistic_l2,DPS,,,,,,,,,,,,,,,,,,,,,,,,,,,,,,,,,,,,,,,,,,,,,,,,reliability_bin,5,609,14,0.0586858270258,0.0571007049608,0.0604542903999,0.0356973212787,0.0999015748031
later,2018-06,2018-06,,logistic_l2,DPS,,full,raw,raw,,,,4bac0169fa53dda3803eae4f954f7566a15776bbcaf5d4bbf184668e00767c32,,,,0.00983606557377,,,,,,,,,,,,93d1e83d8d3dc0b917f21633c2bfe0cd78c570027229894e2260c262d727c336,logistic_l2,DPS,,,,,,,,,,,,,,,,,,,,,,,,,,,,,,,,,,,,,,,,,,,,,,,,reliability_bin,6,610,6,0.0625137433286,0.0604558143203,0.0645776918275,0.0526776777549,0.100065616798
later,2018-06,2018-06,,logistic_l2,DPS,,full,raw,raw,,,,4bac0169fa53dda3803eae4f954f7566a15776bbcaf5d4bbf184668e00767c32,,,,0.0114754098361,,,,,,,,,,,,93d1e83d8d3dc0b917f21633c2bfe0cd78c570027229894e2260c262d727c336,logistic_l2,DPS,,,,,,,,,,,,,,,,,,,,,,,,,,,,,,,,,,,,,,,,,,,,,,,,reliability_bin,7,610,7,0.0670025713414,0.0645826074197,0.0696331382736,0.0555271615053,0.100065616798
later,2018-06,2018-06,,logistic_l2,DPS,,full,raw,raw,,,,4bac0169fa53dda3803eae4f954f7566a15776bbcaf5d4bbf184668e00767c32,,,,0.0114942528736,,,,,,,,,,,,93d1e83d8d3dc0b917f21633c2bfe0cd78c570027229894e2260c262d727c336,logistic_l2,DPS,,,,,,,,,,,,,,,,,,,,,,,,,,,,,,,,,,,,,,,,,,,,,,,,reliability_bin,8,609,7,0.0727916005644,0.0696620543074,0.0759233104562,0.0612973476908,0.0999015748031
later,2018-06,2018-06,,logistic_l2,DPS,,full,raw,raw,,,,4bac0169fa53dda3803eae4f954f7566a15776bbcaf5d4bbf184668e00767c32,,,,0.0016393442623,,,,,,,,,,,,93d1e83d8d3dc0b917f21633c2bfe0cd78c570027229894e2260c262d727c336,logistic_l2,DPS,,,,,,,,,,,,,,,,,,,,,,,,,,,,,,,,,,,,,,,,,,,,,,,,reliability_bin,9,610,1,0.0798944900804,0.0759238825727,0.0847823404832,0.0782551458181,0.100065616798
later,2018-06,2018-06,,logistic_l2,DPS,,full,raw,raw,,,,4bac0169fa53dda3803eae4f954f7566a15776bbcaf5d4bbf184668e00767c32,,,,0.00985221674877,,,,,,,,,,,,93d1e83d8d3dc0b917f21633c2bfe0cd78c570027229894e2260c262d727c336,logistic_l2,DPS,,,,,,,,,,,,,,,,,,,,,,,,,,,,,,,,,,,,,,,,,,,,,,,,reliability_bin,10,609,6,0.100769094061,0.0848432828205,0.197084200629,0.0909168773119,0.0999015748031
later,2018-06,,,random_forest,DP0,,full,calibrated,,,,,e8c1d3ae068a09c6b369da0b9d92e0272f35a8070f642da0ae1190941be09dfd,,,,0.0213114754098,,,,,,,,,,,,93d1e83d8d3dc0b917f21633c2bfe0cd78c570027229894e2260c262d727c336,,,,,,,,,,,,,,,,,,,,,,,,,,,,,,,,,,,,,,,,,,,,,,,,,,reliability_bin,1,610,13,0.0369217633615,0.036831692335,0.036950995631,0.0156102879516,0.100065616798
later,2018-06,,,random_forest,DP0,,full,calibrated,,,,,e8c1d3ae068a09c6b369da0b9d92e0272f35a8070f642da0ae1190941be09dfd,,,,0.00983606557377,,,,,,,,,,,,93d1e83d8d3dc0b917f21633c2bfe0cd78c570027229894e2260c262d727c336,,,,,,,,,,,,,,,,,,,,,,,,,,,,,,,,,,,,,,,,,,,,,,,,,,reliability_bin,2,610,6,0.0369690113034,0.0369511286223,0.0369848440414,0.0271329457296,0.100065616798
later,2018-06,,,random_forest,DP0,,full,calibrated,,,,,e8c1d3ae068a09c6b369da0b9d92e0272f35a8070f642da0ae1190941be09dfd,,,,0.0114942528736,,,,,,,,,,,,93d1e83d8d3dc0b917f21633c2bfe0cd78c570027229894e2260c262d727c336,,,,,,,,,,,,,,,,,,,,,,,,,,,,,,,,,,,,,,,,,,,,,,,,,,reliability_bin,3,609,7,0.0370004222174,0.0369849504642,0.0370156591129,0.0255061693438,0.0999015748031
later,2018-06,,,random_forest,DP0,,full,calibrated,,,,,e8c1d3ae068a09c6b369da0b9d92e0272f35a8070f642da0ae1190941be09dfd,,,,0.0147540983607,,,,,,,,,,,,93d1e83d8d3dc0b917f21633c2bfe0cd78c570027229894e2260c262d727c336,,,,,,,,,,,,,,,,,,,,,,,,,,,,,,,,,,,,,,,,,,,,,,,,,,reliability_bin,4,610,9,0.0370292869401,0.0370156757664,0.0370428056805,0.0222751885795,0.100065616798
later,2018-06,,,random_forest,DP0,,full,calibrated,,,,,e8c1d3ae068a09c6b369da0b9d92e0272f35a8070f642da0ae1190941be09dfd,,,,0.00821018062397,,,,,,,,,,,,93d1e83d8d3dc0b917f21633c2bfe0cd78c570027229894e2260c262d727c336,,,,,,,,,,,,,,,,,,,,,,,,,,,,,,,,,,,,,,,,,,,,,,,,,,reliability_bin,5,609,5,0.0370574581907,0.0370429377942,0.0370719350458,0.0288472775668,0.0999015748031
later,2018-06,,,random_forest,DP0,,full,calibrated,,,,,e8c1d3ae068a09c6b369da0b9d92e0272f35a8070f642da0ae1190941be09dfd,,,,0.00491803278689,,,,,,,,,,,,93d1e83d8d3dc0b917f21633c2bfe0cd78c570027229894e2260c262d727c336,,,,,,,,,,,,,,,,,,,,,,,,,,,,,,,,,,,,,,,,,,,,,,,,,,reliability_bin,6,610,3,0.0370914237103,0.0370719350458,0.0371111533352,0.0321733909234,0.100065616798
later,2018-06,,,random_forest,DP0,,full,calibrated,,,,,e8c1d3ae068a09c6b369da0b9d92e0272f35a8070f642da0ae1190941be09dfd,,,,0.0131147540984,,,,,,,,,,,,93d1e83d8d3dc0b917f21633c2bfe0cd78c570027229894e2260c262d727c336,,,,,,,,,,,,,,,,,,,,,,,,,,,,,,,,,,,,,,,,,,,,,,,,,,reliability_bin,7,610,8,0.037134167644,0.0371111533352,0.0371578126805,0.0240194135456,0.100065616798
later,2018-06,,,random_forest,DP0,,full,calibrated,,,,,e8c1d3ae068a09c6b369da0b9d92e0272f35a8070f642da0ae1190941be09dfd,,,,0.0131362889984,,,,,,,,,,,,93d1e83d8d3dc0b917f21633c2bfe0cd78c570027229894e2260c262d727c336,,,,,,,,,,,,,,,,,,,,,,,,,,,,,,,,,,,,,,,,,,,,,,,,,,reliability_bin,8,609,8,0.0371910864801,0.0371579883849,0.0372274351989,0.0240547974817,0.0999015748031
later,2018-06,,,random_forest,DP0,,full,calibrated,,,,,e8c1d3ae068a09c6b369da0b9d92e0272f35a8070f642da0ae1190941be09dfd,,,,0.00491803278689,,,,,,,,,,,,93d1e83d8d3dc0b917f21633c2bfe0cd78c570027229894e2260c262d727c336,,,,,,,,,,,,,,,,,,,,,,,,,,,,,,,,,,,,,,,,,,,,,,,,,,reliability_bin,9,610,3,0.0372825338946,0.0372275530684,0.037356741633,0.0323645011077,0.100065616798
later,2018-06,,,random_forest,DP0,,full,calibrated,,,,,e8c1d3ae068a09c6b369da0b9d92e0272f35a8070f642da0ae1190941be09dfd,,,,0.0147783251232,,,,,,,,,,,,93d1e83d8d3dc0b917f21633c2bfe0cd78c570027229894e2260c262d727c336,,,,,,,,,,,,,,,,,,,,,,,,,,,,,,,,,,,,,,,,,,,,,,,,,,reliability_bin,10,609,9,0.0377176315337,0.037356741633,0.0384962117787,0.0229393064105,0.0999015748031
later,2018-06,,,random_forest,DP0,,full,raw,,,,,e8c1d3ae068a09c6b369da0b9d92e0272f35a8070f642da0ae1190941be09dfd,,,,0.0147540983607,,,,,,,,,,,,93d1e83d8d3dc0b917f21633c2bfe0cd78c570027229894e2260c262d727c336,,,,,,,,,,,,,,,,,,,,,,,,,,,,,,,,,,,,,,,,,,,,,,,,,,reliability_bin,1,610,9,0.00238254968908,1e-06,0.00659259114513,0.0123715486716,0.100065616798
later,2018-06,,,random_forest,DP0,,full,raw,,,,,e8c1d3ae068a09c6b369da0b9d92e0272f35a8070f642da0ae1190941be09dfd,,,,0.00491803278689,,,,,,,,,,,,93d1e83d8d3dc0b917f21633c2bfe0cd78c570027229894e2260c262d727c336,,,,,,,,,,,,,,,,,,,,,,,,,,,,,,,,,,,,,,,,,,,,,,,,,,reliability_bin,2,610,3,0.0122528961107,0.00659259114513,0.0179810380318,0.0073348633238,0.100065616798
later,2018-06,,,random_forest,DP0,,full,raw,,,,,e8c1d3ae068a09c6b369da0b9d92e0272f35a8070f642da0ae1190941be09dfd,,,,0.0131362889984,,,,,,,,,,,,93d1e83d8d3dc0b917f21633c2bfe0cd78c570027229894e2260c262d727c336,,,,,,,,,,,,,,,,,,,,,,,,,,,,,,,,,,,,,,,,,,,,,,,,,,reliability_bin,3,609,8,0.0241052999138,0.0179912687129,0.030696337795,0.0109690109154,0.0999015748031
later,2018-06,,,random_forest,DP0,,full,raw,,,,,e8c1d3ae068a09c6b369da0b9d92e0272f35a8070f642da0ae1190941be09dfd,,,,0.0131147540984,,,,,,,,,,,,93d1e83d8d3dc0b917f21633c2bfe0cd78c570027229894e2260c262d727c336,,,,,,,,,,,,,,,,,,,,,,,,,,,,,,,,,,,,,,,,,,,,,,,,,,reliability_bin,4,610,8,0.0369727245965,0.0307394602278,0.0437419384969,0.0238579704982,0.100065616798
later,2018-06,,,random_forest,DP0,,full,raw,,,,,e8c1d3ae068a09c6b369da0b9d92e0272f35a8070f642da0ae1190941be09dfd,,,,0.00492610837438,,,,,,,,,,,,93d1e83d8d3dc0b917f21633c2bfe0cd78c570027229894e2260c262d727c336,,,,,,,,,,,,,,,,,,,,,,,,,,,,,,,,,,,,,,,,,,,,,,,,,,reliability_bin,5,609,3,0.050925607633,0.0437595089232,0.0586733797879,0.0459994992586,0.0999015748031
later,2018-06,,,random_forest,DP0,,full,raw,,,,,e8c1d3ae068a09c6b369da0b9d92e0272f35a8070f642da0ae1190941be09dfd,,,,0.00819672131148,,,,,,,,,,,,93d1e83d8d3dc0b917f21633c2bfe0cd78c570027229894e2260c262d727c336,,,,,,,,,,,,,,,,,,,,,,,,,,,,,,,,,,,,,,,,,,,,,,,,,,reliability_bin,6,610,5,0.0654500056811,0.0586733797879,0.0727441264515,0.0572532843697,0.100065616798
later,2018-06,,,random_forest,DP0,,full,raw,,,,,e8c1d3ae068a09c6b369da0b9d92e0272f35a8070f642da0ae1190941be09dfd,,,,0.0147540983607,,,,,,,,,,,,93d1e83d8d3dc0b917f21633c2bfe0cd78c570027229894e2260c262d727c336,,,,,,,,,,,,,,,,,,,,,,,,,,,,,,,,,,,,,,,,,,,,,,,,,,reliability_bin,7,610,9,0.0804128576411,0.0727933703602,0.088607315144,0.0656587592804,0.100065616798
later,2018-06,,,random_forest,DP0,,full,raw,,,,,e8c1d3ae068a09c6b369da0b9d92e0272f35a8070f642da0ae1190941be09dfd,,,,0.0114942528736,,,,,,,,,,,,93d1e83d8d3dc0b917f21633c2bfe0cd78c570027229894e2260c262d727c336,,,,,,,,,,,,,,,,,,,,,,,,,,,,,,,,,,,,,,,,,,,,,,,,,,reliability_bin,8,609,7,0.0990479907851,0.0886226126416,0.110360480279,0.0875537379116,0.0999015748031
later,2018-06,,,random_forest,DP0,,full,raw,,,,,e8c1d3ae068a09c6b369da0b9d92e0272f35a8070f642da0ae1190941be09dfd,,,,0.00983606557377,,,,,,,,,,,,93d1e83d8d3dc0b917f21633c2bfe0cd78c570027229894e2260c262d727c336,,,,,,,,,,,,,,,,,,,,,,,,,,,,,,,,,,,,,,,,,,,,,,,,,,reliability_bin,9,610,6,0.123559704447,0.110360480279,0.139535255759,0.113723638873,0.100065616798
later,2018-06,,,random_forest,DP0,,full,raw,,,,,e8c1d3ae068a09c6b369da0b9d92e0272f35a8070f642da0ae1190941be09dfd,,,,0.0213464696223,,,,,,,,,,,,93d1e83d8d3dc0b917f21633c2bfe0cd78c570027229894e2260c262d727c336,,,,,,,,,,,,,,,,,,,,,,,,,,,,,,,,,,,,,,,,,,,,,,,,,,reliability_bin,10,609,13,0.171274327951,0.139647784734,0.294632802009,0.149927858328,0.0999015748031
later,2018-06,,,random_forest,DPB,,full,calibrated,,,,,9705d00b2e29e8d981f51ca695e1d2d73c69888c503f3a3feefb42ce87e2b289,,,,0.0131147540984,,,,,,,,,,,,93d1e83d8d3dc0b917f21633c2bfe0cd78c570027229894e2260c262d727c336,,,,,,,,,,,,,,,,,,,,,,,,,,,,,,,,,,,,,,,,,,,,,,,,,,reliability_bin,1,610,8,0.00977644250364,0.00179098578411,0.0130767841519,0.00333831159472,0.100065616798
later,2018-06,,,random_forest,DPB,,full,calibrated,,,,,9705d00b2e29e8d981f51ca695e1d2d73c69888c503f3a3feefb42ce87e2b289,,,,0.0114754098361,,,,,,,,,,,,93d1e83d8d3dc0b917f21633c2bfe0cd78c570027229894e2260c262d727c336,,,,,,,,,,,,,,,,,,,,,,,,,,,,,,,,,,,,,,,,,,,,,,,,,,reliability_bin,2,610,7,0.0151720004461,0.0130861180584,0.0170520510765,0.00369659061004,0.100065616798
later,2018-06,,,random_forest,DPB,,full,calibrated,,,,,9705d00b2e29e8d981f51ca695e1d2d73c69888c503f3a3feefb42ce87e2b289,,,,0.00328407224959,,,,,,,,,,,,93d1e83d8d3dc0b917f21633c2bfe0cd78c570027229894e2260c262d727c336,,,,,,,,,,,,,,,,,,,,,,,,,,,,,,,,,,,,,,,,,,,,,,,,,,reliability_bin,3,609,2,0.0190479458234,0.01705708548,0.0213057511267,0.0157638735738,0.0999015748031
later,2018-06,,,random_forest,DPB,,full,calibrated,,,,,9705d00b2e29e8d981f51ca695e1d2d73c69888c503f3a3feefb42ce87e2b289,,,,0.00327868852459,,,,,,,,,,,,93d1e83d8d3dc0b917f21633c2bfe0cd78c570027229894e2260c262d727c336,,,,,,,,,,,,,,,,,,,,,,,,,,,,,,,,,,,,,,,,,,,,,,,,,,reliability_bin,4,610,2,0.0241475006302,0.0213095203226,0.0275456580682,0.0208688121056,0.100065616798
later,2018-06,,,random_forest,DPB,,full,calibrated,,,,,9705d00b2e29e8d981f51ca695e1d2d73c69888c503f3a3feefb42ce87e2b289,,,,0.00492610837438,,,,,,,,,,,,93d1e83d8d3dc0b917f21633c2bfe0cd78c570027229894e2260c262d727c336,,,,,,,,,,,,,,,,,,,,,,,,,,,,,,,,,,,,,,,,,,,,,,,,,,reliability_bin,5,609,3,0.0326411517467,0.0275471386621,0.0386309307269,0.0277150433723,0.0999015748031
later,2018-06,,,random_forest,DPB,,full,calibrated,,,,,9705d00b2e29e8d981f51ca695e1d2d73c69888c503f3a3feefb42ce87e2b289,,,,0.00655737704918,,,,,,,,,,,,93d1e83d8d3dc0b917f21633c2bfe0cd78c570027229894e2260c262d727c336,,,,,,,,,,,,,,,,,,,,,,,,,,,,,,,,,,,,,,,,,,,,,,,,,,reliability_bin,6,610,4,0.0448609598295,0.0386574550877,0.0511661308711,0.0383035827803,0.100065616798
later,2018-06,,,random_forest,DPB,,full,calibrated,,,,,9705d00b2e29e8d981f51ca695e1d2d73c69888c503f3a3feefb42ce87e2b289,,,,0.0114754098361,,,,,,,,,,,,93d1e83d8d3dc0b917f21633c2bfe0cd78c570027229894e2260c262d727c336,,,,,,,,,,,,,,,,,,,,,,,,,,,,,,,,,,,,,,,,,,,,,,,,,,reliability_bin,7,610,7,0.0582050967006,0.0511984997639,0.0659170694037,0.0467296868645,0.100065616798
later,2018-06,,,random_forest,DPB,,full,calibrated,,,,,9705d00b2e29e8d981f51ca695e1d2d73c69888c503f3a3feefb42ce87e2b289,,,,0.00492610837438,,,,,,,,,,,,93d1e83d8d3dc0b917f21633c2bfe0cd78c570027229894e2260c262d727c336,,,,,,,,,,,,,,,,,,,,,,,,,,,,,,,,,,,,,,,,,,,,,,,,,,reliability_bin,8,609,3,0.0757245188588,0.0659212808756,0.0862456675666,0.0707984104844,0.0999015748031
later,2018-06,,,random_forest,DPB,,full,calibrated,,,,,9705d00b2e29e8d981f51ca695e1d2d73c69888c503f3a3feefb42ce87e2b289,,,,0.0180327868852,,,,,,,,,,,,93d1e83d8d3dc0b917f21633c2bfe0cd78c570027229894e2260c262d727c336,,,,,,,,,,,,,,,,,,,,,,,,,,,,,,,,,,,,,,,,,,,,,,,,,,reliability_bin,9,610,11,0.0978665695854,0.0862544826403,0.1120820674,0.0798337827001,0.100065616798
later,2018-06,,,random_forest,DPB,,full,calibrated,,,,,9705d00b2e29e8d981f51ca695e1d2d73c69888c503f3a3feefb42ce87e2b289,,,,0.0394088669951,,,,,,,,,,,,93d1e83d8d3dc0b917f21633c2bfe0cd78c570027229894e2260c262d727c336,,,,,,,,,,,,,,,,,,,,,,,,,,,,,,,,,,,,,,,,,,,,,,,,,,reliability_bin,10,609,24,0.141518076968,0.112137140102,0.307299362014,0.102109209973,0.0999015748031
later,2018-06,,,random_forest,DPB,,full,raw,,,,,9705d00b2e29e8d981f51ca695e1d2d73c69888c503f3a3feefb42ce87e2b289,,,,0.0131147540984,,,,,,,,,,,,93d1e83d8d3dc0b917f21633c2bfe0cd78c570027229894e2260c262d727c336,,,,,,,,,,,,,,,,,,,,,,,,,,,,,,,,,,,,,,,,,,,,,,,,,,reliability_bin,1,610,8,0.00977644250364,0.00179098578411,0.0130767841519,0.00333831159472,0.100065616798
later,2018-06,,,random_forest,DPB,,full,raw,,,,,9705d00b2e29e8d981f51ca695e1d2d73c69888c503f3a3feefb42ce87e2b289,,,,0.0114754098361,,,,,,,,,,,,93d1e83d8d3dc0b917f21633c2bfe0cd78c570027229894e2260c262d727c336,,,,,,,,,,,,,,,,,,,,,,,,,,,,,,,,,,,,,,,,,,,,,,,,,,reliability_bin,2,610,7,0.0151720004461,0.0130861180584,0.0170520510765,0.00369659061004,0.100065616798
later,2018-06,,,random_forest,DPB,,full,raw,,,,,9705d00b2e29e8d981f51ca695e1d2d73c69888c503f3a3feefb42ce87e2b289,,,,0.00328407224959,,,,,,,,,,,,93d1e83d8d3dc0b917f21633c2bfe0cd78c570027229894e2260c262d727c336,,,,,,,,,,,,,,,,,,,,,,,,,,,,,,,,,,,,,,,,,,,,,,,,,,reliability_bin,3,609,2,0.0190479458234,0.01705708548,0.0213057511267,0.0157638735738,0.0999015748031
later,2018-06,,,random_forest,DPB,,full,raw,,,,,9705d00b2e29e8d981f51ca695e1d2d73c69888c503f3a3feefb42ce87e2b289,,,,0.00327868852459,,,,,,,,,,,,93d1e83d8d3dc0b917f21633c2bfe0cd78c570027229894e2260c262d727c336,,,,,,,,,,,,,,,,,,,,,,,,,,,,,,,,,,,,,,,,,,,,,,,,,,reliability_bin,4,610,2,0.0241475006302,0.0213095203226,0.0275456580682,0.0208688121056,0.100065616798
later,2018-06,,,random_forest,DPB,,full,raw,,,,,9705d00b2e29e8d981f51ca695e1d2d73c69888c503f3a3feefb42ce87e2b289,,,,0.00492610837438,,,,,,,,,,,,93d1e83d8d3dc0b917f21633c2bfe0cd78c570027229894e2260c262d727c336,,,,,,,,,,,,,,,,,,,,,,,,,,,,,,,,,,,,,,,,,,,,,,,,,,reliability_bin,5,609,3,0.0326411517467,0.0275471386621,0.0386309307269,0.0277150433723,0.0999015748031
later,2018-06,,,random_forest,DPB,,full,raw,,,,,9705d00b2e29e8d981f51ca695e1d2d73c69888c503f3a3feefb42ce87e2b289,,,,0.00655737704918,,,,,,,,,,,,93d1e83d8d3dc0b917f21633c2bfe0cd78c570027229894e2260c262d727c336,,,,,,,,,,,,,,,,,,,,,,,,,,,,,,,,,,,,,,,,,,,,,,,,,,reliability_bin,6,610,4,0.0448609598295,0.0386574550877,0.0511661308711,0.0383035827803,0.100065616798
later,2018-06,,,random_forest,DPB,,full,raw,,,,,9705d00b2e29e8d981f51ca695e1d2d73c69888c503f3a3feefb42ce87e2b289,,,,0.0114754098361,,,,,,,,,,,,93d1e83d8d3dc0b917f21633c2bfe0cd78c570027229894e2260c262d727c336,,,,,,,,,,,,,,,,,,,,,,,,,,,,,,,,,,,,,,,,,,,,,,,,,,reliability_bin,7,610,7,0.0582050967006,0.0511984997639,0.0659170694037,0.0467296868645,0.100065616798
later,2018-06,,,random_forest,DPB,,full,raw,,,,,9705d00b2e29e8d981f51ca695e1d2d73c69888c503f3a3feefb42ce87e2b289,,,,0.00492610837438,,,,,,,,,,,,93d1e83d8d3dc0b917f21633c2bfe0cd78c570027229894e2260c262d727c336,,,,,,,,,,,,,,,,,,,,,,,,,,,,,,,,,,,,,,,,,,,,,,,,,,reliability_bin,8,609,3,0.0757245188588,0.0659212808756,0.0862456675666,0.0707984104844,0.0999015748031
later,2018-06,,,random_forest,DPB,,full,raw,,,,,9705d00b2e29e8d981f51ca695e1d2d73c69888c503f3a3feefb42ce87e2b289,,,,0.0180327868852,,,,,,,,,,,,93d1e83d8d3dc0b917f21633c2bfe0cd78c570027229894e2260c262d727c336,,,,,,,,,,,,,,,,,,,,,,,,,,,,,,,,,,,,,,,,,,,,,,,,,,reliability_bin,9,610,11,0.0978665695854,0.0862544826403,0.1120820674,0.0798337827001,0.100065616798
later,2018-06,,,random_forest,DPB,,full,raw,,,,,9705d00b2e29e8d981f51ca695e1d2d73c69888c503f3a3feefb42ce87e2b289,,,,0.0394088669951,,,,,,,,,,,,93d1e83d8d3dc0b917f21633c2bfe0cd78c570027229894e2260c262d727c336,,,,,,,,,,,,,,,,,,,,,,,,,,,,,,,,,,,,,,,,,,,,,,,,,,reliability_bin,10,609,24,0.141518076968,0.112137140102,0.307299362014,0.102109209973,0.0999015748031
later,2018-06,,,random_forest,DPG,,full,calibrated,,,,,52b883712a420b20856c2ce59a5eb6c9d703c6054381e83b59c5c8b85508b6d2,,,,0.0147540983607,,,,,,,,,,,,93d1e83d8d3dc0b917f21633c2bfe0cd78c570027229894e2260c262d727c336,,,,,,,,,,,,,,,,,,,,,,,,,,,,,,,,,,,,,,,,,,,,,,,,,,reliability_bin,1,610,9,0.0262912163112,0.0219091284942,0.0288945607332,0.0115371179506,0.100065616798
later,2018-06,,,random_forest,DPG,,full,calibrated,,,,,52b883712a420b20856c2ce59a5eb6c9d703c6054381e83b59c5c8b85508b6d2,,,,0.00491803278689,,,,,,,,,,,,93d1e83d8d3dc0b917f21633c2bfe0cd78c570027229894e2260c262d727c336,,,,,,,,,,,,,,,,,,,,,,,,,,,,,,,,,,,,,,,,,,,,,,,,,,reliability_bin,2,610,3,0.0308365115713,0.0288945607332,0.0330373074611,0.0259184787844,0.100065616798
later,2018-06,,,random_forest,DPG,,full,calibrated,,,,,52b883712a420b20856c2ce59a5eb6c9d703c6054381e83b59c5c8b85508b6d2,,,,0.00656814449918,,,,,,,,,,,,93d1e83d8d3dc0b917f21633c2bfe0cd78c570027229894e2260c262d727c336,,,,,,,,,,,,,,,,,,,,,,,,,,,,,,,,,,,,,,,,,,,,,,,,,,reliability_bin,3,609,4,0.0351323240529,0.0330624544196,0.0373018573869,0.0285641795537,0.0999015748031
later,2018-06,,,random_forest,DPG,,full,calibrated,,,,,52b883712a420b20856c2ce59a5eb6c9d703c6054381e83b59c5c8b85508b6d2,,,,0.00491803278689,,,,,,,,,,,,93d1e83d8d3dc0b917f21633c2bfe0cd78c570027229894e2260c262d727c336,,,,,,,,,,,,,,,,,,,,,,,,,,,,,,,,,,,,,,,,,,,,,,,,,,reliability_bin,4,610,3,0.0394104264486,0.037325064946,0.0425278055053,0.0344923936617,0.100065616798
later,2018-06,,,random_forest,DPG,,full,calibrated,,,,,52b883712a420b20856c2ce59a5eb6c9d703c6054381e83b59c5c8b85508b6d2,,,,0.00328407224959,,,,,,,,,,,,93d1e83d8d3dc0b917f21633c2bfe0cd78c570027229894e2260c262d727c336,,,,,,,,,,,,,,,,,,,,,,,,,,,,,,,,,,,,,,,,,,,,,,,,,,reliability_bin,5,609,2,0.0442639027385,0.0425402225272,0.0454054323483,0.0409798304889,0.0999015748031
later,2018-06,,,random_forest,DPG,,full,calibrated,,,,,52b883712a420b20856c2ce59a5eb6c9d703c6054381e83b59c5c8b85508b6d2,,,,0.00983606557377,,,,,,,,,,,,93d1e83d8d3dc0b917f21633c2bfe0cd78c570027229894e2260c262d727c336,,,,,,,,,,,,,,,,,,,,,,,,,,,,,,,,,,,,,,,,,,,,,,,,,,reliability_bin,6,610,6,0.0469034533209,0.0454054323483,0.0483878723953,0.0370673877471,0.100065616798
later,2018-06,,,random_forest,DPG,,full,calibrated,,,,,52b883712a420b20856c2ce59a5eb6c9d703c6054381e83b59c5c8b85508b6d2,,,,0.0147540983607,,,,,,,,,,,,93d1e83d8d3dc0b917f21633c2bfe0cd78c570027229894e2260c262d727c336,,,,,,,,,,,,,,,,,,,,,,,,,,,,,,,,,,,,,,,,,,,,,,,,,,reliability_bin,7,610,9,0.0498050376629,0.0483907643579,0.0515724184691,0.0350509393022,0.100065616798
later,2018-06,,,random_forest,DPG,,full,calibrated,,,,,52b883712a420b20856c2ce59a5eb6c9d703c6054381e83b59c5c8b85508b6d2,,,,0.0114942528736,,,,,,,,,,,,93d1e83d8d3dc0b917f21633c2bfe0cd78c570027229894e2260c262d727c336,,,,,,,,,,,,,,,,,,,,,,,,,,,,,,,,,,,,,,,,,,,,,,,,,,reliability_bin,8,609,7,0.0533355385034,0.0515727374006,0.0552192668179,0.0418412856298,0.0999015748031
later,2018-06,,,random_forest,DPG,,full,calibrated,,,,,52b883712a420b20856c2ce59a5eb6c9d703c6054381e83b59c5c8b85508b6d2,,,,0.00983606557377,,,,,,,,,,,,93d1e83d8d3dc0b917f21633c2bfe0cd78c570027229894e2260c262d727c336,,,,,,,,,,,,,,,,,,,,,,,,,,,,,,,,,,,,,,,,,,,,,,,,,,reliability_bin,9,610,6,0.0572033192713,0.0552266310284,0.0591451724461,0.0473672536976,0.100065616798
later,2018-06,,,random_forest,DPG,,full,calibrated,,,,,52b883712a420b20856c2ce59a5eb6c9d703c6054381e83b59c5c8b85508b6d2,,,,0.0361247947455,,,,,,,,,,,,93d1e83d8d3dc0b917f21633c2bfe0cd78c570027229894e2260c262d727c336,,,,,,,,,,,,,,,,,,,,,,,,,,,,,,,,,,,,,,,,,,,,,,,,,,reliability_bin,10,609,22,0.0634026670977,0.059145511871,0.0915902982057,0.0272778723522,0.0999015748031
later,2018-06,,,random_forest,DPG,,full,raw,,,,,52b883712a420b20856c2ce59a5eb6c9d703c6054381e83b59c5c8b85508b6d2,,,,0.0147540983607,,,,,,,,,,,,93d1e83d8d3dc0b917f21633c2bfe0cd78c570027229894e2260c262d727c336,,,,,,,,,,,,,,,,,,,,,,,,,,,,,,,,,,,,,,,,,,,,,,,,,,reliability_bin,1,610,9,0.00333008773474,0.00145906705302,0.00491797034914,0.0114240106259,0.100065616798
later,2018-06,,,random_forest,DPG,,full,raw,,,,,52b883712a420b20856c2ce59a5eb6c9d703c6054381e83b59c5c8b85508b6d2,,,,0.00491803278689,,,,,,,,,,,,93d1e83d8d3dc0b917f21633c2bfe0cd78c570027229894e2260c262d727c336,,,,,,,,,,,,,,,,,,,,,,,,,,,,,,,,,,,,,,,,,,,,,,,,,,reliability_bin,2,610,3,0.00663012642396,0.00491797034914,0.00886690268013,0.00171209363707,0.100065616798
later,2018-06,,,random_forest,DPG,,full,raw,,,,,52b883712a420b20856c2ce59a5eb6c9d703c6054381e83b59c5c8b85508b6d2,,,,0.00656814449918,,,,,,,,,,,,93d1e83d8d3dc0b917f21633c2bfe0cd78c570027229894e2260c262d727c336,,,,,,,,,,,,,,,,,,,,,,,,,,,,,,,,,,,,,,,,,,,,,,,,,,reliability_bin,3,609,4,0.0117325057491,0.00889663260378,0.0151202915948,0.0051643612499,0.0999015748031
later,2018-06,,,random_forest,DPG,,full,raw,,,,,52b883712a420b20856c2ce59a5eb6c9d703c6054381e83b59c5c8b85508b6d2,,,,0.00491803278689,,,,,,,,,,,,93d1e83d8d3dc0b917f21633c2bfe0cd78c570027229894e2260c262d727c336,,,,,,,,,,,,,,,,,,,,,,,,,,,,,,,,,,,,,,,,,,,,,,,,,,reliability_bin,4,610,3,0.0194836715014,0.015161640522,0.0268472785957,0.0145656387145,0.100065616798
later,2018-06,,,random_forest,DPG,,full,raw,,,,,52b883712a420b20856c2ce59a5eb6c9d703c6054381e83b59c5c8b85508b6d2,,,,0.00328407224959,,,,,,,,,,,,93d1e83d8d3dc0b917f21633c2bfe0cd78c570027229894e2260c262d727c336,,,,,,,,,,,,,,,,,,,,,,,,,,,,,,,,,,,,,,,,,,,,,,,,,,reliability_bin,5,609,2,0.0320283475665,0.0268814895927,0.0356933069358,0.0287442753169,0.0999015748031
later,2018-06,,,random_forest,DPG,,full,raw,,,,,52b883712a420b20856c2ce59a5eb6c9d703c6054381e83b59c5c8b85508b6d2,,,,0.00983606557377,,,,,,,,,,,,93d1e83d8d3dc0b917f21633c2bfe0cd78c570027229894e2260c262d727c336,,,,,,,,,,,,,,,,,,,,,,,,,,,,,,,,,,,,,,,,,,,,,,,,,,reliability_bin,6,610,6,0.041188709411,0.0356933069358,0.0469774513879,0.0313526438372,0.100065616798
later,2018-06,,,random_forest,DPG,,full,raw,,,,,52b883712a420b20856c2ce59a5eb6c9d703c6054381e83b59c5c8b85508b6d2,,,,0.0147540983607,,,,,,,,,,,,93d1e83d8d3dc0b917f21633c2bfe0cd78c570027229894e2260c262d727c336,,,,,,,,,,,,,,,,,,,,,,,,,,,,,,,,,,,,,,,,,,,,,,,,,,reliability_bin,7,610,9,0.0532894096982,0.046989520834,0.0616863072279,0.0385353113376,0.100065616798
later,2018-06,,,random_forest,DPG,,full,raw,,,,,52b883712a420b20856c2ce59a5eb6c9d703c6054381e83b59c5c8b85508b6d2,,,,0.0114942528736,,,,,,,,,,,,93d1e83d8d3dc0b917f21633c2bfe0cd78c570027229894e2260c262d727c336,,,,,,,,,,,,,,,,,,,,,,,,,,,,,,,,,,,,,,,,,,,,,,,,,,reliability_bin,8,609,7,0.071282700116,0.0616879270767,0.0822442419781,0.0597884472424,0.0999015748031
later,2018-06,,,random_forest,DPG,,full,raw,,,,,52b883712a420b20856c2ce59a5eb6c9d703c6054381e83b59c5c8b85508b6d2,,,,0.00983606557377,,,,,,,,,,,,93d1e83d8d3dc0b917f21633c2bfe0cd78c570027229894e2260c262d727c336,,,,,,,,,,,,,,,,,,,,,,,,,,,,,,,,,,,,,,,,,,,,,,,,,,reliability_bin,9,610,6,0.0953833112428,0.0822899800239,0.109137679082,0.0855472456691,0.100065616798
later,2018-06,,,random_forest,DPG,,full,raw,,,,,52b883712a420b20856c2ce59a5eb6c9d703c6054381e83b59c5c8b85508b6d2,,,,0.0361247947455,,,,,,,,,,,,93d1e83d8d3dc0b917f21633c2bfe0cd78c570027229894e2260c262d727c336,,,,,,,,,,,,,,,,,,,,,,,,,,,,,,,,,,,,,,,,,,,,,,,,,,reliability_bin,10,609,22,0.147290424178,0.109140224435,0.482021282137,0.111165629432,0.0999015748031
later,2018-06,,,random_forest,DPS,,full,calibrated,,,,,d57e52f44534c023a6332981fe7ddaea6746af14738058d00db34c5892b06867,,,,0.0147540983607,,,,,,,,,,,,93d1e83d8d3dc0b917f21633c2bfe0cd78c570027229894e2260c262d727c336,,,,,,,,,,,,,,,,,,,,,,,,,,,,,,,,,,,,,,,,,,,,,,,,,,reliability_bin,1,610,9,0.0186098734597,0.00422992773233,0.0235471680216,0.00385577509907,0.100065616798
later,2018-06,,,random_forest,DPS,,full,calibrated,,,,,d57e52f44534c023a6332981fe7ddaea6746af14738058d00db34c5892b06867,,,,0.00327868852459,,,,,,,,,,,,93d1e83d8d3dc0b917f21633c2bfe0cd78c570027229894e2260c262d727c336,,,,,,,,,,,,,,,,,,,,,,,,,,,,,,,,,,,,,,,,,,,,,,,,,,reliability_bin,2,610,2,0.0270630999449,0.0235531022331,0.0301381943267,0.0237844114203,0.100065616798
later,2018-06,,,random_forest,DPS,,full,calibrated,,,,,d57e52f44534c023a6332981fe7ddaea6746af14738058d00db34c5892b06867,,,,0.0180623973727,,,,,,,,,,,,93d1e83d8d3dc0b917f21633c2bfe0cd78c570027229894e2260c262d727c336,,,,,,,,,,,,,,,,,,,,,,,,,,,,,,,,,,,,,,,,,,,,,,,,,,reliability_bin,3,609,11,0.0326755433067,0.0301415925661,0.0353418503817,0.014613145934,0.0999015748031
later,2018-06,,,random_forest,DPS,,full,calibrated,,,,,d57e52f44534c023a6332981fe7ddaea6746af14738058d00db34c5892b06867,,,,0.0180327868852,,,,,,,,,,,,93d1e83d8d3dc0b917f21633c2bfe0cd78c570027229894e2260c262d727c336,,,,,,,,,,,,,,,,,,,,,,,,,,,,,,,,,,,,,,,,,,,,,,,,,,reliability_bin,4,610,11,0.0380808376995,0.0353714331167,0.0409397849446,0.0200480508142,0.100065616798
later,2018-06,,,random_forest,DPS,,full,calibrated,,,,,d57e52f44534c023a6332981fe7ddaea6746af14738058d00db34c5892b06867,,,,0.0197044334975,,,,,,,,,,,,93d1e83d8d3dc0b917f21633c2bfe0cd78c570027229894e2260c262d727c336,,,,,,,,,,,,,,,,,,,,,,,,,,,,,,,,,,,,,,,,,,,,,,,,,,reliability_bin,5,609,12,0.0440395679651,0.0409397849446,0.0472972280067,0.0243351344675,0.0999015748031
later,2018-06,,,random_forest,DPS,,full,calibrated,,,,,d57e52f44534c023a6332981fe7ddaea6746af14738058d00db34c5892b06867,,,,0.0114754098361,,,,,,,,,,,,93d1e83d8d3dc0b917f21633c2bfe0cd78c570027229894e2260c262d727c336,,,,,,,,,,,,,,,,,,,,,,,,,,,,,,,,,,,,,,,,,,,,,,,,,,reliability_bin,6,610,7,0.0506112272127,0.0473455921022,0.0543938444706,0.0391358173766,0.100065616798
later,2018-06,,,random_forest,DPS,,full,calibrated,,,,,d57e52f44534c023a6332981fe7ddaea6746af14738058d00db34c5892b06867,,,,0.00491803278689,,,,,,,,,,,,93d1e83d8d3dc0b917f21633c2bfe0cd78c570027229894e2260c262d727c336,,,,,,,,,,,,,,,,,,,,,,,,,,,,,,,,,,,,,,,,,,,,,,,,,,reliability_bin,7,610,3,0.0590253088806,0.054430969117,0.0643428625634,0.0541072760937,0.100065616798
later,2018-06,,,random_forest,DPS,,full,calibrated,,,,,d57e52f44534c023a6332981fe7ddaea6746af14738058d00db34c5892b06867,,,,0.0131362889984,,,,,,,,,,,,93d1e83d8d3dc0b917f21633c2bfe0cd78c570027229894e2260c262d727c336,,,,,,,,,,,,,,,,,,,,,,,,,,,,,,,,,,,,,,,,,,,,,,,,,,reliability_bin,8,609,8,0.0703334758153,0.0643435623292,0.0771707386882,0.057197186817,0.0999015748031
later,2018-06,,,random_forest,DPS,,full,calibrated,,,,,d57e52f44534c023a6332981fe7ddaea6746af14738058d00db34c5892b06867,,,,0.00655737704918,,,,,,,,,,,,93d1e83d8d3dc0b917f21633c2bfe0cd78c570027229894e2260c262d727c336,,,,,,,,,,,,,,,,,,,,,,,,,,,,,,,,,,,,,,,,,,,,,,,,,,reliability_bin,9,610,4,0.0878067621666,0.0771745868839,0.1015484994,0.0812493851174,0.100065616798
later,2018-06,,,random_forest,DPS,,full,calibrated,,,,,d57e52f44534c023a6332981fe7ddaea6746af14738058d00db34c5892b06867,,,,0.00656814449918,,,,,,,,,,,,93d1e83d8d3dc0b917f21633c2bfe0cd78c570027229894e2260c262d727c336,,,,,,,,,,,,,,,,,,,,,,,,,,,,,,,,,,,,,,,,,,,,,,,,,,reliability_bin,10,609,4,0.140719214149,0.101561917433,0.341651429615,0.13415106965,0.0999015748031
later,2018-06,,,random_forest,DPS,,full,raw,,,,,d57e52f44534c023a6332981fe7ddaea6746af14738058d00db34c5892b06867,,,,0.0147540983607,,,,,,,,,,,,93d1e83d8d3dc0b917f21633c2bfe0cd78c570027229894e2260c262d727c336,,,,,,,,,,,,,,,,,,,,,,,,,,,,,,,,,,,,,,,,,,,,,,,,,,reliability_bin,1,610,9,0.0186098734597,0.00422992773233,0.0235471680216,0.00385577509907,0.100065616798
later,2018-06,,,random_forest,DPS,,full,raw,,,,,d57e52f44534c023a6332981fe7ddaea6746af14738058d00db34c5892b06867,,,,0.00327868852459,,,,,,,,,,,,93d1e83d8d3dc0b917f21633c2bfe0cd78c570027229894e2260c262d727c336,,,,,,,,,,,,,,,,,,,,,,,,,,,,,,,,,,,,,,,,,,,,,,,,,,reliability_bin,2,610,2,0.0270630999449,0.0235531022331,0.0301381943267,0.0237844114203,0.100065616798
later,2018-06,,,random_forest,DPS,,full,raw,,,,,d57e52f44534c023a6332981fe7ddaea6746af14738058d00db34c5892b06867,,,,0.0180623973727,,,,,,,,,,,,93d1e83d8d3dc0b917f21633c2bfe0cd78c570027229894e2260c262d727c336,,,,,,,,,,,,,,,,,,,,,,,,,,,,,,,,,,,,,,,,,,,,,,,,,,reliability_bin,3,609,11,0.0326755433067,0.0301415925661,0.0353418503817,0.014613145934,0.0999015748031
later,2018-06,,,random_forest,DPS,,full,raw,,,,,d57e52f44534c023a6332981fe7ddaea6746af14738058d00db34c5892b06867,,,,0.0180327868852,,,,,,,,,,,,93d1e83d8d3dc0b917f21633c2bfe0cd78c570027229894e2260c262d727c336,,,,,,,,,,,,,,,,,,,,,,,,,,,,,,,,,,,,,,,,,,,,,,,,,,reliability_bin,4,610,11,0.0380808376995,0.0353714331167,0.0409397849446,0.0200480508142,0.100065616798
later,2018-06,,,random_forest,DPS,,full,raw,,,,,d57e52f44534c023a6332981fe7ddaea6746af14738058d00db34c5892b06867,,,,0.0197044334975,,,,,,,,,,,,93d1e83d8d3dc0b917f21633c2bfe0cd78c570027229894e2260c262d727c336,,,,,,,,,,,,,,,,,,,,,,,,,,,,,,,,,,,,,,,,,,,,,,,,,,reliability_bin,5,609,12,0.0440395679651,0.0409397849446,0.0472972280067,0.0243351344675,0.0999015748031
later,2018-06,,,random_forest,DPS,,full,raw,,,,,d57e52f44534c023a6332981fe7ddaea6746af14738058d00db34c5892b06867,,,,0.0114754098361,,,,,,,,,,,,93d1e83d8d3dc0b917f21633c2bfe0cd78c570027229894e2260c262d727c336,,,,,,,,,,,,,,,,,,,,,,,,,,,,,,,,,,,,,,,,,,,,,,,,,,reliability_bin,6,610,7,0.0506112272127,0.0473455921022,0.0543938444706,0.0391358173766,0.100065616798
later,2018-06,,,random_forest,DPS,,full,raw,,,,,d57e52f44534c023a6332981fe7ddaea6746af14738058d00db34c5892b06867,,,,0.00491803278689,,,,,,,,,,,,93d1e83d8d3dc0b917f21633c2bfe0cd78c570027229894e2260c262d727c336,,,,,,,,,,,,,,,,,,,,,,,,,,,,,,,,,,,,,,,,,,,,,,,,,,reliability_bin,7,610,3,0.0590253088806,0.054430969117,0.0643428625634,0.0541072760937,0.100065616798
later,2018-06,,,random_forest,DPS,,full,raw,,,,,d57e52f44534c023a6332981fe7ddaea6746af14738058d00db34c5892b06867,,,,0.0131362889984,,,,,,,,,,,,93d1e83d8d3dc0b917f21633c2bfe0cd78c570027229894e2260c262d727c336,,,,,,,,,,,,,,,,,,,,,,,,,,,,,,,,,,,,,,,,,,,,,,,,,,reliability_bin,8,609,8,0.0703334758153,0.0643435623292,0.0771707386882,0.057197186817,0.0999015748031
later,2018-06,,,random_forest,DPS,,full,raw,,,,,d57e52f44534c023a6332981fe7ddaea6746af14738058d00db34c5892b06867,,,,0.00655737704918,,,,,,,,,,,,93d1e83d8d3dc0b917f21633c2bfe0cd78c570027229894e2260c262d727c336,,,,,,,,,,,,,,,,,,,,,,,,,,,,,,,,,,,,,,,,,,,,,,,,,,reliability_bin,9,610,4,0.0878067621666,0.0771745868839,0.1015484994,0.0812493851174,0.100065616798
later,2018-06,,,random_forest,DPS,,full,raw,,,,,d57e52f44534c023a6332981fe7ddaea6746af14738058d00db34c5892b06867,,,,0.00656814449918,,,,,,,,,,,,93d1e83d8d3dc0b917f21633c2bfe0cd78c570027229894e2260c262d727c336,,,,,,,,,,,,,,,,,,,,,,,,,,,,,,,,,,,,,,,,,,,,,,,,,,reliability_bin,10,609,4,0.140719214149,0.101561917433,0.341651429615,0.13415106965,0.0999015748031
later,2018-06,2018-06,,xgboost,DP0,,full,calibrated,calibrated,,,,576616a45e4d43f274301c9b0102eaede5e92598d28ef4094ddd919b1580831f,,,,0.0114754098361,,,,,,,,,,,,93d1e83d8d3dc0b917f21633c2bfe0cd78c570027229894e2260c262d727c336,xgboost,DP0,,,,,,,,,,,,,,,,,,,,,,,,,,,,,,,,,,,,,,,,,,,,,,,,reliability_bin,1,610,7,0.0698338157696,0.0695354044437,0.0701239407063,0.0583584059335,0.100065616798
later,2018-06,2018-06,,xgboost,DP0,,full,calibrated,calibrated,,,,576616a45e4d43f274301c9b0102eaede5e92598d28ef4094ddd919b1580831f,,,,0.00655737704918,,,,,,,,,,,,93d1e83d8d3dc0b917f21633c2bfe0cd78c570027229894e2260c262d727c336,xgboost,DP0,,,,,,,,,,,,,,,,,,,,,,,,,,,,,,,,,,,,,,,,,,,,,,,,reliability_bin,2,610,4,0.0701239407063,0.0701239407063,0.0701239407063,0.0635665636571,0.100065616798
later,2018-06,2018-06,,xgboost,DP0,,full,calibrated,calibrated,,,,576616a45e4d43f274301c9b0102eaede5e92598d28ef4094ddd919b1580831f,,,,0.00821018062397,,,,,,,,,,,,93d1e83d8d3dc0b917f21633c2bfe0cd78c570027229894e2260c262d727c336,xgboost,DP0,,,,,,,,,,,,,,,,,,,,,,,,,,,,,,,,,,,,,,,,,,,,,,,,reliability_bin,3,609,5,0.0704071853915,0.0701239407063,0.0712259709835,0.0621970047676,0.0999015748031
later,2018-06,2018-06,,xgboost,DP0,,full,calibrated,calibrated,,,,576616a45e4d43f274301c9b0102eaede5e92598d28ef4094ddd919b1580831f,,,,0.0147540983607,,,,,,,,,,,,93d1e83d8d3dc0b917f21633c2bfe0cd78c570027229894e2260c262d727c336,xgboost,DP0,,,,,,,,,,,,,,,,,,,,,,,,,,,,,,,,,,,,,,,,,,,,,,,,reliability_bin,4,610,9,0.0716634900355,0.0712259709835,0.0721663832664,0.0569093916748,0.100065616798
later,2018-06,2018-06,,xgboost,DP0,,full,calibrated,calibrated,,,,576616a45e4d43f274301c9b0102eaede5e92598d28ef4094ddd919b1580831f,,,,0.00821018062397,,,,,,,,,,,,93d1e83d8d3dc0b917f21633c2bfe0cd78c570027229894e2260c262d727c336,xgboost,DP0,,,,,,,,,,,,,,,,,,,,,,,,,,,,,,,,,,,,,,,,,,,,,,,,reliability_bin,5,609,5,0.0734455630012,0.0721663832664,0.0741318762302,0.0652353823772,0.0999015748031
later,2018-06,2018-06,,xgboost,DP0,,full,calibrated,calibrated,,,,576616a45e4d43f274301c9b0102eaede5e92598d28ef4094ddd919b1580831f,,,,0.016393442623,,,,,,,,,,,,93d1e83d8d3dc0b917f21633c2bfe0cd78c570027229894e2260c262d727c336,xgboost,DP0,,,,,,,,,,,,,,,,,,,,,,,,,,,,,,,,,,,,,,,,,,,,,,,,reliability_bin,6,610,10,0.0741318762302,0.0741318762302,0.0741318762302,0.0577384336073,0.100065616798
later,2018-06,2018-06,,xgboost,DP0,,full,calibrated,calibrated,,,,576616a45e4d43f274301c9b0102eaede5e92598d28ef4094ddd919b1580831f,,,,0.00819672131148,,,,,,,,,,,,93d1e83d8d3dc0b917f21633c2bfe0cd78c570027229894e2260c262d727c336,xgboost,DP0,,,,,,,,,,,,,,,,,,,,,,,,,,,,,,,,,,,,,,,,,,,,,,,,reliability_bin,7,610,5,0.0745568608163,0.0741318762302,0.0747081488371,0.0663601395048,0.100065616798
later,2018-06,2018-06,,xgboost,DP0,,full,calibrated,calibrated,,,,576616a45e4d43f274301c9b0102eaede5e92598d28ef4094ddd919b1580831f,,,,0.0131362889984,,,,,,,,,,,,93d1e83d8d3dc0b917f21633c2bfe0cd78c570027229894e2260c262d727c336,xgboost,DP0,,,,,,,,,,,,,,,,,,,,,,,,,,,,,,,,,,,,,,,,,,,,,,,,reliability_bin,8,609,8,0.0747081488371,0.0747081488371,0.0747081488371,0.0615718598387,0.0999015748031
later,2018-06,2018-06,,xgboost,DP0,,full,calibrated,calibrated,,,,576616a45e4d43f274301c9b0102eaede5e92598d28ef4094ddd919b1580831f,,,,0.0213114754098,,,,,,,,,,,,93d1e83d8d3dc0b917f21633c2bfe0cd78c570027229894e2260c262d727c336,xgboost,DP0,,,,,,,,,,,,,,,,,,,,,,,,,,,,,,,,,,,,,,,,,,,,,,,,reliability_bin,9,610,13,0.07503740542,0.0747081488371,0.075267188251,0.0537259300102,0.100065616798
later,2018-06,2018-06,,xgboost,DP0,,full,calibrated,calibrated,,,,576616a45e4d43f274301c9b0102eaede5e92598d28ef4094ddd919b1580831f,,,,0.00821018062397,,,,,,,,,,,,93d1e83d8d3dc0b917f21633c2bfe0cd78c570027229894e2260c262d727c336,xgboost,DP0,,,,,,,,,,,,,,,,,,,,,,,,,,,,,,,,,,,,,,,,,,,,,,,,reliability_bin,10,609,5,0.075267188251,0.075267188251,0.075267188251,0.067057007627,0.0999015748031
later,2018-06,2018-06,,xgboost,DP0,,full,raw,raw,,,,576616a45e4d43f274301c9b0102eaede5e92598d28ef4094ddd919b1580831f,,,,0.0114754098361,,,,,,,,,,,,93d1e83d8d3dc0b917f21633c2bfe0cd78c570027229894e2260c262d727c336,xgboost,DP0,,,,,,,,,,,,,,,,,,,,,,,,,,,,,,,,,,,,,,,,,,,,,,,,reliability_bin,1,610,7,0.0698338157696,0.0695354044437,0.0701239407063,0.0583584059335,0.100065616798
later,2018-06,2018-06,,xgboost,DP0,,full,raw,raw,,,,576616a45e4d43f274301c9b0102eaede5e92598d28ef4094ddd919b1580831f,,,,0.00655737704918,,,,,,,,,,,,93d1e83d8d3dc0b917f21633c2bfe0cd78c570027229894e2260c262d727c336,xgboost,DP0,,,,,,,,,,,,,,,,,,,,,,,,,,,,,,,,,,,,,,,,,,,,,,,,reliability_bin,2,610,4,0.0701239407063,0.0701239407063,0.0701239407063,0.0635665636571,0.100065616798
later,2018-06,2018-06,,xgboost,DP0,,full,raw,raw,,,,576616a45e4d43f274301c9b0102eaede5e92598d28ef4094ddd919b1580831f,,,,0.00821018062397,,,,,,,,,,,,93d1e83d8d3dc0b917f21633c2bfe0cd78c570027229894e2260c262d727c336,xgboost,DP0,,,,,,,,,,,,,,,,,,,,,,,,,,,,,,,,,,,,,,,,,,,,,,,,reliability_bin,3,609,5,0.0704071853915,0.0701239407063,0.0712259709835,0.0621970047676,0.0999015748031
later,2018-06,2018-06,,xgboost,DP0,,full,raw,raw,,,,576616a45e4d43f274301c9b0102eaede5e92598d28ef4094ddd919b1580831f,,,,0.0147540983607,,,,,,,,,,,,93d1e83d8d3dc0b917f21633c2bfe0cd78c570027229894e2260c262d727c336,xgboost,DP0,,,,,,,,,,,,,,,,,,,,,,,,,,,,,,,,,,,,,,,,,,,,,,,,reliability_bin,4,610,9,0.0716634900355,0.0712259709835,0.0721663832664,0.0569093916748,0.100065616798
later,2018-06,2018-06,,xgboost,DP0,,full,raw,raw,,,,576616a45e4d43f274301c9b0102eaede5e92598d28ef4094ddd919b1580831f,,,,0.00821018062397,,,,,,,,,,,,93d1e83d8d3dc0b917f21633c2bfe0cd78c570027229894e2260c262d727c336,xgboost,DP0,,,,,,,,,,,,,,,,,,,,,,,,,,,,,,,,,,,,,,,,,,,,,,,,reliability_bin,5,609,5,0.0734455630012,0.0721663832664,0.0741318762302,0.0652353823772,0.0999015748031
later,2018-06,2018-06,,xgboost,DP0,,full,raw,raw,,,,576616a45e4d43f274301c9b0102eaede5e92598d28ef4094ddd919b1580831f,,,,0.016393442623,,,,,,,,,,,,93d1e83d8d3dc0b917f21633c2bfe0cd78c570027229894e2260c262d727c336,xgboost,DP0,,,,,,,,,,,,,,,,,,,,,,,,,,,,,,,,,,,,,,,,,,,,,,,,reliability_bin,6,610,10,0.0741318762302,0.0741318762302,0.0741318762302,0.0577384336073,0.100065616798
later,2018-06,2018-06,,xgboost,DP0,,full,raw,raw,,,,576616a45e4d43f274301c9b0102eaede5e92598d28ef4094ddd919b1580831f,,,,0.00819672131148,,,,,,,,,,,,93d1e83d8d3dc0b917f21633c2bfe0cd78c570027229894e2260c262d727c336,xgboost,DP0,,,,,,,,,,,,,,,,,,,,,,,,,,,,,,,,,,,,,,,,,,,,,,,,reliability_bin,7,610,5,0.0745568608163,0.0741318762302,0.0747081488371,0.0663601395048,0.100065616798
later,2018-06,2018-06,,xgboost,DP0,,full,raw,raw,,,,576616a45e4d43f274301c9b0102eaede5e92598d28ef4094ddd919b1580831f,,,,0.0131362889984,,,,,,,,,,,,93d1e83d8d3dc0b917f21633c2bfe0cd78c570027229894e2260c262d727c336,xgboost,DP0,,,,,,,,,,,,,,,,,,,,,,,,,,,,,,,,,,,,,,,,,,,,,,,,reliability_bin,8,609,8,0.0747081488371,0.0747081488371,0.0747081488371,0.0615718598387,0.0999015748031
later,2018-06,2018-06,,xgboost,DP0,,full,raw,raw,,,,576616a45e4d43f274301c9b0102eaede5e92598d28ef4094ddd919b1580831f,,,,0.0213114754098,,,,,,,,,,,,93d1e83d8d3dc0b917f21633c2bfe0cd78c570027229894e2260c262d727c336,xgboost,DP0,,,,,,,,,,,,,,,,,,,,,,,,,,,,,,,,,,,,,,,,,,,,,,,,reliability_bin,9,610,13,0.07503740542,0.0747081488371,0.075267188251,0.0537259300102,0.100065616798
later,2018-06,2018-06,,xgboost,DP0,,full,raw,raw,,,,576616a45e4d43f274301c9b0102eaede5e92598d28ef4094ddd919b1580831f,,,,0.00821018062397,,,,,,,,,,,,93d1e83d8d3dc0b917f21633c2bfe0cd78c570027229894e2260c262d727c336,xgboost,DP0,,,,,,,,,,,,,,,,,,,,,,,,,,,,,,,,,,,,,,,,,,,,,,,,reliability_bin,10,609,5,0.075267188251,0.075267188251,0.075267188251,0.067057007627,0.0999015748031
later,2018-06,2018-06,,xgboost,DPB,,full,calibrated,calibrated,,,,7a6e5ab62b064d2d77bce9e8abef215460ed7d55cf73ea551dd830ca6175ee2a,,,,0.0016393442623,,,,,,,,,,,,93d1e83d8d3dc0b917f21633c2bfe0cd78c570027229894e2260c262d727c336,xgboost,DPB,,,,,,,,,,,,,,,,,,,,,,,,,,,,,,,,,,,,,,,,,,,,,,,,reliability_bin,1,610,1,0.0680782869458,0.0680782869458,0.0680782869458,0.0664389426835,0.100065616798
later,2018-06,2018-06,,xgboost,DPB,,full,calibrated,calibrated,,,,7a6e5ab62b064d2d77bce9e8abef215460ed7d55cf73ea551dd830ca6175ee2a,,,,0.0147540983607,,,,,,,,,,,,93d1e83d8d3dc0b917f21633c2bfe0cd78c570027229894e2260c262d727c336,xgboost,DPB,,,,,,,,,,,,,,,,,,,,,,,,,,,,,,,,,,,,,,,,,,,,,,,,reliability_bin,2,610,9,0.0685681742967,0.0680782869458,0.0685810223222,0.0538140759361,0.100065616798
later,2018-06,2018-06,,xgboost,DPB,,full,calibrated,calibrated,,,,7a6e5ab62b064d2d77bce9e8abef215460ed7d55cf73ea551dd830ca6175ee2a,,,,0.00821018062397,,,,,,,,,,,,93d1e83d8d3dc0b917f21633c2bfe0cd78c570027229894e2260c262d727c336,xgboost,DPB,,,,,,,,,,,,,,,,,,,,,,,,,,,,,,,,,,,,,,,,,,,,,,,,reliability_bin,3,609,5,0.0686436309823,0.0685810223222,0.0688386484981,0.0604334503584,0.0999015748031
later,2018-06,2018-06,,xgboost,DPB,,full,calibrated,calibrated,,,,7a6e5ab62b064d2d77bce9e8abef215460ed7d55cf73ea551dd830ca6175ee2a,,,,0.00655737704918,,,,,,,,,,,,93d1e83d8d3dc0b917f21633c2bfe0cd78c570027229894e2260c262d727c336,xgboost,DPB,,,,,,,,,,,,,,,,,,,,,,,,,,,,,,,,,,,,,,,,,,,,,,,,reliability_bin,4,610,4,0.0690123455324,0.0688386484981,0.0694232210517,0.0624549684832,0.100065616798
later,2018-06,2018-06,,xgboost,DPB,,full,calibrated,calibrated,,,,7a6e5ab62b064d2d77bce9e8abef215460ed7d55cf73ea551dd830ca6175ee2a,,,,0.00164203612479,,,,,,,,,,,,93d1e83d8d3dc0b917f21633c2bfe0cd78c570027229894e2260c262d727c336,xgboost,DPB,,,,,,,,,,,,,,,,,,,,,,,,,,,,,,,,,,,,,,,,,,,,,,,,reliability_bin,5,609,1,0.0709642481016,0.0694232210517,0.0726289004087,0.0693222119768,0.0999015748031
later,2018-06,2018-06,,xgboost,DPB,,full,calibrated,calibrated,,,,7a6e5ab62b064d2d77bce9e8abef215460ed7d55cf73ea551dd830ca6175ee2a,,,,0.00655737704918,,,,,,,,,,,,93d1e83d8d3dc0b917f21633c2bfe0cd78c570027229894e2260c262d727c336,xgboost,DPB,,,,,,,,,,,,,,,,,,,,,,,,,,,,,,,,,,,,,,,,,,,,,,,,reliability_bin,6,610,4,0.0728478996847,0.0726289004087,0.0729705616832,0.0662905226355,0.100065616798
later,2018-06,2018-06,,xgboost,DPB,,full,calibrated,calibrated,,,,7a6e5ab62b064d2d77bce9e8abef215460ed7d55cf73ea551dd830ca6175ee2a,,,,0.00983606557377,,,,,,,,,,,,93d1e83d8d3dc0b917f21633c2bfe0cd78c570027229894e2260c262d727c336,xgboost,DPB,,,,,,,,,,,,,,,,,,,,,,,,,,,,,,,,,,,,,,,,,,,,,,,,reliability_bin,7,610,6,0.0745307076661,0.0729705616832,0.075543217361,0.0646946420924,0.100065616798
later,2018-06,2018-06,,xgboost,DPB,,full,calibrated,calibrated,,,,7a6e5ab62b064d2d77bce9e8abef215460ed7d55cf73ea551dd830ca6175ee2a,,,,0.00985221674877,,,,,,,,,,,,93d1e83d8d3dc0b917f21633c2bfe0cd78c570027229894e2260c262d727c336,xgboost,DPB,,,,,,,,,,,,,,,,,,,,,,,,,,,,,,,,,,,,,,,,,,,,,,,,reliability_bin,8,609,6,0.0765165887736,0.075543217361,0.0773190483451,0.0666643720249,0.0999015748031
later,2018-06,2018-06,,xgboost,DPB,,full,calibrated,calibrated,,,,7a6e5ab62b064d2d77bce9e8abef215460ed7d55cf73ea551dd830ca6175ee2a,,,,0.0245901639344,,,,,,,,,,,,93d1e83d8d3dc0b917f21633c2bfe0cd78c570027229894e2260c262d727c336,xgboost,DPB,,,,,,,,,,,,,,,,,,,,,,,,,,,,,,,,,,,,,,,,,,,,,,,,reliability_bin,9,610,15,0.0797614325632,0.0773190483451,0.0824116691947,0.0551712686288,0.100065616798
later,2018-06,2018-06,,xgboost,DPB,,full,calibrated,calibrated,,,,7a6e5ab62b064d2d77bce9e8abef215460ed7d55cf73ea551dd830ca6175ee2a,,,,0.0328407224959,,,,,,,,,,,,93d1e83d8d3dc0b917f21633c2bfe0cd78c570027229894e2260c262d727c336,xgboost,DPB,,,,,,,,,,,,,,,,,,,,,,,,,,,,,,,,,,,,,,,,,,,,,,,,reliability_bin,10,609,20,0.0842522250485,0.0824116691947,0.0942414030433,0.0514115025526,0.0999015748031
later,2018-06,2018-06,,xgboost,DPB,,full,raw,raw,,,,7a6e5ab62b064d2d77bce9e8abef215460ed7d55cf73ea551dd830ca6175ee2a,,,,0.0016393442623,,,,,,,,,,,,93d1e83d8d3dc0b917f21633c2bfe0cd78c570027229894e2260c262d727c336,xgboost,DPB,,,,,,,,,,,,,,,,,,,,,,,,,,,,,,,,,,,,,,,,,,,,,,,,reliability_bin,1,610,1,0.0680782869458,0.0680782869458,0.0680782869458,0.0664389426835,0.100065616798
later,2018-06,2018-06,,xgboost,DPB,,full,raw,raw,,,,7a6e5ab62b064d2d77bce9e8abef215460ed7d55cf73ea551dd830ca6175ee2a,,,,0.0147540983607,,,,,,,,,,,,93d1e83d8d3dc0b917f21633c2bfe0cd78c570027229894e2260c262d727c336,xgboost,DPB,,,,,,,,,,,,,,,,,,,,,,,,,,,,,,,,,,,,,,,,,,,,,,,,reliability_bin,2,610,9,0.0685681742967,0.0680782869458,0.0685810223222,0.0538140759361,0.100065616798
later,2018-06,2018-06,,xgboost,DPB,,full,raw,raw,,,,7a6e5ab62b064d2d77bce9e8abef215460ed7d55cf73ea551dd830ca6175ee2a,,,,0.00821018062397,,,,,,,,,,,,93d1e83d8d3dc0b917f21633c2bfe0cd78c570027229894e2260c262d727c336,xgboost,DPB,,,,,,,,,,,,,,,,,,,,,,,,,,,,,,,,,,,,,,,,,,,,,,,,reliability_bin,3,609,5,0.0686436309823,0.0685810223222,0.0688386484981,0.0604334503584,0.0999015748031
later,2018-06,2018-06,,xgboost,DPB,,full,raw,raw,,,,7a6e5ab62b064d2d77bce9e8abef215460ed7d55cf73ea551dd830ca6175ee2a,,,,0.00655737704918,,,,,,,,,,,,93d1e83d8d3dc0b917f21633c2bfe0cd78c570027229894e2260c262d727c336,xgboost,DPB,,,,,,,,,,,,,,,,,,,,,,,,,,,,,,,,,,,,,,,,,,,,,,,,reliability_bin,4,610,4,0.0690123455324,0.0688386484981,0.0694232210517,0.0624549684832,0.100065616798
later,2018-06,2018-06,,xgboost,DPB,,full,raw,raw,,,,7a6e5ab62b064d2d77bce9e8abef215460ed7d55cf73ea551dd830ca6175ee2a,,,,0.00164203612479,,,,,,,,,,,,93d1e83d8d3dc0b917f21633c2bfe0cd78c570027229894e2260c262d727c336,xgboost,DPB,,,,,,,,,,,,,,,,,,,,,,,,,,,,,,,,,,,,,,,,,,,,,,,,reliability_bin,5,609,1,0.0709642481016,0.0694232210517,0.0726289004087,0.0693222119768,0.0999015748031
later,2018-06,2018-06,,xgboost,DPB,,full,raw,raw,,,,7a6e5ab62b064d2d77bce9e8abef215460ed7d55cf73ea551dd830ca6175ee2a,,,,0.00655737704918,,,,,,,,,,,,93d1e83d8d3dc0b917f21633c2bfe0cd78c570027229894e2260c262d727c336,xgboost,DPB,,,,,,,,,,,,,,,,,,,,,,,,,,,,,,,,,,,,,,,,,,,,,,,,reliability_bin,6,610,4,0.0728478996847,0.0726289004087,0.0729705616832,0.0662905226355,0.100065616798
later,2018-06,2018-06,,xgboost,DPB,,full,raw,raw,,,,7a6e5ab62b064d2d77bce9e8abef215460ed7d55cf73ea551dd830ca6175ee2a,,,,0.00983606557377,,,,,,,,,,,,93d1e83d8d3dc0b917f21633c2bfe0cd78c570027229894e2260c262d727c336,xgboost,DPB,,,,,,,,,,,,,,,,,,,,,,,,,,,,,,,,,,,,,,,,,,,,,,,,reliability_bin,7,610,6,0.0745307076661,0.0729705616832,0.075543217361,0.0646946420924,0.100065616798
later,2018-06,2018-06,,xgboost,DPB,,full,raw,raw,,,,7a6e5ab62b064d2d77bce9e8abef215460ed7d55cf73ea551dd830ca6175ee2a,,,,0.00985221674877,,,,,,,,,,,,93d1e83d8d3dc0b917f21633c2bfe0cd78c570027229894e2260c262d727c336,xgboost,DPB,,,,,,,,,,,,,,,,,,,,,,,,,,,,,,,,,,,,,,,,,,,,,,,,reliability_bin,8,609,6,0.0765165887736,0.075543217361,0.0773190483451,0.0666643720249,0.0999015748031
later,2018-06,2018-06,,xgboost,DPB,,full,raw,raw,,,,7a6e5ab62b064d2d77bce9e8abef215460ed7d55cf73ea551dd830ca6175ee2a,,,,0.0245901639344,,,,,,,,,,,,93d1e83d8d3dc0b917f21633c2bfe0cd78c570027229894e2260c262d727c336,xgboost,DPB,,,,,,,,,,,,,,,,,,,,,,,,,,,,,,,,,,,,,,,,,,,,,,,,reliability_bin,9,610,15,0.0797614325632,0.0773190483451,0.0824116691947,0.0551712686288,0.100065616798
later,2018-06,2018-06,,xgboost,DPB,,full,raw,raw,,,,7a6e5ab62b064d2d77bce9e8abef215460ed7d55cf73ea551dd830ca6175ee2a,,,,0.0328407224959,,,,,,,,,,,,93d1e83d8d3dc0b917f21633c2bfe0cd78c570027229894e2260c262d727c336,xgboost,DPB,,,,,,,,,,,,,,,,,,,,,,,,,,,,,,,,,,,,,,,,,,,,,,,,reliability_bin,10,609,20,0.0842522250485,0.0824116691947,0.0942414030433,0.0514115025526,0.0999015748031
later,2018-06,2018-06,,xgboost,DPG,,full,calibrated,calibrated,,,,3aba885566eed5a3ad888875ad60c23bba114ea85bd52d5947ab88d1b372f455,,,,0.00819672131148,,,,,,,,,,,,93d1e83d8d3dc0b917f21633c2bfe0cd78c570027229894e2260c262d727c336,xgboost,DPG,,,,,,,,,,,,,,,,,,,,,,,,,,,,,,,,,,,,,,,,,,,,,,,,reliability_bin,1,610,5,0.0667194202542,0.0667194202542,0.0667194202542,0.0585226989428,0.100065616798
later,2018-06,2018-06,,xgboost,DPG,,full,calibrated,calibrated,,,,3aba885566eed5a3ad888875ad60c23bba114ea85bd52d5947ab88d1b372f455,,,,0.00819672131148,,,,,,,,,,,,93d1e83d8d3dc0b917f21633c2bfe0cd78c570027229894e2260c262d727c336,xgboost,DPG,,,,,,,,,,,,,,,,,,,,,,,,,,,,,,,,,,,,,,,,,,,,,,,,reliability_bin,2,610,5,0.0667194202542,0.0667194202542,0.0667194202542,0.0585226989428,0.100065616798
later,2018-06,2018-06,,xgboost,DPG,,full,calibrated,calibrated,,,,3aba885566eed5a3ad888875ad60c23bba114ea85bd52d5947ab88d1b372f455,,,,0.00821018062397,,,,,,,,,,,,93d1e83d8d3dc0b917f21633c2bfe0cd78c570027229894e2260c262d727c336,xgboost,DPG,,,,,,,,,,,,,,,,,,,,,,,,,,,,,,,,,,,,,,,,,,,,,,,,reliability_bin,3,609,5,0.0667194202542,0.0667194202542,0.0667194202542,0.0585092396303,0.0999015748031
later,2018-06,2018-06,,xgboost,DPG,,full,calibrated,calibrated,,,,3aba885566eed5a3ad888875ad60c23bba114ea85bd52d5947ab88d1b372f455,,,,0.00327868852459,,,,,,,,,,,,93d1e83d8d3dc0b917f21633c2bfe0cd78c570027229894e2260c262d727c336,xgboost,DPG,,,,,,,,,,,,,,,,,,,,,,,,,,,,,,,,,,,,,,,,,,,,,,,,reliability_bin,4,610,2,0.0688394592678,0.0667194202542,0.0702624991536,0.0655607707432,0.100065616798
later,2018-06,2018-06,,xgboost,DPG,,full,calibrated,calibrated,,,,3aba885566eed5a3ad888875ad60c23bba114ea85bd52d5947ab88d1b372f455,,,,0.00821018062397,,,,,,,,,,,,93d1e83d8d3dc0b917f21633c2bfe0cd78c570027229894e2260c262d727c336,xgboost,DPG,,,,,,,,,,,,,,,,,,,,,,,,,,,,,,,,,,,,,,,,,,,,,,,,reliability_bin,5,609,5,0.071069932789,0.0702624991536,0.0716848596931,0.062859752165,0.0999015748031
later,2018-06,2018-06,,xgboost,DPG,,full,calibrated,calibrated,,,,3aba885566eed5a3ad888875ad60c23bba114ea85bd52d5947ab88d1b372f455,,,,0.00655737704918,,,,,,,,,,,,93d1e83d8d3dc0b917f21633c2bfe0cd78c570027229894e2260c262d727c336,xgboost,DPG,,,,,,,,,,,,,,,,,,,,,,,,,,,,,,,,,,,,,,,,,,,,,,,,reliability_bin,6,610,4,0.0728159403948,0.0716848596931,0.0733474120498,0.0662585633456,0.100065616798
later,2018-06,2018-06,,xgboost,DPG,,full,calibrated,calibrated,,,,3aba885566eed5a3ad888875ad60c23bba114ea85bd52d5947ab88d1b372f455,,,,0.00327868852459,,,,,,,,,,,,93d1e83d8d3dc0b917f21633c2bfe0cd78c570027229894e2260c262d727c336,xgboost,DPG,,,,,,,,,,,,,,,,,,,,,,,,,,,,,,,,,,,,,,,,,,,,,,,,reliability_bin,7,610,2,0.0733474120498,0.0733474120498,0.0733474120498,0.0700687235252,0.100065616798
later,2018-06,2018-06,,xgboost,DPG,,full,calibrated,calibrated,,,,3aba885566eed5a3ad888875ad60c23bba114ea85bd52d5947ab88d1b372f455,,,,0.00656814449918,,,,,,,,,,,,93d1e83d8d3dc0b917f21633c2bfe0cd78c570027229894e2260c262d727c336,xgboost,DPG,,,,,,,,,,,,,,,,,,,,,,,,,,,,,,,,,,,,,,,,,,,,,,,,reliability_bin,8,609,4,0.0743270981415,0.0733474120498,0.0754092931747,0.0677589536423,0.0999015748031
later,2018-06,2018-06,,xgboost,DPG,,full,calibrated,calibrated,,,,3aba885566eed5a3ad888875ad60c23bba114ea85bd52d5947ab88d1b372f455,,,,0.0131147540984,,,,,,,,,,,,93d1e83d8d3dc0b917f21633c2bfe0cd78c570027229894e2260c262d727c336,xgboost,DPG,,,,,,,,,,,,,,,,,,,,,,,,,,,,,,,,,,,,,,,,,,,,,,,,reliability_bin,9,610,8,0.0759197076202,0.0754092931747,0.0794550105929,0.0628049535219,0.100065616798
later,2018-06,2018-06,,xgboost,DPG,,full,calibrated,calibrated,,,,3aba885566eed5a3ad888875ad60c23bba114ea85bd52d5947ab88d1b372f455,,,,0.0509031198686,,,,,,,,,,,,93d1e83d8d3dc0b917f21633c2bfe0cd78c570027229894e2260c262d727c336,xgboost,DPG,,,,,,,,,,,,,,,,,,,,,,,,,,,,,,,,,,,,,,,,,,,,,,,,reliability_bin,10,609,31,0.0828633506359,0.0794550105929,0.0939493998885,0.0319602307672,0.0999015748031
later,2018-06,2018-06,,xgboost,DPG,,full,raw,raw,,,,3aba885566eed5a3ad888875ad60c23bba114ea85bd52d5947ab88d1b372f455,,,,0.00819672131148,,,,,,,,,,,,93d1e83d8d3dc0b917f21633c2bfe0cd78c570027229894e2260c262d727c336,xgboost,DPG,,,,,,,,,,,,,,,,,,,,,,,,,,,,,,,,,,,,,,,,,,,,,,,,reliability_bin,1,610,5,0.0667194202542,0.0667194202542,0.0667194202542,0.0585226989428,0.100065616798
later,2018-06,2018-06,,xgboost,DPG,,full,raw,raw,,,,3aba885566eed5a3ad888875ad60c23bba114ea85bd52d5947ab88d1b372f455,,,,0.00819672131148,,,,,,,,,,,,93d1e83d8d3dc0b917f21633c2bfe0cd78c570027229894e2260c262d727c336,xgboost,DPG,,,,,,,,,,,,,,,,,,,,,,,,,,,,,,,,,,,,,,,,,,,,,,,,reliability_bin,2,610,5,0.0667194202542,0.0667194202542,0.0667194202542,0.0585226989428,0.100065616798
later,2018-06,2018-06,,xgboost,DPG,,full,raw,raw,,,,3aba885566eed5a3ad888875ad60c23bba114ea85bd52d5947ab88d1b372f455,,,,0.00821018062397,,,,,,,,,,,,93d1e83d8d3dc0b917f21633c2bfe0cd78c570027229894e2260c262d727c336,xgboost,DPG,,,,,,,,,,,,,,,,,,,,,,,,,,,,,,,,,,,,,,,,,,,,,,,,reliability_bin,3,609,5,0.0667194202542,0.0667194202542,0.0667194202542,0.0585092396303,0.0999015748031
later,2018-06,2018-06,,xgboost,DPG,,full,raw,raw,,,,3aba885566eed5a3ad888875ad60c23bba114ea85bd52d5947ab88d1b372f455,,,,0.00327868852459,,,,,,,,,,,,93d1e83d8d3dc0b917f21633c2bfe0cd78c570027229894e2260c262d727c336,xgboost,DPG,,,,,,,,,,,,,,,,,,,,,,,,,,,,,,,,,,,,,,,,,,,,,,,,reliability_bin,4,610,2,0.0688394592678,0.0667194202542,0.0702624991536,0.0655607707432,0.100065616798
later,2018-06,2018-06,,xgboost,DPG,,full,raw,raw,,,,3aba885566eed5a3ad888875ad60c23bba114ea85bd52d5947ab88d1b372f455,,,,0.00821018062397,,,,,,,,,,,,93d1e83d8d3dc0b917f21633c2bfe0cd78c570027229894e2260c262d727c336,xgboost,DPG,,,,,,,,,,,,,,,,,,,,,,,,,,,,,,,,,,,,,,,,,,,,,,,,reliability_bin,5,609,5,0.071069932789,0.0702624991536,0.0716848596931,0.062859752165,0.0999015748031
later,2018-06,2018-06,,xgboost,DPG,,full,raw,raw,,,,3aba885566eed5a3ad888875ad60c23bba114ea85bd52d5947ab88d1b372f455,,,,0.00655737704918,,,,,,,,,,,,93d1e83d8d3dc0b917f21633c2bfe0cd78c570027229894e2260c262d727c336,xgboost,DPG,,,,,,,,,,,,,,,,,,,,,,,,,,,,,,,,,,,,,,,,,,,,,,,,reliability_bin,6,610,4,0.0728159403948,0.0716848596931,0.0733474120498,0.0662585633456,0.100065616798
later,2018-06,2018-06,,xgboost,DPG,,full,raw,raw,,,,3aba885566eed5a3ad888875ad60c23bba114ea85bd52d5947ab88d1b372f455,,,,0.00327868852459,,,,,,,,,,,,93d1e83d8d3dc0b917f21633c2bfe0cd78c570027229894e2260c262d727c336,xgboost,DPG,,,,,,,,,,,,,,,,,,,,,,,,,,,,,,,,,,,,,,,,,,,,,,,,reliability_bin,7,610,2,0.0733474120498,0.0733474120498,0.0733474120498,0.0700687235252,0.100065616798
later,2018-06,2018-06,,xgboost,DPG,,full,raw,raw,,,,3aba885566eed5a3ad888875ad60c23bba114ea85bd52d5947ab88d1b372f455,,,,0.00656814449918,,,,,,,,,,,,93d1e83d8d3dc0b917f21633c2bfe0cd78c570027229894e2260c262d727c336,xgboost,DPG,,,,,,,,,,,,,,,,,,,,,,,,,,,,,,,,,,,,,,,,,,,,,,,,reliability_bin,8,609,4,0.0743270981415,0.0733474120498,0.0754092931747,0.0677589536423,0.0999015748031
later,2018-06,2018-06,,xgboost,DPG,,full,raw,raw,,,,3aba885566eed5a3ad888875ad60c23bba114ea85bd52d5947ab88d1b372f455,,,,0.0131147540984,,,,,,,,,,,,93d1e83d8d3dc0b917f21633c2bfe0cd78c570027229894e2260c262d727c336,xgboost,DPG,,,,,,,,,,,,,,,,,,,,,,,,,,,,,,,,,,,,,,,,,,,,,,,,reliability_bin,9,610,8,0.0759197076202,0.0754092931747,0.0794550105929,0.0628049535219,0.100065616798
later,2018-06,2018-06,,xgboost,DPG,,full,raw,raw,,,,3aba885566eed5a3ad888875ad60c23bba114ea85bd52d5947ab88d1b372f455,,,,0.0509031198686,,,,,,,,,,,,93d1e83d8d3dc0b917f21633c2bfe0cd78c570027229894e2260c262d727c336,xgboost,DPG,,,,,,,,,,,,,,,,,,,,,,,,,,,,,,,,,,,,,,,,,,,,,,,,reliability_bin,10,609,31,0.0828633506359,0.0794550105929,0.0939493998885,0.0319602307672,0.0999015748031
later,2018-06,2018-06,,xgboost,DPS,,full,calibrated,calibrated,,,,54c802feb6b34c504a42b92ab52f2732897f2aaf85e964356c73b2cdc724b41f,,,,0.0180327868852,,,,,,,,,,,,93d1e83d8d3dc0b917f21633c2bfe0cd78c570027229894e2260c262d727c336,xgboost,DPS,,,,,,,,,,,,,,,,,,,,,,,,,,,,,,,,,,,,,,,,,,,,,,,,reliability_bin,1,610,11,0.069551099849,0.0686808750033,0.0703052207828,0.0515183129638,0.100065616798
later,2018-06,2018-06,,xgboost,DPS,,full,calibrated,calibrated,,,,54c802feb6b34c504a42b92ab52f2732897f2aaf85e964356c73b2cdc724b41f,,,,0.00983606557377,,,,,,,,,,,,93d1e83d8d3dc0b917f21633c2bfe0cd78c570027229894e2260c262d727c336,xgboost,DPS,,,,,,,,,,,,,,,,,,,,,,,,,,,,,,,,,,,,,,,,,,,,,,,,reliability_bin,2,610,6,0.0710837665518,0.0703052207828,0.0715563595295,0.061247700978,0.100065616798
later,2018-06,2018-06,,xgboost,DPS,,full,calibrated,calibrated,,,,54c802feb6b34c504a42b92ab52f2732897f2aaf85e964356c73b2cdc724b41f,,,,0.0131362889984,,,,,,,,,,,,93d1e83d8d3dc0b917f21633c2bfe0cd78c570027229894e2260c262d727c336,xgboost,DPS,,,,,,,,,,,,,,,,,,,,,,,,,,,,,,,,,,,,,,,,,,,,,,,,reliability_bin,3,609,8,0.0716141709088,0.0715563595295,0.0720163881779,0.0584778819105,0.0999015748031
later,2018-06,2018-06,,xgboost,DPS,,full,calibrated,calibrated,,,,54c802feb6b34c504a42b92ab52f2732897f2aaf85e964356c73b2cdc724b41f,,,,0.00655737704918,,,,,,,,,,,,93d1e83d8d3dc0b917f21633c2bfe0cd78c570027229894e2260c262d727c336,xgboost,DPS,,,,,,,,,,,,,,,,,,,,,,,,,,,,,,,,,,,,,,,,,,,,,,,,reliability_bin,4,610,4,0.0720633874785,0.0720163881779,0.0722821131349,0.0655060104293,0.100065616798
later,2018-06,2018-06,,xgboost,DPS,,full,calibrated,calibrated,,,,54c802feb6b34c504a42b92ab52f2732897f2aaf85e964356c73b2cdc724b41f,,,,0.00985221674877,,,,,,,,,,,,93d1e83d8d3dc0b917f21633c2bfe0cd78c570027229894e2260c262d727c336,xgboost,DPS,,,,,,,,,,,,,,,,,,,,,,,,,,,,,,,,,,,,,,,,,,,,,,,,reliability_bin,5,609,6,0.0722821131349,0.0722821131349,0.0722821131349,0.0624298963861,0.0999015748031
later,2018-06,2018-06,,xgboost,DPS,,full,calibrated,calibrated,,,,54c802feb6b34c504a42b92ab52f2732897f2aaf85e964356c73b2cdc724b41f,,,,0.0180327868852,,,,,,,,,,,,93d1e83d8d3dc0b917f21633c2bfe0cd78c570027229894e2260c262d727c336,xgboost,DPS,,,,,,,,,,,,,,,,,,,,,,,,,,,,,,,,,,,,,,,,,,,,,,,,reliability_bin,6,610,11,0.072287174986,0.0722821131349,0.0723298639059,0.0542543881008,0.100065616798
later,2018-06,2018-06,,xgboost,DPS,,full,calibrated,calibrated,,,,54c802feb6b34c504a42b92ab52f2732897f2aaf85e964356c73b2cdc724b41f,,,,0.00819672131148,,,,,,,,,,,,93d1e83d8d3dc0b917f21633c2bfe0cd78c570027229894e2260c262d727c336,xgboost,DPS,,,,,,,,,,,,,,,,,,,,,,,,,,,,,,,,,,,,,,,,,,,,,,,,reliability_bin,7,610,5,0.0727408200014,0.0723298639059,0.0733244866133,0.0645440986899,0.100065616798
later,2018-06,2018-06,,xgboost,DPS,,full,calibrated,calibrated,,,,54c802feb6b34c504a42b92ab52f2732897f2aaf85e964356c73b2cdc724b41f,,,,0.00985221674877,,,,,,,,,,,,93d1e83d8d3dc0b917f21633c2bfe0cd78c570027229894e2260c262d727c336,xgboost,DPS,,,,,,,,,,,,,,,,,,,,,,,,,,,,,,,,,,,,,,,,,,,,,,,,reliability_bin,8,609,6,0.0741234460757,0.0733244866133,0.0743064582348,0.0642712293269,0.0999015748031
later,2018-06,2018-06,,xgboost,DPS,,full,calibrated,calibrated,,,,54c802feb6b34c504a42b92ab52f2732897f2aaf85e964356c73b2cdc724b41f,,,,0.0114754098361,,,,,,,,,,,,93d1e83d8d3dc0b917f21633c2bfe0cd78c570027229894e2260c262d727c336,xgboost,DPS,,,,,,,,,,,,,,,,,,,,,,,,,,,,,,,,,,,,,,,,,,,,,,,,reliability_bin,9,610,7,0.0753270293723,0.0743064582348,0.0761798471212,0.0638516195363,0.100065616798
later,2018-06,2018-06,,xgboost,DPS,,full,calibrated,calibrated,,,,54c802feb6b34c504a42b92ab52f2732897f2aaf85e964356c73b2cdc724b41f,,,,0.0114942528736,,,,,,,,,,,,93d1e83d8d3dc0b917f21633c2bfe0cd78c570027229894e2260c262d727c336,xgboost,DPS,,,,,,,,,,,,,,,,,,,,,,,,,,,,,,,,,,,,,,,,,,,,,,,,reliability_bin,10,609,7,0.0763338985065,0.0761798471212,0.0808100104332,0.064839645633,0.0999015748031
later,2018-06,2018-06,,xgboost,DPS,,full,raw,raw,,,,54c802feb6b34c504a42b92ab52f2732897f2aaf85e964356c73b2cdc724b41f,,,,0.0180327868852,,,,,,,,,,,,93d1e83d8d3dc0b917f21633c2bfe0cd78c570027229894e2260c262d727c336,xgboost,DPS,,,,,,,,,,,,,,,,,,,,,,,,,,,,,,,,,,,,,,,,,,,,,,,,reliability_bin,1,610,11,0.069551099849,0.0686808750033,0.0703052207828,0.0515183129638,0.100065616798
later,2018-06,2018-06,,xgboost,DPS,,full,raw,raw,,,,54c802feb6b34c504a42b92ab52f2732897f2aaf85e964356c73b2cdc724b41f,,,,0.00983606557377,,,,,,,,,,,,93d1e83d8d3dc0b917f21633c2bfe0cd78c570027229894e2260c262d727c336,xgboost,DPS,,,,,,,,,,,,,,,,,,,,,,,,,,,,,,,,,,,,,,,,,,,,,,,,reliability_bin,2,610,6,0.0710837665518,0.0703052207828,0.0715563595295,0.061247700978,0.100065616798
later,2018-06,2018-06,,xgboost,DPS,,full,raw,raw,,,,54c802feb6b34c504a42b92ab52f2732897f2aaf85e964356c73b2cdc724b41f,,,,0.0131362889984,,,,,,,,,,,,93d1e83d8d3dc0b917f21633c2bfe0cd78c570027229894e2260c262d727c336,xgboost,DPS,,,,,,,,,,,,,,,,,,,,,,,,,,,,,,,,,,,,,,,,,,,,,,,,reliability_bin,3,609,8,0.0716141709088,0.0715563595295,0.0720163881779,0.0584778819105,0.0999015748031
later,2018-06,2018-06,,xgboost,DPS,,full,raw,raw,,,,54c802feb6b34c504a42b92ab52f2732897f2aaf85e964356c73b2cdc724b41f,,,,0.00655737704918,,,,,,,,,,,,93d1e83d8d3dc0b917f21633c2bfe0cd78c570027229894e2260c262d727c336,xgboost,DPS,,,,,,,,,,,,,,,,,,,,,,,,,,,,,,,,,,,,,,,,,,,,,,,,reliability_bin,4,610,4,0.0720633874785,0.0720163881779,0.0722821131349,0.0655060104293,0.100065616798
later,2018-06,2018-06,,xgboost,DPS,,full,raw,raw,,,,54c802feb6b34c504a42b92ab52f2732897f2aaf85e964356c73b2cdc724b41f,,,,0.00985221674877,,,,,,,,,,,,93d1e83d8d3dc0b917f21633c2bfe0cd78c570027229894e2260c262d727c336,xgboost,DPS,,,,,,,,,,,,,,,,,,,,,,,,,,,,,,,,,,,,,,,,,,,,,,,,reliability_bin,5,609,6,0.0722821131349,0.0722821131349,0.0722821131349,0.0624298963861,0.0999015748031
later,2018-06,2018-06,,xgboost,DPS,,full,raw,raw,,,,54c802feb6b34c504a42b92ab52f2732897f2aaf85e964356c73b2cdc724b41f,,,,0.0180327868852,,,,,,,,,,,,93d1e83d8d3dc0b917f21633c2bfe0cd78c570027229894e2260c262d727c336,xgboost,DPS,,,,,,,,,,,,,,,,,,,,,,,,,,,,,,,,,,,,,,,,,,,,,,,,reliability_bin,6,610,11,0.072287174986,0.0722821131349,0.0723298639059,0.0542543881008,0.100065616798
later,2018-06,2018-06,,xgboost,DPS,,full,raw,raw,,,,54c802feb6b34c504a42b92ab52f2732897f2aaf85e964356c73b2cdc724b41f,,,,0.00819672131148,,,,,,,,,,,,93d1e83d8d3dc0b917f21633c2bfe0cd78c570027229894e2260c262d727c336,xgboost,DPS,,,,,,,,,,,,,,,,,,,,,,,,,,,,,,,,,,,,,,,,,,,,,,,,reliability_bin,7,610,5,0.0727408200014,0.0723298639059,0.0733244866133,0.0645440986899,0.100065616798
later,2018-06,2018-06,,xgboost,DPS,,full,raw,raw,,,,54c802feb6b34c504a42b92ab52f2732897f2aaf85e964356c73b2cdc724b41f,,,,0.00985221674877,,,,,,,,,,,,93d1e83d8d3dc0b917f21633c2bfe0cd78c570027229894e2260c262d727c336,xgboost,DPS,,,,,,,,,,,,,,,,,,,,,,,,,,,,,,,,,,,,,,,,,,,,,,,,reliability_bin,8,609,6,0.0741234460757,0.0733244866133,0.0743064582348,0.0642712293269,0.0999015748031
later,2018-06,2018-06,,xgboost,DPS,,full,raw,raw,,,,54c802feb6b34c504a42b92ab52f2732897f2aaf85e964356c73b2cdc724b41f,,,,0.0114754098361,,,,,,,,,,,,93d1e83d8d3dc0b917f21633c2bfe0cd78c570027229894e2260c262d727c336,xgboost,DPS,,,,,,,,,,,,,,,,,,,,,,,,,,,,,,,,,,,,,,,,,,,,,,,,reliability_bin,9,610,7,0.0753270293723,0.0743064582348,0.0761798471212,0.0638516195363,0.100065616798
later,2018-06,2018-06,,xgboost,DPS,,full,raw,raw,,,,54c802feb6b34c504a42b92ab52f2732897f2aaf85e964356c73b2cdc724b41f,,,,0.0114942528736,,,,,,,,,,,,93d1e83d8d3dc0b917f21633c2bfe0cd78c570027229894e2260c262d727c336,xgboost,DPS,,,,,,,,,,,,,,,,,,,,,,,,,,,,,,,,,,,,,,,,,,,,,,,,reliability_bin,10,609,7,0.0763338985065,0.0761798471212,0.0808100104332,0.064839645633,0.0999015748031
terminal,2018-07_to_2018-08,2018-07_to_2018-08,,logistic_l2,DP0,,full,calibrated,calibrated,,,,fee8ab1ae9a244cb0c525f82ee602b68ef6a3c66de53e3ad47589945ae0f511e,,,,0.00719424460432,,,,,,,,,,,,085d47c5390ce26eb4920710912d5fe0bd515a587d209de3cd55af821edb6235,logistic_l2,DP0,,,,,,,,,,,,,,,,,,,,,,,,,,,,,,,,,,,,,,,,,,,,,,,,reliability_bin,1,1251,9,0.0661808242979,0.0461519253515,0.0698884330646,0.0589865796936,0.100023986568
terminal,2018-07_to_2018-08,2018-07_to_2018-08,,logistic_l2,DP0,,full,calibrated,calibrated,,,,fee8ab1ae9a244cb0c525f82ee602b68ef6a3c66de53e3ad47589945ae0f511e,,,,0.0199840127898,,,,,,,,,,,,085d47c5390ce26eb4920710912d5fe0bd515a587d209de3cd55af821edb6235,logistic_l2,DP0,,,,,,,,,,,,,,,,,,,,,,,,,,,,,,,,,,,,,,,,,,,,,,,,reliability_bin,2,1251,25,0.0715978640442,0.0698909212613,0.0730489546002,0.0516138512544,0.100023986568
terminal,2018-07_to_2018-08,2018-07_to_2018-08,,logistic_l2,DP0,,full,calibrated,calibrated,,,,fee8ab1ae9a244cb0c525f82ee602b68ef6a3c66de53e3ad47589945ae0f511e,,,,0.0263788968825,,,,,,,,,,,,085d47c5390ce26eb4920710912d5fe0bd515a587d209de3cd55af821edb6235,logistic_l2,DP0,,,,,,,,,,,,,,,,,,,,,,,,,,,,,,,,,,,,,,,,,,,,,,,,reliability_bin,3,1251,33,0.0741981979103,0.0730520921516,0.0752225354571,0.0478193010278,0.100023986568
terminal,2018-07_to_2018-08,2018-07_to_2018-08,,logistic_l2,DP0,,full,calibrated,calibrated,,,,fee8ab1ae9a244cb0c525f82ee602b68ef6a3c66de53e3ad47589945ae0f511e,,,,0.0376,,,,,,,,,,,,085d47c5390ce26eb4920710912d5fe0bd515a587d209de3cd55af821edb6235,logistic_l2,DP0,,,,,,,,,,,,,,,,,,,,,,,,,,,,,,,,,,,,,,,,,,,,,,,,reliability_bin,4,1250,47,0.0760849997332,0.0752225354571,0.0769355416896,0.0384849997332,0.0999440313424
terminal,2018-07_to_2018-08,2018-07_to_2018-08,,logistic_l2,DP0,,full,calibrated,calibrated,,,,fee8ab1ae9a244cb0c525f82ee602b68ef6a3c66de53e3ad47589945ae0f511e,,,,0.0271782573941,,,,,,,,,,,,085d47c5390ce26eb4920710912d5fe0bd515a587d209de3cd55af821edb6235,logistic_l2,DP0,,,,,,,,,,,,,,,,,,,,,,,,,,,,,,,,,,,,,,,,,,,,,,,,reliability_bin,5,1251,34,0.0778866568741,0.0769592017463,0.078800687271,0.05070839948,0.100023986568
terminal,2018-07_to_2018-08,2018-07_to_2018-08,,logistic_l2,DP0,,full,calibrated,calibrated,,,,fee8ab1ae9a244cb0c525f82ee602b68ef6a3c66de53e3ad47589945ae0f511e,,,,0.0263788968825,,,,,,,,,,,,085d47c5390ce26eb4920710912d5fe0bd515a587d209de3cd55af821edb6235,logistic_l2,DP0,,,,,,,,,,,,,,,,,,,,,,,,,,,,,,,,,,,,,,,,,,,,,,,,reliability_bin,6,1251,33,0.079645544663,0.0788009453425,0.0804197931091,0.0532666477805,0.100023986568
terminal,2018-07_to_2018-08,2018-07_to_2018-08,,logistic_l2,DP0,,full,calibrated,calibrated,,,,fee8ab1ae9a244cb0c525f82ee602b68ef6a3c66de53e3ad47589945ae0f511e,,,,0.0344,,,,,,,,,,,,085d47c5390ce26eb4920710912d5fe0bd515a587d209de3cd55af821edb6235,logistic_l2,DP0,,,,,,,,,,,,,,,,,,,,,,,,,,,,,,,,,,,,,,,,,,,,,,,,reliability_bin,7,1250,43,0.0811888608058,0.0804198018728,0.0819324228146,0.0467888608058,0.0999440313424
terminal,2018-07_to_2018-08,2018-07_to_2018-08,,logistic_l2,DP0,,full,calibrated,calibrated,,,,fee8ab1ae9a244cb0c525f82ee602b68ef6a3c66de53e3ad47589945ae0f511e,,,,0.0415667466027,,,,,,,,,,,,085d47c5390ce26eb4920710912d5fe0bd515a587d209de3cd55af821edb6235,logistic_l2,DP0,,,,,,,,,,,,,,,,,,,,,,,,,,,,,,,,,,,,,,,,,,,,,,,,reliability_bin,8,1251,52,0.0830465151101,0.0819333855151,0.0841836576602,0.0414797685073,0.100023986568
terminal,2018-07_to_2018-08,2018-07_to_2018-08,,logistic_l2,DP0,,full,calibrated,calibrated,,,,fee8ab1ae9a244cb0c525f82ee602b68ef6a3c66de53e3ad47589945ae0f511e,,,,0.0919264588329,,,,,,,,,,,,085d47c5390ce26eb4920710912d5fe0bd515a587d209de3cd55af821edb6235,logistic_l2,DP0,,,,,,,,,,,,,,,,,,,,,,,,,,,,,,,,,,,,,,,,,,,,,,,,reliability_bin,9,1251,115,0.0851942722443,0.0841841510222,0.0861138681233,0.00673218658863,0.100023986568
terminal,2018-07_to_2018-08,2018-07_to_2018-08,,logistic_l2,DP0,,full,calibrated,calibrated,,,,fee8ab1ae9a244cb0c525f82ee602b68ef6a3c66de53e3ad47589945ae0f511e,,,,0.168,,,,,,,,,,,,085d47c5390ce26eb4920710912d5fe0bd515a587d209de3cd55af821edb6235,logistic_l2,DP0,,,,,,,,,,,,,,,,,,,,,,,,,,,,,,,,,,,,,,,,,,,,,,,,reliability_bin,10,1250,210,0.0879816886202,0.08611501524,0.0901792722287,0.0800183113798,0.0999440313424
terminal,2018-07_to_2018-08,2018-07_to_2018-08,,logistic_l2,DP0,,full,raw,raw,,,,fee8ab1ae9a244cb0c525f82ee602b68ef6a3c66de53e3ad47589945ae0f511e,,,,0.00719424460432,,,,,,,,,,,,085d47c5390ce26eb4920710912d5fe0bd515a587d209de3cd55af821edb6235,logistic_l2,DP0,,,,,,,,,,,,,,,,,,,,,,,,,,,,,,,,,,,,,,,,,,,,,,,,reliability_bin,1,1251,9,0.0661808242979,0.0461519253515,0.0698884330646,0.0589865796936,0.100023986568
terminal,2018-07_to_2018-08,2018-07_to_2018-08,,logistic_l2,DP0,,full,raw,raw,,,,fee8ab1ae9a244cb0c525f82ee602b68ef6a3c66de53e3ad47589945ae0f511e,,,,0.0199840127898,,,,,,,,,,,,085d47c5390ce26eb4920710912d5fe0bd515a587d209de3cd55af821edb6235,logistic_l2,DP0,,,,,,,,,,,,,,,,,,,,,,,,,,,,,,,,,,,,,,,,,,,,,,,,reliability_bin,2,1251,25,0.0715978640442,0.0698909212613,0.0730489546002,0.0516138512544,0.100023986568
terminal,2018-07_to_2018-08,2018-07_to_2018-08,,logistic_l2,DP0,,full,raw,raw,,,,fee8ab1ae9a244cb0c525f82ee602b68ef6a3c66de53e3ad47589945ae0f511e,,,,0.0263788968825,,,,,,,,,,,,085d47c5390ce26eb4920710912d5fe0bd515a587d209de3cd55af821edb6235,logistic_l2,DP0,,,,,,,,,,,,,,,,,,,,,,,,,,,,,,,,,,,,,,,,,,,,,,,,reliability_bin,3,1251,33,0.0741981979103,0.0730520921516,0.0752225354571,0.0478193010278,0.100023986568
terminal,2018-07_to_2018-08,2018-07_to_2018-08,,logistic_l2,DP0,,full,raw,raw,,,,fee8ab1ae9a244cb0c525f82ee602b68ef6a3c66de53e3ad47589945ae0f511e,,,,0.0376,,,,,,,,,,,,085d47c5390ce26eb4920710912d5fe0bd515a587d209de3cd55af821edb6235,logistic_l2,DP0,,,,,,,,,,,,,,,,,,,,,,,,,,,,,,,,,,,,,,,,,,,,,,,,reliability_bin,4,1250,47,0.0760849997332,0.0752225354571,0.0769355416896,0.0384849997332,0.0999440313424
terminal,2018-07_to_2018-08,2018-07_to_2018-08,,logistic_l2,DP0,,full,raw,raw,,,,fee8ab1ae9a244cb0c525f82ee602b68ef6a3c66de53e3ad47589945ae0f511e,,,,0.0271782573941,,,,,,,,,,,,085d47c5390ce26eb4920710912d5fe0bd515a587d209de3cd55af821edb6235,logistic_l2,DP0,,,,,,,,,,,,,,,,,,,,,,,,,,,,,,,,,,,,,,,,,,,,,,,,reliability_bin,5,1251,34,0.0778866568741,0.0769592017463,0.078800687271,0.05070839948,0.100023986568
terminal,2018-07_to_2018-08,2018-07_to_2018-08,,logistic_l2,DP0,,full,raw,raw,,,,fee8ab1ae9a244cb0c525f82ee602b68ef6a3c66de53e3ad47589945ae0f511e,,,,0.0263788968825,,,,,,,,,,,,085d47c5390ce26eb4920710912d5fe0bd515a587d209de3cd55af821edb6235,logistic_l2,DP0,,,,,,,,,,,,,,,,,,,,,,,,,,,,,,,,,,,,,,,,,,,,,,,,reliability_bin,6,1251,33,0.079645544663,0.0788009453425,0.0804197931091,0.0532666477805,0.100023986568
terminal,2018-07_to_2018-08,2018-07_to_2018-08,,logistic_l2,DP0,,full,raw,raw,,,,fee8ab1ae9a244cb0c525f82ee602b68ef6a3c66de53e3ad47589945ae0f511e,,,,0.0344,,,,,,,,,,,,085d47c5390ce26eb4920710912d5fe0bd515a587d209de3cd55af821edb6235,logistic_l2,DP0,,,,,,,,,,,,,,,,,,,,,,,,,,,,,,,,,,,,,,,,,,,,,,,,reliability_bin,7,1250,43,0.0811888608058,0.0804198018728,0.0819324228146,0.0467888608058,0.0999440313424
terminal,2018-07_to_2018-08,2018-07_to_2018-08,,logistic_l2,DP0,,full,raw,raw,,,,fee8ab1ae9a244cb0c525f82ee602b68ef6a3c66de53e3ad47589945ae0f511e,,,,0.0415667466027,,,,,,,,,,,,085d47c5390ce26eb4920710912d5fe0bd515a587d209de3cd55af821edb6235,logistic_l2,DP0,,,,,,,,,,,,,,,,,,,,,,,,,,,,,,,,,,,,,,,,,,,,,,,,reliability_bin,8,1251,52,0.0830465151101,0.0819333855151,0.0841836576602,0.0414797685073,0.100023986568
terminal,2018-07_to_2018-08,2018-07_to_2018-08,,logistic_l2,DP0,,full,raw,raw,,,,fee8ab1ae9a244cb0c525f82ee602b68ef6a3c66de53e3ad47589945ae0f511e,,,,0.0919264588329,,,,,,,,,,,,085d47c5390ce26eb4920710912d5fe0bd515a587d209de3cd55af821edb6235,logistic_l2,DP0,,,,,,,,,,,,,,,,,,,,,,,,,,,,,,,,,,,,,,,,,,,,,,,,reliability_bin,9,1251,115,0.0851942722443,0.0841841510222,0.0861138681233,0.00673218658863,0.100023986568
terminal,2018-07_to_2018-08,2018-07_to_2018-08,,logistic_l2,DP0,,full,raw,raw,,,,fee8ab1ae9a244cb0c525f82ee602b68ef6a3c66de53e3ad47589945ae0f511e,,,,0.168,,,,,,,,,,,,085d47c5390ce26eb4920710912d5fe0bd515a587d209de3cd55af821edb6235,logistic_l2,DP0,,,,,,,,,,,,,,,,,,,,,,,,,,,,,,,,,,,,,,,,,,,,,,,,reliability_bin,10,1250,210,0.0879816886202,0.08611501524,0.0901792722287,0.0800183113798,0.0999440313424
terminal,2018-07_to_2018-08,2018-07_to_2018-08,,logistic_l2,DPB,,full,calibrated,calibrated,,,,eec7f8ac345c6f37de531c843742bd3932f3ee53b8cbc0c0d410357008699278,,,,0.0151878497202,,,,,,,,,,,,085d47c5390ce26eb4920710912d5fe0bd515a587d209de3cd55af821edb6235,logistic_l2,DPB,,,,,,,,,,,,,,,,,,,,,,,,,,,,,,,,,,,,,,,,,,,,,,,,reliability_bin,1,1251,19,0.0146817683459,0.000339930735029,0.021964821196,0.000506081374287,0.100023986568
terminal,2018-07_to_2018-08,2018-07_to_2018-08,,logistic_l2,DPB,,full,calibrated,calibrated,,,,eec7f8ac345c6f37de531c843742bd3932f3ee53b8cbc0c0d410357008699278,,,,0.0231814548361,,,,,,,,,,,,085d47c5390ce26eb4920710912d5fe0bd515a587d209de3cd55af821edb6235,logistic_l2,DPB,,,,,,,,,,,,,,,,,,,,,,,,,,,,,,,,,,,,,,,,,,,,,,,,reliability_bin,2,1251,29,0.0265608581943,0.0220039266634,0.030832339481,0.00337940335818,0.100023986568
terminal,2018-07_to_2018-08,2018-07_to_2018-08,,logistic_l2,DPB,,full,calibrated,calibrated,,,,eec7f8ac345c6f37de531c843742bd3932f3ee53b8cbc0c0d410357008699278,,,,0.0279776179057,,,,,,,,,,,,085d47c5390ce26eb4920710912d5fe0bd515a587d209de3cd55af821edb6235,logistic_l2,DPB,,,,,,,,,,,,,,,,,,,,,,,,,,,,,,,,,,,,,,,,,,,,,,,,reliability_bin,3,1251,35,0.0348790333483,0.0308331901661,0.0390373425628,0.00690141544266,0.100023986568
terminal,2018-07_to_2018-08,2018-07_to_2018-08,,logistic_l2,DPB,,full,calibrated,calibrated,,,,eec7f8ac345c6f37de531c843742bd3932f3ee53b8cbc0c0d410357008699278,,,,0.0272,,,,,,,,,,,,085d47c5390ce26eb4920710912d5fe0bd515a587d209de3cd55af821edb6235,logistic_l2,DPB,,,,,,,,,,,,,,,,,,,,,,,,,,,,,,,,,,,,,,,,,,,,,,,,reliability_bin,4,1250,34,0.0435459098575,0.0390460189849,0.0479434050404,0.0163459098575,0.0999440313424
terminal,2018-07_to_2018-08,2018-07_to_2018-08,,logistic_l2,DPB,,full,calibrated,calibrated,,,,eec7f8ac345c6f37de531c843742bd3932f3ee53b8cbc0c0d410357008699278,,,,0.0463629096723,,,,,,,,,,,,085d47c5390ce26eb4920710912d5fe0bd515a587d209de3cd55af821edb6235,logistic_l2,DPB,,,,,,,,,,,,,,,,,,,,,,,,,,,,,,,,,,,,,,,,,,,,,,,,reliability_bin,5,1251,58,0.052234895526,0.0479470938405,0.0566765781917,0.00587198585375,0.100023986568
terminal,2018-07_to_2018-08,2018-07_to_2018-08,,logistic_l2,DPB,,full,calibrated,calibrated,,,,eec7f8ac345c6f37de531c843742bd3932f3ee53b8cbc0c0d410357008699278,,,,0.0799360511591,,,,,,,,,,,,085d47c5390ce26eb4920710912d5fe0bd515a587d209de3cd55af821edb6235,logistic_l2,DPB,,,,,,,,,,,,,,,,,,,,,,,,,,,,,,,,,,,,,,,,,,,,,,,,reliability_bin,6,1251,100,0.0615963750386,0.0566820146854,0.0667797173987,0.0183396761205,0.100023986568
terminal,2018-07_to_2018-08,2018-07_to_2018-08,,logistic_l2,DPB,,full,calibrated,calibrated,,,,eec7f8ac345c6f37de531c843742bd3932f3ee53b8cbc0c0d410357008699278,,,,0.0824,,,,,,,,,,,,085d47c5390ce26eb4920710912d5fe0bd515a587d209de3cd55af821edb6235,logistic_l2,DPB,,,,,,,,,,,,,,,,,,,,,,,,,,,,,,,,,,,,,,,,,,,,,,,,reliability_bin,7,1250,103,0.0729104762146,0.0667824578198,0.0799750705068,0.00948952378539,0.0999440313424
terminal,2018-07_to_2018-08,2018-07_to_2018-08,,logistic_l2,DPB,,full,calibrated,calibrated,,,,eec7f8ac345c6f37de531c843742bd3932f3ee53b8cbc0c0d410357008699278,,,,0.0535571542766,,,,,,,,,,,,085d47c5390ce26eb4920710912d5fe0bd515a587d209de3cd55af821edb6235,logistic_l2,DPB,,,,,,,,,,,,,,,,,,,,,,,,,,,,,,,,,,,,,,,,,,,,,,,,reliability_bin,8,1251,67,0.0904142799764,0.0800157031963,0.102557949953,0.0368571256998,0.100023986568
terminal,2018-07_to_2018-08,2018-07_to_2018-08,,logistic_l2,DPB,,full,calibrated,calibrated,,,,eec7f8ac345c6f37de531c843742bd3932f3ee53b8cbc0c0d410357008699278,,,,0.0407673860911,,,,,,,,,,,,085d47c5390ce26eb4920710912d5fe0bd515a587d209de3cd55af821edb6235,logistic_l2,DPB,,,,,,,,,,,,,,,,,,,,,,,,,,,,,,,,,,,,,,,,,,,,,,,,reliability_bin,9,1251,51,0.123342830268,0.10257823446,0.150632354149,0.0825754441765,0.100023986568
terminal,2018-07_to_2018-08,2018-07_to_2018-08,,logistic_l2,DPB,,full,calibrated,calibrated,,,,eec7f8ac345c6f37de531c843742bd3932f3ee53b8cbc0c0d410357008699278,,,,0.084,,,,,,,,,,,,085d47c5390ce26eb4920710912d5fe0bd515a587d209de3cd55af821edb6235,logistic_l2,DPB,,,,,,,,,,,,,,,,,,,,,,,,,,,,,,,,,,,,,,,,,,,,,,,,reliability_bin,10,1250,105,0.214336101675,0.150670681929,0.978953469247,0.130336101675,0.0999440313424
terminal,2018-07_to_2018-08,2018-07_to_2018-08,,logistic_l2,DPB,,full,raw,raw,,,,eec7f8ac345c6f37de531c843742bd3932f3ee53b8cbc0c0d410357008699278,,,,0.0151878497202,,,,,,,,,,,,085d47c5390ce26eb4920710912d5fe0bd515a587d209de3cd55af821edb6235,logistic_l2,DPB,,,,,,,,,,,,,,,,,,,,,,,,,,,,,,,,,,,,,,,,,,,,,,,,reliability_bin,1,1251,19,0.0146817683459,0.000339930735029,0.021964821196,0.000506081374287,0.100023986568
terminal,2018-07_to_2018-08,2018-07_to_2018-08,,logistic_l2,DPB,,full,raw,raw,,,,eec7f8ac345c6f37de531c843742bd3932f3ee53b8cbc0c0d410357008699278,,,,0.0231814548361,,,,,,,,,,,,085d47c5390ce26eb4920710912d5fe0bd515a587d209de3cd55af821edb6235,logistic_l2,DPB,,,,,,,,,,,,,,,,,,,,,,,,,,,,,,,,,,,,,,,,,,,,,,,,reliability_bin,2,1251,29,0.0265608581943,0.0220039266634,0.030832339481,0.00337940335818,0.100023986568
terminal,2018-07_to_2018-08,2018-07_to_2018-08,,logistic_l2,DPB,,full,raw,raw,,,,eec7f8ac345c6f37de531c843742bd3932f3ee53b8cbc0c0d410357008699278,,,,0.0279776179057,,,,,,,,,,,,085d47c5390ce26eb4920710912d5fe0bd515a587d209de3cd55af821edb6235,logistic_l2,DPB,,,,,,,,,,,,,,,,,,,,,,,,,,,,,,,,,,,,,,,,,,,,,,,,reliability_bin,3,1251,35,0.0348790333483,0.0308331901661,0.0390373425628,0.00690141544266,0.100023986568
terminal,2018-07_to_2018-08,2018-07_to_2018-08,,logistic_l2,DPB,,full,raw,raw,,,,eec7f8ac345c6f37de531c843742bd3932f3ee53b8cbc0c0d410357008699278,,,,0.0272,,,,,,,,,,,,085d47c5390ce26eb4920710912d5fe0bd515a587d209de3cd55af821edb6235,logistic_l2,DPB,,,,,,,,,,,,,,,,,,,,,,,,,,,,,,,,,,,,,,,,,,,,,,,,reliability_bin,4,1250,34,0.0435459098575,0.0390460189849,0.0479434050404,0.0163459098575,0.0999440313424
terminal,2018-07_to_2018-08,2018-07_to_2018-08,,logistic_l2,DPB,,full,raw,raw,,,,eec7f8ac345c6f37de531c843742bd3932f3ee53b8cbc0c0d410357008699278,,,,0.0463629096723,,,,,,,,,,,,085d47c5390ce26eb4920710912d5fe0bd515a587d209de3cd55af821edb6235,logistic_l2,DPB,,,,,,,,,,,,,,,,,,,,,,,,,,,,,,,,,,,,,,,,,,,,,,,,reliability_bin,5,1251,58,0.052234895526,0.0479470938405,0.0566765781917,0.00587198585375,0.100023986568
terminal,2018-07_to_2018-08,2018-07_to_2018-08,,logistic_l2,DPB,,full,raw,raw,,,,eec7f8ac345c6f37de531c843742bd3932f3ee53b8cbc0c0d410357008699278,,,,0.0799360511591,,,,,,,,,,,,085d47c5390ce26eb4920710912d5fe0bd515a587d209de3cd55af821edb6235,logistic_l2,DPB,,,,,,,,,,,,,,,,,,,,,,,,,,,,,,,,,,,,,,,,,,,,,,,,reliability_bin,6,1251,100,0.0615963750386,0.0566820146854,0.0667797173987,0.0183396761205,0.100023986568
terminal,2018-07_to_2018-08,2018-07_to_2018-08,,logistic_l2,DPB,,full,raw,raw,,,,eec7f8ac345c6f37de531c843742bd3932f3ee53b8cbc0c0d410357008699278,,,,0.0824,,,,,,,,,,,,085d47c5390ce26eb4920710912d5fe0bd515a587d209de3cd55af821edb6235,logistic_l2,DPB,,,,,,,,,,,,,,,,,,,,,,,,,,,,,,,,,,,,,,,,,,,,,,,,reliability_bin,7,1250,103,0.0729104762146,0.0667824578198,0.0799750705068,0.00948952378539,0.0999440313424
terminal,2018-07_to_2018-08,2018-07_to_2018-08,,logistic_l2,DPB,,full,raw,raw,,,,eec7f8ac345c6f37de531c843742bd3932f3ee53b8cbc0c0d410357008699278,,,,0.0535571542766,,,,,,,,,,,,085d47c5390ce26eb4920710912d5fe0bd515a587d209de3cd55af821edb6235,logistic_l2,DPB,,,,,,,,,,,,,,,,,,,,,,,,,,,,,,,,,,,,,,,,,,,,,,,,reliability_bin,8,1251,67,0.0904142799764,0.0800157031963,0.102557949953,0.0368571256998,0.100023986568
terminal,2018-07_to_2018-08,2018-07_to_2018-08,,logistic_l2,DPB,,full,raw,raw,,,,eec7f8ac345c6f37de531c843742bd3932f3ee53b8cbc0c0d410357008699278,,,,0.0407673860911,,,,,,,,,,,,085d47c5390ce26eb4920710912d5fe0bd515a587d209de3cd55af821edb6235,logistic_l2,DPB,,,,,,,,,,,,,,,,,,,,,,,,,,,,,,,,,,,,,,,,,,,,,,,,reliability_bin,9,1251,51,0.123342830268,0.10257823446,0.150632354149,0.0825754441765,0.100023986568
terminal,2018-07_to_2018-08,2018-07_to_2018-08,,logistic_l2,DPB,,full,raw,raw,,,,eec7f8ac345c6f37de531c843742bd3932f3ee53b8cbc0c0d410357008699278,,,,0.084,,,,,,,,,,,,085d47c5390ce26eb4920710912d5fe0bd515a587d209de3cd55af821edb6235,logistic_l2,DPB,,,,,,,,,,,,,,,,,,,,,,,,,,,,,,,,,,,,,,,,,,,,,,,,reliability_bin,10,1250,105,0.214336101675,0.150670681929,0.978953469247,0.130336101675,0.0999440313424
terminal,2018-07_to_2018-08,2018-07_to_2018-08,,logistic_l2,DPG,,full,calibrated,calibrated,,,,5d387df78245276a64020fb2b4aaf30d27e7c80e6eba1352e3a183644f640f8c,,,,0.0191846522782,,,,,,,,,,,,085d47c5390ce26eb4920710912d5fe0bd515a587d209de3cd55af821edb6235,logistic_l2,DPG,,,,,,,,,,,,,,,,,,,,,,,,,,,,,,,,,,,,,,,,,,,,,,,,reliability_bin,1,1251,24,0.017700335889,0.00105939545742,0.0270365607487,0.00148431638921,0.100023986568
terminal,2018-07_to_2018-08,2018-07_to_2018-08,,logistic_l2,DPG,,full,calibrated,calibrated,,,,5d387df78245276a64020fb2b4aaf30d27e7c80e6eba1352e3a183644f640f8c,,,,0.0319744204636,,,,,,,,,,,,085d47c5390ce26eb4920710912d5fe0bd515a587d209de3cd55af821edb6235,logistic_l2,DPG,,,,,,,,,,,,,,,,,,,,,,,,,,,,,,,,,,,,,,,,,,,,,,,,reliability_bin,2,1251,40,0.0328957258641,0.0270403932863,0.0382037737332,0.000921305400516,0.100023986568
terminal,2018-07_to_2018-08,2018-07_to_2018-08,,logistic_l2,DPG,,full,calibrated,calibrated,,,,5d387df78245276a64020fb2b4aaf30d27e7c80e6eba1352e3a183644f640f8c,,,,0.0279776179057,,,,,,,,,,,,085d47c5390ce26eb4920710912d5fe0bd515a587d209de3cd55af821edb6235,logistic_l2,DPG,,,,,,,,,,,,,,,,,,,,,,,,,,,,,,,,,,,,,,,,,,,,,,,,reliability_bin,3,1251,35,0.0424531623375,0.0382047506632,0.047224935698,0.0144755444319,0.100023986568
terminal,2018-07_to_2018-08,2018-07_to_2018-08,,logistic_l2,DPG,,full,calibrated,calibrated,,,,5d387df78245276a64020fb2b4aaf30d27e7c80e6eba1352e3a183644f640f8c,,,,0.0272,,,,,,,,,,,,085d47c5390ce26eb4920710912d5fe0bd515a587d209de3cd55af821edb6235,logistic_l2,DPG,,,,,,,,,,,,,,,,,,,,,,,,,,,,,,,,,,,,,,,,,,,,,,,,reliability_bin,4,1250,34,0.0520279687665,0.0472302681115,0.0574002454148,0.0248279687665,0.0999440313424
terminal,2018-07_to_2018-08,2018-07_to_2018-08,,logistic_l2,DPG,,full,calibrated,calibrated,,,,5d387df78245276a64020fb2b4aaf30d27e7c80e6eba1352e3a183644f640f8c,,,,0.0583533173461,,,,,,,,,,,,085d47c5390ce26eb4920710912d5fe0bd515a587d209de3cd55af821edb6235,logistic_l2,DPG,,,,,,,,,,,,,,,,,,,,,,,,,,,,,,,,,,,,,,,,,,,,,,,,reliability_bin,5,1251,73,0.0624642237101,0.0574008170359,0.0675983771798,0.00411090636396,0.100023986568
terminal,2018-07_to_2018-08,2018-07_to_2018-08,,logistic_l2,DPG,,full,calibrated,calibrated,,,,5d387df78245276a64020fb2b4aaf30d27e7c80e6eba1352e3a183644f640f8c,,,,0.0751398880895,,,,,,,,,,,,085d47c5390ce26eb4920710912d5fe0bd515a587d209de3cd55af821edb6235,logistic_l2,DPG,,,,,,,,,,,,,,,,,,,,,,,,,,,,,,,,,,,,,,,,,,,,,,,,reliability_bin,6,1251,94,0.0727122581715,0.0676176008565,0.0787694981983,0.00242762991808,0.100023986568
terminal,2018-07_to_2018-08,2018-07_to_2018-08,,logistic_l2,DPG,,full,calibrated,calibrated,,,,5d387df78245276a64020fb2b4aaf30d27e7c80e6eba1352e3a183644f640f8c,,,,0.0664,,,,,,,,,,,,085d47c5390ce26eb4920710912d5fe0bd515a587d209de3cd55af821edb6235,logistic_l2,DPG,,,,,,,,,,,,,,,,,,,,,,,,,,,,,,,,,,,,,,,,,,,,,,,,reliability_bin,7,1250,83,0.0857663826261,0.0787707643916,0.0937124431773,0.0193663826261,0.0999440313424
terminal,2018-07_to_2018-08,2018-07_to_2018-08,,logistic_l2,DPG,,full,calibrated,calibrated,,,,5d387df78245276a64020fb2b4aaf30d27e7c80e6eba1352e3a183644f640f8c,,,,0.0639488409273,,,,,,,,,,,,085d47c5390ce26eb4920710912d5fe0bd515a587d209de3cd55af821edb6235,logistic_l2,DPG,,,,,,,,,,,,,,,,,,,,,,,,,,,,,,,,,,,,,,,,,,,,,,,,reliability_bin,8,1251,80,0.103521141743,0.0937457273626,0.116709526502,0.0395723008161,0.100023986568
terminal,2018-07_to_2018-08,2018-07_to_2018-08,,logistic_l2,DPG,,full,calibrated,calibrated,,,,5d387df78245276a64020fb2b4aaf30d27e7c80e6eba1352e3a183644f640f8c,,,,0.03517186251,,,,,,,,,,,,085d47c5390ce26eb4920710912d5fe0bd515a587d209de3cd55af821edb6235,logistic_l2,DPG,,,,,,,,,,,,,,,,,,,,,,,,,,,,,,,,,,,,,,,,,,,,,,,,reliability_bin,9,1251,44,0.138396894975,0.116755395946,0.167009719977,0.103225032465,0.100023986568
terminal,2018-07_to_2018-08,2018-07_to_2018-08,,logistic_l2,DPG,,full,calibrated,calibrated,,,,5d387df78245276a64020fb2b4aaf30d27e7c80e6eba1352e3a183644f640f8c,,,,0.0752,,,,,,,,,,,,085d47c5390ce26eb4920710912d5fe0bd515a587d209de3cd55af821edb6235,logistic_l2,DPG,,,,,,,,,,,,,,,,,,,,,,,,,,,,,,,,,,,,,,,,,,,,,,,,reliability_bin,10,1250,94,0.235074969265,0.167027438239,0.976542775903,0.159874969265,0.0999440313424
terminal,2018-07_to_2018-08,2018-07_to_2018-08,,logistic_l2,DPG,,full,raw,raw,,,,5d387df78245276a64020fb2b4aaf30d27e7c80e6eba1352e3a183644f640f8c,,,,0.0191846522782,,,,,,,,,,,,085d47c5390ce26eb4920710912d5fe0bd515a587d209de3cd55af821edb6235,logistic_l2,DPG,,,,,,,,,,,,,,,,,,,,,,,,,,,,,,,,,,,,,,,,,,,,,,,,reliability_bin,1,1251,24,0.017700335889,0.00105939545742,0.0270365607487,0.00148431638921,0.100023986568
terminal,2018-07_to_2018-08,2018-07_to_2018-08,,logistic_l2,DPG,,full,raw,raw,,,,5d387df78245276a64020fb2b4aaf30d27e7c80e6eba1352e3a183644f640f8c,,,,0.0319744204636,,,,,,,,,,,,085d47c5390ce26eb4920710912d5fe0bd515a587d209de3cd55af821edb6235,logistic_l2,DPG,,,,,,,,,,,,,,,,,,,,,,,,,,,,,,,,,,,,,,,,,,,,,,,,reliability_bin,2,1251,40,0.0328957258641,0.0270403932863,0.0382037737332,0.000921305400516,0.100023986568
terminal,2018-07_to_2018-08,2018-07_to_2018-08,,logistic_l2,DPG,,full,raw,raw,,,,5d387df78245276a64020fb2b4aaf30d27e7c80e6eba1352e3a183644f640f8c,,,,0.0279776179057,,,,,,,,,,,,085d47c5390ce26eb4920710912d5fe0bd515a587d209de3cd55af821edb6235,logistic_l2,DPG,,,,,,,,,,,,,,,,,,,,,,,,,,,,,,,,,,,,,,,,,,,,,,,,reliability_bin,3,1251,35,0.0424531623375,0.0382047506632,0.047224935698,0.0144755444319,0.100023986568
terminal,2018-07_to_2018-08,2018-07_to_2018-08,,logistic_l2,DPG,,full,raw,raw,,,,5d387df78245276a64020fb2b4aaf30d27e7c80e6eba1352e3a183644f640f8c,,,,0.0272,,,,,,,,,,,,085d47c5390ce26eb4920710912d5fe0bd515a587d209de3cd55af821edb6235,logistic_l2,DPG,,,,,,,,,,,,,,,,,,,,,,,,,,,,,,,,,,,,,,,,,,,,,,,,reliability_bin,4,1250,34,0.0520279687665,0.0472302681115,0.0574002454148,0.0248279687665,0.0999440313424
terminal,2018-07_to_2018-08,2018-07_to_2018-08,,logistic_l2,DPG,,full,raw,raw,,,,5d387df78245276a64020fb2b4aaf30d27e7c80e6eba1352e3a183644f640f8c,,,,0.0583533173461,,,,,,,,,,,,085d47c5390ce26eb4920710912d5fe0bd515a587d209de3cd55af821edb6235,logistic_l2,DPG,,,,,,,,,,,,,,,,,,,,,,,,,,,,,,,,,,,,,,,,,,,,,,,,reliability_bin,5,1251,73,0.0624642237101,0.0574008170359,0.0675983771798,0.00411090636396,0.100023986568
terminal,2018-07_to_2018-08,2018-07_to_2018-08,,logistic_l2,DPG,,full,raw,raw,,,,5d387df78245276a64020fb2b4aaf30d27e7c80e6eba1352e3a183644f640f8c,,,,0.0751398880895,,,,,,,,,,,,085d47c5390ce26eb4920710912d5fe0bd515a587d209de3cd55af821edb6235,logistic_l2,DPG,,,,,,,,,,,,,,,,,,,,,,,,,,,,,,,,,,,,,,,,,,,,,,,,reliability_bin,6,1251,94,0.0727122581715,0.0676176008565,0.0787694981983,0.00242762991808,0.100023986568
terminal,2018-07_to_2018-08,2018-07_to_2018-08,,logistic_l2,DPG,,full,raw,raw,,,,5d387df78245276a64020fb2b4aaf30d27e7c80e6eba1352e3a183644f640f8c,,,,0.0664,,,,,,,,,,,,085d47c5390ce26eb4920710912d5fe0bd515a587d209de3cd55af821edb6235,logistic_l2,DPG,,,,,,,,,,,,,,,,,,,,,,,,,,,,,,,,,,,,,,,,,,,,,,,,reliability_bin,7,1250,83,0.0857663826261,0.0787707643916,0.0937124431773,0.0193663826261,0.0999440313424
terminal,2018-07_to_2018-08,2018-07_to_2018-08,,logistic_l2,DPG,,full,raw,raw,,,,5d387df78245276a64020fb2b4aaf30d27e7c80e6eba1352e3a183644f640f8c,,,,0.0639488409273,,,,,,,,,,,,085d47c5390ce26eb4920710912d5fe0bd515a587d209de3cd55af821edb6235,logistic_l2,DPG,,,,,,,,,,,,,,,,,,,,,,,,,,,,,,,,,,,,,,,,,,,,,,,,reliability_bin,8,1251,80,0.103521141743,0.0937457273626,0.116709526502,0.0395723008161,0.100023986568
terminal,2018-07_to_2018-08,2018-07_to_2018-08,,logistic_l2,DPG,,full,raw,raw,,,,5d387df78245276a64020fb2b4aaf30d27e7c80e6eba1352e3a183644f640f8c,,,,0.03517186251,,,,,,,,,,,,085d47c5390ce26eb4920710912d5fe0bd515a587d209de3cd55af821edb6235,logistic_l2,DPG,,,,,,,,,,,,,,,,,,,,,,,,,,,,,,,,,,,,,,,,,,,,,,,,reliability_bin,9,1251,44,0.138396894975,0.116755395946,0.167009719977,0.103225032465,0.100023986568
terminal,2018-07_to_2018-08,2018-07_to_2018-08,,logistic_l2,DPG,,full,raw,raw,,,,5d387df78245276a64020fb2b4aaf30d27e7c80e6eba1352e3a183644f640f8c,,,,0.0752,,,,,,,,,,,,085d47c5390ce26eb4920710912d5fe0bd515a587d209de3cd55af821edb6235,logistic_l2,DPG,,,,,,,,,,,,,,,,,,,,,,,,,,,,,,,,,,,,,,,,,,,,,,,,reliability_bin,10,1250,94,0.235074969265,0.167027438239,0.976542775903,0.159874969265,0.0999440313424
terminal,2018-07_to_2018-08,2018-07_to_2018-08,,logistic_l2,DPS,,full,calibrated,calibrated,,,,4063cae413a0818a14a0f21a60b2f39d5b082ce616933652665ae1118d293203,,,,0.0127897681855,,,,,,,,,,,,085d47c5390ce26eb4920710912d5fe0bd515a587d209de3cd55af821edb6235,logistic_l2,DPS,,,,,,,,,,,,,,,,,,,,,,,,,,,,,,,,,,,,,,,,,,,,,,,,reliability_bin,1,1251,16,0.0431587937007,0.0214996075761,0.0480215825851,0.0303690255153,0.100023986568
terminal,2018-07_to_2018-08,2018-07_to_2018-08,,logistic_l2,DPS,,full,calibrated,calibrated,,,,4063cae413a0818a14a0f21a60b2f39d5b082ce616933652665ae1118d293203,,,,0.0183852917666,,,,,,,,,,,,085d47c5390ce26eb4920710912d5fe0bd515a587d209de3cd55af821edb6235,logistic_l2,DPS,,,,,,,,,,,,,,,,,,,,,,,,,,,,,,,,,,,,,,,,,,,,,,,,reliability_bin,2,1251,23,0.0504892387925,0.0480264832768,0.0527599937355,0.0321039470259,0.100023986568
terminal,2018-07_to_2018-08,2018-07_to_2018-08,,logistic_l2,DPS,,full,calibrated,calibrated,,,,4063cae413a0818a14a0f21a60b2f39d5b082ce616933652665ae1118d293203,,,,0.0303756994404,,,,,,,,,,,,085d47c5390ce26eb4920710912d5fe0bd515a587d209de3cd55af821edb6235,logistic_l2,DPS,,,,,,,,,,,,,,,,,,,,,,,,,,,,,,,,,,,,,,,,,,,,,,,,reliability_bin,3,1251,38,0.0546288083961,0.052762923292,0.05659764327,0.0242531089556,0.100023986568
terminal,2018-07_to_2018-08,2018-07_to_2018-08,,logistic_l2,DPS,,full,calibrated,calibrated,,,,4063cae413a0818a14a0f21a60b2f39d5b082ce616933652665ae1118d293203,,,,0.0432,,,,,,,,,,,,085d47c5390ce26eb4920710912d5fe0bd515a587d209de3cd55af821edb6235,logistic_l2,DPS,,,,,,,,,,,,,,,,,,,,,,,,,,,,,,,,,,,,,,,,,,,,,,,,reliability_bin,4,1250,54,0.0585497550659,0.0565990373951,0.0605434402456,0.0153497550659,0.0999440313424
terminal,2018-07_to_2018-08,2018-07_to_2018-08,,logistic_l2,DPS,,full,calibrated,calibrated,,,,4063cae413a0818a14a0f21a60b2f39d5b082ce616933652665ae1118d293203,,,,0.048760991207,,,,,,,,,,,,085d47c5390ce26eb4920710912d5fe0bd515a587d209de3cd55af821edb6235,logistic_l2,DPS,,,,,,,,,,,,,,,,,,,,,,,,,,,,,,,,,,,,,,,,,,,,,,,,reliability_bin,5,1251,61,0.0624348404311,0.0605455372444,0.0644727075697,0.0136738492241,0.100023986568
terminal,2018-07_to_2018-08,2018-07_to_2018-08,,logistic_l2,DPS,,full,calibrated,calibrated,,,,4063cae413a0818a14a0f21a60b2f39d5b082ce616933652665ae1118d293203,,,,0.0535571542766,,,,,,,,,,,,085d47c5390ce26eb4920710912d5fe0bd515a587d209de3cd55af821edb6235,logistic_l2,DPS,,,,,,,,,,,,,,,,,,,,,,,,,,,,,,,,,,,,,,,,,,,,,,,,reliability_bin,6,1251,67,0.0664497831445,0.0644742205534,0.0685612689591,0.0128926288679,0.100023986568
terminal,2018-07_to_2018-08,2018-07_to_2018-08,,logistic_l2,DPS,,full,calibrated,calibrated,,,,4063cae413a0818a14a0f21a60b2f39d5b082ce616933652665ae1118d293203,,,,0.0672,,,,,,,,,,,,085d47c5390ce26eb4920710912d5fe0bd515a587d209de3cd55af821edb6235,logistic_l2,DPS,,,,,,,,,,,,,,,,,,,,,,,,,,,,,,,,,,,,,,,,,,,,,,,,reliability_bin,7,1250,84,0.0711267746435,0.0685614903872,0.0738943007583,0.0039267746435,0.0999440313424
terminal,2018-07_to_2018-08,2018-07_to_2018-08,,logistic_l2,DPS,,full,calibrated,calibrated,,,,4063cae413a0818a14a0f21a60b2f39d5b082ce616933652665ae1118d293203,,,,0.0455635491607,,,,,,,,,,,,085d47c5390ce26eb4920710912d5fe0bd515a587d209de3cd55af821edb6235,logistic_l2,DPS,,,,,,,,,,,,,,,,,,,,,,,,,,,,,,,,,,,,,,,,,,,,,,,,reliability_bin,8,1251,57,0.0773202597157,0.0739020519149,0.0811119723129,0.031756710555,0.100023986568
terminal,2018-07_to_2018-08,2018-07_to_2018-08,,logistic_l2,DPS,,full,calibrated,calibrated,,,,4063cae413a0818a14a0f21a60b2f39d5b082ce616933652665ae1118d293203,,,,0.0959232613909,,,,,,,,,,,,085d47c5390ce26eb4920710912d5fe0bd515a587d209de3cd55af821edb6235,logistic_l2,DPS,,,,,,,,,,,,,,,,,,,,,,,,,,,,,,,,,,,,,,,,,,,,,,,,reliability_bin,9,1251,120,0.0861881953463,0.0811144279001,0.0931354017717,0.00973506604463,0.100023986568
terminal,2018-07_to_2018-08,2018-07_to_2018-08,,logistic_l2,DPS,,full,calibrated,calibrated,,,,4063cae413a0818a14a0f21a60b2f39d5b082ce616933652665ae1118d293203,,,,0.0648,,,,,,,,,,,,085d47c5390ce26eb4920710912d5fe0bd515a587d209de3cd55af821edb6235,logistic_l2,DPS,,,,,,,,,,,,,,,,,,,,,,,,,,,,,,,,,,,,,,,,,,,,,,,,reliability_bin,10,1250,81,0.114612147647,0.0931531240056,0.220601399235,0.0498121476472,0.0999440313424
terminal,2018-07_to_2018-08,2018-07_to_2018-08,,logistic_l2,DPS,,full,raw,raw,,,,4063cae413a0818a14a0f21a60b2f39d5b082ce616933652665ae1118d293203,,,,0.0127897681855,,,,,,,,,,,,085d47c5390ce26eb4920710912d5fe0bd515a587d209de3cd55af821edb6235,logistic_l2,DPS,,,,,,,,,,,,,,,,,,,,,,,,,,,,,,,,,,,,,,,,,,,,,,,,reliability_bin,1,1251,16,0.0431587937007,0.0214996075761,0.0480215825851,0.0303690255153,0.100023986568
terminal,2018-07_to_2018-08,2018-07_to_2018-08,,logistic_l2,DPS,,full,raw,raw,,,,4063cae413a0818a14a0f21a60b2f39d5b082ce616933652665ae1118d293203,,,,0.0183852917666,,,,,,,,,,,,085d47c5390ce26eb4920710912d5fe0bd515a587d209de3cd55af821edb6235,logistic_l2,DPS,,,,,,,,,,,,,,,,,,,,,,,,,,,,,,,,,,,,,,,,,,,,,,,,reliability_bin,2,1251,23,0.0504892387925,0.0480264832768,0.0527599937355,0.0321039470259,0.100023986568
terminal,2018-07_to_2018-08,2018-07_to_2018-08,,logistic_l2,DPS,,full,raw,raw,,,,4063cae413a0818a14a0f21a60b2f39d5b082ce616933652665ae1118d293203,,,,0.0303756994404,,,,,,,,,,,,085d47c5390ce26eb4920710912d5fe0bd515a587d209de3cd55af821edb6235,logistic_l2,DPS,,,,,,,,,,,,,,,,,,,,,,,,,,,,,,,,,,,,,,,,,,,,,,,,reliability_bin,3,1251,38,0.0546288083961,0.052762923292,0.05659764327,0.0242531089556,0.100023986568
terminal,2018-07_to_2018-08,2018-07_to_2018-08,,logistic_l2,DPS,,full,raw,raw,,,,4063cae413a0818a14a0f21a60b2f39d5b082ce616933652665ae1118d293203,,,,0.0432,,,,,,,,,,,,085d47c5390ce26eb4920710912d5fe0bd515a587d209de3cd55af821edb6235,logistic_l2,DPS,,,,,,,,,,,,,,,,,,,,,,,,,,,,,,,,,,,,,,,,,,,,,,,,reliability_bin,4,1250,54,0.0585497550659,0.0565990373951,0.0605434402456,0.0153497550659,0.0999440313424
terminal,2018-07_to_2018-08,2018-07_to_2018-08,,logistic_l2,DPS,,full,raw,raw,,,,4063cae413a0818a14a0f21a60b2f39d5b082ce616933652665ae1118d293203,,,,0.048760991207,,,,,,,,,,,,085d47c5390ce26eb4920710912d5fe0bd515a587d209de3cd55af821edb6235,logistic_l2,DPS,,,,,,,,,,,,,,,,,,,,,,,,,,,,,,,,,,,,,,,,,,,,,,,,reliability_bin,5,1251,61,0.0624348404311,0.0605455372444,0.0644727075697,0.0136738492241,0.100023986568
terminal,2018-07_to_2018-08,2018-07_to_2018-08,,logistic_l2,DPS,,full,raw,raw,,,,4063cae413a0818a14a0f21a60b2f39d5b082ce616933652665ae1118d293203,,,,0.0535571542766,,,,,,,,,,,,085d47c5390ce26eb4920710912d5fe0bd515a587d209de3cd55af821edb6235,logistic_l2,DPS,,,,,,,,,,,,,,,,,,,,,,,,,,,,,,,,,,,,,,,,,,,,,,,,reliability_bin,6,1251,67,0.0664497831445,0.0644742205534,0.0685612689591,0.0128926288679,0.100023986568
terminal,2018-07_to_2018-08,2018-07_to_2018-08,,logistic_l2,DPS,,full,raw,raw,,,,4063cae413a0818a14a0f21a60b2f39d5b082ce616933652665ae1118d293203,,,,0.0672,,,,,,,,,,,,085d47c5390ce26eb4920710912d5fe0bd515a587d209de3cd55af821edb6235,logistic_l2,DPS,,,,,,,,,,,,,,,,,,,,,,,,,,,,,,,,,,,,,,,,,,,,,,,,reliability_bin,7,1250,84,0.0711267746435,0.0685614903872,0.0738943007583,0.0039267746435,0.0999440313424
terminal,2018-07_to_2018-08,2018-07_to_2018-08,,logistic_l2,DPS,,full,raw,raw,,,,4063cae413a0818a14a0f21a60b2f39d5b082ce616933652665ae1118d293203,,,,0.0455635491607,,,,,,,,,,,,085d47c5390ce26eb4920710912d5fe0bd515a587d209de3cd55af821edb6235,logistic_l2,DPS,,,,,,,,,,,,,,,,,,,,,,,,,,,,,,,,,,,,,,,,,,,,,,,,reliability_bin,8,1251,57,0.0773202597157,0.0739020519149,0.0811119723129,0.031756710555,0.100023986568
terminal,2018-07_to_2018-08,2018-07_to_2018-08,,logistic_l2,DPS,,full,raw,raw,,,,4063cae413a0818a14a0f21a60b2f39d5b082ce616933652665ae1118d293203,,,,0.0959232613909,,,,,,,,,,,,085d47c5390ce26eb4920710912d5fe0bd515a587d209de3cd55af821edb6235,logistic_l2,DPS,,,,,,,,,,,,,,,,,,,,,,,,,,,,,,,,,,,,,,,,,,,,,,,,reliability_bin,9,1251,120,0.0861881953463,0.0811144279001,0.0931354017717,0.00973506604463,0.100023986568
terminal,2018-07_to_2018-08,2018-07_to_2018-08,,logistic_l2,DPS,,full,raw,raw,,,,4063cae413a0818a14a0f21a60b2f39d5b082ce616933652665ae1118d293203,,,,0.0648,,,,,,,,,,,,085d47c5390ce26eb4920710912d5fe0bd515a587d209de3cd55af821edb6235,logistic_l2,DPS,,,,,,,,,,,,,,,,,,,,,,,,,,,,,,,,,,,,,,,,,,,,,,,,reliability_bin,10,1250,81,0.114612147647,0.0931531240056,0.220601399235,0.0498121476472,0.0999440313424
terminal,2018-07_to_2018-08,,,random_forest,DP0,,full,calibrated,,,,,c63309da7ee001e56b7c72fb1755b4ef6222a4d2c7877e0e380ad12430125ca4,,,,0.0415667466027,,,,,,,,,,,,085d47c5390ce26eb4920710912d5fe0bd515a587d209de3cd55af821edb6235,,,,,,,,,,,,,,,,,,,,,,,,,,,,,,,,,,,,,,,,,,,,,,,,,,reliability_bin,1,1251,52,0.0369226614239,0.0368188614643,0.0369550323933,0.00464408517882,0.100023986568
terminal,2018-07_to_2018-08,,,random_forest,DP0,,full,calibrated,,,,,c63309da7ee001e56b7c72fb1755b4ef6222a4d2c7877e0e380ad12430125ca4,,,,0.0599520383693,,,,,,,,,,,,085d47c5390ce26eb4920710912d5fe0bd515a587d209de3cd55af821edb6235,,,,,,,,,,,,,,,,,,,,,,,,,,,,,,,,,,,,,,,,,,,,,,,,,,reliability_bin,2,1251,75,0.0369742238913,0.0369550323933,0.0369855493609,0.022977814478,0.100023986568
terminal,2018-07_to_2018-08,,,random_forest,DP0,,full,calibrated,,,,,c63309da7ee001e56b7c72fb1755b4ef6222a4d2c7877e0e380ad12430125ca4,,,,0.151079136691,,,,,,,,,,,,085d47c5390ce26eb4920710912d5fe0bd515a587d209de3cd55af821edb6235,,,,,,,,,,,,,,,,,,,,,,,,,,,,,,,,,,,,,,,,,,,,,,,,,,reliability_bin,3,1251,189,0.0369857508363,0.0369855493609,0.036988442161,0.114093385854,0.100023986568
terminal,2018-07_to_2018-08,,,random_forest,DP0,,full,calibrated,,,,,c63309da7ee001e56b7c72fb1755b4ef6222a4d2c7877e0e380ad12430125ca4,,,,0.0312,,,,,,,,,,,,085d47c5390ce26eb4920710912d5fe0bd515a587d209de3cd55af821edb6235,,,,,,,,,,,,,,,,,,,,,,,,,,,,,,,,,,,,,,,,,,,,,,,,,,reliability_bin,4,1250,39,0.0370023823347,0.0369884675294,0.037017973024,0.00580238233468,0.0999440313424
terminal,2018-07_to_2018-08,,,random_forest,DP0,,full,calibrated,,,,,c63309da7ee001e56b7c72fb1755b4ef6222a4d2c7877e0e380ad12430125ca4,,,,0.0263788968825,,,,,,,,,,,,085d47c5390ce26eb4920710912d5fe0bd515a587d209de3cd55af821edb6235,,,,,,,,,,,,,,,,,,,,,,,,,,,,,,,,,,,,,,,,,,,,,,,,,,reliability_bin,5,1251,33,0.0370325451715,0.0370179779812,0.0370477620931,0.0106536482891,0.100023986568
terminal,2018-07_to_2018-08,,,random_forest,DP0,,full,calibrated,,,,,c63309da7ee001e56b7c72fb1755b4ef6222a4d2c7877e0e380ad12430125ca4,,,,0.0343725019984,,,,,,,,,,,,085d47c5390ce26eb4920710912d5fe0bd515a587d209de3cd55af821edb6235,,,,,,,,,,,,,,,,,,,,,,,,,,,,,,,,,,,,,,,,,,,,,,,,,,reliability_bin,6,1251,43,0.0370641147687,0.0370477620931,0.0370810394251,0.00269161277031,0.100023986568
terminal,2018-07_to_2018-08,,,random_forest,DP0,,full,calibrated,,,,,c63309da7ee001e56b7c72fb1755b4ef6222a4d2c7877e0e380ad12430125ca4,,,,0.0312,,,,,,,,,,,,085d47c5390ce26eb4920710912d5fe0bd515a587d209de3cd55af821edb6235,,,,,,,,,,,,,,,,,,,,,,,,,,,,,,,,,,,,,,,,,,,,,,,,,,reliability_bin,7,1250,39,0.0371013347988,0.0370810862378,0.0371272361467,0.00590133479881,0.0999440313424
terminal,2018-07_to_2018-08,,,random_forest,DP0,,full,calibrated,,,,,c63309da7ee001e56b7c72fb1755b4ef6222a4d2c7877e0e380ad12430125ca4,,,,0.0247801758593,,,,,,,,,,,,085d47c5390ce26eb4920710912d5fe0bd515a587d209de3cd55af821edb6235,,,,,,,,,,,,,,,,,,,,,,,,,,,,,,,,,,,,,,,,,,,,,,,,,,reliability_bin,8,1251,31,0.0371618293661,0.037127261986,0.037205790899,0.0123816535068,0.100023986568
terminal,2018-07_to_2018-08,,,random_forest,DP0,,full,calibrated,,,,,c63309da7ee001e56b7c72fb1755b4ef6222a4d2c7877e0e380ad12430125ca4,,,,0.0407673860911,,,,,,,,,,,,085d47c5390ce26eb4920710912d5fe0bd515a587d209de3cd55af821edb6235,,,,,,,,,,,,,,,,,,,,,,,,,,,,,,,,,,,,,,,,,,,,,,,,,,reliability_bin,9,1251,51,0.0372600958677,0.0372057963022,0.0373223097111,0.00350729022343,0.100023986568
terminal,2018-07_to_2018-08,,,random_forest,DP0,,full,calibrated,,,,,c63309da7ee001e56b7c72fb1755b4ef6222a4d2c7877e0e380ad12430125ca4,,,,0.0392,,,,,,,,,,,,085d47c5390ce26eb4920710912d5fe0bd515a587d209de3cd55af821edb6235,,,,,,,,,,,,,,,,,,,,,,,,,,,,,,,,,,,,,,,,,,,,,,,,,,reliability_bin,10,1250,49,0.0376388841902,0.0373224747663,0.0384962117787,0.00156111580976,0.0999440313424
terminal,2018-07_to_2018-08,,,random_forest,DP0,,full,raw,,,,,c63309da7ee001e56b7c72fb1755b4ef6222a4d2c7877e0e380ad12430125ca4,,,,0.0391686650679,,,,,,,,,,,,085d47c5390ce26eb4920710912d5fe0bd515a587d209de3cd55af821edb6235,,,,,,,,,,,,,,,,,,,,,,,,,,,,,,,,,,,,,,,,,,,,,,,,,,reliability_bin,1,1251,49,0.00312000855562,1e-06,0.00861775912692,0.0360486565123,0.100023986568
terminal,2018-07_to_2018-08,,,random_forest,DP0,,full,raw,,,,,c63309da7ee001e56b7c72fb1755b4ef6222a4d2c7877e0e380ad12430125ca4,,,,0.0407673860911,,,,,,,,,,,,085d47c5390ce26eb4920710912d5fe0bd515a587d209de3cd55af821edb6235,,,,,,,,,,,,,,,,,,,,,,,,,,,,,,,,,,,,,,,,,,,,,,,,,,reliability_bin,2,1251,51,0.0143997273435,0.00863055788886,0.0212466619677,0.0263676587477,0.100023986568
terminal,2018-07_to_2018-08,,,random_forest,DP0,,full,raw,,,,,c63309da7ee001e56b7c72fb1755b4ef6222a4d2c7877e0e380ad12430125ca4,,,,0.0247801758593,,,,,,,,,,,,085d47c5390ce26eb4920710912d5fe0bd515a587d209de3cd55af821edb6235,,,,,,,,,,,,,,,,,,,,,,,,,,,,,,,,,,,,,,,,,,,,,,,,,,reliability_bin,3,1251,31,0.0302412035674,0.0212610408022,0.0387346303563,0.00546102770806,0.100023986568
terminal,2018-07_to_2018-08,,,random_forest,DP0,,full,raw,,,,,c63309da7ee001e56b7c72fb1755b4ef6222a4d2c7877e0e380ad12430125ca4,,,,0.0312,,,,,,,,,,,,085d47c5390ce26eb4920710912d5fe0bd515a587d209de3cd55af821edb6235,,,,,,,,,,,,,,,,,,,,,,,,,,,,,,,,,,,,,,,,,,,,,,,,,,reliability_bin,4,1250,39,0.0473405793889,0.0387491840275,0.0548282046875,0.0161405793889,0.0999440313424
terminal,2018-07_to_2018-08,,,random_forest,DP0,,full,raw,,,,,c63309da7ee001e56b7c72fb1755b4ef6222a4d2c7877e0e380ad12430125ca4,,,,0.0343725019984,,,,,,,,,,,,085d47c5390ce26eb4920710912d5fe0bd515a587d209de3cd55af821edb6235,,,,,,,,,,,,,,,,,,,,,,,,,,,,,,,,,,,,,,,,,,,,,,,,,,reliability_bin,5,1251,43,0.0623328653329,0.0548282702866,0.0701470684303,0.0279603633345,0.100023986568
terminal,2018-07_to_2018-08,,,random_forest,DP0,,full,raw,,,,,c63309da7ee001e56b7c72fb1755b4ef6222a4d2c7877e0e380ad12430125ca4,,,,0.0263788968825,,,,,,,,,,,,085d47c5390ce26eb4920710912d5fe0bd515a587d209de3cd55af821edb6235,,,,,,,,,,,,,,,,,,,,,,,,,,,,,,,,,,,,,,,,,,,,,,,,,,reliability_bin,6,1251,33,0.078554456697,0.0701470684303,0.087141258262,0.0521755598145,0.100023986568
terminal,2018-07_to_2018-08,,,random_forest,DP0,,full,raw,,,,,c63309da7ee001e56b7c72fb1755b4ef6222a4d2c7877e0e380ad12430125ca4,,,,0.0312,,,,,,,,,,,,085d47c5390ce26eb4920710912d5fe0bd515a587d209de3cd55af821edb6235,,,,,,,,,,,,,,,,,,,,,,,,,,,,,,,,,,,,,,,,,,,,,,,,,,reliability_bin,7,1250,39,0.0976314512801,0.0871526387085,0.107596586703,0.0664314512801,0.0999440313424
terminal,2018-07_to_2018-08,,,random_forest,DP0,,full,raw,,,,,c63309da7ee001e56b7c72fb1755b4ef6222a4d2c7877e0e380ad12430125ca4,,,,0.163069544365,,,,,,,,,,,,085d47c5390ce26eb4920710912d5fe0bd515a587d209de3cd55af821edb6235,,,,,,,,,,,,,,,,,,,,,,,,,,,,,,,,,,,,,,,,,,,,,,,,,,reliability_bin,8,1251,204,0.109660726124,0.107601346386,0.109813813243,0.0534088182404,0.100023986568
terminal,2018-07_to_2018-08,,,random_forest,DP0,,full,raw,,,,,c63309da7ee001e56b7c72fb1755b4ef6222a4d2c7877e0e380ad12430125ca4,,,,0.0471622701839,,,,,,,,,,,,085d47c5390ce26eb4920710912d5fe0bd515a587d209de3cd55af821edb6235,,,,,,,,,,,,,,,,,,,,,,,,,,,,,,,,,,,,,,,,,,,,,,,,,,reliability_bin,9,1251,59,0.119142120582,0.109813813243,0.135741618879,0.0719798503984,0.100023986568
terminal,2018-07_to_2018-08,,,random_forest,DP0,,full,raw,,,,,c63309da7ee001e56b7c72fb1755b4ef6222a4d2c7877e0e380ad12430125ca4,,,,0.0424,,,,,,,,,,,,085d47c5390ce26eb4920710912d5fe0bd515a587d209de3cd55af821edb6235,,,,,,,,,,,,,,,,,,,,,,,,,,,,,,,,,,,,,,,,,,,,,,,,,,reliability_bin,10,1250,53,0.170508829957,0.135741618879,0.316251032381,0.128108829957,0.0999440313424
terminal,2018-07_to_2018-08,,,random_forest,DPB,,full,calibrated,,,,,81e1820e50ed14e35a6c9da0e848b4ca00d7ef7172f3c1a914ea3ae223853990,,,,0.0167865707434,,,,,,,,,,,,085d47c5390ce26eb4920710912d5fe0bd515a587d209de3cd55af821edb6235,,,,,,,,,,,,,,,,,,,,,,,,,,,,,,,,,,,,,,,,,,,,,,,,,,reliability_bin,1,1251,21,0.0114222977903,0.00190011797512,0.0155360402057,0.00536427295308,0.100023986568
terminal,2018-07_to_2018-08,,,random_forest,DPB,,full,calibrated,,,,,81e1820e50ed14e35a6c9da0e848b4ca00d7ef7172f3c1a914ea3ae223853990,,,,0.0239808153477,,,,,,,,,,,,085d47c5390ce26eb4920710912d5fe0bd515a587d209de3cd55af821edb6235,,,,,,,,,,,,,,,,,,,,,,,,,,,,,,,,,,,,,,,,,,,,,,,,,,reliability_bin,2,1251,30,0.0187185784845,0.015538962236,0.0220945294985,0.00526223686318,0.100023986568
terminal,2018-07_to_2018-08,,,random_forest,DPB,,full,calibrated,,,,,81e1820e50ed14e35a6c9da0e848b4ca00d7ef7172f3c1a914ea3ae223853990,,,,0.0271782573941,,,,,,,,,,,,085d47c5390ce26eb4920710912d5fe0bd515a587d209de3cd55af821edb6235,,,,,,,,,,,,,,,,,,,,,,,,,,,,,,,,,,,,,,,,,,,,,,,,,,reliability_bin,3,1251,34,0.0261774224356,0.0221022766856,0.0302225076939,0.00100083495851,0.100023986568
terminal,2018-07_to_2018-08,,,random_forest,DPB,,full,calibrated,,,,,81e1820e50ed14e35a6c9da0e848b4ca00d7ef7172f3c1a914ea3ae223853990,,,,0.0528,,,,,,,,,,,,085d47c5390ce26eb4920710912d5fe0bd515a587d209de3cd55af821edb6235,,,,,,,,,,,,,,,,,,,,,,,,,,,,,,,,,,,,,,,,,,,,,,,,,,reliability_bin,4,1250,66,0.0334292331627,0.030225022661,0.0362639825467,0.0193707668373,0.0999440313424
terminal,2018-07_to_2018-08,,,random_forest,DPB,,full,calibrated,,,,,81e1820e50ed14e35a6c9da0e848b4ca00d7ef7172f3c1a914ea3ae223853990,,,,0.083932853717,,,,,,,,,,,,085d47c5390ce26eb4920710912d5fe0bd515a587d209de3cd55af821edb6235,,,,,,,,,,,,,,,,,,,,,,,,,,,,,,,,,,,,,,,,,,,,,,,,,,reliability_bin,5,1251,105,0.0388616698231,0.0362657133189,0.041628387055,0.0450711838939,0.100023986568
terminal,2018-07_to_2018-08,,,random_forest,DPB,,full,calibrated,,,,,81e1820e50ed14e35a6c9da0e848b4ca00d7ef7172f3c1a914ea3ae223853990,,,,0.0887290167866,,,,,,,,,,,,085d47c5390ce26eb4920710912d5fe0bd515a587d209de3cd55af821edb6235,,,,,,,,,,,,,,,,,,,,,,,,,,,,,,,,,,,,,,,,,,,,,,,,,,reliability_bin,6,1251,111,0.0450683340367,0.0416332378495,0.0491308938769,0.0436606827499,0.100023986568
terminal,2018-07_to_2018-08,,,random_forest,DPB,,full,calibrated,,,,,81e1820e50ed14e35a6c9da0e848b4ca00d7ef7172f3c1a914ea3ae223853990,,,,0.0424,,,,,,,,,,,,085d47c5390ce26eb4920710912d5fe0bd515a587d209de3cd55af821edb6235,,,,,,,,,,,,,,,,,,,,,,,,,,,,,,,,,,,,,,,,,,,,,,,,,,reliability_bin,7,1250,53,0.05463745744,0.049133472905,0.0609656867056,0.01223745744,0.0999440313424
terminal,2018-07_to_2018-08,,,random_forest,DPB,,full,calibrated,,,,,81e1820e50ed14e35a6c9da0e848b4ca00d7ef7172f3c1a914ea3ae223853990,,,,0.0375699440448,,,,,,,,,,,,085d47c5390ce26eb4920710912d5fe0bd515a587d209de3cd55af821edb6235,,,,,,,,,,,,,,,,,,,,,,,,,,,,,,,,,,,,,,,,,,,,,,,,,,reliability_bin,8,1251,47,0.0700355093933,0.0609699606786,0.0802876907332,0.0324655653485,0.100023986568
terminal,2018-07_to_2018-08,,,random_forest,DPB,,full,calibrated,,,,,81e1820e50ed14e35a6c9da0e848b4ca00d7ef7172f3c1a914ea3ae223853990,,,,0.0319744204636,,,,,,,,,,,,085d47c5390ce26eb4920710912d5fe0bd515a587d209de3cd55af821edb6235,,,,,,,,,,,,,,,,,,,,,,,,,,,,,,,,,,,,,,,,,,,,,,,,,,reliability_bin,9,1251,40,0.0994777773382,0.0803056239419,0.124810057984,0.0675033568746,0.100023986568
terminal,2018-07_to_2018-08,,,random_forest,DPB,,full,calibrated,,,,,81e1820e50ed14e35a6c9da0e848b4ca00d7ef7172f3c1a914ea3ae223853990,,,,0.0752,,,,,,,,,,,,085d47c5390ce26eb4920710912d5fe0bd515a587d209de3cd55af821edb6235,,,,,,,,,,,,,,,,,,,,,,,,,,,,,,,,,,,,,,,,,,,,,,,,,,reliability_bin,10,1250,94,0.183871523617,0.12486469588,0.40791478118,0.108671523617,0.0999440313424
terminal,2018-07_to_2018-08,,,random_forest,DPB,,full,raw,,,,,81e1820e50ed14e35a6c9da0e848b4ca00d7ef7172f3c1a914ea3ae223853990,,,,0.0167865707434,,,,,,,,,,,,085d47c5390ce26eb4920710912d5fe0bd515a587d209de3cd55af821edb6235,,,,,,,,,,,,,,,,,,,,,,,,,,,,,,,,,,,,,,,,,,,,,,,,,,reliability_bin,1,1251,21,0.0114222977903,0.00190011797512,0.0155360402057,0.00536427295308,0.100023986568
terminal,2018-07_to_2018-08,,,random_forest,DPB,,full,raw,,,,,81e1820e50ed14e35a6c9da0e848b4ca00d7ef7172f3c1a914ea3ae223853990,,,,0.0239808153477,,,,,,,,,,,,085d47c5390ce26eb4920710912d5fe0bd515a587d209de3cd55af821edb6235,,,,,,,,,,,,,,,,,,,,,,,,,,,,,,,,,,,,,,,,,,,,,,,,,,reliability_bin,2,1251,30,0.0187185784845,0.015538962236,0.0220945294985,0.00526223686318,0.100023986568
terminal,2018-07_to_2018-08,,,random_forest,DPB,,full,raw,,,,,81e1820e50ed14e35a6c9da0e848b4ca00d7ef7172f3c1a914ea3ae223853990,,,,0.0271782573941,,,,,,,,,,,,085d47c5390ce26eb4920710912d5fe0bd515a587d209de3cd55af821edb6235,,,,,,,,,,,,,,,,,,,,,,,,,,,,,,,,,,,,,,,,,,,,,,,,,,reliability_bin,3,1251,34,0.0261774224356,0.0221022766856,0.0302225076939,0.00100083495851,0.100023986568
terminal,2018-07_to_2018-08,,,random_forest,DPB,,full,raw,,,,,81e1820e50ed14e35a6c9da0e848b4ca00d7ef7172f3c1a914ea3ae223853990,,,,0.0528,,,,,,,,,,,,085d47c5390ce26eb4920710912d5fe0bd515a587d209de3cd55af821edb6235,,,,,,,,,,,,,,,,,,,,,,,,,,,,,,,,,,,,,,,,,,,,,,,,,,reliability_bin,4,1250,66,0.0334292331627,0.030225022661,0.0362639825467,0.0193707668373,0.0999440313424
terminal,2018-07_to_2018-08,,,random_forest,DPB,,full,raw,,,,,81e1820e50ed14e35a6c9da0e848b4ca00d7ef7172f3c1a914ea3ae223853990,,,,0.083932853717,,,,,,,,,,,,085d47c5390ce26eb4920710912d5fe0bd515a587d209de3cd55af821edb6235,,,,,,,,,,,,,,,,,,,,,,,,,,,,,,,,,,,,,,,,,,,,,,,,,,reliability_bin,5,1251,105,0.0388616698231,0.0362657133189,0.041628387055,0.0450711838939,0.100023986568
terminal,2018-07_to_2018-08,,,random_forest,DPB,,full,raw,,,,,81e1820e50ed14e35a6c9da0e848b4ca00d7ef7172f3c1a914ea3ae223853990,,,,0.0887290167866,,,,,,,,,,,,085d47c5390ce26eb4920710912d5fe0bd515a587d209de3cd55af821edb6235,,,,,,,,,,,,,,,,,,,,,,,,,,,,,,,,,,,,,,,,,,,,,,,,,,reliability_bin,6,1251,111,0.0450683340367,0.0416332378495,0.0491308938769,0.0436606827499,0.100023986568
terminal,2018-07_to_2018-08,,,random_forest,DPB,,full,raw,,,,,81e1820e50ed14e35a6c9da0e848b4ca00d7ef7172f3c1a914ea3ae223853990,,,,0.0424,,,,,,,,,,,,085d47c5390ce26eb4920710912d5fe0bd515a587d209de3cd55af821edb6235,,,,,,,,,,,,,,,,,,,,,,,,,,,,,,,,,,,,,,,,,,,,,,,,,,reliability_bin,7,1250,53,0.05463745744,0.049133472905,0.0609656867056,0.01223745744,0.0999440313424
terminal,2018-07_to_2018-08,,,random_forest,DPB,,full,raw,,,,,81e1820e50ed14e35a6c9da0e848b4ca00d7ef7172f3c1a914ea3ae223853990,,,,0.0375699440448,,,,,,,,,,,,085d47c5390ce26eb4920710912d5fe0bd515a587d209de3cd55af821edb6235,,,,,,,,,,,,,,,,,,,,,,,,,,,,,,,,,,,,,,,,,,,,,,,,,,reliability_bin,8,1251,47,0.0700355093933,0.0609699606786,0.0802876907332,0.0324655653485,0.100023986568
terminal,2018-07_to_2018-08,,,random_forest,DPB,,full,raw,,,,,81e1820e50ed14e35a6c9da0e848b4ca00d7ef7172f3c1a914ea3ae223853990,,,,0.0319744204636,,,,,,,,,,,,085d47c5390ce26eb4920710912d5fe0bd515a587d209de3cd55af821edb6235,,,,,,,,,,,,,,,,,,,,,,,,,,,,,,,,,,,,,,,,,,,,,,,,,,reliability_bin,9,1251,40,0.0994777773382,0.0803056239419,0.124810057984,0.0675033568746,0.100023986568
terminal,2018-07_to_2018-08,,,random_forest,DPB,,full,raw,,,,,81e1820e50ed14e35a6c9da0e848b4ca00d7ef7172f3c1a914ea3ae223853990,,,,0.0752,,,,,,,,,,,,085d47c5390ce26eb4920710912d5fe0bd515a587d209de3cd55af821edb6235,,,,,,,,,,,,,,,,,,,,,,,,,,,,,,,,,,,,,,,,,,,,,,,,,,reliability_bin,10,1250,94,0.183871523617,0.12486469588,0.40791478118,0.108671523617,0.0999440313424
terminal,2018-07_to_2018-08,,,random_forest,DPG,,full,calibrated,,,,,694eba62997e3d270d27c77120f40c6032dbebfdaccd50e60da45b06ff5e4a40,,,,0.0215827338129,,,,,,,,,,,,085d47c5390ce26eb4920710912d5fe0bd515a587d209de3cd55af821edb6235,,,,,,,,,,,,,,,,,,,,,,,,,,,,,,,,,,,,,,,,,,,,,,,,,,reliability_bin,1,1251,27,0.027490256229,0.0191488091208,0.0313433229233,0.00590752241608,0.100023986568
terminal,2018-07_to_2018-08,,,random_forest,DPG,,full,calibrated,,,,,694eba62997e3d270d27c77120f40c6032dbebfdaccd50e60da45b06ff5e4a40,,,,0.0367705835332,,,,,,,,,,,,085d47c5390ce26eb4920710912d5fe0bd515a587d209de3cd55af821edb6235,,,,,,,,,,,,,,,,,,,,,,,,,,,,,,,,,,,,,,,,,,,,,,,,,,reliability_bin,2,1251,46,0.0334830879446,0.0313528612722,0.0361230086627,0.00328749558857,0.100023986568
terminal,2018-07_to_2018-08,,,random_forest,DPG,,full,calibrated,,,,,694eba62997e3d270d27c77120f40c6032dbebfdaccd50e60da45b06ff5e4a40,,,,0.0199840127898,,,,,,,,,,,,085d47c5390ce26eb4920710912d5fe0bd515a587d209de3cd55af821edb6235,,,,,,,,,,,,,,,,,,,,,,,,,,,,,,,,,,,,,,,,,,,,,,,,,,reliability_bin,3,1251,25,0.0397878362935,0.0361230086627,0.0428312695865,0.0198038235037,0.100023986568
terminal,2018-07_to_2018-08,,,random_forest,DPG,,full,calibrated,,,,,694eba62997e3d270d27c77120f40c6032dbebfdaccd50e60da45b06ff5e4a40,,,,0.0536,,,,,,,,,,,,085d47c5390ce26eb4920710912d5fe0bd515a587d209de3cd55af821edb6235,,,,,,,,,,,,,,,,,,,,,,,,,,,,,,,,,,,,,,,,,,,,,,,,,,reliability_bin,4,1250,67,0.0441755381821,0.0428321479062,0.0450249012167,0.00942446181795,0.0999440313424
terminal,2018-07_to_2018-08,,,random_forest,DPG,,full,calibrated,,,,,694eba62997e3d270d27c77120f40c6032dbebfdaccd50e60da45b06ff5e4a40,,,,0.166266986411,,,,,,,,,,,,085d47c5390ce26eb4920710912d5fe0bd515a587d209de3cd55af821edb6235,,,,,,,,,,,,,,,,,,,,,,,,,,,,,,,,,,,,,,,,,,,,,,,,,,reliability_bin,5,1251,208,0.0451516122412,0.0450268723047,0.045405279869,0.12111537417,0.100023986568
terminal,2018-07_to_2018-08,,,random_forest,DPG,,full,calibrated,,,,,694eba62997e3d270d27c77120f40c6032dbebfdaccd50e60da45b06ff5e4a40,,,,0.0215827338129,,,,,,,,,,,,085d47c5390ce26eb4920710912d5fe0bd515a587d209de3cd55af821edb6235,,,,,,,,,,,,,,,,,,,,,,,,,,,,,,,,,,,,,,,,,,,,,,,,,,reliability_bin,6,1251,27,0.0472444802186,0.0454137401809,0.0490869130973,0.0256617464056,0.100023986568
terminal,2018-07_to_2018-08,,,random_forest,DPG,,full,calibrated,,,,,694eba62997e3d270d27c77120f40c6032dbebfdaccd50e60da45b06ff5e4a40,,,,0.0176,,,,,,,,,,,,085d47c5390ce26eb4920710912d5fe0bd515a587d209de3cd55af821edb6235,,,,,,,,,,,,,,,,,,,,,,,,,,,,,,,,,,,,,,,,,,,,,,,,,,reliability_bin,7,1250,22,0.0508376570472,0.0490907879536,0.0525287776604,0.0332376570472,0.0999440313424
terminal,2018-07_to_2018-08,,,random_forest,DPG,,full,calibrated,,,,,694eba62997e3d270d27c77120f40c6032dbebfdaccd50e60da45b06ff5e4a40,,,,0.031175059952,,,,,,,,,,,,085d47c5390ce26eb4920710912d5fe0bd515a587d209de3cd55af821edb6235,,,,,,,,,,,,,,,,,,,,,,,,,,,,,,,,,,,,,,,,,,,,,,,,,,reliability_bin,8,1251,39,0.0540337255331,0.0525334354226,0.0557257944174,0.0228586655811,0.100023986568
terminal,2018-07_to_2018-08,,,random_forest,DPG,,full,calibrated,,,,,694eba62997e3d270d27c77120f40c6032dbebfdaccd50e60da45b06ff5e4a40,,,,0.0519584332534,,,,,,,,,,,,085d47c5390ce26eb4920710912d5fe0bd515a587d209de3cd55af821edb6235,,,,,,,,,,,,,,,,,,,,,,,,,,,,,,,,,,,,,,,,,,,,,,,,,,reliability_bin,9,1251,65,0.0585132512398,0.0557264348402,0.062079720952,0.00655481798643,0.100023986568
terminal,2018-07_to_2018-08,,,random_forest,DPG,,full,calibrated,,,,,694eba62997e3d270d27c77120f40c6032dbebfdaccd50e60da45b06ff5e4a40,,,,0.06,,,,,,,,,,,,085d47c5390ce26eb4920710912d5fe0bd515a587d209de3cd55af821edb6235,,,,,,,,,,,,,,,,,,,,,,,,,,,,,,,,,,,,,,,,,,,,,,,,,,reliability_bin,10,1250,75,0.0703495827615,0.0620817010808,0.0904809249302,0.0103495827615,0.0999440313424
terminal,2018-07_to_2018-08,,,random_forest,DPG,,full,raw,,,,,694eba62997e3d270d27c77120f40c6032dbebfdaccd50e60da45b06ff5e4a40,,,,0.0215827338129,,,,,,,,,,,,085d47c5390ce26eb4920710912d5fe0bd515a587d209de3cd55af821edb6235,,,,,,,,,,,,,,,,,,,,,,,,,,,,,,,,,,,,,,,,,,,,,,,,,,reliability_bin,1,1251,27,0.00416990104879,0.000809273609274,0.00703394187778,0.0174128327642,0.100023986568
terminal,2018-07_to_2018-08,,,random_forest,DPG,,full,raw,,,,,694eba62997e3d270d27c77120f40c6032dbebfdaccd50e60da45b06ff5e4a40,,,,0.0367705835332,,,,,,,,,,,,085d47c5390ce26eb4920710912d5fe0bd515a587d209de3cd55af821edb6235,,,,,,,,,,,,,,,,,,,,,,,,,,,,,,,,,,,,,,,,,,,,,,,,,,reliability_bin,2,1251,46,0.00950983398931,0.00704336454834,0.0131309787119,0.0272607495439,0.100023986568
terminal,2018-07_to_2018-08,,,random_forest,DPG,,full,raw,,,,,694eba62997e3d270d27c77120f40c6032dbebfdaccd50e60da45b06ff5e4a40,,,,0.0199840127898,,,,,,,,,,,,085d47c5390ce26eb4920710912d5fe0bd515a587d209de3cd55af821edb6235,,,,,,,,,,,,,,,,,,,,,,,,,,,,,,,,,,,,,,,,,,,,,,,,,,reliability_bin,3,1251,25,0.0204819812169,0.0131309787119,0.0276928185976,0.000497968427176,0.100023986568
terminal,2018-07_to_2018-08,,,random_forest,DPG,,full,raw,,,,,694eba62997e3d270d27c77120f40c6032dbebfdaccd50e60da45b06ff5e4a40,,,,0.0536,,,,,,,,,,,,085d47c5390ce26eb4920710912d5fe0bd515a587d209de3cd55af821edb6235,,,,,,,,,,,,,,,,,,,,,,,,,,,,,,,,,,,,,,,,,,,,,,,,,,reliability_bin,4,1250,67,0.0317246044845,0.0276952945726,0.0344137800896,0.0218753955155,0.0999440313424
terminal,2018-07_to_2018-08,,,random_forest,DPG,,full,raw,,,,,694eba62997e3d270d27c77120f40c6032dbebfdaccd50e60da45b06ff5e4a40,,,,0.166266986411,,,,,,,,,,,,085d47c5390ce26eb4920710912d5fe0bd515a587d209de3cd55af821edb6235,,,,,,,,,,,,,,,,,,,,,,,,,,,,,,,,,,,,,,,,,,,,,,,,,,reliability_bin,5,1251,208,0.0348365264414,0.0344203185153,0.0356927872491,0.131430459969,0.100023986568
terminal,2018-07_to_2018-08,,,random_forest,DPG,,full,raw,,,,,694eba62997e3d270d27c77120f40c6032dbebfdaccd50e60da45b06ff5e4a40,,,,0.0215827338129,,,,,,,,,,,,085d47c5390ce26eb4920710912d5fe0bd515a587d209de3cd55af821edb6235,,,,,,,,,,,,,,,,,,,,,,,,,,,,,,,,,,,,,,,,,,,,,,,,,,reliability_bin,6,1251,27,0.0425314785961,0.0357216305568,0.0499612113494,0.0209487447831,0.100023986568
terminal,2018-07_to_2018-08,,,random_forest,DPG,,full,raw,,,,,694eba62997e3d270d27c77120f40c6032dbebfdaccd50e60da45b06ff5e4a40,,,,0.0176,,,,,,,,,,,,085d47c5390ce26eb4920710912d5fe0bd515a587d209de3cd55af821edb6235,,,,,,,,,,,,,,,,,,,,,,,,,,,,,,,,,,,,,,,,,,,,,,,,,,reliability_bin,7,1250,22,0.0581859679013,0.0499781248906,0.0666807678611,0.0405859679013,0.0999440313424
terminal,2018-07_to_2018-08,,,random_forest,DPG,,full,raw,,,,,694eba62997e3d270d27c77120f40c6032dbebfdaccd50e60da45b06ff5e4a40,,,,0.031175059952,,,,,,,,,,,,085d47c5390ce26eb4920710912d5fe0bd515a587d209de3cd55af821edb6235,,,,,,,,,,,,,,,,,,,,,,,,,,,,,,,,,,,,,,,,,,,,,,,,,,reliability_bin,8,1251,39,0.0752273211387,0.0667057690124,0.0854308922286,0.0440522611866,0.100023986568
terminal,2018-07_to_2018-08,,,random_forest,DPG,,full,raw,,,,,694eba62997e3d270d27c77120f40c6032dbebfdaccd50e60da45b06ff5e4a40,,,,0.0519584332534,,,,,,,,,,,,085d47c5390ce26eb4920710912d5fe0bd515a587d209de3cd55af821edb6235,,,,,,,,,,,,,,,,,,,,,,,,,,,,,,,,,,,,,,,,,,,,,,,,,,reliability_bin,9,1251,65,0.105039646008,0.0854349736245,0.132580197619,0.0530812127545,0.100023986568
terminal,2018-07_to_2018-08,,,random_forest,DPG,,full,raw,,,,,694eba62997e3d270d27c77120f40c6032dbebfdaccd50e60da45b06ff5e4a40,,,,0.06,,,,,,,,,,,,085d47c5390ce26eb4920710912d5fe0bd515a587d209de3cd55af821edb6235,,,,,,,,,,,,,,,,,,,,,,,,,,,,,,,,,,,,,,,,,,,,,,,,,,reliability_bin,10,1250,75,0.21906836746,0.132596984128,0.467673274294,0.15906836746,0.0999440313424
terminal,2018-07_to_2018-08,,,random_forest,DPS,,full,calibrated,,,,,4785b9e261a56a67650e8f50f1cf4e3557bb15d1dae01987f67c031fb19b1f0a,,,,0.0191846522782,,,,,,,,,,,,085d47c5390ce26eb4920710912d5fe0bd515a587d209de3cd55af821edb6235,,,,,,,,,,,,,,,,,,,,,,,,,,,,,,,,,,,,,,,,,,,,,,,,,,reliability_bin,1,1251,24,0.0180899748647,0.00439646600081,0.0237409805769,0.00109467741347,0.100023986568
terminal,2018-07_to_2018-08,,,random_forest,DPS,,full,calibrated,,,,,4785b9e261a56a67650e8f50f1cf4e3557bb15d1dae01987f67c031fb19b1f0a,,,,0.0279776179057,,,,,,,,,,,,085d47c5390ce26eb4920710912d5fe0bd515a587d209de3cd55af821edb6235,,,,,,,,,,,,,,,,,,,,,,,,,,,,,,,,,,,,,,,,,,,,,,,,,,reliability_bin,2,1251,35,0.0275487538099,0.023743060809,0.0311378229297,0.000428864095787,0.100023986568
terminal,2018-07_to_2018-08,,,random_forest,DPS,,full,calibrated,,,,,4785b9e261a56a67650e8f50f1cf4e3557bb15d1dae01987f67c031fb19b1f0a,,,,0.0359712230216,,,,,,,,,,,,085d47c5390ce26eb4920710912d5fe0bd515a587d209de3cd55af821edb6235,,,,,,,,,,,,,,,,,,,,,,,,,,,,,,,,,,,,,,,,,,,,,,,,,,reliability_bin,3,1251,45,0.0347338386107,0.0311565754416,0.0381254085232,0.00123738441091,0.100023986568
terminal,2018-07_to_2018-08,,,random_forest,DPS,,full,calibrated,,,,,4785b9e261a56a67650e8f50f1cf4e3557bb15d1dae01987f67c031fb19b1f0a,,,,0.0432,,,,,,,,,,,,085d47c5390ce26eb4920710912d5fe0bd515a587d209de3cd55af821edb6235,,,,,,,,,,,,,,,,,,,,,,,,,,,,,,,,,,,,,,,,,,,,,,,,,,reliability_bin,4,1250,54,0.0414566106855,0.0381326536423,0.0448217650763,0.00174338931452,0.0999440313424
terminal,2018-07_to_2018-08,,,random_forest,DPS,,full,calibrated,,,,,4785b9e261a56a67650e8f50f1cf4e3557bb15d1dae01987f67c031fb19b1f0a,,,,0.048760991207,,,,,,,,,,,,085d47c5390ce26eb4920710912d5fe0bd515a587d209de3cd55af821edb6235,,,,,,,,,,,,,,,,,,,,,,,,,,,,,,,,,,,,,,,,,,,,,,,,,,reliability_bin,5,1251,61,0.0480531905893,0.0448287123235,0.051369479002,0.000707800617767,0.100023986568
terminal,2018-07_to_2018-08,,,random_forest,DPS,,full,calibrated,,,,,4785b9e261a56a67650e8f50f1cf4e3557bb15d1dae01987f67c031fb19b1f0a,,,,0.0551558752998,,,,,,,,,,,,085d47c5390ce26eb4920710912d5fe0bd515a587d209de3cd55af821edb6235,,,,,,,,,,,,,,,,,,,,,,,,,,,,,,,,,,,,,,,,,,,,,,,,,,reliability_bin,6,1251,69,0.0547452630327,0.0513839627973,0.0581043355403,0.000410612267022,0.100023986568
terminal,2018-07_to_2018-08,,,random_forest,DPS,,full,calibrated,,,,,4785b9e261a56a67650e8f50f1cf4e3557bb15d1dae01987f67c031fb19b1f0a,,,,0.0512,,,,,,,,,,,,085d47c5390ce26eb4920710912d5fe0bd515a587d209de3cd55af821edb6235,,,,,,,,,,,,,,,,,,,,,,,,,,,,,,,,,,,,,,,,,,,,,,,,,,reliability_bin,7,1250,64,0.0618779521137,0.0581112931672,0.0661801803872,0.0106779521137,0.0999440313424
terminal,2018-07_to_2018-08,,,random_forest,DPS,,full,calibrated,,,,,4785b9e261a56a67650e8f50f1cf4e3557bb15d1dae01987f67c031fb19b1f0a,,,,0.0495603517186,,,,,,,,,,,,085d47c5390ce26eb4920710912d5fe0bd515a587d209de3cd55af821edb6235,,,,,,,,,,,,,,,,,,,,,,,,,,,,,,,,,,,,,,,,,,,,,,,,,,reliability_bin,8,1251,62,0.0710463520282,0.0661829671838,0.0767890398861,0.0214860003095,0.100023986568
terminal,2018-07_to_2018-08,,,random_forest,DPS,,full,calibrated,,,,,4785b9e261a56a67650e8f50f1cf4e3557bb15d1dae01987f67c031fb19b1f0a,,,,0.0743405275779,,,,,,,,,,,,085d47c5390ce26eb4920710912d5fe0bd515a587d209de3cd55af821edb6235,,,,,,,,,,,,,,,,,,,,,,,,,,,,,,,,,,,,,,,,,,,,,,,,,,reliability_bin,9,1251,93,0.0843185747292,0.0767902381766,0.0947074123287,0.00997804715126,0.100023986568
terminal,2018-07_to_2018-08,,,random_forest,DPS,,full,calibrated,,,,,4785b9e261a56a67650e8f50f1cf4e3557bb15d1dae01987f67c031fb19b1f0a,,,,0.0752,,,,,,,,,,,,085d47c5390ce26eb4920710912d5fe0bd515a587d209de3cd55af821edb6235,,,,,,,,,,,,,,,,,,,,,,,,,,,,,,,,,,,,,,,,,,,,,,,,,,reliability_bin,10,1250,94,0.123319743186,0.0947223924205,0.371405375883,0.048119743186,0.0999440313424
terminal,2018-07_to_2018-08,,,random_forest,DPS,,full,raw,,,,,4785b9e261a56a67650e8f50f1cf4e3557bb15d1dae01987f67c031fb19b1f0a,,,,0.0191846522782,,,,,,,,,,,,085d47c5390ce26eb4920710912d5fe0bd515a587d209de3cd55af821edb6235,,,,,,,,,,,,,,,,,,,,,,,,,,,,,,,,,,,,,,,,,,,,,,,,,,reliability_bin,1,1251,24,0.0180899748647,0.00439646600081,0.0237409805769,0.00109467741347,0.100023986568
terminal,2018-07_to_2018-08,,,random_forest,DPS,,full,raw,,,,,4785b9e261a56a67650e8f50f1cf4e3557bb15d1dae01987f67c031fb19b1f0a,,,,0.0279776179057,,,,,,,,,,,,085d47c5390ce26eb4920710912d5fe0bd515a587d209de3cd55af821edb6235,,,,,,,,,,,,,,,,,,,,,,,,,,,,,,,,,,,,,,,,,,,,,,,,,,reliability_bin,2,1251,35,0.0275487538099,0.023743060809,0.0311378229297,0.000428864095787,0.100023986568
terminal,2018-07_to_2018-08,,,random_forest,DPS,,full,raw,,,,,4785b9e261a56a67650e8f50f1cf4e3557bb15d1dae01987f67c031fb19b1f0a,,,,0.0359712230216,,,,,,,,,,,,085d47c5390ce26eb4920710912d5fe0bd515a587d209de3cd55af821edb6235,,,,,,,,,,,,,,,,,,,,,,,,,,,,,,,,,,,,,,,,,,,,,,,,,,reliability_bin,3,1251,45,0.0347338386107,0.0311565754416,0.0381254085232,0.00123738441091,0.100023986568
terminal,2018-07_to_2018-08,,,random_forest,DPS,,full,raw,,,,,4785b9e261a56a67650e8f50f1cf4e3557bb15d1dae01987f67c031fb19b1f0a,,,,0.0432,,,,,,,,,,,,085d47c5390ce26eb4920710912d5fe0bd515a587d209de3cd55af821edb6235,,,,,,,,,,,,,,,,,,,,,,,,,,,,,,,,,,,,,,,,,,,,,,,,,,reliability_bin,4,1250,54,0.0414566106855,0.0381326536423,0.0448217650763,0.00174338931452,0.0999440313424
terminal,2018-07_to_2018-08,,,random_forest,DPS,,full,raw,,,,,4785b9e261a56a67650e8f50f1cf4e3557bb15d1dae01987f67c031fb19b1f0a,,,,0.048760991207,,,,,,,,,,,,085d47c5390ce26eb4920710912d5fe0bd515a587d209de3cd55af821edb6235,,,,,,,,,,,,,,,,,,,,,,,,,,,,,,,,,,,,,,,,,,,,,,,,,,reliability_bin,5,1251,61,0.0480531905893,0.0448287123235,0.051369479002,0.000707800617767,0.100023986568
terminal,2018-07_to_2018-08,,,random_forest,DPS,,full,raw,,,,,4785b9e261a56a67650e8f50f1cf4e3557bb15d1dae01987f67c031fb19b1f0a,,,,0.0551558752998,,,,,,,,,,,,085d47c5390ce26eb4920710912d5fe0bd515a587d209de3cd55af821edb6235,,,,,,,,,,,,,,,,,,,,,,,,,,,,,,,,,,,,,,,,,,,,,,,,,,reliability_bin,6,1251,69,0.0547452630327,0.0513839627973,0.0581043355403,0.000410612267022,0.100023986568
terminal,2018-07_to_2018-08,,,random_forest,DPS,,full,raw,,,,,4785b9e261a56a67650e8f50f1cf4e3557bb15d1dae01987f67c031fb19b1f0a,,,,0.0512,,,,,,,,,,,,085d47c5390ce26eb4920710912d5fe0bd515a587d209de3cd55af821edb6235,,,,,,,,,,,,,,,,,,,,,,,,,,,,,,,,,,,,,,,,,,,,,,,,,,reliability_bin,7,1250,64,0.0618779521137,0.0581112931672,0.0661801803872,0.0106779521137,0.0999440313424
terminal,2018-07_to_2018-08,,,random_forest,DPS,,full,raw,,,,,4785b9e261a56a67650e8f50f1cf4e3557bb15d1dae01987f67c031fb19b1f0a,,,,0.0495603517186,,,,,,,,,,,,085d47c5390ce26eb4920710912d5fe0bd515a587d209de3cd55af821edb6235,,,,,,,,,,,,,,,,,,,,,,,,,,,,,,,,,,,,,,,,,,,,,,,,,,reliability_bin,8,1251,62,0.0710463520282,0.0661829671838,0.0767890398861,0.0214860003095,0.100023986568
terminal,2018-07_to_2018-08,,,random_forest,DPS,,full,raw,,,,,4785b9e261a56a67650e8f50f1cf4e3557bb15d1dae01987f67c031fb19b1f0a,,,,0.0743405275779,,,,,,,,,,,,085d47c5390ce26eb4920710912d5fe0bd515a587d209de3cd55af821edb6235,,,,,,,,,,,,,,,,,,,,,,,,,,,,,,,,,,,,,,,,,,,,,,,,,,reliability_bin,9,1251,93,0.0843185747292,0.0767902381766,0.0947074123287,0.00997804715126,0.100023986568
terminal,2018-07_to_2018-08,,,random_forest,DPS,,full,raw,,,,,4785b9e261a56a67650e8f50f1cf4e3557bb15d1dae01987f67c031fb19b1f0a,,,,0.0752,,,,,,,,,,,,085d47c5390ce26eb4920710912d5fe0bd515a587d209de3cd55af821edb6235,,,,,,,,,,,,,,,,,,,,,,,,,,,,,,,,,,,,,,,,,,,,,,,,,,reliability_bin,10,1250,94,0.123319743186,0.0947223924205,0.371405375883,0.048119743186,0.0999440313424
terminal,2018-07_to_2018-08,2018-07_to_2018-08,,xgboost,DP0,,full,calibrated,calibrated,,,,0369fd846a86e5b604a24c0304d916951ef795ef50024a387e8ed9feb3704702,,,,0.0231814548361,,,,,,,,,,,,085d47c5390ce26eb4920710912d5fe0bd515a587d209de3cd55af821edb6235,xgboost,DP0,,,,,,,,,,,,,,,,,,,,,,,,,,,,,,,,,,,,,,,,,,,,,,,,reliability_bin,1,1251,29,0.069742326143,0.0679465010762,0.0701151713729,0.0465608713069,0.100023986568
terminal,2018-07_to_2018-08,2018-07_to_2018-08,,xgboost,DP0,,full,calibrated,calibrated,,,,0369fd846a86e5b604a24c0304d916951ef795ef50024a387e8ed9feb3704702,,,,0.0431654676259,,,,,,,,,,,,085d47c5390ce26eb4920710912d5fe0bd515a587d209de3cd55af821edb6235,xgboost,DP0,,,,,,,,,,,,,,,,,,,,,,,,,,,,,,,,,,,,,,,,,,,,,,,,reliability_bin,2,1251,54,0.0701151713729,0.0701151713729,0.0701151713729,0.026949703747,0.100023986568
terminal,2018-07_to_2018-08,2018-07_to_2018-08,,xgboost,DP0,,full,calibrated,calibrated,,,,0369fd846a86e5b604a24c0304d916951ef795ef50024a387e8ed9feb3704702,,,,0.0447641886491,,,,,,,,,,,,085d47c5390ce26eb4920710912d5fe0bd515a587d209de3cd55af821edb6235,xgboost,DP0,,,,,,,,,,,,,,,,,,,,,,,,,,,,,,,,,,,,,,,,,,,,,,,,reliability_bin,3,1251,56,0.0704629413909,0.0701151713729,0.0708561688662,0.0256987527418,0.100023986568
terminal,2018-07_to_2018-08,2018-07_to_2018-08,,xgboost,DP0,,full,calibrated,calibrated,,,,0369fd846a86e5b604a24c0304d916951ef795ef50024a387e8ed9feb3704702,,,,0.0256,,,,,,,,,,,,085d47c5390ce26eb4920710912d5fe0bd515a587d209de3cd55af821edb6235,xgboost,DP0,,,,,,,,,,,,,,,,,,,,,,,,,,,,,,,,,,,,,,,,,,,,,,,,reliability_bin,4,1250,32,0.0720023400486,0.0708561688662,0.0733888298273,0.0464023400486,0.0999440313424
terminal,2018-07_to_2018-08,2018-07_to_2018-08,,xgboost,DP0,,full,calibrated,calibrated,,,,0369fd846a86e5b604a24c0304d916951ef795ef50024a387e8ed9feb3704702,,,,0.0167865707434,,,,,,,,,,,,085d47c5390ce26eb4920710912d5fe0bd515a587d209de3cd55af821edb6235,xgboost,DP0,,,,,,,,,,,,,,,,,,,,,,,,,,,,,,,,,,,,,,,,,,,,,,,,reliability_bin,5,1251,21,0.0739181506798,0.0733888298273,0.0743279308081,0.0571315799364,0.100023986568
terminal,2018-07_to_2018-08,2018-07_to_2018-08,,xgboost,DP0,,full,calibrated,calibrated,,,,0369fd846a86e5b604a24c0304d916951ef795ef50024a387e8ed9feb3704702,,,,0.0263788968825,,,,,,,,,,,,085d47c5390ce26eb4920710912d5fe0bd515a587d209de3cd55af821edb6235,xgboost,DP0,,,,,,,,,,,,,,,,,,,,,,,,,,,,,,,,,,,,,,,,,,,,,,,,reliability_bin,6,1251,33,0.074431729605,0.0743279308081,0.0746788829565,0.0480528327225,0.100023986568
terminal,2018-07_to_2018-08,2018-07_to_2018-08,,xgboost,DP0,,full,calibrated,calibrated,,,,0369fd846a86e5b604a24c0304d916951ef795ef50024a387e8ed9feb3704702,,,,0.1352,,,,,,,,,,,,085d47c5390ce26eb4920710912d5fe0bd515a587d209de3cd55af821edb6235,xgboost,DP0,,,,,,,,,,,,,,,,,,,,,,,,,,,,,,,,,,,,,,,,,,,,,,,,reliability_bin,7,1250,169,0.0748997192979,0.0746788829565,0.0749321356416,0.0603002807021,0.0999440313424
terminal,2018-07_to_2018-08,2018-07_to_2018-08,,xgboost,DP0,,full,calibrated,calibrated,,,,0369fd846a86e5b604a24c0304d916951ef795ef50024a387e8ed9feb3704702,,,,0.0967226219025,,,,,,,,,,,,085d47c5390ce26eb4920710912d5fe0bd515a587d209de3cd55af821edb6235,xgboost,DP0,,,,,,,,,,,,,,,,,,,,,,,,,,,,,,,,,,,,,,,,,,,,,,,,reliability_bin,8,1251,121,0.0749805038103,0.0749321356416,0.0750494003296,0.0217421180922,0.100023986568
terminal,2018-07_to_2018-08,2018-07_to_2018-08,,xgboost,DP0,,full,calibrated,calibrated,,,,0369fd846a86e5b604a24c0304d916951ef795ef50024a387e8ed9feb3704702,,,,0.0415667466027,,,,,,,,,,,,085d47c5390ce26eb4920710912d5fe0bd515a587d209de3cd55af821edb6235,xgboost,DP0,,,,,,,,,,,,,,,,,,,,,,,,,,,,,,,,,,,,,,,,,,,,,,,,reliability_bin,9,1251,52,0.0750494003296,0.0750494003296,0.0750494003296,0.0334826537269,0.100023986568
terminal,2018-07_to_2018-08,2018-07_to_2018-08,,xgboost,DP0,,full,calibrated,calibrated,,,,0369fd846a86e5b604a24c0304d916951ef795ef50024a387e8ed9feb3704702,,,,0.0272,,,,,,,,,,,,085d47c5390ce26eb4920710912d5fe0bd515a587d209de3cd55af821edb6235,xgboost,DP0,,,,,,,,,,,,,,,,,,,,,,,,,,,,,,,,,,,,,,,,,,,,,,,,reliability_bin,10,1250,34,0.0750494003296,0.0750494003296,0.0750494003296,0.0478494003296,0.0999440313424
terminal,2018-07_to_2018-08,2018-07_to_2018-08,,xgboost,DP0,,full,raw,raw,,,,0369fd846a86e5b604a24c0304d916951ef795ef50024a387e8ed9feb3704702,,,,0.0231814548361,,,,,,,,,,,,085d47c5390ce26eb4920710912d5fe0bd515a587d209de3cd55af821edb6235,xgboost,DP0,,,,,,,,,,,,,,,,,,,,,,,,,,,,,,,,,,,,,,,,,,,,,,,,reliability_bin,1,1251,29,0.069742326143,0.0679465010762,0.0701151713729,0.0465608713069,0.100023986568
terminal,2018-07_to_2018-08,2018-07_to_2018-08,,xgboost,DP0,,full,raw,raw,,,,0369fd846a86e5b604a24c0304d916951ef795ef50024a387e8ed9feb3704702,,,,0.0431654676259,,,,,,,,,,,,085d47c5390ce26eb4920710912d5fe0bd515a587d209de3cd55af821edb6235,xgboost,DP0,,,,,,,,,,,,,,,,,,,,,,,,,,,,,,,,,,,,,,,,,,,,,,,,reliability_bin,2,1251,54,0.0701151713729,0.0701151713729,0.0701151713729,0.026949703747,0.100023986568
terminal,2018-07_to_2018-08,2018-07_to_2018-08,,xgboost,DP0,,full,raw,raw,,,,0369fd846a86e5b604a24c0304d916951ef795ef50024a387e8ed9feb3704702,,,,0.0447641886491,,,,,,,,,,,,085d47c5390ce26eb4920710912d5fe0bd515a587d209de3cd55af821edb6235,xgboost,DP0,,,,,,,,,,,,,,,,,,,,,,,,,,,,,,,,,,,,,,,,,,,,,,,,reliability_bin,3,1251,56,0.0704629413909,0.0701151713729,0.0708561688662,0.0256987527418,0.100023986568
terminal,2018-07_to_2018-08,2018-07_to_2018-08,,xgboost,DP0,,full,raw,raw,,,,0369fd846a86e5b604a24c0304d916951ef795ef50024a387e8ed9feb3704702,,,,0.0256,,,,,,,,,,,,085d47c5390ce26eb4920710912d5fe0bd515a587d209de3cd55af821edb6235,xgboost,DP0,,,,,,,,,,,,,,,,,,,,,,,,,,,,,,,,,,,,,,,,,,,,,,,,reliability_bin,4,1250,32,0.0720023400486,0.0708561688662,0.0733888298273,0.0464023400486,0.0999440313424
terminal,2018-07_to_2018-08,2018-07_to_2018-08,,xgboost,DP0,,full,raw,raw,,,,0369fd846a86e5b604a24c0304d916951ef795ef50024a387e8ed9feb3704702,,,,0.0167865707434,,,,,,,,,,,,085d47c5390ce26eb4920710912d5fe0bd515a587d209de3cd55af821edb6235,xgboost,DP0,,,,,,,,,,,,,,,,,,,,,,,,,,,,,,,,,,,,,,,,,,,,,,,,reliability_bin,5,1251,21,0.0739181506798,0.0733888298273,0.0743279308081,0.0571315799364,0.100023986568
terminal,2018-07_to_2018-08,2018-07_to_2018-08,,xgboost,DP0,,full,raw,raw,,,,0369fd846a86e5b604a24c0304d916951ef795ef50024a387e8ed9feb3704702,,,,0.0263788968825,,,,,,,,,,,,085d47c5390ce26eb4920710912d5fe0bd515a587d209de3cd55af821edb6235,xgboost,DP0,,,,,,,,,,,,,,,,,,,,,,,,,,,,,,,,,,,,,,,,,,,,,,,,reliability_bin,6,1251,33,0.074431729605,0.0743279308081,0.0746788829565,0.0480528327225,0.100023986568
terminal,2018-07_to_2018-08,2018-07_to_2018-08,,xgboost,DP0,,full,raw,raw,,,,0369fd846a86e5b604a24c0304d916951ef795ef50024a387e8ed9feb3704702,,,,0.1352,,,,,,,,,,,,085d47c5390ce26eb4920710912d5fe0bd515a587d209de3cd55af821edb6235,xgboost,DP0,,,,,,,,,,,,,,,,,,,,,,,,,,,,,,,,,,,,,,,,,,,,,,,,reliability_bin,7,1250,169,0.0748997192979,0.0746788829565,0.0749321356416,0.0603002807021,0.0999440313424
terminal,2018-07_to_2018-08,2018-07_to_2018-08,,xgboost,DP0,,full,raw,raw,,,,0369fd846a86e5b604a24c0304d916951ef795ef50024a387e8ed9feb3704702,,,,0.0967226219025,,,,,,,,,,,,085d47c5390ce26eb4920710912d5fe0bd515a587d209de3cd55af821edb6235,xgboost,DP0,,,,,,,,,,,,,,,,,,,,,,,,,,,,,,,,,,,,,,,,,,,,,,,,reliability_bin,8,1251,121,0.0749805038103,0.0749321356416,0.0750494003296,0.0217421180922,0.100023986568
terminal,2018-07_to_2018-08,2018-07_to_2018-08,,xgboost,DP0,,full,raw,raw,,,,0369fd846a86e5b604a24c0304d916951ef795ef50024a387e8ed9feb3704702,,,,0.0415667466027,,,,,,,,,,,,085d47c5390ce26eb4920710912d5fe0bd515a587d209de3cd55af821edb6235,xgboost,DP0,,,,,,,,,,,,,,,,,,,,,,,,,,,,,,,,,,,,,,,,,,,,,,,,reliability_bin,9,1251,52,0.0750494003296,0.0750494003296,0.0750494003296,0.0334826537269,0.100023986568
terminal,2018-07_to_2018-08,2018-07_to_2018-08,,xgboost,DP0,,full,raw,raw,,,,0369fd846a86e5b604a24c0304d916951ef795ef50024a387e8ed9feb3704702,,,,0.0272,,,,,,,,,,,,085d47c5390ce26eb4920710912d5fe0bd515a587d209de3cd55af821edb6235,xgboost,DP0,,,,,,,,,,,,,,,,,,,,,,,,,,,,,,,,,,,,,,,,,,,,,,,,reliability_bin,10,1250,34,0.0750494003296,0.0750494003296,0.0750494003296,0.0478494003296,0.0999440313424
terminal,2018-07_to_2018-08,2018-07_to_2018-08,,xgboost,DPB,,full,calibrated,calibrated,,,,022f76d6c5c14c3bea27b3be507d8888c7375292ea074e7b27a4c50a476db492,,,,0.0359712230216,,,,,,,,,,,,085d47c5390ce26eb4920710912d5fe0bd515a587d209de3cd55af821edb6235,xgboost,DPB,,,,,,,,,,,,,,,,,,,,,,,,,,,,,,,,,,,,,,,,,,,,,,,,reliability_bin,1,1251,45,0.0680783035741,0.0672680661082,0.0683049708605,0.0321070805526,0.100023986568
terminal,2018-07_to_2018-08,2018-07_to_2018-08,,xgboost,DPB,,full,calibrated,calibrated,,,,022f76d6c5c14c3bea27b3be507d8888c7375292ea074e7b27a4c50a476db492,,,,0.07034372502,,,,,,,,,,,,085d47c5390ce26eb4920710912d5fe0bd515a587d209de3cd55af821edb6235,xgboost,DPB,,,,,,,,,,,,,,,,,,,,,,,,,,,,,,,,,,,,,,,,,,,,,,,,reliability_bin,2,1251,88,0.0683049708605,0.0683049708605,0.0683049708605,0.0020387541595,0.100023986568
terminal,2018-07_to_2018-08,2018-07_to_2018-08,,xgboost,DPB,,full,calibrated,calibrated,,,,022f76d6c5c14c3bea27b3be507d8888c7375292ea074e7b27a4c50a476db492,,,,0.0855315747402,,,,,,,,,,,,085d47c5390ce26eb4920710912d5fe0bd515a587d209de3cd55af821edb6235,xgboost,DPB,,,,,,,,,,,,,,,,,,,,,,,,,,,,,,,,,,,,,,,,,,,,,,,,reliability_bin,3,1251,107,0.0683049708605,0.0683049708605,0.0683049708605,0.0172266038797,0.100023986568
terminal,2018-07_to_2018-08,2018-07_to_2018-08,,xgboost,DPB,,full,calibrated,calibrated,,,,022f76d6c5c14c3bea27b3be507d8888c7375292ea074e7b27a4c50a476db492,,,,0.0448,,,,,,,,,,,,085d47c5390ce26eb4920710912d5fe0bd515a587d209de3cd55af821edb6235,xgboost,DPB,,,,,,,,,,,,,,,,,,,,,,,,,,,,,,,,,,,,,,,,,,,,,,,,reliability_bin,4,1250,56,0.0685857568085,0.0683049708605,0.0691124051809,0.0237857568085,0.0999440313424
terminal,2018-07_to_2018-08,2018-07_to_2018-08,,xgboost,DPB,,full,calibrated,calibrated,,,,022f76d6c5c14c3bea27b3be507d8888c7375292ea074e7b27a4c50a476db492,,,,0.0415667466027,,,,,,,,,,,,085d47c5390ce26eb4920710912d5fe0bd515a587d209de3cd55af821edb6235,xgboost,DPB,,,,,,,,,,,,,,,,,,,,,,,,,,,,,,,,,,,,,,,,,,,,,,,,reliability_bin,5,1251,52,0.0691124051809,0.0691124051809,0.0691124051809,0.0275456585782,0.100023986568
terminal,2018-07_to_2018-08,2018-07_to_2018-08,,xgboost,DPB,,full,calibrated,calibrated,,,,022f76d6c5c14c3bea27b3be507d8888c7375292ea074e7b27a4c50a476db492,,,,0.0271782573941,,,,,,,,,,,,085d47c5390ce26eb4920710912d5fe0bd515a587d209de3cd55af821edb6235,xgboost,DPB,,,,,,,,,,,,,,,,,,,,,,,,,,,,,,,,,,,,,,,,,,,,,,,,reliability_bin,6,1251,34,0.0691620636282,0.0691124051809,0.069716796279,0.0419838062341,0.100023986568
terminal,2018-07_to_2018-08,2018-07_to_2018-08,,xgboost,DPB,,full,calibrated,calibrated,,,,022f76d6c5c14c3bea27b3be507d8888c7375292ea074e7b27a4c50a476db492,,,,0.0528,,,,,,,,,,,,085d47c5390ce26eb4920710912d5fe0bd515a587d209de3cd55af821edb6235,xgboost,DPB,,,,,,,,,,,,,,,,,,,,,,,,,,,,,,,,,,,,,,,,,,,,,,,,reliability_bin,7,1250,66,0.0708907290757,0.069716796279,0.0720690190792,0.0180907290757,0.0999440313424
terminal,2018-07_to_2018-08,2018-07_to_2018-08,,xgboost,DPB,,full,calibrated,calibrated,,,,022f76d6c5c14c3bea27b3be507d8888c7375292ea074e7b27a4c50a476db492,,,,0.0239808153477,,,,,,,,,,,,085d47c5390ce26eb4920710912d5fe0bd515a587d209de3cd55af821edb6235,xgboost,DPB,,,,,,,,,,,,,,,,,,,,,,,,,,,,,,,,,,,,,,,,,,,,,,,,reliability_bin,8,1251,30,0.0734538521877,0.0720690190792,0.0743486061692,0.04947303684,0.100023986568
terminal,2018-07_to_2018-08,2018-07_to_2018-08,,xgboost,DPB,,full,calibrated,calibrated,,,,022f76d6c5c14c3bea27b3be507d8888c7375292ea074e7b27a4c50a476db492,,,,0.0407673860911,,,,,,,,,,,,085d47c5390ce26eb4920710912d5fe0bd515a587d209de3cd55af821edb6235,xgboost,DPB,,,,,,,,,,,,,,,,,,,,,,,,,,,,,,,,,,,,,,,,,,,,,,,,reliability_bin,9,1251,51,0.0768390882084,0.0743486061692,0.0774495229125,0.0360717021173,0.100023986568
terminal,2018-07_to_2018-08,2018-07_to_2018-08,,xgboost,DPB,,full,calibrated,calibrated,,,,022f76d6c5c14c3bea27b3be507d8888c7375292ea074e7b27a4c50a476db492,,,,0.0576,,,,,,,,,,,,085d47c5390ce26eb4920710912d5fe0bd515a587d209de3cd55af821edb6235,xgboost,DPB,,,,,,,,,,,,,,,,,,,,,,,,,,,,,,,,,,,,,,,,,,,,,,,,reliability_bin,10,1250,72,0.082392865032,0.0774495229125,0.0911537334323,0.024792865032,0.0999440313424
terminal,2018-07_to_2018-08,2018-07_to_2018-08,,xgboost,DPB,,full,raw,raw,,,,022f76d6c5c14c3bea27b3be507d8888c7375292ea074e7b27a4c50a476db492,,,,0.0359712230216,,,,,,,,,,,,085d47c5390ce26eb4920710912d5fe0bd515a587d209de3cd55af821edb6235,xgboost,DPB,,,,,,,,,,,,,,,,,,,,,,,,,,,,,,,,,,,,,,,,,,,,,,,,reliability_bin,1,1251,45,0.0680783035741,0.0672680661082,0.0683049708605,0.0321070805526,0.100023986568
terminal,2018-07_to_2018-08,2018-07_to_2018-08,,xgboost,DPB,,full,raw,raw,,,,022f76d6c5c14c3bea27b3be507d8888c7375292ea074e7b27a4c50a476db492,,,,0.07034372502,,,,,,,,,,,,085d47c5390ce26eb4920710912d5fe0bd515a587d209de3cd55af821edb6235,xgboost,DPB,,,,,,,,,,,,,,,,,,,,,,,,,,,,,,,,,,,,,,,,,,,,,,,,reliability_bin,2,1251,88,0.0683049708605,0.0683049708605,0.0683049708605,0.0020387541595,0.100023986568
terminal,2018-07_to_2018-08,2018-07_to_2018-08,,xgboost,DPB,,full,raw,raw,,,,022f76d6c5c14c3bea27b3be507d8888c7375292ea074e7b27a4c50a476db492,,,,0.0855315747402,,,,,,,,,,,,085d47c5390ce26eb4920710912d5fe0bd515a587d209de3cd55af821edb6235,xgboost,DPB,,,,,,,,,,,,,,,,,,,,,,,,,,,,,,,,,,,,,,,,,,,,,,,,reliability_bin,3,1251,107,0.0683049708605,0.0683049708605,0.0683049708605,0.0172266038797,0.100023986568
terminal,2018-07_to_2018-08,2018-07_to_2018-08,,xgboost,DPB,,full,raw,raw,,,,022f76d6c5c14c3bea27b3be507d8888c7375292ea074e7b27a4c50a476db492,,,,0.0448,,,,,,,,,,,,085d47c5390ce26eb4920710912d5fe0bd515a587d209de3cd55af821edb6235,xgboost,DPB,,,,,,,,,,,,,,,,,,,,,,,,,,,,,,,,,,,,,,,,,,,,,,,,reliability_bin,4,1250,56,0.0685857568085,0.0683049708605,0.0691124051809,0.0237857568085,0.0999440313424
terminal,2018-07_to_2018-08,2018-07_to_2018-08,,xgboost,DPB,,full,raw,raw,,,,022f76d6c5c14c3bea27b3be507d8888c7375292ea074e7b27a4c50a476db492,,,,0.0415667466027,,,,,,,,,,,,085d47c5390ce26eb4920710912d5fe0bd515a587d209de3cd55af821edb6235,xgboost,DPB,,,,,,,,,,,,,,,,,,,,,,,,,,,,,,,,,,,,,,,,,,,,,,,,reliability_bin,5,1251,52,0.0691124051809,0.0691124051809,0.0691124051809,0.0275456585782,0.100023986568
terminal,2018-07_to_2018-08,2018-07_to_2018-08,,xgboost,DPB,,full,raw,raw,,,,022f76d6c5c14c3bea27b3be507d8888c7375292ea074e7b27a4c50a476db492,,,,0.0271782573941,,,,,,,,,,,,085d47c5390ce26eb4920710912d5fe0bd515a587d209de3cd55af821edb6235,xgboost,DPB,,,,,,,,,,,,,,,,,,,,,,,,,,,,,,,,,,,,,,,,,,,,,,,,reliability_bin,6,1251,34,0.0691620636282,0.0691124051809,0.069716796279,0.0419838062341,0.100023986568
terminal,2018-07_to_2018-08,2018-07_to_2018-08,,xgboost,DPB,,full,raw,raw,,,,022f76d6c5c14c3bea27b3be507d8888c7375292ea074e7b27a4c50a476db492,,,,0.0528,,,,,,,,,,,,085d47c5390ce26eb4920710912d5fe0bd515a587d209de3cd55af821edb6235,xgboost,DPB,,,,,,,,,,,,,,,,,,,,,,,,,,,,,,,,,,,,,,,,,,,,,,,,reliability_bin,7,1250,66,0.0708907290757,0.069716796279,0.0720690190792,0.0180907290757,0.0999440313424
terminal,2018-07_to_2018-08,2018-07_to_2018-08,,xgboost,DPB,,full,raw,raw,,,,022f76d6c5c14c3bea27b3be507d8888c7375292ea074e7b27a4c50a476db492,,,,0.0239808153477,,,,,,,,,,,,085d47c5390ce26eb4920710912d5fe0bd515a587d209de3cd55af821edb6235,xgboost,DPB,,,,,,,,,,,,,,,,,,,,,,,,,,,,,,,,,,,,,,,,,,,,,,,,reliability_bin,8,1251,30,0.0734538521877,0.0720690190792,0.0743486061692,0.04947303684,0.100023986568
terminal,2018-07_to_2018-08,2018-07_to_2018-08,,xgboost,DPB,,full,raw,raw,,,,022f76d6c5c14c3bea27b3be507d8888c7375292ea074e7b27a4c50a476db492,,,,0.0407673860911,,,,,,,,,,,,085d47c5390ce26eb4920710912d5fe0bd515a587d209de3cd55af821edb6235,xgboost,DPB,,,,,,,,,,,,,,,,,,,,,,,,,,,,,,,,,,,,,,,,,,,,,,,,reliability_bin,9,1251,51,0.0768390882084,0.0743486061692,0.0774495229125,0.0360717021173,0.100023986568
terminal,2018-07_to_2018-08,2018-07_to_2018-08,,xgboost,DPB,,full,raw,raw,,,,022f76d6c5c14c3bea27b3be507d8888c7375292ea074e7b27a4c50a476db492,,,,0.0576,,,,,,,,,,,,085d47c5390ce26eb4920710912d5fe0bd515a587d209de3cd55af821edb6235,xgboost,DPB,,,,,,,,,,,,,,,,,,,,,,,,,,,,,,,,,,,,,,,,,,,,,,,,reliability_bin,10,1250,72,0.082392865032,0.0774495229125,0.0911537334323,0.024792865032,0.0999440313424
terminal,2018-07_to_2018-08,2018-07_to_2018-08,,xgboost,DPG,,full,calibrated,calibrated,,,,9deff4791e0e75b3b8a4de10e8e73600dcae58e42fe816d64629f1a5c1dc2831,,,,0.0279776179057,,,,,,,,,,,,085d47c5390ce26eb4920710912d5fe0bd515a587d209de3cd55af821edb6235,xgboost,DPG,,,,,,,,,,,,,,,,,,,,,,,,,,,,,,,,,,,,,,,,,,,,,,,,reliability_bin,1,1251,35,0.0685293791856,0.0676313266158,0.0689914375544,0.0405517612799,0.100023986568
terminal,2018-07_to_2018-08,2018-07_to_2018-08,,xgboost,DPG,,full,calibrated,calibrated,,,,9deff4791e0e75b3b8a4de10e8e73600dcae58e42fe816d64629f1a5c1dc2831,,,,0.0807354116707,,,,,,,,,,,,085d47c5390ce26eb4920710912d5fe0bd515a587d209de3cd55af821edb6235,xgboost,DPG,,,,,,,,,,,,,,,,,,,,,,,,,,,,,,,,,,,,,,,,,,,,,,,,reliability_bin,2,1251,101,0.0689914375544,0.0689914375544,0.0689914375544,0.0117439741163,0.100023986568
terminal,2018-07_to_2018-08,2018-07_to_2018-08,,xgboost,DPG,,full,calibrated,calibrated,,,,9deff4791e0e75b3b8a4de10e8e73600dcae58e42fe816d64629f1a5c1dc2831,,,,0.0759392486011,,,,,,,,,,,,085d47c5390ce26eb4920710912d5fe0bd515a587d209de3cd55af821edb6235,xgboost,DPG,,,,,,,,,,,,,,,,,,,,,,,,,,,,,,,,,,,,,,,,,,,,,,,,reliability_bin,3,1251,95,0.0689914375544,0.0689914375544,0.0689914375544,0.00694781104676,0.100023986568
terminal,2018-07_to_2018-08,2018-07_to_2018-08,,xgboost,DPG,,full,calibrated,calibrated,,,,9deff4791e0e75b3b8a4de10e8e73600dcae58e42fe816d64629f1a5c1dc2831,,,,0.0816,,,,,,,,,,,,085d47c5390ce26eb4920710912d5fe0bd515a587d209de3cd55af821edb6235,xgboost,DPG,,,,,,,,,,,,,,,,,,,,,,,,,,,,,,,,,,,,,,,,,,,,,,,,reliability_bin,4,1250,102,0.0689914375544,0.0689914375544,0.0689914375544,0.0126085624456,0.0999440313424
terminal,2018-07_to_2018-08,2018-07_to_2018-08,,xgboost,DPG,,full,calibrated,calibrated,,,,9deff4791e0e75b3b8a4de10e8e73600dcae58e42fe816d64629f1a5c1dc2831,,,,0.0503597122302,,,,,,,,,,,,085d47c5390ce26eb4920710912d5fe0bd515a587d209de3cd55af821edb6235,xgboost,DPG,,,,,,,,,,,,,,,,,,,,,,,,,,,,,,,,,,,,,,,,,,,,,,,,reliability_bin,5,1251,63,0.0700249744298,0.0689914375544,0.0707797333598,0.0196652621996,0.100023986568
terminal,2018-07_to_2018-08,2018-07_to_2018-08,,xgboost,DPG,,full,calibrated,calibrated,,,,9deff4791e0e75b3b8a4de10e8e73600dcae58e42fe816d64629f1a5c1dc2831,,,,0.0319744204636,,,,,,,,,,,,085d47c5390ce26eb4920710912d5fe0bd515a587d209de3cd55af821edb6235,xgboost,DPG,,,,,,,,,,,,,,,,,,,,,,,,,,,,,,,,,,,,,,,,,,,,,,,,reliability_bin,6,1251,40,0.0707797333598,0.0707797333598,0.0707797333598,0.0388053128962,0.100023986568
terminal,2018-07_to_2018-08,2018-07_to_2018-08,,xgboost,DPG,,full,calibrated,calibrated,,,,9deff4791e0e75b3b8a4de10e8e73600dcae58e42fe816d64629f1a5c1dc2831,,,,0.0168,,,,,,,,,,,,085d47c5390ce26eb4920710912d5fe0bd515a587d209de3cd55af821edb6235,xgboost,DPG,,,,,,,,,,,,,,,,,,,,,,,,,,,,,,,,,,,,,,,,,,,,,,,,reliability_bin,7,1250,21,0.0716016686559,0.0707797333598,0.0724262967706,0.0548016686559,0.0999440313424
terminal,2018-07_to_2018-08,2018-07_to_2018-08,,xgboost,DPG,,full,calibrated,calibrated,,,,9deff4791e0e75b3b8a4de10e8e73600dcae58e42fe816d64629f1a5c1dc2831,,,,0.0159872102318,,,,,,,,,,,,085d47c5390ce26eb4920710912d5fe0bd515a587d209de3cd55af821edb6235,xgboost,DPG,,,,,,,,,,,,,,,,,,,,,,,,,,,,,,,,,,,,,,,,,,,,,,,,reliability_bin,8,1251,20,0.0740611160056,0.0724262967706,0.0754077509046,0.0580739057738,0.100023986568
terminal,2018-07_to_2018-08,2018-07_to_2018-08,,xgboost,DPG,,full,calibrated,calibrated,,,,9deff4791e0e75b3b8a4de10e8e73600dcae58e42fe816d64629f1a5c1dc2831,,,,0.0479616306954,,,,,,,,,,,,085d47c5390ce26eb4920710912d5fe0bd515a587d209de3cd55af821edb6235,xgboost,DPG,,,,,,,,,,,,,,,,,,,,,,,,,,,,,,,,,,,,,,,,,,,,,,,,reliability_bin,9,1251,60,0.0757918155117,0.0754077509046,0.079060614109,0.0278301848163,0.100023986568
terminal,2018-07_to_2018-08,2018-07_to_2018-08,,xgboost,DPG,,full,calibrated,calibrated,,,,9deff4791e0e75b3b8a4de10e8e73600dcae58e42fe816d64629f1a5c1dc2831,,,,0.0512,,,,,,,,,,,,085d47c5390ce26eb4920710912d5fe0bd515a587d209de3cd55af821edb6235,xgboost,DPG,,,,,,,,,,,,,,,,,,,,,,,,,,,,,,,,,,,,,,,,,,,,,,,,reliability_bin,10,1250,64,0.0846504678071,0.079060614109,0.0917555466294,0.0334504678071,0.0999440313424
terminal,2018-07_to_2018-08,2018-07_to_2018-08,,xgboost,DPG,,full,raw,raw,,,,9deff4791e0e75b3b8a4de10e8e73600dcae58e42fe816d64629f1a5c1dc2831,,,,0.0279776179057,,,,,,,,,,,,085d47c5390ce26eb4920710912d5fe0bd515a587d209de3cd55af821edb6235,xgboost,DPG,,,,,,,,,,,,,,,,,,,,,,,,,,,,,,,,,,,,,,,,,,,,,,,,reliability_bin,1,1251,35,0.0685293791856,0.0676313266158,0.0689914375544,0.0405517612799,0.100023986568
terminal,2018-07_to_2018-08,2018-07_to_2018-08,,xgboost,DPG,,full,raw,raw,,,,9deff4791e0e75b3b8a4de10e8e73600dcae58e42fe816d64629f1a5c1dc2831,,,,0.0807354116707,,,,,,,,,,,,085d47c5390ce26eb4920710912d5fe0bd515a587d209de3cd55af821edb6235,xgboost,DPG,,,,,,,,,,,,,,,,,,,,,,,,,,,,,,,,,,,,,,,,,,,,,,,,reliability_bin,2,1251,101,0.0689914375544,0.0689914375544,0.0689914375544,0.0117439741163,0.100023986568
terminal,2018-07_to_2018-08,2018-07_to_2018-08,,xgboost,DPG,,full,raw,raw,,,,9deff4791e0e75b3b8a4de10e8e73600dcae58e42fe816d64629f1a5c1dc2831,,,,0.0759392486011,,,,,,,,,,,,085d47c5390ce26eb4920710912d5fe0bd515a587d209de3cd55af821edb6235,xgboost,DPG,,,,,,,,,,,,,,,,,,,,,,,,,,,,,,,,,,,,,,,,,,,,,,,,reliability_bin,3,1251,95,0.0689914375544,0.0689914375544,0.0689914375544,0.00694781104676,0.100023986568
terminal,2018-07_to_2018-08,2018-07_to_2018-08,,xgboost,DPG,,full,raw,raw,,,,9deff4791e0e75b3b8a4de10e8e73600dcae58e42fe816d64629f1a5c1dc2831,,,,0.0816,,,,,,,,,,,,085d47c5390ce26eb4920710912d5fe0bd515a587d209de3cd55af821edb6235,xgboost,DPG,,,,,,,,,,,,,,,,,,,,,,,,,,,,,,,,,,,,,,,,,,,,,,,,reliability_bin,4,1250,102,0.0689914375544,0.0689914375544,0.0689914375544,0.0126085624456,0.0999440313424
terminal,2018-07_to_2018-08,2018-07_to_2018-08,,xgboost,DPG,,full,raw,raw,,,,9deff4791e0e75b3b8a4de10e8e73600dcae58e42fe816d64629f1a5c1dc2831,,,,0.0503597122302,,,,,,,,,,,,085d47c5390ce26eb4920710912d5fe0bd515a587d209de3cd55af821edb6235,xgboost,DPG,,,,,,,,,,,,,,,,,,,,,,,,,,,,,,,,,,,,,,,,,,,,,,,,reliability_bin,5,1251,63,0.0700249744298,0.0689914375544,0.0707797333598,0.0196652621996,0.100023986568
terminal,2018-07_to_2018-08,2018-07_to_2018-08,,xgboost,DPG,,full,raw,raw,,,,9deff4791e0e75b3b8a4de10e8e73600dcae58e42fe816d64629f1a5c1dc2831,,,,0.0319744204636,,,,,,,,,,,,085d47c5390ce26eb4920710912d5fe0bd515a587d209de3cd55af821edb6235,xgboost,DPG,,,,,,,,,,,,,,,,,,,,,,,,,,,,,,,,,,,,,,,,,,,,,,,,reliability_bin,6,1251,40,0.0707797333598,0.0707797333598,0.0707797333598,0.0388053128962,0.100023986568
terminal,2018-07_to_2018-08,2018-07_to_2018-08,,xgboost,DPG,,full,raw,raw,,,,9deff4791e0e75b3b8a4de10e8e73600dcae58e42fe816d64629f1a5c1dc2831,,,,0.0168,,,,,,,,,,,,085d47c5390ce26eb4920710912d5fe0bd515a587d209de3cd55af821edb6235,xgboost,DPG,,,,,,,,,,,,,,,,,,,,,,,,,,,,,,,,,,,,,,,,,,,,,,,,reliability_bin,7,1250,21,0.0716016686559,0.0707797333598,0.0724262967706,0.0548016686559,0.0999440313424
terminal,2018-07_to_2018-08,2018-07_to_2018-08,,xgboost,DPG,,full,raw,raw,,,,9deff4791e0e75b3b8a4de10e8e73600dcae58e42fe816d64629f1a5c1dc2831,,,,0.0159872102318,,,,,,,,,,,,085d47c5390ce26eb4920710912d5fe0bd515a587d209de3cd55af821edb6235,xgboost,DPG,,,,,,,,,,,,,,,,,,,,,,,,,,,,,,,,,,,,,,,,,,,,,,,,reliability_bin,8,1251,20,0.0740611160056,0.0724262967706,0.0754077509046,0.0580739057738,0.100023986568
terminal,2018-07_to_2018-08,2018-07_to_2018-08,,xgboost,DPG,,full,raw,raw,,,,9deff4791e0e75b3b8a4de10e8e73600dcae58e42fe816d64629f1a5c1dc2831,,,,0.0479616306954,,,,,,,,,,,,085d47c5390ce26eb4920710912d5fe0bd515a587d209de3cd55af821edb6235,xgboost,DPG,,,,,,,,,,,,,,,,,,,,,,,,,,,,,,,,,,,,,,,,,,,,,,,,reliability_bin,9,1251,60,0.0757918155117,0.0754077509046,0.079060614109,0.0278301848163,0.100023986568
terminal,2018-07_to_2018-08,2018-07_to_2018-08,,xgboost,DPG,,full,raw,raw,,,,9deff4791e0e75b3b8a4de10e8e73600dcae58e42fe816d64629f1a5c1dc2831,,,,0.0512,,,,,,,,,,,,085d47c5390ce26eb4920710912d5fe0bd515a587d209de3cd55af821edb6235,xgboost,DPG,,,,,,,,,,,,,,,,,,,,,,,,,,,,,,,,,,,,,,,,,,,,,,,,reliability_bin,10,1250,64,0.0846504678071,0.079060614109,0.0917555466294,0.0334504678071,0.0999440313424
terminal,2018-07_to_2018-08,2018-07_to_2018-08,,xgboost,DPS,,full,calibrated,calibrated,,,,1eb5b5c6ba4c7472fd65242a3e52157db43ff33dacf5102283e826bfef2b22dd,,,,0.0519584332534,,,,,,,,,,,,085d47c5390ce26eb4920710912d5fe0bd515a587d209de3cd55af821edb6235,xgboost,DPS,,,,,,,,,,,,,,,,,,,,,,,,,,,,,,,,,,,,,,,,,,,,,,,,reliability_bin,1,1251,65,0.069597288722,0.0674860775471,0.0700284168124,0.0176388554686,0.100023986568
terminal,2018-07_to_2018-08,2018-07_to_2018-08,,xgboost,DPS,,full,calibrated,calibrated,,,,1eb5b5c6ba4c7472fd65242a3e52157db43ff33dacf5102283e826bfef2b22dd,,,,0.052757793765,,,,,,,,,,,,085d47c5390ce26eb4920710912d5fe0bd515a587d209de3cd55af821edb6235,xgboost,DPS,,,,,,,,,,,,,,,,,,,,,,,,,,,,,,,,,,,,,,,,,,,,,,,,reliability_bin,2,1251,66,0.0701329623171,0.0700284168124,0.0709049999714,0.0173751685521,0.100023986568
terminal,2018-07_to_2018-08,2018-07_to_2018-08,,xgboost,DPS,,full,calibrated,calibrated,,,,1eb5b5c6ba4c7472fd65242a3e52157db43ff33dacf5102283e826bfef2b22dd,,,,0.013589128697,,,,,,,,,,,,085d47c5390ce26eb4920710912d5fe0bd515a587d209de3cd55af821edb6235,xgboost,DPS,,,,,,,,,,,,,,,,,,,,,,,,,,,,,,,,,,,,,,,,,,,,,,,,reliability_bin,3,1251,17,0.0709049999714,0.0709049999714,0.0709049999714,0.0573158712743,0.100023986568
terminal,2018-07_to_2018-08,2018-07_to_2018-08,,xgboost,DPS,,full,calibrated,calibrated,,,,1eb5b5c6ba4c7472fd65242a3e52157db43ff33dacf5102283e826bfef2b22dd,,,,0.0824,,,,,,,,,,,,085d47c5390ce26eb4920710912d5fe0bd515a587d209de3cd55af821edb6235,xgboost,DPS,,,,,,,,,,,,,,,,,,,,,,,,,,,,,,,,,,,,,,,,,,,,,,,,reliability_bin,4,1250,103,0.0711817706943,0.0709049999714,0.0712012797594,0.0112182293057,0.0999440313424
terminal,2018-07_to_2018-08,2018-07_to_2018-08,,xgboost,DPS,,full,calibrated,calibrated,,,,1eb5b5c6ba4c7472fd65242a3e52157db43ff33dacf5102283e826bfef2b22dd,,,,0.0687450039968,,,,,,,,,,,,085d47c5390ce26eb4920710912d5fe0bd515a587d209de3cd55af821edb6235,xgboost,DPS,,,,,,,,,,,,,,,,,,,,,,,,,,,,,,,,,,,,,,,,,,,,,,,,reliability_bin,5,1251,86,0.0714007217071,0.0712012797594,0.0717962086201,0.00265571771027,0.100023986568
terminal,2018-07_to_2018-08,2018-07_to_2018-08,,xgboost,DPS,,full,calibrated,calibrated,,,,1eb5b5c6ba4c7472fd65242a3e52157db43ff33dacf5102283e826bfef2b22dd,,,,0.0463629096723,,,,,,,,,,,,085d47c5390ce26eb4920710912d5fe0bd515a587d209de3cd55af821edb6235,xgboost,DPS,,,,,,,,,,,,,,,,,,,,,,,,,,,,,,,,,,,,,,,,,,,,,,,,reliability_bin,6,1251,58,0.0719756991696,0.0717962086201,0.0720914080739,0.0256127894973,0.100023986568
terminal,2018-07_to_2018-08,2018-07_to_2018-08,,xgboost,DPS,,full,calibrated,calibrated,,,,1eb5b5c6ba4c7472fd65242a3e52157db43ff33dacf5102283e826bfef2b22dd,,,,0.0328,,,,,,,,,,,,085d47c5390ce26eb4920710912d5fe0bd515a587d209de3cd55af821edb6235,xgboost,DPS,,,,,,,,,,,,,,,,,,,,,,,,,,,,,,,,,,,,,,,,,,,,,,,,reliability_bin,7,1250,41,0.072109800458,0.0720914080739,0.0722538679838,0.039309800458,0.0999440313424
terminal,2018-07_to_2018-08,2018-07_to_2018-08,,xgboost,DPS,,full,calibrated,calibrated,,,,1eb5b5c6ba4c7472fd65242a3e52157db43ff33dacf5102283e826bfef2b22dd,,,,0.0263788968825,,,,,,,,,,,,085d47c5390ce26eb4920710912d5fe0bd515a587d209de3cd55af821edb6235,xgboost,DPS,,,,,,,,,,,,,,,,,,,,,,,,,,,,,,,,,,,,,,,,,,,,,,,,reliability_bin,8,1251,33,0.0734773075743,0.0722538679838,0.0739715397358,0.0470984106918,0.100023986568
terminal,2018-07_to_2018-08,2018-07_to_2018-08,,xgboost,DPS,,full,calibrated,calibrated,,,,1eb5b5c6ba4c7472fd65242a3e52157db43ff33dacf5102283e826bfef2b22dd,,,,0.0431654676259,,,,,,,,,,,,085d47c5390ce26eb4920710912d5fe0bd515a587d209de3cd55af821edb6235,xgboost,DPS,,,,,,,,,,,,,,,,,,,,,,,,,,,,,,,,,,,,,,,,,,,,,,,,reliability_bin,9,1251,54,0.0742972314262,0.0739715397358,0.0746754035354,0.0311317638003,0.100023986568
terminal,2018-07_to_2018-08,2018-07_to_2018-08,,xgboost,DPS,,full,calibrated,calibrated,,,,1eb5b5c6ba4c7472fd65242a3e52157db43ff33dacf5102283e826bfef2b22dd,,,,0.0624,,,,,,,,,,,,085d47c5390ce26eb4920710912d5fe0bd515a587d209de3cd55af821edb6235,xgboost,DPS,,,,,,,,,,,,,,,,,,,,,,,,,,,,,,,,,,,,,,,,,,,,,,,,reliability_bin,10,1250,78,0.0768263744235,0.0746754035354,0.0807441398501,0.0144263744235,0.0999440313424
terminal,2018-07_to_2018-08,2018-07_to_2018-08,,xgboost,DPS,,full,raw,raw,,,,1eb5b5c6ba4c7472fd65242a3e52157db43ff33dacf5102283e826bfef2b22dd,,,,0.0519584332534,,,,,,,,,,,,085d47c5390ce26eb4920710912d5fe0bd515a587d209de3cd55af821edb6235,xgboost,DPS,,,,,,,,,,,,,,,,,,,,,,,,,,,,,,,,,,,,,,,,,,,,,,,,reliability_bin,1,1251,65,0.069597288722,0.0674860775471,0.0700284168124,0.0176388554686,0.100023986568
terminal,2018-07_to_2018-08,2018-07_to_2018-08,,xgboost,DPS,,full,raw,raw,,,,1eb5b5c6ba4c7472fd65242a3e52157db43ff33dacf5102283e826bfef2b22dd,,,,0.052757793765,,,,,,,,,,,,085d47c5390ce26eb4920710912d5fe0bd515a587d209de3cd55af821edb6235,xgboost,DPS,,,,,,,,,,,,,,,,,,,,,,,,,,,,,,,,,,,,,,,,,,,,,,,,reliability_bin,2,1251,66,0.0701329623171,0.0700284168124,0.0709049999714,0.0173751685521,0.100023986568
terminal,2018-07_to_2018-08,2018-07_to_2018-08,,xgboost,DPS,,full,raw,raw,,,,1eb5b5c6ba4c7472fd65242a3e52157db43ff33dacf5102283e826bfef2b22dd,,,,0.013589128697,,,,,,,,,,,,085d47c5390ce26eb4920710912d5fe0bd515a587d209de3cd55af821edb6235,xgboost,DPS,,,,,,,,,,,,,,,,,,,,,,,,,,,,,,,,,,,,,,,,,,,,,,,,reliability_bin,3,1251,17,0.0709049999714,0.0709049999714,0.0709049999714,0.0573158712743,0.100023986568
terminal,2018-07_to_2018-08,2018-07_to_2018-08,,xgboost,DPS,,full,raw,raw,,,,1eb5b5c6ba4c7472fd65242a3e52157db43ff33dacf5102283e826bfef2b22dd,,,,0.0824,,,,,,,,,,,,085d47c5390ce26eb4920710912d5fe0bd515a587d209de3cd55af821edb6235,xgboost,DPS,,,,,,,,,,,,,,,,,,,,,,,,,,,,,,,,,,,,,,,,,,,,,,,,reliability_bin,4,1250,103,0.0711817706943,0.0709049999714,0.0712012797594,0.0112182293057,0.0999440313424
terminal,2018-07_to_2018-08,2018-07_to_2018-08,,xgboost,DPS,,full,raw,raw,,,,1eb5b5c6ba4c7472fd65242a3e52157db43ff33dacf5102283e826bfef2b22dd,,,,0.0687450039968,,,,,,,,,,,,085d47c5390ce26eb4920710912d5fe0bd515a587d209de3cd55af821edb6235,xgboost,DPS,,,,,,,,,,,,,,,,,,,,,,,,,,,,,,,,,,,,,,,,,,,,,,,,reliability_bin,5,1251,86,0.0714007217071,0.0712012797594,0.0717962086201,0.00265571771027,0.100023986568
terminal,2018-07_to_2018-08,2018-07_to_2018-08,,xgboost,DPS,,full,raw,raw,,,,1eb5b5c6ba4c7472fd65242a3e52157db43ff33dacf5102283e826bfef2b22dd,,,,0.0463629096723,,,,,,,,,,,,085d47c5390ce26eb4920710912d5fe0bd515a587d209de3cd55af821edb6235,xgboost,DPS,,,,,,,,,,,,,,,,,,,,,,,,,,,,,,,,,,,,,,,,,,,,,,,,reliability_bin,6,1251,58,0.0719756991696,0.0717962086201,0.0720914080739,0.0256127894973,0.100023986568
terminal,2018-07_to_2018-08,2018-07_to_2018-08,,xgboost,DPS,,full,raw,raw,,,,1eb5b5c6ba4c7472fd65242a3e52157db43ff33dacf5102283e826bfef2b22dd,,,,0.0328,,,,,,,,,,,,085d47c5390ce26eb4920710912d5fe0bd515a587d209de3cd55af821edb6235,xgboost,DPS,,,,,,,,,,,,,,,,,,,,,,,,,,,,,,,,,,,,,,,,,,,,,,,,reliability_bin,7,1250,41,0.072109800458,0.0720914080739,0.0722538679838,0.039309800458,0.0999440313424
terminal,2018-07_to_2018-08,2018-07_to_2018-08,,xgboost,DPS,,full,raw,raw,,,,1eb5b5c6ba4c7472fd65242a3e52157db43ff33dacf5102283e826bfef2b22dd,,,,0.0263788968825,,,,,,,,,,,,085d47c5390ce26eb4920710912d5fe0bd515a587d209de3cd55af821edb6235,xgboost,DPS,,,,,,,,,,,,,,,,,,,,,,,,,,,,,,,,,,,,,,,,,,,,,,,,reliability_bin,8,1251,33,0.0734773075743,0.0722538679838,0.0739715397358,0.0470984106918,0.100023986568
terminal,2018-07_to_2018-08,2018-07_to_2018-08,,xgboost,DPS,,full,raw,raw,,,,1eb5b5c6ba4c7472fd65242a3e52157db43ff33dacf5102283e826bfef2b22dd,,,,0.0431654676259,,,,,,,,,,,,085d47c5390ce26eb4920710912d5fe0bd515a587d209de3cd55af821edb6235,xgboost,DPS,,,,,,,,,,,,,,,,,,,,,,,,,,,,,,,,,,,,,,,,,,,,,,,,reliability_bin,9,1251,54,0.0742972314262,0.0739715397358,0.0746754035354,0.0311317638003,0.100023986568
terminal,2018-07_to_2018-08,2018-07_to_2018-08,,xgboost,DPS,,full,raw,raw,,,,1eb5b5c6ba4c7472fd65242a3e52157db43ff33dacf5102283e826bfef2b22dd,,,,0.0624,,,,,,,,,,,,085d47c5390ce26eb4920710912d5fe0bd515a587d209de3cd55af821edb6235,xgboost,DPS,,,,,,,,,,,,,,,,,,,,,,,,,,,,,,,,,,,,,,,,,,,,,,,,reliability_bin,10,1250,78,0.0768263744235,0.0746754035354,0.0807441398501,0.0144263744235,0.0999440313424
