period,cohort,cohort_month,origin,family,model_id,model_name,quantile,representation,n_train_breaches,train_order_id_sha256,fitted_model_sha256,model_hash_type,unconditional_training_quantile,unconditional_reference_loss,baseline_pinball_loss,dq0_reference_loss,skill,skill_vs_dq0,skill_vs_unconditional,nominal_coverage,order_id_sha256,n_orders,pinball_loss,empirical_coverage,coverage_error,median_prediction,mean_prediction,median_actual,mean_actual,mean_exceedance,p90_absolute_error,model_family,specification,n_obs,coverage,comparison,reference_model,reference_specification,later_month_count,primary_evidence_available,median_skill,favourable_month_count,high_support_guard_available,high_support_median_skill,high_support_favourable_month_count,support_ge20_gain_present,high_support_guard,gain_only_low_support,coverage_guard_available,median_absolute_coverage_error_deterioration,coverage_not_materially_worse,coverage_materially_worse,all_guards_available,all_guards_pass,evidence_status,evidence_label,evidence_reason,constituent_fitted_model_count,delta_pinball_loss
aggregate,later_pooled,later_pooled,,linear_quantile,DQB,Promise + both profile blocks,0.5,full,,multiple_expanding_training_sets,9a8729e2f717fcbd48024086394a729512f662c2809248199ad383a2724c67dc,composite_fitted_models,,3.59792924935,3.54264722776,3.54264722776,0.00338555681427,0.00338555681427,0.0186984930479,0.5,118782cfc610a9028878d750598e5fe92f9ee67f521716c506bc37135f89b805,3477,3.5306533943,0.452976704055,-0.0470232959448,6.55428769344,6.53697543535,7,10.6450963474,10.2092797359,16.1911898779,linear_quantile,DQB,3477,0.452976704055,DQB-DQ0,DQ0,DQ0,6,True,-0.00174129588923,2,True,-0.00465990824144,3,False,False,True,True,0.0119368318344,True,False,True,False,Not-supported,Not-supported,nonpositive_median_skill_or_fewer_than_four_favourable_months,6,-0.0119938334625
aggregate,later_pooled,later_pooled,,linear_quantile,DQB,Promise + both profile blocks,0.9,full,,multiple_expanding_training_sets,208190dc3effda69473b3df1a6167014b87d7b82f9373af139c34c37eb8f628f,composite_fitted_models,,2.76583261432,2.7434877727,2.7434877727,-0.0049864029185,-0.0049864029185,0.00313276593211,0.9,118782cfc610a9028878d750598e5fe92f9ee67f521716c506bc37135f89b805,3477,2.75716790813,0.870865688812,-0.0291343111878,20.7131578614,20.3721768057,7,10.6450963474,13.818634613,19.4604791906,linear_quantile,DQB,3477,0.870865688812,DQB-DQ0,DQ0,DQ0,6,True,-0.00513196219554,1,True,-0.00467413404641,2,False,False,True,True,0.00649359815921,True,False,True,False,Not-supported,Not-supported,nonpositive_median_skill_or_fewer_than_four_favourable_months,6,0.0136801354367
aggregate,later_pooled,later_pooled,,linear_quantile,DQG,Promise + state-OD profiles,0.5,full,,multiple_expanding_training_sets,e39e8671c161cbdec6cba54b627320b3492bf12eacb0d9c7713599748b1532d8,composite_fitted_models,,3.59792924935,3.54264722776,3.54264722776,0.000305762731997,0.000305762731997,0.0156660198636,0.5,118782cfc610a9028878d750598e5fe92f9ee67f521716c506bc37135f89b805,3477,3.54156401826,0.452401495542,-0.0475985044579,6.5176300209,6.42420666417,7,10.6450963474,10.3214468518,16.4489043162,linear_quantile,DQG,3477,0.452401495542,DQG-DQ0,DQ0,DQ0,6,True,-0.00502930204561,3,True,-0.00443833023516,3,False,False,True,True,0.0201086034278,True,False,True,False,Not-supported,Not-supported,nonpositive_median_skill_or_fewer_than_four_favourable_months,6,-0.00108320949486
aggregate,later_pooled,later_pooled,,linear_quantile,DQG,Promise + state-OD profiles,0.9,full,,multiple_expanding_training_sets,9de260b4d7ad064788b1c6177e760bb98d6da7bbdfd300e8b74fa18286e1d8df,composite_fitted_models,,2.76583261432,2.7434877727,2.7434877727,-0.00414122253007,-0.00414122253007,0.00397111820599,0.9,118782cfc610a9028878d750598e5fe92f9ee67f521716c506bc37135f89b805,3477,2.75484916607,0.87517975266,-0.0248202473397,21,20.4826848758,7,10.6450963474,14.1891267722,20,linear_quantile,DQG,3477,0.87517975266,DQG-DQ0,DQ0,DQ0,6,True,-0.00250912580818,3,True,-0.00192141993833,3,False,False,True,True,0.00439664202777,True,False,True,False,Not-supported,Not-supported,nonpositive_median_skill_or_fewer_than_four_favourable_months,6,0.0113613933753
aggregate,later_pooled,later_pooled,,linear_quantile,DQS,Promise + seller profiles,0.5,full,,multiple_expanding_training_sets,55f06b2107d33f2019fc9511eab0b3cd1311fb18242e0eaa02d27baa53436490,composite_fitted_models,,3.59792924935,3.54264722776,3.54264722776,-0.000590484412013,-0.000590484412013,0.0147835435168,0.5,118782cfc610a9028878d750598e5fe92f9ee67f521716c506bc37135f89b805,3477,3.54473910572,0.437446074202,-0.0625539257981,6.22281412223,6.27399607365,7,10.6450963474,10.1862043438,16.601372306,linear_quantile,DQS,3477,0.437446074202,DQS-DQ0,DQ0,DQ0,6,True,0.000519832297006,3,True,-0.00279893963735,2,False,False,True,True,0.00107991360691,True,False,True,False,Not-supported,Not-supported,nonpositive_median_skill_or_fewer_than_four_favourable_months,6,0.00209187796525
aggregate,later_pooled,later_pooled,,linear_quantile,DQS,Promise + seller profiles,0.9,full,,multiple_expanding_training_sets,59f52570d11ac0d68b753bb8ebf065d4c876cd2a7a6fb16e671e5deb3785d353,composite_fitted_models,,2.76583261432,2.7434877727,2.7434877727,-0.00147458207781,-0.00147458207781,0.00661621517862,0.9,118782cfc610a9028878d750598e5fe92f9ee67f521716c506bc37135f89b805,3477,2.7475332706,0.872878918608,-0.027121081392,20.8063164838,20.5261276581,7,10.6450963474,13.8405850569,19.514558344,linear_quantile,DQS,3477,0.872878918608,DQS-DQ0,DQ0,DQ0,6,True,-0.00243285667054,1,True,-0.00562775234751,1,False,False,True,True,0,True,False,True,False,Not-supported,Not-supported,nonpositive_median_skill_or_fewer_than_four_favourable_months,6,0.00404549790031
aggregate,later_pooled,later_pooled,,lognormal_ridge,DQB,Promise + both profile blocks,0.5,full,,multiple_expanding_training_sets,c9a348c6e5217bac453147ae7fd1791756b2a70450875902792f4b92b936d600,composite_fitted_models,,3.59792924935,3.58920145457,3.58920145457,0.00166225413861,0.00166225413861,0.00408400464111,0.5,118782cfc610a9028878d750598e5fe92f9ee67f521716c506bc37135f89b805,3477,3.5832352896,0.408685648548,-0.0913143514524,5.73918815056,5.82859724345,7,10.6450963474,10.1324867676,17.062066575,lognormal_ridge,DQB,3477,0.408685648548,DQB-DQ0,DQ0,DQ0,6,True,-0.00310524681375,3,True,-0.00832253844491,2,False,False,True,True,0.0023020120183,True,False,True,False,Not-supported,Not-supported,nonpositive_median_skill_or_fewer_than_four_favourable_months,6,-0.00596616497215
aggregate,later_pooled,later_pooled,,lognormal_ridge,DQB,Promise + both profile blocks,0.9,full,,multiple_expanding_training_sets,c9a348c6e5217bac453147ae7fd1791756b2a70450875902792f4b92b936d600,composite_fitted_models,,2.76583261432,2.71371702906,2.71371702906,0.00660525765199,0.00660525765199,0.0253234360849,0.9,118782cfc610a9028878d750598e5fe92f9ee67f521716c506bc37135f89b805,3477,2.69579222889,0.884670693126,-0.0153293068737,21.3305692236,21.602095173,7,10.6450963474,13.8741174269,21.7098775398,lognormal_ridge,DQB,3477,0.884670693126,DQB-DQ0,DQ0,DQ0,6,True,-0.00285088634486,3,True,-0.00534709363048,2,False,False,True,True,-0.00236936296064,True,False,True,False,Not-supported,Not-supported,nonpositive_median_skill_or_fewer_than_four_favourable_months,6,-0.0179248001716
aggregate,later_pooled,later_pooled,,lognormal_ridge,DQG,Promise + state-OD profiles,0.5,full,,multiple_expanding_training_sets,95414babceb0d5bb54b4d8800832ca30244c5c7ccd9b87c079bdbceb5704e85f,composite_fitted_models,,3.59792924935,3.58920145457,3.58920145457,0.000582701015644,0.000582701015644,0.00300707027952,0.5,118782cfc610a9028878d750598e5fe92f9ee67f521716c506bc37135f89b805,3477,3.58711002324,0.406384814495,-0.0936151855047,5.73409600252,5.80616681612,7,10.6450963474,10.118633983,17.0338562925,lognormal_ridge,DQG,3477,0.406384814495,DQG-DQ0,DQ0,DQ0,6,True,-0.00515987974753,1,True,-0.0057986325913,1,False,False,True,True,0.0149488800272,True,False,True,False,Not-supported,Not-supported,nonpositive_median_skill_or_fewer_than_four_favourable_months,6,-0.00209143133293
aggregate,later_pooled,later_pooled,,lognormal_ridge,DQG,Promise + state-OD profiles,0.9,full,,multiple_expanding_training_sets,95414babceb0d5bb54b4d8800832ca30244c5c7ccd9b87c079bdbceb5704e85f,composite_fitted_models,,2.76583261432,2.71371702906,2.71371702906,0.00899335195592,0.00899335195592,0.0276665323902,0.9,118782cfc610a9028878d750598e5fe92f9ee67f521716c506bc37135f89b805,3477,2.68931161671,0.885245901639,-0.0147540983607,21.4163189524,21.6005975285,7,10.6450963474,13.8884930593,21.4587261991,lognormal_ridge,DQG,3477,0.885245901639,DQG-DQ0,DQ0,DQ0,6,True,0.00197958322708,4,True,0.00419513964845,4,True,True,False,True,-0.00112866817156,True,False,True,True,Supported,Supported,positive_median_four_months_support_and_coverage_guards_pass,6,-0.0244054123511
aggregate,later_pooled,later_pooled,,lognormal_ridge,DQS,Promise + seller profiles,0.5,full,,multiple_expanding_training_sets,668943387fc8301f0e58723841bddbb7016d2c345ef6c6ee88b5824fd5747850,composite_fitted_models,,3.59792924935,3.58920145457,3.58920145457,-6.14485639741e-05,-6.14485639741e-05,0.00236448326685,0.5,118782cfc610a9028878d750598e5fe92f9ee67f521716c506bc37135f89b805,3477,3.58942200585,0.40350877193,-0.0964912280702,5.60887991095,5.69324050765,7,10.6450963474,10.1683807578,17.0357774299,lognormal_ridge,DQS,3477,0.40350877193,DQS-DQ0,DQ0,DQ0,6,True,0.00136094074254,3,True,-0.00363194268387,2,False,False,True,True,0.00242248692394,True,False,True,False,Not-supported,Not-supported,nonpositive_median_skill_or_fewer_than_four_favourable_months,6,0.000220551275197
aggregate,later_pooled,later_pooled,,lognormal_ridge,DQS,Promise + seller profiles,0.9,full,,multiple_expanding_training_sets,668943387fc8301f0e58723841bddbb7016d2c345ef6c6ee88b5824fd5747850,composite_fitted_models,,2.76583261432,2.71371702906,2.71371702906,-0.00127942477897,-0.00127942477897,0.017587321878,0.9,118782cfc610a9028878d750598e5fe92f9ee67f521716c506bc37135f89b805,3477,2.71718902587,0.881219442048,-0.0187805579523,20.9293899321,21.2279264638,7,10.6450963474,13.9661409479,20.5672959907,lognormal_ridge,DQS,3477,0.881219442048,DQS-DQ0,DQ0,DQ0,6,True,-0.00290758792723,2,True,-0.00390278023085,2,False,False,True,True,0.00312589450675,True,False,True,False,Not-supported,Not-supported,nonpositive_median_skill_or_fewer_than_four_favourable_months,6,0.00347199681011
aggregate,later_pooled,later_pooled,,random_forest_leaf_weighted_quantile,DQB,Promise + both profile blocks,0.5,full,,multiple_expanding_training_sets,bc30829adb8806a781912959b8a8a3bac29167ef0af328aba5a4ceb0df10aca9,composite_fitted_models,,3.59792924935,3.60396893874,3.60396893874,0.00458862022185,0.00458862022185,0.00291766586731,0.5,118782cfc610a9028878d750598e5fe92f9ee67f521716c506bc37135f89b805,3477,3.58743169399,0.455277538108,-0.0447224618924,6,6.07650273224,7,10.6450963474,10.7793030623,17,random_forest_leaf_weighted_quantile,DQB,3477,0.455277538108,DQB-DQ0,DQ0,DQ0,6,True,0.00714874448574,4,True,0.00219154065308,4,True,True,False,True,0.0295212540302,True,False,True,True,Supported,Supported,positive_median_four_months_support_and_coverage_guards_pass,6,-0.0165372447512
aggregate,later_pooled,later_pooled,,random_forest_leaf_weighted_quantile,DQB,Promise + both profile blocks,0.9,full,,multiple_expanding_training_sets,bc30829adb8806a781912959b8a8a3bac29167ef0af328aba5a4ceb0df10aca9,composite_fitted_models,,2.76583261432,2.97172850158,2.97172850158,0.0490481674683,0.0490481674683,-0.021743199401,0.9,118782cfc610a9028878d750598e5fe92f9ee67f521716c506bc37135f89b805,3477,2.82597066437,0.845556514236,-0.0544434857636,18,18.6775956284,7,10.6450963474,13.0968342644,20,random_forest_leaf_weighted_quantile,DQB,3477,0.845556514236,DQB-DQ0,DQ0,DQ0,6,True,0.0482986236869,5,True,0.025024656592,4,True,True,False,True,0.0172347055609,True,False,True,True,Supported,Supported,positive_median_four_months_support_and_coverage_guards_pass,6,-0.145757837216
aggregate,later_pooled,later_pooled,,random_forest_leaf_weighted_quantile,DQG,Promise + state-OD profiles,0.5,full,,multiple_expanding_training_sets,a61eb8936bd74b7949996c8ea87b49f154117663f388e0cf9750e090a2d3ab60,composite_fitted_models,,3.59792924935,3.60396893874,3.60396893874,-0.0059452557657,-0.0059452557657,-0.00763389288569,0.5,118782cfc610a9028878d750598e5fe92f9ee67f521716c506bc37135f89b805,3477,3.62539545585,0.443773367846,-0.0562266321542,6,5.88323267184,7,10.6450963474,10.7983453981,17,random_forest_leaf_weighted_quantile,DQG,3477,0.443773367846,DQG-DQ0,DQ0,DQ0,6,True,-0.00395175137805,2,True,-0.00273863255938,3,False,False,True,True,0.0427068073784,True,False,True,False,Not-supported,Not-supported,nonpositive_median_skill_or_fewer_than_four_favourable_months,6,0.0214265171125
aggregate,later_pooled,later_pooled,,random_forest_leaf_weighted_quantile,DQG,Promise + state-OD profiles,0.9,full,,multiple_expanding_training_sets,a61eb8936bd74b7949996c8ea87b49f154117663f388e0cf9750e090a2d3ab60,composite_fitted_models,,2.76583261432,2.97172850158,2.97172850158,0.0221239366284,0.0221239366284,-0.0506717411197,0.9,118782cfc610a9028878d750598e5fe92f9ee67f521716c506bc37135f89b805,3477,2.90598216854,0.830601092896,-0.0693989071038,18,18.3186655162,7,10.6450963474,12.6247877759,22,random_forest_leaf_weighted_quantile,DQG,3477,0.830601092896,DQG-DQ0,DQ0,DQ0,6,True,0.0115657390639,4,True,-0.00106974430355,3,False,False,True,True,0.0312415009927,False,True,True,False,Not-supported,Not-supported,gain_confined_to_lower_support_orders,6,-0.0657463330457
aggregate,later_pooled,later_pooled,,random_forest_leaf_weighted_quantile,DQS,Promise + seller profiles,0.5,full,,multiple_expanding_training_sets,8dd4944df7497b87100291a19d2ea1db106d897d4860737145abcba78afb8905,composite_fitted_models,,3.59792924935,3.60396893874,3.60396893874,0.0144042773921,0.0144042773921,0.0127498001599,0.5,118782cfc610a9028878d750598e5fe92f9ee67f521716c506bc37135f89b805,3477,3.55205637043,0.461029623238,-0.0389703767616,6,6.11791774518,7,10.6450963474,10.7902881537,17,random_forest_leaf_weighted_quantile,DQS,3477,0.461029623238,DQS-DQ0,DQ0,DQ0,6,True,0.0154878362616,6,True,0.0139352724661,6,True,True,False,True,0.0110967628614,True,False,True,True,Supported,Supported,positive_median_four_months_support_and_coverage_guards_pass,6,-0.051912568306
aggregate,later_pooled,later_pooled,,random_forest_leaf_weighted_quantile,DQS,Promise + seller profiles,0.9,full,,multiple_expanding_training_sets,8dd4944df7497b87100291a19d2ea1db106d897d4860737145abcba78afb8905,composite_fitted_models,,2.76583261432,2.97172850158,2.97172850158,0.0667105403234,0.0667105403234,-0.00276599284585,0.9,118782cfc610a9028878d750598e5fe92f9ee67f521716c506bc37135f89b805,3477,2.77348288755,0.864538395168,-0.0354616048318,20,19.7863100374,7,10.6450963474,13.7261146497,20,random_forest_leaf_weighted_quantile,DQS,3477,0.864538395168,DQS-DQ0,DQ0,DQ0,6,True,0.0627893466798,6,True,0.0774630498739,6,True,True,False,True,-0.00235824507533,True,False,True,True,Supported,Supported,positive_median_four_months_support_and_coverage_guards_pass,6,-0.198245614035
aggregate,later_pooled,later_pooled,,xgboost_quantile,DQB,Promise + both profile blocks,0.5,full,,multiple_expanding_training_sets,9cfa9e6ca00dd87b36ca868ecba32fa08132ab96fcd8e842a07700539a6a5241,composite_fitted_models,,3.59792924935,3.59610223756,3.59610223756,-0.000134960218281,-0.000134960218281,0.000372903676723,0.5,118782cfc610a9028878d750598e5fe92f9ee67f521716c506bc37135f89b805,3477,3.59658756831,0.443773367846,-0.0562266321542,6.03000020981,6.03761870744,7,10.6450963474,10.607773967,16.9699997902,xgboost_quantile,DQB,3477,0.443773367846,DQB-DQ0,DQ0,DQ0,6,True,-0.000152139854368,2,True,-0.000254464465177,1,False,False,True,True,-0.000880974879912,True,False,True,False,Not-supported,Not-supported,nonpositive_median_skill_or_fewer_than_four_favourable_months,6,0.000485330742942
aggregate,later_pooled,later_pooled,,xgboost_quantile,DQB,Promise + both profile blocks,0.9,full,,multiple_expanding_training_sets,30790a5a5c360129fb0239e9021c603dc14622e7ea81670c3f80bcf5ed276fb7,composite_fitted_models,,2.76583261432,2.75411993169,2.75411993169,-0.00283622681374,-0.00283622681374,0.00141056035563,0.9,118782cfc610a9028878d750598e5fe92f9ee67f521716c506bc37135f89b805,3477,2.76193124049,0.870578084556,-0.0294219154443,20.7799091339,20.3995570297,7,10.6450963474,13.803575431,19.5787906647,xgboost_quantile,DQB,3477,0.870578084556,DQB-DQ0,DQ0,DQ0,6,True,-0.00411813543947,2,True,-0.00385617313606,2,False,False,True,True,0.00161987041037,True,False,True,False,Not-supported,Not-supported,nonpositive_median_skill_or_fewer_than_four_favourable_months,6,0.00781130879852
aggregate,later_pooled,later_pooled,,xgboost_quantile,DQG,Promise + state-OD profiles,0.5,full,,multiple_expanding_training_sets,da39cda1a98c91b5f54ad66509a0e2c6672ac1dc263860b21fbbc21bc585f251,composite_fitted_models,,3.59792924935,3.59610223756,3.59610223756,0.000119965337629,0.000119965337629,0.000627699782618,0.5,118782cfc610a9028878d750598e5fe92f9ee67f521716c506bc37135f89b805,3477,3.59567082995,0.442335346563,-0.0576646534369,6,6.03927960669,7,10.6450963474,10.5772871993,16.9699997902,xgboost_quantile,DQG,3477,0.442335346563,DQG-DQ0,DQ0,DQ0,6,True,1.90782815425e-05,3,True,7.00762099052e-05,3,False,False,True,True,-0.000218394439115,True,False,True,False,Not-supported,Not-supported,nonpositive_median_skill_or_fewer_than_four_favourable_months,6,-0.000431407619078
aggregate,later_pooled,later_pooled,,xgboost_quantile,DQG,Promise + state-OD profiles,0.9,full,,multiple_expanding_training_sets,3c952bd803f164d63d8c8caac907ec6f99c06fb164f16958b3929586e1b02d8e,composite_fitted_models,,2.76583261432,2.75411993169,2.75411993169,0.00158808124833,0.00158808124833,0.00581613246241,0.9,118782cfc610a9028878d750598e5fe92f9ee67f521716c506bc37135f89b805,3477,2.74974616547,0.872878918608,-0.027121081392,20.7145729065,20.4516889113,7,10.6450963474,13.9165501875,19.644908905,xgboost_quantile,DQG,3477,0.872878918608,DQG-DQ0,DQ0,DQ0,6,True,-0.00201792974276,2,True,-0.00249204982777,1,False,False,True,True,0.000753012048193,True,False,True,False,Not-supported,Not-supported,nonpositive_median_skill_or_fewer_than_four_favourable_months,6,-0.00437376621917
aggregate,later_pooled,later_pooled,,xgboost_quantile,DQS,Promise + seller profiles,0.5,full,,multiple_expanding_training_sets,809c2830cdc43748699a5a0f5dfbb76def9f6a6eb3906385a5413373b479bd60,composite_fitted_models,,3.59792924935,3.59610223756,3.59610223756,-9.65721240587e-05,-9.65721240587e-05,0.000411272277649,0.5,118782cfc610a9028878d750598e5fe92f9ee67f521716c506bc37135f89b805,3477,3.5964495208,0.436870865689,-0.0631291343112,6.03000020981,6.03858502624,7,10.6450963474,10.4766470458,16.9699997902,xgboost_quantile,DQS,3477,0.436870865689,DQS-DQ0,DQ0,DQ0,6,True,7.76680377993e-05,4,True,3.65227418964e-06,3,False,False,True,True,-0.000539956803456,True,False,True,False,Not-supported,Not-supported,gain_confined_to_lower_support_orders,6,0.000347283231414
aggregate,later_pooled,later_pooled,,xgboost_quantile,DQS,Promise + seller profiles,0.9,full,,multiple_expanding_training_sets,24cfa5d4861c29f7985755b791bce657dbe4cfdb15a3b9bce2c4f7be952438db,composite_fitted_models,,2.76583261432,2.75411993169,2.75411993169,-0.00495868462372,-0.00495868462372,-0.000702909320139,0.9,118782cfc610a9028878d750598e5fe92f9ee67f521716c506bc37135f89b805,3477,2.76777674385,0.867989646247,-0.0320103537532,20.8659038544,20.4589033552,7,10.6450963474,13.532241921,19.7178668976,xgboost_quantile,DQS,3477,0.867989646247,DQS-DQ0,DQ0,DQ0,6,True,-0.00466230145562,0,True,-0.00368460306302,1,False,False,True,True,0.00248138957816,True,False,True,False,Not-supported,Not-supported,nonpositive_median_skill_or_fewer_than_four_favourable_months,6,0.0136568121571
later,2018-01,2018-01,2018-01-01,linear_quantile,DQB,Promise + both profile blocks,0.5,full,1575,e6a57d0489d8ee13591169e9f3fa6f0c76d0a20b8826c31bd454f882ce01994b,3e865ad0d6c2134f4621b5d6a2bff082d3a7a972a73b8d27afc0b6cb110b97c8,sha256_pickle_protocol_5_fitted_wrapper,5,4.31389578164,4.23722268556,4.23722268556,-0.000963327506661,-0.000963327506661,0.0168273102984,0.5,cc962f7c6748592fd8cbeb18e371836d602ddaae3749434d4bfdae9acdb702b7,403,4.24130451873,0.446650124069,-0.0533498759305,6.21481043493,6.15250612823,7,11.8808933002,12.8408777408,18.538171383,linear_quantile,DQB,403,0.446650124069,DQB-DQ0,DQ0,DQ0,6,True,-0.00174129588923,2,True,-0.00465990824144,3,False,False,True,True,0.0119368318344,True,False,True,False,Not-supported,Not-supported,nonpositive_median_skill_or_fewer_than_four_favourable_months,,0.00408183316485
later,2018-01,2018-01,2018-01-01,linear_quantile,DQB,Promise + both profile blocks,0.9,full,1575,e6a57d0489d8ee13591169e9f3fa6f0c76d0a20b8826c31bd454f882ce01994b,8febeaa9c51b59c3ba2ad6053f26a72fd9918c515f1422f78bbe96ac7db1dad6,sha256_pickle_protocol_5_fitted_wrapper,17,4.05037220844,3.91393097227,3.91393097227,-0.0100480214148,-0.0100480214148,0.0239765554737,0.9,cc962f7c6748592fd8cbeb18e371836d602ddaae3749434d4bfdae9acdb702b7,403,3.95325823449,0.813895781638,-0.0861042183623,17.7917627595,17.9986415311,7,11.8808933002,17.9549041973,18.0718958775,linear_quantile,DQB,403,0.813895781638,DQB-DQ0,DQ0,DQ0,6,True,-0.00513196219554,1,True,-0.00467413404641,2,False,False,True,True,0.00649359815921,True,False,True,False,Not-supported,Not-supported,nonpositive_median_skill_or_fewer_than_four_favourable_months,,0.0393272622255
later,2018-01,2018-01,2018-01-01,linear_quantile,DQG,Promise + state-OD profiles,0.5,full,1575,e6a57d0489d8ee13591169e9f3fa6f0c76d0a20b8826c31bd454f882ce01994b,c55cda28df574f670b3f1d60d36c91971b5d06ca1aa678db906a5756fcd633ae,sha256_pickle_protocol_5_fitted_wrapper,5,4.31389578164,4.23722268556,4.23722268556,0.00308195419239,0.00308195419239,0.0208006931181,0.5,cc962f7c6748592fd8cbeb18e371836d602ddaae3749434d4bfdae9acdb702b7,403,4.22416375934,0.449131513648,-0.0508684863524,6.3840198451,6.17865850441,7,11.8808933002,12.8438662449,18.6432967151,linear_quantile,DQG,403,0.449131513648,DQG-DQ0,DQ0,DQ0,6,True,-0.00502930204561,3,True,-0.00443833023516,3,False,False,True,True,0.0201086034278,True,False,True,False,Not-supported,Not-supported,nonpositive_median_skill_or_fewer_than_four_favourable_months,,-0.0130589262199
later,2018-01,2018-01,2018-01-01,linear_quantile,DQG,Promise + state-OD profiles,0.9,full,1575,e6a57d0489d8ee13591169e9f3fa6f0c76d0a20b8826c31bd454f882ce01994b,6e888c90913df3f35fc91ae107390d3f90651473bdd3f7ce6bcd088a830df933,sha256_pickle_protocol_5_fitted_wrapper,17,4.05037220844,3.91393097227,3.91393097227,-0.0197745187998,-0.0197745187998,0.0145777058353,0.9,cc962f7c6748592fd8cbeb18e371836d602ddaae3749434d4bfdae9acdb702b7,403,3.99132707386,0.808933002481,-0.0910669975186,17.6785768535,17.7788533899,7,11.8808933002,17.8028184306,18.059652085,linear_quantile,DQG,403,0.808933002481,DQG-DQ0,DQ0,DQ0,6,True,-0.00250912580818,3,True,-0.00192141993833,3,False,False,True,True,0.00439664202777,True,False,True,False,Not-supported,Not-supported,nonpositive_median_skill_or_fewer_than_four_favourable_months,,0.0773961015921
later,2018-01,2018-01,2018-01-01,linear_quantile,DQS,Promise + seller profiles,0.5,full,1575,e6a57d0489d8ee13591169e9f3fa6f0c76d0a20b8826c31bd454f882ce01994b,2782d4b6f92c7fa4e75545c1f24f3397e317b4d50e9317cc74c232c84fd4572e,sha256_pickle_protocol_5_fitted_wrapper,5,4.31389578164,4.23722268556,4.23722268556,-0.00222860787342,-0.00222860787342,0.0155845184126,0.5,cc962f7c6748592fd8cbeb18e371836d602ddaae3749434d4bfdae9acdb702b7,403,4.2466657934,0.424317617866,-0.075682382134,5.7404150646,5.73457178597,7,11.8808933002,12.7150435339,19.4145829935,linear_quantile,DQS,403,0.424317617866,DQS-DQ0,DQ0,DQ0,6,True,0.000519832297006,3,True,-0.00279893963735,2,False,False,True,True,0.00107991360691,True,False,True,False,Not-supported,Not-supported,nonpositive_median_skill_or_fewer_than_four_favourable_months,,0.00944310783849
later,2018-01,2018-01,2018-01-01,linear_quantile,DQS,Promise + seller profiles,0.9,full,1575,e6a57d0489d8ee13591169e9f3fa6f0c76d0a20b8826c31bd454f882ce01994b,7961a6f1adae616f90d9609e77458e35bb391f63182a8f0551bc510c969ac665,sha256_pickle_protocol_5_fitted_wrapper,17,4.05037220844,3.91393097227,3.91393097227,0.00434252522095,0.00434252522095,0.0378823407416,0.9,cc962f7c6748592fd8cbeb18e371836d602ddaae3749434d4bfdae9acdb702b7,403,3.89693462831,0.826302729529,-0.0736972704715,18.1905332719,18.3681820605,7,11.8808933002,18.7003845453,18.1631974845,linear_quantile,DQS,403,0.826302729529,DQS-DQ0,DQ0,DQ0,6,True,-0.00243285667054,1,True,-0.00562775234751,1,False,False,True,True,0,True,False,True,False,Not-supported,Not-supported,nonpositive_median_skill_or_fewer_than_four_favourable_months,,-0.0169963439601
later,2018-01,2018-01,2018-01-01,lognormal_ridge,DQB,Promise + both profile blocks,0.5,full,1575,e6a57d0489d8ee13591169e9f3fa6f0c76d0a20b8826c31bd454f882ce01994b,e2d74750f4bd9b385fc90d73530dbb32fd987d738d813f2d0461ff4c45c5d9a2,sha256_pickle_protocol_5_fitted_wrapper,5,4.31389578164,4.27179391414,4.27179391414,0.00118318979562,0.00118318979562,0.0109312354437,0.5,cc962f7c6748592fd8cbeb18e371836d602ddaae3749434d4bfdae9acdb702b7,403,4.26673957117,0.401985111663,-0.0980148883375,5.39121622512,5.5368663405,7,11.8808933002,12.4390766787,19.5449575436,lognormal_ridge,DQB,403,0.401985111663,DQB-DQ0,DQ0,DQ0,6,True,-0.00310524681375,3,True,-0.00832253844491,2,False,False,True,True,0.0023020120183,True,False,True,False,Not-supported,Not-supported,nonpositive_median_skill_or_fewer_than_four_favourable_months,,-0.00505434296822
later,2018-01,2018-01,2018-01-01,lognormal_ridge,DQB,Promise + both profile blocks,0.9,full,1575,e6a57d0489d8ee13591169e9f3fa6f0c76d0a20b8826c31bd454f882ce01994b,e2d74750f4bd9b385fc90d73530dbb32fd987d738d813f2d0461ff4c45c5d9a2,sha256_pickle_protocol_5_fitted_wrapper,17,4.05037220844,3.83515055456,3.83515055456,0.0111507234155,0.0111507234155,0.0636944813198,0.9,cc962f7c6748592fd8cbeb18e371836d602ddaae3749434d4bfdae9acdb702b7,403,3.79238585147,0.846153846154,-0.0538461538462,19.5167442722,20.0440123201,7,11.8808933002,19.3444806716,20.9971880656,lognormal_ridge,DQB,403,0.846153846154,DQB-DQ0,DQ0,DQ0,6,True,-0.00285088634486,3,True,-0.00534709363048,2,False,False,True,True,-0.00236936296064,True,False,True,False,Not-supported,Not-supported,nonpositive_median_skill_or_fewer_than_four_favourable_months,,-0.0427647030905
later,2018-01,2018-01,2018-01-01,lognormal_ridge,DQG,Promise + state-OD profiles,0.5,full,1575,e6a57d0489d8ee13591169e9f3fa6f0c76d0a20b8826c31bd454f882ce01994b,2122863b017af443b954e487cd3f8b1a756f5ce2060ec0c5270fcde84c63e07a,sha256_pickle_protocol_5_fitted_wrapper,5,4.31389578164,4.27179391414,4.27179391414,-0.00184095609149,-0.00184095609149,0.00793660398997,0.5,cc962f7c6748592fd8cbeb18e371836d602ddaae3749434d4bfdae9acdb702b7,403,4.27965809916,0.404466501241,-0.0955334987593,5.44205674005,5.54370761522,7,11.8808933002,12.5068547062,19.8516398475,lognormal_ridge,DQG,403,0.404466501241,DQG-DQ0,DQ0,DQ0,6,True,-0.00515987974753,1,True,-0.0057986325913,1,False,False,True,True,0.0149488800272,True,False,True,False,Not-supported,Not-supported,nonpositive_median_skill_or_fewer_than_four_favourable_months,,0.0078641850278
later,2018-01,2018-01,2018-01-01,lognormal_ridge,DQG,Promise + state-OD profiles,0.9,full,1575,e6a57d0489d8ee13591169e9f3fa6f0c76d0a20b8826c31bd454f882ce01994b,2122863b017af443b954e487cd3f8b1a756f5ce2060ec0c5270fcde84c63e07a,sha256_pickle_protocol_5_fitted_wrapper,17,4.05037220844,3.83515055456,3.83515055456,0.00244734545212,0.00244734545212,0.0554535683605,0.9,cc962f7c6748592fd8cbeb18e371836d602ddaae3749434d4bfdae9acdb702b7,403,3.82576461629,0.843672456576,-0.0563275434243,19.8377413302,20.2082857519,7,11.8808933002,19.1458607074,20.9583702067,lognormal_ridge,DQG,403,0.843672456576,DQG-DQ0,DQ0,DQ0,6,True,0.00197958322708,4,True,0.00419513964845,4,True,True,False,True,-0.00112866817156,True,False,True,True,Supported,Supported,positive_median_four_months_support_and_coverage_guards_pass,,-0.00938593826791
later,2018-01,2018-01,2018-01-01,lognormal_ridge,DQS,Promise + seller profiles,0.5,full,1575,e6a57d0489d8ee13591169e9f3fa6f0c76d0a20b8826c31bd454f882ce01994b,b164bca1e7f6da68b1ad2432128e697d0b26b4a05c84bec6ada474b18a8e97e7,sha256_pickle_protocol_5_fitted_wrapper,5,4.31389578164,4.27179391414,4.27179391414,-0.000688150624746,-0.000688150624746,0.00907815854443,0.5,cc962f7c6748592fd8cbeb18e371836d602ddaae3749434d4bfdae9acdb702b7,403,4.27473355179,0.389578163772,-0.110421836228,5.20986156325,5.29121958365,7,11.8808933002,12.4005564035,19.8380000713,lognormal_ridge,DQS,403,0.389578163772,DQS-DQ0,DQ0,DQ0,6,True,0.00136094074254,3,True,-0.00363194268387,2,False,False,True,True,0.00242248692394,True,False,True,False,Not-supported,Not-supported,nonpositive_median_skill_or_fewer_than_four_favourable_months,,0.0029396376508
later,2018-01,2018-01,2018-01-01,lognormal_ridge,DQS,Promise + seller profiles,0.9,full,1575,e6a57d0489d8ee13591169e9f3fa6f0c76d0a20b8826c31bd454f882ce01994b,b164bca1e7f6da68b1ad2432128e697d0b26b4a05c84bec6ada474b18a8e97e7,sha256_pickle_protocol_5_fitted_wrapper,17,4.05037220844,3.83515055456,3.83515055456,0.00205949274701,0.00205949274701,0.0550863246998,0.9,cc962f7c6748592fd8cbeb18e371836d602ddaae3749434d4bfdae9acdb702b7,403,3.82725208981,0.826302729529,-0.0736972704715,18.9943318716,19.2909503559,7,11.8808933002,17.7679613264,19.7528171059,lognormal_ridge,DQS,403,0.826302729529,DQS-DQ0,DQ0,DQ0,6,True,-0.00290758792723,2,True,-0.00390278023085,2,False,False,True,True,0.00312589450675,True,False,True,False,Not-supported,Not-supported,nonpositive_median_skill_or_fewer_than_four_favourable_months,,-0.00789846475079
later,2018-01,2018-01,2018-01-01,random_forest_leaf_weighted_quantile,DQB,Promise + both profile blocks,0.5,full,1575,e6a57d0489d8ee13591169e9f3fa6f0c76d0a20b8826c31bd454f882ce01994b,e651329e679339fbdeba8141e378bf3c604816c8589f8f7143203480b419291e,sha256_pickle_protocol_5_fitted_wrapper,5,4.31389578164,4.33870967742,4.33870967742,0.0114383757506,0.0114383757506,0.00575208513086,0.5,cc962f7c6748592fd8cbeb18e371836d602ddaae3749434d4bfdae9acdb702b7,403,4.28908188586,0.436724565757,-0.0632754342432,6,5.50620347395,7,11.8808933002,13.2731277533,19,random_forest_leaf_weighted_quantile,DQB,403,0.436724565757,DQB-DQ0,DQ0,DQ0,6,True,0.00714874448574,4,True,0.00219154065308,4,True,True,False,True,0.0295212540302,True,False,True,True,Supported,Supported,positive_median_four_months_support_and_coverage_guards_pass,,-0.0496277915633
later,2018-01,2018-01,2018-01-01,random_forest_leaf_weighted_quantile,DQB,Promise + both profile blocks,0.9,full,1575,e6a57d0489d8ee13591169e9f3fa6f0c76d0a20b8826c31bd454f882ce01994b,e651329e679339fbdeba8141e378bf3c604816c8589f8f7143203480b419291e,sha256_pickle_protocol_5_fitted_wrapper,17,4.05037220844,4.14094292804,4.14094292804,0.0261864813039,0.0261864813039,0.00441095386877,0.9,cc962f7c6748592fd8cbeb18e371836d602ddaae3749434d4bfdae9acdb702b7,403,4.03250620347,0.791563275434,-0.108436724566,16,17.5161290323,7,11.8808933002,16.6428571429,21,random_forest_leaf_weighted_quantile,DQB,403,0.791563275434,DQB-DQ0,DQ0,DQ0,6,True,0.0482986236869,5,True,0.025024656592,4,True,True,False,True,0.0172347055609,True,False,True,True,Supported,Supported,positive_median_four_months_support_and_coverage_guards_pass,,-0.108436724566
later,2018-01,2018-01,2018-01-01,random_forest_leaf_weighted_quantile,DQG,Promise + state-OD profiles,0.5,full,1575,e6a57d0489d8ee13591169e9f3fa6f0c76d0a20b8826c31bd454f882ce01994b,1583b9e2bea6ae440eae26743fa6f13638b6d9b4a38cc569eb0b06d5707ebad0,sha256_pickle_protocol_5_fitted_wrapper,5,4.31389578164,4.33870967742,4.33870967742,0.00743494423792,0.00743494423792,0.00172562553926,0.5,cc962f7c6748592fd8cbeb18e371836d602ddaae3749434d4bfdae9acdb702b7,403,4.3064516129,0.434243176179,-0.0657568238213,6,5.41687344913,7,11.8808933002,13.3245614035,19.8,random_forest_leaf_weighted_quantile,DQG,403,0.434243176179,DQG-DQ0,DQ0,DQ0,6,True,-0.00395175137805,2,True,-0.00273863255938,3,False,False,True,True,0.0427068073784,True,False,True,False,Not-supported,Not-supported,nonpositive_median_skill_or_fewer_than_four_favourable_months,,-0.0322580645161
later,2018-01,2018-01,2018-01-01,random_forest_leaf_weighted_quantile,DQG,Promise + state-OD profiles,0.9,full,1575,e6a57d0489d8ee13591169e9f3fa6f0c76d0a20b8826c31bd454f882ce01994b,1583b9e2bea6ae440eae26743fa6f13638b6d9b4a38cc569eb0b06d5707ebad0,sha256_pickle_protocol_5_fitted_wrapper,17,4.05037220844,4.14094292804,4.14094292804,0.0224113135187,0.0224113135187,0.000551369233597,0.9,cc962f7c6748592fd8cbeb18e371836d602ddaae3749434d4bfdae9acdb702b7,403,4.04813895782,0.789081885856,-0.110918114144,17,18.3424317618,7,11.8808933002,16.1294117647,23,random_forest_leaf_weighted_quantile,DQG,403,0.789081885856,DQG-DQ0,DQ0,DQ0,6,True,0.0115657390639,4,True,-0.00106974430355,3,False,False,True,True,0.0312415009927,False,True,True,False,Not-supported,Not-supported,gain_confined_to_lower_support_orders,,-0.0928039702233
later,2018-01,2018-01,2018-01-01,random_forest_leaf_weighted_quantile,DQS,Promise + seller profiles,0.5,full,1575,e6a57d0489d8ee13591169e9f3fa6f0c76d0a20b8826c31bd454f882ce01994b,8357df5d8f1d2570423e76ef335e5025491ce645ea403b3f67998442e437e386,sha256_pickle_protocol_5_fitted_wrapper,5,4.31389578164,4.33870967742,4.33870967742,0.0208750357449,0.0208750357449,0.0152430255968,0.5,cc962f7c6748592fd8cbeb18e371836d602ddaae3749434d4bfdae9acdb702b7,403,4.24813895782,0.4317617866,-0.0682382133995,6,5.54342431762,7,11.8808933002,13.0524017467,19,random_forest_leaf_weighted_quantile,DQS,403,0.4317617866,DQS-DQ0,DQ0,DQ0,6,True,0.0154878362616,6,True,0.0139352724661,6,True,True,False,True,0.0110967628614,True,False,True,True,Supported,Supported,positive_median_four_months_support_and_coverage_guards_pass,,-0.090570719603
later,2018-01,2018-01,2018-01-01,random_forest_leaf_weighted_quantile,DQS,Promise + seller profiles,0.9,full,1575,e6a57d0489d8ee13591169e9f3fa6f0c76d0a20b8826c31bd454f882ce01994b,8357df5d8f1d2570423e76ef335e5025491ce645ea403b3f67998442e437e386,sha256_pickle_protocol_5_fitted_wrapper,17,4.05037220844,4.14094292804,4.14094292804,0.038650527325,0.038650527325,0.0171537094897,0.9,cc962f7c6748592fd8cbeb18e371836d602ddaae3749434d4bfdae9acdb702b7,403,3.98089330025,0.813895781638,-0.0861042183623,17,18.7369727047,7,11.8808933002,17.7066666667,23.8,random_forest_leaf_weighted_quantile,DQS,403,0.813895781638,DQS-DQ0,DQ0,DQ0,6,True,0.0627893466798,6,True,0.0774630498739,6,True,True,False,True,-0.00235824507533,True,False,True,True,Supported,Supported,positive_median_four_months_support_and_coverage_guards_pass,,-0.160049627792
later,2018-01,2018-01,2018-01-01,xgboost_quantile,DQB,Promise + both profile blocks,0.5,full,1575,e6a57d0489d8ee13591169e9f3fa6f0c76d0a20b8826c31bd454f882ce01994b,83ea90889ffbe98ba0a6b0c59de775a492a3c4b315a00d9f1042ea2382df6b47,sha256_pickle_protocol_5_fitted_wrapper,5,4.31389578164,4.31145781145,4.31145781145,-0.000129494632217,-0.000129494632217,0.000435722055948,0.5,cc962f7c6748592fd8cbeb18e371836d602ddaae3749434d4bfdae9acdb702b7,403,4.3120161221,0.397022332506,-0.102977667494,5.03000020981,5.02132767306,7,11.8808933002,12.8392797164,19.9699997902,xgboost_quantile,DQB,403,0.397022332506,DQB-DQ0,DQ0,DQ0,6,True,-0.000152139854368,2,True,-0.000254464465177,1,False,False,True,True,-0.000880974879912,True,False,True,False,Not-supported,Not-supported,nonpositive_median_skill_or_fewer_than_four_favourable_months,,0.000558310643615
later,2018-01,2018-01,2018-01-01,xgboost_quantile,DQB,Promise + both profile blocks,0.9,full,1575,e6a57d0489d8ee13591169e9f3fa6f0c76d0a20b8826c31bd454f882ce01994b,113bae262b787fa72764a1a07b8849a0942304c91bc17ee60dfa77d1822242fb,sha256_pickle_protocol_5_fitted_wrapper,17,4.05037220844,3.99849137952,3.99849137952,-0.0134393822764,-0.0134393822764,-0.000458334485945,0.9,cc962f7c6748592fd8cbeb18e371836d602ddaae3749434d4bfdae9acdb702b7,403,4.0522286337,0.806451612903,-0.0935483870968,17.1143398285,17.1194687694,7,11.8808933002,18.2299172817,16.236371994,xgboost_quantile,DQB,403,0.806451612903,DQB-DQ0,DQ0,DQ0,6,True,-0.00411813543947,2,True,-0.00385617313606,2,False,False,True,True,0.00161987041037,True,False,True,False,Not-supported,Not-supported,nonpositive_median_skill_or_fewer_than_four_favourable_months,,0.0537372541783
later,2018-01,2018-01,2018-01-01,xgboost_quantile,DQG,Promise + state-OD profiles,0.5,full,1575,e6a57d0489d8ee13591169e9f3fa6f0c76d0a20b8826c31bd454f882ce01994b,aab35819807e78e72bdd80568e4cd72ed9baadbc3784d373f720a9761c591981,sha256_pickle_protocol_5_fitted_wrapper,5,4.31389578164,4.31145781145,4.31145781145,7.33786678441e-05,7.33786678441e-05,0.000638480703482,0.5,cc962f7c6748592fd8cbeb18e371836d602ddaae3749434d4bfdae9acdb702b7,403,4.31114144242,0.397022332506,-0.102977667494,5.03000020981,5.03305212026,7,11.8808933002,12.828106992,19.9400000572,xgboost_quantile,DQG,403,0.397022332506,DQG-DQ0,DQ0,DQ0,6,True,1.90782815425e-05,3,True,7.00762099052e-05,3,False,False,True,True,-0.000218394439115,True,False,True,False,Not-supported,Not-supported,nonpositive_median_skill_or_fewer_than_four_favourable_months,,-0.000316369030671
later,2018-01,2018-01,2018-01-01,xgboost_quantile,DQG,Promise + state-OD profiles,0.9,full,1575,e6a57d0489d8ee13591169e9f3fa6f0c76d0a20b8826c31bd454f882ce01994b,656dc7795137addc1ee59628935e56685e17a493457b663d41044c122f199542,sha256_pickle_protocol_5_fitted_wrapper,17,4.05037220844,3.99849137952,3.99849137952,-0.00750139439457,-0.00750139439457,0.00540359427895,0.9,cc962f7c6748592fd8cbeb18e371836d602ddaae3749434d4bfdae9acdb702b7,403,4.02848564034,0.801488833747,-0.0985111662531,16.9246368408,17.0968821126,7,11.8808933002,17.665942049,16.3882511139,xgboost_quantile,DQG,403,0.801488833747,DQG-DQ0,DQ0,DQ0,6,True,-0.00201792974276,2,True,-0.00249204982777,1,False,False,True,True,0.000753012048193,True,False,True,False,Not-supported,Not-supported,nonpositive_median_skill_or_fewer_than_four_favourable_months,,0.0299942608211
later,2018-01,2018-01,2018-01-01,xgboost_quantile,DQS,Promise + seller profiles,0.5,full,1575,e6a57d0489d8ee13591169e9f3fa6f0c76d0a20b8826c31bd454f882ce01994b,916bb843ae3f3e3d8ee628f362000c3dcf73dc35ddc9c81f653670650bc02488,sha256_pickle_protocol_5_fitted_wrapper,5,4.31389578164,4.31145781145,4.31145781145,-0.000643159440575,-0.000643159440575,-7.76524580792e-05,0.5,cc962f7c6748592fd8cbeb18e371836d602ddaae3749434d4bfdae9acdb702b7,403,4.31423076625,0.374689826303,-0.125310173697,5,5.01086849374,7,11.8808933002,12.3926388782,20.0359999657,xgboost_quantile,DQS,403,0.374689826303,DQS-DQ0,DQ0,DQ0,6,True,7.76680377993e-05,4,True,3.65227418964e-06,3,False,False,True,True,-0.000539956803456,True,False,True,False,Not-supported,Not-supported,gain_confined_to_lower_support_orders,,0.00277295479408
later,2018-01,2018-01,2018-01-01,xgboost_quantile,DQS,Promise + seller profiles,0.9,full,1575,e6a57d0489d8ee13591169e9f3fa6f0c76d0a20b8826c31bd454f882ce01994b,dcb65436ec5bc3b02dd9dd5ef30f54fb48ec421050f18d579dfe337354a644e5,sha256_pickle_protocol_5_fitted_wrapper,17,4.05037220844,3.99849137952,3.99849137952,-0.0135141589038,-0.0135141589038,-0.000532153306665,0.9,cc962f7c6748592fd8cbeb18e371836d602ddaae3749434d4bfdae9acdb702b7,403,4.0525276274,0.801488833747,-0.0985111662531,17.0912475586,17.1940008925,7,11.8808933002,17.7381299734,16.3903064728,xgboost_quantile,DQS,403,0.801488833747,DQS-DQ0,DQ0,DQ0,6,True,-0.00466230145562,0,True,-0.00368460306302,1,False,False,True,True,0.00248138957816,True,False,True,False,Not-supported,Not-supported,nonpositive_median_skill_or_fewer_than_four_favourable_months,,0.0540362478782
later,2018-02,2018-02,2018-02-01,linear_quantile,DQB,Promise + both profile blocks,0.5,full,2197,5781454e29754449d6a1a2acfd81b3e491cbec40363ecc124997a2d732f972f8,c79fc7790630fee80035fdf4913bcebdc56467e45de7f5b580d12221f59e0fba,sha256_pickle_protocol_5_fitted_wrapper,6,4.37958963283,4.33729835919,4.33729835919,0.0202195065633,0.0202195065633,0.0296807046262,0.5,7d95c88138b22ba2667424325239c22950b3bf7d98924869363f5813ba7b7bad,926,4.24960032655,0.442764578834,-0.0572354211663,7.4309492628,7.12953687479,8,12.5777537797,12.5148339716,20.0328539685,linear_quantile,DQB,926,0.442764578834,DQB-DQ0,DQ0,DQ0,6,True,-0.00174129588923,2,True,-0.00465990824144,3,False,False,True,True,0.0119368318344,True,False,True,False,Not-supported,Not-supported,nonpositive_median_skill_or_fewer_than_four_favourable_months,,-0.0876980326406
later,2018-02,2018-02,2018-02-01,linear_quantile,DQB,Promise + both profile blocks,0.9,full,2197,5781454e29754449d6a1a2acfd81b3e491cbec40363ecc124997a2d732f972f8,3b66afa99a0f9a85a5604decae63eea859790949fd59c2d2679189aa763caffd,sha256_pickle_protocol_5_fitted_wrapper,21,3.35518358531,3.35518358531,3.35518358531,-0.00337966761715,-0.00337966761715,-0.00337966761715,0.9,7d95c88138b22ba2667424325239c22950b3bf7d98924869363f5813ba7b7bad,926,3.36652299063,0.829373650108,-0.070626349892,20.8652097192,20.7834237042,8,12.5777537797,14.9212357868,19.5436753121,linear_quantile,DQB,926,0.829373650108,DQB-DQ0,DQ0,DQ0,6,True,-0.00513196219554,1,True,-0.00467413404641,2,False,False,True,True,0.00649359815921,True,False,True,False,Not-supported,Not-supported,nonpositive_median_skill_or_fewer_than_four_favourable_months,,0.0113394053129
later,2018-02,2018-02,2018-02-01,linear_quantile,DQG,Promise + state-OD profiles,0.5,full,2197,5781454e29754449d6a1a2acfd81b3e491cbec40363ecc124997a2d732f972f8,3c4fbae70ffed74102707db8adcdae3072a280fc4527ab6f1a346339ea435ad8,sha256_pickle_protocol_5_fitted_wrapper,6,4.37958963283,4.33729835919,4.33729835919,0.00908194347493,0.00908194347493,0.0186506908216,0.5,7d95c88138b22ba2667424325239c22950b3bf7d98924869363f5813ba7b7bad,926,4.29790726066,0.434125269978,-0.0658747300216,7.19818895284,6.83482799802,8,12.5777537797,12.6695358021,20.4991509593,linear_quantile,DQG,926,0.434125269978,DQG-DQ0,DQ0,DQ0,6,True,-0.00502930204561,3,True,-0.00443833023516,3,False,False,True,True,0.0201086034278,True,False,True,False,Not-supported,Not-supported,nonpositive_median_skill_or_fewer_than_four_favourable_months,,-0.0393910985321
later,2018-02,2018-02,2018-02-01,linear_quantile,DQG,Promise + state-OD profiles,0.9,full,2197,5781454e29754449d6a1a2acfd81b3e491cbec40363ecc124997a2d732f972f8,e8f7e10d2ab1d9743993d5b5817e2533d212e201ee070da5a3d991f4bad091bc,sha256_pickle_protocol_5_fitted_wrapper,21,3.35518358531,3.35518358531,3.35518358531,0,0,0,0.9,7d95c88138b22ba2667424325239c22950b3bf7d98924869363f5813ba7b7bad,926,3.35518358531,0.83909287257,-0.0609071274298,21,21,8,12.5777537797,15.6174496644,20,linear_quantile,DQG,926,0.83909287257,DQG-DQ0,DQ0,DQ0,6,True,-0.00250912580818,3,True,-0.00192141993833,3,False,False,True,True,0.00439664202777,True,False,True,False,Not-supported,Not-supported,nonpositive_median_skill_or_fewer_than_four_favourable_months,,0
later,2018-02,2018-02,2018-02-01,linear_quantile,DQS,Promise + seller profiles,0.5,full,2197,5781454e29754449d6a1a2acfd81b3e491cbec40363ecc124997a2d732f972f8,e2a67d2a42776075bf9af30c87ee56a979d74ed46c8f0f1734c58bea196c6c6f,sha256_pickle_protocol_5_fitted_wrapper,6,4.37958963283,4.33729835919,4.33729835919,0.00326827246744,0.00326827246744,0.012893159218,0.5,7d95c88138b22ba2667424325239c22950b3bf7d98924869363f5813ba7b7bad,926,4.32312288638,0.403887688985,-0.0961123110151,6.38400120103,6.4417054984,8,12.5777537797,12.398916933,20.9113284465,linear_quantile,DQS,926,0.403887688985,DQS-DQ0,DQ0,DQ0,6,True,0.000519832297006,3,True,-0.00279893963735,2,False,False,True,True,0.00107991360691,True,False,True,False,Not-supported,Not-supported,nonpositive_median_skill_or_fewer_than_four_favourable_months,,-0.0141754728104
later,2018-02,2018-02,2018-02-01,linear_quantile,DQS,Promise + seller profiles,0.9,full,2197,5781454e29754449d6a1a2acfd81b3e491cbec40363ecc124997a2d732f972f8,b63245a275e5fd268cdc61eec46d58867c96b6a40253194b0476f91906fc248a,sha256_pickle_protocol_5_fitted_wrapper,21,3.35518358531,3.35518358531,3.35518358531,-0.00186763298573,-0.00186763298573,-0.00186763298573,0.9,7d95c88138b22ba2667424325239c22950b3bf7d98924869363f5813ba7b7bad,926,3.36144983685,0.830453563715,-0.0695464362851,20.986347732,20.9135825748,8,12.5777537797,14.9095847293,19.6703209165,linear_quantile,DQS,926,0.830453563715,DQS-DQ0,DQ0,DQ0,6,True,-0.00243285667054,1,True,-0.00562775234751,1,False,False,True,True,0,True,False,True,False,Not-supported,Not-supported,nonpositive_median_skill_or_fewer_than_four_favourable_months,,0.00626625153713
later,2018-02,2018-02,2018-02-01,lognormal_ridge,DQB,Promise + both profile blocks,0.5,full,2197,5781454e29754449d6a1a2acfd81b3e491cbec40363ecc124997a2d732f972f8,dc2efbeb1c16db9b69cf3992b6eac5304b204af1299466c52366a66eb2c428aa,sha256_pickle_protocol_5_fitted_wrapper,6,4.37958963283,4.4102412613,4.4102412613,0.0195446160161,0.0195446160161,0.0126826593763,0.5,7d95c88138b22ba2667424325239c22950b3bf7d98924869363f5813ba7b7bad,926,4.32404478931,0.396328293737,-0.103671706263,6.35529400377,6.27563380837,8,12.5777537797,12.3827317024,20.9674715247,lognormal_ridge,DQB,926,0.396328293737,DQB-DQ0,DQ0,DQ0,6,True,-0.00310524681375,3,True,-0.00832253844491,2,False,False,True,True,0.0023020120183,True,False,True,False,Not-supported,Not-supported,nonpositive_median_skill_or_fewer_than_four_favourable_months,,-0.0861964719902
later,2018-02,2018-02,2018-02-01,lognormal_ridge,DQB,Promise + both profile blocks,0.9,full,2197,5781454e29754449d6a1a2acfd81b3e491cbec40363ecc124997a2d732f972f8,dc2efbeb1c16db9b69cf3992b6eac5304b204af1299466c52366a66eb2c428aa,sha256_pickle_protocol_5_fitted_wrapper,21,3.35518358531,3.2834678184,3.2834678184,0.0458293574347,0.0458293574347,0.0662243902718,0.9,7d95c88138b22ba2667424325239c22950b3bf7d98924869363f5813ba7b7bad,926,3.13298859813,0.86717062635,-0.0328293736501,23.8046333467,23.5062550588,8,12.5777537797,15.3590912473,22.8563320474,lognormal_ridge,DQB,926,0.86717062635,DQB-DQ0,DQ0,DQ0,6,True,-0.00285088634486,3,True,-0.00534709363048,2,False,False,True,True,-0.00236936296064,True,False,True,False,Not-supported,Not-supported,nonpositive_median_skill_or_fewer_than_four_favourable_months,,-0.150479220275
later,2018-02,2018-02,2018-02-01,lognormal_ridge,DQG,Promise + state-OD profiles,0.5,full,2197,5781454e29754449d6a1a2acfd81b3e491cbec40363ecc124997a2d732f972f8,abe291f81b4d04dd4417a34fd1c4020fa4e26904019f18bc9c89cd2a73c72aee,sha256_pickle_protocol_5_fitted_wrapper,6,4.37958963283,4.4102412613,4.4102412613,0.0143201258361,0.0143201258361,0.00742160432487,0.5,7d95c88138b22ba2667424325239c22950b3bf7d98924869363f5813ba7b7bad,926,4.34708605147,0.388768898488,-0.111231101512,6.49061152143,6.26103161806,8,12.5777537797,12.2792297606,21.1863983754,lognormal_ridge,DQG,926,0.388768898488,DQG-DQ0,DQ0,DQ0,6,True,-0.00515987974753,1,True,-0.0057986325913,1,False,False,True,True,0.0149488800272,True,False,True,False,Not-supported,Not-supported,nonpositive_median_skill_or_fewer_than_four_favourable_months,,-0.0631552098294
later,2018-02,2018-02,2018-02-01,lognormal_ridge,DQG,Promise + state-OD profiles,0.9,full,2197,5781454e29754449d6a1a2acfd81b3e491cbec40363ecc124997a2d732f972f8,abe291f81b4d04dd4417a34fd1c4020fa4e26904019f18bc9c89cd2a73c72aee,sha256_pickle_protocol_5_fitted_wrapper,21,3.35518358531,3.2834678184,3.2834678184,0.042329289805,0.042329289805,0.0627991352501,0.9,7d95c88138b22ba2667424325239c22950b3bf7d98924869363f5813ba7b7bad,926,3.14448095755,0.862850971922,-0.0371490280778,24.3862235524,23.5236566235,8,12.5777537797,14.9464469556,22.6156371969,lognormal_ridge,DQG,926,0.862850971922,DQG-DQ0,DQ0,DQ0,6,True,0.00197958322708,4,True,0.00419513964845,4,True,True,False,True,-0.00112866817156,True,False,True,True,Supported,Supported,positive_median_four_months_support_and_coverage_guards_pass,,-0.138986860851
later,2018-02,2018-02,2018-02-01,lognormal_ridge,DQS,Promise + seller profiles,0.5,full,2197,5781454e29754449d6a1a2acfd81b3e491cbec40363ecc124997a2d732f972f8,5e2fbd3a0ade6b26adfbcca0c14b902db363991a24dc4353af0ba0ee137b7921,sha256_pickle_protocol_5_fitted_wrapper,6,4.37958963283,4.4102412613,4.4102412613,0.00386682892135,0.00386682892135,-0.00310485254325,0.5,7d95c88138b22ba2667424325239c22950b3bf7d98924869363f5813ba7b7bad,926,4.39318761284,0.370410367171,-0.129589632829,5.75153103305,5.82629953909,8,12.5777537797,12.3396484441,21.5854436575,lognormal_ridge,DQS,926,0.370410367171,DQS-DQ0,DQ0,DQ0,6,True,0.00136094074254,3,True,-0.00363194268387,2,False,False,True,True,0.00242248692394,True,False,True,False,Not-supported,Not-supported,nonpositive_median_skill_or_fewer_than_four_favourable_months,,-0.0170536484593
later,2018-02,2018-02,2018-02-01,lognormal_ridge,DQS,Promise + seller profiles,0.9,full,2197,5781454e29754449d6a1a2acfd81b3e491cbec40363ecc124997a2d732f972f8,5e2fbd3a0ade6b26adfbcca0c14b902db363991a24dc4353af0ba0ee137b7921,sha256_pickle_protocol_5_fitted_wrapper,21,3.35518358531,3.2834678184,3.2834678184,0.00502112085247,0.00502112085247,0.0262884141512,0.9,7d95c88138b22ba2667424325239c22950b3bf7d98924869363f5813ba7b7bad,926,3.26698112967,0.847732181425,-0.0522678185745,21.6905408367,21.9725125976,8,12.5777537797,15.2856018407,21.2176497321,lognormal_ridge,DQS,926,0.847732181425,DQS-DQ0,DQ0,DQ0,6,True,-0.00290758792723,2,True,-0.00390278023085,2,False,False,True,True,0.00312589450675,True,False,True,False,Not-supported,Not-supported,nonpositive_median_skill_or_fewer_than_four_favourable_months,,-0.0164866887314
later,2018-02,2018-02,2018-02-01,random_forest_leaf_weighted_quantile,DQB,Promise + both profile blocks,0.5,full,2197,5781454e29754449d6a1a2acfd81b3e491cbec40363ecc124997a2d732f972f8,dbeca9198fd5da71360dd15ef3ffc62595beb43bc94647c4428027ae99284daf,sha256_pickle_protocol_5_fitted_wrapper,6,4.37958963283,4.35475161987,4.35475161987,0.0114073155611,0.0114073155611,0.0170139316977,0.5,7d95c88138b22ba2667424325239c22950b3bf7d98924869363f5813ba7b7bad,926,4.30507559395,0.448164146868,-0.0518358531317,7,6.66090712743,8,12.5777537797,13.1624266145,21,random_forest_leaf_weighted_quantile,DQB,926,0.448164146868,DQB-DQ0,DQ0,DQ0,6,True,0.00714874448574,4,True,0.00219154065308,4,True,True,False,True,0.0295212540302,True,False,True,True,Supported,Supported,positive_median_four_months_support_and_coverage_guards_pass,,-0.0496760259179
later,2018-02,2018-02,2018-02-01,random_forest_leaf_weighted_quantile,DQB,Promise + both profile blocks,0.9,full,2197,5781454e29754449d6a1a2acfd81b3e491cbec40363ecc124997a2d732f972f8,dbeca9198fd5da71360dd15ef3ffc62595beb43bc94647c4428027ae99284daf,sha256_pickle_protocol_5_fitted_wrapper,21,3.35518358531,3.52300215983,3.52300215983,0.0678662293474,0.0678662293474,0.0212430396859,0.9,7d95c88138b22ba2667424325239c22950b3bf7d98924869363f5813ba7b7bad,926,3.28390928726,0.815334773218,-0.0846652267819,21,20.2440604752,8,12.5777537797,13.6315789474,21,random_forest_leaf_weighted_quantile,DQB,926,0.815334773218,DQB-DQ0,DQ0,DQ0,6,True,0.0482986236869,5,True,0.025024656592,4,True,True,False,True,0.0172347055609,True,False,True,True,Supported,Supported,positive_median_four_months_support_and_coverage_guards_pass,,-0.23909287257
later,2018-02,2018-02,2018-02-01,random_forest_leaf_weighted_quantile,DQG,Promise + state-OD profiles,0.5,full,2197,5781454e29754449d6a1a2acfd81b3e491cbec40363ecc124997a2d732f972f8,6bbeff98014d3c81350905ae82d1f7724cfe500ae529a126e2e5b190007b1e1a,sha256_pickle_protocol_5_fitted_wrapper,6,4.37958963283,4.35475161987,4.35475161987,0.000495970241785,0.000495970241785,0.00616446800641,0.5,7d95c88138b22ba2667424325239c22950b3bf7d98924869363f5813ba7b7bad,926,4.35259179266,0.447084233261,-0.0529157667387,7,6.57451403888,8,12.5777537797,13.30078125,21,random_forest_leaf_weighted_quantile,DQG,926,0.447084233261,DQG-DQ0,DQ0,DQ0,6,True,-0.00395175137805,2,True,-0.00273863255938,3,False,False,True,True,0.0427068073784,True,False,True,False,Not-supported,Not-supported,nonpositive_median_skill_or_fewer_than_four_favourable_months,,-0.00215982721382
later,2018-02,2018-02,2018-02-01,random_forest_leaf_weighted_quantile,DQG,Promise + state-OD profiles,0.9,full,2197,5781454e29754449d6a1a2acfd81b3e491cbec40363ecc124997a2d732f972f8,6bbeff98014d3c81350905ae82d1f7724cfe500ae529a126e2e5b190007b1e1a,sha256_pickle_protocol_5_fitted_wrapper,21,3.35518358531,3.52300215983,3.52300215983,0.0612144805812,0.0612144805812,0.0142585857285,0.9,7d95c88138b22ba2667424325239c22950b3bf7d98924869363f5813ba7b7bad,926,3.30734341253,0.814254859611,-0.0857451403888,21,20.4136069114,8,12.5777537797,13.5872093023,22,random_forest_leaf_weighted_quantile,DQG,926,0.814254859611,DQG-DQ0,DQ0,DQ0,6,True,0.0115657390639,4,True,-0.00106974430355,3,False,False,True,True,0.0312415009927,False,True,True,False,Not-supported,Not-supported,gain_confined_to_lower_support_orders,,-0.2156587473
later,2018-02,2018-02,2018-02-01,random_forest_leaf_weighted_quantile,DQS,Promise + seller profiles,0.5,full,2197,5781454e29754449d6a1a2acfd81b3e491cbec40363ecc124997a2d732f972f8,9692f1e73aaf52a364fc1ac271368a6fe1356b48b0cee76b8fb8b151e18c4c87,sha256_pickle_protocol_5_fitted_wrapper,6,4.37958963283,4.35475161987,4.35475161987,0.00644761314321,0.00644761314321,0.0120823572926,0.5,7d95c88138b22ba2667424325239c22950b3bf7d98924869363f5813ba7b7bad,926,4.32667386609,0.434125269978,-0.0658747300216,7,6.44060475162,8,12.5777537797,13.0687022901,21,random_forest_leaf_weighted_quantile,DQS,926,0.434125269978,DQS-DQ0,DQ0,DQ0,6,True,0.0154878362616,6,True,0.0139352724661,6,True,True,False,True,0.0110967628614,True,False,True,True,Supported,Supported,positive_median_four_months_support_and_coverage_guards_pass,,-0.0280777537797
later,2018-02,2018-02,2018-02-01,random_forest_leaf_weighted_quantile,DQS,Promise + seller profiles,0.9,full,2197,5781454e29754449d6a1a2acfd81b3e491cbec40363ecc124997a2d732f972f8,9692f1e73aaf52a364fc1ac271368a6fe1356b48b0cee76b8fb8b151e18c4c87,sha256_pickle_protocol_5_fitted_wrapper,21,3.35518358531,3.52300215983,3.52300215983,0.0356190417803,0.0356190417803,-0.0126170781165,0.9,7d95c88138b22ba2667424325239c22950b3bf7d98924869363f5813ba7b7bad,926,3.3975161987,0.822894168467,-0.0771058315335,20,20.4190064795,8,12.5777537797,14.756097561,20,random_forest_leaf_weighted_quantile,DQS,926,0.822894168467,DQS-DQ0,DQ0,DQ0,6,True,0.0627893466798,6,True,0.0774630498739,6,True,True,False,True,-0.00235824507533,True,False,True,True,Supported,Supported,positive_median_four_months_support_and_coverage_guards_pass,,-0.125485961123
later,2018-02,2018-02,2018-02-01,xgboost_quantile,DQB,Promise + both profile blocks,0.5,full,2197,5781454e29754449d6a1a2acfd81b3e491cbec40363ecc124997a2d732f972f8,595d1a31b53443414535689fe934c4521ef57fee57f69b14387cb4be29c78d31,sha256_pickle_protocol_5_fitted_wrapper,6,4.37958963283,4.37848811968,4.37848811968,0.000360714418154,0.000360714418154,0.000612134278563,0.5,7d95c88138b22ba2667424325239c22950b3bf7d98924869363f5813ba7b7bad,926,4.37690873589,0.394168466523,-0.105831533477,6.03000020981,6.02279169977,8,12.5777537797,12.6345185962,21.9099998474,xgboost_quantile,DQB,926,0.394168466523,DQB-DQ0,DQ0,DQ0,6,True,-0.000152139854368,2,True,-0.000254464465177,1,False,False,True,True,-0.000880974879912,True,False,True,False,Not-supported,Not-supported,nonpositive_median_skill_or_fewer_than_four_favourable_months,,-0.00157938379448
later,2018-02,2018-02,2018-02-01,xgboost_quantile,DQB,Promise + both profile blocks,0.9,full,2197,5781454e29754449d6a1a2acfd81b3e491cbec40363ecc124997a2d732f972f8,31c9dc3c102d36764f34f7b71d8f015b4ff80b67431fffc3a7cbe76446a95af7,sha256_pickle_protocol_5_fitted_wrapper,21,3.35518358531,3.34025176236,3.34025176236,0.00136153433312,0.00136153433312,0.00580584934218,0.9,7d95c88138b22ba2667424325239c22950b3bf7d98924869363f5813ba7b7bad,926,3.3357038949,0.831533477322,-0.0684665226782,20.9224948883,20.9449597002,8,12.5777537797,14.8337085797,19.6185312271,xgboost_quantile,DQB,926,0.831533477322,DQB-DQ0,DQ0,DQ0,6,True,-0.00411813543947,2,True,-0.00385617313606,2,False,False,True,True,0.00161987041037,True,False,True,False,Not-supported,Not-supported,nonpositive_median_skill_or_fewer_than_four_favourable_months,,-0.0045478674557
later,2018-02,2018-02,2018-02-01,xgboost_quantile,DQG,Promise + state-OD profiles,0.5,full,2197,5781454e29754449d6a1a2acfd81b3e491cbec40363ecc124997a2d732f972f8,aece5b7678aa6d4ddac52700ffe17187aa73e5cfd9d3626c183252aea1e2ae2d,sha256_pickle_protocol_5_fitted_wrapper,6,4.37958963283,4.37848811968,4.37848811968,0.000425458803656,0.000425458803656,0.000676862380167,0.5,7d95c88138b22ba2667424325239c22950b3bf7d98924869363f5813ba7b7bad,926,4.37662525337,0.394168466523,-0.105831533477,6.03000020981,6.02595048177,8,12.5777537797,12.6314436926,21.9099998474,xgboost_quantile,DQG,926,0.394168466523,DQG-DQ0,DQ0,DQ0,6,True,1.90782815425e-05,3,True,7.00762099052e-05,3,False,False,True,True,-0.000218394439115,True,False,True,False,Not-supported,Not-supported,nonpositive_median_skill_or_fewer_than_four_favourable_months,,-0.00186286631722
later,2018-02,2018-02,2018-02-01,xgboost_quantile,DQG,Promise + state-OD profiles,0.9,full,2197,5781454e29754449d6a1a2acfd81b3e491cbec40363ecc124997a2d732f972f8,fbe46153b52221d1d702536ac68b31cac51e1d1f6d2e901300c47d18335f4dd0,sha256_pickle_protocol_5_fitted_wrapper,21,3.35518358531,3.34025176236,3.34025176236,0.0107823195102,0.0107823195102,0.0151847084986,0.9,7d95c88138b22ba2667424325239c22950b3bf7d98924869363f5813ba7b7bad,926,3.30423610061,0.838012958963,-0.0619870410367,21.1453170776,21.0467273144,8,12.5777537797,15.169971199,19.5462417603,xgboost_quantile,DQG,926,0.838012958963,DQG-DQ0,DQ0,DQ0,6,True,-0.00201792974276,2,True,-0.00249204982777,1,False,False,True,True,0.000753012048193,True,False,True,False,Not-supported,Not-supported,nonpositive_median_skill_or_fewer_than_four_favourable_months,,-0.0360156617463
later,2018-02,2018-02,2018-02-01,xgboost_quantile,DQS,Promise + seller profiles,0.5,full,2197,5781454e29754449d6a1a2acfd81b3e491cbec40363ecc124997a2d732f972f8,bcc3827f61cbe937e9f2a9fc39fdfe43a1287b02efb06c079ce48b5e3368ce44,sha256_pickle_protocol_5_fitted_wrapper,6,4.37958963283,4.37848811968,4.37848811968,0.000125786017237,0.000125786017237,0.000377264964626,0.5,7d95c88138b22ba2667424325239c22950b3bf7d98924869363f5813ba7b7bad,926,4.3779373671,0.389848812095,-0.110151187905,6.03000020981,6.02066958852,8,12.5777537797,12.5484955442,21.9549999237,xgboost_quantile,DQS,926,0.389848812095,DQS-DQ0,DQ0,DQ0,6,True,7.76680377993e-05,4,True,3.65227418964e-06,3,False,False,True,True,-0.000539956803456,True,False,True,False,Not-supported,Not-supported,gain_confined_to_lower_support_orders,,-0.000550752582097
later,2018-02,2018-02,2018-02-01,xgboost_quantile,DQS,Promise + seller profiles,0.9,full,2197,5781454e29754449d6a1a2acfd81b3e491cbec40363ecc124997a2d732f972f8,ced5714e9abe5ca18dde5e9b20ffa31f4e8a85d4add5fb9b9f4714ffbbfd3802,sha256_pickle_protocol_5_fitted_wrapper,21,3.35518358531,3.34025176236,3.34025176236,-0.00443218486518,-0.00443218486518,3.7914363175e-05,0.9,7d95c88138b22ba2667424325239c22950b3bf7d98924869363f5813ba7b7bad,926,3.35505637566,0.829373650108,-0.070626349892,20.8851337433,20.9033651681,8,12.5777537797,14.7837379069,19.7727050781,xgboost_quantile,DQS,926,0.829373650108,DQS-DQ0,DQ0,DQ0,6,True,-0.00466230145562,0,True,-0.00368460306302,1,False,False,True,True,0.00248138957816,True,False,True,False,Not-supported,Not-supported,nonpositive_median_skill_or_fewer_than_four_favourable_months,,0.014804613307
later,2018-03,2018-03,2018-03-01,linear_quantile,DQB,Promise + both profile blocks,0.5,full,2520,4c808a9f45d24b6c3aad7166bb65c4e89a9af4bb25bce0e8c585f59cfe5fc500,c08b2bc4bfd31a049f636f21da6c8e0fc8bb2953f906d692e826cffcd2c59486,sha256_pickle_protocol_5_fitted_wrapper,6,3.20858433735,3.1644759708,3.1644759708,0.000640987086436,0.000640987086436,0.0143791622521,0.5,5092f5e7034c263ff007ff4a6fab61efb011668930b5964c9bdd412718e5736f,1328,3.16244758256,0.416415662651,-0.0835843373494,6.39944183296,6.25799402018,7,10.0165662651,8.63925465838,15.4668395103,linear_quantile,DQB,1328,0.416415662651,DQB-DQ0,DQ0,DQ0,6,True,-0.00174129588923,2,True,-0.00465990824144,3,False,False,True,True,0.0119368318344,True,False,True,False,Not-supported,Not-supported,nonpositive_median_skill_or_fewer_than_four_favourable_months,,-0.00202838823262
later,2018-03,2018-03,2018-03-01,linear_quantile,DQB,Promise + both profile blocks,0.9,full,2520,4c808a9f45d24b6c3aad7166bb65c4e89a9af4bb25bce0e8c585f59cfe5fc500,a409f101fa099460fddd169d134bcdac291f2c51be18361292b82eaca7e43c27,sha256_pickle_protocol_5_fitted_wrapper,21,2.11942771084,2.11942771084,2.11942771084,-0.00294740041457,-0.00294740041457,-0.00294740041457,0.9,5092f5e7034c263ff007ff4a6fab61efb011668930b5964c9bdd412718e5736f,1328,2.12567451296,0.882530120482,-0.0174698795181,20.8092783769,20.7662323324,7,10.0165662651,8.94448781709,19.3800932871,linear_quantile,DQB,1328,0.882530120482,DQB-DQ0,DQ0,DQ0,6,True,-0.00513196219554,1,True,-0.00467413404641,2,False,False,True,True,0.00649359815921,True,False,True,False,Not-supported,Not-supported,nonpositive_median_skill_or_fewer_than_four_favourable_months,,0.00624680211359
later,2018-03,2018-03,2018-03-01,linear_quantile,DQG,Promise + state-OD profiles,0.5,full,2520,4c808a9f45d24b6c3aad7166bb65c4e89a9af4bb25bce0e8c585f59cfe5fc500,aea0d8ab535b913381acc1c4b702c65f28b04bfa563eb7da05b6a9d2963db6cd,sha256_pickle_protocol_5_fitted_wrapper,6,3.20858433735,3.1644759708,3.1644759708,0.000200061131762,0.000200061131762,0.0139442977007,0.5,5092f5e7034c263ff007ff4a6fab61efb011668930b5964c9bdd412718e5736f,1328,3.16384288215,0.414156626506,-0.085843373494,6.40719517369,6.22332397585,7,10.0165662651,8.63791288886,15.4924582333,linear_quantile,DQG,1328,0.414156626506,DQG-DQ0,DQ0,DQ0,6,True,-0.00502930204561,3,True,-0.00443833023516,3,False,False,True,True,0.0201086034278,True,False,True,False,Not-supported,Not-supported,nonpositive_median_skill_or_fewer_than_four_favourable_months,,-0.00063308864415
later,2018-03,2018-03,2018-03-01,linear_quantile,DQG,Promise + state-OD profiles,0.9,full,2520,4c808a9f45d24b6c3aad7166bb65c4e89a9af4bb25bce0e8c585f59cfe5fc500,7aed502ca3cc80e8fd5fca9e67de9470caee019c0ffaeabd52d916a9b02fc91a,sha256_pickle_protocol_5_fitted_wrapper,21,2.11942771084,2.11942771084,2.11942771084,0,0,0,0.9,5092f5e7034c263ff007ff4a6fab61efb011668930b5964c9bdd412718e5736f,1328,2.11942771084,0.888554216867,-0.0114457831325,21,21,7,10.0165662651,9.16216216216,20,linear_quantile,DQG,1328,0.888554216867,DQG-DQ0,DQ0,DQ0,6,True,-0.00250912580818,3,True,-0.00192141993833,3,False,False,True,True,0.00439664202777,True,False,True,False,Not-supported,Not-supported,nonpositive_median_skill_or_fewer_than_four_favourable_months,,0
later,2018-03,2018-03,2018-03-01,linear_quantile,DQS,Promise + seller profiles,0.5,full,2520,4c808a9f45d24b6c3aad7166bb65c4e89a9af4bb25bce0e8c585f59cfe5fc500,7d57369f9adf2b6e75d0e46d4d77821a6d285c519e65fb37668473fee59579cd,sha256_pickle_protocol_5_fitted_wrapper,6,3.20858433735,3.1644759708,3.1644759708,-0.00377796652258,-0.00377796652258,0.01002095594,0.5,5092f5e7034c263ff007ff4a6fab61efb011668930b5964c9bdd412718e5736f,1328,3.17643125507,0.417921686747,-0.082078313253,6.12802023959,6.2098775357,7,10.0165662651,8.72696251363,15.3966536866,linear_quantile,DQS,1328,0.417921686747,DQS-DQ0,DQ0,DQ0,6,True,0.000519832297006,3,True,-0.00279893963735,2,False,False,True,True,0.00107991360691,True,False,True,False,Not-supported,Not-supported,nonpositive_median_skill_or_fewer_than_four_favourable_months,,0.0119552842792
later,2018-03,2018-03,2018-03-01,linear_quantile,DQS,Promise + seller profiles,0.9,full,2520,4c808a9f45d24b6c3aad7166bb65c4e89a9af4bb25bce0e8c585f59cfe5fc500,1acc56388b7d08f0bb31d59c95cc6263ba90ca2aee3083f6bbf73535ec7ed427,sha256_pickle_protocol_5_fitted_wrapper,21,2.11942771084,2.11942771084,2.11942771084,-0.00299808035535,-0.00299808035535,-0.00299808035535,0.9,5092f5e7034c263ff007ff4a6fab61efb011668930b5964c9bdd412718e5736f,1328,2.12578192543,0.882530120482,-0.0174698795181,20.8090221512,20.7708266798,7,10.0165662651,8.94149111467,19.3700172624,linear_quantile,DQS,1328,0.882530120482,DQS-DQ0,DQ0,DQ0,6,True,-0.00243285667054,1,True,-0.00562775234751,1,False,False,True,True,0,True,False,True,False,Not-supported,Not-supported,nonpositive_median_skill_or_fewer_than_four_favourable_months,,0.00635421458446
later,2018-03,2018-03,2018-03-01,lognormal_ridge,DQB,Promise + both profile blocks,0.5,full,2520,4c808a9f45d24b6c3aad7166bb65c4e89a9af4bb25bce0e8c585f59cfe5fc500,4a280948bb55be6aea84a636da8b7cd35938f8528c1ca44497ade06ff6aa7e01,sha256_pickle_protocol_5_fitted_wrapper,6,3.20858433735,3.22641925777,3.22641925777,-0.00732900410389,-0.00732900410389,-0.0129282437487,0.5,5092f5e7034c263ff007ff4a6fab61efb011668930b5964c9bdd412718e5736f,1328,3.25006569775,0.373493975904,-0.126506024096,5.53808522642,5.55708557111,7,10.0165662651,8.74661349447,16.1875926772,lognormal_ridge,DQB,1328,0.373493975904,DQB-DQ0,DQ0,DQ0,6,True,-0.00310524681375,3,True,-0.00832253844491,2,False,False,True,True,0.0023020120183,True,False,True,False,Not-supported,Not-supported,nonpositive_median_skill_or_fewer_than_four_favourable_months,,0.0236464399811
later,2018-03,2018-03,2018-03-01,lognormal_ridge,DQB,Promise + both profile blocks,0.9,full,2520,4c808a9f45d24b6c3aad7166bb65c4e89a9af4bb25bce0e8c585f59cfe5fc500,4a280948bb55be6aea84a636da8b7cd35938f8528c1ca44497ade06ff6aa7e01,sha256_pickle_protocol_5_fitted_wrapper,21,2.11942771084,2.13317220082,2.13317220082,-0.00815696424448,-0.00815696424448,-0.0146948627649,0.9,5092f5e7034c263ff007ff4a6fab61efb011668930b5964c9bdd412718e5736f,1328,2.15057241019,0.881777108434,-0.0182228915663,20.7407548033,20.8119132406,7,10.0165662651,9.05947823174,19.91040323,lognormal_ridge,DQB,1328,0.881777108434,DQB-DQ0,DQ0,DQ0,6,True,-0.00285088634486,3,True,-0.00534709363048,2,False,False,True,True,-0.00236936296064,True,False,True,False,Not-supported,Not-supported,nonpositive_median_skill_or_fewer_than_four_favourable_months,,0.0174002093695
later,2018-03,2018-03,2018-03-01,lognormal_ridge,DQG,Promise + state-OD profiles,0.5,full,2520,4c808a9f45d24b6c3aad7166bb65c4e89a9af4bb25bce0e8c585f59cfe5fc500,a6ff887dd9f19f629d00f2a5f9846267e653d6c3a14ac101a548db4e6f6f1f65,sha256_pickle_protocol_5_fitted_wrapper,6,3.20858433735,3.22641925777,3.22641925777,-0.00519058674699,-0.00519058674699,-0.010777939996,0.5,5092f5e7034c263ff007ff4a6fab61efb011668930b5964c9bdd412718e5736f,1328,3.24316626681,0.369728915663,-0.130271084337,5.57237074772,5.56286310468,7,10.0165662651,8.67883357326,16.1712674277,lognormal_ridge,DQG,1328,0.369728915663,DQG-DQ0,DQ0,DQ0,6,True,-0.00515987974753,1,True,-0.0057986325913,1,False,False,True,True,0.0149488800272,True,False,True,False,Not-supported,Not-supported,nonpositive_median_skill_or_fewer_than_four_favourable_months,,0.0167470090396
later,2018-03,2018-03,2018-03-01,lognormal_ridge,DQG,Promise + state-OD profiles,0.9,full,2520,4c808a9f45d24b6c3aad7166bb65c4e89a9af4bb25bce0e8c585f59cfe5fc500,a6ff887dd9f19f629d00f2a5f9846267e653d6c3a14ac101a548db4e6f6f1f65,sha256_pickle_protocol_5_fitted_wrapper,21,2.11942771084,2.13317220082,2.13317220082,0.00151182100203,0.00151182100203,-0.00496337544025,0.9,5092f5e7034c263ff007ff4a6fab61efb011668930b5964c9bdd412718e5736f,1328,2.12994722629,0.885542168675,-0.0144578313253,20.9288078499,20.8930988773,7,10.0165662651,9.10635780003,19.7496809801,lognormal_ridge,DQG,1328,0.885542168675,DQG-DQ0,DQ0,DQ0,6,True,0.00197958322708,4,True,0.00419513964845,4,True,True,False,True,-0.00112866817156,True,False,True,True,Supported,Supported,positive_median_four_months_support_and_coverage_guards_pass,,-0.00322497453415
later,2018-03,2018-03,2018-03-01,lognormal_ridge,DQS,Promise + seller profiles,0.5,full,2520,4c808a9f45d24b6c3aad7166bb65c4e89a9af4bb25bce0e8c585f59cfe5fc500,d68cd7fc150b28c22718a679bb4c1ef3dd28d7ae32d92b1c7dd393d105e2c2e8,sha256_pickle_protocol_5_fitted_wrapper,6,3.20858433735,3.22641925777,3.22641925777,-0.00315975376192,-0.00315975376192,-0.008735818623,0.5,5092f5e7034c263ff007ff4a6fab61efb011668930b5964c9bdd412718e5736f,1328,3.23661394816,0.381777108434,-0.118222891566,5.51680060012,5.61504881495,7,10.0165662651,8.79516554205,16.098997434,lognormal_ridge,DQS,1328,0.381777108434,DQS-DQ0,DQ0,DQ0,6,True,0.00136094074254,3,True,-0.00363194268387,2,False,False,True,True,0.00242248692394,True,False,True,False,Not-supported,Not-supported,nonpositive_median_skill_or_fewer_than_four_favourable_months,,0.0101946903873
later,2018-03,2018-03,2018-03-01,lognormal_ridge,DQS,Promise + seller profiles,0.9,full,2520,4c808a9f45d24b6c3aad7166bb65c4e89a9af4bb25bce0e8c585f59cfe5fc500,d68cd7fc150b28c22718a679bb4c1ef3dd28d7ae32d92b1c7dd393d105e2c2e8,sha256_pickle_protocol_5_fitted_wrapper,21,2.11942771084,2.13317220082,2.13317220082,-0.00763120743246,-0.00763120743246,-0.0141656964196,0.9,5092f5e7034c263ff007ff4a6fab61efb011668930b5964c9bdd412718e5736f,1328,2.14945088038,0.888554216867,-0.0114457831325,20.7603897525,21.1301097008,7,10.0165662651,9.31481216813,20.1042534524,lognormal_ridge,DQS,1328,0.888554216867,DQS-DQ0,DQ0,DQ0,6,True,-0.00290758792723,2,True,-0.00390278023085,2,False,False,True,True,0.00312589450675,True,False,True,False,Not-supported,Not-supported,nonpositive_median_skill_or_fewer_than_four_favourable_months,,0.0162786795537
later,2018-03,2018-03,2018-03-01,random_forest_leaf_weighted_quantile,DQB,Promise + both profile blocks,0.5,full,2520,4c808a9f45d24b6c3aad7166bb65c4e89a9af4bb25bce0e8c585f59cfe5fc500,1047457fd027fbfc905c28fcae741cd85c8db7bdb1be8f03de0c98ea7e3a605e,sha256_pickle_protocol_5_fitted_wrapper,6,3.20858433735,3.22778614458,3.22778614458,-0.00198296978887,-0.00198296978887,-0.00797934757099,0.5,5092f5e7034c263ff007ff4a6fab61efb011668930b5964c9bdd412718e5736f,1328,3.23418674699,0.422439759036,-0.0775602409639,6,5.84186746988,7,10.0165662651,9.21382007823,16,random_forest_leaf_weighted_quantile,DQB,1328,0.422439759036,DQB-DQ0,DQ0,DQ0,6,True,0.00714874448574,4,True,0.00219154065308,4,True,True,False,True,0.0295212540302,True,False,True,True,Supported,Supported,positive_median_four_months_support_and_coverage_guards_pass,,0.00640060240964
later,2018-03,2018-03,2018-03-01,random_forest_leaf_weighted_quantile,DQB,Promise + both profile blocks,0.9,full,2520,4c808a9f45d24b6c3aad7166bb65c4e89a9af4bb25bce0e8c585f59cfe5fc500,1047457fd027fbfc905c28fcae741cd85c8db7bdb1be8f03de0c98ea7e3a605e,sha256_pickle_protocol_5_fitted_wrapper,21,2.11942771084,2.4219126506,2.4219126506,0.041289680689,0.041289680689,-0.0955375541818,0.9,5092f5e7034c263ff007ff4a6fab61efb011668930b5964c9bdd412718e5736f,1328,2.3219126506,0.843373493976,-0.0566265060241,17,18.0097891566,7,10.0165662651,9.72115384615,19,random_forest_leaf_weighted_quantile,DQB,1328,0.843373493976,DQB-DQ0,DQ0,DQ0,6,True,0.0482986236869,5,True,0.025024656592,4,True,True,False,True,0.0172347055609,True,False,True,True,Supported,Supported,positive_median_four_months_support_and_coverage_guards_pass,,-0.1
later,2018-03,2018-03,2018-03-01,random_forest_leaf_weighted_quantile,DQG,Promise + state-OD profiles,0.5,full,2520,4c808a9f45d24b6c3aad7166bb65c4e89a9af4bb25bce0e8c585f59cfe5fc500,f7f47042909f033df91939b6c47f4fdaf6f39d37997287c524360e5adcd49b1c,sha256_pickle_protocol_5_fitted_wrapper,6,3.20858433735,3.22778614458,3.22778614458,-0.0134142073953,-0.0134142073953,-0.019478995541,0.5,5092f5e7034c263ff007ff4a6fab61efb011668930b5964c9bdd412718e5736f,1328,3.27108433735,0.405120481928,-0.0948795180723,5,5.56174698795,7,10.0165662651,9.24303797468,16,random_forest_leaf_weighted_quantile,DQG,1328,0.405120481928,DQG-DQ0,DQ0,DQ0,6,True,-0.00395175137805,2,True,-0.00273863255938,3,False,False,True,True,0.0427068073784,True,False,True,False,Not-supported,Not-supported,nonpositive_median_skill_or_fewer_than_four_favourable_months,,0.0432981927711
later,2018-03,2018-03,2018-03-01,random_forest_leaf_weighted_quantile,DQG,Promise + state-OD profiles,0.9,full,2520,4c808a9f45d24b6c3aad7166bb65c4e89a9af4bb25bce0e8c585f59cfe5fc500,f7f47042909f033df91939b6c47f4fdaf6f39d37997287c524360e5adcd49b1c,sha256_pickle_protocol_5_fitted_wrapper,21,2.11942771084,2.4219126506,2.4219126506,-0.0114728103722,-0.0114728103722,-0.155830313366,0.9,5092f5e7034c263ff007ff4a6fab61efb011668930b5964c9bdd412718e5736f,1328,2.44969879518,0.826054216867,-0.0739457831325,16,17.1340361446,7,10.0165662651,9.99134199134,19,random_forest_leaf_weighted_quantile,DQG,1328,0.826054216867,DQG-DQ0,DQ0,DQ0,6,True,0.0115657390639,4,True,-0.00106974430355,3,False,False,True,True,0.0312415009927,False,True,True,False,Not-supported,Not-supported,gain_confined_to_lower_support_orders,,0.0277861445783
later,2018-03,2018-03,2018-03-01,random_forest_leaf_weighted_quantile,DQS,Promise + seller profiles,0.5,full,2520,4c808a9f45d24b6c3aad7166bb65c4e89a9af4bb25bce0e8c585f59cfe5fc500,073aa9283f80745395237bd06fdc11ce0dba885371264842f2a5785049792466,sha256_pickle_protocol_5_fitted_wrapper,6,3.20858433735,3.22778614458,3.22778614458,0.0134142073953,0.0134142073953,0.00750997418446,0.5,5092f5e7034c263ff007ff4a6fab61efb011668930b5964c9bdd412718e5736f,1328,3.18448795181,0.439759036145,-0.0602409638554,6,6.01957831325,7,10.0165662651,9.25134408602,16,random_forest_leaf_weighted_quantile,DQS,1328,0.439759036145,DQS-DQ0,DQ0,DQ0,6,True,0.0154878362616,6,True,0.0139352724661,6,True,True,False,True,0.0110967628614,True,False,True,True,Supported,Supported,positive_median_four_months_support_and_coverage_guards_pass,,-0.0432981927711
later,2018-03,2018-03,2018-03-01,random_forest_leaf_weighted_quantile,DQS,Promise + seller profiles,0.9,full,2520,4c808a9f45d24b6c3aad7166bb65c4e89a9af4bb25bce0e8c585f59cfe5fc500,073aa9283f80745395237bd06fdc11ce0dba885371264842f2a5785049792466,sha256_pickle_protocol_5_fitted_wrapper,21,2.11942771084,2.4219126506,2.4219126506,0.104156950533,0.104156950533,-0.0236978611526,0.9,5092f5e7034c263ff007ff4a6fab61efb011668930b5964c9bdd412718e5736f,1328,2.16965361446,0.875,-0.025,20,19.6950301205,7,10.0165662651,9.61445783133,19,random_forest_leaf_weighted_quantile,DQS,1328,0.875,DQS-DQ0,DQ0,DQ0,6,True,0.0627893466798,6,True,0.0774630498739,6,True,True,False,True,-0.00235824507533,True,False,True,True,Supported,Supported,positive_median_four_months_support_and_coverage_guards_pass,,-0.252259036145
later,2018-03,2018-03,2018-03-01,xgboost_quantile,DQB,Promise + both profile blocks,0.5,full,2520,4c808a9f45d24b6c3aad7166bb65c4e89a9af4bb25bce0e8c585f59cfe5fc500,f4261db97c452e33e753a873a51f100ed50a2e93a25b0ffb7ce02a657d20b5d2,sha256_pickle_protocol_5_fitted_wrapper,6,3.20858433735,3.20691263999,3.20691263999,-0.000220134753786,-0.000220134753786,0.000300987705158,0.5,5092f5e7034c263ff007ff4a6fab61efb011668930b5964c9bdd412718e5736f,1328,3.20761859291,0.426204819277,-0.0737951807229,6,5.99255653569,7,10.0165662651,9.09666660326,15.9789998531,xgboost_quantile,DQB,1328,0.426204819277,DQB-DQ0,DQ0,DQ0,6,True,-0.000152139854368,2,True,-0.000254464465177,1,False,False,True,True,-0.000880974879912,True,False,True,False,Not-supported,Not-supported,nonpositive_median_skill_or_fewer_than_four_favourable_months,,0.000705952924418
later,2018-03,2018-03,2018-03-01,xgboost_quantile,DQB,Promise + both profile blocks,0.9,full,2520,4c808a9f45d24b6c3aad7166bb65c4e89a9af4bb25bce0e8c585f59cfe5fc500,eb82cc9506403d0d08d70c6632b047c280afd5c388c536c30f3f42d2966b1620,sha256_pickle_protocol_5_fitted_wrapper,21,2.11942771084,2.12123801766,2.12123801766,0.000645679096273,0.000645679096273,-0.000207918281368,0.9,5092f5e7034c263ff007ff4a6fab61efb011668930b5964c9bdd412718e5736f,1328,2.11986837861,0.884036144578,-0.0159638554217,20.8794879913,20.867343341,7,10.0165662651,8.92338968252,19.4130382538,xgboost_quantile,DQB,1328,0.884036144578,DQB-DQ0,DQ0,DQ0,6,True,-0.00411813543947,2,True,-0.00385617313606,2,False,False,True,True,0.00161987041037,True,False,True,False,Not-supported,Not-supported,nonpositive_median_skill_or_fewer_than_four_favourable_months,,-0.00136963904622
later,2018-03,2018-03,2018-03-01,xgboost_quantile,DQG,Promise + state-OD profiles,0.5,full,2520,4c808a9f45d24b6c3aad7166bb65c4e89a9af4bb25bce0e8c585f59cfe5fc500,955863221c4ccf7b5553f4aa6f77b1ed492f889d419aeca14877193888e6336b,sha256_pickle_protocol_5_fitted_wrapper,6,3.20858433735,3.20691263999,3.20691263999,-3.5222104759e-05,-3.5222104759e-05,0.000485804013259,0.5,5092f5e7034c263ff007ff4a6fab61efb011668930b5964c9bdd412718e5736f,1328,3.2070255942,0.421686746988,-0.078313253012,6,5.9960241149,7,10.0165662651,9.02157549063,15.9789998531,xgboost_quantile,DQG,1328,0.421686746988,DQG-DQ0,DQ0,DQ0,6,True,1.90782815425e-05,3,True,7.00762099052e-05,3,False,False,True,True,-0.000218394439115,True,False,True,False,Not-supported,Not-supported,nonpositive_median_skill_or_fewer_than_four_favourable_months,,0.000112954212959
later,2018-03,2018-03,2018-03-01,xgboost_quantile,DQG,Promise + state-OD profiles,0.9,full,2520,4c808a9f45d24b6c3aad7166bb65c4e89a9af4bb25bce0e8c585f59cfe5fc500,a9178986ce9a1762e451e3629547d0b279b06210a7feb6b778e9efc53cf11111,sha256_pickle_protocol_5_fitted_wrapper,21,2.11942771084,2.12123801766,2.12123801766,0.000551638616981,0.000551638616981,-0.000302039085231,0.9,5092f5e7034c263ff007ff4a6fab61efb011668930b5964c9bdd412718e5736f,1328,2.12006786085,0.886295180723,-0.0137048192771,20.7966537476,20.9188932353,7,10.0165662651,9.05709336136,19.7060070038,xgboost_quantile,DQG,1328,0.886295180723,DQG-DQ0,DQ0,DQ0,6,True,-0.00201792974276,2,True,-0.00249204982777,1,False,False,True,True,0.000753012048193,True,False,True,False,Not-supported,Not-supported,nonpositive_median_skill_or_fewer_than_four_favourable_months,,-0.00117015680635
later,2018-03,2018-03,2018-03-01,xgboost_quantile,DQS,Promise + seller profiles,0.5,full,2520,4c808a9f45d24b6c3aad7166bb65c4e89a9af4bb25bce0e8c585f59cfe5fc500,032fe63bda2242b0f0c0624ad6a9e9d2ea85d0da207add4aea9e6b8608c9ee5e,sha256_pickle_protocol_5_fitted_wrapper,6,3.20858433735,3.20691263999,3.20691263999,-0.000239505822538,-0.000239505822538,0.000281626728884,0.5,5092f5e7034c263ff007ff4a6fab61efb011668930b5964c9bdd412718e5736f,1328,3.20768071424,0.417168674699,-0.0828313253012,6.03000020981,6.00842627955,7,10.0165662651,8.94212524404,15.9699997902,xgboost_quantile,DQS,1328,0.417168674699,DQS-DQ0,DQ0,DQ0,6,True,7.76680377993e-05,4,True,3.65227418964e-06,3,False,False,True,True,-0.000539956803456,True,False,True,False,Not-supported,Not-supported,gain_confined_to_lower_support_orders,,0.000768074249647
later,2018-03,2018-03,2018-03-01,xgboost_quantile,DQS,Promise + seller profiles,0.9,full,2520,4c808a9f45d24b6c3aad7166bb65c4e89a9af4bb25bce0e8c585f59cfe5fc500,c6ac81016e725c31153cf0e97a654c222fa7fd877d42cf266db54ffa1586213f,sha256_pickle_protocol_5_fitted_wrapper,21,2.11942771084,2.12123801766,2.12123801766,-0.00206976208705,-0.00206976208705,-0.00292567885575,0.9,5092f5e7034c263ff007ff4a6fab61efb011668930b5964c9bdd412718e5736f,1328,2.12562847568,0.880271084337,-0.0197289156627,20.9089927673,20.9173172009,7,10.0165662651,8.64915026059,19.6802185059,xgboost_quantile,DQS,1328,0.880271084337,DQS-DQ0,DQ0,DQ0,6,True,-0.00466230145562,0,True,-0.00368460306302,1,False,False,True,True,0.00248138957816,True,False,True,False,Not-supported,Not-supported,nonpositive_median_skill_or_fewer_than_four_favourable_months,,0.00439045802656
later,2018-04,2018-04,2018-04-01,linear_quantile,DQB,Promise + both profile blocks,0.5,full,3417,c696c0bce90953fd287abfc368108f2b27970021239d0944fd1066180bd245e0,bf3fbb79ef1136f8e0355095697a68493c1df441c1b5fd4bf2fd61089d8608ca,sha256_pickle_protocol_5_fitted_wrapper,6,3.57679738562,3.52748657698,3.52748657698,-0.0025192642718,-0.0025192642718,0.0113017689787,0.5,f70654d8c209bccbb417414da1c2ceea047caa7f2467d1ed8101efa66eb66fd9,306,3.53637324788,0.434640522876,-0.0653594771242,5.94312701111,5.92373955248,7,10.3954248366,10.2098153892,16.2371805174,linear_quantile,DQB,306,0.434640522876,DQB-DQ0,DQ0,DQ0,6,True,-0.00174129588923,2,True,-0.00465990824144,3,False,False,True,True,0.0119368318344,True,False,True,False,Not-supported,Not-supported,nonpositive_median_skill_or_fewer_than_four_favourable_months,,0.00888667090265
later,2018-04,2018-04,2018-04-01,linear_quantile,DQB,Promise + both profile blocks,0.9,full,3417,c696c0bce90953fd287abfc368108f2b27970021239d0944fd1066180bd245e0,1b2bb9d4b79cd65a19cf5421df11ceed2e6897b4135bff693311b80417d588fc,sha256_pickle_protocol_5_fitted_wrapper,20,2.82973856209,2.79578259528,2.79578259528,-0.00688425677392,-0.00688425677392,0.00519803551308,0.9,f70654d8c209bccbb417414da1c2ceea047caa7f2467d1ed8101efa66eb66fd9,306,2.81502948055,0.882352941176,-0.0176470588235,18.6949412398,18.8362682839,7,10.3954248366,16.7530336545,17.8015538502,linear_quantile,DQB,306,0.882352941176,DQB-DQ0,DQ0,DQ0,6,True,-0.00513196219554,1,True,-0.00467413404641,2,False,False,True,True,0.00649359815921,True,False,True,False,Not-supported,Not-supported,nonpositive_median_skill_or_fewer_than_four_favourable_months,,0.01924688527
later,2018-04,2018-04,2018-04-01,linear_quantile,DQG,Promise + state-OD profiles,0.5,full,3417,c696c0bce90953fd287abfc368108f2b27970021239d0944fd1066180bd245e0,74b7aa09f55067ff16e5a264f3f2934ebf745f4b8b5a952b39089caa2b62b375,sha256_pickle_protocol_5_fitted_wrapper,6,3.57679738562,3.52748657698,3.52748657698,-0.010258665223,-0.010258665223,0.00366906574569,0.5,f70654d8c209bccbb417414da1c2ceea047caa7f2467d1ed8101efa66eb66fd9,306,3.56367388085,0.43137254902,-0.0686274509804,5.80705934339,5.80711274674,7,10.3954248366,10.301700904,16.3338563745,linear_quantile,DQG,306,0.43137254902,DQG-DQ0,DQ0,DQ0,6,True,-0.00502930204561,3,True,-0.00443833023516,3,False,False,True,True,0.0201086034278,True,False,True,False,Not-supported,Not-supported,nonpositive_median_skill_or_fewer_than_four_favourable_months,,0.0361873038718
later,2018-04,2018-04,2018-04-01,linear_quantile,DQG,Promise + state-OD profiles,0.9,full,3417,c696c0bce90953fd287abfc368108f2b27970021239d0944fd1066180bd245e0,1eb09e38ee31cdc69df412f272cd2d5ed6135c1be0fcf0f6ad399f5d31f8ff72,sha256_pickle_protocol_5_fitted_wrapper,20,2.82973856209,2.79578259528,2.79578259528,-0.00527164602908,-0.00527164602908,0.00679129543955,0.9,f70654d8c209bccbb417414da1c2ceea047caa7f2467d1ed8101efa66eb66fd9,306,2.8105209715,0.87908496732,-0.0209150326797,18.62217216,18.876813579,7,10.3954248366,16.2294303178,17.8153658084,linear_quantile,DQG,306,0.87908496732,DQG-DQ0,DQ0,DQ0,6,True,-0.00250912580818,3,True,-0.00192141993833,3,False,False,True,True,0.00439664202777,True,False,True,False,Not-supported,Not-supported,nonpositive_median_skill_or_fewer_than_four_favourable_months,,0.0147383762166
later,2018-04,2018-04,2018-04-01,linear_quantile,DQS,Promise + seller profiles,0.5,full,3417,c696c0bce90953fd287abfc368108f2b27970021239d0944fd1066180bd245e0,3e512af4132763872cc59c82d6fd22db8a0c8ca42f227848b6ac0c6c5925b02d,sha256_pickle_protocol_5_fitted_wrapper,6,3.57679738562,3.52748657698,3.52748657698,0.00837819287908,0.00837819287908,0.0220489904953,0.5,f70654d8c209bccbb417414da1c2ceea047caa7f2467d1ed8101efa66eb66fd9,306,3.49793261406,0.460784313725,-0.0392156862745,6.30093124666,6.26683964624,7,10.3954248366,10.315399479,15.7855733913,linear_quantile,DQS,306,0.460784313725,DQS-DQ0,DQ0,DQ0,6,True,0.000519832297006,3,True,-0.00279893963735,2,False,False,True,True,0.00107991360691,True,False,True,False,Not-supported,Not-supported,nonpositive_median_skill_or_fewer_than_four_favourable_months,,-0.0295539629203
later,2018-04,2018-04,2018-04-01,linear_quantile,DQS,Promise + seller profiles,0.9,full,3417,c696c0bce90953fd287abfc368108f2b27970021239d0944fd1066180bd245e0,f0207870696c506cbbf7835e402f4099f544761887e9a007e9e186dca33841f0,sha256_pickle_protocol_5_fitted_wrapper,20,2.82973856209,2.79578259528,2.79578259528,-0.000973328983396,-0.000973328983396,0.0110380340416,0.9,f70654d8c209bccbb417414da1c2ceea047caa7f2467d1ed8101efa66eb66fd9,306,2.79850381151,0.885620915033,-0.0143790849673,19.9353240515,19.8743225045,7,10.3954248366,16.1796542196,18.7529384034,linear_quantile,DQS,306,0.885620915033,DQS-DQ0,DQ0,DQ0,6,True,-0.00243285667054,1,True,-0.00562775234751,1,False,False,True,True,0,True,False,True,False,Not-supported,Not-supported,nonpositive_median_skill_or_fewer_than_four_favourable_months,,0.00272121623126
later,2018-04,2018-04,2018-04-01,lognormal_ridge,DQB,Promise + both profile blocks,0.5,full,3417,c696c0bce90953fd287abfc368108f2b27970021239d0944fd1066180bd245e0,045edb07863332b6d20f772c7503be49293f1023338bfc7c182f5b5d73686086,sha256_pickle_protocol_5_fitted_wrapper,6,3.57679738562,3.54905479942,3.54905479942,-0.0101399801687,-0.0101399801687,-0.00230506741016,0.5,f70654d8c209bccbb417414da1c2ceea047caa7f2467d1ed8101efa66eb66fd9,306,3.58504214471,0.401960784314,-0.0980392156863,5.20430384599,5.27503717147,7,10.3954248366,10.2756404866,17.0066653962,lognormal_ridge,DQB,306,0.401960784314,DQB-DQ0,DQ0,DQ0,6,True,-0.00310524681375,3,True,-0.00832253844491,2,False,False,True,True,0.0023020120183,True,False,True,False,Not-supported,Not-supported,nonpositive_median_skill_or_fewer_than_four_favourable_months,,0.0359873452837
later,2018-04,2018-04,2018-04-01,lognormal_ridge,DQB,Promise + both profile blocks,0.9,full,3417,c696c0bce90953fd287abfc368108f2b27970021239d0944fd1066180bd245e0,045edb07863332b6d20f772c7503be49293f1023338bfc7c182f5b5d73686086,sha256_pickle_protocol_5_fitted_wrapper,20,2.82973856209,2.75946926157,2.75946926157,-0.0269832513779,-0.0269832513779,-0.00148075595814,0.9,f70654d8c209bccbb417414da1c2ceea047caa7f2467d1ed8101efa66eb66fd9,306,2.83392871433,0.872549019608,-0.0274509803922,18.9192879033,19.1764258776,7,10.3954248366,15.3457321725,19.3305575878,lognormal_ridge,DQB,306,0.872549019608,DQB-DQ0,DQ0,DQ0,6,True,-0.00285088634486,3,True,-0.00534709363048,2,False,False,True,True,-0.00236936296064,True,False,True,False,Not-supported,Not-supported,nonpositive_median_skill_or_fewer_than_four_favourable_months,,0.0744594527547
later,2018-04,2018-04,2018-04-01,lognormal_ridge,DQG,Promise + state-OD profiles,0.5,full,3417,c696c0bce90953fd287abfc368108f2b27970021239d0944fd1066180bd245e0,7d6fb813dd372187fdc16533fe06b57cd8c780833ed333f9c142f9bbec1c1b6d,sha256_pickle_protocol_5_fitted_wrapper,6,3.57679738562,3.54905479942,3.54905479942,-0.0151736905684,-0.0151736905684,-0.00729973502115,0.5,f70654d8c209bccbb417414da1c2ceea047caa7f2467d1ed8101efa66eb66fd9,306,3.60290705876,0.401960784314,-0.0980392156863,5.12617227194,5.22186150731,7,10.3954248366,10.349971308,17.0498991651,lognormal_ridge,DQG,306,0.401960784314,DQG-DQ0,DQ0,DQ0,6,True,-0.00515987974753,1,True,-0.0057986325913,1,False,False,True,True,0.0149488800272,True,False,True,False,Not-supported,Not-supported,nonpositive_median_skill_or_fewer_than_four_favourable_months,,0.0538522593368
later,2018-04,2018-04,2018-04-01,lognormal_ridge,DQG,Promise + state-OD profiles,0.9,full,3417,c696c0bce90953fd287abfc368108f2b27970021239d0944fd1066180bd245e0,7d6fb813dd372187fdc16533fe06b57cd8c780833ed333f9c142f9bbec1c1b6d,sha256_pickle_protocol_5_fitted_wrapper,20,2.82973856209,2.75946926157,2.75946926157,-0.0134270520513,-0.0134270520513,0.0117388099221,0.9,f70654d8c209bccbb417414da1c2ceea047caa7f2467d1ed8101efa66eb66fd9,306,2.79652079898,0.87908496732,-0.0209150326797,18.7262947881,19.0758547979,7,10.3954248366,15.9490326398,18.8018227618,lognormal_ridge,DQG,306,0.87908496732,DQG-DQ0,DQ0,DQ0,6,True,0.00197958322708,4,True,0.00419513964845,4,True,True,False,True,-0.00112866817156,True,False,True,True,Supported,Supported,positive_median_four_months_support_and_coverage_guards_pass,,0.0370515374092
later,2018-04,2018-04,2018-04-01,lognormal_ridge,DQS,Promise + seller profiles,0.5,full,3417,c696c0bce90953fd287abfc368108f2b27970021239d0944fd1066180bd245e0,7ab270bf9aac168632e34ef4d23cf80f801bdaa9cd4637e755afbb60581a7b4d,sha256_pickle_protocol_5_fitted_wrapper,6,3.57679738562,3.54905479942,3.54905479942,0.00573021849866,0.00573021849866,0.0134420378004,0.5,f70654d8c209bccbb417414da1c2ceea047caa7f2467d1ed8101efa66eb66fd9,306,3.52871793996,0.428104575163,-0.0718954248366,5.66778772792,5.69623893989,7,10.3954248366,10.2786464676,16.3613166034,lognormal_ridge,DQS,306,0.428104575163,DQS-DQ0,DQ0,DQ0,6,True,0.00136094074254,3,True,-0.00363194268387,2,False,False,True,True,0.00242248692394,True,False,True,False,Not-supported,Not-supported,nonpositive_median_skill_or_fewer_than_four_favourable_months,,-0.0203368594644
later,2018-04,2018-04,2018-04-01,lognormal_ridge,DQS,Promise + seller profiles,0.9,full,3417,c696c0bce90953fd287abfc368108f2b27970021239d0944fd1066180bd245e0,7ab270bf9aac168632e34ef4d23cf80f801bdaa9cd4637e755afbb60581a7b4d,sha256_pickle_protocol_5_fitted_wrapper,20,2.82973856209,2.75946926157,2.75946926157,-0.00646736466363,-0.00646736466363,0.0185256713212,0.9,f70654d8c209bccbb417414da1c2ceea047caa7f2467d1ed8101efa66eb66fd9,306,2.77731575557,0.888888888889,-0.0111111111111,20.6823952963,20.7862169709,7,10.3954248366,15.6441288793,20.54381542,lognormal_ridge,DQS,306,0.888888888889,DQS-DQ0,DQ0,DQ0,6,True,-0.00290758792723,2,True,-0.00390278023085,2,False,False,True,True,0.00312589450675,True,False,True,False,Not-supported,Not-supported,nonpositive_median_skill_or_fewer_than_four_favourable_months,,0.0178464939927
later,2018-04,2018-04,2018-04-01,random_forest_leaf_weighted_quantile,DQB,Promise + both profile blocks,0.5,full,3417,c696c0bce90953fd287abfc368108f2b27970021239d0944fd1066180bd245e0,c0aa6a6d07dcb8e3fc771570fb902f7c15e1c36416c992006ca2259c0be41617,sha256_pickle_protocol_5_fitted_wrapper,6,3.57679738562,3.66339869281,3.66339869281,0.0191793041927,0.0191793041927,-0.00456829602558,0.5,f70654d8c209bccbb417414da1c2ceea047caa7f2467d1ed8101efa66eb66fd9,306,3.5931372549,0.43137254902,-0.0686274509804,5,5.43790849673,7,10.3954248366,10.6781609195,17,random_forest_leaf_weighted_quantile,DQB,306,0.43137254902,DQB-DQ0,DQ0,DQ0,6,True,0.00714874448574,4,True,0.00219154065308,4,True,True,False,True,0.0295212540302,True,False,True,True,Supported,Supported,positive_median_four_months_support_and_coverage_guards_pass,,-0.0702614379085
later,2018-04,2018-04,2018-04-01,random_forest_leaf_weighted_quantile,DQB,Promise + both profile blocks,0.9,full,3417,c696c0bce90953fd287abfc368108f2b27970021239d0944fd1066180bd245e0,c0aa6a6d07dcb8e3fc771570fb902f7c15e1c36416c992006ca2259c0be41617,sha256_pickle_protocol_5_fitted_wrapper,20,2.82973856209,3.17647058824,3.17647058824,0.0819958847737,0.0819958847737,-0.0304885090657,0.9,f70654d8c209bccbb417414da1c2ceea047caa7f2467d1ed8101efa66eb66fd9,306,2.9160130719,0.846405228758,-0.0535947712418,15,16.3202614379,7,10.3954248366,15.1276595745,18.5,random_forest_leaf_weighted_quantile,DQB,306,0.846405228758,DQB-DQ0,DQ0,DQ0,6,True,0.0482986236869,5,True,0.025024656592,4,True,True,False,True,0.0172347055609,True,False,True,True,Supported,Supported,positive_median_four_months_support_and_coverage_guards_pass,,-0.26045751634
later,2018-04,2018-04,2018-04-01,random_forest_leaf_weighted_quantile,DQG,Promise + state-OD profiles,0.5,full,3417,c696c0bce90953fd287abfc368108f2b27970021239d0944fd1066180bd245e0,95fd08428a34a9e44231281dbe6b0ccccd2b23832ed5782849f210d952ed4b86,sha256_pickle_protocol_5_fitted_wrapper,6,3.57679738562,3.66339869281,3.66339869281,-0.0035682426405,-0.0035682426405,-0.0278666057561,0.5,f70654d8c209bccbb417414da1c2ceea047caa7f2467d1ed8101efa66eb66fd9,306,3.67647058824,0.401960784314,-0.0980392156863,5,4.99673202614,7,10.3954248366,10.6612021858,17,random_forest_leaf_weighted_quantile,DQG,306,0.401960784314,DQG-DQ0,DQ0,DQ0,6,True,-0.00395175137805,2,True,-0.00273863255938,3,False,False,True,True,0.0427068073784,True,False,True,False,Not-supported,Not-supported,nonpositive_median_skill_or_fewer_than_four_favourable_months,,0.0130718954248
later,2018-04,2018-04,2018-04-01,random_forest_leaf_weighted_quantile,DQG,Promise + state-OD profiles,0.9,full,3417,c696c0bce90953fd287abfc368108f2b27970021239d0944fd1066180bd245e0,95fd08428a34a9e44231281dbe6b0ccccd2b23832ed5782849f210d952ed4b86,sha256_pickle_protocol_5_fitted_wrapper,20,2.82973856209,3.17647058824,3.17647058824,0.000720164609053,0.000720164609053,-0.121723062709,0.9,f70654d8c209bccbb417414da1c2ceea047caa7f2467d1ed8101efa66eb66fd9,306,3.17418300654,0.781045751634,-0.118954248366,14,14.8496732026,7,10.3954248366,12.4626865672,19,random_forest_leaf_weighted_quantile,DQG,306,0.781045751634,DQG-DQ0,DQ0,DQ0,6,True,0.0115657390639,4,True,-0.00106974430355,3,False,False,True,True,0.0312415009927,False,True,True,False,Not-supported,Not-supported,gain_confined_to_lower_support_orders,,-0.00228758169935
later,2018-04,2018-04,2018-04-01,random_forest_leaf_weighted_quantile,DQS,Promise + seller profiles,0.5,full,3417,c696c0bce90953fd287abfc368108f2b27970021239d0944fd1066180bd245e0,c252cf5f410071fde57965ba916cebc5e942eebf36304da43899f075b140bddf,sha256_pickle_protocol_5_fitted_wrapper,6,3.57679738562,3.66339869281,3.66339869281,0.0343443354148,0.0343443354148,0.0109639104614,0.5,f70654d8c209bccbb417414da1c2ceea047caa7f2467d1ed8101efa66eb66fd9,306,3.53758169935,0.477124183007,-0.0228758169935,6,6.0522875817,7,10.3954248366,10.91875,16.5,random_forest_leaf_weighted_quantile,DQS,306,0.477124183007,DQS-DQ0,DQ0,DQ0,6,True,0.0154878362616,6,True,0.0139352724661,6,True,True,False,True,0.0110967628614,True,False,True,True,Supported,Supported,positive_median_four_months_support_and_coverage_guards_pass,,-0.125816993464
later,2018-04,2018-04,2018-04-01,random_forest_leaf_weighted_quantile,DQS,Promise + seller profiles,0.9,full,3417,c696c0bce90953fd287abfc368108f2b27970021239d0944fd1066180bd245e0,c252cf5f410071fde57965ba916cebc5e942eebf36304da43899f075b140bddf,sha256_pickle_protocol_5_fitted_wrapper,20,2.82973856209,3.17647058824,3.17647058824,0.102160493827,0.102160493827,-0.00785310081996,0.9,f70654d8c209bccbb417414da1c2ceea047caa7f2467d1ed8101efa66eb66fd9,306,2.85196078431,0.872549019608,-0.0274509803922,19,18.7516339869,7,10.3954248366,15.8205128205,20,random_forest_leaf_weighted_quantile,DQS,306,0.872549019608,DQS-DQ0,DQ0,DQ0,6,True,0.0627893466798,6,True,0.0774630498739,6,True,True,False,True,-0.00235824507533,True,False,True,True,Supported,Supported,positive_median_four_months_support_and_coverage_guards_pass,,-0.324509803922
later,2018-04,2018-04,2018-04-01,xgboost_quantile,DQB,Promise + both profile blocks,0.5,full,3417,c696c0bce90953fd287abfc368108f2b27970021239d0944fd1066180bd245e0,e30597919f30026062a311dba5297cf98e4b7f40530fdbca6c56672e009646cb,sha256_pickle_protocol_5_fitted_wrapper,6,3.57679738562,3.57613561356,3.57613561356,6.85365109421e-06,6.85365109421e-06,0.000191870428428,0.5,f70654d8c209bccbb417414da1c2ceea047caa7f2467d1ed8101efa66eb66fd9,306,3.57611110397,0.464052287582,-0.0359477124183,6.03000020981,6.01549028104,7,10.3954248366,10.758658444,16,xgboost_quantile,DQB,306,0.464052287582,DQB-DQ0,DQ0,DQ0,6,True,-0.000152139854368,2,True,-0.000254464465177,1,False,False,True,True,-0.000880974879912,True,False,True,False,Not-supported,Not-supported,nonpositive_median_skill_or_fewer_than_four_favourable_months,,-2.45095857609e-05
later,2018-04,2018-04,2018-04-01,xgboost_quantile,DQB,Promise + both profile blocks,0.9,full,3417,c696c0bce90953fd287abfc368108f2b27970021239d0944fd1066180bd245e0,a5cbd19f8462073982cfab507e28275d889e809114536f078cd885a7bbe95e16,sha256_pickle_protocol_5_fitted_wrapper,20,2.82973856209,2.82454854741,2.82454854741,-0.00396523646847,-0.00396523646847,-0.00212386695517,0.9,f70654d8c209bccbb417414da1c2ceea047caa7f2467d1ed8101efa66eb66fd9,306,2.83574855032,0.882352941176,-0.0176470588235,19.4779243469,19.6417456484,7,10.3954248366,16.2444899877,18.3954935074,xgboost_quantile,DQB,306,0.882352941176,DQB-DQ0,DQ0,DQ0,6,True,-0.00411813543947,2,True,-0.00385617313606,2,False,False,True,True,0.00161987041037,True,False,True,False,Not-supported,Not-supported,nonpositive_median_skill_or_fewer_than_four_favourable_months,,0.0112000029071
later,2018-04,2018-04,2018-04-01,xgboost_quantile,DQG,Promise + state-OD profiles,0.5,full,3417,c696c0bce90953fd287abfc368108f2b27970021239d0944fd1066180bd245e0,dada9c224cdb36d90bc516491e73b2e3e278851c0529ee90cbb79ade142401a5,sha256_pickle_protocol_5_fitted_wrapper,6,3.57679738562,3.57613561356,3.57613561356,0.000267294571409,0.000267294571409,0.000452263162473,0.5,f70654d8c209bccbb417414da1c2ceea047caa7f2467d1ed8101efa66eb66fd9,306,3.57517973192,0.470588235294,-0.0294117647059,6,6.00470594799,7,10.3954248366,10.8999073329,16,xgboost_quantile,DQG,306,0.470588235294,DQG-DQ0,DQ0,DQ0,6,True,1.90782815425e-05,3,True,7.00762099052e-05,3,False,False,True,True,-0.000218394439115,True,False,True,False,Not-supported,Not-supported,nonpositive_median_skill_or_fewer_than_four_favourable_months,,-0.000955881636127
later,2018-04,2018-04,2018-04-01,xgboost_quantile,DQG,Promise + state-OD profiles,0.9,full,3417,c696c0bce90953fd287abfc368108f2b27970021239d0944fd1066180bd245e0,798c85fa3c1f40f6afeb3ec3147d41692494ec73dd2afc861014d79f5b15e310,sha256_pickle_protocol_5_fitted_wrapper,20,2.82973856209,2.82454854741,2.82454854741,-0.00120466999197,-0.00120466999197,0.000631636374954,0.9,f70654d8c209bccbb417414da1c2ceea047caa7f2467d1ed8101efa66eb66fd9,306,2.82795119628,0.882352941176,-0.0176470588235,19.6969184875,19.7297912236,7,10.3954248366,16.1033737395,18.6969184875,xgboost_quantile,DQG,306,0.882352941176,DQG-DQ0,DQ0,DQ0,6,True,-0.00201792974276,2,True,-0.00249204982777,1,False,False,True,True,0.000753012048193,True,False,True,False,Not-supported,Not-supported,nonpositive_median_skill_or_fewer_than_four_favourable_months,,0.00340264887592
later,2018-04,2018-04,2018-04-01,xgboost_quantile,DQS,Promise + seller profiles,0.5,full,3417,c696c0bce90953fd287abfc368108f2b27970021239d0944fd1066180bd245e0,d681bcead0b9be851d44ed7d8858e1cc4bc74542829d95527c36fee72eff7a8b,sha256_pickle_protocol_5_fitted_wrapper,6,3.57679738562,3.57613561356,3.57613561356,0.000315271218436,0.000315271218436,0.000500230932955,0.5,f70654d8c209bccbb417414da1c2ceea047caa7f2467d1ed8101efa66eb66fd9,306,3.57500816093,0.467320261438,-0.0326797385621,6,5.99936279752,7,10.3954248366,10.8377299952,16,xgboost_quantile,DQS,306,0.467320261438,DQS-DQ0,DQ0,DQ0,6,True,7.76680377993e-05,4,True,3.65227418964e-06,3,False,False,True,True,-0.000539956803456,True,False,True,False,Not-supported,Not-supported,gain_confined_to_lower_support_orders,,-0.00112745263218
later,2018-04,2018-04,2018-04-01,xgboost_quantile,DQS,Promise + seller profiles,0.9,full,3417,c696c0bce90953fd287abfc368108f2b27970021239d0944fd1066180bd245e0,cabc57878a3bfccb825ba9c5d162484bc5738f91997da20fb3a8d0c6551b747d,sha256_pickle_protocol_5_fitted_wrapper,20,2.82973856209,2.82454854741,2.82454854741,-0.000175950111697,-0.000175950111697,0.0016584694833,0.9,f70654d8c209bccbb417414da1c2ceea047caa7f2467d1ed8101efa66eb66fd9,306,2.82504552704,0.882352941176,-0.0176470588235,19.9414749146,19.9670246473,7,10.3954248366,15.8770271407,18.8104887009,xgboost_quantile,DQS,306,0.882352941176,DQS-DQ0,DQ0,DQ0,6,True,-0.00466230145562,0,True,-0.00368460306302,1,False,False,True,True,0.00248138957816,True,False,True,False,Not-supported,Not-supported,nonpositive_median_skill_or_fewer_than_four_favourable_months,,0.000496979632409
later,2018-05,2018-05,2018-05-01,linear_quantile,DQB,Promise + both profile blocks,0.5,full,4757,298cf3fd217511ecf0133cec058c1d045fdca37dc5bafb8f5dcc3e3b11d3505e,6225337392d548b2795e18dfc32466a6dbdb45a43c7d69bbda9aa07be871590a,sha256_pickle_protocol_5_fitted_wrapper,7,2.29571106095,2.21256456732,2.21256456732,-0.0370518262356,-0.0370518262356,0.000508311245806,0.5,1e8f737f65d16539c4d5c862ea765abd56a694c2e2362f8b4d7ef7e39e6c770f,443,2.2945441252,0.604966139955,0.104966139955,6.92562387118,6.77313403977,5,7.10383747178,6.22705061516,7.42555608583,linear_quantile,DQB,443,0.604966139955,DQB-DQ0,DQ0,DQ0,6,True,-0.00174129588923,2,True,-0.00465990824144,3,False,False,True,True,0.0119368318344,True,False,True,False,Not-supported,Not-supported,nonpositive_median_skill_or_fewer_than_four_favourable_months,,0.0819795578831
later,2018-05,2018-05,2018-05-01,linear_quantile,DQB,Promise + both profile blocks,0.9,full,4757,298cf3fd217511ecf0133cec058c1d045fdca37dc5bafb8f5dcc3e3b11d3505e,ddd7ed8882ad752f3535101c887964b8077f5e4ddb418434b5067b749a83ad75,sha256_pickle_protocol_5_fitted_wrapper,21,2.05553047404,2.03731775724,2.03731775724,-0.00975026423864,-0.00975026423864,-0.000803524778246,0.9,1e8f737f65d16539c4d5c862ea765abd56a694c2e2362f8b4d7ef7e39e6c770f,443,2.05718214371,0.972911963883,0.0729119638826,21.0505150674,21.1113142104,5,7.10383747178,24.2333725119,20.0467640682,linear_quantile,DQB,443,0.972911963883,DQB-DQ0,DQ0,DQ0,6,True,-0.00513196219554,1,True,-0.00467413404641,2,False,False,True,True,0.00649359815921,True,False,True,False,Not-supported,Not-supported,nonpositive_median_skill_or_fewer_than_four_favourable_months,,0.0198643864711
later,2018-05,2018-05,2018-05-01,linear_quantile,DQG,Promise + state-OD profiles,0.5,full,4757,298cf3fd217511ecf0133cec058c1d045fdca37dc5bafb8f5dcc3e3b11d3505e,b132c7212aa203b0126f6142eabddbec69a7a0c8fe4d72c73215c9cc9c71ee7d,sha256_pickle_protocol_5_fitted_wrapper,7,2.29571106095,2.21256456732,2.21256456732,-0.023336608912,-0.023336608912,0.0137267882568,0.5,1e8f737f65d16539c4d5c862ea765abd56a694c2e2362f8b4d7ef7e39e6c770f,443,2.26419832132,0.627539503386,0.127539503386,7.02863324673,6.70847361146,5,7.10383747178,6.60977546306,6.93208764613,linear_quantile,DQG,443,0.627539503386,DQG-DQ0,DQ0,DQ0,6,True,-0.00502930204561,3,True,-0.00443833023516,3,False,False,True,True,0.0201086034278,True,False,True,False,Not-supported,Not-supported,nonpositive_median_skill_or_fewer_than_four_favourable_months,,0.051633754
later,2018-05,2018-05,2018-05-01,linear_quantile,DQG,Promise + state-OD profiles,0.9,full,4757,298cf3fd217511ecf0133cec058c1d045fdca37dc5bafb8f5dcc3e3b11d3505e,df55acffb0ed8e0e2e427bf7765a68836e5b9a47969f6068f9a01820795b6dd2,sha256_pickle_protocol_5_fitted_wrapper,21,2.05553047404,2.03731775724,2.03731775724,-0.00501825161635,-0.00501825161635,0.00388656056207,0.9,1e8f737f65d16539c4d5c862ea765abd56a694c2e2362f8b4d7ef7e39e6c770f,443,2.04754153037,0.975169300226,0.0751693002257,21.1491638377,21.0351440514,5,7.10383747178,26.3549105888,20.0089816551,linear_quantile,DQG,443,0.975169300226,DQG-DQ0,DQ0,DQ0,6,True,-0.00250912580818,3,True,-0.00192141993833,3,False,False,True,True,0.00439664202777,True,False,True,False,Not-supported,Not-supported,nonpositive_median_skill_or_fewer_than_four_favourable_months,,0.0102237731283
later,2018-05,2018-05,2018-05-01,linear_quantile,DQS,Promise + seller profiles,0.5,full,4757,298cf3fd217511ecf0133cec058c1d045fdca37dc5bafb8f5dcc3e3b11d3505e,d15ce67cfbb2fb1a22c0eafc4746ad4fe30e13e181e410931ceab8509e5e7794,sha256_pickle_protocol_5_fitted_wrapper,7,2.29571106095,2.21256456732,2.21256456732,-0.0125071432755,-0.0125071432755,0.0241640302765,0.5,1e8f737f65d16539c4d5c862ea765abd56a694c2e2362f8b4d7ef7e39e6c770f,443,2.24023742937,0.562076749436,0.0620767494357,6.34197376527,6.45306905964,5,7.10383747178,5.85861022938,7.1913537053,linear_quantile,DQS,443,0.562076749436,DQS-DQ0,DQ0,DQ0,6,True,0.000519832297006,3,True,-0.00279893963735,2,False,False,True,True,0.00107991360691,True,False,True,False,Not-supported,Not-supported,nonpositive_median_skill_or_fewer_than_four_favourable_months,,0.0276728620496
later,2018-05,2018-05,2018-05-01,linear_quantile,DQS,Promise + seller profiles,0.9,full,4757,298cf3fd217511ecf0133cec058c1d045fdca37dc5bafb8f5dcc3e3b11d3505e,3b19bedac06d414a056663e7f8bda6a7b13fb6e46c156763a50974cb73d75d9c,sha256_pickle_protocol_5_fitted_wrapper,21,2.05553047404,2.03731775724,2.03731775724,-0.00494981138554,-0.00494981138554,0.00395439438857,0.9,1e8f737f65d16539c4d5c862ea765abd56a694c2e2362f8b4d7ef7e39e6c770f,443,2.04740209587,0.972911963883,0.0729119638826,20.9007615679,21.0108001511,5,7.10383747178,24.243390148,19.8798799471,linear_quantile,DQS,443,0.972911963883,DQS-DQ0,DQ0,DQ0,6,True,-0.00243285667054,1,True,-0.00562775234751,1,False,False,True,True,0,True,False,True,False,Not-supported,Not-supported,nonpositive_median_skill_or_fewer_than_four_favourable_months,,0.0100843386307
later,2018-05,2018-05,2018-05-01,lognormal_ridge,DQB,Promise + both profile blocks,0.5,full,4757,298cf3fd217511ecf0133cec058c1d045fdca37dc5bafb8f5dcc3e3b11d3505e,9720c9655d6008790281b91574a5658be678e57a80d8afa86169195015240283,sha256_pickle_protocol_5_fitted_wrapper,7,2.29571106095,2.18672104806,2.18672104806,-0.019686217615,-0.019686217615,0.0287238875998,0.5,1e8f737f65d16539c4d5c862ea765abd56a694c2e2362f8b4d7ef7e39e6c770f,443,2.22976931447,0.55079006772,0.0507900677201,6.15343043888,6.1789761044,5,7.10383747178,5.99318894063,7.49017304238,lognormal_ridge,DQB,443,0.55079006772,DQB-DQ0,DQ0,DQ0,6,True,-0.00310524681375,3,True,-0.00832253844491,2,False,False,True,True,0.0023020120183,True,False,True,False,Not-supported,Not-supported,nonpositive_median_skill_or_fewer_than_four_favourable_months,,0.0430482664153
later,2018-05,2018-05,2018-05-01,lognormal_ridge,DQB,Promise + both profile blocks,0.9,full,4757,298cf3fd217511ecf0133cec058c1d045fdca37dc5bafb8f5dcc3e3b11d3505e,9720c9655d6008790281b91574a5658be678e57a80d8afa86169195015240283,sha256_pickle_protocol_5_fitted_wrapper,21,2.05553047404,2.04233502825,2.04233502825,-0.0541784325427,-0.0541784325427,-0.0474111505494,0.9,1e8f737f65d16539c4d5c862ea765abd56a694c2e2362f8b4d7ef7e39e6c770f,443,2.1529855388,0.975169300226,0.0751693002257,22.3425029346,22.4352567428,5,7.10383747178,24.9627927257,23.6224786292,lognormal_ridge,DQB,443,0.975169300226,DQB-DQ0,DQ0,DQ0,6,True,-0.00285088634486,3,True,-0.00534709363048,2,False,False,True,True,-0.00236936296064,True,False,True,False,Not-supported,Not-supported,nonpositive_median_skill_or_fewer_than_four_favourable_months,,0.110650510557
later,2018-05,2018-05,2018-05-01,lognormal_ridge,DQG,Promise + state-OD profiles,0.5,full,4757,298cf3fd217511ecf0133cec058c1d045fdca37dc5bafb8f5dcc3e3b11d3505e,9379e246870d23ebd4461e11db0076758086f9800a59c4541b0e03095f98a65c,sha256_pickle_protocol_5_fitted_wrapper,7,2.29571106095,2.18672104806,2.18672104806,-0.00784992672832,-0.00784992672832,0.0399982447492,0.5,1e8f737f65d16539c4d5c862ea765abd56a694c2e2362f8b4d7ef7e39e6c770f,443,2.20388664806,0.562076749436,0.0620767494357,6.16368163339,6.07125336867,5,7.10383747178,6.21154208211,7.03826761525,lognormal_ridge,DQG,443,0.562076749436,DQG-DQ0,DQ0,DQ0,6,True,-0.00515987974753,1,True,-0.0057986325913,1,False,False,True,True,0.0149488800272,True,False,True,False,Not-supported,Not-supported,nonpositive_median_skill_or_fewer_than_four_favourable_months,,0.0171656000025
later,2018-05,2018-05,2018-05-01,lognormal_ridge,DQG,Promise + state-OD profiles,0.9,full,4757,298cf3fd217511ecf0133cec058c1d045fdca37dc5bafb8f5dcc3e3b11d3505e,9379e246870d23ebd4461e11db0076758086f9800a59c4541b0e03095f98a65c,sha256_pickle_protocol_5_fitted_wrapper,21,2.05553047404,2.04233502825,2.04233502825,-0.0477290469599,-0.0477290469599,-0.0410031666966,0.9,1e8f737f65d16539c4d5c862ea765abd56a694c2e2362f8b4d7ef7e39e6c770f,443,2.13981373272,0.975169300226,0.0751693002257,22.4785470851,22.1414671994,5,7.10383747178,25.6154987874,23.0534916272,lognormal_ridge,DQG,443,0.975169300226,DQG-DQ0,DQ0,DQ0,6,True,0.00197958322708,4,True,0.00419513964845,4,True,True,False,True,-0.00112866817156,True,False,True,True,Supported,Supported,positive_median_four_months_support_and_coverage_guards_pass,,0.097478704471
later,2018-05,2018-05,2018-05-01,lognormal_ridge,DQS,Promise + seller profiles,0.5,full,4757,298cf3fd217511ecf0133cec058c1d045fdca37dc5bafb8f5dcc3e3b11d3505e,f57ce7bc5865e4a80748a87fc88538a5383b179572a73d022102e38c54648fd3,sha256_pickle_protocol_5_fitted_wrapper,7,2.29571106095,2.18672104806,2.18672104806,-0.00949725096959,-0.00949725096959,0.0384291280373,0.5,1e8f737f65d16539c4d5c862ea765abd56a694c2e2362f8b4d7ef7e39e6c770f,443,2.20748888665,0.530474040632,0.0304740406321,5.71203273159,5.84196556066,5,7.10383747178,6.04529906298,7.56212912818,lognormal_ridge,DQS,443,0.530474040632,DQS-DQ0,DQ0,DQ0,6,True,0.00136094074254,3,True,-0.00363194268387,2,False,False,True,True,0.00242248692394,True,False,True,False,Not-supported,Not-supported,nonpositive_median_skill_or_fewer_than_four_favourable_months,,0.0207678385939
later,2018-05,2018-05,2018-05-01,lognormal_ridge,DQS,Promise + seller profiles,0.9,full,4757,298cf3fd217511ecf0133cec058c1d045fdca37dc5bafb8f5dcc3e3b11d3505e,f57ce7bc5865e4a80748a87fc88538a5383b179572a73d022102e38c54648fd3,sha256_pickle_protocol_5_fitted_wrapper,21,2.05553047404,2.04233502825,2.04233502825,-0.00296133207627,-0.00296133207627,0.00347716254003,0.9,1e8f737f65d16539c4d5c862ea765abd56a694c2e2362f8b4d7ef7e39e6c770f,443,2.04838306048,0.975169300226,0.0751693002257,20.9015576507,21.3770098488,5,7.10383747178,25.012014499,20.7675389256,lognormal_ridge,DQS,443,0.975169300226,DQS-DQ0,DQ0,DQ0,6,True,-0.00290758792723,2,True,-0.00390278023085,2,False,False,True,True,0.00312589450675,True,False,True,False,Not-supported,Not-supported,nonpositive_median_skill_or_fewer_than_four_favourable_months,,0.00604803222964
later,2018-05,2018-05,2018-05-01,random_forest_leaf_weighted_quantile,DQB,Promise + both profile blocks,0.5,full,4757,298cf3fd217511ecf0133cec058c1d045fdca37dc5bafb8f5dcc3e3b11d3505e,32f469bd74922c394eb58ad84281a03418e0997a874c5ffdf1dcdf22e63c731b,sha256_pickle_protocol_5_fitted_wrapper,7,2.29571106095,2.24943566591,2.24943566591,-0.0225790265931,-0.0225790265931,-0.00196656833825,0.5,1e8f737f65d16539c4d5c862ea765abd56a694c2e2362f8b4d7ef7e39e6c770f,443,2.30022573363,0.607223476298,0.107223476298,6,6.44018058691,5,7.10383747178,6.70114942529,8,random_forest_leaf_weighted_quantile,DQB,443,0.607223476298,DQB-DQ0,DQ0,DQ0,6,True,0.00714874448574,4,True,0.00219154065308,4,True,True,False,True,0.0295212540302,True,False,True,True,Supported,Supported,positive_median_four_months_support_and_coverage_guards_pass,,0.0507900677201
later,2018-05,2018-05,2018-05-01,random_forest_leaf_weighted_quantile,DQB,Promise + both profile blocks,0.9,full,4757,298cf3fd217511ecf0133cec058c1d045fdca37dc5bafb8f5dcc3e3b11d3505e,32f469bd74922c394eb58ad84281a03418e0997a874c5ffdf1dcdf22e63c731b,sha256_pickle_protocol_5_fitted_wrapper,21,2.05553047404,2.07336343115,2.07336343115,0.0553075666848,0.0553075666848,0.0471117944213,0.9,1e8f737f65d16539c4d5c862ea765abd56a694c2e2362f8b4d7ef7e39e6c770f,443,1.95869074492,0.968397291196,0.0683972911964,19,19.7155756208,5,7.10383747178,22.0714285714,23,random_forest_leaf_weighted_quantile,DQB,443,0.968397291196,DQB-DQ0,DQ0,DQ0,6,True,0.0482986236869,5,True,0.025024656592,4,True,True,False,True,0.0172347055609,True,False,True,True,Supported,Supported,positive_median_four_months_support_and_coverage_guards_pass,,-0.11467268623
later,2018-05,2018-05,2018-05-01,random_forest_leaf_weighted_quantile,DQG,Promise + state-OD profiles,0.5,full,4757,298cf3fd217511ecf0133cec058c1d045fdca37dc5bafb8f5dcc3e3b11d3505e,ed0f2b3adc7eb367f23f475b9c8945a20903968f52d6672abc99b6dda7bbf26d,sha256_pickle_protocol_5_fitted_wrapper,7,2.29571106095,2.24943566591,2.24943566591,-0.0265930757652,-0.0265930757652,-0.00589970501475,0.5,1e8f737f65d16539c4d5c862ea765abd56a694c2e2362f8b4d7ef7e39e6c770f,443,2.30925507901,0.600451467269,0.100451467269,6,6.34988713318,5,7.10383747178,6.72316384181,7.8,random_forest_leaf_weighted_quantile,DQG,443,0.600451467269,DQG-DQ0,DQ0,DQ0,6,True,-0.00395175137805,2,True,-0.00273863255938,3,False,False,True,True,0.0427068073784,True,False,True,False,Not-supported,Not-supported,nonpositive_median_skill_or_fewer_than_four_favourable_months,,0.0598194130926
later,2018-05,2018-05,2018-05-01,random_forest_leaf_weighted_quantile,DQG,Promise + state-OD profiles,0.9,full,4757,298cf3fd217511ecf0133cec058c1d045fdca37dc5bafb8f5dcc3e3b11d3505e,ed0f2b3adc7eb367f23f475b9c8945a20903968f52d6672abc99b6dda7bbf26d,sha256_pickle_protocol_5_fitted_wrapper,21,2.05553047404,2.07336343115,2.07336343115,0.0385410996189,0.0385410996189,0.0301998682188,0.9,1e8f737f65d16539c4d5c862ea765abd56a694c2e2362f8b4d7ef7e39e6c770f,443,1.9934537246,0.954853273138,0.0548532731377,19,19.611738149,5,7.10383747178,16.45,24,random_forest_leaf_weighted_quantile,DQG,443,0.954853273138,DQG-DQ0,DQ0,DQ0,6,True,0.0115657390639,4,True,-0.00106974430355,3,False,False,True,True,0.0312415009927,False,True,True,False,Not-supported,Not-supported,gain_confined_to_lower_support_orders,,-0.0799097065463
later,2018-05,2018-05,2018-05-01,random_forest_leaf_weighted_quantile,DQS,Promise + seller profiles,0.5,full,4757,298cf3fd217511ecf0133cec058c1d045fdca37dc5bafb8f5dcc3e3b11d3505e,450fa15d616d9114f7abe821fbfcc61dc1b2d7684730f6e18b17c7716ad8a365,sha256_pickle_protocol_5_fitted_wrapper,7,2.29571106095,2.24943566591,2.24943566591,0.0175614651279,0.0175614651279,0.0373647984267,0.5,1e8f737f65d16539c4d5c862ea765abd56a694c2e2362f8b4d7ef7e39e6c770f,443,2.20993227991,0.602708803612,0.102708803612,6,6.25056433409,5,7.10383747178,6.63636363636,7,random_forest_leaf_weighted_quantile,DQS,443,0.602708803612,DQS-DQ0,DQ0,DQ0,6,True,0.0154878362616,6,True,0.0139352724661,6,True,True,False,True,0.0110967628614,True,False,True,True,Supported,Supported,positive_median_four_months_support_and_coverage_guards_pass,,-0.0395033860045
later,2018-05,2018-05,2018-05-01,random_forest_leaf_weighted_quantile,DQS,Promise + seller profiles,0.9,full,4757,298cf3fd217511ecf0133cec058c1d045fdca37dc5bafb8f5dcc3e3b11d3505e,450fa15d616d9114f7abe821fbfcc61dc1b2d7684730f6e18b17c7716ad8a365,sha256_pickle_protocol_5_fitted_wrapper,21,2.05553047404,2.07336343115,2.07336343115,0.0597713663582,0.0597713663582,0.0516143202284,0.9,1e8f737f65d16539c4d5c862ea765abd56a694c2e2362f8b4d7ef7e39e6c770f,443,1.94943566591,0.966139954853,0.0661399548533,20,20.0519187359,5,7.10383747178,19.3333333333,21,random_forest_leaf_weighted_quantile,DQS,443,0.966139954853,DQS-DQ0,DQ0,DQ0,6,True,0.0627893466798,6,True,0.0774630498739,6,True,True,False,True,-0.00235824507533,True,False,True,True,Supported,Supported,positive_median_four_months_support_and_coverage_guards_pass,,-0.123927765237
later,2018-05,2018-05,2018-05-01,xgboost_quantile,DQB,Promise + both profile blocks,0.5,full,4757,298cf3fd217511ecf0133cec058c1d045fdca37dc5bafb8f5dcc3e3b11d3505e,9b7259621b7c70d11817ded82e7aa3501249a92ddb39f0f0e28874d25948013e,sha256_pickle_protocol_5_fitted_wrapper,7,2.29571106095,2.29185101464,2.29185101464,-0.00190585841492,-0.00190585841492,-0.00022123743768,0.5,1e8f737f65d16539c4d5c862ea765abd56a694c2e2362f8b4d7ef7e39e6c770f,443,2.29621895818,0.627539503386,0.127539503386,7,6.99478549828,5,7.10383747178,6.31139400367,6.05399999619,xgboost_quantile,DQB,443,0.627539503386,DQB-DQ0,DQ0,DQ0,6,True,-0.000152139854368,2,True,-0.000254464465177,1,False,False,True,True,-0.000880974879912,True,False,True,False,Not-supported,Not-supported,nonpositive_median_skill_or_fewer_than_four_favourable_months,,0.004367943542
later,2018-05,2018-05,2018-05-01,xgboost_quantile,DQB,Promise + both profile blocks,0.9,full,4757,298cf3fd217511ecf0133cec058c1d045fdca37dc5bafb8f5dcc3e3b11d3505e,d19fb9fe80a536e04336ba4bf316baccad8936ffbfd9c0168ec954846ba52b69,sha256_pickle_protocol_5_fitted_wrapper,21,2.05553047404,2.04495136915,2.04495136915,-0.00427103441048,-0.00427103441048,0.000897601492295,0.9,1e8f737f65d16539c4d5c862ea765abd56a694c2e2362f8b4d7ef7e39e6c770f,443,2.05368542682,0.97065462754,0.0706546275395,20.9402427673,20.9338536704,5,7.10383747178,22.8548404987,19.886510849,xgboost_quantile,DQB,443,0.97065462754,DQB-DQ0,DQ0,DQ0,6,True,-0.00411813543947,2,True,-0.00385617313606,2,False,False,True,True,0.00161987041037,True,False,True,False,Not-supported,Not-supported,nonpositive_median_skill_or_fewer_than_four_favourable_months,,0.00873405766541
later,2018-05,2018-05,2018-05-01,xgboost_quantile,DQG,Promise + state-OD profiles,0.5,full,4757,298cf3fd217511ecf0133cec058c1d045fdca37dc5bafb8f5dcc3e3b11d3505e,5a9f3cded6084159c5911eff7747e8a20ddb90c3c58b0cabf716aebf9740f342,sha256_pickle_protocol_5_fitted_wrapper,7,2.29571106095,2.29185101464,2.29185101464,-0.000384128450031,-0.000384128450031,0.00129793386544,0.5,1e8f737f65d16539c4d5c862ea765abd56a694c2e2362f8b4d7ef7e39e6c770f,443,2.29273137982,0.625282167043,0.125282167043,7,6.98523701179,5,7.10383747178,6.27680724787,6.05999994278,xgboost_quantile,DQG,443,0.625282167043,DQG-DQ0,DQ0,DQ0,6,True,1.90782815425e-05,3,True,7.00762099052e-05,3,False,False,True,True,-0.000218394439115,True,False,True,False,Not-supported,Not-supported,nonpositive_median_skill_or_fewer_than_four_favourable_months,,0.000880365177955
later,2018-05,2018-05,2018-05-01,xgboost_quantile,DQG,Promise + state-OD profiles,0.9,full,4757,298cf3fd217511ecf0133cec058c1d045fdca37dc5bafb8f5dcc3e3b11d3505e,009b37f0e974fd6dffc2d34c68ffeafa9283ef1268dfbc560b4507479b04b472,sha256_pickle_protocol_5_fitted_wrapper,21,2.05553047404,2.04495136915,2.04495136915,-0.00283118949356,-0.00283118949356,0.00233003602509,0.9,1e8f737f65d16539c4d5c862ea765abd56a694c2e2362f8b4d7ef7e39e6c770f,443,2.05074101399,0.972911963883,0.0729119638826,20.8249092102,20.9585949487,5,7.10383747178,24.5593760808,19.644908905,xgboost_quantile,DQG,443,0.972911963883,DQG-DQ0,DQ0,DQ0,6,True,-0.00201792974276,2,True,-0.00249204982777,1,False,False,True,True,0.000753012048193,True,False,True,False,Not-supported,Not-supported,nonpositive_median_skill_or_fewer_than_four_favourable_months,,0.00578964483119
later,2018-05,2018-05,2018-05-01,xgboost_quantile,DQS,Promise + seller profiles,0.5,full,4757,298cf3fd217511ecf0133cec058c1d045fdca37dc5bafb8f5dcc3e3b11d3505e,20f60e997fdfbbad79f29fa6951b6466cc70656a99daca011425c279e53148fa,sha256_pickle_protocol_5_fitted_wrapper,7,2.29571106095,2.29185101464,2.29185101464,2.95500583611e-05,2.95500583611e-05,0.00171091680799,0.5,1e8f737f65d16539c4d5c862ea765abd56a694c2e2362f8b4d7ef7e39e6c770f,443,2.29178329031,0.625282167043,0.125282167043,7,6.97738144252,5,7.10383747178,6.28475908486,6.03000020981,xgboost_quantile,DQS,443,0.625282167043,DQS-DQ0,DQ0,DQ0,6,True,7.76680377993e-05,4,True,3.65227418964e-06,3,False,False,True,True,-0.000539956803456,True,False,True,False,Not-supported,Not-supported,gain_confined_to_lower_support_orders,,-6.77243312377e-05
later,2018-05,2018-05,2018-05-01,xgboost_quantile,DQS,Promise + seller profiles,0.9,full,4757,298cf3fd217511ecf0133cec058c1d045fdca37dc5bafb8f5dcc3e3b11d3505e,7530444fa74063e3d9695d3b3dfd3428ff384938a6634250161e07afb7f734d9,sha256_pickle_protocol_5_fitted_wrapper,21,2.05553047404,2.04495136915,2.04495136915,-0.00510550314873,-0.00510550314873,6.74274762122e-05,0.9,1e8f737f65d16539c4d5c862ea765abd56a694c2e2362f8b4d7ef7e39e6c770f,443,2.05539187481,0.968397291196,0.0683972911964,21.032333374,21.0477081712,5,7.10383747178,20.9160806111,19.9200866699,xgboost_quantile,DQS,443,0.968397291196,DQS-DQ0,DQ0,DQ0,6,True,-0.00466230145562,0,True,-0.00368460306302,1,False,False,True,True,0.00248138957816,True,False,True,False,Not-supported,Not-supported,nonpositive_median_skill_or_fewer_than_four_favourable_months,,0.0104405056542
later,2018-06,2018-06,2018-06-01,linear_quantile,DQB,Promise + both profile blocks,0.5,full,5178,7501510af0ba154c313de0d8c08401f8276287c20a030a2abca6c55fd9cdc858,8fccc1b415c57e1762913093a4bc28818daa43d89b64ab2eff4b95774f805002,sha256_pickle_protocol_5_fitted_wrapper,7,4.83802816901,4.67386342156,4.67386342156,-0.00457526204844,-0.00457526204844,0.0295121467939,0.5,5aaff04dc19d63b5a2dd637a07f5527d21f5d0a7b23e9e0b532681e840c404ca,71,4.6952475715,0.43661971831,-0.0633802816901,7.62699709858,7.3785032607,8,13.3521126761,13.6356427955,20.8378977041,linear_quantile,DQB,71,0.43661971831,DQB-DQ0,DQ0,DQ0,6,True,-0.00174129588923,2,True,-0.00465990824144,3,False,False,True,True,0.0119368318344,True,False,True,False,Not-supported,Not-supported,nonpositive_median_skill_or_fewer_than_four_favourable_months,,0.0213841499323
later,2018-06,2018-06,2018-06-01,linear_quantile,DQB,Promise + both profile blocks,0.9,full,5178,7501510af0ba154c313de0d8c08401f8276287c20a030a2abca6c55fd9cdc858,cc027129e9094b365dafec6d1d3871332cf2e8e9cb234501f33e92c8b5e068b4,sha256_pickle_protocol_5_fitted_wrapper,23,4.03521126761,3.97537413006,3.97537413006,0.00626592947544,0.00626592947544,0.0210017631941,0.9,5aaff04dc19d63b5a2dd637a07f5527d21f5d0a7b23e9e0b532681e840c404ca,71,3.95046471613,0.830985915493,-0.069014084507,23.7385413794,23.1181554766,8,13.3521126761,17.5953409134,23.2314639573,linear_quantile,DQB,71,0.830985915493,DQB-DQ0,DQ0,DQ0,6,True,-0.00513196219554,1,True,-0.00467413404641,2,False,False,True,True,0.00649359815921,True,False,True,False,Not-supported,Not-supported,nonpositive_median_skill_or_fewer_than_four_favourable_months,,-0.0249094139375
later,2018-06,2018-06,2018-06-01,linear_quantile,DQG,Promise + state-OD profiles,0.5,full,5178,7501510af0ba154c313de0d8c08401f8276287c20a030a2abca6c55fd9cdc858,e9f1543938f6871bfc04ea9c3095ec93625f32352e00e3529f8fb668bfce8d9e,sha256_pickle_protocol_5_fitted_wrapper,7,4.83802816901,4.67386342156,4.67386342156,-0.0146642831092,-0.0146642831092,0.0197654680132,0.5,5aaff04dc19d63b5a2dd637a07f5527d21f5d0a7b23e9e0b532681e840c404ca,71,4.74240227799,0.422535211268,-0.0774647887324,7.71558017737,7.10580165558,8,13.3521126761,13.6208439747,21.7406647699,linear_quantile,DQG,71,0.422535211268,DQG-DQ0,DQ0,DQ0,6,True,-0.00502930204561,3,True,-0.00443833023516,3,False,False,True,True,0.0201086034278,True,False,True,False,Not-supported,Not-supported,nonpositive_median_skill_or_fewer_than_four_favourable_months,,0.0685388564276
later,2018-06,2018-06,2018-06-01,linear_quantile,DQG,Promise + state-OD profiles,0.9,full,5178,7501510af0ba154c313de0d8c08401f8276287c20a030a2abca6c55fd9cdc858,f1f7e0af040b51a9173adf16d2e39bc6bd5f9d933d93450542ecf2577dc89aee,sha256_pickle_protocol_5_fitted_wrapper,23,4.03521126761,3.97537413006,3.97537413006,0.00257266526916,0.00257266526916,0.017363265478,0.9,5aaff04dc19d63b5a2dd637a07f5527d21f5d0a7b23e9e0b532681e840c404ca,71,3.96514682311,0.830985915493,-0.069014084507,23.7496768716,22.8808961565,8,13.3521126761,17.8225884774,23.0535082061,linear_quantile,DQG,71,0.830985915493,DQG-DQ0,DQ0,DQ0,6,True,-0.00250912580818,3,True,-0.00192141993833,3,False,False,True,True,0.00439664202777,True,False,True,False,Not-supported,Not-supported,nonpositive_median_skill_or_fewer_than_four_favourable_months,,-0.0102273069563
later,2018-06,2018-06,2018-06-01,linear_quantile,DQS,Promise + seller profiles,0.5,full,5178,7501510af0ba154c313de0d8c08401f8276287c20a030a2abca6c55fd9cdc858,4556245351be6eb1043684a95ba59676694849ca757c5bc760e51d9e7ed34d7b,sha256_pickle_protocol_5_fitted_wrapper,7,4.83802816901,4.67386342156,4.67386342156,0.00752704713121,0.00752704713121,0.0412037984783,0.5,5aaff04dc19d63b5a2dd637a07f5527d21f5d0a7b23e9e0b532681e840c404ca,71,4.63868303131,0.43661971831,-0.0633802816901,7.23374929591,7.26130611637,8,13.3521126761,13.6392532023,21.7662507041,linear_quantile,DQS,71,0.43661971831,DQS-DQ0,DQ0,DQ0,6,True,0.000519832297006,3,True,-0.00279893963735,2,False,False,True,True,0.00107991360691,True,False,True,False,Not-supported,Not-supported,nonpositive_median_skill_or_fewer_than_four_favourable_months,,-0.035180390259
later,2018-06,2018-06,2018-06-01,linear_quantile,DQS,Promise + seller profiles,0.9,full,5178,7501510af0ba154c313de0d8c08401f8276287c20a030a2abca6c55fd9cdc858,f9bfd716fa83490b8d6714fafac8e373b9a65fa8b410e24469a61fb755ede681,sha256_pickle_protocol_5_fitted_wrapper,23,4.03521126761,3.97537413006,3.97537413006,-0.00487055847565,-0.00487055847565,0.0100304154345,0.9,5aaff04dc19d63b5a2dd637a07f5527d21f5d0a7b23e9e0b532681e840c404ca,71,3.99473642223,0.830985915493,-0.069014084507,22.955435503,22.929662653,8,13.3521126761,17.9688067618,22.1965644475,linear_quantile,DQS,71,0.830985915493,DQS-DQ0,DQ0,DQ0,6,True,-0.00243285667054,1,True,-0.00562775234751,1,False,False,True,True,0,True,False,True,False,Not-supported,Not-supported,nonpositive_median_skill_or_fewer_than_four_favourable_months,,0.0193622921631
later,2018-06,2018-06,2018-06-01,lognormal_ridge,DQB,Promise + both profile blocks,0.5,full,5178,7501510af0ba154c313de0d8c08401f8276287c20a030a2abca6c55fd9cdc858,4063b0ed76da8d1a039d1340e438aa017fc332aa1ef0bf23c5ba055eeb1c6fcf,sha256_pickle_protocol_5_fitted_wrapper,7,4.83802816901,4.71583288672,4.71583288672,0.0011185104764,0.0011185104764,0.0263475090114,0.5,5aaff04dc19d63b5a2dd637a07f5527d21f5d0a7b23e9e0b532681e840c404ca,71,4.71055817823,0.408450704225,-0.0915492957746,7.17935631336,6.93212882478,8,13.3521126761,13.3895013661,21.3998824193,lognormal_ridge,DQB,71,0.408450704225,DQB-DQ0,DQ0,DQ0,6,True,-0.00310524681375,3,True,-0.00832253844491,2,False,False,True,True,0.0023020120183,True,False,True,False,Not-supported,Not-supported,nonpositive_median_skill_or_fewer_than_four_favourable_months,,-0.00527470848876
later,2018-06,2018-06,2018-06-01,lognormal_ridge,DQB,Promise + both profile blocks,0.9,full,5178,7501510af0ba154c313de0d8c08401f8276287c20a030a2abca6c55fd9cdc858,4063b0ed76da8d1a039d1340e438aa017fc332aa1ef0bf23c5ba055eeb1c6fcf,sha256_pickle_protocol_5_fitted_wrapper,23,4.03521126761,3.76806397858,3.76806397858,0.00245519155476,0.00245519155476,0.0684966881675,0.9,5aaff04dc19d63b5a2dd637a07f5527d21f5d0a7b23e9e0b532681e840c404ca,71,3.75881265972,0.87323943662,-0.0267605633803,26.5615716194,25.646900393,8,13.3521126761,19.9536340055,27.3451347011,lognormal_ridge,DQB,71,0.87323943662,DQB-DQ0,DQ0,DQ0,6,True,-0.00285088634486,3,True,-0.00534709363048,2,False,False,True,True,-0.00236936296064,True,False,True,False,Not-supported,Not-supported,nonpositive_median_skill_or_fewer_than_four_favourable_months,,-0.00925131885799
later,2018-06,2018-06,2018-06-01,lognormal_ridge,DQG,Promise + state-OD profiles,0.5,full,5178,7501510af0ba154c313de0d8c08401f8276287c20a030a2abca6c55fd9cdc858,e0ff5a2de27e3ea5f6a599ddea5d9134ba2fc25a34a7d1bb07b39a2981493e81,sha256_pickle_protocol_5_fitted_wrapper,7,4.83802816901,4.71583288672,4.71583288672,-0.00512917274808,-0.00512917274808,0.020257625078,0.5,5aaff04dc19d63b5a2dd637a07f5527d21f5d0a7b23e9e0b532681e840c404ca,71,4.74002120825,0.380281690141,-0.119718309859,7.14052954074,6.77852825099,8,13.3521126761,12.9523580199,22.0585618856,lognormal_ridge,DQG,71,0.380281690141,DQG-DQ0,DQ0,DQ0,6,True,-0.00515987974753,1,True,-0.0057986325913,1,False,False,True,True,0.0149488800272,True,False,True,False,Not-supported,Not-supported,nonpositive_median_skill_or_fewer_than_four_favourable_months,,0.0241883215271
later,2018-06,2018-06,2018-06-01,lognormal_ridge,DQG,Promise + state-OD profiles,0.9,full,5178,7501510af0ba154c313de0d8c08401f8276287c20a030a2abca6c55fd9cdc858,e0ff5a2de27e3ea5f6a599ddea5d9134ba2fc25a34a7d1bb07b39a2981493e81,sha256_pickle_protocol_5_fitted_wrapper,23,4.03521126761,3.76806397858,3.76806397858,0.00976076703673,0.00976076703673,0.0753186050365,0.9,5aaff04dc19d63b5a2dd637a07f5527d21f5d0a7b23e9e0b532681e840c404ca,71,3.7312847839,0.87323943662,-0.0267605633803,26.5059556073,25.1621911062,8,13.3521126761,20.1188514226,25.8174315012,lognormal_ridge,DQG,71,0.87323943662,DQG-DQ0,DQ0,DQ0,6,True,0.00197958322708,4,True,0.00419513964845,4,True,True,False,True,-0.00112866817156,True,False,True,True,Supported,Supported,positive_median_four_months_support_and_coverage_guards_pass,,-0.0367791946744
later,2018-06,2018-06,2018-06-01,lognormal_ridge,DQS,Promise + seller profiles,0.5,full,5178,7501510af0ba154c313de0d8c08401f8276287c20a030a2abca6c55fd9cdc858,a5e4e523e9eacbe6d61517b67a068584acab658de6ff6d7aa08c106be16fcb5a,sha256_pickle_protocol_5_fitted_wrapper,7,4.83802816901,4.71583288672,4.71583288672,0.00341003210983,0.00341003210983,0.0285811531123,0.5,5aaff04dc19d63b5a2dd637a07f5527d21f5d0a7b23e9e0b532681e840c404ca,71,4.69975174515,0.422535211268,-0.0774647887324,6.72627687641,6.76137597836,8,13.3521126761,13.8452079677,22.4001507475,lognormal_ridge,DQS,71,0.422535211268,DQS-DQ0,DQ0,DQ0,6,True,0.00136094074254,3,True,-0.00363194268387,2,False,False,True,True,0.00242248692394,True,False,True,False,Not-supported,Not-supported,nonpositive_median_skill_or_fewer_than_four_favourable_months,,-0.0160811415683
later,2018-06,2018-06,2018-06-01,lognormal_ridge,DQS,Promise + seller profiles,0.9,full,5178,7501510af0ba154c313de0d8c08401f8276287c20a030a2abca6c55fd9cdc858,a5e4e523e9eacbe6d61517b67a068584acab658de6ff6d7aa08c106be16fcb5a,sha256_pickle_protocol_5_fitted_wrapper,23,4.03521126761,3.76806397858,3.76806397858,-0.00285384377819,-0.00285384377819,0.0635391324232,0.9,5aaff04dc19d63b5a2dd637a07f5527d21f5d0a7b23e9e0b532681e840c404ca,71,3.77881744452,0.87323943662,-0.0267605633803,25.1829173392,25.314327003,8,13.3521126761,20.3738129821,26.2869947435,lognormal_ridge,DQS,71,0.87323943662,DQS-DQ0,DQ0,DQ0,6,True,-0.00290758792723,2,True,-0.00390278023085,2,False,False,True,True,0.00312589450675,True,False,True,False,Not-supported,Not-supported,nonpositive_median_skill_or_fewer_than_four_favourable_months,,0.0107534659411
later,2018-06,2018-06,2018-06-01,random_forest_leaf_weighted_quantile,DQB,Promise + both profile blocks,0.5,full,5178,7501510af0ba154c313de0d8c08401f8276287c20a030a2abca6c55fd9cdc858,032ed744a0c7c1c4d365c291048de68012297eeb2557aa944b08a2f3dbf5cb21,sha256_pickle_protocol_5_fitted_wrapper,7,4.83802816901,4.87323943662,4.87323943662,0.0028901734104,0.0028901734104,-0.00436681222707,0.5,5aaff04dc19d63b5a2dd637a07f5527d21f5d0a7b23e9e0b532681e840c404ca,71,4.85915492958,0.422535211268,-0.0774647887324,7,6.56338028169,8,13.3521126761,14.2926829268,22,random_forest_leaf_weighted_quantile,DQB,71,0.422535211268,DQB-DQ0,DQ0,DQ0,6,True,0.00714874448574,4,True,0.00219154065308,4,True,True,False,True,0.0295212540302,True,False,True,True,Supported,Supported,positive_median_four_months_support_and_coverage_guards_pass,,-0.0140845070423
later,2018-06,2018-06,2018-06-01,random_forest_leaf_weighted_quantile,DQB,Promise + both profile blocks,0.9,full,5178,7501510af0ba154c313de0d8c08401f8276287c20a030a2abca6c55fd9cdc858,032ed744a0c7c1c4d365c291048de68012297eeb2557aa944b08a2f3dbf5cb21,sha256_pickle_protocol_5_fitted_wrapper,23,4.03521126761,4.15211267606,4.15211267606,-0.0732700135685,-0.0732700135685,-0.104363001745,0.9,5aaff04dc19d63b5a2dd637a07f5527d21f5d0a7b23e9e0b532681e840c404ca,71,4.45633802817,0.816901408451,-0.0830985915493,21,21.014084507,8,13.3521126761,20.1538461538,25,random_forest_leaf_weighted_quantile,DQB,71,0.816901408451,DQB-DQ0,DQ0,DQ0,6,True,0.0482986236869,5,True,0.025024656592,4,True,True,False,True,0.0172347055609,True,False,True,True,Supported,Supported,positive_median_four_months_support_and_coverage_guards_pass,,0.304225352113
later,2018-06,2018-06,2018-06-01,random_forest_leaf_weighted_quantile,DQG,Promise + state-OD profiles,0.5,full,5178,7501510af0ba154c313de0d8c08401f8276287c20a030a2abca6c55fd9cdc858,5b36bf3406a6547ec6c9c175719ae0db0e97f167635f602adfa220564ad8dc8b,sha256_pickle_protocol_5_fitted_wrapper,7,4.83802816901,4.87323943662,4.87323943662,-0.00433526011561,-0.00433526011561,-0.0116448326055,0.5,5aaff04dc19d63b5a2dd637a07f5527d21f5d0a7b23e9e0b532681e840c404ca,71,4.89436619718,0.380281690141,-0.119718309859,6,6.43661971831,8,13.3521126761,13.4772727273,22,random_forest_leaf_weighted_quantile,DQG,71,0.380281690141,DQG-DQ0,DQ0,DQ0,6,True,-0.00395175137805,2,True,-0.00273863255938,3,False,False,True,True,0.0427068073784,True,False,True,False,Not-supported,Not-supported,nonpositive_median_skill_or_fewer_than_four_favourable_months,,0.0211267605634
later,2018-06,2018-06,2018-06-01,random_forest_leaf_weighted_quantile,DQG,Promise + state-OD profiles,0.9,full,5178,7501510af0ba154c313de0d8c08401f8276287c20a030a2abca6c55fd9cdc858,5b36bf3406a6547ec6c9c175719ae0db0e97f167635f602adfa220564ad8dc8b,sha256_pickle_protocol_5_fitted_wrapper,23,4.03521126761,4.15211267606,4.15211267606,-0.0261194029851,-0.0261194029851,-0.0558464223386,0.9,5aaff04dc19d63b5a2dd637a07f5527d21f5d0a7b23e9e0b532681e840c404ca,71,4.26056338028,0.802816901408,-0.0971830985915,21,19.9014084507,8,13.3521126761,18.2857142857,27,random_forest_leaf_weighted_quantile,DQG,71,0.802816901408,DQG-DQ0,DQ0,DQ0,6,True,0.0115657390639,4,True,-0.00106974430355,3,False,False,True,True,0.0312415009927,False,True,True,False,Not-supported,Not-supported,gain_confined_to_lower_support_orders,,0.108450704225
later,2018-06,2018-06,2018-06-01,random_forest_leaf_weighted_quantile,DQS,Promise + seller profiles,0.5,full,5178,7501510af0ba154c313de0d8c08401f8276287c20a030a2abca6c55fd9cdc858,01038c9646f2398932bf41f683c2ea52e3860c86f955a00058750b3c3fdfab10,sha256_pickle_protocol_5_fitted_wrapper,7,4.83802816901,4.87323943662,4.87323943662,0.0130057803468,0.0130057803468,0.00582241630277,0.5,5aaff04dc19d63b5a2dd637a07f5527d21f5d0a7b23e9e0b532681e840c404ca,71,4.80985915493,0.422535211268,-0.0774647887324,7,6.46478873239,8,13.3521126761,14.2926829268,23,random_forest_leaf_weighted_quantile,DQS,71,0.422535211268,DQS-DQ0,DQ0,DQ0,6,True,0.0154878362616,6,True,0.0139352724661,6,True,True,False,True,0.0110967628614,True,False,True,True,Supported,Supported,positive_median_four_months_support_and_coverage_guards_pass,,-0.0633802816901
later,2018-06,2018-06,2018-06-01,random_forest_leaf_weighted_quantile,DQS,Promise + seller profiles,0.9,full,5178,7501510af0ba154c313de0d8c08401f8276287c20a030a2abca6c55fd9cdc858,01038c9646f2398932bf41f683c2ea52e3860c86f955a00058750b3c3fdfab10,sha256_pickle_protocol_5_fitted_wrapper,23,4.03521126761,4.15211267606,4.15211267606,0.0658073270014,0.0658073270014,0.0387434554974,0.9,5aaff04dc19d63b5a2dd637a07f5527d21f5d0a7b23e9e0b532681e840c404ca,71,3.87887323944,0.830985915493,-0.069014084507,22,22,8,13.3521126761,17.8333333333,23,random_forest_leaf_weighted_quantile,DQS,71,0.830985915493,DQS-DQ0,DQ0,DQ0,6,True,0.0627893466798,6,True,0.0774630498739,6,True,True,False,True,-0.00235824507533,True,False,True,True,Supported,Supported,positive_median_four_months_support_and_coverage_guards_pass,,-0.27323943662
later,2018-06,2018-06,2018-06-01,xgboost_quantile,DQB,Promise + both profile blocks,0.5,full,5178,7501510af0ba154c313de0d8c08401f8276287c20a030a2abca6c55fd9cdc858,3e0c9552b61c7cbfdaafb03324ab125b6057a1b071c53025dd5706afffa16683,sha256_pickle_protocol_5_fitted_wrapper,7,4.83802816901,4.83496478914,4.83496478914,-0.000174785076519,-0.000174785076519,0.000458513284875,0.5,5aaff04dc19d63b5a2dd637a07f5527d21f5d0a7b23e9e0b532681e840c404ca,71,4.83580986883,0.450704225352,-0.0492957746479,6.96999979019,6.96556335772,8,13.3521126761,14.6170513202,22.0300002098,xgboost_quantile,DQB,71,0.450704225352,DQB-DQ0,DQ0,DQ0,6,True,-0.000152139854368,2,True,-0.000254464465177,1,False,False,True,True,-0.000880974879912,True,False,True,False,Not-supported,Not-supported,nonpositive_median_skill_or_fewer_than_four_favourable_months,,0.000845079690637
later,2018-06,2018-06,2018-06-01,xgboost_quantile,DQB,Promise + both profile blocks,0.9,full,5178,7501510af0ba154c313de0d8c08401f8276287c20a030a2abca6c55fd9cdc858,073f88bcb5d3164fa5df12ae38d9aa8a3d8c323a053969b4d82a0fa97c32a6ac,sha256_pickle_protocol_5_fitted_wrapper,23,4.03521126761,4.00535838167,4.00535838167,-0.0149012522261,-0.0149012522261,-0.00739291392488,0.9,5aaff04dc19d63b5a2dd637a07f5527d21f5d0a7b23e9e0b532681e840c404ca,71,4.06504323718,0.816901408451,-0.0830985915493,23.0150279999,23.0870125999,8,13.3521126761,16.8846369523,22.0203380585,xgboost_quantile,DQB,71,0.816901408451,DQB-DQ0,DQ0,DQ0,6,True,-0.00411813543947,2,True,-0.00385617313606,2,False,False,True,True,0.00161987041037,True,False,True,False,Not-supported,Not-supported,nonpositive_median_skill_or_fewer_than_four_favourable_months,,0.0596848555014
later,2018-06,2018-06,2018-06-01,xgboost_quantile,DQG,Promise + state-OD profiles,0.5,full,5178,7501510af0ba154c313de0d8c08401f8276287c20a030a2abca6c55fd9cdc858,e5dcb6f26cfdf0da3cd277c39621d0821bae027739e396412446aefb91622135,sha256_pickle_protocol_5_fitted_wrapper,7,4.83802816901,4.83496478914,4.83496478914,-0.000305874752066,-0.000305874752066,0.000327506613697,0.5,5aaff04dc19d63b5a2dd637a07f5527d21f5d0a7b23e9e0b532681e840c404ca,71,4.83644368279,0.450704225352,-0.0492957746479,6.96999979019,6.98035212638,8,13.3521126761,14.6047436152,22.0300002098,xgboost_quantile,DQG,71,0.450704225352,DQG-DQ0,DQ0,DQ0,6,True,1.90782815425e-05,3,True,7.00762099052e-05,3,False,False,True,True,-0.000218394439115,True,False,True,False,Not-supported,Not-supported,nonpositive_median_skill_or_fewer_than_four_favourable_months,,0.00147889365613
later,2018-06,2018-06,2018-06-01,xgboost_quantile,DQG,Promise + state-OD profiles,0.9,full,5178,7501510af0ba154c313de0d8c08401f8276287c20a030a2abca6c55fd9cdc858,f5b7de5bde83f074af1fc5fe3176ce8fff90071b1532dfb321f600d484c25b2f,sha256_pickle_protocol_5_fitted_wrapper,23,4.03521126761,4.00535838167,4.00535838167,-0.0140768312791,-0.0140768312791,-0.00657459212431,0.9,5aaff04dc19d63b5a2dd637a07f5527d21f5d0a7b23e9e0b532681e840c404ca,71,4.06174113583,0.816901408451,-0.0830985915493,22.9368686676,22.9428939013,8,13.3521126761,16.9453133803,22.113866806,xgboost_quantile,DQG,71,0.816901408451,DQG-DQ0,DQ0,DQ0,6,True,-0.00201792974276,2,True,-0.00249204982777,1,False,False,True,True,0.000753012048193,True,False,True,False,Not-supported,Not-supported,nonpositive_median_skill_or_fewer_than_four_favourable_months,,0.0563827541513
later,2018-06,2018-06,2018-06-01,xgboost_quantile,DQS,Promise + seller profiles,0.5,full,5178,7501510af0ba154c313de0d8c08401f8276287c20a030a2abca6c55fd9cdc858,5e35b33c6543721a626f0b66a150f92b92746c2984c0437531cd1422e0679553,sha256_pickle_protocol_5_fitted_wrapper,7,4.83802816901,4.83496478914,4.83496478914,0.000131088286495,0.000131088286495,0.000764192972641,0.5,5aaff04dc19d63b5a2dd637a07f5527d21f5d0a7b23e9e0b532681e840c404ca,71,4.83433098189,0.464788732394,-0.0352112676056,7,6.98119718256,8,13.3521126761,14.9843420982,22,xgboost_quantile,DQS,71,0.464788732394,DQS-DQ0,DQ0,DQ0,6,True,7.76680377993e-05,4,True,3.65227418964e-06,3,False,False,True,True,-0.000539956803456,True,False,True,False,Not-supported,Not-supported,gain_confined_to_lower_support_orders,,-0.000633807249472
later,2018-06,2018-06,2018-06-01,xgboost_quantile,DQS,Promise + seller profiles,0.9,full,5178,7501510af0ba154c313de0d8c08401f8276287c20a030a2abca6c55fd9cdc858,5d56c1d8e74805e789902405ae12d6dafa6dd1030a930bfdf763b0150dbc042d,sha256_pickle_protocol_5_fitted_wrapper,23,4.03521126761,4.00535838167,4.00535838167,-0.00489241804605,-0.00489241804605,0.00254187392523,0.9,5aaff04dc19d63b5a2dd637a07f5527d21f5d0a7b23e9e0b532681e840c404ca,71,4.0249542693,0.830985915493,-0.069014084507,22.9879016876,23.0657317739,8,13.3521126761,18.0670881271,21.8740329742,xgboost_quantile,DQS,71,0.830985915493,DQS-DQ0,DQ0,DQ0,6,True,-0.00466230145562,0,True,-0.00368460306302,1,False,False,True,True,0.00248138957816,True,False,True,False,Not-supported,Not-supported,nonpositive_median_skill_or_fewer_than_four_favourable_months,,0.0195958876274
