period,cohort,origin,family,ablation_id,reference_main_model,comparison,representation,n_train,fitted_model_sha256,model_hash_type,reference_fitted_model_sha256,delta_log_loss,delta_brier,n_orders,n_events,prevalence,log_loss,brier,average_precision,roc_auc,top_5pct_lift,top_10pct_lift,top_10pct_recall,calibration_intercept,calibration_slope,wace,calibration_invalid_reason,order_id_sha256,constituent_fitted_model_count,benefit_not_metadata_only,score_contributes,cohort_month
later,2018-01,2018-01-01,logistic_l2,seller_score_only,M2,M2-M1,score_only,35981,9f4aa887001bed97f4b49ae881048d9ae41d04c89f086d9f08010794344b4854,fitted_model,83843cd4a716d018db66bc898e48009756185c03e7ae9c5a07f043c433663cb8,-0.00208581268628,-0.000263655735621,7069,403,0.0570094780025,0.207799856303,0.0523814618441,0.12135874841,0.67560726296,2.97304117424,2.65471130594,0.265508684864,-0.017554525676,0.988515651279,0.00806733079432,,ee393306bea41ea6bceb8fcfabd7cbb43b7db39a083d42187f0a69ab3a3539a6,,True,True,2018-01
later,2018-01,2018-01-01,logistic_l2,seller_metadata_only,M2,M2-M1,metadata_only,35981,a2e25dbf65cd455654ddf2e6913f0bf6a375c624e935d26d5803373b1ba3fb91,fitted_model,83843cd4a716d018db66bc898e48009756185c03e7ae9c5a07f043c433663cb8,-0.00132478092786,-0.000152437663377,7069,403,0.0570094780025,0.208560888062,0.0524926799163,0.118527927019,0.674228092784,3.12169323296,2.45622821765,0.245657568238,0.0694989638069,0.979666164869,0.00745374927738,,ee393306bea41ea6bceb8fcfabd7cbb43b7db39a083d42187f0a69ab3a3539a6,,True,True,2018-01
later,2018-01,2018-01-01,logistic_l2,seller_full,M2,M2-M1,full,35981,6ef411f8db3aace293c4b53b91c09ca39e775347b321aedefd023d8dc83a108b,fitted_model,83843cd4a716d018db66bc898e48009756185c03e7ae9c5a07f043c433663cb8,-0.00215397601545,-0.000264474570623,7069,403,0.0570094780025,0.207731692974,0.0523806430091,0.120681705354,0.676352126528,3.07214254672,2.60509053387,0.260545905707,-0.00714649471353,0.983892900003,0.00405681185014,,ee393306bea41ea6bceb8fcfabd7cbb43b7db39a083d42187f0a69ab3a3539a6,,True,True,2018-01
later,2018-01,2018-01-01,logistic_l2,seller_s1_score_only,M2,M2-M1,score_only,35981,8954b99a2400166c356cf3c043410f2f3abc8d2307352fc739a6592a44c0c80a,fitted_model,83843cd4a716d018db66bc898e48009756185c03e7ae9c5a07f043c433663cb8,-0.00184420969048,-0.000219774842707,7069,403,0.0570094780025,0.208041459299,0.052425342737,0.118247799073,0.674591776796,3.02259186048,2.50584898972,0.250620347395,-0.0716263365812,0.977982174673,0.00645323920959,,ee393306bea41ea6bceb8fcfabd7cbb43b7db39a083d42187f0a69ab3a3539a6,,True,True,2018-01
later,2018-01,2018-01-01,logistic_l2,seller_s2_score_only,M2,M2-M1,score_only,35981,7303105052799c72d03f4c199d10b63f1322126b893c725b422332bc043e09cf,fitted_model,83843cd4a716d018db66bc898e48009756185c03e7ae9c5a07f043c433663cb8,-0.00147911626696,-0.000178682356448,7069,403,0.0570094780025,0.208406552722,0.0524664352233,0.120511554996,0.674334182798,2.82438911553,2.65471130594,0.265508684864,0.094093755721,0.993943858762,0.00604628669683,,ee393306bea41ea6bceb8fcfabd7cbb43b7db39a083d42187f0a69ab3a3539a6,,True,True,2018-01
later,2018-01,2018-01-01,logistic_l2,route_score_only,M3,M3-M1,score_only,35981,888eca2906a0cb9b9f624e16c8ab21ac067533024e5166dfc64b2b74477d9863,fitted_model,83843cd4a716d018db66bc898e48009756185c03e7ae9c5a07f043c433663cb8,-0.00361968940561,-0.000537101436076,7069,403,0.0570094780025,0.206265979584,0.0521080161436,0.128540151742,0.686639507623,3.12169323296,2.85319439424,0.285359801489,0.122429409864,1.03925806949,0.00742200956395,,ee393306bea41ea6bceb8fcfabd7cbb43b7db39a083d42187f0a69ab3a3539a6,,True,True,2018-01
later,2018-01,2018-01-01,logistic_l2,route_metadata_only,M3,M3-M1,metadata_only,35981,cff19151c1c84398b9b00036e0aacb19ccc51392f9d96f9fb599372c9800674c,fitted_model,83843cd4a716d018db66bc898e48009756185c03e7ae9c5a07f043c433663cb8,0.00129596165082,0.000149629944834,7069,403,0.0570094780025,0.21118163064,0.0527947475245,0.112836741496,0.662966544793,3.02259186048,2.50584898972,0.250620347395,-0.322024273719,0.965077655681,0.0152147108444,,ee393306bea41ea6bceb8fcfabd7cbb43b7db39a083d42187f0a69ab3a3539a6,,True,True,2018-01
later,2018-01,2018-01-01,logistic_l2,route_full,M3,M3-M1,full,35981,8b43e924d3fe0a1e7e885a59fc93042e4bb437eb8f7437804b423e0fc1665eaa,fitted_model,83843cd4a716d018db66bc898e48009756185c03e7ae9c5a07f043c433663cb8,0.000265777189737,2.57539147527e-05,7069,403,0.0570094780025,0.210151446179,0.0526708714945,0.125457215212,0.684975197272,3.12169323296,2.97724632442,0.29776674938,-0.318974538487,1.01376368564,0.0223198852069,,ee393306bea41ea6bceb8fcfabd7cbb43b7db39a083d42187f0a69ab3a3539a6,,True,True,2018-01
later,2018-01,2018-01-01,logistic_l2,route_r1_score_only,M3,M3-M1,score_only,35981,0e583d7b215e4dd5c8d77b24734a24d96123f26088de9bc112f2ae6fd2be0af4,fitted_model,83843cd4a716d018db66bc898e48009756185c03e7ae9c5a07f043c433663cb8,-0.00282352290951,-0.000429191580472,7069,403,0.0570094780025,0.20706214608,0.0522159259992,0.126954583009,0.681742615949,3.07214254672,2.70433207801,0.27047146402,0.184814424394,1.04306836491,0.00761203468161,,ee393306bea41ea6bceb8fcfabd7cbb43b7db39a083d42187f0a69ab3a3539a6,,True,True,2018-01
later,2018-01,2018-01-01,logistic_l2,route_r2_score_only,M3,M3-M1,score_only,35981,8c3620250b4ba5da3aa90bf47082e29ec1b23605bfa1cb480ab4d3e03cda2295,fitted_model,83843cd4a716d018db66bc898e48009756185c03e7ae9c5a07f043c433663cb8,-0.003037546226,-0.000403188764806,7069,403,0.0570094780025,0.206848122763,0.0522419288149,0.122794319651,0.683947799246,2.92349048801,2.67952169198,0.267990074442,-0.00965822989328,1.00422051696,0.00817654143049,,ee393306bea41ea6bceb8fcfabd7cbb43b7db39a083d42187f0a69ab3a3539a6,,True,True,2018-01
later,2018-01,2018-01-01,logistic_l2,combined_score_only,M4,M4-M1,score_only,35981,2be13b0d175cbfe67ad689801b9e9a16fe0d772154d50fdd70b1a4486ea95ed1,fitted_model,83843cd4a716d018db66bc898e48009756185c03e7ae9c5a07f043c433663cb8,-0.00548620916755,-0.000807363449068,7069,403,0.0570094780025,0.204399459822,0.0518377541306,0.138130097796,0.698636985287,3.41899735038,2.92762555235,0.292803970223,0.0981691032608,1.07112575509,0.00678476589025,,ee393306bea41ea6bceb8fcfabd7cbb43b7db39a083d42187f0a69ab3a3539a6,,True,True,2018-01
later,2018-01,2018-01-01,logistic_l2,combined_metadata_only,M4,M4-M1,metadata_only,35981,bcb090b8ac7fe06e31528bc0b29ed335d6acd082cedca99c696964f8940e5618,fitted_model,83843cd4a716d018db66bc898e48009756185c03e7ae9c5a07f043c433663cb8,-0.0006432560265,-8.20350850835e-05,7069,403,0.0570094780025,0.209242412963,0.0525630824946,0.118049677526,0.675654538159,3.22079460543,2.58028014783,0.258064516129,-0.21462437299,0.995815725655,0.0125584384548,,ee393306bea41ea6bceb8fcfabd7cbb43b7db39a083d42187f0a69ab3a3539a6,,True,True,2018-01
later,2018-01,2018-01-01,logistic_l2,combined_full,M4,M4-M1,full,35981,6720816fab4a9c8ae3e60b094a100a44306e9daa2167441fa35d6d3fd963382c,fitted_model,83843cd4a716d018db66bc898e48009756185c03e7ae9c5a07f043c433663cb8,-0.00081018609446,-2.73330059158e-05,7069,403,0.0570094780025,0.209075482895,0.0526177845738,0.135312784606,0.700075714768,3.31989597791,3.02686709649,0.302729528536,-0.292655129806,1.04915301254,0.0246834409457,,ee393306bea41ea6bceb8fcfabd7cbb43b7db39a083d42187f0a69ab3a3539a6,,True,True,2018-01
later,2018-01,2018-01-01,xgboost,seller_score_only,M2,M2-M1,score_only,35981,186cbacbbd61dad2e585b37afad1de9d2a8d661d4b964e035ff0c36bf18fcf4f,fitted_model,f04799ba413b73fe13db913d1fecfb86c795d171b388f3a8c564af76266ef290,3.72274767779e-05,3.5972413528e-06,7069,403,0.0570094780025,0.220786714017,0.0539455321422,0.0620530772423,0.484199102292,1.28831784217,1.19089852977,0.119106699752,-2.40848247315,0.128466613541,0.0161291560178,,ee393306bea41ea6bceb8fcfabd7cbb43b7db39a083d42187f0a69ab3a3539a6,,True,True,2018-01
later,2018-01,2018-01-01,xgboost,seller_metadata_only,M2,M2-M1,metadata_only,35981,b5570fd9fef954d6b73bbb3878a381cbf87c3a9d38d04aab29c76668fd1e5bf0,fitted_model,f04799ba413b73fe13db913d1fecfb86c795d171b388f3a8c564af76266ef290,0.000336272846427,3.1111284947e-05,7069,403,0.0570094780025,0.221085759387,0.0539730461858,0.0575186733643,0.47881903575,1.23876715594,1.16608814373,0.116625310174,-4.57443685628,-0.570506279587,0.0180393999543,,ee393306bea41ea6bceb8fcfabd7cbb43b7db39a083d42187f0a69ab3a3539a6,,True,True,2018-01
later,2018-01,2018-01-01,xgboost,seller_full,M2,M2-M1,full,35981,1a129a9a8fd97c1a3eca8adb85c1ca62252cb9443ccb78bfaa9c69174cd58079,fitted_model,f04799ba413b73fe13db913d1fecfb86c795d171b388f3a8c564af76266ef290,-0.000298079966785,-2.60788177379e-05,7069,403,0.0570094780025,0.220451406574,0.0539158560831,0.065278548013,0.506616480507,1.63517264583,1.24051930184,0.124069478908,0.25801949576,0.991169165683,0.0146342093379,,ee393306bea41ea6bceb8fcfabd7cbb43b7db39a083d42187f0a69ab3a3539a6,,True,True,2018-01
later,2018-01,2018-01-01,xgboost,seller_s1_score_only,M2,M2-M1,score_only,35981,6532ccc5f84d27b82d7c233003fd9540b48ced86b2e23689b6864dbeb5a89101,fitted_model,f04799ba413b73fe13db913d1fecfb86c795d171b388f3a8c564af76266ef290,-0.000661844304655,-5.81893933381e-05,7069,403,0.0570094780025,0.220087642236,0.0538837455075,0.0685220260236,0.51466219823,1.53607127336,1.38938161806,0.138957816377,1.98604641754,1.55746922276,0.0159971043331,,ee393306bea41ea6bceb8fcfabd7cbb43b7db39a083d42187f0a69ab3a3539a6,,True,True,2018-01
later,2018-01,2018-01-01,xgboost,seller_s2_score_only,M2,M2-M1,score_only,35981,7eae9bbb63898783083a89b93dd5d124a9edd2af9580f1fd1a77c2a958d6c02b,fitted_model,f04799ba413b73fe13db913d1fecfb86c795d171b388f3a8c564af76266ef290,-0.000259757640601,-2.41653365959e-05,7069,403,0.0570094780025,0.2204897289,0.0539177695643,0.0678098609032,0.480294617551,2.13067950821,1.4141920041,0.141439205955,0.878586549271,1.1908418243,0.0174737297139,,ee393306bea41ea6bceb8fcfabd7cbb43b7db39a083d42187f0a69ab3a3539a6,,True,True,2018-01
later,2018-01,2018-01-01,xgboost,route_score_only,M3,M3-M1,score_only,35981,8212f5a1db2ecb13f73ee1babf415d4fc86a45163517bc10a912d14520e757e2,fitted_model,f04799ba413b73fe13db913d1fecfb86c795d171b388f3a8c564af76266ef290,-0.000513323850633,-4.33860338005e-05,7069,403,0.0570094780025,0.22023616269,0.0538985488671,0.069146898319,0.526732263797,1.93247676326,1.48862316221,0.14888337469,2.05357366647,1.5741576689,0.0207159531596,,ee393306bea41ea6bceb8fcfabd7cbb43b7db39a083d42187f0a69ab3a3539a6,,True,True,2018-01
later,2018-01,2018-01-01,xgboost,route_metadata_only,M3,M3-M1,metadata_only,35981,199c5b80ebecd9c5accd496afe66719221bc7360564f6cf7adadc80c3308cb5f,fitted_model,f04799ba413b73fe13db913d1fecfb86c795d171b388f3a8c564af76266ef290,0.00026344158715,2.41639885356e-05,7069,403,0.0570094780025,0.221012928128,0.0539660988894,0.0573194778671,0.470293121124,0.941463038511,1.16608814373,0.116625310174,-4.99224626563,-0.708226443783,0.0149919582756,,ee393306bea41ea6bceb8fcfabd7cbb43b7db39a083d42187f0a69ab3a3539a6,,True,True,2018-01
later,2018-01,2018-01-01,xgboost,route_full,M3,M3-M1,full,35981,ac333b3e141919705ab7882329a582e7544a44fd6a5f549b3c3cad135ec6d916,fitted_model,f04799ba413b73fe13db913d1fecfb86c795d171b388f3a8c564af76266ef290,-0.000961957672704,-7.93668030932e-05,7069,403,0.0570094780025,0.219787528868,0.0538625680978,0.0708803941601,0.548450378537,1.83337539078,1.4141920041,0.141439205955,3.86501990836,2.17383761955,0.017772840225,,ee393306bea41ea6bceb8fcfabd7cbb43b7db39a083d42187f0a69ab3a3539a6,,True,True,2018-01
later,2018-01,2018-01-01,xgboost,route_r1_score_only,M3,M3-M1,score_only,35981,bc29a81b203b419d8807671d729a67ceefb1e5a888588c628515f63cf0b9222d,fitted_model,f04799ba413b73fe13db913d1fecfb86c795d171b388f3a8c564af76266ef290,-0.000434621192171,-3.51424721164e-05,7069,403,0.0570094780025,0.220314865348,0.0539067924288,0.0685146644935,0.521097395099,1.78382470455,1.31495045995,0.131513647643,3.25000162557,1.95888702291,0.0193359641252,,ee393306bea41ea6bceb8fcfabd7cbb43b7db39a083d42187f0a69ab3a3539a6,,True,True,2018-01
later,2018-01,2018-01-01,xgboost,route_r2_score_only,M3,M3-M1,score_only,35981,5ba61fb19d17f0a83e30ee4a86b31a44a9bd043eabe004f465957335153bb2dd,fitted_model,f04799ba413b73fe13db913d1fecfb86c795d171b388f3a8c564af76266ef290,-0.000849018316755,-7.0376404812e-05,7069,403,0.0570094780025,0.219900468224,0.0538715584961,0.0780954804234,0.555828287543,2.27933156692,1.8855893388,0.18858560794,7.83280136668,3.43876885121,0.0218921266001,,ee393306bea41ea6bceb8fcfabd7cbb43b7db39a083d42187f0a69ab3a3539a6,,True,True,2018-01
later,2018-01,2018-01-01,xgboost,combined_score_only,M4,M4-M1,score_only,35981,13519febdd10dfb6e632f9b4e78d2caab5b4fd267cedde2eb834db46935b477c,fitted_model,f04799ba413b73fe13db913d1fecfb86c795d171b388f3a8c564af76266ef290,-0.000855109406444,-7.0608853639e-05,7069,403,0.0570094780025,0.219894377134,0.0538713260472,0.0723610110824,0.561870579117,1.63517264583,1.33976084599,0.133995037221,4.66027205049,2.41935952487,0.0180495747228,,ee393306bea41ea6bceb8fcfabd7cbb43b7db39a083d42187f0a69ab3a3539a6,,True,True,2018-01
later,2018-01,2018-01-01,xgboost,combined_metadata_only,M4,M4-M1,metadata_only,35981,8f28a86320387ed8c5414c5587ddf7e2f5db9d6076eea82b660763c9d5ad09d5,fitted_model,f04799ba413b73fe13db913d1fecfb86c795d171b388f3a8c564af76266ef290,-0.000197123028505,-1.61078623326e-05,7069,403,0.0570094780025,0.220552363512,0.0539258270385,0.0624095660399,0.471120809351,1.83337539078,1.26532968788,0.126550868486,-2.80577600971,2.04002131979e-05,0.0170874113694,,ee393306bea41ea6bceb8fcfabd7cbb43b7db39a083d42187f0a69ab3a3539a6,,True,True,2018-01
later,2018-01,2018-01-01,xgboost,combined_full,M4,M4-M1,full,35981,12a79e7d6445378e30cecb458f9058ff0c514e5a1d8f26fd372343f7acbecaa9,fitted_model,f04799ba413b73fe13db913d1fecfb86c795d171b388f3a8c564af76266ef290,-0.000263325816705,-2.07853543507e-05,7069,403,0.0570094780025,0.220486160724,0.0539211495465,0.0654409029965,0.520170503403,1.78382470455,1.4141920041,0.141439205955,0.410806758595,1.04050414557,0.0197894254109,,ee393306bea41ea6bceb8fcfabd7cbb43b7db39a083d42187f0a69ab3a3539a6,,True,True,2018-01
later,2018-02,2018-02-01,logistic_l2,seller_score_only,M2,M2-M1,score_only,42578,834785d7c24ae6dece40b973cc5cc923d4bfd749bd09e2c5ec5e219b9adff3b1,fitted_model,f2f62d141eef47f31450850066dddfb1b25af070bd41704e15ef5ee6bb515e35,-0.010629840475,-0.000826138426226,6555,926,0.141266209001,0.517882594293,0.132430660271,0.285434288409,0.709817774891,2.69772625507,2.53586267977,0.253779697624,3.08676499017,1.31517060697,0.117262561405,,02786257f3541e7684cbb92ee3533cd5479cfac0aa39a1f4199a4465c8ee2f98,,True,True,2018-02
later,2018-02,2018-02-01,logistic_l2,seller_metadata_only,M2,M2-M1,metadata_only,42578,3d36d297be76d9ef9d0597a20080a6fbceb556b42234fe39aceb84ea870da90e,fitted_model,f2f62d141eef47f31450850066dddfb1b25af070bd41704e15ef5ee6bb515e35,-0.00625359505418,-0.000568214987409,6555,926,0.141266209001,0.522258839713,0.13268858371,0.296747026717,0.710374134717,2.76247168519,2.51428086973,0.25161987041,3.30099790988,1.3583340973,0.118293983231,,02786257f3541e7684cbb92ee3533cd5479cfac0aa39a1f4199a4465c8ee2f98,,True,True,2018-02
later,2018-02,2018-02-01,logistic_l2,seller_full,M2,M2-M1,full,42578,100c14a65d3678d84b4fdbd277e97895d30ca9e68d0832e9ac4e713a2af383ff,fitted_model,f2f62d141eef47f31450850066dddfb1b25af070bd41704e15ef5ee6bb515e35,-0.00996768241447,-0.000835051014511,6555,926,0.141266209001,0.518544752353,0.132421747683,0.291600372944,0.710348427056,2.78405349523,2.50348996471,0.250539956803,3.10595452075,1.3164427293,0.117518779121,,02786257f3541e7684cbb92ee3533cd5479cfac0aa39a1f4199a4465c8ee2f98,,True,True,2018-02
later,2018-02,2018-02-01,logistic_l2,seller_s1_score_only,M2,M2-M1,score_only,42578,285be3b99dbd477eab9073509e3f602fa0774e5c5da703a58112aff128d42df4,fitted_model,f2f62d141eef47f31450850066dddfb1b25af070bd41704e15ef5ee6bb515e35,-0.0114275419241,-0.000839536685895,6555,926,0.141266209001,0.517084892844,0.132417262012,0.285199008396,0.709896624507,2.65456263499,2.56823539483,0.257019438445,3.15017318691,1.33566842167,0.117127355399,,02786257f3541e7684cbb92ee3533cd5479cfac0aa39a1f4199a4465c8ee2f98,,True,True,2018-02
later,2018-02,2018-02-01,logistic_l2,seller_s2_score_only,M2,M2-M1,score_only,42578,31dea0f7e2459758d8a3d6f0ace167ed077b188d7902159722b85c83f4501742,fitted_model,f2f62d141eef47f31450850066dddfb1b25af070bd41704e15ef5ee6bb515e35,-0.00424896108277,-0.000381867675512,6555,926,0.141266209001,0.524263473685,0.132874931022,0.286880582971,0.708702561212,2.76247168519,2.58981720487,0.259179265659,3.25512596554,1.34287892382,0.118424099249,,02786257f3541e7684cbb92ee3533cd5479cfac0aa39a1f4199a4465c8ee2f98,,True,True,2018-02
later,2018-02,2018-02-01,logistic_l2,route_score_only,M3,M3-M1,score_only,42578,bae268404c2d9f804274d79c4b3808ab60f8aed2078575a67e6fd40b2158719c,fitted_model,f2f62d141eef47f31450850066dddfb1b25af070bd41704e15ef5ee6bb515e35,-0.0281658463069,-0.00235978532711,6555,926,0.141266209001,0.500346588461,0.13089701337,0.329567308446,0.719074067608,3.194107886,2.89196254544,0.289416846652,3.12624237483,1.36366339303,0.114865383821,,02786257f3541e7684cbb92ee3533cd5479cfac0aa39a1f4199a4465c8ee2f98,,True,True,2018-02
later,2018-02,2018-02-01,logistic_l2,route_metadata_only,M3,M3-M1,metadata_only,42578,396e9986f4d2f51ac6662b01e9d68ce05df99d05040788b725657a3a0b309cef,fitted_model,f2f62d141eef47f31450850066dddfb1b25af070bd41704e15ef5ee6bb515e35,-0.0243665027134,-0.00157579413548,6555,926,0.141266209001,0.504145932054,0.131681004562,0.306439500476,0.711315533912,3.194107886,2.70851716009,0.271058315335,3.81134766265,1.56619955761,0.114654766358,,02786257f3541e7684cbb92ee3533cd5479cfac0aa39a1f4199a4465c8ee2f98,,True,True,2018-02
later,2018-02,2018-02-01,logistic_l2,route_full,M3,M3-M1,full,42578,1a81f1d095443de1b6821b414646e96e42d7d43a3b41c7e58e8f77ead2a18cde,fitted_model,f2f62d141eef47f31450850066dddfb1b25af070bd41704e15ef5ee6bb515e35,-0.0497073138224,-0.00415834622356,6555,926,0.141266209001,0.478805120945,0.129098452474,0.340207036949,0.724319197829,3.25885331612,3.01066250066,0.301295896328,3.12598523333,1.4360314708,0.110011766397,,02786257f3541e7684cbb92ee3533cd5479cfac0aa39a1f4199a4465c8ee2f98,,True,True,2018-02
later,2018-02,2018-02-01,logistic_l2,route_r1_score_only,M3,M3-M1,score_only,42578,8f42563debf81fd57297f108340b03154f604f137340c6645e75885bf474590a,fitted_model,f2f62d141eef47f31450850066dddfb1b25af070bd41704e15ef5ee6bb515e35,-0.0245354079954,-0.00200617512991,6555,926,0.141266209001,0.503977026772,0.131250623568,0.325527046784,0.717646333186,3.12936245588,2.90275345046,0.290496760259,3.2328407651,1.38489396963,0.115490495421,,02786257f3541e7684cbb92ee3533cd5479cfac0aa39a1f4199a4465c8ee2f98,,True,True,2018-02
later,2018-02,2018-02-01,logistic_l2,route_r2_score_only,M3,M3-M1,score_only,42578,904187b14f4c650996bf07ec7493669cb91738fd7824321b72edcd34c33428cf,fitted_model,f2f62d141eef47f31450850066dddfb1b25af070bd41704e15ef5ee6bb515e35,-0.0278555722353,-0.00232807164818,6555,926,0.141266209001,0.500656862532,0.130928727049,0.328928492632,0.719205099939,3.36676236633,2.90275345046,0.290496760259,3.08341746123,1.35065998383,0.114926626795,,02786257f3541e7684cbb92ee3533cd5479cfac0aa39a1f4199a4465c8ee2f98,,True,True,2018-02
later,2018-02,2018-02-01,logistic_l2,combined_score_only,M4,M4-M1,score_only,42578,d6cd1b2cc30e3a1f359bd3ce624395abb91f15b2278fae1d8798dc682c8fdec2,fitted_model,f2f62d141eef47f31450850066dddfb1b25af070bd41704e15ef5ee6bb515e35,-0.0397799755057,-0.00353939397805,6555,926,0.141266209001,0.488732459262,0.129717404719,0.32495764442,0.725859163457,3.15094426592,2.88117164042,0.288336933045,2.72478770255,1.27864838656,0.112456342321,,02786257f3541e7684cbb92ee3533cd5479cfac0aa39a1f4199a4465c8ee2f98,,True,True,2018-02
later,2018-02,2018-02-01,logistic_l2,combined_metadata_only,M4,M4-M1,metadata_only,42578,cc17dde90faa9d10ffb6e0c069a14a8930a8e23ea2905a0c19d9649565a2a07d,fitted_model,f2f62d141eef47f31450850066dddfb1b25af070bd41704e15ef5ee6bb515e35,-0.0295877348801,-0.00218232265401,6555,926,0.141266209001,0.498924699888,0.131074476044,0.313898394334,0.717918373956,3.12936245588,2.70851716009,0.271058315335,3.42450727401,1.46561779773,0.113917145913,,02786257f3541e7684cbb92ee3533cd5479cfac0aa39a1f4199a4465c8ee2f98,,True,True,2018-02
later,2018-02,2018-02-01,logistic_l2,combined_full,M4,M4-M1,full,42578,b84e68618268ee4c4dbdbd47e690d11307bb77fa15bc8fc1082d86a6b945854a,fitted_model,f2f62d141eef47f31450850066dddfb1b25af070bd41704e15ef5ee6bb515e35,-0.05890366868,-0.00537948660054,6555,926,0.141266209001,0.469608766088,0.127877312097,0.342864945709,0.730745345666,3.30201693621,2.95670797556,0.295896328294,2.70790906984,1.33366513487,0.10794467645,,02786257f3541e7684cbb92ee3533cd5479cfac0aa39a1f4199a4465c8ee2f98,,True,True,2018-02
later,2018-02,2018-02-01,xgboost,seller_score_only,M2,M2-M1,score_only,42578,b8572634ec4433b11cf2048c19c8372fde8afe2a0baba8e5db54e69fac3b9454,fitted_model,3009e436b8c73cc29eef383f7ccad13e77949f75fb88c4ebe58acbc75505cccb,0.00240052149493,0.000243911376687,6555,926,0.141266209001,0.470493027434,0.129923593794,0.231623964524,0.678034089126,1.85603566349,1.79129023337,0.179265658747,17.588645372,6.44844107859,0.0944552085703,,02786257f3541e7684cbb92ee3533cd5479cfac0aa39a1f4199a4465c8ee2f98,,True,True,2018-02
later,2018-02,2018-02-01,xgboost,seller_metadata_only,M2,M2-M1,metadata_only,42578,6b2371166feb17b394fba01f705d616452e6ea0e9b9238e82d65f330f1c4dd31,fitted_model,3009e436b8c73cc29eef383f7ccad13e77949f75fb88c4ebe58acbc75505cccb,0.00392529566318,0.000390294232467,6555,926,0.141266209001,0.472017801602,0.13006997665,0.239257664194,0.67181907025,2.07185376389,2.05027195385,0.205183585313,28.344027505,9.97061248618,0.0952046492945,,02786257f3541e7684cbb92ee3533cd5479cfac0aa39a1f4199a4465c8ee2f98,,True,True,2018-02
later,2018-02,2018-02-01,xgboost,seller_full,M2,M2-M1,full,42578,4e2604874532405c13c6b92999d8a19bcf87e2c1b8ea60949fa9fd395ec4f511,fitted_model,3009e436b8c73cc29eef383f7ccad13e77949f75fb88c4ebe58acbc75505cccb,0.00624094554507,0.000597698844349,6555,926,0.141266209001,0.474333451484,0.130277381262,0.190059778764,0.610145720231,1.40281765264,1.28411769741,0.128509719222,9.22421114813,3.64062085628,0.0952409503059,,02786257f3541e7684cbb92ee3533cd5479cfac0aa39a1f4199a4465c8ee2f98,,True,True,2018-02
later,2018-02,2018-02-01,xgboost,seller_s1_score_only,M2,M2-M1,score_only,42578,c474a0fad5edbf9c68b3a9a629cdf0af15ec233286cc585b634270095803a738,fitted_model,3009e436b8c73cc29eef383f7ccad13e77949f75fb88c4ebe58acbc75505cccb,-0.00208986895075,-0.000214978903902,6555,926,0.141266209001,0.466002636988,0.129464703514,0.233827323381,0.674762405577,1.85603566349,2.05027195385,0.205183585313,10.0421575858,3.98676459684,0.0928665440737,,02786257f3541e7684cbb92ee3533cd5479cfac0aa39a1f4199a4465c8ee2f98,,True,True,2018-02
later,2018-02,2018-02-01,xgboost,seller_s2_score_only,M2,M2-M1,score_only,42578,e4ca4fe96d9310847792bcf7f2e25e56aa92ec48bf22c92d4da333e4199b49f1,fitted_model,3009e436b8c73cc29eef383f7ccad13e77949f75fb88c4ebe58acbc75505cccb,-0.000101248325012,-5.28924693677e-06,6555,926,0.141266209001,0.467991257614,0.129674393171,0.225427747925,0.669343940493,1.92078109361,1.47835398778,0.147948164147,12.2961597522,4.72554883606,0.0936442179831,,02786257f3541e7684cbb92ee3533cd5479cfac0aa39a1f4199a4465c8ee2f98,,True,True,2018-02
later,2018-02,2018-02-01,xgboost,route_score_only,M3,M3-M1,score_only,42578,2234691ab7cfa0b5025b3627cd6ad6caae3e3e3090658cb109fb99e07431f406,fitted_model,3009e436b8c73cc29eef383f7ccad13e77949f75fb88c4ebe58acbc75505cccb,-0.00582562579948,-0.000555810836614,6555,926,0.141266209001,0.46226688014,0.129123871581,0.309142521095,0.722663068106,3.30201693621,2.78405349523,0.278617710583,25.3989148898,9.20253945537,0.0942985821291,,02786257f3541e7684cbb92ee3533cd5479cfac0aa39a1f4199a4465c8ee2f98,,True,True,2018-02
later,2018-02,2018-02-01,xgboost,route_metadata_only,M3,M3-M1,metadata_only,42578,53d1e78c37eda6653aee2eeb9f2e3d00bbb7ab142ff9be3eab90860cae73dbf5,fitted_model,3009e436b8c73cc29eef383f7ccad13e77949f75fb88c4ebe58acbc75505cccb,0.0047007235957,0.000463801303871,6555,926,0.141266209001,0.472793229535,0.130143483721,0.241297625602,0.667153321641,2.2876718643,2.1797628141,0.218142548596,35.0221531631,12.1597403537,0.0953765555676,,02786257f3541e7684cbb92ee3533cd5479cfac0aa39a1f4199a4465c8ee2f98,,True,True,2018-02
later,2018-02,2018-02-01,xgboost,route_full,M3,M3-M1,full,42578,5edaa5310f65caa92cab5742b2491422116e02bd59ed632854789a6dd214bda6,fitted_model,3009e436b8c73cc29eef383f7ccad13e77949f75fb88c4ebe58acbc75505cccb,0.00500234541072,0.000480050374713,6555,926,0.141266209001,0.47309485135,0.130159732792,0.168249505754,0.595478156738,0.798526971501,0.992763261866,0.0993520518359,0.250246101778,0.682672720104,0.0946692995835,,02786257f3541e7684cbb92ee3533cd5479cfac0aa39a1f4199a4465c8ee2f98,,True,True,2018-02
later,2018-02,2018-02-01,xgboost,route_r1_score_only,M3,M3-M1,score_only,42578,5b2eaa6186b116ec1858df47afc078b33ee677461de6a5be3180d574cdfb8ee6,fitted_model,3009e436b8c73cc29eef383f7ccad13e77949f75fb88c4ebe58acbc75505cccb,-0.00945582770163,-0.000959568987996,6555,926,0.141266209001,0.458636678237,0.128720113429,0.29321005885,0.710885410212,3.34518055629,2.83800802033,0.284017278618,16.2363209988,6.15264222843,0.0919064270482,,02786257f3541e7684cbb92ee3533cd5479cfac0aa39a1f4199a4465c8ee2f98,,True,True,2018-02
later,2018-02,2018-02-01,xgboost,route_r2_score_only,M3,M3-M1,score_only,42578,881858c3e18dcbd0ff2dbe2b7fb7800c2c644e5936bc5959d7b56cbc6380ff71,fitted_model,3009e436b8c73cc29eef383f7ccad13e77949f75fb88c4ebe58acbc75505cccb,-0.00465780980533,-0.00045910808711,6555,926,0.141266209001,0.463434696134,0.12922057433,0.252690963573,0.685614012133,1.98552652373,2.62218991993,0.262419006479,15.7134289163,5.91937883301,0.0925766917493,,02786257f3541e7684cbb92ee3533cd5479cfac0aa39a1f4199a4465c8ee2f98,,True,True,2018-02
later,2018-02,2018-02-01,xgboost,combined_score_only,M4,M4-M1,score_only,42578,f50c5ea002545d8c47795aba8bf1a99c280da0c11f3ec632bb204685d683bd6b,fitted_model,3009e436b8c73cc29eef383f7ccad13e77949f75fb88c4ebe58acbc75505cccb,-0.00958717131923,-0.000943342482841,6555,926,0.141266209001,0.45850533462,0.128736339935,0.288174280141,0.717998854282,2.87038073539,2.66535354001,0.266738660907,20.2832118174,7.55136911453,0.0920905032963,,02786257f3541e7684cbb92ee3533cd5479cfac0aa39a1f4199a4465c8ee2f98,,True,True,2018-02
later,2018-02,2018-02-01,xgboost,combined_metadata_only,M4,M4-M1,metadata_only,42578,618ed0afa2d680cacc7e565949fa5d824ab2c7d43ea2398a5571f1bde216c80f,fitted_model,3009e436b8c73cc29eef383f7ccad13e77949f75fb88c4ebe58acbc75505cccb,-0.000152307946002,-1.23566967125e-05,6555,926,0.141266209001,0.467940197993,0.129667325721,0.244782335351,0.678673135533,1.85603566349,2.3955809145,0.239740820734,13.8083041548,5.21840964728,0.0938429749832,,02786257f3541e7684cbb92ee3533cd5479cfac0aa39a1f4199a4465c8ee2f98,,True,True,2018-02
later,2018-02,2018-02-01,xgboost,combined_full,M4,M4-M1,full,42578,37cc79c8bd7d4c32f8514b1815274bce0c3ca7bbf83140c8dcc53fb60756be22,fitted_model,3009e436b8c73cc29eef383f7ccad13e77949f75fb88c4ebe58acbc75505cccb,-0.00443487577373,-0.000426926306753,6555,926,0.141266209001,0.463657630165,0.129252756111,0.198344596854,0.655563579074,0.884854211663,1.01434507191,0.10151187905,3.90852792076,1.94578048496,0.0910619687377,,02786257f3541e7684cbb92ee3533cd5479cfac0aa39a1f4199a4465c8ee2f98,,True,True,2018-02
later,2018-03,2018-03-01,logistic_l2,seller_score_only,M2,M2-M1,score_only,48428,2450ab68c0e3fa4f120003cd28e712b45da994981547f48982116cbcad62e3b3,fitted_model,d00c8b1ec29f385c59bf0d51e331d89afc5e3a35ffe7c0621f2c2026638c3b02,-0.0153526806827,-0.00161726220136,7003,1328,0.189633014422,0.619750144319,0.172175515204,0.31608932004,0.672668648161,2.0582565304,2.02357969682,0.202560240964,2.07049364373,1.08971557784,0.14975901771,,184fab6850ceddcb6640c6d7c40a99ad76b6567a0af96fd41049a0eaafe65828,,True,True,2018-03
later,2018-03,2018-03-01,logistic_l2,seller_metadata_only,M2,M2-M1,metadata_only,48428,02d9937402f23558747bf51ab141b0123cec193d47a2cf3d2d41b7495007715b,fitted_model,d00c8b1ec29f385c59bf0d51e331d89afc5e3a35ffe7c0621f2c2026638c3b02,-0.0123318053668,-0.00130705349777,7003,1328,0.189633014422,0.622771019635,0.172485723908,0.331279100716,0.678616315482,2.19347046305,2.13641871337,0.213855421687,2.42609281846,1.18953745486,0.151222612614,,184fab6850ceddcb6640c6d7c40a99ad76b6567a0af96fd41049a0eaafe65828,,True,True,2018-03
later,2018-03,2018-03-01,logistic_l2,seller_full,M2,M2-M1,full,48428,d28537455986956351250e55b2c2e62a9263f98deb7d04de7d7e4d3d5d0e1a6e,fitted_model,d00c8b1ec29f385c59bf0d51e331d89afc5e3a35ffe7c0621f2c2026638c3b02,-0.0165716058931,-0.00178006105574,7003,1328,0.189633014422,0.618531219108,0.17201271635,0.328588144413,0.677351255241,2.20849423334,2.12137351116,0.21234939759,2.27257283576,1.15189225418,0.150045434302,,184fab6850ceddcb6640c6d7c40a99ad76b6567a0af96fd41049a0eaafe65828,,True,True,2018-03
later,2018-03,2018-03-01,logistic_l2,seller_s1_score_only,M2,M2-M1,score_only,48428,b82f8f91419d0691b8d7028909d548c04e8be3d67c8172d917001ad27505c0c5,fitted_model,d00c8b1ec29f385c59bf0d51e331d89afc5e3a35ffe7c0621f2c2026638c3b02,-0.0152632762382,-0.00160297127577,7003,1328,0.189633014422,0.619839548763,0.17218980613,0.321321509094,0.674016506555,2.08830407098,2.07623790454,0.207831325301,2.16721075066,1.11858671317,0.150018103465,,184fab6850ceddcb6640c6d7c40a99ad76b6567a0af96fd41049a0eaafe65828,,True,True,2018-03
later,2018-03,2018-03-01,logistic_l2,seller_s2_score_only,M2,M2-M1,score_only,48428,81b11e7d2cb260dd4c8e6201809482539e99619a327c2f88ed51d7e706f8c600,fitted_model,d00c8b1ec29f385c59bf0d51e331d89afc5e3a35ffe7c0621f2c2026638c3b02,-0.00796893684476,-0.000784831922628,7003,1328,0.189633014422,0.627133888157,0.173007945483,0.305617757834,0.668678944854,1.92304259774,1.94835368578,0.195030120482,2.02525221443,1.06416953091,0.151030599847,,184fab6850ceddcb6640c6d7c40a99ad76b6567a0af96fd41049a0eaafe65828,,True,True,2018-03
later,2018-03,2018-03-01,logistic_l2,route_score_only,M3,M3-M1,score_only,48428,e6f6ed0a3e3b1d8b960bc5e1259d98a9112e9293ef4f6cd429876f1954409692,fitted_model,d00c8b1ec29f385c59bf0d51e331d89afc5e3a35ffe7c0621f2c2026638c3b02,-0.0421397032732,-0.0048675583467,7003,1328,0.189633014422,0.592963121728,0.168925219059,0.34681195345,0.690703120853,2.55404095013,2.34705154427,0.234939759036,2.05595285671,1.13073919804,0.144364995432,,184fab6850ceddcb6640c6d7c40a99ad76b6567a0af96fd41049a0eaafe65828,,True,True,2018-03
later,2018-03,2018-03-01,logistic_l2,route_metadata_only,M3,M3-M1,metadata_only,48428,d5f39cf8af77a8a536dbbf04a844070db64d1520ba5f2b37b8360992dbd6e3cc,fitted_model,d00c8b1ec29f385c59bf0d51e331d89afc5e3a35ffe7c0621f2c2026638c3b02,-0.0219941578849,-0.00190196760947,7003,1328,0.189633014422,0.613108667117,0.171890809796,0.320846217369,0.673135449286,2.16342292246,2.17403171889,0.217620481928,2.4768326878,1.23856407425,0.148275125137,,184fab6850ceddcb6640c6d7c40a99ad76b6567a0af96fd41049a0eaafe65828,,True,True,2018-03
later,2018-03,2018-03-01,logistic_l2,route_full,M3,M3-M1,full,48428,cab8678d6b5839e3e687729acfb27bce237e52b255faf110d0e972cc99884c5c,fitted_model,d00c8b1ec29f385c59bf0d51e331d89afc5e3a35ffe7c0621f2c2026638c3b02,-0.0544221061456,-0.00606096267946,7003,1328,0.189633014422,0.580680718856,0.167731814726,0.341709923166,0.689694416432,2.49394586895,2.27182553323,0.227409638554,2.05300099241,1.16693376781,0.140329551525,,184fab6850ceddcb6640c6d7c40a99ad76b6567a0af96fd41049a0eaafe65828,,True,True,2018-03
later,2018-03,2018-03-01,logistic_l2,route_r1_score_only,M3,M3-M1,score_only,48428,aaf8dacc284574fecccc8b6d615c02d5d8a226190240acde66725dce366aeb5f,fitted_model,d00c8b1ec29f385c59bf0d51e331d89afc5e3a35ffe7c0621f2c2026638c3b02,-0.0341571976639,-0.00379448355994,7003,1328,0.189633014422,0.600945627338,0.169998293845,0.344071898144,0.688682394777,2.46389832836,2.33952894316,0.234186746988,2.21519405034,1.16618543629,0.146429402933,,184fab6850ceddcb6640c6d7c40a99ad76b6567a0af96fd41049a0eaafe65828,,True,True,2018-03
later,2018-03,2018-03-01,logistic_l2,route_r2_score_only,M3,M3-M1,score_only,48428,f21c111ed0b656648c322dcd5caa51c6f6338d07cc49b41130f6d34d95262fd7,fitted_model,d00c8b1ec29f385c59bf0d51e331d89afc5e3a35ffe7c0621f2c2026638c3b02,-0.0405127499849,-0.00472025584545,7003,1328,0.189633014422,0.594590075017,0.16907252156,0.345047324435,0.689483573059,2.46389832836,2.36209674647,0.236445783133,2.0018004746,1.10925696459,0.144733100825,,184fab6850ceddcb6640c6d7c40a99ad76b6567a0af96fd41049a0eaafe65828,,True,True,2018-03
later,2018-03,2018-03-01,logistic_l2,combined_score_only,M4,M4-M1,score_only,48428,418734be493c8f3421d4417eab27f6fad62a6905e39a3876ff2d3f348750e6cb,fitted_model,d00c8b1ec29f385c59bf0d51e331d89afc5e3a35ffe7c0621f2c2026638c3b02,-0.05793344025,-0.00693310331368,7003,1328,0.189633014422,0.577169384752,0.166859674092,0.343574097208,0.694391088583,2.47892209865,2.39970975199,0.240210843373,1.77855113314,1.07521618085,0.139396777832,,184fab6850ceddcb6640c6d7c40a99ad76b6567a0af96fd41049a0eaafe65828,,True,True,2018-03
later,2018-03,2018-03-01,logistic_l2,combined_metadata_only,M4,M4-M1,metadata_only,48428,0e1f048899058bf5cebdc8b69f3ccb977a66ba4062f76b93560b61a8ce3cc5b6,fitted_model,d00c8b1ec29f385c59bf0d51e331d89afc5e3a35ffe7c0621f2c2026638c3b02,-0.0333040531015,-0.00325205232482,7003,1328,0.189633014422,0.6017987719,0.170540725081,0.330554014701,0.678477655114,2.26858931452,2.1965995222,0.219879518072,2.37803729286,1.22994055962,0.145766425175,,184fab6850ceddcb6640c6d7c40a99ad76b6567a0af96fd41049a0eaafe65828,,True,True,2018-03
later,2018-03,2018-03-01,logistic_l2,combined_full,M4,M4-M1,full,48428,a7cb7e67687ce468aa28241f2e336b72540c10cb376d68280ce4047d7f312142,fitted_model,d00c8b1ec29f385c59bf0d51e331d89afc5e3a35ffe7c0621f2c2026638c3b02,-0.07009967029,-0.0083005979654,7003,1328,0.189633014422,0.565003154712,0.16549217944,0.351055276568,0.697460458574,2.6141360313,2.35457414537,0.235692771084,1.91096062934,1.15367663193,0.135753430451,,184fab6850ceddcb6640c6d7c40a99ad76b6567a0af96fd41049a0eaafe65828,,True,True,2018-03
later,2018-03,2018-03-01,xgboost,seller_score_only,M2,M2-M1,score_only,48428,d891cd44e1cd0c89d2c9bfe56028106766a5b95b5bcd295c895773091821020f,fitted_model,e504fab00231987f841af316fa929e2a0d0df2b65a4fa44c669a1714768e73da,-0.00398080067565,-0.000406510975269,7003,1328,0.189633014422,0.606995015695,0.172838427976,0.227838344011,0.500702590096,2.13337538187,1.48947501848,0.149096385542,5.91453791875,2.50616135725,0.14177875478,,184fab6850ceddcb6640c6d7c40a99ad76b6567a0af96fd41049a0eaafe65828,,True,True,2018-03
later,2018-03,2018-03-01,xgboost,seller_metadata_only,M2,M2-M1,metadata_only,48428,b504e862ef6313ba3f264e6e0160d7b7fb9acf5ad3fcc88e4f0cdf677280b5cc,fitted_model,e504fab00231987f841af316fa929e2a0d0df2b65a4fa44c669a1714768e73da,-0.00503298566811,-0.000466855003369,7003,1328,0.189633014422,0.605942830703,0.172778083948,0.25461259826,0.563931452683,2.0432327601,1.66249484385,0.166415662651,13.168967366,4.98600369381,0.139201136401,,184fab6850ceddcb6640c6d7c40a99ad76b6567a0af96fd41049a0eaafe65828,,True,True,2018-03
later,2018-03,2018-03-01,xgboost,seller_full,M2,M2-M1,full,48428,449a1e91d417d41a4eb7320a210f38c7af04b60ed349de346ce1666a0f3f4706,fitted_model,e504fab00231987f841af316fa929e2a0d0df2b65a4fa44c669a1714768e73da,-0.0019727887492,-0.00017062117036,7003,1328,0.189633014422,0.609003027622,0.173074317781,0.222937231902,0.518437980999,1.62256719184,1.60231403503,0.160391566265,7.96125489639,3.19191352013,0.139940126059,,184fab6850ceddcb6640c6d7c40a99ad76b6567a0af96fd41049a0eaafe65828,,True,True,2018-03
later,2018-03,2018-03-01,xgboost,seller_s1_score_only,M2,M2-M1,score_only,48428,507efd1129fe38532e51e83bcaec305b9c6d1e1c08656d785a9fe2b8aa46eb75,fitted_model,e504fab00231987f841af316fa929e2a0d0df2b65a4fa44c669a1714768e73da,-0.00144113194802,-0.000140756505158,7003,1328,0.189633014422,0.609534684423,0.173104182446,0.215916089786,0.480990725015,1.90801882745,1.58726883282,0.158885542169,6.16207176726,2.5772619039,0.140181372748,,184fab6850ceddcb6640c6d7c40a99ad76b6567a0af96fd41049a0eaafe65828,,True,True,2018-03
later,2018-03,2018-03-01,xgboost,seller_s2_score_only,M2,M2-M1,score_only,48428,7dd76bad8e9a1a052877c7bd745348f8af20a9e6c3cea180a1950f90ef538b33,fitted_model,e504fab00231987f841af316fa929e2a0d0df2b65a4fa44c669a1714768e73da,-0.00225471909401,-0.000214878023643,7003,1328,0.189633014422,0.608721097277,0.173030060927,0.210812270959,0.476194602197,1.59251965125,1.58726883282,0.158885542169,4.31197107126,1.95690797722,0.139723556238,,184fab6850ceddcb6640c6d7c40a99ad76b6567a0af96fd41049a0eaafe65828,,True,True,2018-03
later,2018-03,2018-03-01,xgboost,route_score_only,M3,M3-M1,score_only,48428,f66a1230380ef6ecac3029820097f8c300a031f9bb3591bd67841fb38c94e59b,fitted_model,e504fab00231987f841af316fa929e2a0d0df2b65a4fa44c669a1714768e73da,-0.0181538830878,-0.00181972635117,7003,1328,0.189633014422,0.592821933283,0.1714252126,0.337121949729,0.683923292288,2.16342292246,2.45989056082,0.246234939759,19.7646094815,7.39060310654,0.136659206303,,184fab6850ceddcb6640c6d7c40a99ad76b6567a0af96fd41049a0eaafe65828,,True,True,2018-03
later,2018-03,2018-03-01,xgboost,route_metadata_only,M3,M3-M1,metadata_only,48428,21b9865fc04fce89d3ad03dae4c8daf51828c2c5d4666d875426e76b4a085c08,fitted_model,e504fab00231987f841af316fa929e2a0d0df2b65a4fa44c669a1714768e73da,-0.0049975116719,-0.000477139242281,7003,1328,0.189633014422,0.605978304699,0.172767799709,0.241673766666,0.527922084815,1.95309013833,1.62488183834,0.16265060241,9.36555115246,3.68955723489,0.139157332004,,184fab6850ceddcb6640c6d7c40a99ad76b6567a0af96fd41049a0eaafe65828,,True,True,2018-03
later,2018-03,2018-03-01,xgboost,route_full,M3,M3-M1,full,48428,3004c2d080ea3d4926252a1d678973e2d7b3b0d8f130260583a7cdf0cccd518d,fitted_model,e504fab00231987f841af316fa929e2a0d0df2b65a4fa44c669a1714768e73da,-0.0144750670994,-0.00143908602218,7003,1328,0.189633014422,0.596500749272,0.171805852929,0.328073810405,0.680249655008,2.0432327601,2.01605709572,0.201807228916,18.5510093874,6.90525842302,0.137893488339,,184fab6850ceddcb6640c6d7c40a99ad76b6567a0af96fd41049a0eaafe65828,,True,True,2018-03
later,2018-03,2018-03-01,xgboost,route_r1_score_only,M3,M3-M1,score_only,48428,8931f196fb4cb02b06e7d881c4e4dbdfffcfd5efb3127094a4e7abe4accf899d,fitted_model,e504fab00231987f841af316fa929e2a0d0df2b65a4fa44c669a1714768e73da,-0.0154811269661,-0.0015541372304,7003,1328,0.189633014422,0.595494689405,0.17169080172,0.331039921367,0.672716880739,2.17844669275,2.47493576302,0.247740963855,16.9150268777,6.35572286966,0.137923537457,,184fab6850ceddcb6640c6d7c40a99ad76b6567a0af96fd41049a0eaafe65828,,True,True,2018-03
later,2018-03,2018-03-01,xgboost,route_r2_score_only,M3,M3-M1,score_only,48428,f12727a504142199c59124f7d68d896cf5150fae14d90091a128e4afdc6263cd,fitted_model,e504fab00231987f841af316fa929e2a0d0df2b65a4fa44c669a1714768e73da,-0.00257200052725,-0.000260598489037,7003,1328,0.189633014422,0.608403815844,0.172984340462,0.211052837342,0.439523114484,2.13337538187,1.61735923723,0.161897590361,4.57059104193,2.04545837412,0.139680383132,,184fab6850ceddcb6640c6d7c40a99ad76b6567a0af96fd41049a0eaafe65828,,True,True,2018-03
later,2018-03,2018-03-01,xgboost,combined_score_only,M4,M4-M1,score_only,48428,ac6781086244b83b31e05c4cfcb4ebc2349d875d3e4f52e490be48875d2a30ad,fitted_model,e504fab00231987f841af316fa929e2a0d0df2b65a4fa44c669a1714768e73da,-0.0125865097398,-0.00123705015482,7003,1328,0.189633014422,0.598389306631,0.172007888796,0.291127252874,0.640064752402,1.92304259774,1.72267565268,0.172439759036,15.2678157037,5.77448507412,0.137635808471,,184fab6850ceddcb6640c6d7c40a99ad76b6567a0af96fd41049a0eaafe65828,,True,True,2018-03
later,2018-03,2018-03-01,xgboost,combined_metadata_only,M4,M4-M1,metadata_only,48428,9c871c65ebfcd763e8d84a7f30539f157f6e865e4dfc1cfd3a1cfa621aa07091,fitted_model,e504fab00231987f841af316fa929e2a0d0df2b65a4fa44c669a1714768e73da,-0.00453416854937,-0.000440855310889,7003,1328,0.189633014422,0.606441647822,0.17280408364,0.258919322561,0.551580197442,2.01318521951,1.65497224275,0.165662650602,10.911684658,4.20331986929,0.139668645704,,184fab6850ceddcb6640c6d7c40a99ad76b6567a0af96fd41049a0eaafe65828,,True,True,2018-03
later,2018-03,2018-03-01,xgboost,combined_full,M4,M4-M1,full,48428,da7ed2dc28560d48d8c8b11d9cbf4ac34f67b7bfc7438bc72e72197227443dba,fitted_model,e504fab00231987f841af316fa929e2a0d0df2b65a4fa44c669a1714768e73da,-0.013605573129,-0.00133869727756,7003,1328,0.189633014422,0.597370243242,0.171906241673,0.326266021106,0.676608924686,2.11835161157,2.22668992661,0.222891566265,20.3142090452,7.51453102778,0.137776312739,,184fab6850ceddcb6640c6d7c40a99ad76b6567a0af96fd41049a0eaafe65828,,True,True,2018-03
later,2018-04,2018-04-01,logistic_l2,seller_score_only,M2,M2-M1,score_only,55252,fee1d56e8ed66cac3852acdaa68ddd419a6e6cc1bad7cd117482eaec65e43335,fitted_model,d79bfa350364135dfe424f1a34c7b5ad931380d242e9e9ddd7bc7355706475d0,-0.0022801599125,-0.000295601476808,6798,306,0.045013239188,0.174118076843,0.0416585771667,0.157193248785,0.793703864787,4.4431372549,4.01842560554,0.401960784314,0.93526281387,1.75838085461,0.0371446778716,,12138ebc6d34b03c6440d89e35b8db35a30d241f9f497044ef308120883e5a5b,,True,True,2018-04
later,2018-04,2018-04-01,logistic_l2,seller_metadata_only,M2,M2-M1,metadata_only,55252,f3caa888061a114e6b80cf3e59dc6eba75df240c03e6bb39776b2c594f1038cc,fitted_model,d79bfa350364135dfe424f1a34c7b5ad931380d242e9e9ddd7bc7355706475d0,-0.0023021622026,-0.000299737101869,6798,306,0.045013239188,0.174096074553,0.0416544415416,0.157098426941,0.792786697756,4.4431372549,3.88774509804,0.388888888889,1.03804184464,1.79070102811,0.0361163857562,,12138ebc6d34b03c6440d89e35b8db35a30d241f9f497044ef308120883e5a5b,,True,True,2018-04
later,2018-04,2018-04-01,logistic_l2,seller_full,M2,M2-M1,full,55252,eb1a49e72f2a140b45aad8cdc157f25eecc9629ec7fe5b707463e865024ec575,fitted_model,d79bfa350364135dfe424f1a34c7b5ad931380d242e9e9ddd7bc7355706475d0,-0.00263065193149,-0.000375082235592,6798,306,0.045013239188,0.173767584824,0.0415790964079,0.161298278794,0.793799004506,4.3124567474,3.82240484429,0.382352941176,0.980418764878,1.77297177051,0.0365664702942,,12138ebc6d34b03c6440d89e35b8db35a30d241f9f497044ef308120883e5a5b,,True,True,2018-04
later,2018-04,2018-04-01,logistic_l2,seller_s1_score_only,M2,M2-M1,score_only,55252,fa6494b93c982c91a025ebf3542447c716f74dd1f06f19fd9827561dfb3c9770,fitted_model,d79bfa350364135dfe424f1a34c7b5ad931380d242e9e9ddd7bc7355706475d0,-0.00227241328357,-0.000297650014497,6798,306,0.045013239188,0.174125823472,0.041656528629,0.157515280635,0.793661580467,4.37779700115,3.98575547866,0.398692810458,0.939924423541,1.76044302897,0.0371396638845,,12138ebc6d34b03c6440d89e35b8db35a30d241f9f497044ef308120883e5a5b,,True,True,2018-04
later,2018-04,2018-04-01,logistic_l2,seller_s2_score_only,M2,M2-M1,score_only,55252,bd76900cdbbf8b0d769c81a7c1eaeacd7c289e6045a368dd8c780204a1f6a0a1,fitted_model,d79bfa350364135dfe424f1a34c7b5ad931380d242e9e9ddd7bc7355706475d0,-0.00154473635722,-0.000102403071584,6798,306,0.045013239188,0.174853500398,0.0418517755719,0.147843161237,0.793808065432,3.85507497116,3.69172433679,0.369281045752,0.935616473501,1.7518668211,0.0370573935628,,12138ebc6d34b03c6440d89e35b8db35a30d241f9f497044ef308120883e5a5b,,True,True,2018-04
later,2018-04,2018-04-01,logistic_l2,route_score_only,M3,M3-M1,score_only,55252,8c1f7ac693be85839d62428088a698a060701ae74b4fcc1d7638194f36e7bcb1,fitted_model,d79bfa350364135dfe424f1a34c7b5ad931380d242e9e9ddd7bc7355706475d0,0.0144878867504,0.00364359745446,6798,306,0.045013239188,0.190886123506,0.0455977760979,0.122652867453,0.758209702036,3.59371395617,3.03832179931,0.303921568627,-0.447519077905,1.27788474322,0.0599198153993,,12138ebc6d34b03c6440d89e35b8db35a30d241f9f497044ef308120883e5a5b,,True,True,2018-04
later,2018-04,2018-04-01,logistic_l2,route_metadata_only,M3,M3-M1,metadata_only,55252,d07c9f798c221f4ce493e587cf5a3d74931e3774b9f53912947c9bc2d79ab040,fitted_model,d79bfa350364135dfe424f1a34c7b5ad931380d242e9e9ddd7bc7355706475d0,0.00892483628367,0.00152719548929,6798,306,0.045013239188,0.185323073039,0.0434813741328,0.129073532279,0.757540200307,3.78973471742,3.39769319493,0.339869281046,0.534885324171,1.65805397475,0.0484556520537,,12138ebc6d34b03c6440d89e35b8db35a30d241f9f497044ef308120883e5a5b,,True,True,2018-04
later,2018-04,2018-04-01,logistic_l2,route_full,M3,M3-M1,full,55252,5bf2644b3e9f1d13cd3b747143315b9b054844715bd3c4a5ff9fe863b4918e3b,fitted_model,d79bfa350364135dfe424f1a34c7b5ad931380d242e9e9ddd7bc7355706475d0,0.0218975278413,0.00528276778415,6798,306,0.045013239188,0.198295764597,0.0472369464276,0.113239812549,0.745043170277,3.26701268743,3.03832179931,0.303921568627,-0.660860715924,1.21288507912,0.0677599896567,,12138ebc6d34b03c6440d89e35b8db35a30d241f9f497044ef308120883e5a5b,,True,True,2018-04
later,2018-04,2018-04-01,logistic_l2,route_r1_score_only,M3,M3-M1,score_only,55252,4c6435f6bfd5b08ec10d3ed8d933adea3f2cba123fdac14b456eaa2801e0b8de,fitted_model,d79bfa350364135dfe424f1a34c7b5ad931380d242e9e9ddd7bc7355706475d0,0.008982645745,0.00213856489828,6798,306,0.045013239188,0.185380882501,0.0440927435418,0.127915467212,0.765001369207,3.39769319493,3.16900230681,0.316993464052,-0.083528493052,1.40121848337,0.0519855103206,,12138ebc6d34b03c6440d89e35b8db35a30d241f9f497044ef308120883e5a5b,,True,True,2018-04
later,2018-04,2018-04-01,logistic_l2,route_r2_score_only,M3,M3-M1,score_only,55252,4fede5e326415e1334642537a7fd57d3e9bb7f091ca5f9262044de7fc270dbc8,fitted_model,d79bfa350364135dfe424f1a34c7b5ad931380d242e9e9ddd7bc7355706475d0,0.0141311748485,0.00346160923604,6798,306,0.045013239188,0.190529411604,0.0454157878795,0.127150933956,0.759680088918,3.52837370242,3.16900230681,0.316993464052,-0.389437916203,1.30915966998,0.0598626207607,,12138ebc6d34b03c6440d89e35b8db35a30d241f9f497044ef308120883e5a5b,,True,True,2018-04
later,2018-04,2018-04-01,logistic_l2,combined_score_only,M4,M4-M1,score_only,55252,ae1d10788c7dace728bb53f223d29add11a6cc419c8d41f5cbd24a68bec83583,fitted_model,d79bfa350364135dfe424f1a34c7b5ad931380d242e9e9ddd7bc7355706475d0,0.0115544702372,0.00321092779203,6798,306,0.045013239188,0.187952706993,0.0451651064355,0.132868021224,0.778809716534,3.65905420992,3.46303344867,0.346405228758,-0.377631621394,1.31968299833,0.0591873059459,,12138ebc6d34b03c6440d89e35b8db35a30d241f9f497044ef308120883e5a5b,,True,True,2018-04
later,2018-04,2018-04-01,logistic_l2,combined_metadata_only,M4,M4-M1,metadata_only,55252,788569b9a7b45dcc2b88589e15292394b5556cc1e5af1d852372b7c1019fe47e,fitted_model,d79bfa350364135dfe424f1a34c7b5ad931380d242e9e9ddd7bc7355706475d0,0.00604433653483,0.00106929779546,6798,306,0.045013239188,0.18244257329,0.0430234764389,0.138931430142,0.774038635787,3.72439446367,3.65905420992,0.366013071895,0.611667410578,1.69220883979,0.0469953950792,,12138ebc6d34b03c6440d89e35b8db35a30d241f9f497044ef308120883e5a5b,,True,True,2018-04
later,2018-04,2018-04-01,logistic_l2,combined_full,M4,M4-M1,full,55252,737b52a5f64234b2b58a28d81c16601a75c27e132ff4220b7e56bde286e6d461,fitted_model,d79bfa350364135dfe424f1a34c7b5ad931380d242e9e9ddd7bc7355706475d0,0.017671761501,0.00443988051307,6798,306,0.045013239188,0.194069998257,0.0463940591565,0.12757406352,0.768252731366,3.46303344867,3.5610438293,0.356209150327,-0.52596073946,1.28273312955,0.0656947441603,,12138ebc6d34b03c6440d89e35b8db35a30d241f9f497044ef308120883e5a5b,,True,True,2018-04
later,2018-04,2018-04-01,xgboost,seller_score_only,M2,M2-M1,score_only,55252,fa1381bf98ea8ed575f7d33ee762783c86d5a9efebeebfeab10bca70573704ff,fitted_model,981c81454525cc42db703fa3c44f7bf9e105441cea68e7405f0bf2ee9ad678cc,0.000154528307537,2.27670569789e-05,6798,306,0.045013239188,0.184344990296,0.0430458056224,0.119543296138,0.667473340743,4.90051903114,3.10366205306,0.31045751634,26.844131764,10.9347588942,0.0317864961101,,12138ebc6d34b03c6440d89e35b8db35a30d241f9f497044ef308120883e5a5b,,True,True,2018-04
later,2018-04,2018-04-01,xgboost,seller_metadata_only,M2,M2-M1,metadata_only,55252,630df128a0263497efff11965b9f937e801aa018a10589927304f4ab3ee5aeff,fitted_model,981c81454525cc42db703fa3c44f7bf9e105441cea68e7405f0bf2ee9ad678cc,0.000219585044189,2.41254985741e-05,6798,306,0.045013239188,0.184410047033,0.043047164064,0.12939352586,0.646785737298,5.16188004614,3.62638408304,0.362745098039,31.9735607109,12.9368311986,0.0366367652955,,12138ebc6d34b03c6440d89e35b8db35a30d241f9f497044ef308120883e5a5b,,True,True,2018-04
later,2018-04,2018-04-01,xgboost,seller_full,M2,M2-M1,full,55252,0c573011075a4cc912f568f1400cd431d3c2035f00c8d67feeecb57d43efabcf,fitted_model,981c81454525cc42db703fa3c44f7bf9e105441cea68e7405f0bf2ee9ad678cc,-0.000551293191,-6.71406627287e-05,6798,306,0.045013239188,0.183639168798,0.0429558979027,0.125732429667,0.705469074054,4.18177623991,3.5610438293,0.356209150327,22.7523647047,9.50462802242,0.0346670100714,,12138ebc6d34b03c6440d89e35b8db35a30d241f9f497044ef308120883e5a5b,,True,True,2018-04
later,2018-04,2018-04-01,xgboost,seller_s1_score_only,M2,M2-M1,score_only,55252,a2761eacc7d4622b700120b986c599d4efd8d377faec225cba1bf1ede33d37d3,fitted_model,981c81454525cc42db703fa3c44f7bf9e105441cea68e7405f0bf2ee9ad678cc,-6.98826179494e-05,-6.4017394802e-06,6798,306,0.045013239188,0.184120579371,0.0430166368259,0.172425319657,0.759304563888,5.29256055363,4.05109573241,0.40522875817,47.228237665,18.6031829332,0.0394196799828,,12138ebc6d34b03c6440d89e35b8db35a30d241f9f497044ef308120883e5a5b,,True,True,2018-04
later,2018-04,2018-04-01,xgboost,seller_s2_score_only,M2,M2-M1,score_only,55252,3fc1920a143baaec96224a4dd184f7fd1e6a30390b14a9e26f6528da08bfac27,fitted_model,981c81454525cc42db703fa3c44f7bf9e105441cea68e7405f0bf2ee9ad678cc,-5.42846680934e-05,-3.95058154583e-06,6798,306,0.045013239188,0.184136177321,0.0430190879839,0.16212138937,0.761499069745,5.16188004614,3.82240484429,0.382352941176,47.7711662631,18.8040578797,0.0381830017252,,12138ebc6d34b03c6440d89e35b8db35a30d241f9f497044ef308120883e5a5b,,True,True,2018-04
later,2018-04,2018-04-01,xgboost,route_score_only,M3,M3-M1,score_only,55252,1a785d27523a36e57de824e72b742c1ce51567b50059b86d804993cec1f5b1fa,fitted_model,981c81454525cc42db703fa3c44f7bf9e105441cea68e7405f0bf2ee9ad678cc,-0.00109794911237,-0.000141944326272,6798,306,0.045013239188,0.183092512876,0.0428810942392,0.145478117882,0.752641511523,4.7044982699,4.01842560554,0.401960784314,16.0500797844,7.1036005983,0.039316251817,,12138ebc6d34b03c6440d89e35b8db35a30d241f9f497044ef308120883e5a5b,,True,True,2018-04
later,2018-04,2018-04-01,xgboost,route_metadata_only,M3,M3-M1,metadata_only,55252,7b673b2937fca1a7578bfa204934458c1ec88f9355d09fcfcada50dfc50f5866,fitted_model,981c81454525cc42db703fa3c44f7bf9e105441cea68e7405f0bf2ee9ad678cc,9.06526982864e-05,-3.3046712141e-06,6798,306,0.045013239188,0.184281114687,0.0430197338942,0.0991488596426,0.620495461483,3.46303344867,3.13633217993,0.313725490196,9.19188279145,4.56623380211,0.0339806830972,,12138ebc6d34b03c6440d89e35b8db35a30d241f9f497044ef308120883e5a5b,,True,True,2018-04
later,2018-04,2018-04-01,xgboost,route_full,M3,M3-M1,full,55252,8d1fbd970879b24a3c9f09f29aa9dbe0718bb3d65dc5b61c96660db3b69d71fd,fitted_model,981c81454525cc42db703fa3c44f7bf9e105441cea68e7405f0bf2ee9ad678cc,0.00121212819684,0.000144883752791,6798,306,0.045013239188,0.185402590186,0.0431679223182,0.0788750574605,0.632404789807,2.48292964245,2.22156862745,0.222222222222,8.59670938692,4.37889499095,0.026299404164,,12138ebc6d34b03c6440d89e35b8db35a30d241f9f497044ef308120883e5a5b,,True,True,2018-04
later,2018-04,2018-04-01,xgboost,route_r1_score_only,M3,M3-M1,score_only,55252,ec5113e5e8703a6cf88592568e90594ffb92843b9fcf18c306f688a5e03c9276,fitted_model,981c81454525cc42db703fa3c44f7bf9e105441cea68e7405f0bf2ee9ad678cc,-0.000957323590713,-0.000117726168702,6798,306,0.045013239188,0.183233138398,0.0429053123967,0.139708707941,0.741648595154,4.05109573241,3.85507497116,0.385620915033,24.5188362001,10.2592925167,0.0376469712029,,12138ebc6d34b03c6440d89e35b8db35a30d241f9f497044ef308120883e5a5b,,True,True,2018-04
later,2018-04,2018-04-01,xgboost,route_r2_score_only,M3,M3-M1,score_only,55252,7785589ff63777f7969265a3321ed2d4a32395fef208348adbad4c36907399ea,fitted_model,981c81454525cc42db703fa3c44f7bf9e105441cea68e7405f0bf2ee9ad678cc,-0.000974304840666,-0.000160608472465,6798,306,0.045013239188,0.183216157148,0.042862430093,0.11364940497,0.679556840193,3.65905420992,3.33235294118,0.333333333333,10.1068541626,5.00502438952,0.0373673057691,,12138ebc6d34b03c6440d89e35b8db35a30d241f9f497044ef308120883e5a5b,,True,True,2018-04
later,2018-04,2018-04-01,xgboost,combined_score_only,M4,M4-M1,score_only,55252,8172ef0c6ab02733585e9d36d60a243808333d25b79337aa0c4679feb1db86a4,fitted_model,981c81454525cc42db703fa3c44f7bf9e105441cea68e7405f0bf2ee9ad678cc,-0.00175912112612,-0.000242525380778,6798,306,0.045013239188,0.182431340863,0.0427805131846,0.112116202947,0.732783486161,3.52837370242,3.03832179931,0.303921568627,10.4816787164,5.13625739112,0.0349932182619,,12138ebc6d34b03c6440d89e35b8db35a30d241f9f497044ef308120883e5a5b,,True,True,2018-04
later,2018-04,2018-04-01,xgboost,combined_metadata_only,M4,M4-M1,metadata_only,55252,d2cee8115f8bec8f5c7def06417585094130a8d22eb649ee96fc1b37d67cc582,fitted_model,981c81454525cc42db703fa3c44f7bf9e105441cea68e7405f0bf2ee9ad678cc,-0.000429142675421,-4.95084072818e-05,6798,306,0.045013239188,0.183761319313,0.0429735301581,0.141910021608,0.723797061441,4.63915801615,3.36502306805,0.33660130719,30.0689128568,12.2042627904,0.036017947745,,12138ebc6d34b03c6440d89e35b8db35a30d241f9f497044ef308120883e5a5b,,True,True,2018-04
later,2018-04,2018-04-01,xgboost,combined_full,M4,M4-M1,full,55252,d9ca3cd335b2963588ebf8b29a7b6c8086a716fb626466c9114fdbbe22a3c88d,fitted_model,981c81454525cc42db703fa3c44f7bf9e105441cea68e7405f0bf2ee9ad678cc,0.000855256010368,9.45326101078e-05,6798,306,0.045013239188,0.185045717999,0.0431175711755,0.0903182846475,0.647550378747,3.20167243368,2.77696078431,0.277777777778,8.07320708949,4.21052783733,0.0293868676855,,12138ebc6d34b03c6440d89e35b8db35a30d241f9f497044ef308120883e5a5b,,True,True,2018-04
later,2018-05,2018-05-01,logistic_l2,seller_score_only,M2,M2-M1,score_only,63102,ac7d295e1ce48e740b3cfc166163cb0c1e9e4f1749ad29f20035ef126eb0f432,fitted_model,570b7a8c6599756f6e0776db04693a1aa4391362f1b28bac09a78cc517ad63f4,-0.00626112308134,-0.000547785768714,6749,443,0.0656393539784,0.241673466964,0.060991287518,0.15910722133,0.73519826687,3.33542148076,2.91153248056,0.291196388262,1.55947171834,1.1836889832,0.0388190417054,,5ba9c39fb7a95e02255cc9707656867769dd51ba2afc32a961f00a0dd34fba0f,,True,True,2018-05
later,2018-05,2018-05-01,logistic_l2,seller_metadata_only,M2,M2-M1,metadata_only,63102,acf2607cc15e26e448a069fe3861da13f878f23f67bd23db0f54ae29ba528241,fitted_model,570b7a8c6599756f6e0776db04693a1aa4391362f1b28bac09a78cc517ad63f4,-0.00169539474463,-0.000212462231663,6749,443,0.0656393539784,0.246239195301,0.061326611055,0.151690047757,0.72282229329,3.15512842775,2.84382242287,0.284424379233,1.39098753818,1.1120285987,0.039948386288,,5ba9c39fb7a95e02255cc9707656867769dd51ba2afc32a961f00a0dd34fba0f,,True,True,2018-05
later,2018-05,2018-05-01,logistic_l2,seller_full,M2,M2-M1,full,63102,a8816519d2ead812c6b875bd6644be18c6445715c5256e202d3c021dae8be784,fitted_model,570b7a8c6599756f6e0776db04693a1aa4391362f1b28bac09a78cc517ad63f4,-0.00462887832615,-0.00044421604191,6749,443,0.0656393539784,0.24330571172,0.0610948572448,0.157592438996,0.731095613551,3.11005516449,2.88896246133,0.288939051919,1.46961115175,1.14758735857,0.0390259813717,,5ba9c39fb7a95e02255cc9707656867769dd51ba2afc32a961f00a0dd34fba0f,,True,True,2018-05
later,2018-05,2018-05-01,logistic_l2,seller_s1_score_only,M2,M2-M1,score_only,63102,c2cf8eeac2aa913bf6c52c0986854e5df19067dbf5d2d5d5109732316cd6b4ba,fitted_model,570b7a8c6599756f6e0776db04693a1aa4391362f1b28bac09a78cc517ad63f4,-0.00609455126986,-0.000529266757826,6749,443,0.0656393539784,0.241840038776,0.0610098065289,0.158069879111,0.734553569319,3.200201691,2.88896246133,0.288939051919,1.55145253304,1.18096472919,0.0388454197283,,5ba9c39fb7a95e02255cc9707656867769dd51ba2afc32a961f00a0dd34fba0f,,True,True,2018-05
later,2018-05,2018-05-01,logistic_l2,seller_s2_score_only,M2,M2-M1,score_only,63102,5d51c142739e65e3b224855a0373019b1cf34b934d0b91c676d037cd74acf462,fitted_model,570b7a8c6599756f6e0776db04693a1aa4391362f1b28bac09a78cc517ad63f4,-0.00450841258262,-0.000400420799866,6749,443,0.0656393539784,0.243426177463,0.0611386524868,0.155845111821,0.729564233139,3.33542148076,2.82125240365,0.282167042889,1.56771724964,1.17864371771,0.039408498655,,5ba9c39fb7a95e02255cc9707656867769dd51ba2afc32a961f00a0dd34fba0f,,True,True,2018-05
later,2018-05,2018-05-01,logistic_l2,route_score_only,M3,M3-M1,score_only,63102,b7ddf47de5c67ef8c60c24faa40294322f0a5356d55f8c868e74b04258f278ea,fitted_model,570b7a8c6599756f6e0776db04693a1aa4391362f1b28bac09a78cc517ad63f4,-0.0156699851664,-0.00172438619688,6749,443,0.0656393539784,0.232264604879,0.0598146870898,0.138466724218,0.69944243148,2.92976211148,2.73097232673,0.273137697517,-0.0691780208802,0.822463759052,0.0213196750039,,5ba9c39fb7a95e02255cc9707656867769dd51ba2afc32a961f00a0dd34fba0f,,True,True,2018-05
later,2018-05,2018-05-01,logistic_l2,route_metadata_only,M3,M3-M1,metadata_only,63102,d846b22b273d9b5a5ccb69cdb234095eca599837f9abaab34aec80a0f6dfe550,fitted_model,570b7a8c6599756f6e0776db04693a1aa4391362f1b28bac09a78cc517ad63f4,-0.0117888304616,-0.000995789427923,6749,443,0.0656393539784,0.236145759584,0.0605432838588,0.140218928575,0.712244027151,2.97483537473,2.50527213444,0.250564334086,1.09857496858,1.14485871989,0.0302306426866,,5ba9c39fb7a95e02255cc9707656867769dd51ba2afc32a961f00a0dd34fba0f,,True,True,2018-05
later,2018-05,2018-05-01,logistic_l2,route_full,M3,M3-M1,full,63102,1c468fa740000b7d3dc386edcaa2ce8dfbb59930a15214d3c54521d5a73713f4,fitted_model,570b7a8c6599756f6e0776db04693a1aa4391362f1b28bac09a78cc517ad63f4,-0.0189480321368,-0.00196015839526,6749,443,0.0656393539784,0.228986557909,0.0595789148914,0.135807507693,0.697593176873,2.74946905846,2.66326226904,0.266365688488,-0.26625665664,0.821247445761,0.0117971266496,,5ba9c39fb7a95e02255cc9707656867769dd51ba2afc32a961f00a0dd34fba0f,,True,True,2018-05
later,2018-05,2018-05-01,logistic_l2,route_r1_score_only,M3,M3-M1,score_only,63102,4fe6c80b368c425bc2c43596a7f96150faed9ee8cd27112784111e9024516d3b,fitted_model,570b7a8c6599756f6e0776db04693a1aa4391362f1b28bac09a78cc517ad63f4,-0.0117155781366,-0.00132155062873,6749,443,0.0656393539784,0.236219011909,0.0602175226579,0.142392321582,0.702493021444,3.01990863798,2.75354234596,0.27539503386,0.261000714858,0.877618049403,0.0288003728512,,5ba9c39fb7a95e02255cc9707656867769dd51ba2afc32a961f00a0dd34fba0f,,True,True,2018-05
later,2018-05,2018-05-01,logistic_l2,route_r2_score_only,M3,M3-M1,score_only,63102,c6a870e014df7334a462d79769d5110e038160682e2573a2adf34908e5743a9f,fitted_model,570b7a8c6599756f6e0776db04693a1aa4391362f1b28bac09a78cc517ad63f4,-0.015799546893,-0.0016788866104,6749,443,0.0656393539784,0.232135043153,0.0598601866763,0.136595576198,0.699160353929,2.92976211148,2.66326226904,0.266365688488,-0.0317219200127,0.839587542547,0.0214604154395,,5ba9c39fb7a95e02255cc9707656867769dd51ba2afc32a961f00a0dd34fba0f,,True,True,2018-05
later,2018-05,2018-05-01,logistic_l2,combined_score_only,M4,M4-M1,score_only,63102,6a10c5e32505a5ac5bca1c413de7c364563b2a56f2ffd9e63d2c5667201e4451,fitted_model,570b7a8c6599756f6e0776db04693a1aa4391362f1b28bac09a78cc517ad63f4,-0.0211083958881,-0.00239373064097,6749,443,0.0656393539784,0.226826194158,0.0591453426457,0.156146967219,0.721752331614,3.47064127052,2.82125240365,0.282167042889,0.0924455132444,0.892430185546,0.0204393259024,,5ba9c39fb7a95e02255cc9707656867769dd51ba2afc32a961f00a0dd34fba0f,,True,True,2018-05
later,2018-05,2018-05-01,logistic_l2,combined_metadata_only,M4,M4-M1,metadata_only,63102,f9d6c5d6cb0181e3e97c7e956dc5736e0ff7b81ce24fafeed4972e9d46162b9f,fitted_model,570b7a8c6599756f6e0776db04693a1aa4391362f1b28bac09a78cc517ad63f4,-0.0133315815824,-0.00119755611369,6749,443,0.0656393539784,0.234603008463,0.060341517173,0.152594772916,0.724637183119,3.11005516449,2.68583228827,0.268623024831,1.20083859082,1.16713482045,0.0312217774227,,5ba9c39fb7a95e02255cc9707656867769dd51ba2afc32a961f00a0dd34fba0f,,True,True,2018-05
later,2018-05,2018-05-01,logistic_l2,combined_full,M4,M4-M1,full,63102,e3da76bae4eb4bd3a024332cacb14fe19b0301097d7757675bde90802a57a552,fitted_model,570b7a8c6599756f6e0776db04693a1aa4391362f1b28bac09a78cc517ad63f4,-0.0228062254789,-0.00246364856143,6749,443,0.0656393539784,0.225128364567,0.0590754247252,0.149589530957,0.718324445027,3.11005516449,2.73097232673,0.273137697517,-0.107224905414,0.878630195221,0.0118782777734,,5ba9c39fb7a95e02255cc9707656867769dd51ba2afc32a961f00a0dd34fba0f,,True,True,2018-05
later,2018-05,2018-05-01,xgboost,seller_score_only,M2,M2-M1,score_only,63102,4cd0da4207418a73909ff0a5b8af30e23d3fb3270d099b8bae8b6f5f0009ec7e,fitted_model,ae274e25998f75ec0ea734ced6c023615bbc43b3cfbb696feba82579972f7f79,0.000359490250816,5.01319669269e-05,6749,443,0.0656393539784,0.241014406547,0.0611671774868,0.126950452694,0.667550664779,2.70439579521,2.39242203829,0.23927765237,21.2104768331,9.22012749706,0.0291832631598,,5ba9c39fb7a95e02255cc9707656867769dd51ba2afc32a961f00a0dd34fba0f,,True,True,2018-05
later,2018-05,2018-05-01,xgboost,seller_metadata_only,M2,M2-M1,metadata_only,63102,23beb6c3f6a8901834c5a3b453e0170e113a837c75ae6b513223f3b78a1c81c8,fitted_model,ae274e25998f75ec0ea734ced6c023615bbc43b3cfbb696feba82579972f7f79,0.000763124050114,0.000106240852819,6749,443,0.0656393539784,0.241418040346,0.0612232863727,0.109597955465,0.637732060691,2.47902947894,1.7830315191,0.178329571106,21.8493173176,9.47747088288,0.0272377859108,,5ba9c39fb7a95e02255cc9707656867769dd51ba2afc32a961f00a0dd34fba0f,,True,True,2018-05
later,2018-05,2018-05-01,xgboost,seller_full,M2,M2-M1,full,63102,5f91271c29df100e2ec2569e2dd55ab5454b7c2b038b4100309cc742ee094233,fitted_model,ae274e25998f75ec0ea734ced6c023615bbc43b3cfbb696feba82579972f7f79,0.000258010009731,3.38868281139e-05,6749,443,0.0656393539784,0.240912926306,0.061150932348,0.124412853887,0.657358465441,2.5241027422,2.59555221135,0.259593679458,17.3246363813,7.74516164755,0.0289463816523,,5ba9c39fb7a95e02255cc9707656867769dd51ba2afc32a961f00a0dd34fba0f,,True,True,2018-05
later,2018-05,2018-05-01,xgboost,seller_s1_score_only,M2,M2-M1,score_only,63102,03e775e6a5cfd402b462e7f6d779b997626bd923be2399a88ebc0c3a7caf39a1,fitted_model,ae274e25998f75ec0ea734ced6c023615bbc43b3cfbb696feba82579972f7f79,0.000306430683444,4.14634520941e-05,6749,443,0.0656393539784,0.240961346979,0.0611585089719,0.111205535996,0.631398202579,2.65932253196,2.166721846,0.216704288939,16.2108421268,7.30731991249,0.0255107618289,,5ba9c39fb7a95e02255cc9707656867769dd51ba2afc32a961f00a0dd34fba0f,,True,True,2018-05
later,2018-05,2018-05-01,xgboost,seller_s2_score_only,M2,M2-M1,score_only,63102,4a96f4bf6de59f52a3e9f85391533f803b514d6c618ea748a094666b77d49cfb,fitted_model,ae274e25998f75ec0ea734ced6c023615bbc43b3cfbb696feba82579972f7f79,0.000300526081513,4.41061940164e-05,6749,443,0.0656393539784,0.240955442377,0.0611611517139,0.121495952411,0.648319812941,2.5241027422,2.43756207675,0.243792325056,21.5474486808,9.35937174741,0.0261619930083,,5ba9c39fb7a95e02255cc9707656867769dd51ba2afc32a961f00a0dd34fba0f,,True,True,2018-05
later,2018-05,2018-05-01,xgboost,route_score_only,M3,M3-M1,score_only,63102,80a5a8c62f6278753d65b21fba99d9599e263b7b6b72aace6acd69ff5fd8fe1a,fitted_model,ae274e25998f75ec0ea734ced6c023615bbc43b3cfbb696feba82579972f7f79,-0.00126537337364,-0.000195427328776,6749,443,0.0656393539784,0.239389542922,0.0609216181911,0.124791163707,0.658111984788,2.79454232172,2.39242203829,0.23927765237,9.91281626018,4.95638430159,0.0319169717348,,5ba9c39fb7a95e02255cc9707656867769dd51ba2afc32a961f00a0dd34fba0f,,True,True,2018-05
later,2018-05,2018-05-01,xgboost,route_metadata_only,M3,M3-M1,metadata_only,63102,b49e02d1bc26ec98a080ad990814e60fe1c6fb72f506acde10f598a02ae5da3b,fitted_model,ae274e25998f75ec0ea734ced6c023615bbc43b3cfbb696feba82579972f7f79,-0.000119336658741,-2.58778035997e-05,6749,443,0.0656393539784,0.240535579637,0.0610911677162,0.116132129599,0.665296371151,1.89307705665,2.09901178831,0.20993227991,7.46765012876,3.97510987454,0.0299640743037,,5ba9c39fb7a95e02255cc9707656867769dd51ba2afc32a961f00a0dd34fba0f,,True,True,2018-05
later,2018-05,2018-05-01,xgboost,route_full,M3,M3-M1,full,63102,f4fb0c9da9ccfe2beaa018402b71a275d803c85d67b70c5b80b74e70143e301b,fitted_model,ae274e25998f75ec0ea734ced6c023615bbc43b3cfbb696feba82579972f7f79,-0.00143812271425,-0.000221412904015,6749,443,0.0656393539784,0.239216793582,0.0608956326158,0.132267731722,0.678428727809,2.34380968918,2.46013209598,0.2460496614,12.6653023662,6.112236768,0.0312448572216,,5ba9c39fb7a95e02255cc9707656867769dd51ba2afc32a961f00a0dd34fba0f,,True,True,2018-05
later,2018-05,2018-05-01,xgboost,route_r1_score_only,M3,M3-M1,score_only,63102,4a44aaa2b5a76b358da4c53cfa2ada5f75b487fb0b5fe4c7bd4c1999ae8341a0,fitted_model,ae274e25998f75ec0ea734ced6c023615bbc43b3cfbb696feba82579972f7f79,-0.000482790691459,-7.45027101615e-05,6749,443,0.0656393539784,0.240172125605,0.0610425428097,0.126544362933,0.655723453746,3.15512842775,2.52784215367,0.252821670429,15.6850697614,7.21617582152,0.0335236803748,,5ba9c39fb7a95e02255cc9707656867769dd51ba2afc32a961f00a0dd34fba0f,,True,True,2018-05
later,2018-05,2018-05-01,xgboost,route_r2_score_only,M3,M3-M1,score_only,63102,2f7ed974c3177df6800dafc6c4e4c3603637eb7624b0f4ba8bf22121d44020e3,fitted_model,ae274e25998f75ec0ea734ced6c023615bbc43b3cfbb696feba82579972f7f79,-0.000809208532542,-0.000119992254807,6749,443,0.0656393539784,0.239845707763,0.060997053265,0.129853511176,0.661143065582,2.97483537473,2.5504121729,0.255079006772,15.9147378006,7.3199974686,0.0364354041243,,5ba9c39fb7a95e02255cc9707656867769dd51ba2afc32a961f00a0dd34fba0f,,True,True,2018-05
later,2018-05,2018-05-01,xgboost,combined_score_only,M4,M4-M1,score_only,63102,5a77e4cb5bc2454e2cb05f0d3d38030308401d27343edc68aebc68e505e0fae8,fitted_model,ae274e25998f75ec0ea734ced6c023615bbc43b3cfbb696feba82579972f7f79,-0.00157787796528,-0.000229712343135,6749,443,0.0656393539784,0.239077038331,0.0608873331767,0.131369163433,0.692079419865,2.74946905846,2.46013209598,0.2460496614,14.8241945238,6.93430866825,0.03688530234,,5ba9c39fb7a95e02255cc9707656867769dd51ba2afc32a961f00a0dd34fba0f,,True,True,2018-05
later,2018-05,2018-05-01,xgboost,combined_metadata_only,M4,M4-M1,metadata_only,63102,077e7b80afbda88b9d0faba051d3823966c2e7db2d80aaf367167b52041ed57f,fitted_model,ae274e25998f75ec0ea734ced6c023615bbc43b3cfbb696feba82579972f7f79,-0.000155104581697,-2.54758729382e-05,6749,443,0.0656393539784,0.240499811714,0.0610915696469,0.131192300473,0.675888776965,2.83961558497,2.59555221135,0.259593679458,16.1574253716,7.34603320658,0.0381688578067,,5ba9c39fb7a95e02255cc9707656867769dd51ba2afc32a961f00a0dd34fba0f,,True,True,2018-05
later,2018-05,2018-05-01,xgboost,combined_full,M4,M4-M1,full,63102,17b34ab975164caead15d7cbef4e79e2aec1adee1f2c81b67eca2de35557327c,fitted_model,ae274e25998f75ec0ea734ced6c023615bbc43b3cfbb696feba82579972f7f79,-0.00154918566179,-0.000234974265979,6749,443,0.0656393539784,0.239105730634,0.0608820712539,0.144540687159,0.710131130265,3.200201691,2.39242203829,0.23927765237,14.6095859034,6.90095450891,0.0381577346727,,5ba9c39fb7a95e02255cc9707656867769dd51ba2afc32a961f00a0dd34fba0f,,True,True,2018-05
later,2018-06,2018-06-01,logistic_l2,seller_score_only,M2,M2-M1,score_only,70213,96246404f4682d42bd6240025aabfa2c351c00132b0e2247b221335258b2fa83,fitted_model,272f6de52335b2d1c3dcb3935cc92b164813086e09a4cbe46ba514fe23f2be4e,-0.00134622196558,-9.2006437031e-05,6096,71,0.0116469816273,0.0631747773474,0.0115260246272,0.0745909297773,0.739255449711,5.34860309397,3.51881782498,0.352112676056,0.154665743623,1.29189824033,0.0137542230254,,93d1e83d8d3dc0b917f21633c2bfe0cd78c570027229894e2260c262d727c336,,True,True,2018-06
later,2018-06,2018-06-01,logistic_l2,seller_metadata_only,M2,M2-M1,metadata_only,70213,d95edfec8c1608b569350675c9f66443716f0cc5635ea7470746dd80ed0ad1ef,fitted_model,272f6de52335b2d1c3dcb3935cc92b164813086e09a4cbe46ba514fe23f2be4e,-0.000921987210586,-3.07212362494e-05,6096,71,0.0116469816273,0.0635990121024,0.011587309828,0.0545044544748,0.746759394542,4.78559224198,3.80032325098,0.380281690141,0.0662370497221,1.27286505077,0.0142874780041,,93d1e83d8d3dc0b917f21633c2bfe0cd78c570027229894e2260c262d727c336,,True,True,2018-06
later,2018-06,2018-06-01,logistic_l2,seller_full,M2,M2-M1,full,70213,7264b7fefd519d24c5a43fca99591abea5bbf6f9b8803ebd2f8c5041df76eee5,fitted_model,272f6de52335b2d1c3dcb3935cc92b164813086e09a4cbe46ba514fe23f2be4e,-0.00140472942445,-8.03204432415e-05,6096,71,0.0116469816273,0.0631162698885,0.011537710621,0.0680594490551,0.739311553971,5.34860309397,3.80032325098,0.380281690141,0.0747762820476,1.2620782242,0.0134263617168,,93d1e83d8d3dc0b917f21633c2bfe0cd78c570027229894e2260c262d727c336,,True,True,2018-06
later,2018-06,2018-06-01,logistic_l2,seller_s1_score_only,M2,M2-M1,score_only,70213,d622fa1058705a56d548568974f23eaeba8e01947a5897bdd42afcf4081bdf85,fitted_model,272f6de52335b2d1c3dcb3935cc92b164813086e09a4cbe46ba514fe23f2be4e,-0.00137051552914,-9.58354178725e-05,6096,71,0.0116469816273,0.0631504837838,0.0115221956464,0.0761269700396,0.738759862077,5.34860309397,3.51881782498,0.352112676056,0.161142977374,1.29309290282,0.0137084210042,,93d1e83d8d3dc0b917f21633c2bfe0cd78c570027229894e2260c262d727c336,,True,True,2018-06
later,2018-06,2018-06-01,logistic_l2,seller_s2_score_only,M2,M2-M1,score_only,70213,11c7a4e29da497cb951e0f2411874a6d457aef6ab4748a3e45848cb9b4c2d3cb,fitted_model,272f6de52335b2d1c3dcb3935cc92b164813086e09a4cbe46ba514fe23f2be4e,-0.000451939479209,-1.06970416782e-05,6096,71,0.0116469816273,0.0640690598337,0.0116073340225,0.0710303692546,0.754476068026,5.34860309397,3.37806511198,0.338028169014,0.225600310302,1.34270631571,0.0155456036698,,93d1e83d8d3dc0b917f21633c2bfe0cd78c570027229894e2260c262d727c336,,True,True,2018-06
later,2018-06,2018-06-01,logistic_l2,route_score_only,M3,M3-M1,score_only,70213,2696d0ed3c0775d9ee46be3525aaeba79bebb9aeb37fc18b762c16de656bd226,fitted_model,272f6de52335b2d1c3dcb3935cc92b164813086e09a4cbe46ba514fe23f2be4e,0.00556336868568,0.000718922693069,6096,71,0.0116469816273,0.0700843679986,0.0123369537573,0.062178689272,0.760388054468,5.06709766798,3.80032325098,0.380281690141,-0.785608582479,1.1460915546,0.0250035277715,,93d1e83d8d3dc0b917f21633c2bfe0cd78c570027229894e2260c262d727c336,,True,True,2018-06
later,2018-06,2018-06-01,logistic_l2,route_metadata_only,M3,M3-M1,metadata_only,70213,79dff308922f6f2484b4d59c954b6133d3996b29c8cb7abcf602088bdb3d175c,fitted_model,272f6de52335b2d1c3dcb3935cc92b164813086e09a4cbe46ba514fe23f2be4e,0.00444591638051,0.000396109900439,6096,71,0.0116469816273,0.0689669156935,0.0120141409647,0.0446482352948,0.759137396996,4.78559224198,3.51881782498,0.352112676056,0.0484698773742,1.39307803425,0.0228273428345,,93d1e83d8d3dc0b917f21633c2bfe0cd78c570027229894e2260c262d727c336,,True,True,2018-06
later,2018-06,2018-06-01,logistic_l2,route_full,M3,M3-M1,full,70213,3cabc4b91631fce7f4af071b9013f9bda2d91e4ea4ba014cb1472b0342d7eaaa,fitted_model,272f6de52335b2d1c3dcb3935cc92b164813086e09a4cbe46ba514fe23f2be4e,0.00872038001314,0.00112978837453,6096,71,0.0116469816273,0.0732413793261,0.0127478194388,0.0482225542285,0.761122085208,4.78559224198,3.37806511198,0.338028169014,-0.943107557861,1.1323839965,0.0288589303597,,93d1e83d8d3dc0b917f21633c2bfe0cd78c570027229894e2260c262d727c336,,True,True,2018-06
later,2018-06,2018-06-01,logistic_l2,route_r1_score_only,M3,M3-M1,score_only,70213,1b9c9921fb1d3fc09369b3ad56ff76d823624e613861c9d543cd43ff24d76d69,fitted_model,272f6de52335b2d1c3dcb3935cc92b164813086e09a4cbe46ba514fe23f2be4e,0.00319787036177,0.000456732633214,6096,71,0.0116469816273,0.0677188696747,0.0120747636974,0.0552631775434,0.758962071182,5.63010851997,3.51881782498,0.352112676056,-0.671879940208,1.14194045315,0.0214875320215,,93d1e83d8d3dc0b917f21633c2bfe0cd78c570027229894e2260c262d727c336,,True,True,2018-06
later,2018-06,2018-06-01,logistic_l2,route_r2_score_only,M3,M3-M1,score_only,70213,c082e3b3ec505bf993d4f768b495af230987ee486096deac5f36eacab46f46ec,fitted_model,272f6de52335b2d1c3dcb3935cc92b164813086e09a4cbe46ba514fe23f2be4e,0.00611405760755,0.000722083732097,6096,71,0.0116469816273,0.0706350569205,0.0123401147963,0.072187065519,0.762328326807,5.06709766798,3.80032325098,0.380281690141,-0.657101265567,1.20122769628,0.0258980052376,,93d1e83d8d3dc0b917f21633c2bfe0cd78c570027229894e2260c262d727c336,,True,True,2018-06
later,2018-06,2018-06-01,logistic_l2,combined_score_only,M4,M4-M1,score_only,70213,0082502f1fa20786413b9392eab493b84688e65fb40e475fdc1db88732e63d6c,fitted_model,272f6de52335b2d1c3dcb3935cc92b164813086e09a4cbe46ba514fe23f2be4e,0.00330433010566,0.000465943230808,6096,71,0.0116469816273,0.0678253294186,0.012083974295,0.0690289763272,0.74557419204,5.34860309397,3.80032325098,0.380281690141,-0.883249406505,1.07001706575,0.0213867401086,,93d1e83d8d3dc0b917f21633c2bfe0cd78c570027229894e2260c262d727c336,,True,True,2018-06
later,2018-06,2018-06-01,logistic_l2,combined_metadata_only,M4,M4-M1,metadata_only,70213,bc76a02694226660ba919c53cac59186bd20aa2a3a9afa8a719d9ca42797f155,fitted_model,272f6de52335b2d1c3dcb3935cc92b164813086e09a4cbe46ba514fe23f2be4e,0.00295939735345,0.000312163711604,6096,71,0.0116469816273,0.0674803966664,0.0119301947758,0.0398623940176,0.748246157443,4.78559224198,3.65957053798,0.366197183099,-0.300346220265,1.23925247768,0.0200432512503,,93d1e83d8d3dc0b917f21633c2bfe0cd78c570027229894e2260c262d727c336,,True,True,2018-06
later,2018-06,2018-06-01,logistic_l2,combined_full,M4,M4-M1,full,70213,9a8ba31dfe776c932e3bdedbc9dd77662dedb3021de7c09146ec061f0b80a17b,fitted_model,272f6de52335b2d1c3dcb3935cc92b164813086e09a4cbe46ba514fe23f2be4e,0.00578693361425,0.000806943643971,6096,71,0.0116469816273,0.0703079329272,0.0124249747082,0.0495072960776,0.747724855356,5.06709766798,3.80032325098,0.380281690141,-1.06647975409,1.0399894925,0.0243754285485,,93d1e83d8d3dc0b917f21633c2bfe0cd78c570027229894e2260c262d727c336,,True,True,2018-06
later,2018-06,2018-06-01,xgboost,seller_score_only,M2,M2-M1,score_only,70213,20524bb94e1fecc2f3c595eb544351ca5eb698e96a6065c10a95f16341fa5c44,fitted_model,75394836d8954a5a3aa9c8c3683f84ef9171cc36615bd55c17a9ce514b1a4982,-0.00010291798091,-1.34559258965e-05,6096,71,0.0116469816273,0.0999508508384,0.0145667437375,0.0442952364367,0.715426333937,5.34860309397,3.37806511198,0.338028169014,33.2795443955,14.4054780802,0.0556720717739,,93d1e83d8d3dc0b917f21633c2bfe0cd78c570027229894e2260c262d727c336,,True,True,2018-06
later,2018-06,2018-06-01,xgboost,seller_metadata_only,M2,M2-M1,metadata_only,70213,e8bde2705aaae1234c63c7996687ae80973e0537c7203baed3885d5c02acdbd2,fitted_model,75394836d8954a5a3aa9c8c3683f84ef9171cc36615bd55c17a9ce514b1a4982,0.00137382191766,0.000172576133931,6096,71,0.0116469816273,0.101427590737,0.0147527757973,0.0504975737403,0.675768803694,4.78559224198,3.09655968598,0.30985915493,26.4903911212,11.9644631409,0.0575023247173,,93d1e83d8d3dc0b917f21633c2bfe0cd78c570027229894e2260c262d727c336,,True,True,2018-06
later,2018-06,2018-06-01,xgboost,seller_full,M2,M2-M1,full,70213,ef70570e605cebaf4b2bf19bb6357051019246af11a39d33bfa51dcdd1348f8b,fitted_model,75394836d8954a5a3aa9c8c3683f84ef9171cc36615bd55c17a9ce514b1a4982,1.7056555991e-05,1.85898995979e-06,6096,71,0.0116469816273,0.100070825375,0.0145820586534,0.0370244251598,0.661105721466,5.63010851997,3.23731239898,0.323943661972,32.0941602824,13.9314555241,0.0556611318454,,93d1e83d8d3dc0b917f21633c2bfe0cd78c570027229894e2260c262d727c336,,True,True,2018-06
later,2018-06,2018-06-01,xgboost,seller_s1_score_only,M2,M2-M1,score_only,70213,43d207f947614b8b0cd7c0ae7946bfa301047772ce938e232b0e4bd5a0d07913,fitted_model,75394836d8954a5a3aa9c8c3683f84ef9171cc36615bd55c17a9ce514b1a4982,0.00152126107855,0.000194133402845,6096,71,0.0116469816273,0.101575029898,0.0147743330662,0.0371724180767,0.682950149027,6.19311937197,3.80032325098,0.380281690141,29.3025912475,13.0391526488,0.057508135157,,93d1e83d8d3dc0b917f21633c2bfe0cd78c570027229894e2260c262d727c336,,True,True,2018-06
later,2018-06,2018-06-01,xgboost,seller_s2_score_only,M2,M2-M1,score_only,70213,a2a929f1d4f25c163d08132f402946c77bd8c8de7aede9251b5e557e8bfffe30,fitted_model,75394836d8954a5a3aa9c8c3683f84ef9171cc36615bd55c17a9ce514b1a4982,0.00148849816077,0.000190416416475,6096,71,0.0116469816273,0.10154226698,0.0147706160799,0.033690238261,0.696695692829,5.06709766798,3.65957053798,0.366197183099,28.3086881174,12.6515840502,0.0574633736711,,93d1e83d8d3dc0b917f21633c2bfe0cd78c570027229894e2260c262d727c336,,True,True,2018-06
later,2018-06,2018-06-01,xgboost,route_score_only,M3,M3-M1,score_only,70213,e4bcff94a4c6b1d10ae7cf3bf08868b48e475aab3794b3d572931044d9993512,fitted_model,75394836d8954a5a3aa9c8c3683f84ef9171cc36615bd55c17a9ce514b1a4982,0.00105468696647,0.000137911384251,6096,71,0.0116469816273,0.101108455786,0.0147181110476,0.0547141578206,0.738734147624,4.78559224198,3.65957053798,0.366197183099,12.2341915277,6.5138917372,0.0578357978893,,93d1e83d8d3dc0b917f21633c2bfe0cd78c570027229894e2260c262d727c336,,True,True,2018-06
later,2018-06,2018-06-01,xgboost,route_metadata_only,M3,M3-M1,metadata_only,70213,c2903895ef6933ce139504bb834af98bce7742381396a2e3a174f0801ad1a6b7,fitted_model,75394836d8954a5a3aa9c8c3683f84ef9171cc36615bd55c17a9ce514b1a4982,0.000898533675256,0.000112778461841,6096,71,0.0116469816273,0.100952302495,0.0146929781252,0.0540156592192,0.669922272223,4.50408681598,3.37806511198,0.338028169014,29.8149170973,13.2071522209,0.056935986537,,93d1e83d8d3dc0b917f21633c2bfe0cd78c570027229894e2260c262d727c336,,True,True,2018-06
later,2018-06,2018-06-01,xgboost,route_full,M3,M3-M1,full,70213,de409b5c44832da88d498520e79e72b7e782297ef3c54580456dfc0348576a61,fitted_model,75394836d8954a5a3aa9c8c3683f84ef9171cc36615bd55c17a9ce514b1a4982,0.000880948542899,0.000114373359887,6096,71,0.0116469816273,0.100934717362,0.0146945730233,0.0446277594877,0.729902401964,5.06709766798,4.22258138998,0.422535211268,23.6446410594,10.8796569575,0.0571635993848,,93d1e83d8d3dc0b917f21633c2bfe0cd78c570027229894e2260c262d727c336,,True,True,2018-06
later,2018-06,2018-06-01,xgboost,route_r1_score_only,M3,M3-M1,score_only,70213,d9f5ee35314fa86ed4593e2d605ee702f38e84f1f495d170ca0ff184dd2fc3c7,fitted_model,75394836d8954a5a3aa9c8c3683f84ef9171cc36615bd55c17a9ce514b1a4982,0.00184347850144,0.000239123259207,6096,71,0.0116469816273,0.101897247321,0.0148193229226,0.0429114940555,0.703395476594,6.75613022397,3.80032325098,0.380281690141,18.2986431027,8.86780042721,0.0582702700978,,93d1e83d8d3dc0b917f21633c2bfe0cd78c570027229894e2260c262d727c336,,True,True,2018-06
later,2018-06,2018-06-01,xgboost,route_r2_score_only,M3,M3-M1,score_only,70213,213bcfc0dc2479a4c31c3c756eae4a19211330503d5bf6b42298d90aa4a97e7f,fitted_model,75394836d8954a5a3aa9c8c3683f84ef9171cc36615bd55c17a9ce514b1a4982,0.0031821668564,0.0004190408853,6096,71,0.0116469816273,0.103235935676,0.0149992405487,0.0517896414728,0.681720530653,4.78559224198,3.37806511198,0.338028169014,10.8040599965,6.04041257088,0.0601765027812,,93d1e83d8d3dc0b917f21633c2bfe0cd78c570027229894e2260c262d727c336,,True,True,2018-06
later,2018-06,2018-06-01,xgboost,combined_score_only,M4,M4-M1,score_only,70213,337db820eea4a419e43e1e103b9228ddc2682f3fd2d2a5f15650956bd200bf8b,fitted_model,75394836d8954a5a3aa9c8c3683f84ef9171cc36615bd55c17a9ce514b1a4982,0.000769440782422,9.82269902131e-05,6096,71,0.0116469816273,0.100823209602,0.0146784266536,0.0502732470459,0.733844895097,5.06709766798,4.08182867698,0.408450704225,20.7115130423,9.74653920429,0.057143391341,,93d1e83d8d3dc0b917f21633c2bfe0cd78c570027229894e2260c262d727c336,,True,True,2018-06
later,2018-06,2018-06-01,xgboost,combined_metadata_only,M4,M4-M1,metadata_only,70213,3cbd072d69a13d7db5c27eb6a08557b7787a5a21eab43170d0e98aea99db0da9,fitted_model,75394836d8954a5a3aa9c8c3683f84ef9171cc36615bd55c17a9ce514b1a4982,-5.55931264675e-05,-7.02410265617e-06,6096,71,0.0116469816273,0.0999981756928,0.0145731755607,0.0281125564689,0.680080649874,3.65957053798,3.94107596398,0.394366197183,24.9356308927,11.1872800784,0.0555236905439,,93d1e83d8d3dc0b917f21633c2bfe0cd78c570027229894e2260c262d727c336,,True,True,2018-06
later,2018-06,2018-06-01,xgboost,combined_full,M4,M4-M1,full,70213,c83e0a3989aa5d37831fd6d290ff76d4dd0d2e30d996da73f82261932a734cb7,fitted_model,75394836d8954a5a3aa9c8c3683f84ef9171cc36615bd55c17a9ce514b1a4982,0.00135654523919,0.000175818423034,6096,71,0.0116469816273,0.101410314058,0.0147560180864,0.0448098161854,0.667086669394,5.06709766798,3.65957053798,0.366197183099,22.7014434977,10.5170669488,0.057510237658,,93d1e83d8d3dc0b917f21633c2bfe0cd78c570027229894e2260c262d727c336,,True,True,2018-06
terminal,2018-07_to_2018-08,2018-07-01,logistic_l2,seller_score_only,M2,M2-M1,score_only,77042,6c1e9f43edb1d708754f980affffb2023c5f45f1c69e50e2733774e9df136d03,fitted_model,bc969ef29276e19cde55106bab63c8587b3a8425b6a9ae87ce53e816600b21a8,-0.00594693958713,-0.00122378470848,12507,601,0.0480530902694,0.206784009587,0.0500848137757,0.0761940208695,0.61579963737,2.19405889014,1.8464788901,0.1846921797,-1.67720567446,0.55788747645,0.046411016209,,085d47c5390ce26eb4920710912d5fe0bd515a587d209de3cd55af821edb6235,,True,True,2018-07_to_2018-08
terminal,2018-07_to_2018-08,2018-07-01,logistic_l2,seller_metadata_only,M2,M2-M1,metadata_only,77042,a6032e22c8c9406f369b996fcc41a9fdb53c3421818c9924b99759e969d80cbd,fitted_model,bc969ef29276e19cde55106bab63c8587b3a8425b6a9ae87ce53e816600b21a8,-0.00317709466368,-0.000672832943055,12507,601,0.0480530902694,0.20955385451,0.0506357655411,0.0751480318203,0.608754153794,2.16081557362,1.92965361488,0.193011647255,-1.75551221847,0.533030736494,0.0499743152015,,085d47c5390ce26eb4920710912d5fe0bd515a587d209de3cd55af821edb6235,,True,True,2018-07_to_2018-08
terminal,2018-07_to_2018-08,2018-07-01,logistic_l2,seller_full,M2,M2-M1,full,77042,114df6cfc6c1ef1ecf6b98063243858b63cebe86c6edd4a68102d497cf62f008,fitted_model,bc969ef29276e19cde55106bab63c8587b3a8425b6a9ae87ce53e816600b21a8,-0.00636532417328,-0.00135173819752,12507,601,0.0480530902694,0.206365625001,0.0499568602866,0.0767316721889,0.615015346224,2.19405889014,1.92965361488,0.193011647255,-1.67150961764,0.558226722151,0.046323315017,,085d47c5390ce26eb4920710912d5fe0bd515a587d209de3cd55af821edb6235,,True,True,2018-07_to_2018-08
terminal,2018-07_to_2018-08,2018-07-01,logistic_l2,seller_s1_score_only,M2,M2-M1,score_only,77042,d408c678d9d2cd41800a93fbce19bb4116072ae26e5153df818c7533ed47db82,fitted_model,bc969ef29276e19cde55106bab63c8587b3a8425b6a9ae87ce53e816600b21a8,-0.00642099837378,-0.00135543257208,12507,601,0.0480530902694,0.2063099508,0.0499531659121,0.0757515158578,0.615075439808,2.22730220665,1.82984394514,0.18302828619,-1.67737607449,0.554706382137,0.0454113916854,,085d47c5390ce26eb4920710912d5fe0bd515a587d209de3cd55af821edb6235,,True,True,2018-07_to_2018-08
terminal,2018-07_to_2018-08,2018-07-01,logistic_l2,seller_s2_score_only,M2,M2-M1,score_only,77042,2bf21ba58a0a54dde96bb0b155737184f5de690fe8ee74c32c57eb79fbf4dfc7,fitted_model,bc969ef29276e19cde55106bab63c8587b3a8425b6a9ae87ce53e816600b21a8,0.000612214820628,0.000426319158683,12507,601,0.0480530902694,0.213343163994,0.0517349176428,0.0757828426638,0.611418256095,2.19405889014,1.8464788901,0.1846921797,-1.77346672378,0.544039675334,0.0566017230384,,085d47c5390ce26eb4920710912d5fe0bd515a587d209de3cd55af821edb6235,,True,True,2018-07_to_2018-08
terminal,2018-07_to_2018-08,2018-07-01,logistic_l2,route_score_only,M3,M3-M1,score_only,77042,3b6585e99d1ddde1626827aff089de43a0b4412d1bb8cf9f410599707b6bfcec,fitted_model,bc969ef29276e19cde55106bab63c8587b3a8425b6a9ae87ce53e816600b21a8,-0.000568192831334,0.000395570061223,12507,601,0.0480530902694,0.212162756342,0.0517041685454,0.0747258064651,0.615961191284,2.09432894058,1.71339933045,0.171381031614,-1.80456983522,0.518513344699,0.0533288802758,,085d47c5390ce26eb4920710912d5fe0bd515a587d209de3cd55af821edb6235,,True,True,2018-07_to_2018-08
terminal,2018-07_to_2018-08,2018-07-01,logistic_l2,route_metadata_only,M3,M3-M1,metadata_only,77042,c317e7b599f2706c38bd355656ffc672c1edaac40d7c060759597252059c2909,fitted_model,bc969ef29276e19cde55106bab63c8587b3a8425b6a9ae87ce53e816600b21a8,0.00775314839946,0.00226321636527,12507,601,0.0480530902694,0.220484097573,0.0535718148494,0.0709424511362,0.605094594289,1.82838240845,1.53041493594,0.153078202995,-1.89996410614,0.509191046909,0.0658828600995,,085d47c5390ce26eb4920710912d5fe0bd515a587d209de3cd55af821edb6235,,True,True,2018-07_to_2018-08
terminal,2018-07_to_2018-08,2018-07-01,logistic_l2,route_full,M3,M3-M1,full,77042,796b5a244731f98e9de9926fb2fd0305c96869814c52f05178d5cfa2e2b0b503,fitted_model,bc969ef29276e19cde55106bab63c8587b3a8425b6a9ae87ce53e816600b21a8,0.00416337550151,0.00180545672489,12507,601,0.0480530902694,0.216894324675,0.0531140552091,0.0731174021227,0.616906337581,1.99459899103,1.59695471576,0.159733777038,-1.86118334683,0.510960983989,0.0602835642962,,085d47c5390ce26eb4920710912d5fe0bd515a587d209de3cd55af821edb6235,,True,True,2018-07_to_2018-08
terminal,2018-07_to_2018-08,2018-07-01,logistic_l2,route_r1_score_only,M3,M3-M1,score_only,77042,2385aab35da0761005cf1c11f7f965ea932dcbac15e65f38f58938c8c6643664,fitted_model,bc969ef29276e19cde55106bab63c8587b3a8425b6a9ae87ce53e816600b21a8,-0.00321960114312,-0.000317689013971,12507,601,0.0480530902694,0.209511348031,0.0509909094702,0.0726039687994,0.607114297717,2.16081557362,1.74666922036,0.174708818636,-1.8678689099,0.46882283357,0.0461193852909,,085d47c5390ce26eb4920710912d5fe0bd515a587d209de3cd55af821edb6235,,True,True,2018-07_to_2018-08
terminal,2018-07_to_2018-08,2018-07-01,logistic_l2,route_r2_score_only,M3,M3-M1,score_only,77042,ab105a12f0c2e3cdabc0876c47a6d4566e4a33da03cbcde4f30d6caeb5e918d1,fitted_model,bc969ef29276e19cde55106bab63c8587b3a8425b6a9ae87ce53e816600b21a8,0.0031199987503,0.00118870967292,12507,601,0.0480530902694,0.215850947924,0.0524973081571,0.0764199166957,0.618726194905,2.09432894058,1.73003427541,0.173044925125,-1.77781464916,0.554602797894,0.0607779149595,,085d47c5390ce26eb4920710912d5fe0bd515a587d209de3cd55af821edb6235,,True,True,2018-07_to_2018-08
terminal,2018-07_to_2018-08,2018-07-01,logistic_l2,combined_score_only,M4,M4-M1,score_only,77042,9a6e14abce2de8fa7ea445a2752383f6450b707eaa86a72630ab7458980ce12e,fitted_model,bc969ef29276e19cde55106bab63c8587b3a8425b6a9ae87ce53e816600b21a8,-0.0064250112032,-0.000851393978345,12507,601,0.0480530902694,0.206305937971,0.0504572045058,0.0801758382453,0.634378896475,2.09432894058,1.8464788901,0.1846921797,-1.62394288541,0.582236220253,0.0469788789926,,085d47c5390ce26eb4920710912d5fe0bd515a587d209de3cd55af821edb6235,,True,True,2018-07_to_2018-08
terminal,2018-07_to_2018-08,2018-07-01,logistic_l2,combined_metadata_only,M4,M4-M1,metadata_only,77042,8a1397409aa8c66fd00c31d752efed8200e35ed9c35e6b0a6d36954d49e45a7f,fitted_model,bc969ef29276e19cde55106bab63c8587b3a8425b6a9ae87ce53e816600b21a8,0.00412768945687,0.00142020166356,12507,601,0.0480530902694,0.216858638631,0.0527288001477,0.075218447005,0.617543609075,1.928112358,1.66349449558,0.166389351082,-1.77759478641,0.560518909796,0.0625985855828,,085d47c5390ce26eb4920710912d5fe0bd515a587d209de3cd55af821edb6235,,True,True,2018-07_to_2018-08
terminal,2018-07_to_2018-08,2018-07-01,logistic_l2,combined_full,M4,M4-M1,full,77042,8b2454afff17bbc275de3ae7f7507c35bcb7ff442458ec18022ee260381b6d65,fitted_model,bc969ef29276e19cde55106bab63c8587b3a8425b6a9ae87ce53e816600b21a8,-0.00267699354639,0.000204733885302,12507,601,0.0480530902694,0.210053955627,0.0515133323695,0.0789003575403,0.634678386127,2.1275722571,1.74666922036,0.174708818636,-1.67638271065,0.57736983897,0.0529168168593,,085d47c5390ce26eb4920710912d5fe0bd515a587d209de3cd55af821edb6235,,True,True,2018-07_to_2018-08
terminal,2018-07_to_2018-08,2018-07-01,xgboost,seller_score_only,M2,M2-M1,score_only,77042,0b1cfe83748b85b90cc9040964fb9973d5e4a13fbcfb256bdf6d99249ffad07b,fitted_model,b6937089e93d917498dd0ec140ee8d6be4288e2675b8e3502c99f71719a6658e,-0.00050302076623,-6.15912282102e-05,12507,601,0.0480530902694,0.195826756159,0.0460974452029,0.054664164318,0.543624657711,1.13027276158,0.981461752395,0.0981697171381,1.12944787429,1.56845227456,0.0257327322066,,085d47c5390ce26eb4920710912d5fe0bd515a587d209de3cd55af821edb6235,,True,True,2018-07_to_2018-08
terminal,2018-07_to_2018-08,2018-07-01,xgboost,seller_metadata_only,M2,M2-M1,metadata_only,77042,d3207a806d5cd9ce32b1a3eeb1befc550465cdec6610390ec5a4405919d02088,fitted_model,b6937089e93d917498dd0ec140ee8d6be4288e2675b8e3502c99f71719a6658e,-0.000273879587814,-3.43216542212e-05,12507,601,0.0480530902694,0.196055897338,0.0461247147769,0.0546944617234,0.549967186108,1.09702944507,0.998096697351,0.0998336106489,-1.88909571658,0.417587386162,0.0225906824425,,085d47c5390ce26eb4920710912d5fe0bd515a587d209de3cd55af821edb6235,,True,True,2018-07_to_2018-08
terminal,2018-07_to_2018-08,2018-07-01,xgboost,seller_full,M2,M2-M1,full,77042,624f844cd45ed6dcafce9a37a1768de103091f6094b3d9b32968348cb2415a30,fitted_model,b6937089e93d917498dd0ec140ee8d6be4288e2675b8e3502c99f71719a6658e,-0.000817949000269,-0.00010575624502,12507,601,0.0480530902694,0.195511827925,0.0460532801861,0.0710237440858,0.614042249423,1.76189577541,1.48051010107,0.148086522463,10.5374341155,5.17011607077,0.0258149235941,,085d47c5390ce26eb4920710912d5fe0bd515a587d209de3cd55af821edb6235,,True,True,2018-07_to_2018-08
terminal,2018-07_to_2018-08,2018-07-01,xgboost,seller_s1_score_only,M2,M2-M1,score_only,77042,a18909041d7e15cf45baee3a47a599f642e3e7145e49b4024ab1e232b80f04a1,fitted_model,b6937089e93d917498dd0ec140ee8d6be4288e2675b8e3502c99f71719a6658e,-0.000521064199178,-6.66102598516e-05,12507,601,0.0480530902694,0.195808712726,0.0460924261713,0.05096666149,0.50459149919,1.1635160781,1.03136658726,0.103161397671,-0.512251131617,0.938212466263,0.0200214483701,,085d47c5390ce26eb4920710912d5fe0bd515a587d209de3cd55af821edb6235,,True,True,2018-07_to_2018-08
terminal,2018-07_to_2018-08,2018-07-01,xgboost,seller_s2_score_only,M2,M2-M1,score_only,77042,6b2e26aaab2c5e7364e8132a427840047573891a9384dea89b7f74bf178c8e0f,fitted_model,b6937089e93d917498dd0ec140ee8d6be4288e2675b8e3502c99f71719a6658e,-0.000487914629304,-6.25505987415e-05,12507,601,0.0480530902694,0.195841862296,0.0460964858324,0.0531342075162,0.536739540153,1.1635160781,1.09790636709,0.109816971714,0.483969700786,1.31801351542,0.0189785828817,,085d47c5390ce26eb4920710912d5fe0bd515a587d209de3cd55af821edb6235,,True,True,2018-07_to_2018-08
terminal,2018-07_to_2018-08,2018-07-01,xgboost,route_score_only,M3,M3-M1,score_only,77042,708e2c6507c2ec85db73ffacb9c7da9c76b0aada27c5bfd09a9d1ae5c388b8f2,fitted_model,b6937089e93d917498dd0ec140ee8d6be4288e2675b8e3502c99f71719a6658e,0.000285842117483,3.80188805946e-05,12507,601,0.0480530902694,0.196615619043,0.0461970553117,0.0541216836681,0.491751526726,1.52919255979,1.4306052662,0.14309484193,0.100223603482,1.19340733323,0.0292469994195,,085d47c5390ce26eb4920710912d5fe0bd515a587d209de3cd55af821edb6235,,True,True,2018-07_to_2018-08
terminal,2018-07_to_2018-08,2018-07-01,xgboost,route_metadata_only,M3,M3-M1,metadata_only,77042,c53d83fb4a98c5ca2d2eb56ec259ae1944dbd5c0168cfc0f7986581c3eeef25a,fitted_model,b6937089e93d917498dd0ec140ee8d6be4288e2675b8e3502c99f71719a6658e,0.000663818726994,8.83454716245e-05,12507,601,0.0480530902694,0.196993595652,0.0462473819028,0.0511358017433,0.497071346177,1.26324602765,0.981461752395,0.0981697171381,-5.01738704771,-0.782497794565,0.033946427874,,085d47c5390ce26eb4920710912d5fe0bd515a587d209de3cd55af821edb6235,,True,True,2018-07_to_2018-08
terminal,2018-07_to_2018-08,2018-07-01,xgboost,route_full,M3,M3-M1,full,77042,fb2475b3f43d72e09f268a0e769c9bd028e2a769f59653f0507931b98c12e784,fitted_model,b6937089e93d917498dd0ec140ee8d6be4288e2675b8e3502c99f71719a6658e,0.00122424044968,0.000169743358175,12507,601,0.0480530902694,0.197554017375,0.0463287797893,0.0496085294585,0.424698476949,1.62892250934,1.18108109187,0.118136439268,-3.53915409242,-0.214013616953,0.0338490933008,,085d47c5390ce26eb4920710912d5fe0bd515a587d209de3cd55af821edb6235,,True,True,2018-07_to_2018-08
terminal,2018-07_to_2018-08,2018-07-01,xgboost,route_r1_score_only,M3,M3-M1,score_only,77042,1e5c56e3341b31fd1865bc8b5739be7fb47faf64815ea99cb7fee0df64399ea3,fitted_model,b6937089e93d917498dd0ec140ee8d6be4288e2675b8e3502c99f71719a6658e,-0.000182759141086,-2.4016986965e-05,12507,601,0.0480530902694,0.196147017784,0.0461350194442,0.0577354913911,0.543134685374,1.52919255979,1.19771603682,0.119800332779,0.117042313811,1.18599558397,0.0261682270837,,085d47c5390ce26eb4920710912d5fe0bd515a587d209de3cd55af821edb6235,,True,True,2018-07_to_2018-08
terminal,2018-07_to_2018-08,2018-07-01,xgboost,route_r2_score_only,M3,M3-M1,score_only,77042,d81d4dd906cc244966da9736e11f4e731e6af35097a5052781d1791e4a38d88e,fitted_model,b6937089e93d917498dd0ec140ee8d6be4288e2675b8e3502c99f71719a6658e,-0.000164821631475,-2.20424256559e-05,12507,601,0.0480530902694,0.196164955294,0.0461369940055,0.058073736102,0.557984718341,1.23000271114,1.23098592673,0.1231281198,0.967910200452,1.51174173083,0.0307606073923,,085d47c5390ce26eb4920710912d5fe0bd515a587d209de3cd55af821edb6235,,True,True,2018-07_to_2018-08
terminal,2018-07_to_2018-08,2018-07-01,xgboost,combined_score_only,M4,M4-M1,score_only,77042,6fdb809301c85b845137704bd86d4d3ccdc840a9ee7c640b5d10ac7da2e05ae8,fitted_model,b6937089e93d917498dd0ec140ee8d6be4288e2675b8e3502c99f71719a6658e,0.000184897169297,2.3215839767e-05,12507,601,0.0480530902694,0.196514674095,0.0461822522709,0.0569911402255,0.509100823897,1.69540914238,1.58031977081,0.158069883527,0.723591295564,1.43493526572,0.0239542202508,,085d47c5390ce26eb4920710912d5fe0bd515a587d209de3cd55af821edb6235,,True,True,2018-07_to_2018-08
terminal,2018-07_to_2018-08,2018-07-01,xgboost,combined_metadata_only,M4,M4-M1,metadata_only,77042,fe5f239909c15f1a7eb185c5d1faeace53eb8b2bc202d2587b8481ad17c7b9db,fitted_model,b6937089e93d917498dd0ec140ee8d6be4288e2675b8e3502c99f71719a6658e,0.000411004037159,5.47154198134e-05,12507,601,0.0480530902694,0.196740780963,0.046213751851,0.0528699209213,0.489230111749,1.1635160781,1.26425581664,0.126455906822,-3.09377916622,-0.0413553661124,0.028040093433,,085d47c5390ce26eb4920710912d5fe0bd515a587d209de3cd55af821edb6235,,True,True,2018-07_to_2018-08
terminal,2018-07_to_2018-08,2018-07-01,xgboost,combined_full,M4,M4-M1,full,77042,6187a787608e786ee1067eadc70c5d35441adccb5decf308bafce7534faf06cb,fitted_model,b6937089e93d917498dd0ec140ee8d6be4288e2675b8e3502c99f71719a6658e,0.000263905063604,3.67070862033e-05,12507,601,0.0480530902694,0.196593681989,0.0461957435173,0.0580130448778,0.540071240245,1.72865245889,1.34743054142,0.134775374376,0.514135768807,1.35649018401,0.028267653431,,085d47c5390ce26eb4920710912d5fe0bd515a587d209de3cd55af821edb6235,,True,True,2018-07_to_2018-08
later_aggregate,monthly_median,,logistic_l2,combined_full,M4,M4-M1,full,,732f54c2c9e10659b4f9e3cabd163194bddd03e3bee175190a5bd4d3eff35837,composite_fitted_models,1d820bba85ab74ed6dd03cb0e76180b6468b8ba94e0bae47d1d8e8cb5989d333,-0.0118082057867,-0.00124549078367,6773.5,423,0.0613244159905,0.217101923731,0.0558466046495,0.142451157781,0.724534895347,3.31095645706,2.99178753603,0.299312928415,-0.19994001761,1.10141482224,0.045189092553,,monthly_medians_no_single_order_hash,6,True,True,monthly_median
later_aggregate,monthly_median,,logistic_l2,combined_metadata_only,M4,M4-M1,metadata_only,,ae07de803e2575393e3b263d9f7d44461cbf346f9ece2850d08bf4e7c2fcb560,composite_fitted_models,1d820bba85ab74ed6dd03cb0e76180b6468b8ba94e0bae47d1d8e8cb5989d333,-0.00698741880445,-0.000639795599389,6773.5,423,0.0613244159905,0.221922710713,0.0564522998338,0.145763101529,0.721277778538,3.17507853066,2.69717472418,0.269840670083,0.906253000701,1.23459651865,0.0391085862509,,monthly_medians_no_single_order_hash,6,True,True,monthly_median
later_aggregate,monthly_median,,logistic_l2,combined_score_only,M4,M4-M1,score_only,,6f9c5900e82d155dd25ba164484ac1c950d2ececf2d0968b445b42cbf4164bea,composite_fitted_models,1d820bba85ab74ed6dd03cb0e76180b6468b8ba94e0bae47d1d8e8cb5989d333,-0.0132973025278,-0.00160054704502,6773.5,423,0.0613244159905,0.21561282699,0.0554915483882,0.147138532507,0.723805747536,3.44481931045,2.90439859638,0.290570451634,0.0953073082526,1.07317096797,0.0402870230273,,monthly_medians_no_single_order_hash,6,True,True,monthly_median
later_aggregate,monthly_median,,logistic_l2,route_full,M3,M3-M1,full,,e9e70b9e143093dc36fa441776cbcde6550ce8f2d67b113d940880e388377b41,composite_fitted_models,1d820bba85ab74ed6dd03cb0e76180b6468b8ba94e0bae47d1d8e8cb5989d333,-0.00934112747354,-0.000967202240253,6773.5,423,0.0613244159905,0.219569002044,0.0561248931929,0.130632361453,0.710956187351,3.19027327454,2.99395441254,0.299531322854,-0.292615597564,1.14965888215,0.0483094600082,,monthly_medians_no_single_order_hash,6,True,True,monthly_median
later_aggregate,monthly_median,,logistic_l2,route_metadata_only,M3,M3-M1,metadata_only,,f6a22352b3e1fd2bf9e84d967f01b25c268923e079ea35ac758d4b95d9f729b7,composite_fitted_models,1d820bba85ab74ed6dd03cb0e76180b6468b8ba94e0bae47d1d8e8cb5989d333,-0.00524643440539,-0.000423079741545,6773.5,423,0.0613244159905,0.223663695112,0.0566690156916,0.134646230427,0.711779780531,3.10834987324,2.60718307491,0.260839331365,0.816730146375,1.31582105425,0.0393431473701,,monthly_medians_no_single_order_hash,6,True,True,monthly_median
later_aggregate,monthly_median,,logistic_l2,route_r1_score_only,M3,M3-M1,score_only,,be4235ab6be21e35c5294ede9326a4bebfcdf7711d65c87ab053d8697fa5dd1c,composite_fitted_models,1d820bba85ab74ed6dd03cb0e76180b6468b8ba94e0bae47d1d8e8cb5989d333,-0.00726955052307,-0.000875371104603,6773.5,423,0.0613244159905,0.221640578994,0.0562167243286,0.135153894397,0.710069677315,3.1007525013,2.82814789821,0.28294589706,0.222907569626,1.15406294472,0.0403929415859,,monthly_medians_no_single_order_hash,6,True,True,monthly_median
later_aggregate,monthly_median,,logistic_l2,route_r2_score_only,M3,M3-M1,score_only,,174f563843a78cbcae499ad3965aeacf834a52b1a5be5a544e15d3d7188d611c,composite_fitted_models,1d820bba85ab74ed6dd03cb0e76180b6468b8ba94e0bae47d1d8e8cb5989d333,-0.00941854655948,-0.0010410376876,6773.5,423,0.0613244159905,0.219491582958,0.0560510577456,0.131873255077,0.709182726934,3.1482622389,2.79113757122,0.27924341735,-0.020690074953,1.15524233043,0.0428803129992,,monthly_medians_no_single_order_hash,6,True,True,monthly_median
later_aggregate,monthly_median,,logistic_l2,route_score_only,M3,M3-M1,score_only,,6ac6c7092b3702cb8a423a031911ef37eb82df5f5ea87140a73adb28504b8a86,composite_fitted_models,1d820bba85ab74ed6dd03cb0e76180b6468b8ba94e0bae47d1d8e8cb5989d333,-0.00964483728601,-0.00113074381648,6773.5,423,0.0613244159905,0.219265292232,0.0559613516167,0.13350343798,0.709258249544,3.15790055948,2.87257846984,0.287388324071,0.0266256944918,1.13841537632,0.0424616715854,,monthly_medians_no_single_order_hash,6,True,True,monthly_median
later_aggregate,monthly_median,,logistic_l2,seller_full,M2,M2-M1,full,,81b4131cd1672a4548b609c4694356e1b008e56c0e1fafdec0d590144c575172,composite_fitted_models,1d820bba85ab74ed6dd03cb0e76180b6468b8ba94e0bae47d1d8e8cb5989d333,-0.00362976512882,-0.000409649138751,6773.5,423,0.0613244159905,0.225518702347,0.0567377501269,0.159445358895,0.720722020303,3.09109885561,2.7470264976,0.274742478813,1.22501495831,1.20698523919,0.0377962258329,,monthly_medians_no_single_order_hash,6,True,True,monthly_median
later_aggregate,monthly_median,,logistic_l2,seller_metadata_only,M2,M2-M1,metadata_only,,adeceb0f66d099bf64fa60adca09172c5da4784511f7e4fc9df104513194e1fa,composite_fitted_models,1d820bba85ab74ed6dd03cb0e76180b6468b8ba94e0bae47d1d8e8cb5989d333,-0.00199877847362,-0.000256099666766,6773.5,423,0.0613244159905,0.227400041681,0.0569096454857,0.154394237349,0.716598214004,3.13841083035,2.6790516463,0.268022124821,1.21451469141,1.23120125281,0.0380323860221,,monthly_medians_no_single_order_hash,6,True,True,monthly_median
later_aggregate,monthly_median,,logistic_l2,seller_s1_score_only,M2,M2-M1,score_only,,5f86a51dfd664fa5a2c7303607f222ab2830b748f045bf13320e82c198f0ca09,composite_fitted_models,1d820bba85ab74ed6dd03cb0e76180b6468b8ba94e0bae47d1d8e8cb5989d333,-0.00418348227672,-0.000413458386162,6773.5,423,0.0613244159905,0.224940749037,0.0567175746329,0.157792579873,0.722225096913,3.11139677574,2.72859892808,0.272979245182,1.24568847829,1.237028816,0.0379925418064,,monthly_medians_no_single_order_hash,6,True,True,monthly_median
later_aggregate,monthly_median,,logistic_l2,seller_s2_score_only,M2,M2-M1,score_only,,2a08234b3d9cdb5ee86b3620d2a12b107f9a1678808a163b4aafe9fbfa7977be,composite_fitted_models,1d820bba85ab74ed6dd03cb0e76180b6468b8ba94e0bae47d1d8e8cb5989d333,-0.00289684871999,-0.00028027501598,6773.5,423,0.0613244159905,0.225916365093,0.056802543855,0.151844136529,0.719133397176,3.07990529815,2.73798185479,0.273837863876,1.25166686157,1.26067501671,0.0382329461089,,monthly_medians_no_single_order_hash,6,True,True,monthly_median
later_aggregate,monthly_median,,logistic_l2,seller_score_only,M2,M2-M1,score_only,,c0edd067828205ecd9d735bd3c4a7025cb882b3bc53cb8da55f3911c5d2aea1e,composite_fitted_models,1d820bba85ab74ed6dd03cb0e76180b6468b8ba94e0bae47d1d8e8cb5989d333,-0.00427064149692,-0.000421693622761,6773.5,423,0.0613244159905,0.224736661634,0.056686374681,0.158150235057,0.72250802088,3.1542313275,2.78312189325,0.278352536563,1.2473672661,1.23779361177,0.0379818597885,,monthly_medians_no_single_order_hash,6,True,True,monthly_median
later_aggregate,monthly_median,,xgboost,combined_full,M4,M4-M1,full,,39e581159b1f1834ad4b80dbf4fe27d42242ecd92d9b44ecadcc973475e68a74,composite_fitted_models,3d9f731b74faf57d07899767efad93ca41288709cc96b38bb144653760c1e8f0,-0.000906255739249,-0.000127879810165,6773.5,423,0.0613244159905,0.229795945679,0.0574016104002,0.117429485903,0.661325124234,2.65927665129,2.30955598245,0.231084609318,11.3413964964,5.55574117312,0.0478339861654,,monthly_medians_no_single_order_hash,6,True,True,monthly_median
later_aggregate,monthly_median,,xgboost,combined_metadata_only,M4,M4-M1,metadata_only,,42a9d5f81ecd6b491ea0e02a81bd48d66c0b91542a9eb10025502b59abc2854c,composite_fitted_models,3d9f731b74faf57d07899767efad93ca41288709cc96b38bb144653760c1e8f0,-0.000176113805101,-2.07918676354e-05,6773.5,423,0.0613244159905,0.230526087613,0.0575086983427,0.13655116104,0.677280956249,2.42640040224,2.49556656293,0.249667250096,14.9828647632,6.28222142693,0.0468462741753,,monthly_medians_no_single_order_hash,6,True,True,monthly_median
later_aggregate,monthly_median,,xgboost,combined_score_only,M4,M4-M1,score_only,,b3b2e3a5d30e9047654b9c31f73c5d225cabee54c1826ce32dcc837dc92fa206,composite_fitted_models,3d9f731b74faf57d07899767efad93ca41288709cc96b38bb144653760c1e8f0,-0.0016684995457,-0.000236118861956,6773.5,423,0.0613244159905,0.229485707732,0.057379329612,0.12174268319,0.705039137074,2.80992489693,2.56274281799,0.256394161153,15.0460051138,6.35439687118,0.0470143468405,,monthly_medians_no_single_order_hash,6,True,True,monthly_median
later_aggregate,monthly_median,,xgboost,route_full,M3,M3-M1,full,,7bb0beceb3a920da14c560a112a920b8fa2ee7bab7028357557e86a325e51a8c,composite_fitted_models,3d9f731b74faf57d07899767efad93ca41288709cc96b38bb144653760c1e8f0,-4.05045649026e-05,1.75032783971e-05,6773.5,423,0.0613244159905,0.229502161225,0.0573791003568,0.105571394591,0.655416758808,2.19352122464,2.11881286158,0.212014725569,10.6310058765,5.24556587948,0.0442042283032,,monthly_medians_no_single_order_hash,6,True,True,monthly_median
later_aggregate,monthly_median,,xgboost,route_metadata_only,M3,M3-M1,metadata_only,,a7b84b6a005c8144a4a01cfbcddf3634334344d766ee37fabef2cc953360bcb3,composite_fitted_models,3d9f731b74faf57d07899767efad93ca41288709cc96b38bb144653760c1e8f0,0.000177047142718,1.04296586608e-05,6773.5,423,0.0613244159905,0.230774253882,0.0575286333028,0.107640494621,0.642895916317,2.12038100132,2.1393873012,0.214037414253,9.27871697196,4.27067183833,0.0454583348171,,monthly_medians_no_single_order_hash,6,True,True,monthly_median
later_aggregate,monthly_median,,xgboost,route_r1_score_only,M3,M3-M1,score_only,,3017bcd60f7434a28e9134acb288008b9e303e4a3fcc7d5bd2d382e876825634,composite_fitted_models,3d9f731b74faf57d07899767efad93ca41288709cc96b38bb144653760c1e8f0,-0.000720057141086,-9.61144394319e-05,6773.5,423,0.0613244159905,0.230243495476,0.0574746676192,0.133126535437,0.688056178666,3.25015449202,2.682925087,0.268419474523,16.5756739382,6.78594934559,0.0479586206503,,monthly_medians_no_single_order_hash,6,True,True,monthly_median
later_aggregate,monthly_median,,xgboost,route_r2_score_only,M3,M3-M1,score_only,,124260d4dd496978749db877b90d52e1bacdec75b9308fb1c8cc1b3a3a26d76f,composite_fitted_models,3d9f731b74faf57d07899767efad93ca41288709cc96b38bb144653760c1e8f0,-0.00091166157871,-0.000140300363636,6773.5,423,0.0613244159905,0.229873087994,0.0574343058805,0.121751458073,0.670349952888,2.62708347083,2.58630104641,0.258749006626,10.4554570796,5.46220161127,0.0487719042751,,monthly_medians_no_single_order_hash,6,True,True,monthly_median
later_aggregate,monthly_median,,xgboost,route_score_only,M3,M3-M1,score_only,,75bb31d9c2fd44b730ce2a180c5bd4a4771103307f0d494d53679c600861eb2d,composite_fitted_models,3d9f731b74faf57d07899767efad93ca41288709cc96b38bb144653760c1e8f0,-0.001181661243,-0.000168685827524,6773.5,423,0.0613244159905,0.229812852806,0.0574100835291,0.135134640794,0.703293180197,3.04827962896,2.62197202802,0.262426325171,14.142135656,6.80874616775,0.0485760248531,,monthly_medians_no_single_order_hash,6,True,True,monthly_median
later_aggregate,monthly_median,,xgboost,seller_full,M2,M2-M1,full,,2da72f7d132e41fdfe1207695a8eee445bded548b12dcb70b78f5b95228f1286,composite_fitted_models,3d9f731b74faf57d07899767efad93ca41288709cc96b38bb144653760c1e8f0,-0.000140511705397,-1.2109913889e-05,6773.5,423,0.0613244159905,0.23068216644,0.0575333942155,0.125072641777,0.633752092836,2.07963769402,2.09893312319,0.209992622862,13.2744237647,5.69289125191,0.0451640709584,,monthly_medians_no_single_order_hash,6,True,True,monthly_median
later_aggregate,monthly_median,,xgboost,seller_metadata_only,M2,M2-M1,metadata_only,,7a000000f3f6c54356e1c4660d7c11b9debf11b9b39bb820f385029301c1fe83,composite_fitted_models,3d9f731b74faf57d07899767efad93ca41288709cc96b38bb144653760c1e8f0,0.00054969844827,6.86760688828e-05,6773.5,423,0.0613244159905,0.231251899866,0.0575981662792,0.119495740663,0.642258898994,2.27544162142,1.91665173648,0.19175657821,24.1698542194,9.72404168453,0.0470695450064,,monthly_medians_no_single_order_hash,6,True,True,monthly_median
later_aggregate,monthly_median,,xgboost,seller_s1_score_only,M2,M2-M1,score_only,,c747ca88f9e8839bd5ee09d0f78a9488cb51238131332a7303179b330b9efc1b,composite_fitted_models,3d9f731b74faf57d07899767efad93ca41288709cc96b38bb144653760c1e8f0,-0.000365863461302,-3.22955664092e-05,6773.5,423,0.0613244159905,0.230524494608,0.0575211272397,0.141815427827,0.653080304078,2.2836706797,2.10849689993,0.210943937126,13.1264998563,5.64704225466,0.0484639075699,,monthly_medians_no_single_order_hash,6,True,True,monthly_median
later_aggregate,monthly_median,,xgboost,seller_s2_score_only,M2,M2-M1,score_only,,fb7c4a0fea66559c2178dccf13c5267f61711c04be8ef68878e47b3c2ca9335b,composite_fitted_models,3d9f731b74faf57d07899767efad93ca41288709cc96b38bb144653760c1e8f0,-7.77664965525e-05,-4.6199142413e-06,6773.5,423,0.0613244159905,0.230722585639,0.0575394606391,0.141808670891,0.658831876717,2.3273911252,2.01241545479,0.201338933613,16.9218042165,7.04246029174,0.0478231876981,,monthly_medians_no_single_order_hash,6,True,True,monthly_median
later_aggregate,monthly_median,,xgboost,seller_score_only,M2,M2-M1,score_only,,8b9ba13411a4ee8f99c47d0bea36b6252dfce7e5a358355e52881ccf46a646b3,composite_fitted_models,3d9f731b74faf57d07899767efad93ca41288709cc96b38bb144653760c1e8f0,9.58778921576e-05,1.31821491659e-05,6773.5,423,0.0613244159905,0.230900560282,0.0575563548145,0.123246874416,0.667512002761,2.41888558854,2.09185613583,0.209271655559,19.3995611026,7.83428428783,0.043729283942,,monthly_medians_no_single_order_hash,6,True,True,monthly_median
