period,cohort,family,quantile,ablation_id,representation,fitted_model_sha256,model_hash_type,reference_fitted_model_sha256,q1_reference_loss,skill_vs_q1,order_id_sha256,n_orders,pinball_loss,empirical_coverage,coverage_error,median_prediction,mean_prediction,median_actual,mean_actual,mean_exceedance,p90_absolute_error,cohort_month
later,2018-01,linear_quantile,0.5,seller_score_only,score_only,59c8a40211ffc7eff183c7a99c1eafa78d5dcd2030f67039cc5367521bef83b6,fitted_model,c0da3bcb7095c6950e1c60cc0c3c1719729c1a409327f9f287e989249dadcc52,4.20886958079,0,cc962f7c6748592fd8cbeb18e371836d602ddaae3749434d4bfdae9acdb702b7,403,4.20886958079,0.461538461538,-0.0384615384615,6.63280174383,6.48991857397,7,11.8808933002,12.8223771816,18.4375618859,2018-01
later,2018-01,linear_quantile,0.5,seller_metadata_only,metadata_only,38f940183333a9debe53953ee4e4e2af4a3a3afeaa612f24ed533ab20f6d8652,fitted_model,c0da3bcb7095c6950e1c60cc0c3c1719729c1a409327f9f287e989249dadcc52,4.20886958079,0.0002205671393,cc962f7c6748592fd8cbeb18e371836d602ddaae3749434d4bfdae9acdb702b7,403,4.20794124247,0.461538461538,-0.0384615384615,6.56717230457,6.46622687834,7,11.8808933002,12.8426525564,18.5106588514,2018-01
later,2018-01,linear_quantile,0.5,seller_full,full,965de4738ee66a3e86f030e91ab91f58a7229d75af59515f13bcad6ce1a2d015,fitted_model,c0da3bcb7095c6950e1c60cc0c3c1719729c1a409327f9f287e989249dadcc52,4.20886958079,0.0002205671393,cc962f7c6748592fd8cbeb18e371836d602ddaae3749434d4bfdae9acdb702b7,403,4.20794124247,0.461538461538,-0.0384615384615,6.56717230457,6.46622687834,7,11.8808933002,12.8426525564,18.5106588514,2018-01
later,2018-01,linear_quantile,0.5,seller_s1_score_only,score_only,dabaa4217bcc236318dffe8a7c08e7d9fe774a78c9f5078751c9ab030006d4d3,fitted_model,c0da3bcb7095c6950e1c60cc0c3c1719729c1a409327f9f287e989249dadcc52,4.20886958079,0,cc962f7c6748592fd8cbeb18e371836d602ddaae3749434d4bfdae9acdb702b7,403,4.20886958079,0.461538461538,-0.0384615384615,6.63280174383,6.48991857397,7,11.8808933002,12.8223771816,18.4375618859,2018-01
later,2018-01,linear_quantile,0.5,seller_s2_score_only,score_only,7d3398ed4f9a0fd886b3410cf1dbbf612d2dbf8b9f7d571326e2da23254c1d5f,fitted_model,c0da3bcb7095c6950e1c60cc0c3c1719729c1a409327f9f287e989249dadcc52,4.20886958079,0,cc962f7c6748592fd8cbeb18e371836d602ddaae3749434d4bfdae9acdb702b7,403,4.20886958079,0.461538461538,-0.0384615384615,6.63280174383,6.48991857397,7,11.8808933002,12.8223771816,18.4375618859,2018-01
later,2018-01,linear_quantile,0.5,route_score_only,score_only,351f86e45346cb7c34ed4d5a9acf1763c13cd6c861a5589634fde63d17d33c7e,fitted_model,c0da3bcb7095c6950e1c60cc0c3c1719729c1a409327f9f287e989249dadcc52,4.20886958079,0.000447779512298,cc962f7c6748592fd8cbeb18e371836d602ddaae3749434d4bfdae9acdb702b7,403,4.20698493523,0.488833746898,-0.0111662531017,6.95666275958,6.844424099,7,11.8808933002,13.1566188007,18.04854511,2018-01
later,2018-01,linear_quantile,0.5,route_metadata_only,metadata_only,5c9804e05dc4250538d2e21aacb650cace956d46338c8f013dd896c48bd62643,fitted_model,c0da3bcb7095c6950e1c60cc0c3c1719729c1a409327f9f287e989249dadcc52,4.20886958079,-0.00217932257791,cc962f7c6748592fd8cbeb18e371836d602ddaae3749434d4bfdae9acdb702b7,403,4.2180420653,0.454094292804,-0.045905707196,6.60843249109,6.43747293048,7,11.8808933002,12.7123643492,18.4696348236,2018-01
later,2018-01,linear_quantile,0.5,route_full,full,e1e0fef09c7b62edf0b82dca56429f6b723f06542c36ef065010716e95b7e362,fitted_model,c0da3bcb7095c6950e1c60cc0c3c1719729c1a409327f9f287e989249dadcc52,4.20886958079,-0.000600865958054,cc962f7c6748592fd8cbeb18e371836d602ddaae3749434d4bfdae9acdb702b7,403,4.21139854725,0.48635235732,-0.0136476426799,6.92447603331,6.81249690629,7,11.8808933002,13.1327318257,18.1194195713,2018-01
later,2018-01,linear_quantile,0.5,route_r1_score_only,score_only,37352df042d37166d2a08f9b05538d112707028d3d0a280439fd7f30453961dc,fitted_model,c0da3bcb7095c6950e1c60cc0c3c1719729c1a409327f9f287e989249dadcc52,4.20886958079,0.000914198844627,cc962f7c6748592fd8cbeb18e371836d602ddaae3749434d4bfdae9acdb702b7,403,4.20502183709,0.468982630273,-0.031017369727,6.58488080564,6.47498513594,7,11.8808933002,13.0089453059,18.537934271,2018-01
later,2018-01,linear_quantile,0.5,route_r2_score_only,score_only,e693059daa2bb92646db4172d91ec1e61d09d9c5e6b0268144c4f721e83ea00e,fitted_model,c0da3bcb7095c6950e1c60cc0c3c1719729c1a409327f9f287e989249dadcc52,4.20886958079,0.000443608317387,cc962f7c6748592fd8cbeb18e371836d602ddaae3749434d4bfdae9acdb702b7,403,4.20700249124,0.488833746898,-0.0111662531017,6.93483986682,6.81580766887,7,11.8808933002,13.1846444597,18.1035554187,2018-01
later,2018-01,linear_quantile,0.5,combined_score_only,score_only,6c17bc9bb068579f1b0fad64b71a7d13d70bdea39c7b852eeb939c4ab935dcbf,fitted_model,c0da3bcb7095c6950e1c60cc0c3c1719729c1a409327f9f287e989249dadcc52,4.20886958079,0.000472208715376,cc962f7c6748592fd8cbeb18e371836d602ddaae3749434d4bfdae9acdb702b7,403,4.2068821159,0.48635235732,-0.0136476426799,6.95165136753,6.83583510789,7,11.8808933002,13.1012208622,18.0535115353,2018-01
later,2018-01,linear_quantile,0.5,combined_metadata_only,metadata_only,9e6bcfcd712c478cee572104fe9b54818e59331c30cf9557120f5ac6549a8a59,fitted_model,c0da3bcb7095c6950e1c60cc0c3c1719729c1a409327f9f287e989249dadcc52,4.20886958079,-0.00127234218144,cc962f7c6748592fd8cbeb18e371836d602ddaae3749434d4bfdae9acdb702b7,403,4.2142247031,0.454094292804,-0.045905707196,6.52163008649,6.41123360225,7,11.8808933002,12.729404475,18.5618104923,2018-01
later,2018-01,linear_quantile,0.5,combined_full,full,ee1698044b38a4d407a4703d976272455bce664b9514a1eba3d06c1653b4b4f4,fitted_model,c0da3bcb7095c6950e1c60cc0c3c1719729c1a409327f9f287e989249dadcc52,4.20886958079,0.00106983908639,cc962f7c6748592fd8cbeb18e371836d602ddaae3749434d4bfdae9acdb702b7,403,4.20436676761,0.476426799007,-0.0235732009926,6.67173971377,6.61016890947,7,11.8808933002,13.0635581616,17.6781013242,2018-01
later,2018-01,xgboost_quantile,0.5,seller_score_only,score_only,6108a80e5522c69a94816fa4ad6a3a7469d1c1aa1b373d3385f24081459419af,fitted_model,424492806bc4ee35181eb92b23c94e343800ae50c42a658bbe1b22848f42a899,4.25124933169,-0.00169562392324,cc962f7c6748592fd8cbeb18e371836d602ddaae3749434d4bfdae9acdb702b7,403,4.25845785176,0.399503722084,-0.100496277916,5.5343337059,5.56361995086,7,11.8808933002,12.3516078271,18.9709851265,2018-01
later,2018-01,xgboost_quantile,0.5,seller_metadata_only,metadata_only,e247697f7b32bd57517bf27337a80c7928fc4b5ceedf57d1cd9702b687d7766e,fitted_model,424492806bc4ee35181eb92b23c94e343800ae50c42a658bbe1b22848f42a899,4.25124933169,-0.00228050132669,cc962f7c6748592fd8cbeb18e371836d602ddaae3749434d4bfdae9acdb702b7,403,4.26094431144,0.411910669975,-0.0880893300248,5.48623037338,5.51315152024,7,11.8808933002,12.6593271147,19.2816422462,2018-01
later,2018-01,xgboost_quantile,0.5,seller_full,full,fe70ed2ddaeaae815f153f618395f56643bfd1a9de9aa3b24b9aa0a661e2f4ef,fitted_model,424492806bc4ee35181eb92b23c94e343800ae50c42a658bbe1b22848f42a899,4.25124933169,-0.000731722075604,cc962f7c6748592fd8cbeb18e371836d602ddaae3749434d4bfdae9acdb702b7,403,4.25436006468,0.401985111663,-0.0980148883375,5.50890731812,5.52508739561,7,11.8808933002,12.4282240492,19.3171111107,2018-01
later,2018-01,xgboost_quantile,0.5,seller_s1_score_only,score_only,179de435c96603b526f22b87ba4ed72eb1630342ad5e81560ead29eec362bc16,fitted_model,424492806bc4ee35181eb92b23c94e343800ae50c42a658bbe1b22848f42a899,4.25124933169,0.000564244931841,cc962f7c6748592fd8cbeb18e371836d602ddaae3749434d4bfdae9acdb702b7,403,4.2488505858,0.411910669975,-0.0880893300248,5.56384468079,5.58053929634,7,11.8808933002,12.5814688518,19.3406604767,2018-01
later,2018-01,xgboost_quantile,0.5,seller_s2_score_only,score_only,bc01d5895dd05d0245887a95b06baf50bd9a1e2c7227e36fe64031fe145f85ac,fitted_model,424492806bc4ee35181eb92b23c94e343800ae50c42a658bbe1b22848f42a899,4.25124933169,-0.00247563204705,cc962f7c6748592fd8cbeb18e371836d602ddaae3749434d4bfdae9acdb702b7,403,4.26177386078,0.409429280397,-0.090570719603,5.46789884567,5.51538744044,7,11.8808933002,12.6056483052,19.2178878784,2018-01
later,2018-01,xgboost_quantile,0.5,route_score_only,score_only,d3bdaa6373c619d2d0371911a75b543618e9c2ad803b3dad015ba74acd48dd8b,fitted_model,424492806bc4ee35181eb92b23c94e343800ae50c42a658bbe1b22848f42a899,4.25124933169,-0.00127705707439,cc962f7c6748592fd8cbeb18e371836d602ddaae3749434d4bfdae9acdb702b7,403,4.25667841973,0.409429280397,-0.090570719603,5.62610149384,5.62332613711,7,11.8808933002,12.5056352375,18.7554209709,2018-01
later,2018-01,xgboost_quantile,0.5,route_metadata_only,metadata_only,69ef17809c293664fe9f16a9262e78b89cc0494194555e8262362070609e793d,fitted_model,424492806bc4ee35181eb92b23c94e343800ae50c42a658bbe1b22848f42a899,4.25124933169,-0.00754799792135,cc962f7c6748592fd8cbeb18e371836d602ddaae3749434d4bfdae9acdb702b7,403,4.28333775281,0.39205955335,-0.10794044665,5.37617015839,5.38067440241,7,11.8808933002,12.3917519277,19.5089859009,2018-01
later,2018-01,xgboost_quantile,0.5,route_full,full,6b7fc9531afb7f3474df8994b0b7f9510675464370ff3f5734b71126914cb10b,fitted_model,424492806bc4ee35181eb92b23c94e343800ae50c42a658bbe1b22848f42a899,4.25124933169,0.000143104990581,cc962f7c6748592fd8cbeb18e371836d602ddaae3749434d4bfdae9acdb702b7,403,4.2506409567,0.414392059553,-0.0856079404467,5.71145868301,5.68355872672,7,11.8808933002,12.5498780598,19.0158745766,2018-01
later,2018-01,xgboost_quantile,0.5,route_r1_score_only,score_only,dbe35a8e8bd574fab8e801da2bdbca9f223b75d80cddb1f251d3df023994c9e2,fitted_model,424492806bc4ee35181eb92b23c94e343800ae50c42a658bbe1b22848f42a899,4.25124933169,-0.00668357886784,cc962f7c6748592fd8cbeb18e371836d602ddaae3749434d4bfdae9acdb702b7,403,4.27966289189,0.406947890819,-0.0930521091811,5.4778585434,5.46371135522,7,11.8808933002,12.6266372693,19.4287272453,2018-01
later,2018-01,xgboost_quantile,0.5,route_r2_score_only,score_only,384a1a6d58ea726f08734601101b094b63ee858dbd236cdc475d22fbee60547e,fitted_model,424492806bc4ee35181eb92b23c94e343800ae50c42a658bbe1b22848f42a899,4.25124933169,-0.00238274243692,cc962f7c6748592fd8cbeb18e371836d602ddaae3749434d4bfdae9acdb702b7,403,4.26137896389,0.404466501241,-0.0955334987593,5.54208183289,5.5274435403,7,11.8808933002,12.4898160378,19.3220567703,2018-01
later,2018-01,xgboost_quantile,0.5,combined_score_only,score_only,20b0f9982697910757b0d240b3f1a588c5fb706c010fd08f695506dd2bc87009,fitted_model,424492806bc4ee35181eb92b23c94e343800ae50c42a658bbe1b22848f42a899,4.25124933169,-0.0046107582449,cc962f7c6748592fd8cbeb18e371836d602ddaae3749434d4bfdae9acdb702b7,403,4.2708508146,0.406947890819,-0.0930521091811,5.49163150787,5.51933706014,7,11.8808933002,12.5648805886,19.2647893906,2018-01
later,2018-01,xgboost_quantile,0.5,combined_metadata_only,metadata_only,ef0e64580a7e2b294c9b1064f94b9273e8e0ecbe68c3e2c2f1391f4d28d9deb6,fitted_model,424492806bc4ee35181eb92b23c94e343800ae50c42a658bbe1b22848f42a899,4.25124933169,-0.00300129812707,cc962f7c6748592fd8cbeb18e371836d602ddaae3749434d4bfdae9acdb702b7,403,4.26400859835,0.406947890819,-0.0930521091811,5.5076918602,5.48296323663,7,11.8808933002,12.5840099287,19.709688282,2018-01
later,2018-01,xgboost_quantile,0.5,combined_full,full,5375917f4066ea9c724a39845464dd59b4627175a847bfea8441a43001849277,fitted_model,424492806bc4ee35181eb92b23c94e343800ae50c42a658bbe1b22848f42a899,4.25124933169,0.00172178986556,cc962f7c6748592fd8cbeb18e371836d602ddaae3749434d4bfdae9acdb702b7,403,4.24392957368,0.416873449132,-0.0831265508685,5.62440919876,5.61267958445,7,11.8808933002,12.6525475827,19.6296943665,2018-01
later,2018-01,linear_quantile,0.9,seller_score_only,score_only,11754fe54990c58f6602bb42d4c258318b0bb2132c6500c9fe0ecdcc0c4911e7,fitted_model,583e358290908b8e7b44c6b242952c7842fad79f8eba985536bd5147dacd80a0,3.72503630409,0,cc962f7c6748592fd8cbeb18e371836d602ddaae3749434d4bfdae9acdb702b7,403,3.72503630409,0.890818858561,-0.00918114143921,25.0039324433,24.7131384234,7,11.8808933002,22.3647761837,24.0531837994,2018-01
later,2018-01,linear_quantile,0.9,seller_metadata_only,metadata_only,45c747d405efffddeea64563a7ba872171d4f06c195d29482c60c9d5ca9d5886,fitted_model,583e358290908b8e7b44c6b242952c7842fad79f8eba985536bd5147dacd80a0,3.72503630409,0.00122221266403,cc962f7c6748592fd8cbeb18e371836d602ddaae3749434d4bfdae9acdb702b7,403,3.72048351754,0.895781637717,-0.00421836228288,25.1026142108,24.9328019056,7,11.8808933002,23.1753081137,24.3108633743,2018-01
later,2018-01,linear_quantile,0.9,seller_full,full,d66e4f53c50427a07cf941181eff93b1f4d9738d82bc9f491785b9540bcab29f,fitted_model,583e358290908b8e7b44c6b242952c7842fad79f8eba985536bd5147dacd80a0,3.72503630409,0.00122221266403,cc962f7c6748592fd8cbeb18e371836d602ddaae3749434d4bfdae9acdb702b7,403,3.72048351754,0.895781637717,-0.00421836228288,25.1026142108,24.9328019056,7,11.8808933002,23.1753081137,24.3108633743,2018-01
later,2018-01,linear_quantile,0.9,seller_s1_score_only,score_only,8d110756a26f5416f2e9916aea039406deb1bd70d56e9dd1806e88880e080e0a,fitted_model,583e358290908b8e7b44c6b242952c7842fad79f8eba985536bd5147dacd80a0,3.72503630409,0,cc962f7c6748592fd8cbeb18e371836d602ddaae3749434d4bfdae9acdb702b7,403,3.72503630409,0.890818858561,-0.00918114143921,25.0039324433,24.7131384234,7,11.8808933002,22.3647761837,24.0531837994,2018-01
later,2018-01,linear_quantile,0.9,seller_s2_score_only,score_only,8d0a59c652e52bc09df2062661d54f35533db6168beca4e4afd3d19575319e6e,fitted_model,583e358290908b8e7b44c6b242952c7842fad79f8eba985536bd5147dacd80a0,3.72503630409,0,cc962f7c6748592fd8cbeb18e371836d602ddaae3749434d4bfdae9acdb702b7,403,3.72503630409,0.890818858561,-0.00918114143921,25.0039324433,24.7131384234,7,11.8808933002,22.3647761837,24.0531837994,2018-01
later,2018-01,linear_quantile,0.9,route_score_only,score_only,f06ff4fda0615e14fb84edaa92236588ec902439cdb0071125d87a847831da0e,fitted_model,583e358290908b8e7b44c6b242952c7842fad79f8eba985536bd5147dacd80a0,3.72503630409,0,cc962f7c6748592fd8cbeb18e371836d602ddaae3749434d4bfdae9acdb702b7,403,3.72503630409,0.890818858561,-0.00918114143921,25.0039324433,24.7131384234,7,11.8808933002,22.3647761837,24.0531837994,2018-01
later,2018-01,linear_quantile,0.9,route_metadata_only,metadata_only,bd92e38c5796727e1e6ed9c2a464bc53afd734c764640cf9889f46b508bf1a1c,fitted_model,583e358290908b8e7b44c6b242952c7842fad79f8eba985536bd5147dacd80a0,3.72503630409,-6.79008688287e-05,cc962f7c6748592fd8cbeb18e371836d602ddaae3749434d4bfdae9acdb702b7,403,3.72528923729,0.893300248139,-0.00669975186104,25.4743154427,25.1502206728,7,11.8808933002,22.4776202212,24.5115797783,2018-01
later,2018-01,linear_quantile,0.9,route_full,full,27141d188c8f42eb9d31fc3727c3d727c8deb304557a19e16e047af60e905728,fitted_model,583e358290908b8e7b44c6b242952c7842fad79f8eba985536bd5147dacd80a0,3.72503630409,-6.79008688287e-05,cc962f7c6748592fd8cbeb18e371836d602ddaae3749434d4bfdae9acdb702b7,403,3.72528923729,0.893300248139,-0.00669975186104,25.4743154427,25.1502206728,7,11.8808933002,22.4776202212,24.5115797783,2018-01
later,2018-01,linear_quantile,0.9,route_r1_score_only,score_only,923120e3a4e7ae1b55f70560470eea0429632091708f4246a93d52328f3512f2,fitted_model,583e358290908b8e7b44c6b242952c7842fad79f8eba985536bd5147dacd80a0,3.72503630409,0,cc962f7c6748592fd8cbeb18e371836d602ddaae3749434d4bfdae9acdb702b7,403,3.72503630409,0.890818858561,-0.00918114143921,25.0039324433,24.7131384234,7,11.8808933002,22.3647761837,24.0531837994,2018-01
later,2018-01,linear_quantile,0.9,route_r2_score_only,score_only,2c6f11b215796757257bef85fbfd2b0069ef1f267869dadebfafb427331f829b,fitted_model,583e358290908b8e7b44c6b242952c7842fad79f8eba985536bd5147dacd80a0,3.72503630409,0,cc962f7c6748592fd8cbeb18e371836d602ddaae3749434d4bfdae9acdb702b7,403,3.72503630409,0.890818858561,-0.00918114143921,25.0039324433,24.7131384234,7,11.8808933002,22.3647761837,24.0531837994,2018-01
later,2018-01,linear_quantile,0.9,combined_score_only,score_only,304cdc2c6420a67a9867792a393d174ffeb08fa6babf44a11a0a607798c97f36,fitted_model,583e358290908b8e7b44c6b242952c7842fad79f8eba985536bd5147dacd80a0,3.72503630409,0,cc962f7c6748592fd8cbeb18e371836d602ddaae3749434d4bfdae9acdb702b7,403,3.72503630409,0.890818858561,-0.00918114143921,25.0039324433,24.7131384234,7,11.8808933002,22.3647761837,24.0531837994,2018-01
later,2018-01,linear_quantile,0.9,combined_metadata_only,metadata_only,6310a3702e42079b21413cffb6a6d2e797d147eac9dbc23689660134769803ad,fitted_model,583e358290908b8e7b44c6b242952c7842fad79f8eba985536bd5147dacd80a0,3.72503630409,0.00130886549964,cc962f7c6748592fd8cbeb18e371836d602ddaae3749434d4bfdae9acdb702b7,403,3.72016073258,0.898263027295,-0.00173697270471,25.4139465761,25.1848142457,7,11.8808933002,23.4896771007,24.5514062829,2018-01
later,2018-01,linear_quantile,0.9,combined_full,full,e0967ce0f0e6ea7233530973e3aca3ee6df2bffc7ea11a2b40d06a1b2fb39fdf,fitted_model,583e358290908b8e7b44c6b242952c7842fad79f8eba985536bd5147dacd80a0,3.72503630409,0.00130886549964,cc962f7c6748592fd8cbeb18e371836d602ddaae3749434d4bfdae9acdb702b7,403,3.72016073258,0.898263027295,-0.00173697270471,25.4139465761,25.1848142457,7,11.8808933002,23.4896771007,24.5514062829,2018-01
later,2018-01,xgboost_quantile,0.9,seller_score_only,score_only,213462ae393345dd8483d18ac0c2ae9ee700292683ea8d6f9c0b26664b451e48,fitted_model,1dd30c1ef1ce0b8725ce735ce9557505b1961b85c8718d2976f8bc4d372ba619,3.79702554566,-0.0159488095408,cc962f7c6748592fd8cbeb18e371836d602ddaae3749434d4bfdae9acdb702b7,403,3.8575835829,0.868486352357,-0.0315136476427,22.8749847412,23.5478595161,7,11.8808933002,20.4608951964,26.9506217957,2018-01
later,2018-01,xgboost_quantile,0.9,seller_metadata_only,metadata_only,5bd684dba729304e9d08e221ecebfb307783173ac601aaee07cae6e9b556702f,fitted_model,1dd30c1ef1ce0b8725ce735ce9557505b1961b85c8718d2976f8bc4d372ba619,3.79702554566,0.00239055404076,cc962f7c6748592fd8cbeb18e371836d602ddaae3749434d4bfdae9acdb702b7,403,3.78794855089,0.885856079404,-0.0141439205955,23.6687393188,24.4983620442,7,11.8808933002,22.1317233832,26.9258453369,2018-01
later,2018-01,xgboost_quantile,0.9,seller_full,full,1f359ea8d4bea00264c8b659bbb1add3d809aa3506bfc58243ff16b18c0c93c7,fitted_model,1dd30c1ef1ce0b8725ce735ce9557505b1961b85c8718d2976f8bc4d372ba619,3.79702554566,-0.0087748137167,cc962f7c6748592fd8cbeb18e371836d602ddaae3749434d4bfdae9acdb702b7,403,3.8303437375,0.880893300248,-0.0191066997519,23.6696414948,23.9718611436,7,11.8808933002,22.0075525443,27.7413761139,2018-01
later,2018-01,xgboost_quantile,0.9,seller_s1_score_only,score_only,461c6333010807bf85d16d11a5959b4b5bbdc750b525f41511778557bba66dc5,fitted_model,1dd30c1ef1ce0b8725ce735ce9557505b1961b85c8718d2976f8bc4d372ba619,3.79702554566,-0.00817369844583,cc962f7c6748592fd8cbeb18e371836d602ddaae3749434d4bfdae9acdb702b7,403,3.82806128746,0.875930521092,-0.0240694789082,22.3038959503,23.0950370533,7,11.8808933002,21.8155741119,26.8627788544,2018-01
later,2018-01,xgboost_quantile,0.9,seller_s2_score_only,score_only,a83313cff7eee0c2392e60bb2ca5900e86d86f962bf45f93dab3fadf33520879,fitted_model,1dd30c1ef1ce0b8725ce735ce9557505b1961b85c8718d2976f8bc4d372ba619,3.79702554566,-0.0145241519477,cc962f7c6748592fd8cbeb18e371836d602ddaae3749434d4bfdae9acdb702b7,403,3.85217412163,0.873449131514,-0.0265508684864,22.2186927795,23.1357126141,7,11.8808933002,21.5462147582,26.7303611755,2018-01
later,2018-01,xgboost_quantile,0.9,route_score_only,score_only,d44ddf2d5526c190e21224fa8de9d430e6a7a51775766cbaf29f8a3aa37e2d39,fitted_model,1dd30c1ef1ce0b8725ce735ce9557505b1961b85c8718d2976f8bc4d372ba619,3.79702554566,-0.00435752528575,cc962f7c6748592fd8cbeb18e371836d602ddaae3749434d4bfdae9acdb702b7,403,3.81357118048,0.885856079404,-0.0141439205955,24.3096981049,25.2006525106,7,11.8808933002,21.7409323817,28.382201004,2018-01
later,2018-01,xgboost_quantile,0.9,route_metadata_only,metadata_only,c716ae9891f9831d84fccac758f846fa25bac9d5d346a1d00ddf844c657780c1,fitted_model,1dd30c1ef1ce0b8725ce735ce9557505b1961b85c8718d2976f8bc4d372ba619,3.79702554566,0.0101376790998,cc962f7c6748592fd8cbeb18e371836d602ddaae3749434d4bfdae9acdb702b7,403,3.75853251914,0.880893300248,-0.0191066997519,22.2748451233,23.6624205071,7,11.8808933002,21.6644387245,26.826543045,2018-01
later,2018-01,xgboost_quantile,0.9,route_full,full,57fb84116596c7a94e737d5df4d901fbf483dfe19210f41c626ccd89fd2b6972,fitted_model,1dd30c1ef1ce0b8725ce735ce9557505b1961b85c8718d2976f8bc4d372ba619,3.79702554566,-0.0565896956395,cc962f7c6748592fd8cbeb18e371836d602ddaae3749434d4bfdae9acdb702b7,403,4.01189806562,0.863523573201,-0.036476426799,22.0421237946,22.5626063832,7,11.8808933002,21.5694887855,25.7213359833,2018-01
later,2018-01,xgboost_quantile,0.9,route_r1_score_only,score_only,9e02864dd22ed5f6d09034aba4c47c43eca1c6189497a09fde596619f8c854b3,fitted_model,1dd30c1ef1ce0b8725ce735ce9557505b1961b85c8718d2976f8bc4d372ba619,3.79702554566,0.0120935894896,cc962f7c6748592fd8cbeb18e371836d602ddaae3749434d4bfdae9acdb702b7,403,3.75110587742,0.895781637717,-0.00421836228288,24.7176818848,25.1418075183,7,11.8808933002,23.2685910861,27.0475769043,2018-01
later,2018-01,xgboost_quantile,0.9,route_r2_score_only,score_only,e2a9b4d2e2bc7e6f2c42cd65c77a3af198a0bfc07d3cb6fabe3d9b3001cf38fc,fitted_model,1dd30c1ef1ce0b8725ce735ce9557505b1961b85c8718d2976f8bc4d372ba619,3.79702554566,-0.0148213552413,cc962f7c6748592fd8cbeb18e371836d602ddaae3749434d4bfdae9acdb702b7,403,3.85330261013,0.888337468983,-0.0116625310174,24.6151428223,25.09741068,7,11.8808933002,22.6723400328,28.5591758728,2018-01
later,2018-01,xgboost_quantile,0.9,combined_score_only,score_only,cada7db4f4bf35f8fa7a27f23e19b01d10db582a8f7a7aef60b0fdbfa8207227,fitted_model,1dd30c1ef1ce0b8725ce735ce9557505b1961b85c8718d2976f8bc4d372ba619,3.79702554566,-0.0257124890145,cc962f7c6748592fd8cbeb18e371836d602ddaae3749434d4bfdae9acdb702b7,403,3.89465652329,0.890818858561,-0.00918114143921,24.3666095734,25.0361954261,7,11.8808933002,23.6224523458,28.0589141846,2018-01
later,2018-01,xgboost_quantile,0.9,combined_metadata_only,metadata_only,4d324dfd040658ef5486decccaba58046777a7591f2dd6749f976335ea436e66,fitted_model,1dd30c1ef1ce0b8725ce735ce9557505b1961b85c8718d2976f8bc4d372ba619,3.79702554566,-0.022351347315,cc962f7c6748592fd8cbeb18e371836d602ddaae3749434d4bfdae9acdb702b7,403,3.88189418239,0.883374689826,-0.0166253101737,22.9836158752,24.1268417013,7,11.8808933002,22.784928403,27.6257583618,2018-01
later,2018-01,xgboost_quantile,0.9,combined_full,full,6b918a6816178676177f11486eb86cdd2b74e0ef864045f4fdcf9289de3e7cfb,fitted_model,1dd30c1ef1ce0b8725ce735ce9557505b1961b85c8718d2976f8bc4d372ba619,3.79702554566,-0.00760251432587,cc962f7c6748592fd8cbeb18e371836d602ddaae3749434d4bfdae9acdb702b7,403,3.82589248676,0.875930521092,-0.0240694789082,22.3099937439,23.4736605613,7,11.8808933002,21.4929230309,27.5000732422,2018-01
later,2018-02,linear_quantile,0.5,seller_score_only,score_only,89bbb6e8cb0776b0cf43d09abfb87239a88331b2a1482393d0f710fb69ff6db9,fitted_model,3f2d0de323d4116f1845c9e1287d5451e4d97931ccc94c76bca5738090e2ae2d,4.30181271544,0,7d95c88138b22ba2667424325239c22950b3bf7d98924869363f5813ba7b7bad,926,4.30181271544,0.413606911447,-0.0863930885529,6.55734373117,6.48327638035,8,12.5777537797,12.5326364832,20.7673515526,2018-02
later,2018-02,linear_quantile,0.5,seller_metadata_only,metadata_only,c2b405b29e599dcf9c9965669b10a52b6e2a2292f8a3762aaa72c68b585dceb4,fitted_model,3f2d0de323d4116f1845c9e1287d5451e4d97931ccc94c76bca5738090e2ae2d,4.30181271544,0.00188891148151,7d95c88138b22ba2667424325239c22950b3bf7d98924869363f5813ba7b7bad,926,4.29368697201,0.414686825054,-0.085313174946,6.57044509632,6.51316620053,8,12.5777537797,12.5163435152,20.6803738002,2018-02
later,2018-02,linear_quantile,0.5,seller_full,full,9946679b5f5447d4ddec5d5c38454391eda181b51c948676082b9f01c81dcdfa,fitted_model,3f2d0de323d4116f1845c9e1287d5451e4d97931ccc94c76bca5738090e2ae2d,4.30181271544,0.00188891148151,7d95c88138b22ba2667424325239c22950b3bf7d98924869363f5813ba7b7bad,926,4.29368697201,0.414686825054,-0.085313174946,6.57044509632,6.51316620053,8,12.5777537797,12.5163435152,20.6803738002,2018-02
later,2018-02,linear_quantile,0.5,seller_s1_score_only,score_only,20141e5e36d8f882115139461e7083782c35cd468e4cba2cbab6c271d636c0d3,fitted_model,3f2d0de323d4116f1845c9e1287d5451e4d97931ccc94c76bca5738090e2ae2d,4.30181271544,0,7d95c88138b22ba2667424325239c22950b3bf7d98924869363f5813ba7b7bad,926,4.30181271544,0.413606911447,-0.0863930885529,6.55734373117,6.48327638035,8,12.5777537797,12.5326364832,20.7673515526,2018-02
later,2018-02,linear_quantile,0.5,seller_s2_score_only,score_only,33b7654157d775b7389b6e2b821712dac5fe1733646bfee08a0230741d459be1,fitted_model,3f2d0de323d4116f1845c9e1287d5451e4d97931ccc94c76bca5738090e2ae2d,4.30181271544,0,7d95c88138b22ba2667424325239c22950b3bf7d98924869363f5813ba7b7bad,926,4.30181271544,0.413606911447,-0.0863930885529,6.55734373117,6.48327638035,8,12.5777537797,12.5326364832,20.7673515526,2018-02
later,2018-02,linear_quantile,0.5,route_score_only,score_only,8d56a88be90d786e10e39fde347a3a56ea9bd37fcce9484b17ec311ed81f9dc4,fitted_model,3f2d0de323d4116f1845c9e1287d5451e4d97931ccc94c76bca5738090e2ae2d,4.30181271544,0.00781808430383,7d95c88138b22ba2667424325239c22950b3bf7d98924869363f5813ba7b7bad,926,4.26818078097,0.42656587473,-0.07343412527,6.90216998061,6.83518630794,8,12.5777537797,12.4503656169,20.3558794746,2018-02
later,2018-02,linear_quantile,0.5,route_metadata_only,metadata_only,1525d23cb55d4c8fe08f8b100c359fd1c6b44819044057a7879ce6e19377636b,fitted_model,3f2d0de323d4116f1845c9e1287d5451e4d97931ccc94c76bca5738090e2ae2d,4.30181271544,0.000106485992851,7d95c88138b22ba2667424325239c22950b3bf7d98924869363f5813ba7b7bad,926,4.30135463264,0.414686825054,-0.085313174946,6.55484027056,6.49974160145,8,12.5777537797,12.5409114914,20.7385380973,2018-02
later,2018-02,linear_quantile,0.5,route_full,full,951d0e016a310bbbc69e8eba8ed2e3ebb7a94bc9060e3bad94b5113c6ef52d0f,fitted_model,3f2d0de323d4116f1845c9e1287d5451e4d97931ccc94c76bca5738090e2ae2d,4.30181271544,0.00781808430383,7d95c88138b22ba2667424325239c22950b3bf7d98924869363f5813ba7b7bad,926,4.26818078097,0.42656587473,-0.07343412527,6.90216998061,6.83518630794,8,12.5777537797,12.4503656169,20.3558794746,2018-02
later,2018-02,linear_quantile,0.5,route_r1_score_only,score_only,2456ba468897bc643ea89043af68ca6a88f0a06e6a5c785f5b0b1b4adb255f4d,fitted_model,3f2d0de323d4116f1845c9e1287d5451e4d97931ccc94c76bca5738090e2ae2d,4.30181271544,0.00671458612076,7d95c88138b22ba2667424325239c22950b3bf7d98924869363f5813ba7b7bad,926,4.27292782348,0.425485961123,-0.0745140388769,6.8760647154,6.79421247248,8,12.5777537797,12.4708849432,20.431691102,2018-02
later,2018-02,linear_quantile,0.5,route_r2_score_only,score_only,f32b8083c2e8e47a7b002e8b42ab3f84909f58d181adbcd2fafd64d9dddcc8b3,fitted_model,3f2d0de323d4116f1845c9e1287d5451e4d97931ccc94c76bca5738090e2ae2d,4.30181271544,0.00814935286923,7d95c88138b22ba2667424325239c22950b3bf7d98924869363f5813ba7b7bad,926,4.26675572564,0.427645788337,-0.0723542116631,6.924128653,6.85035059034,8,12.5777537797,12.458119771,20.4046806117,2018-02
later,2018-02,linear_quantile,0.5,combined_score_only,score_only,91ba2d918d806991210dfeab8f7ab0b228e152b0930b833c93172388ff001eed,fitted_model,3f2d0de323d4116f1845c9e1287d5451e4d97931ccc94c76bca5738090e2ae2d,4.30181271544,0.00781808430383,7d95c88138b22ba2667424325239c22950b3bf7d98924869363f5813ba7b7bad,926,4.26818078097,0.42656587473,-0.07343412527,6.90216998061,6.83518630794,8,12.5777537797,12.4503656169,20.3558794746,2018-02
later,2018-02,linear_quantile,0.5,combined_metadata_only,metadata_only,ba5f56d10d63c3bde6650956bc7bf3b8cf54e931274dba2e6acfd316331a379b,fitted_model,3f2d0de323d4116f1845c9e1287d5451e4d97931ccc94c76bca5738090e2ae2d,4.30181271544,0.00166449098389,7d95c88138b22ba2667424325239c22950b3bf7d98924869363f5813ba7b7bad,926,4.29465238696,0.413606911447,-0.0863930885529,6.57089361942,6.51117906918,8,12.5777537797,12.4966338882,20.6739317246,2018-02
later,2018-02,linear_quantile,0.5,combined_full,full,57b7298481615ac0b46b74c97a234db9ce1fb4ebfed5cda6208f456dcdd7300e,fitted_model,3f2d0de323d4116f1845c9e1287d5451e4d97931ccc94c76bca5738090e2ae2d,4.30181271544,0.00903457182323,7d95c88138b22ba2667424325239c22950b3bf7d98924869363f5813ba7b7bad,926,4.26294767949,0.428725701944,-0.0712742980562,6.90007686535,6.8351535803,8,12.5777537797,12.4883051863,20.2884711526,2018-02
later,2018-02,xgboost_quantile,0.5,seller_score_only,score_only,8501036e9b698a6f1ddfe32844f10b792afc3e485c8390c83a31be934d1d4ad8,fitted_model,63a03a6781f5e18bcf201fa2c4e113f07c5e3359e495eeea7f5ed033c154fdf4,4.31602577901,0.00088960955287,7d95c88138b22ba2667424325239c22950b3bf7d98924869363f5813ba7b7bad,926,4.31218620124,0.407127429806,-0.0928725701944,6.44777965546,6.41994659381,8,12.5777537797,12.4665740427,20.8748984337,2018-02
later,2018-02,xgboost_quantile,0.5,seller_metadata_only,metadata_only,dbf1f9c622914d561e74fca1b6200c55c6509eb8f383387ea430cbbb5f982699,fitted_model,63a03a6781f5e18bcf201fa2c4e113f07c5e3359e495eeea7f5ed033c154fdf4,4.31602577901,0.000765202301913,7d95c88138b22ba2667424325239c22950b3bf7d98924869363f5813ba7b7bad,926,4.31272314614,0.39524838013,-0.10475161987,6.39566278458,6.38076429336,8,12.5777537797,12.2549781527,20.9658746719,2018-02
later,2018-02,xgboost_quantile,0.5,seller_full,full,244dd2312157b003852abc74ad38677216f2edc04c175495834ae6349b3b2bc8,fitted_model,63a03a6781f5e18bcf201fa2c4e113f07c5e3359e495eeea7f5ed033c154fdf4,4.31602577901,-0.00129703966976,7d95c88138b22ba2667424325239c22950b3bf7d98924869363f5813ba7b7bad,926,4.32162383566,0.399568034557,-0.100431965443,6.40939331055,6.36958741524,8,12.5777537797,12.3672746377,21.0854310989,2018-02
later,2018-02,xgboost_quantile,0.5,seller_s1_score_only,score_only,a98ef42e5d66d1815660f04cbd29ea98ad5b4696a84a84e0c436c7f180b32e15,fitted_model,63a03a6781f5e18bcf201fa2c4e113f07c5e3359e495eeea7f5ed033c154fdf4,4.31602577901,0.00136552523939,7d95c88138b22ba2667424325239c22950b3bf7d98924869363f5813ba7b7bad,926,4.31013213687,0.39848812095,-0.10151187905,6.52413702011,6.4610278385,8,12.5777537797,12.249957755,20.9987471104,2018-02
later,2018-02,xgboost_quantile,0.5,seller_s2_score_only,score_only,33260301a9b619e1d4d4152fb484e8bfd20917ee2b095d5a438fdcbf881f34b8,fitted_model,63a03a6781f5e18bcf201fa2c4e113f07c5e3359e495eeea7f5ed033c154fdf4,4.31602577901,0.00228653628067,7d95c88138b22ba2667424325239c22950b3bf7d98924869363f5813ba7b7bad,926,4.30615702947,0.402807775378,-0.097192224622,6.48952555656,6.48683539168,8,12.5777537797,12.3103013073,20.9041230679,2018-02
later,2018-02,xgboost_quantile,0.5,route_score_only,score_only,2b5dc2060b7599a11d69ed49d9b307288cb5a0714ebd7333633e206302c7603d,fitted_model,63a03a6781f5e18bcf201fa2c4e113f07c5e3359e495eeea7f5ed033c154fdf4,4.31602577901,-0.00340759871335,7d95c88138b22ba2667424325239c22950b3bf7d98924869363f5813ba7b7bad,926,4.3307330629,0.396328293737,-0.103671706263,6.41612648964,6.35213655529,8,12.5777537797,12.3304464958,21.2162919044,2018-02
later,2018-02,xgboost_quantile,0.5,route_metadata_only,metadata_only,83f617bbcf4a608c486176dfb54489c752b1138550ae909f467db78c54b1c74a,fitted_model,63a03a6781f5e18bcf201fa2c4e113f07c5e3359e495eeea7f5ed033c154fdf4,4.31602577901,-0.00575583292613,7d95c88138b22ba2667424325239c22950b3bf7d98924869363f5813ba7b7bad,926,4.34086810229,0.397408207343,-0.102591792657,6.27958059311,6.23494185845,8,12.5777537797,12.4666053446,21.1477422714,2018-02
later,2018-02,xgboost_quantile,0.5,route_full,full,6d76aab6680b3b9b793b0a3cad978fcab6f5c5d495f3507348dc7a1f6f267369,fitted_model,63a03a6781f5e18bcf201fa2c4e113f07c5e3359e495eeea7f5ed033c154fdf4,4.31602577901,-0.00359522264686,7d95c88138b22ba2667424325239c22950b3bf7d98924869363f5813ba7b7bad,926,4.33154285263,0.39848812095,-0.10151187905,6.3826379776,6.29607137336,8,12.5777537797,12.4226708001,21.1516540051,2018-02
later,2018-02,xgboost_quantile,0.5,route_r1_score_only,score_only,1e8f2f9209a0b78915425dfb0308d74ee62217e84be022f19f31decbc514e4ef,fitted_model,63a03a6781f5e18bcf201fa2c4e113f07c5e3359e495eeea7f5ed033c154fdf4,4.31602577901,0.000694344262607,7d95c88138b22ba2667424325239c22950b3bf7d98924869363f5813ba7b7bad,926,4.31302897127,0.407127429806,-0.0928725701944,6.49455714226,6.47472281641,8,12.5777537797,12.4217999333,21.013379097,2018-02
later,2018-02,xgboost_quantile,0.5,route_r2_score_only,score_only,31cc404830b9b27fd91f9eeb878b01161978ca3e3db2287203f4a8a3995a26d2,fitted_model,63a03a6781f5e18bcf201fa2c4e113f07c5e3359e495eeea7f5ed033c154fdf4,4.31602577901,0.00193570355454,7d95c88138b22ba2667424325239c22950b3bf7d98924869363f5813ba7b7bad,926,4.30767123256,0.407127429806,-0.0928725701944,6.53742909431,6.51931874798,8,12.5777537797,12.3751529709,20.9348869324,2018-02
later,2018-02,xgboost_quantile,0.5,combined_score_only,score_only,59af3edca47b908b51538b70c4e83ff4e871ad1e587cd106a87c205e9e36c26e,fitted_model,63a03a6781f5e18bcf201fa2c4e113f07c5e3359e495eeea7f5ed033c154fdf4,4.31602577901,-0.00072563467386,7d95c88138b22ba2667424325239c22950b3bf7d98924869363f5813ba7b7bad,926,4.31915763696,0.401727861771,-0.0982721382289,6.47502565384,6.43260984235,8,12.5777537797,12.3551292686,20.951012373,2018-02
later,2018-02,xgboost_quantile,0.5,combined_metadata_only,metadata_only,adc733144224f60ae084353f603b6a7c3c3cd480397fb39a1a8c608f567624af,fitted_model,63a03a6781f5e18bcf201fa2c4e113f07c5e3359e495eeea7f5ed033c154fdf4,4.31602577901,-0.00842671508042,7d95c88138b22ba2667424325239c22950b3bf7d98924869363f5813ba7b7bad,926,4.35239569852,0.39524838013,-0.10475161987,6.27320599556,6.2057237414,8,12.5777537797,12.4653005796,21.3987407684,2018-02
later,2018-02,xgboost_quantile,0.5,combined_full,full,42b0ccfdee338f787161b2d3f7470fe871389084e9b3a07a5672703954bf674b,fitted_model,63a03a6781f5e18bcf201fa2c4e113f07c5e3359e495eeea7f5ed033c154fdf4,4.31602577901,-0.00285940305673,7d95c88138b22ba2667424325239c22950b3bf7d98924869363f5813ba7b7bad,926,4.32836703631,0.397408207343,-0.102591792657,6.39811038971,6.35744604282,8,12.5777537797,12.3442121108,21.2646770477,2018-02
later,2018-02,linear_quantile,0.9,seller_score_only,score_only,8244726c90458d2a6dd354f7288996c8f814de2ee926fdf96a862189dcca8039,fitted_model,d93fb1ce57548659895af5d6039270c2c492bc5789f8ff563952d886c262bfb3,3.23521289889,-0.00918979774848,7d95c88138b22ba2667424325239c22950b3bf7d98924869363f5813ba7b7bad,926,3.2649438511,0.85313174946,-0.04686825054,22.4995021108,22.4211376477,8,12.5777537797,15.5282401467,20.9959565288,2018-02
later,2018-02,linear_quantile,0.9,seller_metadata_only,metadata_only,c57937b4c3ebe9e1b1875dbec43c388815f3c69733de7a47905926c6be2058ad,fitted_model,d93fb1ce57548659895af5d6039270c2c492bc5789f8ff563952d886c262bfb3,3.23521289889,0.00102676178349,7d95c88138b22ba2667424325239c22950b3bf7d98924869363f5813ba7b7bad,926,3.23189110592,0.857451403888,-0.0425485961123,22.9804251519,22.9917968028,8,12.5777537797,15.3665968193,21.6677030515,2018-02
later,2018-02,linear_quantile,0.9,seller_full,full,52d1fb414cfa0a91adf4324bca504d78975641bb1c608964fcdc89503010a5e3,fitted_model,d93fb1ce57548659895af5d6039270c2c492bc5789f8ff563952d886c262bfb3,3.23521289889,-0.00918979774848,7d95c88138b22ba2667424325239c22950b3bf7d98924869363f5813ba7b7bad,926,3.2649438511,0.85313174946,-0.04686825054,22.4995021108,22.4211376477,8,12.5777537797,15.5282401467,20.9959565288,2018-02
later,2018-02,linear_quantile,0.9,seller_s1_score_only,score_only,addfd52f34511ddee1614f5f3c10808d97621d52c9eb7f0e8b798d231d1cf3cc,fitted_model,d93fb1ce57548659895af5d6039270c2c492bc5789f8ff563952d886c262bfb3,3.23521289889,-0.00918979774848,7d95c88138b22ba2667424325239c22950b3bf7d98924869363f5813ba7b7bad,926,3.2649438511,0.85313174946,-0.04686825054,22.4995021108,22.4211376477,8,12.5777537797,15.5282401467,20.9959565288,2018-02
later,2018-02,linear_quantile,0.9,seller_s2_score_only,score_only,01daaab2467939a7cf891b3cccbf3885543588b68542943d56662e40406d0f55,fitted_model,d93fb1ce57548659895af5d6039270c2c492bc5789f8ff563952d886c262bfb3,3.23521289889,0,7d95c88138b22ba2667424325239c22950b3bf7d98924869363f5813ba7b7bad,926,3.23521289889,0.857451403888,-0.0425485961123,22.9724125882,22.9817403596,8,12.5777537797,15.3969544475,21.6533983731,2018-02
later,2018-02,linear_quantile,0.9,route_score_only,score_only,7ca86e562a3bf69afcdfa9c3267bb97154e3b4844b82c1cbdc768adadb39a59d,fitted_model,d93fb1ce57548659895af5d6039270c2c492bc5789f8ff563952d886c262bfb3,3.23521289889,0,7d95c88138b22ba2667424325239c22950b3bf7d98924869363f5813ba7b7bad,926,3.23521289889,0.857451403888,-0.0425485961123,22.9724125882,22.9817403596,8,12.5777537797,15.3969544475,21.6533983731,2018-02
later,2018-02,linear_quantile,0.9,route_metadata_only,metadata_only,874d3dd62b6d2c1a31fcd5a395126b49fa73fe322a9ab57d392ce142e5b176fe,fitted_model,d93fb1ce57548659895af5d6039270c2c492bc5789f8ff563952d886c262bfb3,3.23521289889,-0.00025270382437,7d95c88138b22ba2667424325239c22950b3bf7d98924869363f5813ba7b7bad,926,3.23603044956,0.856371490281,-0.0436285097192,22.9454588244,22.9132539878,8,12.5777537797,15.3345629851,21.6417287161,2018-02
later,2018-02,linear_quantile,0.9,route_full,full,b3d3904f075cf6164ed98c8d3321b4cd5b4a378261cbe57ec2b335e765bed1c8,fitted_model,d93fb1ce57548659895af5d6039270c2c492bc5789f8ff563952d886c262bfb3,3.23521289889,-0.00025270382437,7d95c88138b22ba2667424325239c22950b3bf7d98924869363f5813ba7b7bad,926,3.23603044956,0.856371490281,-0.0436285097192,22.9454588244,22.9132539878,8,12.5777537797,15.3345629851,21.6417287161,2018-02
later,2018-02,linear_quantile,0.9,route_r1_score_only,score_only,df7e11f176be0ba9f2548a40fa2a01cc5b9cb1c25ff88a75cd61bc49be815f78,fitted_model,d93fb1ce57548659895af5d6039270c2c492bc5789f8ff563952d886c262bfb3,3.23521289889,0,7d95c88138b22ba2667424325239c22950b3bf7d98924869363f5813ba7b7bad,926,3.23521289889,0.857451403888,-0.0425485961123,22.9724125882,22.9817403596,8,12.5777537797,15.3969544475,21.6533983731,2018-02
later,2018-02,linear_quantile,0.9,route_r2_score_only,score_only,3643704813ccafa8fc076354d36ff1c0cba427d2d1375efb609097b59939fde6,fitted_model,d93fb1ce57548659895af5d6039270c2c492bc5789f8ff563952d886c262bfb3,3.23521289889,0,7d95c88138b22ba2667424325239c22950b3bf7d98924869363f5813ba7b7bad,926,3.23521289889,0.857451403888,-0.0425485961123,22.9724125882,22.9817403596,8,12.5777537797,15.3969544475,21.6533983731,2018-02
later,2018-02,linear_quantile,0.9,combined_score_only,score_only,285dd22f309efde888cfca6daf1a3c8d832cd32a2755fb44b8c21b90fed200c3,fitted_model,d93fb1ce57548659895af5d6039270c2c492bc5789f8ff563952d886c262bfb3,3.23521289889,-0.00918979774848,7d95c88138b22ba2667424325239c22950b3bf7d98924869363f5813ba7b7bad,926,3.2649438511,0.85313174946,-0.04686825054,22.4995021108,22.4211376477,8,12.5777537797,15.5282401467,20.9959565288,2018-02
later,2018-02,linear_quantile,0.9,combined_metadata_only,metadata_only,24bce00d29b27301d65f9d68697fb8fc9e7c8d78df9d60cd547766c10bcd0bce,fitted_model,d93fb1ce57548659895af5d6039270c2c492bc5789f8ff563952d886c262bfb3,3.23521289889,0.000947552532441,7d95c88138b22ba2667424325239c22950b3bf7d98924869363f5813ba7b7bad,926,3.23214736471,0.857451403888,-0.0425485961123,22.986481052,22.9385425884,8,12.5777537797,15.4057531518,21.6503217216,2018-02
later,2018-02,linear_quantile,0.9,combined_full,full,269357196468fbdc879f1741093ba1b1751f4fd16c2a9ebfd4da023cf556de05,fitted_model,d93fb1ce57548659895af5d6039270c2c492bc5789f8ff563952d886c262bfb3,3.23521289889,-0.00950120566283,7d95c88138b22ba2667424325239c22950b3bf7d98924869363f5813ba7b7bad,926,3.265951322,0.85313174946,-0.04686825054,22.4750406971,22.4007448511,8,12.5777537797,15.5489849336,20.9999785424,2018-02
later,2018-02,xgboost_quantile,0.9,seller_score_only,score_only,c02fe4d1296178792b3a64b431a1e69af17c4b5da67ffc88cd007fda36ee0492,fitted_model,2d69800b56776a2a06a5663a105abe137e1fd47e5040209c06a35f3c1116c54b,3.28538154073,-0.0127194008994,7d95c88138b22ba2667424325239c22950b3bf7d98924869363f5813ba7b7bad,926,3.32716962565,0.854211663067,-0.045788336933,22.954120636,23.7308867137,8,12.5777537797,15.1716960271,24.9341936111,2018-02
later,2018-02,xgboost_quantile,0.9,seller_metadata_only,metadata_only,38d2933df570f8a2edb7574395b78d9a2f9911918731d396a25ecbc4c6b5e883,fitted_model,2d69800b56776a2a06a5663a105abe137e1fd47e5040209c06a35f3c1116c54b,3.28538154073,-0.0215639925549,7d95c88138b22ba2667424325239c22950b3bf7d98924869363f5813ba7b7bad,926,3.35622748381,0.848812095032,-0.0511879049676,23.0223236084,23.8763036543,8,12.5777537797,14.7258637973,25.5036268234,2018-02
later,2018-02,xgboost_quantile,0.9,seller_full,full,96dc5a14c1134308c84bff6616905d12d61db8e7feaa7708812ee33051860ee4,fitted_model,2d69800b56776a2a06a5663a105abe137e1fd47e5040209c06a35f3c1116c54b,3.28538154073,-0.00438839051478,7d95c88138b22ba2667424325239c22950b3bf7d98924869363f5813ba7b7bad,926,3.29979907792,0.852051835853,-0.0479481641469,22.4689702988,22.94509919,8,12.5777537797,15.296334023,23.2034196854,2018-02
later,2018-02,xgboost_quantile,0.9,seller_s1_score_only,score_only,31f61118a5e5a63fc2e38683898a0b9da4e68506fb9b0ad8e3e7eb72bf2ca40b,fitted_model,2d69800b56776a2a06a5663a105abe137e1fd47e5040209c06a35f3c1116c54b,3.28538154073,-0.00557627627954,7d95c88138b22ba2667424325239c22950b3bf7d98924869363f5813ba7b7bad,926,3.30370173588,0.863930885529,-0.0360691144708,23.9934310913,24.8852225009,8,12.5777537797,15.2345730464,26.26765728,2018-02
later,2018-02,xgboost_quantile,0.9,seller_s2_score_only,score_only,35f36b1224b3dbbfaec9136ced22fbffb7cdd16db22f504c099332268ea7a233,fitted_model,2d69800b56776a2a06a5663a105abe137e1fd47e5040209c06a35f3c1116c54b,3.28538154073,-0.00636818193071,7d95c88138b22ba2667424325239c22950b3bf7d98924869363f5813ba7b7bad,926,3.30630344809,0.870410367171,-0.0295896328294,23.9085254669,24.3344921757,8,12.5777537797,16.4413584789,24.7892541885,2018-02
later,2018-02,xgboost_quantile,0.9,route_score_only,score_only,5e342d50dd73f8f759767d0786f8b5ade8645b281a2046dba7cb2259aaa57067,fitted_model,2d69800b56776a2a06a5663a105abe137e1fd47e5040209c06a35f3c1116c54b,3.28538154073,-0.012454545423,7d95c88138b22ba2667424325239c22950b3bf7d98924869363f5813ba7b7bad,926,3.32629947436,0.871490280778,-0.0285097192225,24.400888443,24.872324717,8,12.5777537797,16.3166054157,25.4303073883,2018-02
later,2018-02,xgboost_quantile,0.9,route_metadata_only,metadata_only,a68f579e15b8ccb40d9cd74af3efa8f730604b048f5536b8d78c84f7cf3993fc,fitted_model,2d69800b56776a2a06a5663a105abe137e1fd47e5040209c06a35f3c1116c54b,3.28538154073,0.000795258112456,7d95c88138b22ba2667424325239c22950b3bf7d98924869363f5813ba7b7bad,926,3.2827688144,0.858531317495,-0.0414686825054,24.1505012512,24.7661883857,8,12.5777537797,14.589273875,26.3084955215,2018-02
later,2018-02,xgboost_quantile,0.9,route_full,full,c2c7584db951a1069ee7d81709231f0bfe79e6e2993b6017fac234bd49c3f556,fitted_model,2d69800b56776a2a06a5663a105abe137e1fd47e5040209c06a35f3c1116c54b,3.28538154073,0.0363498578989,7d95c88138b22ba2667424325239c22950b3bf7d98924869363f5813ba7b7bad,926,3.16595838858,0.872570194384,-0.0274298056156,25.2895212173,25.4985126687,8,12.5777537797,14.7052135144,26.530002594,2018-02
later,2018-02,xgboost_quantile,0.9,route_r1_score_only,score_only,ef103a4d0ec44cd2d1d2061f7487c570e69fc18ca687662b1c0e83594a09f3e4,fitted_model,2d69800b56776a2a06a5663a105abe137e1fd47e5040209c06a35f3c1116c54b,3.28538154073,-0.00328954849807,7d95c88138b22ba2667424325239c22950b3bf7d98924869363f5813ba7b7bad,926,3.29618896264,0.869330453564,-0.0306695464363,24.5337076187,25.1233427746,8,12.5777537797,15.6243755246,26.1572608948,2018-02
later,2018-02,xgboost_quantile,0.9,route_r2_score_only,score_only,5277ffcc8f4cdaa783e58cebf1adbed5dc23cabe256c950db3541c202e0173be,fitted_model,2d69800b56776a2a06a5663a105abe137e1fd47e5040209c06a35f3c1116c54b,3.28538154073,0.00208948794936,7d95c88138b22ba2667424325239c22950b3bf7d98924869363f5813ba7b7bad,926,3.27851677559,0.886609071274,-0.0133909287257,26.6780204773,26.6453650827,8,12.5777537797,16.507102167,27.5647735596,2018-02
later,2018-02,xgboost_quantile,0.9,combined_score_only,score_only,ae8e362b2c1eca7f61822e926d3582fdf62fdbfc598cfa45bd6455b38dc05dfd,fitted_model,2d69800b56776a2a06a5663a105abe137e1fd47e5040209c06a35f3c1116c54b,3.28538154073,0.0138114662077,7d95c88138b22ba2667424325239c22950b3bf7d98924869363f5813ba7b7bad,926,3.2400056046,0.870410367171,-0.0295896328294,24.9605484009,25.4617193955,8,12.5777537797,15.0599164486,26.3760995865,2018-02
later,2018-02,xgboost_quantile,0.9,combined_metadata_only,metadata_only,a7ed94dc10bb338c43569ba25a6c52c06d20b250f26fc8c9b58ab178123ec2a4,fitted_model,2d69800b56776a2a06a5663a105abe137e1fd47e5040209c06a35f3c1116c54b,3.28538154073,-0.0157560654477,7d95c88138b22ba2667424325239c22950b3bf7d98924869363f5813ba7b7bad,926,3.3371462273,0.871490280778,-0.0285097192225,24.2384338379,24.371782378,8,12.5777537797,16.7905072124,24.5534143448,2018-02
later,2018-02,xgboost_quantile,0.9,combined_full,full,a266a3f74e2cb7efe7ff3a5e4c25e1c98fcf1b5922de7fdc3ed327e1d7775a68,fitted_model,2d69800b56776a2a06a5663a105abe137e1fd47e5040209c06a35f3c1116c54b,3.28538154073,-0.0018585229115,7d95c88138b22ba2667424325239c22950b3bf7d98924869363f5813ba7b7bad,926,3.29148749759,0.866090712743,-0.033909287257,23.8074636459,24.2649332102,8,12.5777537797,15.8522952218,25.0239973068,2018-02
later,2018-03,linear_quantile,0.5,seller_score_only,score_only,7a2dea1152fb4668509b93b38cd0298e0c56f394ed086b5157b5015142788e56,fitted_model,7119947d2b44cd0cf71f5d8e68afa5ebcf19d66c5df84bc703699ad58aca3c23,3.16974752081,0,5092f5e7034c263ff007ff4a6fab61efb011668930b5964c9bdd412718e5736f,1328,3.16974752081,0.380271084337,-0.119728915663,5.65310299211,5.71008807509,7,10.0165662651,8.58921777131,15.7038141694,2018-03
later,2018-03,linear_quantile,0.5,seller_metadata_only,metadata_only,ffbf79312c27f3341704e877d4afa575b7618dde1f0f355de31df70712bdcbd6,fitted_model,7119947d2b44cd0cf71f5d8e68afa5ebcf19d66c5df84bc703699ad58aca3c23,3.16974752081,-0.00455202798925,5092f5e7034c263ff007ff4a6fab61efb011668930b5964c9bdd412718e5736f,1328,3.18417630025,0.372740963855,-0.127259036145,5.46135783961,5.5719567602,7,10.0165662651,8.61921589191,15.9037109671,2018-03
later,2018-03,linear_quantile,0.5,seller_full,full,db1756c036485c860dd304783c5bd0d6abec250b87b2afe7217dfa6bd3b08712,fitted_model,7119947d2b44cd0cf71f5d8e68afa5ebcf19d66c5df84bc703699ad58aca3c23,3.16974752081,-0.00455202798925,5092f5e7034c263ff007ff4a6fab61efb011668930b5964c9bdd412718e5736f,1328,3.18417630025,0.372740963855,-0.127259036145,5.46135783961,5.5719567602,7,10.0165662651,8.61921589191,15.9037109671,2018-03
later,2018-03,linear_quantile,0.5,seller_s1_score_only,score_only,83fff6c36fa9564e6335a7811da564dc17b27a3cb1d2b8c6b8785bf5022a29bd,fitted_model,7119947d2b44cd0cf71f5d8e68afa5ebcf19d66c5df84bc703699ad58aca3c23,3.16974752081,0,5092f5e7034c263ff007ff4a6fab61efb011668930b5964c9bdd412718e5736f,1328,3.16974752081,0.380271084337,-0.119728915663,5.65310299211,5.71008807509,7,10.0165662651,8.58921777131,15.7038141694,2018-03
later,2018-03,linear_quantile,0.5,seller_s2_score_only,score_only,ef0f95c02b46188724c33400cc45e8e45302ab6d930af83d1c3d4de56531b082,fitted_model,7119947d2b44cd0cf71f5d8e68afa5ebcf19d66c5df84bc703699ad58aca3c23,3.16974752081,0,5092f5e7034c263ff007ff4a6fab61efb011668930b5964c9bdd412718e5736f,1328,3.16974752081,0.380271084337,-0.119728915663,5.65310299211,5.71008807509,7,10.0165662651,8.58921777131,15.7038141694,2018-03
later,2018-03,linear_quantile,0.5,route_score_only,score_only,85d294c06db878003f7309434b17bf29330240ce10e13f2ea7b078df923e04c1,fitted_model,7119947d2b44cd0cf71f5d8e68afa5ebcf19d66c5df84bc703699ad58aca3c23,3.16974752081,0.0058829316532,5092f5e7034c263ff007ff4a6fab61efb011668930b5964c9bdd412718e5736f,1328,3.15110011279,0.38328313253,-0.11671686747,5.7764328798,5.80659290129,7,10.0165662651,8.52269018722,15.4864324922,2018-03
later,2018-03,linear_quantile,0.5,route_metadata_only,metadata_only,f27ec6ee622263ba93fcc0c0f914def46bcdafd80ca252508f91e2dedeb96b41,fitted_model,7119947d2b44cd0cf71f5d8e68afa5ebcf19d66c5df84bc703699ad58aca3c23,3.16974752081,-2.22044604925e-16,5092f5e7034c263ff007ff4a6fab61efb011668930b5964c9bdd412718e5736f,1328,3.16974752081,0.380271084337,-0.119728915663,5.65310299211,5.71008807509,7,10.0165662651,8.58921777131,15.7038141694,2018-03
later,2018-03,linear_quantile,0.5,route_full,full,5464d6231d0899a1c8a8dc4219caec62fcd1b09b41370d5aefba3c61698aad8d,fitted_model,7119947d2b44cd0cf71f5d8e68afa5ebcf19d66c5df84bc703699ad58aca3c23,3.16974752081,0.0058829316532,5092f5e7034c263ff007ff4a6fab61efb011668930b5964c9bdd412718e5736f,1328,3.15110011279,0.38328313253,-0.11671686747,5.7764328798,5.80659290129,7,10.0165662651,8.52269018722,15.4864324922,2018-03
later,2018-03,linear_quantile,0.5,route_r1_score_only,score_only,f269f79e0311a6605909296d82280c7b3c88052f81572dad55b0866fa612da0b,fitted_model,7119947d2b44cd0cf71f5d8e68afa5ebcf19d66c5df84bc703699ad58aca3c23,3.16974752081,0.0058829316532,5092f5e7034c263ff007ff4a6fab61efb011668930b5964c9bdd412718e5736f,1328,3.15110011279,0.38328313253,-0.11671686747,5.7764328798,5.80659290129,7,10.0165662651,8.52269018722,15.4864324922,2018-03
later,2018-03,linear_quantile,0.5,route_r2_score_only,score_only,1d07063a69c251d4655681fa03431e96182d482f2437771ded06314a1b980f04,fitted_model,7119947d2b44cd0cf71f5d8e68afa5ebcf19d66c5df84bc703699ad58aca3c23,3.16974752081,0,5092f5e7034c263ff007ff4a6fab61efb011668930b5964c9bdd412718e5736f,1328,3.16974752081,0.380271084337,-0.119728915663,5.65310299211,5.71008807509,7,10.0165662651,8.58921777131,15.7038141694,2018-03
later,2018-03,linear_quantile,0.5,combined_score_only,score_only,19c4b9e863f4b2916c7090f3229b7693673656f96f7ff44718fdab49dfa60c1c,fitted_model,7119947d2b44cd0cf71f5d8e68afa5ebcf19d66c5df84bc703699ad58aca3c23,3.16974752081,0.0058829316532,5092f5e7034c263ff007ff4a6fab61efb011668930b5964c9bdd412718e5736f,1328,3.15110011279,0.38328313253,-0.11671686747,5.7764328798,5.80659290129,7,10.0165662651,8.52269018722,15.4864324922,2018-03
later,2018-03,linear_quantile,0.5,combined_metadata_only,metadata_only,48b15cd8ffe8e634d8af4a140f33f5ea9aecff224ffa0aff537d1e31d008d644,fitted_model,7119947d2b44cd0cf71f5d8e68afa5ebcf19d66c5df84bc703699ad58aca3c23,3.16974752081,-0.00455202798925,5092f5e7034c263ff007ff4a6fab61efb011668930b5964c9bdd412718e5736f,1328,3.18417630025,0.372740963855,-0.127259036145,5.46135783961,5.5719567602,7,10.0165662651,8.61921589191,15.9037109671,2018-03
later,2018-03,linear_quantile,0.5,combined_full,full,ffd64dca43903c3294d747f683235bc46a0fc4f27c4bfe550118a5ddc24e9196,fitted_model,7119947d2b44cd0cf71f5d8e68afa5ebcf19d66c5df84bc703699ad58aca3c23,3.16974752081,0.00318347993878,5092f5e7034c263ff007ff4a6fab61efb011668930b5964c9bdd412718e5736f,1328,3.15965669317,0.380271084337,-0.119728915663,5.67363580392,5.72954807321,7,10.0165662651,8.55723471193,15.6849658075,2018-03
later,2018-03,xgboost_quantile,0.5,seller_score_only,score_only,d4f80a86a996dc39a1a75a511d28e8c0486f59a88ec5796331a3522e20299113,fitted_model,db48dffa9b9a034325015c1b04ad7b9037b306292dea1fe0b87ef5a2069af2e6,3.20974756975,-0.000787410799408,5092f5e7034c263ff007ff4a6fab61efb011668930b5964c9bdd412718e5736f,1328,3.21227495965,0.396837349398,-0.103162650602,5.83815360069,5.86068097008,7,10.0165662651,8.77079773068,15.9438921452,2018-03
later,2018-03,xgboost_quantile,0.5,seller_metadata_only,metadata_only,3c5c113545adcdec46b2a450ef7ae53a6ac5463a42b6feb2bc20192b5f2b916d,fitted_model,db48dffa9b9a034325015c1b04ad7b9037b306292dea1fe0b87ef5a2069af2e6,3.20974756975,-0.00344580238727,5092f5e7034c263ff007ff4a6fab61efb011668930b5964c9bdd412718e5736f,1328,3.22080772559,0.393825301205,-0.106174698795,5.81920361519,5.92118405326,7,10.0165662651,8.69138689219,15.8069107533,2018-03
later,2018-03,xgboost_quantile,0.5,seller_full,full,56f0fb7b5f5c177af59cb662f84737d4e93aba43e2a463ee56720318a018112a,fitted_model,db48dffa9b9a034325015c1b04ad7b9037b306292dea1fe0b87ef5a2069af2e6,3.20974756975,-0.00501308673805,5092f5e7034c263ff007ff4a6fab61efb011668930b5964c9bdd412718e5736f,1328,3.22583831272,0.390060240964,-0.109939759036,5.78017258644,5.79498940239,7,10.0165662651,8.74943248902,16.0061306953,2018-03
later,2018-03,xgboost_quantile,0.5,seller_s1_score_only,score_only,1ed6e655c293dc5e244ae2a32efddfc51b1dcb1d91aa1b7fd2bca2bc5a2b6a02,fitted_model,db48dffa9b9a034325015c1b04ad7b9037b306292dea1fe0b87ef5a2069af2e6,3.20974756975,-0.00224183035074,5092f5e7034c263ff007ff4a6fab61efb011668930b5964c9bdd412718e5736f,1328,3.21694327927,0.389307228916,-0.110692771084,5.85317230225,5.8468606174,7,10.0165662651,8.68160940187,15.833798933,2018-03
later,2018-03,xgboost_quantile,0.5,seller_s2_score_only,score_only,315fcf0d1c9804ad60ec013750bf6a6b75dfb0dd22000e18b8ebc30cea8c5e99,fitted_model,db48dffa9b9a034325015c1b04ad7b9037b306292dea1fe0b87ef5a2069af2e6,3.20974756975,0.000924995919897,5092f5e7034c263ff007ff4a6fab61efb011668930b5964c9bdd412718e5736f,1328,3.20677856634,0.400602409639,-0.0993975903614,5.89685106277,5.89050490634,7,10.0165662651,8.79184256067,15.9100904942,2018-03
later,2018-03,xgboost_quantile,0.5,route_score_only,score_only,c9de4573794f153ad726f0c8aab5ea57731727e9b85b46d060dabf877b4ad132,fitted_model,db48dffa9b9a034325015c1b04ad7b9037b306292dea1fe0b87ef5a2069af2e6,3.20974756975,-0.00386214375023,5092f5e7034c263ff007ff4a6fab61efb011668930b5964c9bdd412718e5736f,1328,3.22214407626,0.396837349398,-0.103162650602,5.88062787056,5.91389294992,7,10.0165662651,8.74304920666,15.7782109737,2018-03
later,2018-03,xgboost_quantile,0.5,route_metadata_only,metadata_only,decac59336a7cf43135f0beac686f3c30182589cba3bb32bcf10c1f289fb4254,fitted_model,db48dffa9b9a034325015c1b04ad7b9037b306292dea1fe0b87ef5a2069af2e6,3.20974756975,0.0036377602443,5092f5e7034c263ff007ff4a6fab61efb011668930b5964c9bdd412718e5736f,1328,3.19807127764,0.402108433735,-0.0978915662651,5.92629718781,5.91336668256,7,10.0165662651,8.7803062714,15.788666153,2018-03
later,2018-03,xgboost_quantile,0.5,route_full,full,b03df19a21f6d8409da713c34eac5b169038a40eefa2f732af3e5402c1e10082,fitted_model,db48dffa9b9a034325015c1b04ad7b9037b306292dea1fe0b87ef5a2069af2e6,3.20974756975,-0.00548666015245,5092f5e7034c263ff007ff4a6fab61efb011668930b5964c9bdd412718e5736f,1328,3.22735836384,0.387048192771,-0.112951807229,5.76045656204,5.77147565261,7,10.0165662651,8.72809837081,16.0244409084,2018-03
later,2018-03,xgboost_quantile,0.5,route_r1_score_only,score_only,b851bb187c05da7a137a4e0886fd2ee3266da6711a28e8dc2d0e100e2a4afc0e,fitted_model,db48dffa9b9a034325015c1b04ad7b9037b306292dea1fe0b87ef5a2069af2e6,3.20974756975,-0.00548033615558,5092f5e7034c263ff007ff4a6fab61efb011668930b5964c9bdd412718e5736f,1328,3.2273380654,0.397590361446,-0.102409638554,5.89209628105,5.87608894778,7,10.0165662651,8.79397736192,15.9165818214,2018-03
later,2018-03,xgboost_quantile,0.5,route_r2_score_only,score_only,68990e311c1d24910d25142b4923a9b190bf24f92184871414065a4549af8382,fitted_model,db48dffa9b9a034325015c1b04ad7b9037b306292dea1fe0b87ef5a2069af2e6,3.20974756975,-0.00463244094591,5092f5e7034c263ff007ff4a6fab61efb011668930b5964c9bdd412718e5736f,1328,3.22461653582,0.387048192771,-0.112951807229,5.80570602417,5.81955930986,7,10.0165662651,8.68440218405,16.0604085922,2018-03
later,2018-03,xgboost_quantile,0.5,combined_score_only,score_only,902d8c4d10dd08b73db7b90bf0aa40c44609f2d38b1f80367bb0effb12142830,fitted_model,db48dffa9b9a034325015c1b04ad7b9037b306292dea1fe0b87ef5a2069af2e6,3.20974756975,-0.00501640727968,5092f5e7034c263ff007ff4a6fab61efb011668930b5964c9bdd412718e5736f,1328,3.22584897082,0.390813253012,-0.109186746988,5.81021761894,5.84457680655,7,10.0165662651,8.71956543103,15.8761078835,2018-03
later,2018-03,xgboost_quantile,0.5,combined_metadata_only,metadata_only,0b733b2044c13c7ce08653b3ba72fb8a8c63d0c8fc7cab69ec9746c6f49e1980,fitted_model,db48dffa9b9a034325015c1b04ad7b9037b306292dea1fe0b87ef5a2069af2e6,3.20974756975,0.000914208885971,5092f5e7034c263ff007ff4a6fab61efb011668930b5964c9bdd412718e5736f,1328,3.20681319,0.394578313253,-0.105421686747,5.85643362999,5.84076809883,7,10.0165662651,8.74549489887,15.9868661404,2018-03
later,2018-03,xgboost_quantile,0.5,combined_full,full,896066b922c93c1684db0cea154985ed8ff3eff8febcfa04bf00ca52435a5eff,fitted_model,db48dffa9b9a034325015c1b04ad7b9037b306292dea1fe0b87ef5a2069af2e6,3.20974756975,-0.000874352150602,5092f5e7034c263ff007ff4a6fab61efb011668930b5964c9bdd412718e5736f,1328,3.21255401944,0.395331325301,-0.104668674699,5.85130357742,5.85385471259,7,10.0165662651,8.75505879035,15.9312557697,2018-03
later,2018-03,linear_quantile,0.9,seller_score_only,score_only,53e641703a525fcf5b219896ef4be6556a71e981205052357973b370a9e3cd40,fitted_model,5cf97a64c99aec340ab57acffb21141c853dcdaf73e9fefb11957542df857342,2.14235728099,-0.00787778123776,5092f5e7034c263ff007ff4a6fab61efb011668930b5964c9bdd412718e5736f,1328,2.15923430298,0.862951807229,-0.0370481927711,19.2081255382,18.9442596111,7,10.0165662651,9.24101910993,17.650840166,2018-03
later,2018-03,linear_quantile,0.9,seller_metadata_only,metadata_only,b3d95699143f21d93d2b2aa1bb4d72d5c3e8e3d91566caa8db9c923d1df0aacc,fitted_model,5cf97a64c99aec340ab57acffb21141c853dcdaf73e9fefb11957542df857342,2.14235728099,0,5092f5e7034c263ff007ff4a6fab61efb011668930b5964c9bdd412718e5736f,1328,2.14235728099,0.867469879518,-0.0325301204819,19.6421203789,19.4965741987,7,10.0165662651,9.01196258846,17.9206628132,2018-03
later,2018-03,linear_quantile,0.9,seller_full,full,2ed6721219368fdb97b9dd2428cc16a51b18a0331226a447383324d575d0244f,fitted_model,5cf97a64c99aec340ab57acffb21141c853dcdaf73e9fefb11957542df857342,2.14235728099,-0.00787778123776,5092f5e7034c263ff007ff4a6fab61efb011668930b5964c9bdd412718e5736f,1328,2.15923430298,0.862951807229,-0.0370481927711,19.2081255382,18.9442596111,7,10.0165662651,9.24101910993,17.650840166,2018-03
later,2018-03,linear_quantile,0.9,seller_s1_score_only,score_only,30a3e5447f44b5b6e9b68fca44e7d86440da0608bf1a76115256645eab7802e2,fitted_model,5cf97a64c99aec340ab57acffb21141c853dcdaf73e9fefb11957542df857342,2.14235728099,-0.00787778123776,5092f5e7034c263ff007ff4a6fab61efb011668930b5964c9bdd412718e5736f,1328,2.15923430298,0.862951807229,-0.0370481927711,19.2081255382,18.9442596111,7,10.0165662651,9.24101910993,17.650840166,2018-03
later,2018-03,linear_quantile,0.9,seller_s2_score_only,score_only,b3923507c398ea2068ec9225de2fe4ba88d494344850350c86bbf7e0ac6a56c5,fitted_model,5cf97a64c99aec340ab57acffb21141c853dcdaf73e9fefb11957542df857342,2.14235728099,0,5092f5e7034c263ff007ff4a6fab61efb011668930b5964c9bdd412718e5736f,1328,2.14235728099,0.867469879518,-0.0325301204819,19.6421203789,19.4965741987,7,10.0165662651,9.01196258846,17.9206628132,2018-03
later,2018-03,linear_quantile,0.9,route_score_only,score_only,4d9ef5645debeff05473bf352f87adaa78431588c6672a35f4a7741d24415529,fitted_model,5cf97a64c99aec340ab57acffb21141c853dcdaf73e9fefb11957542df857342,2.14235728099,0,5092f5e7034c263ff007ff4a6fab61efb011668930b5964c9bdd412718e5736f,1328,2.14235728099,0.867469879518,-0.0325301204819,19.6421203789,19.4965741987,7,10.0165662651,9.01196258846,17.9206628132,2018-03
later,2018-03,linear_quantile,0.9,route_metadata_only,metadata_only,2004fbf586b226ef8b328b960bce1b5570f09df6bc794430fd70a9d55090ff03,fitted_model,5cf97a64c99aec340ab57acffb21141c853dcdaf73e9fefb11957542df857342,2.14235728099,0,5092f5e7034c263ff007ff4a6fab61efb011668930b5964c9bdd412718e5736f,1328,2.14235728099,0.867469879518,-0.0325301204819,19.6421203789,19.4965741987,7,10.0165662651,9.01196258846,17.9206628132,2018-03
later,2018-03,linear_quantile,0.9,route_full,full,e71e334257fccdd356059f0cbca5ddcb273cb50be3adb73827ddcdf58a3e6563,fitted_model,5cf97a64c99aec340ab57acffb21141c853dcdaf73e9fefb11957542df857342,2.14235728099,0,5092f5e7034c263ff007ff4a6fab61efb011668930b5964c9bdd412718e5736f,1328,2.14235728099,0.867469879518,-0.0325301204819,19.6421203789,19.4965741987,7,10.0165662651,9.01196258846,17.9206628132,2018-03
later,2018-03,linear_quantile,0.9,route_r1_score_only,score_only,2055bf2d974fc2ed6e0afd4027c3ec546836c0f82a0f510f100a4274e98ccb19,fitted_model,5cf97a64c99aec340ab57acffb21141c853dcdaf73e9fefb11957542df857342,2.14235728099,0,5092f5e7034c263ff007ff4a6fab61efb011668930b5964c9bdd412718e5736f,1328,2.14235728099,0.867469879518,-0.0325301204819,19.6421203789,19.4965741987,7,10.0165662651,9.01196258846,17.9206628132,2018-03
later,2018-03,linear_quantile,0.9,route_r2_score_only,score_only,38740e5507543cea37f891354c1f76368f345361cb120893383cece5d6d0997a,fitted_model,5cf97a64c99aec340ab57acffb21141c853dcdaf73e9fefb11957542df857342,2.14235728099,0,5092f5e7034c263ff007ff4a6fab61efb011668930b5964c9bdd412718e5736f,1328,2.14235728099,0.867469879518,-0.0325301204819,19.6421203789,19.4965741987,7,10.0165662651,9.01196258846,17.9206628132,2018-03
later,2018-03,linear_quantile,0.9,combined_score_only,score_only,ee4da07190b1bad17f0145fc24348ef5f450c1cd60f32865d3046a77f9c07efb,fitted_model,5cf97a64c99aec340ab57acffb21141c853dcdaf73e9fefb11957542df857342,2.14235728099,-0.00787778123776,5092f5e7034c263ff007ff4a6fab61efb011668930b5964c9bdd412718e5736f,1328,2.15923430298,0.862951807229,-0.0370481927711,19.2081255382,18.9442596111,7,10.0165662651,9.24101910993,17.650840166,2018-03
later,2018-03,linear_quantile,0.9,combined_metadata_only,metadata_only,84c8102892273ca4383538187ecd7068093f1118edc74812d02fd0e874418601,fitted_model,5cf97a64c99aec340ab57acffb21141c853dcdaf73e9fefb11957542df857342,2.14235728099,0,5092f5e7034c263ff007ff4a6fab61efb011668930b5964c9bdd412718e5736f,1328,2.14235728099,0.867469879518,-0.0325301204819,19.6421203789,19.4965741987,7,10.0165662651,9.01196258846,17.9206628132,2018-03
later,2018-03,linear_quantile,0.9,combined_full,full,b02cf5e98c1cd35da9211b9d537f3981c2ea370cf0eb14ea6513ae1f4858cb1f,fitted_model,5cf97a64c99aec340ab57acffb21141c853dcdaf73e9fefb11957542df857342,2.14235728099,-0.0090055582497,5092f5e7034c263ff007ff4a6fab61efb011668930b5964c9bdd412718e5736f,1328,2.16165040428,0.862198795181,-0.0378012048193,19.1263355707,18.8803885225,7,10.0165662651,9.25440514255,17.6100835072,2018-03
later,2018-03,xgboost_quantile,0.9,seller_score_only,score_only,82fceef67b6829dca9e507df4c5303e943bdbfc6cf6aa2310ba0a74834dc04c8,fitted_model,1127cf8c054584f2c7c70218f0dc3888582750d3a9d2643c59a50ea826e84c09,2.35820706975,0.0429183521067,5092f5e7034c263ff007ff4a6fab61efb011668930b5964c9bdd412718e5736f,1328,2.25699670839,0.840361445783,-0.0596385542169,17.008266449,17.4017109792,7,10.0165662651,9.51200193729,16.9442316055,2018-03
later,2018-03,xgboost_quantile,0.9,seller_metadata_only,metadata_only,be72a875410c8e8eb9591732ccba5f7ae1875d58f823a531fbb8b036a390435d,fitted_model,1127cf8c054584f2c7c70218f0dc3888582750d3a9d2643c59a50ea826e84c09,2.35820706975,0.024884774147,5092f5e7034c263ff007ff4a6fab61efb011668930b5964c9bdd412718e5736f,1328,2.29952361943,0.839608433735,-0.0603915662651,16.8828020096,17.6588403705,7,10.0165662651,9.57217542442,17.5224521637,2018-03
later,2018-03,xgboost_quantile,0.9,seller_full,full,f326535b39ec19571147c497bc7ed41da02c01ad6ee2e4a7be852b362205ae2d,fitted_model,1127cf8c054584f2c7c70218f0dc3888582750d3a9d2643c59a50ea826e84c09,2.35820706975,0.0433981294056,5092f5e7034c263ff007ff4a6fab61efb011668930b5964c9bdd412718e5736f,1328,2.25586529417,0.849397590361,-0.0506024096386,17.98503685,18.494825677,7,10.0165662651,9.34938130379,17.8358062744,2018-03
later,2018-03,xgboost_quantile,0.9,seller_s1_score_only,score_only,7e140c7d180a7565cb458ee3bcfe04d27a70037d67e503ed6955a138db92ea48,fitted_model,1127cf8c054584f2c7c70218f0dc3888582750d3a9d2643c59a50ea826e84c09,2.35820706975,0.0396512874597,5092f5e7034c263ff007ff4a6fab61efb011668930b5964c9bdd412718e5736f,1328,2.26470112334,0.826054216867,-0.0739457831325,16.6368713379,17.0610604638,7,10.0165662651,8.96975871082,16.4320114136,2018-03
later,2018-03,xgboost_quantile,0.9,seller_s2_score_only,score_only,b0b48e0a371c9289511a835c30d2c6445f4041c121ff37f2889d0e6efc271e06,fitted_model,1127cf8c054584f2c7c70218f0dc3888582750d3a9d2643c59a50ea826e84c09,2.35820706975,0.0464818347657,5092f5e7034c263ff007ff4a6fab61efb011668930b5964c9bdd412718e5736f,1328,2.24859327839,0.832078313253,-0.067921686747,16.592997551,17.2081474928,7,10.0165662651,9.1080263976,16.7340251923,2018-03
later,2018-03,xgboost_quantile,0.9,route_score_only,score_only,d15cc5f5392f3ec6c20d485b9716e9bdfc716950859be796ca653b5b1e5c2d0a,fitted_model,1127cf8c054584f2c7c70218f0dc3888582750d3a9d2643c59a50ea826e84c09,2.35820706975,0.0316166610313,5092f5e7034c263ff007ff4a6fab61efb011668930b5964c9bdd412718e5736f,1328,2.28364843618,0.836596385542,-0.0634036144578,17.0750637054,17.8984400594,7,10.0165662651,9.15194600628,17.7955156326,2018-03
later,2018-03,xgboost_quantile,0.9,route_metadata_only,metadata_only,bdae8445d42311467fa9f6fc5abba83807e0f6b51c826cc7188a0ce937625cb1,fitted_model,1127cf8c054584f2c7c70218f0dc3888582750d3a9d2643c59a50ea826e84c09,2.35820706975,0.0649555917742,5092f5e7034c263ff007ff4a6fab61efb011668930b5964c9bdd412718e5736f,1328,2.20502833401,0.847138554217,-0.0528614457831,17.6148147583,18.0816370091,7,10.0165662651,9.1489469594,17.5650028229,2018-03
later,2018-03,xgboost_quantile,0.9,route_full,full,8b070591c6b209337977d0bba3077e8a27a436ffd985f394ce624ac7f1db60f6,fitted_model,1127cf8c054584f2c7c70218f0dc3888582750d3a9d2643c59a50ea826e84c09,2.35820706975,0.0588406517646,5092f5e7034c263ff007ff4a6fab61efb011668930b5964c9bdd412718e5736f,1328,2.21944862877,0.841114457831,-0.0588855421687,17.365773201,17.8388857052,7,10.0165662651,9.04561022447,16.9685247421,2018-03
later,2018-03,xgboost_quantile,0.9,route_r1_score_only,score_only,874f3486be5cf70a3c44c414d20c71579894208b259aba069b847f8079e326e0,fitted_model,1127cf8c054584f2c7c70218f0dc3888582750d3a9d2643c59a50ea826e84c09,2.35820706975,0.0475190313958,5092f5e7034c263ff007ff4a6fab61efb011668930b5964c9bdd412718e5736f,1328,2.24614735397,0.838855421687,-0.0611445783133,17.2130041122,17.6665276447,7,10.0165662651,9.19144306005,17.3901018143,2018-03
later,2018-03,xgboost_quantile,0.9,route_r2_score_only,score_only,e89b6ff5ed8dde36db5195713777aa81d377d31854f8bc9fe8c1ec0aa14923eb,fitted_model,1127cf8c054584f2c7c70218f0dc3888582750d3a9d2643c59a50ea826e84c09,2.35820706975,0.00273620233882,5092f5e7034c263ff007ff4a6fab61efb011668930b5964c9bdd412718e5736f,1328,2.35175453805,0.824548192771,-0.0754518072289,16.2639436722,17.0756233162,7,10.0165662651,9.38063197484,17.3560998917,2018-03
later,2018-03,xgboost_quantile,0.9,combined_score_only,score_only,cf8b135f12d23992fb33349aa9d677146fac28f8f6c79d001a93b73f0976240e,fitted_model,1127cf8c054584f2c7c70218f0dc3888582750d3a9d2643c59a50ea826e84c09,2.35820706975,0.0847231804204,5092f5e7034c263ff007ff4a6fab61efb011668930b5964c9bdd412718e5736f,1328,2.15841226671,0.868222891566,-0.0317771084337,19.385925293,19.7216568359,7,10.0165662651,9.01448835645,19.2599702835,2018-03
later,2018-03,xgboost_quantile,0.9,combined_metadata_only,metadata_only,cd414dd9f82a3b166c9baf640802ebe06a39b2c255e44417135a94fc4e440a48,fitted_model,1127cf8c054584f2c7c70218f0dc3888582750d3a9d2643c59a50ea826e84c09,2.35820706975,0.00219804347725,5092f5e7034c263ff007ff4a6fab61efb011668930b5964c9bdd412718e5736f,1328,2.35302362808,0.814006024096,-0.0859939759036,15.5079622269,16.0792681259,7,10.0165662651,9.39145170436,15.4446956635,2018-03
later,2018-03,xgboost_quantile,0.9,combined_full,full,c9958961e4f97f74e08ddacf04f17e8574244b3c05810708f3ce124141b34100,fitted_model,1127cf8c054584f2c7c70218f0dc3888582750d3a9d2643c59a50ea826e84c09,2.35820706975,0.0500967552239,5092f5e7034c263ff007ff4a6fab61efb011668930b5964c9bdd412718e5736f,1328,2.24006854741,0.842620481928,-0.0573795180723,17.348777771,17.7867431296,7,10.0165662651,9.29632317392,17.1117799759,2018-03
later,2018-04,linear_quantile,0.5,seller_score_only,score_only,e3a0cc558d2ec16824f44b428cdb4daeef05332b35d3e5a06bdabdbeafe2f552,fitted_model,1b779c590ce437b1082a14a6507910ec027bbfaa25fc8e7f9a551565dec79c13,3.57966870624,0,f70654d8c209bccbb417414da1c2ceea047caa7f2467d1ed8101efa66eb66fd9,306,3.57966870624,0.40522875817,-0.0947712418301,5.31262545152,5.37576262994,7,10.3954248366,10.2383897897,16.8120133771,2018-04
later,2018-04,linear_quantile,0.5,seller_metadata_only,metadata_only,99fc37e56626c1ef4c2dbd31eb7c2b9c2041afec11e28c1e70a49981f2ef5811,fitted_model,1b779c590ce437b1082a14a6507910ec027bbfaa25fc8e7f9a551565dec79c13,3.57966870624,0.00392509153209,f70654d8c209bccbb417414da1c2ceea047caa7f2467d1ed8101efa66eb66fd9,306,3.56561817891,0.408496732026,-0.0915032679739,5.46556472147,5.47476058229,7,10.3954248366,10.187518197,16.6729925323,2018-04
later,2018-04,linear_quantile,0.5,seller_full,full,272ddea0b27518f2e7fe8e1fda5c49e36abb9d6e4e3bb1a35a216d98ea708dc3,fitted_model,1b779c590ce437b1082a14a6507910ec027bbfaa25fc8e7f9a551565dec79c13,3.57966870624,0.00392509153209,f70654d8c209bccbb417414da1c2ceea047caa7f2467d1ed8101efa66eb66fd9,306,3.56561817891,0.408496732026,-0.0915032679739,5.46556472147,5.47476058229,7,10.3954248366,10.187518197,16.6729925323,2018-04
later,2018-04,linear_quantile,0.5,seller_s1_score_only,score_only,ff353f2441029808588e022ec80d3edecd2cc75076a0f44784dea32822e28ce1,fitted_model,1b779c590ce437b1082a14a6507910ec027bbfaa25fc8e7f9a551565dec79c13,3.57966870624,0,f70654d8c209bccbb417414da1c2ceea047caa7f2467d1ed8101efa66eb66fd9,306,3.57966870624,0.40522875817,-0.0947712418301,5.31262545152,5.37576262994,7,10.3954248366,10.2383897897,16.8120133771,2018-04
later,2018-04,linear_quantile,0.5,seller_s2_score_only,score_only,0907bc72339f6434c5d856c899dd00ce5722fe6016a6efdc825ab61377247659,fitted_model,1b779c590ce437b1082a14a6507910ec027bbfaa25fc8e7f9a551565dec79c13,3.57966870624,0,f70654d8c209bccbb417414da1c2ceea047caa7f2467d1ed8101efa66eb66fd9,306,3.57966870624,0.40522875817,-0.0947712418301,5.31262545152,5.37576262994,7,10.3954248366,10.2383897897,16.8120133771,2018-04
later,2018-04,linear_quantile,0.5,route_score_only,score_only,15d0e9cfa5cbc21486c0bd10c7384e93ad3a8b70055c10021ce67fc44075084d,fitted_model,1b779c590ce437b1082a14a6507910ec027bbfaa25fc8e7f9a551565dec79c13,3.57966870624,1.11022302463e-16,f70654d8c209bccbb417414da1c2ceea047caa7f2467d1ed8101efa66eb66fd9,306,3.57966870624,0.40522875817,-0.0947712418301,5.31262545152,5.37576262994,7,10.3954248366,10.2383897897,16.8120133771,2018-04
later,2018-04,linear_quantile,0.5,route_metadata_only,metadata_only,db3a9a3f48f4d985b0cc8b401473c61e9344d4566e12372aa4565fd3d783c0cf,fitted_model,1b779c590ce437b1082a14a6507910ec027bbfaa25fc8e7f9a551565dec79c13,3.57966870624,0,f70654d8c209bccbb417414da1c2ceea047caa7f2467d1ed8101efa66eb66fd9,306,3.57966870624,0.40522875817,-0.0947712418301,5.31262545152,5.37576262994,7,10.3954248366,10.2383897897,16.8120133771,2018-04
later,2018-04,linear_quantile,0.5,route_full,full,9ad4f0067ed280afd045616860799d23b136182067f7b966dcdd90deeed5971c,fitted_model,1b779c590ce437b1082a14a6507910ec027bbfaa25fc8e7f9a551565dec79c13,3.57966870624,1.11022302463e-16,f70654d8c209bccbb417414da1c2ceea047caa7f2467d1ed8101efa66eb66fd9,306,3.57966870624,0.40522875817,-0.0947712418301,5.31262545152,5.37576262994,7,10.3954248366,10.2383897897,16.8120133771,2018-04
later,2018-04,linear_quantile,0.5,route_r1_score_only,score_only,6482908cb510f39bd9fc40cb5f9354330547f80499fe9c445dfb3c96447c8cb5,fitted_model,1b779c590ce437b1082a14a6507910ec027bbfaa25fc8e7f9a551565dec79c13,3.57966870624,1.11022302463e-16,f70654d8c209bccbb417414da1c2ceea047caa7f2467d1ed8101efa66eb66fd9,306,3.57966870624,0.40522875817,-0.0947712418301,5.31262545152,5.37576262994,7,10.3954248366,10.2383897897,16.8120133771,2018-04
later,2018-04,linear_quantile,0.5,route_r2_score_only,score_only,c8df08b0aa32107b0c057a2fe74cb002f6ffe3fcc36a81f805fbc75f95568c26,fitted_model,1b779c590ce437b1082a14a6507910ec027bbfaa25fc8e7f9a551565dec79c13,3.57966870624,0,f70654d8c209bccbb417414da1c2ceea047caa7f2467d1ed8101efa66eb66fd9,306,3.57966870624,0.40522875817,-0.0947712418301,5.31262545152,5.37576262994,7,10.3954248366,10.2383897897,16.8120133771,2018-04
later,2018-04,linear_quantile,0.5,combined_score_only,score_only,e6aa428f614f6a95285b48b075411859c56d6eb6ad0a240de98922de450b9e1e,fitted_model,1b779c590ce437b1082a14a6507910ec027bbfaa25fc8e7f9a551565dec79c13,3.57966870624,1.11022302463e-16,f70654d8c209bccbb417414da1c2ceea047caa7f2467d1ed8101efa66eb66fd9,306,3.57966870624,0.40522875817,-0.0947712418301,5.31262545152,5.37576262994,7,10.3954248366,10.2383897897,16.8120133771,2018-04
later,2018-04,linear_quantile,0.5,combined_metadata_only,metadata_only,0041cfac6a67386e8bd96cf7582374521979dad0653a965cdc2c55b180a1e028,fitted_model,1b779c590ce437b1082a14a6507910ec027bbfaa25fc8e7f9a551565dec79c13,3.57966870624,0.00392509153209,f70654d8c209bccbb417414da1c2ceea047caa7f2467d1ed8101efa66eb66fd9,306,3.56561817891,0.408496732026,-0.0915032679739,5.46556472147,5.47476058229,7,10.3954248366,10.187518197,16.6729925323,2018-04
later,2018-04,linear_quantile,0.5,combined_full,full,fa17803b67f841836e851c03dbdac2ad3f1167ca24033f3feb084736c0ab0c7e,fitted_model,1b779c590ce437b1082a14a6507910ec027bbfaa25fc8e7f9a551565dec79c13,3.57966870624,0.00392509153209,f70654d8c209bccbb417414da1c2ceea047caa7f2467d1ed8101efa66eb66fd9,306,3.56561817891,0.408496732026,-0.0915032679739,5.46556472147,5.47476058229,7,10.3954248366,10.187518197,16.6729925323,2018-04
later,2018-04,xgboost_quantile,0.5,seller_score_only,score_only,73f658bd5c66963ac80ef9b200021c1ea49dc177d7c7a3bd7a2724ff95692cea,fitted_model,0701f700ce74d77762365c9f5365574cf1248dbb38c014f45915797c0e6494a9,3.57137022065,0.00327524344118,f70654d8c209bccbb417414da1c2ceea047caa7f2467d1ed8101efa66eb66fd9,306,3.55967311376,0.454248366013,-0.0457516339869,6.03774857521,6.02383594108,7,10.3954248366,10.5276231966,16.1226296425,2018-04
later,2018-04,xgboost_quantile,0.5,seller_metadata_only,metadata_only,1277010a820694f1b4e0b3ad9ebbdfb230e884a89ffb467ea13c90e7a140d050,fitted_model,0701f700ce74d77762365c9f5365574cf1248dbb38c014f45915797c0e6494a9,3.57137022065,0.00605177560048,f70654d8c209bccbb417414da1c2ceea047caa7f2467d1ed8101efa66eb66fd9,306,3.54975708949,0.477124183007,-0.0228758169935,6.09929680824,6.15126446805,7,10.3954248366,10.8473887861,16.0522825718,2018-04
later,2018-04,xgboost_quantile,0.5,seller_full,full,fdb228d67283ca8f5e833984e1de820ac652a6dcacac4a151dad42703bbf7532,fitted_model,0701f700ce74d77762365c9f5365574cf1248dbb38c014f45915797c0e6494a9,3.57137022065,0.00237071787807,f70654d8c209bccbb417414da1c2ceea047caa7f2467d1ed8101efa66eb66fd9,306,3.56290350942,0.460784313725,-0.0392156862745,6.05946230888,6.11508289505,7,10.3954248366,10.5766108542,15.9899065495,2018-04
later,2018-04,xgboost_quantile,0.5,seller_s1_score_only,score_only,17e646fa508b51b4a54b17bf879b34d11ba8978345e62a13d429bc2c80015352,fitted_model,0701f700ce74d77762365c9f5365574cf1248dbb38c014f45915797c0e6494a9,3.57137022065,0.00125940064891,f70654d8c209bccbb417414da1c2ceea047caa7f2467d1ed8101efa66eb66fd9,306,3.56687243468,0.464052287582,-0.0359477124183,6.04764771461,6.12484446071,7,10.3954248366,10.639400991,16.1695075035,2018-04
later,2018-04,xgboost_quantile,0.5,seller_s2_score_only,score_only,67076e34fd3bff1dadb74749c4996f0ef61a0c19563021767c2c1161c187f1ec,fitted_model,0701f700ce74d77762365c9f5365574cf1248dbb38c014f45915797c0e6494a9,3.57137022065,0.00164854848235,f70654d8c209bccbb417414da1c2ceea047caa7f2467d1ed8101efa66eb66fd9,306,3.56548264369,0.454248366013,-0.0457516339869,6.02983593941,6.07930539792,7,10.3954248366,10.4874488808,16.2452480793,2018-04
later,2018-04,xgboost_quantile,0.5,route_score_only,score_only,ec9d67b20fd27e8905e8c8a4926c63b1bb35bd4e752795dfabb3e760f09737de,fitted_model,0701f700ce74d77762365c9f5365574cf1248dbb38c014f45915797c0e6494a9,3.57137022065,0.00226399863833,f70654d8c209bccbb417414da1c2ceea047caa7f2467d1ed8101efa66eb66fd9,306,3.56328464334,0.450980392157,-0.0490196078431,6.01263093948,6.07189965404,7,10.3954248366,10.4277646059,16.2625050545,2018-04
later,2018-04,xgboost_quantile,0.5,route_metadata_only,metadata_only,159afa297f4171e6a245145ca406c7e9dcda00a14e4dca9904e1336046b83164,fitted_model,0701f700ce74d77762365c9f5365574cf1248dbb38c014f45915797c0e6494a9,3.57137022065,0.00309169653274,f70654d8c209bccbb417414da1c2ceea047caa7f2467d1ed8101efa66eb66fd9,306,3.56032862772,0.460784313725,-0.0392156862745,6.14463233948,6.11483110945,7,10.3954248366,10.572069093,15.9475336075,2018-04
later,2018-04,xgboost_quantile,0.5,route_full,full,7b0969f0d26e9c86b81ac37b9a6d07a98cbde1a15bd2794ab532a7166194dad2,fitted_model,0701f700ce74d77762365c9f5365574cf1248dbb38c014f45915797c0e6494a9,3.57137022065,0.00148435035246,f70654d8c209bccbb417414da1c2ceea047caa7f2467d1ed8101efa66eb66fd9,306,3.56606905601,0.457516339869,-0.0424836601307,6.05729532242,6.08506456076,7,10.3954248366,10.5463991165,16.0921463966,2018-04
later,2018-04,xgboost_quantile,0.5,route_r1_score_only,score_only,5d2fb8ea5e7dbb249986fdb322e0ee7e918b10a5a3847ec05de7954ebf6218c5,fitted_model,0701f700ce74d77762365c9f5365574cf1248dbb38c014f45915797c0e6494a9,3.57137022065,-3.33861276893e-05,f70654d8c209bccbb417414da1c2ceea047caa7f2467d1ed8101efa66eb66fd9,306,3.57148945487,0.467320261438,-0.0326797385621,6.11730766296,6.16597420717,7,10.3954248366,10.6747344754,15.9647188187,2018-04
later,2018-04,xgboost_quantile,0.5,route_r2_score_only,score_only,a38276cf68d9d0d05ecb1cfd1c12e413b8930e6eb58e1eb98165659bb057a5e5,fitted_model,0701f700ce74d77762365c9f5365574cf1248dbb38c014f45915797c0e6494a9,3.57137022065,-0.000260991545936,f70654d8c209bccbb417414da1c2ceea047caa7f2467d1ed8101efa66eb66fd9,306,3.57230231809,0.457516339869,-0.0424836601307,6.07817578316,6.11338804282,7,10.3954248366,10.5317839686,16.3332874775,2018-04
later,2018-04,xgboost_quantile,0.5,combined_score_only,score_only,c80a9db67b15190aecde43e2e7d74bf1549c3027327014a958551fdaa4f5a01d,fitted_model,0701f700ce74d77762365c9f5365574cf1248dbb38c014f45915797c0e6494a9,3.57137022065,-0.000904591448743,f70654d8c209bccbb417414da1c2ceea047caa7f2467d1ed8101efa66eb66fd9,306,3.57460085161,0.457516339869,-0.0424836601307,6.06797170639,6.09592004383,7,10.3954248366,10.5521210475,16.1289103031,2018-04
later,2018-04,xgboost_quantile,0.5,combined_metadata_only,metadata_only,bc5f4faf95d4eed3915aee2efa65bf7b29a3cf2074a1d37fe6d636578566b79f,fitted_model,0701f700ce74d77762365c9f5365574cf1248dbb38c014f45915797c0e6494a9,3.57137022065,0.00168593705331,f70654d8c209bccbb417414da1c2ceea047caa7f2467d1ed8101efa66eb66fd9,306,3.56534911527,0.457516339869,-0.0424836601307,6.0276389122,6.0770070023,7,10.3954248366,10.5524985417,16.1534724236,2018-04
later,2018-04,xgboost_quantile,0.5,combined_full,full,1314bd371be67e19684f55406e66bd6593620ef495453f0a6d5cd6ab3f565269,fitted_model,0701f700ce74d77762365c9f5365574cf1248dbb38c014f45915797c0e6494a9,3.57137022065,0.000939239439066,f70654d8c209bccbb417414da1c2ceea047caa7f2467d1ed8101efa66eb66fd9,306,3.56801584889,0.444444444444,-0.0555555555556,6.03493714333,6.07649924241,7,10.3954248366,10.3094615628,16.1131181717,2018-04
later,2018-04,linear_quantile,0.9,seller_score_only,score_only,09e8de13051bc6419e8c062e4fac29c0a19b56c62a3672eed52ff41c959ca84b,fitted_model,2509556d6761e754cbc00664809cc9efc6809da6aeab0109ab6ead435c31f92f,2.99094239933,-8.04656515974e-05,f70654d8c209bccbb417414da1c2ceea047caa7f2467d1ed8101efa66eb66fd9,306,2.99118306746,0.81045751634,-0.0895424836601,15.2665181129,15.2989727514,7,10.3954248366,13.1940250422,14.7444086797,2018-04
later,2018-04,linear_quantile,0.9,seller_metadata_only,metadata_only,df1147cae780c04863728cb8e048f0db33fa8d151a329b6137477da4af6c9887,fitted_model,2509556d6761e754cbc00664809cc9efc6809da6aeab0109ab6ead435c31f92f,2.99094239933,-0.00284105098691,f70654d8c209bccbb417414da1c2ceea047caa7f2467d1ed8101efa66eb66fd9,306,2.99943981918,0.820261437908,-0.0797385620915,15.1755162926,15.1900387921,7,10.3954248366,14.0202435933,14.561380283,2018-04
later,2018-04,linear_quantile,0.9,seller_full,full,62053d0817a0062e977de2b1873f350a8c4d551f728b8c93c503c71b26f86925,fitted_model,2509556d6761e754cbc00664809cc9efc6809da6aeab0109ab6ead435c31f92f,2.99094239933,0.00126530468529,f70654d8c209bccbb417414da1c2ceea047caa7f2467d1ed8101efa66eb66fd9,306,2.9871579459,0.813725490196,-0.0862745098039,15.4475392079,15.4138872891,7,10.3954248366,13.3421996561,14.8185934385,2018-04
later,2018-04,linear_quantile,0.9,seller_s1_score_only,score_only,aa32dbf6df8bf5e19aa20d05b97a8e0d88cbd4bd220256985d59f6ac8aefaa15,fitted_model,2509556d6761e754cbc00664809cc9efc6809da6aeab0109ab6ead435c31f92f,2.99094239933,-8.04656515974e-05,f70654d8c209bccbb417414da1c2ceea047caa7f2467d1ed8101efa66eb66fd9,306,2.99118306746,0.81045751634,-0.0895424836601,15.2665181129,15.2989727514,7,10.3954248366,13.1940250422,14.7444086797,2018-04
later,2018-04,linear_quantile,0.9,seller_s2_score_only,score_only,fa30f989050f99f2e041c3de3fe1dbde72ee3c31f1f55994cfd3716934db8e2b,fitted_model,2509556d6761e754cbc00664809cc9efc6809da6aeab0109ab6ead435c31f92f,2.99094239933,0,f70654d8c209bccbb417414da1c2ceea047caa7f2467d1ed8101efa66eb66fd9,306,2.99094239933,0.813725490196,-0.0862745098039,15.112864664,15.2692655475,7,10.3954248366,13.4401552358,14.553894809,2018-04
later,2018-04,linear_quantile,0.9,route_score_only,score_only,bc82de846e9b3e87788d136b8767fa6fd529f6104797e7f29eeaef804b84e31a,fitted_model,2509556d6761e754cbc00664809cc9efc6809da6aeab0109ab6ead435c31f92f,2.99094239933,-0.0127558094314,f70654d8c209bccbb417414da1c2ceea047caa7f2467d1ed8101efa66eb66fd9,306,3.02909429059,0.800653594771,-0.0993464052288,14.6263771491,14.7867425097,7,10.3954248366,12.9922710184,14.3166040434,2018-04
later,2018-04,linear_quantile,0.9,route_metadata_only,metadata_only,4c1ffa3f2c74abe1f775aa84feb07fa684aa485c3fc69f7f8be7b7d2dce9d136,fitted_model,2509556d6761e754cbc00664809cc9efc6809da6aeab0109ab6ead435c31f92f,2.99094239933,0,f70654d8c209bccbb417414da1c2ceea047caa7f2467d1ed8101efa66eb66fd9,306,2.99094239933,0.813725490196,-0.0862745098039,15.112864664,15.2692655475,7,10.3954248366,13.4401552358,14.553894809,2018-04
later,2018-04,linear_quantile,0.9,route_full,full,ad6a76a89ed13b4afeea763c1165c0bca3c9be9f81ec6f8811e0576239a62e06,fitted_model,2509556d6761e754cbc00664809cc9efc6809da6aeab0109ab6ead435c31f92f,2.99094239933,-0.0127558094314,f70654d8c209bccbb417414da1c2ceea047caa7f2467d1ed8101efa66eb66fd9,306,3.02909429059,0.800653594771,-0.0993464052288,14.6263771491,14.7867425097,7,10.3954248366,12.9922710184,14.3166040434,2018-04
later,2018-04,linear_quantile,0.9,route_r1_score_only,score_only,6dc3b42d93517f80f2f053f4cedbab44b0b63989e9cb69329b5aa3492f89be67,fitted_model,2509556d6761e754cbc00664809cc9efc6809da6aeab0109ab6ead435c31f92f,2.99094239933,0,f70654d8c209bccbb417414da1c2ceea047caa7f2467d1ed8101efa66eb66fd9,306,2.99094239933,0.813725490196,-0.0862745098039,15.112864664,15.2692655475,7,10.3954248366,13.4401552358,14.553894809,2018-04
later,2018-04,linear_quantile,0.9,route_r2_score_only,score_only,6014ad87522968f410478020b807de1aa750aae10c9553da9cbfdd254c95dbbf,fitted_model,2509556d6761e754cbc00664809cc9efc6809da6aeab0109ab6ead435c31f92f,2.99094239933,-0.0127558094314,f70654d8c209bccbb417414da1c2ceea047caa7f2467d1ed8101efa66eb66fd9,306,3.02909429059,0.800653594771,-0.0993464052288,14.6263771491,14.7867425097,7,10.3954248366,12.9922710184,14.3166040434,2018-04
later,2018-04,linear_quantile,0.9,combined_score_only,score_only,4d529900eb2d5b252d9b1c4808b0231aba1702088d7786a7b25a96f68c779888,fitted_model,2509556d6761e754cbc00664809cc9efc6809da6aeab0109ab6ead435c31f92f,2.99094239933,-0.00999342321575,f70654d8c209bccbb417414da1c2ceea047caa7f2467d1ed8101efa66eb66fd9,306,3.02083215254,0.81045751634,-0.0895424836601,14.7848391186,14.8741727173,7,10.3954248366,13.5745681642,14.2475231396,2018-04
later,2018-04,linear_quantile,0.9,combined_metadata_only,metadata_only,ac153091e61719c813d05885d255d12c8b0da77097dfc6f8a8cc83238daae7b9,fitted_model,2509556d6761e754cbc00664809cc9efc6809da6aeab0109ab6ead435c31f92f,2.99094239933,-0.00284105098691,f70654d8c209bccbb417414da1c2ceea047caa7f2467d1ed8101efa66eb66fd9,306,2.99943981918,0.820261437908,-0.0797385620915,15.1755162926,15.1900387921,7,10.3954248366,14.0202435933,14.561380283,2018-04
later,2018-04,linear_quantile,0.9,combined_full,full,3ab9b2ceb12fe944814ff92efa680bd349c86470a4129a2559a75f2fb8143f19,fitted_model,2509556d6761e754cbc00664809cc9efc6809da6aeab0109ab6ead435c31f92f,2.99094239933,0.00143635921219,f70654d8c209bccbb417414da1c2ceea047caa7f2467d1ed8101efa66eb66fd9,306,2.98664633166,0.813725490196,-0.0862745098039,15.4476993961,15.4159291527,7,10.3954248366,13.3383569371,14.81634385,2018-04
later,2018-04,xgboost_quantile,0.9,seller_score_only,score_only,5d9862be4e56fd656cac04a1ab17505b0ae627a17c8a1e3090a6085aa162fb37,fitted_model,9f9a3ec8f1dad41aaffb97d96ef942d38db7d7bbae574d223daa4fe2b65fc2d0,2.83853447172,0.0226648071355,f70654d8c209bccbb417414da1c2ceea047caa7f2467d1ed8101efa66eb66fd9,306,2.77419963537,0.901960784314,0.00196078431373,20.0435094833,21.4397158529,7,10.3954248366,17.0316594442,21.9898118973,2018-04
later,2018-04,xgboost_quantile,0.9,seller_metadata_only,metadata_only,ac9ed654e84182f562ea69f9afcdd771bc49ef0a53357f1c4520a48a533b30a2,fitted_model,9f9a3ec8f1dad41aaffb97d96ef942d38db7d7bbae574d223daa4fe2b65fc2d0,2.83853447172,-0.0143928783132,f70654d8c209bccbb417414da1c2ceea047caa7f2467d1ed8101efa66eb66fd9,306,2.87938915296,0.898692810458,-0.00130718954248,21.5852127075,22.0734106294,7,10.3954248366,16.8950553402,22.0314178467,2018-04
later,2018-04,xgboost_quantile,0.9,seller_full,full,22f3f7fccda340485d4da86113627254068fdbe7e53713eb2139d5a505222055,fitted_model,9f9a3ec8f1dad41aaffb97d96ef942d38db7d7bbae574d223daa4fe2b65fc2d0,2.83853447172,0.00756318193844,f70654d8c209bccbb417414da1c2ceea047caa7f2467d1ed8101efa66eb66fd9,306,2.81706611908,0.892156862745,-0.0078431372549,20.1215858459,21.0630934535,7,10.3954248366,16.2300476594,21.4213151932,2018-04
later,2018-04,xgboost_quantile,0.9,seller_s1_score_only,score_only,d00dd78ce98f24d106aa0050f1225c1eab75d3dd1ff90ac4c4f4b0f43e140e49,fitted_model,9f9a3ec8f1dad41aaffb97d96ef942d38db7d7bbae574d223daa4fe2b65fc2d0,2.83853447172,0.0196360609799,f70654d8c209bccbb417414da1c2ceea047caa7f2467d1ed8101efa66eb66fd9,306,2.78279683574,0.87908496732,-0.0209150326797,19.1294298172,20.6855404268,7,10.3954248366,14.5042782345,22.5521059036,2018-04
later,2018-04,xgboost_quantile,0.9,seller_s2_score_only,score_only,61d3eecd12c59540d59b94be8afe10c0aab2ab73db662143ff65acb2caf53ae7,fitted_model,9f9a3ec8f1dad41aaffb97d96ef942d38db7d7bbae574d223daa4fe2b65fc2d0,2.83853447172,0.00334150529648,f70654d8c209bccbb417414da1c2ceea047caa7f2467d1ed8101efa66eb66fd9,306,2.82904949375,0.872549019608,-0.0274509803922,18.9494686127,21.4364571229,7,10.3954248366,13.5341937725,24.4268426895,2018-04
later,2018-04,xgboost_quantile,0.9,route_score_only,score_only,81edc0391c35cd1ad85b3a8694b6ec8fbe97b35853e6620099b615066499cc63,fitted_model,9f9a3ec8f1dad41aaffb97d96ef942d38db7d7bbae574d223daa4fe2b65fc2d0,2.83853447172,-0.0189182878091,f70654d8c209bccbb417414da1c2ceea047caa7f2467d1ed8101efa66eb66fd9,306,2.89223468382,0.918300653595,0.0183006535948,24.0229120255,25.0680148555,7,10.3954248366,17.4417023468,27.7879457474,2018-04
later,2018-04,xgboost_quantile,0.9,route_metadata_only,metadata_only,ad35d33c05748a746e53d9a1eb82214d18d3c246ef062de50f932584f4e9d268,fitted_model,9f9a3ec8f1dad41aaffb97d96ef942d38db7d7bbae574d223daa4fe2b65fc2d0,2.83853447172,0.0568300995768,f70654d8c209bccbb417414da1c2ceea047caa7f2467d1ed8101efa66eb66fd9,306,2.67722027504,0.898692810458,-0.00130718954248,20.0383110046,20.9936262673,7,10.3954248366,15.9653045285,21.1056604385,2018-04
later,2018-04,xgboost_quantile,0.9,route_full,full,ab72f6720df4092dabab95d8042cbfcc45395316957ab98f62ab221fa7e1a530,fitted_model,9f9a3ec8f1dad41aaffb97d96ef942d38db7d7bbae574d223daa4fe2b65fc2d0,2.83853447172,0.00863740319171,f70654d8c209bccbb417414da1c2ceea047caa7f2467d1ed8101efa66eb66fd9,306,2.81401690502,0.918300653595,0.0183006535948,24.2907571793,24.7429102293,7,10.3954248366,16.8822447968,26.0366353989,2018-04
later,2018-04,xgboost_quantile,0.9,route_r1_score_only,score_only,ea13226586c12b44b5d9d81fa35ee5959bc7c13fd58342f3aad22b0d559d130b,fitted_model,9f9a3ec8f1dad41aaffb97d96ef942d38db7d7bbae574d223daa4fe2b65fc2d0,2.83853447172,0.0442078271974,f70654d8c209bccbb417414da1c2ceea047caa7f2467d1ed8101efa66eb66fd9,306,2.7130490303,0.895424836601,-0.00457516339869,20.7532138824,21.609932619,7,10.3954248366,15.2196582854,22.1938667297,2018-04
later,2018-04,xgboost_quantile,0.9,route_r2_score_only,score_only,25b1625583621373e239975fb71fc250ff452511d3a79458ca251c7f2a692e4d,fitted_model,9f9a3ec8f1dad41aaffb97d96ef942d38db7d7bbae574d223daa4fe2b65fc2d0,2.83853447172,-0.0134441487994,f70654d8c209bccbb417414da1c2ceea047caa7f2467d1ed8101efa66eb66fd9,306,2.87669615153,0.882352941176,-0.0176470588235,18.3819284439,21.4978108375,7,10.3954248366,15.0148891873,26.6185474396,2018-04
later,2018-04,xgboost_quantile,0.9,combined_score_only,score_only,727d439ca56b6a0cae9ecba182c5a9c9d6d440f6696b99a270b6b9e658b7fc75,fitted_model,9f9a3ec8f1dad41aaffb97d96ef942d38db7d7bbae574d223daa4fe2b65fc2d0,2.83853447172,0.00188413874895,f70654d8c209bccbb417414da1c2ceea047caa7f2467d1ed8101efa66eb66fd9,306,2.83318627894,0.915032679739,0.0150326797386,22.2727241516,23.2666495922,7,10.3954248366,18.1959816859,23.9423284531,2018-04
later,2018-04,xgboost_quantile,0.9,combined_metadata_only,metadata_only,2e94f630a4ba5fb0ccaed681e46b599fd4e9e5d2c762de0b2e3a8c4be1d5edc2,fitted_model,9f9a3ec8f1dad41aaffb97d96ef942d38db7d7bbae574d223daa4fe2b65fc2d0,2.83853447172,0.00641579967047,f70654d8c209bccbb417414da1c2ceea047caa7f2467d1ed8101efa66eb66fd9,306,2.8203230032,0.908496732026,0.00849673202614,21.237452507,22.1428381134,7,10.3954248366,17.9838568824,22.5214385986,2018-04
later,2018-04,xgboost_quantile,0.9,combined_full,full,812e7fd2a3fc5fc9a7907a40d740585a53a083870cb75184674c7ddb34b596bd,fitted_model,9f9a3ec8f1dad41aaffb97d96ef942d38db7d7bbae574d223daa4fe2b65fc2d0,2.83853447172,0.0189802912967,f70654d8c209bccbb417414da1c2ceea047caa7f2467d1ed8101efa66eb66fd9,306,2.78465826059,0.918300653595,0.0183006535948,22.8257389069,23.3518139397,7,10.3954248366,18.2255968475,23.7339000702,2018-04
later,2018-05,linear_quantile,0.5,seller_score_only,score_only,662395e65f86e6b68773a0c692193649582cbd588b7706f5d739d06986bc8974,fitted_model,2da71e949593d7b635db368be8d21e97099d22f4d9d707817c2cb1b88c1d7933,2.27601219209,-2.22044604925e-16,1e8f737f65d16539c4d5c862ea765abd56a694c2e2362f8b4d7ef7e39e6c770f,443,2.27601219209,0.613995485327,0.113995485327,6.82838377687,6.96136454509,5,7.10383747178,6.08088394363,6.99179686076,2018-05
later,2018-05,linear_quantile,0.5,seller_metadata_only,metadata_only,0c0ecfe091f7c51cf3ca4d73a57134a52e0fc955557fc19b3a9fd72e3bdc00be,fitted_model,2da71e949593d7b635db368be8d21e97099d22f4d9d707817c2cb1b88c1d7933,2.27601219209,-0.00397540852452,1e8f737f65d16539c4d5c862ea765abd56a694c2e2362f8b4d7ef7e39e6c770f,443,2.28506027036,0.613995485327,0.113995485327,6.74245298959,6.97096275801,5,7.10383747178,6.09189151387,7.27660912234,2018-05
later,2018-05,linear_quantile,0.5,seller_full,full,e39bdb019ec431d834b2cbfe426671a8e63cbbafb671ac05b4a6ce416069cc8d,fitted_model,2da71e949593d7b635db368be8d21e97099d22f4d9d707817c2cb1b88c1d7933,2.27601219209,-0.00397540852452,1e8f737f65d16539c4d5c862ea765abd56a694c2e2362f8b4d7ef7e39e6c770f,443,2.28506027036,0.613995485327,0.113995485327,6.74245298959,6.97096275801,5,7.10383747178,6.09189151387,7.27660912234,2018-05
later,2018-05,linear_quantile,0.5,seller_s1_score_only,score_only,627f5a71c351cea86d2256f5a39edbf6f2c66ce77da32cd9c937e5e2fb5837f7,fitted_model,2da71e949593d7b635db368be8d21e97099d22f4d9d707817c2cb1b88c1d7933,2.27601219209,-2.22044604925e-16,1e8f737f65d16539c4d5c862ea765abd56a694c2e2362f8b4d7ef7e39e6c770f,443,2.27601219209,0.613995485327,0.113995485327,6.82838377687,6.96136454509,5,7.10383747178,6.08088394363,6.99179686076,2018-05
later,2018-05,linear_quantile,0.5,seller_s2_score_only,score_only,8365a4ee1bdd5b4680d6d28cfd7a631322237e7d8ff4fb3e59dd4904d605d22d,fitted_model,2da71e949593d7b635db368be8d21e97099d22f4d9d707817c2cb1b88c1d7933,2.27601219209,-2.22044604925e-16,1e8f737f65d16539c4d5c862ea765abd56a694c2e2362f8b4d7ef7e39e6c770f,443,2.27601219209,0.613995485327,0.113995485327,6.82838377687,6.96136454509,5,7.10383747178,6.08088394363,6.99179686076,2018-05
later,2018-05,linear_quantile,0.5,route_score_only,score_only,c5947d48c4dee1e649a52287e73726f7679c515b2189607339d87a7ac4185847,fitted_model,2da71e949593d7b635db368be8d21e97099d22f4d9d707817c2cb1b88c1d7933,2.27601219209,-0.00218873707674,1e8f737f65d16539c4d5c862ea765abd56a694c2e2362f8b4d7ef7e39e6c770f,443,2.28099378437,0.620767494357,0.120767494357,6.78822748796,6.97156752661,5,7.10383747178,6.18915499601,7.22292194841,2018-05
later,2018-05,linear_quantile,0.5,route_metadata_only,metadata_only,a2d119cf3fa6a0bc979684dc731a23e1189396c948cfae472208493fd6c0773c,fitted_model,2da71e949593d7b635db368be8d21e97099d22f4d9d707817c2cb1b88c1d7933,2.27601219209,2.22044604925e-16,1e8f737f65d16539c4d5c862ea765abd56a694c2e2362f8b4d7ef7e39e6c770f,443,2.27601219209,0.613995485327,0.113995485327,6.82838377687,6.96136454509,5,7.10383747178,6.08088394363,6.99179686076,2018-05
later,2018-05,linear_quantile,0.5,route_full,full,de981d64be84c94c0d3c615a726effdc6a12bd46485ed5b8e852fb66b10ad1a2,fitted_model,2da71e949593d7b635db368be8d21e97099d22f4d9d707817c2cb1b88c1d7933,2.27601219209,-0.00218873707674,1e8f737f65d16539c4d5c862ea765abd56a694c2e2362f8b4d7ef7e39e6c770f,443,2.28099378437,0.620767494357,0.120767494357,6.78822748796,6.97156752661,5,7.10383747178,6.18915499601,7.22292194841,2018-05
later,2018-05,linear_quantile,0.5,route_r1_score_only,score_only,00d1d81840872d3ceb73ff41020ab9fb3c79eabc6e569c49ddc2c1b0e3b4fb84,fitted_model,2da71e949593d7b635db368be8d21e97099d22f4d9d707817c2cb1b88c1d7933,2.27601219209,-0.00118392484032,1e8f737f65d16539c4d5c862ea765abd56a694c2e2362f8b4d7ef7e39e6c770f,443,2.27870681946,0.6230248307,0.1230248307,6.79756220796,6.96274106598,5,7.10383747178,6.23185613717,7.20577298056,2018-05
later,2018-05,linear_quantile,0.5,route_r2_score_only,score_only,fa5935bdfa1cb81582ba9e8d247a2633e8caaa6ea0fae0922fa18e00aaf128c2,fitted_model,2da71e949593d7b635db368be8d21e97099d22f4d9d707817c2cb1b88c1d7933,2.27601219209,-0.00249366396825,1e8f737f65d16539c4d5c862ea765abd56a694c2e2362f8b4d7ef7e39e6c770f,443,2.28168780169,0.618510158014,0.118510158014,6.77626473615,6.97800230569,5,7.10383747178,6.14591825703,7.16528644987,2018-05
later,2018-05,linear_quantile,0.5,combined_score_only,score_only,2c398c6eae4311eb6956ad6dc47813990b759924cda33b7d2044e6afe17ed694,fitted_model,2da71e949593d7b635db368be8d21e97099d22f4d9d707817c2cb1b88c1d7933,2.27601219209,-0.00218873707674,1e8f737f65d16539c4d5c862ea765abd56a694c2e2362f8b4d7ef7e39e6c770f,443,2.28099378437,0.620767494357,0.120767494357,6.78822748796,6.97156752661,5,7.10383747178,6.18915499601,7.22292194841,2018-05
later,2018-05,linear_quantile,0.5,combined_metadata_only,metadata_only,23c2cfe0300affffc5435859ad685cbcb8683156d2cf8a2167cfe4c42eec0861,fitted_model,2da71e949593d7b635db368be8d21e97099d22f4d9d707817c2cb1b88c1d7933,2.27601219209,-0.00395201312478,1e8f737f65d16539c4d5c862ea765abd56a694c2e2362f8b4d7ef7e39e6c770f,443,2.28500702215,0.613995485327,0.113995485327,6.74245298959,6.97000429014,5,7.10383747178,6.09299509091,7.27660912234,2018-05
later,2018-05,linear_quantile,0.5,combined_full,full,0d6d7a856ab73e083c7d8a363a1140e702be8545174e43534fbfea3c88b172d4,fitted_model,2da71e949593d7b635db368be8d21e97099d22f4d9d707817c2cb1b88c1d7933,2.27601219209,-0.00720209463116,1e8f737f65d16539c4d5c862ea765abd56a694c2e2362f8b4d7ef7e39e6c770f,443,2.29240424728,0.6230248307,0.1230248307,6.78531123166,7.01874190965,5,7.10383747178,6.19391466202,7.25664680738,2018-05
later,2018-05,xgboost_quantile,0.5,seller_score_only,score_only,d25b5b7f5ca385b97bf7618a3070d76360a0a73c8a3987f29469594c7a484f66,fitted_model,66cb98f07ca7f60706227ec2f91bf62ba82bf53a4c1f982a991281953a8ffe15,2.27571254336,-0.00493685273641,1e8f737f65d16539c4d5c862ea765abd56a694c2e2362f8b4d7ef7e39e6c770f,443,2.28694740106,0.618510158014,0.118510158014,6.90227603912,6.91834597448,5,7.10383747178,6.23789387765,6.42135229111,2018-05
later,2018-05,xgboost_quantile,0.5,seller_metadata_only,metadata_only,2bde86eb6cd71a196e6ff41578753df5f7e3a9b44b124a790973a9a596116eb2,fitted_model,66cb98f07ca7f60706227ec2f91bf62ba82bf53a4c1f982a991281953a8ffe15,2.27571254336,0.00145445289483,1e8f737f65d16539c4d5c862ea765abd56a694c2e2362f8b4d7ef7e39e6c770f,443,2.27240262667,0.618510158014,0.118510158014,6.88818693161,6.9058212728,5,7.10383747178,6.21618314608,6.41240386963,2018-05
later,2018-05,xgboost_quantile,0.5,seller_full,full,8917a0756f95d84364b480039621657ea22598545f6528d10b543c4e8c613b32,fitted_model,66cb98f07ca7f60706227ec2f91bf62ba82bf53a4c1f982a991281953a8ffe15,2.27571254336,-0.00150187998428,1e8f737f65d16539c4d5c862ea765abd56a694c2e2362f8b4d7ef7e39e6c770f,443,2.27913039048,0.604966139955,0.104966139955,6.83073377609,6.88042553176,5,7.10383747178,6.05223147256,6.50519237518,2018-05
later,2018-05,xgboost_quantile,0.5,seller_s1_score_only,score_only,5631918a2e9b79ed60240a4dbef42cb3174b02c3ae6af1640f3d2e825c220e50,fitted_model,66cb98f07ca7f60706227ec2f91bf62ba82bf53a4c1f982a991281953a8ffe15,2.27571254336,-0.00421127382004,1e8f737f65d16539c4d5c862ea765abd56a694c2e2362f8b4d7ef7e39e6c770f,443,2.28529619202,0.609480812641,0.109480812641,6.88097047806,6.904400297,5,7.10383747178,6.10729218081,6.43380870819,2018-05
later,2018-05,xgboost_quantile,0.5,seller_s2_score_only,score_only,e697f34357e299acb384544a6d6956b30283cd3fbb61baec52983ac1ff88cb12,fitted_model,66cb98f07ca7f60706227ec2f91bf62ba82bf53a4c1f982a991281953a8ffe15,2.27571254336,-0.00546989270584,1e8f737f65d16539c4d5c862ea765abd56a694c2e2362f8b4d7ef7e39e6c770f,443,2.2881604468,0.613995485327,0.113995485327,6.91224718094,6.95148324644,5,7.10383747178,6.12515519795,6.52666893005,2018-05
later,2018-05,xgboost_quantile,0.5,route_score_only,score_only,4c1f87d1997d7d4cf0b48f2ba34eea25786f6bdb84e94e9fd647082c324d0e42,fitted_model,66cb98f07ca7f60706227ec2f91bf62ba82bf53a4c1f982a991281953a8ffe15,2.27571254336,-0.0117834650955,1e8f737f65d16539c4d5c862ea765abd56a694c2e2362f8b4d7ef7e39e6c770f,443,2.30252832268,0.627539503386,0.127539503386,6.96169900894,7.09250712018,5,7.10383747178,6.19714981715,6.52706356049,2018-05
later,2018-05,xgboost_quantile,0.5,route_metadata_only,metadata_only,ca016fa3274137ab666baebc01f6d97b10a82bfd917ae5137fb547cd7711a6b5,fitted_model,66cb98f07ca7f60706227ec2f91bf62ba82bf53a4c1f982a991281953a8ffe15,2.27571254336,0.0024974896294,1e8f737f65d16539c4d5c862ea765abd56a694c2e2362f8b4d7ef7e39e6c770f,443,2.27002897489,0.609480812641,0.109480812641,6.88711309433,6.8892723852,5,7.10383747178,6.08756648874,6.31169395447,2018-05
later,2018-05,xgboost_quantile,0.5,route_full,full,f4641c3c38e821aab7681c140866e527c7210fda05e25b3b863f7f054f83a20b,fitted_model,66cb98f07ca7f60706227ec2f91bf62ba82bf53a4c1f982a991281953a8ffe15,2.27571254336,-0.00532158393101,1e8f737f65d16539c4d5c862ea765abd56a694c2e2362f8b4d7ef7e39e6c770f,443,2.28782293867,0.609480812641,0.109480812641,6.91246032715,6.97314797998,5,7.10383747178,6.02574152754,6.53706283569,2018-05
later,2018-05,xgboost_quantile,0.5,route_r1_score_only,score_only,8f3de20e4ca2476964989568f9e9e68dde5f0253968609344f6f9e732dd8958f,fitted_model,66cb98f07ca7f60706227ec2f91bf62ba82bf53a4c1f982a991281953a8ffe15,2.27571254336,-0.00516063103827,1e8f737f65d16539c4d5c862ea765abd56a694c2e2362f8b4d7ef7e39e6c770f,443,2.28745665615,0.625282167043,0.125282167043,6.91376161575,7.00105761298,5,7.10383747178,6.24162070722,6.6802942276,2018-05
later,2018-05,xgboost_quantile,0.5,route_r2_score_only,score_only,eaefc42cfd7ae0e5402745cb2f197ab18364073559911474d20ad7eea7878dd5,fitted_model,66cb98f07ca7f60706227ec2f91bf62ba82bf53a4c1f982a991281953a8ffe15,2.27571254336,-0.00471282398807,1e8f737f65d16539c4d5c862ea765abd56a694c2e2362f8b4d7ef7e39e6c770f,443,2.28643757603,0.618510158014,0.118510158014,6.9530248642,7.00390907012,5,7.10383747178,6.12441412514,6.3332901001,2018-05
later,2018-05,xgboost_quantile,0.5,combined_score_only,score_only,d83f471b44a963ad75ae41969500218a8fc9bd9a2ee918aaa5c4bfcf79b2942b,fitted_model,66cb98f07ca7f60706227ec2f91bf62ba82bf53a4c1f982a991281953a8ffe15,2.27571254336,-0.00222463493334,1e8f737f65d16539c4d5c862ea765abd56a694c2e2362f8b4d7ef7e39e6c770f,443,2.28077517298,0.618510158014,0.118510158014,6.96936941147,6.9896769416,5,7.10383747178,6.12822460987,6.45305538177,2018-05
later,2018-05,xgboost_quantile,0.5,combined_metadata_only,metadata_only,c749ec6b6e9bec15aba42257a1e649672a85d20a9b9b735ce6e6085383b7fdae,fitted_model,66cb98f07ca7f60706227ec2f91bf62ba82bf53a4c1f982a991281953a8ffe15,2.27571254336,0.0072729536158,1e8f737f65d16539c4d5c862ea765abd56a694c2e2362f8b4d7ef7e39e6c770f,443,2.25916139159,0.602708803612,0.102708803612,6.87475585938,6.86115706855,5,7.10383747178,5.99183071472,6.47248792648,2018-05
later,2018-05,xgboost_quantile,0.5,combined_full,full,f87e61937ec70a33017da9bd7851c52f949cdea57aa9d331e32258ddcadd7bec,fitted_model,66cb98f07ca7f60706227ec2f91bf62ba82bf53a4c1f982a991281953a8ffe15,2.27571254336,-0.00312398089908,1e8f737f65d16539c4d5c862ea765abd56a694c2e2362f8b4d7ef7e39e6c770f,443,2.28282182588,0.6230248307,0.1230248307,6.93104219437,6.93787747527,5,7.10383747178,6.27574974905,6.54876232147,2018-05
later,2018-05,linear_quantile,0.9,seller_score_only,score_only,a1d9ca3e2ac5102e5539ffc4a4ea77ddf76509932ee96c64de35f7233c69edbe,fitted_model,8102e5d28b9d40953e33d52293dbdc4b3e5c4831b7cb2a6bb84b35568675adf2,1.99341652992,0.00374939400867,1e8f737f65d16539c4d5c862ea765abd56a694c2e2362f8b4d7ef7e39e6c770f,443,1.98594242592,0.977426636569,0.0774266365688,20.0670007145,20.4868973457,5,7.10383747178,28.690294227,19.5267365084,2018-05
later,2018-05,linear_quantile,0.9,seller_metadata_only,metadata_only,e934f78ac5bca39d06e080fa009cd8aa07ee44d8a6429e771d22a6d4c0613942,fitted_model,8102e5d28b9d40953e33d52293dbdc4b3e5c4831b7cb2a6bb84b35568675adf2,1.99341652992,0.00353801071207,1e8f737f65d16539c4d5c862ea765abd56a694c2e2362f8b4d7ef7e39e6c770f,443,1.98636380088,0.977426636569,0.0774266365688,20.2208432019,20.5318172188,5,7.10383747178,28.5099660996,19.6072056131,2018-05
later,2018-05,linear_quantile,0.9,seller_full,full,69f658b8b9c38f61a72804d6930f7739ff3924fc4c88848c29bebf6519e61d39,fitted_model,8102e5d28b9d40953e33d52293dbdc4b3e5c4831b7cb2a6bb84b35568675adf2,1.99341652992,0.00267371058583,1e8f737f65d16539c4d5c862ea765abd56a694c2e2362f8b4d7ef7e39e6c770f,443,1.98808671104,0.975169300226,0.0751693002257,20.0905330689,20.5253272327,5,7.10383747178,26.0136742346,19.6665484471,2018-05
later,2018-05,linear_quantile,0.9,seller_s1_score_only,score_only,ccda2105f903d62b4fdf9b3ae2761887b854ba84d2d8c7822127440e62b308aa,fitted_model,8102e5d28b9d40953e33d52293dbdc4b3e5c4831b7cb2a6bb84b35568675adf2,1.99341652992,0.00374939400867,1e8f737f65d16539c4d5c862ea765abd56a694c2e2362f8b4d7ef7e39e6c770f,443,1.98594242592,0.977426636569,0.0774266365688,20.0670007145,20.4868973457,5,7.10383747178,28.690294227,19.5267365084,2018-05
later,2018-05,linear_quantile,0.9,seller_s2_score_only,score_only,742802f5a338bda147367e1c76caf10ebff5f4ead232a5fcac7c9056d09a174c,fitted_model,8102e5d28b9d40953e33d52293dbdc4b3e5c4831b7cb2a6bb84b35568675adf2,1.99341652992,0,1e8f737f65d16539c4d5c862ea765abd56a694c2e2362f8b4d7ef7e39e6c770f,443,1.99341652992,0.977426636569,0.0774266365688,20.3227406007,20.6608013783,5,7.10383747178,28.2510021696,19.7591801609,2018-05
later,2018-05,linear_quantile,0.9,route_score_only,score_only,a995beb56d9ad165515609764a0cc63991f9452cbb8a0e054a37667d25943b38,fitted_model,8102e5d28b9d40953e33d52293dbdc4b3e5c4831b7cb2a6bb84b35568675adf2,1.99341652992,0,1e8f737f65d16539c4d5c862ea765abd56a694c2e2362f8b4d7ef7e39e6c770f,443,1.99341652992,0.977426636569,0.0774266365688,20.3227406007,20.6608013783,5,7.10383747178,28.2510021696,19.7591801609,2018-05
later,2018-05,linear_quantile,0.9,route_metadata_only,metadata_only,4fb8d9ea0d7935137db461cd4a98a0ce8ed35a8a880a58296d7ccba0ace504ab,fitted_model,8102e5d28b9d40953e33d52293dbdc4b3e5c4831b7cb2a6bb84b35568675adf2,1.99341652992,0.000992131543577,1e8f737f65d16539c4d5c862ea765abd56a694c2e2362f8b4d7ef7e39e6c770f,443,1.9914387985,0.977426636569,0.0774266365688,20.2579293121,20.6325765063,5,7.10383747178,28.2884248505,19.7304895559,2018-05
later,2018-05,linear_quantile,0.9,route_full,full,7b0c4ba546ebcaf5f8ad84daa3eaf1e77f3190b92b254ed9ebf4ee5b3b3a855f,fitted_model,8102e5d28b9d40953e33d52293dbdc4b3e5c4831b7cb2a6bb84b35568675adf2,1.99341652992,0.000992131543577,1e8f737f65d16539c4d5c862ea765abd56a694c2e2362f8b4d7ef7e39e6c770f,443,1.9914387985,0.977426636569,0.0774266365688,20.2579293121,20.6325765063,5,7.10383747178,28.2884248505,19.7304895559,2018-05
later,2018-05,linear_quantile,0.9,route_r1_score_only,score_only,8a7db4bb9b5c8d68716b57c6f3d6a53d2233ffd80076ed29f3cd839fc718721f,fitted_model,8102e5d28b9d40953e33d52293dbdc4b3e5c4831b7cb2a6bb84b35568675adf2,1.99341652992,0,1e8f737f65d16539c4d5c862ea765abd56a694c2e2362f8b4d7ef7e39e6c770f,443,1.99341652992,0.977426636569,0.0774266365688,20.3227406007,20.6608013783,5,7.10383747178,28.2510021696,19.7591801609,2018-05
later,2018-05,linear_quantile,0.9,route_r2_score_only,score_only,af45802d9410127d1b992316849f8071bc6bba5d820bff7c83e48012b18c94ed,fitted_model,8102e5d28b9d40953e33d52293dbdc4b3e5c4831b7cb2a6bb84b35568675adf2,1.99341652992,0,1e8f737f65d16539c4d5c862ea765abd56a694c2e2362f8b4d7ef7e39e6c770f,443,1.99341652992,0.977426636569,0.0774266365688,20.3227406007,20.6608013783,5,7.10383747178,28.2510021696,19.7591801609,2018-05
later,2018-05,linear_quantile,0.9,combined_score_only,score_only,7a2069acee0e87da0f02db421ec6aeb068f837d1a32b11e7c721cc12c0c8f461,fitted_model,8102e5d28b9d40953e33d52293dbdc4b3e5c4831b7cb2a6bb84b35568675adf2,1.99341652992,0.00374939400867,1e8f737f65d16539c4d5c862ea765abd56a694c2e2362f8b4d7ef7e39e6c770f,443,1.98594242592,0.977426636569,0.0774266365688,20.0670007145,20.4868973457,5,7.10383747178,28.690294227,19.5267365084,2018-05
later,2018-05,linear_quantile,0.9,combined_metadata_only,metadata_only,7b95e743d62678bf9f12c2ee2e28b503a30c9a81bcea3041ed80fff8e85fbdda,fitted_model,8102e5d28b9d40953e33d52293dbdc4b3e5c4831b7cb2a6bb84b35568675adf2,1.99341652992,0.00210253327524,1e8f737f65d16539c4d5c862ea765abd56a694c2e2362f8b4d7ef7e39e6c770f,443,1.98922530533,0.977426636569,0.0774266365688,20.2488117167,20.5719544453,5,7.10383747178,28.4589228335,19.6015993995,2018-05
later,2018-05,linear_quantile,0.9,combined_full,full,a6c2494b9a9c83e139fbd89b8578e613d9504086b85c0bc128728c6bed0785b4,fitted_model,8102e5d28b9d40953e33d52293dbdc4b3e5c4831b7cb2a6bb84b35568675adf2,1.99341652992,0.00267371058583,1e8f737f65d16539c4d5c862ea765abd56a694c2e2362f8b4d7ef7e39e6c770f,443,1.98808671104,0.975169300226,0.0751693002257,20.0905330689,20.5253272327,5,7.10383747178,26.0136742346,19.6665484471,2018-05
later,2018-05,xgboost_quantile,0.9,seller_score_only,score_only,a3017220fc56609c32eadc13e1158d294ff05cc04102ea57ab14184a7e43a646,fitted_model,5728f9ccae4c294ec4ec7661463c9589b24f94855b48f58cbf272547f3996eb6,2.45430192151,0.0705382302698,1e8f737f65d16539c4d5c862ea765abd56a694c2e2362f8b4d7ef7e39e6c770f,443,2.28117980742,0.986455981941,0.0864559819413,23.6221656799,24.1146485779,5,7.10383747178,42.8306204478,24.6681762695,2018-05
later,2018-05,xgboost_quantile,0.9,seller_metadata_only,metadata_only,357af85eb09794434597fe2dda1e9bee79f545751410a85921f3368985eb472d,fitted_model,5728f9ccae4c294ec4ec7661463c9589b24f94855b48f58cbf272547f3996eb6,2.45430192151,0.00555136843262,1e8f737f65d16539c4d5c862ea765abd56a694c2e2362f8b4d7ef7e39e6c770f,443,2.4406771873,0.984198645598,0.0841986455982,25.7703647614,26.0105027485,5,7.10383747178,34.8078174591,27.0632545471,2018-05
later,2018-05,xgboost_quantile,0.9,seller_full,full,6f59f3ba56151d2c6ecc73a2908bef04cbca4aff323ee89c8933f01898c36702,fitted_model,5728f9ccae4c294ec4ec7661463c9589b24f94855b48f58cbf272547f3996eb6,2.45430192151,0.0710799098551,1e8f737f65d16539c4d5c862ea765abd56a694c2e2362f8b4d7ef7e39e6c770f,443,2.27985036217,0.979683972912,0.079683972912,23.103269577,23.9947758324,5,7.10383747178,29.0783490075,25.273248291,2018-05
later,2018-05,xgboost_quantile,0.9,seller_s1_score_only,score_only,94b503f8905001b87ecf7ab65cde4213247d58118e4c7edc1e8fc61ebd6453df,fitted_model,5728f9ccae4c294ec4ec7661463c9589b24f94855b48f58cbf272547f3996eb6,2.45430192151,0.0980985341996,1e8f737f65d16539c4d5c862ea765abd56a694c2e2362f8b4d7ef7e39e6c770f,443,2.21353850053,0.984198645598,0.0841986455982,22.904006958,23.2590186634,5,7.10383747178,37.8461469923,24.4654376984,2018-05
later,2018-05,xgboost_quantile,0.9,seller_s2_score_only,score_only,f683f4587d958135ada7ee40b8265709583653f24ddda84a55a3a1dafeae4558,fitted_model,5728f9ccae4c294ec4ec7661463c9589b24f94855b48f58cbf272547f3996eb6,2.45430192151,0.0207367527054,1e8f737f65d16539c4d5c862ea765abd56a694c2e2362f8b4d7ef7e39e6c770f,443,2.4034076695,0.984198645598,0.0841986455982,23.8418197632,25.2254726806,5,7.10383747178,37.4173082624,27.2354568481,2018-05
later,2018-05,xgboost_quantile,0.9,route_score_only,score_only,1a8f5e9751ac82a843a6a0512faec7fac9d61886158aff6d8e471c9b17ae1025,fitted_model,5728f9ccae4c294ec4ec7661463c9589b24f94855b48f58cbf272547f3996eb6,2.45430192151,0.0342224905417,1e8f737f65d16539c4d5c862ea765abd56a694c2e2362f8b4d7ef7e39e6c770f,443,2.37030959721,0.986455981941,0.0864559819413,23.9977798462,24.9722051771,5,7.10383747178,43.0797437032,27.0690242767,2018-05
later,2018-05,xgboost_quantile,0.9,route_metadata_only,metadata_only,8926152a2d71d41a55435281e786ca9a270bd5f4f0eb92f9e9fefbb3f9d82063,fitted_model,5728f9ccae4c294ec4ec7661463c9589b24f94855b48f58cbf272547f3996eb6,2.45430192151,0.0628581020331,1e8f737f65d16539c4d5c862ea765abd56a694c2e2362f8b4d7ef7e39e6c770f,443,2.30002916091,0.977426636569,0.0774266365688,24.1997623444,24.2529295885,5,7.10383747178,25.9208137512,25.2636737823,2018-05
later,2018-05,xgboost_quantile,0.9,route_full,full,13ae91c353cca496b8ded986896941ac32270833921dc5a23aab688ed025e8a7,fitted_model,5728f9ccae4c294ec4ec7661463c9589b24f94855b48f58cbf272547f3996eb6,2.45430192151,0.0879469897413,1e8f737f65d16539c4d5c862ea765abd56a694c2e2362f8b4d7ef7e39e6c770f,443,2.2384534556,0.979683972912,0.079683972912,22.7582473755,23.4007564571,5,7.10383747178,29.9645966424,24.4092685699,2018-05
later,2018-05,xgboost_quantile,0.9,route_r1_score_only,score_only,494cb30877ad0f08eb899f82ebe7e35ec8b036ef9b7328012385800b0990e4b6,fitted_model,5728f9ccae4c294ec4ec7661463c9589b24f94855b48f58cbf272547f3996eb6,2.45430192151,0.0225994436508,1e8f737f65d16539c4d5c862ea765abd56a694c2e2362f8b4d7ef7e39e6c770f,443,2.39883606353,0.984198645598,0.0841986455982,24.5638847351,25.2333065317,5,7.10383747178,37.0784138271,26.6624130249,2018-05
later,2018-05,xgboost_quantile,0.9,route_r2_score_only,score_only,9fe17cbfdab2f15deb7ac0f9af2d5c354c221220882bda114e553c62557544bb,fitted_model,5728f9ccae4c294ec4ec7661463c9589b24f94855b48f58cbf272547f3996eb6,2.45430192151,0.0341103899094,1e8f737f65d16539c4d5c862ea765abd56a694c2e2362f8b4d7ef7e39e6c770f,443,2.37058472601,0.984198645598,0.0841986455982,24.1204109192,25.0762484746,5,7.10383747178,36.2844608852,27.2236534119,2018-05
later,2018-05,xgboost_quantile,0.9,combined_score_only,score_only,6f96a81a05dba80e1b4ce70428b56b1b6a2137c49038086db8a208c6dd6fb9fa,fitted_model,5728f9ccae4c294ec4ec7661463c9589b24f94855b48f58cbf272547f3996eb6,2.45430192151,0.102627147795,1e8f737f65d16539c4d5c862ea765abd56a694c2e2362f8b4d7ef7e39e6c770f,443,2.20242391548,0.981941309255,0.0819413092551,22.2422351837,23.2637212508,5,7.10383747178,32.4738678932,24.485308075,2018-05
later,2018-05,xgboost_quantile,0.9,combined_metadata_only,metadata_only,cef0fd1673aae68fd24128462cd727405a0ef7ba7d14942e19140ffb1a504ea0,fitted_model,5728f9ccae4c294ec4ec7661463c9589b24f94855b48f58cbf272547f3996eb6,2.45430192151,0.0891401440722,1e8f737f65d16539c4d5c862ea765abd56a694c2e2362f8b4d7ef7e39e6c770f,443,2.23552509463,0.977426636569,0.0774266365688,23.1691226959,23.7366196738,5,7.10383747178,25.3505365372,24.7785297394,2018-05
later,2018-05,xgboost_quantile,0.9,combined_full,full,027fda7a29be2840a07038a4751a3c5c1fe0ae47bdab2a0b337f3341f6551795,fitted_model,5728f9ccae4c294ec4ec7661463c9589b24f94855b48f58cbf272547f3996eb6,2.45430192151,0.056949008463,1e8f737f65d16539c4d5c862ea765abd56a694c2e2362f8b4d7ef7e39e6c770f,443,2.31453186061,0.984198645598,0.0841986455982,24.3973255157,24.5385234437,5,7.10383747178,36.140146528,25.2103229523,2018-05
later,2018-06,linear_quantile,0.5,seller_score_only,score_only,071132f6bedc28adc1743b419eac6befaa6fc5878f6540b97d2dfe3f93c89335,fitted_model,dfa6e8a0ed31f7d4d72348fcc198ca25991f05776c3ecfcf3e4991cb3bd6db4a,4.72950435466,0,5aaff04dc19d63b5a2dd637a07f5527d21f5d0a7b23e9e0b532681e840c404ca,71,4.72950435466,0.478873239437,-0.0211267605634,7.50869948418,7.40841472102,8,13.3521126761,14.7782726104,21.4913005158,2018-06
later,2018-06,linear_quantile,0.5,seller_metadata_only,metadata_only,e87f79f752b63a8e020ef76a7f20c10cddaec589c3d07d1c9cb3fa9f3e7eab0c,fitted_model,dfa6e8a0ed31f7d4d72348fcc198ca25991f05776c3ecfcf3e4991cb3bd6db4a,4.72950435466,0.00305005449878,5aaff04dc19d63b5a2dd637a07f5527d21f5d0a7b23e9e0b532681e840c404ca,71,4.71507910862,0.478873239437,-0.0211267605634,7.43857327624,7.41801608846,8,13.3521126761,14.7413796101,21.6025907269,2018-06
later,2018-06,linear_quantile,0.5,seller_full,full,cdcc7b03bc4756f4b74a2e95c6363aa11c35408bed0576d2bad770edf8152d87,fitted_model,dfa6e8a0ed31f7d4d72348fcc198ca25991f05776c3ecfcf3e4991cb3bd6db4a,4.72950435466,0.00305005449878,5aaff04dc19d63b5a2dd637a07f5527d21f5d0a7b23e9e0b532681e840c404ca,71,4.71507910862,0.478873239437,-0.0211267605634,7.43857327624,7.41801608846,8,13.3521126761,14.7413796101,21.6025907269,2018-06
later,2018-06,linear_quantile,0.5,seller_s1_score_only,score_only,0101550258a0f09e7855be837466f437a6e05f898647e370d87dd3981e43c359,fitted_model,dfa6e8a0ed31f7d4d72348fcc198ca25991f05776c3ecfcf3e4991cb3bd6db4a,4.72950435466,0,5aaff04dc19d63b5a2dd637a07f5527d21f5d0a7b23e9e0b532681e840c404ca,71,4.72950435466,0.478873239437,-0.0211267605634,7.50869948418,7.40841472102,8,13.3521126761,14.7782726104,21.4913005158,2018-06
later,2018-06,linear_quantile,0.5,seller_s2_score_only,score_only,9213e6e2d9f75e85739dbcd6f0515c59d9f9e4a93ba2ed78ed007da1406e6cf1,fitted_model,dfa6e8a0ed31f7d4d72348fcc198ca25991f05776c3ecfcf3e4991cb3bd6db4a,4.72950435466,0,5aaff04dc19d63b5a2dd637a07f5527d21f5d0a7b23e9e0b532681e840c404ca,71,4.72950435466,0.478873239437,-0.0211267605634,7.50869948418,7.40841472102,8,13.3521126761,14.7782726104,21.4913005158,2018-06
later,2018-06,linear_quantile,0.5,route_score_only,score_only,c18f2fffa12ff60aa39d776b4bfc92206b491a97ee52e22af0f28f94d24ae35d,fitted_model,dfa6e8a0ed31f7d4d72348fcc198ca25991f05776c3ecfcf3e4991cb3bd6db4a,4.72950435466,0.00478406906481,5aaff04dc19d63b5a2dd637a07f5527d21f5d0a7b23e9e0b532681e840c404ca,71,4.70687807918,0.478873239437,-0.0211267605634,7.9283896558,7.61849931573,8,13.3521126761,14.5332869706,20.6845325338,2018-06
later,2018-06,linear_quantile,0.5,route_metadata_only,metadata_only,8378998a4d6a2bc191b22a103698f3d1bea9ef8c33f4315c8f8224dd96147cd8,fitted_model,dfa6e8a0ed31f7d4d72348fcc198ca25991f05776c3ecfcf3e4991cb3bd6db4a,4.72950435466,0,5aaff04dc19d63b5a2dd637a07f5527d21f5d0a7b23e9e0b532681e840c404ca,71,4.72950435466,0.478873239437,-0.0211267605634,7.50869948418,7.40841472102,8,13.3521126761,14.7782726104,21.4913005158,2018-06
later,2018-06,linear_quantile,0.5,route_full,full,ab63ef189f2dbcc47dd28a53e59002e027acbbf65d7844916e9f0a46b4c5a4fe,fitted_model,dfa6e8a0ed31f7d4d72348fcc198ca25991f05776c3ecfcf3e4991cb3bd6db4a,4.72950435466,0.00478406906481,5aaff04dc19d63b5a2dd637a07f5527d21f5d0a7b23e9e0b532681e840c404ca,71,4.70687807918,0.478873239437,-0.0211267605634,7.9283896558,7.61849931573,8,13.3521126761,14.5332869706,20.6845325338,2018-06
later,2018-06,linear_quantile,0.5,route_r1_score_only,score_only,c8bb15fa38387f33fc44605ed712abc8da33c9ea8326c51acbb3e7650ffb65f3,fitted_model,dfa6e8a0ed31f7d4d72348fcc198ca25991f05776c3ecfcf3e4991cb3bd6db4a,4.72950435466,0.000840544628205,5aaff04dc19d63b5a2dd637a07f5527d21f5d0a7b23e9e0b532681e840c404ca,71,4.72552899518,0.464788732394,-0.0352112676056,7.7798920983,7.48339240705,8,13.3521126761,14.3118981107,20.9973867438,2018-06
later,2018-06,linear_quantile,0.5,route_r2_score_only,score_only,cd6842b376e360d72ba54d1058ba89cb953a7cc5d6cea3bb4ebb72f66d1e4b04,fitted_model,dfa6e8a0ed31f7d4d72348fcc198ca25991f05776c3ecfcf3e4991cb3bd6db4a,4.72950435466,0.00651419184426,5aaff04dc19d63b5a2dd637a07f5527d21f5d0a7b23e9e0b532681e840c404ca,71,4.69869545596,0.478873239437,-0.0211267605634,7.76104318445,7.66031655403,8,13.3521126761,14.4774632353,20.5698631468,2018-06
later,2018-06,linear_quantile,0.5,combined_score_only,score_only,564c9c4d14bdc0ab7f0b4572f7ec173e1f486a1da7c4e5b73e4560bd9e2f7737,fitted_model,dfa6e8a0ed31f7d4d72348fcc198ca25991f05776c3ecfcf3e4991cb3bd6db4a,4.72950435466,0.00478406906481,5aaff04dc19d63b5a2dd637a07f5527d21f5d0a7b23e9e0b532681e840c404ca,71,4.70687807918,0.478873239437,-0.0211267605634,7.9283896558,7.61849931573,8,13.3521126761,14.5332869706,20.6845325338,2018-06
later,2018-06,linear_quantile,0.5,combined_metadata_only,metadata_only,656a7a412ea0c3aec66e286f39349d40fa09bba7bb60655f197356de07e9ae18,fitted_model,dfa6e8a0ed31f7d4d72348fcc198ca25991f05776c3ecfcf3e4991cb3bd6db4a,4.72950435466,0.00305005449878,5aaff04dc19d63b5a2dd637a07f5527d21f5d0a7b23e9e0b532681e840c404ca,71,4.71507910862,0.478873239437,-0.0211267605634,7.43857327624,7.41801608846,8,13.3521126761,14.7413796101,21.6025907269,2018-06
later,2018-06,linear_quantile,0.5,combined_full,full,5e4a01934af994fa2f5758b98fb837e8bd1fae06829f6c4422394597ead39601,fitted_model,dfa6e8a0ed31f7d4d72348fcc198ca25991f05776c3ecfcf3e4991cb3bd6db4a,4.72950435466,0.00567924364579,5aaff04dc19d63b5a2dd637a07f5527d21f5d0a7b23e9e0b532681e840c404ca,71,4.7026443471,0.450704225352,-0.0492957746479,7.8110083101,7.56702675026,8,13.3521126761,13.8271358721,20.8568830231,2018-06
later,2018-06,xgboost_quantile,0.5,seller_score_only,score_only,03dde85f4c34e41fff8cf7837b54a126b39ac43d29e069709f14e0d4604d0bb3,fitted_model,391bfd33e69644ef16132dea151899f725f808e720357479a5b31dc68db52b0d,4.83286679295,0.00372282602478,5aaff04dc19d63b5a2dd637a07f5527d21f5d0a7b23e9e0b532681e840c404ca,71,4.81487487068,0.450704225352,-0.0492957746479,6.9967212677,6.92036858411,8,13.3521126761,14.6200777201,22.2205901146,2018-06
later,2018-06,xgboost_quantile,0.5,seller_metadata_only,metadata_only,72c79b89645cb937f5dff402e24a2c459e79c5dbff51d362d2fb90cc85c8ea2d,fitted_model,391bfd33e69644ef16132dea151899f725f808e720357479a5b31dc68db52b0d,4.83286679295,-0.0028601158468,5aaff04dc19d63b5a2dd637a07f5527d21f5d0a7b23e9e0b532681e840c404ca,71,4.84668935185,0.43661971831,-0.0633802816901,6.98122215271,6.9565214775,8,13.3521126761,14.2789607882,22.1316905022,2018-06
later,2018-06,xgboost_quantile,0.5,seller_full,full,4eea618c1d5bf5ed3f93ef3d758c58b5cb60f4a6a3900db6514af35790bb7766,fitted_model,391bfd33e69644ef16132dea151899f725f808e720357479a5b31dc68db52b0d,4.83286679295,-0.00118552767208,5aaff04dc19d63b5a2dd637a07f5527d21f5d0a7b23e9e0b532681e840c404ca,71,4.83859629027,0.43661971831,-0.0633802816901,6.909719944,6.90237816287,8,13.3521126761,14.3126477957,22.2998185158,2018-06
later,2018-06,xgboost_quantile,0.5,seller_s1_score_only,score_only,00194f2572a0f743a1dd4a60f61d6ea58e668376a00db99c9a7bc13ab355a484,fitted_model,391bfd33e69644ef16132dea151899f725f808e720357479a5b31dc68db52b0d,4.83286679295,0.00155077549479,5aaff04dc19d63b5a2dd637a07f5527d21f5d0a7b23e9e0b532681e840c404ca,71,4.82537210156,0.43661971831,-0.0633802816901,7.0121049881,7.02094089481,8,13.3521126761,14.1839504361,22.149418354,2018-06
later,2018-06,xgboost_quantile,0.5,seller_s2_score_only,score_only,a8e9adf5c97e73ada0b0b350550f9840e64985eec7400a02e26421249593f569,fitted_model,391bfd33e69644ef16132dea151899f725f808e720357479a5b31dc68db52b0d,4.83286679295,0.0024223190132,5aaff04dc19d63b5a2dd637a07f5527d21f5d0a7b23e9e0b532681e840c404ca,71,4.82116004783,0.464788732394,-0.0352112676056,6.9837641716,6.98602594456,8,13.3521126761,14.9552221675,22.3717451096,2018-06
later,2018-06,xgboost_quantile,0.5,route_score_only,score_only,2296bee9262c60841a209ae1824b1680551edc6a2e703a285d88b9ddde3cff5f,fitted_model,391bfd33e69644ef16132dea151899f725f808e720357479a5b31dc68db52b0d,4.83286679295,0.0042160485434,5aaff04dc19d63b5a2dd637a07f5527d21f5d0a7b23e9e0b532681e840c404ca,71,4.81249119194,0.464788732394,-0.0352112676056,7.06830024719,7.02413762455,8,13.3521126761,14.903420762,21.7719154358,2018-06
later,2018-06,xgboost_quantile,0.5,route_metadata_only,metadata_only,2c636fd09103b512d80c36c99570e9af28a66b46c6ed80d48a185e8aa6bd4fc8,fitted_model,391bfd33e69644ef16132dea151899f725f808e720357479a5b31dc68db52b0d,4.83286679295,0.00425839479788,5aaff04dc19d63b5a2dd637a07f5527d21f5d0a7b23e9e0b532681e840c404ca,71,4.81228653814,0.450704225352,-0.0492957746479,6.99648809433,6.85061911462,8,13.3521126761,14.6788555292,21.9319219589,2018-06
later,2018-06,xgboost_quantile,0.5,route_full,full,31cb35171a3163c92369a2123296f29afa183512169ad6feb8349b933ce95173,fitted_model,391bfd33e69644ef16132dea151899f725f808e720357479a5b31dc68db52b0d,4.83286679295,0.00574772462325,5aaff04dc19d63b5a2dd637a07f5527d21f5d0a7b23e9e0b532681e840c404ca,71,4.80508880548,0.450704225352,-0.0492957746479,6.9921708107,6.88426195736,8,13.3521126761,14.6351283514,21.9766616821,2018-06
later,2018-06,xgboost_quantile,0.5,route_r1_score_only,score_only,e338c5387a793e5d5647e1a397895389d491348c00c9e214b2ac5a5c9f76c03b,fitted_model,391bfd33e69644ef16132dea151899f725f808e720357479a5b31dc68db52b0d,4.83286679295,0.00360965948991,5aaff04dc19d63b5a2dd637a07f5527d21f5d0a7b23e9e0b532681e840c404ca,71,4.81542178946,0.450704225352,-0.0492957746479,7.029712677,6.94524665618,8,13.3521126761,14.5984279681,21.9937133789,2018-06
later,2018-06,xgboost_quantile,0.5,route_r2_score_only,score_only,e7fc2ae74d73b11e2f8b6b5e2eacfc2cb57baa167a27fb0c203595d8132e8bbd,fitted_model,391bfd33e69644ef16132dea151899f725f808e720357479a5b31dc68db52b0d,4.83286679295,8.65824394292e-06,5aaff04dc19d63b5a2dd637a07f5527d21f5d0a7b23e9e0b532681e840c404ca,71,4.83282494881,0.450704225352,-0.0492957746479,7.08258342743,7.03951490429,8,13.3521126761,14.5443023657,21.9205369949,2018-06
later,2018-06,xgboost_quantile,0.5,combined_score_only,score_only,c145b8df676e8cf36f980a0c857f44d93c5ec28b120560779fc45411f2c634cb,fitted_model,391bfd33e69644ef16132dea151899f725f808e720357479a5b31dc68db52b0d,4.83286679295,0.00699254608437,5aaff04dc19d63b5a2dd637a07f5527d21f5d0a7b23e9e0b532681e840c404ca,71,4.79907274918,0.43661971831,-0.0633802816901,6.97735929489,6.95339807322,8,13.3521126761,14.1972133398,22.1465797424,2018-06
later,2018-06,xgboost_quantile,0.5,combined_metadata_only,metadata_only,0ffa31fdf81a01062100635605b8957b67994d4f06146512bb2bb355216afa32,fitted_model,391bfd33e69644ef16132dea151899f725f808e720357479a5b31dc68db52b0d,4.83286679295,0.00501761530187,5aaff04dc19d63b5a2dd637a07f5527d21f5d0a7b23e9e0b532681e840c404ca,71,4.80861732658,0.43661971831,-0.0633802816901,6.89136505127,6.79415084275,8,13.3521126761,14.3554868817,22.3803830147,2018-06
later,2018-06,xgboost_quantile,0.5,combined_full,full,722b637615c7e7fa376737e4e41ab7ea77957d027ce3316d8e45396ed1cf620b,fitted_model,391bfd33e69644ef16132dea151899f725f808e720357479a5b31dc68db52b0d,4.83286679295,0.00459734062506,5aaff04dc19d63b5a2dd637a07f5527d21f5d0a7b23e9e0b532681e840c404ca,71,4.8106484581,0.464788732394,-0.0352112676056,6.96059322357,6.90286329431,8,13.3521126761,15.0132735152,21.9278922081,2018-06
later,2018-06,linear_quantile,0.9,seller_score_only,score_only,3b002ac5667de8ffb391b69a54905546f8fe5d954a453b59774b7a853dd94382,fitted_model,feb90d4548640cd935969f1be55309193c935a8e0061d30d09883b512f183ff4,3.96471925049,0,5aaff04dc19d63b5a2dd637a07f5527d21f5d0a7b23e9e0b532681e840c404ca,71,3.96471925049,0.830985915493,-0.069014084507,22.6542154144,22.7849485789,8,13.3521126761,17.8768276562,22.1046695697,2018-06
later,2018-06,linear_quantile,0.9,seller_metadata_only,metadata_only,2307492ca94e21990980a2c3cc59535851bb78dde6ccf4053975448f5e608358,fitted_model,feb90d4548640cd935969f1be55309193c935a8e0061d30d09883b512f183ff4,3.96471925049,-0.00136612900499,5aaff04dc19d63b5a2dd637a07f5527d21f5d0a7b23e9e0b532681e840c404ca,71,3.97013556846,0.830985915493,-0.069014084507,22.8350010363,22.8394327339,8,13.3521126761,17.8766377458,22.1220829523,2018-06
later,2018-06,linear_quantile,0.9,seller_full,full,57624213bf7fcb73a9758b9c71253fcf47eb2d5cd4b58caad27846f177dd0dc2,fitted_model,feb90d4548640cd935969f1be55309193c935a8e0061d30d09883b512f183ff4,3.96471925049,-0.00136612900499,5aaff04dc19d63b5a2dd637a07f5527d21f5d0a7b23e9e0b532681e840c404ca,71,3.97013556846,0.830985915493,-0.069014084507,22.8350010363,22.8394327339,8,13.3521126761,17.8766377458,22.1220829523,2018-06
later,2018-06,linear_quantile,0.9,seller_s1_score_only,score_only,7aea716b51b82dfb4049aef0262f157202ab8f7c44587c20f4a05d3faed8aa98,fitted_model,feb90d4548640cd935969f1be55309193c935a8e0061d30d09883b512f183ff4,3.96471925049,0,5aaff04dc19d63b5a2dd637a07f5527d21f5d0a7b23e9e0b532681e840c404ca,71,3.96471925049,0.830985915493,-0.069014084507,22.6542154144,22.7849485789,8,13.3521126761,17.8768276562,22.1046695697,2018-06
later,2018-06,linear_quantile,0.9,seller_s2_score_only,score_only,d38b53218017917fd19b25012fe48987255d71b153e15bd4edd6dbc87d186a7d,fitted_model,feb90d4548640cd935969f1be55309193c935a8e0061d30d09883b512f183ff4,3.96471925049,0,5aaff04dc19d63b5a2dd637a07f5527d21f5d0a7b23e9e0b532681e840c404ca,71,3.96471925049,0.830985915493,-0.069014084507,22.6542154144,22.7849485789,8,13.3521126761,17.8768276562,22.1046695697,2018-06
later,2018-06,linear_quantile,0.9,route_score_only,score_only,7119ea98d63e1fd4886118c6a1b4dcf4f6e0c0706d3ac7c74cf04cc867c8ab44,fitted_model,feb90d4548640cd935969f1be55309193c935a8e0061d30d09883b512f183ff4,3.96471925049,-0.00139976046889,5aaff04dc19d63b5a2dd637a07f5527d21f5d0a7b23e9e0b532681e840c404ca,71,3.97026890777,0.830985915493,-0.069014084507,22.7861925408,22.7256414074,8,13.3521126761,17.9447532049,22.3332210367,2018-06
later,2018-06,linear_quantile,0.9,route_metadata_only,metadata_only,96705818fdd93fb1331acc4dc5f3fa35ac3ba9145f935c908e8da768aaebc61c,fitted_model,feb90d4548640cd935969f1be55309193c935a8e0061d30d09883b512f183ff4,3.96471925049,2.22044604925e-16,5aaff04dc19d63b5a2dd637a07f5527d21f5d0a7b23e9e0b532681e840c404ca,71,3.96471925049,0.830985915493,-0.069014084507,22.6542154144,22.7849485789,8,13.3521126761,17.8768276562,22.1046695697,2018-06
later,2018-06,linear_quantile,0.9,route_full,full,70f558085a1b9e9f67649be0a3ca17503e90ef280019dfd7927439e875377c26,fitted_model,feb90d4548640cd935969f1be55309193c935a8e0061d30d09883b512f183ff4,3.96471925049,-0.00139976046889,5aaff04dc19d63b5a2dd637a07f5527d21f5d0a7b23e9e0b532681e840c404ca,71,3.97026890777,0.830985915493,-0.069014084507,22.7861925408,22.7256414074,8,13.3521126761,17.9447532049,22.3332210367,2018-06
later,2018-06,linear_quantile,0.9,route_r1_score_only,score_only,126a40ca0be97b358a02131cf88aef6dab34cf07a9cf989127f0451b4e0f5de6,fitted_model,feb90d4548640cd935969f1be55309193c935a8e0061d30d09883b512f183ff4,3.96471925049,-0.00139976046889,5aaff04dc19d63b5a2dd637a07f5527d21f5d0a7b23e9e0b532681e840c404ca,71,3.97026890777,0.830985915493,-0.069014084507,22.7861925408,22.7256414074,8,13.3521126761,17.9447532049,22.3332210367,2018-06
later,2018-06,linear_quantile,0.9,route_r2_score_only,score_only,8de812740def86337db7ff75183913d607a9791390942c4bcb01ca3e50bd17be,fitted_model,feb90d4548640cd935969f1be55309193c935a8e0061d30d09883b512f183ff4,3.96471925049,0.000699638923071,5aaff04dc19d63b5a2dd637a07f5527d21f5d0a7b23e9e0b532681e840c404ca,71,3.96194537859,0.830985915493,-0.069014084507,22.8055130055,22.8122350034,8,13.3521126761,17.844271113,22.2788220059,2018-06
later,2018-06,linear_quantile,0.9,combined_score_only,score_only,8f547cbe09536309aa22cc9728cd0069ca590e2e2073b03f979aa33b3b7c89af,fitted_model,feb90d4548640cd935969f1be55309193c935a8e0061d30d09883b512f183ff4,3.96471925049,-0.00139976046889,5aaff04dc19d63b5a2dd637a07f5527d21f5d0a7b23e9e0b532681e840c404ca,71,3.97026890777,0.830985915493,-0.069014084507,22.7861925408,22.7256414074,8,13.3521126761,17.9447532049,22.3332210367,2018-06
later,2018-06,linear_quantile,0.9,combined_metadata_only,metadata_only,68f2b7cc4823ae1b0a03fc6849f416d08ff6fad49d8a7d8ee8505738aac6d9bd,fitted_model,feb90d4548640cd935969f1be55309193c935a8e0061d30d09883b512f183ff4,3.96471925049,-0.00136612900499,5aaff04dc19d63b5a2dd637a07f5527d21f5d0a7b23e9e0b532681e840c404ca,71,3.97013556846,0.830985915493,-0.069014084507,22.8350010363,22.8394327339,8,13.3521126761,17.8766377458,22.1220829523,2018-06
later,2018-06,linear_quantile,0.9,combined_full,full,6c7a2cc4cc0cc545aa5112f17e31cb4a94bd0070ab6ca4ebeccb0632845facd7,fitted_model,feb90d4548640cd935969f1be55309193c935a8e0061d30d09883b512f183ff4,3.96471925049,-0.00416149877752,5aaff04dc19d63b5a2dd637a07f5527d21f5d0a7b23e9e0b532681e840c404ca,71,3.98121842481,0.830985915493,-0.069014084507,22.7655927013,22.708020966,8,13.3521126761,18.0199632752,22.3445647645,2018-06
later,2018-06,xgboost_quantile,0.9,seller_score_only,score_only,ecf2fd0a807e1dab32fb7bc7bf220141d6b2a04304e00ac50cd45993d4b8f97c,fitted_model,9728851b259a794b06ad88930662fa7e56ff427c4c4dc4a0f4a0e118a74c3089,4.08492162463,0.022967986365,5aaff04dc19d63b5a2dd637a07f5527d21f5d0a7b23e9e0b532681e840c404ca,71,3.99109920045,0.830985915493,-0.069014084507,23.917930603,24.174983347,8,13.3521126761,17.210471789,24.7640953064,2018-06
later,2018-06,xgboost_quantile,0.9,seller_metadata_only,metadata_only,2a648ad000a2389c16ee0b7a0fc79e9de65b6c1131d5f987f01b0760c13f327a,fitted_model,9728851b259a794b06ad88930662fa7e56ff427c4c4dc4a0f4a0e118a74c3089,4.08492162463,-0.00420435291095,5aaff04dc19d63b5a2dd637a07f5527d21f5d0a7b23e9e0b532681e840c404ca,71,4.10209607675,0.830985915493,-0.069014084507,22.7922954559,23.1637945309,8,13.3521126761,18.4654900233,23.2424945831,2018-06
later,2018-06,xgboost_quantile,0.9,seller_full,full,ceeef02d604ac5e721d0ff1c7a9f722b68b464d975d992938f4f1aac35065649,fitted_model,9728851b259a794b06ad88930662fa7e56ff427c4c4dc4a0f4a0e118a74c3089,4.08492162463,0.060617454891,5aaff04dc19d63b5a2dd637a07f5527d21f5d0a7b23e9e0b532681e840c404ca,71,3.83730407231,0.830985915493,-0.069014084507,24.8319683075,25.305752096,8,13.3521126761,15.6314791044,27.1571063995,2018-06
later,2018-06,xgboost_quantile,0.9,seller_s1_score_only,score_only,f78cc91f5527262e197fc7c1df5cbab846e61355b2b2c5b2ed5687be1d7ca66f,fitted_model,9728851b259a794b06ad88930662fa7e56ff427c4c4dc4a0f4a0e118a74c3089,4.08492162463,0.0074235431765,5aaff04dc19d63b5a2dd637a07f5527d21f5d0a7b23e9e0b532681e840c404ca,71,4.05459703257,0.830985915493,-0.069014084507,24.3091011047,24.5746902143,8,13.3521126761,17.3496740659,24.7905864716,2018-06
later,2018-06,xgboost_quantile,0.9,seller_s2_score_only,score_only,e9e05585aec5c8cd0c8b027d24626b05c2552137eddd2621d0e93d5351acfcc3,fitted_model,9728851b259a794b06ad88930662fa7e56ff427c4c4dc4a0f4a0e118a74c3089,4.08492162463,0.0131635873178,5aaff04dc19d63b5a2dd637a07f5527d21f5d0a7b23e9e0b532681e840c404ca,71,4.03114940213,0.845070422535,-0.0549295774648,23.8626003265,24.6573245895,8,13.3521126761,18.7222366333,24.1942310333,2018-06
later,2018-06,xgboost_quantile,0.9,route_score_only,score_only,a138d0b2b9d71175cb6bb9cb52e57791f40a2a7348bdc068aec4398a5a13160e,fitted_model,9728851b259a794b06ad88930662fa7e56ff427c4c4dc4a0f4a0e118a74c3089,4.08492162463,-0.000559970975363,5aaff04dc19d63b5a2dd637a07f5527d21f5d0a7b23e9e0b532681e840c404ca,71,4.08720906217,0.830985915493,-0.069014084507,22.8640289307,23.2501305594,8,13.3521126761,18.3263263702,23.777589798,2018-06
later,2018-06,xgboost_quantile,0.9,route_metadata_only,metadata_only,0afd8d91e6c00c7f6144c27b56f59038375b63081d51b11b8585ee5835992d97,fitted_model,9728851b259a794b06ad88930662fa7e56ff427c4c4dc4a0f4a0e118a74c3089,4.08492162463,-0.0142277992384,5aaff04dc19d63b5a2dd637a07f5527d21f5d0a7b23e9e0b532681e840c404ca,71,4.14304106941,0.816901408451,-0.0830985915493,22.8407688141,23.2922302166,8,13.3521126761,17.1985447223,23.4578323364,2018-06
later,2018-06,xgboost_quantile,0.9,route_full,full,ba57eef27aa5c249f1de19568051cb9099e325aae9dd79d74ee6cc5b1269a706,fitted_model,9728851b259a794b06ad88930662fa7e56ff427c4c4dc4a0f4a0e118a74c3089,4.08492162463,0.0168351054392,5aaff04dc19d63b5a2dd637a07f5527d21f5d0a7b23e9e0b532681e840c404ca,71,4.01615153837,0.802816901408,-0.0971830985915,23.3065052032,24.05725009,8,13.3521126761,14.9385916846,24.4557495117,2018-06
later,2018-06,xgboost_quantile,0.9,route_r1_score_only,score_only,ff020a44837f2f513d835875851ba633790498538dcdfb45080bc7a738da3728,fitted_model,9728851b259a794b06ad88930662fa7e56ff427c4c4dc4a0f4a0e118a74c3089,4.08492162463,-0.0120857777104,5aaff04dc19d63b5a2dd637a07f5527d21f5d0a7b23e9e0b532681e840c404ca,71,4.13429107935,0.816901408451,-0.0830985915493,23.1293354034,23.8497808483,8,13.3521126761,16.8462478931,24.6511516571,2018-06
later,2018-06,xgboost_quantile,0.9,route_r2_score_only,score_only,00e63fc11767b2c21021004a2e7c94c641294c43d42beab49b45a94c2e1bb5e5,fitted_model,9728851b259a794b06ad88930662fa7e56ff427c4c4dc4a0f4a0e118a74c3089,4.08492162463,-0.000298172512863,5aaff04dc19d63b5a2dd637a07f5527d21f5d0a7b23e9e0b532681e840c404ca,71,4.08613963597,0.830985915493,-0.069014084507,23.0860939026,23.768264287,8,13.3521126761,18.0134364764,23.8417186737,2018-06
later,2018-06,xgboost_quantile,0.9,combined_score_only,score_only,5181bc73475b7b3e106182bcb11ca7f08e82d609116cd922cfc8b06d7cc7a12e,fitted_model,9728851b259a794b06ad88930662fa7e56ff427c4c4dc4a0f4a0e118a74c3089,4.08492162463,0.0146297331526,5aaff04dc19d63b5a2dd637a07f5527d21f5d0a7b23e9e0b532681e840c404ca,71,4.02516031131,0.830985915493,-0.069014084507,23.9263019562,23.9713188225,8,13.3521126761,17.5325015386,23.5759029388,2018-06
later,2018-06,xgboost_quantile,0.9,combined_metadata_only,metadata_only,841f709042815a020c9182905476feb6cfb47585f9220aeba336526f147ed828,fitted_model,9728851b259a794b06ad88930662fa7e56ff427c4c4dc4a0f4a0e118a74c3089,4.08492162463,-0.0267563956639,5aaff04dc19d63b5a2dd637a07f5527d21f5d0a7b23e9e0b532681e840c404ca,71,4.19421940387,0.802816901408,-0.0971830985915,22.8756561279,23.0061298693,8,13.3521126761,16.3747182574,26.3324260712,2018-06
later,2018-06,xgboost_quantile,0.9,combined_full,full,1deff2ddf9b662c8fc85835e5284626e6f0df3e3747d1b10b3a4bd9ec9a980a6,fitted_model,9728851b259a794b06ad88930662fa7e56ff427c4c4dc4a0f4a0e118a74c3089,4.08492162463,-0.0518491760281,5aaff04dc19d63b5a2dd637a07f5527d21f5d0a7b23e9e0b532681e840c404ca,71,4.296721445,0.830985915493,-0.069014084507,23.0732975006,24.1430388437,8,13.3521126761,19.0376372337,28.0255279541,2018-06
terminal,2018-07_to_2018-08,linear_quantile,0.5,seller_score_only,score_only,7cc808d7e0133c62839d5ccadbb20d2ba4ee54d7aa9fe273c4a7260d73c82565,fitted_model,4889b43655d15bbbace14b37c53c909e14b4e6418aa9edc51f7ff8072c2803dd,2.05274941691,0,411c630c68b48c4d3c3d613201fd86996a7c6c54de543da9246dd19a726f1c22,601,2.05274941691,0.660565723794,0.160565723794,5.25534936417,5.70995772772,4,5.80532445923,6.18803971755,6.58078397489,2018-07_to_2018-08
terminal,2018-07_to_2018-08,linear_quantile,0.5,seller_metadata_only,metadata_only,a14cc60cd5f792a953a973324c44059b9c783540dd422dbd3bfb17a0fd99d724,fitted_model,4889b43655d15bbbace14b37c53c909e14b4e6418aa9edc51f7ff8072c2803dd,2.05274941691,0.000492512914903,411c630c68b48c4d3c3d613201fd86996a7c6c54de543da9246dd19a726f1c22,601,2.05173841131,0.662229617304,0.162229617304,5.35329767598,5.72201387396,4,5.80532445923,6.19768283778,6.66728746292,2018-07_to_2018-08
terminal,2018-07_to_2018-08,linear_quantile,0.5,seller_full,full,ab957c44f22feac41fd1e67fdbe2bcabf687f6c40afd3d9df20adf21236167f7,fitted_model,4889b43655d15bbbace14b37c53c909e14b4e6418aa9edc51f7ff8072c2803dd,2.05274941691,0.000492512914903,411c630c68b48c4d3c3d613201fd86996a7c6c54de543da9246dd19a726f1c22,601,2.05173841131,0.662229617304,0.162229617304,5.35329767598,5.72201387396,4,5.80532445923,6.19768283778,6.66728746292,2018-07_to_2018-08
terminal,2018-07_to_2018-08,linear_quantile,0.5,seller_s1_score_only,score_only,95ed5492af165ea48e7faa3e575994844bf214786bd4acb44a993a98f98520ff,fitted_model,4889b43655d15bbbace14b37c53c909e14b4e6418aa9edc51f7ff8072c2803dd,2.05274941691,0,411c630c68b48c4d3c3d613201fd86996a7c6c54de543da9246dd19a726f1c22,601,2.05274941691,0.660565723794,0.160565723794,5.25534936417,5.70995772772,4,5.80532445923,6.18803971755,6.58078397489,2018-07_to_2018-08
terminal,2018-07_to_2018-08,linear_quantile,0.5,seller_s2_score_only,score_only,84dd5949e318fbd811b882719e22a2d81e19cabb110a519c27ac52691cf46a68,fitted_model,4889b43655d15bbbace14b37c53c909e14b4e6418aa9edc51f7ff8072c2803dd,2.05274941691,0,411c630c68b48c4d3c3d613201fd86996a7c6c54de543da9246dd19a726f1c22,601,2.05274941691,0.660565723794,0.160565723794,5.25534936417,5.70995772772,4,5.80532445923,6.18803971755,6.58078397489,2018-07_to_2018-08
terminal,2018-07_to_2018-08,linear_quantile,0.5,route_score_only,score_only,ea7856aee0f5f8af5a6f75a4f197890f73efe6a0956cacab090ea9f7be0f5bb6,fitted_model,4889b43655d15bbbace14b37c53c909e14b4e6418aa9edc51f7ff8072c2803dd,2.05274941691,-0.000702390138575,411c630c68b48c4d3c3d613201fd86996a7c6c54de543da9246dd19a726f1c22,601,2.05419124785,0.657237936772,0.157237936772,5.25854373582,5.74613206815,4,5.80532445923,6.07939928874,6.64854491705,2018-07_to_2018-08
terminal,2018-07_to_2018-08,linear_quantile,0.5,route_metadata_only,metadata_only,892ab60ffec6f11e7c5e49c7372ba848766c23ca63c279de799c5304396bdd6a,fitted_model,4889b43655d15bbbace14b37c53c909e14b4e6418aa9edc51f7ff8072c2803dd,2.05274941691,0,411c630c68b48c4d3c3d613201fd86996a7c6c54de543da9246dd19a726f1c22,601,2.05274941691,0.660565723794,0.160565723794,5.25534936417,5.70995772772,4,5.80532445923,6.18803971755,6.58078397489,2018-07_to_2018-08
terminal,2018-07_to_2018-08,linear_quantile,0.5,route_full,full,6a8df5bb75f92e8d9f0fa4f13e5e83dcde96e375941e4b1c65d3384450da3d4f,fitted_model,4889b43655d15bbbace14b37c53c909e14b4e6418aa9edc51f7ff8072c2803dd,2.05274941691,-0.000702390138575,411c630c68b48c4d3c3d613201fd86996a7c6c54de543da9246dd19a726f1c22,601,2.05419124785,0.657237936772,0.157237936772,5.25854373582,5.74613206815,4,5.80532445923,6.07939928874,6.64854491705,2018-07_to_2018-08
terminal,2018-07_to_2018-08,linear_quantile,0.5,route_r1_score_only,score_only,ae8f34106b16fae8b2a5db8808976f0fd402972f7daa968743b6035b3881e879,fitted_model,4889b43655d15bbbace14b37c53c909e14b4e6418aa9edc51f7ff8072c2803dd,2.05274941691,0.0077706179969,411c630c68b48c4d3c3d613201fd86996a7c6c54de543da9246dd19a726f1c22,601,2.03679828534,0.658901830283,0.158901830283,4.98316304677,5.63046194152,4,5.80532445923,6.22761929788,6.70441169616,2018-07_to_2018-08
terminal,2018-07_to_2018-08,linear_quantile,0.5,route_r2_score_only,score_only,5fa6fd0a872a05b2a5c390f90311b1c0b5763068c39bebdca99e4d4af9107cde,fitted_model,4889b43655d15bbbace14b37c53c909e14b4e6418aa9edc51f7ff8072c2803dd,2.05274941691,-0.00272546934425,411c630c68b48c4d3c3d613201fd86996a7c6c54de543da9246dd19a726f1c22,601,2.05834412251,0.658901830283,0.158901830283,5.33191402288,5.77689375797,4,5.80532445923,6.07613777248,6.57266017592,2018-07_to_2018-08
terminal,2018-07_to_2018-08,linear_quantile,0.5,combined_score_only,score_only,05b93a5e41b8b648df04db16b929ad5ea1ba256a06f7367b74c3d7d58d19aed1,fitted_model,4889b43655d15bbbace14b37c53c909e14b4e6418aa9edc51f7ff8072c2803dd,2.05274941691,-0.000702390138575,411c630c68b48c4d3c3d613201fd86996a7c6c54de543da9246dd19a726f1c22,601,2.05419124785,0.657237936772,0.157237936772,5.25854373582,5.74613206815,4,5.80532445923,6.07939928874,6.64854491705,2018-07_to_2018-08
terminal,2018-07_to_2018-08,linear_quantile,0.5,combined_metadata_only,metadata_only,aa28f68ab11770b0101295e5ee2e684004bf66c3e882888aeaa5aaa68da32f7b,fitted_model,4889b43655d15bbbace14b37c53c909e14b4e6418aa9edc51f7ff8072c2803dd,2.05274941691,0.000492512914903,411c630c68b48c4d3c3d613201fd86996a7c6c54de543da9246dd19a726f1c22,601,2.05173841131,0.662229617304,0.162229617304,5.35329767598,5.72201387396,4,5.80532445923,6.19768283778,6.66728746292,2018-07_to_2018-08
terminal,2018-07_to_2018-08,linear_quantile,0.5,combined_full,full,0f8a42d87675d94633e083a1bc74ee8893db52b30d5593995defd8408dc3e6a6,fitted_model,4889b43655d15bbbace14b37c53c909e14b4e6418aa9edc51f7ff8072c2803dd,2.05274941691,0.00380362551617,411c630c68b48c4d3c3d613201fd86996a7c6c54de543da9246dd19a726f1c22,601,2.04494152685,0.658901830283,0.158901830283,5.30100373789,5.71204630932,4,5.80532445923,6.13190215456,6.6440406972,2018-07_to_2018-08
terminal,2018-07_to_2018-08,xgboost_quantile,0.5,seller_score_only,score_only,297a91fadb54820e97a3c1d810d000afe025ff3193c410c571e86b16ae4ec03f,fitted_model,346a957f4f6a74e52b6f2afe642de340fddfecd5f282f8402ec6ee7613facf42,2.23274179941,0.008544349206,411c630c68b48c4d3c3d613201fd86996a7c6c54de543da9246dd19a726f1c22,601,2.21366447379,0.722129783694,0.222129783694,6.32850933075,6.47476700102,4,5.80532445923,6.76194529905,6.39713144302,2018-07_to_2018-08
terminal,2018-07_to_2018-08,xgboost_quantile,0.5,seller_metadata_only,metadata_only,9a7058d01e9044a5ac2623bf6ce79f446449c7df768ce3a41075b776c04b1948,fitted_model,346a957f4f6a74e52b6f2afe642de340fddfecd5f282f8402ec6ee7613facf42,2.23274179941,0.00636596993554,411c630c68b48c4d3c3d613201fd86996a7c6c54de543da9246dd19a726f1c22,601,2.21852823224,0.723793677205,0.223793677205,6.37768316269,6.50191616734,4,5.80532445923,6.77114252585,6.36565876007,2018-07_to_2018-08
terminal,2018-07_to_2018-08,xgboost_quantile,0.5,seller_full,full,ced23ca05e8ae1c332c4248261d7085643b9d9e8df351452f1a146c6489f131b,fitted_model,346a957f4f6a74e52b6f2afe642de340fddfecd5f282f8402ec6ee7613facf42,2.23274179941,0.00834269499591,411c630c68b48c4d3c3d613201fd86996a7c6c54de543da9246dd19a726f1c22,601,2.21411471557,0.722129783694,0.222129783694,6.34617376328,6.50727313688,4,5.80532445923,6.70507405047,6.38820552826,2018-07_to_2018-08
terminal,2018-07_to_2018-08,xgboost_quantile,0.5,seller_s1_score_only,score_only,044c39169c35bb2625720ac0f0c35a32fc6fb6674282a35315a2f950e9681bf0,fitted_model,346a957f4f6a74e52b6f2afe642de340fddfecd5f282f8402ec6ee7613facf42,2.23274179941,-0.00392462229913,411c630c68b48c4d3c3d613201fd86996a7c6c54de543da9246dd19a726f1c22,601,2.24150446766,0.720465890183,0.220465890183,6.32904672623,6.57579109871,4,5.80532445923,6.64058904705,6.63030338287,2018-07_to_2018-08
terminal,2018-07_to_2018-08,xgboost_quantile,0.5,seller_s2_score_only,score_only,583b74c934a379cb03232e066588e80228ed93c982f118d639d411100206439f,fitted_model,346a957f4f6a74e52b6f2afe642de340fddfecd5f282f8402ec6ee7613facf42,2.23274179941,-0.00138721680762,411c630c68b48c4d3c3d613201fd86996a7c6c54de543da9246dd19a726f1c22,601,2.23583909636,0.730449251248,0.230449251248,6.33887147903,6.55919725129,4,5.80532445923,6.89629952407,6.71530246735,2018-07_to_2018-08
terminal,2018-07_to_2018-08,xgboost_quantile,0.5,route_score_only,score_only,0ed3fced9b93c27cf1c441a0017229ac75eb1f1b5e9aa4e0361911fa9e5fa15c,fitted_model,346a957f4f6a74e52b6f2afe642de340fddfecd5f282f8402ec6ee7613facf42,2.23274179941,-0.00046607311739,411c630c68b48c4d3c3d613201fd86996a7c6c54de543da9246dd19a726f1c22,601,2.23378242034,0.723793677205,0.223793677205,6.40118265152,6.55467069962,4,5.80532445923,6.73087162282,6.46976089478,2018-07_to_2018-08
terminal,2018-07_to_2018-08,xgboost_quantile,0.5,route_metadata_only,metadata_only,fb89df774badaf3df58d3c4d99eddac1d138eb24b521854f8852f99ef7aa24d6,fitted_model,346a957f4f6a74e52b6f2afe642de340fddfecd5f282f8402ec6ee7613facf42,2.23274179941,0.00853006215537,411c630c68b48c4d3c3d613201fd86996a7c6c54de543da9246dd19a726f1c22,601,2.21369637308,0.717138103161,0.217138103161,6.21252822876,6.48800378552,4,5.80532445923,6.6193316628,6.38576364517,2018-07_to_2018-08
terminal,2018-07_to_2018-08,xgboost_quantile,0.5,route_full,full,2f8c55bb2344ee4f6d11d8ffbbd4deeb1c562362f0c686a182d4a9469b2ed67d,fitted_model,346a957f4f6a74e52b6f2afe642de340fddfecd5f282f8402ec6ee7613facf42,2.23274179941,0.00796341076723,411c630c68b48c4d3c3d613201fd86996a7c6c54de543da9246dd19a726f1c22,601,2.21496155932,0.718801996672,0.218801996672,6.29542636871,6.47885119379,4,5.80532445923,6.67927286046,6.30586719513,2018-07_to_2018-08
terminal,2018-07_to_2018-08,xgboost_quantile,0.5,route_r1_score_only,score_only,9440b0f8bd10c4e53ba151d00541bbddc6ff09925d0130d9ce58f270ccadceb2,fitted_model,346a957f4f6a74e52b6f2afe642de340fddfecd5f282f8402ec6ee7613facf42,2.23274179941,-0.00292424571877,411c630c68b48c4d3c3d613201fd86996a7c6c54de543da9246dd19a726f1c22,601,2.23927088506,0.723793677205,0.223793677205,6.34001255035,6.55963874617,4,5.80532445923,6.74174914877,6.48500299454,2018-07_to_2018-08
terminal,2018-07_to_2018-08,xgboost_quantile,0.5,route_r2_score_only,score_only,bdf438b42c6c97be0f90a0c48dd06255030f8d0f4fb6343e06fb706b2bedf3e1,fitted_model,346a957f4f6a74e52b6f2afe642de340fddfecd5f282f8402ec6ee7613facf42,2.23274179941,-0.0080842017384,411c630c68b48c4d3c3d613201fd86996a7c6c54de543da9246dd19a726f1c22,601,2.25079173455,0.727121464226,0.227121464226,6.42948532104,6.60837660931,4,5.80532445923,6.7768820815,6.5140748024,2018-07_to_2018-08
terminal,2018-07_to_2018-08,xgboost_quantile,0.5,combined_score_only,score_only,871bcef2c484e49c611bd31a1aebbe91ed1747866e1be951dc43914cbde27b30,fitted_model,346a957f4f6a74e52b6f2afe642de340fddfecd5f282f8402ec6ee7613facf42,2.23274179941,-0.00453802539575,411c630c68b48c4d3c3d613201fd86996a7c6c54de543da9246dd19a726f1c22,601,2.2428740384,0.73544093178,0.23544093178,6.33334445953,6.59784288771,4,5.80532445923,6.97997175673,6.4683508873,2018-07_to_2018-08
terminal,2018-07_to_2018-08,xgboost_quantile,0.5,combined_metadata_only,metadata_only,c9ccc6557ff321f1b3715d5732dc515cfdd2939660877b4623c89bd9928cd448,fitted_model,346a957f4f6a74e52b6f2afe642de340fddfecd5f282f8402ec6ee7613facf42,2.23274179941,0.0137949278148,411c630c68b48c4d3c3d613201fd86996a7c6c54de543da9246dd19a726f1c22,601,2.20194128746,0.710482529118,0.210482529118,6.29221820831,6.41954687391,4,5.80532445923,6.54478665604,6.34226036072,2018-07_to_2018-08
terminal,2018-07_to_2018-08,xgboost_quantile,0.5,combined_full,full,35568bdf463f3d1165a31409944d2cf800654a2fdee0b10a4432dc6ff564480f,fitted_model,346a957f4f6a74e52b6f2afe642de340fddfecd5f282f8402ec6ee7613facf42,2.23274179941,-0.00629194861806,411c630c68b48c4d3c3d613201fd86996a7c6c54de543da9246dd19a726f1c22,601,2.24679009609,0.722129783694,0.222129783694,6.42771434784,6.5933218645,4,5.80532445923,6.6678301046,6.25111103058,2018-07_to_2018-08
terminal,2018-07_to_2018-08,linear_quantile,0.9,seller_score_only,score_only,dac886db56b91d00e3d3fb5e2fa80d3668da3b47a2d753c7458528055910ce4c,fitted_model,8641e1faaed2b5cba693cdbb2393a3a5ef1ae5772971d5ebe0e5c181dba6da45,1.74822927788,0,411c630c68b48c4d3c3d613201fd86996a7c6c54de543da9246dd19a726f1c22,601,1.74822927788,0.956738768719,0.0567387687188,16.7228528322,17.6868696384,4,5.80532445923,12.9463434898,18.144539435,2018-07_to_2018-08
terminal,2018-07_to_2018-08,linear_quantile,0.9,seller_metadata_only,metadata_only,81a4b910b6b05ea8682185950425dc833e115a7c6703f32d5b2d358df3102e58,fitted_model,8641e1faaed2b5cba693cdbb2393a3a5ef1ae5772971d5ebe0e5c181dba6da45,1.74822927788,-0.00452682161132,411c630c68b48c4d3c3d613201fd86996a7c6c54de543da9246dd19a726f1c22,601,1.75614319995,0.96006655574,0.0600665557404,16.9301821777,17.7879495634,4,5.80532445923,13.970262267,18.1589412529,2018-07_to_2018-08
terminal,2018-07_to_2018-08,linear_quantile,0.9,seller_full,full,b50f071742979f60cdb00d660d74cdb4d270fa39840259d85db3fc3a849b2e7f,fitted_model,8641e1faaed2b5cba693cdbb2393a3a5ef1ae5772971d5ebe0e5c181dba6da45,1.74822927788,-0.00452682161132,411c630c68b48c4d3c3d613201fd86996a7c6c54de543da9246dd19a726f1c22,601,1.75614319995,0.96006655574,0.0600665557404,16.9301821777,17.7879495634,4,5.80532445923,13.970262267,18.1589412529,2018-07_to_2018-08
terminal,2018-07_to_2018-08,linear_quantile,0.9,seller_s1_score_only,score_only,00d540bcc24194601696ca665d1c14ba042ebd225c85bff0982b3704524d825b,fitted_model,8641e1faaed2b5cba693cdbb2393a3a5ef1ae5772971d5ebe0e5c181dba6da45,1.74822927788,0,411c630c68b48c4d3c3d613201fd86996a7c6c54de543da9246dd19a726f1c22,601,1.74822927788,0.956738768719,0.0567387687188,16.7228528322,17.6868696384,4,5.80532445923,12.9463434898,18.144539435,2018-07_to_2018-08
terminal,2018-07_to_2018-08,linear_quantile,0.9,seller_s2_score_only,score_only,55d52184b7ba94ddb8697286d53f100df71d7b35546dfd905cd542f9f48c045e,fitted_model,8641e1faaed2b5cba693cdbb2393a3a5ef1ae5772971d5ebe0e5c181dba6da45,1.74822927788,0,411c630c68b48c4d3c3d613201fd86996a7c6c54de543da9246dd19a726f1c22,601,1.74822927788,0.956738768719,0.0567387687188,16.7228528322,17.6868696384,4,5.80532445923,12.9463434898,18.144539435,2018-07_to_2018-08
terminal,2018-07_to_2018-08,linear_quantile,0.9,route_score_only,score_only,a15ea9585b8db3e89b35c27806639090f7ac3ae789dc9f06f3e20fa188be3533,fitted_model,8641e1faaed2b5cba693cdbb2393a3a5ef1ae5772971d5ebe0e5c181dba6da45,1.74822927788,-0.000295009658787,411c630c68b48c4d3c3d613201fd86996a7c6c54de543da9246dd19a726f1c22,601,1.7487450224,0.95840266223,0.0584026622296,16.6168132244,17.6257265747,4,5.80532445923,13.623583653,18.0941339905,2018-07_to_2018-08
terminal,2018-07_to_2018-08,linear_quantile,0.9,route_metadata_only,metadata_only,c7fd80d2199b99b6981612ccdde8b2c50c443ef1b89d8558229ed04e2b0f1b35,fitted_model,8641e1faaed2b5cba693cdbb2393a3a5ef1ae5772971d5ebe0e5c181dba6da45,1.74822927788,0,411c630c68b48c4d3c3d613201fd86996a7c6c54de543da9246dd19a726f1c22,601,1.74822927788,0.956738768719,0.0567387687188,16.7228528322,17.6868696384,4,5.80532445923,12.9463434898,18.144539435,2018-07_to_2018-08
terminal,2018-07_to_2018-08,linear_quantile,0.9,route_full,full,c826f222fa1b60f104363950f6db0e84dfc6b0545385c54b97712bb250d8d929,fitted_model,8641e1faaed2b5cba693cdbb2393a3a5ef1ae5772971d5ebe0e5c181dba6da45,1.74822927788,-0.000295009658787,411c630c68b48c4d3c3d613201fd86996a7c6c54de543da9246dd19a726f1c22,601,1.7487450224,0.95840266223,0.0584026622296,16.6168132244,17.6257265747,4,5.80532445923,13.623583653,18.0941339905,2018-07_to_2018-08
terminal,2018-07_to_2018-08,linear_quantile,0.9,route_r1_score_only,score_only,8de073c1486b64797b5611c251f6f7c67f8d959e86603eb5dbd94d9abe8ab22e,fitted_model,8641e1faaed2b5cba693cdbb2393a3a5ef1ae5772971d5ebe0e5c181dba6da45,1.74822927788,-0.000295009658787,411c630c68b48c4d3c3d613201fd86996a7c6c54de543da9246dd19a726f1c22,601,1.7487450224,0.95840266223,0.0584026622296,16.6168132244,17.6257265747,4,5.80532445923,13.623583653,18.0941339905,2018-07_to_2018-08
terminal,2018-07_to_2018-08,linear_quantile,0.9,route_r2_score_only,score_only,a6cef0e31d7dac3d8b02bf657a8b91910dd1e68e156e0ae1105221e5e91ed319,fitted_model,8641e1faaed2b5cba693cdbb2393a3a5ef1ae5772971d5ebe0e5c181dba6da45,1.74822927788,-0.000737261829407,411c630c68b48c4d3c3d613201fd86996a7c6c54de543da9246dd19a726f1c22,601,1.74951818059,0.956738768719,0.0567387687188,16.6635014802,17.6716832321,4,5.80532445923,13.0112409341,18.1321816486,2018-07_to_2018-08
terminal,2018-07_to_2018-08,linear_quantile,0.9,combined_score_only,score_only,b76a9551a605b2f60a91d69ae6df9843aca635f4320c680e2ddc0af793ec16e4,fitted_model,8641e1faaed2b5cba693cdbb2393a3a5ef1ae5772971d5ebe0e5c181dba6da45,1.74822927788,-0.000295009658787,411c630c68b48c4d3c3d613201fd86996a7c6c54de543da9246dd19a726f1c22,601,1.7487450224,0.95840266223,0.0584026622296,16.6168132244,17.6257265747,4,5.80532445923,13.623583653,18.0941339905,2018-07_to_2018-08
terminal,2018-07_to_2018-08,linear_quantile,0.9,combined_metadata_only,metadata_only,fb6e262ec97ec48f5bf29b2f6af4a562dcf54844a62562fef7d02e1b3b269122,fitted_model,8641e1faaed2b5cba693cdbb2393a3a5ef1ae5772971d5ebe0e5c181dba6da45,1.74822927788,-0.00452682161132,411c630c68b48c4d3c3d613201fd86996a7c6c54de543da9246dd19a726f1c22,601,1.75614319995,0.96006655574,0.0600665557404,16.9301821777,17.7879495634,4,5.80532445923,13.970262267,18.1589412529,2018-07_to_2018-08
terminal,2018-07_to_2018-08,linear_quantile,0.9,combined_full,full,72e2639aa69cb0be289dd8965903da7a889a1894f461da5104bfa9e2f2dff6d5,fitted_model,8641e1faaed2b5cba693cdbb2393a3a5ef1ae5772971d5ebe0e5c181dba6da45,1.74822927788,-0.00329719866355,411c630c68b48c4d3c3d613201fd86996a7c6c54de543da9246dd19a726f1c22,601,1.75399353711,0.95840266223,0.0584026622296,16.7329072277,17.6944924771,4,5.80532445923,13.5844447173,18.0377481835,2018-07_to_2018-08
terminal,2018-07_to_2018-08,xgboost_quantile,0.9,seller_score_only,score_only,f70cfb96c0bb3b12ea999bfa2f575b7cea2328cb77aced1199167d012c72a86d,fitted_model,ed27f1d07e5fb286254218122dbf22218fece9d223e8273be5a25c1df6e05a6a,1.99518810707,-0.0112148956541,411c630c68b48c4d3c3d613201fd86996a7c6c54de543da9246dd19a726f1c22,601,2.0175639335,0.965058236273,0.0650582362729,20.6324081421,21.4372940032,4,5.80532445923,13.0035502116,23.4566917419,2018-07_to_2018-08
terminal,2018-07_to_2018-08,xgboost_quantile,0.9,seller_metadata_only,metadata_only,cabfe498f68878bfd036edea79cfcd49ce9578e2c8979dd18ba431f0ed22a784,fitted_model,ed27f1d07e5fb286254218122dbf22218fece9d223e8273be5a25c1df6e05a6a,1.99518810707,-0.00975219486799,411c630c68b48c4d3c3d613201fd86996a7c6c54de543da9246dd19a726f1c22,601,2.01464557029,0.963394342762,0.0633943427621,20.4393234253,21.0050848439,4,5.80532445923,13.5134722103,21.408405304,2018-07_to_2018-08
terminal,2018-07_to_2018-08,xgboost_quantile,0.9,seller_full,full,627fbd5cb12b764eb91488701324e2d80250d479298ba10088cd9c2453054b6a,fitted_model,ed27f1d07e5fb286254218122dbf22218fece9d223e8273be5a25c1df6e05a6a,1.99518810707,-0.0235674732257,411c630c68b48c4d3c3d613201fd86996a7c6c54de543da9246dd19a726f1c22,601,2.04220964936,0.963394342762,0.0633943427621,21.0688648224,21.5798419184,4,5.80532445923,12.6963409077,23.1257686615,2018-07_to_2018-08
terminal,2018-07_to_2018-08,xgboost_quantile,0.9,seller_s1_score_only,score_only,c3a31f6416402449658f8b0e95ab0420872dd3e4accc9ab9e31cc2c09e8baab6,fitted_model,ed27f1d07e5fb286254218122dbf22218fece9d223e8273be5a25c1df6e05a6a,1.99518810707,-0.0336135402524,411c630c68b48c4d3c3d613201fd86996a7c6c54de543da9246dd19a726f1c22,601,2.06225344282,0.961730449251,0.0617304492512,20.8715267181,21.6221582552,4,5.80532445923,12.5575046954,23.5461616516,2018-07_to_2018-08
terminal,2018-07_to_2018-08,xgboost_quantile,0.9,seller_s2_score_only,score_only,50da1a482bb81d450a07c50d68c32cc2515f0ace6ccf52d7d10c349e1ce40d54,fitted_model,ed27f1d07e5fb286254218122dbf22218fece9d223e8273be5a25c1df6e05a6a,1.99518810707,-0.00324317237355,411c630c68b48c4d3c3d613201fd86996a7c6c54de543da9246dd19a726f1c22,601,2.00165884602,0.963394342762,0.0633943427621,19.9767627716,20.8569057214,4,5.80532445923,13.5634969365,22.1120567322,2018-07_to_2018-08
terminal,2018-07_to_2018-08,xgboost_quantile,0.9,route_score_only,score_only,a929a25c3a6f7ff2a80c88c041c555cf851a58cdbb7dc576fb2bce0f4b1a947f,fitted_model,ed27f1d07e5fb286254218122dbf22218fece9d223e8273be5a25c1df6e05a6a,1.99518810707,0.00555995383681,411c630c68b48c4d3c3d613201fd86996a7c6c54de543da9246dd19a726f1c22,601,1.9840949533,0.961730449251,0.0617304492512,19.5840988159,20.772648486,4,5.80532445923,12.7349953444,21.8984470367,2018-07_to_2018-08
terminal,2018-07_to_2018-08,xgboost_quantile,0.9,route_metadata_only,metadata_only,007b300d5bd6e3e05bea0b2e8c723c4aa753c11f3ea6be836dbf88d5351c5406,fitted_model,ed27f1d07e5fb286254218122dbf22218fece9d223e8273be5a25c1df6e05a6a,1.99518810707,0.00817281097171,411c630c68b48c4d3c3d613201fd86996a7c6c54de543da9246dd19a726f1c22,601,1.97888181182,0.963394342762,0.0633943427621,20.9088802338,20.7170904766,4,5.80532445923,13.3232196028,22.234418869,2018-07_to_2018-08
terminal,2018-07_to_2018-08,xgboost_quantile,0.9,route_full,full,abe61732990ce792fafedf89b613d57e4fcfbbfd3f4444080eb7e0c64c5fa8b7,fitted_model,ed27f1d07e5fb286254218122dbf22218fece9d223e8273be5a25c1df6e05a6a,1.99518810707,-0.0686602983106,411c630c68b48c4d3c3d613201fd86996a7c6c54de543da9246dd19a726f1c22,601,2.13217831769,0.963394342762,0.0633943427621,21.7554264069,22.5452307322,4,5.80532445923,12.516854633,23.7901744843,2018-07_to_2018-08
terminal,2018-07_to_2018-08,xgboost_quantile,0.9,route_r1_score_only,score_only,bef4c121ccd9d41b2de54d2f04a4cbfd3cc173c706a1b62fb6a7a029ccc0b8d4,fitted_model,ed27f1d07e5fb286254218122dbf22218fece9d223e8273be5a25c1df6e05a6a,1.99518810707,0.0276899879382,411c630c68b48c4d3c3d613201fd86996a7c6c54de543da9246dd19a726f1c22,601,1.93994137245,0.963394342762,0.0633943427621,18.8767528534,20.198687382,4,5.80532445923,13.6756205992,21.5387535095,2018-07_to_2018-08
terminal,2018-07_to_2018-08,xgboost_quantile,0.9,route_r2_score_only,score_only,ee4075cd7ea5759492ad33f46c228c92611a55e5add7a8c7ae0774e930db3b14,fitted_model,ed27f1d07e5fb286254218122dbf22218fece9d223e8273be5a25c1df6e05a6a,1.99518810707,0.00432626728153,411c630c68b48c4d3c3d613201fd86996a7c6c54de543da9246dd19a726f1c22,601,1.98655639004,0.96006655574,0.0600665557404,19.9327774048,20.6659991682,4,5.80532445923,12.5330766837,22.1934127808,2018-07_to_2018-08
terminal,2018-07_to_2018-08,xgboost_quantile,0.9,combined_score_only,score_only,225b65351a06e8c6d571dc9b0b8e00f3a93e1ce8106fe0c20d4bcbc507443ea1,fitted_model,ed27f1d07e5fb286254218122dbf22218fece9d223e8273be5a25c1df6e05a6a,1.99518810707,-0.0608586615551,411c630c68b48c4d3c3d613201fd86996a7c6c54de543da9246dd19a726f1c22,601,2.11661258482,0.965058236273,0.0650582362729,21.4194030762,22.3229557456,4,5.80532445923,13.303548722,23.9633979797,2018-07_to_2018-08
terminal,2018-07_to_2018-08,xgboost_quantile,0.9,combined_metadata_only,metadata_only,d0ffcd6019a5713718c6e81772903c685f3fd402521bd9aa963c053509c0d505,fitted_model,ed27f1d07e5fb286254218122dbf22218fece9d223e8273be5a25c1df6e05a6a,1.99518810707,-0.0159787731532,411c630c68b48c4d3c3d613201fd86996a7c6c54de543da9246dd19a726f1c22,601,2.02706876523,0.963394342762,0.0633943427621,20.6151371002,21.246252847,4,5.80532445923,13.1940241727,23.1330318451,2018-07_to_2018-08
terminal,2018-07_to_2018-08,xgboost_quantile,0.9,combined_full,full,8dfb2041b265e6b75fee9f18aee2b53bff2e47c1b0d2bde3ee66d0cc2dcdd0aa,fitted_model,ed27f1d07e5fb286254218122dbf22218fece9d223e8273be5a25c1df6e05a6a,1.99518810707,-0.00374947698252,411c630c68b48c4d3c3d613201fd86996a7c6c54de543da9246dd19a726f1c22,601,2.00266901895,0.963394342762,0.0633943427621,20.5787258148,21.1022366002,4,5.80532445923,12.9208936691,22.1068000793,2018-07_to_2018-08
