task,period,row_type,cohort,family,quantile,model_id,profile_block,history_mode,reference_kind,reference_model,population,n_orders,order_id_sha256,paired_exact,all_mature_pinball_loss,reference_pinball_loss,delta_pinball_loss,all_mature_pinball_skill_vs_reference,reference_pinball_skill_vs_reference,delta_pinball_skill_vs_reference,all_mature_empirical_coverage,reference_empirical_coverage,delta_empirical_coverage,all_mature_coverage_error,reference_coverage_error,delta_coverage_error,all_mature_absolute_coverage_error,reference_absolute_coverage_error,delta_absolute_coverage_error,all_mature_p90_absolute_error,reference_p90_absolute_error,delta_p90_absolute_error,favourable_primary,n_months,favourable_month_count,favourable_month_count_pinball_loss,favourable_month_count_absolute_coverage_error,difference_aggregation
severity,later,monthly,2018-01,linear_quantile,0.5,DQB,all-mature seller pre-handoff and state-OD transit profiles,all_mature,promise_only,DQ0,all_mature_support_ge20,267,0b1b952793ce42162cc31f50030394259108670fca92ae2ba3619099a3a1508e,True,3.84490340073,3.73650680891,0.108396591818,-0.0290101416541,0,-0.0290101416541,0.426966292135,0.453183520599,-0.0262172284644,-0.0730337078652,-0.0468164794007,-0.0262172284644,0.0730337078652,0.0468164794007,0.0262172284644,18.8235124741,17.9310245826,0.892487891522,False,,,,,paired_same_month_identical_orders
severity,later,monthly,2018-01,linear_quantile,0.5,DQB,all-mature seller pre-handoff and state-OD transit profiles,all_mature,promise_only,DQ0,all_orders,403,cc962f7c6748592fd8cbeb18e371836d602ddaae3749434d4bfdae9acdb702b7,True,4.30316248074,4.23722268556,0.065939795176,-0.0155620320359,0,-0.0155620320359,0.404466501241,0.416873449132,-0.0124069478908,-0.0955334987593,-0.0831265508685,-0.0124069478908,0.0955334987593,0.0831265508685,0.0124069478908,19.5972411579,19.226065758,0.371175399884,False,,,,,paired_same_month_identical_orders
severity,later,monthly,2018-01,linear_quantile,0.5,DQB,all-mature seller pre-handoff and state-OD transit profiles,all_mature,selected_90d,DQB,all_orders,403,cc962f7c6748592fd8cbeb18e371836d602ddaae3749434d4bfdae9acdb702b7,True,4.30316248074,4.24130451873,0.0618579620112,-0.0145846547302,0,-0.0145846547302,0.404466501241,0.446650124069,-0.0421836228288,-0.0955334987593,-0.0533498759305,-0.0421836228288,0.0955334987593,0.0533498759305,0.0421836228288,19.5972411579,18.538171383,1.0590697749,False,,,,,paired_same_month_identical_orders
severity,later,monthly,2018-01,linear_quantile,0.5,DQB,all-mature seller pre-handoff and state-OD transit profiles,all_mature,selected_90d,DQB,common_support_ge20,221,49b2b4d9b1dc1008693677c7b8248aa25320e1ca0edcb6c58146e808d40d0b4c,True,3.69536789435,3.67551476249,0.0198531318647,-0.00540145616263,0,-0.00540145616263,0.438914027149,0.488687782805,-0.0497737556561,-0.0610859728507,-0.0113122171946,-0.0497737556561,0.0610859728507,0.0113122171946,0.0497737556561,15.8946070162,15.6318735991,0.26273341711,False,,,,,paired_same_month_identical_orders
severity,later,monthly,2018-01,linear_quantile,0.5,DQG,all-mature state-OD transit profiles,all_mature,promise_only,DQ0,all_mature_support_ge20,387,3235a2073575728f338527fd52f81af615e3a5da71deea376d26db74d8bcf4b3,True,4.40154539059,4.33933905239,0.0622063381973,-0.0143354408232,0,-0.0143354408232,0.405684754522,0.413436692506,-0.0077519379845,-0.094315245478,-0.0865633074935,-0.0077519379845,0.094315245478,0.0865633074935,0.0077519379845,20.4505066606,20.3998218117,0.050684848862,False,,,,,paired_same_month_identical_orders
severity,later,monthly,2018-01,linear_quantile,0.5,DQG,all-mature state-OD transit profiles,all_mature,promise_only,DQ0,all_orders,403,cc962f7c6748592fd8cbeb18e371836d602ddaae3749434d4bfdae9acdb702b7,True,4.29427210594,4.23722268556,0.0570494203839,-0.0134638711764,0,-0.0134638711764,0.406947890819,0.416873449132,-0.00992555831266,-0.0930521091811,-0.0831265508685,-0.00992555831266,0.0930521091811,0.0831265508685,0.00992555831266,19.9167094495,19.226065758,0.690643691464,False,,,,,paired_same_month_identical_orders
severity,later,monthly,2018-01,linear_quantile,0.5,DQG,all-mature state-OD transit profiles,all_mature,selected_90d,DQG,all_orders,403,cc962f7c6748592fd8cbeb18e371836d602ddaae3749434d4bfdae9acdb702b7,True,4.29427210594,4.22416375934,0.0701083466038,-0.01659697649,0,-0.01659697649,0.406947890819,0.449131513648,-0.0421836228288,-0.0930521091811,-0.0508684863524,-0.0421836228288,0.0930521091811,0.0508684863524,0.0421836228288,19.9167094495,18.6432967151,1.27341273439,False,,,,,paired_same_month_identical_orders
severity,later,monthly,2018-01,linear_quantile,0.5,DQG,all-mature state-OD transit profiles,all_mature,selected_90d,DQG,common_support_ge20,376,02ddeb31e40ed2b73164f9a9beb44d8ae6505303f2636a763378a36f5583828f,True,4.30985757633,4.22805407587,0.081803500465,-0.0193477895498,0,-0.0193477895498,0.406914893617,0.449468085106,-0.0425531914894,-0.093085106383,-0.0505319148936,-0.0425531914894,0.093085106383,0.0505319148936,0.0425531914894,19.8146610385,18.4347975703,1.37986346825,False,,,,,paired_same_month_identical_orders
severity,later,monthly,2018-01,linear_quantile,0.5,DQS,all-mature seller pre-handoff profiles,all_mature,promise_only,DQ0,all_mature_support_ge20,274,3dda9d0ee615a5f6c364affea025934f76366da2c2d827bcf120f81e73028fc1,True,3.74423523074,3.69259134044,0.0516438902986,-0.0139858125466,0,-0.0139858125466,0.43795620438,0.459854014599,-0.021897810219,-0.0620437956204,-0.0401459854015,-0.021897810219,0.0620437956204,0.0401459854015,0.021897810219,17.5764163704,17.4534659869,0.122950383503,False,,,,,paired_same_month_identical_orders
severity,later,monthly,2018-01,linear_quantile,0.5,DQS,all-mature seller pre-handoff profiles,all_mature,promise_only,DQ0,all_orders,403,cc962f7c6748592fd8cbeb18e371836d602ddaae3749434d4bfdae9acdb702b7,True,4.25520706192,4.23722268556,0.0179843763546,-0.00424437837923,0,-0.00424437837923,0.404466501241,0.416873449132,-0.0124069478908,-0.0955334987593,-0.0831265508685,-0.0124069478908,0.0955334987593,0.0831265508685,0.0124069478908,19.2651724933,19.226065758,0.039106735296,False,,,,,paired_same_month_identical_orders
severity,later,monthly,2018-01,linear_quantile,0.5,DQS,all-mature seller pre-handoff profiles,all_mature,selected_90d,DQS,all_orders,403,cc962f7c6748592fd8cbeb18e371836d602ddaae3749434d4bfdae9acdb702b7,True,4.25520706192,4.2466657934,0.00854126851623,-0.00201128813327,0,-0.00201128813327,0.404466501241,0.424317617866,-0.0198511166253,-0.0955334987593,-0.075682382134,-0.0198511166253,0.0955334987593,0.075682382134,0.0198511166253,19.2651724933,19.4145829935,-0.149410500186,False,,,,,paired_same_month_identical_orders
severity,later,monthly,2018-01,linear_quantile,0.5,DQS,all-mature seller pre-handoff profiles,all_mature,selected_90d,DQS,common_support_ge20,230,110c0966398bf1ff34125b1db5df85f70b9dae679c1b992ed7d31c8dd9240763,True,3.62562509948,3.62060360157,0.00502149791161,-0.00138692286265,0,-0.00138692286265,0.44347826087,0.460869565217,-0.0173913043478,-0.0565217391304,-0.0391304347826,-0.0173913043478,0.0565217391304,0.0391304347826,0.0173913043478,15.5087367675,15.8410667597,-0.332329992226,False,,,,,paired_same_month_identical_orders
severity,later,monthly,2018-01,linear_quantile,0.9,DQB,all-mature seller pre-handoff and state-OD transit profiles,all_mature,promise_only,DQ0,all_mature_support_ge20,267,0b1b952793ce42162cc31f50030394259108670fca92ae2ba3619099a3a1508e,True,3.53995450843,3.40103878192,0.138915726511,-0.0408450874626,0,-0.0408450874626,0.827715355805,0.85393258427,-0.0262172284644,-0.0722846441948,-0.0460674157303,-0.0262172284644,0.0722846441948,0.0460674157303,0.0262172284644,17.3479960183,18.3630555668,-1.01505954844,False,,,,,paired_same_month_identical_orders
severity,later,monthly,2018-01,linear_quantile,0.9,DQB,all-mature seller pre-handoff and state-OD transit profiles,all_mature,promise_only,DQ0,all_orders,403,cc962f7c6748592fd8cbeb18e371836d602ddaae3749434d4bfdae9acdb702b7,True,4.0173990034,3.91393097227,0.103468031132,-0.0264358344246,0,-0.0264358344246,0.806451612903,0.826302729529,-0.0198511166253,-0.0935483870968,-0.0736972704715,-0.0198511166253,0.0935483870968,0.0736972704715,0.0198511166253,18.4793573548,18.4541437647,0.02521359012,False,,,,,paired_same_month_identical_orders
severity,later,monthly,2018-01,linear_quantile,0.9,DQB,all-mature seller pre-handoff and state-OD transit profiles,all_mature,selected_90d,DQB,all_orders,403,cc962f7c6748592fd8cbeb18e371836d602ddaae3749434d4bfdae9acdb702b7,True,4.0173990034,3.95325823449,0.0641407689074,-0.0162247860127,0,-0.0162247860127,0.806451612903,0.813895781638,-0.00744416873449,-0.0935483870968,-0.0861042183623,-0.00744416873449,0.0935483870968,0.0861042183623,0.00744416873449,18.4793573548,18.0718958775,0.40746147738,False,,,,,paired_same_month_identical_orders
severity,later,monthly,2018-01,linear_quantile,0.9,DQB,all-mature seller pre-handoff and state-OD transit profiles,all_mature,selected_90d,DQB,common_support_ge20,221,49b2b4d9b1dc1008693677c7b8248aa25320e1ca0edcb6c58146e808d40d0b4c,True,3.46733615434,3.38323984367,0.0840963106714,-0.0248567392669,0,-0.0248567392669,0.83257918552,0.846153846154,-0.0135746606335,-0.0674208144796,-0.0538461538462,-0.0135746606335,0.0674208144796,0.0538461538462,0.0135746606335,16.8290404259,17.3767307163,-0.5476902904,False,,,,,paired_same_month_identical_orders
severity,later,monthly,2018-01,linear_quantile,0.9,DQG,all-mature state-OD transit profiles,all_mature,promise_only,DQ0,all_mature_support_ge20,387,3235a2073575728f338527fd52f81af615e3a5da71deea376d26db74d8bcf4b3,True,4.18458360458,4.02065451428,0.163929090293,-0.0407717424392,0,-0.0407717424392,0.78811369509,0.819121447028,-0.031007751938,-0.11188630491,-0.0808785529716,-0.031007751938,0.11188630491,0.0808785529716,0.031007751938,17.412140117,18.3372481112,-0.9251079942,False,,,,,paired_same_month_identical_orders
severity,later,monthly,2018-01,linear_quantile,0.9,DQG,all-mature state-OD transit profiles,all_mature,promise_only,DQ0,all_orders,403,cc962f7c6748592fd8cbeb18e371836d602ddaae3749434d4bfdae9acdb702b7,True,4.0820497445,3.91393097227,0.168118772238,-0.0429539441113,0,-0.0429539441113,0.796526054591,0.826302729529,-0.029776674938,-0.103473945409,-0.0736972704715,-0.029776674938,0.103473945409,0.0736972704715,0.029776674938,17.773065948,18.4541437647,-0.68107781674,False,,,,,paired_same_month_identical_orders
severity,later,monthly,2018-01,linear_quantile,0.9,DQG,all-mature state-OD transit profiles,all_mature,selected_90d,DQG,all_orders,403,cc962f7c6748592fd8cbeb18e371836d602ddaae3749434d4bfdae9acdb702b7,True,4.0820497445,3.99132707386,0.0907226706451,-0.0227299514588,0,-0.0227299514588,0.796526054591,0.808933002481,-0.0124069478908,-0.103473945409,-0.0910669975186,-0.0124069478908,0.103473945409,0.0910669975186,0.0124069478908,17.773065948,18.059652085,-0.28658613698,False,,,,,paired_same_month_identical_orders
severity,later,monthly,2018-01,linear_quantile,0.9,DQG,all-mature state-OD transit profiles,all_mature,selected_90d,DQG,common_support_ge20,376,02ddeb31e40ed2b73164f9a9beb44d8ae6505303f2636a763378a36f5583828f,True,4.03843703047,3.94334843331,0.0950885971601,-0.0241136685657,0,-0.0241136685657,0.789893617021,0.803191489362,-0.0132978723404,-0.110106382979,-0.0968085106383,-0.0132978723404,0.110106382979,0.0968085106383,0.0132978723404,17.2085028544,17.6369128757,-0.42841002135,False,,,,,paired_same_month_identical_orders
severity,later,monthly,2018-01,linear_quantile,0.9,DQS,all-mature seller pre-handoff profiles,all_mature,promise_only,DQ0,all_mature_support_ge20,274,3dda9d0ee615a5f6c364affea025934f76366da2c2d827bcf120f81e73028fc1,True,3.36573395734,3.35197771104,0.0137562463013,-0.00410391938348,0,-0.00410391938348,0.843065693431,0.857664233577,-0.014598540146,-0.0569343065693,-0.0423357664234,-0.014598540146,0.0569343065693,0.0423357664234,0.014598540146,17.871832575,18.5964381272,-0.72460555213,False,,,,,paired_same_month_identical_orders
severity,later,monthly,2018-01,linear_quantile,0.9,DQS,all-mature seller pre-handoff profiles,all_mature,promise_only,DQ0,all_orders,403,cc962f7c6748592fd8cbeb18e371836d602ddaae3749434d4bfdae9acdb702b7,True,3.88794870886,3.91393097227,-0.0259822634031,0.00663840614134,0,0.00663840614134,0.82382133995,0.826302729529,-0.00248138957816,-0.0761786600496,-0.0736972704715,-0.00248138957816,0.0761786600496,0.0736972704715,0.00248138957816,18.4091068181,18.4541437647,-0.04503694662,True,,,,,paired_same_month_identical_orders
severity,later,monthly,2018-01,linear_quantile,0.9,DQS,all-mature seller pre-handoff profiles,all_mature,selected_90d,DQS,all_orders,403,cc962f7c6748592fd8cbeb18e371836d602ddaae3749434d4bfdae9acdb702b7,True,3.88794870886,3.89693462831,-0.00898591944303,0.00230589432467,0,0.00230589432467,0.82382133995,0.826302729529,-0.00248138957816,-0.0761786600496,-0.0736972704715,-0.00248138957816,0.0761786600496,0.0736972704715,0.00248138957816,18.4091068181,18.1631974844,0.24590933366,True,,,,,paired_same_month_identical_orders
severity,later,monthly,2018-01,linear_quantile,0.9,DQS,all-mature seller pre-handoff profiles,all_mature,selected_90d,DQS,common_support_ge20,230,110c0966398bf1ff34125b1db5df85f70b9dae679c1b992ed7d31c8dd9240763,True,3.30685743302,3.30969597271,-0.0028385396963,0.000857643638481,0,0.000857643638481,0.84347826087,0.847826086957,-0.00434782608696,-0.0565217391304,-0.0521739130435,-0.00434782608696,0.0565217391304,0.0521739130435,0.00434782608696,17.652408553,17.5511358489,0.10127270414,True,,,,,paired_same_month_identical_orders
severity,later,monthly,2018-01,xgboost_quantile,0.5,DQB,all-mature seller pre-handoff and state-OD transit profiles,all_mature,promise_only,DQ0,all_mature_support_ge20,267,0b1b952793ce42162cc31f50030394259108670fca92ae2ba3619099a3a1508e,True,3.81029961797,3.80847377902,0.00182583894618,-0.000479414865933,0,-0.000479414865933,0.430711610487,0.441947565543,-0.0112359550562,-0.0692883895131,-0.0580524344569,-0.0112359550562,0.0692883895131,0.0580524344569,0.0112359550562,18.406000042,18.3579999924,0.04800004959,False,,,,,paired_same_month_identical_orders
severity,later,monthly,2018-01,xgboost_quantile,0.5,DQB,all-mature seller pre-handoff and state-OD transit profiles,all_mature,promise_only,DQ0,all_orders,403,cc962f7c6748592fd8cbeb18e371836d602ddaae3749434d4bfdae9acdb702b7,True,4.31218361322,4.31145781145,0.000725801765979,-0.000168342541599,0,-0.000168342541599,0.397022332506,0.401985111663,-0.00496277915633,-0.102977667494,-0.0980148883375,-0.00496277915633,0.102977667494,0.0980148883375,0.00496277915633,19.9699997902,19.9429999352,0.026999855036,False,,,,,paired_same_month_identical_orders
severity,later,monthly,2018-01,xgboost_quantile,0.5,DQB,all-mature seller pre-handoff and state-OD transit profiles,all_mature,selected_90d,DQB,all_orders,403,cc962f7c6748592fd8cbeb18e371836d602ddaae3749434d4bfdae9acdb702b7,True,4.31218361322,4.3120161221,0.000167491122406,-3.88428794476e-05,0,-3.88428794476e-05,0.397022332506,0.397022332506,0,-0.102977667494,-0.102977667494,0,0.102977667494,0.102977667494,0,19.9699997902,19.9699997902,0,False,,,,,paired_same_month_identical_orders
severity,later,monthly,2018-01,xgboost_quantile,0.5,DQB,all-mature seller pre-handoff and state-OD transit profiles,all_mature,selected_90d,DQB,common_support_ge20,221,49b2b4d9b1dc1008693677c7b8248aa25320e1ca0edcb6c58146e808d40d0b4c,True,3.65350678172,3.65343890471,6.78770142764e-05,-1.857893783e-05,0,-1.857893783e-05,0.438914027149,0.438914027149,0,-0.0610859728507,-0.0610859728507,0,0.0610859728507,0.0610859728507,0,16.9699997902,16.9699997902,0,False,,,,,paired_same_month_identical_orders
severity,later,monthly,2018-01,xgboost_quantile,0.5,DQG,all-mature state-OD transit profiles,all_mature,promise_only,DQ0,all_mature_support_ge20,387,3235a2073575728f338527fd52f81af615e3a5da71deea376d26db74d8bcf4b3,True,4.41994831482,4.41874676465,0.00120155016576,-0.000271921028689,0,-0.000271921028689,0.392764857881,0.400516795866,-0.0077519379845,-0.107235142119,-0.0994832041344,-0.0077519379845,0.107235142119,0.0994832041344,0.0077519379845,20.9699997902,21,-0.03000020981,False,,,,,paired_same_month_identical_orders
severity,later,monthly,2018-01,xgboost_quantile,0.5,DQG,all-mature state-OD transit profiles,all_mature,promise_only,DQ0,all_orders,403,cc962f7c6748592fd8cbeb18e371836d602ddaae3749434d4bfdae9acdb702b7,True,4.31281637199,4.31145781145,0.00135856053367,-0.000315104679921,0,-0.000315104679921,0.394540942928,0.401985111663,-0.00744416873449,-0.105459057072,-0.0980148883375,-0.00744416873449,0.105459057072,0.0980148883375,0.00744416873449,19.9699997902,19.9429999352,0.026999855036,False,,,,,paired_same_month_identical_orders
severity,later,monthly,2018-01,xgboost_quantile,0.5,DQG,all-mature state-OD transit profiles,all_mature,selected_90d,DQG,all_orders,403,cc962f7c6748592fd8cbeb18e371836d602ddaae3749434d4bfdae9acdb702b7,True,4.31281637199,4.31114144242,0.00167492956437,-0.000388511856253,0,-0.000388511856253,0.394540942928,0.397022332506,-0.00248138957816,-0.105459057072,-0.102977667494,-0.00248138957816,0.105459057072,0.102977667494,0.00248138957816,19.9699997902,19.9400000572,0.02999973297,False,,,,,paired_same_month_identical_orders
severity,later,monthly,2018-01,xgboost_quantile,0.5,DQG,all-mature state-OD transit profiles,all_mature,selected_90d,DQG,common_support_ge20,376,02ddeb31e40ed2b73164f9a9beb44d8ae6505303f2636a763378a36f5583828f,True,4.32464095126,4.32268617318,0.00195477807773,-0.000452213739192,0,-0.000452213739192,0.393617021277,0.396276595745,-0.00265957446809,-0.106382978723,-0.103723404255,-0.00265957446809,0.106382978723,0.103723404255,0.00265957446809,19.9699997902,19.9400000572,0.02999973297,False,,,,,paired_same_month_identical_orders
severity,later,monthly,2018-01,xgboost_quantile,0.5,DQS,all-mature seller pre-handoff profiles,all_mature,promise_only,DQ0,all_mature_support_ge20,274,3dda9d0ee615a5f6c364affea025934f76366da2c2d827bcf120f81e73028fc1,True,3.75821168492,3.75347627427,0.00473541064858,-0.00126160665542,0,-0.00126160665542,0.397810218978,0.448905109489,-0.0510948905109,-0.102189781022,-0.0510948905109,-0.0510948905109,0.102189781022,0.0510948905109,0.0510948905109,17.7075000763,17.7,0.007500076291,False,,,,,paired_same_month_identical_orders
severity,later,monthly,2018-01,xgboost_quantile,0.5,DQS,all-mature seller pre-handoff profiles,all_mature,promise_only,DQ0,all_orders,403,cc962f7c6748592fd8cbeb18e371836d602ddaae3749434d4bfdae9acdb702b7,True,4.31404468025,4.31145781145,0.00258686879711,-0.000599998633927,0,-0.000599998633927,0.367245657568,0.401985111663,-0.0347394540943,-0.132754342432,-0.0980148883375,-0.0347394540943,0.132754342432,0.0980148883375,0.0347394540943,19.9850000381,19.9429999352,0.042000102992,False,,,,,paired_same_month_identical_orders
severity,later,monthly,2018-01,xgboost_quantile,0.5,DQS,all-mature seller pre-handoff profiles,all_mature,selected_90d,DQS,all_orders,403,cc962f7c6748592fd8cbeb18e371836d602ddaae3749434d4bfdae9acdb702b7,True,4.31404468025,4.31423076625,-0.000186085996936,4.31330652018e-05,0,4.31330652018e-05,0.367245657568,0.374689826303,-0.00744416873449,-0.132754342432,-0.125310173697,-0.00744416873449,0.132754342432,0.125310173697,0.00744416873449,19.9850000381,20.0359999657,-0.050999927522,True,,,,,paired_same_month_identical_orders
severity,later,monthly,2018-01,xgboost_quantile,0.5,DQS,all-mature seller pre-handoff profiles,all_mature,selected_90d,DQS,common_support_ge20,230,110c0966398bf1ff34125b1db5df85f70b9dae679c1b992ed7d31c8dd9240763,True,3.62977174365,3.63006521515,-0.000293471502152,8.08446914194e-05,0,8.08446914194e-05,0.395652173913,0.4,-0.00434782608696,-0.104347826087,-0.1,-0.00434782608696,0.104347826087,0.1,0.00434782608696,17.0059999943,16.9400000572,0.065999937058,True,,,,,paired_same_month_identical_orders
severity,later,monthly,2018-01,xgboost_quantile,0.9,DQB,all-mature seller pre-handoff and state-OD transit profiles,all_mature,promise_only,DQ0,all_mature_support_ge20,267,0b1b952793ce42162cc31f50030394259108670fca92ae2ba3619099a3a1508e,True,3.56133400063,3.47094020486,0.0903937957713,-0.0260430288153,0,-0.0260430288153,0.827715355805,0.835205992509,-0.00749063670412,-0.0722846441948,-0.0647940074906,-0.00749063670412,0.0722846441948,0.0647940074906,0.00749063670412,15.9956302643,16.6986923218,-0.70306205752,False,,,,,paired_same_month_identical_orders
severity,later,monthly,2018-01,xgboost_quantile,0.9,DQB,all-mature seller pre-handoff and state-OD transit profiles,all_mature,promise_only,DQ0,all_orders,403,cc962f7c6748592fd8cbeb18e371836d602ddaae3749434d4bfdae9acdb702b7,True,4.08361091898,3.99849137952,0.0851195394547,-0.0212879137093,0,-0.0212879137093,0.801488833747,0.806451612903,-0.00496277915633,-0.0985111662531,-0.0935483870968,-0.00496277915633,0.0985111662531,0.0935483870968,0.00496277915633,16.3718204499,16.6986923218,-0.32687187194,False,,,,,paired_same_month_identical_orders
severity,later,monthly,2018-01,xgboost_quantile,0.9,DQB,all-mature seller pre-handoff and state-OD transit profiles,all_mature,selected_90d,DQB,all_orders,403,cc962f7c6748592fd8cbeb18e371836d602ddaae3749434d4bfdae9acdb702b7,True,4.08361091898,4.0522286337,0.031382285276,-0.00774445079802,0,-0.00774445079802,0.801488833747,0.806451612903,-0.00496277915633,-0.0985111662531,-0.0935483870968,-0.00496277915633,0.0985111662531,0.0935483870968,0.00496277915633,16.3718204499,16.236371994,0.13544845586,False,,,,,paired_same_month_identical_orders
severity,later,monthly,2018-01,xgboost_quantile,0.9,DQB,all-mature seller pre-handoff and state-OD transit profiles,all_mature,selected_90d,DQB,common_support_ge20,221,49b2b4d9b1dc1008693677c7b8248aa25320e1ca0edcb6c58146e808d40d0b4c,True,3.43751402376,3.4175246079,0.0199894158549,-0.00584909200322,0,-0.00584909200322,0.841628959276,0.841628959276,0,-0.058371040724,-0.058371040724,0,0.058371040724,0.058371040724,0,15.8954524994,16.1653251648,-0.2698726654,False,,,,,paired_same_month_identical_orders
severity,later,monthly,2018-01,xgboost_quantile,0.9,DQG,all-mature state-OD transit profiles,all_mature,promise_only,DQ0,all_mature_support_ge20,387,3235a2073575728f338527fd52f81af615e3a5da71deea376d26db74d8bcf4b3,True,4.18995513423,4.11462615898,0.0753289752547,-0.0183076110305,0,-0.0183076110305,0.793281653747,0.798449612403,-0.00516795865633,-0.106718346253,-0.101550387597,-0.00516795865633,0.106718346253,0.101550387597,0.00516795865633,16.0210151672,16.6986923218,-0.6776771546,False,,,,,paired_same_month_identical_orders
severity,later,monthly,2018-01,xgboost_quantile,0.9,DQG,all-mature state-OD transit profiles,all_mature,promise_only,DQ0,all_orders,403,cc962f7c6748592fd8cbeb18e371836d602ddaae3749434d4bfdae9acdb702b7,True,4.06958440492,3.99849137952,0.0710930253977,-0.0177799621532,0,-0.0177799621532,0.801488833747,0.806451612903,-0.00496277915633,-0.0985111662531,-0.0935483870968,-0.00496277915633,0.0985111662531,0.0935483870968,0.00496277915633,16.2274772644,16.6986923218,-0.4712150574,False,,,,,paired_same_month_identical_orders
severity,later,monthly,2018-01,xgboost_quantile,0.9,DQG,all-mature state-OD transit profiles,all_mature,selected_90d,DQG,all_orders,403,cc962f7c6748592fd8cbeb18e371836d602ddaae3749434d4bfdae9acdb702b7,True,4.06958440492,4.02848564035,0.0410987645733,-0.0102020382453,0,-0.0102020382453,0.801488833747,0.801488833747,0,-0.0985111662531,-0.0985111662531,0,0.0985111662531,0.0985111662531,0,16.2274772644,16.3882511139,-0.16077384948,False,,,,,paired_same_month_identical_orders
severity,later,monthly,2018-01,xgboost_quantile,0.9,DQG,all-mature state-OD transit profiles,all_mature,selected_90d,DQG,common_support_ge20,376,02ddeb31e40ed2b73164f9a9beb44d8ae6505303f2636a763378a36f5583828f,True,4.03796999454,3.98599622148,0.0519737730609,-0.0130390924058,0,-0.0130390924058,0.795212765957,0.795212765957,0,-0.104787234043,-0.104787234043,0,0.104787234043,0.104787234043,0,16.0210151672,16.1221084595,-0.10109329225,False,,,,,paired_same_month_identical_orders
severity,later,monthly,2018-01,xgboost_quantile,0.9,DQS,all-mature seller pre-handoff profiles,all_mature,promise_only,DQ0,all_mature_support_ge20,274,3dda9d0ee615a5f6c364affea025934f76366da2c2d827bcf120f81e73028fc1,True,3.47487917434,3.41567140148,0.0592077728613,-0.0173341536413,0,-0.0173341536413,0.835766423358,0.839416058394,-0.0036496350365,-0.0642335766423,-0.0605839416058,-0.0036496350365,0.0642335766423,0.0605839416058,0.0036496350365,15.9713783264,16.6986923218,-0.7273139954,False,,,,,paired_same_month_identical_orders
severity,later,monthly,2018-01,xgboost_quantile,0.9,DQS,all-mature seller pre-handoff profiles,all_mature,promise_only,DQ0,all_orders,403,cc962f7c6748592fd8cbeb18e371836d602ddaae3749434d4bfdae9acdb702b7,True,4.03789016497,3.99849137952,0.039398785444,-0.00985341262602,0,-0.00985341262602,0.806451612903,0.806451612903,0,-0.0935483870968,-0.0935483870968,0,0.0935483870968,0.0935483870968,0,16.1883598328,16.6986923218,-0.51033248904,False,,,,,paired_same_month_identical_orders
severity,later,monthly,2018-01,xgboost_quantile,0.9,DQS,all-mature seller pre-handoff profiles,all_mature,selected_90d,DQS,all_orders,403,cc962f7c6748592fd8cbeb18e371836d602ddaae3749434d4bfdae9acdb702b7,True,4.03789016497,4.0525276274,-0.0146374624354,0.00361193402765,0,0.00361193402765,0.806451612903,0.801488833747,0.00496277915633,-0.0935483870968,-0.0985111662531,0.00496277915633,0.0935483870968,0.0985111662531,-0.00496277915633,16.1883598328,16.3903064728,-0.20194664004,True,,,,,paired_same_month_identical_orders
severity,later,monthly,2018-01,xgboost_quantile,0.9,DQS,all-mature seller pre-handoff profiles,all_mature,selected_90d,DQS,common_support_ge20,230,110c0966398bf1ff34125b1db5df85f70b9dae679c1b992ed7d31c8dd9240763,True,3.37019738985,3.38288817115,-0.0126907813039,0.00375146344243,0,0.00375146344243,0.847826086957,0.84347826087,0.00434782608696,-0.0521739130435,-0.0565217391304,0.00434782608696,0.0521739130435,0.0565217391304,-0.00434782608696,15.785962677,16.3903064728,-0.60434379576,True,,,,,paired_same_month_identical_orders
severity,later,monthly,2018-02,linear_quantile,0.5,DQB,all-mature seller pre-handoff and state-OD transit profiles,all_mature,promise_only,DQ0,all_mature_support_ge20,681,460daa0c134d4d18ca3dcefc349fec622fbc9cf313ed943d9066148aed24300a,True,4.06588479014,4.10252619014,-0.0366413999993,0.0089314237865,0,0.0089314237865,0.42731277533,0.409691629956,0.0176211453744,-0.0726872246696,-0.0903083700441,0.0176211453744,0.0726872246696,0.0903083700441,-0.0176211453744,18.2659860912,18.9157695073,-0.64978341617,True,,,,,paired_same_month_identical_orders
severity,later,monthly,2018-02,linear_quantile,0.5,DQB,all-mature seller pre-handoff and state-OD transit profiles,all_mature,promise_only,DQ0,all_orders,926,7d95c88138b22ba2667424325239c22950b3bf7d98924869363f5813ba7b7bad,True,4.28154143667,4.33729835919,-0.0557569225233,0.0128552195182,0,0.0128552195182,0.428725701944,0.406047516199,0.0226781857451,-0.0712742980562,-0.0939524838013,0.0226781857451,0.0712742980562,0.0939524838013,-0.0226781857451,20.402894252,21.1674829597,-0.76458870769,True,,,,,paired_same_month_identical_orders
severity,later,monthly,2018-02,linear_quantile,0.5,DQB,all-mature seller pre-handoff and state-OD transit profiles,all_mature,selected_90d,DQB,all_orders,926,7d95c88138b22ba2667424325239c22950b3bf7d98924869363f5813ba7b7bad,True,4.28154143667,4.24960032655,0.0319411101175,-0.00751626215715,0,-0.00751626215715,0.428725701944,0.442764578834,-0.0140388768898,-0.0712742980562,-0.0572354211663,-0.0140388768898,0.0712742980562,0.0572354211663,0.0140388768898,20.402894252,20.0328539685,0.370040283535,False,,,,,paired_same_month_identical_orders
severity,later,monthly,2018-02,linear_quantile,0.5,DQB,all-mature seller pre-handoff and state-OD transit profiles,all_mature,selected_90d,DQB,common_support_ge20,570,8f806797d4dc54f92cc9bf8681daf07e2a7ec0704bf88b9510de19687b878676,True,3.98963517908,3.96555069103,0.0240844880452,-0.00607342836385,0,-0.00607342836385,0.435087719298,0.450877192982,-0.0157894736842,-0.0649122807018,-0.0491228070175,-0.0157894736842,0.0649122807018,0.0491228070175,0.0157894736842,17.3382584796,17.0353535446,0.302904934957,False,,,,,paired_same_month_identical_orders
severity,later,monthly,2018-02,linear_quantile,0.5,DQG,all-mature state-OD transit profiles,all_mature,promise_only,DQ0,all_mature_support_ge20,901,fed599f3c041e0044fe24b8c2d2341af450e2988ea1c1a411ea50df4dce622cb,True,4.24468018092,4.27792541613,-0.0332452352101,0.00777134521438,0,0.00777134521438,0.432852386238,0.408435072142,0.0244173140954,-0.0671476137625,-0.0915649278579,0.0244173140954,0.0671476137625,0.0915649278579,-0.0244173140954,20.6761947583,21.2680104383,-0.59181567992,True,,,,,paired_same_month_identical_orders
severity,later,monthly,2018-02,linear_quantile,0.5,DQG,all-mature state-OD transit profiles,all_mature,promise_only,DQ0,all_orders,926,7d95c88138b22ba2667424325239c22950b3bf7d98924869363f5813ba7b7bad,True,4.29300639153,4.33729835919,-0.0442919676628,0.0102118793762,0,0.0102118793762,0.429805615551,0.406047516199,0.0237580993521,-0.0701943844492,-0.0939524838013,0.0237580993521,0.0701943844492,0.0939524838013,-0.0237580993521,20.6752075163,21.1674829597,-0.492275443385,True,,,,,paired_same_month_identical_orders
severity,later,monthly,2018-02,linear_quantile,0.5,DQG,all-mature state-OD transit profiles,all_mature,selected_90d,DQG,all_orders,926,7d95c88138b22ba2667424325239c22950b3bf7d98924869363f5813ba7b7bad,True,4.29300639153,4.29790726066,-0.00490086913067,0.0011402919685,0,0.0011402919685,0.429805615551,0.434125269978,-0.00431965442765,-0.0701943844492,-0.0658747300216,-0.00431965442765,0.0701943844492,0.0658747300216,0.00431965442765,20.6752075163,20.4991509593,0.1760565571,True,,,,,paired_same_month_identical_orders
severity,later,monthly,2018-02,linear_quantile,0.5,DQG,all-mature state-OD transit profiles,all_mature,selected_90d,DQG,common_support_ge20,881,0862455bdf06a298e82665af3ca7d431ba3f0922eb153bc2a2c5591c258fe5a7,True,4.24537606979,4.23476133365,0.0106147361401,-0.00250657246153,0,-0.00250657246153,0.432463110102,0.437003405221,-0.00454029511918,-0.0675368898978,-0.0629965947787,-0.00454029511918,0.0675368898978,0.0629965947787,0.00454029511918,20.6742202744,20.4953544936,0.17886578078,False,,,,,paired_same_month_identical_orders
severity,later,monthly,2018-02,linear_quantile,0.5,DQS,all-mature seller pre-handoff profiles,all_mature,promise_only,DQ0,all_mature_support_ge20,695,7604bbedc8cd6082cdb8c0de3c5d195902de36c32e71d018baad7ed3bbdf31f3,True,4.1336047377,4.11914290636,0.0144618313376,-0.00351088361496,0,-0.00351088361496,0.397122302158,0.407194244604,-0.010071942446,-0.102877697842,-0.0928057553957,-0.010071942446,0.102877697842,0.0928057553957,0.010071942446,19.5271152677,19.3674812541,0.159634013598,False,,,,,paired_same_month_identical_orders
severity,later,monthly,2018-02,linear_quantile,0.5,DQS,all-mature seller pre-handoff profiles,all_mature,promise_only,DQ0,all_orders,926,7d95c88138b22ba2667424325239c22950b3bf7d98924869363f5813ba7b7bad,True,4.33661986919,4.33729835919,-0.000678490004941,0.000156431480786,0,0.000156431480786,0.406047516199,0.406047516199,0,-0.0939524838013,-0.0939524838013,0,0.0939524838013,0.0939524838013,0,20.9230725224,21.1674829597,-0.24441043737,True,,,,,paired_same_month_identical_orders
severity,later,monthly,2018-02,linear_quantile,0.5,DQS,all-mature seller pre-handoff profiles,all_mature,selected_90d,DQS,all_orders,926,7d95c88138b22ba2667424325239c22950b3bf7d98924869363f5813ba7b7bad,True,4.33661986919,4.32312288638,0.0134969828055,-0.00312204467932,0,-0.00312204467932,0.406047516199,0.403887688985,0.00215982721382,-0.0939524838013,-0.0961123110151,0.00215982721382,0.0939524838013,0.0961123110151,-0.00215982721382,20.9230725224,20.9113284465,0.011744075835,False,,,,,paired_same_month_identical_orders
severity,later,monthly,2018-02,linear_quantile,0.5,DQS,all-mature seller pre-handoff profiles,all_mature,selected_90d,DQS,common_support_ge20,595,c5e2f9fc54f70e9083c13873c805eedbb4edb7646279bd40a91d1d7b6fcca26a,True,4.03877844353,4.03260971134,0.00616873219083,-0.00152971217956,0,-0.00152971217956,0.41512605042,0.41512605042,0,-0.0848739495798,-0.0848739495798,0,0.0848739495798,0.0848739495798,0,18.5593399218,18.6842102174,-0.12487029563,False,,,,,paired_same_month_identical_orders
severity,later,monthly,2018-02,linear_quantile,0.9,DQB,all-mature seller pre-handoff and state-OD transit profiles,all_mature,promise_only,DQ0,all_mature_support_ge20,681,460daa0c134d4d18ca3dcefc349fec622fbc9cf313ed943d9066148aed24300a,True,3.02872815836,3.01894273128,0.00978542707771,-0.00324134239988,0,-0.00324134239988,0.848751835536,0.859030837004,-0.0102790014684,-0.051248164464,-0.0409691629956,-0.0102790014684,0.051248164464,0.0409691629956,0.0102790014684,19.4355279162,20,-0.5644720838,False,,,,,paired_same_month_identical_orders
severity,later,monthly,2018-02,linear_quantile,0.9,DQB,all-mature seller pre-handoff and state-OD transit profiles,all_mature,promise_only,DQ0,all_orders,926,7d95c88138b22ba2667424325239c22950b3bf7d98924869363f5813ba7b7bad,True,3.34752110078,3.35518358531,-0.00766248453095,0.00228377504125,0,0.00228377504125,0.830453563715,0.83909287257,-0.00863930885529,-0.0695464362851,-0.0609071274298,-0.00863930885529,0.0695464362851,0.0609071274298,0.00863930885529,19.692491293,20,-0.30750870695,True,,,,,paired_same_month_identical_orders
severity,later,monthly,2018-02,linear_quantile,0.9,DQB,all-mature seller pre-handoff and state-OD transit profiles,all_mature,selected_90d,DQB,all_orders,926,7d95c88138b22ba2667424325239c22950b3bf7d98924869363f5813ba7b7bad,True,3.34752110078,3.36652299063,-0.0190018898437,0.00564436657542,0,0.00564436657542,0.830453563715,0.829373650108,0.00107991360691,-0.0695464362851,-0.070626349892,0.00107991360691,0.0695464362851,0.070626349892,-0.00107991360691,19.692491293,19.543675312,0.148815981,True,,,,,paired_same_month_identical_orders
severity,later,monthly,2018-02,linear_quantile,0.9,DQB,all-mature seller pre-handoff and state-OD transit profiles,all_mature,selected_90d,DQB,common_support_ge20,570,8f806797d4dc54f92cc9bf8681daf07e2a7ec0704bf88b9510de19687b878676,True,3.05486136595,3.05514314083,-0.000281774871702,9.22296791716e-05,0,9.22296791716e-05,0.856140350877,0.854385964912,0.00175438596491,-0.0438596491228,-0.0456140350877,0.00175438596491,0.0438596491228,0.0456140350877,-0.00175438596491,19.4367388024,19.4610801969,-0.02434139443,True,,,,,paired_same_month_identical_orders
severity,later,monthly,2018-02,linear_quantile,0.9,DQG,all-mature state-OD transit profiles,all_mature,promise_only,DQ0,all_mature_support_ge20,901,fed599f3c041e0044fe24b8c2d2341af450e2988ea1c1a411ea50df4dce622cb,True,3.26559378468,3.26559378468,0,0,0,0,0.840177580466,0.840177580466,0,-0.0598224195339,-0.0598224195339,0,0.0598224195339,0.0598224195339,0,20,20,0,True,,,,,paired_same_month_identical_orders
severity,later,monthly,2018-02,linear_quantile,0.9,DQG,all-mature state-OD transit profiles,all_mature,promise_only,DQ0,all_orders,926,7d95c88138b22ba2667424325239c22950b3bf7d98924869363f5813ba7b7bad,True,3.35615550756,3.35518358531,0.000971922246221,-0.000289677813898,0,-0.000289677813898,0.83909287257,0.83909287257,0,-0.0609071274298,-0.0609071274298,0,0.0609071274298,0.0609071274298,0,20,20,0,False,,,,,paired_same_month_identical_orders
severity,later,monthly,2018-02,linear_quantile,0.9,DQG,all-mature state-OD transit profiles,all_mature,selected_90d,DQG,all_orders,926,7d95c88138b22ba2667424325239c22950b3bf7d98924869363f5813ba7b7bad,True,3.35615550756,3.35518358531,0.000971922246221,-0.000289677813898,0,-0.000289677813898,0.83909287257,0.83909287257,0,-0.0609071274298,-0.0609071274298,0,0.0609071274298,0.0609071274298,0,20,20,0,False,,,,,paired_same_month_identical_orders
severity,later,monthly,2018-02,linear_quantile,0.9,DQG,all-mature state-OD transit profiles,all_mature,selected_90d,DQG,common_support_ge20,881,0862455bdf06a298e82665af3ca7d431ba3f0922eb153bc2a2c5591c258fe5a7,True,3.27593643587,3.27593643587,0,0,0,0,0.841089670829,0.841089670829,0,-0.0589103291714,-0.0589103291714,0,0.0589103291714,0.0589103291714,0,20,20,0,True,,,,,paired_same_month_identical_orders
severity,later,monthly,2018-02,linear_quantile,0.9,DQS,all-mature seller pre-handoff profiles,all_mature,promise_only,DQ0,all_mature_support_ge20,695,7604bbedc8cd6082cdb8c0de3c5d195902de36c32e71d018baad7ed3bbdf31f3,True,3.03740238674,3.02848920863,0.00891317810868,-0.00294311040742,0,-0.00294311040742,0.848920863309,0.857553956835,-0.00863309352518,-0.0510791366906,-0.0424460431655,-0.00863309352518,0.0510791366906,0.0424460431655,0.00863309352518,19.4797217935,20,-0.5202782065,False,,,,,paired_same_month_identical_orders
severity,later,monthly,2018-02,linear_quantile,0.9,DQS,all-mature seller pre-handoff profiles,all_mature,promise_only,DQ0,all_orders,926,7d95c88138b22ba2667424325239c22950b3bf7d98924869363f5813ba7b7bad,True,3.34673876745,3.35518358531,-0.00844481786799,0.00251694658527,0,0.00251694658527,0.831533477322,0.83909287257,-0.00755939524838,-0.0684665226782,-0.0609071274298,-0.00755939524838,0.0684665226782,0.0609071274298,0.00755939524838,19.7296519012,20,-0.2703480988,True,,,,,paired_same_month_identical_orders
severity,later,monthly,2018-02,linear_quantile,0.9,DQS,all-mature seller pre-handoff profiles,all_mature,selected_90d,DQS,all_orders,926,7d95c88138b22ba2667424325239c22950b3bf7d98924869363f5813ba7b7bad,True,3.34673876745,3.36144983685,-0.0147110694043,0.00437640605046,0,0.00437640605046,0.831533477322,0.830453563715,0.00107991360691,-0.0684665226782,-0.0695464362851,0.00107991360691,0.0684665226782,0.0695464362851,-0.00107991360691,19.7296519012,19.6703209165,0.0593309847,True,,,,,paired_same_month_identical_orders
severity,later,monthly,2018-02,linear_quantile,0.9,DQS,all-mature seller pre-handoff profiles,all_mature,selected_90d,DQS,common_support_ge20,595,c5e2f9fc54f70e9083c13873c805eedbb4edb7646279bd40a91d1d7b6fcca26a,True,3.04983905429,3.04636378271,0.00347527158299,-0.00114079336247,0,-0.00114079336247,0.855462184874,0.852100840336,0.00336134453782,-0.0445378151261,-0.0478991596639,0.00336134453782,0.0445378151261,0.0478991596639,-0.00336134453782,19.5324907999,19.604617693,-0.07212689312,False,,,,,paired_same_month_identical_orders
severity,later,monthly,2018-02,xgboost_quantile,0.5,DQB,all-mature seller pre-handoff and state-OD transit profiles,all_mature,promise_only,DQ0,all_mature_support_ge20,681,460daa0c134d4d18ca3dcefc349fec622fbc9cf313ed943d9066148aed24300a,True,4.15061307759,4.14291483155,0.00769824603605,-0.00185817144427,0,-0.00185817144427,0.380323054332,0.392070484581,-0.0117474302496,-0.119676945668,-0.107929515419,-0.0117474302496,0.119676945668,0.107929515419,0.0117474302496,20,19.9699997902,0.03000020981,False,,,,,paired_same_month_identical_orders
severity,later,monthly,2018-02,xgboost_quantile,0.5,DQB,all-mature seller pre-handoff and state-OD transit profiles,all_mature,promise_only,DQ0,all_orders,926,7d95c88138b22ba2667424325239c22950b3bf7d98924869363f5813ba7b7bad,True,4.38546976956,4.37848811968,0.00698164987279,-0.00159453438766,0,-0.00159453438766,0.38120950324,0.388768898488,-0.00755939524838,-0.11879049676,-0.111231101512,-0.00755939524838,0.11879049676,0.111231101512,0.00755939524838,22,21.9699997902,0.03000020981,False,,,,,paired_same_month_identical_orders
severity,later,monthly,2018-02,xgboost_quantile,0.5,DQB,all-mature seller pre-handoff and state-OD transit profiles,all_mature,selected_90d,DQB,all_orders,926,7d95c88138b22ba2667424325239c22950b3bf7d98924869363f5813ba7b7bad,True,4.38546976956,4.37690873589,0.00856103366735,-0.00195595434676,0,-0.00195595434676,0.38120950324,0.394168466523,-0.0129589632829,-0.11879049676,-0.105831533477,-0.0129589632829,0.11879049676,0.105831533477,0.0129589632829,22,21.9099998474,0.09000015259,False,,,,,paired_same_month_identical_orders
severity,later,monthly,2018-02,xgboost_quantile,0.5,DQB,all-mature seller pre-handoff and state-OD transit profiles,all_mature,selected_90d,DQB,common_support_ge20,570,8f806797d4dc54f92cc9bf8681daf07e2a7ec0704bf88b9510de19687b878676,True,4.05157456858,4.04511402908,0.00646053950015,-0.00159712172604,0,-0.00159712172604,0.391228070175,0.410526315789,-0.019298245614,-0.108771929825,-0.0894736842105,-0.019298245614,0.108771929825,0.0894736842105,0.019298245614,19,18.9099998474,0.09000015259,False,,,,,paired_same_month_identical_orders
severity,later,monthly,2018-02,xgboost_quantile,0.5,DQG,all-mature state-OD transit profiles,all_mature,promise_only,DQ0,all_mature_support_ge20,901,fed599f3c041e0044fe24b8c2d2341af450e2988ea1c1a411ea50df4dce622cb,True,4.32241676677,4.31539955573,0.00701721103577,-0.00162608605417,0,-0.00162608605417,0.382907880133,0.390677025527,-0.00776914539401,-0.117092119867,-0.109322974473,-0.00776914539401,0.117092119867,0.109322974473,0.00776914539401,22,21.9699997902,0.03000020981,False,,,,,paired_same_month_identical_orders
severity,later,monthly,2018-02,xgboost_quantile,0.5,DQG,all-mature state-OD transit profiles,all_mature,promise_only,DQ0,all_orders,926,7d95c88138b22ba2667424325239c22950b3bf7d98924869363f5813ba7b7bad,True,4.3854049748,4.37848811968,0.00691685511817,-0.00157973595659,0,-0.00157973595659,0.38120950324,0.388768898488,-0.00755939524838,-0.11879049676,-0.111231101512,-0.00755939524838,0.11879049676,0.111231101512,0.00755939524838,22,21.9699997902,0.03000020981,False,,,,,paired_same_month_identical_orders
severity,later,monthly,2018-02,xgboost_quantile,0.5,DQG,all-mature state-OD transit profiles,all_mature,selected_90d,DQG,all_orders,926,7d95c88138b22ba2667424325239c22950b3bf7d98924869363f5813ba7b7bad,True,4.3854049748,4.37662525337,0.0087797214355,-0.00200604825116,0,-0.00200604825116,0.38120950324,0.394168466523,-0.0129589632829,-0.11879049676,-0.105831533477,-0.0129589632829,0.11879049676,0.105831533477,0.0129589632829,22,21.9099998474,0.09000015259,False,,,,,paired_same_month_identical_orders
severity,later,monthly,2018-02,xgboost_quantile,0.5,DQG,all-mature state-OD transit profiles,all_mature,selected_90d,DQG,common_support_ge20,881,0862455bdf06a298e82665af3ca7d431ba3f0922eb153bc2a2c5591c258fe5a7,True,4.32633088179,4.31714527317,0.00918560861628,-0.0021277043127,0,-0.0021277043127,0.381384790011,0.395005675369,-0.0136208853575,-0.118615209989,-0.104994324631,-0.0136208853575,0.118615209989,0.104994324631,0.0136208853575,21.9549999237,21.9099998474,0.0450000763,False,,,,,paired_same_month_identical_orders
severity,later,monthly,2018-02,xgboost_quantile,0.5,DQS,all-mature seller pre-handoff profiles,all_mature,promise_only,DQ0,all_mature_support_ge20,695,7604bbedc8cd6082cdb8c0de3c5d195902de36c32e71d018baad7ed3bbdf31f3,True,4.16535251638,4.16356115067,0.00179136571269,-0.000430248445469,0,-0.000430248445469,0.391366906475,0.389928057554,0.00143884892086,-0.108633093525,-0.110071942446,0.00143884892086,0.108633093525,0.110071942446,-0.00143884892086,19.9699997902,19.9699997902,0,False,,,,,paired_same_month_identical_orders
severity,later,monthly,2018-02,xgboost_quantile,0.5,DQS,all-mature seller pre-handoff profiles,all_mature,promise_only,DQ0,all_orders,926,7d95c88138b22ba2667424325239c22950b3bf7d98924869363f5813ba7b7bad,True,4.38017278485,4.37848811968,0.00168466516502,-0.000384759560599,0,-0.000384759560599,0.390928725702,0.388768898488,0.00215982721382,-0.109071274298,-0.111231101512,0.00215982721382,0.109071274298,0.111231101512,-0.00215982721382,21.9699997902,21.9699997902,0,False,,,,,paired_same_month_identical_orders
severity,later,monthly,2018-02,xgboost_quantile,0.5,DQS,all-mature seller pre-handoff profiles,all_mature,selected_90d,DQS,all_orders,926,7d95c88138b22ba2667424325239c22950b3bf7d98924869363f5813ba7b7bad,True,4.38017278485,4.3779373671,0.00223541774682,-0.000510609805343,0,-0.000510609805343,0.390928725702,0.389848812095,0.00107991360691,-0.109071274298,-0.110151187905,0.00107991360691,0.109071274298,0.110151187905,-0.00107991360691,21.9699997902,21.9549999237,0.01499986648,False,,,,,paired_same_month_identical_orders
severity,later,monthly,2018-02,xgboost_quantile,0.5,DQS,all-mature seller pre-handoff profiles,all_mature,selected_90d,DQS,common_support_ge20,595,c5e2f9fc54f70e9083c13873c805eedbb4edb7646279bd40a91d1d7b6fcca26a,True,4.06088235238,4.05923109535,0.00165125702592,-0.000406790593372,0,-0.000406790593372,0.410084033613,0.410084033613,0,-0.0899159663866,-0.0899159663866,0,0.0899159663866,0.0899159663866,0,18.9699997902,18.9549999237,0.01499986648,False,,,,,paired_same_month_identical_orders
severity,later,monthly,2018-02,xgboost_quantile,0.9,DQB,all-mature seller pre-handoff and state-OD transit profiles,all_mature,promise_only,DQ0,all_mature_support_ge20,681,460daa0c134d4d18ca3dcefc349fec622fbc9cf313ed943d9066148aed24300a,True,3.03433605984,3.01183300102,0.0225030588153,-0.0074715493215,0,-0.0074715493215,0.844346549192,0.85315712188,-0.00881057268722,-0.0556534508076,-0.0468428781204,-0.00881057268722,0.0556534508076,0.0468428781204,0.00881057268722,19.4619979858,19.8602561951,-0.3982582093,False,,,,,paired_same_month_identical_orders
severity,later,monthly,2018-02,xgboost_quantile,0.9,DQB,all-mature seller pre-handoff and state-OD transit profiles,all_mature,promise_only,DQ0,all_orders,926,7d95c88138b22ba2667424325239c22950b3bf7d98924869363f5813ba7b7bad,True,3.36421912463,3.34025176236,0.023967362274,-0.00717531610764,0,-0.00717531610764,0.827213822894,0.834773218143,-0.00755939524838,-0.0727861771058,-0.0652267818575,-0.00755939524838,0.0727861771058,0.0652267818575,0.00755939524838,19.6927375794,19.998254776,-0.30551719665,False,,,,,paired_same_month_identical_orders
severity,later,monthly,2018-02,xgboost_quantile,0.9,DQB,all-mature seller pre-handoff and state-OD transit profiles,all_mature,selected_90d,DQB,all_orders,926,7d95c88138b22ba2667424325239c22950b3bf7d98924869363f5813ba7b7bad,True,3.36421912463,3.3357038949,0.0285152297295,-0.00854848950265,0,-0.00854848950265,0.827213822894,0.831533477322,-0.00431965442765,-0.0727861771058,-0.0684665226782,-0.00431965442765,0.0727861771058,0.0684665226782,0.00431965442765,19.6927375794,19.6185312271,0.07420635225,False,,,,,paired_same_month_identical_orders
severity,later,monthly,2018-02,xgboost_quantile,0.9,DQB,all-mature seller pre-handoff and state-OD transit profiles,all_mature,selected_90d,DQB,common_support_ge20,570,8f806797d4dc54f92cc9bf8681daf07e2a7ec0704bf88b9510de19687b878676,True,3.05795830643,3.03608994199,0.0218683644334,-0.00720280520379,0,-0.00720280520379,0.852631578947,0.852631578947,0,-0.0473684210526,-0.0473684210526,0,0.0473684210526,0.0473684210526,0,19.4522493363,19.5632436753,-0.11099433898,False,,,,,paired_same_month_identical_orders
severity,later,monthly,2018-02,xgboost_quantile,0.9,DQG,all-mature state-OD transit profiles,all_mature,promise_only,DQ0,all_mature_support_ge20,901,fed599f3c041e0044fe24b8c2d2341af450e2988ea1c1a411ea50df4dce622cb,True,3.27107073163,3.25799150012,0.013079231509,-0.00401450756043,0,-0.00401450756043,0.834628190899,0.834628190899,0,-0.065371809101,-0.065371809101,0,0.065371809101,0.065371809101,0,19.6438827515,19.998254776,-0.3543720245,False,,,,,paired_same_month_identical_orders
severity,later,monthly,2018-02,xgboost_quantile,0.9,DQG,all-mature state-OD transit profiles,all_mature,promise_only,DQ0,all_orders,926,7d95c88138b22ba2667424325239c22950b3bf7d98924869363f5813ba7b7bad,True,3.35616092476,3.34025176236,0.0159091624032,-0.00476286326153,0,-0.00476286326153,0.833693304536,0.834773218143,-0.00107991360691,-0.0663066954644,-0.0652267818575,-0.00107991360691,0.0663066954644,0.0652267818575,0.00107991360691,19.6438827515,19.998254776,-0.3543720245,False,,,,,paired_same_month_identical_orders
severity,later,monthly,2018-02,xgboost_quantile,0.9,DQG,all-mature state-OD transit profiles,all_mature,selected_90d,DQG,all_orders,926,7d95c88138b22ba2667424325239c22950b3bf7d98924869363f5813ba7b7bad,True,3.35616092476,3.30423610061,0.0519248241488,-0.0157146228562,0,-0.0157146228562,0.833693304536,0.838012958963,-0.00431965442765,-0.0663066954644,-0.0619870410367,-0.00431965442765,0.0663066954644,0.0619870410367,0.00431965442765,19.6438827515,19.5462417603,0.0976409912,False,,,,,paired_same_month_identical_orders
severity,later,monthly,2018-02,xgboost_quantile,0.9,DQG,all-mature state-OD transit profiles,all_mature,selected_90d,DQG,common_support_ge20,881,0862455bdf06a298e82665af3ca7d431ba3f0922eb153bc2a2c5591c258fe5a7,True,3.28197768836,3.23019360208,0.051784086282,-0.0160312639616,0,-0.0160312639616,0.83541430193,0.839954597049,-0.00454029511918,-0.0645856980704,-0.0600454029512,-0.00454029511918,0.0645856980704,0.0600454029512,0.00454029511918,19.6438827515,19.5462417603,0.0976409912,False,,,,,paired_same_month_identical_orders
severity,later,monthly,2018-02,xgboost_quantile,0.9,DQS,all-mature seller pre-handoff profiles,all_mature,promise_only,DQ0,all_mature_support_ge20,695,7604bbedc8cd6082cdb8c0de3c5d195902de36c32e71d018baad7ed3bbdf31f3,True,3.02138773445,3.01161634212,0.00977139232858,-0.00324456744105,0,-0.00324456744105,0.848920863309,0.853237410072,-0.00431654676259,-0.0510791366906,-0.0467625899281,-0.00431654676259,0.0510791366906,0.0467625899281,0.00431654676259,19.7838401794,19.8602561951,-0.0764160157,False,,,,,paired_same_month_identical_orders
severity,later,monthly,2018-02,xgboost_quantile,0.9,DQS,all-mature seller pre-handoff profiles,all_mature,promise_only,DQ0,all_orders,926,7d95c88138b22ba2667424325239c22950b3bf7d98924869363f5813ba7b7bad,True,3.34990438128,3.34025176236,0.0096526189205,-0.00288978783853,0,-0.00288978783853,0.831533477322,0.834773218143,-0.00323974082073,-0.0684665226782,-0.0652267818575,-0.00323974082073,0.0684665226782,0.0652267818575,0.00323974082073,19.8158254623,19.998254776,-0.18242931365,False,,,,,paired_same_month_identical_orders
severity,later,monthly,2018-02,xgboost_quantile,0.9,DQS,all-mature seller pre-handoff profiles,all_mature,selected_90d,DQS,all_orders,926,7d95c88138b22ba2667424325239c22950b3bf7d98924869363f5813ba7b7bad,True,3.34990438128,3.35505637566,-0.00515199438783,0.00153559100383,0,0.00153559100383,0.831533477322,0.829373650108,0.00215982721382,-0.0684665226782,-0.070626349892,0.00215982721382,0.0684665226782,0.070626349892,-0.00215982721382,19.8158254623,19.7727050781,0.04312038425,True,,,,,paired_same_month_identical_orders
severity,later,monthly,2018-02,xgboost_quantile,0.9,DQS,all-mature seller pre-handoff profiles,all_mature,selected_90d,DQS,common_support_ge20,595,c5e2f9fc54f70e9083c13873c805eedbb4edb7646279bd40a91d1d7b6fcca26a,True,3.03336742209,3.03920815187,-0.00584072978504,0.00192179327416,0,0.00192179327416,0.855462184874,0.852100840336,0.00336134453782,-0.0445378151261,-0.0478991596639,0.00336134453782,0.0445378151261,0.0478991596639,-0.00336134453782,19.7838401794,19.7312660217,0.05257415768,True,,,,,paired_same_month_identical_orders
severity,later,monthly,2018-03,linear_quantile,0.5,DQB,all-mature seller pre-handoff and state-OD transit profiles,all_mature,promise_only,DQ0,all_mature_support_ge20,1001,348146832f2410d9f5ab1d8e26db9befbd7a41ec966e70fc4fe2fb59448c1c12,True,3.10543139039,3.1458934023,-0.0404620119085,0.0128618509066,0,0.0128618509066,0.433566433566,0.430569430569,0.002997002997,-0.0664335664336,-0.0694305694306,0.002997002997,0.0664335664336,0.0694305694306,-0.002997002997,14.9676783924,15.2706522254,-0.30297383301,True,,,,,paired_same_month_identical_orders
severity,later,monthly,2018-03,linear_quantile,0.5,DQB,all-mature seller pre-handoff and state-OD transit profiles,all_mature,promise_only,DQ0,all_orders,1328,5092f5e7034c263ff007ff4a6fab61efb011668930b5964c9bdd412718e5736f,True,3.13331747431,3.1644759708,-0.0311584964887,0.00984633688999,0,0.00984633688999,0.438253012048,0.426204819277,0.0120481927711,-0.0617469879518,-0.0737951807229,0.0120481927711,0.0617469879518,0.0737951807229,-0.0120481927711,15.2359203179,15.3005630822,-0.064642764281,True,,,,,paired_same_month_identical_orders
severity,later,monthly,2018-03,linear_quantile,0.5,DQB,all-mature seller pre-handoff and state-OD transit profiles,all_mature,selected_90d,DQB,all_orders,1328,5092f5e7034c263ff007ff4a6fab61efb011668930b5964c9bdd412718e5736f,True,3.13331747431,3.16244758256,-0.0291301082561,0.00921125409848,0,0.00921125409848,0.438253012048,0.416415662651,0.0218373493976,-0.0617469879518,-0.0835843373494,0.0218373493976,0.0617469879518,0.0835843373494,-0.0218373493976,15.2359203179,15.4668395103,-0.2309191924,True,,,,,paired_same_month_identical_orders
severity,later,monthly,2018-03,linear_quantile,0.5,DQB,all-mature seller pre-handoff and state-OD transit profiles,all_mature,selected_90d,DQB,common_support_ge20,832,029bb3031b536084ce233caabe9a32220092ae7dc6a6ff248e0abd43094e1788,True,3.13665231455,3.17737921261,-0.0407268980671,0.0128177643718,0,0.0128177643718,0.435096153846,0.412259615385,0.0228365384615,-0.0649038461538,-0.0877403846154,0.0228365384615,0.0649038461538,0.0877403846154,-0.0228365384615,15.2521001482,15.6010774522,-0.348977304033,True,,,,,paired_same_month_identical_orders
severity,later,monthly,2018-03,linear_quantile,0.5,DQG,all-mature state-OD transit profiles,all_mature,promise_only,DQ0,all_mature_support_ge20,1283,abde33f50eaff226c27adcd2c719165ade64b141e9649f6581409848a78393b0,True,3.11886288987,3.16187369118,-0.0430108013088,0.0136029473375,0,0.0136029473375,0.434138737334,0.427123928293,0.00701480904131,-0.0658612626656,-0.0728760717069,0.00701480904131,0.0658612626656,0.0728760717069,-0.00701480904131,14.9807341228,15.3068310174,-0.326096894654,True,,,,,paired_same_month_identical_orders
severity,later,monthly,2018-03,linear_quantile,0.5,DQG,all-mature state-OD transit profiles,all_mature,promise_only,DQ0,all_orders,1328,5092f5e7034c263ff007ff4a6fab61efb011668930b5964c9bdd412718e5736f,True,3.1296525797,3.1644759708,-0.0348233910976,0.0110044732268,0,0.0110044732268,0.435993975904,0.426204819277,0.00978915662651,-0.0640060240964,-0.0737951807229,0.00978915662651,0.0640060240964,0.0737951807229,-0.00978915662651,15.0156249822,15.3005630822,-0.284938099979,True,,,,,paired_same_month_identical_orders
severity,later,monthly,2018-03,linear_quantile,0.5,DQG,all-mature state-OD transit profiles,all_mature,selected_90d,DQG,all_orders,1328,5092f5e7034c263ff007ff4a6fab61efb011668930b5964c9bdd412718e5736f,True,3.1296525797,3.16384288215,-0.0341903024533,0.0108065740705,0,0.0108065740705,0.435993975904,0.414156626506,0.0218373493976,-0.0640060240964,-0.085843373494,0.0218373493976,0.0640060240964,0.085843373494,-0.0218373493976,15.0156249822,15.4924582333,-0.476833251128,True,,,,,paired_same_month_identical_orders
severity,later,monthly,2018-03,linear_quantile,0.5,DQG,all-mature state-OD transit profiles,all_mature,selected_90d,DQG,common_support_ge20,1256,f8ca8e44ce2555cdbf0e7a24f3b6f4bf09472ee32e115ff82f14a7bc5e117354,True,3.10821252464,3.14779326518,-0.0395807405452,0.0125741232701,0,0.0125741232701,0.434713375796,0.416401273885,0.0183121019108,-0.0652866242038,-0.0835987261146,0.0183121019108,0.0652866242038,0.0835987261146,-0.0183121019108,14.9507848556,15.3218828104,-0.37109795489,True,,,,,paired_same_month_identical_orders
severity,later,monthly,2018-03,linear_quantile,0.5,DQS,all-mature seller pre-handoff profiles,all_mature,promise_only,DQ0,all_mature_support_ge20,1031,7d16e78943444331c2d9f472d497588bd49c3c40b4162cc00d622f257edb9568,True,3.15281481932,3.13485438064,0.0179604386769,-0.00572927367467,0,-0.00572927367467,0.417070805044,0.429679922405,-0.0126091173618,-0.0829291949564,-0.0703200775946,-0.0126091173618,0.0829291949564,0.0703200775946,0.0126091173618,15.4667823995,15.2161753168,0.25060708263,False,,,,,paired_same_month_identical_orders
severity,later,monthly,2018-03,linear_quantile,0.5,DQS,all-mature seller pre-handoff profiles,all_mature,promise_only,DQ0,all_orders,1328,5092f5e7034c263ff007ff4a6fab61efb011668930b5964c9bdd412718e5736f,True,3.18265361097,3.1644759708,0.0181776401736,-0.00574428130957,0,-0.00574428130957,0.415662650602,0.426204819277,-0.0105421686747,-0.0843373493976,-0.0737951807229,-0.0105421686747,0.0843373493976,0.0737951807229,0.0105421686747,15.6000849937,15.3005630822,0.299521911569,False,,,,,paired_same_month_identical_orders
severity,later,monthly,2018-03,linear_quantile,0.5,DQS,all-mature seller pre-handoff profiles,all_mature,selected_90d,DQS,all_orders,1328,5092f5e7034c263ff007ff4a6fab61efb011668930b5964c9bdd412718e5736f,True,3.18265361097,3.17643125507,0.00622235589453,-0.00195891407522,0,-0.00195891407522,0.415662650602,0.417921686747,-0.00225903614458,-0.0843373493976,-0.082078313253,-0.00225903614458,0.0843373493976,0.082078313253,0.00225903614458,15.6000849937,15.3966536866,0.203431307148,False,,,,,paired_same_month_identical_orders
severity,later,monthly,2018-03,linear_quantile,0.5,DQS,all-mature seller pre-handoff profiles,all_mature,selected_90d,DQS,common_support_ge20,869,92b2c7b4c1344e6445a50b01c90502be5fef63b7242960ce15ddfff67013dc94,True,3.20537531501,3.20600515577,-0.000629840759402,0.000196456564727,0,0.000196456564727,0.421173762946,0.416570771001,0.00460299194476,-0.0788262370541,-0.0834292289988,0.00460299194476,0.0788262370541,0.0834292289988,-0.00460299194476,15.6860370456,15.7650522467,-0.079015201132,True,,,,,paired_same_month_identical_orders
severity,later,monthly,2018-03,linear_quantile,0.9,DQB,all-mature seller pre-handoff and state-OD transit profiles,all_mature,promise_only,DQ0,all_mature_support_ge20,1001,348146832f2410d9f5ab1d8e26db9befbd7a41ec966e70fc4fe2fb59448c1c12,True,2.13594641619,2.12847152847,0.00747488771365,-0.00351185703622,0,-0.00351185703622,0.881118881119,0.898101898102,-0.016983016983,-0.0188811188811,-0.0018981018981,-0.016983016983,0.0188811188811,0.0018981018981,0.016983016983,19.3393406341,20,-0.6606593659,False,,,,,paired_same_month_identical_orders
severity,later,monthly,2018-03,linear_quantile,0.9,DQB,all-mature seller pre-handoff and state-OD transit profiles,all_mature,promise_only,DQ0,all_orders,1328,5092f5e7034c263ff007ff4a6fab61efb011668930b5964c9bdd412718e5736f,True,2.12283908286,2.11942771084,0.00341137201721,-0.00160957224432,0,-0.00160957224432,0.882530120482,0.896084337349,-0.0135542168675,-0.0174698795181,-0.0039156626506,-0.0135542168675,0.0174698795181,0.0039156626506,0.0135542168675,19.4110873312,20,-0.58891266881,False,,,,,paired_same_month_identical_orders
severity,later,monthly,2018-03,linear_quantile,0.9,DQB,all-mature seller pre-handoff and state-OD transit profiles,all_mature,selected_90d,DQB,all_orders,1328,5092f5e7034c263ff007ff4a6fab61efb011668930b5964c9bdd412718e5736f,True,2.12283908286,2.12567451296,-0.00283543009644,0.00133389664276,0,0.00133389664276,0.882530120482,0.882530120482,0,-0.0174698795181,-0.0174698795181,0,0.0174698795181,0.0174698795181,0,19.4110873312,19.3800932871,0.03099404411,True,,,,,paired_same_month_identical_orders
severity,later,monthly,2018-03,linear_quantile,0.9,DQB,all-mature seller pre-handoff and state-OD transit profiles,all_mature,selected_90d,DQB,common_support_ge20,832,029bb3031b536084ce233caabe9a32220092ae7dc6a6ff248e0abd43094e1788,True,2.13828490591,2.14429139579,-0.00600648988287,0.00280115374928,0,0.00280115374928,0.876201923077,0.877403846154,-0.00120192307692,-0.0237980769231,-0.0225961538462,-0.00120192307692,0.0237980769231,0.0225961538462,0.00120192307692,19.3481336711,19.3462869771,0.00184669401,True,,,,,paired_same_month_identical_orders
severity,later,monthly,2018-03,linear_quantile,0.9,DQG,all-mature state-OD transit profiles,all_mature,promise_only,DQ0,all_mature_support_ge20,1283,abde33f50eaff226c27adcd2c719165ade64b141e9649f6581409848a78393b0,True,2.13452844895,2.13452844895,0,0,0,0,0.896336710834,0.896336710834,0,-0.00366328916602,-0.00366328916602,0,0.00366328916602,0.00366328916602,0,20,20,0,True,,,,,paired_same_month_identical_orders
severity,later,monthly,2018-03,linear_quantile,0.9,DQG,all-mature state-OD transit profiles,all_mature,promise_only,DQ0,all_orders,1328,5092f5e7034c263ff007ff4a6fab61efb011668930b5964c9bdd412718e5736f,True,2.11942771084,2.11942771084,0,0,0,0,0.896084337349,0.896084337349,0,-0.0039156626506,-0.0039156626506,0,0.0039156626506,0.0039156626506,0,20,20,0,True,,,,,paired_same_month_identical_orders
severity,later,monthly,2018-03,linear_quantile,0.9,DQG,all-mature state-OD transit profiles,all_mature,selected_90d,DQG,all_orders,1328,5092f5e7034c263ff007ff4a6fab61efb011668930b5964c9bdd412718e5736f,True,2.11942771084,2.11942771084,0,0,0,0,0.896084337349,0.896084337349,0,-0.0039156626506,-0.0039156626506,0,0.0039156626506,0.0039156626506,0,20,20,0,True,,,,,paired_same_month_identical_orders
severity,later,monthly,2018-03,linear_quantile,0.9,DQG,all-mature state-OD transit profiles,all_mature,selected_90d,DQG,common_support_ge20,1256,f8ca8e44ce2555cdbf0e7a24f3b6f4bf09472ee32e115ff82f14a7bc5e117354,True,2.14434713376,2.14434713376,0,0,0,0,0.897292993631,0.897292993631,0,-0.00270700636943,-0.00270700636943,0,0.00270700636943,0.00270700636943,0,20,20,0,True,,,,,paired_same_month_identical_orders
severity,later,monthly,2018-03,linear_quantile,0.9,DQS,all-mature seller pre-handoff profiles,all_mature,promise_only,DQ0,all_mature_support_ge20,1031,7d16e78943444331c2d9f472d497588bd49c3c40b4162cc00d622f257edb9568,True,2.1099003459,2.10484966052,0.00505068537223,-0.00239954684981,0,-0.00239954684981,0.882638215325,0.899127061106,-0.0164888457808,-0.0173617846751,-0.000872938894277,-0.0164888457808,0.0173617846751,0.000872938894277,0.0164888457808,19.4379187053,20,-0.5620812947,False,,,,,paired_same_month_identical_orders
severity,later,monthly,2018-03,linear_quantile,0.9,DQS,all-mature seller pre-handoff profiles,all_mature,promise_only,DQ0,all_orders,1328,5092f5e7034c263ff007ff4a6fab61efb011668930b5964c9bdd412718e5736f,True,2.1220135758,2.11942771084,0.00258586495386,-0.00122007697674,0,-0.00122007697674,0.882530120482,0.896084337349,-0.0135542168675,-0.0174698795181,-0.0039156626506,-0.0135542168675,0.0174698795181,0.0039156626506,0.0135542168675,19.5434719381,20,-0.45652806192,False,,,,,paired_same_month_identical_orders
severity,later,monthly,2018-03,linear_quantile,0.9,DQS,all-mature seller pre-handoff profiles,all_mature,selected_90d,DQS,all_orders,1328,5092f5e7034c263ff007ff4a6fab61efb011668930b5964c9bdd412718e5736f,True,2.1220135758,2.12578192543,-0.00376834963117,0.00177268871567,0,0.00177268871567,0.882530120482,0.882530120482,0,-0.0174698795181,-0.0174698795181,0,0.0174698795181,0.0174698795181,0,19.5434719381,19.3700172624,0.17345467571,True,,,,,paired_same_month_identical_orders
severity,later,monthly,2018-03,linear_quantile,0.9,DQS,all-mature seller pre-handoff profiles,all_mature,selected_90d,DQS,common_support_ge20,869,92b2c7b4c1344e6445a50b01c90502be5fef63b7242960ce15ddfff67013dc94,True,2.10817255641,2.11528383982,-0.00711128340657,0.00336185776712,0,0.00336185776712,0.875719217491,0.876869965478,-0.00115074798619,-0.0242807825086,-0.0231300345224,-0.00115074798619,0.0242807825086,0.0231300345224,0.00115074798619,19.4420590519,19.3662509005,0.0758081514,True,,,,,paired_same_month_identical_orders
severity,later,monthly,2018-03,xgboost_quantile,0.5,DQB,all-mature seller pre-handoff and state-OD transit profiles,all_mature,promise_only,DQ0,all_mature_support_ge20,1001,348146832f2410d9f5ab1d8e26db9befbd7a41ec966e70fc4fe2fb59448c1c12,True,3.17487011732,3.18080418689,-0.00593406956397,0.00186558782475,0,0.00186558782475,0.433566433566,0.430569430569,0.002997002997,-0.0664335664336,-0.0694305694306,0.002997002997,0.0664335664336,0.0694305694306,-0.002997002997,15.8200001717,15.9699997902,-0.14999961853,True,,,,,paired_same_month_identical_orders
severity,later,monthly,2018-03,xgboost_quantile,0.5,DQB,all-mature seller pre-handoff and state-OD transit profiles,all_mature,promise_only,DQ0,all_orders,1328,5092f5e7034c263ff007ff4a6fab61efb011668930b5964c9bdd412718e5736f,True,3.20180721599,3.20691263999,-0.00510542399915,0.00159200594849,0,0.00159200594849,0.430722891566,0.427710843373,0.00301204819277,-0.0692771084337,-0.0722891566265,0.00301204819277,0.0692771084337,0.0722891566265,-0.00301204819277,15.9099998474,15.9699997902,-0.05999994278,True,,,,,paired_same_month_identical_orders
severity,later,monthly,2018-03,xgboost_quantile,0.5,DQB,all-mature seller pre-handoff and state-OD transit profiles,all_mature,selected_90d,DQB,all_orders,1328,5092f5e7034c263ff007ff4a6fab61efb011668930b5964c9bdd412718e5736f,True,3.20180721599,3.20761859291,-0.0058113769236,0.00181174187493,0,0.00181174187493,0.430722891566,0.426204819277,0.00451807228916,-0.0692771084337,-0.0737951807229,0.00451807228916,0.0692771084337,0.0737951807229,-0.00451807228916,15.9099998474,15.9789998531,-0.069000005723,True,,,,,paired_same_month_identical_orders
severity,later,monthly,2018-03,xgboost_quantile,0.5,DQB,all-mature seller pre-handoff and state-OD transit profiles,all_mature,selected_90d,DQB,common_support_ge20,832,029bb3031b536084ce233caabe9a32220092ae7dc6a6ff248e0abd43094e1788,True,3.20966945846,3.21656549808,-0.00689603961437,0.00214391394128,0,0.00214391394128,0.436298076923,0.430288461538,0.00600961538462,-0.0637019230769,-0.0697115384615,0.00600961538462,0.0637019230769,0.0697115384615,-0.00600961538462,15.9099998474,16,-0.09000015259,True,,,,,paired_same_month_identical_orders
severity,later,monthly,2018-03,xgboost_quantile,0.5,DQG,all-mature state-OD transit profiles,all_mature,promise_only,DQ0,all_mature_support_ge20,1283,abde33f50eaff226c27adcd2c719165ade64b141e9649f6581409848a78393b0,True,3.20020848071,3.20303194651,-0.00282346579763,0.000881497857273,0,0.000881497857273,0.422447388932,0.428682774747,-0.0062353858145,-0.0775526110678,-0.0713172252533,-0.0062353858145,0.0775526110678,0.0713172252533,0.0062353858145,15.9099998474,15.9699997902,-0.05999994278,True,,,,,paired_same_month_identical_orders
severity,later,monthly,2018-03,xgboost_quantile,0.5,DQG,all-mature state-OD transit profiles,all_mature,promise_only,DQ0,all_orders,1328,5092f5e7034c263ff007ff4a6fab61efb011668930b5964c9bdd412718e5736f,True,3.20424132516,3.20691263999,-0.00267131482969,0.000832986466916,0,0.000832986466916,0.421686746988,0.427710843373,-0.00602409638554,-0.078313253012,-0.0722891566265,-0.00602409638554,0.078313253012,0.0722891566265,0.00602409638554,15.9099998474,15.9699997902,-0.05999994278,True,,,,,paired_same_month_identical_orders
severity,later,monthly,2018-03,xgboost_quantile,0.5,DQG,all-mature state-OD transit profiles,all_mature,selected_90d,DQG,all_orders,1328,5092f5e7034c263ff007ff4a6fab61efb011668930b5964c9bdd412718e5736f,True,3.20424132516,3.2070255942,-0.00278426904267,0.000868177992623,0,0.000868177992623,0.421686746988,0.421686746988,0,-0.078313253012,-0.078313253012,0,0.078313253012,0.078313253012,0,15.9099998474,15.9789998531,-0.069000005723,True,,,,,paired_same_month_identical_orders
severity,later,monthly,2018-03,xgboost_quantile,0.5,DQG,all-mature state-OD transit profiles,all_mature,selected_90d,DQG,common_support_ge20,1256,f8ca8e44ce2555cdbf0e7a24f3b6f4bf09472ee32e115ff82f14a7bc5e117354,True,3.18787617953,3.19079617083,-0.00291999130482,0.000915129374765,0,0.000915129374765,0.422770700637,0.422770700637,0,-0.0772292993631,-0.0772292993631,0,0.0772292993631,0.0772292993631,0,15.9099998474,15.9849998951,-0.075000047685,True,,,,,paired_same_month_identical_orders
severity,later,monthly,2018-03,xgboost_quantile,0.5,DQS,all-mature seller pre-handoff profiles,all_mature,promise_only,DQ0,all_mature_support_ge20,1031,7d16e78943444331c2d9f472d497588bd49c3c40b4162cc00d622f257edb9568,True,3.1715567327,3.17098932077,0.000567411937046,-0.00017893845726,0,-0.00017893845726,0.423860329777,0.429679922405,-0.00581959262852,-0.0761396702231,-0.0703200775946,-0.00581959262852,0.0761396702231,0.0703200775946,0.00581959262852,15.9699997902,15.9699997902,0,False,,,,,paired_same_month_identical_orders
severity,later,monthly,2018-03,xgboost_quantile,0.5,DQS,all-mature seller pre-handoff profiles,all_mature,promise_only,DQ0,all_orders,1328,5092f5e7034c263ff007ff4a6fab61efb011668930b5964c9bdd412718e5736f,True,3.20740963106,3.20691263999,0.000496991068509,-0.000154974932062,0,-0.000154974932062,0.420180722892,0.427710843373,-0.00753012048193,-0.0798192771084,-0.0722891566265,-0.00753012048193,0.0798192771084,0.0722891566265,0.00753012048193,15.9699997902,15.9699997902,0,False,,,,,paired_same_month_identical_orders
severity,later,monthly,2018-03,xgboost_quantile,0.5,DQS,all-mature seller pre-handoff profiles,all_mature,selected_90d,DQS,all_orders,1328,5092f5e7034c263ff007ff4a6fab61efb011668930b5964c9bdd412718e5736f,True,3.20740963106,3.20768071424,-0.000271083181159,8.45106496903e-05,0,8.45106496903e-05,0.420180722892,0.417168674699,0.00301204819277,-0.0798192771084,-0.0828313253012,0.00301204819277,0.0798192771084,0.0828313253012,-0.00301204819277,15.9699997902,15.9699997902,0,True,,,,,paired_same_month_identical_orders
severity,later,monthly,2018-03,xgboost_quantile,0.5,DQS,all-mature seller pre-handoff profiles,all_mature,selected_90d,DQS,common_support_ge20,869,92b2c7b4c1344e6445a50b01c90502be5fef63b7242960ce15ddfff67013dc94,True,3.22524164982,3.2255178288,-0.000276178978941,8.56231444375e-05,0,8.56231444375e-05,0.426927502877,0.422324510932,0.00460299194476,-0.0730724971231,-0.0776754890679,0.00460299194476,0.0730724971231,0.0776754890679,-0.00460299194476,15.9699997902,15.9699997902,0,True,,,,,paired_same_month_identical_orders
severity,later,monthly,2018-03,xgboost_quantile,0.9,DQB,all-mature seller pre-handoff and state-OD transit profiles,all_mature,promise_only,DQ0,all_mature_support_ge20,1001,348146832f2410d9f5ab1d8e26db9befbd7a41ec966e70fc4fe2fb59448c1c12,True,2.12785439163,2.13325408608,-0.00539969445246,0.00253120080149,0,0.00253120080149,0.882117882118,0.888111888112,-0.00599400599401,-0.0178821178821,-0.0118881118881,-0.00599400599401,0.0178821178821,0.0118881118881,0.00599400599401,19.40574646,19.8178386688,-0.4120922088,True,,,,,paired_same_month_identical_orders
severity,later,monthly,2018-03,xgboost_quantile,0.9,DQB,all-mature seller pre-handoff and state-OD transit profiles,all_mature,promise_only,DQ0,all_orders,1328,5092f5e7034c263ff007ff4a6fab61efb011668930b5964c9bdd412718e5736f,True,2.11773666603,2.12123801766,-0.00350135162693,0.00165061704428,0,0.00165061704428,0.882530120482,0.887801204819,-0.00527108433735,-0.0174698795181,-0.0121987951807,-0.00527108433735,0.0174698795181,0.0121987951807,0.00527108433735,19.5023218155,19.8178386688,-0.3155168533,True,,,,,paired_same_month_identical_orders
severity,later,monthly,2018-03,xgboost_quantile,0.9,DQB,all-mature seller pre-handoff and state-OD transit profiles,all_mature,selected_90d,DQB,all_orders,1328,5092f5e7034c263ff007ff4a6fab61efb011668930b5964c9bdd412718e5736f,True,2.11773666603,2.11986837861,-0.00213171258126,0.00100558723493,0,0.00100558723493,0.882530120482,0.884036144578,-0.00150602409639,-0.0174698795181,-0.0159638554217,-0.00150602409639,0.0174698795181,0.0159638554217,0.00150602409639,19.5023218155,19.4130382538,0.0892835617,True,,,,,paired_same_month_identical_orders
severity,later,monthly,2018-03,xgboost_quantile,0.9,DQB,all-mature seller pre-handoff and state-OD transit profiles,all_mature,selected_90d,DQB,common_support_ge20,832,029bb3031b536084ce233caabe9a32220092ae7dc6a6ff248e0abd43094e1788,True,2.12979960831,2.13304440333,-0.0032447950206,0.00152120369155,0,0.00152120369155,0.877403846154,0.877403846154,0,-0.0225961538462,-0.0225961538462,0,0.0225961538462,0.0225961538462,0,19.4033382416,19.2277889252,0.17554931641,True,,,,,paired_same_month_identical_orders
severity,later,monthly,2018-03,xgboost_quantile,0.9,DQG,all-mature state-OD transit profiles,all_mature,promise_only,DQ0,all_mature_support_ge20,1283,abde33f50eaff226c27adcd2c719165ade64b141e9649f6581409848a78393b0,True,2.12852247139,2.13645081271,-0.0079283413247,0.00371098706206,0,0.00371098706206,0.889321901793,0.887763055339,0.00155884645362,-0.0106780982073,-0.012236944661,0.00155884645362,0.0106780982073,0.012236944661,-0.00155884645362,19.2117710114,19.8178386688,-0.6060676574,True,,,,,paired_same_month_identical_orders
severity,later,monthly,2018-03,xgboost_quantile,0.9,DQG,all-mature state-OD transit profiles,all_mature,promise_only,DQ0,all_orders,1328,5092f5e7034c263ff007ff4a6fab61efb011668930b5964c9bdd412718e5736f,True,2.11353770466,2.12123801766,-0.00770031299898,0.00363010323918,0,0.00363010323918,0.889307228916,0.887801204819,0.00150602409639,-0.0106927710843,-0.0121987951807,0.00150602409639,0.0106927710843,0.0121987951807,-0.00150602409639,19.2219619751,19.8178386688,-0.5958766937,True,,,,,paired_same_month_identical_orders
severity,later,monthly,2018-03,xgboost_quantile,0.9,DQG,all-mature state-OD transit profiles,all_mature,selected_90d,DQG,all_orders,1328,5092f5e7034c263ff007ff4a6fab61efb011668930b5964c9bdd412718e5736f,True,2.11353770466,2.12006786085,-0.00653015619218,0.00308016375927,0,0.00308016375927,0.889307228916,0.886295180723,0.00301204819277,-0.0106927710843,-0.0137048192771,0.00301204819277,0.0106927710843,0.0137048192771,-0.00301204819277,19.2219619751,19.7060070038,-0.4840450287,True,,,,,paired_same_month_identical_orders
severity,later,monthly,2018-03,xgboost_quantile,0.9,DQG,all-mature state-OD transit profiles,all_mature,selected_90d,DQG,common_support_ge20,1256,f8ca8e44ce2555cdbf0e7a24f3b6f4bf09472ee32e115ff82f14a7bc5e117354,True,2.13838593793,2.14517929508,-0.00679335715577,0.00316680156821,0,0.00316680156821,0.890127388535,0.886942675159,0.0031847133758,-0.00987261146497,-0.0130573248408,0.0031847133758,0.00987261146497,0.0130573248408,-0.0031847133758,19.2117710114,19.7060070038,-0.4942359924,True,,,,,paired_same_month_identical_orders
severity,later,monthly,2018-03,xgboost_quantile,0.9,DQS,all-mature seller pre-handoff profiles,all_mature,promise_only,DQ0,all_mature_support_ge20,1031,7d16e78943444331c2d9f472d497588bd49c3c40b4162cc00d622f257edb9568,True,2.10957327398,2.10959831796,-2.50439865472e-05,1.18714479121e-05,0,1.18714479121e-05,0.88360814743,0.889427740058,-0.00581959262852,-0.0163918525703,-0.0105722599418,-0.00581959262852,0.0163918525703,0.0105722599418,0.00581959262852,19.7494411469,19.8178386688,-0.0683975219,True,,,,,paired_same_month_identical_orders
severity,later,monthly,2018-03,xgboost_quantile,0.9,DQS,all-mature seller pre-handoff profiles,all_mature,promise_only,DQ0,all_orders,1328,5092f5e7034c263ff007ff4a6fab61efb011668930b5964c9bdd412718e5736f,True,2.12492086686,2.12123801766,0.00368284920651,-0.00173617914437,0,-0.00173617914437,0.884036144578,0.887801204819,-0.00376506024096,-0.0159638554217,-0.0121987951807,-0.00376506024096,0.0159638554217,0.0121987951807,0.00376506024096,19.7670089722,19.8178386688,-0.05082969661,False,,,,,paired_same_month_identical_orders
severity,later,monthly,2018-03,xgboost_quantile,0.9,DQS,all-mature seller pre-handoff profiles,all_mature,selected_90d,DQS,all_orders,1328,5092f5e7034c263ff007ff4a6fab61efb011668930b5964c9bdd412718e5736f,True,2.12492086686,2.12562847568,-0.000707608819706,0.000332893931278,0,0.000332893931278,0.884036144578,0.880271084337,0.00376506024096,-0.0159638554217,-0.0197289156627,0.00376506024096,0.0159638554217,0.0197289156627,-0.00376506024096,19.7670089722,19.6802185058,0.08679046635,True,,,,,paired_same_month_identical_orders
severity,later,monthly,2018-03,xgboost_quantile,0.9,DQS,all-mature seller pre-handoff profiles,all_mature,selected_90d,DQS,common_support_ge20,869,92b2c7b4c1344e6445a50b01c90502be5fef63b7242960ce15ddfff67013dc94,True,2.10757526468,2.11260058136,-0.00502531668308,0.00237873487654,0,0.00237873487654,0.878020713464,0.874568469505,0.00345224395857,-0.0219792865362,-0.0254315304948,0.00345224395857,0.0219792865362,0.0254315304948,-0.00345224395857,19.7519851685,19.6242961884,0.1276889801,True,,,,,paired_same_month_identical_orders
severity,later,monthly,2018-04,linear_quantile,0.5,DQB,all-mature seller pre-handoff and state-OD transit profiles,all_mature,promise_only,DQ0,all_mature_support_ge20,195,5b2daa82419555850eaa678b014f14ef370bb7c0a19a84a2573b11862a98da89,True,3.39600409654,3.37616969273,0.0198344038049,-0.00587482431573,0,-0.00587482431573,0.476923076923,0.497435897436,-0.0205128205128,-0.0230769230769,-0.0025641025641,-0.0205128205128,0.0230769230769,0.0025641025641,0.0205128205128,14.0150639063,14.0698502127,-0.05478630639,False,,,,,paired_same_month_identical_orders
severity,later,monthly,2018-04,linear_quantile,0.5,DQB,all-mature seller pre-handoff and state-OD transit profiles,all_mature,promise_only,DQ0,all_orders,306,f70654d8c209bccbb417414da1c2ceea047caa7f2467d1ed8101efa66eb66fd9,True,3.49562812871,3.52748657698,-0.0318584482735,0.00903148674793,0,0.00903148674793,0.454248366013,0.460784313725,-0.00653594771242,-0.0457516339869,-0.0392156862745,-0.00653594771242,0.0457516339869,0.0392156862745,0.00653594771242,15.6361648015,16.0473564628,-0.41119166139,True,,,,,paired_same_month_identical_orders
severity,later,monthly,2018-04,linear_quantile,0.5,DQB,all-mature seller pre-handoff and state-OD transit profiles,all_mature,selected_90d,DQB,all_orders,306,f70654d8c209bccbb417414da1c2ceea047caa7f2467d1ed8101efa66eb66fd9,True,3.49562812871,3.53637324788,-0.0407451191763,0.0115217247503,0,0.0115217247503,0.454248366013,0.434640522876,0.0196078431373,-0.0457516339869,-0.0653594771242,0.0196078431373,0.0457516339869,0.0653594771242,-0.0196078431373,15.6361648015,16.2371805174,-0.601015715975,True,,,,,paired_same_month_identical_orders
severity,later,monthly,2018-04,linear_quantile,0.5,DQB,all-mature seller pre-handoff and state-OD transit profiles,all_mature,selected_90d,DQB,common_support_ge20,146,6cb3579714893ac1cac96b622d8c2f9f7bd3a1ec66380752e3658fe377967138,True,3.43542479698,3.46208660337,-0.0266618063864,0.00770108014064,0,0.00770108014064,0.479452054795,0.445205479452,0.0342465753425,-0.0205479452055,-0.0547945205479,0.0342465753425,0.0205479452055,0.0547945205479,-0.0342465753425,15.0178090942,15.4530370563,-0.43522796213,True,,,,,paired_same_month_identical_orders
severity,later,monthly,2018-04,linear_quantile,0.5,DQG,all-mature state-OD transit profiles,all_mature,promise_only,DQ0,all_mature_support_ge20,294,d0fb3d74e9f7da042d432b9c62de352209eb8c46a8371bca78589dbb9d244b28,True,3.48579091432,3.47331472533,0.0124761889975,-0.00359201223735,0,-0.00359201223735,0.445578231293,0.462585034014,-0.0170068027211,-0.0544217687075,-0.0374149659864,-0.0170068027211,0.0544217687075,0.0374149659864,0.0170068027211,15.4702595399,15.272115776,0.198143763898,False,,,,,paired_same_month_identical_orders
severity,later,monthly,2018-04,linear_quantile,0.5,DQG,all-mature state-OD transit profiles,all_mature,promise_only,DQ0,all_orders,306,f70654d8c209bccbb417414da1c2ceea047caa7f2467d1ed8101efa66eb66fd9,True,3.52090114647,3.52748657698,-0.0065854305124,0.0018668903109,0,0.0018668903109,0.444444444444,0.460784313725,-0.016339869281,-0.0555555555556,-0.0392156862745,-0.016339869281,0.0555555555556,0.0392156862745,0.016339869281,15.7412158364,16.0473564628,-0.306140626425,True,,,,,paired_same_month_identical_orders
severity,later,monthly,2018-04,linear_quantile,0.5,DQG,all-mature state-OD transit profiles,all_mature,selected_90d,DQG,all_orders,306,f70654d8c209bccbb417414da1c2ceea047caa7f2467d1ed8101efa66eb66fd9,True,3.52090114647,3.56367388085,-0.0427727343843,0.012002426657,0,0.012002426657,0.444444444444,0.43137254902,0.0130718954248,-0.0555555555556,-0.0686274509804,0.0130718954248,0.0555555555556,0.0686274509804,-0.0130718954248,15.7412158364,16.3338563745,-0.59264053805,True,,,,,paired_same_month_identical_orders
severity,later,monthly,2018-04,linear_quantile,0.5,DQG,all-mature state-OD transit profiles,all_mature,selected_90d,DQG,common_support_ge20,272,a43802cbcc8b81b985da44251e5fcfe7b21aff2d2d3d75ff3b0623ae4fc88249,True,3.47037177685,3.49617025321,-0.0257984763663,0.00737906752183,0,0.00737906752183,0.448529411765,0.430147058824,0.0183823529412,-0.0514705882353,-0.0698529411765,0.0183823529412,0.0514705882353,0.0698529411765,-0.0183823529412,14.915984161,15.0915511692,-0.175567008109,True,,,,,paired_same_month_identical_orders
severity,later,monthly,2018-04,linear_quantile,0.5,DQS,all-mature seller pre-handoff profiles,all_mature,promise_only,DQ0,all_mature_support_ge20,202,13e8b54fca3800c96a8cd6d6d34ac0bb51a74e8d0c236b489abbee89417f40f6,True,3.48246182432,3.47448873088,0.00797309344153,-0.00229475300083,0,-0.00229475300083,0.490099009901,0.490099009901,0,-0.00990099009901,-0.00990099009901,0,0.00990099009901,0.00990099009901,0,15.4377160623,15.3004753887,0.13724067368,False,,,,,paired_same_month_identical_orders
severity,later,monthly,2018-04,linear_quantile,0.5,DQS,all-mature seller pre-handoff profiles,all_mature,promise_only,DQ0,all_orders,306,f70654d8c209bccbb417414da1c2ceea047caa7f2467d1ed8101efa66eb66fd9,True,3.49441330415,3.52748657698,-0.0330732728341,0.00937587489346,0,0.00937587489346,0.464052287582,0.460784313725,0.00326797385621,-0.0359477124183,-0.0392156862745,0.00326797385621,0.0359477124183,0.0392156862745,-0.00326797385621,15.5966403291,16.0473564628,-0.4507161337,True,,,,,paired_same_month_identical_orders
severity,later,monthly,2018-04,linear_quantile,0.5,DQS,all-mature seller pre-handoff profiles,all_mature,selected_90d,DQS,all_orders,306,f70654d8c209bccbb417414da1c2ceea047caa7f2467d1ed8101efa66eb66fd9,True,3.49441330415,3.49793261406,-0.00351930991387,0.00100611140984,0,0.00100611140984,0.464052287582,0.460784313725,0.00326797385621,-0.0359477124183,-0.0392156862745,0.00326797385621,0.0359477124183,0.0392156862745,-0.00326797385621,15.5966403291,15.7855733913,-0.188933062155,True,,,,,paired_same_month_identical_orders
severity,later,monthly,2018-04,linear_quantile,0.5,DQS,all-mature seller pre-handoff profiles,all_mature,selected_90d,DQS,common_support_ge20,160,ed5fa75d2dd1b7b4a7f703cc25154e311b1e91b3e22675ef300547f6802a1804,True,3.50792028601,3.50702325289,0.00089703311922,-0.000255781913759,0,-0.000255781913759,0.5,0.5,0,0,0,0,0,0,0,15.6316878734,15.7858426564,-0.154154783088,False,,,,,paired_same_month_identical_orders
severity,later,monthly,2018-04,linear_quantile,0.9,DQB,all-mature seller pre-handoff and state-OD transit profiles,all_mature,promise_only,DQ0,all_mature_support_ge20,195,5b2daa82419555850eaa678b014f14ef370bb7c0a19a84a2573b11862a98da89,True,2.75714914763,2.74239319315,0.0147559544743,-0.00538068520266,0,-0.00538068520266,0.897435897436,0.897435897436,0,-0.0025641025641,-0.0025641025641,0,0.0025641025641,0.0025641025641,0,18.7316847252,18.8719566271,-0.14027190192,False,,,,,paired_same_month_identical_orders
severity,later,monthly,2018-04,linear_quantile,0.9,DQB,all-mature seller pre-handoff and state-OD transit profiles,all_mature,promise_only,DQ0,all_orders,306,f70654d8c209bccbb417414da1c2ceea047caa7f2467d1ed8101efa66eb66fd9,True,2.79019600692,2.79578259528,-0.00558658836549,0.00199821988123,0,0.00199821988123,0.885620915033,0.885620915033,0,-0.0143790849673,-0.0143790849673,0,0.0143790849673,0.0143790849673,0,18.7170999439,18.545059766,0.1720401779,True,,,,,paired_same_month_identical_orders
severity,later,monthly,2018-04,linear_quantile,0.9,DQB,all-mature seller pre-handoff and state-OD transit profiles,all_mature,selected_90d,DQB,all_orders,306,f70654d8c209bccbb417414da1c2ceea047caa7f2467d1ed8101efa66eb66fd9,True,2.79019600692,2.81502948055,-0.0248334736346,0.00882174549368,0,0.00882174549368,0.885620915033,0.882352941176,0.00326797385621,-0.0143790849673,-0.0176470588235,0.00326797385621,0.0143790849673,0.0176470588235,-0.00326797385621,18.7170999439,17.8015538503,0.9155460936,True,,,,,paired_same_month_identical_orders
severity,later,monthly,2018-04,linear_quantile,0.9,DQB,all-mature seller pre-handoff and state-OD transit profiles,all_mature,selected_90d,DQB,common_support_ge20,146,6cb3579714893ac1cac96b622d8c2f9f7bd3a1ec66380752e3658fe377967138,True,2.97836151665,3.00262903278,-0.0242675161288,0.0080820893503,0,0.0080820893503,0.890410958904,0.890410958904,0,-0.00958904109589,-0.00958904109589,0,0.00958904109589,0.00958904109589,0,18.7960085946,17.8234872868,0.9725213078,True,,,,,paired_same_month_identical_orders
severity,later,monthly,2018-04,linear_quantile,0.9,DQG,all-mature state-OD transit profiles,all_mature,promise_only,DQ0,all_mature_support_ge20,294,d0fb3d74e9f7da042d432b9c62de352209eb8c46a8371bca78589dbb9d244b28,True,2.75809206186,2.75991108011,-0.00181901825745,0.000659085820031,0,0.000659085820031,0.887755102041,0.891156462585,-0.00340136054422,-0.0122448979592,-0.00884353741497,-0.00340136054422,0.0122448979592,0.00884353741497,0.00340136054422,18.6859780607,18.5634019291,0.12257613162,True,,,,,paired_same_month_identical_orders
severity,later,monthly,2018-04,linear_quantile,0.9,DQG,all-mature state-OD transit profiles,all_mature,promise_only,DQ0,all_orders,306,f70654d8c209bccbb417414da1c2ceea047caa7f2467d1ed8101efa66eb66fd9,True,2.79178610102,2.79578259528,-0.00399649426029,0.00142947247294,0,0.00142947247294,0.882352941176,0.885620915033,-0.00326797385621,-0.0176470588235,-0.0143790849673,-0.00326797385621,0.0176470588235,0.0143790849673,0.00326797385621,18.7084493763,18.545059766,0.1633896104,True,,,,,paired_same_month_identical_orders
severity,later,monthly,2018-04,linear_quantile,0.9,DQG,all-mature state-OD transit profiles,all_mature,selected_90d,DQG,all_orders,306,f70654d8c209bccbb417414da1c2ceea047caa7f2467d1ed8101efa66eb66fd9,True,2.79178610102,2.8105209715,-0.0187348704761,0.00666597782621,0,0.00666597782621,0.882352941176,0.87908496732,0.00326797385621,-0.0176470588235,-0.0209150326797,0.00326797385621,0.0176470588235,0.0209150326797,-0.00326797385621,18.7084493763,17.8153658084,0.89308356795,True,,,,,paired_same_month_identical_orders
severity,later,monthly,2018-04,linear_quantile,0.9,DQG,all-mature state-OD transit profiles,all_mature,selected_90d,DQG,common_support_ge20,272,a43802cbcc8b81b985da44251e5fcfe7b21aff2d2d3d75ff3b0623ae4fc88249,True,2.76988950363,2.78547209641,-0.015582592773,0.00559423761348,0,0.00559423761348,0.889705882353,0.886029411765,0.00367647058824,-0.0102941176471,-0.0139705882353,0.00367647058824,0.0102941176471,0.0139705882353,-0.00367647058824,18.6599047927,17.8392803895,0.82062440315,True,,,,,paired_same_month_identical_orders
severity,later,monthly,2018-04,linear_quantile,0.9,DQS,all-mature seller pre-handoff profiles,all_mature,promise_only,DQ0,all_mature_support_ge20,202,13e8b54fca3800c96a8cd6d6d34ac0bb51a74e8d0c236b489abbee89417f40f6,True,2.82368995096,2.81239081934,0.0112991316263,-0.00401762498604,0,-0.00401762498604,0.891089108911,0.891089108911,0,-0.00891089108911,-0.00891089108911,0,0.00891089108911,0.00891089108911,0,18.8103490414,18.8800920808,-0.06974303938,False,,,,,paired_same_month_identical_orders
severity,later,monthly,2018-04,linear_quantile,0.9,DQS,all-mature seller pre-handoff profiles,all_mature,promise_only,DQ0,all_orders,306,f70654d8c209bccbb417414da1c2ceea047caa7f2467d1ed8101efa66eb66fd9,True,2.7903428853,2.79578259528,-0.00543970997928,0.00194568418462,0,0.00194568418462,0.885620915033,0.885620915033,0,-0.0143790849673,-0.0143790849673,0,0.0143790849673,0.0143790849673,0,18.7639644227,18.545059766,0.21890465675,True,,,,,paired_same_month_identical_orders
severity,later,monthly,2018-04,linear_quantile,0.9,DQS,all-mature seller pre-handoff profiles,all_mature,selected_90d,DQS,all_orders,306,f70654d8c209bccbb417414da1c2ceea047caa7f2467d1ed8101efa66eb66fd9,True,2.7903428853,2.79850381151,-0.00816092621056,0.0029161747706,0,0.0029161747706,0.885620915033,0.885620915033,0,-0.0143790849673,-0.0143790849673,0,0.0143790849673,0.0143790849673,0,18.7639644227,18.7529384034,0.0110260193,True,,,,,paired_same_month_identical_orders
severity,later,monthly,2018-04,linear_quantile,0.9,DQS,all-mature seller pre-handoff profiles,all_mature,selected_90d,DQS,common_support_ge20,160,ed5fa75d2dd1b7b4a7f703cc25154e311b1e91b3e22675ef300547f6802a1804,True,3.01731437699,3.02686979554,-0.0095554185555,0.00315686474838,0,0.00315686474838,0.8875,0.8875,0,-0.0125,-0.0125,0,0.0125,0.0125,0,18.8885611539,19.073920868,-0.1853597142,True,,,,,paired_same_month_identical_orders
severity,later,monthly,2018-04,xgboost_quantile,0.5,DQB,all-mature seller pre-handoff and state-OD transit profiles,all_mature,promise_only,DQ0,all_mature_support_ge20,195,5b2daa82419555850eaa678b014f14ef370bb7c0a19a84a2573b11862a98da89,True,3.42533334219,3.42487178705,0.000461555138744,-0.000134765669328,0,-0.000134765669328,0.487179487179,0.492307692308,-0.00512820512821,-0.0128205128205,-0.00769230769231,-0.00512820512821,0.0128205128205,0.00769230769231,0.00512820512821,14.593999958,14.5819998741,0.012000083924,False,,,,,paired_same_month_identical_orders
severity,later,monthly,2018-04,xgboost_quantile,0.5,DQB,all-mature seller pre-handoff and state-OD transit profiles,all_mature,promise_only,DQ0,all_orders,306,f70654d8c209bccbb417414da1c2ceea047caa7f2467d1ed8101efa66eb66fd9,True,3.57542483635,3.57613561356,-0.000710777207875,0.000198755663846,0,0.000198755663846,0.460784313725,0.460784313725,0,-0.0392156862745,-0.0392156862745,0,0.0392156862745,0.0392156862745,0,16,16,0,True,,,,,paired_same_month_identical_orders
severity,later,monthly,2018-04,xgboost_quantile,0.5,DQB,all-mature seller pre-handoff and state-OD transit profiles,all_mature,selected_90d,DQB,all_orders,306,f70654d8c209bccbb417414da1c2ceea047caa7f2467d1ed8101efa66eb66fd9,True,3.57542483635,3.57611110397,-0.000686267622123,0.000191903327992,0,0.000191903327992,0.460784313725,0.464052287582,-0.00326797385621,-0.0392156862745,-0.0359477124183,-0.00326797385621,0.0392156862745,0.0359477124183,0.00326797385621,16,16,0,True,,,,,paired_same_month_identical_orders
severity,later,monthly,2018-04,xgboost_quantile,0.5,DQB,all-mature seller pre-handoff and state-OD transit profiles,all_mature,selected_90d,DQB,common_support_ge20,146,6cb3579714893ac1cac96b622d8c2f9f7bd3a1ec66380752e3658fe377967138,True,3.47500001568,3.47643835904,-0.00143834336154,0.00041374050479,0,0.00041374050479,0.493150684932,0.493150684932,0,-0.00684931506849,-0.00684931506849,0,0.00684931506849,0.00684931506849,0,15.0300002098,15.0300002098,0,True,,,,,paired_same_month_identical_orders
severity,later,monthly,2018-04,xgboost_quantile,0.5,DQG,all-mature state-OD transit profiles,all_mature,promise_only,DQ0,all_mature_support_ge20,294,d0fb3d74e9f7da042d432b9c62de352209eb8c46a8371bca78589dbb9d244b28,True,3.51841835992,3.51987244158,-0.0014540816651,0.000413106352357,0,0.000413106352357,0.472789115646,0.462585034014,0.0102040816327,-0.0272108843537,-0.0374149659864,0.0102040816327,0.0272108843537,0.0374149659864,-0.0102040816327,15.6789998531,15.6789998531,0,True,,,,,paired_same_month_identical_orders
severity,later,monthly,2018-04,xgboost_quantile,0.5,DQG,all-mature state-OD transit profiles,all_mature,promise_only,DQ0,all_orders,306,f70654d8c209bccbb417414da1c2ceea047caa7f2467d1ed8101efa66eb66fd9,True,3.57473855393,3.57613561356,-0.00139705963386,0.000390661816224,0,0.000390661816224,0.470588235294,0.460784313725,0.00980392156863,-0.0294117647059,-0.0392156862745,0.00980392156863,0.0294117647059,0.0392156862745,-0.00980392156863,16,16,0,True,,,,,paired_same_month_identical_orders
severity,later,monthly,2018-04,xgboost_quantile,0.5,DQG,all-mature state-OD transit profiles,all_mature,selected_90d,DQG,all_orders,306,f70654d8c209bccbb417414da1c2ceea047caa7f2467d1ed8101efa66eb66fd9,True,3.57473855393,3.57517973192,-0.000441177997745,0.000123400229031,0,0.000123400229031,0.470588235294,0.470588235294,0,-0.0294117647059,-0.0294117647059,0,0.0294117647059,0.0294117647059,0,16,16,0,True,,,,,paired_same_month_identical_orders
severity,later,monthly,2018-04,xgboost_quantile,0.5,DQG,all-mature state-OD transit profiles,all_mature,selected_90d,DQG,common_support_ge20,272,a43802cbcc8b81b985da44251e5fcfe7b21aff2d2d3d75ff3b0623ae4fc88249,True,3.50174631704,3.50224264229,-0.000496325247463,0.000141716408072,0,0.000141716408072,0.477941176471,0.477941176471,0,-0.0220588235294,-0.0220588235294,0,0.0220588235294,0.0220588235294,0,14.996999979,14.996999979,0,True,,,,,paired_same_month_identical_orders
severity,later,monthly,2018-04,xgboost_quantile,0.5,DQS,all-mature seller pre-handoff profiles,all_mature,promise_only,DQ0,all_mature_support_ge20,202,13e8b54fca3800c96a8cd6d6d34ac0bb51a74e8d0c236b489abbee89417f40f6,True,3.52127475078,3.5213861312,-0.000111380425916,3.16297110756e-05,0,3.16297110756e-05,0.485148514851,0.485148514851,0,-0.0148514851485,-0.0148514851485,0,0.0148514851485,0.0148514851485,0,15.8940000057,15.8699997902,0.024000215532,True,,,,,paired_same_month_identical_orders
severity,later,monthly,2018-04,xgboost_quantile,0.5,DQS,all-mature seller pre-handoff profiles,all_mature,promise_only,DQ0,all_orders,306,f70654d8c209bccbb417414da1c2ceea047caa7f2467d1ed8101efa66eb66fd9,True,3.57532679645,3.57613561356,-0.00080881710915,0.000226170703953,0,0.000226170703953,0.460784313725,0.460784313725,0,-0.0392156862745,-0.0392156862745,0,0.0392156862745,0.0392156862745,0,16,16,0,True,,,,,paired_same_month_identical_orders
severity,later,monthly,2018-04,xgboost_quantile,0.5,DQS,all-mature seller pre-handoff profiles,all_mature,selected_90d,DQS,all_orders,306,f70654d8c209bccbb417414da1c2ceea047caa7f2467d1ed8101efa66eb66fd9,True,3.57532679645,3.57500816093,0.000318635523039,-8.91286141727e-05,0,-8.91286141727e-05,0.460784313725,0.467320261438,-0.00653594771242,-0.0392156862745,-0.0326797385621,-0.00653594771242,0.0392156862745,0.0326797385621,0.00653594771242,16,16,0,False,,,,,paired_same_month_identical_orders
severity,later,monthly,2018-04,xgboost_quantile,0.5,DQS,all-mature seller pre-handoff profiles,all_mature,selected_90d,DQS,common_support_ge20,160,ed5fa75d2dd1b7b4a7f703cc25154e311b1e91b3e22675ef300547f6802a1804,True,3.54593749791,3.5446718663,0.00126563161622,-0.000357051841174,0,-0.000357051841174,0.49375,0.5,-0.00625,-0.00625,0,-0.00625,0.00625,0,0.00625,16.1,16.1,0,False,,,,,paired_same_month_identical_orders
severity,later,monthly,2018-04,xgboost_quantile,0.9,DQB,all-mature seller pre-handoff and state-OD transit profiles,all_mature,promise_only,DQ0,all_mature_support_ge20,195,5b2daa82419555850eaa678b014f14ef370bb7c0a19a84a2573b11862a98da89,True,2.80935104468,2.79271304399,0.0166380006846,-0.0059576477864,0,-0.0059576477864,0.892307692308,0.892307692308,0,-0.00769230769231,-0.00769230769231,0,0.00769230769231,0.00769230769231,0,18.5902206421,18.6672019958,-0.07698135372,False,,,,,paired_same_month_identical_orders
severity,later,monthly,2018-04,xgboost_quantile,0.9,DQB,all-mature seller pre-handoff and state-OD transit profiles,all_mature,promise_only,DQ0,all_orders,306,f70654d8c209bccbb417414da1c2ceea047caa7f2467d1ed8101efa66eb66fd9,True,2.84101565118,2.82454854741,0.016467103772,-0.00582999495162,0,-0.00582999495162,0.882352941176,0.882352941176,0,-0.0176470588235,-0.0176470588235,0,0.0176470588235,0.0176470588235,0,18.6848621369,18.665851593,0.01901054385,False,,,,,paired_same_month_identical_orders
severity,later,monthly,2018-04,xgboost_quantile,0.9,DQB,all-mature seller pre-handoff and state-OD transit profiles,all_mature,selected_90d,DQB,all_orders,306,f70654d8c209bccbb417414da1c2ceea047caa7f2467d1ed8101efa66eb66fd9,True,2.84101565118,2.83574855031,0.00526710086516,-0.0018573934789,0,-0.0018573934789,0.882352941176,0.882352941176,0,-0.0176470588235,-0.0176470588235,0,0.0176470588235,0.0176470588235,0,18.6848621369,18.3954935073,0.2893686295,False,,,,,paired_same_month_identical_orders
severity,later,monthly,2018-04,xgboost_quantile,0.9,DQB,all-mature seller pre-handoff and state-OD transit profiles,all_mature,selected_90d,DQB,common_support_ge20,146,6cb3579714893ac1cac96b622d8c2f9f7bd3a1ec66380752e3658fe377967138,True,3.02857763473,3.02807505359,0.00050258114,-0.000165973805505,0,-0.000165973805505,0.890410958904,0.890410958904,0,-0.00958904109589,-0.00958904109589,0,0.00958904109589,0.00958904109589,0,18.4822216034,18.3771934509,0.1050281525,False,,,,,paired_same_month_identical_orders
severity,later,monthly,2018-04,xgboost_quantile,0.9,DQG,all-mature state-OD transit profiles,all_mature,promise_only,DQ0,all_mature_support_ge20,294,d0fb3d74e9f7da042d432b9c62de352209eb8c46a8371bca78589dbb9d244b28,True,2.78771899801,2.777461859,0.0102571390118,-0.00369299005083,0,-0.00369299005083,0.887755102041,0.887755102041,0,-0.0122448979592,-0.0122448979592,0,0.0122448979592,0.0122448979592,0,18.5226333618,18.6663917541,-0.1437583923,False,,,,,paired_same_month_identical_orders
severity,later,monthly,2018-04,xgboost_quantile,0.9,DQG,all-mature state-OD transit profiles,all_mature,promise_only,DQ0,all_orders,306,f70654d8c209bccbb417414da1c2ceea047caa7f2467d1ed8101efa66eb66fd9,True,2.83206584344,2.82454854741,0.00751729603761,-0.00266141505853,0,-0.00266141505853,0.882352941176,0.882352941176,0,-0.0176470588235,-0.0176470588235,0,0.0176470588235,0.0176470588235,0,18.4788093567,18.665851593,-0.1870422363,False,,,,,paired_same_month_identical_orders
severity,later,monthly,2018-04,xgboost_quantile,0.9,DQG,all-mature state-OD transit profiles,all_mature,selected_90d,DQG,all_orders,306,f70654d8c209bccbb417414da1c2ceea047caa7f2467d1ed8101efa66eb66fd9,True,2.83206584344,2.82795119628,0.00411464716062,-0.00145499228064,0,-0.00145499228064,0.882352941176,0.882352941176,0,-0.0176470588235,-0.0176470588235,0,0.0176470588235,0.0176470588235,0,18.4788093567,18.6969184875,-0.2181091308,False,,,,,paired_same_month_identical_orders
severity,later,monthly,2018-04,xgboost_quantile,0.9,DQG,all-mature state-OD transit profiles,all_mature,selected_90d,DQG,common_support_ge20,272,a43802cbcc8b81b985da44251e5fcfe7b21aff2d2d3d75ff3b0623ae4fc88249,True,2.797618258,2.7901133383,0.00750491969691,-0.0026898261063,0,-0.0026898261063,0.889705882353,0.889705882353,0,-0.0102941176471,-0.0102941176471,0,0.0102941176471,0.0102941176471,0,18.5883693695,18.7174303055,-0.12906093601,False,,,,,paired_same_month_identical_orders
severity,later,monthly,2018-04,xgboost_quantile,0.9,DQS,all-mature seller pre-handoff profiles,all_mature,promise_only,DQ0,all_mature_support_ge20,202,13e8b54fca3800c96a8cd6d6d34ac0bb51a74e8d0c236b489abbee89417f40f6,True,2.88144152896,2.87153026656,0.00991126240124,-0.00345156118208,0,-0.00345156118208,0.886138613861,0.886138613861,0,-0.0138613861386,-0.0138613861386,0,0.0138613861386,0.0138613861386,0,18.8197078705,18.6672019958,0.1525058747,False,,,,,paired_same_month_identical_orders
severity,later,monthly,2018-04,xgboost_quantile,0.9,DQS,all-mature seller pre-handoff profiles,all_mature,promise_only,DQ0,all_orders,306,f70654d8c209bccbb417414da1c2ceea047caa7f2467d1ed8101efa66eb66fd9,True,2.83249628715,2.82454854741,0.00794773974624,-0.00281380886639,0,-0.00281380886639,0.882352941176,0.882352941176,0,-0.0176470588235,-0.0176470588235,0,0.0176470588235,0.0176470588235,0,18.9228239059,18.665851593,0.2569723129,False,,,,,paired_same_month_identical_orders
severity,later,monthly,2018-04,xgboost_quantile,0.9,DQS,all-mature seller pre-handoff profiles,all_mature,selected_90d,DQS,all_orders,306,f70654d8c209bccbb417414da1c2ceea047caa7f2467d1ed8101efa66eb66fd9,True,2.83249628715,2.82504552704,0.00745076011359,-0.00263739470472,0,-0.00263739470472,0.882352941176,0.882352941176,0,-0.0176470588235,-0.0176470588235,0,0.0176470588235,0.0176470588235,0,18.9228239059,18.8104887009,0.11233520505,False,,,,,paired_same_month_identical_orders
severity,later,monthly,2018-04,xgboost_quantile,0.9,DQS,all-mature seller pre-handoff profiles,all_mature,selected_90d,DQS,common_support_ge20,160,ed5fa75d2dd1b7b4a7f703cc25154e311b1e91b3e22675ef300547f6802a1804,True,3.07265619159,3.06686694264,0.00578924894469,-0.00188767528978,0,-0.00188767528978,0.8875,0.8875,0,-0.0125,-0.0125,0,0.0125,0.0125,0,18.8759735108,18.8500366211,0.02593688968,False,,,,,paired_same_month_identical_orders
severity,later,monthly,2018-05,linear_quantile,0.5,DQB,all-mature seller pre-handoff and state-OD transit profiles,all_mature,promise_only,DQ0,all_mature_support_ge20,306,4aedc509adf8da0001e64394ec4d285d4e3c06787e702227dc3177a22f432fec,True,2.36043054497,2.30628957233,0.054140972647,-0.02347535769,0,-0.02347535769,0.624183006536,0.598039215686,0.0261437908497,0.124183006536,0.0980392156863,0.0261437908497,0.124183006536,0.0980392156863,0.0261437908497,6.8188092077,6.72784582714,0.090963380555,False,,,,,paired_same_month_identical_orders
severity,later,monthly,2018-05,linear_quantile,0.5,DQB,all-mature seller pre-handoff and state-OD transit profiles,all_mature,promise_only,DQ0,all_orders,443,1e8f737f65d16539c4d5c862ea765abd56a694c2e2362f8b4d7ef7e39e6c770f,True,2.29103569852,2.21256456732,0.0784711312028,-0.0354661429375,0,-0.0354661429375,0.600451467269,0.573363431151,0.0270880361174,0.100451467269,0.0733634311512,0.0270880361174,0.100451467269,0.0733634311512,0.0270880361174,7.39309116485,6.98047410873,0.412617056112,False,,,,,paired_same_month_identical_orders
severity,later,monthly,2018-05,linear_quantile,0.5,DQB,all-mature seller pre-handoff and state-OD transit profiles,all_mature,selected_90d,DQB,all_orders,443,1e8f737f65d16539c4d5c862ea765abd56a694c2e2362f8b4d7ef7e39e6c770f,True,2.29103569852,2.2945441252,-0.00350842668037,0.00152902994623,0,0.00152902994623,0.600451467269,0.604966139955,-0.00451467268623,0.100451467269,0.104966139955,-0.00451467268623,0.100451467269,0.104966139955,-0.00451467268623,7.39309116485,7.42555608583,-0.03246492098,True,,,,,paired_same_month_identical_orders
severity,later,monthly,2018-05,linear_quantile,0.5,DQB,all-mature seller pre-handoff and state-OD transit profiles,all_mature,selected_90d,DQB,common_support_ge20,247,55138f39ec4b29cc0f29af914ed0855281ce246afc3a244d9c1598c86f0f96f1,True,2.18792770608,2.19281959846,-0.0048918923851,0.00223086859883,0,0.00223086859883,0.607287449393,0.619433198381,-0.0121457489879,0.107287449393,0.119433198381,-0.0121457489879,0.107287449393,0.119433198381,-0.0121457489879,6.67206363964,6.62055691696,0.051506722678,True,,,,,paired_same_month_identical_orders
severity,later,monthly,2018-05,linear_quantile,0.5,DQG,all-mature state-OD transit profiles,all_mature,promise_only,DQ0,all_mature_support_ge20,419,b9bd2d85db4fe78adbfdd00d2885d816b3a0a71b147675d6cc86fa4141d7f54d,True,2.2878231266,2.24818333541,0.0396397911849,-0.0176319210985,0,-0.0176319210985,0.622911694511,0.572792362768,0.0501193317422,0.122911694511,0.0727923627685,0.0501193317422,0.122911694511,0.0727923627685,0.0501193317422,6.79566349773,6.98166237487,-0.18599887714,False,,,,,paired_same_month_identical_orders
severity,later,monthly,2018-05,linear_quantile,0.5,DQG,all-mature state-OD transit profiles,all_mature,promise_only,DQ0,all_orders,443,1e8f737f65d16539c4d5c862ea765abd56a694c2e2362f8b4d7ef7e39e6c770f,True,2.25989176265,2.21256456732,0.0473271953307,-0.0213901985189,0,-0.0213901985189,0.613995485327,0.573363431151,0.0406320541761,0.113995485327,0.0733634311512,0.0406320541761,0.113995485327,0.0733634311512,0.0406320541761,6.90847460952,6.98047410873,-0.071999499218,False,,,,,paired_same_month_identical_orders
severity,later,monthly,2018-05,linear_quantile,0.5,DQG,all-mature state-OD transit profiles,all_mature,selected_90d,DQG,all_orders,443,1e8f737f65d16539c4d5c862ea765abd56a694c2e2362f8b4d7ef7e39e6c770f,True,2.25989176265,2.26419832132,-0.00430655866944,0.00190202361202,0,0.00190202361202,0.613995485327,0.627539503386,-0.0135440180587,0.113995485327,0.127539503386,-0.0135440180587,0.113995485327,0.127539503386,-0.0135440180587,6.90847460952,6.93208764613,-0.023613036616,True,,,,,paired_same_month_identical_orders
severity,later,monthly,2018-05,linear_quantile,0.5,DQG,all-mature state-OD transit profiles,all_mature,selected_90d,DQG,common_support_ge20,413,4de473141145ff503b82fb423c25bd5bb03a4ff58464e3f35bf20b2995512afb,True,2.25668199865,2.27365653819,-0.0169745395454,0.00746574483008,0,0.00746574483008,0.627118644068,0.639225181598,-0.0121065375303,0.127118644068,0.139225181598,-0.0121065375303,0.127118644068,0.139225181598,-0.0121065375303,6.75531175512,6.8089547058,-0.053642950674,True,,,,,paired_same_month_identical_orders
severity,later,monthly,2018-05,linear_quantile,0.5,DQS,all-mature seller pre-handoff profiles,all_mature,promise_only,DQ0,all_mature_support_ge20,329,8a9b68f73c1455a4d5bc60b4d428ce45de046e1bd78caa54327dd4cdf56a8ad1,True,2.24991509842,2.25595747642,-0.00604237799755,0.00267840952709,0,0.00267840952709,0.565349544073,0.595744680851,-0.0303951367781,0.0653495440729,0.0957446808511,-0.0303951367781,0.0653495440729,0.0957446808511,-0.0303951367781,6.77214876808,6.66328213893,0.108866629154,True,,,,,paired_same_month_identical_orders
severity,later,monthly,2018-05,linear_quantile,0.5,DQS,all-mature seller pre-handoff profiles,all_mature,promise_only,DQ0,all_orders,443,1e8f737f65d16539c4d5c862ea765abd56a694c2e2362f8b4d7ef7e39e6c770f,True,2.23746325846,2.21256456732,0.0248986911492,-0.011253317312,0,-0.011253317312,0.553047404063,0.573363431151,-0.020316027088,0.0530474040632,0.0733634311512,-0.020316027088,0.0530474040632,0.0733634311512,-0.020316027088,7.32792295833,6.98047410873,0.3474488496,False,,,,,paired_same_month_identical_orders
severity,later,monthly,2018-05,linear_quantile,0.5,DQS,all-mature seller pre-handoff profiles,all_mature,selected_90d,DQS,all_orders,443,1e8f737f65d16539c4d5c862ea765abd56a694c2e2362f8b4d7ef7e39e6c770f,True,2.23746325846,2.24023742937,-0.0027741709003,0.00123833789398,0,0.00123833789398,0.553047404063,0.562076749436,-0.00902934537246,0.0530474040632,0.0620767494357,-0.00902934537246,0.0530474040632,0.0620767494357,-0.00902934537246,7.32792295833,7.1913537053,0.13656925303,True,,,,,paired_same_month_identical_orders
severity,later,monthly,2018-05,linear_quantile,0.5,DQS,all-mature seller pre-handoff profiles,all_mature,selected_90d,DQS,common_support_ge20,272,cc75d0318945922c09e4c31a887b054fe25aa2f681c6b3393585c59665a167c7,True,2.13328382311,2.1419092875,-0.00862546438443,0.00402699798483,0,0.00402699798483,0.555147058824,0.569852941176,-0.0147058823529,0.0551470588235,0.0698529411765,-0.0147058823529,0.0551470588235,0.0698529411765,-0.0147058823529,6.82170726505,6.80412184823,0.017585416824,True,,,,,paired_same_month_identical_orders
severity,later,monthly,2018-05,linear_quantile,0.9,DQB,all-mature seller pre-handoff and state-OD transit profiles,all_mature,promise_only,DQ0,all_mature_support_ge20,306,4aedc509adf8da0001e64394ec4d285d4e3c06787e702227dc3177a22f432fec,True,2.19936443295,2.22197093463,-0.0226065016833,0.0101740762361,0,0.0101740762361,0.967320261438,0.967320261438,0,0.0673202614379,0.0673202614379,0,0.0673202614379,0.0673202614379,0,19.5572411563,19.8420396274,-0.2847984711,True,,,,,paired_same_month_identical_orders
severity,later,monthly,2018-05,linear_quantile,0.9,DQB,all-mature seller pre-handoff and state-OD transit profiles,all_mature,promise_only,DQ0,all_orders,443,1e8f737f65d16539c4d5c862ea765abd56a694c2e2362f8b4d7ef7e39e6c770f,True,2.04182023244,2.03731775724,0.00450247520368,-0.00221000145298,0,-0.00221000145298,0.975169300226,0.972911963883,0.00225733634312,0.0751693002257,0.0729119638826,0.00225733634312,0.0751693002257,0.0729119638826,0.00225733634312,19.7425373144,19.7948874371,-0.05235012268,False,,,,,paired_same_month_identical_orders
severity,later,monthly,2018-05,linear_quantile,0.9,DQB,all-mature seller pre-handoff and state-OD transit profiles,all_mature,selected_90d,DQB,all_orders,443,1e8f737f65d16539c4d5c862ea765abd56a694c2e2362f8b4d7ef7e39e6c770f,True,2.04182023244,2.05718214371,-0.0153619112674,0.00746745314428,0,0.00746745314428,0.975169300226,0.972911963883,0.00225733634312,0.0751693002257,0.0729119638826,0.00225733634312,0.0751693002257,0.0729119638826,0.00225733634312,19.7425373144,20.0467640682,-0.30422675376,True,,,,,paired_same_month_identical_orders
severity,later,monthly,2018-05,linear_quantile,0.9,DQB,all-mature seller pre-handoff and state-OD transit profiles,all_mature,selected_90d,DQB,common_support_ge20,247,55138f39ec4b29cc0f29af914ed0855281ce246afc3a244d9c1598c86f0f96f1,True,2.00661944042,2.02330075285,-0.016681312436,0.00824460348394,0,0.00824460348394,0.975708502024,0.971659919028,0.00404858299595,0.0757085020243,0.0716599190283,0.00404858299595,0.0757085020243,0.0716599190283,0.00404858299595,19.2470066532,19.5755404901,-0.3285338369,True,,,,,paired_same_month_identical_orders
severity,later,monthly,2018-05,linear_quantile,0.9,DQG,all-mature state-OD transit profiles,all_mature,promise_only,DQ0,all_mature_support_ge20,419,b9bd2d85db4fe78adbfdd00d2885d816b3a0a71b147675d6cc86fa4141d7f54d,True,2.07182867602,2.07182867602,0,0,0,0,0.971360381862,0.971360381862,0,0.0713603818616,0.0713603818616,0,0.0713603818616,0.0713603818616,0,19.8120920234,19.8120920234,0,True,,,,,paired_same_month_identical_orders
severity,later,monthly,2018-05,linear_quantile,0.9,DQG,all-mature state-OD transit profiles,all_mature,promise_only,DQ0,all_orders,443,1e8f737f65d16539c4d5c862ea765abd56a694c2e2362f8b4d7ef7e39e6c770f,True,2.03731775724,2.03731775724,0,0,0,0,0.972911963883,0.972911963883,0,0.0729119638826,0.0729119638826,0,0.0729119638826,0.0729119638826,0,19.7948874371,19.7948874371,0,True,,,,,paired_same_month_identical_orders
severity,later,monthly,2018-05,linear_quantile,0.9,DQG,all-mature state-OD transit profiles,all_mature,selected_90d,DQG,all_orders,443,1e8f737f65d16539c4d5c862ea765abd56a694c2e2362f8b4d7ef7e39e6c770f,True,2.03731775724,2.04754153037,-0.0102237731279,0.00499319450976,0,0.00499319450976,0.972911963883,0.975169300226,-0.00225733634312,0.0729119638826,0.0751693002257,-0.00225733634312,0.0729119638826,0.0751693002257,-0.00225733634312,19.7948874371,20.0089816551,-0.21409421802,True,,,,,paired_same_month_identical_orders
severity,later,monthly,2018-05,linear_quantile,0.9,DQG,all-mature state-OD transit profiles,all_mature,selected_90d,DQG,common_support_ge20,413,4de473141145ff503b82fb423c25bd5bb03a4ff58464e3f35bf20b2995512afb,True,2.06680761075,2.07475002145,-0.00794241070353,0.00382812898972,0,0.00382812898972,0.973365617433,0.975786924939,-0.00242130750605,0.0733656174334,0.0757869249395,-0.00242130750605,0.0733656174334,0.0757869249395,-0.00242130750605,19.8087914492,20.0879216032,-0.27913015408,True,,,,,paired_same_month_identical_orders
severity,later,monthly,2018-05,linear_quantile,0.9,DQS,all-mature seller pre-handoff profiles,all_mature,promise_only,DQ0,all_mature_support_ge20,329,8a9b68f73c1455a4d5bc60b4d428ce45de046e1bd78caa54327dd4cdf56a8ad1,True,2.14228025496,2.16583514571,-0.023554890746,0.0108756618862,0,0.0108756618862,0.969604863222,0.969604863222,0,0.0696048632219,0.0696048632219,0,0.0696048632219,0.0696048632219,0,19.5012723345,19.8120920234,-0.31081968888,True,,,,,paired_same_month_identical_orders
severity,later,monthly,2018-05,linear_quantile,0.9,DQS,all-mature seller pre-handoff profiles,all_mature,promise_only,DQ0,all_orders,443,1e8f737f65d16539c4d5c862ea765abd56a694c2e2362f8b4d7ef7e39e6c770f,True,2.04182023244,2.03731775724,0.00450247520368,-0.00221000145298,0,-0.00221000145298,0.975169300226,0.972911963883,0.00225733634312,0.0751693002257,0.0729119638826,0.00225733634312,0.0751693002257,0.0729119638826,0.00225733634312,19.7425373144,19.7948874371,-0.05235012268,False,,,,,paired_same_month_identical_orders
severity,later,monthly,2018-05,linear_quantile,0.9,DQS,all-mature seller pre-handoff profiles,all_mature,selected_90d,DQS,all_orders,443,1e8f737f65d16539c4d5c862ea765abd56a694c2e2362f8b4d7ef7e39e6c770f,True,2.04182023244,2.04740209587,-0.00558186342713,0.00272631518664,0,0.00272631518664,0.975169300226,0.972911963883,0.00225733634312,0.0751693002257,0.0729119638826,0.00225733634312,0.0751693002257,0.0729119638826,0.00225733634312,19.7425373144,19.8798799471,-0.13734263264,True,,,,,paired_same_month_identical_orders
severity,later,monthly,2018-05,linear_quantile,0.9,DQS,all-mature seller pre-handoff profiles,all_mature,selected_90d,DQS,common_support_ge20,272,cc75d0318945922c09e4c31a887b054fe25aa2f681c6b3393585c59665a167c7,True,1.97765737044,1.98611635326,-0.00845898281779,0.00425905703052,0,0.00425905703052,0.974264705882,0.970588235294,0.00367647058824,0.0742647058824,0.0705882352941,0.00367647058824,0.0742647058824,0.0705882352941,0.00367647058824,19.2340949917,19.4190904021,-0.18499541037,True,,,,,paired_same_month_identical_orders
severity,later,monthly,2018-05,xgboost_quantile,0.5,DQB,all-mature seller pre-handoff and state-OD transit profiles,all_mature,promise_only,DQ0,all_mature_support_ge20,306,4aedc509adf8da0001e64394ec4d285d4e3c06787e702227dc3177a22f432fec,True,2.40300651859,2.40418300597,-0.00117648738673,0.000489350180002,0,0.000489350180002,0.637254901961,0.66339869281,-0.0261437908497,0.137254901961,0.16339869281,-0.0261437908497,0.137254901961,0.16339869281,-0.0261437908497,6.09000015259,6.03000020981,0.05999994278,True,,,,,paired_same_month_identical_orders
severity,later,monthly,2018-05,xgboost_quantile,0.5,DQB,all-mature seller pre-handoff and state-OD transit profiles,all_mature,promise_only,DQ0,all_orders,443,1e8f737f65d16539c4d5c862ea765abd56a694c2e2362f8b4d7ef7e39e6c770f,True,2.29134310234,2.29185101464,-0.0005079123022,0.00022161663169,0,0.00022161663169,0.604966139955,0.634311512415,-0.0293453724605,0.104966139955,0.134311512415,-0.0293453724605,0.104966139955,0.134311512415,-0.0293453724605,6.09000015259,6.03000020981,0.05999994278,True,,,,,paired_same_month_identical_orders
severity,later,monthly,2018-05,xgboost_quantile,0.5,DQB,all-mature seller pre-handoff and state-OD transit profiles,all_mature,selected_90d,DQB,all_orders,443,1e8f737f65d16539c4d5c862ea765abd56a694c2e2362f8b4d7ef7e39e6c770f,True,2.29134310234,2.29621895818,-0.00487585584424,0.00212342809333,0,0.00212342809333,0.604966139955,0.627539503386,-0.0225733634312,0.104966139955,0.127539503386,-0.0225733634312,0.104966139955,0.127539503386,-0.0225733634312,6.09000015259,6.05399999619,0.036000156404,True,,,,,paired_same_month_identical_orders
severity,later,monthly,2018-05,xgboost_quantile,0.5,DQB,all-mature seller pre-handoff and state-OD transit profiles,all_mature,selected_90d,DQB,common_support_ge20,247,55138f39ec4b29cc0f29af914ed0855281ce246afc3a244d9c1598c86f0f96f1,True,2.24868419103,2.25560728355,-0.00692309252182,0.00306928097471,0,0.00306928097471,0.635627530364,0.651821862348,-0.0161943319838,0.135627530364,0.151821862348,-0.0161943319838,0.135627530364,0.151821862348,-0.0161943319838,6.0720000267,6,0.072000026704,True,,,,,paired_same_month_identical_orders
severity,later,monthly,2018-05,xgboost_quantile,0.5,DQG,all-mature state-OD transit profiles,all_mature,promise_only,DQ0,all_mature_support_ge20,419,b9bd2d85db4fe78adbfdd00d2885d816b3a0a71b147675d6cc86fa4141d7f54d,True,2.33099044137,2.33138424684,-0.000393805469773,0.0001689148712,0,0.0001689148712,0.613365155131,0.63723150358,-0.0238663484487,0.113365155131,0.13723150358,-0.0238663484487,0.113365155131,0.13723150358,-0.0238663484487,6.09000015259,6.0360001564,0.053999996186,True,,,,,paired_same_month_identical_orders
severity,later,monthly,2018-05,xgboost_quantile,0.5,DQG,all-mature state-OD transit profiles,all_mature,promise_only,DQ0,all_orders,443,1e8f737f65d16539c4d5c862ea765abd56a694c2e2362f8b4d7ef7e39e6c770f,True,2.29185100495,2.29185101464,-9.68749436225e-09,4.22693025026e-09,0,4.22693025026e-09,0.607223476298,0.634311512415,-0.0270880361174,0.107223476298,0.134311512415,-0.0270880361174,0.107223476298,0.134311512415,-0.0270880361174,6.09000015259,6.03000020981,0.05999994278,True,,,,,paired_same_month_identical_orders
severity,later,monthly,2018-05,xgboost_quantile,0.5,DQG,all-mature state-OD transit profiles,all_mature,selected_90d,DQG,all_orders,443,1e8f737f65d16539c4d5c862ea765abd56a694c2e2362f8b4d7ef7e39e6c770f,True,2.29185100495,2.29273137982,-0.000880374865486,0.000383985177346,0,0.000383985177346,0.607223476298,0.625282167043,-0.0180586907449,0.107223476298,0.125282167043,-0.0180586907449,0.107223476298,0.125282167043,-0.0180586907449,6.09000015259,6.05999994278,0.03000020981,True,,,,,paired_same_month_identical_orders
severity,later,monthly,2018-05,xgboost_quantile,0.5,DQG,all-mature state-OD transit profiles,all_mature,selected_90d,DQG,common_support_ge20,413,4de473141145ff503b82fb423c25bd5bb03a4ff58464e3f35bf20b2995512afb,True,2.29826875287,2.29939467566,-0.001125922792,0.000489660519751,0,0.000489660519751,0.617433414044,0.634382566586,-0.0169491525424,0.117433414044,0.134382566586,-0.0169491525424,0.117433414044,0.134382566586,-0.0169491525424,6.09000015259,6.05999994278,0.03000020981,True,,,,,paired_same_month_identical_orders
severity,later,monthly,2018-05,xgboost_quantile,0.5,DQS,all-mature seller pre-handoff profiles,all_mature,promise_only,DQ0,all_mature_support_ge20,329,8a9b68f73c1455a4d5bc60b4d428ce45de046e1bd78caa54327dd4cdf56a8ad1,True,2.34743161187,2.3483890574,-0.000957445532979,0.000407703114593,0,0.000407703114593,0.650455927052,0.656534954407,-0.00607902735562,0.150455927052,0.156534954407,-0.00607902735562,0.150455927052,0.156534954407,-0.00607902735562,6.00600004196,6.03000020981,-0.024000167848,True,,,,,paired_same_month_identical_orders
severity,later,monthly,2018-05,xgboost_quantile,0.5,DQS,all-mature seller pre-handoff profiles,all_mature,promise_only,DQ0,all_orders,443,1e8f737f65d16539c4d5c862ea765abd56a694c2e2362f8b4d7ef7e39e6c770f,True,2.29120767359,2.29185101464,-0.000643341051456,0.000280708059706,0,0.000280708059706,0.629796839729,0.634311512415,-0.00451467268623,0.129796839729,0.134311512415,-0.00451467268623,0.129796839729,0.134311512415,-0.00451467268623,6.03000020981,6.03000020981,0,True,,,,,paired_same_month_identical_orders
severity,later,monthly,2018-05,xgboost_quantile,0.5,DQS,all-mature seller pre-handoff profiles,all_mature,selected_90d,DQS,all_orders,443,1e8f737f65d16539c4d5c862ea765abd56a694c2e2362f8b4d7ef7e39e6c770f,True,2.29120767359,2.29178329031,-0.000575616720192,0.000251165423287,0,0.000251165423287,0.629796839729,0.625282167043,0.00451467268623,0.129796839729,0.125282167043,0.00451467268623,0.129796839729,0.125282167043,0.00451467268623,6.03000020981,6.03000020981,0,True,,,,,paired_same_month_identical_orders
severity,later,monthly,2018-05,xgboost_quantile,0.5,DQS,all-mature seller pre-handoff profiles,all_mature,selected_90d,DQS,common_support_ge20,272,cc75d0318945922c09e4c31a887b054fe25aa2f681c6b3393585c59665a167c7,True,2.23362132469,2.23433823182,-0.000716907136471,0.000320858823548,0,0.000320858823548,0.647058823529,0.639705882353,0.00735294117647,0.147058823529,0.139705882353,0.00735294117647,0.147058823529,0.139705882353,0.00735294117647,6.02700018883,6.02700018883,0,True,,,,,paired_same_month_identical_orders
severity,later,monthly,2018-05,xgboost_quantile,0.9,DQB,all-mature seller pre-handoff and state-OD transit profiles,all_mature,promise_only,DQ0,all_mature_support_ge20,306,4aedc509adf8da0001e64394ec4d285d4e3c06787e702227dc3177a22f432fec,True,2.21547714433,2.23359051187,-0.018113367541,0.00810952922873,0,0.00810952922873,0.960784313725,0.967320261438,-0.00653594771242,0.0607843137255,0.0673202614379,-0.00653594771242,0.0607843137255,0.0673202614379,-0.00653594771242,19.6571750641,20.0530128479,-0.3958377838,True,,,,,paired_same_month_identical_orders
severity,later,monthly,2018-05,xgboost_quantile,0.9,DQB,all-mature seller pre-handoff and state-OD transit profiles,all_mature,promise_only,DQ0,all_orders,443,1e8f737f65d16539c4d5c862ea765abd56a694c2e2362f8b4d7ef7e39e6c770f,True,2.04090916309,2.04495136915,-0.00404220606815,0.00197667589025,0,0.00197667589025,0.968397291196,0.975169300226,-0.00677200902935,0.0683972911964,0.0751693002257,-0.00677200902935,0.0683972911964,0.0751693002257,-0.00677200902935,19.616424942,20.0231189728,-0.40669403078,True,,,,,paired_same_month_identical_orders
severity,later,monthly,2018-05,xgboost_quantile,0.9,DQB,all-mature seller pre-handoff and state-OD transit profiles,all_mature,selected_90d,DQB,all_orders,443,1e8f737f65d16539c4d5c862ea765abd56a694c2e2362f8b4d7ef7e39e6c770f,True,2.04090916309,2.05368542682,-0.0127762637336,0.00622113959944,0,0.00622113959944,0.968397291196,0.97065462754,-0.00225733634312,0.0683972911964,0.0706546275395,-0.00225733634312,0.0683972911964,0.0706546275395,-0.00225733634312,19.616424942,19.886510849,-0.27008590698,True,,,,,paired_same_month_identical_orders
severity,later,monthly,2018-05,xgboost_quantile,0.9,DQB,all-mature seller pre-handoff and state-OD transit profiles,all_mature,selected_90d,DQB,common_support_ge20,247,55138f39ec4b29cc0f29af914ed0855281ce246afc3a244d9c1598c86f0f96f1,True,2.02141792745,2.03758270789,-0.0161647804343,0.00793331253341,0,0.00793331253341,0.971659919028,0.975708502024,-0.00404858299595,0.0716599190283,0.0757085020243,-0.00404858299595,0.0716599190283,0.0757085020243,-0.00404858299595,19.370885849,19.8105789185,-0.43969306948,True,,,,,paired_same_month_identical_orders
severity,later,monthly,2018-05,xgboost_quantile,0.9,DQG,all-mature state-OD transit profiles,all_mature,promise_only,DQ0,all_mature_support_ge20,419,b9bd2d85db4fe78adbfdd00d2885d816b3a0a71b147675d6cc86fa4141d7f54d,True,2.05546154441,2.08124920292,-0.0257876585089,0.0123904712962,0,0.0123904712962,0.966587112172,0.973747016706,-0.00715990453461,0.0665871121718,0.0737470167064,-0.00715990453461,0.0665871121718,0.0737470167064,-0.00715990453461,19.4522304535,20.0530128479,-0.6007823944,True,,,,,paired_same_month_identical_orders
severity,later,monthly,2018-05,xgboost_quantile,0.9,DQG,all-mature state-OD transit profiles,all_mature,promise_only,DQ0,all_orders,443,1e8f737f65d16539c4d5c862ea765abd56a694c2e2362f8b4d7ef7e39e6c770f,True,2.02160144014,2.04495136915,-0.0233499290169,0.011418329731,0,0.011418329731,0.968397291196,0.975169300226,-0.00677200902935,0.0683972911964,0.0751693002257,-0.00677200902935,0.0683972911964,0.0751693002257,-0.00677200902935,19.4412460327,20.0231189728,-0.58187294008,True,,,,,paired_same_month_identical_orders
severity,later,monthly,2018-05,xgboost_quantile,0.9,DQG,all-mature state-OD transit profiles,all_mature,selected_90d,DQG,all_orders,443,1e8f737f65d16539c4d5c862ea765abd56a694c2e2362f8b4d7ef7e39e6c770f,True,2.02160144014,2.05074101398,-0.0291395738471,0.0142092900315,0,0.0142092900315,0.968397291196,0.972911963883,-0.00451467268623,0.0683972911964,0.0729119638826,-0.00451467268623,0.0683972911964,0.0729119638826,-0.00451467268623,19.4412460327,19.644908905,-0.20366287228,True,,,,,paired_same_month_identical_orders
severity,later,monthly,2018-05,xgboost_quantile,0.9,DQG,all-mature state-OD transit profiles,all_mature,selected_90d,DQG,common_support_ge20,413,4de473141145ff503b82fb423c25bd5bb03a4ff58464e3f35bf20b2995512afb,True,2.04904023972,2.07957724047,-0.0305370007518,0.0146842349289,0,0.0146842349289,0.970944309927,0.975786924939,-0.00484261501211,0.0709443099274,0.0757869249395,-0.00484261501211,0.0709443099274,0.0757869249395,-0.00484261501211,19.4114261627,19.644908905,-0.23348274228,True,,,,,paired_same_month_identical_orders
severity,later,monthly,2018-05,xgboost_quantile,0.9,DQS,all-mature seller pre-handoff profiles,all_mature,promise_only,DQ0,all_mature_support_ge20,329,8a9b68f73c1455a4d5bc60b4d428ce45de046e1bd78caa54327dd4cdf56a8ad1,True,2.167216632,2.17521709801,-0.00800046601869,0.00367800805997,0,0.00367800805997,0.963525835866,0.969604863222,-0.00607902735562,0.0635258358663,0.0696048632219,-0.00607902735562,0.0635258358663,0.0696048632219,-0.00607902735562,19.9160480499,20.0530128479,-0.136964798,True,,,,,paired_same_month_identical_orders
severity,later,monthly,2018-05,xgboost_quantile,0.9,DQS,all-mature seller pre-handoff profiles,all_mature,promise_only,DQ0,all_orders,443,1e8f737f65d16539c4d5c862ea765abd56a694c2e2362f8b4d7ef7e39e6c770f,True,2.05095896624,2.04495136915,0.00600759708646,-0.00293777014802,0,-0.00293777014802,0.968397291196,0.975169300226,-0.00677200902935,0.0683972911964,0.0751693002257,-0.00677200902935,0.0683972911964,0.0751693002257,-0.00677200902935,19.9160480499,20.0231189728,-0.1070709229,False,,,,,paired_same_month_identical_orders
severity,later,monthly,2018-05,xgboost_quantile,0.9,DQS,all-mature seller pre-handoff profiles,all_mature,selected_90d,DQS,all_orders,443,1e8f737f65d16539c4d5c862ea765abd56a694c2e2362f8b4d7ef7e39e6c770f,True,2.05095896624,2.05539187481,-0.00443290856874,0.00215672185098,0,0.00215672185098,0.968397291196,0.968397291196,0,0.0683972911964,0.0683972911964,0,0.0683972911964,0.0683972911964,0,19.9160480499,19.92008667,-0.00403862006,True,,,,,paired_same_month_identical_orders
severity,later,monthly,2018-05,xgboost_quantile,0.9,DQS,all-mature seller pre-handoff profiles,all_mature,selected_90d,DQS,common_support_ge20,272,cc75d0318945922c09e4c31a887b054fe25aa2f681c6b3393585c59665a167c7,True,2.0003442056,2.00625473962,-0.00591053401765,0.0029460536097,0,0.0029460536097,0.970588235294,0.970588235294,0,0.0705882352941,0.0705882352941,0,0.0705882352941,0.0705882352941,0,19.849861145,19.909866333,-0.060005188,True,,,,,paired_same_month_identical_orders
severity,later,monthly,2018-06,linear_quantile,0.5,DQB,all-mature seller pre-handoff and state-OD transit profiles,all_mature,promise_only,DQ0,all_mature_support_ge20,49,5b3a0d28b580a72863ed32e3cd5eb4fc3a21a4b4b08e0f5aa099c49008daed9c,True,5.47841559216,5.42066488217,0.0577507099872,-0.0106538056203,0,-0.0106538056203,0.387755102041,0.408163265306,-0.0204081632653,-0.112244897959,-0.0918367346939,-0.0204081632653,0.112244897959,0.0918367346939,0.0204081632653,23.3064485059,23.4136359346,-0.107187428654,False,,,,,paired_same_month_identical_orders
severity,later,monthly,2018-06,linear_quantile,0.5,DQB,all-mature seller pre-handoff and state-OD transit profiles,all_mature,promise_only,DQ0,all_orders,71,5aaff04dc19d63b5a2dd637a07f5527d21f5d0a7b23e9e0b532681e840c404ca,True,4.69248067866,4.67386342156,0.0186172570985,-0.00398326938965,0,-0.00398326938965,0.450704225352,0.450704225352,0,-0.0492957746479,-0.0492957746479,0,0.0492957746479,0.0492957746479,0,21.1806766617,21.9907818181,-0.81010515634,False,,,,,paired_same_month_identical_orders
severity,later,monthly,2018-06,linear_quantile,0.5,DQB,all-mature seller pre-handoff and state-OD transit profiles,all_mature,selected_90d,DQB,all_orders,71,5aaff04dc19d63b5a2dd637a07f5527d21f5d0a7b23e9e0b532681e840c404ca,True,4.69248067866,4.6952475715,-0.00276689283401,0.000589296473057,0,0.000589296473057,0.450704225352,0.43661971831,0.0140845070423,-0.0492957746479,-0.0633802816901,0.0140845070423,0.0492957746479,0.0633802816901,-0.0140845070423,21.1806766617,20.8378977041,0.34277895765,True,,,,,paired_same_month_identical_orders
severity,later,monthly,2018-06,linear_quantile,0.5,DQB,all-mature seller pre-handoff and state-OD transit profiles,all_mature,selected_90d,DQB,common_support_ge20,37,28c2078b9a716cca5fa900e2fb30f0ac1a65bd5976a94e5ec2ac610bf4c0d0a7,True,5.67812177367,5.69373143145,-0.0156096577814,0.002741551471,0,0.002741551471,0.351351351351,0.351351351351,0,-0.148648648649,-0.148648648649,0,0.148648648649,0.148648648649,0,22.4663637004,22.4317576986,0.034606001866,True,,,,,paired_same_month_identical_orders
severity,later,monthly,2018-06,linear_quantile,0.5,DQG,all-mature state-OD transit profiles,all_mature,promise_only,DQ0,all_mature_support_ge20,68,f5aba9d36e2f15d40edd86203eb89c6015f8421d36a4d6fff730e0afd38a8f3e,True,4.78659914208,4.7531092064,0.0334899356807,-0.00704590074126,0,-0.00704590074126,0.426470588235,0.426470588235,0,-0.0735294117647,-0.0735294117647,0,0.0735294117647,0.0735294117647,0,21.9590174989,22.2522649294,-0.293247430459,False,,,,,paired_same_month_identical_orders
severity,later,monthly,2018-06,linear_quantile,0.5,DQG,all-mature state-OD transit profiles,all_mature,promise_only,DQ0,all_orders,71,5aaff04dc19d63b5a2dd637a07f5527d21f5d0a7b23e9e0b532681e840c404ca,True,4.72141723138,4.67386342156,0.0475538098125,-0.0101744115143,0,-0.0101744115143,0.450704225352,0.450704225352,0,-0.0492957746479,-0.0492957746479,0,0.0492957746479,0.0492957746479,0,21.5507976185,21.9907818181,-0.43998419959,False,,,,,paired_same_month_identical_orders
severity,later,monthly,2018-06,linear_quantile,0.5,DQG,all-mature state-OD transit profiles,all_mature,selected_90d,DQG,all_orders,71,5aaff04dc19d63b5a2dd637a07f5527d21f5d0a7b23e9e0b532681e840c404ca,True,4.72141723138,4.74240227799,-0.0209850466151,0.00442498240026,0,0.00442498240026,0.450704225352,0.422535211268,0.0281690140845,-0.0492957746479,-0.0774647887324,0.0281690140845,0.0492957746479,0.0774647887324,-0.0281690140845,21.5507976185,21.7406647699,-0.18986715138,True,,,,,paired_same_month_identical_orders
severity,later,monthly,2018-06,linear_quantile,0.5,DQG,all-mature state-OD transit profiles,all_mature,selected_90d,DQG,common_support_ge20,67,cbb8c041d954006e0487174f715269c27b960b94f52de881594352bd661c5d8a,True,4.81486513928,4.8487494049,-0.0338842656203,0.00698824847209,0,0.00698824847209,0.417910447761,0.388059701493,0.0298507462687,-0.0820895522388,-0.111940298507,0.0298507462687,0.0820895522388,0.111940298507,-0.0298507462687,22.0950907924,22.100735677,-0.005644884568,True,,,,,paired_same_month_identical_orders
severity,later,monthly,2018-06,linear_quantile,0.5,DQS,all-mature seller pre-handoff profiles,all_mature,promise_only,DQ0,all_mature_support_ge20,52,42399e9ca4ceb79227575e09a94f0e1759c2c58bb4403a73f0c00400ed5951fc,True,5.29250303884,5.27395107927,0.0185519595695,-0.00351765863783,0,-0.00351765863783,0.403846153846,0.442307692308,-0.0384615384615,-0.0961538461538,-0.0576923076923,-0.0384615384615,0.0961538461538,0.0576923076923,0.0384615384615,22.7387800797,22.775231152,-0.036451072325,False,,,,,paired_same_month_identical_orders
severity,later,monthly,2018-06,linear_quantile,0.5,DQS,all-mature seller pre-handoff profiles,all_mature,promise_only,DQ0,all_orders,71,5aaff04dc19d63b5a2dd637a07f5527d21f5d0a7b23e9e0b532681e840c404ca,True,4.6559888538,4.67386342156,-0.0178745677688,0.00382436672974,0,0.00382436672974,0.43661971831,0.450704225352,-0.0140845070423,-0.0633802816901,-0.0492957746479,-0.0140845070423,0.0633802816901,0.0492957746479,0.0140845070423,21.9270309505,21.9907818181,-0.06375086759,True,,,,,paired_same_month_identical_orders
severity,later,monthly,2018-06,linear_quantile,0.5,DQS,all-mature seller pre-handoff profiles,all_mature,selected_90d,DQS,all_orders,71,5aaff04dc19d63b5a2dd637a07f5527d21f5d0a7b23e9e0b532681e840c404ca,True,4.6559888538,4.63868303131,0.0173058224903,-0.00373076202308,0,-0.00373076202308,0.43661971831,0.43661971831,0,-0.0633802816901,-0.0633802816901,0,0.0633802816901,0.0633802816901,0,21.9270309505,21.7662507041,0.1607802464,False,,,,,paired_same_month_identical_orders
severity,later,monthly,2018-06,linear_quantile,0.5,DQS,all-mature seller pre-handoff profiles,all_mature,selected_90d,DQS,common_support_ge20,38,649542d2fe85729892c9597a5c4ee632dd6649900894c6d379e222e630d4dac4,True,5.65756890103,5.63730209295,0.0202668080791,-0.00359512542434,0,-0.00359512542434,0.342105263158,0.342105263158,0,-0.157894736842,-0.157894736842,0,0.157894736842,0.157894736842,0,22.970229163,22.8302451697,0.139983993293,False,,,,,paired_same_month_identical_orders
severity,later,monthly,2018-06,linear_quantile,0.9,DQB,all-mature seller pre-handoff and state-OD transit profiles,all_mature,promise_only,DQ0,all_mature_support_ge20,49,5b3a0d28b580a72863ed32e3cd5eb4fc3a21a4b4b08e0f5aa099c49008daed9c,True,4.79027385846,4.805870797,-0.0155969385349,0.00324539281094,0,0.00324539281094,0.795918367347,0.795918367347,0,-0.104081632653,-0.104081632653,0,0.104081632653,0.104081632653,0,22.5550232243,22.4448804206,0.11014280374,True,,,,,paired_same_month_identical_orders
severity,later,monthly,2018-06,linear_quantile,0.9,DQB,all-mature seller pre-handoff and state-OD transit profiles,all_mature,promise_only,DQ0,all_orders,71,5aaff04dc19d63b5a2dd637a07f5527d21f5d0a7b23e9e0b532681e840c404ca,True,3.96475646724,3.97537413006,-0.0106176628272,0.00267085876192,0,0.00267085876192,0.830985915493,0.830985915493,0,-0.069014084507,-0.069014084507,0,0.069014084507,0.069014084507,0,22.5085222143,21.933981018,0.5745411963,True,,,,,paired_same_month_identical_orders
severity,later,monthly,2018-06,linear_quantile,0.9,DQB,all-mature seller pre-handoff and state-OD transit profiles,all_mature,selected_90d,DQB,all_orders,71,5aaff04dc19d63b5a2dd637a07f5527d21f5d0a7b23e9e0b532681e840c404ca,True,3.96475646724,3.95046471613,0.0142917511106,-0.00361773921236,0,-0.00361773921236,0.830985915493,0.830985915493,0,-0.069014084507,-0.069014084507,0,0.069014084507,0.069014084507,0,22.5085222143,23.2314639573,-0.722941743,False,,,,,paired_same_month_identical_orders
severity,later,monthly,2018-06,linear_quantile,0.9,DQB,all-mature seller pre-handoff and state-OD transit profiles,all_mature,selected_90d,DQB,common_support_ge20,37,28c2078b9a716cca5fa900e2fb30f0ac1a65bd5976a94e5ec2ac610bf4c0d0a7,True,4.85332169627,4.82564201002,0.0276796862486,-0.00573595931716,0,-0.00573595931716,0.783783783784,0.783783783784,0,-0.116216216216,-0.116216216216,0,0.116216216216,0.116216216216,0,22.4391882099,22.4547978716,-0.01560966166,False,,,,,paired_same_month_identical_orders
severity,later,monthly,2018-06,linear_quantile,0.9,DQG,all-mature state-OD transit profiles,all_mature,promise_only,DQ0,all_mature_support_ge20,68,f5aba9d36e2f15d40edd86203eb89c6015f8421d36a4d6fff730e0afd38a8f3e,True,4.05147961924,4.05566512476,-0.00418550552647,0.00103201457658,0,0.00103201457658,0.823529411765,0.823529411765,0,-0.0764705882353,-0.0764705882353,0,0.0764705882353,0.0764705882353,0,22.1028571411,21.9240072124,0.17884992861,True,,,,,paired_same_month_identical_orders
severity,later,monthly,2018-06,linear_quantile,0.9,DQG,all-mature state-OD transit profiles,all_mature,promise_only,DQ0,all_orders,71,5aaff04dc19d63b5a2dd637a07f5527d21f5d0a7b23e9e0b532681e840c404ca,True,3.97265024708,3.97537413006,-0.00272388298775,0.000685189091298,0,0.000685189091298,0.830985915493,0.830985915493,0,-0.069014084507,-0.069014084507,0,0.069014084507,0.069014084507,0,22.2398213689,21.933981018,0.3058403509,True,,,,,paired_same_month_identical_orders
severity,later,monthly,2018-06,linear_quantile,0.9,DQG,all-mature state-OD transit profiles,all_mature,selected_90d,DQG,all_orders,71,5aaff04dc19d63b5a2dd637a07f5527d21f5d0a7b23e9e0b532681e840c404ca,True,3.97265024708,3.96514682311,0.00750342397085,-0.00189234454753,0,-0.00189234454753,0.830985915493,0.830985915493,0,-0.069014084507,-0.069014084507,0,0.069014084507,0.069014084507,0,22.2398213689,23.0535082061,-0.8136868372,False,,,,,paired_same_month_identical_orders
severity,later,monthly,2018-06,linear_quantile,0.9,DQG,all-mature state-OD transit profiles,all_mature,selected_90d,DQG,common_support_ge20,67,cbb8c041d954006e0487174f715269c27b960b94f52de881594352bd661c5d8a,True,4.07861613586,4.06571752788,0.0128986079772,-0.00317252929863,0,-0.00317252929863,0.820895522388,0.820895522388,0,-0.0791044776119,-0.0791044776119,0,0.0791044776119,0.0791044776119,0,21.685223184,22.4361033698,-0.75088018578,False,,,,,paired_same_month_identical_orders
severity,later,monthly,2018-06,linear_quantile,0.9,DQS,all-mature seller pre-handoff profiles,all_mature,promise_only,DQ0,all_mature_support_ge20,52,42399e9ca4ceb79227575e09a94f0e1759c2c58bb4403a73f0c00400ed5951fc,True,4.65396554458,4.65296161161,0.00100393297539,-0.000215762144455,0,-0.000215762144455,0.807692307692,0.807692307692,0,-0.0923076923077,-0.0923076923077,0,0.0923076923077,0.0923076923077,0,22.2789199308,22.3545594489,-0.07563951804,False,,,,,paired_same_month_identical_orders
severity,later,monthly,2018-06,linear_quantile,0.9,DQS,all-mature seller pre-handoff profiles,all_mature,promise_only,DQ0,all_orders,71,5aaff04dc19d63b5a2dd637a07f5527d21f5d0a7b23e9e0b532681e840c404ca,True,3.97800208973,3.97537413006,0.00262795966634,-0.000661059709189,0,-0.000661059709189,0.830985915493,0.830985915493,0,-0.069014084507,-0.069014084507,0,0.069014084507,0.069014084507,0,22.165704373,21.933981018,0.231723355,False,,,,,paired_same_month_identical_orders
severity,later,monthly,2018-06,linear_quantile,0.9,DQS,all-mature seller pre-handoff profiles,all_mature,selected_90d,DQS,all_orders,71,5aaff04dc19d63b5a2dd637a07f5527d21f5d0a7b23e9e0b532681e840c404ca,True,3.97800208973,3.99473642223,-0.0167343324975,0.0041890955319,0,0.0041890955319,0.830985915493,0.830985915493,0,-0.069014084507,-0.069014084507,0,0.069014084507,0.069014084507,0,22.165704373,22.1965644475,-0.0308600745,True,,,,,paired_same_month_identical_orders
severity,later,monthly,2018-06,linear_quantile,0.9,DQS,all-mature seller pre-handoff profiles,all_mature,selected_90d,DQS,common_support_ge20,38,649542d2fe85729892c9597a5c4ee632dd6649900894c6d379e222e630d4dac4,True,4.79894803139,4.82132586206,-0.0223778306684,0.00464142671719,0,0.00464142671719,0.789473684211,0.789473684211,0,-0.110526315789,-0.110526315789,0,0.110526315789,0.110526315789,0,22.1712857197,21.9497544583,0.22153126144,True,,,,,paired_same_month_identical_orders
severity,later,monthly,2018-06,xgboost_quantile,0.5,DQB,all-mature seller pre-handoff and state-OD transit profiles,all_mature,promise_only,DQ0,all_mature_support_ge20,49,5b3a0d28b580a72863ed32e3cd5eb4fc3a21a4b4b08e0f5aa099c49008daed9c,True,5.63948980156,5.63933673197,0.000153069593572,-2.71431909189e-05,0,-2.71431909189e-05,0.428571428571,0.428571428571,0,-0.0714285714286,-0.0714285714286,0,0.0714285714286,0.0714285714286,0,23.6,23.6,0,False,,,,,paired_same_month_identical_orders
severity,later,monthly,2018-06,xgboost_quantile,0.5,DQB,all-mature seller pre-handoff and state-OD transit profiles,all_mature,promise_only,DQ0,all_orders,71,5aaff04dc19d63b5a2dd637a07f5527d21f5d0a7b23e9e0b532681e840c404ca,True,4.83507042536,4.83496478914,0.000105636220635,-2.18483950229e-05,0,-2.18483950229e-05,0.464788732394,0.464788732394,0,-0.0352112676056,-0.0352112676056,0,0.0352112676056,0.0352112676056,0,22,22,0,False,,,,,paired_same_month_identical_orders
severity,later,monthly,2018-06,xgboost_quantile,0.5,DQB,all-mature seller pre-handoff and state-OD transit profiles,all_mature,selected_90d,DQB,all_orders,71,5aaff04dc19d63b5a2dd637a07f5527d21f5d0a7b23e9e0b532681e840c404ca,True,4.83507042536,4.83580986883,-0.00073944347,0.000152909955118,0,0.000152909955118,0.464788732394,0.450704225352,0.0140845070423,-0.0352112676056,-0.0492957746479,0.0140845070423,0.0352112676056,0.0492957746479,-0.0140845070423,22,22.0300002098,-0.03000020981,True,,,,,paired_same_month_identical_orders
severity,later,monthly,2018-06,xgboost_quantile,0.5,DQB,all-mature seller pre-handoff and state-OD transit profiles,all_mature,selected_90d,DQB,common_support_ge20,37,28c2078b9a716cca5fa900e2fb30f0ac1a65bd5976a94e5ec2ac610bf4c0d0a7,True,5.99331081236,5.99331083813,-2.57748649091e-08,4.30060542733e-09,0,4.30060542733e-09,0.405405405405,0.378378378378,0.027027027027,-0.0945945945946,-0.121621621622,0.027027027027,0.0945945945946,0.121621621622,-0.027027027027,23.6,23.6300002098,-0.03000020981,True,,,,,paired_same_month_identical_orders
severity,later,monthly,2018-06,xgboost_quantile,0.5,DQG,all-mature state-OD transit profiles,all_mature,promise_only,DQ0,all_mature_support_ge20,68,f5aba9d36e2f15d40edd86203eb89c6015f8421d36a4d6fff730e0afd38a8f3e,True,4.92874998906,4.93062500042,-0.00187501136015,0.000380278638101,0,0.000380278638101,0.441176470588,0.441176470588,0,-0.0588235294118,-0.0588235294118,0,0.0588235294118,0.0588235294118,0,22.2699997902,22.3,-0.03000020981,True,,,,,paired_same_month_identical_orders
severity,later,monthly,2018-06,xgboost_quantile,0.5,DQG,all-mature state-OD transit profiles,all_mature,promise_only,DQ0,all_orders,71,5aaff04dc19d63b5a2dd637a07f5527d21f5d0a7b23e9e0b532681e840c404ca,True,4.83380281086,4.83496478914,-0.00116197827852,0.000240328178011,0,0.000240328178011,0.464788732394,0.464788732394,0,-0.0352112676056,-0.0352112676056,0,0.0352112676056,0.0352112676056,0,21.9699997902,22,-0.03000020981,True,,,,,paired_same_month_identical_orders
severity,later,monthly,2018-06,xgboost_quantile,0.5,DQG,all-mature state-OD transit profiles,all_mature,selected_90d,DQG,all_orders,71,5aaff04dc19d63b5a2dd637a07f5527d21f5d0a7b23e9e0b532681e840c404ca,True,4.83380281086,4.83644368279,-0.00264087193472,0.000546035911493,0,0.000546035911493,0.464788732394,0.450704225352,0.0140845070423,-0.0352112676056,-0.0492957746479,0.0140845070423,0.0352112676056,0.0492957746479,-0.0140845070423,21.9699997902,22.0300002098,-0.06000041962,True,,,,,paired_same_month_identical_orders
severity,later,monthly,2018-06,xgboost_quantile,0.5,DQG,all-mature state-OD transit profiles,all_mature,selected_90d,DQG,common_support_ge20,67,cbb8c041d954006e0487174f715269c27b960b94f52de881594352bd661c5d8a,True,4.95731342017,4.9601119561,-0.00279853593082,0.000564208218603,0,0.000564208218603,0.432835820896,0.417910447761,0.0149253731343,-0.0671641791045,-0.0820895522388,0.0149253731343,0.0671641791045,0.0820895522388,-0.0149253731343,22.3699997902,22.406000042,-0.036000251772,True,,,,,paired_same_month_identical_orders
severity,later,monthly,2018-06,xgboost_quantile,0.5,DQS,all-mature seller pre-handoff profiles,all_mature,promise_only,DQ0,all_mature_support_ge20,52,42399e9ca4ceb79227575e09a94f0e1759c2c58bb4403a73f0c00400ed5951fc,True,5.46855768791,5.46783653589,0.000721152012019,-0.000131889826495,0,-0.000131889826495,0.461538461538,0.461538461538,0,-0.0384615384615,-0.0384615384615,0,0.0384615384615,0.0384615384615,0,22.9,22.9,0,False,,,,,paired_same_month_identical_orders
severity,later,monthly,2018-06,xgboost_quantile,0.5,DQS,all-mature seller pre-handoff profiles,all_mature,promise_only,DQ0,all_orders,71,5aaff04dc19d63b5a2dd637a07f5527d21f5d0a7b23e9e0b532681e840c404ca,True,4.83443661475,4.83496478914,-0.000528174387043,0.000109240586039,0,0.000109240586039,0.464788732394,0.464788732394,0,-0.0352112676056,-0.0352112676056,0,0.0352112676056,0.0352112676056,0,22,22,0,True,,,,,paired_same_month_identical_orders
severity,later,monthly,2018-06,xgboost_quantile,0.5,DQS,all-mature seller pre-handoff profiles,all_mature,selected_90d,DQS,all_orders,71,5aaff04dc19d63b5a2dd637a07f5527d21f5d0a7b23e9e0b532681e840c404ca,True,4.83443661475,4.83433098189,0.000105632862465,-2.18505648166e-05,0,-2.18505648166e-05,0.464788732394,0.464788732394,0,-0.0352112676056,-0.0352112676056,0,0.0352112676056,0.0352112676056,0,22,22,0,False,,,,,paired_same_month_identical_orders
severity,later,monthly,2018-06,xgboost_quantile,0.5,DQS,all-mature seller pre-handoff profiles,all_mature,selected_90d,DQS,common_support_ge20,38,649542d2fe85729892c9597a5c4ee632dd6649900894c6d379e222e630d4dac4,True,5.91631578144,5.91532894812,0.000986833321185,-0.000166826448679,0,-0.000166826448679,0.421052631579,0.421052631579,0,-0.0789473684211,-0.0789473684211,0,0.0789473684211,0.0789473684211,0,23.2,23.2,0,False,,,,,paired_same_month_identical_orders
severity,later,monthly,2018-06,xgboost_quantile,0.9,DQB,all-mature seller pre-handoff and state-OD transit profiles,all_mature,promise_only,DQ0,all_mature_support_ge20,49,5b3a0d28b580a72863ed32e3cd5eb4fc3a21a4b4b08e0f5aa099c49008daed9c,True,4.85470058674,4.83080450564,0.0238960811027,-0.00494660487187,0,-0.00494660487187,0.775510204082,0.795918367347,-0.0204081632653,-0.124489795918,-0.104081632653,-0.0204081632653,0.124489795918,0.104081632653,0.0204081632653,22.1729263306,21.9955291748,0.1773971558,False,,,,,paired_same_month_identical_orders
severity,later,monthly,2018-06,xgboost_quantile,0.9,DQB,all-mature seller pre-handoff and state-OD transit profiles,all_mature,promise_only,DQ0,all_orders,71,5aaff04dc19d63b5a2dd637a07f5527d21f5d0a7b23e9e0b532681e840c404ca,True,4.03262132994,4.00535838168,0.0272629482613,-0.00680661894975,0,-0.00680661894975,0.816901408451,0.830985915493,-0.0140845070423,-0.0830985915493,-0.069014084507,-0.0140845070423,0.0830985915493,0.069014084507,0.0140845070423,22.1206531525,21.9955291748,0.1251239777,False,,,,,paired_same_month_identical_orders
severity,later,monthly,2018-06,xgboost_quantile,0.9,DQB,all-mature seller pre-handoff and state-OD transit profiles,all_mature,selected_90d,DQB,all_orders,71,5aaff04dc19d63b5a2dd637a07f5527d21f5d0a7b23e9e0b532681e840c404ca,True,4.03262132994,4.06504323718,-0.0324219072397,0.00797578410562,0,0.00797578410562,0.816901408451,0.816901408451,0,-0.0830985915493,-0.0830985915493,0,0.0830985915493,0.0830985915493,0,22.1206531525,22.0203380585,0.100315094,True,,,,,paired_same_month_identical_orders
severity,later,monthly,2018-06,xgboost_quantile,0.9,DQB,all-mature seller pre-handoff and state-OD transit profiles,all_mature,selected_90d,DQB,common_support_ge20,37,28c2078b9a716cca5fa900e2fb30f0ac1a65bd5976a94e5ec2ac610bf4c0d0a7,True,4.94202274631,4.99999498934,-0.0579722430314,0.0115944602254,0,0.0115944602254,0.756756756757,0.756756756757,0,-0.143243243243,-0.143243243243,0,0.143243243243,0.143243243243,0,21.5377674103,21.6404697419,-0.1027023316,True,,,,,paired_same_month_identical_orders
severity,later,monthly,2018-06,xgboost_quantile,0.9,DQG,all-mature state-OD transit profiles,all_mature,promise_only,DQ0,all_mature_support_ge20,68,f5aba9d36e2f15d40edd86203eb89c6015f8421d36a4d6fff730e0afd38a8f3e,True,4.10868079242,4.08761450263,0.0210662897906,-0.00515368799505,0,-0.00515368799505,0.808823529412,0.823529411765,-0.0147058823529,-0.0911764705882,-0.0764705882353,-0.0147058823529,0.0911764705882,0.0764705882353,0.0147058823529,21.4329811096,21.6904661178,-0.2574850082,False,,,,,paired_same_month_identical_orders
severity,later,monthly,2018-06,xgboost_quantile,0.9,DQG,all-mature state-OD transit profiles,all_mature,promise_only,DQ0,all_orders,71,5aaff04dc19d63b5a2dd637a07f5527d21f5d0a7b23e9e0b532681e840c404ca,True,4.0262863401,4.00535838168,0.0209279584225,-0.00522499023265,0,-0.00522499023265,0.816901408451,0.830985915493,-0.0140845070423,-0.0830985915493,-0.069014084507,-0.0140845070423,0.0830985915493,0.069014084507,0.0140845070423,22.2534542084,21.9955291748,0.2579250336,False,,,,,paired_same_month_identical_orders
severity,later,monthly,2018-06,xgboost_quantile,0.9,DQG,all-mature state-OD transit profiles,all_mature,selected_90d,DQG,all_orders,71,5aaff04dc19d63b5a2dd637a07f5527d21f5d0a7b23e9e0b532681e840c404ca,True,4.0262863401,4.06174113582,-0.0354547957248,0.00872896487964,0,0.00872896487964,0.816901408451,0.816901408451,0,-0.0830985915493,-0.0830985915493,0,0.0830985915493,0.0830985915493,0,22.2534542084,22.113866806,0.1395874024,True,,,,,paired_same_month_identical_orders
severity,later,monthly,2018-06,xgboost_quantile,0.9,DQG,all-mature state-OD transit profiles,all_mature,selected_90d,DQG,common_support_ge20,67,cbb8c041d954006e0487174f715269c27b960b94f52de881594352bd661c5d8a,True,4.13679027558,4.17567526404,-0.0388849884664,0.00931226352807,0,0.00931226352807,0.805970149254,0.805970149254,0,-0.0940298507463,-0.0940298507463,0,0.0940298507463,0.0940298507463,0,21.2534542084,21.3957355499,-0.1422813415,True,,,,,paired_same_month_identical_orders
severity,later,monthly,2018-06,xgboost_quantile,0.9,DQS,all-mature seller pre-handoff profiles,all_mature,promise_only,DQ0,all_mature_support_ge20,52,42399e9ca4ceb79227575e09a94f0e1759c2c58bb4403a73f0c00400ed5951fc,True,4.71182114528,4.67561691724,0.036204228034,-0.00774319810088,0,-0.00774319810088,0.807692307692,0.807692307692,0,-0.0923076923077,-0.0923076923077,0,0.0923076923077,0.0923076923077,0,22.0436704636,21.9955291748,0.04814128881,False,,,,,paired_same_month_identical_orders
severity,later,monthly,2018-06,xgboost_quantile,0.9,DQS,all-mature seller pre-handoff profiles,all_mature,promise_only,DQ0,all_orders,71,5aaff04dc19d63b5a2dd637a07f5527d21f5d0a7b23e9e0b532681e840c404ca,True,4.04070764998,4.00535838168,0.0353492683093,-0.00882549448534,0,-0.00882549448534,0.830985915493,0.830985915493,0,-0.069014084507,-0.069014084507,0,0.069014084507,0.069014084507,0,22.0342960358,21.9955291748,0.038766861,False,,,,,paired_same_month_identical_orders
severity,later,monthly,2018-06,xgboost_quantile,0.9,DQS,all-mature seller pre-handoff profiles,all_mature,selected_90d,DQS,all_orders,71,5aaff04dc19d63b5a2dd637a07f5527d21f5d0a7b23e9e0b532681e840c404ca,True,4.04070764998,4.0249542693,0.0157533806827,-0.00391392786816,0,-0.00391392786816,0.830985915493,0.830985915493,0,-0.069014084507,-0.069014084507,0,0.069014084507,0.069014084507,0,22.0342960358,21.8740329742,0.1602630616,False,,,,,paired_same_month_identical_orders
severity,later,monthly,2018-06,xgboost_quantile,0.9,DQS,all-mature seller pre-handoff profiles,all_mature,selected_90d,DQS,common_support_ge20,38,649542d2fe85729892c9597a5c4ee632dd6649900894c6d379e222e630d4dac4,True,4.89908690704,4.87781780644,0.0212691005916,-0.00436037208349,0,-0.00436037208349,0.789473684211,0.789473684211,0,-0.110526315789,-0.110526315789,0,0.110526315789,0.110526315789,0,21.7303451538,21.834498024,-0.10415287018,False,,,,,paired_same_month_identical_orders
severity,later,monthly_median,2018-01_to_2018-06,linear_quantile,0.5,DQB,all-mature seller pre-handoff and state-OD transit profiles,all_mature,promise_only,DQ0,all_mature_support_ge20,,,True,3.62045374864,3.55633825082,0.036987688226,-0.008264314968,0,-0.008264314968,0.430439604448,0.441876475584,-0.00870558013415,-0.0695603955516,-0.0581235244157,-0.00870558013415,0.0728604662674,0.0798694697373,0.0204604918891,16.6168322418,16.600838404,-0.080986867522,,6,2,2,2,median_of_paired_monthly_differences
severity,later,monthly_median,2018-01_to_2018-06,linear_quantile,0.5,DQB,all-mature seller pre-handoff and state-OD transit profiles,all_mature,promise_only,DQ0,all_orders,,,True,3.88858478269,3.88235463127,-0.0062706196951,0.00252410867914,0,0.00252410867914,0.4444786187,0.438454522315,0.00602409638554,-0.0555213812998,-0.0615454776854,0.00602409638554,0.066510643004,0.0735793059371,0.00326797385621,17.6167029797,17.6367111104,-0.237917212835,,6,3,3,2,median_of_paired_monthly_differences
severity,later,monthly_median,2018-01_to_2018-06,linear_quantile,0.5,DQB,all-mature seller pre-handoff and state-OD transit profiles,all_mature,selected_90d,DQB,all_orders,,,True,3.88858478269,3.88883888331,-0.00313765975719,0.00105916320964,0,0.00105916320964,0.4444786187,0.439692148572,0.00478491717801,-0.0555213812998,-0.0603078514282,0.00478491717801,0.066510643004,0.0643698794072,-0.00929958986424,17.6167029797,17.3876759502,0.155157018335,,6,4,4,4,median_of_paired_monthly_differences
severity,later,monthly_median,2018-01_to_2018-06,linear_quantile,0.5,DQB,all-mature seller pre-handoff and state-OD transit profiles,all_mature,selected_90d,DQB,common_support_ge20,,,True,3.56539634567,3.56880068293,-0.0102507750832,0.00248621003491,0,0.00248621003491,0.437005090498,0.448041336217,-0.00607287449393,-0.0629949095023,-0.0519586637827,-0.00607287449393,0.0649080634278,0.0712674525817,-0.00607287449393,15.5733535822,15.6164755257,0.043056362272,,6,4,4,3,median_of_paired_monthly_differences
severity,later,monthly_median,2018-01_to_2018-06,linear_quantile,0.5,DQG,all-mature state-OD transit profiles,all_mature,promise_only,DQ0,all_mature_support_ge20,,,True,3.86523554762,3.87562007073,0.0229830623391,-0.0053189564893,0,-0.0053189564893,0.433495561786,0.426797258264,0.00350740452065,-0.0665044382141,-0.0732027417358,0.00350740452065,0.0703385127636,0.0732027417358,0.00387596899225,17.9603831002,17.8533264146,-0.239623153799,,6,2,2,2,median_of_paired_monthly_differences
severity,later,monthly_median,2018-01_to_2018-06,linear_quantile,0.5,DQG,all-mature state-OD transit profiles,all_mature,promise_only,DQ0,all_orders,,,True,3.906953769,3.88235463127,0.0203708824091,-0.00415376060169,0,-0.00415376060169,0.440219210174,0.438454522315,0.00489457831325,-0.059780789826,-0.0615454776854,0.00489457831325,0.0671002042728,0.0735793059371,0.00496277915633,17.8289626429,17.6367111104,-0.295539363202,,6,3,3,2,median_of_paired_monthly_differences
severity,later,monthly_median,2018-01_to_2018-06,linear_quantile,0.5,DQG,all-mature state-OD transit profiles,all_mature,selected_90d,DQG,all_orders,,,True,3.906953769,3.8939188201,-0.0129429578729,0.00316350300614,0,0.00316350300614,0.440219210174,0.432748909499,0.0043761204986,-0.059780789826,-0.067251090501,0.0043761204986,0.0671002042728,0.0730461198564,-0.0133079567418,17.8289626429,17.4885765448,-0.106740093998,,6,5,5,4,median_of_paired_monthly_differences
severity,later,monthly_median,2018-01_to_2018-06,linear_quantile,0.5,DQG,all-mature state-OD transit profiles,all_mature,selected_90d,DQG,common_support_ge20,,,True,3.85787392332,3.86211216454,-0.0213865079558,0.00718365799696,0,0.00718365799696,0.433588242949,0.433575232022,0.00688590339582,-0.0664117570508,-0.0664247679776,0.00688590339582,0.0748132210683,0.0767258336456,-0.0152093197205,17.382722947,16.8783401904,-0.029643917621,,6,4,4,4,median_of_paired_monthly_differences
severity,later,monthly_median,2018-01_to_2018-06,linear_quantile,0.5,DQS,all-mature seller pre-handoff profiles,all_mature,promise_only,DQ0,all_mature_support_ge20,,,True,3.61334852753,3.58354003566,0.0162111350073,-0.0035142711264,0,-0.0035142711264,0.427513504712,0.451080853453,-0.0172534637904,-0.0724864952884,-0.0489191465469,-0.0172534637904,0.0741393695147,0.0640061926434,0.0113405299039,16.5215993849,16.3769706878,0.130095528591,,6,1,1,1,median_of_paired_monthly_differences
severity,later,monthly_median,2018-01_to_2018-06,linear_quantile,0.5,DQS,all-mature seller pre-handoff profiles,all_mature,promise_only,DQ0,all_orders,,,True,3.87481018303,3.88235463127,0.00865294317483,-0.00204397344922,0,-0.00204397344922,0.426141184456,0.438454522315,-0.0114745582828,-0.0738588155439,-0.0615454776854,-0.0114745582828,0.0738588155439,0.0735793059371,0.00527108433735,17.4326287435,17.6367111104,-0.012322066147,,6,3,3,2,median_of_paired_monthly_differences
severity,later,monthly_median,2018-01_to_2018-06,linear_quantile,0.5,DQS,all-mature seller pre-handoff profiles,all_mature,selected_90d,DQS,all_orders,,,True,3.87481018303,3.87229920373,0.00738181220538,-0.00198510110424,0,-0.00198510110424,0.426141184456,0.430468668088,-0.00112951807229,-0.0738588155439,-0.0695313319121,-0.00112951807229,0.0738588155439,0.0695313319121,-0.00107991360691,17.4326287435,17.6000781924,0.0741566644325,,6,2,2,3,median_of_paired_monthly_differences
severity,later,monthly_median,2018-01_to_2018-06,linear_quantile,0.5,DQS,all-mature seller pre-handoff profiles,all_mature,selected_90d,DQS,common_support_ge20,,,True,3.56677269275,3.56381342723,0.00295926551541,-0.000821352388204,0,-0.000821352388204,0.432326011908,0.438720168109,0,-0.0676739880923,-0.0612798318907,0,0.0676739880923,0.0766410850877,0,15.6588624595,15.8134547081,-0.101942748381,,6,2,2,2,median_of_paired_monthly_differences
severity,later,monthly_median,2018-01_to_2018-06,linear_quantile,0.9,DQB,all-mature seller pre-handoff and state-OD transit profiles,all_mature,promise_only,DQ0,all_mature_support_ge20,,,True,2.89293865299,2.88066796221,0.00863015739568,-0.00337659971805,0,-0.00337659971805,0.864935358327,0.87823336722,-0.00513950073421,-0.0350646416726,-0.0217666327798,-0.00513950073421,0.059284212951,0.043518289363,0.00513950073421,19.3874342751,19.9210198137,-0.42463527745,,6,2,2,0,median_of_paired_monthly_differences
severity,later,monthly_median,2018-01_to_2018-06,linear_quantile,0.9,DQB,all-mature seller pre-handoff and state-OD transit profiles,all_mature,promise_only,DQ0,all_orders,,,True,3.06885855385,3.0754830903,-0.00108760817414,0.000194323818455,0,0.000194323818455,0.856758017987,0.862356893801,-0.00431965442765,-0.0432419820126,-0.0376431061986,-0.00431965442765,0.0692802603961,0.0649606059684,0.0054483225992,19.5517893121,19.8974437186,-0.01356826628,,6,3,3,0,median_of_paired_monthly_differences
severity,later,monthly_median,2018-01_to_2018-06,linear_quantile,0.9,DQB,all-mature seller pre-handoff and state-OD transit profiles,all_mature,selected_90d,DQB,all_orders,,,True,3.06885855385,3.09077623559,-0.00909867068192,0.00348913160909,0,0.00348913160909,0.856758017987,0.856669428335,0.000539956803456,-0.0432419820126,-0.0433305716653,0.000539956803456,0.0692802603961,0.0698202171995,0,19.5517893121,19.4618842996,0.089905012555,,6,4,4,2,median_of_paired_monthly_differences
severity,later,monthly_median,2018-01_to_2018-06,linear_quantile,0.9,DQB,all-mature seller pre-handoff and state-OD transit profiles,all_mature,selected_90d,DQB,common_support_ge20,,,True,3.0166114413,3.0288860868,-0.00314413237729,0.00144669171423,0,0.00144669171423,0.866171136977,0.865894905533,0,-0.0338288630229,-0.0341050944669,0,0.0556402318012,0.0497300944669,0.000600961538462,19.2975701621,19.403683587,-0.019975528045,,6,4,4,1,median_of_paired_monthly_differences
severity,later,monthly_median,2018-01_to_2018-06,linear_quantile,0.9,DQG,all-mature state-OD transit profiles,all_mature,promise_only,DQ0,all_mature_support_ge20,,,True,3.01184292327,3.0127524324,0,0,0,0,0.863966341253,0.865667021526,0,-0.0360336587465,-0.0343329784744,0,0.0655914006977,0.0655914006977,0,19.9060460117,19.9060460117,0,,6,5,2,0,median_of_paired_monthly_differences
severity,later,monthly_median,2018-01_to_2018-06,linear_quantile,0.9,DQG,all-mature state-OD transit profiles,all_mature,promise_only,DQ0,all_orders,,,True,3.07397080429,3.0754830903,0,0,0,0,0.860722906873,0.862356893801,0,-0.0392770931267,-0.0376431061986,0,0.0649606059684,0.0649606059684,0,19.8974437186,19.8974437186,0,,6,4,2,0,median_of_paired_monthly_differences
severity,later,monthly_median,2018-01_to_2018-06,linear_quantile,0.9,DQG,all-mature state-OD transit profiles,all_mature,selected_90d,DQG,all_orders,,,True,3.07397080429,3.08285227841,0.00048596112311,-0.000144838906949,0,-0.000144838906949,0.860722906873,0.859088919945,0,-0.0392770931267,-0.0409110800548,0,0.0649606059684,0.0649606059684,0,19.8974437186,20,-0.10704710901,,6,3,2,2,median_of_paired_monthly_differences
severity,later,monthly_median,2018-01_to_2018-06,linear_quantile,0.9,DQG,all-mature state-OD transit profiles,all_mature,selected_90d,DQG,common_support_ge20,,,True,3.02291296975,3.03070426614,0,0,0,0,0.865397776591,0.863559541297,0,-0.0346022234092,-0.0364404587033,0,0.0661379733024,0.0673486270554,0,19.9043957246,20,-0.13956507704,,6,4,2,2,median_of_paired_monthly_differences
severity,later,monthly_median,2018-01_to_2018-06,linear_quantile,0.9,DQS,all-mature seller pre-handoff profiles,all_mature,promise_only,DQ0,all_mature_support_ge20,,,True,2.93054616885,2.92044001399,0.00698193174045,-0.00267132862861,0,-0.00267132862861,0.865779539317,0.874376671244,-0.00431654676259,-0.0342204606829,-0.0256233287562,-0.00431654676259,0.05400672163,0.0423909047944,0.00431654676259,19.4588202494,19.9060460117,-0.41554894769,,6,1,1,0,median_of_paired_monthly_differences
severity,later,monthly_median,2018-01_to_2018-06,linear_quantile,0.9,DQS,all-mature seller pre-handoff profiles,all_mature,promise_only,DQ0,all_orders,,,True,3.06854082637,3.0754830903,-0.00142692251271,0.000642312237716,0,0.000642312237716,0.857031798902,0.862356893801,-0.00124069478908,-0.0429682010981,-0.0376431061986,-0.00124069478908,0.0687403035926,0.0649606059684,0.00236936296064,19.6365619196,19.8974437186,-0.04869353465,,6,3,3,0,median_of_paired_monthly_differences
severity,later,monthly_median,2018-01_to_2018-06,linear_quantile,0.9,DQS,all-mature seller pre-handoff profiles,all_mature,selected_90d,DQS,all_orders,,,True,3.06854082637,3.07997682418,-0.00857342282679,0.00282124497862,0,0.00282124497862,0.857031798902,0.856758017987,0,-0.0429682010981,-0.0432419820126,0,0.0687403035926,0.0692802603961,0,19.6365619196,19.5201690894,0.035178502,,6,6,6,1,median_of_paired_monthly_differences
severity,later,monthly_median,2018-01_to_2018-06,linear_quantile,0.9,DQS,all-mature seller pre-handoff profiles,all_mature,selected_90d,DQS,common_support_ge20,,,True,3.03357671564,3.03661678913,-0.00778513311218,0.00325936125775,0,0.00325936125775,0.865590701183,0.864485402907,0,-0.0344092988173,-0.0355145970932,0,0.0505297771282,0.0500365363537,0.000575373993096,19.3380770218,19.3926706513,0.00184062914,,6,5,5,1,median_of_paired_monthly_differences
severity,later,monthly_median,2018-01_to_2018-06,xgboost_quantile,0.5,DQB,all-mature seller pre-handoff and state-OD transit profiles,all_mature,promise_only,DQ0,all_mature_support_ge20,,,True,3.61781648008,3.61667278303,0.000307312366158,-8.09544301235e-05,0,-8.09544301235e-05,0.432139022027,0.436258498056,-0.00818208009219,-0.0678609779733,-0.0637415019437,-0.00818208009219,0.0703584804708,0.0704295704296,0.0025641025641,17.1130001068,17.1639998913,0.021000146867,,6,2,2,2,median_of_paired_monthly_differences
severity,later,monthly_median,2018-01_to_2018-06,xgboost_quantile,0.5,DQB,all-mature seller pre-handoff and state-OD transit profiles,all_mature,promise_only,DQ0,all_orders,,,True,3.94380422479,3.94379671251,-0.000201138040783,8.84536344113e-05,0,8.84536344113e-05,0.445753602646,0.444247578549,-0.00248138957816,-0.0542463973541,-0.0557524214505,-0.00248138957816,0.0861273879638,0.085152022482,0,17.9849998951,17.9714999676,0.013499927518,,6,3,3,2,median_of_paired_monthly_differences
severity,later,monthly_median,2018-01_to_2018-06,xgboost_quantile,0.5,DQB,all-mature seller pre-handoff and state-OD transit profiles,all_mature,selected_90d,DQB,all_orders,,,True,3.94380422479,3.94406361304,-0.000712855546061,0.000172406641555,0,0.000172406641555,0.445753602646,0.438454522315,-0.0016339869281,-0.0542463973541,-0.0615454776854,-0.0016339869281,0.0861273879638,0.0883864241083,-0.00225903614458,17.9849998951,17.9849998951,0,,6,4,4,3,median_of_paired_monthly_differences
severity,later,monthly_median,2018-01_to_2018-06,xgboost_quantile,0.5,DQB,all-mature seller pre-handoff and state-OD transit profiles,all_mature,selected_90d,DQB,common_support_ge20,,,True,3.5642533987,3.56493863187,-0.000719184568203,0.000206872402698,0,0.000206872402698,0.437606052036,0.434601244344,0,-0.0623939479638,-0.0653987556561,0,0.0791482588358,0.079592611336,-0.00300480769231,16.4399998188,16.4849998951,0,,6,4,4,3,median_of_paired_monthly_differences
severity,later,monthly_median,2018-01_to_2018-06,xgboost_quantile,0.5,DQG,all-mature state-OD transit profiles,all_mature,promise_only,DQ0,all_mature_support_ge20,,,True,3.92041756334,3.91763599866,-0.000923943567438,0.000274596754651,0,0.000274596754651,0.43181192976,0.434929622667,-0.0069936618995,-0.0681880702398,-0.0650703773325,-0.0069936618995,0.0923938765933,0.0854002146938,0.00311769290725,18.4399998188,18.4849998951,-0.015000104905,,6,4,4,2,median_of_paired_monthly_differences
severity,later,monthly_median,2018-01_to_2018-06,xgboost_quantile,0.5,DQG,all-mature state-OD transit profiles,all_mature,promise_only,DQ0,all_orders,,,True,3.94377746296,3.94379671251,-0.000580993983008,0.000120166202471,0,0.000120166202471,0.443237739691,0.444247578549,-0.00673413256002,-0.0567622603088,-0.0557524214505,-0.00673413256002,0.091886155042,0.085152022482,0.00301204819277,17.9849998951,17.9714999676,0.013499927518,,6,4,4,2,median_of_paired_monthly_differences
severity,later,monthly_median,2018-01_to_2018-06,xgboost_quantile,0.5,DQG,all-mature state-OD transit profiles,all_mature,selected_90d,DQG,all_orders,,,True,3.94377746296,3.94316058717,-0.000660776431615,0.000253692703188,0,0.000253692703188,0.443237739691,0.43619548617,-0.00124069478908,-0.0567622603088,-0.06380451383,-0.00124069478908,0.091886155042,0.0906454602529,0,17.9849998951,17.9700000286,0.014999866485,,6,4,4,2,median_of_paired_monthly_differences
severity,later,monthly_median,2018-01_to_2018-06,xgboost_quantile,0.5,DQG,all-mature state-OD transit profiles,all_mature,selected_90d,DQG,common_support_ge20,,,True,3.91319363415,3.90969395773,-0.000811124019731,0.000315688463912,0,0.000315688463912,0.427803260766,0.420340574199,-0.00132978723404,-0.0721967392338,-0.0796594258009,-0.00132978723404,0.0918061390432,0.0929064782471,0,17.9399998188,17.9624999762,0.014999866485,,6,4,4,2,median_of_paired_monthly_differences
severity,later,monthly_median,2018-01_to_2018-06,xgboost_quantile,0.5,DQS,all-mature seller pre-handoff profiles,all_mature,promise_only,DQ0,all_mature_support_ge20,,,True,3.63974321785,3.63743120274,0.000644281974533,-0.000155414141877,0,-0.000155414141877,0.442699395658,0.455221785514,-0.00290979631426,-0.0573006043423,-0.0447782144862,-0.00290979631426,0.0891647256225,0.0607074840528,0,16.8387499332,16.8349998951,0,,6,2,2,2,median_of_paired_monthly_differences
severity,later,monthly_median,2018-01_to_2018-06,xgboost_quantile,0.5,DQS,all-mature seller pre-handoff profiles,all_mature,promise_only,DQ0,all_orders,,,True,3.94468573835,3.94379671251,-1.55916592668e-05,-2.28671730113e-05,0,-2.28671730113e-05,0.440482518309,0.444247578549,-0.00225733634312,-0.0595174816915,-0.0557524214505,-0.00225733634312,0.0944452757032,0.085152022482,0,17.9925000191,17.9714999676,0,,6,3,3,2,median_of_paired_monthly_differences
severity,later,monthly_median,2018-01_to_2018-06,xgboost_quantile,0.5,DQS,all-mature seller pre-handoff profiles,all_mature,selected_90d,DQS,all_orders,,,True,3.94468573835,3.94461946359,-4.02265672355e-05,1.06412501926e-05,0,1.06412501926e-05,0.440482518309,0.440978703547,0.000539956803456,-0.0595174816915,-0.0590212964534,0.000539956803456,0.0944452757032,0.0964912566031,0.00225733634312,17.9925000191,18.0179999828,0,,6,3,3,2,median_of_paired_monthly_differences
severity,later,monthly_median,2018-01_to_2018-06,xgboost_quantile,0.5,DQS,all-mature seller pre-handoff profiles,all_mature,selected_90d,DQS,common_support_ge20,,,True,3.58785462078,3.58736854072,0.000355327171122,-4.29908786299e-05,0,-4.29908786299e-05,0.423990067228,0.421688571256,0,-0.0760099327721,-0.0783114287445,0,0.0844316674038,0.0844316674038,0.00217391304348,16.5529999971,16.5200000286,0,,6,3,3,1,median_of_paired_monthly_differences
severity,later,monthly_median,2018-01_to_2018-06,xgboost_quantile,0.9,DQB,all-mature seller pre-handoff and state-OD transit profiles,all_mature,promise_only,DQ0,all_mature_support_ge20,,,True,2.92184355226,2.90227302251,0.0195705297499,-0.00545212632914,0,-0.00545212632914,0.863232215655,0.870634504996,-0.00701329220827,-0.0367677843449,-0.0293654950043,-0.00701329220827,0.0582188822666,0.0558184428055,0.00674232134906,19.4338722229,19.839047432,-0.39704799655,,6,2,2,1,median_of_paired_monthly_differences
severity,later,monthly_median,2018-01_to_2018-06,xgboost_quantile,0.9,DQB,all-mature seller pre-handoff and state-OD transit profiles,all_mature,promise_only,DQ0,all_orders,,,True,3.1026173879,3.08240015488,0.020217233023,-0.00631830695069,0,-0.00631830695069,0.854783382035,0.85856307966,-0.00602154668335,-0.0452166179647,-0.0414369203405,-0.00602154668335,0.0705917341511,0.0671204331822,0.00511693174684,19.5593733788,19.9080467224,-0.310517024975,,6,2,2,1,median_of_paired_monthly_differences
severity,later,monthly_median,2018-01_to_2018-06,xgboost_quantile,0.9,DQB,all-mature seller pre-handoff and state-OD transit profiles,all_mature,selected_90d,DQB,all_orders,,,True,3.1026173879,3.08572622261,0.00156769414195,-0.000425903121986,0,-0.000425903121986,0.854783382035,0.856943209249,-0.00188168021975,-0.0452166179647,-0.0430567907509,-0.00188168021975,0.0705917341511,0.0695605751088,0.000753012048193,19.5593733788,19.5157847405,0.09479932785,,6,3,3,1,median_of_paired_monthly_differences
severity,later,monthly_median,2018-01_to_2018-06,xgboost_quantile,0.9,DQB,all-mature seller pre-handoff and state-OD transit profiles,all_mature,selected_90d,DQB,common_support_ge20,,,True,3.04326797058,3.03208249779,-0.0013711069403,0.000677614943025,0,0.000677614943025,0.865017712551,0.865017712551,0,-0.0349822874494,-0.0349822874494,0,0.0528697308883,0.0528697308883,0,19.3871120453,19.3955163002,-0.10684833529,,6,3,3,1,median_of_paired_monthly_differences
severity,later,monthly_median,2018-01_to_2018-06,xgboost_quantile,0.9,DQG,all-mature state-OD transit profiles,all_mature,promise_only,DQ0,all_mature_support_ge20,,,True,3.02939486482,3.01772667956,0.0116681852604,-0.00385374880563,0,-0.00385374880563,0.86119164647,0.86119164647,-0.00258397932817,-0.0388083535301,-0.0388083535301,-0.00258397932817,0.0659794606364,0.0695594129037,0,19.3320007324,19.9080467224,-0.47757720945,,6,2,2,2,median_of_paired_monthly_differences
severity,later,monthly_median,2018-01_to_2018-06,xgboost_quantile,0.9,DQG,all-mature state-OD transit profiles,all_mature,promise_only,DQ0,all_orders,,,True,3.0941133841,3.08240015488,0.0117132292204,-0.00371213916003,0,-0.00371213916003,0.858023122856,0.85856307966,-0.00302134638162,-0.0419768771439,-0.0414369203405,-0.00302134638162,0.0673519933304,0.0671204331822,0.000539956803456,19.3316040039,19.9080467224,-0.41279354095,,6,2,2,2,median_of_paired_monthly_differences
severity,later,monthly_median,2018-01_to_2018-06,xgboost_quantile,0.9,DQG,all-mature state-OD transit profiles,all_mature,selected_90d,DQG,all_orders,,,True,3.0941133841,3.06609364845,-0.00120775451578,0.000812585739313,0,0.000812585739313,0.858023122856,0.86018295007,0,-0.0419768771439,-0.0398170499301,0,0.0673519933304,0.0674495024597,0,19.3316040039,19.5955753327,-0.18221836088,,6,3,3,2,median_of_paired_monthly_differences
severity,later,monthly_median,2018-01_to_2018-06,xgboost_quantile,0.9,DQG,all-mature state-OD transit profiles,all_mature,selected_90d,DQG,common_support_ge20,,,True,3.03979797318,3.01015347019,0.000355781270569,0.000238487730956,0,0.000238487730956,0.862560092141,0.863448636104,0,-0.0374399078587,-0.036551363896,0,0.0677650039989,0.0679161639453,0,19.3115985871,19.5955753327,-0.135671138755,,6,3,3,2,median_of_paired_monthly_differences
severity,later,monthly_median,2018-01_to_2018-06,xgboost_quantile,0.9,DQS,all-mature seller pre-handoff profiles,all_mature,promise_only,DQ0,all_mature_support_ge20,,,True,2.95141463171,2.94157330434,0.00984132736491,-0.00334806431157,0,-0.00334806431157,0.86626450537,0.869688011967,-0.00398309089954,-0.0337354946305,-0.0303119880333,-0.00398309089954,0.0573024862785,0.0536732657669,0.00182481751825,19.7666406631,19.839047432,-0.0724067688,,6,2,2,1,median_of_paired_monthly_differences
severity,later,monthly_median,2018-01_to_2018-06,xgboost_quantile,0.9,DQS,all-mature seller pre-handoff profiles,all_mature,promise_only,DQ0,all_orders,,,True,3.09120033422,3.08240015488,0.00880017933337,-0.00291377899328,0,-0.00291377899328,0.856943209249,0.85856307966,-0.00161987041037,-0.0430567907509,-0.0414369203405,-0.00161987041037,0.0684319069373,0.0671204331822,0,19.7914172173,19.9080467224,-0.078950309755,,6,0,0,1,median_of_paired_monthly_differences
severity,later,monthly_median,2018-01_to_2018-06,xgboost_quantile,0.9,DQS,all-mature seller pre-handoff profiles,all_mature,selected_90d,DQS,all_orders,,,True,3.09120033422,3.09005095135,-0.00257025869422,0.000934242467556,0,0.000934242467556,0.856943209249,0.855628499915,0.00107991360691,-0.0430567907509,-0.0443715000848,0.00107991360691,0.0684319069373,0.0687056878517,-0.00107991360691,19.7914172173,19.726461792,0.0649554253,,6,4,4,3,median_of_paired_monthly_differences
severity,later,monthly_median,2018-01_to_2018-06,xgboost_quantile,0.9,DQS,all-mature seller pre-handoff profiles,all_mature,selected_90d,DQS,common_support_ge20,,,True,3.05301180684,3.05303754726,-0.00543302323406,0.00215026407535,0,0.00215026407535,0.866741449169,0.863334654921,0.00168067226891,-0.0332585508311,-0.0366653450793,0.00168067226891,0.0483558640848,0.0522104493972,-0.00168067226891,19.767912674,19.6777811051,-0.01703414916,,6,4,4,3,median_of_paired_monthly_differences
severity,aggregate,pooled,later_pooled,linear_quantile,0.5,DQB,all-mature seller pre-handoff and state-OD transit profiles,all_mature,promise_only,DQ0,all_mature_support_ge20,2499,dfb1703a1b25163f7293b3fb7a39b4d65d4ebab233d7c573ba95b27ca1ba53a3,True,3.4241490522,3.42945067131,-0.00530161910491,0.00154590913036,0,0.00154590913036,0.456982793117,0.452581032413,0.00440176070428,-0.0430172068828,-0.047418967587,0.00440176070428,0.0430172068828,0.047418967587,-0.00440176070428,15.4095994894,15.8128041955,-0.40320470602,True,,,,,recomputed_on_concatenated_monthly_predictions
severity,aggregate,pooled,later_pooled,linear_quantile,0.5,DQB,all-mature seller pre-handoff and state-OD transit profiles,all_mature,promise_only,DQ0,all_orders,3477,118782cfc610a9028878d750598e5fe92f9ee67f521716c506bc37135f89b805,True,3.53111435317,3.54264722776,-0.0115328745851,0.00325543974426,0,0.00325543974426,0.454127121081,0.442047742307,0.0120793787748,-0.0458728789186,-0.0579522576934,0.0120793787748,0.0458728789186,0.0579522576934,-0.0120793787748,16.048917071,16.3370131426,-0.288096071582,True,,,,,recomputed_on_concatenated_monthly_predictions
severity,aggregate,pooled,later_pooled,linear_quantile,0.5,DQB,all-mature seller pre-handoff and state-OD transit profiles,all_mature,selected_90d,DQB,all_orders,3477,118782cfc610a9028878d750598e5fe92f9ee67f521716c506bc37135f89b805,True,3.53111435317,3.5306533943,0.000460958877372,-0.000130559085215,0,-0.000130559085215,0.454127121081,0.452976704055,0.00115041702617,-0.0458728789186,-0.0470232959448,0.00115041702617,0.0458728789186,0.0470232959448,-0.00115041702617,16.048917071,16.1911898779,-0.142272806904,False,,,,,recomputed_on_concatenated_monthly_predictions
severity,aggregate,pooled,later_pooled,linear_quantile,0.5,DQB,all-mature seller pre-handoff and state-OD transit profiles,all_mature,selected_90d,DQB,common_support_ge20,2053,544c2b92533247279eb1d3172bbeaa9c95db07ff93564b0ead30ed4f2c9c8449,True,3.38652886109,3.39697579599,-0.0104469349018,0.00307536336119,0,0.00307536336119,0.457866536775,0.457379444715,0.000487092060399,-0.0421334632245,-0.0426205552849,0.000487092060399,0.0421334632245,0.0426205552849,-0.000487092060399,15.2939052164,15.4436478725,-0.149742656112,True,,,,,recomputed_on_concatenated_monthly_predictions
severity,aggregate,pooled,later_pooled,linear_quantile,0.5,DQG,all-mature state-OD transit profiles,all_mature,promise_only,DQ0,all_mature_support_ge20,3352,f951c14d146c3483ebf3efb0b345b15deeb4005c43a5323f2493d38a0e86af68,True,3.53170201593,3.54319025412,-0.0114882381931,0.00324234302115,0,0.00324234302115,0.454952267303,0.441825775656,0.0131264916468,-0.0450477326969,-0.0581742243437,0.0131264916468,0.0450477326969,0.0581742243437,-0.0131264916468,16.1136499068,16.3820475998,-0.268397692937,True,,,,,recomputed_on_concatenated_monthly_predictions
severity,aggregate,pooled,later_pooled,linear_quantile,0.5,DQG,all-mature state-OD transit profiles,all_mature,promise_only,DQ0,all_orders,3477,118782cfc610a9028878d750598e5fe92f9ee67f521716c506bc37135f89b805,True,3.53058459252,3.54264722776,-0.0120626352394,0.00340497782134,0,0.00340497782134,0.454702329594,0.442047742307,0.0126545872879,-0.0452976704055,-0.0579522576934,0.0126545872879,0.0452976704055,0.0579522576934,-0.0126545872879,16.1150617162,16.3370131426,-0.221951426366,True,,,,,recomputed_on_concatenated_monthly_predictions
severity,aggregate,pooled,later_pooled,linear_quantile,0.5,DQG,all-mature state-OD transit profiles,all_mature,selected_90d,DQG,all_orders,3477,118782cfc610a9028878d750598e5fe92f9ee67f521716c506bc37135f89b805,True,3.53058459252,3.54156401826,-0.0109794257445,0.00310016300365,0,0.00310016300365,0.454702329594,0.452401495542,0.00230083405234,-0.0452976704055,-0.0475985044579,0.00230083405234,0.0452976704055,0.0475985044579,-0.00230083405234,16.1150617162,16.4489043162,-0.333842600032,True,,,,,recomputed_on_concatenated_monthly_predictions
severity,aggregate,pooled,later_pooled,linear_quantile,0.5,DQG,all-mature state-OD transit profiles,all_mature,selected_90d,DQG,common_support_ge20,3265,eeb29239e116b2b91cd58e0940fdc54d93ba9d0e93b11c5ae277c53da0e1c137,True,3.51091713636,3.51885025354,-0.00793311718558,0.00225446285405,0,0.00225446285405,0.456049004594,0.454517611026,0.00153139356815,-0.0439509954058,-0.045482388974,0.00153139356815,0.0439509954058,0.045482388974,-0.00153139356815,16.0568280203,16.0047524022,0.0520756181,True,,,,,recomputed_on_concatenated_monthly_predictions
severity,aggregate,pooled,later_pooled,linear_quantile,0.5,DQS,all-mature seller pre-handoff profiles,all_mature,promise_only,DQ0,all_mature_support_ge20,2583,c67a3bdb2d62de7cf81cf6d5c7a0be59de85519bf84265fb86a211fb4e08e225,True,3.43330133122,3.41653558,0.016765751223,-0.00490723741358,0,-0.00490723741358,0.438250096787,0.452961672474,-0.0147115756872,-0.0617499032133,-0.0470383275261,-0.0147115756872,0.0617499032133,0.0470383275261,0.0147115756872,15.8869703088,15.758110944,0.128859364762,False,,,,,recomputed_on_concatenated_monthly_predictions
severity,aggregate,pooled,later_pooled,linear_quantile,0.5,DQS,all-mature seller pre-handoff profiles,all_mature,promise_only,DQ0,all_orders,3477,118782cfc610a9028878d750598e5fe92f9ee67f521716c506bc37135f89b805,True,3.55139037773,3.54264722776,0.0087431499733,-0.00246797081708,0,-0.00246797081708,0.433994823123,0.442047742307,-0.0080529191832,-0.0660051768766,-0.0579522576934,-0.0080529191832,0.0660051768766,0.0579522576934,0.0080529191832,16.525405266,16.3370131426,0.18839212348,False,,,,,recomputed_on_concatenated_monthly_predictions
severity,aggregate,pooled,later_pooled,linear_quantile,0.5,DQS,all-mature seller pre-handoff profiles,all_mature,selected_90d,DQS,all_orders,3477,118782cfc610a9028878d750598e5fe92f9ee67f521716c506bc37135f89b805,True,3.55139037773,3.54473910572,0.00665127200811,-0.00187637843286,0,-0.00187637843286,0.433994823123,0.437446074202,-0.00345125107852,-0.0660051768766,-0.0625539257981,-0.00345125107852,0.0660051768766,0.0625539257981,0.00345125107852,16.525405266,16.601372306,-0.075967039982,False,,,,,recomputed_on_concatenated_monthly_predictions
severity,aggregate,pooled,later_pooled,linear_quantile,0.5,DQS,all-mature seller pre-handoff profiles,all_mature,selected_90d,DQS,common_support_ge20,2164,f2879d5f7e7cda3a3a2dfef1114cf2cbe490c4b5b477bf44b18f7d050a563a33,True,3.40986421415,3.40854926671,0.00131494743383,-0.000385779207205,0,-0.000385779207205,0.443160813309,0.445009242144,-0.00184842883549,-0.0568391866913,-0.0549907578558,-0.00184842883549,0.0568391866913,0.0549907578558,0.00184842883549,15.7912094819,15.7959438306,-0.004734348715,False,,,,,recomputed_on_concatenated_monthly_predictions
severity,aggregate,pooled,later_pooled,linear_quantile,0.9,DQB,all-mature seller pre-handoff and state-OD transit profiles,all_mature,promise_only,DQ0,all_mature_support_ge20,2499,dfb1703a1b25163f7293b3fb7a39b4d65d4ebab233d7c573ba95b27ca1ba53a3,True,2.63752985655,2.61894950079,0.0185803557579,-0.00709458343974,0,-0.00709458343974,0.87675070028,0.889155662265,-0.0124049619848,-0.0232492997199,-0.0108443377351,-0.0124049619848,0.0232492997199,0.0108443377351,0.0124049619848,19.3412946423,20,-0.65870535768,False,,,,,recomputed_on_concatenated_monthly_predictions
severity,aggregate,pooled,later_pooled,linear_quantile,0.9,DQB,all-mature seller pre-handoff and state-OD transit profiles,all_mature,promise_only,DQ0,all_orders,3477,118782cfc610a9028878d750598e5fe92f9ee67f521716c506bc37135f89b805,True,2.75460761864,2.7434877727,0.0111198459374,-0.0040531786028,0,-0.0040531786028,0.870865688812,0.880356629278,-0.00949094046592,-0.0291343111878,-0.0196433707219,-0.00949094046592,0.0291343111878,0.0196433707219,0.00949094046592,19.520466925,20,-0.47953307498,False,,,,,recomputed_on_concatenated_monthly_predictions
severity,aggregate,pooled,later_pooled,linear_quantile,0.9,DQB,all-mature seller pre-handoff and state-OD transit profiles,all_mature,selected_90d,DQB,all_orders,3477,118782cfc610a9028878d750598e5fe92f9ee67f521716c506bc37135f89b805,True,2.75460761864,2.75716790813,-0.00256028949912,0.00092859397194,0,0.00092859397194,0.870865688812,0.870865688812,0,-0.0291343111878,-0.0291343111878,0,0.0291343111878,0.0291343111878,0,19.520466925,19.4604791906,0.05998773446,True,,,,,recomputed_on_concatenated_monthly_predictions
severity,aggregate,pooled,later_pooled,linear_quantile,0.9,DQB,all-mature seller pre-handoff and state-OD transit profiles,all_mature,selected_90d,DQB,common_support_ge20,2053,544c2b92533247279eb1d3172bbeaa9c95db07ff93564b0ead30ed4f2c9c8449,True,2.62866731437,2.62536089436,0.00330642000179,-0.00125941542318,0,-0.00125941542318,0.877252800779,0.8782269849,-0.000974184120799,-0.0227471992207,-0.0217730150999,-0.000974184120799,0.0227471992207,0.0217730150999,0.000974184120799,19.2987550855,19.3242070792,-0.02545199368,False,,,,,recomputed_on_concatenated_monthly_predictions
severity,aggregate,pooled,later_pooled,linear_quantile,0.9,DQG,all-mature state-OD transit profiles,all_mature,promise_only,DQ0,all_mature_support_ge20,3352,f951c14d146c3483ebf3efb0b345b15deeb4005c43a5323f2493d38a0e86af68,True,2.76098142915,2.74229970117,0.0186817279833,-0.00681243117787,0,-0.00681243117787,0.875894988067,0.87977326969,-0.00387828162291,-0.0241050119332,-0.0202267303103,-0.00387828162291,0.0241050119332,0.0202267303103,0.00387828162291,20,20,0,False,,,,,recomputed_on_concatenated_monthly_predictions
severity,aggregate,pooled,later_pooled,linear_quantile,0.9,DQG,all-mature state-OD transit profiles,all_mature,promise_only,DQ0,all_orders,3477,118782cfc610a9028878d750598e5fe92f9ee67f521716c506bc37135f89b805,True,2.76282500085,2.7434877727,0.0193372281496,-0.00704841054589,0,-0.00704841054589,0.876617773943,0.880356629278,-0.00373885533506,-0.0233822260569,-0.0196433707219,-0.00373885533506,0.0233822260569,0.0196433707219,0.00373885533506,20,20,0,False,,,,,recomputed_on_concatenated_monthly_predictions
severity,aggregate,pooled,later_pooled,linear_quantile,0.9,DQG,all-mature state-OD transit profiles,all_mature,selected_90d,DQG,all_orders,3477,118782cfc610a9028878d750598e5fe92f9ee67f521716c506bc37135f89b805,True,2.76282500085,2.75484916607,0.00797583477438,-0.00289519835518,0,-0.00289519835518,0.876617773943,0.878055795226,-0.00143802128271,-0.0233822260569,-0.0219442047742,-0.00143802128271,0.0233822260569,0.0219442047742,0.00143802128271,20,20,0,False,,,,,recomputed_on_concatenated_monthly_predictions
severity,aggregate,pooled,later_pooled,linear_quantile,0.9,DQG,all-mature state-OD transit profiles,all_mature,selected_90d,DQG,common_support_ge20,3265,eeb29239e116b2b91cd58e0940fdc54d93ba9d0e93b11c5ae277c53da0e1c137,True,2.74980737911,2.74089502431,0.00891235479689,-0.00325162208616,0,-0.00325162208616,0.877182235835,0.878713629403,-0.00153139356815,-0.0228177641654,-0.0212863705972,-0.00153139356815,0.0228177641654,0.0212863705972,0.00153139356815,20,20,0,False,,,,,recomputed_on_concatenated_monthly_predictions
severity,aggregate,pooled,later_pooled,linear_quantile,0.9,DQS,all-mature seller pre-handoff profiles,all_mature,promise_only,DQ0,all_mature_support_ge20,2583,c67a3bdb2d62de7cf81cf6d5c7a0be59de85519bf84265fb86a211fb4e08e225,True,2.60383848316,2.60006140344,0.00377707972848,-0.00145268866477,0,-0.00145268866477,0.879597367402,0.890050329075,-0.0104529616725,-0.0204026325978,-0.00994967092528,-0.0104529616725,0.0204026325978,0.00994967092528,0.0104529616725,19.4377296037,20,-0.56227039626,False,,,,,recomputed_on_concatenated_monthly_predictions
severity,aggregate,pooled,later_pooled,linear_quantile,0.9,DQS,all-mature seller pre-handoff profiles,all_mature,promise_only,DQ0,all_orders,3477,118782cfc610a9028878d750598e5fe92f9ee67f521716c506bc37135f89b805,True,2.7393635005,2.7434877727,-0.00412427220034,0.00150329527304,0,0.00150329527304,0.873166522865,0.880356629278,-0.00719010641357,-0.0268334771355,-0.0196433707219,-0.00719010641357,0.0268334771355,0.0196433707219,0.00719010641357,19.590541782,20,-0.40945821804,True,,,,,recomputed_on_concatenated_monthly_predictions
severity,aggregate,pooled,later_pooled,linear_quantile,0.9,DQS,all-mature seller pre-handoff profiles,all_mature,selected_90d,DQS,all_orders,3477,118782cfc610a9028878d750598e5fe92f9ee67f521716c506bc37135f89b805,True,2.7393635005,2.7475332706,-0.00816977010069,0.00297349269183,0,0.00297349269183,0.873166522865,0.872878918608,0.000287604256543,-0.0268334771355,-0.027121081392,0.000287604256543,0.0268334771355,0.027121081392,-0.000287604256543,19.590541782,19.514558344,0.075983438,True,,,,,recomputed_on_concatenated_monthly_predictions
severity,aggregate,pooled,later_pooled,linear_quantile,0.9,DQS,all-mature seller pre-handoff profiles,all_mature,selected_90d,DQS,common_support_ge20,2164,f2879d5f7e7cda3a3a2dfef1114cf2cbe490c4b5b477bf44b18f7d050a563a33,True,2.59255384875,2.59691838234,-0.00436453358563,0.00168065874358,0,0.00168065874358,0.878465804067,0.878003696858,0.000462107208872,-0.0215341959335,-0.0219963031423,0.000462107208872,0.0215341959335,0.0219963031423,-0.000462107208872,19.3837546892,19.3898718033,-0.0061171141,True,,,,,recomputed_on_concatenated_monthly_predictions
severity,aggregate,pooled,later_pooled,xgboost_quantile,0.5,DQB,all-mature seller pre-handoff and state-OD transit profiles,all_mature,promise_only,DQ0,all_mature_support_ge20,2499,dfb1703a1b25163f7293b3fb7a39b4d65d4ebab233d7c573ba95b27ca1ba53a3,True,3.48201580151,3.48220487736,-0.000189075855364,5.42977400879e-05,0,5.42977400879e-05,0.447779111645,0.454581832733,-0.00680272108844,-0.0522208883553,-0.0454181672669,-0.00680272108844,0.0522208883553,0.0454181672669,0.00680272108844,15.9699997902,15.9759998322,-0.00600004196201,True,,,,,recomputed_on_concatenated_monthly_predictions
severity,aggregate,pooled,later_pooled,xgboost_quantile,0.5,DQB,all-mature seller pre-handoff and state-OD transit profiles,all_mature,promise_only,DQ0,all_orders,3477,118782cfc610a9028878d750598e5fe92f9ee67f521716c506bc37135f89b805,True,3.59597065862,3.59610223756,-0.000131578941845,3.6589321758e-05,0,3.6589321758e-05,0.439171699741,0.444348576359,-0.00517687661777,-0.0608283002588,-0.0556514236411,-0.00517687661777,0.0608283002588,0.0556514236411,0.00517687661777,16.9609998703,16.9699997902,-0.008999919888,True,,,,,recomputed_on_concatenated_monthly_predictions
severity,aggregate,pooled,later_pooled,xgboost_quantile,0.5,DQB,all-mature seller pre-handoff and state-OD transit profiles,all_mature,selected_90d,DQB,all_orders,3477,118782cfc610a9028878d750598e5fe92f9ee67f521716c506bc37135f89b805,True,3.59597065862,3.59658756831,-0.000616909684782,0.000171526390798,0,0.000171526390798,0.439171699741,0.443773367846,-0.00460166810469,-0.0608283002588,-0.0562266321542,-0.00460166810469,0.0608283002588,0.0562266321542,0.00460166810469,16.9609998703,16.9699997902,-0.008999919888,True,,,,,recomputed_on_concatenated_monthly_predictions
severity,aggregate,pooled,later_pooled,xgboost_quantile,0.5,DQB,all-mature seller pre-handoff and state-OD transit profiles,all_mature,selected_90d,DQB,common_support_ge20,2053,544c2b92533247279eb1d3172bbeaa9c95db07ff93564b0ead30ed4f2c9c8449,True,3.44461519232,3.44654407666,-0.00192888434548,0.000559657530144,0,0.000559657530144,0.45153433999,0.455918168534,-0.00438382854359,-0.0484656600097,-0.0440818314661,-0.00438382854359,0.0484656600097,0.0440818314661,0.00438382854359,15.9699997902,16,-0.03000020981,True,,,,,recomputed_on_concatenated_monthly_predictions
severity,aggregate,pooled,later_pooled,xgboost_quantile,0.5,DQG,all-mature state-OD transit profiles,all_mature,promise_only,DQ0,all_mature_support_ge20,3352,f951c14d146c3483ebf3efb0b345b15deeb4005c43a5323f2493d38a0e86af68,True,3.59699879996,3.59626938612,0.000729413832087,-0.000202825137322,0,-0.000202825137322,0.437052505967,0.444510739857,-0.00745823389021,-0.0629474940334,-0.0554892601432,-0.00745823389021,0.0629474940334,0.0554892601432,0.00745823389021,16.9699997902,16.9699997902,0,False,,,,,recomputed_on_concatenated_monthly_predictions
severity,aggregate,pooled,later_pooled,xgboost_quantile,0.5,DQG,all-mature state-OD transit profiles,all_mature,promise_only,DQ0,all_orders,3477,118782cfc610a9028878d750598e5fe92f9ee67f521716c506bc37135f89b805,True,3.59693485092,3.59610223756,0.000832613357311,-0.000231532170752,0,-0.000231532170752,0.436583261432,0.444348576359,-0.00776531492666,-0.0634167385677,-0.0556514236411,-0.00776531492666,0.0634167385677,0.0556514236411,0.00776531492666,16.9699997902,16.9699997902,0,False,,,,,recomputed_on_concatenated_monthly_predictions
severity,aggregate,pooled,later_pooled,xgboost_quantile,0.5,DQG,all-mature state-OD transit profiles,all_mature,selected_90d,DQG,all_orders,3477,118782cfc610a9028878d750598e5fe92f9ee67f521716c506bc37135f89b805,True,3.59693485092,3.59567082995,0.00126402097641,-0.000351539680963,0,-0.000351539680963,0.436583261432,0.442335346563,-0.00575208513086,-0.0634167385677,-0.0576646534369,-0.00575208513086,0.0634167385677,0.0576646534369,0.00575208513086,16.9699997902,16.9699997902,0,False,,,,,recomputed_on_concatenated_monthly_predictions
severity,aggregate,pooled,later_pooled,xgboost_quantile,0.5,DQG,all-mature state-OD transit profiles,all_mature,selected_90d,DQG,common_support_ge20,3265,eeb29239e116b2b91cd58e0940fdc54d93ba9d0e93b11c5ae277c53da0e1c137,True,3.57590657836,3.57456737463,0.00133920373095,-0.000374647779884,0,-0.000374647779884,0.437672281776,0.443491577335,-0.00581929555896,-0.0623277182236,-0.0565084226646,-0.00581929555896,0.0623277182236,0.0565084226646,0.00581929555896,16.9369998932,16.9099998474,0.02700004578,False,,,,,recomputed_on_concatenated_monthly_predictions
severity,aggregate,pooled,later_pooled,xgboost_quantile,0.5,DQS,all-mature seller pre-handoff profiles,all_mature,promise_only,DQ0,all_mature_support_ge20,2583,c67a3bdb2d62de7cf81cf6d5c7a0be59de85519bf84265fb86a211fb4e08e225,True,3.46980739129,3.46871273203,0.00109465926185,-0.000315580835434,0,-0.000315580835434,0.446767324816,0.454897406117,-0.00813008130081,-0.0532326751839,-0.0451025938831,-0.00813008130081,0.0532326751839,0.0451025938831,0.00813008130081,15.9699997902,15.9699997902,0,False,,,,,recomputed_on_concatenated_monthly_predictions
severity,aggregate,pooled,later_pooled,xgboost_quantile,0.5,DQS,all-mature seller pre-handoff profiles,all_mature,promise_only,DQ0,all_orders,3477,118782cfc610a9028878d750598e5fe92f9ee67f521716c506bc37135f89b805,True,3.59687661597,3.59610223756,0.00077437840217,-0.000215338260988,0,-0.000215338260988,0.437446074202,0.444348576359,-0.00690250215703,-0.0625539257981,-0.0556514236411,-0.00690250215703,0.0625539257981,0.0556514236411,0.00690250215703,16.9699997902,16.9699997902,0,False,,,,,recomputed_on_concatenated_monthly_predictions
severity,aggregate,pooled,later_pooled,xgboost_quantile,0.5,DQS,all-mature seller pre-handoff profiles,all_mature,selected_90d,DQS,all_orders,3477,118782cfc610a9028878d750598e5fe92f9ee67f521716c506bc37135f89b805,True,3.59687661597,3.5964495208,0.000427095170679,-0.000118754668517,0,-0.000118754668517,0.437446074202,0.436870865689,0.000575208513086,-0.0625539257981,-0.0631291343112,0.000575208513086,0.0625539257981,0.0631291343112,-0.000575208513086,16.9699997902,16.9699997902,0,False,,,,,recomputed_on_concatenated_monthly_predictions
severity,aggregate,pooled,later_pooled,xgboost_quantile,0.5,DQS,all-mature seller pre-handoff profiles,all_mature,selected_90d,DQS,common_support_ge20,2164,f2879d5f7e7cda3a3a2dfef1114cf2cbe490c4b5b477bf44b18f7d050a563a33,True,3.44432647601,3.44399375792,0.000332718084984,-9.66082137108e-05,0,-9.66082137108e-05,0.451478743068,0.449630314233,0.00184842883549,-0.0485212569316,-0.0503696857671,0.00184842883549,0.0485212569316,0.0503696857671,-0.00184842883549,15.9699997902,15.9699997902,0,False,,,,,recomputed_on_concatenated_monthly_predictions
severity,aggregate,pooled,later_pooled,xgboost_quantile,0.9,DQB,all-mature seller pre-handoff and state-OD transit profiles,all_mature,promise_only,DQ0,all_mature_support_ge20,2499,dfb1703a1b25163f7293b3fb7a39b4d65d4ebab233d7c573ba95b27ca1ba53a3,True,2.64541059206,2.63223441759,0.0131761744767,-0.0050056994881,0,-0.0050056994881,0.874349739896,0.881152460984,-0.00680272108844,-0.025650260104,-0.0188475390156,-0.00680272108844,0.025650260104,0.0188475390156,0.00680272108844,19.370885849,19.8178386688,-0.4469528198,False,,,,,recomputed_on_concatenated_monthly_predictions
severity,aggregate,pooled,later_pooled,xgboost_quantile,0.9,DQB,all-mature seller pre-handoff and state-OD transit profiles,all_mature,promise_only,DQ0,all_orders,3477,118782cfc610a9028878d750598e5fe92f9ee67f521716c506bc37135f89b805,True,2.77052230807,2.75411993169,0.0164023763871,-0.0059555781135,0,-0.0059555781135,0.867989646247,0.873741731378,-0.00575208513086,-0.0320103537532,-0.0262582686224,-0.00575208513086,0.0320103537532,0.0262582686224,0.00575208513086,19.4539108276,19.8204814911,-0.36657066348,False,,,,,recomputed_on_concatenated_monthly_predictions
severity,aggregate,pooled,later_pooled,xgboost_quantile,0.9,DQB,all-mature seller pre-handoff and state-OD transit profiles,all_mature,selected_90d,DQB,all_orders,3477,118782cfc610a9028878d750598e5fe92f9ee67f521716c506bc37135f89b805,True,2.77052230807,2.76193124049,0.00859106758832,-0.00311052913352,0,-0.00311052913352,0.867989646247,0.870578084556,-0.00258843830889,-0.0320103537532,-0.0294219154443,-0.00258843830889,0.0320103537532,0.0294219154443,0.00258843830889,19.4539108276,19.5787906647,-0.1248798371,False,,,,,recomputed_on_concatenated_monthly_predictions
severity,aggregate,pooled,later_pooled,xgboost_quantile,0.9,DQB,all-mature seller pre-handoff and state-OD transit profiles,all_mature,selected_90d,DQB,common_support_ge20,2053,544c2b92533247279eb1d3172bbeaa9c95db07ff93564b0ead30ed4f2c9c8449,True,2.62982830609,2.62587377016,0.00395453592831,-0.00150598858683,0,-0.00150598858683,0.876765708719,0.877252800779,-0.000487092060399,-0.0232342912811,-0.0227471992207,-0.000487092060399,0.0232342912811,0.0227471992207,0.000487092060399,19.2925827027,19.2733764648,0.01920623786,False,,,,,recomputed_on_concatenated_monthly_predictions
severity,aggregate,pooled,later_pooled,xgboost_quantile,0.9,DQG,all-mature state-OD transit profiles,all_mature,promise_only,DQ0,all_mature_support_ge20,3352,f951c14d146c3483ebf3efb0b345b15deeb4005c43a5323f2493d38a0e86af68,True,2.76248799622,2.75520645781,0.00728153841098,-0.00264282859469,0,-0.00264282859469,0.871420047733,0.872613365155,-0.00119331742243,-0.0285799522673,-0.0273866348449,-0.00119331742243,0.0285799522673,0.0273866348449,0.00119331742243,19.2637748718,19.8178386688,-0.554063797,False,,,,,recomputed_on_concatenated_monthly_predictions
severity,aggregate,pooled,later_pooled,xgboost_quantile,0.9,DQG,all-mature state-OD transit profiles,all_mature,promise_only,DQ0,all_orders,3477,118782cfc610a9028878d750598e5fe92f9ee67f521716c506bc37135f89b805,True,2.76176977841,2.75411993169,0.00764984671815,-0.00277760116041,0,-0.00277760116041,0.872303710095,0.873741731378,-0.00143802128271,-0.0276962899051,-0.0262582686224,-0.00143802128271,0.0276962899051,0.0262582686224,0.00143802128271,19.300403595,19.8204814911,-0.52007789608,False,,,,,recomputed_on_concatenated_monthly_predictions
severity,aggregate,pooled,later_pooled,xgboost_quantile,0.9,DQG,all-mature state-OD transit profiles,all_mature,selected_90d,DQG,all_orders,3477,118782cfc610a9028878d750598e5fe92f9ee67f521716c506bc37135f89b805,True,2.76176977841,2.74974616547,0.012023612937,-0.00437262649478,0,-0.00437262649478,0.872303710095,0.872878918608,-0.000575208513086,-0.0276962899051,-0.027121081392,-0.000575208513086,0.0276962899051,0.027121081392,0.000575208513086,19.300403595,19.644908905,-0.34450531,False,,,,,recomputed_on_concatenated_monthly_predictions
severity,aggregate,pooled,later_pooled,xgboost_quantile,0.9,DQG,all-mature state-OD transit profiles,all_mature,selected_90d,DQG,common_support_ge20,3265,eeb29239e116b2b91cd58e0940fdc54d93ba9d0e93b11c5ae277c53da0e1c137,True,2.75034687077,2.73703730731,0.0133095634663,-0.00486276289723,0,-0.00486276289723,0.872894333844,0.873506891271,-0.000612557427259,-0.0271056661562,-0.0264931087289,-0.000612557427259,0.0271056661562,0.0264931087289,0.000612557427259,19.2377101898,19.644908905,-0.4071987152,False,,,,,recomputed_on_concatenated_monthly_predictions
severity,aggregate,pooled,later_pooled,xgboost_quantile,0.9,DQS,all-mature seller pre-handoff profiles,all_mature,promise_only,DQ0,all_mature_support_ge20,2583,c67a3bdb2d62de7cf81cf6d5c7a0be59de85519bf84265fb86a211fb4e08e225,True,2.61983413667,2.6104494024,0.00938473427213,-0.00359506461359,0,-0.00359506461359,0.878048780488,0.882694541231,-0.00464576074332,-0.0219512195122,-0.0173054587689,-0.00464576074332,0.0219512195122,0.0173054587689,0.00464576074332,19.7383365631,19.8178386688,-0.0795021057,False,,,,,recomputed_on_concatenated_monthly_predictions
severity,aggregate,pooled,later_pooled,xgboost_quantile,0.9,DQS,all-mature seller pre-handoff profiles,all_mature,promise_only,DQ0,all_orders,3477,118782cfc610a9028878d750598e5fe92f9ee67f521716c506bc37135f89b805,True,2.76485045551,2.75411993169,0.01073052382,-0.00389617158518,0,-0.00389617158518,0.870578084556,0.873741731378,-0.00316364682197,-0.0294219154443,-0.0262582686224,-0.00316364682197,0.0294219154443,0.0262582686224,0.00316364682197,19.7610649109,19.8204814911,-0.05941658018,False,,,,,recomputed_on_concatenated_monthly_predictions
severity,aggregate,pooled,later_pooled,xgboost_quantile,0.9,DQS,all-mature seller pre-handoff profiles,all_mature,selected_90d,DQS,all_orders,3477,118782cfc610a9028878d750598e5fe92f9ee67f521716c506bc37135f89b805,True,2.76485045551,2.76777674385,-0.00292628833762,0.0010572703684,0,0.0010572703684,0.870578084556,0.867989646247,0.00258843830889,-0.0294219154443,-0.0320103537532,0.00258843830889,0.0294219154443,0.0320103537532,-0.00258843830889,19.7610649109,19.7178668976,0.0431980133,True,,,,,recomputed_on_concatenated_monthly_predictions
severity,aggregate,pooled,later_pooled,xgboost_quantile,0.9,DQS,all-mature seller pre-handoff profiles,all_mature,selected_90d,DQS,common_support_ge20,2164,f2879d5f7e7cda3a3a2dfef1114cf2cbe490c4b5b477bf44b18f7d050a563a33,True,2.60321896389,2.60813313844,-0.00491417454657,0.00188417319428,0,0.00188417319428,0.879390018484,0.876617375231,0.00277264325323,-0.0206099815157,-0.0233826247689,0.00277264325323,0.0206099815157,0.0233826247689,-0.00277264325323,19.7383365631,19.6242961884,0.1140403747,True,,,,,recomputed_on_concatenated_monthly_predictions
