task,period,row_type,cohort,family,model_id,profile_block,history_mode,reference_kind,reference_model,population,n_orders,n_events,order_id_sha256,paired_exact,all_mature_log_loss,reference_log_loss,delta_log_loss,all_mature_brier,reference_brier,delta_brier,all_mature_average_precision,reference_average_precision,delta_average_precision,all_mature_roc_auc,reference_roc_auc,delta_roc_auc,all_mature_top_5pct_lift,reference_top_5pct_lift,delta_top_5pct_lift,all_mature_top_10pct_lift,reference_top_10pct_lift,delta_top_10pct_lift,all_mature_calibration_intercept,reference_calibration_intercept,delta_calibration_intercept,all_mature_calibration_slope,reference_calibration_slope,delta_calibration_slope,all_mature_wace,reference_wace,delta_wace,all_mature_absolute_calibration_intercept_error,reference_absolute_calibration_intercept_error,delta_absolute_calibration_intercept_error,all_mature_absolute_calibration_slope_error,reference_absolute_calibration_slope_error,delta_absolute_calibration_slope_error,favourable_primary,n_months,favourable_month_count,favourable_month_count_log_loss,favourable_month_count_brier,favourable_month_count_wace,favourable_month_count_absolute_calibration_intercept_error,favourable_month_count_absolute_calibration_slope_error,favourable_month_count_average_precision,favourable_month_count_roc_auc,favourable_month_count_top_5pct_lift,favourable_month_count_top_10pct_lift,difference_aggregation
breach,later,monthly,2018-01,logistic_l2,DPB,all-mature seller pre-handoff and state-OD transit profiles,all_mature,promise_only,DP0,all_mature_support_ge20,5047,267,e19a09cfd01efdcc249492f2cfefe77cff09ae0bf159146e3b78d0eedd3757bb,True,0.200486459063,0.211110104087,-0.0106236450249,0.0490991472616,0.0504287787055,-0.0013296314439,0.111535100458,0.0444604316487,0.0670746688095,0.650531239716,0.450275022331,0.200256217385,3.21269855369,0.298855679413,2.91384287427,2.54530351912,0.48660214336,2.05870137576,-0.339198970176,-4.61803029897,4.2788313288,0.810338738331,-0.545468615392,1.35580735372,0.010759760433,0.0225273679162,-0.0117676074833,0.339198970176,4.61803029897,-4.2788313288,0.189661261669,1.54546861539,-1.35580735372,True,,,,,,,,,,,,paired_same_month_identical_orders
breach,later,monthly,2018-01,logistic_l2,DPB,all-mature seller pre-handoff and state-OD transit profiles,all_mature,promise_only,DP0,all_orders,7069,403,ee393306bea41ea6bceb8fcfabd7cbb43b7db39a083d42187f0a69ab3a3539a6,True,0.212211938124,0.223246686157,-0.0110347480324,0.052763327265,0.054136770414,-0.001373443149,0.115732141227,0.0508291207197,0.0649030205068,0.659676637639,0.475224073276,0.184452564363,2.87393980177,0.594608234849,2.27933156692,2.45622821765,0.645070036958,1.81115818069,-0.151107765456,-3.51670146206,3.36559369661,0.838102427639,-0.224002812736,1.06210524038,0.0149226766902,0.0239037354081,-0.00898105871794,0.151107765456,3.51670146206,-3.36559369661,0.161897572361,1.22400281274,-1.06210524038,True,,,,,,,,,,,,paired_same_month_identical_orders
breach,later,monthly,2018-01,logistic_l2,DPB,all-mature seller pre-handoff and state-OD transit profiles,all_mature,selected_90d,DPB,all_orders,7069,403,ee393306bea41ea6bceb8fcfabd7cbb43b7db39a083d42187f0a69ab3a3539a6,True,0.212211938124,0.20632080035,0.0058911377737,0.052763327265,0.0521303101206,0.000633017144464,0.115732141227,0.128738075356,-0.0130059341299,0.659676637639,0.688136307427,-0.0284596697883,2.87393980177,3.27034529167,-0.396405489899,2.45622821765,2.50584898972,-0.0496207720737,-0.151107765456,-0.0911194650265,-0.0599883004294,0.838102427639,0.933844777076,-0.0957423494372,0.0149226766902,0.00978790682322,0.00513476986699,0.151107765456,0.0911194650265,0.0599883004294,0.161897572361,0.0661552229241,0.0957423494372,False,,,,,,,,,,,,paired_same_month_identical_orders
breach,later,monthly,2018-01,logistic_l2,DPB,all-mature seller pre-handoff and state-OD transit profiles,all_mature,selected_90d,DPB,common_support_ge20,4261,221,c3306cb36b0882481e724b819e6b942b80d4fc0cb8fb1250c1c235be938e0805,True,0.194943042785,0.19159949096,0.00334355182448,0.0479315069546,0.0475746681131,0.000356838841496,0.119290526356,0.127681025882,-0.00839049952553,0.668994444693,0.692930424264,-0.0239359795708,3.51374381528,3.60383981055,-0.0900959952637,2.84467027669,2.79951678023,0.0451534964553,-0.0185620958756,-0.0411251363933,0.0225630405177,0.933192619739,0.997029409037,-0.0638367892974,0.0094657120512,0.00837949062781,0.00108622142339,0.0185620958756,0.0411251363933,-0.0225630405177,0.0668073802605,0.00297059096311,0.0638367892974,False,,,,,,,,,,,,paired_same_month_identical_orders
breach,later,monthly,2018-01,logistic_l2,DPG,all-mature state-OD transit profiles,all_mature,promise_only,DP0,all_mature_support_ge20,6848,387,a8259b83a598732e8d792ebb52388050b2b7ba388157abdcb364b62a3abc21eb,True,0.212359614308,0.221588541607,-0.00922892729923,0.0525043733048,0.0536740420705,-0.00116966876566,0.11077783337,0.050457353727,0.0603204796434,0.645056984723,0.475076257585,0.169980727138,2.57945924771,0.61907021945,1.96038902826,2.5057281352,0.645806220412,1.85992191479,-0.209492187699,-3.57753558386,3.36804339616,0.834909261385,-0.240636002938,1.07554526432,0.0144430202649,0.0231513601722,-0.00870833990727,0.209492187699,3.57753558386,-3.36804339616,0.165090738615,1.24063600294,-1.07554526432,True,,,,,,,,,,,,paired_same_month_identical_orders
breach,later,monthly,2018-01,logistic_l2,DPG,all-mature state-OD transit profiles,all_mature,promise_only,DP0,all_orders,7069,403,ee393306bea41ea6bceb8fcfabd7cbb43b7db39a083d42187f0a69ab3a3539a6,True,0.213382866704,0.223246686157,-0.00986381945275,0.0528814273071,0.054136770414,-0.00125534310689,0.114921540641,0.0508291207197,0.0640924199217,0.648097191853,0.475224073276,0.172873118577,2.72528774306,0.594608234849,2.13067950821,2.55546976179,0.645070036958,1.91039972484,-0.135936189137,-3.51670146206,3.38076527293,0.85546527396,-0.224002812736,1.0794680867,0.0152941829622,0.0239037354081,-0.00860955244593,0.135936189137,3.51670146206,-3.38076527293,0.14453472604,1.22400281274,-1.0794680867,True,,,,,,,,,,,,paired_same_month_identical_orders
breach,later,monthly,2018-01,logistic_l2,DPG,all-mature state-OD transit profiles,all_mature,selected_90d,DPG,all_orders,7069,403,ee393306bea41ea6bceb8fcfabd7cbb43b7db39a083d42187f0a69ab3a3539a6,True,0.213382866704,0.209479847574,0.00390301912962,0.0528814273071,0.0524913905767,0.000390036730388,0.114921540641,0.115881125147,-0.00095958450573,0.648097191853,0.670407363317,-0.0223101714638,2.72528774306,3.07214254672,-0.346854803662,2.55546976179,2.80357362216,-0.248103860368,-0.135936189137,-0.0743962367279,-0.0615399524094,0.85546527396,0.925497119727,-0.0700318457672,0.0152941829622,0.00935348856106,0.00594069440115,0.135936189137,0.0743962367279,0.0615399524094,0.14453472604,0.0745028802732,0.0700318457672,False,,,,,,,,,,,,paired_same_month_identical_orders
breach,later,monthly,2018-01,logistic_l2,DPG,all-mature state-OD transit profiles,all_mature,selected_90d,DPG,common_support_ge20,6683,376,d944e88f896a259a9f4bf390aab2dacfdedd809348671d0240178db2be712368,True,0.211712655239,0.207921626261,0.00379102897759,0.052285127342,0.0519047692101,0.000380358131879,0.110606974061,0.112384013497,-0.0017770394361,0.644425393602,0.667179577572,-0.0227541839699,2.5467132423,3.07727850111,-0.530565258812,2.47081623891,2.78963123748,-0.318814998569,-0.225706854606,-0.137737043746,-0.0879698108597,0.831304407283,0.909165938147,-0.077861530864,0.0139808652145,0.00817682511484,0.00580404009965,0.225706854606,0.137737043746,0.0879698108597,0.168695592717,0.0908340618529,0.077861530864,False,,,,,,,,,,,,paired_same_month_identical_orders
breach,later,monthly,2018-01,logistic_l2,DPS,all-mature seller pre-handoff profiles,all_mature,promise_only,DP0,all_mature_support_ge20,5136,274,514d7609b5720738435f4e4cb5b5fd9cd7bb326b10a62d9899a86c2bd4b85718,True,0.211847866726,0.212489998977,-0.000642132251693,0.0507574124116,0.0508368458133,-7.94334017186e-05,0.0602374104005,0.045018017777,0.0152193926236,0.505188456884,0.452954838206,0.0522336186784,1.23991025022,0.291743588287,0.948166661933,0.875230764861,0.510551279502,0.364679485359,-2.4927352753,-4.43087697575,1.93814170045,0.121064965355,-0.488851477506,0.609916442861,0.0182057074729,0.0228751064497,-0.00466939897682,2.4927352753,4.43087697575,-1.93814170045,0.878935034645,1.48885147751,-0.609916442861,True,,,,,,,,,,,,paired_same_month_identical_orders
breach,later,monthly,2018-01,logistic_l2,DPS,all-mature seller pre-handoff profiles,all_mature,promise_only,DP0,all_orders,7069,403,ee393306bea41ea6bceb8fcfabd7cbb43b7db39a083d42187f0a69ab3a3539a6,True,0.223064458705,0.223246686157,-0.000182227451573,0.0540749243338,0.054136770414,-6.18460802462e-05,0.0631538632686,0.0508291207197,0.0123247425489,0.516384020536,0.475224073276,0.0411599472602,1.33786852841,0.594608234849,0.743260293561,0.992415441473,0.645070036958,0.347345404516,-2.04956302102,-3.51670146206,1.46713844104,0.237840756262,-0.224002812736,0.461843568998,0.0186770219858,0.0239037354081,-0.00522671342235,2.04956302102,3.51670146206,-1.46713844104,0.762159243738,1.22400281274,-0.461843568998,True,,,,,,,,,,,,paired_same_month_identical_orders
breach,later,monthly,2018-01,logistic_l2,DPS,all-mature seller pre-handoff profiles,all_mature,selected_90d,DPS,all_orders,7069,403,ee393306bea41ea6bceb8fcfabd7cbb43b7db39a083d42187f0a69ab3a3539a6,True,0.223064458705,0.221389962696,0.00167449600915,0.0540749243338,0.0539073402211,0.000167584112655,0.0631538632686,0.0708330132595,-0.00767914999096,0.516384020536,0.528800274568,-0.0124162540324,1.33786852841,1.78382470455,-0.445956176137,0.992415441473,1.43900239014,-0.446586948663,-2.04956302102,-1.5472264393,-0.502336581718,0.237840756262,0.402267019004,-0.164426262743,0.0186770219858,0.013950909185,0.0047261128008,2.04956302102,1.5472264393,0.502336581718,0.762159243738,0.597732980996,0.164426262743,False,,,,,,,,,,,,paired_same_month_identical_orders
breach,later,monthly,2018-01,logistic_l2,DPS,all-mature seller pre-handoff profiles,all_mature,selected_90d,DPS,common_support_ge20,4397,230,bdab3308f786b6e9296647bb1f40f6387f1c09625e6c7d4c713f58d2215418ca,True,0.207699501059,0.207099424552,0.000600076507199,0.049754026175,0.0496820514559,7.19747190893e-05,0.0569172722899,0.0610343342671,-0.00411706197722,0.518930311662,0.52451143039,-0.00558111872789,1.30345849802,1.73794466403,-0.434486166008,0.912420948617,1.26000988142,-0.347588932806,-2.18041241572,-1.83284373969,-0.347568676037,0.227847566562,0.339484080473,-0.11163651391,0.0165673499084,0.011986541806,0.00458080810241,2.18041241572,1.83284373969,0.347568676037,0.772152433438,0.660515919527,0.11163651391,False,,,,,,,,,,,,paired_same_month_identical_orders
breach,later,monthly,2018-01,xgboost,DPB,all-mature seller pre-handoff and state-OD transit profiles,all_mature,promise_only,DP0,all_mature_support_ge20,5047,267,e19a09cfd01efdcc249492f2cfefe77cff09ae0bf159146e3b78d0eedd3757bb,True,0.206948599349,0.208100013831,-0.00115141448244,0.0501070267663,0.0502028882585,-9.58614921816e-05,0.0702575137739,0.0531105282028,0.0171469855711,0.620613354646,0.477172754768,0.143440599878,1.71842015662,1.19542271765,0.522997438972,1.16035895724,1.12292802314,0.0374309341046,6.05296903031,-14.7920439923,20.8450130226,2.92168300817,-3.85160496777,6.77328797594,0.0238291167058,0.0144408419831,0.00938827472265,6.05296903031,14.7920439923,-8.73907496196,1.92168300817,4.85160496777,-2.92992195961,True,,,,,,,,,,,,paired_same_month_identical_orders
breach,later,monthly,2018-01,xgboost,DPB,all-mature seller pre-handoff and state-OD transit profiles,all_mature,promise_only,DP0,all_orders,7069,403,ee393306bea41ea6bceb8fcfabd7cbb43b7db39a083d42187f0a69ab3a3539a6,True,0.219586804412,0.220713443132,-0.00112663872049,0.053851525903,0.0539458226024,-9.42966993937e-05,0.0741066253936,0.0579271016991,0.0161795236945,0.612523907478,0.493400828917,0.119123078561,1.48652058712,1.33786852841,0.148652058712,1.14127775769,1.19089852977,-0.0496207720737,6.10919206914,-5.67757799403,11.7867700632,2.91102025468,-0.928964852352,3.83998510703,0.0238111055571,0.0167570765094,0.00705402904762,6.10919206914,5.67757799403,0.431614075102,1.91102025468,1.92896485235,-0.0179445976711,True,,,,,,,,,,,,paired_same_month_identical_orders
breach,later,monthly,2018-01,xgboost,DPB,all-mature seller pre-handoff and state-OD transit profiles,all_mature,selected_90d,DPB,all_orders,7069,403,ee393306bea41ea6bceb8fcfabd7cbb43b7db39a083d42187f0a69ab3a3539a6,True,0.219586804412,0.218902384478,0.000684419933735,0.053851525903,0.0537913581582,6.01677447265e-05,0.0741066253936,0.0923863549809,-0.0182797295874,0.612523907478,0.657978452932,-0.0454545454545,1.48652058712,1.88292607702,-0.396405489899,1.14127775769,1.8855893388,-0.744311581105,6.10919206914,8.77232105173,-2.66312898259,2.91102025468,3.78412242689,-0.873102172213,0.0238111055571,0.0249893733385,-0.00117826778142,6.10919206914,8.77232105173,-2.66312898259,1.91102025468,2.78412242689,-0.873102172213,False,,,,,,,,,,,,paired_same_month_identical_orders
breach,later,monthly,2018-01,xgboost,DPB,all-mature seller pre-handoff and state-OD transit profiles,all_mature,selected_90d,DPB,common_support_ge20,4261,221,c3306cb36b0882481e724b819e6b942b80d4fc0cb8fb1250c1c235be938e0805,True,0.203544960245,0.203040885587,0.000504074658082,0.0491422321623,0.0490984570686,4.37750936477e-05,0.0744810550285,0.0887368888277,-0.0142558337992,0.638759464182,0.675711213655,-0.0369517494736,2.07220789106,2.16230388633,-0.0900959952637,1.3094513972,1.89644685112,-0.586995453919,7.9133952503,8.49588013713,-0.582484886825,3.53936253626,3.72891118653,-0.189548650265,0.0241113714253,0.0240866422672,2.47291580801e-05,7.9133952503,8.49588013713,-0.582484886825,2.53936253626,2.72891118653,-0.189548650265,False,,,,,,,,,,,,paired_same_month_identical_orders
breach,later,monthly,2018-01,xgboost,DPG,all-mature state-OD transit profiles,all_mature,promise_only,DP0,all_mature_support_ge20,6848,387,a8259b83a598732e8d792ebb52388050b2b7ba388157abdcb364b62a3abc21eb,True,0.217985069254,0.219165552455,-0.00118048320102,0.0533907718261,0.0534913306343,-0.000100558808218,0.0802093928959,0.0575847759475,0.0226246169484,0.627732205197,0.494468900463,0.133263304734,2.11515658312,1.28972962385,0.825426959267,1.26578019201,1.18828344556,0.0774967464494,9.22409175966,-5.27893941966,14.5030311793,3.91602135755,-0.797174699157,4.7131960567,0.0228143251364,0.0163464685168,0.00646785661964,9.22409175966,5.27893941966,3.94515233999,2.91602135755,1.79717469916,1.11884665839,True,,,,,,,,,,,,paired_same_month_identical_orders
breach,later,monthly,2018-01,xgboost,DPG,all-mature state-OD transit profiles,all_mature,promise_only,DP0,all_orders,7069,403,ee393306bea41ea6bceb8fcfabd7cbb43b7db39a083d42187f0a69ab3a3539a6,True,0.219508931897,0.220713443132,-0.00120451123547,0.0538432431933,0.0539458226024,-0.000102579409057,0.0806730205364,0.0579271016991,0.0227459188373,0.627514798626,0.493400828917,0.13411396971,2.03157813573,1.33786852841,0.693709607324,1.26532968788,1.19089852977,0.0744311581105,9.45563005176,-5.67757799403,15.1332080458,3.98862462813,-0.928964852352,4.91758948048,0.0237477207281,0.0167570765094,0.00699064421866,9.45563005176,5.67757799403,3.77805205772,2.98862462813,1.92896485235,1.05965977578,True,,,,,,,,,,,,paired_same_month_identical_orders
breach,later,monthly,2018-01,xgboost,DPG,all-mature state-OD transit profiles,all_mature,selected_90d,DPG,all_orders,7069,403,ee393306bea41ea6bceb8fcfabd7cbb43b7db39a083d42187f0a69ab3a3539a6,True,0.219508931897,0.219296082978,0.000212848918881,0.0538432431933,0.0538293462464,1.38969468977e-05,0.0806730205364,0.100432641509,-0.0197596209721,0.627514798626,0.659222497932,-0.0317076993059,2.03157813573,2.57663568434,-0.545057548611,1.26532968788,2.40660744557,-1.14127775769,9.45563005176,8.12198126913,1.33364878263,3.98862462813,3.54877779432,0.439846833812,0.0237477207281,0.0242568121817,-0.000509091453604,9.45563005176,8.12198126913,1.33364878263,2.98862462813,2.54877779432,0.439846833812,False,,,,,,,,,,,,paired_same_month_identical_orders
breach,later,monthly,2018-01,xgboost,DPG,all-mature state-OD transit profiles,all_mature,selected_90d,DPG,common_support_ge20,6683,376,d944e88f896a259a9f4bf390aab2dacfdedd809348671d0240178db2be712368,True,0.217200302941,0.217017768309,0.000182534632206,0.0531610099057,0.0531500318904,1.09780152772e-05,0.0802911405484,0.0984603847744,-0.0181692442259,0.628884994383,0.658878896802,-0.0299939024185,2.17531756113,2.49365671642,-0.318339155287,1.30182791082,2.36454457272,-1.0627166619,9.18386160247,7.78738620641,1.39647539607,3.90444114037,3.4432948162,0.461146324176,0.021990879879,0.0240465110773,-0.00205563119826,9.18386160247,7.78738620641,1.39647539607,2.90444114037,2.4432948162,0.461146324176,False,,,,,,,,,,,,paired_same_month_identical_orders
breach,later,monthly,2018-01,xgboost,DPS,all-mature seller pre-handoff profiles,all_mature,promise_only,DP0,all_mature_support_ge20,5136,274,514d7609b5720738435f4e4cb5b5fd9cd7bb326b10a62d9899a86c2bd4b85718,True,0.209200654308,0.209478103354,-0.000277449045792,0.0505867530531,0.0506101750834,-2.3422030284e-05,0.0571463242881,0.0537418344264,0.00340448986164,0.518691430939,0.47848013944,0.0402112914994,0.948166661933,1.16697435315,-0.218807691215,1.09403845608,1.13050640461,-0.0364679485359,0.246660886296,-14.0407249804,14.2873858667,1.01389724205,-3.61098937251,4.62488661456,0.0101540304881,0.0144508160974,-0.00429678560927,0.246660886296,14.0407249804,-13.7940640941,0.013897242051,4.61098937251,-4.59709213046,True,,,,,,,,,,,,paired_same_month_identical_orders
breach,later,monthly,2018-01,xgboost,DPS,all-mature seller pre-handoff profiles,all_mature,promise_only,DP0,all_orders,7069,403,ee393306bea41ea6bceb8fcfabd7cbb43b7db39a083d42187f0a69ab3a3539a6,True,0.220486196093,0.220713443132,-0.000227247038818,0.0539264747094,0.0539458226024,-1.93478929951e-05,0.0618014155139,0.0579271016991,0.00387431381479,0.524168235682,0.493400828917,0.0307674067655,0.743260293561,1.33786852841,-0.594608234849,1.24051930184,1.19089852977,0.0496207720737,1.30724092343,-5.67757799403,6.98481891746,1.33433157814,-0.928964852352,2.2632964305,0.0131837607309,0.0167570765094,-0.00357331577853,1.30724092343,5.67757799403,-4.37033707061,0.334331578144,1.92896485235,-1.59463327421,True,,,,,,,,,,,,paired_same_month_identical_orders
breach,later,monthly,2018-01,xgboost,DPS,all-mature seller pre-handoff profiles,all_mature,selected_90d,DPS,all_orders,7069,403,ee393306bea41ea6bceb8fcfabd7cbb43b7db39a083d42187f0a69ab3a3539a6,True,0.220486196093,0.220214673442,0.000271522650741,0.0539264747094,0.053902087899,2.43868103636e-05,0.0618014155139,0.0652123099744,-0.00341089446048,0.524168235682,0.537126293274,-0.0129580575924,0.743260293561,1.09011509722,-0.346854803662,1.24051930184,1.2157089158,0.0248103860368,1.30724092343,6.56753818453,-5.2602972611,1.33433157814,3.04438079226,-1.71004921412,0.0131837607309,0.0155631147867,-0.00237935405577,1.30724092343,6.56753818453,-5.2602972611,0.334331578144,2.04438079226,-1.71004921412,False,,,,,,,,,,,,paired_same_month_identical_orders
breach,later,monthly,2018-01,xgboost,DPS,all-mature seller pre-handoff profiles,all_mature,selected_90d,DPS,common_support_ge20,4397,230,bdab3308f786b6e9296647bb1f40f6387f1c09625e6c7d4c713f58d2215418ca,True,0.205943786054,0.20578265971,0.000161126343512,0.0496335095864,0.0496188976413,1.46119451629e-05,0.0567763640317,0.0585580026899,-0.00178163865821,0.527837251281,0.536526643086,-0.00868939180518,0.782075098814,0.868972332016,-0.0868972332016,0.999318181818,1.17311264822,-0.173794466403,1.25853194769,5.50928942729,-4.25075747961,1.35024830941,2.72820410907,-1.37795579966,0.0115528062057,0.0157297647937,-0.00417695858801,1.25853194769,5.50928942729,-4.25075747961,0.350248309409,1.72820410907,-1.37795579966,False,,,,,,,,,,,,paired_same_month_identical_orders
breach,later,monthly,2018-02,logistic_l2,DPB,all-mature seller pre-handoff and state-OD transit profiles,all_mature,promise_only,DP0,all_mature_support_ge20,4818,681,a516f6501878f188b567e846792c70eaa692be4628771c057f2e7d8aee6db160,True,0.389254155454,0.464464884488,-0.0752107290341,0.116673674064,0.12941791159,-0.0127442375258,0.336873681087,0.135602866254,0.201270814833,0.740089880478,0.510272789841,0.229817090637,3.4053411812,0.440345842397,2.9649953388,2.84756978083,0.322920284424,2.52464949641,1.43233137664,1.34501103128,0.0873203453585,1.28860723443,1.08118427395,0.207422960482,0.0669124550372,0.0916470845015,-0.0247346294642,1.43233137664,1.34501103128,0.0873203453585,0.288607234429,0.0811842739472,0.207422960482,True,,,,,,,,,,,,paired_same_month_identical_orders
breach,later,monthly,2018-02,logistic_l2,DPB,all-mature seller pre-handoff and state-OD transit profiles,all_mature,promise_only,DP0,all_orders,6555,926,02786257f3541e7684cbb92ee3533cd5479cfac0aa39a1f4199a4465c8ee2f98,True,0.396685287711,0.464326163188,-0.0676408754776,0.117764544384,0.129356222676,-0.0115916782913,0.314702111939,0.135206591892,0.179495520047,0.722406375193,0.513177766173,0.20922860902,3.12936245588,0.38847258073,2.74088987515,2.80563530527,0.312936245588,2.49269905968,1.1494234554,1.48242670492,-0.333003249513,1.15259118395,1.12816028358,0.0244309003691,0.0686498681702,0.0919092581352,-0.0232593899651,1.1494234554,1.48242670492,-0.333003249513,0.152591183949,0.128160283579,0.0244309003691,True,,,,,,,,,,,,paired_same_month_identical_orders
breach,later,monthly,2018-02,logistic_l2,DPB,all-mature seller pre-handoff and state-OD transit profiles,all_mature,selected_90d,DPB,all_orders,6555,926,02786257f3541e7684cbb92ee3533cd5479cfac0aa39a1f4199a4465c8ee2f98,True,0.396685287711,0.388878088831,0.00780719888011,0.117764544384,0.116050072054,0.00171447233094,0.314702111939,0.322708388906,-0.00800627696645,0.722406375193,0.722785275419,-0.000378900226266,3.12936245588,3.10778064584,0.0215818100406,2.80563530527,2.98908069062,-0.183445385345,1.1494234554,1.0912565237,0.0581669317001,1.15259118395,1.18702054662,-0.0344293626682,0.0686498681702,0.0606029432055,0.00804692496468,1.1494234554,1.0912565237,0.0581669317001,0.152591183949,0.187020546617,-0.0344293626682,False,,,,,,,,,,,,paired_same_month_identical_orders
breach,later,monthly,2018-02,logistic_l2,DPB,all-mature seller pre-handoff and state-OD transit profiles,all_mature,selected_90d,DPB,common_support_ge20,4040,570,3858c91009e3a27f225a1c33d38f1f744476d0469eac2c1f571e7bf5cc29257f,True,0.388902582646,0.385340931202,0.00356165144487,0.116462519495,0.115417242604,0.001045276891,0.327781379807,0.338244930309,-0.0104635505027,0.733661459123,0.730662318621,0.00299914050255,3.43859649123,3.08771929825,0.350877192982,2.75438596491,2.98245614035,-0.228070175439,1.34650180938,1.31476203295,0.0317397764286,1.27080464572,1.29372483634,-0.0229201906222,0.064422492625,0.0597119046378,0.00471058798726,1.34650180938,1.31476203295,0.0317397764286,0.270804645722,0.293724836345,-0.0229201906222,False,,,,,,,,,,,,paired_same_month_identical_orders
breach,later,monthly,2018-02,logistic_l2,DPG,all-mature state-OD transit profiles,all_mature,promise_only,DP0,all_mature_support_ge20,6366,901,3bad9ee7862b18302c1646d36cdcf89ab811acf7a5cc94edf31997d08475b0ce,True,0.400933134639,0.465033284708,-0.0641001500695,0.119221337445,0.129588865208,-0.0103675277638,0.323963520537,0.135085443128,0.188878077409,0.719538522309,0.511954390415,0.207584131894,3.36662503175,0.376530431182,2.99009460057,2.93932957799,0.310570672391,2.62875890559,1.67227690577,1.34831951449,0.323957391278,1.35761673378,1.08170951319,0.275907220591,0.0708690224185,0.0921838361158,-0.0213148136973,1.67227690577,1.34831951449,0.323957391278,0.357616733779,0.0817095131881,0.275907220591,True,,,,,,,,,,,,paired_same_month_identical_orders
breach,later,monthly,2018-02,logistic_l2,DPG,all-mature state-OD transit profiles,all_mature,promise_only,DP0,all_orders,6555,926,02786257f3541e7684cbb92ee3533cd5479cfac0aa39a1f4199a4465c8ee2f98,True,0.401266539097,0.464326163188,-0.0630596240908,0.119183010464,0.129356222676,-0.0101732122118,0.316628171885,0.135206591892,0.181421579992,0.717888061938,0.513177766173,0.204710295765,3.32359874625,0.38847258073,2.93512616552,2.90275345046,0.312936245588,2.58981720487,1.59038053441,1.48242670492,0.107953829495,1.32183120363,1.12816028358,0.193670920046,0.0708705227981,0.0919092581352,-0.0210387353371,1.59038053441,1.48242670492,0.107953829495,0.321831203626,0.128160283579,0.193670920046,True,,,,,,,,,,,,paired_same_month_identical_orders
breach,later,monthly,2018-02,logistic_l2,DPG,all-mature state-OD transit profiles,all_mature,selected_90d,DPG,all_orders,6555,926,02786257f3541e7684cbb92ee3533cd5479cfac0aa39a1f4199a4465c8ee2f98,True,0.401266539097,0.396694156116,0.00457238298153,0.119183010464,0.11830056954,0.000882440923632,0.316628171885,0.330222270812,-0.0135940989277,0.717888061938,0.721760901871,-0.00387283993298,3.32359874625,3.47467141653,-0.151072670284,2.90275345046,3.09698974082,-0.194236290365,1.59038053441,1.748272296,-0.157891761584,1.32183120363,1.4194731159,-0.097641912273,0.0708705227981,0.0696934227895,0.00117710000866,1.59038053441,1.748272296,-0.157891761584,0.321831203626,0.419473115899,-0.097641912273,False,,,,,,,,,,,,paired_same_month_identical_orders
breach,later,monthly,2018-02,logistic_l2,DPG,all-mature state-OD transit profiles,all_mature,selected_90d,DPG,common_support_ge20,6201,881,debdb48a4fdf964ddd4605915b497df4220e9ac3eafcd08683fc0f9f3613306e,True,0.401755537241,0.397069585335,0.00468595190592,0.119583110984,0.118629853142,0.000953257841599,0.324998177003,0.345185925573,-0.0201877485701,0.719869658539,0.724522820957,-0.00465316241796,3.34955527736,3.57587657989,-0.226321302525,2.95824902532,3.13959762457,-0.181348599253,1.6825472481,1.8924168685,-0.209869620408,1.36234702482,1.48054835243,-0.118201327618,0.0711243455361,0.0710827062942,4.16392418936e-05,1.6825472481,1.8924168685,-0.209869620408,0.362347024816,0.480548352434,-0.118201327618,False,,,,,,,,,,,,paired_same_month_identical_orders
breach,later,monthly,2018-02,logistic_l2,DPS,all-mature seller pre-handoff profiles,all_mature,promise_only,DP0,all_mature_support_ge20,4935,695,f0172f62a72c1803190532e50eef514c467eceb5aa016eeabfc0fa8df6ca7d98,True,0.45497751091,0.463015776332,-0.00803826542234,0.127823929255,0.128961409253,-0.00113747999839,0.171775430661,0.13555823168,0.0362171989817,0.558363309353,0.512029998643,0.0463333107099,1.52363615181,0.431217778813,1.09241837299,1.36552296624,0.31622637113,1.04929659511,0.427435067026,1.49933365163,-1.07189858461,0.782072867084,1.13537168057,-0.353298813485,0.0859532927132,0.0913876302841,-0.00543433757096,0.427435067026,1.49933365163,-1.07189858461,0.217927132916,0.135371680569,0.0825554523473,True,,,,,,,,,,,,paired_same_month_identical_orders
breach,later,monthly,2018-02,logistic_l2,DPS,all-mature seller pre-handoff profiles,all_mature,promise_only,DP0,all_orders,6555,926,02786257f3541e7684cbb92ee3533cd5479cfac0aa39a1f4199a4465c8ee2f98,True,0.459537780479,0.464326163188,-0.00478838270902,0.12853295566,0.129356222676,-0.000823267015967,0.167224679159,0.135206591892,0.0320180872662,0.546466021571,0.513177766173,0.0332882553976,1.46756308276,0.38847258073,1.07909050203,1.27332679239,0.312936245588,0.960390546805,-0.0196985310064,1.48242670492,-1.50212523592,0.618594770991,1.12816028358,-0.509565512588,0.0874744336307,0.0919092581352,-0.00443482450456,0.0196985310064,1.48242670492,-1.46272817391,0.381405229009,0.128160283579,0.253244945429,True,,,,,,,,,,,,paired_same_month_identical_orders
breach,later,monthly,2018-02,logistic_l2,DPS,all-mature seller pre-handoff profiles,all_mature,selected_90d,DPS,all_orders,6555,926,02786257f3541e7684cbb92ee3533cd5479cfac0aa39a1f4199a4465c8ee2f98,True,0.459537780479,0.457869826247,0.0016679542326,0.12853295566,0.128378198938,0.000154756722194,0.167224679159,0.163693607269,0.00353107188981,0.546466021571,0.540762374114,0.00570364745665,1.46756308276,1.4891448928,-0.0215818100406,1.27332679239,1.21937226729,0.0539545251014,-0.0196985310064,-0.205949198873,0.186250667867,0.618594770991,0.55895477593,0.059639995061,0.0874744336307,0.0861076378877,0.001366795743,0.0196985310064,0.205949198873,-0.186250667867,0.381405229009,0.44104522407,-0.059639995061,False,,,,,,,,,,,,paired_same_month_identical_orders
breach,later,monthly,2018-02,logistic_l2,DPS,all-mature seller pre-handoff profiles,all_mature,selected_90d,DPS,common_support_ge20,4233,595,4ac72d2104af843715be222f9b9df77dd51a0878970629cb35c014a8e47dea6f,True,0.452408296746,0.455604003012,-0.0031957062664,0.127418315923,0.127784767924,-0.000366452001254,0.170418986473,0.166013881974,0.00440510449909,0.559704057544,0.544334083276,0.0153699742679,1.54366576819,1.30876010782,0.234905660377,1.35909703504,1.09063342318,0.26846361186,0.502623155068,-0.00751838997634,0.510141545044,0.815104054954,0.630624030062,0.184480024892,0.0846791551303,0.0855962546849,-0.000917099554528,0.502623155068,0.00751838997634,0.495104765091,0.184895945046,0.369375969938,-0.184480024892,True,,,,,,,,,,,,paired_same_month_identical_orders
breach,later,monthly,2018-02,xgboost,DPB,all-mature seller pre-handoff and state-OD transit profiles,all_mature,promise_only,DP0,all_mature_support_ge20,4818,681,a516f6501878f188b567e846792c70eaa692be4628771c057f2e7d8aee6db160,True,0.46160855876,0.463666365694,-0.00205780693419,0.129109378577,0.12934130022,-0.000231921643495,0.197843089979,0.168104507335,0.0297385826444,0.649624977416,0.582659371731,0.0669656056852,1.23296835871,1.46781947466,-0.234851115945,1.2916811377,1.39442850092,-0.102747363226,4.3906277476,64.2823026297,-59.8916748821,2.1329240066,22.7262072105,-20.5932832039,0.0916909855277,0.0924001143864,-0.000709128858752,4.3906277476,64.2823026297,-59.8916748821,1.1329240066,21.7262072105,-20.5932832039,True,,,,,,,,,,,,paired_same_month_identical_orders
breach,later,monthly,2018-02,xgboost,DPB,all-mature seller pre-handoff and state-OD transit profiles,all_mature,promise_only,DP0,all_orders,6555,926,02786257f3541e7684cbb92ee3533cd5479cfac0aa39a1f4199a4465c8ee2f98,True,0.461920848898,0.463476851871,-0.00155600297291,0.129097404202,0.129274614877,-0.000177210674945,0.190877158414,0.165408736013,0.0254684224017,0.635117163624,0.57748039599,0.0576367676338,1.20858136227,1.42439946268,-0.215818100406,1.19779045725,1.3812358426,-0.183445385345,3.76017982043,62.6604895015,-58.9003096811,1.91510880564,22.1688537524,-20.2537449468,0.0895005011484,0.0927568826094,-0.00325638146107,3.76017982043,62.6604895015,-58.9003096811,0.91510880564,21.1688537524,-20.2537449468,True,,,,,,,,,,,,paired_same_month_identical_orders
breach,later,monthly,2018-02,xgboost,DPB,all-mature seller pre-handoff and state-OD transit profiles,all_mature,selected_90d,DPB,all_orders,6555,926,02786257f3541e7684cbb92ee3533cd5479cfac0aa39a1f4199a4465c8ee2f98,True,0.461920848898,0.458020284022,0.00390056487692,0.129097404202,0.128682392203,0.000415011999291,0.190877158414,0.206864384891,-0.015987226477,0.635117163624,0.656788434008,-0.0216712703844,1.20858136227,0.669036111257,0.539545251014,1.19779045725,1.03592688195,0.161863575304,3.76017982043,-0.54437131669,4.30455113712,1.91510880564,0.442858116658,1.47225068898,0.0895005011484,0.0857509794409,0.0037495217075,3.76017982043,0.54437131669,3.21580850374,0.91510880564,0.557141883342,0.357966922298,False,,,,,,,,,,,,paired_same_month_identical_orders
breach,later,monthly,2018-02,xgboost,DPB,all-mature seller pre-handoff and state-OD transit profiles,all_mature,selected_90d,DPB,common_support_ge20,4040,570,3858c91009e3a27f225a1c33d38f1f744476d0469eac2c1f571e7bf5cc29257f,True,0.46108391676,0.458181532344,0.00290238441552,0.128900928943,0.128615225726,0.000285703216878,0.196860198211,0.203315237852,-0.00645503964159,0.646265483594,0.654499974721,-0.00823449112695,1.12280701754,0.59649122807,0.526315789474,1.21052631579,0.929824561404,0.280701754386,3.8882992924,-1.07119122666,4.95949051905,1.96002394374,0.258320405781,1.70170353795,0.0903930316928,0.0853446618884,0.00504836980437,3.8882992924,1.07119122666,2.81710806574,0.960023943735,0.741679594219,0.218344349517,False,,,,,,,,,,,,paired_same_month_identical_orders
breach,later,monthly,2018-02,xgboost,DPG,all-mature state-OD transit profiles,all_mature,promise_only,DP0,all_mature_support_ge20,6366,901,3bad9ee7862b18302c1646d36cdcf89ab811acf7a5cc94edf31997d08475b0ce,True,0.462775344685,0.464236036864,-0.00146069217924,0.129357571025,0.129512282172,-0.00015471114656,0.207374550444,0.165949555793,0.0414249946509,0.648782536025,0.578340016633,0.0704425193924,1.50612172473,1.43967517805,0.0664465466792,1.64158783978,1.38647621603,0.25511162375,13.8377843892,65.1114133977,-51.2736290084,5.3639753899,23.0119769857,-17.6480015958,0.091003140348,0.0931382173508,-0.0021350770028,13.8377843892,65.1114133977,-51.2736290084,4.3639753899,22.0119769857,-17.6480015958,True,,,,,,,,,,,,paired_same_month_identical_orders
breach,later,monthly,2018-02,xgboost,DPG,all-mature state-OD transit profiles,all_mature,promise_only,DP0,all_orders,6555,926,02786257f3541e7684cbb92ee3533cd5479cfac0aa39a1f4199a4465c8ee2f98,True,0.462007999933,0.463476851871,-0.00146885193785,0.129119382646,0.129274614877,-0.000155232231267,0.205284506496,0.165408736013,0.0398757704829,0.646780384057,0.57748039599,0.069299988067,1.4891448928,1.42439946268,0.0647454301217,1.61863575304,1.3812358426,0.237399910446,13.7748262551,62.6604895015,-48.8856632464,5.34438543892,22.1688537524,-16.8244683135,0.0901753992251,0.0927568826094,-0.00258148338429,13.7748262551,62.6604895015,-48.8856632464,4.34438543892,21.1688537524,-16.8244683135,True,,,,,,,,,,,,paired_same_month_identical_orders
breach,later,monthly,2018-02,xgboost,DPG,all-mature state-OD transit profiles,all_mature,selected_90d,DPG,all_orders,6555,926,02786257f3541e7684cbb92ee3533cd5479cfac0aa39a1f4199a4465c8ee2f98,True,0.462007999933,0.460562722662,0.0014452772718,0.129119382646,0.128957047135,0.000162335510346,0.205284506496,0.186054471257,0.0192300352385,0.646780384057,0.61631738141,0.0304630026471,1.4891448928,0.690617921298,0.798526971501,1.61863575304,1.03592688195,0.582708871095,13.7748262551,1.54969779075,12.2251284644,5.34438543892,1.16202603361,4.18235940531,0.0901753992251,0.0901830080462,-7.60882106027e-06,13.7748262551,1.54969779075,12.2251284644,4.34438543892,0.162026033613,4.18235940531,False,,,,,,,,,,,,paired_same_month_identical_orders
breach,later,monthly,2018-02,xgboost,DPG,all-mature state-OD transit profiles,all_mature,selected_90d,DPG,common_support_ge20,6201,881,debdb48a4fdf964ddd4605915b497df4220e9ac3eafcd08683fc0f9f3613306e,True,0.464422462774,0.462834707157,0.00158775561705,0.129849739509,0.129672123466,0.000177616042408,0.209620558115,0.1885554669,0.0210650912156,0.651485517141,0.619968550775,0.031516966366,1.49372059666,0.701596037826,0.792124558836,1.700143118,0.986083008439,0.714060109559,13.9306257407,1.53897153773,12.391654203,5.39189486844,1.15592995836,4.23596491008,0.092944331025,0.0927138590038,0.000230472021226,13.9306257407,1.53897153773,12.391654203,4.39189486844,0.15592995836,4.23596491008,False,,,,,,,,,,,,paired_same_month_identical_orders
breach,later,monthly,2018-02,xgboost,DPS,all-mature seller pre-handoff profiles,all_mature,promise_only,DP0,all_mature_support_ge20,4935,695,f0172f62a72c1803190532e50eef514c467eceb5aa016eeabfc0fa8df6ca7d98,True,0.461894302644,0.462192745211,-0.000298442566682,0.128847432413,0.128882422982,-3.49905694394e-05,0.162827199093,0.167438235127,-0.00461103603359,0.555470340709,0.581987240396,-0.0265168996878,1.17866192876,1.43739259604,-0.258730667288,1.36552296624,1.3798968922,-0.0143739259604,6.8568186533,61.7151407941,-54.8583221407,2.98374738097,21.8440809702,-18.8603335892,0.088933058314,0.0912412359397,-0.00230817762569,6.8568186533,61.7151407941,-54.8583221407,1.98374738097,20.8440809702,-18.8603335892,True,,,,,,,,,,,,paired_same_month_identical_orders
breach,later,monthly,2018-02,xgboost,DPS,all-mature seller pre-handoff profiles,all_mature,promise_only,DP0,all_orders,6555,926,02786257f3541e7684cbb92ee3533cd5479cfac0aa39a1f4199a4465c8ee2f98,True,0.463301183072,0.463476851871,-0.000175668799351,0.129252314398,0.129274614877,-2.23004791106e-05,0.161751997912,0.165408736013,-0.00365673810101,0.549642740252,0.57748039599,-0.0278376557376,1.31649041247,1.42439946268,-0.107909050203,1.37044493758,1.3812358426,-0.0107909050203,7.4576379718,62.6604895015,-55.2028515298,3.1881249282,22.1688537524,-18.9807288242,0.0894223665624,0.0927568826094,-0.00333451604705,7.4576379718,62.6604895015,-55.2028515298,2.1881249282,21.1688537524,-18.9807288242,True,,,,,,,,,,,,paired_same_month_identical_orders
breach,later,monthly,2018-02,xgboost,DPS,all-mature seller pre-handoff profiles,all_mature,selected_90d,DPS,all_orders,6555,926,02786257f3541e7684cbb92ee3533cd5479cfac0aa39a1f4199a4465c8ee2f98,True,0.463301183072,0.463266020772,3.51622997631e-05,0.129252314398,0.12924650125,5.81314748321e-06,0.161751997912,0.156522583646,0.00522941426605,0.549642740252,0.538204078156,0.0114386620966,1.31649041247,1.18699955223,0.129490860243,1.37044493758,1.14383593215,0.226609005426,7.4576379718,7.10406798481,0.353569986982,3.1881249282,3.06674775246,0.121377175746,0.0894223665624,0.0894069512941,1.54152683061e-05,7.4576379718,7.10406798481,0.353569986982,2.1881249282,2.06674775246,0.121377175746,False,,,,,,,,,,,,paired_same_month_identical_orders
breach,later,monthly,2018-02,xgboost,DPS,all-mature seller pre-handoff profiles,all_mature,selected_90d,DPS,common_support_ge20,4233,595,4ac72d2104af843715be222f9b9df77dd51a0878970629cb35c014a8e47dea6f,True,0.460945250129,0.461467033488,-0.000521783358996,0.128589820882,0.128641014771,-5.11938889471e-05,0.160874042523,0.156186796478,0.00468724604566,0.552558428539,0.546837536554,0.00572089198516,1.04029649596,1.10741239892,-0.067115902965,1.29198113208,1.0570754717,0.234905660377,5.77470735077,6.74069896631,-0.965991615542,2.61404064993,2.94114281585,-0.32710216592,0.0885391152943,0.0888217524673,-0.000282637172983,5.77470735077,6.74069896631,-0.965991615542,1.61404064993,1.94114281585,-0.32710216592,True,,,,,,,,,,,,paired_same_month_identical_orders
breach,later,monthly,2018-03,logistic_l2,DPB,all-mature seller pre-handoff and state-OD transit profiles,all_mature,promise_only,DP0,all_mature_support_ge20,5255,1001,152afb018ca73175460b9179518e0c0295eff28da68e2c4f0cd6733825555276,True,0.495083556155,0.605400628659,-0.110317072504,0.154473714918,0.173275374781,-0.0188016598627,0.366216470997,0.157590293122,0.208626177874,0.714431079029,0.442440258378,0.271990820651,2.5550115284,0.359298496181,2.19571303221,2.37536228031,0.289434899701,2.0859273806,1.43711415685,-10.1377689179,11.5748830748,1.22493623044,-3.00618025577,4.23111648621,0.102150246073,0.13787116228,-0.0357209162067,1.43711415685,10.1377689179,-8.70065476107,0.224936230443,4.00618025577,-3.78124402532,True,,,,,,,,,,,,paired_same_month_identical_orders
breach,later,monthly,2018-03,logistic_l2,DPB,all-mature seller pre-handoff and state-OD transit profiles,all_mature,promise_only,DP0,all_orders,7003,1328,184fab6850ceddcb6640c6d7c40a99ad76b6567a0af96fd41049a0eaafe65828,True,0.496217236465,0.602846862778,-0.106629626313,0.154272587593,0.172504235705,-0.0182316481121,0.35869198439,0.159613595047,0.199078389343,0.712502653787,0.454231994056,0.258270659731,2.40380324718,0.345546716782,2.0582565304,2.33952894316,0.315949246343,2.02357969682,1.32591674795,-7.5154405307,8.84135727864,1.16895539167,-2.09677601469,3.26573140636,0.102402865551,0.136962089728,-0.0345592241771,1.32591674795,7.5154405307,-6.18952378275,0.168955391674,3.09677601469,-2.92782062302,True,,,,,,,,,,,,paired_same_month_identical_orders
breach,later,monthly,2018-03,logistic_l2,DPB,all-mature seller pre-handoff and state-OD transit profiles,all_mature,selected_90d,DPB,all_orders,7003,1328,184fab6850ceddcb6640c6d7c40a99ad76b6567a0af96fd41049a0eaafe65828,True,0.496217236465,0.493713225822,0.00250401064275,0.154272587593,0.154001007496,0.000271580096378,0.35869198439,0.362117653461,-0.00342566907138,0.712502653787,0.712333607558,0.000169046228969,2.40380324718,2.56906472042,-0.165261473243,2.33952894316,2.36209674647,-0.0225678033102,1.32591674795,1.44061490281,-0.114698154864,1.16895539167,1.24274486627,-0.0737894745935,0.102402865551,0.0994453559667,0.00295750958433,1.32591674795,1.44061490281,-0.114698154864,0.168955391674,0.242744866267,-0.0737894745935,False,,,,,,,,,,,,paired_same_month_identical_orders
breach,later,monthly,2018-03,logistic_l2,DPB,all-mature seller pre-handoff and state-OD transit profiles,all_mature,selected_90d,DPB,common_support_ge20,4314,832,a51d8daf3a6cb588adf047ca40cc702a848e822cc66ecccad2616dc719c8289a,True,0.49962722217,0.501937158387,-0.0023099362177,0.15612003135,0.156813577606,-0.000693546256445,0.369967688167,0.380644801256,-0.0106771130883,0.710489799187,0.71216289544,-0.00167309625326,2.56854300214,2.80859375,-0.240050747863,2.32849225427,2.43651509081,-0.108022836538,1.43804486185,1.70741642191,-0.269371560061,1.23135664688,1.34534124623,-0.113984599353,0.10271474826,0.104010241693,-0.00129549343274,1.43804486185,1.70741642191,-0.269371560061,0.231356646881,0.345341246234,-0.113984599353,True,,,,,,,,,,,,paired_same_month_identical_orders
breach,later,monthly,2018-03,logistic_l2,DPG,all-mature state-OD transit profiles,all_mature,promise_only,DP0,all_mature_support_ge20,6811,1283,a47774f9289c7e7ab116cd7fa0db792f6203c9b45191dc9f9c930e7ca0516bb3,True,0.5020162794,0.599168744324,-0.0971524649244,0.155704787051,0.17137244069,-0.0156676536385,0.3580951667,0.157460289448,0.200634877252,0.712518315318,0.449739045494,0.262779269824,2.59983817254,0.342493651472,2.25734452107,2.36631977381,0.319141811599,2.04717796221,1.81602390926,-8.5983477627,10.414371672,1.35145608137,-2.46907251013,3.82052859151,0.106870882232,0.135654815044,-0.0287839328124,1.81602390926,8.5983477627,-6.78232385344,0.351456081374,3.46907251013,-3.11761642876,True,,,,,,,,,,,,paired_same_month_identical_orders
breach,later,monthly,2018-03,logistic_l2,DPG,all-mature state-OD transit profiles,all_mature,promise_only,DP0,all_orders,7003,1328,184fab6850ceddcb6640c6d7c40a99ad76b6567a0af96fd41049a0eaafe65828,True,0.504979703119,0.602846862778,-0.0978671596588,0.15662544575,0.172504235705,-0.0158787899549,0.359915673798,0.159613595047,0.200302078751,0.71223754047,0.454231994056,0.258005546415,2.55404095013,0.345546716782,2.20849423334,2.32448374096,0.315949246343,2.00853449461,1.76213906638,-7.5154405307,9.27757959708,1.32440731923,-2.09677601469,3.42118333392,0.108010014661,0.136962089728,-0.0289520750672,1.76213906638,7.5154405307,-5.75330146432,0.324407319233,3.09677601469,-2.77236869546,True,,,,,,,,,,,,paired_same_month_identical_orders
breach,later,monthly,2018-03,logistic_l2,DPG,all-mature state-OD transit profiles,all_mature,selected_90d,DPG,all_orders,7003,1328,184fab6850ceddcb6640c6d7c40a99ad76b6567a0af96fd41049a0eaafe65828,True,0.504979703119,0.505028071159,-4.83680401251e-05,0.15662544575,0.157001531732,-0.000376085981719,0.359915673798,0.375259682741,-0.0153440089429,0.71223754047,0.7163465315,-0.0041089910302,2.55404095013,2.82446881543,-0.270427865307,2.32448374096,2.4222775553,-0.0977938143444,1.76213906638,2.17314759364,-0.411008527261,1.32440731923,1.50696756407,-0.182560244838,0.108010014661,0.107736286282,0.000273728378481,1.76213906638,2.17314759364,-0.411008527261,0.324407319233,0.506967564071,-0.182560244838,True,,,,,,,,,,,,paired_same_month_identical_orders
breach,later,monthly,2018-03,logistic_l2,DPG,all-mature state-OD transit profiles,all_mature,selected_90d,DPG,common_support_ge20,6658,1256,e228da62144feb1362561964dc2758518495f0c492db6ad9bda07a346ba26585,True,0.502078415134,0.503239944613,-0.001161529479,0.155802895261,0.156379826804,-0.000576931542605,0.359858416701,0.388571298507,-0.0287128818065,0.713251255138,0.716364338992,-0.00311308385429,2.61068074444,2.94497523001,-0.334294485568,2.37189896903,2.44353350165,-0.0716345326218,1.83256928931,2.35531979142,-0.522750502104,1.35987910006,1.5849345187,-0.225055418639,0.10688475607,0.107341227431,-0.000456471361668,1.83256928931,2.35531979142,-0.522750502104,0.359879100057,0.584934518696,-0.225055418639,True,,,,,,,,,,,,paired_same_month_identical_orders
breach,later,monthly,2018-03,logistic_l2,DPS,all-mature seller pre-handoff profiles,all_mature,promise_only,DP0,all_mature_support_ge20,5381,1031,ea9455d468abe33bda724fd2a58a3268cbda8a0eb80fc70bc33354dc413e863c,True,0.597937893665,0.608637305503,-0.0106994118382,0.172835249604,0.174274342871,-0.00143909326775,0.202991739795,0.159709358741,0.0432823810545,0.521376857643,0.447346956977,0.0740299006656,1.00518015591,0.367277364659,0.637902791249,0.987678803115,0.290493765622,0.697185037493,-0.471911394463,-9.03467056961,8.56275917515,0.342758542288,-2.62655878626,2.96931732854,0.134434408088,0.138919295667,-0.00448488757888,0.471911394463,9.03467056961,-8.56275917515,0.657241457712,3.62655878626,-2.96931732854,True,,,,,,,,,,,,paired_same_month_identical_orders
breach,later,monthly,2018-03,logistic_l2,DPS,all-mature seller pre-handoff profiles,all_mature,promise_only,DP0,all_orders,7003,1328,184fab6850ceddcb6640c6d7c40a99ad76b6567a0af96fd41049a0eaafe65828,True,0.595066627619,0.602846862778,-0.00778023515852,0.171351141242,0.172504235705,-0.00115309446287,0.198862855761,0.159613595047,0.0392492607144,0.523756037365,0.454231994056,0.0695240433098,0.99156883946,0.345546716782,0.646022122679,1.00802854786,0.315949246343,0.692079301514,-0.520999086616,-7.5154405307,6.99444144408,0.32762069075,-2.09677601469,2.42439670544,0.133389528299,0.136962089728,-0.00357256142946,0.520999086616,7.5154405307,-6.99444144408,0.67237930925,3.09677601469,-2.42439670544,True,,,,,,,,,,,,paired_same_month_identical_orders
breach,later,monthly,2018-03,logistic_l2,DPS,all-mature seller pre-handoff profiles,all_mature,selected_90d,DPS,all_orders,7003,1328,184fab6850ceddcb6640c6d7c40a99ad76b6567a0af96fd41049a0eaafe65828,True,0.595066627619,0.594881367986,0.000185259633524,0.171351141242,0.17127988616,7.12550821629e-05,0.198862855761,0.198476323106,0.000386532655471,0.523756037365,0.513227933761,0.0105281036038,0.99156883946,1.29204424536,-0.300475405897,1.00802854786,1.0982997611,-0.090271213241,-0.520999086616,-0.791714249312,0.270715162696,0.32762069075,0.23297664555,0.0946440452001,0.133389528299,0.13283169181,0.00055783648857,0.520999086616,0.791714249312,-0.270715162696,0.67237930925,0.76702335445,-0.0946440452001,False,,,,,,,,,,,,paired_same_month_identical_orders
breach,later,monthly,2018-03,logistic_l2,DPS,all-mature seller pre-handoff profiles,all_mature,selected_90d,DPS,common_support_ge20,4479,869,31be360739eb9ee1ee28f4171fa3dc87946a8c434f4f877482923c25a6875d40,True,0.60330876705,0.608704525412,-0.00539575836154,0.174864365409,0.175378223709,-0.000513858299874,0.199365005762,0.205430503133,-0.00606549737054,0.51136817879,0.502204909646,0.00916326914433,0.966412543153,1.47262863719,-0.506216094033,0.920392898241,1.04694692175,-0.126554023508,-0.835722777714,-1.05190026618,0.216177488466,0.209669574534,0.130971151436,0.0786984230984,0.135936517954,0.13776774004,-0.00183122208523,0.835722777714,1.05190026618,-0.216177488466,0.790330425466,0.869028848564,-0.0786984230984,True,,,,,,,,,,,,paired_same_month_identical_orders
breach,later,monthly,2018-03,xgboost,DPB,all-mature seller pre-handoff and state-OD transit profiles,all_mature,promise_only,DP0,all_mature_support_ge20,5255,1001,152afb018ca73175460b9179518e0c0295eff28da68e2c4f0cd6733825555276,True,0.591500498862,0.60557770594,-0.0140772070788,0.17153306009,0.173296114754,-0.00176305466321,0.27788279135,0.234812238568,0.0430705527817,0.667498697823,0.608962264816,0.0585364330075,1.55696015012,1.31742781933,0.239532330787,1.29746679176,1.19766165394,0.099805137828,2.23036072218,27.7405759501,-25.510215228,1.29704725831,10.0567193506,-8.75967209231,0.134824588226,0.138508533886,-0.00368394565998,2.23036072218,27.7405759501,-25.510215228,0.297047258314,9.05671935062,-8.75967209231,True,,,,,,,,,,,,paired_same_month_identical_orders
breach,later,monthly,2018-03,xgboost,DPB,all-mature seller pre-handoff and state-OD transit profiles,all_mature,promise_only,DP0,all_orders,7003,1328,184fab6850ceddcb6640c6d7c40a99ad76b6567a0af96fd41049a0eaafe65828,True,0.59000958466,0.603095810265,-0.0130862256043,0.170904584867,0.172531908929,-0.00162732406121,0.273980015817,0.231780781518,0.0421992342995,0.663974974789,0.604352210605,0.0596227641845,1.54744834037,1.39721063742,0.150237702949,1.27884218758,1.22618397986,0.0526582077239,2.26635124583,26.1558272828,-23.8894760369,1.30986565006,9.51371214022,-8.20384649016,0.134204637181,0.137636860679,-0.00343222349807,2.26635124583,26.1558272828,-23.8894760369,0.30986565006,8.51371214022,-8.20384649016,True,,,,,,,,,,,,paired_same_month_identical_orders
breach,later,monthly,2018-03,xgboost,DPB,all-mature seller pre-handoff and state-OD transit profiles,all_mature,selected_90d,DPB,all_orders,7003,1328,184fab6850ceddcb6640c6d7c40a99ad76b6567a0af96fd41049a0eaafe65828,True,0.59000958466,0.597537168703,-0.00752758404288,0.170904584867,0.171966246803,-0.00106166193521,0.273980015817,0.302727681785,-0.0287476659675,0.663974974789,0.696212913327,-0.0322379385383,1.54744834037,1.68266227302,-0.135213932654,1.27884218758,1.71515305158,-0.436310863998,2.26635124583,44.8430165241,-42.5766652782,1.30986565006,16.07175373,-14.76188808,0.134204637181,0.136975588936,-0.00277095175533,2.26635124583,44.8430165241,-42.5766652782,0.30986565006,15.07175373,-14.76188808,True,,,,,,,,,,,,paired_same_month_identical_orders
breach,later,monthly,2018-03,xgboost,DPB,all-mature seller pre-handoff and state-OD transit profiles,all_mature,selected_90d,DPB,common_support_ge20,4314,832,a51d8daf3a6cb588adf047ca40cc702a848e822cc66ecccad2616dc719c8289a,True,0.597580291943,0.606722218862,-0.00914192691968,0.173548199966,0.174839333713,-0.00129113374661,0.28329231161,0.321676789415,-0.0383844778049,0.669659968299,0.70893009516,-0.0392701268612,1.7523704594,1.7523704594,0,1.2242588141,1.68035523504,-0.45609642094,2.17333177536,51.1679496881,-48.9946179127,1.27294178516,18.2510686014,-16.9781268162,0.137000170704,0.140344655807,-0.00334448510276,2.17333177536,51.1679496881,-48.9946179127,0.272941785156,17.2510686014,-16.9781268162,True,,,,,,,,,,,,paired_same_month_identical_orders
breach,later,monthly,2018-03,xgboost,DPG,all-mature state-OD transit profiles,all_mature,promise_only,DP0,all_mature_support_ge20,6811,1283,a47774f9289c7e7ab116cd7fa0db792f6203c9b45191dc9f9c930e7ca0516bb3,True,0.587121312682,0.599461691738,-0.0123403790561,0.16991334042,0.171404504931,-0.00149116451134,0.272747251514,0.229748386407,0.0429988651063,0.661793767547,0.603590605976,0.0582031615707,1.72803615061,1.36997460589,0.358061544721,1.30770303289,1.20651172678,0.101191306117,3.24174105411,25.5841119129,-22.3423708588,1.65217476738,9.31931355157,-7.66713878419,0.133508763325,0.136377907297,-0.00286914397213,3.24174105411,25.5841119129,-22.3423708588,0.65217476738,8.31931355157,-7.66713878419,True,,,,,,,,,,,,paired_same_month_identical_orders
breach,later,monthly,2018-03,xgboost,DPG,all-mature state-OD transit profiles,all_mature,promise_only,DP0,all_orders,7003,1328,184fab6850ceddcb6640c6d7c40a99ad76b6567a0af96fd41049a0eaafe65828,True,0.590889344498,0.603095810265,-0.0122064657667,0.171060888101,0.172531908929,-0.00147102082753,0.27397617526,0.231780781518,0.0421953937428,0.661883525291,0.604352210605,0.0575313146861,1.71270981361,1.39721063742,0.315499176192,1.28636478868,1.22618397986,0.0601808088273,3.26645678342,26.1558272828,-22.8893704993,1.65759106262,9.51371214022,-7.8561210776,0.134800706382,0.137636860679,-0.00283615429693,3.26645678342,26.1558272828,-22.8893704993,0.657591062618,8.51371214022,-7.8561210776,True,,,,,,,,,,,,paired_same_month_identical_orders
breach,later,monthly,2018-03,xgboost,DPG,all-mature state-OD transit profiles,all_mature,selected_90d,DPG,all_orders,7003,1328,184fab6850ceddcb6640c6d7c40a99ad76b6567a0af96fd41049a0eaafe65828,True,0.590889344498,0.598422839017,-0.00753349451932,0.171060888101,0.172053113302,-0.000992225200713,0.27397617526,0.298666608285,-0.0246904330247,0.661883525291,0.679592311979,-0.0177087866886,1.71270981361,1.65261473243,0.0600950811794,1.28636478868,1.66249484385,-0.376130055171,3.26645678342,36.1028548645,-32.836398081,1.65759106262,13.0055792711,-11.3479882085,0.134800706382,0.13737400315,-0.00257329676768,3.26645678342,36.1028548645,-32.836398081,0.657591062618,12.0055792711,-11.3479882085,True,,,,,,,,,,,,paired_same_month_identical_orders
breach,later,monthly,2018-03,xgboost,DPG,all-mature state-OD transit profiles,all_mature,selected_90d,DPG,common_support_ge20,6658,1256,e228da62144feb1362561964dc2758518495f0c492db6ad9bda07a346ba26585,True,0.58776889995,0.595649971508,-0.00788107155746,0.170138010065,0.171177329152,-0.00103931908696,0.273516949926,0.300199859272,-0.0266829093455,0.662300557472,0.681499185251,-0.0191986277788,1.75106635298,1.67147242784,0.0795939251353,1.28942158719,1.6475942503,-0.358172663109,3.20339524522,35.9089560189,-32.7055607736,1.63840017427,12.9351860269,-11.2967858527,0.133747077148,0.136458580939,-0.00271150379141,3.20339524522,35.9089560189,-32.7055607736,0.638400174268,11.9351860269,-11.2967858527,True,,,,,,,,,,,,paired_same_month_identical_orders
breach,later,monthly,2018-03,xgboost,DPS,all-mature seller pre-handoff profiles,all_mature,promise_only,DP0,all_mature_support_ge20,5381,1031,ea9455d468abe33bda724fd2a58a3268cbda8a0eb80fc70bc33354dc413e863c,True,0.608335229492,0.608785947593,-0.000450718100556,0.174244408021,0.174292224451,-4.78164296459e-05,0.213912886212,0.236562039465,-0.022649153253,0.563948181099,0.609580476493,-0.0456322953945,0.927858605453,1.37245752057,-0.444598915113,1.01672817968,1.23944006665,-0.222711886977,7.478817159,28.5161117187,-21.0372945597,3.0786705583,10.3217380218,-7.24306746348,0.13932005608,0.139620405508,-0.000300349428458,7.478817159,28.5161117187,-21.0372945597,2.0786705583,9.32173802177,-7.24306746348,True,,,,,,,,,,,,paired_same_month_identical_orders
breach,later,monthly,2018-03,xgboost,DPS,all-mature seller pre-handoff profiles,all_mature,promise_only,DP0,all_orders,7003,1328,184fab6850ceddcb6640c6d7c40a99ad76b6567a0af96fd41049a0eaafe65828,True,0.602726442224,0.603095810265,-0.000369368041058,0.17249205032,0.172531908929,-3.98586085257e-05,0.210881892199,0.231780781518,-0.0208988893189,0.559276378642,0.604352210605,-0.0450758319622,1.02161638005,1.39721063742,-0.375594257371,1.04564155337,1.22618397986,-0.180542426482,8.43268464329,26.1558272828,-17.7231426395,3.41162436802,9.51371214022,-6.1020877722,0.137386186913,0.137636860679,-0.000250673766533,8.43268464329,26.1558272828,-17.7231426395,2.41162436802,8.51371214022,-6.1020877722,True,,,,,,,,,,,,paired_same_month_identical_orders
breach,later,monthly,2018-03,xgboost,DPS,all-mature seller pre-handoff profiles,all_mature,selected_90d,DPS,all_orders,7003,1328,184fab6850ceddcb6640c6d7c40a99ad76b6567a0af96fd41049a0eaafe65828,True,0.602726442224,0.602099737553,0.000626704671096,0.17249205032,0.172420781345,7.12689750849e-05,0.210881892199,0.219553811812,-0.00867191961334,0.559276378642,0.557579149196,0.00169722944642,1.02161638005,1.27702047506,-0.255404095013,1.04564155337,1.12839016551,-0.0827486121376,8.43268464329,10.9456532062,-2.51296856292,3.41162436802,4.28128233603,-0.869657968007,0.137386186913,0.137343815021,4.23718917897e-05,8.43268464329,10.9456532062,-2.51296856292,2.41162436802,3.28128233603,-0.869657968007,False,,,,,,,,,,,,paired_same_month_identical_orders
breach,later,monthly,2018-03,xgboost,DPS,all-mature seller pre-handoff profiles,all_mature,selected_90d,DPS,common_support_ge20,4479,869,31be360739eb9ee1ee28f4171fa3dc87946a8c434f4f877482923c25a6875d40,True,0.61527381034,0.615213087723,6.07226170649e-05,0.176402749684,0.176386059288,1.66903956614e-05,0.212094190513,0.22798411509,-0.0158899245771,0.555863873845,0.564569393929,-0.0087055200839,0.851363430873,1.19651076771,-0.34514733684,1.01243218807,1.11597638912,-0.103544201052,4.56005259499,12.2828650109,-7.72281241587,2.06682341499,4.7272961254,-2.66047271041,0.14164315695,0.141915850105,-0.000272693155315,4.56005259499,12.2828650109,-7.72281241587,1.06682341499,3.7272961254,-2.66047271041,False,,,,,,,,,,,,paired_same_month_identical_orders
breach,later,monthly,2018-04,logistic_l2,DPB,all-mature seller pre-handoff and state-OD transit profiles,all_mature,promise_only,DP0,all_mature_support_ge20,4898,195,b4e5438663475d8e913af86953765fc858ebd9e68b0a1e0e34c8b0204bd298db,True,0.168877991089,0.172293854158,-0.00341586306874,0.0387695364241,0.0387361123188,3.34241053597e-05,0.161310873743,0.0349993157882,0.126311557955,0.781596035264,0.460163452679,0.321432582585,4.92106750392,0.820177917321,4.1008895866,3.99836734694,0.615133437991,3.38323390895,0.455196720516,-16.7251995399,17.1803962605,1.68856559081,-4.97622854731,6.66479413813,0.0504713204671,0.0222086070866,0.0282627133805,0.455196720516,16.7251995399,-16.2700028194,0.688565590814,5.97622854731,-5.2876629565,False,,,,,,,,,,,,paired_same_month_identical_orders
breach,later,monthly,2018-04,logistic_l2,DPB,all-mature seller pre-handoff and state-OD transit profiles,all_mature,promise_only,DP0,all_orders,6798,306,12138ebc6d34b03c6440d89e35b8db35a30d241f9f497044ef308120883e5a5b,True,0.179987303521,0.186449744604,-0.00646244108355,0.0427091727151,0.0432952372444,-0.00058606452924,0.173233672433,0.0401050362983,0.133128636134,0.782416468333,0.465243044229,0.317173424104,4.76983852364,0.653402537486,4.11643598616,3.92041522491,0.588062283737,3.33235294118,0.30798985183,-13.5200726514,13.8280625032,1.57891386117,-3.8483877536,5.42730161477,0.048132242887,0.017358689113,0.0307735537741,0.30798985183,13.5200726514,-13.2120827996,0.578913861168,4.8483877536,-4.26947389243,True,,,,,,,,,,,,paired_same_month_identical_orders
breach,later,monthly,2018-04,logistic_l2,DPB,all-mature seller pre-handoff and state-OD transit profiles,all_mature,selected_90d,DPB,all_orders,6798,306,12138ebc6d34b03c6440d89e35b8db35a30d241f9f497044ef308120883e5a5b,True,0.179987303521,0.181715131767,-0.00172782824643,0.0427091727151,0.0431854972473,-0.000476324532216,0.173233672433,0.146774692883,0.0264589795492,0.782416468333,0.763400605673,0.0190158626605,4.76983852364,4.83517877739,-0.0653402537486,3.92041522491,3.52837370242,0.392041522491,0.30798985183,0.0595849103876,0.248404941442,1.57891386117,1.43432363434,0.144590226833,0.048132242887,0.0470679722356,0.00106427065145,0.30798985183,0.0595849103876,0.248404941442,0.578913861168,0.434323634335,0.144590226833,True,,,,,,,,,,,,paired_same_month_identical_orders
breach,later,monthly,2018-04,logistic_l2,DPB,all-mature seller pre-handoff and state-OD transit profiles,all_mature,selected_90d,DPB,common_support_ge20,3911,146,02e2594a6aaa88ea8a51d49509dd6ec7412ed6f6583da27166a7655fe93b36e9,True,0.16525722627,0.164657388104,0.000599838166377,0.0371975519373,0.0372616960576,-6.41441203454e-05,0.166091485131,0.113954672014,0.0521368131165,0.78078189525,0.759520820826,0.0212610744238,4.92018451216,3.96348196813,0.956702544031,3.89514607213,3.28012300811,0.61502306402,0.396590694533,0.108886497016,0.287704197517,1.70310356734,1.5007256116,0.20237795574,0.0539403487263,0.0492533807653,0.00468696796099,0.396590694533,0.108886497016,0.287704197517,0.703103567344,0.500725611604,0.20237795574,False,,,,,,,,,,,,paired_same_month_identical_orders
breach,later,monthly,2018-04,logistic_l2,DPG,all-mature state-OD transit profiles,all_mature,promise_only,DP0,all_mature_support_ge20,6663,294,822a8066d239f87fbe9a78823095352e3aabd66ffe56c105246d692512f47e0d,True,0.180063857916,0.184012723618,-0.00394886570171,0.042203401142,0.0425140093531,-0.000310608211085,0.168808507999,0.0397619789528,0.129046529046,0.766749123892,0.470524479222,0.29622464467,4.68193205426,0.678540877429,4.00339117683,3.90745953554,0.611602362084,3.29585717345,0.572966176943,-11.888539553,12.4615057299,1.69277772926,-3.24171710568,4.93449483494,0.0477064428678,0.0179238438309,0.0297825990369,0.572966176943,11.888539553,-11.315573376,0.69277772926,4.24171710568,-3.54893937642,True,,,,,,,,,,,,paired_same_month_identical_orders
breach,later,monthly,2018-04,logistic_l2,DPG,all-mature state-OD transit profiles,all_mature,promise_only,DP0,all_orders,6798,306,12138ebc6d34b03c6440d89e35b8db35a30d241f9f497044ef308120883e5a5b,True,0.18231585213,0.186449744604,-0.00413389247424,0.0429638640301,0.0432952372444,-0.000331373214246,0.164826214195,0.0401050362983,0.124721177897,0.760162834902,0.465243044229,0.294919790672,4.63915801615,0.653402537486,3.98575547866,3.82240484429,0.588062283737,3.23434256055,0.474330613485,-13.5200726514,13.9944032649,1.62865581959,-3.8483877536,5.47704357319,0.0466539681604,0.017358689113,0.0292952790475,0.474330613485,13.5200726514,-13.0457420379,0.628655819593,4.8483877536,-4.21973193401,True,,,,,,,,,,,,paired_same_month_identical_orders
breach,later,monthly,2018-04,logistic_l2,DPG,all-mature state-OD transit profiles,all_mature,selected_90d,DPG,all_orders,6798,306,12138ebc6d34b03c6440d89e35b8db35a30d241f9f497044ef308120883e5a5b,True,0.18231585213,0.184709492915,-0.00239364078477,0.0429638640301,0.0435842107462,-0.000620346716063,0.164826214195,0.136126933977,0.0286992802186,0.760162834902,0.745300903274,0.0148619316283,4.63915801615,3.92041522491,0.718742791234,3.82240484429,3.39769319493,0.424711649366,0.474330613485,0.176945124813,0.297385488672,1.62865581959,1.48199747204,0.146658347556,0.0466539681604,0.0474331401207,-0.000779171960279,0.474330613485,0.176945124813,0.297385488672,0.628655819593,0.481997472036,0.146658347556,True,,,,,,,,,,,,paired_same_month_identical_orders
breach,later,monthly,2018-04,logistic_l2,DPG,all-mature state-OD transit profiles,all_mature,selected_90d,DPG,common_support_ge20,6480,272,ca5feeeed849a59245f5f258f973fd245e55c1e3d775d96fa229e631a0c81b13,True,0.176160857085,0.178451979586,-0.00229112250112,0.0406424483683,0.0412679748374,-0.000625526469076,0.169259630148,0.128656971659,0.0406026584888,0.76661222237,0.749600254889,0.0170119674803,5,3.97058823529,1.02941176471,3.97058823529,3.49264705882,0.477941176471,0.533709279872,0.183193287569,0.350515992303,1.70536713254,1.52193534017,0.183431792369,0.0502844013693,0.0503367757215,-5.23743521384e-05,0.533709279872,0.183193287569,0.350515992303,0.705367132538,0.521935340169,0.183431792369,True,,,,,,,,,,,,paired_same_month_identical_orders
breach,later,monthly,2018-04,logistic_l2,DPS,all-mature seller pre-handoff profiles,all_mature,promise_only,DP0,all_mature_support_ge20,4994,202,28342ed8fbc1365b577fd08ab4068af6cd555628483c0458d01464640bebc224,True,0.175564360055,0.174035063282,0.00152929677362,0.0395495591514,0.0392949851442,0.000254574007235,0.0470142931192,0.0352004723578,0.0118138207613,0.526571720194,0.455384593134,0.07118712706,1.18669306931,0.791128712871,0.395564356436,1.28558415842,0.593346534653,0.692237623762,-2.0170072906,-17.7895917585,15.7725844679,0.431358611827,-5.37203957594,5.80339818776,0.0254186650283,0.021385764371,0.00403290065732,2.0170072906,17.7895917585,-15.7725844679,0.568641388173,6.37203957594,-5.80339818776,False,,,,,,,,,,,,paired_same_month_identical_orders
breach,later,monthly,2018-04,logistic_l2,DPS,all-mature seller pre-handoff profiles,all_mature,promise_only,DP0,all_orders,6798,306,12138ebc6d34b03c6440d89e35b8db35a30d241f9f497044ef308120883e5a5b,True,0.186535585948,0.186449744604,8.58413434248e-05,0.0433327640093,0.0432952372444,3.75267649498e-05,0.0697871709698,0.0401050362983,0.0296821346715,0.539741723348,0.465243044229,0.0744986791184,1.69884659746,0.653402537486,1.04544405998,1.40481545559,0.588062283737,0.816753171857,-1.07791961592,-13.5200726514,12.4421530355,0.738434091384,-3.8483877536,4.58682184498,0.0207072782316,0.017358689113,0.00334858911868,1.07791961592,13.5200726514,-12.4421530355,0.261565908616,4.8483877536,-4.58682184498,False,,,,,,,,,,,,paired_same_month_identical_orders
breach,later,monthly,2018-04,logistic_l2,DPS,all-mature seller pre-handoff profiles,all_mature,selected_90d,DPS,all_orders,6798,306,12138ebc6d34b03c6440d89e35b8db35a30d241f9f497044ef308120883e5a5b,True,0.186535585948,0.185967666187,0.000567919761124,0.0433327640093,0.0432366894109,9.60745984466e-05,0.0697871709698,0.0709679755633,-0.00118080459348,0.539741723348,0.533180103013,0.00656162033513,1.69884659746,1.69884659746,0,1.40481545559,1.17612456747,0.22869088812,-1.07791961592,-1.04404107049,-0.033878545434,0.738434091384,0.744005738887,-0.00557164750273,0.0207072782316,0.0193555581281,0.0013517201035,1.07791961592,1.04404107049,0.033878545434,0.261565908616,0.255994261113,0.00557164750273,False,,,,,,,,,,,,paired_same_month_identical_orders
breach,later,monthly,2018-04,logistic_l2,DPS,all-mature seller pre-handoff profiles,all_mature,selected_90d,DPS,common_support_ge20,4053,160,290390e984ede086cbb65a9504f14145dc356a56333ff2484f3e926295c7c548,True,0.174514441431,0.173075909399,0.00143853203159,0.0389037223045,0.0387238299155,0.00017989238901,0.0414307696469,0.0385770819528,0.00285368769406,0.492624582584,0.494371307475,-0.00174672489083,0.748706896552,0.623922413793,0.124784482759,0.87349137931,0.748706896552,0.124784482759,-3.44147399479,-3.63649670293,0.195022708138,-0.0941241701119,-0.163447046383,0.0693228762707,0.0277412450492,0.0238177125034,0.00392353254584,3.44147399479,3.63649670293,-0.195022708138,1.09412417011,1.16344704638,-0.0693228762707,False,,,,,,,,,,,,paired_same_month_identical_orders
breach,later,monthly,2018-04,xgboost,DPB,all-mature seller pre-handoff and state-OD transit profiles,all_mature,promise_only,DP0,all_mature_support_ge20,4898,195,b4e5438663475d8e913af86953765fc858ebd9e68b0a1e0e34c8b0204bd298db,True,0.171777255285,0.172074218676,-0.000296963391481,0.0386881266894,0.0387102537548,-2.21270654041e-05,0.0618248763776,0.0424057163149,0.0194191600626,0.666021143078,0.520643669889,0.14537747319,1.23026687598,1.02522239665,0.20504447933,1.12774463632,1.02522239665,0.102522239665,6.10100810319,0.381188016269,5.71982008692,3.46954325614,1.31049923086,2.15904402529,0.0339369155929,0.022004680343,0.0119322352499,6.10100810319,0.381188016269,5.71982008692,2.46954325614,0.310499230857,2.15904402529,True,,,,,,,,,,,,paired_same_month_identical_orders
breach,later,monthly,2018-04,xgboost,DPB,all-mature seller pre-handoff and state-OD transit profiles,all_mature,promise_only,DP0,all_orders,6798,306,12138ebc6d34b03c6440d89e35b8db35a30d241f9f497044ef308120883e5a5b,True,0.185676637179,0.186195850031,-0.000519212851863,0.043214239022,0.0432654575794,-5.12185573805e-05,0.0689533429088,0.0470999556847,0.0218533872241,0.662856547425,0.518746803507,0.144109743918,1.17612456747,1.11078431373,0.0653402537486,1.07811418685,1.0127739331,0.0653402537486,6.23678158762,3.04855089283,3.18823069479,3.47200080872,2.24436025782,1.22764055091,0.0335182452261,0.01680704195,0.0167112032762,6.23678158762,3.04855089283,3.18823069479,2.47200080872,1.24436025782,1.22764055091,True,,,,,,,,,,,,paired_same_month_identical_orders
breach,later,monthly,2018-04,xgboost,DPB,all-mature seller pre-handoff and state-OD transit profiles,all_mature,selected_90d,DPB,all_orders,6798,306,12138ebc6d34b03c6440d89e35b8db35a30d241f9f497044ef308120883e5a5b,True,0.185676637179,0.186368610313,-0.000691973134369,0.043214239022,0.0432864067247,-7.21677026606e-05,0.0689533429088,0.0764852503825,-0.00753190747369,0.662856547425,0.676836297263,-0.0139797498379,1.17612456747,1.37214532872,-0.196020761246,1.07811418685,1.47015570934,-0.392041522491,6.23678158762,19.8669325646,-13.630150977,3.47200080872,8.58424682015,-5.11224601142,0.0335182452261,0.033378591989,0.000139653237172,6.23678158762,19.8669325646,-13.630150977,2.47200080872,7.58424682015,-5.11224601142,True,,,,,,,,,,,,paired_same_month_identical_orders
breach,later,monthly,2018-04,xgboost,DPB,all-mature seller pre-handoff and state-OD transit profiles,all_mature,selected_90d,DPB,common_support_ge20,3911,146,02e2594a6aaa88ea8a51d49509dd6ec7412ed6f6583da27166a7655fe93b36e9,True,0.165262731966,0.165893728359,-0.000630996392979,0.036543833585,0.0366036302492,-5.97966641428e-05,0.0596966905524,0.0696870420967,-0.00999035154434,0.667781840674,0.704526187487,-0.0367443468137,1.09337433604,1.23004612804,-0.136671792004,1.09337433604,1.29838202404,-0.205007688007,5.43584330688,20.2835121346,-14.8476688278,3.24712862991,8.81949751133,-5.57236888143,0.0379206765394,0.0386896847591,-0.000769008219645,5.43584330688,20.2835121346,-14.8476688278,2.24712862991,7.81949751133,-5.57236888143,True,,,,,,,,,,,,paired_same_month_identical_orders
breach,later,monthly,2018-04,xgboost,DPG,all-mature state-OD transit profiles,all_mature,promise_only,DP0,all_mature_support_ge20,6663,294,822a8066d239f87fbe9a78823095352e3aabd66ffe56c105246d692512f47e0d,True,0.182907595202,0.183761902328,-0.000854307125686,0.0423935242212,0.0424845850878,-9.10608666369e-05,0.0704218272573,0.0464422874074,0.0239795398499,0.659904266307,0.52185810735,0.138046158957,1.28922766711,1.08566540389,0.203562263229,1.15524890616,0.951381452131,0.203867454028,7.9158639195,5.32613204565,2.58973187385,4.1019359316,3.08990926854,1.01202666307,0.0322092727177,0.0177013487972,0.0145079239204,7.9158639195,5.32613204565,2.58973187385,3.1019359316,2.08990926854,1.01202666307,True,,,,,,,,,,,,paired_same_month_identical_orders
breach,later,monthly,2018-04,xgboost,DPG,all-mature state-OD transit profiles,all_mature,promise_only,DP0,all_orders,6798,306,12138ebc6d34b03c6440d89e35b8db35a30d241f9f497044ef308120883e5a5b,True,0.185329576801,0.186195850031,-0.000866273229922,0.0431728619496,0.0432654575794,-9.2595629758e-05,0.0707834182486,0.0470999556847,0.0236834625639,0.656979530362,0.518746803507,0.138232726855,1.24146482122,1.11078431373,0.130680507497,1.11078431373,1.0127739331,0.0980103806228,7.76042366208,3.04855089283,4.71187276925,4.03544488412,2.24436025782,1.7910846263,0.031787886301,0.01680704195,0.014980844351,7.76042366208,3.04855089283,4.71187276925,3.03544488412,1.24436025782,1.7910846263,True,,,,,,,,,,,,paired_same_month_identical_orders
breach,later,monthly,2018-04,xgboost,DPG,all-mature state-OD transit profiles,all_mature,selected_90d,DPG,all_orders,6798,306,12138ebc6d34b03c6440d89e35b8db35a30d241f9f497044ef308120883e5a5b,True,0.185329576801,0.186721301107,-0.00139172430645,0.0431728619496,0.0433308506042,-0.000157988654548,0.0707834182486,0.0546871855627,0.016096232686,0.656979530362,0.525946967409,0.131032562953,1.24146482122,1.17612456747,0.0653402537486,1.11078431373,0.718742791234,0.392041522491,7.76042366208,6.50010931665,1.26031434544,4.03544488412,3.58104736337,0.454397520745,0.031787886301,0.0347416894436,-0.00295380314265,7.76042366208,6.50010931665,1.26031434544,3.03544488412,2.58104736337,0.454397520745,True,,,,,,,,,,,,paired_same_month_identical_orders
breach,later,monthly,2018-04,xgboost,DPG,all-mature state-OD transit profiles,all_mature,selected_90d,DPG,common_support_ge20,6480,272,ca5feeeed849a59245f5f258f973fd245e55c1e3d775d96fa229e631a0c81b13,True,0.177151238419,0.178637646579,-0.00148640815956,0.0405209973296,0.0406899559437,-0.000168958614067,0.0672691556208,0.0509170244159,0.0163521312049,0.659304940968,0.523289742363,0.136015198605,1.39705882353,1.25,0.147058823529,1.25,0.772058823529,0.477941176471,7.87928629399,6.19159217691,1.68769411708,4.10827217184,3.49325162317,0.615020548673,0.032717742426,0.0352170630232,-0.00249932059722,7.87928629399,6.19159217691,1.68769411708,3.10827217184,2.49325162317,0.615020548673,True,,,,,,,,,,,,paired_same_month_identical_orders
breach,later,monthly,2018-04,xgboost,DPS,all-mature seller pre-handoff profiles,all_mature,promise_only,DP0,all_mature_support_ge20,4994,202,28342ed8fbc1365b577fd08ab4068af6cd555628483c0458d01464640bebc224,True,0.173723908583,0.173816868622,-9.296003906e-05,0.0392588264349,0.0392692816973,-1.04552624321e-05,0.0458128941541,0.0428934468116,0.00291944734255,0.550635134465,0.518073129308,0.0325620051571,0.988910891089,0.988910891089,0,1.23613861386,1.0878019802,0.148336633663,9.56061293826,-1.47762974121,11.0382426795,4.68628193082,0.620902124324,4.0653798065,0.021748923497,0.02136405501,0.000384868487024,9.56061293826,1.47762974121,8.08298319705,3.68628193082,0.379097875676,3.30718405515,True,,,,,,,,,,,,paired_same_month_identical_orders
breach,later,monthly,2018-04,xgboost,DPS,all-mature seller pre-handoff profiles,all_mature,promise_only,DP0,all_orders,6798,306,12138ebc6d34b03c6440d89e35b8db35a30d241f9f497044ef308120883e5a5b,True,0.186026796603,0.186195850031,-0.000169053427312,0.0432457032438,0.0432654575794,-1.9754335621e-05,0.0555977489994,0.0470999556847,0.00849779331468,0.572351491428,0.518746803507,0.0536046879216,1.56816608997,1.11078431373,0.45738177624,1.33947520185,1.0127739331,0.326701268743,17.4635855941,3.04855089283,14.4150347013,7.55806172275,2.24436025782,5.31370146494,0.0176339979221,0.01680704195,0.000826955972122,17.4635855941,3.04855089283,14.4150347013,6.55806172275,1.24436025782,5.31370146494,True,,,,,,,,,,,,paired_same_month_identical_orders
breach,later,monthly,2018-04,xgboost,DPS,all-mature seller pre-handoff profiles,all_mature,selected_90d,DPS,all_orders,6798,306,12138ebc6d34b03c6440d89e35b8db35a30d241f9f497044ef308120883e5a5b,True,0.186026796603,0.186144052988,-0.000117256384509,0.0432457032438,0.0432595407145,-1.38374707471e-05,0.0555977489994,0.0544268381059,0.00117091089352,0.572351491428,0.543308204366,0.0290432870622,1.56816608997,1.24146482122,0.326701268743,1.33947520185,1.04544405998,0.294031141869,17.4635855941,8.77616147343,8.68742412067,7.55806172275,4.36019029016,3.19787143259,0.0176339979221,0.0170822037418,0.000551794180228,17.4635855941,8.77616147343,8.68742412067,6.55806172275,3.36019029016,3.19787143259,True,,,,,,,,,,,,paired_same_month_identical_orders
breach,later,monthly,2018-04,xgboost,DPS,all-mature seller pre-handoff profiles,all_mature,selected_90d,DPS,common_support_ge20,4053,160,290390e984ede086cbb65a9504f14145dc356a56333ff2484f3e926295c7c548,True,0.171160538292,0.171395862182,-0.000235323890546,0.0384166205239,0.0384445956408,-2.79751168653e-05,0.0436384996273,0.0379830467248,0.00565545290249,0.540177080658,0.491930227331,0.0482468533265,1.24784482759,0.87349137931,0.374353448276,0.998275862069,0.93588362069,0.0623922413793,7.01961653551,-6.6143562618,13.6339727973,3.76252645419,-1.26078203809,5.02330849228,0.0226061000856,0.0227048787305,-9.87786449554e-05,7.01961653551,6.6143562618,0.405260273716,2.76252645419,2.26078203809,0.501744416099,True,,,,,,,,,,,,paired_same_month_identical_orders
breach,later,monthly,2018-05,logistic_l2,DPB,all-mature seller pre-handoff and state-OD transit profiles,all_mature,promise_only,DP0,all_mature_support_ge20,4778,306,89e96384e91469216549a77ab96b352b6f939385dc2aeb40c1c1f2217402a484,True,0.240821386706,0.237935550523,0.00288583618254,0.063287229292,0.0599376407825,0.00334958850957,0.14467695089,0.082334213057,0.0623427378329,0.707962105534,0.615995168193,0.0919669373414,3.46260289332,0.849317690814,2.6132852025,2.6132852025,0.849317690814,1.76396751169,-1.00156457521,21.6193643234,-22.6209288986,0.849870912735,9.74468176723,-8.89481085449,0.0573244722835,0.0277501867455,0.029574285538,1.00156457521,21.6193643234,-20.6177997482,0.150129087265,8.74468176723,-8.59455267996,False,,,,,,,,,,,,paired_same_month_identical_orders
breach,later,monthly,2018-05,logistic_l2,DPB,all-mature seller pre-handoff and state-OD transit profiles,all_mature,promise_only,DP0,all_orders,6749,443,5ba9c39fb7a95e02255cc9707656867769dd51ba2afc32a961f00a0dd34fba0f,True,0.240908050414,0.242021513175,-0.00111346276123,0.0637066917508,0.0613049498906,0.00240174186026,0.155566372863,0.0799354717924,0.0756309010705,0.719072236911,0.598559972623,0.120512264288,3.38049474401,0.811318738563,2.56917600545,2.7084023075,0.81252069225,1.89588161525,-0.92773805767,19.1048028651,-20.0325409228,0.868584939517,8.72475169954,-7.85616676002,0.0539577999729,0.0255533863748,0.0284044135981,0.92773805767,19.1048028651,-18.1770648074,0.131415060483,7.72475169954,-7.59333663905,False,,,,,,,,,,,,paired_same_month_identical_orders
breach,later,monthly,2018-05,logistic_l2,DPB,all-mature seller pre-handoff and state-OD transit profiles,all_mature,selected_90d,DPB,all_orders,6749,443,5ba9c39fb7a95e02255cc9707656867769dd51ba2afc32a961f00a0dd34fba0f,True,0.240908050414,0.238147554309,0.00276049610459,0.0637066917508,0.0631676040429,0.000539087707935,0.155566372863,0.15461466974,0.000951703122637,0.719072236911,0.717571999579,0.00150023733175,3.38049474401,3.38049474401,0,2.7084023075,2.82125240365,-0.112850096146,-0.92773805767,-0.952149024668,0.0244109669984,0.868584939517,0.82302222434,0.0455627151777,0.0539577999729,0.0480090407836,0.00594875918928,0.92773805767,0.952149024668,-0.0244109669984,0.131415060483,0.17697777566,-0.0455627151777,False,,,,,,,,,,,,paired_same_month_identical_orders
breach,later,monthly,2018-05,logistic_l2,DPB,all-mature seller pre-handoff and state-OD transit profiles,all_mature,selected_90d,DPB,common_support_ge20,3812,247,0248d2904a01f66fb513c2a5540972cb62f5f4c07c40914af0c8f5f2bbdd0a71,True,0.24530471386,0.239769776195,0.00553493766449,0.0646313267797,0.0633523358416,0.00127899093809,0.141839453619,0.140809369116,0.0010300845027,0.70532221156,0.704929277558,0.000392934001851,3.31288551625,3.23208343049,0.0808020857621,2.50486465863,2.70686987303,-0.202005214405,-1.0366607488,-1.02538860534,-0.0112721434543,0.841221543686,0.797326670726,0.0438948729603,0.0605522566387,0.0504671726095,0.0100850840293,1.0366607488,1.02538860534,0.0112721434543,0.158778456314,0.202673329274,-0.0438948729603,False,,,,,,,,,,,,paired_same_month_identical_orders
breach,later,monthly,2018-05,logistic_l2,DPG,all-mature state-OD transit profiles,all_mature,promise_only,DP0,all_mature_support_ge20,6592,419,96128f01f3c87900d4849db435cdcfe7701bd5530875ff2def9f3b865dfe265e,True,0.239801814564,0.236832413465,0.00296940109885,0.0624363835713,0.0595431918799,0.00289319169139,0.144518192216,0.0789828339525,0.0655353582635,0.703832263607,0.605036483849,0.0987957797584,3.33723873581,0.858147103493,2.47909163231,2.78897808635,0.834309683952,1.9546684024,-0.970768576798,20.232446486,-21.2032150628,0.867413241821,9.1945597332,-8.32714649138,0.0568391503701,0.026557531444,0.030281618926,0.970768576798,20.232446486,-19.2616779092,0.132586758179,8.1945597332,-8.06197297502,False,,,,,,,,,,,,paired_same_month_identical_orders
breach,later,monthly,2018-05,logistic_l2,DPG,all-mature state-OD transit profiles,all_mature,promise_only,DP0,all_orders,6749,443,5ba9c39fb7a95e02255cc9707656867769dd51ba2afc32a961f00a0dd34fba0f,True,0.244182233153,0.242021513175,0.00216071997814,0.0638276640128,0.0613049498906,0.00252271412219,0.148408879093,0.0799354717924,0.068473407301,0.698344906388,0.598559972623,0.0997849337655,3.33542148076,0.811318738563,2.5241027422,2.82125240365,0.81252069225,2.0087317114,-0.986697080921,19.1048028651,-20.091499946,0.834395819785,8.72475169954,-7.89035587975,0.0541758119123,0.0255533863748,0.0286224255375,0.986697080921,19.1048028651,-18.1181057842,0.165604180215,7.72475169954,-7.55914751932,False,,,,,,,,,,,,paired_same_month_identical_orders
breach,later,monthly,2018-05,logistic_l2,DPG,all-mature state-OD transit profiles,all_mature,selected_90d,DPG,all_orders,6749,443,5ba9c39fb7a95e02255cc9707656867769dd51ba2afc32a961f00a0dd34fba0f,True,0.244182233153,0.245205085362,-0.0010228522087,0.0638276640128,0.0646185948389,-0.000790930826195,0.148408879093,0.141555046768,0.00685383232502,0.698344906388,0.697067682146,0.00127722424235,3.33542148076,3.15512842775,0.180293053014,2.82125240365,2.84382242287,-0.0225700192292,-0.986697080921,-1.09495392965,0.108256848726,0.834395819785,0.769755895679,0.0646399241059,0.0541758119123,0.0541152595533,6.05523590443e-05,0.986697080921,1.09495392965,-0.108256848726,0.165604180215,0.230244104321,-0.0646399241059,True,,,,,,,,,,,,paired_same_month_identical_orders
breach,later,monthly,2018-05,logistic_l2,DPG,all-mature state-OD transit profiles,all_mature,selected_90d,DPG,common_support_ge20,6459,413,c66395e8546a1533c997624435cb65a6123b1d7a51d10c6d6f05164beba75a1e,True,0.240596056197,0.241267177226,-0.000671121029686,0.0627129852245,0.0633467694141,-0.000633784189582,0.145753415564,0.141522619535,0.00423079602835,0.704551225111,0.701111895164,0.0034393299474,3.3408871131,3.19563115166,0.145255961439,2.80828192115,2.90511922878,-0.096837307626,-0.96171917339,-1.0785519664,0.116832793011,0.871257603543,0.79781790524,0.0734396983031,0.0569158355678,0.0558924032877,0.00102343228016,0.96171917339,1.0785519664,-0.116832793011,0.128742396457,0.20218209476,-0.0734396983031,True,,,,,,,,,,,,paired_same_month_identical_orders
breach,later,monthly,2018-05,logistic_l2,DPS,all-mature seller pre-handoff profiles,all_mature,promise_only,DP0,all_mature_support_ge20,4894,329,1dc88792e08058f9e1fa0c40bc81c1119c2f6c42e950f0759df9556ebbed2fb7,True,0.247022801911,0.245895778405,0.00112702350669,0.0628707504901,0.0626374798505,0.000233270639673,0.07903131708,0.0839028938892,-0.00487157680923,0.55589276143,0.606910981866,-0.0510182204363,0.850021710812,0.789305874325,0.0607158364866,1.36610632095,0.850021710812,0.516084610136,-0.86324167235,20.0911378519,-20.9543795242,0.72982165172,9.1067974601,-8.37697580838,0.015833643885,0.0268540344808,-0.0110203905958,0.86324167235,20.0911378519,-19.2278961795,0.27017834828,8.1067974601,-7.83661911182,False,,,,,,,,,,,,paired_same_month_identical_orders
breach,later,monthly,2018-05,logistic_l2,DPS,all-mature seller pre-handoff profiles,all_mature,promise_only,DP0,all_orders,6749,443,5ba9c39fb7a95e02255cc9707656867769dd51ba2afc32a961f00a0dd34fba0f,True,0.241964156112,0.242021513175,-5.73570637975e-05,0.0613592606301,0.0613049498906,5.43107395276e-05,0.0813447836139,0.0799354717924,0.00140931182144,0.561929625231,0.598559972623,-0.0366303473921,1.03668505483,0.811318738563,0.225366316268,1.53476130758,0.81252069225,0.722240615333,-0.664429966288,19.1048028651,-19.7692328314,0.805181086083,8.72475169954,-7.91957061345,0.0163140433248,0.0255533863748,-0.00923934304993,0.664429966288,19.1048028651,-18.4403728988,0.194818913917,7.72475169954,-7.52993278562,False,,,,,,,,,,,,paired_same_month_identical_orders
breach,later,monthly,2018-05,logistic_l2,DPS,all-mature seller pre-handoff profiles,all_mature,selected_90d,DPS,all_orders,6749,443,5ba9c39fb7a95e02255cc9707656867769dd51ba2afc32a961f00a0dd34fba0f,True,0.241964156112,0.240704657893,0.00125949821885,0.0613592606301,0.0611577425357,0.000201518094356,0.0813447836139,0.0852713338575,-0.00392655024368,0.561929625231,0.570914582765,-0.00898495753444,1.03668505483,1.21697810784,-0.180293053014,1.53476130758,1.4670512499,0.0677100576875,-0.664429966288,-0.313257723547,-0.351172242741,0.805181086083,0.923685073711,-0.118503987627,0.0163140433248,0.0104393655473,0.00587467777753,0.664429966288,0.313257723547,0.351172242741,0.194818913917,0.0763149262895,0.118503987627,False,,,,,,,,,,,,paired_same_month_identical_orders
breach,later,monthly,2018-05,logistic_l2,DPS,all-mature seller pre-handoff profiles,all_mature,selected_90d,DPS,common_support_ge20,3957,272,82a4392e60fea7f878bd6da1be734046cdcbd387f8bb5b37f7ede7f61f9bc172,True,0.251010348121,0.248921952027,0.00208839609449,0.0641799020689,0.0638564735397,0.000323428529267,0.0800232207115,0.0859107249719,-0.00588750426036,0.556469989624,0.571394365073,-0.014924375449,0.734737076649,1.10210561497,-0.367368538324,1.17557932264,1.3592635918,-0.183684269162,-0.747074623048,-0.159257530324,-0.587817092725,0.778408323351,0.984903837594,-0.206495514243,0.0223536800659,0.0115687214044,0.0107849586615,0.747074623048,0.159257530324,0.587817092725,0.221591676649,0.0150961624057,0.206495514243,False,,,,,,,,,,,,paired_same_month_identical_orders
breach,later,monthly,2018-05,xgboost,DPB,all-mature seller pre-handoff and state-OD transit profiles,all_mature,promise_only,DP0,all_mature_support_ge20,4778,306,89e96384e91469216549a77ab96b352b6f939385dc2aeb40c1c1f2217402a484,True,0.236601712829,0.238542798131,-0.0019410853025,0.0597482354071,0.0600188813559,-0.000270645948841,0.111914513734,0.0793941874988,0.0325203262356,0.636334140096,0.574386231833,0.0619479082629,2.87461372276,0.783985560751,2.090628162,2.35195668225,1.1433122761,1.20864440616,10.5088875257,12.0125581391,-1.50367061345,5.27415420513,5.85594033574,-0.581786130602,0.0321004203111,0.0245938180689,0.00750660224224,10.5088875257,12.0125581391,-1.50367061345,4.27415420513,4.85594033574,-0.581786130602,True,,,,,,,,,,,,paired_same_month_identical_orders
breach,later,monthly,2018-05,xgboost,DPB,all-mature seller pre-handoff and state-OD transit profiles,all_mature,promise_only,DP0,all_orders,6749,443,5ba9c39fb7a95e02255cc9707656867769dd51ba2afc32a961f00a0dd34fba0f,True,0.240421818502,0.242462678616,-0.00204086011439,0.0610777675207,0.0613630504649,-0.0002852829442,0.114677209697,0.0806243690477,0.0340528406495,0.644672850895,0.578596542474,0.066076308421,2.6142492687,0.856392001817,1.75785726689,2.27957194215,1.15107098069,1.12850096146,11.756471291,15.7191595404,-3.96268824942,5.7674719498,7.32515327477,-1.55768132498,0.0325932160135,0.0215311982174,0.0110620177961,11.756471291,15.7191595404,-3.96268824942,4.7674719498,6.32515327477,-1.55768132498,True,,,,,,,,,,,,paired_same_month_identical_orders
breach,later,monthly,2018-05,xgboost,DPB,all-mature seller pre-handoff and state-OD transit profiles,all_mature,selected_90d,DPB,all_orders,6749,443,5ba9c39fb7a95e02255cc9707656867769dd51ba2afc32a961f00a0dd34fba0f,True,0.240421818502,0.239674392382,0.000747426120336,0.0610777675207,0.0609301226906,0.000147644830085,0.114677209697,0.126299284731,-0.0116220750334,0.644672850895,0.662724382311,-0.0180515314162,2.6142492687,2.79454232172,-0.180293053014,2.27957194215,2.39242203829,-0.112850096146,11.756471291,9.58138315025,2.17508814077,5.7674719498,5.01388511386,0.75358683594,0.0325932160135,0.0303127507419,0.00228046527161,11.756471291,9.58138315025,2.17508814077,4.7674719498,4.01388511386,0.75358683594,False,,,,,,,,,,,,paired_same_month_identical_orders
breach,later,monthly,2018-05,xgboost,DPB,all-mature seller pre-handoff and state-OD transit profiles,all_mature,selected_90d,DPB,common_support_ge20,3812,247,0248d2904a01f66fb513c2a5540972cb62f5f4c07c40914af0c8f5f2bbdd0a71,True,0.238571720778,0.237927486144,0.000644234634102,0.0603995963527,0.0602685689604,0.000131027392252,0.10710816714,0.123784101709,-0.016675934569,0.630603426248,0.654492905043,-0.0238894787946,2.58566674439,2.66646883015,-0.0808020857621,2.26245840134,2.42406257286,-0.161604171524,9.681804791,9.18361370959,0.498191081407,4.9375322611,4.86214475517,0.0753875059231,0.0316550438679,0.0316617336409,-6.68977308909e-06,9.681804791,9.18361370959,0.498191081407,3.9375322611,3.86214475517,0.0753875059231,False,,,,,,,,,,,,paired_same_month_identical_orders
breach,later,monthly,2018-05,xgboost,DPG,all-mature state-OD transit profiles,all_mature,promise_only,DP0,all_mature_support_ge20,6592,419,96128f01f3c87900d4849db435cdcfe7701bd5530875ff2def9f3b865dfe265e,True,0.235184537431,0.237271230322,-0.00208669289033,0.0593097382963,0.0596010854826,-0.000291347186266,0.114511298338,0.0794740697016,0.0350372286366,0.642841815946,0.580909163665,0.0619326522809,2.66979098865,0.905821942576,1.76396904607,2.43141679323,1.16803355753,1.2633832357,12.6728986721,15.0867403586,-2.41384168654,6.14031271082,7.08681440188,-0.946501691055,0.0353074593072,0.022025338634,0.0132821206732,12.6728986721,15.0867403586,-2.41384168654,5.14031271082,6.08681440188,-0.946501691055,True,,,,,,,,,,,,paired_same_month_identical_orders
breach,later,monthly,2018-05,xgboost,DPG,all-mature state-OD transit profiles,all_mature,promise_only,DP0,all_orders,6749,443,5ba9c39fb7a95e02255cc9707656867769dd51ba2afc32a961f00a0dd34fba0f,True,0.24028180907,0.242462678616,-0.00218086954615,0.0610577466959,0.0613630504649,-0.000305303768972,0.117690598891,0.0806243690477,0.0370662298431,0.646430645077,0.578596542474,0.0678341026032,2.70439579521,0.856392001817,1.84800379339,2.36985201906,1.15107098069,1.21878103837,13.3912407004,15.7191595404,-2.32791884008,6.41835014167,7.32515327477,-0.906803133106,0.0359677714811,0.0215311982174,0.0144365732638,13.3912407004,15.7191595404,-2.32791884008,5.41835014167,6.32515327477,-0.906803133106,True,,,,,,,,,,,,paired_same_month_identical_orders
breach,later,monthly,2018-05,xgboost,DPG,all-mature state-OD transit profiles,all_mature,selected_90d,DPG,all_orders,6749,443,5ba9c39fb7a95e02255cc9707656867769dd51ba2afc32a961f00a0dd34fba0f,True,0.24028180907,0.240107915949,0.000173893121184,0.0610577466959,0.0610073711128,5.03755831049e-05,0.117690598891,0.121922865519,-0.00423226662787,0.646430645077,0.67915575764,-0.0327251125625,2.70439579521,2.29873642593,0.405659369282,2.36985201906,2.166721846,0.203130173062,13.3912407004,11.826226137,1.5650145634,6.41835014167,5.92554752827,0.492802613401,0.0359677714811,0.0351402247671,0.000827546714042,13.3912407004,11.826226137,1.5650145634,5.41835014167,4.92554752827,0.492802613401,False,,,,,,,,,,,,paired_same_month_identical_orders
breach,later,monthly,2018-05,xgboost,DPG,all-mature state-OD transit profiles,all_mature,selected_90d,DPG,common_support_ge20,6459,413,c66395e8546a1533c997624435cb65a6123b1d7a51d10c6d6f05164beba75a1e,True,0.236089350228,0.235860478702,0.000228871526,0.0596256642065,0.0595666022264,5.90619800089e-05,0.11521381196,0.121644931967,-0.00643112000711,0.643424624289,0.682623093811,-0.0391984695222,2.66302595971,2.37251403684,0.290511922878,2.46935134446,2.2272580754,0.242093269065,12.6723548558,12.0445985082,0.627756347608,6.13555982902,6.02964809225,0.105911736769,0.0354254530874,0.0357693735441,-0.000343920456779,12.6723548558,12.0445985082,0.627756347608,5.13555982902,5.02964809225,0.105911736769,False,,,,,,,,,,,,paired_same_month_identical_orders
breach,later,monthly,2018-05,xgboost,DPS,all-mature seller pre-handoff profiles,all_mature,promise_only,DP0,all_mature_support_ge20,4894,329,1dc88792e08058f9e1fa0c40bc81c1119c2f6c42e950f0759df9556ebbed2fb7,True,0.247343428797,0.246503442891,0.000839985905982,0.062837651466,0.0627186817139,0.000118969752084,0.0624470581849,0.0813438041308,-0.0188967459458,0.478868888097,0.571280424267,-0.0924115361695,0.546442528379,0.789305874325,-0.242863345946,0.546442528379,1.09288505676,-0.546442528379,-10.9672033461,12.7815756236,-23.7487789697,-3.326928611,6.14189593102,-9.46882454202,0.024308225905,0.0237936933685,0.000514532536468,10.9672033461,12.7815756236,-1.81437227748,4.326928611,5.14189593102,-0.81496732002,False,,,,,,,,,,,,paired_same_month_identical_orders
breach,later,monthly,2018-05,xgboost,DPS,all-mature seller pre-handoff profiles,all_mature,promise_only,DP0,all_orders,6749,443,5ba9c39fb7a95e02255cc9707656867769dd51ba2afc32a961f00a0dd34fba0f,True,0.243110622853,0.242462678616,0.000647944236355,0.0614544593171,0.0613630504649,9.14088521608e-05,0.0651748613976,0.0806243690477,-0.0154495076501,0.505860089535,0.578596542474,-0.0727364529392,0.540879159042,0.856392001817,-0.315512842775,0.586820499958,1.15107098069,-0.564250480729,-6.87756714743,15.7191595404,-22.5967266879,-1.68283237279,7.32515327477,-9.00798564757,0.02219664169,0.0215311982174,0.000665443472631,6.87756714743,15.7191595404,-8.84159239302,2.68283237279,6.32515327477,-3.64232090198,False,,,,,,,,,,,,paired_same_month_identical_orders
breach,later,monthly,2018-05,xgboost,DPS,all-mature seller pre-handoff profiles,all_mature,selected_90d,DPS,all_orders,6749,443,5ba9c39fb7a95e02255cc9707656867769dd51ba2afc32a961f00a0dd34fba0f,True,0.243110622853,0.242859162961,0.000251459891645,0.0614544593171,0.0614179198735,3.65394435855e-05,0.0651748613976,0.0697299449614,-0.00455508356377,0.505860089535,0.516395041735,-0.0105349522007,0.540879159042,0.856392001817,-0.315512842775,0.586820499958,0.677100576875,-0.0902800769166,-6.87756714743,-0.641898462961,-6.23566868447,-1.68283237279,0.801880320804,-2.4847126936,0.02219664169,0.017532775303,0.00466386638696,6.87756714743,0.641898462961,6.23566868447,2.68283237279,0.198119679196,2.4847126936,False,,,,,,,,,,,,paired_same_month_identical_orders
breach,later,monthly,2018-05,xgboost,DPS,all-mature seller pre-handoff profiles,all_mature,selected_90d,DPS,common_support_ge20,3957,272,82a4392e60fea7f878bd6da1be734046cdcbd387f8bb5b37f7ede7f61f9bc172,True,0.25128392248,0.250816521559,0.000467400920476,0.0641438629191,0.0640766224052,6.72405139906e-05,0.0621909564412,0.0687685392572,-0.00657758281605,0.467022008939,0.498636662942,-0.0316146540027,0.514315953654,0.587789661319,-0.0734737076649,0.477579099822,0.551052807487,-0.0734737076649,-12.4971342551,-5.94156992385,-6.55556433126,-3.95147311512,-1.32941070307,-2.62206241205,0.0287255808816,0.0159169675927,0.012808613289,12.4971342551,5.94156992385,6.55556433126,4.95147311512,2.32941070307,2.62206241205,False,,,,,,,,,,,,paired_same_month_identical_orders
breach,later,monthly,2018-06,logistic_l2,DPB,all-mature seller pre-handoff and state-OD transit profiles,all_mature,promise_only,DP0,all_mature_support_ge20,4305,49,a2ad45c93355bb3543fcb22c878ea6c754667c0124d52bad7532a2b7e5c9a82e,True,0.101427437809,0.105201768201,-0.00377433039212,0.0167661004498,0.0151137590153,0.00165234143442,0.0692145744929,0.0148450748297,0.0543694996632,0.698878893663,0.526392511892,0.172486381771,5.2876984127,2.44047619048,2.84722222222,3.2615180643,1.22306927411,2.03844879019,-2.14148028116,31.0501622116,-33.1916424928,0.911177207441,14.0196017655,-13.1084245581,0.0598755644414,0.0621485345978,-0.00227297015643,2.14148028116,31.0501622116,-28.9086819305,0.088822792559,13.0196017655,-12.930778973,False,,,,,,,,,,,,paired_same_month_identical_orders
breach,later,monthly,2018-06,logistic_l2,DPB,all-mature seller pre-handoff and state-OD transit profiles,all_mature,promise_only,DP0,all_orders,6096,71,93d1e83d8d3dc0b917f21633c2bfe0cd78c570027229894e2260c262d727c336,True,0.0999507910598,0.105842971954,-0.00589218089468,0.0168090856926,0.0153355990236,0.00147348666901,0.0489680451604,0.0195490681575,0.0294189770029,0.731347086669,0.57774998539,0.15359710128,5.34860309397,3.09655968598,2.25204340799,3.37806511198,1.54827984299,1.82978526899,-1.8322317832,85.5766387825,-87.4088705657,1.03335507843,35.5430176828,-34.5096626044,0.0584381630924,0.0618702530042,-0.00343208991188,1.8322317832,85.5766387825,-83.7444069993,0.0333550784345,34.5430176828,-34.5096626044,False,,,,,,,,,,,,paired_same_month_identical_orders
breach,later,monthly,2018-06,logistic_l2,DPB,all-mature seller pre-handoff and state-OD transit profiles,all_mature,selected_90d,DPB,all_orders,6096,71,93d1e83d8d3dc0b917f21633c2bfe0cd78c570027229894e2260c262d727c336,True,0.0999507910598,0.0850978492798,0.01485294178,0.0168090856926,0.014404013319,0.00240507237359,0.0489680451604,0.0510519748298,-0.00208392966943,0.731347086669,0.743961194553,-0.0126141078838,5.34860309397,5.06709766798,0.281505425999,3.37806511198,3.51881782498,-0.140752712999,-1.8322317832,-1.470076319,-0.3621554642,1.03335507843,1.0636288273,-0.0302737488671,0.0584381630924,0.0426334187857,0.0158047443067,1.8322317832,1.470076319,0.3621554642,0.0333550784345,0.0636288273015,-0.0302737488671,False,,,,,,,,,,,,paired_same_month_identical_orders
breach,later,monthly,2018-06,logistic_l2,DPB,all-mature seller pre-handoff and state-OD transit profiles,all_mature,selected_90d,DPB,common_support_ge20,3271,37,81c79d2a461a6e6b702dd173daa2983ed04ea88a8315f02d082be798df8e18ac,True,0.102647933174,0.0852547759739,0.0173931572002,0.0170848609713,0.0141466807081,0.0029381802632,0.0846409017335,0.0790609335164,0.00557996821713,0.722676294105,0.731768874626,-0.00909258052115,5.39057350033,4.8515161503,0.539057350033,3.2343441002,3.2343441002,0,-1.74036977831,-1.41558435943,-0.324785418885,1.11881237358,1.10505030517,0.013762068404,0.0627725654246,0.0440446326047,0.0187279328199,1.74036977831,1.41558435943,0.324785418885,0.118812373578,0.105050305174,0.013762068404,False,,,,,,,,,,,,paired_same_month_identical_orders
breach,later,monthly,2018-06,logistic_l2,DPG,all-mature state-OD transit profiles,all_mature,promise_only,DP0,all_mature_support_ge20,5932,68,c093c4f244e931247e5a725a382f3d8b9d51d9aa01f0d90c8a2d28cd33c09b26,True,0.104114962732,0.105391954379,-0.00127699164703,0.0171850125131,0.015180858297,0.00200415421606,0.0704188667222,0.0195750752907,0.0508437914314,0.756031317711,0.574113734853,0.181917582859,5.87443058031,2.93721529016,2.93721529016,3.52465834819,1.61546840959,1.9091899386,-1.4230043038,82.5500131825,-83.9730174863,1.27861407165,34.3563887628,-33.0777746911,0.0645763735697,0.0620680654346,0.00250830813516,1.4230043038,82.5500131825,-81.1270088787,0.278614071651,33.3563887628,-33.0777746911,False,,,,,,,,,,,,paired_same_month_identical_orders
breach,later,monthly,2018-06,logistic_l2,DPG,all-mature state-OD transit profiles,all_mature,promise_only,DP0,all_orders,6096,71,93d1e83d8d3dc0b917f21633c2bfe0cd78c570027229894e2260c262d727c336,True,0.104618406049,0.105842971954,-0.00122456590514,0.017427372882,0.0153355990236,0.00209177385841,0.0619350836067,0.0195490681575,0.0423860154492,0.759857401671,0.57774998539,0.182107416282,5.63010851997,3.09655968598,2.53354883399,3.37806511198,1.54827984299,1.82978526899,-1.45921673799,85.5766387825,-87.0358555205,1.25587602761,35.5430176828,-34.2871416552,0.0645060784438,0.0618702530042,0.00263582543957,1.45921673799,85.5766387825,-84.1174220445,0.255876027605,34.5430176828,-34.2871416552,False,,,,,,,,,,,,paired_same_month_identical_orders
breach,later,monthly,2018-06,logistic_l2,DPG,all-mature state-OD transit profiles,all_mature,selected_90d,DPG,all_orders,6096,71,93d1e83d8d3dc0b917f21633c2bfe0cd78c570027229894e2260c262d727c336,True,0.104618406049,0.0943584936353,0.010259912414,0.017427372882,0.0157865572736,0.00164081560839,0.0619350836067,0.0549078942347,0.00702718937195,0.759857401671,0.76501899363,-0.00516159195839,5.63010851997,5.06709766798,0.563010851997,3.37806511198,3.37806511198,0,-1.45921673799,-1.33995576505,-0.119260972938,1.25587602761,1.21873580977,0.0371402178389,0.0645060784438,0.0537492455504,0.0107568328934,1.45921673799,1.33995576505,0.119260972938,0.255876027605,0.218735809767,0.0371402178389,False,,,,,,,,,,,,paired_same_month_identical_orders
breach,later,monthly,2018-06,logistic_l2,DPG,all-mature state-OD transit profiles,all_mature,selected_90d,DPG,common_support_ge20,5766,67,18698c56975001fec5891aa97fc5a2e00aa8c0e5b595f5644a5bafb19ff3e6eb,True,0.10462481082,0.0936414492861,0.0109833615336,0.017331303033,0.015554384828,0.00177691820499,0.0715980583434,0.0770072303813,-0.00540917203795,0.758001534702,0.762689448005,-0.00468791330241,5.9556886846,5.36011981614,0.59556886846,3.57960630125,3.4304560387,0.149150262552,-1.39208806097,-1.25404612125,-0.138041939713,1.28956901878,1.25159535106,0.0379736677229,0.0646859747217,0.0531725877458,0.0115133869759,1.39208806097,1.25404612125,0.138041939713,0.28956901878,0.251595351057,0.0379736677229,False,,,,,,,,,,,,paired_same_month_identical_orders
breach,later,monthly,2018-06,logistic_l2,DPS,all-mature seller pre-handoff profiles,all_mature,promise_only,DP0,all_mature_support_ge20,4420,52,386ee0e7fcf41d4ff4bf9ffae4c769b2f2aa619689f762de1b91d565f6a397d5,True,0.10753462774,0.106155583564,0.00137904417588,0.015829457587,0.0154379734032,0.000391484183877,0.00974989884337,0.0150753004462,-0.00532540160283,0.416763524937,0.531707875458,-0.114944350521,0.384615384615,2.30769230769,-1.92307692308,0.769230769231,1.15384615385,-0.384615384615,-7.55173142947,36.22776446,-43.7794958895,-1.20622836865,16.0494472952,-17.2556756639,0.0619345518062,0.0617513124197,0.000183239386501,7.55173142947,36.22776446,-28.6760330305,2.20622836865,15.0494472952,-12.8432189266,False,,,,,,,,,,,,paired_same_month_identical_orders
breach,later,monthly,2018-06,logistic_l2,DPS,all-mature seller pre-handoff profiles,all_mature,promise_only,DP0,all_orders,6096,71,93d1e83d8d3dc0b917f21633c2bfe0cd78c570027229894e2260c262d727c336,True,0.104796138324,0.105842971954,-0.00104683363082,0.0154238479076,0.0153355990236,8.82488840201e-05,0.00964529486169,0.0195490681575,-0.00990377329577,0.42989655777,0.57774998539,-0.14785342762,0.563010851997,3.09655968598,-2.53354883399,0.563010851997,1.54827984299,-0.985268990995,-6.99188715275,85.5766387825,-92.5685259353,-0.971033979382,35.5430176828,-36.5140516622,0.0593940840061,0.0618702530042,-0.00247616899809,6.99188715275,85.5766387825,-78.5847516298,1.97103397938,34.5430176828,-32.5719837034,False,,,,,,,,,,,,paired_same_month_identical_orders
breach,later,monthly,2018-06,logistic_l2,DPS,all-mature seller pre-handoff profiles,all_mature,selected_90d,DPS,all_orders,6096,71,93d1e83d8d3dc0b917f21633c2bfe0cd78c570027229894e2260c262d727c336,True,0.104796138324,0.098489916339,0.00630622198464,0.0154238479076,0.0146168031718,0.00080704473582,0.00964529486169,0.0106338619086,-0.000988567046914,0.42989655777,0.460653380866,-0.0307568230963,0.563010851997,1.12602170399,-0.563010851997,0.563010851997,0.844516277996,-0.281505425999,-6.99188715275,-5.91853599022,-1.07335116253,-0.971033979382,-0.542076599488,-0.428957379894,0.0593940840061,0.0525797455246,0.00681433848152,6.99188715275,5.91853599022,1.07335116253,1.97103397938,1.54207659949,0.428957379894,False,,,,,,,,,,,,paired_same_month_identical_orders
breach,later,monthly,2018-06,logistic_l2,DPS,all-mature seller pre-handoff profiles,all_mature,selected_90d,DPS,common_support_ge20,3438,38,6855508bdc09705b0e17b20f019cf8053c142f2822b20d1b0bc055c18574c8f1,True,0.106670937049,0.0984967788888,0.00817415815981,0.0153327729669,0.0142420182107,0.00109075475614,0.00909518349717,0.00950472360014,-0.000409540102963,0.406679566563,0.41427244582,-0.00759287925697,0,1.05201958384,-1.05201958384,0.789014687882,0.526009791922,0.263004895961,-8.13514119534,-7.88971499456,-0.245426200779,-1.41531868539,-1.2527552757,-0.162563409685,0.063700250598,0.0547326321332,0.00896761846482,8.13514119534,7.88971499456,0.245426200779,2.41531868539,2.2527552757,0.162563409685,False,,,,,,,,,,,,paired_same_month_identical_orders
breach,later,monthly,2018-06,xgboost,DPB,all-mature seller pre-handoff and state-OD transit profiles,all_mature,promise_only,DP0,all_mature_support_ge20,4305,49,a2ad45c93355bb3543fcb22c878ea6c754667c0124d52bad7532a2b7e5c9a82e,True,0.103770069107,0.104651913737,-0.000881844630606,0.0149396154732,0.015042329231,-0.000102713757811,0.0280969944071,0.0116246644006,0.0164723300065,0.658880140402,0.509599892589,0.149280247813,3.66071428571,1.22023809524,2.44047619048,3.46536294332,1.01922439509,2.44613854823,13.4331047343,0.22381585506,13.2092888792,7.08529419022,1.84418908725,5.24110510297,0.0611746678248,0.0615469604644,-0.000372292639628,13.4331047343,0.22381585506,13.2092888792,6.08529419022,0.844189087251,5.24110510297,True,,,,,,,,,,,,paired_same_month_identical_orders
breach,later,monthly,2018-06,xgboost,DPB,all-mature seller pre-handoff and state-OD transit profiles,all_mature,promise_only,DP0,all_orders,6096,71,93d1e83d8d3dc0b917f21633c2bfe0cd78c570027229894e2260c262d727c336,True,0.10456344569,0.105289280775,-0.000725835084557,0.0151809644985,0.0152636624324,-8.26979338628e-05,0.0297935643592,0.0122535866592,0.0175399777001,0.658797264917,0.526025363801,0.132771901116,3.09655968598,0.844516277996,2.25204340799,3.51881782498,0.703763564997,2.81505425999,13.7893729004,6.17554648112,7.61382641932,7.22196347094,4.17779598959,3.04416748135,0.0610449973633,0.0612702118331,-0.000225214469752,13.7893729004,6.17554648112,7.61382641932,6.22196347094,3.17779598959,3.04416748135,True,,,,,,,,,,,,paired_same_month_identical_orders
breach,later,monthly,2018-06,xgboost,DPB,all-mature seller pre-handoff and state-OD transit profiles,all_mature,selected_90d,DPB,all_orders,6096,71,93d1e83d8d3dc0b917f21633c2bfe0cd78c570027229894e2260c262d727c336,True,0.10456344569,0.105083727174,-0.00052028148367,0.0151809644985,0.0152493466756,-6.8382177118e-05,0.0297935643592,0.0341289081381,-0.00433534377884,0.658797264917,0.665890947344,-0.00709368242651,3.09655968598,3.94107596398,-0.844516277996,3.51881782498,2.81505425999,0.703763564997,13.7893729004,16.1451559843,-2.35578308387,7.22196347094,8.19126753007,-0.969304059139,0.0610449973633,0.0616694065715,-0.000624409208231,13.7893729004,16.1451559843,-2.35578308387,6.22196347094,7.19126753007,-0.969304059139,True,,,,,,,,,,,,paired_same_month_identical_orders
breach,later,monthly,2018-06,xgboost,DPB,all-mature seller pre-handoff and state-OD transit profiles,all_mature,selected_90d,DPB,common_support_ge20,3271,37,81c79d2a461a6e6b702dd173daa2983ed04ea88a8315f02d082be798df8e18ac,True,0.103363199464,0.104387377711,-0.00102417824669,0.0148483172471,0.0149878048091,-0.000139487561935,0.0347572363773,0.0270242516901,0.00773298468716,0.691779906066,0.678792893079,0.012987012987,4.8515161503,3.2343441002,1.6171720501,4.04293012525,2.15622940013,1.88670072512,16.4488312861,14.161710594,2.28712069207,8.29638469697,7.41636315646,0.880021540509,0.0611535070805,0.0621269755259,-0.000973468445408,16.4488312861,14.161710594,2.28712069207,7.29638469697,6.41636315646,0.880021540509,True,,,,,,,,,,,,paired_same_month_identical_orders
breach,later,monthly,2018-06,xgboost,DPG,all-mature state-OD transit profiles,all_mature,promise_only,DP0,all_mature_support_ge20,5932,68,c093c4f244e931247e5a725a382f3d8b9d51d9aa01f0d90c8a2d28cd33c09b26,True,0.103769174848,0.104864760416,-0.00109558556805,0.014985481367,0.0151124887981,-0.000127007431083,0.0255693940134,0.0118017960251,0.0137675979884,0.684036694487,0.515909638071,0.168127056416,3.52465834819,0.881164587047,2.64349376114,2.64349376114,0.734303822539,1.9091899386,13.1514059255,2.51647141293,10.6349345125,6.97483404772,2.74397342524,4.23086062248,0.0609592114671,0.0614835583226,-0.00052434685547,13.1514059255,2.51647141293,10.6349345125,5.97483404772,1.74397342524,4.23086062248,True,,,,,,,,,,,,paired_same_month_identical_orders
breach,later,monthly,2018-06,xgboost,DPG,all-mature state-OD transit profiles,all_mature,promise_only,DP0,all_orders,6096,71,93d1e83d8d3dc0b917f21633c2bfe0cd78c570027229894e2260c262d727c336,True,0.104349249053,0.105289280775,-0.000940031721568,0.0151574482785,0.0152636624324,-0.000106214153909,0.0255056699863,0.0122535866592,0.0132520833271,0.684701069487,0.526025363801,0.158675705686,3.65957053798,0.844516277996,2.81505425999,2.53354883399,0.703763564997,1.82978526899,13.1789659311,6.17554648112,7.00341944996,6.98317747451,4.17779598959,2.80538148492,0.0608957688302,0.0612702118331,-0.000374443002828,13.1789659311,6.17554648112,7.00341944996,5.98317747451,3.17779598959,2.80538148492,True,,,,,,,,,,,,paired_same_month_identical_orders
breach,later,monthly,2018-06,xgboost,DPG,all-mature state-OD transit profiles,all_mature,selected_90d,DPG,all_orders,6096,71,93d1e83d8d3dc0b917f21633c2bfe0cd78c570027229894e2260c262d727c336,True,0.104349249053,0.103691625877,0.000657623176008,0.0151574482785,0.0150587582923,9.86899861183e-05,0.0255056699863,0.0461452638286,-0.0206395938424,0.684701069487,0.685840687277,-0.00113961778973,3.65957053798,5.63010851997,-1.97053798199,2.53354883399,4.22258138998,-1.68903255599,13.1789659311,19.8902517506,-6.71128581949,6.98317747451,9.61989268077,-2.63671520627,0.0608957688302,0.0602859463274,0.000609822502862,13.1789659311,19.8902517506,-6.71128581949,5.98317747451,8.61989268077,-2.63671520627,False,,,,,,,,,,,,paired_same_month_identical_orders
breach,later,monthly,2018-06,xgboost,DPG,all-mature state-OD transit profiles,all_mature,selected_90d,DPG,common_support_ge20,5766,67,18698c56975001fec5891aa97fc5a2e00aa8c0e5b595f5644a5bafb19ff3e6eb,True,0.103986117018,0.103486276922,0.000499840095791,0.0150942777309,0.015017794922,7.64828088694e-05,0.0266395596868,0.0476988845895,-0.0210593249028,0.68855625365,0.685213169108,0.0033430845422,3.57341321076,5.65790425037,-2.08449103961,2.68470472594,4.32535761401,-1.64065288807,13.6606960156,19.5270373131,-5.86634129743,7.16664757205,9.47171656644,-2.30506899439,0.0606396813404,0.0601783444458,0.000461336894638,13.6606960156,19.5270373131,-5.86634129743,6.16664757205,8.47171656644,-2.30506899439,False,,,,,,,,,,,,paired_same_month_identical_orders
breach,later,monthly,2018-06,xgboost,DPS,all-mature seller pre-handoff profiles,all_mature,promise_only,DP0,all_mature_support_ge20,4420,52,386ee0e7fcf41d4ff4bf9ffae4c769b2f2aa619689f762de1b91d565f6a397d5,True,0.106087979022,0.105574212695,0.000513766327631,0.0154322820442,0.0153622992675,6.99827766356e-05,0.0102240821089,0.0122917905935,-0.00206770848462,0.435560633277,0.522543762327,-0.0869831290504,1.15384615385,1.15384615385,0,0.576923076923,0.961538461538,-0.384615384615,-20.4791230942,4.97580664354,-25.4549297377,-6.31803622594,3.70093155537,-10.0189677813,0.0615722838149,0.0611318327992,0.000440451015651,20.4791230942,4.97580664354,15.5033164506,7.31803622594,2.70093155537,4.61710467057,False,,,,,,,,,,,,paired_same_month_identical_orders
breach,later,monthly,2018-06,xgboost,DPS,all-mature seller pre-handoff profiles,all_mature,promise_only,DP0,all_orders,6096,71,93d1e83d8d3dc0b917f21633c2bfe0cd78c570027229894e2260c262d727c336,True,0.105629673311,0.105289280775,0.00034039253631,0.0153096750359,0.0152636624324,4.60126035593e-05,0.0104305805916,0.0122535866592,-0.00182300606758,0.450421366373,0.526025363801,-0.0756039974286,0.844516277996,0.844516277996,0,0.844516277996,0.703763564997,0.140752712999,-18.0869190907,6.17554648112,-24.2624655718,-5.36909681019,4.17779598959,-9.54689279978,0.0615349180662,0.0612702118331,0.000264706233094,18.0869190907,6.17554648112,11.9113726096,6.36909681019,3.17779598959,3.1913008206,False,,,,,,,,,,,,paired_same_month_identical_orders
breach,later,monthly,2018-06,xgboost,DPS,all-mature seller pre-handoff profiles,all_mature,selected_90d,DPS,all_orders,6096,71,93d1e83d8d3dc0b917f21633c2bfe0cd78c570027229894e2260c262d727c336,True,0.105629673311,0.105210795878,0.000418877433316,0.0153096750359,0.0152525728303,5.71022056555e-05,0.0104305805916,0.0111454132155,-0.000714832623954,0.450421366373,0.469909414996,-0.0194880486237,0.844516277996,0.563010851997,0.281505425999,0.844516277996,0.563010851997,0.281505425999,-18.0869190907,-14.6487852214,-3.43813386932,-5.36909681019,-4.00730019139,-1.36179661881,0.0615349180662,0.0610931528148,0.000441765251348,18.0869190907,14.6487852214,3.43813386932,6.36909681019,5.00730019139,1.36179661881,False,,,,,,,,,,,,paired_same_month_identical_orders
breach,later,monthly,2018-06,xgboost,DPS,all-mature seller pre-handoff profiles,all_mature,selected_90d,DPS,common_support_ge20,3438,38,6855508bdc09705b0e17b20f019cf8053c142f2822b20d1b0bc055c18574c8f1,True,0.104485305861,0.103626875804,0.000858430056916,0.0148529499825,0.0147354891741,0.000117460808377,0.00885125368414,0.0101777386517,-0.00132648496758,0.385286377709,0.460526315789,-0.0752399380805,0,1.05201958384,-1.05201958384,0.789014687882,0.789014687882,0,-32.1303234409,-16.292327976,-15.8379954649,-10.8779370314,-4.62877135647,-6.24916567489,0.0624430969123,0.0616022060133,0.000840890899058,32.1303234409,16.292327976,15.8379954649,11.8779370314,5.62877135647,6.24916567489,False,,,,,,,,,,,,paired_same_month_identical_orders
breach,later,monthly_median,2018-01_to_2018-06,logistic_l2,DPB,all-mature seller pre-handoff and state-OD transit profiles,all_mature,promise_only,DP0,all_mature_support_ge20,,,,True,0.220653922884,0.224522827305,-0.00719898770852,0.0561931882768,0.055183209744,-0.000648103669268,0.152993912317,0.0633973223528,0.0966931133822,0.711196592282,0.48521812126,0.215036654011,3.43397203726,0.630261879859,2.88053254825,2.73042749167,0.550867790675,2.07231437818,0.0579988751699,-1.63650963384,2.18307583708,1.06805671894,0.267857829278,0.781615157103,0.0586000183625,0.0449493606717,-0.00702028881986,1.21694797593,13.4314842289,-12.4853287902,0.207298746056,4.99120440154,-4.53445349091,,6,3,5,3,4,5,5,6,6,6,6,median_of_paired_monthly_differences
breach,later,monthly_median,2018-01_to_2018-06,logistic_l2,DPB,all-mature seller pre-handoff and state-OD transit profiles,all_mature,promise_only,DP0,all_orders,,,,True,0.226559994269,0.232634099666,-0.00874859455798,0.0582350095079,0.0577208601523,-0.000979753839122,0.164400022648,0.0653822962561,0.104379768602,0.720739306052,0.494200919724,0.196840586691,3.25492859995,0.624005386167,2.42425378619,2.75701880639,0.616566160347,1.95973065603,0.078441043187,-1.01713737857,1.51629522355,1.09297313119,0.452078735422,0.543268070372,0.0561979815326,0.0437118196895,-0.00620657431491,1.03858075654,10.517756591,-9.70080329116,0.157244378155,3.97258188414,-3.59864725772,,6,4,6,4,4,6,5,6,6,6,6,median_of_paired_monthly_differences
breach,later,monthly_median,2018-01_to_2018-06,logistic_l2,DPB,all-mature seller pre-handoff and state-OD transit profiles,all_mature,selected_90d,DPB,all_orders,,,,True,0.226559994269,0.22223417733,0.00432581693914,0.0582350095079,0.0576489570817,0.000586052426199,0.164400022648,0.150694681312,-0.0027547993704,0.720739306052,0.720178637499,-0.000104926998649,3.25492859995,3.32542001784,-0.0326701268743,2.75701880639,2.90516654713,-0.0812354341097,0.078441043187,-0.0157672773195,-0.0177886667155,1.09297313119,1.12532468696,-0.0323515557676,0.0561979815326,0.0475385065096,0.00554176452813,1.03858075654,1.02170277419,0.0590776160647,0.157244378155,0.181999161139,-0.0323515557676,,6,1,1,1,0,2,4,2,3,2,1,median_of_paired_monthly_differences
breach,later,monthly_median,2018-01_to_2018-06,logistic_l2,DPB,all-mature seller pre-handoff and state-OD transit profiles,all_mature,selected_90d,DPB,common_support_ge20,,,,True,0.220123878322,0.215684633578,0.00345260163468,0.0562814168671,0.0554635019773,0.00070105786625,0.153965469375,0.134245197499,-0.00368020751142,0.716583046646,0.721412607031,-0.000640081125704,3.47617015326,3.41796162052,0.215839639372,2.7995281208,2.89098646029,-0.0540114182692,0.189014299329,0.0338806803115,0.0056454485317,1.17508451023,1.19938757076,-0.00457906110913,0.0616624110317,0.0498602766874,0.00469877797412,1.19158127909,1.17007531914,0.0215059599415,0.195067551597,0.248199082809,-0.00457906110913,,6,1,1,2,1,2,3,3,3,4,2,median_of_paired_monthly_differences
breach,later,monthly_median,2018-01_to_2018-06,logistic_l2,DPG,all-mature state-OD transit profiles,all_mature,promise_only,DP0,all_mature_support_ge20,,,,True,0.226080714436,0.229210477536,-0.00658889650047,0.0574703784381,0.0566086169752,-0.000740138488372,0.156663350107,0.0647200938398,0.0972909436547,0.716028418813,0.493515324,0.194750857376,3.35193188378,0.648805548439,2.70815346124,2.86415383217,0.628704291248,2.0009231823,0.181736994622,-1.11460803468,1.84600039372,1.31503507651,0.420536755125,0.675726242457,0.0607077619699,0.0443127984393,-0.00310001588605,1.1968864403,10.2434436578,-9.04894861473,0.315035076513,3.85539480791,-3.33327790259,,6,4,5,4,3,5,5,6,6,6,6,median_of_paired_monthly_differences
breach,later,monthly_median,2018-01_to_2018-06,logistic_l2,DPG,all-mature state-OD transit profiles,all_mature,promise_only,DP0,all_orders,,,,True,0.228782549929,0.232634099666,-0.00699885596349,0.0583545456599,0.0577208601523,-0.000793358160571,0.156617546644,0.0653822962561,0.096597292599,0.715062801204,0.494200919724,0.193408856023,3.3295101135,0.624005386167,2.52882578809,2.86200292705,0.616566160347,2.008633103,0.169197212174,-1.01713737857,1.74435955121,1.28885361562,0.452078735422,0.636569503371,0.0593409451781,0.0437118196895,-0.00298686350318,1.22295690946,10.517756591,-9.39952175112,0.288853615616,3.97258188414,-3.49605031473,,6,4,5,4,3,5,5,6,6,6,6,median_of_paired_monthly_differences
breach,later,monthly_median,2018-01_to_2018-06,logistic_l2,DPG,all-mature state-OD transit profiles,all_mature,selected_90d,DPG,all_orders,,,,True,0.228782549929,0.227342466468,0.00192732554475,0.0583545456599,0.0585549927078,6.97537433433e-06,0.156617546644,0.138840990373,0.00294712390965,0.715062801204,0.719053716686,-0.00399091548159,3.3295101135,3.31489992214,0.014610191365,2.86200292705,2.97040608185,-0.0601819167868,0.169197212174,0.0512744440428,-0.0904004626737,1.28885361562,1.31910446283,-0.0164458139642,0.0593409451781,0.0539322525519,0.000725414193568,1.22295690946,1.21745484735,-0.0233584481586,0.288853615616,0.32485861011,-0.0137498531335,,6,3,3,3,1,3,3,3,2,3,1,median_of_paired_monthly_differences
breach,later,monthly_median,2018-01_to_2018-06,logistic_l2,DPG,all-mature state-OD transit profiles,all_mature,selected_90d,DPG,common_support_ge20,,,,True,0.226154355718,0.224594401744,0.00155995397395,0.0574990562833,0.0576257693121,-9.82867053632e-05,0.157506522856,0.135089795597,-0.00359310573702,0.716560456838,0.720443579975,-0.00388312313613,3.34522119523,3.38575386577,-0.0405326705428,2.88326547324,3.02235842668,-0.0842359201239,0.154001212633,0.0227281219114,-0.113005875287,1.32472405942,1.36607185175,-0.0199439315705,0.0608009051447,0.0545324955167,0.000532535761028,1.17690361718,1.16629904383,-0.0144314910759,0.324724059418,0.366071851746,-0.0177330152901,,6,3,3,3,2,3,3,2,2,3,2,median_of_paired_monthly_differences
breach,later,monthly_median,2018-01_to_2018-06,logistic_l2,DPS,all-mature seller pre-handoff profiles,all_mature,promise_only,DP0,all_mature_support_ge20,,,,True,0.229435334318,0.229192888691,0.000242445627501,0.0568140814509,0.0567371628319,7.69186189771e-05,0.0696343637403,0.0644604558331,0.0135166066924,0.523974288918,0.483707295888,0.0492834646942,1.09593661261,0.610261826569,0.516733573842,1.13663148077,0.551948907078,0.604161116949,-1.44012448147,-1.46577166206,0.433121557921,0.387058577058,0.323260101531,0.128308814688,0.0436766084173,0.0443026734503,-0.00457714327785,1.44012448147,13.4121311641,-12.1676718215,0.612941422942,4.9992991811,-4.38635775815,,6,3,3,3,4,6,5,4,4,5,5,median_of_paired_monthly_differences
breach,later,monthly_median,2018-01_to_2018-06,logistic_l2,DPS,all-mature seller pre-handoff profiles,all_mature,promise_only,DP0,all_orders,,,,True,0.232514307408,0.232634099666,-0.000614530541197,0.0577170924819,0.0577208601523,-1.21596576482e-05,0.0755659772918,0.0653822962561,0.0210034386102,0.531748880357,0.494200919724,0.0372241013289,1.18727679162,0.624005386167,0.69464120812,1.14067767013,0.616566160347,0.707159958424,-0.871174791105,-1.01713737857,-0.0174933974404,0.473107730871,0.452078735422,-0.0238609717951,0.0400506811189,0.0437118196895,-0.00400369296701,0.871174791105,10.517756591,-9.71829723978,0.526892269129,3.97258188414,-3.50560927521,,6,3,5,3,5,6,5,5,4,5,5,median_of_paired_monthly_differences
breach,later,monthly_median,2018-01_to_2018-06,logistic_l2,DPS,all-mature seller pre-handoff profiles,all_mature,selected_90d,DPS,all_orders,,,,True,0.232514307408,0.231047310294,0.00146372622573,0.0577170924819,0.0575325413784,0.000161170417425,0.0755659772918,0.0781196547104,-0.0010846858202,0.531748880357,0.530990188791,-0.0016406550389,1.18727679162,1.39059456908,-0.240384229456,1.14067767013,1.19774841738,-0.0181583440698,-0.871174791105,-0.917877659901,-0.192525394087,0.473107730871,0.480610897467,-0.062037817565,0.0400506811189,0.0359676518264,0.0030464542719,0.871174791105,0.917877659901,0.192525394087,0.526892269129,0.519389102533,0.062037817565,,6,0,0,0,0,2,2,2,3,0,3,median_of_paired_monthly_differences
breach,later,monthly_median,2018-01_to_2018-06,logistic_l2,DPS,all-mature seller pre-handoff profiles,all_mature,selected_90d,DPS,common_support_ge20,,,,True,0.22935492459,0.22801068829,0.0010193042694,0.0569669641219,0.0567692624978,0.00012593355405,0.0684702465007,0.0734725296195,-0.00226330104009,0.515149245226,0.513358170018,-0.00366392180936,0.857559719852,1.20543286139,-0.400927352166,0.916406923429,1.06879017246,-0.000884770374758,-1.50806759672,-1.44237200293,-0.0252017463203,0.218758570548,0.235227615954,-0.0211568188198,0.0457207478236,0.0392751723183,0.00425217032413,1.50806759672,1.44237200293,0.296497438408,0.781241429452,0.764772384046,0.0211568188198,,6,2,2,2,2,2,3,2,2,2,3,median_of_paired_monthly_differences
breach,later,monthly_median,2018-01_to_2018-06,xgboost,DPB,all-mature seller pre-handoff and state-OD transit profiles,all_mature,promise_only,DP0,all_mature_support_ge20,,,,True,0.221775156089,0.223321405981,-0.00154624989247,0.0549276310867,0.0551108848072,-0.000167317700653,0.0910860137541,0.0662523578508,0.0245788713535,0.654252558909,0.547514950861,0.105203102781,1.63769015337,1.20783040644,0.38126488488,1.29457396473,1.13312014962,0.101163688747,6.07698856675,6.1968730777,2.10807473673,3.19561313215,3.85006471149,0.788628947342,0.0475557917088,0.0430703892666,0.00356715480131,6.07698856675,13.4023010657,-5.12137278771,2.19561313215,4.85377265176,-1.75585404511,,6,6,6,6,3,4,4,6,6,5,5,median_of_paired_monthly_differences
breach,later,monthly_median,2018-01_to_2018-06,xgboost,DPB,all-mature seller pre-handoff and state-OD transit profiles,all_mature,promise_only,DP0,all_orders,,,,True,0.230004311457,0.231588060874,-0.0013413208467,0.0574646467118,0.0576544365336,-0.000135753687169,0.0943919175454,0.0692757353734,0.0236609048129,0.651735057906,0.551752879896,0.092599693491,1.51698446375,1.22432642107,0.14944488083,1.23831632242,1.17098475523,0.0589992307362,6.17298682838,10.9473530108,-0.387228777315,3.1915105317,5.75147463218,-0.165020387035,0.0472816212947,0.0414007050252,0.00341440728893,6.17298682838,10.9473530108,-1.76553708716,2.1915105317,4.75147463218,-0.787812961323,,6,6,6,6,3,3,4,6,6,5,4,median_of_paired_monthly_differences
breach,later,monthly_median,2018-01_to_2018-06,xgboost,DPB,all-mature seller pre-handoff and state-OD transit profiles,all_mature,selected_90d,DPB,all_orders,,,,True,0.230004311457,0.22928838843,8.20692250326e-05,0.0574646467118,0.0573607404244,-4.10721619574e-06,0.0943919175454,0.109342819856,-0.0138046507552,0.651735057906,0.664307664827,-0.0198614009003,1.51698446375,1.78279417502,-0.18815690713,1.23831632242,1.80037119519,-0.252445809319,6.17298682838,12.8632695673,-2.50945603323,3.1915105317,6.60257632197,-0.921203115676,0.0472816212947,0.0475239992803,-0.00024237798553,6.17298682838,12.8632695673,-2.50945603323,2.1915105317,5.60257632197,-0.921203115676,,6,3,3,3,3,4,4,0,0,1,2,median_of_paired_monthly_differences
breach,later,monthly_median,2018-01_to_2018-06,xgboost,DPB,all-mature seller pre-handoff and state-OD transit profiles,all_mature,selected_90d,DPB,common_support_ge20,,,,True,0.221058340511,0.220484185865,-6.34608674486e-05,0.0547709142575,0.0546835130145,-8.01078524758e-06,0.0907946110843,0.106260495268,-0.0121230926718,0.657023662134,0.677252053367,-0.0303169128041,1.91228917523,1.95733717286,-0.0404010428811,1.26685510565,1.78840104308,-0.183305929765,6.67461927859,11.6726621518,-0.042146902709,3.39324558308,6.13925395582,-0.0570805721708,0.04953709181,0.0504083301425,-0.000387848996367,6.67461927859,11.6726621518,-0.042146902709,2.39324558308,5.13925395582,-0.0570805721708,,6,3,3,3,4,3,3,1,1,2,2,median_of_paired_monthly_differences
breach,later,monthly_median,2018-01_to_2018-06,xgboost,DPG,all-mature state-OD transit profiles,all_mature,promise_only,DP0,all_mature_support_ge20,,,,True,0.226584803342,0.228218391388,-0.00132058769013,0.0563502550612,0.0565462080585,-0.000140859288822,0.097360345617,0.0685294228245,0.0295083842432,0.654343401166,0.550099061992,0.101852912063,1.92159636686,1.18769751387,0.591744251994,1.47464543634,1.17815850154,0.229489538889,10.9484952159,10.2064362021,0.0879450936541,4.73295566075,5.08836183521,0.0327624860059,0.0481333353872,0.0417544484783,0.00297175488208,10.9484952159,10.2064362021,0.0879450936541,3.73295566075,4.08836183521,0.0327624860059,,6,6,6,6,3,3,3,6,6,6,6,median_of_paired_monthly_differences
breach,later,monthly_median,2018-01_to_2018-06,xgboost,DPG,all-mature state-OD transit profiles,all_mature,promise_only,DP0,all_orders,,,,True,0.229895370483,0.231588060874,-0.00133668158666,0.0574504949446,0.0576544365336,-0.000130723192588,0.0991818097136,0.0692757353734,0.0303748462035,0.65187995721,0.551752879896,0.101706978888,1.87214397467,1.22432642107,0.504604391758,1.45250027086,1.17098475523,0.167705145535,11.3172979914,10.9473530108,1.19197696459,4.68991516152,5.75147463218,0.442140746596,0.0484317701557,0.0414007050252,0.00330810060791,11.3172979914,10.9473530108,0.725066608823,3.68991516152,4.75147463218,0.0764283213359,,6,6,6,6,3,3,3,6,6,6,6,median_of_paired_monthly_differences
breach,later,monthly_median,2018-01_to_2018-06,xgboost,DPG,all-mature state-OD transit profiles,all_mature,selected_90d,DPG,all_orders,,,,True,0.229895370483,0.229701999463,0.000193371020032,0.0574504949446,0.0574183586796,3.21362650013e-05,0.0991818097136,0.111177753514,-0.0119959438,0.65187995721,0.669189127786,-0.00942420223917,1.87214397467,1.97567557918,0.062717667464,1.45250027086,1.91460834493,-0.0864999410542,11.3172979914,9.97410370305,1.29698156403,4.68991516152,4.75329744582,0.447122177279,0.0484317701557,0.0477130855472,-0.000258350137332,11.3172979914,9.97410370305,1.29698156403,3.68991516152,3.75329744582,0.447122177279,,6,2,2,2,4,2,2,2,2,4,3,median_of_paired_monthly_differences
breach,later,monthly_median,2018-01_to_2018-06,xgboost,DPG,all-mature state-OD transit profiles,all_mature,selected_90d,DPG,common_support_ge20,,,,True,0.226644826584,0.226439123505,0.000205703079103,0.0563933370561,0.0563583170584,3.50199976431e-05,0.097752476254,0.110052658371,-0.0123001821165,0.655395229055,0.670189041026,-0.00792777161831,1.96319195705,2.02199323234,0.113326374332,1.50098551441,1.93742616285,-0.058039697022,10.9281082292,9.91599235732,1.01211587184,4.75008352014,4.76144985771,0.283529030472,0.0480325672139,0.047973858995,-0.00119977582752,10.9281082292,9.91599235732,1.01211587184,3.75008352014,3.76144985771,0.283529030472,,6,2,2,2,4,2,2,2,3,4,3,median_of_paired_monthly_differences
breach,later,monthly_median,2018-01_to_2018-06,xgboost,DPS,all-mature seller pre-handoff profiles,all_mature,promise_only,DP0,all_mature_support_ge20,,,,True,0.228272041553,0.227990773123,-0.000185204542426,0.0567122022596,0.0566644283987,-1.69386463581e-05,0.0597966912365,0.0675428192786,-0.0033393722591,0.534663282702,0.546912093297,-0.0360745975411,0.968538776511,1.1604102535,-0.230835518581,1.05538331788,1.11169573069,-0.129589917756,3.5517397698,8.87869113355,-22.3930367647,1.99882231151,4.92141374319,-8.35594600275,0.0429402548599,0.0424627630839,4.22595292831e-05,8.51971504863,13.411150302,-7.80421818581,2.88247624456,4.87644265176,-2.70602972524,,6,4,4,4,3,4,4,2,2,0,1,median_of_paired_monthly_differences
breach,later,monthly_median,2018-01_to_2018-06,xgboost,DPS,all-mature seller pre-handoff profiles,all_mature,promise_only,DP0,all_orders,,,,True,0.231798409473,0.231588060874,-0.000172361113331,0.0576904670132,0.0576544365336,-1.95511143081e-05,0.0634881384557,0.0692757353734,-0.00273987208429,0.536905487967,0.551752879896,-0.0364567438499,0.933066329023,1.22432642107,-0.211710946489,1.14308042761,1.17098475523,0.0194149335267,4.38243944761,10.9473530108,-20.1599346637,2.26122825317,5.75147463218,-7.55503670988,0.0418657798781,0.0414007050252,7.01623328059e-06,7.94516130754,10.9473530108,-6.60596473181,2.54722837041,4.75147463218,-2.61847708809,,6,4,4,4,3,4,4,2,2,1,3,median_of_paired_monthly_differences
breach,later,monthly_median,2018-01_to_2018-06,xgboost,DPS,all-mature seller pre-handoff profiles,all_mature,selected_90d,DPS,all_orders,,,,True,0.231798409473,0.231536918202,0.000261491271193,0.0576904670132,0.0576600038862,3.04631269746e-05,0.0634881384557,0.0674711274679,-0.00206286354222,0.536905487967,0.537665185715,-0.00441886137716,0.933066329023,1.13855732473,-0.0629566173846,1.14308042761,1.08691711274,0.125709695731,4.38243944761,6.83580308467,-2.97555121612,2.26122825317,3.05556427236,-1.11572729341,0.0418657798781,0.0393129640589,0.000242068571569,7.94516130754,7.94011472912,1.89585192815,2.54722837041,2.67401504424,0.741586897277,,6,1,1,1,1,2,2,2,3,3,4,median_of_paired_monthly_differences
breach,later,monthly_median,2018-01_to_2018-06,xgboost,DPS,all-mature seller pre-handoff profiles,all_mature,selected_90d,DPS,common_support_ge20,,,,True,0.228613854267,0.228299590635,0.000110924480289,0.0568886862528,0.0568477600232,1.56511704121e-05,0.0594836602365,0.0636632709736,-0.0015540618129,0.534007165969,0.517581653014,-0.00869745594454,0.816719264844,0.962755481577,-0.0801854704332,0.998797021944,0.996479546194,-0.0367368538324,2.90929227134,-0.216140248276,-5.40316090543,1.7085358622,0.733711035488,-2.00000910586,0.045584338897,0.0421535423719,-0.000185735900135,6.39716194314,6.67752761406,-0.280365670913,2.18828355206,2.29509637058,0.0873211250893,,6,2,2,2,4,3,3,2,2,1,2,median_of_paired_monthly_differences
breach,aggregate,pooled,later_pooled,logistic_l2,DPB,all-mature seller pre-handoff and state-OD transit profiles,all_mature,promise_only,DP0,all_mature_support_ge20,29101,2499,d8f1298c474c0f497ecff170ea97375715bc96105ff352b8ea92abf57e58e9a0,True,0.271585164539,0.306459907995,-0.0348747434557,0.0751229910712,0.0800586886016,-0.00493569753044,0.175935713889,0.0697873947536,0.106148319135,0.711273788517,0.395157333665,0.316116454852,2.6313352264,0.999747426443,1.63158779996,2.54023079517,1.0040912277,1.53613956747,-0.131217636617,-5.23383006579,5.10261242917,0.912165767602,-1.01597520232,1.92814096992,0.00871551805445,0.0581865757049,-0.0494710576504,0.131217636617,5.23383006579,-5.10261242917,0.0878342323984,2.01597520232,-1.92814096992,True,,,,,,,,,,,,recomputed_on_concatenated_monthly_predictions
breach,aggregate,pooled,later_pooled,logistic_l2,DPB,all-mature seller pre-handoff and state-OD transit profiles,all_mature,promise_only,DP0,all_orders,40270,3477,72cfdc8f6be208328a97da86166024c4a11b6099541993e6da4d9e100c5d76d2,True,0.274004214114,0.30766408536,-0.0336598712456,0.0756906651332,0.0804624776157,-0.00477181248248,0.175159522201,0.0703529307674,0.104806591433,0.706060867498,0.399599251965,0.306461615533,2.58204504048,0.943107765343,1.63893727514,2.49928098936,1.00373885534,1.49554213402,-0.225068146264,-5.13020700102,4.90513885475,0.862633315347,-0.982038580897,1.84467189624,0.010500785187,0.0567299260458,-0.0462291408588,0.225068146264,5.13020700102,-4.90513885475,0.137366684653,1.9820385809,-1.84467189624,True,,,,,,,,,,,,recomputed_on_concatenated_monthly_predictions
breach,aggregate,pooled,later_pooled,logistic_l2,DPB,all-mature seller pre-handoff and state-OD transit profiles,all_mature,selected_90d,DPB,all_orders,40270,3477,72cfdc8f6be208328a97da86166024c4a11b6099541993e6da4d9e100c5d76d2,True,0.274004214114,0.268844428343,0.00515978577089,0.0756906651332,0.0748792270975,0.000811438035727,0.175159522201,0.188583308703,-0.0134237865022,0.706060867498,0.727975986667,-0.0219151191689,2.58204504048,2.93283512393,-0.350790083451,2.49928098936,2.66321541559,-0.16393442623,-0.225068146264,0.0285498573056,-0.25361800357,0.862633315347,0.978261002615,-0.115627687268,0.010500785187,0.0102043764272,0.000296408759784,0.225068146264,0.0285498573056,0.196518288959,0.137366684653,0.0217389973852,0.115627687268,False,,,,,,,,,,,,recomputed_on_concatenated_monthly_predictions
breach,aggregate,pooled,later_pooled,logistic_l2,DPB,all-mature seller pre-handoff and state-OD transit profiles,all_mature,selected_90d,DPB,common_support_ge20,23609,2053,ea408e2b8f0593b4638a80870e3f8eeb36398daaae7a33a7b7c7183879c10479,True,0.274234171131,0.27004047178,0.0041936993505,0.0760720644111,0.0753525555867,0.0007195088244,0.174999380423,0.18825405499,-0.0132546745674,0.71072197727,0.729111148732,-0.0183891714617,2.56091104775,2.84329287431,-0.282381826558,2.49380571979,2.67402214876,-0.180216428969,-0.130814168992,0.156213948292,-0.287028117284,0.916133372744,1.03011912537,-0.11398575263,0.00925695315703,0.0120113179955,-0.00275436483847,0.130814168992,0.156213948292,-0.0253997792999,0.0838666272556,0.0301191253746,0.053747501881,False,,,,,,,,,,,,recomputed_on_concatenated_monthly_predictions
breach,aggregate,pooled,later_pooled,logistic_l2,DPG,all-mature state-OD transit profiles,all_mature,promise_only,DP0,all_mature_support_ge20,39212,3352,094a796f7765224afa9e67126e7c93f85a64347b438d55abaf61df05372dedd5,True,0.27603694937,0.305295309124,-0.0292583597538,0.0758375416635,0.0797095956892,-0.00387205402566,0.157088658021,0.0692949183883,0.0877937396329,0.68951984198,0.396438466617,0.293081375363,1.95664138043,0.948493839902,1.00814754052,2.23999645838,0.999199485431,1.24079697295,-0.283899452079,-5.26657509518,4.9826756431,0.84320378261,-1.02696012125,1.87016390386,0.0137810046117,0.0564851651916,-0.04270416058,0.283899452079,5.26657509518,-4.9826756431,0.15679621739,2.02696012125,-1.87016390386,True,,,,,,,,,,,,recomputed_on_concatenated_monthly_predictions
breach,aggregate,pooled,later_pooled,logistic_l2,DPG,all-mature state-OD transit profiles,all_mature,promise_only,DP0,all_orders,40270,3477,72cfdc8f6be208328a97da86166024c4a11b6099541993e6da4d9e100c5d76d2,True,0.278127672388,0.30766408536,-0.029536412972,0.07650831778,0.0804624776157,-0.00395415983571,0.158803931896,0.0703529307674,0.0884510011289,0.689201890254,0.399599251965,0.289602638289,1.97822604438,0.943107765343,1.03511827904,2.22893298821,1.00373885534,1.22519413287,-0.286207481546,-5.13020700102,4.84399951947,0.835864375472,-0.982038580897,1.81790295637,0.014076695493,0.0567299260458,-0.0426532305528,0.286207481546,5.13020700102,-4.84399951947,0.164135624528,1.9820385809,-1.81790295637,True,,,,,,,,,,,,recomputed_on_concatenated_monthly_predictions
breach,aggregate,pooled,later_pooled,logistic_l2,DPG,all-mature state-OD transit profiles,all_mature,selected_90d,DPG,all_orders,40270,3477,72cfdc8f6be208328a97da86166024c4a11b6099541993e6da4d9e100c5d76d2,True,0.278127672388,0.275729040211,0.00239863217658,0.07650831778,0.076350504455,0.000157813325019,0.158803931896,0.16202324386,-0.00321931196344,0.689201890254,0.704399820616,-0.0151979303625,1.97822604438,2.03573261544,-0.0575065710575,2.22893298821,2.18579234973,0.0431406384814,-0.286207481546,-0.160807862514,-0.125399619032,0.835864375472,0.893056588068,-0.0571922125952,0.014076695493,0.0170279176666,-0.0029512221736,0.286207481546,0.160807862514,0.125399619032,0.164135624528,0.106943411932,0.0571922125952,False,,,,,,,,,,,,recomputed_on_concatenated_monthly_predictions
breach,aggregate,pooled,later_pooled,logistic_l2,DPG,all-mature state-OD transit profiles,all_mature,selected_90d,DPG,common_support_ge20,38247,3265,7fc613d04b1da35031b407e61c4f16d6cc85a116dcff240520f8b243e53dba4b,True,0.275781075364,0.273406813612,0.00237426175175,0.0757353670658,0.0755599137798,0.000175453286016,0.157180679942,0.160953586043,-0.00377290610139,0.689203202557,0.704377131866,-0.0151739293093,1.95951773511,2.01462917141,-0.0551114362999,2.23565924992,2.21115887458,0.0245003753416,-0.289730167434,-0.152631808303,-0.137098359131,0.842994193511,0.902671113351,-0.0596769198393,0.0140152389098,0.0167480988081,-0.00273285989832,0.289730167434,0.152631808303,0.137098359131,0.157005806489,0.0973288866493,0.0596769198393,False,,,,,,,,,,,,recomputed_on_concatenated_monthly_predictions
breach,aggregate,pooled,later_pooled,logistic_l2,DPS,all-mature seller pre-handoff profiles,all_mature,promise_only,DP0,all_mature_support_ge20,29760,2583,0cbfbfa15793cf2b4328fc3574a4d2faa681c8437f4ee3c50e91d6fdee261f3f,True,0.306178411523,0.308909998547,-0.00273158702348,0.080534065624,0.0808573809943,-0.00032331537035,0.0797617856743,0.0711045965399,0.00865718913445,0.473379691508,0.399036671757,0.074343019751,0.952380952381,0.998838559814,-0.0464576074332,0.859465737515,1.0298102981,-0.170344560588,-2.775222953,-5.08254042311,2.30731747011,-0.152011527155,-0.966640645431,0.814629118276,0.0354882314062,0.058437427031,-0.0229491956248,2.775222953,5.08254042311,-2.30731747011,1.15201152716,1.96664064543,-0.814629118276,True,,,,,,,,,,,,recomputed_on_concatenated_monthly_predictions
breach,aggregate,pooled,later_pooled,logistic_l2,DPS,all-mature seller pre-handoff profiles,all_mature,promise_only,DP0,all_orders,40270,3477,72cfdc8f6be208328a97da86166024c4a11b6099541993e6da4d9e100c5d76d2,True,0.305346080579,0.30766408536,-0.00231800478054,0.0801458843595,0.0804624776157,-0.000316593256226,0.0813643653807,0.0703529307674,0.0110114346134,0.476963538467,0.399599251965,0.0773642865021,1.01786630772,0.943107765343,0.0747585423748,0.854184641933,1.00373885534,-0.149554213402,-2.68059866121,-5.13020700102,2.4496083398,-0.114722470433,-0.982038580897,0.867316110464,0.0339892336646,0.0567299260458,-0.0227406923812,2.68059866121,5.13020700102,-2.4496083398,1.11472247043,1.9820385809,-0.867316110464,True,,,,,,,,,,,,recomputed_on_concatenated_monthly_predictions
breach,aggregate,pooled,later_pooled,logistic_l2,DPS,all-mature seller pre-handoff profiles,all_mature,selected_90d,DPS,all_orders,40270,3477,72cfdc8f6be208328a97da86166024c4a11b6099541993e6da4d9e100c5d76d2,True,0.305346080579,0.303486839787,0.00185924079291,0.0801458843595,0.0799067240119,0.000239160347538,0.0813643653807,0.0887277083921,-0.00736334301137,0.476963538467,0.494149200158,-0.0171856616916,1.01786630772,1.35140441985,-0.333538112134,0.854184641933,1.12740868565,-0.273224043716,-2.68059866121,-2.10882062624,-0.571778034977,-0.114722470433,0.0890499420446,-0.203772412477,0.0339892336646,0.0294275936891,0.00456163997548,2.68059866121,2.10882062624,0.571778034977,1.11472247043,0.910950057955,0.203772412477,False,,,,,,,,,,,,recomputed_on_concatenated_monthly_predictions
breach,aggregate,pooled,later_pooled,logistic_l2,DPS,all-mature seller pre-handoff profiles,all_mature,selected_90d,DPS,common_support_ge20,24557,2164,642c3495d9af38c12c7263f8a1cd98bcf5d4032265f56861891add8bc74613e1,True,0.309394822418,0.309104053207,0.000290769210347,0.0816752213017,0.0815847120543,9.05092473829e-05,0.0800318469381,0.0852257517551,-0.00519390481701,0.470984896505,0.48349782201,-0.0125129255058,0.933342540355,1.21981401314,-0.286471472782,0.836311880219,1.03037320049,-0.194061320272,-2.77505761221,-2.43426523808,-0.340792374124,-0.158834965307,-0.034717773489,-0.124117191818,0.0372776886381,0.0329412885894,0.00433640004875,2.77505761221,2.43426523808,0.340792374124,1.15883496531,1.03471777349,0.124117191818,False,,,,,,,,,,,,recomputed_on_concatenated_monthly_predictions
breach,aggregate,pooled,later_pooled,xgboost,DPB,all-mature seller pre-handoff and state-OD transit profiles,all_mature,promise_only,DP0,all_mature_support_ge20,29101,2499,d8f1298c474c0f497ecff170ea97375715bc96105ff352b8ea92abf57e58e9a0,True,0.302237478654,0.305819032529,-0.00358155387452,0.0795722462719,0.0800089931577,-0.000436746885739,0.0974007366211,0.0766403298763,0.0207604067449,0.471546772231,0.43330585373,0.0382409185011,1.83953526466,1.05573328232,0.783801982331,1.28811703314,0.820074508677,0.468042524464,-3.83847977969,-7.0016703863,3.16319060661,-0.529350179254,-1.64540460807,1.11605442881,0.0561088112699,0.0522217705101,0.00388704075979,3.83847977969,7.0016703863,-3.16319060661,1.52935017925,2.64540460807,-1.11605442881,True,,,,,,,,,,,,recomputed_on_concatenated_monthly_predictions
breach,aggregate,pooled,later_pooled,xgboost,DPB,all-mature seller pre-handoff and state-OD transit profiles,all_mature,promise_only,DP0,all_orders,40270,3477,72cfdc8f6be208328a97da86166024c4a11b6099541993e6da4d9e100c5d76d2,True,0.303805383755,0.307071703871,-0.00326632011582,0.0800169391217,0.0804143077507,-0.000397368629036,0.0954773756057,0.0768114593005,0.0186659163052,0.466923802522,0.432285542555,0.0346382599677,1.78845435989,1.02936762193,0.759086737959,1.27696289905,0.865688812194,0.411274086856,-4.03958757611,-6.88084934067,2.84126176456,-0.603733243494,-1.60610685788,1.00237361439,0.0538870708159,0.0513784208897,0.00250864992622,4.03958757611,6.88084934067,-2.84126176456,1.60373324349,2.60610685788,-1.00237361439,True,,,,,,,,,,,,recomputed_on_concatenated_monthly_predictions
breach,aggregate,pooled,later_pooled,xgboost,DPB,all-mature seller pre-handoff and state-OD transit profiles,all_mature,selected_90d,DPB,all_orders,40270,3477,72cfdc8f6be208328a97da86166024c4a11b6099541993e6da4d9e100c5d76d2,True,0.303805383755,0.304429684579,-0.000624300823895,0.0800169391217,0.0801212373071,-0.000104298185388,0.0954773756057,0.0853812412645,0.0100961343412,0.466923802522,0.458842105717,0.00808169680586,1.78845435989,1.41466164802,0.373792711874,1.27696289905,0.949094046592,0.327868852459,-4.03958757611,-4.55827893911,0.518691362998,-0.603733243494,-0.793010599893,0.189277356399,0.0538870708159,0.0556371044691,-0.00175003365325,4.03958757611,4.55827893911,-0.518691362998,1.60373324349,1.79301059989,-0.189277356399,True,,,,,,,,,,,,recomputed_on_concatenated_monthly_predictions
breach,aggregate,pooled,later_pooled,xgboost,DPB,all-mature seller pre-handoff and state-OD transit profiles,all_mature,selected_90d,DPB,common_support_ge20,23609,2053,ea408e2b8f0593b4638a80870e3f8eeb36398daaae7a33a7b7c7183879c10479,True,0.305049957581,0.306275205117,-0.00122524753642,0.0805022143669,0.0806894241794,-0.000187209812442,0.100752446769,0.0860400257586,0.01471242101,0.479519548173,0.467529538486,0.0119900096867,1.85008782917,1.31453608915,0.535551740024,1.30048071716,0.823150716104,0.477330001054,-3.5391297721,-4.45893806934,0.919808297242,-0.426215491143,-0.75814735502,0.331931863878,0.0548813341977,0.0510227087344,0.00385862546325,3.5391297721,4.45893806934,-0.919808297242,1.42621549114,1.75814735502,-0.331931863878,True,,,,,,,,,,,,recomputed_on_concatenated_monthly_predictions
breach,aggregate,pooled,later_pooled,xgboost,DPG,all-mature state-OD transit profiles,all_mature,promise_only,DP0,all_mature_support_ge20,39212,3352,094a796f7765224afa9e67126e7c93f85a64347b438d55abaf61df05372dedd5,True,0.301496515913,0.304745005626,-0.00324848971299,0.0792798578603,0.0796652130233,-0.000385355163007,0.0942624612649,0.0756966579501,0.0185658033149,0.465865730825,0.429716973127,0.0361487576987,1.60468454675,1.0439397609,0.560744785854,1.16324716214,0.847082548843,0.316164613301,-4.00031684864,-7.01926718357,3.01895033492,-0.58421784777,-1.65136313877,1.067145291,0.0524254060282,0.0513379580267,0.00108744800146,4.00031684864,7.01926718357,-3.01895033492,1.58421784777,2.65136313877,-1.067145291,True,,,,,,,,,,,,recomputed_on_concatenated_monthly_predictions
breach,aggregate,pooled,later_pooled,xgboost,DPG,all-mature state-OD transit profiles,all_mature,promise_only,DP0,all_orders,40270,3477,72cfdc8f6be208328a97da86166024c4a11b6099541993e6da4d9e100c5d76d2,True,0.303844414537,0.307071703871,-0.00322728933446,0.0800323439642,0.0804143077507,-0.000381963786538,0.0950806251627,0.0768114593005,0.0182691658623,0.467363858218,0.432285542555,0.0350783156638,1.58718136119,1.02936762193,0.557813739258,1.164797239,0.865688812194,0.299108426805,-3.94901549719,-6.88084934067,2.93183384348,-0.56983715052,-1.60610685788,1.03626970736,0.0528120884235,0.0513784208897,0.00143366753379,3.94901549719,6.88084934067,-2.93183384348,1.56983715052,2.60610685788,-1.03626970736,True,,,,,,,,,,,,recomputed_on_concatenated_monthly_predictions
breach,aggregate,pooled,later_pooled,xgboost,DPG,all-mature state-OD transit profiles,all_mature,selected_90d,DPG,all_orders,40270,3477,72cfdc8f6be208328a97da86166024c4a11b6099541993e6da4d9e100c5d76d2,True,0.303844414537,0.304988122182,-0.00114370764525,0.0800323439642,0.0801793172495,-0.000146973285337,0.0950806251627,0.084987215555,0.0100934096077,0.467363858218,0.453608475077,0.013755383141,1.58718136119,1.34565376275,0.241527598442,1.164797239,1.07563991947,0.0891573195283,-3.94901549719,-4.72703849089,0.7780229937,-0.56983715052,-0.849217409355,0.279380258835,0.0528120884235,0.0574403522764,-0.00462826385296,3.94901549719,4.72703849089,-0.7780229937,1.56983715052,1.84921740936,-0.279380258835,True,,,,,,,,,,,,recomputed_on_concatenated_monthly_predictions
breach,aggregate,pooled,later_pooled,xgboost,DPG,all-mature state-OD transit profiles,all_mature,selected_90d,DPG,common_support_ge20,38247,3265,7fc613d04b1da35031b407e61c4f16d6cc85a116dcff240520f8b243e53dba4b,True,0.301127506494,0.302347947015,-0.00122044052073,0.0791691889065,0.0793265187347,-0.000157329828228,0.0949323737788,0.0840389431293,0.0108934306495,0.466980879162,0.45201063369,0.0149702454721,1.653343089,1.36553892165,0.287804167344,1.19133075098,1.05964123352,0.131689517461,-3.96118300232,-4.7793892679,0.818206265584,-0.569567787256,-0.863322661743,0.293754874487,0.0531684155743,0.0575883891013,-0.004419973527,3.96118300232,4.7793892679,-0.818206265584,1.56956778726,1.86332266174,-0.293754874487,True,,,,,,,,,,,,recomputed_on_concatenated_monthly_predictions
breach,aggregate,pooled,later_pooled,xgboost,DPS,all-mature seller pre-handoff profiles,all_mature,promise_only,DP0,all_mature_support_ge20,29760,2583,0cbfbfa15793cf2b4328fc3574a4d2faa681c8437f4ee3c50e91d6fdee261f3f,True,0.308277541037,0.308257568278,1.99727584704e-05,0.0808159117717,0.0808061982622,9.71350951598e-06,0.0703557885978,0.0779578027038,-0.007602014106,0.422302392379,0.436290017787,-0.0139876254076,0.45683313976,1.05303910182,-0.59620596206,0.665892373209,0.855594270228,-0.189701897019,-6.92730352312,-6.83067139123,-0.096632131892,-1.62694742278,-1.58956806626,-0.0373793565148,0.0511979315677,0.0518311757036,-0.000633244135954,6.92730352312,6.83067139123,0.096632131892,2.62694742278,2.58956806626,0.0373793565148,False,,,,,,,,,,,,recomputed_on_concatenated_monthly_predictions
breach,aggregate,pooled,later_pooled,xgboost,DPS,all-mature seller pre-handoff profiles,all_mature,promise_only,DP0,all_orders,40270,3477,72cfdc8f6be208328a97da86166024c4a11b6099541993e6da4d9e100c5d76d2,True,0.307070566068,0.307071703871,-1.13780320438e-06,0.0804193000892,0.0804143077507,4.9923384485e-06,0.0701118200161,0.0768114593005,-0.00669963928439,0.420005748333,0.432285542555,-0.0122797942216,0.534811110835,1.02936762193,-0.494556511095,0.713258556227,0.865688812194,-0.152430255968,-6.96373922191,-6.88084934067,-0.0828898812419,-1.63774747075,-1.60610685788,-0.0316406128743,0.0515750127485,0.0513784208897,0.000196591858859,6.96373922191,6.88084934067,0.0828898812419,2.63774747075,2.60610685788,0.0316406128743,False,,,,,,,,,,,,recomputed_on_concatenated_monthly_predictions
breach,aggregate,pooled,later_pooled,xgboost,DPS,all-mature seller pre-handoff profiles,all_mature,selected_90d,DPS,all_orders,40270,3477,72cfdc8f6be208328a97da86166024c4a11b6099541993e6da4d9e100c5d76d2,True,0.307070566068,0.30682243679,0.000248129278496,0.0804193000892,0.0803892473253,3.00527638696e-05,0.0701118200161,0.0711296009739,-0.00101778095779,0.420005748333,0.420476887614,-0.000471139280637,0.534811110835,0.770588052171,-0.235776941336,0.713258556227,0.675870002876,0.0373885533506,-6.96373922191,-6.82124472026,-0.142494501649,-1.63774747075,-1.58735578384,-0.0503916869175,0.0515750127485,0.0503459161882,0.00122909656038,6.96373922191,6.82124472026,0.142494501649,2.63774747075,2.58735578384,0.0503916869175,False,,,,,,,,,,,,recomputed_on_concatenated_monthly_predictions
breach,aggregate,pooled,later_pooled,xgboost,DPS,all-mature seller pre-handoff profiles,all_mature,selected_90d,DPS,common_support_ge20,24557,2164,642c3495d9af38c12c7263f8a1cd98bcf5d4032265f56861891add8bc74613e1,True,0.31191888635,0.31181224627,0.000106640079213,0.0819827926813,0.081963294408,1.94982733047e-05,0.0717913543551,0.0733024073184,-0.00151105296332,0.427280363805,0.4298175373,-0.00253717349452,0.452809747301,0.730040204832,-0.277230457531,0.656112082824,0.697696651454,-0.0415845686297,-6.72196810522,-6.54592107756,-0.176047027653,-1.55848294031,-1.49359715506,-0.0648857852486,0.052251269997,0.0509287054852,0.00132256451176,6.72196810522,6.54592107756,0.176047027653,2.55848294031,2.49359715506,0.0648857852486,False,,,,,,,,,,,,recomputed_on_concatenated_monthly_predictions
