task,period,row_type,cohort,family,model_id,quantile,reference_kind,population,metric,all_mature_value,reference_value,all_mature_minus_reference,n_orders,order_id_sha256,difference_aggregation
breach,later,monthly,2018-01,logistic_l2,DPB,,promise_only,all_mature_support_ge20,absolute_calibration_intercept_error,0.339198970176,4.61803029897,-4.2788313288,5047,e19a09cfd01efdcc249492f2cfefe77cff09ae0bf159146e3b78d0eedd3757bb,paired_same_month_identical_orders
breach,later,monthly,2018-01,logistic_l2,DPB,,promise_only,all_mature_support_ge20,absolute_calibration_slope_error,0.189661261669,1.54546861539,-1.35580735372,5047,e19a09cfd01efdcc249492f2cfefe77cff09ae0bf159146e3b78d0eedd3757bb,paired_same_month_identical_orders
breach,later,monthly,2018-01,logistic_l2,DPB,,promise_only,all_mature_support_ge20,calibration_intercept,-0.339198970176,-4.61803029897,4.2788313288,5047,e19a09cfd01efdcc249492f2cfefe77cff09ae0bf159146e3b78d0eedd3757bb,paired_same_month_identical_orders
breach,later,monthly,2018-01,logistic_l2,DPB,,promise_only,all_mature_support_ge20,calibration_slope,0.810338738331,-0.545468615392,1.35580735372,5047,e19a09cfd01efdcc249492f2cfefe77cff09ae0bf159146e3b78d0eedd3757bb,paired_same_month_identical_orders
breach,later,monthly,2018-01,logistic_l2,DPB,,promise_only,all_mature_support_ge20,wace,0.010759760433,0.0225273679162,-0.0117676074833,5047,e19a09cfd01efdcc249492f2cfefe77cff09ae0bf159146e3b78d0eedd3757bb,paired_same_month_identical_orders
breach,later,monthly,2018-01,logistic_l2,DPB,,promise_only,all_orders,absolute_calibration_intercept_error,0.151107765456,3.51670146206,-3.36559369661,7069,ee393306bea41ea6bceb8fcfabd7cbb43b7db39a083d42187f0a69ab3a3539a6,paired_same_month_identical_orders
breach,later,monthly,2018-01,logistic_l2,DPB,,promise_only,all_orders,absolute_calibration_slope_error,0.161897572361,1.22400281274,-1.06210524038,7069,ee393306bea41ea6bceb8fcfabd7cbb43b7db39a083d42187f0a69ab3a3539a6,paired_same_month_identical_orders
breach,later,monthly,2018-01,logistic_l2,DPB,,promise_only,all_orders,calibration_intercept,-0.151107765456,-3.51670146206,3.36559369661,7069,ee393306bea41ea6bceb8fcfabd7cbb43b7db39a083d42187f0a69ab3a3539a6,paired_same_month_identical_orders
breach,later,monthly,2018-01,logistic_l2,DPB,,promise_only,all_orders,calibration_slope,0.838102427639,-0.224002812736,1.06210524038,7069,ee393306bea41ea6bceb8fcfabd7cbb43b7db39a083d42187f0a69ab3a3539a6,paired_same_month_identical_orders
breach,later,monthly,2018-01,logistic_l2,DPB,,promise_only,all_orders,wace,0.0149226766902,0.0239037354081,-0.00898105871794,7069,ee393306bea41ea6bceb8fcfabd7cbb43b7db39a083d42187f0a69ab3a3539a6,paired_same_month_identical_orders
breach,later,monthly,2018-01,logistic_l2,DPB,,selected_90d,all_orders,absolute_calibration_intercept_error,0.151107765456,0.0911194650265,0.0599883004294,7069,ee393306bea41ea6bceb8fcfabd7cbb43b7db39a083d42187f0a69ab3a3539a6,paired_same_month_identical_orders
breach,later,monthly,2018-01,logistic_l2,DPB,,selected_90d,all_orders,absolute_calibration_slope_error,0.161897572361,0.0661552229241,0.0957423494372,7069,ee393306bea41ea6bceb8fcfabd7cbb43b7db39a083d42187f0a69ab3a3539a6,paired_same_month_identical_orders
breach,later,monthly,2018-01,logistic_l2,DPB,,selected_90d,all_orders,calibration_intercept,-0.151107765456,-0.0911194650265,-0.0599883004294,7069,ee393306bea41ea6bceb8fcfabd7cbb43b7db39a083d42187f0a69ab3a3539a6,paired_same_month_identical_orders
breach,later,monthly,2018-01,logistic_l2,DPB,,selected_90d,all_orders,calibration_slope,0.838102427639,0.933844777076,-0.0957423494372,7069,ee393306bea41ea6bceb8fcfabd7cbb43b7db39a083d42187f0a69ab3a3539a6,paired_same_month_identical_orders
breach,later,monthly,2018-01,logistic_l2,DPB,,selected_90d,all_orders,wace,0.0149226766902,0.00978790682322,0.00513476986699,7069,ee393306bea41ea6bceb8fcfabd7cbb43b7db39a083d42187f0a69ab3a3539a6,paired_same_month_identical_orders
breach,later,monthly,2018-01,logistic_l2,DPB,,selected_90d,common_support_ge20,absolute_calibration_intercept_error,0.0185620958756,0.0411251363933,-0.0225630405177,4261,c3306cb36b0882481e724b819e6b942b80d4fc0cb8fb1250c1c235be938e0805,paired_same_month_identical_orders
breach,later,monthly,2018-01,logistic_l2,DPB,,selected_90d,common_support_ge20,absolute_calibration_slope_error,0.0668073802605,0.00297059096311,0.0638367892974,4261,c3306cb36b0882481e724b819e6b942b80d4fc0cb8fb1250c1c235be938e0805,paired_same_month_identical_orders
breach,later,monthly,2018-01,logistic_l2,DPB,,selected_90d,common_support_ge20,calibration_intercept,-0.0185620958756,-0.0411251363933,0.0225630405177,4261,c3306cb36b0882481e724b819e6b942b80d4fc0cb8fb1250c1c235be938e0805,paired_same_month_identical_orders
breach,later,monthly,2018-01,logistic_l2,DPB,,selected_90d,common_support_ge20,calibration_slope,0.933192619739,0.997029409037,-0.0638367892974,4261,c3306cb36b0882481e724b819e6b942b80d4fc0cb8fb1250c1c235be938e0805,paired_same_month_identical_orders
breach,later,monthly,2018-01,logistic_l2,DPB,,selected_90d,common_support_ge20,wace,0.0094657120512,0.00837949062781,0.00108622142339,4261,c3306cb36b0882481e724b819e6b942b80d4fc0cb8fb1250c1c235be938e0805,paired_same_month_identical_orders
breach,later,monthly,2018-01,logistic_l2,DPG,,promise_only,all_mature_support_ge20,absolute_calibration_intercept_error,0.209492187699,3.57753558386,-3.36804339616,6848,a8259b83a598732e8d792ebb52388050b2b7ba388157abdcb364b62a3abc21eb,paired_same_month_identical_orders
breach,later,monthly,2018-01,logistic_l2,DPG,,promise_only,all_mature_support_ge20,absolute_calibration_slope_error,0.165090738615,1.24063600294,-1.07554526432,6848,a8259b83a598732e8d792ebb52388050b2b7ba388157abdcb364b62a3abc21eb,paired_same_month_identical_orders
breach,later,monthly,2018-01,logistic_l2,DPG,,promise_only,all_mature_support_ge20,calibration_intercept,-0.209492187699,-3.57753558386,3.36804339616,6848,a8259b83a598732e8d792ebb52388050b2b7ba388157abdcb364b62a3abc21eb,paired_same_month_identical_orders
breach,later,monthly,2018-01,logistic_l2,DPG,,promise_only,all_mature_support_ge20,calibration_slope,0.834909261385,-0.240636002938,1.07554526432,6848,a8259b83a598732e8d792ebb52388050b2b7ba388157abdcb364b62a3abc21eb,paired_same_month_identical_orders
breach,later,monthly,2018-01,logistic_l2,DPG,,promise_only,all_mature_support_ge20,wace,0.0144430202649,0.0231513601722,-0.00870833990727,6848,a8259b83a598732e8d792ebb52388050b2b7ba388157abdcb364b62a3abc21eb,paired_same_month_identical_orders
breach,later,monthly,2018-01,logistic_l2,DPG,,promise_only,all_orders,absolute_calibration_intercept_error,0.135936189137,3.51670146206,-3.38076527293,7069,ee393306bea41ea6bceb8fcfabd7cbb43b7db39a083d42187f0a69ab3a3539a6,paired_same_month_identical_orders
breach,later,monthly,2018-01,logistic_l2,DPG,,promise_only,all_orders,absolute_calibration_slope_error,0.14453472604,1.22400281274,-1.0794680867,7069,ee393306bea41ea6bceb8fcfabd7cbb43b7db39a083d42187f0a69ab3a3539a6,paired_same_month_identical_orders
breach,later,monthly,2018-01,logistic_l2,DPG,,promise_only,all_orders,calibration_intercept,-0.135936189137,-3.51670146206,3.38076527293,7069,ee393306bea41ea6bceb8fcfabd7cbb43b7db39a083d42187f0a69ab3a3539a6,paired_same_month_identical_orders
breach,later,monthly,2018-01,logistic_l2,DPG,,promise_only,all_orders,calibration_slope,0.85546527396,-0.224002812736,1.0794680867,7069,ee393306bea41ea6bceb8fcfabd7cbb43b7db39a083d42187f0a69ab3a3539a6,paired_same_month_identical_orders
breach,later,monthly,2018-01,logistic_l2,DPG,,promise_only,all_orders,wace,0.0152941829622,0.0239037354081,-0.00860955244593,7069,ee393306bea41ea6bceb8fcfabd7cbb43b7db39a083d42187f0a69ab3a3539a6,paired_same_month_identical_orders
breach,later,monthly,2018-01,logistic_l2,DPG,,selected_90d,all_orders,absolute_calibration_intercept_error,0.135936189137,0.0743962367279,0.0615399524094,7069,ee393306bea41ea6bceb8fcfabd7cbb43b7db39a083d42187f0a69ab3a3539a6,paired_same_month_identical_orders
breach,later,monthly,2018-01,logistic_l2,DPG,,selected_90d,all_orders,absolute_calibration_slope_error,0.14453472604,0.0745028802732,0.0700318457672,7069,ee393306bea41ea6bceb8fcfabd7cbb43b7db39a083d42187f0a69ab3a3539a6,paired_same_month_identical_orders
breach,later,monthly,2018-01,logistic_l2,DPG,,selected_90d,all_orders,calibration_intercept,-0.135936189137,-0.0743962367279,-0.0615399524094,7069,ee393306bea41ea6bceb8fcfabd7cbb43b7db39a083d42187f0a69ab3a3539a6,paired_same_month_identical_orders
breach,later,monthly,2018-01,logistic_l2,DPG,,selected_90d,all_orders,calibration_slope,0.85546527396,0.925497119727,-0.0700318457672,7069,ee393306bea41ea6bceb8fcfabd7cbb43b7db39a083d42187f0a69ab3a3539a6,paired_same_month_identical_orders
breach,later,monthly,2018-01,logistic_l2,DPG,,selected_90d,all_orders,wace,0.0152941829622,0.00935348856106,0.00594069440115,7069,ee393306bea41ea6bceb8fcfabd7cbb43b7db39a083d42187f0a69ab3a3539a6,paired_same_month_identical_orders
breach,later,monthly,2018-01,logistic_l2,DPG,,selected_90d,common_support_ge20,absolute_calibration_intercept_error,0.225706854606,0.137737043746,0.0879698108597,6683,d944e88f896a259a9f4bf390aab2dacfdedd809348671d0240178db2be712368,paired_same_month_identical_orders
breach,later,monthly,2018-01,logistic_l2,DPG,,selected_90d,common_support_ge20,absolute_calibration_slope_error,0.168695592717,0.0908340618529,0.077861530864,6683,d944e88f896a259a9f4bf390aab2dacfdedd809348671d0240178db2be712368,paired_same_month_identical_orders
breach,later,monthly,2018-01,logistic_l2,DPG,,selected_90d,common_support_ge20,calibration_intercept,-0.225706854606,-0.137737043746,-0.0879698108597,6683,d944e88f896a259a9f4bf390aab2dacfdedd809348671d0240178db2be712368,paired_same_month_identical_orders
breach,later,monthly,2018-01,logistic_l2,DPG,,selected_90d,common_support_ge20,calibration_slope,0.831304407283,0.909165938147,-0.077861530864,6683,d944e88f896a259a9f4bf390aab2dacfdedd809348671d0240178db2be712368,paired_same_month_identical_orders
breach,later,monthly,2018-01,logistic_l2,DPG,,selected_90d,common_support_ge20,wace,0.0139808652145,0.00817682511484,0.00580404009965,6683,d944e88f896a259a9f4bf390aab2dacfdedd809348671d0240178db2be712368,paired_same_month_identical_orders
breach,later,monthly,2018-01,logistic_l2,DPS,,promise_only,all_mature_support_ge20,absolute_calibration_intercept_error,2.4927352753,4.43087697575,-1.93814170045,5136,514d7609b5720738435f4e4cb5b5fd9cd7bb326b10a62d9899a86c2bd4b85718,paired_same_month_identical_orders
breach,later,monthly,2018-01,logistic_l2,DPS,,promise_only,all_mature_support_ge20,absolute_calibration_slope_error,0.878935034645,1.48885147751,-0.609916442861,5136,514d7609b5720738435f4e4cb5b5fd9cd7bb326b10a62d9899a86c2bd4b85718,paired_same_month_identical_orders
breach,later,monthly,2018-01,logistic_l2,DPS,,promise_only,all_mature_support_ge20,calibration_intercept,-2.4927352753,-4.43087697575,1.93814170045,5136,514d7609b5720738435f4e4cb5b5fd9cd7bb326b10a62d9899a86c2bd4b85718,paired_same_month_identical_orders
breach,later,monthly,2018-01,logistic_l2,DPS,,promise_only,all_mature_support_ge20,calibration_slope,0.121064965355,-0.488851477506,0.609916442861,5136,514d7609b5720738435f4e4cb5b5fd9cd7bb326b10a62d9899a86c2bd4b85718,paired_same_month_identical_orders
breach,later,monthly,2018-01,logistic_l2,DPS,,promise_only,all_mature_support_ge20,wace,0.0182057074729,0.0228751064497,-0.00466939897682,5136,514d7609b5720738435f4e4cb5b5fd9cd7bb326b10a62d9899a86c2bd4b85718,paired_same_month_identical_orders
breach,later,monthly,2018-01,logistic_l2,DPS,,promise_only,all_orders,absolute_calibration_intercept_error,2.04956302102,3.51670146206,-1.46713844104,7069,ee393306bea41ea6bceb8fcfabd7cbb43b7db39a083d42187f0a69ab3a3539a6,paired_same_month_identical_orders
breach,later,monthly,2018-01,logistic_l2,DPS,,promise_only,all_orders,absolute_calibration_slope_error,0.762159243738,1.22400281274,-0.461843568998,7069,ee393306bea41ea6bceb8fcfabd7cbb43b7db39a083d42187f0a69ab3a3539a6,paired_same_month_identical_orders
breach,later,monthly,2018-01,logistic_l2,DPS,,promise_only,all_orders,calibration_intercept,-2.04956302102,-3.51670146206,1.46713844104,7069,ee393306bea41ea6bceb8fcfabd7cbb43b7db39a083d42187f0a69ab3a3539a6,paired_same_month_identical_orders
breach,later,monthly,2018-01,logistic_l2,DPS,,promise_only,all_orders,calibration_slope,0.237840756262,-0.224002812736,0.461843568998,7069,ee393306bea41ea6bceb8fcfabd7cbb43b7db39a083d42187f0a69ab3a3539a6,paired_same_month_identical_orders
breach,later,monthly,2018-01,logistic_l2,DPS,,promise_only,all_orders,wace,0.0186770219858,0.0239037354081,-0.00522671342235,7069,ee393306bea41ea6bceb8fcfabd7cbb43b7db39a083d42187f0a69ab3a3539a6,paired_same_month_identical_orders
breach,later,monthly,2018-01,logistic_l2,DPS,,selected_90d,all_orders,absolute_calibration_intercept_error,2.04956302102,1.5472264393,0.502336581718,7069,ee393306bea41ea6bceb8fcfabd7cbb43b7db39a083d42187f0a69ab3a3539a6,paired_same_month_identical_orders
breach,later,monthly,2018-01,logistic_l2,DPS,,selected_90d,all_orders,absolute_calibration_slope_error,0.762159243738,0.597732980996,0.164426262743,7069,ee393306bea41ea6bceb8fcfabd7cbb43b7db39a083d42187f0a69ab3a3539a6,paired_same_month_identical_orders
breach,later,monthly,2018-01,logistic_l2,DPS,,selected_90d,all_orders,calibration_intercept,-2.04956302102,-1.5472264393,-0.502336581718,7069,ee393306bea41ea6bceb8fcfabd7cbb43b7db39a083d42187f0a69ab3a3539a6,paired_same_month_identical_orders
breach,later,monthly,2018-01,logistic_l2,DPS,,selected_90d,all_orders,calibration_slope,0.237840756262,0.402267019004,-0.164426262743,7069,ee393306bea41ea6bceb8fcfabd7cbb43b7db39a083d42187f0a69ab3a3539a6,paired_same_month_identical_orders
breach,later,monthly,2018-01,logistic_l2,DPS,,selected_90d,all_orders,wace,0.0186770219858,0.013950909185,0.0047261128008,7069,ee393306bea41ea6bceb8fcfabd7cbb43b7db39a083d42187f0a69ab3a3539a6,paired_same_month_identical_orders
breach,later,monthly,2018-01,logistic_l2,DPS,,selected_90d,common_support_ge20,absolute_calibration_intercept_error,2.18041241572,1.83284373969,0.347568676037,4397,bdab3308f786b6e9296647bb1f40f6387f1c09625e6c7d4c713f58d2215418ca,paired_same_month_identical_orders
breach,later,monthly,2018-01,logistic_l2,DPS,,selected_90d,common_support_ge20,absolute_calibration_slope_error,0.772152433438,0.660515919527,0.11163651391,4397,bdab3308f786b6e9296647bb1f40f6387f1c09625e6c7d4c713f58d2215418ca,paired_same_month_identical_orders
breach,later,monthly,2018-01,logistic_l2,DPS,,selected_90d,common_support_ge20,calibration_intercept,-2.18041241572,-1.83284373969,-0.347568676037,4397,bdab3308f786b6e9296647bb1f40f6387f1c09625e6c7d4c713f58d2215418ca,paired_same_month_identical_orders
breach,later,monthly,2018-01,logistic_l2,DPS,,selected_90d,common_support_ge20,calibration_slope,0.227847566562,0.339484080473,-0.11163651391,4397,bdab3308f786b6e9296647bb1f40f6387f1c09625e6c7d4c713f58d2215418ca,paired_same_month_identical_orders
breach,later,monthly,2018-01,logistic_l2,DPS,,selected_90d,common_support_ge20,wace,0.0165673499084,0.011986541806,0.00458080810241,4397,bdab3308f786b6e9296647bb1f40f6387f1c09625e6c7d4c713f58d2215418ca,paired_same_month_identical_orders
breach,later,monthly,2018-01,xgboost,DPB,,promise_only,all_mature_support_ge20,absolute_calibration_intercept_error,6.05296903031,14.7920439923,-8.73907496196,5047,e19a09cfd01efdcc249492f2cfefe77cff09ae0bf159146e3b78d0eedd3757bb,paired_same_month_identical_orders
breach,later,monthly,2018-01,xgboost,DPB,,promise_only,all_mature_support_ge20,absolute_calibration_slope_error,1.92168300817,4.85160496777,-2.92992195961,5047,e19a09cfd01efdcc249492f2cfefe77cff09ae0bf159146e3b78d0eedd3757bb,paired_same_month_identical_orders
breach,later,monthly,2018-01,xgboost,DPB,,promise_only,all_mature_support_ge20,calibration_intercept,6.05296903031,-14.7920439923,20.8450130226,5047,e19a09cfd01efdcc249492f2cfefe77cff09ae0bf159146e3b78d0eedd3757bb,paired_same_month_identical_orders
breach,later,monthly,2018-01,xgboost,DPB,,promise_only,all_mature_support_ge20,calibration_slope,2.92168300817,-3.85160496777,6.77328797594,5047,e19a09cfd01efdcc249492f2cfefe77cff09ae0bf159146e3b78d0eedd3757bb,paired_same_month_identical_orders
breach,later,monthly,2018-01,xgboost,DPB,,promise_only,all_mature_support_ge20,wace,0.0238291167058,0.0144408419831,0.00938827472265,5047,e19a09cfd01efdcc249492f2cfefe77cff09ae0bf159146e3b78d0eedd3757bb,paired_same_month_identical_orders
breach,later,monthly,2018-01,xgboost,DPB,,promise_only,all_orders,absolute_calibration_intercept_error,6.10919206914,5.67757799403,0.431614075102,7069,ee393306bea41ea6bceb8fcfabd7cbb43b7db39a083d42187f0a69ab3a3539a6,paired_same_month_identical_orders
breach,later,monthly,2018-01,xgboost,DPB,,promise_only,all_orders,absolute_calibration_slope_error,1.91102025468,1.92896485235,-0.0179445976711,7069,ee393306bea41ea6bceb8fcfabd7cbb43b7db39a083d42187f0a69ab3a3539a6,paired_same_month_identical_orders
breach,later,monthly,2018-01,xgboost,DPB,,promise_only,all_orders,calibration_intercept,6.10919206914,-5.67757799403,11.7867700632,7069,ee393306bea41ea6bceb8fcfabd7cbb43b7db39a083d42187f0a69ab3a3539a6,paired_same_month_identical_orders
breach,later,monthly,2018-01,xgboost,DPB,,promise_only,all_orders,calibration_slope,2.91102025468,-0.928964852352,3.83998510703,7069,ee393306bea41ea6bceb8fcfabd7cbb43b7db39a083d42187f0a69ab3a3539a6,paired_same_month_identical_orders
breach,later,monthly,2018-01,xgboost,DPB,,promise_only,all_orders,wace,0.0238111055571,0.0167570765094,0.00705402904762,7069,ee393306bea41ea6bceb8fcfabd7cbb43b7db39a083d42187f0a69ab3a3539a6,paired_same_month_identical_orders
breach,later,monthly,2018-01,xgboost,DPB,,selected_90d,all_orders,absolute_calibration_intercept_error,6.10919206914,8.77232105173,-2.66312898259,7069,ee393306bea41ea6bceb8fcfabd7cbb43b7db39a083d42187f0a69ab3a3539a6,paired_same_month_identical_orders
breach,later,monthly,2018-01,xgboost,DPB,,selected_90d,all_orders,absolute_calibration_slope_error,1.91102025468,2.78412242689,-0.873102172213,7069,ee393306bea41ea6bceb8fcfabd7cbb43b7db39a083d42187f0a69ab3a3539a6,paired_same_month_identical_orders
breach,later,monthly,2018-01,xgboost,DPB,,selected_90d,all_orders,calibration_intercept,6.10919206914,8.77232105173,-2.66312898259,7069,ee393306bea41ea6bceb8fcfabd7cbb43b7db39a083d42187f0a69ab3a3539a6,paired_same_month_identical_orders
breach,later,monthly,2018-01,xgboost,DPB,,selected_90d,all_orders,calibration_slope,2.91102025468,3.78412242689,-0.873102172213,7069,ee393306bea41ea6bceb8fcfabd7cbb43b7db39a083d42187f0a69ab3a3539a6,paired_same_month_identical_orders
breach,later,monthly,2018-01,xgboost,DPB,,selected_90d,all_orders,wace,0.0238111055571,0.0249893733385,-0.00117826778142,7069,ee393306bea41ea6bceb8fcfabd7cbb43b7db39a083d42187f0a69ab3a3539a6,paired_same_month_identical_orders
breach,later,monthly,2018-01,xgboost,DPB,,selected_90d,common_support_ge20,absolute_calibration_intercept_error,7.9133952503,8.49588013713,-0.582484886825,4261,c3306cb36b0882481e724b819e6b942b80d4fc0cb8fb1250c1c235be938e0805,paired_same_month_identical_orders
breach,later,monthly,2018-01,xgboost,DPB,,selected_90d,common_support_ge20,absolute_calibration_slope_error,2.53936253626,2.72891118653,-0.189548650265,4261,c3306cb36b0882481e724b819e6b942b80d4fc0cb8fb1250c1c235be938e0805,paired_same_month_identical_orders
breach,later,monthly,2018-01,xgboost,DPB,,selected_90d,common_support_ge20,calibration_intercept,7.9133952503,8.49588013713,-0.582484886825,4261,c3306cb36b0882481e724b819e6b942b80d4fc0cb8fb1250c1c235be938e0805,paired_same_month_identical_orders
breach,later,monthly,2018-01,xgboost,DPB,,selected_90d,common_support_ge20,calibration_slope,3.53936253626,3.72891118653,-0.189548650265,4261,c3306cb36b0882481e724b819e6b942b80d4fc0cb8fb1250c1c235be938e0805,paired_same_month_identical_orders
breach,later,monthly,2018-01,xgboost,DPB,,selected_90d,common_support_ge20,wace,0.0241113714253,0.0240866422672,2.47291580801e-05,4261,c3306cb36b0882481e724b819e6b942b80d4fc0cb8fb1250c1c235be938e0805,paired_same_month_identical_orders
breach,later,monthly,2018-01,xgboost,DPG,,promise_only,all_mature_support_ge20,absolute_calibration_intercept_error,9.22409175966,5.27893941966,3.94515233999,6848,a8259b83a598732e8d792ebb52388050b2b7ba388157abdcb364b62a3abc21eb,paired_same_month_identical_orders
breach,later,monthly,2018-01,xgboost,DPG,,promise_only,all_mature_support_ge20,absolute_calibration_slope_error,2.91602135755,1.79717469916,1.11884665839,6848,a8259b83a598732e8d792ebb52388050b2b7ba388157abdcb364b62a3abc21eb,paired_same_month_identical_orders
breach,later,monthly,2018-01,xgboost,DPG,,promise_only,all_mature_support_ge20,calibration_intercept,9.22409175966,-5.27893941966,14.5030311793,6848,a8259b83a598732e8d792ebb52388050b2b7ba388157abdcb364b62a3abc21eb,paired_same_month_identical_orders
breach,later,monthly,2018-01,xgboost,DPG,,promise_only,all_mature_support_ge20,calibration_slope,3.91602135755,-0.797174699157,4.7131960567,6848,a8259b83a598732e8d792ebb52388050b2b7ba388157abdcb364b62a3abc21eb,paired_same_month_identical_orders
breach,later,monthly,2018-01,xgboost,DPG,,promise_only,all_mature_support_ge20,wace,0.0228143251364,0.0163464685168,0.00646785661964,6848,a8259b83a598732e8d792ebb52388050b2b7ba388157abdcb364b62a3abc21eb,paired_same_month_identical_orders
breach,later,monthly,2018-01,xgboost,DPG,,promise_only,all_orders,absolute_calibration_intercept_error,9.45563005176,5.67757799403,3.77805205772,7069,ee393306bea41ea6bceb8fcfabd7cbb43b7db39a083d42187f0a69ab3a3539a6,paired_same_month_identical_orders
breach,later,monthly,2018-01,xgboost,DPG,,promise_only,all_orders,absolute_calibration_slope_error,2.98862462813,1.92896485235,1.05965977578,7069,ee393306bea41ea6bceb8fcfabd7cbb43b7db39a083d42187f0a69ab3a3539a6,paired_same_month_identical_orders
breach,later,monthly,2018-01,xgboost,DPG,,promise_only,all_orders,calibration_intercept,9.45563005176,-5.67757799403,15.1332080458,7069,ee393306bea41ea6bceb8fcfabd7cbb43b7db39a083d42187f0a69ab3a3539a6,paired_same_month_identical_orders
breach,later,monthly,2018-01,xgboost,DPG,,promise_only,all_orders,calibration_slope,3.98862462813,-0.928964852352,4.91758948048,7069,ee393306bea41ea6bceb8fcfabd7cbb43b7db39a083d42187f0a69ab3a3539a6,paired_same_month_identical_orders
breach,later,monthly,2018-01,xgboost,DPG,,promise_only,all_orders,wace,0.0237477207281,0.0167570765094,0.00699064421866,7069,ee393306bea41ea6bceb8fcfabd7cbb43b7db39a083d42187f0a69ab3a3539a6,paired_same_month_identical_orders
breach,later,monthly,2018-01,xgboost,DPG,,selected_90d,all_orders,absolute_calibration_intercept_error,9.45563005176,8.12198126913,1.33364878263,7069,ee393306bea41ea6bceb8fcfabd7cbb43b7db39a083d42187f0a69ab3a3539a6,paired_same_month_identical_orders
breach,later,monthly,2018-01,xgboost,DPG,,selected_90d,all_orders,absolute_calibration_slope_error,2.98862462813,2.54877779432,0.439846833812,7069,ee393306bea41ea6bceb8fcfabd7cbb43b7db39a083d42187f0a69ab3a3539a6,paired_same_month_identical_orders
breach,later,monthly,2018-01,xgboost,DPG,,selected_90d,all_orders,calibration_intercept,9.45563005176,8.12198126913,1.33364878263,7069,ee393306bea41ea6bceb8fcfabd7cbb43b7db39a083d42187f0a69ab3a3539a6,paired_same_month_identical_orders
breach,later,monthly,2018-01,xgboost,DPG,,selected_90d,all_orders,calibration_slope,3.98862462813,3.54877779432,0.439846833812,7069,ee393306bea41ea6bceb8fcfabd7cbb43b7db39a083d42187f0a69ab3a3539a6,paired_same_month_identical_orders
breach,later,monthly,2018-01,xgboost,DPG,,selected_90d,all_orders,wace,0.0237477207281,0.0242568121817,-0.000509091453604,7069,ee393306bea41ea6bceb8fcfabd7cbb43b7db39a083d42187f0a69ab3a3539a6,paired_same_month_identical_orders
breach,later,monthly,2018-01,xgboost,DPG,,selected_90d,common_support_ge20,absolute_calibration_intercept_error,9.18386160247,7.78738620641,1.39647539607,6683,d944e88f896a259a9f4bf390aab2dacfdedd809348671d0240178db2be712368,paired_same_month_identical_orders
breach,later,monthly,2018-01,xgboost,DPG,,selected_90d,common_support_ge20,absolute_calibration_slope_error,2.90444114037,2.4432948162,0.461146324176,6683,d944e88f896a259a9f4bf390aab2dacfdedd809348671d0240178db2be712368,paired_same_month_identical_orders
breach,later,monthly,2018-01,xgboost,DPG,,selected_90d,common_support_ge20,calibration_intercept,9.18386160247,7.78738620641,1.39647539607,6683,d944e88f896a259a9f4bf390aab2dacfdedd809348671d0240178db2be712368,paired_same_month_identical_orders
breach,later,monthly,2018-01,xgboost,DPG,,selected_90d,common_support_ge20,calibration_slope,3.90444114037,3.4432948162,0.461146324176,6683,d944e88f896a259a9f4bf390aab2dacfdedd809348671d0240178db2be712368,paired_same_month_identical_orders
breach,later,monthly,2018-01,xgboost,DPG,,selected_90d,common_support_ge20,wace,0.021990879879,0.0240465110773,-0.00205563119826,6683,d944e88f896a259a9f4bf390aab2dacfdedd809348671d0240178db2be712368,paired_same_month_identical_orders
breach,later,monthly,2018-01,xgboost,DPS,,promise_only,all_mature_support_ge20,absolute_calibration_intercept_error,0.246660886296,14.0407249804,-13.7940640941,5136,514d7609b5720738435f4e4cb5b5fd9cd7bb326b10a62d9899a86c2bd4b85718,paired_same_month_identical_orders
breach,later,monthly,2018-01,xgboost,DPS,,promise_only,all_mature_support_ge20,absolute_calibration_slope_error,0.013897242051,4.61098937251,-4.59709213046,5136,514d7609b5720738435f4e4cb5b5fd9cd7bb326b10a62d9899a86c2bd4b85718,paired_same_month_identical_orders
breach,later,monthly,2018-01,xgboost,DPS,,promise_only,all_mature_support_ge20,calibration_intercept,0.246660886296,-14.0407249804,14.2873858667,5136,514d7609b5720738435f4e4cb5b5fd9cd7bb326b10a62d9899a86c2bd4b85718,paired_same_month_identical_orders
breach,later,monthly,2018-01,xgboost,DPS,,promise_only,all_mature_support_ge20,calibration_slope,1.01389724205,-3.61098937251,4.62488661456,5136,514d7609b5720738435f4e4cb5b5fd9cd7bb326b10a62d9899a86c2bd4b85718,paired_same_month_identical_orders
breach,later,monthly,2018-01,xgboost,DPS,,promise_only,all_mature_support_ge20,wace,0.0101540304881,0.0144508160974,-0.00429678560927,5136,514d7609b5720738435f4e4cb5b5fd9cd7bb326b10a62d9899a86c2bd4b85718,paired_same_month_identical_orders
breach,later,monthly,2018-01,xgboost,DPS,,promise_only,all_orders,absolute_calibration_intercept_error,1.30724092343,5.67757799403,-4.37033707061,7069,ee393306bea41ea6bceb8fcfabd7cbb43b7db39a083d42187f0a69ab3a3539a6,paired_same_month_identical_orders
breach,later,monthly,2018-01,xgboost,DPS,,promise_only,all_orders,absolute_calibration_slope_error,0.334331578144,1.92896485235,-1.59463327421,7069,ee393306bea41ea6bceb8fcfabd7cbb43b7db39a083d42187f0a69ab3a3539a6,paired_same_month_identical_orders
breach,later,monthly,2018-01,xgboost,DPS,,promise_only,all_orders,calibration_intercept,1.30724092343,-5.67757799403,6.98481891746,7069,ee393306bea41ea6bceb8fcfabd7cbb43b7db39a083d42187f0a69ab3a3539a6,paired_same_month_identical_orders
breach,later,monthly,2018-01,xgboost,DPS,,promise_only,all_orders,calibration_slope,1.33433157814,-0.928964852352,2.2632964305,7069,ee393306bea41ea6bceb8fcfabd7cbb43b7db39a083d42187f0a69ab3a3539a6,paired_same_month_identical_orders
breach,later,monthly,2018-01,xgboost,DPS,,promise_only,all_orders,wace,0.0131837607309,0.0167570765094,-0.00357331577853,7069,ee393306bea41ea6bceb8fcfabd7cbb43b7db39a083d42187f0a69ab3a3539a6,paired_same_month_identical_orders
breach,later,monthly,2018-01,xgboost,DPS,,selected_90d,all_orders,absolute_calibration_intercept_error,1.30724092343,6.56753818453,-5.2602972611,7069,ee393306bea41ea6bceb8fcfabd7cbb43b7db39a083d42187f0a69ab3a3539a6,paired_same_month_identical_orders
breach,later,monthly,2018-01,xgboost,DPS,,selected_90d,all_orders,absolute_calibration_slope_error,0.334331578144,2.04438079226,-1.71004921412,7069,ee393306bea41ea6bceb8fcfabd7cbb43b7db39a083d42187f0a69ab3a3539a6,paired_same_month_identical_orders
breach,later,monthly,2018-01,xgboost,DPS,,selected_90d,all_orders,calibration_intercept,1.30724092343,6.56753818453,-5.2602972611,7069,ee393306bea41ea6bceb8fcfabd7cbb43b7db39a083d42187f0a69ab3a3539a6,paired_same_month_identical_orders
breach,later,monthly,2018-01,xgboost,DPS,,selected_90d,all_orders,calibration_slope,1.33433157814,3.04438079226,-1.71004921412,7069,ee393306bea41ea6bceb8fcfabd7cbb43b7db39a083d42187f0a69ab3a3539a6,paired_same_month_identical_orders
breach,later,monthly,2018-01,xgboost,DPS,,selected_90d,all_orders,wace,0.0131837607309,0.0155631147867,-0.00237935405577,7069,ee393306bea41ea6bceb8fcfabd7cbb43b7db39a083d42187f0a69ab3a3539a6,paired_same_month_identical_orders
breach,later,monthly,2018-01,xgboost,DPS,,selected_90d,common_support_ge20,absolute_calibration_intercept_error,1.25853194769,5.50928942729,-4.25075747961,4397,bdab3308f786b6e9296647bb1f40f6387f1c09625e6c7d4c713f58d2215418ca,paired_same_month_identical_orders
breach,later,monthly,2018-01,xgboost,DPS,,selected_90d,common_support_ge20,absolute_calibration_slope_error,0.350248309409,1.72820410907,-1.37795579966,4397,bdab3308f786b6e9296647bb1f40f6387f1c09625e6c7d4c713f58d2215418ca,paired_same_month_identical_orders
breach,later,monthly,2018-01,xgboost,DPS,,selected_90d,common_support_ge20,calibration_intercept,1.25853194769,5.50928942729,-4.25075747961,4397,bdab3308f786b6e9296647bb1f40f6387f1c09625e6c7d4c713f58d2215418ca,paired_same_month_identical_orders
breach,later,monthly,2018-01,xgboost,DPS,,selected_90d,common_support_ge20,calibration_slope,1.35024830941,2.72820410907,-1.37795579966,4397,bdab3308f786b6e9296647bb1f40f6387f1c09625e6c7d4c713f58d2215418ca,paired_same_month_identical_orders
breach,later,monthly,2018-01,xgboost,DPS,,selected_90d,common_support_ge20,wace,0.0115528062057,0.0157297647937,-0.00417695858801,4397,bdab3308f786b6e9296647bb1f40f6387f1c09625e6c7d4c713f58d2215418ca,paired_same_month_identical_orders
breach,later,monthly,2018-02,logistic_l2,DPB,,promise_only,all_mature_support_ge20,absolute_calibration_intercept_error,1.43233137664,1.34501103128,0.0873203453585,4818,a516f6501878f188b567e846792c70eaa692be4628771c057f2e7d8aee6db160,paired_same_month_identical_orders
breach,later,monthly,2018-02,logistic_l2,DPB,,promise_only,all_mature_support_ge20,absolute_calibration_slope_error,0.288607234429,0.0811842739472,0.207422960482,4818,a516f6501878f188b567e846792c70eaa692be4628771c057f2e7d8aee6db160,paired_same_month_identical_orders
breach,later,monthly,2018-02,logistic_l2,DPB,,promise_only,all_mature_support_ge20,calibration_intercept,1.43233137664,1.34501103128,0.0873203453585,4818,a516f6501878f188b567e846792c70eaa692be4628771c057f2e7d8aee6db160,paired_same_month_identical_orders
breach,later,monthly,2018-02,logistic_l2,DPB,,promise_only,all_mature_support_ge20,calibration_slope,1.28860723443,1.08118427395,0.207422960482,4818,a516f6501878f188b567e846792c70eaa692be4628771c057f2e7d8aee6db160,paired_same_month_identical_orders
breach,later,monthly,2018-02,logistic_l2,DPB,,promise_only,all_mature_support_ge20,wace,0.0669124550372,0.0916470845015,-0.0247346294642,4818,a516f6501878f188b567e846792c70eaa692be4628771c057f2e7d8aee6db160,paired_same_month_identical_orders
breach,later,monthly,2018-02,logistic_l2,DPB,,promise_only,all_orders,absolute_calibration_intercept_error,1.1494234554,1.48242670492,-0.333003249513,6555,02786257f3541e7684cbb92ee3533cd5479cfac0aa39a1f4199a4465c8ee2f98,paired_same_month_identical_orders
breach,later,monthly,2018-02,logistic_l2,DPB,,promise_only,all_orders,absolute_calibration_slope_error,0.152591183949,0.128160283579,0.0244309003691,6555,02786257f3541e7684cbb92ee3533cd5479cfac0aa39a1f4199a4465c8ee2f98,paired_same_month_identical_orders
breach,later,monthly,2018-02,logistic_l2,DPB,,promise_only,all_orders,calibration_intercept,1.1494234554,1.48242670492,-0.333003249513,6555,02786257f3541e7684cbb92ee3533cd5479cfac0aa39a1f4199a4465c8ee2f98,paired_same_month_identical_orders
breach,later,monthly,2018-02,logistic_l2,DPB,,promise_only,all_orders,calibration_slope,1.15259118395,1.12816028358,0.0244309003691,6555,02786257f3541e7684cbb92ee3533cd5479cfac0aa39a1f4199a4465c8ee2f98,paired_same_month_identical_orders
breach,later,monthly,2018-02,logistic_l2,DPB,,promise_only,all_orders,wace,0.0686498681702,0.0919092581352,-0.0232593899651,6555,02786257f3541e7684cbb92ee3533cd5479cfac0aa39a1f4199a4465c8ee2f98,paired_same_month_identical_orders
breach,later,monthly,2018-02,logistic_l2,DPB,,selected_90d,all_orders,absolute_calibration_intercept_error,1.1494234554,1.0912565237,0.0581669317001,6555,02786257f3541e7684cbb92ee3533cd5479cfac0aa39a1f4199a4465c8ee2f98,paired_same_month_identical_orders
breach,later,monthly,2018-02,logistic_l2,DPB,,selected_90d,all_orders,absolute_calibration_slope_error,0.152591183949,0.187020546617,-0.0344293626682,6555,02786257f3541e7684cbb92ee3533cd5479cfac0aa39a1f4199a4465c8ee2f98,paired_same_month_identical_orders
breach,later,monthly,2018-02,logistic_l2,DPB,,selected_90d,all_orders,calibration_intercept,1.1494234554,1.0912565237,0.0581669317001,6555,02786257f3541e7684cbb92ee3533cd5479cfac0aa39a1f4199a4465c8ee2f98,paired_same_month_identical_orders
breach,later,monthly,2018-02,logistic_l2,DPB,,selected_90d,all_orders,calibration_slope,1.15259118395,1.18702054662,-0.0344293626682,6555,02786257f3541e7684cbb92ee3533cd5479cfac0aa39a1f4199a4465c8ee2f98,paired_same_month_identical_orders
breach,later,monthly,2018-02,logistic_l2,DPB,,selected_90d,all_orders,wace,0.0686498681702,0.0606029432055,0.00804692496468,6555,02786257f3541e7684cbb92ee3533cd5479cfac0aa39a1f4199a4465c8ee2f98,paired_same_month_identical_orders
breach,later,monthly,2018-02,logistic_l2,DPB,,selected_90d,common_support_ge20,absolute_calibration_intercept_error,1.34650180938,1.31476203295,0.0317397764286,4040,3858c91009e3a27f225a1c33d38f1f744476d0469eac2c1f571e7bf5cc29257f,paired_same_month_identical_orders
breach,later,monthly,2018-02,logistic_l2,DPB,,selected_90d,common_support_ge20,absolute_calibration_slope_error,0.270804645722,0.293724836345,-0.0229201906222,4040,3858c91009e3a27f225a1c33d38f1f744476d0469eac2c1f571e7bf5cc29257f,paired_same_month_identical_orders
breach,later,monthly,2018-02,logistic_l2,DPB,,selected_90d,common_support_ge20,calibration_intercept,1.34650180938,1.31476203295,0.0317397764286,4040,3858c91009e3a27f225a1c33d38f1f744476d0469eac2c1f571e7bf5cc29257f,paired_same_month_identical_orders
breach,later,monthly,2018-02,logistic_l2,DPB,,selected_90d,common_support_ge20,calibration_slope,1.27080464572,1.29372483634,-0.0229201906222,4040,3858c91009e3a27f225a1c33d38f1f744476d0469eac2c1f571e7bf5cc29257f,paired_same_month_identical_orders
breach,later,monthly,2018-02,logistic_l2,DPB,,selected_90d,common_support_ge20,wace,0.064422492625,0.0597119046378,0.00471058798726,4040,3858c91009e3a27f225a1c33d38f1f744476d0469eac2c1f571e7bf5cc29257f,paired_same_month_identical_orders
breach,later,monthly,2018-02,logistic_l2,DPG,,promise_only,all_mature_support_ge20,absolute_calibration_intercept_error,1.67227690577,1.34831951449,0.323957391278,6366,3bad9ee7862b18302c1646d36cdcf89ab811acf7a5cc94edf31997d08475b0ce,paired_same_month_identical_orders
breach,later,monthly,2018-02,logistic_l2,DPG,,promise_only,all_mature_support_ge20,absolute_calibration_slope_error,0.357616733779,0.0817095131881,0.275907220591,6366,3bad9ee7862b18302c1646d36cdcf89ab811acf7a5cc94edf31997d08475b0ce,paired_same_month_identical_orders
breach,later,monthly,2018-02,logistic_l2,DPG,,promise_only,all_mature_support_ge20,calibration_intercept,1.67227690577,1.34831951449,0.323957391278,6366,3bad9ee7862b18302c1646d36cdcf89ab811acf7a5cc94edf31997d08475b0ce,paired_same_month_identical_orders
breach,later,monthly,2018-02,logistic_l2,DPG,,promise_only,all_mature_support_ge20,calibration_slope,1.35761673378,1.08170951319,0.275907220591,6366,3bad9ee7862b18302c1646d36cdcf89ab811acf7a5cc94edf31997d08475b0ce,paired_same_month_identical_orders
breach,later,monthly,2018-02,logistic_l2,DPG,,promise_only,all_mature_support_ge20,wace,0.0708690224185,0.0921838361158,-0.0213148136973,6366,3bad9ee7862b18302c1646d36cdcf89ab811acf7a5cc94edf31997d08475b0ce,paired_same_month_identical_orders
breach,later,monthly,2018-02,logistic_l2,DPG,,promise_only,all_orders,absolute_calibration_intercept_error,1.59038053441,1.48242670492,0.107953829495,6555,02786257f3541e7684cbb92ee3533cd5479cfac0aa39a1f4199a4465c8ee2f98,paired_same_month_identical_orders
breach,later,monthly,2018-02,logistic_l2,DPG,,promise_only,all_orders,absolute_calibration_slope_error,0.321831203626,0.128160283579,0.193670920046,6555,02786257f3541e7684cbb92ee3533cd5479cfac0aa39a1f4199a4465c8ee2f98,paired_same_month_identical_orders
breach,later,monthly,2018-02,logistic_l2,DPG,,promise_only,all_orders,calibration_intercept,1.59038053441,1.48242670492,0.107953829495,6555,02786257f3541e7684cbb92ee3533cd5479cfac0aa39a1f4199a4465c8ee2f98,paired_same_month_identical_orders
breach,later,monthly,2018-02,logistic_l2,DPG,,promise_only,all_orders,calibration_slope,1.32183120363,1.12816028358,0.193670920046,6555,02786257f3541e7684cbb92ee3533cd5479cfac0aa39a1f4199a4465c8ee2f98,paired_same_month_identical_orders
breach,later,monthly,2018-02,logistic_l2,DPG,,promise_only,all_orders,wace,0.0708705227981,0.0919092581352,-0.0210387353371,6555,02786257f3541e7684cbb92ee3533cd5479cfac0aa39a1f4199a4465c8ee2f98,paired_same_month_identical_orders
breach,later,monthly,2018-02,logistic_l2,DPG,,selected_90d,all_orders,absolute_calibration_intercept_error,1.59038053441,1.748272296,-0.157891761584,6555,02786257f3541e7684cbb92ee3533cd5479cfac0aa39a1f4199a4465c8ee2f98,paired_same_month_identical_orders
breach,later,monthly,2018-02,logistic_l2,DPG,,selected_90d,all_orders,absolute_calibration_slope_error,0.321831203626,0.419473115899,-0.097641912273,6555,02786257f3541e7684cbb92ee3533cd5479cfac0aa39a1f4199a4465c8ee2f98,paired_same_month_identical_orders
breach,later,monthly,2018-02,logistic_l2,DPG,,selected_90d,all_orders,calibration_intercept,1.59038053441,1.748272296,-0.157891761584,6555,02786257f3541e7684cbb92ee3533cd5479cfac0aa39a1f4199a4465c8ee2f98,paired_same_month_identical_orders
breach,later,monthly,2018-02,logistic_l2,DPG,,selected_90d,all_orders,calibration_slope,1.32183120363,1.4194731159,-0.097641912273,6555,02786257f3541e7684cbb92ee3533cd5479cfac0aa39a1f4199a4465c8ee2f98,paired_same_month_identical_orders
breach,later,monthly,2018-02,logistic_l2,DPG,,selected_90d,all_orders,wace,0.0708705227981,0.0696934227895,0.00117710000866,6555,02786257f3541e7684cbb92ee3533cd5479cfac0aa39a1f4199a4465c8ee2f98,paired_same_month_identical_orders
breach,later,monthly,2018-02,logistic_l2,DPG,,selected_90d,common_support_ge20,absolute_calibration_intercept_error,1.6825472481,1.8924168685,-0.209869620408,6201,debdb48a4fdf964ddd4605915b497df4220e9ac3eafcd08683fc0f9f3613306e,paired_same_month_identical_orders
breach,later,monthly,2018-02,logistic_l2,DPG,,selected_90d,common_support_ge20,absolute_calibration_slope_error,0.362347024816,0.480548352434,-0.118201327618,6201,debdb48a4fdf964ddd4605915b497df4220e9ac3eafcd08683fc0f9f3613306e,paired_same_month_identical_orders
breach,later,monthly,2018-02,logistic_l2,DPG,,selected_90d,common_support_ge20,calibration_intercept,1.6825472481,1.8924168685,-0.209869620408,6201,debdb48a4fdf964ddd4605915b497df4220e9ac3eafcd08683fc0f9f3613306e,paired_same_month_identical_orders
breach,later,monthly,2018-02,logistic_l2,DPG,,selected_90d,common_support_ge20,calibration_slope,1.36234702482,1.48054835243,-0.118201327618,6201,debdb48a4fdf964ddd4605915b497df4220e9ac3eafcd08683fc0f9f3613306e,paired_same_month_identical_orders
breach,later,monthly,2018-02,logistic_l2,DPG,,selected_90d,common_support_ge20,wace,0.0711243455361,0.0710827062942,4.16392418936e-05,6201,debdb48a4fdf964ddd4605915b497df4220e9ac3eafcd08683fc0f9f3613306e,paired_same_month_identical_orders
breach,later,monthly,2018-02,logistic_l2,DPS,,promise_only,all_mature_support_ge20,absolute_calibration_intercept_error,0.427435067026,1.49933365163,-1.07189858461,4935,f0172f62a72c1803190532e50eef514c467eceb5aa016eeabfc0fa8df6ca7d98,paired_same_month_identical_orders
breach,later,monthly,2018-02,logistic_l2,DPS,,promise_only,all_mature_support_ge20,absolute_calibration_slope_error,0.217927132916,0.135371680569,0.0825554523473,4935,f0172f62a72c1803190532e50eef514c467eceb5aa016eeabfc0fa8df6ca7d98,paired_same_month_identical_orders
breach,later,monthly,2018-02,logistic_l2,DPS,,promise_only,all_mature_support_ge20,calibration_intercept,0.427435067026,1.49933365163,-1.07189858461,4935,f0172f62a72c1803190532e50eef514c467eceb5aa016eeabfc0fa8df6ca7d98,paired_same_month_identical_orders
breach,later,monthly,2018-02,logistic_l2,DPS,,promise_only,all_mature_support_ge20,calibration_slope,0.782072867084,1.13537168057,-0.353298813485,4935,f0172f62a72c1803190532e50eef514c467eceb5aa016eeabfc0fa8df6ca7d98,paired_same_month_identical_orders
breach,later,monthly,2018-02,logistic_l2,DPS,,promise_only,all_mature_support_ge20,wace,0.0859532927132,0.0913876302841,-0.00543433757096,4935,f0172f62a72c1803190532e50eef514c467eceb5aa016eeabfc0fa8df6ca7d98,paired_same_month_identical_orders
breach,later,monthly,2018-02,logistic_l2,DPS,,promise_only,all_orders,absolute_calibration_intercept_error,0.0196985310064,1.48242670492,-1.46272817391,6555,02786257f3541e7684cbb92ee3533cd5479cfac0aa39a1f4199a4465c8ee2f98,paired_same_month_identical_orders
breach,later,monthly,2018-02,logistic_l2,DPS,,promise_only,all_orders,absolute_calibration_slope_error,0.381405229009,0.128160283579,0.253244945429,6555,02786257f3541e7684cbb92ee3533cd5479cfac0aa39a1f4199a4465c8ee2f98,paired_same_month_identical_orders
breach,later,monthly,2018-02,logistic_l2,DPS,,promise_only,all_orders,calibration_intercept,-0.0196985310064,1.48242670492,-1.50212523592,6555,02786257f3541e7684cbb92ee3533cd5479cfac0aa39a1f4199a4465c8ee2f98,paired_same_month_identical_orders
breach,later,monthly,2018-02,logistic_l2,DPS,,promise_only,all_orders,calibration_slope,0.618594770991,1.12816028358,-0.509565512588,6555,02786257f3541e7684cbb92ee3533cd5479cfac0aa39a1f4199a4465c8ee2f98,paired_same_month_identical_orders
breach,later,monthly,2018-02,logistic_l2,DPS,,promise_only,all_orders,wace,0.0874744336307,0.0919092581352,-0.00443482450456,6555,02786257f3541e7684cbb92ee3533cd5479cfac0aa39a1f4199a4465c8ee2f98,paired_same_month_identical_orders
breach,later,monthly,2018-02,logistic_l2,DPS,,selected_90d,all_orders,absolute_calibration_intercept_error,0.0196985310064,0.205949198873,-0.186250667867,6555,02786257f3541e7684cbb92ee3533cd5479cfac0aa39a1f4199a4465c8ee2f98,paired_same_month_identical_orders
breach,later,monthly,2018-02,logistic_l2,DPS,,selected_90d,all_orders,absolute_calibration_slope_error,0.381405229009,0.44104522407,-0.059639995061,6555,02786257f3541e7684cbb92ee3533cd5479cfac0aa39a1f4199a4465c8ee2f98,paired_same_month_identical_orders
breach,later,monthly,2018-02,logistic_l2,DPS,,selected_90d,all_orders,calibration_intercept,-0.0196985310064,-0.205949198873,0.186250667867,6555,02786257f3541e7684cbb92ee3533cd5479cfac0aa39a1f4199a4465c8ee2f98,paired_same_month_identical_orders
breach,later,monthly,2018-02,logistic_l2,DPS,,selected_90d,all_orders,calibration_slope,0.618594770991,0.55895477593,0.059639995061,6555,02786257f3541e7684cbb92ee3533cd5479cfac0aa39a1f4199a4465c8ee2f98,paired_same_month_identical_orders
breach,later,monthly,2018-02,logistic_l2,DPS,,selected_90d,all_orders,wace,0.0874744336307,0.0861076378877,0.001366795743,6555,02786257f3541e7684cbb92ee3533cd5479cfac0aa39a1f4199a4465c8ee2f98,paired_same_month_identical_orders
breach,later,monthly,2018-02,logistic_l2,DPS,,selected_90d,common_support_ge20,absolute_calibration_intercept_error,0.502623155068,0.00751838997634,0.495104765091,4233,4ac72d2104af843715be222f9b9df77dd51a0878970629cb35c014a8e47dea6f,paired_same_month_identical_orders
breach,later,monthly,2018-02,logistic_l2,DPS,,selected_90d,common_support_ge20,absolute_calibration_slope_error,0.184895945046,0.369375969938,-0.184480024892,4233,4ac72d2104af843715be222f9b9df77dd51a0878970629cb35c014a8e47dea6f,paired_same_month_identical_orders
breach,later,monthly,2018-02,logistic_l2,DPS,,selected_90d,common_support_ge20,calibration_intercept,0.502623155068,-0.00751838997634,0.510141545044,4233,4ac72d2104af843715be222f9b9df77dd51a0878970629cb35c014a8e47dea6f,paired_same_month_identical_orders
breach,later,monthly,2018-02,logistic_l2,DPS,,selected_90d,common_support_ge20,calibration_slope,0.815104054954,0.630624030062,0.184480024892,4233,4ac72d2104af843715be222f9b9df77dd51a0878970629cb35c014a8e47dea6f,paired_same_month_identical_orders
breach,later,monthly,2018-02,logistic_l2,DPS,,selected_90d,common_support_ge20,wace,0.0846791551303,0.0855962546849,-0.000917099554528,4233,4ac72d2104af843715be222f9b9df77dd51a0878970629cb35c014a8e47dea6f,paired_same_month_identical_orders
breach,later,monthly,2018-02,xgboost,DPB,,promise_only,all_mature_support_ge20,absolute_calibration_intercept_error,4.3906277476,64.2823026297,-59.8916748821,4818,a516f6501878f188b567e846792c70eaa692be4628771c057f2e7d8aee6db160,paired_same_month_identical_orders
breach,later,monthly,2018-02,xgboost,DPB,,promise_only,all_mature_support_ge20,absolute_calibration_slope_error,1.1329240066,21.7262072105,-20.5932832039,4818,a516f6501878f188b567e846792c70eaa692be4628771c057f2e7d8aee6db160,paired_same_month_identical_orders
breach,later,monthly,2018-02,xgboost,DPB,,promise_only,all_mature_support_ge20,calibration_intercept,4.3906277476,64.2823026297,-59.8916748821,4818,a516f6501878f188b567e846792c70eaa692be4628771c057f2e7d8aee6db160,paired_same_month_identical_orders
breach,later,monthly,2018-02,xgboost,DPB,,promise_only,all_mature_support_ge20,calibration_slope,2.1329240066,22.7262072105,-20.5932832039,4818,a516f6501878f188b567e846792c70eaa692be4628771c057f2e7d8aee6db160,paired_same_month_identical_orders
breach,later,monthly,2018-02,xgboost,DPB,,promise_only,all_mature_support_ge20,wace,0.0916909855277,0.0924001143864,-0.000709128858752,4818,a516f6501878f188b567e846792c70eaa692be4628771c057f2e7d8aee6db160,paired_same_month_identical_orders
breach,later,monthly,2018-02,xgboost,DPB,,promise_only,all_orders,absolute_calibration_intercept_error,3.76017982043,62.6604895015,-58.9003096811,6555,02786257f3541e7684cbb92ee3533cd5479cfac0aa39a1f4199a4465c8ee2f98,paired_same_month_identical_orders
breach,later,monthly,2018-02,xgboost,DPB,,promise_only,all_orders,absolute_calibration_slope_error,0.91510880564,21.1688537524,-20.2537449468,6555,02786257f3541e7684cbb92ee3533cd5479cfac0aa39a1f4199a4465c8ee2f98,paired_same_month_identical_orders
breach,later,monthly,2018-02,xgboost,DPB,,promise_only,all_orders,calibration_intercept,3.76017982043,62.6604895015,-58.9003096811,6555,02786257f3541e7684cbb92ee3533cd5479cfac0aa39a1f4199a4465c8ee2f98,paired_same_month_identical_orders
breach,later,monthly,2018-02,xgboost,DPB,,promise_only,all_orders,calibration_slope,1.91510880564,22.1688537524,-20.2537449468,6555,02786257f3541e7684cbb92ee3533cd5479cfac0aa39a1f4199a4465c8ee2f98,paired_same_month_identical_orders
breach,later,monthly,2018-02,xgboost,DPB,,promise_only,all_orders,wace,0.0895005011484,0.0927568826094,-0.00325638146107,6555,02786257f3541e7684cbb92ee3533cd5479cfac0aa39a1f4199a4465c8ee2f98,paired_same_month_identical_orders
breach,later,monthly,2018-02,xgboost,DPB,,selected_90d,all_orders,absolute_calibration_intercept_error,3.76017982043,0.54437131669,3.21580850374,6555,02786257f3541e7684cbb92ee3533cd5479cfac0aa39a1f4199a4465c8ee2f98,paired_same_month_identical_orders
breach,later,monthly,2018-02,xgboost,DPB,,selected_90d,all_orders,absolute_calibration_slope_error,0.91510880564,0.557141883342,0.357966922298,6555,02786257f3541e7684cbb92ee3533cd5479cfac0aa39a1f4199a4465c8ee2f98,paired_same_month_identical_orders
breach,later,monthly,2018-02,xgboost,DPB,,selected_90d,all_orders,calibration_intercept,3.76017982043,-0.54437131669,4.30455113712,6555,02786257f3541e7684cbb92ee3533cd5479cfac0aa39a1f4199a4465c8ee2f98,paired_same_month_identical_orders
breach,later,monthly,2018-02,xgboost,DPB,,selected_90d,all_orders,calibration_slope,1.91510880564,0.442858116658,1.47225068898,6555,02786257f3541e7684cbb92ee3533cd5479cfac0aa39a1f4199a4465c8ee2f98,paired_same_month_identical_orders
breach,later,monthly,2018-02,xgboost,DPB,,selected_90d,all_orders,wace,0.0895005011484,0.0857509794409,0.0037495217075,6555,02786257f3541e7684cbb92ee3533cd5479cfac0aa39a1f4199a4465c8ee2f98,paired_same_month_identical_orders
breach,later,monthly,2018-02,xgboost,DPB,,selected_90d,common_support_ge20,absolute_calibration_intercept_error,3.8882992924,1.07119122666,2.81710806574,4040,3858c91009e3a27f225a1c33d38f1f744476d0469eac2c1f571e7bf5cc29257f,paired_same_month_identical_orders
breach,later,monthly,2018-02,xgboost,DPB,,selected_90d,common_support_ge20,absolute_calibration_slope_error,0.960023943735,0.741679594219,0.218344349517,4040,3858c91009e3a27f225a1c33d38f1f744476d0469eac2c1f571e7bf5cc29257f,paired_same_month_identical_orders
breach,later,monthly,2018-02,xgboost,DPB,,selected_90d,common_support_ge20,calibration_intercept,3.8882992924,-1.07119122666,4.95949051905,4040,3858c91009e3a27f225a1c33d38f1f744476d0469eac2c1f571e7bf5cc29257f,paired_same_month_identical_orders
breach,later,monthly,2018-02,xgboost,DPB,,selected_90d,common_support_ge20,calibration_slope,1.96002394374,0.258320405781,1.70170353795,4040,3858c91009e3a27f225a1c33d38f1f744476d0469eac2c1f571e7bf5cc29257f,paired_same_month_identical_orders
breach,later,monthly,2018-02,xgboost,DPB,,selected_90d,common_support_ge20,wace,0.0903930316928,0.0853446618884,0.00504836980437,4040,3858c91009e3a27f225a1c33d38f1f744476d0469eac2c1f571e7bf5cc29257f,paired_same_month_identical_orders
breach,later,monthly,2018-02,xgboost,DPG,,promise_only,all_mature_support_ge20,absolute_calibration_intercept_error,13.8377843892,65.1114133977,-51.2736290084,6366,3bad9ee7862b18302c1646d36cdcf89ab811acf7a5cc94edf31997d08475b0ce,paired_same_month_identical_orders
breach,later,monthly,2018-02,xgboost,DPG,,promise_only,all_mature_support_ge20,absolute_calibration_slope_error,4.3639753899,22.0119769857,-17.6480015958,6366,3bad9ee7862b18302c1646d36cdcf89ab811acf7a5cc94edf31997d08475b0ce,paired_same_month_identical_orders
breach,later,monthly,2018-02,xgboost,DPG,,promise_only,all_mature_support_ge20,calibration_intercept,13.8377843892,65.1114133977,-51.2736290084,6366,3bad9ee7862b18302c1646d36cdcf89ab811acf7a5cc94edf31997d08475b0ce,paired_same_month_identical_orders
breach,later,monthly,2018-02,xgboost,DPG,,promise_only,all_mature_support_ge20,calibration_slope,5.3639753899,23.0119769857,-17.6480015958,6366,3bad9ee7862b18302c1646d36cdcf89ab811acf7a5cc94edf31997d08475b0ce,paired_same_month_identical_orders
breach,later,monthly,2018-02,xgboost,DPG,,promise_only,all_mature_support_ge20,wace,0.091003140348,0.0931382173508,-0.0021350770028,6366,3bad9ee7862b18302c1646d36cdcf89ab811acf7a5cc94edf31997d08475b0ce,paired_same_month_identical_orders
breach,later,monthly,2018-02,xgboost,DPG,,promise_only,all_orders,absolute_calibration_intercept_error,13.7748262551,62.6604895015,-48.8856632464,6555,02786257f3541e7684cbb92ee3533cd5479cfac0aa39a1f4199a4465c8ee2f98,paired_same_month_identical_orders
breach,later,monthly,2018-02,xgboost,DPG,,promise_only,all_orders,absolute_calibration_slope_error,4.34438543892,21.1688537524,-16.8244683135,6555,02786257f3541e7684cbb92ee3533cd5479cfac0aa39a1f4199a4465c8ee2f98,paired_same_month_identical_orders
breach,later,monthly,2018-02,xgboost,DPG,,promise_only,all_orders,calibration_intercept,13.7748262551,62.6604895015,-48.8856632464,6555,02786257f3541e7684cbb92ee3533cd5479cfac0aa39a1f4199a4465c8ee2f98,paired_same_month_identical_orders
breach,later,monthly,2018-02,xgboost,DPG,,promise_only,all_orders,calibration_slope,5.34438543892,22.1688537524,-16.8244683135,6555,02786257f3541e7684cbb92ee3533cd5479cfac0aa39a1f4199a4465c8ee2f98,paired_same_month_identical_orders
breach,later,monthly,2018-02,xgboost,DPG,,promise_only,all_orders,wace,0.0901753992251,0.0927568826094,-0.00258148338429,6555,02786257f3541e7684cbb92ee3533cd5479cfac0aa39a1f4199a4465c8ee2f98,paired_same_month_identical_orders
breach,later,monthly,2018-02,xgboost,DPG,,selected_90d,all_orders,absolute_calibration_intercept_error,13.7748262551,1.54969779075,12.2251284644,6555,02786257f3541e7684cbb92ee3533cd5479cfac0aa39a1f4199a4465c8ee2f98,paired_same_month_identical_orders
breach,later,monthly,2018-02,xgboost,DPG,,selected_90d,all_orders,absolute_calibration_slope_error,4.34438543892,0.162026033613,4.18235940531,6555,02786257f3541e7684cbb92ee3533cd5479cfac0aa39a1f4199a4465c8ee2f98,paired_same_month_identical_orders
breach,later,monthly,2018-02,xgboost,DPG,,selected_90d,all_orders,calibration_intercept,13.7748262551,1.54969779075,12.2251284644,6555,02786257f3541e7684cbb92ee3533cd5479cfac0aa39a1f4199a4465c8ee2f98,paired_same_month_identical_orders
breach,later,monthly,2018-02,xgboost,DPG,,selected_90d,all_orders,calibration_slope,5.34438543892,1.16202603361,4.18235940531,6555,02786257f3541e7684cbb92ee3533cd5479cfac0aa39a1f4199a4465c8ee2f98,paired_same_month_identical_orders
breach,later,monthly,2018-02,xgboost,DPG,,selected_90d,all_orders,wace,0.0901753992251,0.0901830080462,-7.60882106027e-06,6555,02786257f3541e7684cbb92ee3533cd5479cfac0aa39a1f4199a4465c8ee2f98,paired_same_month_identical_orders
breach,later,monthly,2018-02,xgboost,DPG,,selected_90d,common_support_ge20,absolute_calibration_intercept_error,13.9306257407,1.53897153773,12.391654203,6201,debdb48a4fdf964ddd4605915b497df4220e9ac3eafcd08683fc0f9f3613306e,paired_same_month_identical_orders
breach,later,monthly,2018-02,xgboost,DPG,,selected_90d,common_support_ge20,absolute_calibration_slope_error,4.39189486844,0.15592995836,4.23596491008,6201,debdb48a4fdf964ddd4605915b497df4220e9ac3eafcd08683fc0f9f3613306e,paired_same_month_identical_orders
breach,later,monthly,2018-02,xgboost,DPG,,selected_90d,common_support_ge20,calibration_intercept,13.9306257407,1.53897153773,12.391654203,6201,debdb48a4fdf964ddd4605915b497df4220e9ac3eafcd08683fc0f9f3613306e,paired_same_month_identical_orders
breach,later,monthly,2018-02,xgboost,DPG,,selected_90d,common_support_ge20,calibration_slope,5.39189486844,1.15592995836,4.23596491008,6201,debdb48a4fdf964ddd4605915b497df4220e9ac3eafcd08683fc0f9f3613306e,paired_same_month_identical_orders
breach,later,monthly,2018-02,xgboost,DPG,,selected_90d,common_support_ge20,wace,0.092944331025,0.0927138590038,0.000230472021226,6201,debdb48a4fdf964ddd4605915b497df4220e9ac3eafcd08683fc0f9f3613306e,paired_same_month_identical_orders
breach,later,monthly,2018-02,xgboost,DPS,,promise_only,all_mature_support_ge20,absolute_calibration_intercept_error,6.8568186533,61.7151407941,-54.8583221407,4935,f0172f62a72c1803190532e50eef514c467eceb5aa016eeabfc0fa8df6ca7d98,paired_same_month_identical_orders
breach,later,monthly,2018-02,xgboost,DPS,,promise_only,all_mature_support_ge20,absolute_calibration_slope_error,1.98374738097,20.8440809702,-18.8603335892,4935,f0172f62a72c1803190532e50eef514c467eceb5aa016eeabfc0fa8df6ca7d98,paired_same_month_identical_orders
breach,later,monthly,2018-02,xgboost,DPS,,promise_only,all_mature_support_ge20,calibration_intercept,6.8568186533,61.7151407941,-54.8583221407,4935,f0172f62a72c1803190532e50eef514c467eceb5aa016eeabfc0fa8df6ca7d98,paired_same_month_identical_orders
breach,later,monthly,2018-02,xgboost,DPS,,promise_only,all_mature_support_ge20,calibration_slope,2.98374738097,21.8440809702,-18.8603335892,4935,f0172f62a72c1803190532e50eef514c467eceb5aa016eeabfc0fa8df6ca7d98,paired_same_month_identical_orders
breach,later,monthly,2018-02,xgboost,DPS,,promise_only,all_mature_support_ge20,wace,0.088933058314,0.0912412359397,-0.00230817762569,4935,f0172f62a72c1803190532e50eef514c467eceb5aa016eeabfc0fa8df6ca7d98,paired_same_month_identical_orders
breach,later,monthly,2018-02,xgboost,DPS,,promise_only,all_orders,absolute_calibration_intercept_error,7.4576379718,62.6604895015,-55.2028515298,6555,02786257f3541e7684cbb92ee3533cd5479cfac0aa39a1f4199a4465c8ee2f98,paired_same_month_identical_orders
breach,later,monthly,2018-02,xgboost,DPS,,promise_only,all_orders,absolute_calibration_slope_error,2.1881249282,21.1688537524,-18.9807288242,6555,02786257f3541e7684cbb92ee3533cd5479cfac0aa39a1f4199a4465c8ee2f98,paired_same_month_identical_orders
breach,later,monthly,2018-02,xgboost,DPS,,promise_only,all_orders,calibration_intercept,7.4576379718,62.6604895015,-55.2028515298,6555,02786257f3541e7684cbb92ee3533cd5479cfac0aa39a1f4199a4465c8ee2f98,paired_same_month_identical_orders
breach,later,monthly,2018-02,xgboost,DPS,,promise_only,all_orders,calibration_slope,3.1881249282,22.1688537524,-18.9807288242,6555,02786257f3541e7684cbb92ee3533cd5479cfac0aa39a1f4199a4465c8ee2f98,paired_same_month_identical_orders
breach,later,monthly,2018-02,xgboost,DPS,,promise_only,all_orders,wace,0.0894223665624,0.0927568826094,-0.00333451604705,6555,02786257f3541e7684cbb92ee3533cd5479cfac0aa39a1f4199a4465c8ee2f98,paired_same_month_identical_orders
breach,later,monthly,2018-02,xgboost,DPS,,selected_90d,all_orders,absolute_calibration_intercept_error,7.4576379718,7.10406798481,0.353569986982,6555,02786257f3541e7684cbb92ee3533cd5479cfac0aa39a1f4199a4465c8ee2f98,paired_same_month_identical_orders
breach,later,monthly,2018-02,xgboost,DPS,,selected_90d,all_orders,absolute_calibration_slope_error,2.1881249282,2.06674775246,0.121377175746,6555,02786257f3541e7684cbb92ee3533cd5479cfac0aa39a1f4199a4465c8ee2f98,paired_same_month_identical_orders
breach,later,monthly,2018-02,xgboost,DPS,,selected_90d,all_orders,calibration_intercept,7.4576379718,7.10406798481,0.353569986982,6555,02786257f3541e7684cbb92ee3533cd5479cfac0aa39a1f4199a4465c8ee2f98,paired_same_month_identical_orders
breach,later,monthly,2018-02,xgboost,DPS,,selected_90d,all_orders,calibration_slope,3.1881249282,3.06674775246,0.121377175746,6555,02786257f3541e7684cbb92ee3533cd5479cfac0aa39a1f4199a4465c8ee2f98,paired_same_month_identical_orders
breach,later,monthly,2018-02,xgboost,DPS,,selected_90d,all_orders,wace,0.0894223665624,0.0894069512941,1.54152683061e-05,6555,02786257f3541e7684cbb92ee3533cd5479cfac0aa39a1f4199a4465c8ee2f98,paired_same_month_identical_orders
breach,later,monthly,2018-02,xgboost,DPS,,selected_90d,common_support_ge20,absolute_calibration_intercept_error,5.77470735077,6.74069896631,-0.965991615542,4233,4ac72d2104af843715be222f9b9df77dd51a0878970629cb35c014a8e47dea6f,paired_same_month_identical_orders
breach,later,monthly,2018-02,xgboost,DPS,,selected_90d,common_support_ge20,absolute_calibration_slope_error,1.61404064993,1.94114281585,-0.32710216592,4233,4ac72d2104af843715be222f9b9df77dd51a0878970629cb35c014a8e47dea6f,paired_same_month_identical_orders
breach,later,monthly,2018-02,xgboost,DPS,,selected_90d,common_support_ge20,calibration_intercept,5.77470735077,6.74069896631,-0.965991615542,4233,4ac72d2104af843715be222f9b9df77dd51a0878970629cb35c014a8e47dea6f,paired_same_month_identical_orders
breach,later,monthly,2018-02,xgboost,DPS,,selected_90d,common_support_ge20,calibration_slope,2.61404064993,2.94114281585,-0.32710216592,4233,4ac72d2104af843715be222f9b9df77dd51a0878970629cb35c014a8e47dea6f,paired_same_month_identical_orders
breach,later,monthly,2018-02,xgboost,DPS,,selected_90d,common_support_ge20,wace,0.0885391152943,0.0888217524673,-0.000282637172983,4233,4ac72d2104af843715be222f9b9df77dd51a0878970629cb35c014a8e47dea6f,paired_same_month_identical_orders
breach,later,monthly,2018-03,logistic_l2,DPB,,promise_only,all_mature_support_ge20,absolute_calibration_intercept_error,1.43711415685,10.1377689179,-8.70065476107,5255,152afb018ca73175460b9179518e0c0295eff28da68e2c4f0cd6733825555276,paired_same_month_identical_orders
breach,later,monthly,2018-03,logistic_l2,DPB,,promise_only,all_mature_support_ge20,absolute_calibration_slope_error,0.224936230443,4.00618025577,-3.78124402532,5255,152afb018ca73175460b9179518e0c0295eff28da68e2c4f0cd6733825555276,paired_same_month_identical_orders
breach,later,monthly,2018-03,logistic_l2,DPB,,promise_only,all_mature_support_ge20,calibration_intercept,1.43711415685,-10.1377689179,11.5748830748,5255,152afb018ca73175460b9179518e0c0295eff28da68e2c4f0cd6733825555276,paired_same_month_identical_orders
breach,later,monthly,2018-03,logistic_l2,DPB,,promise_only,all_mature_support_ge20,calibration_slope,1.22493623044,-3.00618025577,4.23111648621,5255,152afb018ca73175460b9179518e0c0295eff28da68e2c4f0cd6733825555276,paired_same_month_identical_orders
breach,later,monthly,2018-03,logistic_l2,DPB,,promise_only,all_mature_support_ge20,wace,0.102150246073,0.13787116228,-0.0357209162067,5255,152afb018ca73175460b9179518e0c0295eff28da68e2c4f0cd6733825555276,paired_same_month_identical_orders
breach,later,monthly,2018-03,logistic_l2,DPB,,promise_only,all_orders,absolute_calibration_intercept_error,1.32591674795,7.5154405307,-6.18952378275,7003,184fab6850ceddcb6640c6d7c40a99ad76b6567a0af96fd41049a0eaafe65828,paired_same_month_identical_orders
breach,later,monthly,2018-03,logistic_l2,DPB,,promise_only,all_orders,absolute_calibration_slope_error,0.168955391674,3.09677601469,-2.92782062302,7003,184fab6850ceddcb6640c6d7c40a99ad76b6567a0af96fd41049a0eaafe65828,paired_same_month_identical_orders
breach,later,monthly,2018-03,logistic_l2,DPB,,promise_only,all_orders,calibration_intercept,1.32591674795,-7.5154405307,8.84135727864,7003,184fab6850ceddcb6640c6d7c40a99ad76b6567a0af96fd41049a0eaafe65828,paired_same_month_identical_orders
breach,later,monthly,2018-03,logistic_l2,DPB,,promise_only,all_orders,calibration_slope,1.16895539167,-2.09677601469,3.26573140636,7003,184fab6850ceddcb6640c6d7c40a99ad76b6567a0af96fd41049a0eaafe65828,paired_same_month_identical_orders
breach,later,monthly,2018-03,logistic_l2,DPB,,promise_only,all_orders,wace,0.102402865551,0.136962089728,-0.0345592241771,7003,184fab6850ceddcb6640c6d7c40a99ad76b6567a0af96fd41049a0eaafe65828,paired_same_month_identical_orders
breach,later,monthly,2018-03,logistic_l2,DPB,,selected_90d,all_orders,absolute_calibration_intercept_error,1.32591674795,1.44061490281,-0.114698154864,7003,184fab6850ceddcb6640c6d7c40a99ad76b6567a0af96fd41049a0eaafe65828,paired_same_month_identical_orders
breach,later,monthly,2018-03,logistic_l2,DPB,,selected_90d,all_orders,absolute_calibration_slope_error,0.168955391674,0.242744866267,-0.0737894745935,7003,184fab6850ceddcb6640c6d7c40a99ad76b6567a0af96fd41049a0eaafe65828,paired_same_month_identical_orders
breach,later,monthly,2018-03,logistic_l2,DPB,,selected_90d,all_orders,calibration_intercept,1.32591674795,1.44061490281,-0.114698154864,7003,184fab6850ceddcb6640c6d7c40a99ad76b6567a0af96fd41049a0eaafe65828,paired_same_month_identical_orders
breach,later,monthly,2018-03,logistic_l2,DPB,,selected_90d,all_orders,calibration_slope,1.16895539167,1.24274486627,-0.0737894745935,7003,184fab6850ceddcb6640c6d7c40a99ad76b6567a0af96fd41049a0eaafe65828,paired_same_month_identical_orders
breach,later,monthly,2018-03,logistic_l2,DPB,,selected_90d,all_orders,wace,0.102402865551,0.0994453559667,0.00295750958433,7003,184fab6850ceddcb6640c6d7c40a99ad76b6567a0af96fd41049a0eaafe65828,paired_same_month_identical_orders
breach,later,monthly,2018-03,logistic_l2,DPB,,selected_90d,common_support_ge20,absolute_calibration_intercept_error,1.43804486185,1.70741642191,-0.269371560061,4314,a51d8daf3a6cb588adf047ca40cc702a848e822cc66ecccad2616dc719c8289a,paired_same_month_identical_orders
breach,later,monthly,2018-03,logistic_l2,DPB,,selected_90d,common_support_ge20,absolute_calibration_slope_error,0.231356646881,0.345341246234,-0.113984599353,4314,a51d8daf3a6cb588adf047ca40cc702a848e822cc66ecccad2616dc719c8289a,paired_same_month_identical_orders
breach,later,monthly,2018-03,logistic_l2,DPB,,selected_90d,common_support_ge20,calibration_intercept,1.43804486185,1.70741642191,-0.269371560061,4314,a51d8daf3a6cb588adf047ca40cc702a848e822cc66ecccad2616dc719c8289a,paired_same_month_identical_orders
breach,later,monthly,2018-03,logistic_l2,DPB,,selected_90d,common_support_ge20,calibration_slope,1.23135664688,1.34534124623,-0.113984599353,4314,a51d8daf3a6cb588adf047ca40cc702a848e822cc66ecccad2616dc719c8289a,paired_same_month_identical_orders
breach,later,monthly,2018-03,logistic_l2,DPB,,selected_90d,common_support_ge20,wace,0.10271474826,0.104010241693,-0.00129549343274,4314,a51d8daf3a6cb588adf047ca40cc702a848e822cc66ecccad2616dc719c8289a,paired_same_month_identical_orders
breach,later,monthly,2018-03,logistic_l2,DPG,,promise_only,all_mature_support_ge20,absolute_calibration_intercept_error,1.81602390926,8.5983477627,-6.78232385344,6811,a47774f9289c7e7ab116cd7fa0db792f6203c9b45191dc9f9c930e7ca0516bb3,paired_same_month_identical_orders
breach,later,monthly,2018-03,logistic_l2,DPG,,promise_only,all_mature_support_ge20,absolute_calibration_slope_error,0.351456081374,3.46907251013,-3.11761642876,6811,a47774f9289c7e7ab116cd7fa0db792f6203c9b45191dc9f9c930e7ca0516bb3,paired_same_month_identical_orders
breach,later,monthly,2018-03,logistic_l2,DPG,,promise_only,all_mature_support_ge20,calibration_intercept,1.81602390926,-8.5983477627,10.414371672,6811,a47774f9289c7e7ab116cd7fa0db792f6203c9b45191dc9f9c930e7ca0516bb3,paired_same_month_identical_orders
breach,later,monthly,2018-03,logistic_l2,DPG,,promise_only,all_mature_support_ge20,calibration_slope,1.35145608137,-2.46907251013,3.82052859151,6811,a47774f9289c7e7ab116cd7fa0db792f6203c9b45191dc9f9c930e7ca0516bb3,paired_same_month_identical_orders
breach,later,monthly,2018-03,logistic_l2,DPG,,promise_only,all_mature_support_ge20,wace,0.106870882232,0.135654815044,-0.0287839328124,6811,a47774f9289c7e7ab116cd7fa0db792f6203c9b45191dc9f9c930e7ca0516bb3,paired_same_month_identical_orders
breach,later,monthly,2018-03,logistic_l2,DPG,,promise_only,all_orders,absolute_calibration_intercept_error,1.76213906638,7.5154405307,-5.75330146432,7003,184fab6850ceddcb6640c6d7c40a99ad76b6567a0af96fd41049a0eaafe65828,paired_same_month_identical_orders
breach,later,monthly,2018-03,logistic_l2,DPG,,promise_only,all_orders,absolute_calibration_slope_error,0.324407319233,3.09677601469,-2.77236869546,7003,184fab6850ceddcb6640c6d7c40a99ad76b6567a0af96fd41049a0eaafe65828,paired_same_month_identical_orders
breach,later,monthly,2018-03,logistic_l2,DPG,,promise_only,all_orders,calibration_intercept,1.76213906638,-7.5154405307,9.27757959708,7003,184fab6850ceddcb6640c6d7c40a99ad76b6567a0af96fd41049a0eaafe65828,paired_same_month_identical_orders
breach,later,monthly,2018-03,logistic_l2,DPG,,promise_only,all_orders,calibration_slope,1.32440731923,-2.09677601469,3.42118333392,7003,184fab6850ceddcb6640c6d7c40a99ad76b6567a0af96fd41049a0eaafe65828,paired_same_month_identical_orders
breach,later,monthly,2018-03,logistic_l2,DPG,,promise_only,all_orders,wace,0.108010014661,0.136962089728,-0.0289520750672,7003,184fab6850ceddcb6640c6d7c40a99ad76b6567a0af96fd41049a0eaafe65828,paired_same_month_identical_orders
breach,later,monthly,2018-03,logistic_l2,DPG,,selected_90d,all_orders,absolute_calibration_intercept_error,1.76213906638,2.17314759364,-0.411008527261,7003,184fab6850ceddcb6640c6d7c40a99ad76b6567a0af96fd41049a0eaafe65828,paired_same_month_identical_orders
breach,later,monthly,2018-03,logistic_l2,DPG,,selected_90d,all_orders,absolute_calibration_slope_error,0.324407319233,0.506967564071,-0.182560244838,7003,184fab6850ceddcb6640c6d7c40a99ad76b6567a0af96fd41049a0eaafe65828,paired_same_month_identical_orders
breach,later,monthly,2018-03,logistic_l2,DPG,,selected_90d,all_orders,calibration_intercept,1.76213906638,2.17314759364,-0.411008527261,7003,184fab6850ceddcb6640c6d7c40a99ad76b6567a0af96fd41049a0eaafe65828,paired_same_month_identical_orders
breach,later,monthly,2018-03,logistic_l2,DPG,,selected_90d,all_orders,calibration_slope,1.32440731923,1.50696756407,-0.182560244838,7003,184fab6850ceddcb6640c6d7c40a99ad76b6567a0af96fd41049a0eaafe65828,paired_same_month_identical_orders
breach,later,monthly,2018-03,logistic_l2,DPG,,selected_90d,all_orders,wace,0.108010014661,0.107736286282,0.000273728378481,7003,184fab6850ceddcb6640c6d7c40a99ad76b6567a0af96fd41049a0eaafe65828,paired_same_month_identical_orders
breach,later,monthly,2018-03,logistic_l2,DPG,,selected_90d,common_support_ge20,absolute_calibration_intercept_error,1.83256928931,2.35531979142,-0.522750502104,6658,e228da62144feb1362561964dc2758518495f0c492db6ad9bda07a346ba26585,paired_same_month_identical_orders
breach,later,monthly,2018-03,logistic_l2,DPG,,selected_90d,common_support_ge20,absolute_calibration_slope_error,0.359879100057,0.584934518696,-0.225055418639,6658,e228da62144feb1362561964dc2758518495f0c492db6ad9bda07a346ba26585,paired_same_month_identical_orders
breach,later,monthly,2018-03,logistic_l2,DPG,,selected_90d,common_support_ge20,calibration_intercept,1.83256928931,2.35531979142,-0.522750502104,6658,e228da62144feb1362561964dc2758518495f0c492db6ad9bda07a346ba26585,paired_same_month_identical_orders
breach,later,monthly,2018-03,logistic_l2,DPG,,selected_90d,common_support_ge20,calibration_slope,1.35987910006,1.5849345187,-0.225055418639,6658,e228da62144feb1362561964dc2758518495f0c492db6ad9bda07a346ba26585,paired_same_month_identical_orders
breach,later,monthly,2018-03,logistic_l2,DPG,,selected_90d,common_support_ge20,wace,0.10688475607,0.107341227431,-0.000456471361668,6658,e228da62144feb1362561964dc2758518495f0c492db6ad9bda07a346ba26585,paired_same_month_identical_orders
breach,later,monthly,2018-03,logistic_l2,DPS,,promise_only,all_mature_support_ge20,absolute_calibration_intercept_error,0.471911394463,9.03467056961,-8.56275917515,5381,ea9455d468abe33bda724fd2a58a3268cbda8a0eb80fc70bc33354dc413e863c,paired_same_month_identical_orders
breach,later,monthly,2018-03,logistic_l2,DPS,,promise_only,all_mature_support_ge20,absolute_calibration_slope_error,0.657241457712,3.62655878626,-2.96931732854,5381,ea9455d468abe33bda724fd2a58a3268cbda8a0eb80fc70bc33354dc413e863c,paired_same_month_identical_orders
breach,later,monthly,2018-03,logistic_l2,DPS,,promise_only,all_mature_support_ge20,calibration_intercept,-0.471911394463,-9.03467056961,8.56275917515,5381,ea9455d468abe33bda724fd2a58a3268cbda8a0eb80fc70bc33354dc413e863c,paired_same_month_identical_orders
breach,later,monthly,2018-03,logistic_l2,DPS,,promise_only,all_mature_support_ge20,calibration_slope,0.342758542288,-2.62655878626,2.96931732854,5381,ea9455d468abe33bda724fd2a58a3268cbda8a0eb80fc70bc33354dc413e863c,paired_same_month_identical_orders
breach,later,monthly,2018-03,logistic_l2,DPS,,promise_only,all_mature_support_ge20,wace,0.134434408088,0.138919295667,-0.00448488757888,5381,ea9455d468abe33bda724fd2a58a3268cbda8a0eb80fc70bc33354dc413e863c,paired_same_month_identical_orders
breach,later,monthly,2018-03,logistic_l2,DPS,,promise_only,all_orders,absolute_calibration_intercept_error,0.520999086616,7.5154405307,-6.99444144408,7003,184fab6850ceddcb6640c6d7c40a99ad76b6567a0af96fd41049a0eaafe65828,paired_same_month_identical_orders
breach,later,monthly,2018-03,logistic_l2,DPS,,promise_only,all_orders,absolute_calibration_slope_error,0.67237930925,3.09677601469,-2.42439670544,7003,184fab6850ceddcb6640c6d7c40a99ad76b6567a0af96fd41049a0eaafe65828,paired_same_month_identical_orders
breach,later,monthly,2018-03,logistic_l2,DPS,,promise_only,all_orders,calibration_intercept,-0.520999086616,-7.5154405307,6.99444144408,7003,184fab6850ceddcb6640c6d7c40a99ad76b6567a0af96fd41049a0eaafe65828,paired_same_month_identical_orders
breach,later,monthly,2018-03,logistic_l2,DPS,,promise_only,all_orders,calibration_slope,0.32762069075,-2.09677601469,2.42439670544,7003,184fab6850ceddcb6640c6d7c40a99ad76b6567a0af96fd41049a0eaafe65828,paired_same_month_identical_orders
breach,later,monthly,2018-03,logistic_l2,DPS,,promise_only,all_orders,wace,0.133389528299,0.136962089728,-0.00357256142946,7003,184fab6850ceddcb6640c6d7c40a99ad76b6567a0af96fd41049a0eaafe65828,paired_same_month_identical_orders
breach,later,monthly,2018-03,logistic_l2,DPS,,selected_90d,all_orders,absolute_calibration_intercept_error,0.520999086616,0.791714249312,-0.270715162696,7003,184fab6850ceddcb6640c6d7c40a99ad76b6567a0af96fd41049a0eaafe65828,paired_same_month_identical_orders
breach,later,monthly,2018-03,logistic_l2,DPS,,selected_90d,all_orders,absolute_calibration_slope_error,0.67237930925,0.76702335445,-0.0946440452001,7003,184fab6850ceddcb6640c6d7c40a99ad76b6567a0af96fd41049a0eaafe65828,paired_same_month_identical_orders
breach,later,monthly,2018-03,logistic_l2,DPS,,selected_90d,all_orders,calibration_intercept,-0.520999086616,-0.791714249312,0.270715162696,7003,184fab6850ceddcb6640c6d7c40a99ad76b6567a0af96fd41049a0eaafe65828,paired_same_month_identical_orders
breach,later,monthly,2018-03,logistic_l2,DPS,,selected_90d,all_orders,calibration_slope,0.32762069075,0.23297664555,0.0946440452001,7003,184fab6850ceddcb6640c6d7c40a99ad76b6567a0af96fd41049a0eaafe65828,paired_same_month_identical_orders
breach,later,monthly,2018-03,logistic_l2,DPS,,selected_90d,all_orders,wace,0.133389528299,0.13283169181,0.00055783648857,7003,184fab6850ceddcb6640c6d7c40a99ad76b6567a0af96fd41049a0eaafe65828,paired_same_month_identical_orders
breach,later,monthly,2018-03,logistic_l2,DPS,,selected_90d,common_support_ge20,absolute_calibration_intercept_error,0.835722777714,1.05190026618,-0.216177488466,4479,31be360739eb9ee1ee28f4171fa3dc87946a8c434f4f877482923c25a6875d40,paired_same_month_identical_orders
breach,later,monthly,2018-03,logistic_l2,DPS,,selected_90d,common_support_ge20,absolute_calibration_slope_error,0.790330425466,0.869028848564,-0.0786984230984,4479,31be360739eb9ee1ee28f4171fa3dc87946a8c434f4f877482923c25a6875d40,paired_same_month_identical_orders
breach,later,monthly,2018-03,logistic_l2,DPS,,selected_90d,common_support_ge20,calibration_intercept,-0.835722777714,-1.05190026618,0.216177488466,4479,31be360739eb9ee1ee28f4171fa3dc87946a8c434f4f877482923c25a6875d40,paired_same_month_identical_orders
breach,later,monthly,2018-03,logistic_l2,DPS,,selected_90d,common_support_ge20,calibration_slope,0.209669574534,0.130971151436,0.0786984230984,4479,31be360739eb9ee1ee28f4171fa3dc87946a8c434f4f877482923c25a6875d40,paired_same_month_identical_orders
breach,later,monthly,2018-03,logistic_l2,DPS,,selected_90d,common_support_ge20,wace,0.135936517954,0.13776774004,-0.00183122208523,4479,31be360739eb9ee1ee28f4171fa3dc87946a8c434f4f877482923c25a6875d40,paired_same_month_identical_orders
breach,later,monthly,2018-03,xgboost,DPB,,promise_only,all_mature_support_ge20,absolute_calibration_intercept_error,2.23036072218,27.7405759501,-25.510215228,5255,152afb018ca73175460b9179518e0c0295eff28da68e2c4f0cd6733825555276,paired_same_month_identical_orders
breach,later,monthly,2018-03,xgboost,DPB,,promise_only,all_mature_support_ge20,absolute_calibration_slope_error,0.297047258314,9.05671935062,-8.75967209231,5255,152afb018ca73175460b9179518e0c0295eff28da68e2c4f0cd6733825555276,paired_same_month_identical_orders
breach,later,monthly,2018-03,xgboost,DPB,,promise_only,all_mature_support_ge20,calibration_intercept,2.23036072218,27.7405759501,-25.510215228,5255,152afb018ca73175460b9179518e0c0295eff28da68e2c4f0cd6733825555276,paired_same_month_identical_orders
breach,later,monthly,2018-03,xgboost,DPB,,promise_only,all_mature_support_ge20,calibration_slope,1.29704725831,10.0567193506,-8.75967209231,5255,152afb018ca73175460b9179518e0c0295eff28da68e2c4f0cd6733825555276,paired_same_month_identical_orders
breach,later,monthly,2018-03,xgboost,DPB,,promise_only,all_mature_support_ge20,wace,0.134824588226,0.138508533886,-0.00368394565998,5255,152afb018ca73175460b9179518e0c0295eff28da68e2c4f0cd6733825555276,paired_same_month_identical_orders
breach,later,monthly,2018-03,xgboost,DPB,,promise_only,all_orders,absolute_calibration_intercept_error,2.26635124583,26.1558272828,-23.8894760369,7003,184fab6850ceddcb6640c6d7c40a99ad76b6567a0af96fd41049a0eaafe65828,paired_same_month_identical_orders
breach,later,monthly,2018-03,xgboost,DPB,,promise_only,all_orders,absolute_calibration_slope_error,0.30986565006,8.51371214022,-8.20384649016,7003,184fab6850ceddcb6640c6d7c40a99ad76b6567a0af96fd41049a0eaafe65828,paired_same_month_identical_orders
breach,later,monthly,2018-03,xgboost,DPB,,promise_only,all_orders,calibration_intercept,2.26635124583,26.1558272828,-23.8894760369,7003,184fab6850ceddcb6640c6d7c40a99ad76b6567a0af96fd41049a0eaafe65828,paired_same_month_identical_orders
breach,later,monthly,2018-03,xgboost,DPB,,promise_only,all_orders,calibration_slope,1.30986565006,9.51371214022,-8.20384649016,7003,184fab6850ceddcb6640c6d7c40a99ad76b6567a0af96fd41049a0eaafe65828,paired_same_month_identical_orders
breach,later,monthly,2018-03,xgboost,DPB,,promise_only,all_orders,wace,0.134204637181,0.137636860679,-0.00343222349807,7003,184fab6850ceddcb6640c6d7c40a99ad76b6567a0af96fd41049a0eaafe65828,paired_same_month_identical_orders
breach,later,monthly,2018-03,xgboost,DPB,,selected_90d,all_orders,absolute_calibration_intercept_error,2.26635124583,44.8430165241,-42.5766652782,7003,184fab6850ceddcb6640c6d7c40a99ad76b6567a0af96fd41049a0eaafe65828,paired_same_month_identical_orders
breach,later,monthly,2018-03,xgboost,DPB,,selected_90d,all_orders,absolute_calibration_slope_error,0.30986565006,15.07175373,-14.76188808,7003,184fab6850ceddcb6640c6d7c40a99ad76b6567a0af96fd41049a0eaafe65828,paired_same_month_identical_orders
breach,later,monthly,2018-03,xgboost,DPB,,selected_90d,all_orders,calibration_intercept,2.26635124583,44.8430165241,-42.5766652782,7003,184fab6850ceddcb6640c6d7c40a99ad76b6567a0af96fd41049a0eaafe65828,paired_same_month_identical_orders
breach,later,monthly,2018-03,xgboost,DPB,,selected_90d,all_orders,calibration_slope,1.30986565006,16.07175373,-14.76188808,7003,184fab6850ceddcb6640c6d7c40a99ad76b6567a0af96fd41049a0eaafe65828,paired_same_month_identical_orders
breach,later,monthly,2018-03,xgboost,DPB,,selected_90d,all_orders,wace,0.134204637181,0.136975588936,-0.00277095175533,7003,184fab6850ceddcb6640c6d7c40a99ad76b6567a0af96fd41049a0eaafe65828,paired_same_month_identical_orders
breach,later,monthly,2018-03,xgboost,DPB,,selected_90d,common_support_ge20,absolute_calibration_intercept_error,2.17333177536,51.1679496881,-48.9946179127,4314,a51d8daf3a6cb588adf047ca40cc702a848e822cc66ecccad2616dc719c8289a,paired_same_month_identical_orders
breach,later,monthly,2018-03,xgboost,DPB,,selected_90d,common_support_ge20,absolute_calibration_slope_error,0.272941785156,17.2510686014,-16.9781268162,4314,a51d8daf3a6cb588adf047ca40cc702a848e822cc66ecccad2616dc719c8289a,paired_same_month_identical_orders
breach,later,monthly,2018-03,xgboost,DPB,,selected_90d,common_support_ge20,calibration_intercept,2.17333177536,51.1679496881,-48.9946179127,4314,a51d8daf3a6cb588adf047ca40cc702a848e822cc66ecccad2616dc719c8289a,paired_same_month_identical_orders
breach,later,monthly,2018-03,xgboost,DPB,,selected_90d,common_support_ge20,calibration_slope,1.27294178516,18.2510686014,-16.9781268162,4314,a51d8daf3a6cb588adf047ca40cc702a848e822cc66ecccad2616dc719c8289a,paired_same_month_identical_orders
breach,later,monthly,2018-03,xgboost,DPB,,selected_90d,common_support_ge20,wace,0.137000170704,0.140344655807,-0.00334448510276,4314,a51d8daf3a6cb588adf047ca40cc702a848e822cc66ecccad2616dc719c8289a,paired_same_month_identical_orders
breach,later,monthly,2018-03,xgboost,DPG,,promise_only,all_mature_support_ge20,absolute_calibration_intercept_error,3.24174105411,25.5841119129,-22.3423708588,6811,a47774f9289c7e7ab116cd7fa0db792f6203c9b45191dc9f9c930e7ca0516bb3,paired_same_month_identical_orders
breach,later,monthly,2018-03,xgboost,DPG,,promise_only,all_mature_support_ge20,absolute_calibration_slope_error,0.65217476738,8.31931355157,-7.66713878419,6811,a47774f9289c7e7ab116cd7fa0db792f6203c9b45191dc9f9c930e7ca0516bb3,paired_same_month_identical_orders
breach,later,monthly,2018-03,xgboost,DPG,,promise_only,all_mature_support_ge20,calibration_intercept,3.24174105411,25.5841119129,-22.3423708588,6811,a47774f9289c7e7ab116cd7fa0db792f6203c9b45191dc9f9c930e7ca0516bb3,paired_same_month_identical_orders
breach,later,monthly,2018-03,xgboost,DPG,,promise_only,all_mature_support_ge20,calibration_slope,1.65217476738,9.31931355157,-7.66713878419,6811,a47774f9289c7e7ab116cd7fa0db792f6203c9b45191dc9f9c930e7ca0516bb3,paired_same_month_identical_orders
breach,later,monthly,2018-03,xgboost,DPG,,promise_only,all_mature_support_ge20,wace,0.133508763325,0.136377907297,-0.00286914397213,6811,a47774f9289c7e7ab116cd7fa0db792f6203c9b45191dc9f9c930e7ca0516bb3,paired_same_month_identical_orders
breach,later,monthly,2018-03,xgboost,DPG,,promise_only,all_orders,absolute_calibration_intercept_error,3.26645678342,26.1558272828,-22.8893704993,7003,184fab6850ceddcb6640c6d7c40a99ad76b6567a0af96fd41049a0eaafe65828,paired_same_month_identical_orders
breach,later,monthly,2018-03,xgboost,DPG,,promise_only,all_orders,absolute_calibration_slope_error,0.657591062618,8.51371214022,-7.8561210776,7003,184fab6850ceddcb6640c6d7c40a99ad76b6567a0af96fd41049a0eaafe65828,paired_same_month_identical_orders
breach,later,monthly,2018-03,xgboost,DPG,,promise_only,all_orders,calibration_intercept,3.26645678342,26.1558272828,-22.8893704993,7003,184fab6850ceddcb6640c6d7c40a99ad76b6567a0af96fd41049a0eaafe65828,paired_same_month_identical_orders
breach,later,monthly,2018-03,xgboost,DPG,,promise_only,all_orders,calibration_slope,1.65759106262,9.51371214022,-7.8561210776,7003,184fab6850ceddcb6640c6d7c40a99ad76b6567a0af96fd41049a0eaafe65828,paired_same_month_identical_orders
breach,later,monthly,2018-03,xgboost,DPG,,promise_only,all_orders,wace,0.134800706382,0.137636860679,-0.00283615429693,7003,184fab6850ceddcb6640c6d7c40a99ad76b6567a0af96fd41049a0eaafe65828,paired_same_month_identical_orders
breach,later,monthly,2018-03,xgboost,DPG,,selected_90d,all_orders,absolute_calibration_intercept_error,3.26645678342,36.1028548645,-32.836398081,7003,184fab6850ceddcb6640c6d7c40a99ad76b6567a0af96fd41049a0eaafe65828,paired_same_month_identical_orders
breach,later,monthly,2018-03,xgboost,DPG,,selected_90d,all_orders,absolute_calibration_slope_error,0.657591062618,12.0055792711,-11.3479882085,7003,184fab6850ceddcb6640c6d7c40a99ad76b6567a0af96fd41049a0eaafe65828,paired_same_month_identical_orders
breach,later,monthly,2018-03,xgboost,DPG,,selected_90d,all_orders,calibration_intercept,3.26645678342,36.1028548645,-32.836398081,7003,184fab6850ceddcb6640c6d7c40a99ad76b6567a0af96fd41049a0eaafe65828,paired_same_month_identical_orders
breach,later,monthly,2018-03,xgboost,DPG,,selected_90d,all_orders,calibration_slope,1.65759106262,13.0055792711,-11.3479882085,7003,184fab6850ceddcb6640c6d7c40a99ad76b6567a0af96fd41049a0eaafe65828,paired_same_month_identical_orders
breach,later,monthly,2018-03,xgboost,DPG,,selected_90d,all_orders,wace,0.134800706382,0.13737400315,-0.00257329676768,7003,184fab6850ceddcb6640c6d7c40a99ad76b6567a0af96fd41049a0eaafe65828,paired_same_month_identical_orders
breach,later,monthly,2018-03,xgboost,DPG,,selected_90d,common_support_ge20,absolute_calibration_intercept_error,3.20339524522,35.9089560189,-32.7055607736,6658,e228da62144feb1362561964dc2758518495f0c492db6ad9bda07a346ba26585,paired_same_month_identical_orders
breach,later,monthly,2018-03,xgboost,DPG,,selected_90d,common_support_ge20,absolute_calibration_slope_error,0.638400174268,11.9351860269,-11.2967858527,6658,e228da62144feb1362561964dc2758518495f0c492db6ad9bda07a346ba26585,paired_same_month_identical_orders
breach,later,monthly,2018-03,xgboost,DPG,,selected_90d,common_support_ge20,calibration_intercept,3.20339524522,35.9089560189,-32.7055607736,6658,e228da62144feb1362561964dc2758518495f0c492db6ad9bda07a346ba26585,paired_same_month_identical_orders
breach,later,monthly,2018-03,xgboost,DPG,,selected_90d,common_support_ge20,calibration_slope,1.63840017427,12.9351860269,-11.2967858527,6658,e228da62144feb1362561964dc2758518495f0c492db6ad9bda07a346ba26585,paired_same_month_identical_orders
breach,later,monthly,2018-03,xgboost,DPG,,selected_90d,common_support_ge20,wace,0.133747077148,0.136458580939,-0.00271150379141,6658,e228da62144feb1362561964dc2758518495f0c492db6ad9bda07a346ba26585,paired_same_month_identical_orders
breach,later,monthly,2018-03,xgboost,DPS,,promise_only,all_mature_support_ge20,absolute_calibration_intercept_error,7.478817159,28.5161117187,-21.0372945597,5381,ea9455d468abe33bda724fd2a58a3268cbda8a0eb80fc70bc33354dc413e863c,paired_same_month_identical_orders
breach,later,monthly,2018-03,xgboost,DPS,,promise_only,all_mature_support_ge20,absolute_calibration_slope_error,2.0786705583,9.32173802177,-7.24306746348,5381,ea9455d468abe33bda724fd2a58a3268cbda8a0eb80fc70bc33354dc413e863c,paired_same_month_identical_orders
breach,later,monthly,2018-03,xgboost,DPS,,promise_only,all_mature_support_ge20,calibration_intercept,7.478817159,28.5161117187,-21.0372945597,5381,ea9455d468abe33bda724fd2a58a3268cbda8a0eb80fc70bc33354dc413e863c,paired_same_month_identical_orders
breach,later,monthly,2018-03,xgboost,DPS,,promise_only,all_mature_support_ge20,calibration_slope,3.0786705583,10.3217380218,-7.24306746348,5381,ea9455d468abe33bda724fd2a58a3268cbda8a0eb80fc70bc33354dc413e863c,paired_same_month_identical_orders
breach,later,monthly,2018-03,xgboost,DPS,,promise_only,all_mature_support_ge20,wace,0.13932005608,0.139620405508,-0.000300349428458,5381,ea9455d468abe33bda724fd2a58a3268cbda8a0eb80fc70bc33354dc413e863c,paired_same_month_identical_orders
breach,later,monthly,2018-03,xgboost,DPS,,promise_only,all_orders,absolute_calibration_intercept_error,8.43268464329,26.1558272828,-17.7231426395,7003,184fab6850ceddcb6640c6d7c40a99ad76b6567a0af96fd41049a0eaafe65828,paired_same_month_identical_orders
breach,later,monthly,2018-03,xgboost,DPS,,promise_only,all_orders,absolute_calibration_slope_error,2.41162436802,8.51371214022,-6.1020877722,7003,184fab6850ceddcb6640c6d7c40a99ad76b6567a0af96fd41049a0eaafe65828,paired_same_month_identical_orders
breach,later,monthly,2018-03,xgboost,DPS,,promise_only,all_orders,calibration_intercept,8.43268464329,26.1558272828,-17.7231426395,7003,184fab6850ceddcb6640c6d7c40a99ad76b6567a0af96fd41049a0eaafe65828,paired_same_month_identical_orders
breach,later,monthly,2018-03,xgboost,DPS,,promise_only,all_orders,calibration_slope,3.41162436802,9.51371214022,-6.1020877722,7003,184fab6850ceddcb6640c6d7c40a99ad76b6567a0af96fd41049a0eaafe65828,paired_same_month_identical_orders
breach,later,monthly,2018-03,xgboost,DPS,,promise_only,all_orders,wace,0.137386186913,0.137636860679,-0.000250673766533,7003,184fab6850ceddcb6640c6d7c40a99ad76b6567a0af96fd41049a0eaafe65828,paired_same_month_identical_orders
breach,later,monthly,2018-03,xgboost,DPS,,selected_90d,all_orders,absolute_calibration_intercept_error,8.43268464329,10.9456532062,-2.51296856292,7003,184fab6850ceddcb6640c6d7c40a99ad76b6567a0af96fd41049a0eaafe65828,paired_same_month_identical_orders
breach,later,monthly,2018-03,xgboost,DPS,,selected_90d,all_orders,absolute_calibration_slope_error,2.41162436802,3.28128233603,-0.869657968007,7003,184fab6850ceddcb6640c6d7c40a99ad76b6567a0af96fd41049a0eaafe65828,paired_same_month_identical_orders
breach,later,monthly,2018-03,xgboost,DPS,,selected_90d,all_orders,calibration_intercept,8.43268464329,10.9456532062,-2.51296856292,7003,184fab6850ceddcb6640c6d7c40a99ad76b6567a0af96fd41049a0eaafe65828,paired_same_month_identical_orders
breach,later,monthly,2018-03,xgboost,DPS,,selected_90d,all_orders,calibration_slope,3.41162436802,4.28128233603,-0.869657968007,7003,184fab6850ceddcb6640c6d7c40a99ad76b6567a0af96fd41049a0eaafe65828,paired_same_month_identical_orders
breach,later,monthly,2018-03,xgboost,DPS,,selected_90d,all_orders,wace,0.137386186913,0.137343815021,4.23718917897e-05,7003,184fab6850ceddcb6640c6d7c40a99ad76b6567a0af96fd41049a0eaafe65828,paired_same_month_identical_orders
breach,later,monthly,2018-03,xgboost,DPS,,selected_90d,common_support_ge20,absolute_calibration_intercept_error,4.56005259499,12.2828650109,-7.72281241587,4479,31be360739eb9ee1ee28f4171fa3dc87946a8c434f4f877482923c25a6875d40,paired_same_month_identical_orders
breach,later,monthly,2018-03,xgboost,DPS,,selected_90d,common_support_ge20,absolute_calibration_slope_error,1.06682341499,3.7272961254,-2.66047271041,4479,31be360739eb9ee1ee28f4171fa3dc87946a8c434f4f877482923c25a6875d40,paired_same_month_identical_orders
breach,later,monthly,2018-03,xgboost,DPS,,selected_90d,common_support_ge20,calibration_intercept,4.56005259499,12.2828650109,-7.72281241587,4479,31be360739eb9ee1ee28f4171fa3dc87946a8c434f4f877482923c25a6875d40,paired_same_month_identical_orders
breach,later,monthly,2018-03,xgboost,DPS,,selected_90d,common_support_ge20,calibration_slope,2.06682341499,4.7272961254,-2.66047271041,4479,31be360739eb9ee1ee28f4171fa3dc87946a8c434f4f877482923c25a6875d40,paired_same_month_identical_orders
breach,later,monthly,2018-03,xgboost,DPS,,selected_90d,common_support_ge20,wace,0.14164315695,0.141915850105,-0.000272693155315,4479,31be360739eb9ee1ee28f4171fa3dc87946a8c434f4f877482923c25a6875d40,paired_same_month_identical_orders
breach,later,monthly,2018-04,logistic_l2,DPB,,promise_only,all_mature_support_ge20,absolute_calibration_intercept_error,0.455196720516,16.7251995399,-16.2700028194,4898,b4e5438663475d8e913af86953765fc858ebd9e68b0a1e0e34c8b0204bd298db,paired_same_month_identical_orders
breach,later,monthly,2018-04,logistic_l2,DPB,,promise_only,all_mature_support_ge20,absolute_calibration_slope_error,0.688565590814,5.97622854731,-5.2876629565,4898,b4e5438663475d8e913af86953765fc858ebd9e68b0a1e0e34c8b0204bd298db,paired_same_month_identical_orders
breach,later,monthly,2018-04,logistic_l2,DPB,,promise_only,all_mature_support_ge20,calibration_intercept,0.455196720516,-16.7251995399,17.1803962605,4898,b4e5438663475d8e913af86953765fc858ebd9e68b0a1e0e34c8b0204bd298db,paired_same_month_identical_orders
breach,later,monthly,2018-04,logistic_l2,DPB,,promise_only,all_mature_support_ge20,calibration_slope,1.68856559081,-4.97622854731,6.66479413813,4898,b4e5438663475d8e913af86953765fc858ebd9e68b0a1e0e34c8b0204bd298db,paired_same_month_identical_orders
breach,later,monthly,2018-04,logistic_l2,DPB,,promise_only,all_mature_support_ge20,wace,0.0504713204671,0.0222086070866,0.0282627133805,4898,b4e5438663475d8e913af86953765fc858ebd9e68b0a1e0e34c8b0204bd298db,paired_same_month_identical_orders
breach,later,monthly,2018-04,logistic_l2,DPB,,promise_only,all_orders,absolute_calibration_intercept_error,0.30798985183,13.5200726514,-13.2120827996,6798,12138ebc6d34b03c6440d89e35b8db35a30d241f9f497044ef308120883e5a5b,paired_same_month_identical_orders
breach,later,monthly,2018-04,logistic_l2,DPB,,promise_only,all_orders,absolute_calibration_slope_error,0.578913861168,4.8483877536,-4.26947389243,6798,12138ebc6d34b03c6440d89e35b8db35a30d241f9f497044ef308120883e5a5b,paired_same_month_identical_orders
breach,later,monthly,2018-04,logistic_l2,DPB,,promise_only,all_orders,calibration_intercept,0.30798985183,-13.5200726514,13.8280625032,6798,12138ebc6d34b03c6440d89e35b8db35a30d241f9f497044ef308120883e5a5b,paired_same_month_identical_orders
breach,later,monthly,2018-04,logistic_l2,DPB,,promise_only,all_orders,calibration_slope,1.57891386117,-3.8483877536,5.42730161477,6798,12138ebc6d34b03c6440d89e35b8db35a30d241f9f497044ef308120883e5a5b,paired_same_month_identical_orders
breach,later,monthly,2018-04,logistic_l2,DPB,,promise_only,all_orders,wace,0.048132242887,0.017358689113,0.0307735537741,6798,12138ebc6d34b03c6440d89e35b8db35a30d241f9f497044ef308120883e5a5b,paired_same_month_identical_orders
breach,later,monthly,2018-04,logistic_l2,DPB,,selected_90d,all_orders,absolute_calibration_intercept_error,0.30798985183,0.0595849103876,0.248404941442,6798,12138ebc6d34b03c6440d89e35b8db35a30d241f9f497044ef308120883e5a5b,paired_same_month_identical_orders
breach,later,monthly,2018-04,logistic_l2,DPB,,selected_90d,all_orders,absolute_calibration_slope_error,0.578913861168,0.434323634335,0.144590226833,6798,12138ebc6d34b03c6440d89e35b8db35a30d241f9f497044ef308120883e5a5b,paired_same_month_identical_orders
breach,later,monthly,2018-04,logistic_l2,DPB,,selected_90d,all_orders,calibration_intercept,0.30798985183,0.0595849103876,0.248404941442,6798,12138ebc6d34b03c6440d89e35b8db35a30d241f9f497044ef308120883e5a5b,paired_same_month_identical_orders
breach,later,monthly,2018-04,logistic_l2,DPB,,selected_90d,all_orders,calibration_slope,1.57891386117,1.43432363434,0.144590226833,6798,12138ebc6d34b03c6440d89e35b8db35a30d241f9f497044ef308120883e5a5b,paired_same_month_identical_orders
breach,later,monthly,2018-04,logistic_l2,DPB,,selected_90d,all_orders,wace,0.048132242887,0.0470679722356,0.00106427065145,6798,12138ebc6d34b03c6440d89e35b8db35a30d241f9f497044ef308120883e5a5b,paired_same_month_identical_orders
breach,later,monthly,2018-04,logistic_l2,DPB,,selected_90d,common_support_ge20,absolute_calibration_intercept_error,0.396590694533,0.108886497016,0.287704197517,3911,02e2594a6aaa88ea8a51d49509dd6ec7412ed6f6583da27166a7655fe93b36e9,paired_same_month_identical_orders
breach,later,monthly,2018-04,logistic_l2,DPB,,selected_90d,common_support_ge20,absolute_calibration_slope_error,0.703103567344,0.500725611604,0.20237795574,3911,02e2594a6aaa88ea8a51d49509dd6ec7412ed6f6583da27166a7655fe93b36e9,paired_same_month_identical_orders
breach,later,monthly,2018-04,logistic_l2,DPB,,selected_90d,common_support_ge20,calibration_intercept,0.396590694533,0.108886497016,0.287704197517,3911,02e2594a6aaa88ea8a51d49509dd6ec7412ed6f6583da27166a7655fe93b36e9,paired_same_month_identical_orders
breach,later,monthly,2018-04,logistic_l2,DPB,,selected_90d,common_support_ge20,calibration_slope,1.70310356734,1.5007256116,0.20237795574,3911,02e2594a6aaa88ea8a51d49509dd6ec7412ed6f6583da27166a7655fe93b36e9,paired_same_month_identical_orders
breach,later,monthly,2018-04,logistic_l2,DPB,,selected_90d,common_support_ge20,wace,0.0539403487263,0.0492533807653,0.00468696796099,3911,02e2594a6aaa88ea8a51d49509dd6ec7412ed6f6583da27166a7655fe93b36e9,paired_same_month_identical_orders
breach,later,monthly,2018-04,logistic_l2,DPG,,promise_only,all_mature_support_ge20,absolute_calibration_intercept_error,0.572966176943,11.888539553,-11.315573376,6663,822a8066d239f87fbe9a78823095352e3aabd66ffe56c105246d692512f47e0d,paired_same_month_identical_orders
breach,later,monthly,2018-04,logistic_l2,DPG,,promise_only,all_mature_support_ge20,absolute_calibration_slope_error,0.69277772926,4.24171710568,-3.54893937642,6663,822a8066d239f87fbe9a78823095352e3aabd66ffe56c105246d692512f47e0d,paired_same_month_identical_orders
breach,later,monthly,2018-04,logistic_l2,DPG,,promise_only,all_mature_support_ge20,calibration_intercept,0.572966176943,-11.888539553,12.4615057299,6663,822a8066d239f87fbe9a78823095352e3aabd66ffe56c105246d692512f47e0d,paired_same_month_identical_orders
breach,later,monthly,2018-04,logistic_l2,DPG,,promise_only,all_mature_support_ge20,calibration_slope,1.69277772926,-3.24171710568,4.93449483494,6663,822a8066d239f87fbe9a78823095352e3aabd66ffe56c105246d692512f47e0d,paired_same_month_identical_orders
breach,later,monthly,2018-04,logistic_l2,DPG,,promise_only,all_mature_support_ge20,wace,0.0477064428678,0.0179238438309,0.0297825990369,6663,822a8066d239f87fbe9a78823095352e3aabd66ffe56c105246d692512f47e0d,paired_same_month_identical_orders
breach,later,monthly,2018-04,logistic_l2,DPG,,promise_only,all_orders,absolute_calibration_intercept_error,0.474330613485,13.5200726514,-13.0457420379,6798,12138ebc6d34b03c6440d89e35b8db35a30d241f9f497044ef308120883e5a5b,paired_same_month_identical_orders
breach,later,monthly,2018-04,logistic_l2,DPG,,promise_only,all_orders,absolute_calibration_slope_error,0.628655819593,4.8483877536,-4.21973193401,6798,12138ebc6d34b03c6440d89e35b8db35a30d241f9f497044ef308120883e5a5b,paired_same_month_identical_orders
breach,later,monthly,2018-04,logistic_l2,DPG,,promise_only,all_orders,calibration_intercept,0.474330613485,-13.5200726514,13.9944032649,6798,12138ebc6d34b03c6440d89e35b8db35a30d241f9f497044ef308120883e5a5b,paired_same_month_identical_orders
breach,later,monthly,2018-04,logistic_l2,DPG,,promise_only,all_orders,calibration_slope,1.62865581959,-3.8483877536,5.47704357319,6798,12138ebc6d34b03c6440d89e35b8db35a30d241f9f497044ef308120883e5a5b,paired_same_month_identical_orders
breach,later,monthly,2018-04,logistic_l2,DPG,,promise_only,all_orders,wace,0.0466539681604,0.017358689113,0.0292952790475,6798,12138ebc6d34b03c6440d89e35b8db35a30d241f9f497044ef308120883e5a5b,paired_same_month_identical_orders
breach,later,monthly,2018-04,logistic_l2,DPG,,selected_90d,all_orders,absolute_calibration_intercept_error,0.474330613485,0.176945124813,0.297385488672,6798,12138ebc6d34b03c6440d89e35b8db35a30d241f9f497044ef308120883e5a5b,paired_same_month_identical_orders
breach,later,monthly,2018-04,logistic_l2,DPG,,selected_90d,all_orders,absolute_calibration_slope_error,0.628655819593,0.481997472036,0.146658347556,6798,12138ebc6d34b03c6440d89e35b8db35a30d241f9f497044ef308120883e5a5b,paired_same_month_identical_orders
breach,later,monthly,2018-04,logistic_l2,DPG,,selected_90d,all_orders,calibration_intercept,0.474330613485,0.176945124813,0.297385488672,6798,12138ebc6d34b03c6440d89e35b8db35a30d241f9f497044ef308120883e5a5b,paired_same_month_identical_orders
breach,later,monthly,2018-04,logistic_l2,DPG,,selected_90d,all_orders,calibration_slope,1.62865581959,1.48199747204,0.146658347556,6798,12138ebc6d34b03c6440d89e35b8db35a30d241f9f497044ef308120883e5a5b,paired_same_month_identical_orders
breach,later,monthly,2018-04,logistic_l2,DPG,,selected_90d,all_orders,wace,0.0466539681604,0.0474331401207,-0.000779171960279,6798,12138ebc6d34b03c6440d89e35b8db35a30d241f9f497044ef308120883e5a5b,paired_same_month_identical_orders
breach,later,monthly,2018-04,logistic_l2,DPG,,selected_90d,common_support_ge20,absolute_calibration_intercept_error,0.533709279872,0.183193287569,0.350515992303,6480,ca5feeeed849a59245f5f258f973fd245e55c1e3d775d96fa229e631a0c81b13,paired_same_month_identical_orders
breach,later,monthly,2018-04,logistic_l2,DPG,,selected_90d,common_support_ge20,absolute_calibration_slope_error,0.705367132538,0.521935340169,0.183431792369,6480,ca5feeeed849a59245f5f258f973fd245e55c1e3d775d96fa229e631a0c81b13,paired_same_month_identical_orders
breach,later,monthly,2018-04,logistic_l2,DPG,,selected_90d,common_support_ge20,calibration_intercept,0.533709279872,0.183193287569,0.350515992303,6480,ca5feeeed849a59245f5f258f973fd245e55c1e3d775d96fa229e631a0c81b13,paired_same_month_identical_orders
breach,later,monthly,2018-04,logistic_l2,DPG,,selected_90d,common_support_ge20,calibration_slope,1.70536713254,1.52193534017,0.183431792369,6480,ca5feeeed849a59245f5f258f973fd245e55c1e3d775d96fa229e631a0c81b13,paired_same_month_identical_orders
breach,later,monthly,2018-04,logistic_l2,DPG,,selected_90d,common_support_ge20,wace,0.0502844013693,0.0503367757215,-5.23743521384e-05,6480,ca5feeeed849a59245f5f258f973fd245e55c1e3d775d96fa229e631a0c81b13,paired_same_month_identical_orders
breach,later,monthly,2018-04,logistic_l2,DPS,,promise_only,all_mature_support_ge20,absolute_calibration_intercept_error,2.0170072906,17.7895917585,-15.7725844679,4994,28342ed8fbc1365b577fd08ab4068af6cd555628483c0458d01464640bebc224,paired_same_month_identical_orders
breach,later,monthly,2018-04,logistic_l2,DPS,,promise_only,all_mature_support_ge20,absolute_calibration_slope_error,0.568641388173,6.37203957594,-5.80339818776,4994,28342ed8fbc1365b577fd08ab4068af6cd555628483c0458d01464640bebc224,paired_same_month_identical_orders
breach,later,monthly,2018-04,logistic_l2,DPS,,promise_only,all_mature_support_ge20,calibration_intercept,-2.0170072906,-17.7895917585,15.7725844679,4994,28342ed8fbc1365b577fd08ab4068af6cd555628483c0458d01464640bebc224,paired_same_month_identical_orders
breach,later,monthly,2018-04,logistic_l2,DPS,,promise_only,all_mature_support_ge20,calibration_slope,0.431358611827,-5.37203957594,5.80339818776,4994,28342ed8fbc1365b577fd08ab4068af6cd555628483c0458d01464640bebc224,paired_same_month_identical_orders
breach,later,monthly,2018-04,logistic_l2,DPS,,promise_only,all_mature_support_ge20,wace,0.0254186650283,0.021385764371,0.00403290065732,4994,28342ed8fbc1365b577fd08ab4068af6cd555628483c0458d01464640bebc224,paired_same_month_identical_orders
breach,later,monthly,2018-04,logistic_l2,DPS,,promise_only,all_orders,absolute_calibration_intercept_error,1.07791961592,13.5200726514,-12.4421530355,6798,12138ebc6d34b03c6440d89e35b8db35a30d241f9f497044ef308120883e5a5b,paired_same_month_identical_orders
breach,later,monthly,2018-04,logistic_l2,DPS,,promise_only,all_orders,absolute_calibration_slope_error,0.261565908616,4.8483877536,-4.58682184498,6798,12138ebc6d34b03c6440d89e35b8db35a30d241f9f497044ef308120883e5a5b,paired_same_month_identical_orders
breach,later,monthly,2018-04,logistic_l2,DPS,,promise_only,all_orders,calibration_intercept,-1.07791961592,-13.5200726514,12.4421530355,6798,12138ebc6d34b03c6440d89e35b8db35a30d241f9f497044ef308120883e5a5b,paired_same_month_identical_orders
breach,later,monthly,2018-04,logistic_l2,DPS,,promise_only,all_orders,calibration_slope,0.738434091384,-3.8483877536,4.58682184498,6798,12138ebc6d34b03c6440d89e35b8db35a30d241f9f497044ef308120883e5a5b,paired_same_month_identical_orders
breach,later,monthly,2018-04,logistic_l2,DPS,,promise_only,all_orders,wace,0.0207072782316,0.017358689113,0.00334858911868,6798,12138ebc6d34b03c6440d89e35b8db35a30d241f9f497044ef308120883e5a5b,paired_same_month_identical_orders
breach,later,monthly,2018-04,logistic_l2,DPS,,selected_90d,all_orders,absolute_calibration_intercept_error,1.07791961592,1.04404107049,0.033878545434,6798,12138ebc6d34b03c6440d89e35b8db35a30d241f9f497044ef308120883e5a5b,paired_same_month_identical_orders
breach,later,monthly,2018-04,logistic_l2,DPS,,selected_90d,all_orders,absolute_calibration_slope_error,0.261565908616,0.255994261113,0.00557164750273,6798,12138ebc6d34b03c6440d89e35b8db35a30d241f9f497044ef308120883e5a5b,paired_same_month_identical_orders
breach,later,monthly,2018-04,logistic_l2,DPS,,selected_90d,all_orders,calibration_intercept,-1.07791961592,-1.04404107049,-0.033878545434,6798,12138ebc6d34b03c6440d89e35b8db35a30d241f9f497044ef308120883e5a5b,paired_same_month_identical_orders
breach,later,monthly,2018-04,logistic_l2,DPS,,selected_90d,all_orders,calibration_slope,0.738434091384,0.744005738887,-0.00557164750273,6798,12138ebc6d34b03c6440d89e35b8db35a30d241f9f497044ef308120883e5a5b,paired_same_month_identical_orders
breach,later,monthly,2018-04,logistic_l2,DPS,,selected_90d,all_orders,wace,0.0207072782316,0.0193555581281,0.0013517201035,6798,12138ebc6d34b03c6440d89e35b8db35a30d241f9f497044ef308120883e5a5b,paired_same_month_identical_orders
breach,later,monthly,2018-04,logistic_l2,DPS,,selected_90d,common_support_ge20,absolute_calibration_intercept_error,3.44147399479,3.63649670293,-0.195022708138,4053,290390e984ede086cbb65a9504f14145dc356a56333ff2484f3e926295c7c548,paired_same_month_identical_orders
breach,later,monthly,2018-04,logistic_l2,DPS,,selected_90d,common_support_ge20,absolute_calibration_slope_error,1.09412417011,1.16344704638,-0.0693228762707,4053,290390e984ede086cbb65a9504f14145dc356a56333ff2484f3e926295c7c548,paired_same_month_identical_orders
breach,later,monthly,2018-04,logistic_l2,DPS,,selected_90d,common_support_ge20,calibration_intercept,-3.44147399479,-3.63649670293,0.195022708138,4053,290390e984ede086cbb65a9504f14145dc356a56333ff2484f3e926295c7c548,paired_same_month_identical_orders
breach,later,monthly,2018-04,logistic_l2,DPS,,selected_90d,common_support_ge20,calibration_slope,-0.0941241701119,-0.163447046383,0.0693228762707,4053,290390e984ede086cbb65a9504f14145dc356a56333ff2484f3e926295c7c548,paired_same_month_identical_orders
breach,later,monthly,2018-04,logistic_l2,DPS,,selected_90d,common_support_ge20,wace,0.0277412450492,0.0238177125034,0.00392353254584,4053,290390e984ede086cbb65a9504f14145dc356a56333ff2484f3e926295c7c548,paired_same_month_identical_orders
breach,later,monthly,2018-04,xgboost,DPB,,promise_only,all_mature_support_ge20,absolute_calibration_intercept_error,6.10100810319,0.381188016269,5.71982008692,4898,b4e5438663475d8e913af86953765fc858ebd9e68b0a1e0e34c8b0204bd298db,paired_same_month_identical_orders
breach,later,monthly,2018-04,xgboost,DPB,,promise_only,all_mature_support_ge20,absolute_calibration_slope_error,2.46954325614,0.310499230857,2.15904402529,4898,b4e5438663475d8e913af86953765fc858ebd9e68b0a1e0e34c8b0204bd298db,paired_same_month_identical_orders
breach,later,monthly,2018-04,xgboost,DPB,,promise_only,all_mature_support_ge20,calibration_intercept,6.10100810319,0.381188016269,5.71982008692,4898,b4e5438663475d8e913af86953765fc858ebd9e68b0a1e0e34c8b0204bd298db,paired_same_month_identical_orders
breach,later,monthly,2018-04,xgboost,DPB,,promise_only,all_mature_support_ge20,calibration_slope,3.46954325614,1.31049923086,2.15904402529,4898,b4e5438663475d8e913af86953765fc858ebd9e68b0a1e0e34c8b0204bd298db,paired_same_month_identical_orders
breach,later,monthly,2018-04,xgboost,DPB,,promise_only,all_mature_support_ge20,wace,0.0339369155929,0.022004680343,0.0119322352499,4898,b4e5438663475d8e913af86953765fc858ebd9e68b0a1e0e34c8b0204bd298db,paired_same_month_identical_orders
breach,later,monthly,2018-04,xgboost,DPB,,promise_only,all_orders,absolute_calibration_intercept_error,6.23678158762,3.04855089283,3.18823069479,6798,12138ebc6d34b03c6440d89e35b8db35a30d241f9f497044ef308120883e5a5b,paired_same_month_identical_orders
breach,later,monthly,2018-04,xgboost,DPB,,promise_only,all_orders,absolute_calibration_slope_error,2.47200080872,1.24436025782,1.22764055091,6798,12138ebc6d34b03c6440d89e35b8db35a30d241f9f497044ef308120883e5a5b,paired_same_month_identical_orders
breach,later,monthly,2018-04,xgboost,DPB,,promise_only,all_orders,calibration_intercept,6.23678158762,3.04855089283,3.18823069479,6798,12138ebc6d34b03c6440d89e35b8db35a30d241f9f497044ef308120883e5a5b,paired_same_month_identical_orders
breach,later,monthly,2018-04,xgboost,DPB,,promise_only,all_orders,calibration_slope,3.47200080872,2.24436025782,1.22764055091,6798,12138ebc6d34b03c6440d89e35b8db35a30d241f9f497044ef308120883e5a5b,paired_same_month_identical_orders
breach,later,monthly,2018-04,xgboost,DPB,,promise_only,all_orders,wace,0.0335182452261,0.01680704195,0.0167112032762,6798,12138ebc6d34b03c6440d89e35b8db35a30d241f9f497044ef308120883e5a5b,paired_same_month_identical_orders
breach,later,monthly,2018-04,xgboost,DPB,,selected_90d,all_orders,absolute_calibration_intercept_error,6.23678158762,19.8669325646,-13.630150977,6798,12138ebc6d34b03c6440d89e35b8db35a30d241f9f497044ef308120883e5a5b,paired_same_month_identical_orders
breach,later,monthly,2018-04,xgboost,DPB,,selected_90d,all_orders,absolute_calibration_slope_error,2.47200080872,7.58424682015,-5.11224601142,6798,12138ebc6d34b03c6440d89e35b8db35a30d241f9f497044ef308120883e5a5b,paired_same_month_identical_orders
breach,later,monthly,2018-04,xgboost,DPB,,selected_90d,all_orders,calibration_intercept,6.23678158762,19.8669325646,-13.630150977,6798,12138ebc6d34b03c6440d89e35b8db35a30d241f9f497044ef308120883e5a5b,paired_same_month_identical_orders
breach,later,monthly,2018-04,xgboost,DPB,,selected_90d,all_orders,calibration_slope,3.47200080872,8.58424682015,-5.11224601142,6798,12138ebc6d34b03c6440d89e35b8db35a30d241f9f497044ef308120883e5a5b,paired_same_month_identical_orders
breach,later,monthly,2018-04,xgboost,DPB,,selected_90d,all_orders,wace,0.0335182452261,0.033378591989,0.000139653237172,6798,12138ebc6d34b03c6440d89e35b8db35a30d241f9f497044ef308120883e5a5b,paired_same_month_identical_orders
breach,later,monthly,2018-04,xgboost,DPB,,selected_90d,common_support_ge20,absolute_calibration_intercept_error,5.43584330688,20.2835121346,-14.8476688278,3911,02e2594a6aaa88ea8a51d49509dd6ec7412ed6f6583da27166a7655fe93b36e9,paired_same_month_identical_orders
breach,later,monthly,2018-04,xgboost,DPB,,selected_90d,common_support_ge20,absolute_calibration_slope_error,2.24712862991,7.81949751133,-5.57236888143,3911,02e2594a6aaa88ea8a51d49509dd6ec7412ed6f6583da27166a7655fe93b36e9,paired_same_month_identical_orders
breach,later,monthly,2018-04,xgboost,DPB,,selected_90d,common_support_ge20,calibration_intercept,5.43584330688,20.2835121346,-14.8476688278,3911,02e2594a6aaa88ea8a51d49509dd6ec7412ed6f6583da27166a7655fe93b36e9,paired_same_month_identical_orders
breach,later,monthly,2018-04,xgboost,DPB,,selected_90d,common_support_ge20,calibration_slope,3.24712862991,8.81949751133,-5.57236888143,3911,02e2594a6aaa88ea8a51d49509dd6ec7412ed6f6583da27166a7655fe93b36e9,paired_same_month_identical_orders
breach,later,monthly,2018-04,xgboost,DPB,,selected_90d,common_support_ge20,wace,0.0379206765394,0.0386896847591,-0.000769008219645,3911,02e2594a6aaa88ea8a51d49509dd6ec7412ed6f6583da27166a7655fe93b36e9,paired_same_month_identical_orders
breach,later,monthly,2018-04,xgboost,DPG,,promise_only,all_mature_support_ge20,absolute_calibration_intercept_error,7.9158639195,5.32613204565,2.58973187385,6663,822a8066d239f87fbe9a78823095352e3aabd66ffe56c105246d692512f47e0d,paired_same_month_identical_orders
breach,later,monthly,2018-04,xgboost,DPG,,promise_only,all_mature_support_ge20,absolute_calibration_slope_error,3.1019359316,2.08990926854,1.01202666307,6663,822a8066d239f87fbe9a78823095352e3aabd66ffe56c105246d692512f47e0d,paired_same_month_identical_orders
breach,later,monthly,2018-04,xgboost,DPG,,promise_only,all_mature_support_ge20,calibration_intercept,7.9158639195,5.32613204565,2.58973187385,6663,822a8066d239f87fbe9a78823095352e3aabd66ffe56c105246d692512f47e0d,paired_same_month_identical_orders
breach,later,monthly,2018-04,xgboost,DPG,,promise_only,all_mature_support_ge20,calibration_slope,4.1019359316,3.08990926854,1.01202666307,6663,822a8066d239f87fbe9a78823095352e3aabd66ffe56c105246d692512f47e0d,paired_same_month_identical_orders
breach,later,monthly,2018-04,xgboost,DPG,,promise_only,all_mature_support_ge20,wace,0.0322092727177,0.0177013487972,0.0145079239204,6663,822a8066d239f87fbe9a78823095352e3aabd66ffe56c105246d692512f47e0d,paired_same_month_identical_orders
breach,later,monthly,2018-04,xgboost,DPG,,promise_only,all_orders,absolute_calibration_intercept_error,7.76042366208,3.04855089283,4.71187276925,6798,12138ebc6d34b03c6440d89e35b8db35a30d241f9f497044ef308120883e5a5b,paired_same_month_identical_orders
breach,later,monthly,2018-04,xgboost,DPG,,promise_only,all_orders,absolute_calibration_slope_error,3.03544488412,1.24436025782,1.7910846263,6798,12138ebc6d34b03c6440d89e35b8db35a30d241f9f497044ef308120883e5a5b,paired_same_month_identical_orders
breach,later,monthly,2018-04,xgboost,DPG,,promise_only,all_orders,calibration_intercept,7.76042366208,3.04855089283,4.71187276925,6798,12138ebc6d34b03c6440d89e35b8db35a30d241f9f497044ef308120883e5a5b,paired_same_month_identical_orders
breach,later,monthly,2018-04,xgboost,DPG,,promise_only,all_orders,calibration_slope,4.03544488412,2.24436025782,1.7910846263,6798,12138ebc6d34b03c6440d89e35b8db35a30d241f9f497044ef308120883e5a5b,paired_same_month_identical_orders
breach,later,monthly,2018-04,xgboost,DPG,,promise_only,all_orders,wace,0.031787886301,0.01680704195,0.014980844351,6798,12138ebc6d34b03c6440d89e35b8db35a30d241f9f497044ef308120883e5a5b,paired_same_month_identical_orders
breach,later,monthly,2018-04,xgboost,DPG,,selected_90d,all_orders,absolute_calibration_intercept_error,7.76042366208,6.50010931665,1.26031434544,6798,12138ebc6d34b03c6440d89e35b8db35a30d241f9f497044ef308120883e5a5b,paired_same_month_identical_orders
breach,later,monthly,2018-04,xgboost,DPG,,selected_90d,all_orders,absolute_calibration_slope_error,3.03544488412,2.58104736337,0.454397520745,6798,12138ebc6d34b03c6440d89e35b8db35a30d241f9f497044ef308120883e5a5b,paired_same_month_identical_orders
breach,later,monthly,2018-04,xgboost,DPG,,selected_90d,all_orders,calibration_intercept,7.76042366208,6.50010931665,1.26031434544,6798,12138ebc6d34b03c6440d89e35b8db35a30d241f9f497044ef308120883e5a5b,paired_same_month_identical_orders
breach,later,monthly,2018-04,xgboost,DPG,,selected_90d,all_orders,calibration_slope,4.03544488412,3.58104736337,0.454397520745,6798,12138ebc6d34b03c6440d89e35b8db35a30d241f9f497044ef308120883e5a5b,paired_same_month_identical_orders
breach,later,monthly,2018-04,xgboost,DPG,,selected_90d,all_orders,wace,0.031787886301,0.0347416894436,-0.00295380314265,6798,12138ebc6d34b03c6440d89e35b8db35a30d241f9f497044ef308120883e5a5b,paired_same_month_identical_orders
breach,later,monthly,2018-04,xgboost,DPG,,selected_90d,common_support_ge20,absolute_calibration_intercept_error,7.87928629399,6.19159217691,1.68769411708,6480,ca5feeeed849a59245f5f258f973fd245e55c1e3d775d96fa229e631a0c81b13,paired_same_month_identical_orders
breach,later,monthly,2018-04,xgboost,DPG,,selected_90d,common_support_ge20,absolute_calibration_slope_error,3.10827217184,2.49325162317,0.615020548673,6480,ca5feeeed849a59245f5f258f973fd245e55c1e3d775d96fa229e631a0c81b13,paired_same_month_identical_orders
breach,later,monthly,2018-04,xgboost,DPG,,selected_90d,common_support_ge20,calibration_intercept,7.87928629399,6.19159217691,1.68769411708,6480,ca5feeeed849a59245f5f258f973fd245e55c1e3d775d96fa229e631a0c81b13,paired_same_month_identical_orders
breach,later,monthly,2018-04,xgboost,DPG,,selected_90d,common_support_ge20,calibration_slope,4.10827217184,3.49325162317,0.615020548673,6480,ca5feeeed849a59245f5f258f973fd245e55c1e3d775d96fa229e631a0c81b13,paired_same_month_identical_orders
breach,later,monthly,2018-04,xgboost,DPG,,selected_90d,common_support_ge20,wace,0.032717742426,0.0352170630232,-0.00249932059722,6480,ca5feeeed849a59245f5f258f973fd245e55c1e3d775d96fa229e631a0c81b13,paired_same_month_identical_orders
breach,later,monthly,2018-04,xgboost,DPS,,promise_only,all_mature_support_ge20,absolute_calibration_intercept_error,9.56061293826,1.47762974121,8.08298319705,4994,28342ed8fbc1365b577fd08ab4068af6cd555628483c0458d01464640bebc224,paired_same_month_identical_orders
breach,later,monthly,2018-04,xgboost,DPS,,promise_only,all_mature_support_ge20,absolute_calibration_slope_error,3.68628193082,0.379097875676,3.30718405515,4994,28342ed8fbc1365b577fd08ab4068af6cd555628483c0458d01464640bebc224,paired_same_month_identical_orders
breach,later,monthly,2018-04,xgboost,DPS,,promise_only,all_mature_support_ge20,calibration_intercept,9.56061293826,-1.47762974121,11.0382426795,4994,28342ed8fbc1365b577fd08ab4068af6cd555628483c0458d01464640bebc224,paired_same_month_identical_orders
breach,later,monthly,2018-04,xgboost,DPS,,promise_only,all_mature_support_ge20,calibration_slope,4.68628193082,0.620902124324,4.0653798065,4994,28342ed8fbc1365b577fd08ab4068af6cd555628483c0458d01464640bebc224,paired_same_month_identical_orders
breach,later,monthly,2018-04,xgboost,DPS,,promise_only,all_mature_support_ge20,wace,0.021748923497,0.02136405501,0.000384868487024,4994,28342ed8fbc1365b577fd08ab4068af6cd555628483c0458d01464640bebc224,paired_same_month_identical_orders
breach,later,monthly,2018-04,xgboost,DPS,,promise_only,all_orders,absolute_calibration_intercept_error,17.4635855941,3.04855089283,14.4150347013,6798,12138ebc6d34b03c6440d89e35b8db35a30d241f9f497044ef308120883e5a5b,paired_same_month_identical_orders
breach,later,monthly,2018-04,xgboost,DPS,,promise_only,all_orders,absolute_calibration_slope_error,6.55806172275,1.24436025782,5.31370146494,6798,12138ebc6d34b03c6440d89e35b8db35a30d241f9f497044ef308120883e5a5b,paired_same_month_identical_orders
breach,later,monthly,2018-04,xgboost,DPS,,promise_only,all_orders,calibration_intercept,17.4635855941,3.04855089283,14.4150347013,6798,12138ebc6d34b03c6440d89e35b8db35a30d241f9f497044ef308120883e5a5b,paired_same_month_identical_orders
breach,later,monthly,2018-04,xgboost,DPS,,promise_only,all_orders,calibration_slope,7.55806172275,2.24436025782,5.31370146494,6798,12138ebc6d34b03c6440d89e35b8db35a30d241f9f497044ef308120883e5a5b,paired_same_month_identical_orders
breach,later,monthly,2018-04,xgboost,DPS,,promise_only,all_orders,wace,0.0176339979221,0.01680704195,0.000826955972122,6798,12138ebc6d34b03c6440d89e35b8db35a30d241f9f497044ef308120883e5a5b,paired_same_month_identical_orders
breach,later,monthly,2018-04,xgboost,DPS,,selected_90d,all_orders,absolute_calibration_intercept_error,17.4635855941,8.77616147343,8.68742412067,6798,12138ebc6d34b03c6440d89e35b8db35a30d241f9f497044ef308120883e5a5b,paired_same_month_identical_orders
breach,later,monthly,2018-04,xgboost,DPS,,selected_90d,all_orders,absolute_calibration_slope_error,6.55806172275,3.36019029016,3.19787143259,6798,12138ebc6d34b03c6440d89e35b8db35a30d241f9f497044ef308120883e5a5b,paired_same_month_identical_orders
breach,later,monthly,2018-04,xgboost,DPS,,selected_90d,all_orders,calibration_intercept,17.4635855941,8.77616147343,8.68742412067,6798,12138ebc6d34b03c6440d89e35b8db35a30d241f9f497044ef308120883e5a5b,paired_same_month_identical_orders
breach,later,monthly,2018-04,xgboost,DPS,,selected_90d,all_orders,calibration_slope,7.55806172275,4.36019029016,3.19787143259,6798,12138ebc6d34b03c6440d89e35b8db35a30d241f9f497044ef308120883e5a5b,paired_same_month_identical_orders
breach,later,monthly,2018-04,xgboost,DPS,,selected_90d,all_orders,wace,0.0176339979221,0.0170822037418,0.000551794180228,6798,12138ebc6d34b03c6440d89e35b8db35a30d241f9f497044ef308120883e5a5b,paired_same_month_identical_orders
breach,later,monthly,2018-04,xgboost,DPS,,selected_90d,common_support_ge20,absolute_calibration_intercept_error,7.01961653551,6.6143562618,0.405260273716,4053,290390e984ede086cbb65a9504f14145dc356a56333ff2484f3e926295c7c548,paired_same_month_identical_orders
breach,later,monthly,2018-04,xgboost,DPS,,selected_90d,common_support_ge20,absolute_calibration_slope_error,2.76252645419,2.26078203809,0.501744416099,4053,290390e984ede086cbb65a9504f14145dc356a56333ff2484f3e926295c7c548,paired_same_month_identical_orders
breach,later,monthly,2018-04,xgboost,DPS,,selected_90d,common_support_ge20,calibration_intercept,7.01961653551,-6.6143562618,13.6339727973,4053,290390e984ede086cbb65a9504f14145dc356a56333ff2484f3e926295c7c548,paired_same_month_identical_orders
breach,later,monthly,2018-04,xgboost,DPS,,selected_90d,common_support_ge20,calibration_slope,3.76252645419,-1.26078203809,5.02330849228,4053,290390e984ede086cbb65a9504f14145dc356a56333ff2484f3e926295c7c548,paired_same_month_identical_orders
breach,later,monthly,2018-04,xgboost,DPS,,selected_90d,common_support_ge20,wace,0.0226061000856,0.0227048787305,-9.87786449554e-05,4053,290390e984ede086cbb65a9504f14145dc356a56333ff2484f3e926295c7c548,paired_same_month_identical_orders
breach,later,monthly,2018-05,logistic_l2,DPB,,promise_only,all_mature_support_ge20,absolute_calibration_intercept_error,1.00156457521,21.6193643234,-20.6177997482,4778,89e96384e91469216549a77ab96b352b6f939385dc2aeb40c1c1f2217402a484,paired_same_month_identical_orders
breach,later,monthly,2018-05,logistic_l2,DPB,,promise_only,all_mature_support_ge20,absolute_calibration_slope_error,0.150129087265,8.74468176723,-8.59455267996,4778,89e96384e91469216549a77ab96b352b6f939385dc2aeb40c1c1f2217402a484,paired_same_month_identical_orders
breach,later,monthly,2018-05,logistic_l2,DPB,,promise_only,all_mature_support_ge20,calibration_intercept,-1.00156457521,21.6193643234,-22.6209288986,4778,89e96384e91469216549a77ab96b352b6f939385dc2aeb40c1c1f2217402a484,paired_same_month_identical_orders
breach,later,monthly,2018-05,logistic_l2,DPB,,promise_only,all_mature_support_ge20,calibration_slope,0.849870912735,9.74468176723,-8.89481085449,4778,89e96384e91469216549a77ab96b352b6f939385dc2aeb40c1c1f2217402a484,paired_same_month_identical_orders
breach,later,monthly,2018-05,logistic_l2,DPB,,promise_only,all_mature_support_ge20,wace,0.0573244722835,0.0277501867455,0.029574285538,4778,89e96384e91469216549a77ab96b352b6f939385dc2aeb40c1c1f2217402a484,paired_same_month_identical_orders
breach,later,monthly,2018-05,logistic_l2,DPB,,promise_only,all_orders,absolute_calibration_intercept_error,0.92773805767,19.1048028651,-18.1770648074,6749,5ba9c39fb7a95e02255cc9707656867769dd51ba2afc32a961f00a0dd34fba0f,paired_same_month_identical_orders
breach,later,monthly,2018-05,logistic_l2,DPB,,promise_only,all_orders,absolute_calibration_slope_error,0.131415060483,7.72475169954,-7.59333663905,6749,5ba9c39fb7a95e02255cc9707656867769dd51ba2afc32a961f00a0dd34fba0f,paired_same_month_identical_orders
breach,later,monthly,2018-05,logistic_l2,DPB,,promise_only,all_orders,calibration_intercept,-0.92773805767,19.1048028651,-20.0325409228,6749,5ba9c39fb7a95e02255cc9707656867769dd51ba2afc32a961f00a0dd34fba0f,paired_same_month_identical_orders
breach,later,monthly,2018-05,logistic_l2,DPB,,promise_only,all_orders,calibration_slope,0.868584939517,8.72475169954,-7.85616676002,6749,5ba9c39fb7a95e02255cc9707656867769dd51ba2afc32a961f00a0dd34fba0f,paired_same_month_identical_orders
breach,later,monthly,2018-05,logistic_l2,DPB,,promise_only,all_orders,wace,0.0539577999729,0.0255533863748,0.0284044135981,6749,5ba9c39fb7a95e02255cc9707656867769dd51ba2afc32a961f00a0dd34fba0f,paired_same_month_identical_orders
breach,later,monthly,2018-05,logistic_l2,DPB,,selected_90d,all_orders,absolute_calibration_intercept_error,0.92773805767,0.952149024668,-0.0244109669984,6749,5ba9c39fb7a95e02255cc9707656867769dd51ba2afc32a961f00a0dd34fba0f,paired_same_month_identical_orders
breach,later,monthly,2018-05,logistic_l2,DPB,,selected_90d,all_orders,absolute_calibration_slope_error,0.131415060483,0.17697777566,-0.0455627151777,6749,5ba9c39fb7a95e02255cc9707656867769dd51ba2afc32a961f00a0dd34fba0f,paired_same_month_identical_orders
breach,later,monthly,2018-05,logistic_l2,DPB,,selected_90d,all_orders,calibration_intercept,-0.92773805767,-0.952149024668,0.0244109669984,6749,5ba9c39fb7a95e02255cc9707656867769dd51ba2afc32a961f00a0dd34fba0f,paired_same_month_identical_orders
breach,later,monthly,2018-05,logistic_l2,DPB,,selected_90d,all_orders,calibration_slope,0.868584939517,0.82302222434,0.0455627151777,6749,5ba9c39fb7a95e02255cc9707656867769dd51ba2afc32a961f00a0dd34fba0f,paired_same_month_identical_orders
breach,later,monthly,2018-05,logistic_l2,DPB,,selected_90d,all_orders,wace,0.0539577999729,0.0480090407836,0.00594875918928,6749,5ba9c39fb7a95e02255cc9707656867769dd51ba2afc32a961f00a0dd34fba0f,paired_same_month_identical_orders
breach,later,monthly,2018-05,logistic_l2,DPB,,selected_90d,common_support_ge20,absolute_calibration_intercept_error,1.0366607488,1.02538860534,0.0112721434543,3812,0248d2904a01f66fb513c2a5540972cb62f5f4c07c40914af0c8f5f2bbdd0a71,paired_same_month_identical_orders
breach,later,monthly,2018-05,logistic_l2,DPB,,selected_90d,common_support_ge20,absolute_calibration_slope_error,0.158778456314,0.202673329274,-0.0438948729603,3812,0248d2904a01f66fb513c2a5540972cb62f5f4c07c40914af0c8f5f2bbdd0a71,paired_same_month_identical_orders
breach,later,monthly,2018-05,logistic_l2,DPB,,selected_90d,common_support_ge20,calibration_intercept,-1.0366607488,-1.02538860534,-0.0112721434543,3812,0248d2904a01f66fb513c2a5540972cb62f5f4c07c40914af0c8f5f2bbdd0a71,paired_same_month_identical_orders
breach,later,monthly,2018-05,logistic_l2,DPB,,selected_90d,common_support_ge20,calibration_slope,0.841221543686,0.797326670726,0.0438948729603,3812,0248d2904a01f66fb513c2a5540972cb62f5f4c07c40914af0c8f5f2bbdd0a71,paired_same_month_identical_orders
breach,later,monthly,2018-05,logistic_l2,DPB,,selected_90d,common_support_ge20,wace,0.0605522566387,0.0504671726095,0.0100850840293,3812,0248d2904a01f66fb513c2a5540972cb62f5f4c07c40914af0c8f5f2bbdd0a71,paired_same_month_identical_orders
breach,later,monthly,2018-05,logistic_l2,DPG,,promise_only,all_mature_support_ge20,absolute_calibration_intercept_error,0.970768576798,20.232446486,-19.2616779092,6592,96128f01f3c87900d4849db435cdcfe7701bd5530875ff2def9f3b865dfe265e,paired_same_month_identical_orders
breach,later,monthly,2018-05,logistic_l2,DPG,,promise_only,all_mature_support_ge20,absolute_calibration_slope_error,0.132586758179,8.1945597332,-8.06197297502,6592,96128f01f3c87900d4849db435cdcfe7701bd5530875ff2def9f3b865dfe265e,paired_same_month_identical_orders
breach,later,monthly,2018-05,logistic_l2,DPG,,promise_only,all_mature_support_ge20,calibration_intercept,-0.970768576798,20.232446486,-21.2032150628,6592,96128f01f3c87900d4849db435cdcfe7701bd5530875ff2def9f3b865dfe265e,paired_same_month_identical_orders
breach,later,monthly,2018-05,logistic_l2,DPG,,promise_only,all_mature_support_ge20,calibration_slope,0.867413241821,9.1945597332,-8.32714649138,6592,96128f01f3c87900d4849db435cdcfe7701bd5530875ff2def9f3b865dfe265e,paired_same_month_identical_orders
breach,later,monthly,2018-05,logistic_l2,DPG,,promise_only,all_mature_support_ge20,wace,0.0568391503701,0.026557531444,0.030281618926,6592,96128f01f3c87900d4849db435cdcfe7701bd5530875ff2def9f3b865dfe265e,paired_same_month_identical_orders
breach,later,monthly,2018-05,logistic_l2,DPG,,promise_only,all_orders,absolute_calibration_intercept_error,0.986697080921,19.1048028651,-18.1181057842,6749,5ba9c39fb7a95e02255cc9707656867769dd51ba2afc32a961f00a0dd34fba0f,paired_same_month_identical_orders
breach,later,monthly,2018-05,logistic_l2,DPG,,promise_only,all_orders,absolute_calibration_slope_error,0.165604180215,7.72475169954,-7.55914751932,6749,5ba9c39fb7a95e02255cc9707656867769dd51ba2afc32a961f00a0dd34fba0f,paired_same_month_identical_orders
breach,later,monthly,2018-05,logistic_l2,DPG,,promise_only,all_orders,calibration_intercept,-0.986697080921,19.1048028651,-20.091499946,6749,5ba9c39fb7a95e02255cc9707656867769dd51ba2afc32a961f00a0dd34fba0f,paired_same_month_identical_orders
breach,later,monthly,2018-05,logistic_l2,DPG,,promise_only,all_orders,calibration_slope,0.834395819785,8.72475169954,-7.89035587975,6749,5ba9c39fb7a95e02255cc9707656867769dd51ba2afc32a961f00a0dd34fba0f,paired_same_month_identical_orders
breach,later,monthly,2018-05,logistic_l2,DPG,,promise_only,all_orders,wace,0.0541758119123,0.0255533863748,0.0286224255375,6749,5ba9c39fb7a95e02255cc9707656867769dd51ba2afc32a961f00a0dd34fba0f,paired_same_month_identical_orders
breach,later,monthly,2018-05,logistic_l2,DPG,,selected_90d,all_orders,absolute_calibration_intercept_error,0.986697080921,1.09495392965,-0.108256848726,6749,5ba9c39fb7a95e02255cc9707656867769dd51ba2afc32a961f00a0dd34fba0f,paired_same_month_identical_orders
breach,later,monthly,2018-05,logistic_l2,DPG,,selected_90d,all_orders,absolute_calibration_slope_error,0.165604180215,0.230244104321,-0.0646399241059,6749,5ba9c39fb7a95e02255cc9707656867769dd51ba2afc32a961f00a0dd34fba0f,paired_same_month_identical_orders
breach,later,monthly,2018-05,logistic_l2,DPG,,selected_90d,all_orders,calibration_intercept,-0.986697080921,-1.09495392965,0.108256848726,6749,5ba9c39fb7a95e02255cc9707656867769dd51ba2afc32a961f00a0dd34fba0f,paired_same_month_identical_orders
breach,later,monthly,2018-05,logistic_l2,DPG,,selected_90d,all_orders,calibration_slope,0.834395819785,0.769755895679,0.0646399241059,6749,5ba9c39fb7a95e02255cc9707656867769dd51ba2afc32a961f00a0dd34fba0f,paired_same_month_identical_orders
breach,later,monthly,2018-05,logistic_l2,DPG,,selected_90d,all_orders,wace,0.0541758119123,0.0541152595533,6.05523590443e-05,6749,5ba9c39fb7a95e02255cc9707656867769dd51ba2afc32a961f00a0dd34fba0f,paired_same_month_identical_orders
breach,later,monthly,2018-05,logistic_l2,DPG,,selected_90d,common_support_ge20,absolute_calibration_intercept_error,0.96171917339,1.0785519664,-0.116832793011,6459,c66395e8546a1533c997624435cb65a6123b1d7a51d10c6d6f05164beba75a1e,paired_same_month_identical_orders
breach,later,monthly,2018-05,logistic_l2,DPG,,selected_90d,common_support_ge20,absolute_calibration_slope_error,0.128742396457,0.20218209476,-0.0734396983031,6459,c66395e8546a1533c997624435cb65a6123b1d7a51d10c6d6f05164beba75a1e,paired_same_month_identical_orders
breach,later,monthly,2018-05,logistic_l2,DPG,,selected_90d,common_support_ge20,calibration_intercept,-0.96171917339,-1.0785519664,0.116832793011,6459,c66395e8546a1533c997624435cb65a6123b1d7a51d10c6d6f05164beba75a1e,paired_same_month_identical_orders
breach,later,monthly,2018-05,logistic_l2,DPG,,selected_90d,common_support_ge20,calibration_slope,0.871257603543,0.79781790524,0.0734396983031,6459,c66395e8546a1533c997624435cb65a6123b1d7a51d10c6d6f05164beba75a1e,paired_same_month_identical_orders
breach,later,monthly,2018-05,logistic_l2,DPG,,selected_90d,common_support_ge20,wace,0.0569158355678,0.0558924032877,0.00102343228016,6459,c66395e8546a1533c997624435cb65a6123b1d7a51d10c6d6f05164beba75a1e,paired_same_month_identical_orders
breach,later,monthly,2018-05,logistic_l2,DPS,,promise_only,all_mature_support_ge20,absolute_calibration_intercept_error,0.86324167235,20.0911378519,-19.2278961795,4894,1dc88792e08058f9e1fa0c40bc81c1119c2f6c42e950f0759df9556ebbed2fb7,paired_same_month_identical_orders
breach,later,monthly,2018-05,logistic_l2,DPS,,promise_only,all_mature_support_ge20,absolute_calibration_slope_error,0.27017834828,8.1067974601,-7.83661911182,4894,1dc88792e08058f9e1fa0c40bc81c1119c2f6c42e950f0759df9556ebbed2fb7,paired_same_month_identical_orders
breach,later,monthly,2018-05,logistic_l2,DPS,,promise_only,all_mature_support_ge20,calibration_intercept,-0.86324167235,20.0911378519,-20.9543795242,4894,1dc88792e08058f9e1fa0c40bc81c1119c2f6c42e950f0759df9556ebbed2fb7,paired_same_month_identical_orders
breach,later,monthly,2018-05,logistic_l2,DPS,,promise_only,all_mature_support_ge20,calibration_slope,0.72982165172,9.1067974601,-8.37697580838,4894,1dc88792e08058f9e1fa0c40bc81c1119c2f6c42e950f0759df9556ebbed2fb7,paired_same_month_identical_orders
breach,later,monthly,2018-05,logistic_l2,DPS,,promise_only,all_mature_support_ge20,wace,0.015833643885,0.0268540344808,-0.0110203905958,4894,1dc88792e08058f9e1fa0c40bc81c1119c2f6c42e950f0759df9556ebbed2fb7,paired_same_month_identical_orders
breach,later,monthly,2018-05,logistic_l2,DPS,,promise_only,all_orders,absolute_calibration_intercept_error,0.664429966288,19.1048028651,-18.4403728988,6749,5ba9c39fb7a95e02255cc9707656867769dd51ba2afc32a961f00a0dd34fba0f,paired_same_month_identical_orders
breach,later,monthly,2018-05,logistic_l2,DPS,,promise_only,all_orders,absolute_calibration_slope_error,0.194818913917,7.72475169954,-7.52993278562,6749,5ba9c39fb7a95e02255cc9707656867769dd51ba2afc32a961f00a0dd34fba0f,paired_same_month_identical_orders
breach,later,monthly,2018-05,logistic_l2,DPS,,promise_only,all_orders,calibration_intercept,-0.664429966288,19.1048028651,-19.7692328314,6749,5ba9c39fb7a95e02255cc9707656867769dd51ba2afc32a961f00a0dd34fba0f,paired_same_month_identical_orders
breach,later,monthly,2018-05,logistic_l2,DPS,,promise_only,all_orders,calibration_slope,0.805181086083,8.72475169954,-7.91957061345,6749,5ba9c39fb7a95e02255cc9707656867769dd51ba2afc32a961f00a0dd34fba0f,paired_same_month_identical_orders
breach,later,monthly,2018-05,logistic_l2,DPS,,promise_only,all_orders,wace,0.0163140433248,0.0255533863748,-0.00923934304993,6749,5ba9c39fb7a95e02255cc9707656867769dd51ba2afc32a961f00a0dd34fba0f,paired_same_month_identical_orders
breach,later,monthly,2018-05,logistic_l2,DPS,,selected_90d,all_orders,absolute_calibration_intercept_error,0.664429966288,0.313257723547,0.351172242741,6749,5ba9c39fb7a95e02255cc9707656867769dd51ba2afc32a961f00a0dd34fba0f,paired_same_month_identical_orders
breach,later,monthly,2018-05,logistic_l2,DPS,,selected_90d,all_orders,absolute_calibration_slope_error,0.194818913917,0.0763149262895,0.118503987627,6749,5ba9c39fb7a95e02255cc9707656867769dd51ba2afc32a961f00a0dd34fba0f,paired_same_month_identical_orders
breach,later,monthly,2018-05,logistic_l2,DPS,,selected_90d,all_orders,calibration_intercept,-0.664429966288,-0.313257723547,-0.351172242741,6749,5ba9c39fb7a95e02255cc9707656867769dd51ba2afc32a961f00a0dd34fba0f,paired_same_month_identical_orders
breach,later,monthly,2018-05,logistic_l2,DPS,,selected_90d,all_orders,calibration_slope,0.805181086083,0.923685073711,-0.118503987627,6749,5ba9c39fb7a95e02255cc9707656867769dd51ba2afc32a961f00a0dd34fba0f,paired_same_month_identical_orders
breach,later,monthly,2018-05,logistic_l2,DPS,,selected_90d,all_orders,wace,0.0163140433248,0.0104393655473,0.00587467777753,6749,5ba9c39fb7a95e02255cc9707656867769dd51ba2afc32a961f00a0dd34fba0f,paired_same_month_identical_orders
breach,later,monthly,2018-05,logistic_l2,DPS,,selected_90d,common_support_ge20,absolute_calibration_intercept_error,0.747074623048,0.159257530324,0.587817092725,3957,82a4392e60fea7f878bd6da1be734046cdcbd387f8bb5b37f7ede7f61f9bc172,paired_same_month_identical_orders
breach,later,monthly,2018-05,logistic_l2,DPS,,selected_90d,common_support_ge20,absolute_calibration_slope_error,0.221591676649,0.0150961624057,0.206495514243,3957,82a4392e60fea7f878bd6da1be734046cdcbd387f8bb5b37f7ede7f61f9bc172,paired_same_month_identical_orders
breach,later,monthly,2018-05,logistic_l2,DPS,,selected_90d,common_support_ge20,calibration_intercept,-0.747074623048,-0.159257530324,-0.587817092725,3957,82a4392e60fea7f878bd6da1be734046cdcbd387f8bb5b37f7ede7f61f9bc172,paired_same_month_identical_orders
breach,later,monthly,2018-05,logistic_l2,DPS,,selected_90d,common_support_ge20,calibration_slope,0.778408323351,0.984903837594,-0.206495514243,3957,82a4392e60fea7f878bd6da1be734046cdcbd387f8bb5b37f7ede7f61f9bc172,paired_same_month_identical_orders
breach,later,monthly,2018-05,logistic_l2,DPS,,selected_90d,common_support_ge20,wace,0.0223536800659,0.0115687214044,0.0107849586615,3957,82a4392e60fea7f878bd6da1be734046cdcbd387f8bb5b37f7ede7f61f9bc172,paired_same_month_identical_orders
breach,later,monthly,2018-05,xgboost,DPB,,promise_only,all_mature_support_ge20,absolute_calibration_intercept_error,10.5088875257,12.0125581391,-1.50367061345,4778,89e96384e91469216549a77ab96b352b6f939385dc2aeb40c1c1f2217402a484,paired_same_month_identical_orders
breach,later,monthly,2018-05,xgboost,DPB,,promise_only,all_mature_support_ge20,absolute_calibration_slope_error,4.27415420513,4.85594033574,-0.581786130602,4778,89e96384e91469216549a77ab96b352b6f939385dc2aeb40c1c1f2217402a484,paired_same_month_identical_orders
breach,later,monthly,2018-05,xgboost,DPB,,promise_only,all_mature_support_ge20,calibration_intercept,10.5088875257,12.0125581391,-1.50367061345,4778,89e96384e91469216549a77ab96b352b6f939385dc2aeb40c1c1f2217402a484,paired_same_month_identical_orders
breach,later,monthly,2018-05,xgboost,DPB,,promise_only,all_mature_support_ge20,calibration_slope,5.27415420513,5.85594033574,-0.581786130602,4778,89e96384e91469216549a77ab96b352b6f939385dc2aeb40c1c1f2217402a484,paired_same_month_identical_orders
breach,later,monthly,2018-05,xgboost,DPB,,promise_only,all_mature_support_ge20,wace,0.0321004203111,0.0245938180689,0.00750660224224,4778,89e96384e91469216549a77ab96b352b6f939385dc2aeb40c1c1f2217402a484,paired_same_month_identical_orders
breach,later,monthly,2018-05,xgboost,DPB,,promise_only,all_orders,absolute_calibration_intercept_error,11.756471291,15.7191595404,-3.96268824942,6749,5ba9c39fb7a95e02255cc9707656867769dd51ba2afc32a961f00a0dd34fba0f,paired_same_month_identical_orders
breach,later,monthly,2018-05,xgboost,DPB,,promise_only,all_orders,absolute_calibration_slope_error,4.7674719498,6.32515327477,-1.55768132498,6749,5ba9c39fb7a95e02255cc9707656867769dd51ba2afc32a961f00a0dd34fba0f,paired_same_month_identical_orders
breach,later,monthly,2018-05,xgboost,DPB,,promise_only,all_orders,calibration_intercept,11.756471291,15.7191595404,-3.96268824942,6749,5ba9c39fb7a95e02255cc9707656867769dd51ba2afc32a961f00a0dd34fba0f,paired_same_month_identical_orders
breach,later,monthly,2018-05,xgboost,DPB,,promise_only,all_orders,calibration_slope,5.7674719498,7.32515327477,-1.55768132498,6749,5ba9c39fb7a95e02255cc9707656867769dd51ba2afc32a961f00a0dd34fba0f,paired_same_month_identical_orders
breach,later,monthly,2018-05,xgboost,DPB,,promise_only,all_orders,wace,0.0325932160135,0.0215311982174,0.0110620177961,6749,5ba9c39fb7a95e02255cc9707656867769dd51ba2afc32a961f00a0dd34fba0f,paired_same_month_identical_orders
breach,later,monthly,2018-05,xgboost,DPB,,selected_90d,all_orders,absolute_calibration_intercept_error,11.756471291,9.58138315025,2.17508814077,6749,5ba9c39fb7a95e02255cc9707656867769dd51ba2afc32a961f00a0dd34fba0f,paired_same_month_identical_orders
breach,later,monthly,2018-05,xgboost,DPB,,selected_90d,all_orders,absolute_calibration_slope_error,4.7674719498,4.01388511386,0.75358683594,6749,5ba9c39fb7a95e02255cc9707656867769dd51ba2afc32a961f00a0dd34fba0f,paired_same_month_identical_orders
breach,later,monthly,2018-05,xgboost,DPB,,selected_90d,all_orders,calibration_intercept,11.756471291,9.58138315025,2.17508814077,6749,5ba9c39fb7a95e02255cc9707656867769dd51ba2afc32a961f00a0dd34fba0f,paired_same_month_identical_orders
breach,later,monthly,2018-05,xgboost,DPB,,selected_90d,all_orders,calibration_slope,5.7674719498,5.01388511386,0.75358683594,6749,5ba9c39fb7a95e02255cc9707656867769dd51ba2afc32a961f00a0dd34fba0f,paired_same_month_identical_orders
breach,later,monthly,2018-05,xgboost,DPB,,selected_90d,all_orders,wace,0.0325932160135,0.0303127507419,0.00228046527161,6749,5ba9c39fb7a95e02255cc9707656867769dd51ba2afc32a961f00a0dd34fba0f,paired_same_month_identical_orders
breach,later,monthly,2018-05,xgboost,DPB,,selected_90d,common_support_ge20,absolute_calibration_intercept_error,9.681804791,9.18361370959,0.498191081407,3812,0248d2904a01f66fb513c2a5540972cb62f5f4c07c40914af0c8f5f2bbdd0a71,paired_same_month_identical_orders
breach,later,monthly,2018-05,xgboost,DPB,,selected_90d,common_support_ge20,absolute_calibration_slope_error,3.9375322611,3.86214475517,0.0753875059231,3812,0248d2904a01f66fb513c2a5540972cb62f5f4c07c40914af0c8f5f2bbdd0a71,paired_same_month_identical_orders
breach,later,monthly,2018-05,xgboost,DPB,,selected_90d,common_support_ge20,calibration_intercept,9.681804791,9.18361370959,0.498191081407,3812,0248d2904a01f66fb513c2a5540972cb62f5f4c07c40914af0c8f5f2bbdd0a71,paired_same_month_identical_orders
breach,later,monthly,2018-05,xgboost,DPB,,selected_90d,common_support_ge20,calibration_slope,4.9375322611,4.86214475517,0.0753875059231,3812,0248d2904a01f66fb513c2a5540972cb62f5f4c07c40914af0c8f5f2bbdd0a71,paired_same_month_identical_orders
breach,later,monthly,2018-05,xgboost,DPB,,selected_90d,common_support_ge20,wace,0.0316550438679,0.0316617336409,-6.68977308909e-06,3812,0248d2904a01f66fb513c2a5540972cb62f5f4c07c40914af0c8f5f2bbdd0a71,paired_same_month_identical_orders
breach,later,monthly,2018-05,xgboost,DPG,,promise_only,all_mature_support_ge20,absolute_calibration_intercept_error,12.6728986721,15.0867403586,-2.41384168654,6592,96128f01f3c87900d4849db435cdcfe7701bd5530875ff2def9f3b865dfe265e,paired_same_month_identical_orders
breach,later,monthly,2018-05,xgboost,DPG,,promise_only,all_mature_support_ge20,absolute_calibration_slope_error,5.14031271082,6.08681440188,-0.946501691055,6592,96128f01f3c87900d4849db435cdcfe7701bd5530875ff2def9f3b865dfe265e,paired_same_month_identical_orders
breach,later,monthly,2018-05,xgboost,DPG,,promise_only,all_mature_support_ge20,calibration_intercept,12.6728986721,15.0867403586,-2.41384168654,6592,96128f01f3c87900d4849db435cdcfe7701bd5530875ff2def9f3b865dfe265e,paired_same_month_identical_orders
breach,later,monthly,2018-05,xgboost,DPG,,promise_only,all_mature_support_ge20,calibration_slope,6.14031271082,7.08681440188,-0.946501691055,6592,96128f01f3c87900d4849db435cdcfe7701bd5530875ff2def9f3b865dfe265e,paired_same_month_identical_orders
breach,later,monthly,2018-05,xgboost,DPG,,promise_only,all_mature_support_ge20,wace,0.0353074593072,0.022025338634,0.0132821206732,6592,96128f01f3c87900d4849db435cdcfe7701bd5530875ff2def9f3b865dfe265e,paired_same_month_identical_orders
breach,later,monthly,2018-05,xgboost,DPG,,promise_only,all_orders,absolute_calibration_intercept_error,13.3912407004,15.7191595404,-2.32791884008,6749,5ba9c39fb7a95e02255cc9707656867769dd51ba2afc32a961f00a0dd34fba0f,paired_same_month_identical_orders
breach,later,monthly,2018-05,xgboost,DPG,,promise_only,all_orders,absolute_calibration_slope_error,5.41835014167,6.32515327477,-0.906803133106,6749,5ba9c39fb7a95e02255cc9707656867769dd51ba2afc32a961f00a0dd34fba0f,paired_same_month_identical_orders
breach,later,monthly,2018-05,xgboost,DPG,,promise_only,all_orders,calibration_intercept,13.3912407004,15.7191595404,-2.32791884008,6749,5ba9c39fb7a95e02255cc9707656867769dd51ba2afc32a961f00a0dd34fba0f,paired_same_month_identical_orders
breach,later,monthly,2018-05,xgboost,DPG,,promise_only,all_orders,calibration_slope,6.41835014167,7.32515327477,-0.906803133106,6749,5ba9c39fb7a95e02255cc9707656867769dd51ba2afc32a961f00a0dd34fba0f,paired_same_month_identical_orders
breach,later,monthly,2018-05,xgboost,DPG,,promise_only,all_orders,wace,0.0359677714811,0.0215311982174,0.0144365732638,6749,5ba9c39fb7a95e02255cc9707656867769dd51ba2afc32a961f00a0dd34fba0f,paired_same_month_identical_orders
breach,later,monthly,2018-05,xgboost,DPG,,selected_90d,all_orders,absolute_calibration_intercept_error,13.3912407004,11.826226137,1.5650145634,6749,5ba9c39fb7a95e02255cc9707656867769dd51ba2afc32a961f00a0dd34fba0f,paired_same_month_identical_orders
breach,later,monthly,2018-05,xgboost,DPG,,selected_90d,all_orders,absolute_calibration_slope_error,5.41835014167,4.92554752827,0.492802613401,6749,5ba9c39fb7a95e02255cc9707656867769dd51ba2afc32a961f00a0dd34fba0f,paired_same_month_identical_orders
breach,later,monthly,2018-05,xgboost,DPG,,selected_90d,all_orders,calibration_intercept,13.3912407004,11.826226137,1.5650145634,6749,5ba9c39fb7a95e02255cc9707656867769dd51ba2afc32a961f00a0dd34fba0f,paired_same_month_identical_orders
breach,later,monthly,2018-05,xgboost,DPG,,selected_90d,all_orders,calibration_slope,6.41835014167,5.92554752827,0.492802613401,6749,5ba9c39fb7a95e02255cc9707656867769dd51ba2afc32a961f00a0dd34fba0f,paired_same_month_identical_orders
breach,later,monthly,2018-05,xgboost,DPG,,selected_90d,all_orders,wace,0.0359677714811,0.0351402247671,0.000827546714042,6749,5ba9c39fb7a95e02255cc9707656867769dd51ba2afc32a961f00a0dd34fba0f,paired_same_month_identical_orders
breach,later,monthly,2018-05,xgboost,DPG,,selected_90d,common_support_ge20,absolute_calibration_intercept_error,12.6723548558,12.0445985082,0.627756347608,6459,c66395e8546a1533c997624435cb65a6123b1d7a51d10c6d6f05164beba75a1e,paired_same_month_identical_orders
breach,later,monthly,2018-05,xgboost,DPG,,selected_90d,common_support_ge20,absolute_calibration_slope_error,5.13555982902,5.02964809225,0.105911736769,6459,c66395e8546a1533c997624435cb65a6123b1d7a51d10c6d6f05164beba75a1e,paired_same_month_identical_orders
breach,later,monthly,2018-05,xgboost,DPG,,selected_90d,common_support_ge20,calibration_intercept,12.6723548558,12.0445985082,0.627756347608,6459,c66395e8546a1533c997624435cb65a6123b1d7a51d10c6d6f05164beba75a1e,paired_same_month_identical_orders
breach,later,monthly,2018-05,xgboost,DPG,,selected_90d,common_support_ge20,calibration_slope,6.13555982902,6.02964809225,0.105911736769,6459,c66395e8546a1533c997624435cb65a6123b1d7a51d10c6d6f05164beba75a1e,paired_same_month_identical_orders
breach,later,monthly,2018-05,xgboost,DPG,,selected_90d,common_support_ge20,wace,0.0354254530874,0.0357693735441,-0.000343920456779,6459,c66395e8546a1533c997624435cb65a6123b1d7a51d10c6d6f05164beba75a1e,paired_same_month_identical_orders
breach,later,monthly,2018-05,xgboost,DPS,,promise_only,all_mature_support_ge20,absolute_calibration_intercept_error,10.9672033461,12.7815756236,-1.81437227748,4894,1dc88792e08058f9e1fa0c40bc81c1119c2f6c42e950f0759df9556ebbed2fb7,paired_same_month_identical_orders
breach,later,monthly,2018-05,xgboost,DPS,,promise_only,all_mature_support_ge20,absolute_calibration_slope_error,4.326928611,5.14189593102,-0.81496732002,4894,1dc88792e08058f9e1fa0c40bc81c1119c2f6c42e950f0759df9556ebbed2fb7,paired_same_month_identical_orders
breach,later,monthly,2018-05,xgboost,DPS,,promise_only,all_mature_support_ge20,calibration_intercept,-10.9672033461,12.7815756236,-23.7487789697,4894,1dc88792e08058f9e1fa0c40bc81c1119c2f6c42e950f0759df9556ebbed2fb7,paired_same_month_identical_orders
breach,later,monthly,2018-05,xgboost,DPS,,promise_only,all_mature_support_ge20,calibration_slope,-3.326928611,6.14189593102,-9.46882454202,4894,1dc88792e08058f9e1fa0c40bc81c1119c2f6c42e950f0759df9556ebbed2fb7,paired_same_month_identical_orders
breach,later,monthly,2018-05,xgboost,DPS,,promise_only,all_mature_support_ge20,wace,0.024308225905,0.0237936933685,0.000514532536468,4894,1dc88792e08058f9e1fa0c40bc81c1119c2f6c42e950f0759df9556ebbed2fb7,paired_same_month_identical_orders
breach,later,monthly,2018-05,xgboost,DPS,,promise_only,all_orders,absolute_calibration_intercept_error,6.87756714743,15.7191595404,-8.84159239302,6749,5ba9c39fb7a95e02255cc9707656867769dd51ba2afc32a961f00a0dd34fba0f,paired_same_month_identical_orders
breach,later,monthly,2018-05,xgboost,DPS,,promise_only,all_orders,absolute_calibration_slope_error,2.68283237279,6.32515327477,-3.64232090198,6749,5ba9c39fb7a95e02255cc9707656867769dd51ba2afc32a961f00a0dd34fba0f,paired_same_month_identical_orders
breach,later,monthly,2018-05,xgboost,DPS,,promise_only,all_orders,calibration_intercept,-6.87756714743,15.7191595404,-22.5967266879,6749,5ba9c39fb7a95e02255cc9707656867769dd51ba2afc32a961f00a0dd34fba0f,paired_same_month_identical_orders
breach,later,monthly,2018-05,xgboost,DPS,,promise_only,all_orders,calibration_slope,-1.68283237279,7.32515327477,-9.00798564757,6749,5ba9c39fb7a95e02255cc9707656867769dd51ba2afc32a961f00a0dd34fba0f,paired_same_month_identical_orders
breach,later,monthly,2018-05,xgboost,DPS,,promise_only,all_orders,wace,0.02219664169,0.0215311982174,0.000665443472631,6749,5ba9c39fb7a95e02255cc9707656867769dd51ba2afc32a961f00a0dd34fba0f,paired_same_month_identical_orders
breach,later,monthly,2018-05,xgboost,DPS,,selected_90d,all_orders,absolute_calibration_intercept_error,6.87756714743,0.641898462961,6.23566868447,6749,5ba9c39fb7a95e02255cc9707656867769dd51ba2afc32a961f00a0dd34fba0f,paired_same_month_identical_orders
breach,later,monthly,2018-05,xgboost,DPS,,selected_90d,all_orders,absolute_calibration_slope_error,2.68283237279,0.198119679196,2.4847126936,6749,5ba9c39fb7a95e02255cc9707656867769dd51ba2afc32a961f00a0dd34fba0f,paired_same_month_identical_orders
breach,later,monthly,2018-05,xgboost,DPS,,selected_90d,all_orders,calibration_intercept,-6.87756714743,-0.641898462961,-6.23566868447,6749,5ba9c39fb7a95e02255cc9707656867769dd51ba2afc32a961f00a0dd34fba0f,paired_same_month_identical_orders
breach,later,monthly,2018-05,xgboost,DPS,,selected_90d,all_orders,calibration_slope,-1.68283237279,0.801880320804,-2.4847126936,6749,5ba9c39fb7a95e02255cc9707656867769dd51ba2afc32a961f00a0dd34fba0f,paired_same_month_identical_orders
breach,later,monthly,2018-05,xgboost,DPS,,selected_90d,all_orders,wace,0.02219664169,0.017532775303,0.00466386638696,6749,5ba9c39fb7a95e02255cc9707656867769dd51ba2afc32a961f00a0dd34fba0f,paired_same_month_identical_orders
breach,later,monthly,2018-05,xgboost,DPS,,selected_90d,common_support_ge20,absolute_calibration_intercept_error,12.4971342551,5.94156992385,6.55556433126,3957,82a4392e60fea7f878bd6da1be734046cdcbd387f8bb5b37f7ede7f61f9bc172,paired_same_month_identical_orders
breach,later,monthly,2018-05,xgboost,DPS,,selected_90d,common_support_ge20,absolute_calibration_slope_error,4.95147311512,2.32941070307,2.62206241205,3957,82a4392e60fea7f878bd6da1be734046cdcbd387f8bb5b37f7ede7f61f9bc172,paired_same_month_identical_orders
breach,later,monthly,2018-05,xgboost,DPS,,selected_90d,common_support_ge20,calibration_intercept,-12.4971342551,-5.94156992385,-6.55556433126,3957,82a4392e60fea7f878bd6da1be734046cdcbd387f8bb5b37f7ede7f61f9bc172,paired_same_month_identical_orders
breach,later,monthly,2018-05,xgboost,DPS,,selected_90d,common_support_ge20,calibration_slope,-3.95147311512,-1.32941070307,-2.62206241205,3957,82a4392e60fea7f878bd6da1be734046cdcbd387f8bb5b37f7ede7f61f9bc172,paired_same_month_identical_orders
breach,later,monthly,2018-05,xgboost,DPS,,selected_90d,common_support_ge20,wace,0.0287255808816,0.0159169675927,0.012808613289,3957,82a4392e60fea7f878bd6da1be734046cdcbd387f8bb5b37f7ede7f61f9bc172,paired_same_month_identical_orders
breach,later,monthly,2018-06,logistic_l2,DPB,,promise_only,all_mature_support_ge20,absolute_calibration_intercept_error,2.14148028116,31.0501622116,-28.9086819305,4305,a2ad45c93355bb3543fcb22c878ea6c754667c0124d52bad7532a2b7e5c9a82e,paired_same_month_identical_orders
breach,later,monthly,2018-06,logistic_l2,DPB,,promise_only,all_mature_support_ge20,absolute_calibration_slope_error,0.088822792559,13.0196017655,-12.930778973,4305,a2ad45c93355bb3543fcb22c878ea6c754667c0124d52bad7532a2b7e5c9a82e,paired_same_month_identical_orders
breach,later,monthly,2018-06,logistic_l2,DPB,,promise_only,all_mature_support_ge20,calibration_intercept,-2.14148028116,31.0501622116,-33.1916424928,4305,a2ad45c93355bb3543fcb22c878ea6c754667c0124d52bad7532a2b7e5c9a82e,paired_same_month_identical_orders
breach,later,monthly,2018-06,logistic_l2,DPB,,promise_only,all_mature_support_ge20,calibration_slope,0.911177207441,14.0196017655,-13.1084245581,4305,a2ad45c93355bb3543fcb22c878ea6c754667c0124d52bad7532a2b7e5c9a82e,paired_same_month_identical_orders
breach,later,monthly,2018-06,logistic_l2,DPB,,promise_only,all_mature_support_ge20,wace,0.0598755644414,0.0621485345978,-0.00227297015643,4305,a2ad45c93355bb3543fcb22c878ea6c754667c0124d52bad7532a2b7e5c9a82e,paired_same_month_identical_orders
breach,later,monthly,2018-06,logistic_l2,DPB,,promise_only,all_orders,absolute_calibration_intercept_error,1.8322317832,85.5766387825,-83.7444069993,6096,93d1e83d8d3dc0b917f21633c2bfe0cd78c570027229894e2260c262d727c336,paired_same_month_identical_orders
breach,later,monthly,2018-06,logistic_l2,DPB,,promise_only,all_orders,absolute_calibration_slope_error,0.0333550784345,34.5430176828,-34.5096626044,6096,93d1e83d8d3dc0b917f21633c2bfe0cd78c570027229894e2260c262d727c336,paired_same_month_identical_orders
breach,later,monthly,2018-06,logistic_l2,DPB,,promise_only,all_orders,calibration_intercept,-1.8322317832,85.5766387825,-87.4088705657,6096,93d1e83d8d3dc0b917f21633c2bfe0cd78c570027229894e2260c262d727c336,paired_same_month_identical_orders
breach,later,monthly,2018-06,logistic_l2,DPB,,promise_only,all_orders,calibration_slope,1.03335507843,35.5430176828,-34.5096626044,6096,93d1e83d8d3dc0b917f21633c2bfe0cd78c570027229894e2260c262d727c336,paired_same_month_identical_orders
breach,later,monthly,2018-06,logistic_l2,DPB,,promise_only,all_orders,wace,0.0584381630924,0.0618702530042,-0.00343208991188,6096,93d1e83d8d3dc0b917f21633c2bfe0cd78c570027229894e2260c262d727c336,paired_same_month_identical_orders
breach,later,monthly,2018-06,logistic_l2,DPB,,selected_90d,all_orders,absolute_calibration_intercept_error,1.8322317832,1.470076319,0.3621554642,6096,93d1e83d8d3dc0b917f21633c2bfe0cd78c570027229894e2260c262d727c336,paired_same_month_identical_orders
breach,later,monthly,2018-06,logistic_l2,DPB,,selected_90d,all_orders,absolute_calibration_slope_error,0.0333550784345,0.0636288273015,-0.0302737488671,6096,93d1e83d8d3dc0b917f21633c2bfe0cd78c570027229894e2260c262d727c336,paired_same_month_identical_orders
breach,later,monthly,2018-06,logistic_l2,DPB,,selected_90d,all_orders,calibration_intercept,-1.8322317832,-1.470076319,-0.3621554642,6096,93d1e83d8d3dc0b917f21633c2bfe0cd78c570027229894e2260c262d727c336,paired_same_month_identical_orders
breach,later,monthly,2018-06,logistic_l2,DPB,,selected_90d,all_orders,calibration_slope,1.03335507843,1.0636288273,-0.0302737488671,6096,93d1e83d8d3dc0b917f21633c2bfe0cd78c570027229894e2260c262d727c336,paired_same_month_identical_orders
breach,later,monthly,2018-06,logistic_l2,DPB,,selected_90d,all_orders,wace,0.0584381630924,0.0426334187857,0.0158047443067,6096,93d1e83d8d3dc0b917f21633c2bfe0cd78c570027229894e2260c262d727c336,paired_same_month_identical_orders
breach,later,monthly,2018-06,logistic_l2,DPB,,selected_90d,common_support_ge20,absolute_calibration_intercept_error,1.74036977831,1.41558435943,0.324785418885,3271,81c79d2a461a6e6b702dd173daa2983ed04ea88a8315f02d082be798df8e18ac,paired_same_month_identical_orders
breach,later,monthly,2018-06,logistic_l2,DPB,,selected_90d,common_support_ge20,absolute_calibration_slope_error,0.118812373578,0.105050305174,0.013762068404,3271,81c79d2a461a6e6b702dd173daa2983ed04ea88a8315f02d082be798df8e18ac,paired_same_month_identical_orders
breach,later,monthly,2018-06,logistic_l2,DPB,,selected_90d,common_support_ge20,calibration_intercept,-1.74036977831,-1.41558435943,-0.324785418885,3271,81c79d2a461a6e6b702dd173daa2983ed04ea88a8315f02d082be798df8e18ac,paired_same_month_identical_orders
breach,later,monthly,2018-06,logistic_l2,DPB,,selected_90d,common_support_ge20,calibration_slope,1.11881237358,1.10505030517,0.013762068404,3271,81c79d2a461a6e6b702dd173daa2983ed04ea88a8315f02d082be798df8e18ac,paired_same_month_identical_orders
breach,later,monthly,2018-06,logistic_l2,DPB,,selected_90d,common_support_ge20,wace,0.0627725654246,0.0440446326047,0.0187279328199,3271,81c79d2a461a6e6b702dd173daa2983ed04ea88a8315f02d082be798df8e18ac,paired_same_month_identical_orders
breach,later,monthly,2018-06,logistic_l2,DPG,,promise_only,all_mature_support_ge20,absolute_calibration_intercept_error,1.4230043038,82.5500131825,-81.1270088787,5932,c093c4f244e931247e5a725a382f3d8b9d51d9aa01f0d90c8a2d28cd33c09b26,paired_same_month_identical_orders
breach,later,monthly,2018-06,logistic_l2,DPG,,promise_only,all_mature_support_ge20,absolute_calibration_slope_error,0.278614071651,33.3563887628,-33.0777746911,5932,c093c4f244e931247e5a725a382f3d8b9d51d9aa01f0d90c8a2d28cd33c09b26,paired_same_month_identical_orders
breach,later,monthly,2018-06,logistic_l2,DPG,,promise_only,all_mature_support_ge20,calibration_intercept,-1.4230043038,82.5500131825,-83.9730174863,5932,c093c4f244e931247e5a725a382f3d8b9d51d9aa01f0d90c8a2d28cd33c09b26,paired_same_month_identical_orders
breach,later,monthly,2018-06,logistic_l2,DPG,,promise_only,all_mature_support_ge20,calibration_slope,1.27861407165,34.3563887628,-33.0777746911,5932,c093c4f244e931247e5a725a382f3d8b9d51d9aa01f0d90c8a2d28cd33c09b26,paired_same_month_identical_orders
breach,later,monthly,2018-06,logistic_l2,DPG,,promise_only,all_mature_support_ge20,wace,0.0645763735697,0.0620680654346,0.00250830813516,5932,c093c4f244e931247e5a725a382f3d8b9d51d9aa01f0d90c8a2d28cd33c09b26,paired_same_month_identical_orders
breach,later,monthly,2018-06,logistic_l2,DPG,,promise_only,all_orders,absolute_calibration_intercept_error,1.45921673799,85.5766387825,-84.1174220445,6096,93d1e83d8d3dc0b917f21633c2bfe0cd78c570027229894e2260c262d727c336,paired_same_month_identical_orders
breach,later,monthly,2018-06,logistic_l2,DPG,,promise_only,all_orders,absolute_calibration_slope_error,0.255876027605,34.5430176828,-34.2871416552,6096,93d1e83d8d3dc0b917f21633c2bfe0cd78c570027229894e2260c262d727c336,paired_same_month_identical_orders
breach,later,monthly,2018-06,logistic_l2,DPG,,promise_only,all_orders,calibration_intercept,-1.45921673799,85.5766387825,-87.0358555205,6096,93d1e83d8d3dc0b917f21633c2bfe0cd78c570027229894e2260c262d727c336,paired_same_month_identical_orders
breach,later,monthly,2018-06,logistic_l2,DPG,,promise_only,all_orders,calibration_slope,1.25587602761,35.5430176828,-34.2871416552,6096,93d1e83d8d3dc0b917f21633c2bfe0cd78c570027229894e2260c262d727c336,paired_same_month_identical_orders
breach,later,monthly,2018-06,logistic_l2,DPG,,promise_only,all_orders,wace,0.0645060784438,0.0618702530042,0.00263582543957,6096,93d1e83d8d3dc0b917f21633c2bfe0cd78c570027229894e2260c262d727c336,paired_same_month_identical_orders
breach,later,monthly,2018-06,logistic_l2,DPG,,selected_90d,all_orders,absolute_calibration_intercept_error,1.45921673799,1.33995576505,0.119260972938,6096,93d1e83d8d3dc0b917f21633c2bfe0cd78c570027229894e2260c262d727c336,paired_same_month_identical_orders
breach,later,monthly,2018-06,logistic_l2,DPG,,selected_90d,all_orders,absolute_calibration_slope_error,0.255876027605,0.218735809767,0.0371402178389,6096,93d1e83d8d3dc0b917f21633c2bfe0cd78c570027229894e2260c262d727c336,paired_same_month_identical_orders
breach,later,monthly,2018-06,logistic_l2,DPG,,selected_90d,all_orders,calibration_intercept,-1.45921673799,-1.33995576505,-0.119260972938,6096,93d1e83d8d3dc0b917f21633c2bfe0cd78c570027229894e2260c262d727c336,paired_same_month_identical_orders
breach,later,monthly,2018-06,logistic_l2,DPG,,selected_90d,all_orders,calibration_slope,1.25587602761,1.21873580977,0.0371402178389,6096,93d1e83d8d3dc0b917f21633c2bfe0cd78c570027229894e2260c262d727c336,paired_same_month_identical_orders
breach,later,monthly,2018-06,logistic_l2,DPG,,selected_90d,all_orders,wace,0.0645060784438,0.0537492455504,0.0107568328934,6096,93d1e83d8d3dc0b917f21633c2bfe0cd78c570027229894e2260c262d727c336,paired_same_month_identical_orders
breach,later,monthly,2018-06,logistic_l2,DPG,,selected_90d,common_support_ge20,absolute_calibration_intercept_error,1.39208806097,1.25404612125,0.138041939713,5766,18698c56975001fec5891aa97fc5a2e00aa8c0e5b595f5644a5bafb19ff3e6eb,paired_same_month_identical_orders
breach,later,monthly,2018-06,logistic_l2,DPG,,selected_90d,common_support_ge20,absolute_calibration_slope_error,0.28956901878,0.251595351057,0.0379736677229,5766,18698c56975001fec5891aa97fc5a2e00aa8c0e5b595f5644a5bafb19ff3e6eb,paired_same_month_identical_orders
breach,later,monthly,2018-06,logistic_l2,DPG,,selected_90d,common_support_ge20,calibration_intercept,-1.39208806097,-1.25404612125,-0.138041939713,5766,18698c56975001fec5891aa97fc5a2e00aa8c0e5b595f5644a5bafb19ff3e6eb,paired_same_month_identical_orders
breach,later,monthly,2018-06,logistic_l2,DPG,,selected_90d,common_support_ge20,calibration_slope,1.28956901878,1.25159535106,0.0379736677229,5766,18698c56975001fec5891aa97fc5a2e00aa8c0e5b595f5644a5bafb19ff3e6eb,paired_same_month_identical_orders
breach,later,monthly,2018-06,logistic_l2,DPG,,selected_90d,common_support_ge20,wace,0.0646859747217,0.0531725877458,0.0115133869759,5766,18698c56975001fec5891aa97fc5a2e00aa8c0e5b595f5644a5bafb19ff3e6eb,paired_same_month_identical_orders
breach,later,monthly,2018-06,logistic_l2,DPS,,promise_only,all_mature_support_ge20,absolute_calibration_intercept_error,7.55173142947,36.22776446,-28.6760330305,4420,386ee0e7fcf41d4ff4bf9ffae4c769b2f2aa619689f762de1b91d565f6a397d5,paired_same_month_identical_orders
breach,later,monthly,2018-06,logistic_l2,DPS,,promise_only,all_mature_support_ge20,absolute_calibration_slope_error,2.20622836865,15.0494472952,-12.8432189266,4420,386ee0e7fcf41d4ff4bf9ffae4c769b2f2aa619689f762de1b91d565f6a397d5,paired_same_month_identical_orders
breach,later,monthly,2018-06,logistic_l2,DPS,,promise_only,all_mature_support_ge20,calibration_intercept,-7.55173142947,36.22776446,-43.7794958895,4420,386ee0e7fcf41d4ff4bf9ffae4c769b2f2aa619689f762de1b91d565f6a397d5,paired_same_month_identical_orders
breach,later,monthly,2018-06,logistic_l2,DPS,,promise_only,all_mature_support_ge20,calibration_slope,-1.20622836865,16.0494472952,-17.2556756639,4420,386ee0e7fcf41d4ff4bf9ffae4c769b2f2aa619689f762de1b91d565f6a397d5,paired_same_month_identical_orders
breach,later,monthly,2018-06,logistic_l2,DPS,,promise_only,all_mature_support_ge20,wace,0.0619345518062,0.0617513124197,0.000183239386501,4420,386ee0e7fcf41d4ff4bf9ffae4c769b2f2aa619689f762de1b91d565f6a397d5,paired_same_month_identical_orders
breach,later,monthly,2018-06,logistic_l2,DPS,,promise_only,all_orders,absolute_calibration_intercept_error,6.99188715275,85.5766387825,-78.5847516298,6096,93d1e83d8d3dc0b917f21633c2bfe0cd78c570027229894e2260c262d727c336,paired_same_month_identical_orders
breach,later,monthly,2018-06,logistic_l2,DPS,,promise_only,all_orders,absolute_calibration_slope_error,1.97103397938,34.5430176828,-32.5719837034,6096,93d1e83d8d3dc0b917f21633c2bfe0cd78c570027229894e2260c262d727c336,paired_same_month_identical_orders
breach,later,monthly,2018-06,logistic_l2,DPS,,promise_only,all_orders,calibration_intercept,-6.99188715275,85.5766387825,-92.5685259353,6096,93d1e83d8d3dc0b917f21633c2bfe0cd78c570027229894e2260c262d727c336,paired_same_month_identical_orders
breach,later,monthly,2018-06,logistic_l2,DPS,,promise_only,all_orders,calibration_slope,-0.971033979382,35.5430176828,-36.5140516622,6096,93d1e83d8d3dc0b917f21633c2bfe0cd78c570027229894e2260c262d727c336,paired_same_month_identical_orders
breach,later,monthly,2018-06,logistic_l2,DPS,,promise_only,all_orders,wace,0.0593940840061,0.0618702530042,-0.00247616899809,6096,93d1e83d8d3dc0b917f21633c2bfe0cd78c570027229894e2260c262d727c336,paired_same_month_identical_orders
breach,later,monthly,2018-06,logistic_l2,DPS,,selected_90d,all_orders,absolute_calibration_intercept_error,6.99188715275,5.91853599022,1.07335116253,6096,93d1e83d8d3dc0b917f21633c2bfe0cd78c570027229894e2260c262d727c336,paired_same_month_identical_orders
breach,later,monthly,2018-06,logistic_l2,DPS,,selected_90d,all_orders,absolute_calibration_slope_error,1.97103397938,1.54207659949,0.428957379894,6096,93d1e83d8d3dc0b917f21633c2bfe0cd78c570027229894e2260c262d727c336,paired_same_month_identical_orders
breach,later,monthly,2018-06,logistic_l2,DPS,,selected_90d,all_orders,calibration_intercept,-6.99188715275,-5.91853599022,-1.07335116253,6096,93d1e83d8d3dc0b917f21633c2bfe0cd78c570027229894e2260c262d727c336,paired_same_month_identical_orders
breach,later,monthly,2018-06,logistic_l2,DPS,,selected_90d,all_orders,calibration_slope,-0.971033979382,-0.542076599488,-0.428957379894,6096,93d1e83d8d3dc0b917f21633c2bfe0cd78c570027229894e2260c262d727c336,paired_same_month_identical_orders
breach,later,monthly,2018-06,logistic_l2,DPS,,selected_90d,all_orders,wace,0.0593940840061,0.0525797455246,0.00681433848152,6096,93d1e83d8d3dc0b917f21633c2bfe0cd78c570027229894e2260c262d727c336,paired_same_month_identical_orders
breach,later,monthly,2018-06,logistic_l2,DPS,,selected_90d,common_support_ge20,absolute_calibration_intercept_error,8.13514119534,7.88971499456,0.245426200779,3438,6855508bdc09705b0e17b20f019cf8053c142f2822b20d1b0bc055c18574c8f1,paired_same_month_identical_orders
breach,later,monthly,2018-06,logistic_l2,DPS,,selected_90d,common_support_ge20,absolute_calibration_slope_error,2.41531868539,2.2527552757,0.162563409685,3438,6855508bdc09705b0e17b20f019cf8053c142f2822b20d1b0bc055c18574c8f1,paired_same_month_identical_orders
breach,later,monthly,2018-06,logistic_l2,DPS,,selected_90d,common_support_ge20,calibration_intercept,-8.13514119534,-7.88971499456,-0.245426200779,3438,6855508bdc09705b0e17b20f019cf8053c142f2822b20d1b0bc055c18574c8f1,paired_same_month_identical_orders
breach,later,monthly,2018-06,logistic_l2,DPS,,selected_90d,common_support_ge20,calibration_slope,-1.41531868539,-1.2527552757,-0.162563409685,3438,6855508bdc09705b0e17b20f019cf8053c142f2822b20d1b0bc055c18574c8f1,paired_same_month_identical_orders
breach,later,monthly,2018-06,logistic_l2,DPS,,selected_90d,common_support_ge20,wace,0.063700250598,0.0547326321332,0.00896761846482,3438,6855508bdc09705b0e17b20f019cf8053c142f2822b20d1b0bc055c18574c8f1,paired_same_month_identical_orders
breach,later,monthly,2018-06,xgboost,DPB,,promise_only,all_mature_support_ge20,absolute_calibration_intercept_error,13.4331047343,0.22381585506,13.2092888792,4305,a2ad45c93355bb3543fcb22c878ea6c754667c0124d52bad7532a2b7e5c9a82e,paired_same_month_identical_orders
breach,later,monthly,2018-06,xgboost,DPB,,promise_only,all_mature_support_ge20,absolute_calibration_slope_error,6.08529419022,0.844189087251,5.24110510297,4305,a2ad45c93355bb3543fcb22c878ea6c754667c0124d52bad7532a2b7e5c9a82e,paired_same_month_identical_orders
breach,later,monthly,2018-06,xgboost,DPB,,promise_only,all_mature_support_ge20,calibration_intercept,13.4331047343,0.22381585506,13.2092888792,4305,a2ad45c93355bb3543fcb22c878ea6c754667c0124d52bad7532a2b7e5c9a82e,paired_same_month_identical_orders
breach,later,monthly,2018-06,xgboost,DPB,,promise_only,all_mature_support_ge20,calibration_slope,7.08529419022,1.84418908725,5.24110510297,4305,a2ad45c93355bb3543fcb22c878ea6c754667c0124d52bad7532a2b7e5c9a82e,paired_same_month_identical_orders
breach,later,monthly,2018-06,xgboost,DPB,,promise_only,all_mature_support_ge20,wace,0.0611746678248,0.0615469604644,-0.000372292639628,4305,a2ad45c93355bb3543fcb22c878ea6c754667c0124d52bad7532a2b7e5c9a82e,paired_same_month_identical_orders
breach,later,monthly,2018-06,xgboost,DPB,,promise_only,all_orders,absolute_calibration_intercept_error,13.7893729004,6.17554648112,7.61382641932,6096,93d1e83d8d3dc0b917f21633c2bfe0cd78c570027229894e2260c262d727c336,paired_same_month_identical_orders
breach,later,monthly,2018-06,xgboost,DPB,,promise_only,all_orders,absolute_calibration_slope_error,6.22196347094,3.17779598959,3.04416748135,6096,93d1e83d8d3dc0b917f21633c2bfe0cd78c570027229894e2260c262d727c336,paired_same_month_identical_orders
breach,later,monthly,2018-06,xgboost,DPB,,promise_only,all_orders,calibration_intercept,13.7893729004,6.17554648112,7.61382641932,6096,93d1e83d8d3dc0b917f21633c2bfe0cd78c570027229894e2260c262d727c336,paired_same_month_identical_orders
breach,later,monthly,2018-06,xgboost,DPB,,promise_only,all_orders,calibration_slope,7.22196347094,4.17779598959,3.04416748135,6096,93d1e83d8d3dc0b917f21633c2bfe0cd78c570027229894e2260c262d727c336,paired_same_month_identical_orders
breach,later,monthly,2018-06,xgboost,DPB,,promise_only,all_orders,wace,0.0610449973633,0.0612702118331,-0.000225214469752,6096,93d1e83d8d3dc0b917f21633c2bfe0cd78c570027229894e2260c262d727c336,paired_same_month_identical_orders
breach,later,monthly,2018-06,xgboost,DPB,,selected_90d,all_orders,absolute_calibration_intercept_error,13.7893729004,16.1451559843,-2.35578308387,6096,93d1e83d8d3dc0b917f21633c2bfe0cd78c570027229894e2260c262d727c336,paired_same_month_identical_orders
breach,later,monthly,2018-06,xgboost,DPB,,selected_90d,all_orders,absolute_calibration_slope_error,6.22196347094,7.19126753007,-0.969304059139,6096,93d1e83d8d3dc0b917f21633c2bfe0cd78c570027229894e2260c262d727c336,paired_same_month_identical_orders
breach,later,monthly,2018-06,xgboost,DPB,,selected_90d,all_orders,calibration_intercept,13.7893729004,16.1451559843,-2.35578308387,6096,93d1e83d8d3dc0b917f21633c2bfe0cd78c570027229894e2260c262d727c336,paired_same_month_identical_orders
breach,later,monthly,2018-06,xgboost,DPB,,selected_90d,all_orders,calibration_slope,7.22196347094,8.19126753007,-0.969304059139,6096,93d1e83d8d3dc0b917f21633c2bfe0cd78c570027229894e2260c262d727c336,paired_same_month_identical_orders
breach,later,monthly,2018-06,xgboost,DPB,,selected_90d,all_orders,wace,0.0610449973633,0.0616694065715,-0.000624409208231,6096,93d1e83d8d3dc0b917f21633c2bfe0cd78c570027229894e2260c262d727c336,paired_same_month_identical_orders
breach,later,monthly,2018-06,xgboost,DPB,,selected_90d,common_support_ge20,absolute_calibration_intercept_error,16.4488312861,14.161710594,2.28712069207,3271,81c79d2a461a6e6b702dd173daa2983ed04ea88a8315f02d082be798df8e18ac,paired_same_month_identical_orders
breach,later,monthly,2018-06,xgboost,DPB,,selected_90d,common_support_ge20,absolute_calibration_slope_error,7.29638469697,6.41636315646,0.880021540509,3271,81c79d2a461a6e6b702dd173daa2983ed04ea88a8315f02d082be798df8e18ac,paired_same_month_identical_orders
breach,later,monthly,2018-06,xgboost,DPB,,selected_90d,common_support_ge20,calibration_intercept,16.4488312861,14.161710594,2.28712069207,3271,81c79d2a461a6e6b702dd173daa2983ed04ea88a8315f02d082be798df8e18ac,paired_same_month_identical_orders
breach,later,monthly,2018-06,xgboost,DPB,,selected_90d,common_support_ge20,calibration_slope,8.29638469697,7.41636315646,0.880021540509,3271,81c79d2a461a6e6b702dd173daa2983ed04ea88a8315f02d082be798df8e18ac,paired_same_month_identical_orders
breach,later,monthly,2018-06,xgboost,DPB,,selected_90d,common_support_ge20,wace,0.0611535070805,0.0621269755259,-0.000973468445408,3271,81c79d2a461a6e6b702dd173daa2983ed04ea88a8315f02d082be798df8e18ac,paired_same_month_identical_orders
breach,later,monthly,2018-06,xgboost,DPG,,promise_only,all_mature_support_ge20,absolute_calibration_intercept_error,13.1514059255,2.51647141293,10.6349345125,5932,c093c4f244e931247e5a725a382f3d8b9d51d9aa01f0d90c8a2d28cd33c09b26,paired_same_month_identical_orders
breach,later,monthly,2018-06,xgboost,DPG,,promise_only,all_mature_support_ge20,absolute_calibration_slope_error,5.97483404772,1.74397342524,4.23086062248,5932,c093c4f244e931247e5a725a382f3d8b9d51d9aa01f0d90c8a2d28cd33c09b26,paired_same_month_identical_orders
breach,later,monthly,2018-06,xgboost,DPG,,promise_only,all_mature_support_ge20,calibration_intercept,13.1514059255,2.51647141293,10.6349345125,5932,c093c4f244e931247e5a725a382f3d8b9d51d9aa01f0d90c8a2d28cd33c09b26,paired_same_month_identical_orders
breach,later,monthly,2018-06,xgboost,DPG,,promise_only,all_mature_support_ge20,calibration_slope,6.97483404772,2.74397342524,4.23086062248,5932,c093c4f244e931247e5a725a382f3d8b9d51d9aa01f0d90c8a2d28cd33c09b26,paired_same_month_identical_orders
breach,later,monthly,2018-06,xgboost,DPG,,promise_only,all_mature_support_ge20,wace,0.0609592114671,0.0614835583226,-0.00052434685547,5932,c093c4f244e931247e5a725a382f3d8b9d51d9aa01f0d90c8a2d28cd33c09b26,paired_same_month_identical_orders
breach,later,monthly,2018-06,xgboost,DPG,,promise_only,all_orders,absolute_calibration_intercept_error,13.1789659311,6.17554648112,7.00341944996,6096,93d1e83d8d3dc0b917f21633c2bfe0cd78c570027229894e2260c262d727c336,paired_same_month_identical_orders
breach,later,monthly,2018-06,xgboost,DPG,,promise_only,all_orders,absolute_calibration_slope_error,5.98317747451,3.17779598959,2.80538148492,6096,93d1e83d8d3dc0b917f21633c2bfe0cd78c570027229894e2260c262d727c336,paired_same_month_identical_orders
breach,later,monthly,2018-06,xgboost,DPG,,promise_only,all_orders,calibration_intercept,13.1789659311,6.17554648112,7.00341944996,6096,93d1e83d8d3dc0b917f21633c2bfe0cd78c570027229894e2260c262d727c336,paired_same_month_identical_orders
breach,later,monthly,2018-06,xgboost,DPG,,promise_only,all_orders,calibration_slope,6.98317747451,4.17779598959,2.80538148492,6096,93d1e83d8d3dc0b917f21633c2bfe0cd78c570027229894e2260c262d727c336,paired_same_month_identical_orders
breach,later,monthly,2018-06,xgboost,DPG,,promise_only,all_orders,wace,0.0608957688302,0.0612702118331,-0.000374443002828,6096,93d1e83d8d3dc0b917f21633c2bfe0cd78c570027229894e2260c262d727c336,paired_same_month_identical_orders
breach,later,monthly,2018-06,xgboost,DPG,,selected_90d,all_orders,absolute_calibration_intercept_error,13.1789659311,19.8902517506,-6.71128581949,6096,93d1e83d8d3dc0b917f21633c2bfe0cd78c570027229894e2260c262d727c336,paired_same_month_identical_orders
breach,later,monthly,2018-06,xgboost,DPG,,selected_90d,all_orders,absolute_calibration_slope_error,5.98317747451,8.61989268077,-2.63671520627,6096,93d1e83d8d3dc0b917f21633c2bfe0cd78c570027229894e2260c262d727c336,paired_same_month_identical_orders
breach,later,monthly,2018-06,xgboost,DPG,,selected_90d,all_orders,calibration_intercept,13.1789659311,19.8902517506,-6.71128581949,6096,93d1e83d8d3dc0b917f21633c2bfe0cd78c570027229894e2260c262d727c336,paired_same_month_identical_orders
breach,later,monthly,2018-06,xgboost,DPG,,selected_90d,all_orders,calibration_slope,6.98317747451,9.61989268077,-2.63671520627,6096,93d1e83d8d3dc0b917f21633c2bfe0cd78c570027229894e2260c262d727c336,paired_same_month_identical_orders
breach,later,monthly,2018-06,xgboost,DPG,,selected_90d,all_orders,wace,0.0608957688302,0.0602859463274,0.000609822502862,6096,93d1e83d8d3dc0b917f21633c2bfe0cd78c570027229894e2260c262d727c336,paired_same_month_identical_orders
breach,later,monthly,2018-06,xgboost,DPG,,selected_90d,common_support_ge20,absolute_calibration_intercept_error,13.6606960156,19.5270373131,-5.86634129743,5766,18698c56975001fec5891aa97fc5a2e00aa8c0e5b595f5644a5bafb19ff3e6eb,paired_same_month_identical_orders
breach,later,monthly,2018-06,xgboost,DPG,,selected_90d,common_support_ge20,absolute_calibration_slope_error,6.16664757205,8.47171656644,-2.30506899439,5766,18698c56975001fec5891aa97fc5a2e00aa8c0e5b595f5644a5bafb19ff3e6eb,paired_same_month_identical_orders
breach,later,monthly,2018-06,xgboost,DPG,,selected_90d,common_support_ge20,calibration_intercept,13.6606960156,19.5270373131,-5.86634129743,5766,18698c56975001fec5891aa97fc5a2e00aa8c0e5b595f5644a5bafb19ff3e6eb,paired_same_month_identical_orders
breach,later,monthly,2018-06,xgboost,DPG,,selected_90d,common_support_ge20,calibration_slope,7.16664757205,9.47171656644,-2.30506899439,5766,18698c56975001fec5891aa97fc5a2e00aa8c0e5b595f5644a5bafb19ff3e6eb,paired_same_month_identical_orders
breach,later,monthly,2018-06,xgboost,DPG,,selected_90d,common_support_ge20,wace,0.0606396813404,0.0601783444458,0.000461336894638,5766,18698c56975001fec5891aa97fc5a2e00aa8c0e5b595f5644a5bafb19ff3e6eb,paired_same_month_identical_orders
breach,later,monthly,2018-06,xgboost,DPS,,promise_only,all_mature_support_ge20,absolute_calibration_intercept_error,20.4791230942,4.97580664354,15.5033164506,4420,386ee0e7fcf41d4ff4bf9ffae4c769b2f2aa619689f762de1b91d565f6a397d5,paired_same_month_identical_orders
breach,later,monthly,2018-06,xgboost,DPS,,promise_only,all_mature_support_ge20,absolute_calibration_slope_error,7.31803622594,2.70093155537,4.61710467057,4420,386ee0e7fcf41d4ff4bf9ffae4c769b2f2aa619689f762de1b91d565f6a397d5,paired_same_month_identical_orders
breach,later,monthly,2018-06,xgboost,DPS,,promise_only,all_mature_support_ge20,calibration_intercept,-20.4791230942,4.97580664354,-25.4549297377,4420,386ee0e7fcf41d4ff4bf9ffae4c769b2f2aa619689f762de1b91d565f6a397d5,paired_same_month_identical_orders
breach,later,monthly,2018-06,xgboost,DPS,,promise_only,all_mature_support_ge20,calibration_slope,-6.31803622594,3.70093155537,-10.0189677813,4420,386ee0e7fcf41d4ff4bf9ffae4c769b2f2aa619689f762de1b91d565f6a397d5,paired_same_month_identical_orders
breach,later,monthly,2018-06,xgboost,DPS,,promise_only,all_mature_support_ge20,wace,0.0615722838149,0.0611318327992,0.000440451015651,4420,386ee0e7fcf41d4ff4bf9ffae4c769b2f2aa619689f762de1b91d565f6a397d5,paired_same_month_identical_orders
breach,later,monthly,2018-06,xgboost,DPS,,promise_only,all_orders,absolute_calibration_intercept_error,18.0869190907,6.17554648112,11.9113726096,6096,93d1e83d8d3dc0b917f21633c2bfe0cd78c570027229894e2260c262d727c336,paired_same_month_identical_orders
breach,later,monthly,2018-06,xgboost,DPS,,promise_only,all_orders,absolute_calibration_slope_error,6.36909681019,3.17779598959,3.1913008206,6096,93d1e83d8d3dc0b917f21633c2bfe0cd78c570027229894e2260c262d727c336,paired_same_month_identical_orders
breach,later,monthly,2018-06,xgboost,DPS,,promise_only,all_orders,calibration_intercept,-18.0869190907,6.17554648112,-24.2624655718,6096,93d1e83d8d3dc0b917f21633c2bfe0cd78c570027229894e2260c262d727c336,paired_same_month_identical_orders
breach,later,monthly,2018-06,xgboost,DPS,,promise_only,all_orders,calibration_slope,-5.36909681019,4.17779598959,-9.54689279978,6096,93d1e83d8d3dc0b917f21633c2bfe0cd78c570027229894e2260c262d727c336,paired_same_month_identical_orders
breach,later,monthly,2018-06,xgboost,DPS,,promise_only,all_orders,wace,0.0615349180662,0.0612702118331,0.000264706233094,6096,93d1e83d8d3dc0b917f21633c2bfe0cd78c570027229894e2260c262d727c336,paired_same_month_identical_orders
breach,later,monthly,2018-06,xgboost,DPS,,selected_90d,all_orders,absolute_calibration_intercept_error,18.0869190907,14.6487852214,3.43813386932,6096,93d1e83d8d3dc0b917f21633c2bfe0cd78c570027229894e2260c262d727c336,paired_same_month_identical_orders
breach,later,monthly,2018-06,xgboost,DPS,,selected_90d,all_orders,absolute_calibration_slope_error,6.36909681019,5.00730019139,1.36179661881,6096,93d1e83d8d3dc0b917f21633c2bfe0cd78c570027229894e2260c262d727c336,paired_same_month_identical_orders
breach,later,monthly,2018-06,xgboost,DPS,,selected_90d,all_orders,calibration_intercept,-18.0869190907,-14.6487852214,-3.43813386932,6096,93d1e83d8d3dc0b917f21633c2bfe0cd78c570027229894e2260c262d727c336,paired_same_month_identical_orders
breach,later,monthly,2018-06,xgboost,DPS,,selected_90d,all_orders,calibration_slope,-5.36909681019,-4.00730019139,-1.36179661881,6096,93d1e83d8d3dc0b917f21633c2bfe0cd78c570027229894e2260c262d727c336,paired_same_month_identical_orders
breach,later,monthly,2018-06,xgboost,DPS,,selected_90d,all_orders,wace,0.0615349180662,0.0610931528148,0.000441765251348,6096,93d1e83d8d3dc0b917f21633c2bfe0cd78c570027229894e2260c262d727c336,paired_same_month_identical_orders
breach,later,monthly,2018-06,xgboost,DPS,,selected_90d,common_support_ge20,absolute_calibration_intercept_error,32.1303234409,16.292327976,15.8379954649,3438,6855508bdc09705b0e17b20f019cf8053c142f2822b20d1b0bc055c18574c8f1,paired_same_month_identical_orders
breach,later,monthly,2018-06,xgboost,DPS,,selected_90d,common_support_ge20,absolute_calibration_slope_error,11.8779370314,5.62877135647,6.24916567489,3438,6855508bdc09705b0e17b20f019cf8053c142f2822b20d1b0bc055c18574c8f1,paired_same_month_identical_orders
breach,later,monthly,2018-06,xgboost,DPS,,selected_90d,common_support_ge20,calibration_intercept,-32.1303234409,-16.292327976,-15.8379954649,3438,6855508bdc09705b0e17b20f019cf8053c142f2822b20d1b0bc055c18574c8f1,paired_same_month_identical_orders
breach,later,monthly,2018-06,xgboost,DPS,,selected_90d,common_support_ge20,calibration_slope,-10.8779370314,-4.62877135647,-6.24916567489,3438,6855508bdc09705b0e17b20f019cf8053c142f2822b20d1b0bc055c18574c8f1,paired_same_month_identical_orders
breach,later,monthly,2018-06,xgboost,DPS,,selected_90d,common_support_ge20,wace,0.0624430969123,0.0616022060133,0.000840890899058,3438,6855508bdc09705b0e17b20f019cf8053c142f2822b20d1b0bc055c18574c8f1,paired_same_month_identical_orders
breach,later,monthly_median,2018-01_to_2018-06,logistic_l2,DPB,,promise_only,all_mature_support_ge20,absolute_calibration_intercept_error,1.21694797593,13.4314842289,-12.4853287902,,,median_of_paired_monthly_differences
breach,later,monthly_median,2018-01_to_2018-06,logistic_l2,DPB,,promise_only,all_mature_support_ge20,absolute_calibration_slope_error,0.207298746056,4.99120440154,-4.53445349091,,,median_of_paired_monthly_differences
breach,later,monthly_median,2018-01_to_2018-06,logistic_l2,DPB,,promise_only,all_mature_support_ge20,calibration_intercept,0.0579988751699,-1.63650963384,2.18307583708,,,median_of_paired_monthly_differences
breach,later,monthly_median,2018-01_to_2018-06,logistic_l2,DPB,,promise_only,all_mature_support_ge20,calibration_slope,1.06805671894,0.267857829278,0.781615157103,,,median_of_paired_monthly_differences
breach,later,monthly_median,2018-01_to_2018-06,logistic_l2,DPB,,promise_only,all_mature_support_ge20,wace,0.0586000183625,0.0449493606717,-0.00702028881986,,,median_of_paired_monthly_differences
breach,later,monthly_median,2018-01_to_2018-06,logistic_l2,DPB,,promise_only,all_orders,absolute_calibration_intercept_error,1.03858075654,10.517756591,-9.70080329116,,,median_of_paired_monthly_differences
breach,later,monthly_median,2018-01_to_2018-06,logistic_l2,DPB,,promise_only,all_orders,absolute_calibration_slope_error,0.157244378155,3.97258188414,-3.59864725772,,,median_of_paired_monthly_differences
breach,later,monthly_median,2018-01_to_2018-06,logistic_l2,DPB,,promise_only,all_orders,calibration_intercept,0.078441043187,-1.01713737857,1.51629522355,,,median_of_paired_monthly_differences
breach,later,monthly_median,2018-01_to_2018-06,logistic_l2,DPB,,promise_only,all_orders,calibration_slope,1.09297313119,0.452078735422,0.543268070372,,,median_of_paired_monthly_differences
breach,later,monthly_median,2018-01_to_2018-06,logistic_l2,DPB,,promise_only,all_orders,wace,0.0561979815326,0.0437118196895,-0.00620657431491,,,median_of_paired_monthly_differences
breach,later,monthly_median,2018-01_to_2018-06,logistic_l2,DPB,,selected_90d,all_orders,absolute_calibration_intercept_error,1.03858075654,1.02170277419,0.0590776160647,,,median_of_paired_monthly_differences
breach,later,monthly_median,2018-01_to_2018-06,logistic_l2,DPB,,selected_90d,all_orders,absolute_calibration_slope_error,0.157244378155,0.181999161139,-0.0323515557676,,,median_of_paired_monthly_differences
breach,later,monthly_median,2018-01_to_2018-06,logistic_l2,DPB,,selected_90d,all_orders,calibration_intercept,0.078441043187,-0.0157672773195,-0.0177886667155,,,median_of_paired_monthly_differences
breach,later,monthly_median,2018-01_to_2018-06,logistic_l2,DPB,,selected_90d,all_orders,calibration_slope,1.09297313119,1.12532468696,-0.0323515557676,,,median_of_paired_monthly_differences
breach,later,monthly_median,2018-01_to_2018-06,logistic_l2,DPB,,selected_90d,all_orders,wace,0.0561979815326,0.0475385065096,0.00554176452813,,,median_of_paired_monthly_differences
breach,later,monthly_median,2018-01_to_2018-06,logistic_l2,DPB,,selected_90d,common_support_ge20,absolute_calibration_intercept_error,1.19158127909,1.17007531914,0.0215059599415,,,median_of_paired_monthly_differences
breach,later,monthly_median,2018-01_to_2018-06,logistic_l2,DPB,,selected_90d,common_support_ge20,absolute_calibration_slope_error,0.195067551597,0.248199082809,-0.00457906110913,,,median_of_paired_monthly_differences
breach,later,monthly_median,2018-01_to_2018-06,logistic_l2,DPB,,selected_90d,common_support_ge20,calibration_intercept,0.189014299329,0.0338806803115,0.0056454485317,,,median_of_paired_monthly_differences
breach,later,monthly_median,2018-01_to_2018-06,logistic_l2,DPB,,selected_90d,common_support_ge20,calibration_slope,1.17508451023,1.19938757076,-0.00457906110913,,,median_of_paired_monthly_differences
breach,later,monthly_median,2018-01_to_2018-06,logistic_l2,DPB,,selected_90d,common_support_ge20,wace,0.0616624110317,0.0498602766874,0.00469877797412,,,median_of_paired_monthly_differences
breach,later,monthly_median,2018-01_to_2018-06,logistic_l2,DPG,,promise_only,all_mature_support_ge20,absolute_calibration_intercept_error,1.1968864403,10.2434436578,-9.04894861473,,,median_of_paired_monthly_differences
breach,later,monthly_median,2018-01_to_2018-06,logistic_l2,DPG,,promise_only,all_mature_support_ge20,absolute_calibration_slope_error,0.315035076513,3.85539480791,-3.33327790259,,,median_of_paired_monthly_differences
breach,later,monthly_median,2018-01_to_2018-06,logistic_l2,DPG,,promise_only,all_mature_support_ge20,calibration_intercept,0.181736994622,-1.11460803468,1.84600039372,,,median_of_paired_monthly_differences
breach,later,monthly_median,2018-01_to_2018-06,logistic_l2,DPG,,promise_only,all_mature_support_ge20,calibration_slope,1.31503507651,0.420536755125,0.675726242457,,,median_of_paired_monthly_differences
breach,later,monthly_median,2018-01_to_2018-06,logistic_l2,DPG,,promise_only,all_mature_support_ge20,wace,0.0607077619699,0.0443127984393,-0.00310001588605,,,median_of_paired_monthly_differences
breach,later,monthly_median,2018-01_to_2018-06,logistic_l2,DPG,,promise_only,all_orders,absolute_calibration_intercept_error,1.22295690946,10.517756591,-9.39952175112,,,median_of_paired_monthly_differences
breach,later,monthly_median,2018-01_to_2018-06,logistic_l2,DPG,,promise_only,all_orders,absolute_calibration_slope_error,0.288853615616,3.97258188414,-3.49605031473,,,median_of_paired_monthly_differences
breach,later,monthly_median,2018-01_to_2018-06,logistic_l2,DPG,,promise_only,all_orders,calibration_intercept,0.169197212174,-1.01713737857,1.74435955121,,,median_of_paired_monthly_differences
breach,later,monthly_median,2018-01_to_2018-06,logistic_l2,DPG,,promise_only,all_orders,calibration_slope,1.28885361562,0.452078735422,0.636569503371,,,median_of_paired_monthly_differences
breach,later,monthly_median,2018-01_to_2018-06,logistic_l2,DPG,,promise_only,all_orders,wace,0.0593409451781,0.0437118196895,-0.00298686350318,,,median_of_paired_monthly_differences
breach,later,monthly_median,2018-01_to_2018-06,logistic_l2,DPG,,selected_90d,all_orders,absolute_calibration_intercept_error,1.22295690946,1.21745484735,-0.0233584481586,,,median_of_paired_monthly_differences
breach,later,monthly_median,2018-01_to_2018-06,logistic_l2,DPG,,selected_90d,all_orders,absolute_calibration_slope_error,0.288853615616,0.32485861011,-0.0137498531335,,,median_of_paired_monthly_differences
breach,later,monthly_median,2018-01_to_2018-06,logistic_l2,DPG,,selected_90d,all_orders,calibration_intercept,0.169197212174,0.0512744440428,-0.0904004626737,,,median_of_paired_monthly_differences
breach,later,monthly_median,2018-01_to_2018-06,logistic_l2,DPG,,selected_90d,all_orders,calibration_slope,1.28885361562,1.31910446283,-0.0164458139642,,,median_of_paired_monthly_differences
breach,later,monthly_median,2018-01_to_2018-06,logistic_l2,DPG,,selected_90d,all_orders,wace,0.0593409451781,0.0539322525519,0.000725414193568,,,median_of_paired_monthly_differences
breach,later,monthly_median,2018-01_to_2018-06,logistic_l2,DPG,,selected_90d,common_support_ge20,absolute_calibration_intercept_error,1.17690361718,1.16629904383,-0.0144314910759,,,median_of_paired_monthly_differences
breach,later,monthly_median,2018-01_to_2018-06,logistic_l2,DPG,,selected_90d,common_support_ge20,absolute_calibration_slope_error,0.324724059418,0.366071851746,-0.0177330152901,,,median_of_paired_monthly_differences
breach,later,monthly_median,2018-01_to_2018-06,logistic_l2,DPG,,selected_90d,common_support_ge20,calibration_intercept,0.154001212633,0.0227281219114,-0.113005875287,,,median_of_paired_monthly_differences
breach,later,monthly_median,2018-01_to_2018-06,logistic_l2,DPG,,selected_90d,common_support_ge20,calibration_slope,1.32472405942,1.36607185175,-0.0199439315705,,,median_of_paired_monthly_differences
breach,later,monthly_median,2018-01_to_2018-06,logistic_l2,DPG,,selected_90d,common_support_ge20,wace,0.0608009051447,0.0545324955167,0.000532535761028,,,median_of_paired_monthly_differences
breach,later,monthly_median,2018-01_to_2018-06,logistic_l2,DPS,,promise_only,all_mature_support_ge20,absolute_calibration_intercept_error,1.44012448147,13.4121311641,-12.1676718215,,,median_of_paired_monthly_differences
breach,later,monthly_median,2018-01_to_2018-06,logistic_l2,DPS,,promise_only,all_mature_support_ge20,absolute_calibration_slope_error,0.612941422942,4.9992991811,-4.38635775815,,,median_of_paired_monthly_differences
breach,later,monthly_median,2018-01_to_2018-06,logistic_l2,DPS,,promise_only,all_mature_support_ge20,calibration_intercept,-1.44012448147,-1.46577166206,0.433121557921,,,median_of_paired_monthly_differences
breach,later,monthly_median,2018-01_to_2018-06,logistic_l2,DPS,,promise_only,all_mature_support_ge20,calibration_slope,0.387058577058,0.323260101531,0.128308814688,,,median_of_paired_monthly_differences
breach,later,monthly_median,2018-01_to_2018-06,logistic_l2,DPS,,promise_only,all_mature_support_ge20,wace,0.0436766084173,0.0443026734503,-0.00457714327785,,,median_of_paired_monthly_differences
breach,later,monthly_median,2018-01_to_2018-06,logistic_l2,DPS,,promise_only,all_orders,absolute_calibration_intercept_error,0.871174791105,10.517756591,-9.71829723978,,,median_of_paired_monthly_differences
breach,later,monthly_median,2018-01_to_2018-06,logistic_l2,DPS,,promise_only,all_orders,absolute_calibration_slope_error,0.526892269129,3.97258188414,-3.50560927521,,,median_of_paired_monthly_differences
breach,later,monthly_median,2018-01_to_2018-06,logistic_l2,DPS,,promise_only,all_orders,calibration_intercept,-0.871174791105,-1.01713737857,-0.0174933974404,,,median_of_paired_monthly_differences
breach,later,monthly_median,2018-01_to_2018-06,logistic_l2,DPS,,promise_only,all_orders,calibration_slope,0.473107730871,0.452078735422,-0.0238609717951,,,median_of_paired_monthly_differences
breach,later,monthly_median,2018-01_to_2018-06,logistic_l2,DPS,,promise_only,all_orders,wace,0.0400506811189,0.0437118196895,-0.00400369296701,,,median_of_paired_monthly_differences
breach,later,monthly_median,2018-01_to_2018-06,logistic_l2,DPS,,selected_90d,all_orders,absolute_calibration_intercept_error,0.871174791105,0.917877659901,0.192525394087,,,median_of_paired_monthly_differences
breach,later,monthly_median,2018-01_to_2018-06,logistic_l2,DPS,,selected_90d,all_orders,absolute_calibration_slope_error,0.526892269129,0.519389102533,0.062037817565,,,median_of_paired_monthly_differences
breach,later,monthly_median,2018-01_to_2018-06,logistic_l2,DPS,,selected_90d,all_orders,calibration_intercept,-0.871174791105,-0.917877659901,-0.192525394087,,,median_of_paired_monthly_differences
breach,later,monthly_median,2018-01_to_2018-06,logistic_l2,DPS,,selected_90d,all_orders,calibration_slope,0.473107730871,0.480610897467,-0.062037817565,,,median_of_paired_monthly_differences
breach,later,monthly_median,2018-01_to_2018-06,logistic_l2,DPS,,selected_90d,all_orders,wace,0.0400506811189,0.0359676518264,0.0030464542719,,,median_of_paired_monthly_differences
breach,later,monthly_median,2018-01_to_2018-06,logistic_l2,DPS,,selected_90d,common_support_ge20,absolute_calibration_intercept_error,1.50806759672,1.44237200293,0.296497438408,,,median_of_paired_monthly_differences
breach,later,monthly_median,2018-01_to_2018-06,logistic_l2,DPS,,selected_90d,common_support_ge20,absolute_calibration_slope_error,0.781241429452,0.764772384046,0.0211568188198,,,median_of_paired_monthly_differences
breach,later,monthly_median,2018-01_to_2018-06,logistic_l2,DPS,,selected_90d,common_support_ge20,calibration_intercept,-1.50806759672,-1.44237200293,-0.0252017463203,,,median_of_paired_monthly_differences
breach,later,monthly_median,2018-01_to_2018-06,logistic_l2,DPS,,selected_90d,common_support_ge20,calibration_slope,0.218758570548,0.235227615954,-0.0211568188198,,,median_of_paired_monthly_differences
breach,later,monthly_median,2018-01_to_2018-06,logistic_l2,DPS,,selected_90d,common_support_ge20,wace,0.0457207478236,0.0392751723183,0.00425217032413,,,median_of_paired_monthly_differences
breach,later,monthly_median,2018-01_to_2018-06,xgboost,DPB,,promise_only,all_mature_support_ge20,absolute_calibration_intercept_error,6.07698856675,13.4023010657,-5.12137278771,,,median_of_paired_monthly_differences
breach,later,monthly_median,2018-01_to_2018-06,xgboost,DPB,,promise_only,all_mature_support_ge20,absolute_calibration_slope_error,2.19561313215,4.85377265176,-1.75585404511,,,median_of_paired_monthly_differences
breach,later,monthly_median,2018-01_to_2018-06,xgboost,DPB,,promise_only,all_mature_support_ge20,calibration_intercept,6.07698856675,6.1968730777,2.10807473673,,,median_of_paired_monthly_differences
breach,later,monthly_median,2018-01_to_2018-06,xgboost,DPB,,promise_only,all_mature_support_ge20,calibration_slope,3.19561313215,3.85006471149,0.788628947342,,,median_of_paired_monthly_differences
breach,later,monthly_median,2018-01_to_2018-06,xgboost,DPB,,promise_only,all_mature_support_ge20,wace,0.0475557917088,0.0430703892666,0.00356715480131,,,median_of_paired_monthly_differences
breach,later,monthly_median,2018-01_to_2018-06,xgboost,DPB,,promise_only,all_orders,absolute_calibration_intercept_error,6.17298682838,10.9473530108,-1.76553708716,,,median_of_paired_monthly_differences
breach,later,monthly_median,2018-01_to_2018-06,xgboost,DPB,,promise_only,all_orders,absolute_calibration_slope_error,2.1915105317,4.75147463218,-0.787812961323,,,median_of_paired_monthly_differences
breach,later,monthly_median,2018-01_to_2018-06,xgboost,DPB,,promise_only,all_orders,calibration_intercept,6.17298682838,10.9473530108,-0.387228777315,,,median_of_paired_monthly_differences
breach,later,monthly_median,2018-01_to_2018-06,xgboost,DPB,,promise_only,all_orders,calibration_slope,3.1915105317,5.75147463218,-0.165020387035,,,median_of_paired_monthly_differences
breach,later,monthly_median,2018-01_to_2018-06,xgboost,DPB,,promise_only,all_orders,wace,0.0472816212947,0.0414007050252,0.00341440728893,,,median_of_paired_monthly_differences
breach,later,monthly_median,2018-01_to_2018-06,xgboost,DPB,,selected_90d,all_orders,absolute_calibration_intercept_error,6.17298682838,12.8632695673,-2.50945603323,,,median_of_paired_monthly_differences
breach,later,monthly_median,2018-01_to_2018-06,xgboost,DPB,,selected_90d,all_orders,absolute_calibration_slope_error,2.1915105317,5.60257632197,-0.921203115676,,,median_of_paired_monthly_differences
breach,later,monthly_median,2018-01_to_2018-06,xgboost,DPB,,selected_90d,all_orders,calibration_intercept,6.17298682838,12.8632695673,-2.50945603323,,,median_of_paired_monthly_differences
breach,later,monthly_median,2018-01_to_2018-06,xgboost,DPB,,selected_90d,all_orders,calibration_slope,3.1915105317,6.60257632197,-0.921203115676,,,median_of_paired_monthly_differences
breach,later,monthly_median,2018-01_to_2018-06,xgboost,DPB,,selected_90d,all_orders,wace,0.0472816212947,0.0475239992803,-0.00024237798553,,,median_of_paired_monthly_differences
breach,later,monthly_median,2018-01_to_2018-06,xgboost,DPB,,selected_90d,common_support_ge20,absolute_calibration_intercept_error,6.67461927859,11.6726621518,-0.042146902709,,,median_of_paired_monthly_differences
breach,later,monthly_median,2018-01_to_2018-06,xgboost,DPB,,selected_90d,common_support_ge20,absolute_calibration_slope_error,2.39324558308,5.13925395582,-0.0570805721708,,,median_of_paired_monthly_differences
breach,later,monthly_median,2018-01_to_2018-06,xgboost,DPB,,selected_90d,common_support_ge20,calibration_intercept,6.67461927859,11.6726621518,-0.042146902709,,,median_of_paired_monthly_differences
breach,later,monthly_median,2018-01_to_2018-06,xgboost,DPB,,selected_90d,common_support_ge20,calibration_slope,3.39324558308,6.13925395582,-0.0570805721708,,,median_of_paired_monthly_differences
breach,later,monthly_median,2018-01_to_2018-06,xgboost,DPB,,selected_90d,common_support_ge20,wace,0.04953709181,0.0504083301425,-0.000387848996367,,,median_of_paired_monthly_differences
breach,later,monthly_median,2018-01_to_2018-06,xgboost,DPG,,promise_only,all_mature_support_ge20,absolute_calibration_intercept_error,10.9484952159,10.2064362021,0.0879450936541,,,median_of_paired_monthly_differences
breach,later,monthly_median,2018-01_to_2018-06,xgboost,DPG,,promise_only,all_mature_support_ge20,absolute_calibration_slope_error,3.73295566075,4.08836183521,0.0327624860059,,,median_of_paired_monthly_differences
breach,later,monthly_median,2018-01_to_2018-06,xgboost,DPG,,promise_only,all_mature_support_ge20,calibration_intercept,10.9484952159,10.2064362021,0.0879450936541,,,median_of_paired_monthly_differences
breach,later,monthly_median,2018-01_to_2018-06,xgboost,DPG,,promise_only,all_mature_support_ge20,calibration_slope,4.73295566075,5.08836183521,0.0327624860059,,,median_of_paired_monthly_differences
breach,later,monthly_median,2018-01_to_2018-06,xgboost,DPG,,promise_only,all_mature_support_ge20,wace,0.0481333353872,0.0417544484783,0.00297175488208,,,median_of_paired_monthly_differences
breach,later,monthly_median,2018-01_to_2018-06,xgboost,DPG,,promise_only,all_orders,absolute_calibration_intercept_error,11.3172979914,10.9473530108,0.725066608823,,,median_of_paired_monthly_differences
breach,later,monthly_median,2018-01_to_2018-06,xgboost,DPG,,promise_only,all_orders,absolute_calibration_slope_error,3.68991516152,4.75147463218,0.0764283213359,,,median_of_paired_monthly_differences
breach,later,monthly_median,2018-01_to_2018-06,xgboost,DPG,,promise_only,all_orders,calibration_intercept,11.3172979914,10.9473530108,1.19197696459,,,median_of_paired_monthly_differences
breach,later,monthly_median,2018-01_to_2018-06,xgboost,DPG,,promise_only,all_orders,calibration_slope,4.68991516152,5.75147463218,0.442140746596,,,median_of_paired_monthly_differences
breach,later,monthly_median,2018-01_to_2018-06,xgboost,DPG,,promise_only,all_orders,wace,0.0484317701557,0.0414007050252,0.00330810060791,,,median_of_paired_monthly_differences
breach,later,monthly_median,2018-01_to_2018-06,xgboost,DPG,,selected_90d,all_orders,absolute_calibration_intercept_error,11.3172979914,9.97410370305,1.29698156403,,,median_of_paired_monthly_differences
breach,later,monthly_median,2018-01_to_2018-06,xgboost,DPG,,selected_90d,all_orders,absolute_calibration_slope_error,3.68991516152,3.75329744582,0.447122177279,,,median_of_paired_monthly_differences
breach,later,monthly_median,2018-01_to_2018-06,xgboost,DPG,,selected_90d,all_orders,calibration_intercept,11.3172979914,9.97410370305,1.29698156403,,,median_of_paired_monthly_differences
breach,later,monthly_median,2018-01_to_2018-06,xgboost,DPG,,selected_90d,all_orders,calibration_slope,4.68991516152,4.75329744582,0.447122177279,,,median_of_paired_monthly_differences
breach,later,monthly_median,2018-01_to_2018-06,xgboost,DPG,,selected_90d,all_orders,wace,0.0484317701557,0.0477130855472,-0.000258350137332,,,median_of_paired_monthly_differences
breach,later,monthly_median,2018-01_to_2018-06,xgboost,DPG,,selected_90d,common_support_ge20,absolute_calibration_intercept_error,10.9281082292,9.91599235732,1.01211587184,,,median_of_paired_monthly_differences
breach,later,monthly_median,2018-01_to_2018-06,xgboost,DPG,,selected_90d,common_support_ge20,absolute_calibration_slope_error,3.75008352014,3.76144985771,0.283529030472,,,median_of_paired_monthly_differences
breach,later,monthly_median,2018-01_to_2018-06,xgboost,DPG,,selected_90d,common_support_ge20,calibration_intercept,10.9281082292,9.91599235732,1.01211587184,,,median_of_paired_monthly_differences
breach,later,monthly_median,2018-01_to_2018-06,xgboost,DPG,,selected_90d,common_support_ge20,calibration_slope,4.75008352014,4.76144985771,0.283529030472,,,median_of_paired_monthly_differences
breach,later,monthly_median,2018-01_to_2018-06,xgboost,DPG,,selected_90d,common_support_ge20,wace,0.0480325672139,0.047973858995,-0.00119977582752,,,median_of_paired_monthly_differences
breach,later,monthly_median,2018-01_to_2018-06,xgboost,DPS,,promise_only,all_mature_support_ge20,absolute_calibration_intercept_error,8.51971504863,13.411150302,-7.80421818581,,,median_of_paired_monthly_differences
breach,later,monthly_median,2018-01_to_2018-06,xgboost,DPS,,promise_only,all_mature_support_ge20,absolute_calibration_slope_error,2.88247624456,4.87644265176,-2.70602972524,,,median_of_paired_monthly_differences
breach,later,monthly_median,2018-01_to_2018-06,xgboost,DPS,,promise_only,all_mature_support_ge20,calibration_intercept,3.5517397698,8.87869113355,-22.3930367647,,,median_of_paired_monthly_differences
breach,later,monthly_median,2018-01_to_2018-06,xgboost,DPS,,promise_only,all_mature_support_ge20,calibration_slope,1.99882231151,4.92141374319,-8.35594600275,,,median_of_paired_monthly_differences
breach,later,monthly_median,2018-01_to_2018-06,xgboost,DPS,,promise_only,all_mature_support_ge20,wace,0.0429402548599,0.0424627630839,4.22595292831e-05,,,median_of_paired_monthly_differences
breach,later,monthly_median,2018-01_to_2018-06,xgboost,DPS,,promise_only,all_orders,absolute_calibration_intercept_error,7.94516130754,10.9473530108,-6.60596473181,,,median_of_paired_monthly_differences
breach,later,monthly_median,2018-01_to_2018-06,xgboost,DPS,,promise_only,all_orders,absolute_calibration_slope_error,2.54722837041,4.75147463218,-2.61847708809,,,median_of_paired_monthly_differences
breach,later,monthly_median,2018-01_to_2018-06,xgboost,DPS,,promise_only,all_orders,calibration_intercept,4.38243944761,10.9473530108,-20.1599346637,,,median_of_paired_monthly_differences
breach,later,monthly_median,2018-01_to_2018-06,xgboost,DPS,,promise_only,all_orders,calibration_slope,2.26122825317,5.75147463218,-7.55503670988,,,median_of_paired_monthly_differences
breach,later,monthly_median,2018-01_to_2018-06,xgboost,DPS,,promise_only,all_orders,wace,0.0418657798781,0.0414007050252,7.01623328059e-06,,,median_of_paired_monthly_differences
breach,later,monthly_median,2018-01_to_2018-06,xgboost,DPS,,selected_90d,all_orders,absolute_calibration_intercept_error,7.94516130754,7.94011472912,1.89585192815,,,median_of_paired_monthly_differences
breach,later,monthly_median,2018-01_to_2018-06,xgboost,DPS,,selected_90d,all_orders,absolute_calibration_slope_error,2.54722837041,2.67401504424,0.741586897277,,,median_of_paired_monthly_differences
breach,later,monthly_median,2018-01_to_2018-06,xgboost,DPS,,selected_90d,all_orders,calibration_intercept,4.38243944761,6.83580308467,-2.97555121612,,,median_of_paired_monthly_differences
breach,later,monthly_median,2018-01_to_2018-06,xgboost,DPS,,selected_90d,all_orders,calibration_slope,2.26122825317,3.05556427236,-1.11572729341,,,median_of_paired_monthly_differences
breach,later,monthly_median,2018-01_to_2018-06,xgboost,DPS,,selected_90d,all_orders,wace,0.0418657798781,0.0393129640589,0.000242068571569,,,median_of_paired_monthly_differences
breach,later,monthly_median,2018-01_to_2018-06,xgboost,DPS,,selected_90d,common_support_ge20,absolute_calibration_intercept_error,6.39716194314,6.67752761406,-0.280365670913,,,median_of_paired_monthly_differences
breach,later,monthly_median,2018-01_to_2018-06,xgboost,DPS,,selected_90d,common_support_ge20,absolute_calibration_slope_error,2.18828355206,2.29509637058,0.0873211250893,,,median_of_paired_monthly_differences
breach,later,monthly_median,2018-01_to_2018-06,xgboost,DPS,,selected_90d,common_support_ge20,calibration_intercept,2.90929227134,-0.216140248276,-5.40316090543,,,median_of_paired_monthly_differences
breach,later,monthly_median,2018-01_to_2018-06,xgboost,DPS,,selected_90d,common_support_ge20,calibration_slope,1.7085358622,0.733711035488,-2.00000910586,,,median_of_paired_monthly_differences
breach,later,monthly_median,2018-01_to_2018-06,xgboost,DPS,,selected_90d,common_support_ge20,wace,0.045584338897,0.0421535423719,-0.000185735900135,,,median_of_paired_monthly_differences
breach,aggregate,pooled,later_pooled,logistic_l2,DPB,,promise_only,all_mature_support_ge20,absolute_calibration_intercept_error,0.131217636617,5.23383006579,-5.10261242917,29101,d8f1298c474c0f497ecff170ea97375715bc96105ff352b8ea92abf57e58e9a0,recomputed_on_concatenated_monthly_predictions
breach,aggregate,pooled,later_pooled,logistic_l2,DPB,,promise_only,all_mature_support_ge20,absolute_calibration_slope_error,0.0878342323984,2.01597520232,-1.92814096992,29101,d8f1298c474c0f497ecff170ea97375715bc96105ff352b8ea92abf57e58e9a0,recomputed_on_concatenated_monthly_predictions
breach,aggregate,pooled,later_pooled,logistic_l2,DPB,,promise_only,all_mature_support_ge20,calibration_intercept,-0.131217636617,-5.23383006579,5.10261242917,29101,d8f1298c474c0f497ecff170ea97375715bc96105ff352b8ea92abf57e58e9a0,recomputed_on_concatenated_monthly_predictions
breach,aggregate,pooled,later_pooled,logistic_l2,DPB,,promise_only,all_mature_support_ge20,calibration_slope,0.912165767602,-1.01597520232,1.92814096992,29101,d8f1298c474c0f497ecff170ea97375715bc96105ff352b8ea92abf57e58e9a0,recomputed_on_concatenated_monthly_predictions
breach,aggregate,pooled,later_pooled,logistic_l2,DPB,,promise_only,all_mature_support_ge20,wace,0.00871551805445,0.0581865757049,-0.0494710576504,29101,d8f1298c474c0f497ecff170ea97375715bc96105ff352b8ea92abf57e58e9a0,recomputed_on_concatenated_monthly_predictions
breach,aggregate,pooled,later_pooled,logistic_l2,DPB,,promise_only,all_orders,absolute_calibration_intercept_error,0.225068146264,5.13020700102,-4.90513885475,40270,72cfdc8f6be208328a97da86166024c4a11b6099541993e6da4d9e100c5d76d2,recomputed_on_concatenated_monthly_predictions
breach,aggregate,pooled,later_pooled,logistic_l2,DPB,,promise_only,all_orders,absolute_calibration_slope_error,0.137366684653,1.9820385809,-1.84467189624,40270,72cfdc8f6be208328a97da86166024c4a11b6099541993e6da4d9e100c5d76d2,recomputed_on_concatenated_monthly_predictions
breach,aggregate,pooled,later_pooled,logistic_l2,DPB,,promise_only,all_orders,calibration_intercept,-0.225068146264,-5.13020700102,4.90513885475,40270,72cfdc8f6be208328a97da86166024c4a11b6099541993e6da4d9e100c5d76d2,recomputed_on_concatenated_monthly_predictions
breach,aggregate,pooled,later_pooled,logistic_l2,DPB,,promise_only,all_orders,calibration_slope,0.862633315347,-0.982038580897,1.84467189624,40270,72cfdc8f6be208328a97da86166024c4a11b6099541993e6da4d9e100c5d76d2,recomputed_on_concatenated_monthly_predictions
breach,aggregate,pooled,later_pooled,logistic_l2,DPB,,promise_only,all_orders,wace,0.010500785187,0.0567299260458,-0.0462291408588,40270,72cfdc8f6be208328a97da86166024c4a11b6099541993e6da4d9e100c5d76d2,recomputed_on_concatenated_monthly_predictions
breach,aggregate,pooled,later_pooled,logistic_l2,DPB,,selected_90d,all_orders,absolute_calibration_intercept_error,0.225068146264,0.0285498573056,0.196518288959,40270,72cfdc8f6be208328a97da86166024c4a11b6099541993e6da4d9e100c5d76d2,recomputed_on_concatenated_monthly_predictions
breach,aggregate,pooled,later_pooled,logistic_l2,DPB,,selected_90d,all_orders,absolute_calibration_slope_error,0.137366684653,0.0217389973852,0.115627687268,40270,72cfdc8f6be208328a97da86166024c4a11b6099541993e6da4d9e100c5d76d2,recomputed_on_concatenated_monthly_predictions
breach,aggregate,pooled,later_pooled,logistic_l2,DPB,,selected_90d,all_orders,calibration_intercept,-0.225068146264,0.0285498573056,-0.25361800357,40270,72cfdc8f6be208328a97da86166024c4a11b6099541993e6da4d9e100c5d76d2,recomputed_on_concatenated_monthly_predictions
breach,aggregate,pooled,later_pooled,logistic_l2,DPB,,selected_90d,all_orders,calibration_slope,0.862633315347,0.978261002615,-0.115627687268,40270,72cfdc8f6be208328a97da86166024c4a11b6099541993e6da4d9e100c5d76d2,recomputed_on_concatenated_monthly_predictions
breach,aggregate,pooled,later_pooled,logistic_l2,DPB,,selected_90d,all_orders,wace,0.010500785187,0.0102043764272,0.000296408759784,40270,72cfdc8f6be208328a97da86166024c4a11b6099541993e6da4d9e100c5d76d2,recomputed_on_concatenated_monthly_predictions
breach,aggregate,pooled,later_pooled,logistic_l2,DPB,,selected_90d,common_support_ge20,absolute_calibration_intercept_error,0.130814168992,0.156213948292,-0.0253997792999,23609,ea408e2b8f0593b4638a80870e3f8eeb36398daaae7a33a7b7c7183879c10479,recomputed_on_concatenated_monthly_predictions
breach,aggregate,pooled,later_pooled,logistic_l2,DPB,,selected_90d,common_support_ge20,absolute_calibration_slope_error,0.0838666272556,0.0301191253746,0.053747501881,23609,ea408e2b8f0593b4638a80870e3f8eeb36398daaae7a33a7b7c7183879c10479,recomputed_on_concatenated_monthly_predictions
breach,aggregate,pooled,later_pooled,logistic_l2,DPB,,selected_90d,common_support_ge20,calibration_intercept,-0.130814168992,0.156213948292,-0.287028117284,23609,ea408e2b8f0593b4638a80870e3f8eeb36398daaae7a33a7b7c7183879c10479,recomputed_on_concatenated_monthly_predictions
breach,aggregate,pooled,later_pooled,logistic_l2,DPB,,selected_90d,common_support_ge20,calibration_slope,0.916133372744,1.03011912537,-0.11398575263,23609,ea408e2b8f0593b4638a80870e3f8eeb36398daaae7a33a7b7c7183879c10479,recomputed_on_concatenated_monthly_predictions
breach,aggregate,pooled,later_pooled,logistic_l2,DPB,,selected_90d,common_support_ge20,wace,0.00925695315703,0.0120113179955,-0.00275436483847,23609,ea408e2b8f0593b4638a80870e3f8eeb36398daaae7a33a7b7c7183879c10479,recomputed_on_concatenated_monthly_predictions
breach,aggregate,pooled,later_pooled,logistic_l2,DPG,,promise_only,all_mature_support_ge20,absolute_calibration_intercept_error,0.283899452079,5.26657509518,-4.9826756431,39212,094a796f7765224afa9e67126e7c93f85a64347b438d55abaf61df05372dedd5,recomputed_on_concatenated_monthly_predictions
breach,aggregate,pooled,later_pooled,logistic_l2,DPG,,promise_only,all_mature_support_ge20,absolute_calibration_slope_error,0.15679621739,2.02696012125,-1.87016390386,39212,094a796f7765224afa9e67126e7c93f85a64347b438d55abaf61df05372dedd5,recomputed_on_concatenated_monthly_predictions
breach,aggregate,pooled,later_pooled,logistic_l2,DPG,,promise_only,all_mature_support_ge20,calibration_intercept,-0.283899452079,-5.26657509518,4.9826756431,39212,094a796f7765224afa9e67126e7c93f85a64347b438d55abaf61df05372dedd5,recomputed_on_concatenated_monthly_predictions
breach,aggregate,pooled,later_pooled,logistic_l2,DPG,,promise_only,all_mature_support_ge20,calibration_slope,0.84320378261,-1.02696012125,1.87016390386,39212,094a796f7765224afa9e67126e7c93f85a64347b438d55abaf61df05372dedd5,recomputed_on_concatenated_monthly_predictions
breach,aggregate,pooled,later_pooled,logistic_l2,DPG,,promise_only,all_mature_support_ge20,wace,0.0137810046117,0.0564851651916,-0.04270416058,39212,094a796f7765224afa9e67126e7c93f85a64347b438d55abaf61df05372dedd5,recomputed_on_concatenated_monthly_predictions
breach,aggregate,pooled,later_pooled,logistic_l2,DPG,,promise_only,all_orders,absolute_calibration_intercept_error,0.286207481546,5.13020700102,-4.84399951947,40270,72cfdc8f6be208328a97da86166024c4a11b6099541993e6da4d9e100c5d76d2,recomputed_on_concatenated_monthly_predictions
breach,aggregate,pooled,later_pooled,logistic_l2,DPG,,promise_only,all_orders,absolute_calibration_slope_error,0.164135624528,1.9820385809,-1.81790295637,40270,72cfdc8f6be208328a97da86166024c4a11b6099541993e6da4d9e100c5d76d2,recomputed_on_concatenated_monthly_predictions
breach,aggregate,pooled,later_pooled,logistic_l2,DPG,,promise_only,all_orders,calibration_intercept,-0.286207481546,-5.13020700102,4.84399951947,40270,72cfdc8f6be208328a97da86166024c4a11b6099541993e6da4d9e100c5d76d2,recomputed_on_concatenated_monthly_predictions
breach,aggregate,pooled,later_pooled,logistic_l2,DPG,,promise_only,all_orders,calibration_slope,0.835864375472,-0.982038580897,1.81790295637,40270,72cfdc8f6be208328a97da86166024c4a11b6099541993e6da4d9e100c5d76d2,recomputed_on_concatenated_monthly_predictions
breach,aggregate,pooled,later_pooled,logistic_l2,DPG,,promise_only,all_orders,wace,0.014076695493,0.0567299260458,-0.0426532305528,40270,72cfdc8f6be208328a97da86166024c4a11b6099541993e6da4d9e100c5d76d2,recomputed_on_concatenated_monthly_predictions
breach,aggregate,pooled,later_pooled,logistic_l2,DPG,,selected_90d,all_orders,absolute_calibration_intercept_error,0.286207481546,0.160807862514,0.125399619032,40270,72cfdc8f6be208328a97da86166024c4a11b6099541993e6da4d9e100c5d76d2,recomputed_on_concatenated_monthly_predictions
breach,aggregate,pooled,later_pooled,logistic_l2,DPG,,selected_90d,all_orders,absolute_calibration_slope_error,0.164135624528,0.106943411932,0.0571922125952,40270,72cfdc8f6be208328a97da86166024c4a11b6099541993e6da4d9e100c5d76d2,recomputed_on_concatenated_monthly_predictions
breach,aggregate,pooled,later_pooled,logistic_l2,DPG,,selected_90d,all_orders,calibration_intercept,-0.286207481546,-0.160807862514,-0.125399619032,40270,72cfdc8f6be208328a97da86166024c4a11b6099541993e6da4d9e100c5d76d2,recomputed_on_concatenated_monthly_predictions
breach,aggregate,pooled,later_pooled,logistic_l2,DPG,,selected_90d,all_orders,calibration_slope,0.835864375472,0.893056588068,-0.0571922125952,40270,72cfdc8f6be208328a97da86166024c4a11b6099541993e6da4d9e100c5d76d2,recomputed_on_concatenated_monthly_predictions
breach,aggregate,pooled,later_pooled,logistic_l2,DPG,,selected_90d,all_orders,wace,0.014076695493,0.0170279176666,-0.0029512221736,40270,72cfdc8f6be208328a97da86166024c4a11b6099541993e6da4d9e100c5d76d2,recomputed_on_concatenated_monthly_predictions
breach,aggregate,pooled,later_pooled,logistic_l2,DPG,,selected_90d,common_support_ge20,absolute_calibration_intercept_error,0.289730167434,0.152631808303,0.137098359131,38247,7fc613d04b1da35031b407e61c4f16d6cc85a116dcff240520f8b243e53dba4b,recomputed_on_concatenated_monthly_predictions
breach,aggregate,pooled,later_pooled,logistic_l2,DPG,,selected_90d,common_support_ge20,absolute_calibration_slope_error,0.157005806489,0.0973288866493,0.0596769198393,38247,7fc613d04b1da35031b407e61c4f16d6cc85a116dcff240520f8b243e53dba4b,recomputed_on_concatenated_monthly_predictions
breach,aggregate,pooled,later_pooled,logistic_l2,DPG,,selected_90d,common_support_ge20,calibration_intercept,-0.289730167434,-0.152631808303,-0.137098359131,38247,7fc613d04b1da35031b407e61c4f16d6cc85a116dcff240520f8b243e53dba4b,recomputed_on_concatenated_monthly_predictions
breach,aggregate,pooled,later_pooled,logistic_l2,DPG,,selected_90d,common_support_ge20,calibration_slope,0.842994193511,0.902671113351,-0.0596769198393,38247,7fc613d04b1da35031b407e61c4f16d6cc85a116dcff240520f8b243e53dba4b,recomputed_on_concatenated_monthly_predictions
breach,aggregate,pooled,later_pooled,logistic_l2,DPG,,selected_90d,common_support_ge20,wace,0.0140152389098,0.0167480988081,-0.00273285989832,38247,7fc613d04b1da35031b407e61c4f16d6cc85a116dcff240520f8b243e53dba4b,recomputed_on_concatenated_monthly_predictions
breach,aggregate,pooled,later_pooled,logistic_l2,DPS,,promise_only,all_mature_support_ge20,absolute_calibration_intercept_error,2.775222953,5.08254042311,-2.30731747011,29760,0cbfbfa15793cf2b4328fc3574a4d2faa681c8437f4ee3c50e91d6fdee261f3f,recomputed_on_concatenated_monthly_predictions
breach,aggregate,pooled,later_pooled,logistic_l2,DPS,,promise_only,all_mature_support_ge20,absolute_calibration_slope_error,1.15201152716,1.96664064543,-0.814629118276,29760,0cbfbfa15793cf2b4328fc3574a4d2faa681c8437f4ee3c50e91d6fdee261f3f,recomputed_on_concatenated_monthly_predictions
breach,aggregate,pooled,later_pooled,logistic_l2,DPS,,promise_only,all_mature_support_ge20,calibration_intercept,-2.775222953,-5.08254042311,2.30731747011,29760,0cbfbfa15793cf2b4328fc3574a4d2faa681c8437f4ee3c50e91d6fdee261f3f,recomputed_on_concatenated_monthly_predictions
breach,aggregate,pooled,later_pooled,logistic_l2,DPS,,promise_only,all_mature_support_ge20,calibration_slope,-0.152011527155,-0.966640645431,0.814629118276,29760,0cbfbfa15793cf2b4328fc3574a4d2faa681c8437f4ee3c50e91d6fdee261f3f,recomputed_on_concatenated_monthly_predictions
breach,aggregate,pooled,later_pooled,logistic_l2,DPS,,promise_only,all_mature_support_ge20,wace,0.0354882314062,0.058437427031,-0.0229491956248,29760,0cbfbfa15793cf2b4328fc3574a4d2faa681c8437f4ee3c50e91d6fdee261f3f,recomputed_on_concatenated_monthly_predictions
breach,aggregate,pooled,later_pooled,logistic_l2,DPS,,promise_only,all_orders,absolute_calibration_intercept_error,2.68059866121,5.13020700102,-2.4496083398,40270,72cfdc8f6be208328a97da86166024c4a11b6099541993e6da4d9e100c5d76d2,recomputed_on_concatenated_monthly_predictions
breach,aggregate,pooled,later_pooled,logistic_l2,DPS,,promise_only,all_orders,absolute_calibration_slope_error,1.11472247043,1.9820385809,-0.867316110464,40270,72cfdc8f6be208328a97da86166024c4a11b6099541993e6da4d9e100c5d76d2,recomputed_on_concatenated_monthly_predictions
breach,aggregate,pooled,later_pooled,logistic_l2,DPS,,promise_only,all_orders,calibration_intercept,-2.68059866121,-5.13020700102,2.4496083398,40270,72cfdc8f6be208328a97da86166024c4a11b6099541993e6da4d9e100c5d76d2,recomputed_on_concatenated_monthly_predictions
breach,aggregate,pooled,later_pooled,logistic_l2,DPS,,promise_only,all_orders,calibration_slope,-0.114722470433,-0.982038580897,0.867316110464,40270,72cfdc8f6be208328a97da86166024c4a11b6099541993e6da4d9e100c5d76d2,recomputed_on_concatenated_monthly_predictions
breach,aggregate,pooled,later_pooled,logistic_l2,DPS,,promise_only,all_orders,wace,0.0339892336646,0.0567299260458,-0.0227406923812,40270,72cfdc8f6be208328a97da86166024c4a11b6099541993e6da4d9e100c5d76d2,recomputed_on_concatenated_monthly_predictions
breach,aggregate,pooled,later_pooled,logistic_l2,DPS,,selected_90d,all_orders,absolute_calibration_intercept_error,2.68059866121,2.10882062624,0.571778034977,40270,72cfdc8f6be208328a97da86166024c4a11b6099541993e6da4d9e100c5d76d2,recomputed_on_concatenated_monthly_predictions
breach,aggregate,pooled,later_pooled,logistic_l2,DPS,,selected_90d,all_orders,absolute_calibration_slope_error,1.11472247043,0.910950057955,0.203772412477,40270,72cfdc8f6be208328a97da86166024c4a11b6099541993e6da4d9e100c5d76d2,recomputed_on_concatenated_monthly_predictions
breach,aggregate,pooled,later_pooled,logistic_l2,DPS,,selected_90d,all_orders,calibration_intercept,-2.68059866121,-2.10882062624,-0.571778034977,40270,72cfdc8f6be208328a97da86166024c4a11b6099541993e6da4d9e100c5d76d2,recomputed_on_concatenated_monthly_predictions
breach,aggregate,pooled,later_pooled,logistic_l2,DPS,,selected_90d,all_orders,calibration_slope,-0.114722470433,0.0890499420446,-0.203772412477,40270,72cfdc8f6be208328a97da86166024c4a11b6099541993e6da4d9e100c5d76d2,recomputed_on_concatenated_monthly_predictions
breach,aggregate,pooled,later_pooled,logistic_l2,DPS,,selected_90d,all_orders,wace,0.0339892336646,0.0294275936891,0.00456163997548,40270,72cfdc8f6be208328a97da86166024c4a11b6099541993e6da4d9e100c5d76d2,recomputed_on_concatenated_monthly_predictions
breach,aggregate,pooled,later_pooled,logistic_l2,DPS,,selected_90d,common_support_ge20,absolute_calibration_intercept_error,2.77505761221,2.43426523808,0.340792374124,24557,642c3495d9af38c12c7263f8a1cd98bcf5d4032265f56861891add8bc74613e1,recomputed_on_concatenated_monthly_predictions
breach,aggregate,pooled,later_pooled,logistic_l2,DPS,,selected_90d,common_support_ge20,absolute_calibration_slope_error,1.15883496531,1.03471777349,0.124117191818,24557,642c3495d9af38c12c7263f8a1cd98bcf5d4032265f56861891add8bc74613e1,recomputed_on_concatenated_monthly_predictions
breach,aggregate,pooled,later_pooled,logistic_l2,DPS,,selected_90d,common_support_ge20,calibration_intercept,-2.77505761221,-2.43426523808,-0.340792374124,24557,642c3495d9af38c12c7263f8a1cd98bcf5d4032265f56861891add8bc74613e1,recomputed_on_concatenated_monthly_predictions
breach,aggregate,pooled,later_pooled,logistic_l2,DPS,,selected_90d,common_support_ge20,calibration_slope,-0.158834965307,-0.034717773489,-0.124117191818,24557,642c3495d9af38c12c7263f8a1cd98bcf5d4032265f56861891add8bc74613e1,recomputed_on_concatenated_monthly_predictions
breach,aggregate,pooled,later_pooled,logistic_l2,DPS,,selected_90d,common_support_ge20,wace,0.0372776886381,0.0329412885894,0.00433640004875,24557,642c3495d9af38c12c7263f8a1cd98bcf5d4032265f56861891add8bc74613e1,recomputed_on_concatenated_monthly_predictions
breach,aggregate,pooled,later_pooled,xgboost,DPB,,promise_only,all_mature_support_ge20,absolute_calibration_intercept_error,3.83847977969,7.0016703863,-3.16319060661,29101,d8f1298c474c0f497ecff170ea97375715bc96105ff352b8ea92abf57e58e9a0,recomputed_on_concatenated_monthly_predictions
breach,aggregate,pooled,later_pooled,xgboost,DPB,,promise_only,all_mature_support_ge20,absolute_calibration_slope_error,1.52935017925,2.64540460807,-1.11605442881,29101,d8f1298c474c0f497ecff170ea97375715bc96105ff352b8ea92abf57e58e9a0,recomputed_on_concatenated_monthly_predictions
breach,aggregate,pooled,later_pooled,xgboost,DPB,,promise_only,all_mature_support_ge20,calibration_intercept,-3.83847977969,-7.0016703863,3.16319060661,29101,d8f1298c474c0f497ecff170ea97375715bc96105ff352b8ea92abf57e58e9a0,recomputed_on_concatenated_monthly_predictions
breach,aggregate,pooled,later_pooled,xgboost,DPB,,promise_only,all_mature_support_ge20,calibration_slope,-0.529350179254,-1.64540460807,1.11605442881,29101,d8f1298c474c0f497ecff170ea97375715bc96105ff352b8ea92abf57e58e9a0,recomputed_on_concatenated_monthly_predictions
breach,aggregate,pooled,later_pooled,xgboost,DPB,,promise_only,all_mature_support_ge20,wace,0.0561088112699,0.0522217705101,0.00388704075979,29101,d8f1298c474c0f497ecff170ea97375715bc96105ff352b8ea92abf57e58e9a0,recomputed_on_concatenated_monthly_predictions
breach,aggregate,pooled,later_pooled,xgboost,DPB,,promise_only,all_orders,absolute_calibration_intercept_error,4.03958757611,6.88084934067,-2.84126176456,40270,72cfdc8f6be208328a97da86166024c4a11b6099541993e6da4d9e100c5d76d2,recomputed_on_concatenated_monthly_predictions
breach,aggregate,pooled,later_pooled,xgboost,DPB,,promise_only,all_orders,absolute_calibration_slope_error,1.60373324349,2.60610685788,-1.00237361439,40270,72cfdc8f6be208328a97da86166024c4a11b6099541993e6da4d9e100c5d76d2,recomputed_on_concatenated_monthly_predictions
breach,aggregate,pooled,later_pooled,xgboost,DPB,,promise_only,all_orders,calibration_intercept,-4.03958757611,-6.88084934067,2.84126176456,40270,72cfdc8f6be208328a97da86166024c4a11b6099541993e6da4d9e100c5d76d2,recomputed_on_concatenated_monthly_predictions
breach,aggregate,pooled,later_pooled,xgboost,DPB,,promise_only,all_orders,calibration_slope,-0.603733243494,-1.60610685788,1.00237361439,40270,72cfdc8f6be208328a97da86166024c4a11b6099541993e6da4d9e100c5d76d2,recomputed_on_concatenated_monthly_predictions
breach,aggregate,pooled,later_pooled,xgboost,DPB,,promise_only,all_orders,wace,0.0538870708159,0.0513784208897,0.00250864992622,40270,72cfdc8f6be208328a97da86166024c4a11b6099541993e6da4d9e100c5d76d2,recomputed_on_concatenated_monthly_predictions
breach,aggregate,pooled,later_pooled,xgboost,DPB,,selected_90d,all_orders,absolute_calibration_intercept_error,4.03958757611,4.55827893911,-0.518691362998,40270,72cfdc8f6be208328a97da86166024c4a11b6099541993e6da4d9e100c5d76d2,recomputed_on_concatenated_monthly_predictions
breach,aggregate,pooled,later_pooled,xgboost,DPB,,selected_90d,all_orders,absolute_calibration_slope_error,1.60373324349,1.79301059989,-0.189277356399,40270,72cfdc8f6be208328a97da86166024c4a11b6099541993e6da4d9e100c5d76d2,recomputed_on_concatenated_monthly_predictions
breach,aggregate,pooled,later_pooled,xgboost,DPB,,selected_90d,all_orders,calibration_intercept,-4.03958757611,-4.55827893911,0.518691362998,40270,72cfdc8f6be208328a97da86166024c4a11b6099541993e6da4d9e100c5d76d2,recomputed_on_concatenated_monthly_predictions
breach,aggregate,pooled,later_pooled,xgboost,DPB,,selected_90d,all_orders,calibration_slope,-0.603733243494,-0.793010599893,0.189277356399,40270,72cfdc8f6be208328a97da86166024c4a11b6099541993e6da4d9e100c5d76d2,recomputed_on_concatenated_monthly_predictions
breach,aggregate,pooled,later_pooled,xgboost,DPB,,selected_90d,all_orders,wace,0.0538870708159,0.0556371044691,-0.00175003365325,40270,72cfdc8f6be208328a97da86166024c4a11b6099541993e6da4d9e100c5d76d2,recomputed_on_concatenated_monthly_predictions
breach,aggregate,pooled,later_pooled,xgboost,DPB,,selected_90d,common_support_ge20,absolute_calibration_intercept_error,3.5391297721,4.45893806934,-0.919808297242,23609,ea408e2b8f0593b4638a80870e3f8eeb36398daaae7a33a7b7c7183879c10479,recomputed_on_concatenated_monthly_predictions
breach,aggregate,pooled,later_pooled,xgboost,DPB,,selected_90d,common_support_ge20,absolute_calibration_slope_error,1.42621549114,1.75814735502,-0.331931863878,23609,ea408e2b8f0593b4638a80870e3f8eeb36398daaae7a33a7b7c7183879c10479,recomputed_on_concatenated_monthly_predictions
breach,aggregate,pooled,later_pooled,xgboost,DPB,,selected_90d,common_support_ge20,calibration_intercept,-3.5391297721,-4.45893806934,0.919808297242,23609,ea408e2b8f0593b4638a80870e3f8eeb36398daaae7a33a7b7c7183879c10479,recomputed_on_concatenated_monthly_predictions
breach,aggregate,pooled,later_pooled,xgboost,DPB,,selected_90d,common_support_ge20,calibration_slope,-0.426215491143,-0.75814735502,0.331931863878,23609,ea408e2b8f0593b4638a80870e3f8eeb36398daaae7a33a7b7c7183879c10479,recomputed_on_concatenated_monthly_predictions
breach,aggregate,pooled,later_pooled,xgboost,DPB,,selected_90d,common_support_ge20,wace,0.0548813341977,0.0510227087344,0.00385862546325,23609,ea408e2b8f0593b4638a80870e3f8eeb36398daaae7a33a7b7c7183879c10479,recomputed_on_concatenated_monthly_predictions
breach,aggregate,pooled,later_pooled,xgboost,DPG,,promise_only,all_mature_support_ge20,absolute_calibration_intercept_error,4.00031684864,7.01926718357,-3.01895033492,39212,094a796f7765224afa9e67126e7c93f85a64347b438d55abaf61df05372dedd5,recomputed_on_concatenated_monthly_predictions
breach,aggregate,pooled,later_pooled,xgboost,DPG,,promise_only,all_mature_support_ge20,absolute_calibration_slope_error,1.58421784777,2.65136313877,-1.067145291,39212,094a796f7765224afa9e67126e7c93f85a64347b438d55abaf61df05372dedd5,recomputed_on_concatenated_monthly_predictions
breach,aggregate,pooled,later_pooled,xgboost,DPG,,promise_only,all_mature_support_ge20,calibration_intercept,-4.00031684864,-7.01926718357,3.01895033492,39212,094a796f7765224afa9e67126e7c93f85a64347b438d55abaf61df05372dedd5,recomputed_on_concatenated_monthly_predictions
breach,aggregate,pooled,later_pooled,xgboost,DPG,,promise_only,all_mature_support_ge20,calibration_slope,-0.58421784777,-1.65136313877,1.067145291,39212,094a796f7765224afa9e67126e7c93f85a64347b438d55abaf61df05372dedd5,recomputed_on_concatenated_monthly_predictions
breach,aggregate,pooled,later_pooled,xgboost,DPG,,promise_only,all_mature_support_ge20,wace,0.0524254060282,0.0513379580267,0.00108744800146,39212,094a796f7765224afa9e67126e7c93f85a64347b438d55abaf61df05372dedd5,recomputed_on_concatenated_monthly_predictions
breach,aggregate,pooled,later_pooled,xgboost,DPG,,promise_only,all_orders,absolute_calibration_intercept_error,3.94901549719,6.88084934067,-2.93183384348,40270,72cfdc8f6be208328a97da86166024c4a11b6099541993e6da4d9e100c5d76d2,recomputed_on_concatenated_monthly_predictions
breach,aggregate,pooled,later_pooled,xgboost,DPG,,promise_only,all_orders,absolute_calibration_slope_error,1.56983715052,2.60610685788,-1.03626970736,40270,72cfdc8f6be208328a97da86166024c4a11b6099541993e6da4d9e100c5d76d2,recomputed_on_concatenated_monthly_predictions
breach,aggregate,pooled,later_pooled,xgboost,DPG,,promise_only,all_orders,calibration_intercept,-3.94901549719,-6.88084934067,2.93183384348,40270,72cfdc8f6be208328a97da86166024c4a11b6099541993e6da4d9e100c5d76d2,recomputed_on_concatenated_monthly_predictions
breach,aggregate,pooled,later_pooled,xgboost,DPG,,promise_only,all_orders,calibration_slope,-0.56983715052,-1.60610685788,1.03626970736,40270,72cfdc8f6be208328a97da86166024c4a11b6099541993e6da4d9e100c5d76d2,recomputed_on_concatenated_monthly_predictions
breach,aggregate,pooled,later_pooled,xgboost,DPG,,promise_only,all_orders,wace,0.0528120884235,0.0513784208897,0.00143366753379,40270,72cfdc8f6be208328a97da86166024c4a11b6099541993e6da4d9e100c5d76d2,recomputed_on_concatenated_monthly_predictions
breach,aggregate,pooled,later_pooled,xgboost,DPG,,selected_90d,all_orders,absolute_calibration_intercept_error,3.94901549719,4.72703849089,-0.7780229937,40270,72cfdc8f6be208328a97da86166024c4a11b6099541993e6da4d9e100c5d76d2,recomputed_on_concatenated_monthly_predictions
breach,aggregate,pooled,later_pooled,xgboost,DPG,,selected_90d,all_orders,absolute_calibration_slope_error,1.56983715052,1.84921740936,-0.279380258835,40270,72cfdc8f6be208328a97da86166024c4a11b6099541993e6da4d9e100c5d76d2,recomputed_on_concatenated_monthly_predictions
breach,aggregate,pooled,later_pooled,xgboost,DPG,,selected_90d,all_orders,calibration_intercept,-3.94901549719,-4.72703849089,0.7780229937,40270,72cfdc8f6be208328a97da86166024c4a11b6099541993e6da4d9e100c5d76d2,recomputed_on_concatenated_monthly_predictions
breach,aggregate,pooled,later_pooled,xgboost,DPG,,selected_90d,all_orders,calibration_slope,-0.56983715052,-0.849217409355,0.279380258835,40270,72cfdc8f6be208328a97da86166024c4a11b6099541993e6da4d9e100c5d76d2,recomputed_on_concatenated_monthly_predictions
breach,aggregate,pooled,later_pooled,xgboost,DPG,,selected_90d,all_orders,wace,0.0528120884235,0.0574403522764,-0.00462826385296,40270,72cfdc8f6be208328a97da86166024c4a11b6099541993e6da4d9e100c5d76d2,recomputed_on_concatenated_monthly_predictions
breach,aggregate,pooled,later_pooled,xgboost,DPG,,selected_90d,common_support_ge20,absolute_calibration_intercept_error,3.96118300232,4.7793892679,-0.818206265584,38247,7fc613d04b1da35031b407e61c4f16d6cc85a116dcff240520f8b243e53dba4b,recomputed_on_concatenated_monthly_predictions
breach,aggregate,pooled,later_pooled,xgboost,DPG,,selected_90d,common_support_ge20,absolute_calibration_slope_error,1.56956778726,1.86332266174,-0.293754874487,38247,7fc613d04b1da35031b407e61c4f16d6cc85a116dcff240520f8b243e53dba4b,recomputed_on_concatenated_monthly_predictions
breach,aggregate,pooled,later_pooled,xgboost,DPG,,selected_90d,common_support_ge20,calibration_intercept,-3.96118300232,-4.7793892679,0.818206265584,38247,7fc613d04b1da35031b407e61c4f16d6cc85a116dcff240520f8b243e53dba4b,recomputed_on_concatenated_monthly_predictions
breach,aggregate,pooled,later_pooled,xgboost,DPG,,selected_90d,common_support_ge20,calibration_slope,-0.569567787256,-0.863322661743,0.293754874487,38247,7fc613d04b1da35031b407e61c4f16d6cc85a116dcff240520f8b243e53dba4b,recomputed_on_concatenated_monthly_predictions
breach,aggregate,pooled,later_pooled,xgboost,DPG,,selected_90d,common_support_ge20,wace,0.0531684155743,0.0575883891013,-0.004419973527,38247,7fc613d04b1da35031b407e61c4f16d6cc85a116dcff240520f8b243e53dba4b,recomputed_on_concatenated_monthly_predictions
breach,aggregate,pooled,later_pooled,xgboost,DPS,,promise_only,all_mature_support_ge20,absolute_calibration_intercept_error,6.92730352312,6.83067139123,0.096632131892,29760,0cbfbfa15793cf2b4328fc3574a4d2faa681c8437f4ee3c50e91d6fdee261f3f,recomputed_on_concatenated_monthly_predictions
breach,aggregate,pooled,later_pooled,xgboost,DPS,,promise_only,all_mature_support_ge20,absolute_calibration_slope_error,2.62694742278,2.58956806626,0.0373793565148,29760,0cbfbfa15793cf2b4328fc3574a4d2faa681c8437f4ee3c50e91d6fdee261f3f,recomputed_on_concatenated_monthly_predictions
breach,aggregate,pooled,later_pooled,xgboost,DPS,,promise_only,all_mature_support_ge20,calibration_intercept,-6.92730352312,-6.83067139123,-0.096632131892,29760,0cbfbfa15793cf2b4328fc3574a4d2faa681c8437f4ee3c50e91d6fdee261f3f,recomputed_on_concatenated_monthly_predictions
breach,aggregate,pooled,later_pooled,xgboost,DPS,,promise_only,all_mature_support_ge20,calibration_slope,-1.62694742278,-1.58956806626,-0.0373793565148,29760,0cbfbfa15793cf2b4328fc3574a4d2faa681c8437f4ee3c50e91d6fdee261f3f,recomputed_on_concatenated_monthly_predictions
breach,aggregate,pooled,later_pooled,xgboost,DPS,,promise_only,all_mature_support_ge20,wace,0.0511979315677,0.0518311757036,-0.000633244135954,29760,0cbfbfa15793cf2b4328fc3574a4d2faa681c8437f4ee3c50e91d6fdee261f3f,recomputed_on_concatenated_monthly_predictions
breach,aggregate,pooled,later_pooled,xgboost,DPS,,promise_only,all_orders,absolute_calibration_intercept_error,6.96373922191,6.88084934067,0.0828898812419,40270,72cfdc8f6be208328a97da86166024c4a11b6099541993e6da4d9e100c5d76d2,recomputed_on_concatenated_monthly_predictions
breach,aggregate,pooled,later_pooled,xgboost,DPS,,promise_only,all_orders,absolute_calibration_slope_error,2.63774747075,2.60610685788,0.0316406128743,40270,72cfdc8f6be208328a97da86166024c4a11b6099541993e6da4d9e100c5d76d2,recomputed_on_concatenated_monthly_predictions
breach,aggregate,pooled,later_pooled,xgboost,DPS,,promise_only,all_orders,calibration_intercept,-6.96373922191,-6.88084934067,-0.0828898812419,40270,72cfdc8f6be208328a97da86166024c4a11b6099541993e6da4d9e100c5d76d2,recomputed_on_concatenated_monthly_predictions
breach,aggregate,pooled,later_pooled,xgboost,DPS,,promise_only,all_orders,calibration_slope,-1.63774747075,-1.60610685788,-0.0316406128743,40270,72cfdc8f6be208328a97da86166024c4a11b6099541993e6da4d9e100c5d76d2,recomputed_on_concatenated_monthly_predictions
breach,aggregate,pooled,later_pooled,xgboost,DPS,,promise_only,all_orders,wace,0.0515750127485,0.0513784208897,0.000196591858859,40270,72cfdc8f6be208328a97da86166024c4a11b6099541993e6da4d9e100c5d76d2,recomputed_on_concatenated_monthly_predictions
breach,aggregate,pooled,later_pooled,xgboost,DPS,,selected_90d,all_orders,absolute_calibration_intercept_error,6.96373922191,6.82124472026,0.142494501649,40270,72cfdc8f6be208328a97da86166024c4a11b6099541993e6da4d9e100c5d76d2,recomputed_on_concatenated_monthly_predictions
breach,aggregate,pooled,later_pooled,xgboost,DPS,,selected_90d,all_orders,absolute_calibration_slope_error,2.63774747075,2.58735578384,0.0503916869175,40270,72cfdc8f6be208328a97da86166024c4a11b6099541993e6da4d9e100c5d76d2,recomputed_on_concatenated_monthly_predictions
breach,aggregate,pooled,later_pooled,xgboost,DPS,,selected_90d,all_orders,calibration_intercept,-6.96373922191,-6.82124472026,-0.142494501649,40270,72cfdc8f6be208328a97da86166024c4a11b6099541993e6da4d9e100c5d76d2,recomputed_on_concatenated_monthly_predictions
breach,aggregate,pooled,later_pooled,xgboost,DPS,,selected_90d,all_orders,calibration_slope,-1.63774747075,-1.58735578384,-0.0503916869175,40270,72cfdc8f6be208328a97da86166024c4a11b6099541993e6da4d9e100c5d76d2,recomputed_on_concatenated_monthly_predictions
breach,aggregate,pooled,later_pooled,xgboost,DPS,,selected_90d,all_orders,wace,0.0515750127485,0.0503459161882,0.00122909656038,40270,72cfdc8f6be208328a97da86166024c4a11b6099541993e6da4d9e100c5d76d2,recomputed_on_concatenated_monthly_predictions
breach,aggregate,pooled,later_pooled,xgboost,DPS,,selected_90d,common_support_ge20,absolute_calibration_intercept_error,6.72196810522,6.54592107756,0.176047027653,24557,642c3495d9af38c12c7263f8a1cd98bcf5d4032265f56861891add8bc74613e1,recomputed_on_concatenated_monthly_predictions
breach,aggregate,pooled,later_pooled,xgboost,DPS,,selected_90d,common_support_ge20,absolute_calibration_slope_error,2.55848294031,2.49359715506,0.0648857852486,24557,642c3495d9af38c12c7263f8a1cd98bcf5d4032265f56861891add8bc74613e1,recomputed_on_concatenated_monthly_predictions
breach,aggregate,pooled,later_pooled,xgboost,DPS,,selected_90d,common_support_ge20,calibration_intercept,-6.72196810522,-6.54592107756,-0.176047027653,24557,642c3495d9af38c12c7263f8a1cd98bcf5d4032265f56861891add8bc74613e1,recomputed_on_concatenated_monthly_predictions
breach,aggregate,pooled,later_pooled,xgboost,DPS,,selected_90d,common_support_ge20,calibration_slope,-1.55848294031,-1.49359715506,-0.0648857852486,24557,642c3495d9af38c12c7263f8a1cd98bcf5d4032265f56861891add8bc74613e1,recomputed_on_concatenated_monthly_predictions
breach,aggregate,pooled,later_pooled,xgboost,DPS,,selected_90d,common_support_ge20,wace,0.052251269997,0.0509287054852,0.00132256451176,24557,642c3495d9af38c12c7263f8a1cd98bcf5d4032265f56861891add8bc74613e1,recomputed_on_concatenated_monthly_predictions
conditional_positive_lateness,later,monthly,2018-01,linear_quantile,DQB,0.9,promise_only,all_mature_support_ge20,absolute_coverage_error,0.0722846441948,0.0460674157303,0.0262172284644,267,0b1b952793ce42162cc31f50030394259108670fca92ae2ba3619099a3a1508e,paired_same_month_identical_orders
conditional_positive_lateness,later,monthly,2018-01,linear_quantile,DQB,0.9,promise_only,all_mature_support_ge20,empirical_coverage,0.827715355805,0.85393258427,-0.0262172284644,267,0b1b952793ce42162cc31f50030394259108670fca92ae2ba3619099a3a1508e,paired_same_month_identical_orders
conditional_positive_lateness,later,monthly,2018-01,linear_quantile,DQB,0.9,promise_only,all_mature_support_ge20,pinball_loss,3.53995450843,3.40103878192,0.138915726511,267,0b1b952793ce42162cc31f50030394259108670fca92ae2ba3619099a3a1508e,paired_same_month_identical_orders
conditional_positive_lateness,later,monthly,2018-01,linear_quantile,DQB,0.9,promise_only,all_orders,absolute_coverage_error,0.0935483870968,0.0736972704715,0.0198511166253,403,cc962f7c6748592fd8cbeb18e371836d602ddaae3749434d4bfdae9acdb702b7,paired_same_month_identical_orders
conditional_positive_lateness,later,monthly,2018-01,linear_quantile,DQB,0.9,promise_only,all_orders,empirical_coverage,0.806451612903,0.826302729529,-0.0198511166253,403,cc962f7c6748592fd8cbeb18e371836d602ddaae3749434d4bfdae9acdb702b7,paired_same_month_identical_orders
conditional_positive_lateness,later,monthly,2018-01,linear_quantile,DQB,0.9,promise_only,all_orders,pinball_loss,4.0173990034,3.91393097227,0.103468031132,403,cc962f7c6748592fd8cbeb18e371836d602ddaae3749434d4bfdae9acdb702b7,paired_same_month_identical_orders
conditional_positive_lateness,later,monthly,2018-01,linear_quantile,DQB,0.9,selected_90d,all_orders,absolute_coverage_error,0.0935483870968,0.0861042183623,0.00744416873449,403,cc962f7c6748592fd8cbeb18e371836d602ddaae3749434d4bfdae9acdb702b7,paired_same_month_identical_orders
conditional_positive_lateness,later,monthly,2018-01,linear_quantile,DQB,0.9,selected_90d,all_orders,empirical_coverage,0.806451612903,0.813895781638,-0.00744416873449,403,cc962f7c6748592fd8cbeb18e371836d602ddaae3749434d4bfdae9acdb702b7,paired_same_month_identical_orders
conditional_positive_lateness,later,monthly,2018-01,linear_quantile,DQB,0.9,selected_90d,all_orders,pinball_loss,4.0173990034,3.95325823449,0.0641407689074,403,cc962f7c6748592fd8cbeb18e371836d602ddaae3749434d4bfdae9acdb702b7,paired_same_month_identical_orders
conditional_positive_lateness,later,monthly,2018-01,linear_quantile,DQB,0.9,selected_90d,common_support_ge20,absolute_coverage_error,0.0674208144796,0.0538461538462,0.0135746606335,221,49b2b4d9b1dc1008693677c7b8248aa25320e1ca0edcb6c58146e808d40d0b4c,paired_same_month_identical_orders
conditional_positive_lateness,later,monthly,2018-01,linear_quantile,DQB,0.9,selected_90d,common_support_ge20,empirical_coverage,0.83257918552,0.846153846154,-0.0135746606335,221,49b2b4d9b1dc1008693677c7b8248aa25320e1ca0edcb6c58146e808d40d0b4c,paired_same_month_identical_orders
conditional_positive_lateness,later,monthly,2018-01,linear_quantile,DQB,0.9,selected_90d,common_support_ge20,pinball_loss,3.46733615434,3.38323984367,0.0840963106714,221,49b2b4d9b1dc1008693677c7b8248aa25320e1ca0edcb6c58146e808d40d0b4c,paired_same_month_identical_orders
conditional_positive_lateness,later,monthly,2018-01,linear_quantile,DQG,0.9,promise_only,all_mature_support_ge20,absolute_coverage_error,0.11188630491,0.0808785529716,0.031007751938,387,3235a2073575728f338527fd52f81af615e3a5da71deea376d26db74d8bcf4b3,paired_same_month_identical_orders
conditional_positive_lateness,later,monthly,2018-01,linear_quantile,DQG,0.9,promise_only,all_mature_support_ge20,empirical_coverage,0.78811369509,0.819121447028,-0.031007751938,387,3235a2073575728f338527fd52f81af615e3a5da71deea376d26db74d8bcf4b3,paired_same_month_identical_orders
conditional_positive_lateness,later,monthly,2018-01,linear_quantile,DQG,0.9,promise_only,all_mature_support_ge20,pinball_loss,4.18458360458,4.02065451428,0.163929090293,387,3235a2073575728f338527fd52f81af615e3a5da71deea376d26db74d8bcf4b3,paired_same_month_identical_orders
conditional_positive_lateness,later,monthly,2018-01,linear_quantile,DQG,0.9,promise_only,all_orders,absolute_coverage_error,0.103473945409,0.0736972704715,0.029776674938,403,cc962f7c6748592fd8cbeb18e371836d602ddaae3749434d4bfdae9acdb702b7,paired_same_month_identical_orders
conditional_positive_lateness,later,monthly,2018-01,linear_quantile,DQG,0.9,promise_only,all_orders,empirical_coverage,0.796526054591,0.826302729529,-0.029776674938,403,cc962f7c6748592fd8cbeb18e371836d602ddaae3749434d4bfdae9acdb702b7,paired_same_month_identical_orders
conditional_positive_lateness,later,monthly,2018-01,linear_quantile,DQG,0.9,promise_only,all_orders,pinball_loss,4.0820497445,3.91393097227,0.168118772238,403,cc962f7c6748592fd8cbeb18e371836d602ddaae3749434d4bfdae9acdb702b7,paired_same_month_identical_orders
conditional_positive_lateness,later,monthly,2018-01,linear_quantile,DQG,0.9,selected_90d,all_orders,absolute_coverage_error,0.103473945409,0.0910669975186,0.0124069478908,403,cc962f7c6748592fd8cbeb18e371836d602ddaae3749434d4bfdae9acdb702b7,paired_same_month_identical_orders
conditional_positive_lateness,later,monthly,2018-01,linear_quantile,DQG,0.9,selected_90d,all_orders,empirical_coverage,0.796526054591,0.808933002481,-0.0124069478908,403,cc962f7c6748592fd8cbeb18e371836d602ddaae3749434d4bfdae9acdb702b7,paired_same_month_identical_orders
conditional_positive_lateness,later,monthly,2018-01,linear_quantile,DQG,0.9,selected_90d,all_orders,pinball_loss,4.0820497445,3.99132707386,0.0907226706451,403,cc962f7c6748592fd8cbeb18e371836d602ddaae3749434d4bfdae9acdb702b7,paired_same_month_identical_orders
conditional_positive_lateness,later,monthly,2018-01,linear_quantile,DQG,0.9,selected_90d,common_support_ge20,absolute_coverage_error,0.110106382979,0.0968085106383,0.0132978723404,376,02ddeb31e40ed2b73164f9a9beb44d8ae6505303f2636a763378a36f5583828f,paired_same_month_identical_orders
conditional_positive_lateness,later,monthly,2018-01,linear_quantile,DQG,0.9,selected_90d,common_support_ge20,empirical_coverage,0.789893617021,0.803191489362,-0.0132978723404,376,02ddeb31e40ed2b73164f9a9beb44d8ae6505303f2636a763378a36f5583828f,paired_same_month_identical_orders
conditional_positive_lateness,later,monthly,2018-01,linear_quantile,DQG,0.9,selected_90d,common_support_ge20,pinball_loss,4.03843703047,3.94334843331,0.0950885971601,376,02ddeb31e40ed2b73164f9a9beb44d8ae6505303f2636a763378a36f5583828f,paired_same_month_identical_orders
conditional_positive_lateness,later,monthly,2018-01,linear_quantile,DQS,0.9,promise_only,all_mature_support_ge20,absolute_coverage_error,0.0569343065693,0.0423357664234,0.014598540146,274,3dda9d0ee615a5f6c364affea025934f76366da2c2d827bcf120f81e73028fc1,paired_same_month_identical_orders
conditional_positive_lateness,later,monthly,2018-01,linear_quantile,DQS,0.9,promise_only,all_mature_support_ge20,empirical_coverage,0.843065693431,0.857664233577,-0.014598540146,274,3dda9d0ee615a5f6c364affea025934f76366da2c2d827bcf120f81e73028fc1,paired_same_month_identical_orders
conditional_positive_lateness,later,monthly,2018-01,linear_quantile,DQS,0.9,promise_only,all_mature_support_ge20,pinball_loss,3.36573395734,3.35197771104,0.0137562463013,274,3dda9d0ee615a5f6c364affea025934f76366da2c2d827bcf120f81e73028fc1,paired_same_month_identical_orders
conditional_positive_lateness,later,monthly,2018-01,linear_quantile,DQS,0.9,promise_only,all_orders,absolute_coverage_error,0.0761786600496,0.0736972704715,0.00248138957816,403,cc962f7c6748592fd8cbeb18e371836d602ddaae3749434d4bfdae9acdb702b7,paired_same_month_identical_orders
conditional_positive_lateness,later,monthly,2018-01,linear_quantile,DQS,0.9,promise_only,all_orders,empirical_coverage,0.82382133995,0.826302729529,-0.00248138957816,403,cc962f7c6748592fd8cbeb18e371836d602ddaae3749434d4bfdae9acdb702b7,paired_same_month_identical_orders
conditional_positive_lateness,later,monthly,2018-01,linear_quantile,DQS,0.9,promise_only,all_orders,pinball_loss,3.88794870886,3.91393097227,-0.0259822634031,403,cc962f7c6748592fd8cbeb18e371836d602ddaae3749434d4bfdae9acdb702b7,paired_same_month_identical_orders
conditional_positive_lateness,later,monthly,2018-01,linear_quantile,DQS,0.9,selected_90d,all_orders,absolute_coverage_error,0.0761786600496,0.0736972704715,0.00248138957816,403,cc962f7c6748592fd8cbeb18e371836d602ddaae3749434d4bfdae9acdb702b7,paired_same_month_identical_orders
conditional_positive_lateness,later,monthly,2018-01,linear_quantile,DQS,0.9,selected_90d,all_orders,empirical_coverage,0.82382133995,0.826302729529,-0.00248138957816,403,cc962f7c6748592fd8cbeb18e371836d602ddaae3749434d4bfdae9acdb702b7,paired_same_month_identical_orders
conditional_positive_lateness,later,monthly,2018-01,linear_quantile,DQS,0.9,selected_90d,all_orders,pinball_loss,3.88794870886,3.89693462831,-0.00898591944303,403,cc962f7c6748592fd8cbeb18e371836d602ddaae3749434d4bfdae9acdb702b7,paired_same_month_identical_orders
conditional_positive_lateness,later,monthly,2018-01,linear_quantile,DQS,0.9,selected_90d,common_support_ge20,absolute_coverage_error,0.0565217391304,0.0521739130435,0.00434782608696,230,110c0966398bf1ff34125b1db5df85f70b9dae679c1b992ed7d31c8dd9240763,paired_same_month_identical_orders
conditional_positive_lateness,later,monthly,2018-01,linear_quantile,DQS,0.9,selected_90d,common_support_ge20,empirical_coverage,0.84347826087,0.847826086957,-0.00434782608696,230,110c0966398bf1ff34125b1db5df85f70b9dae679c1b992ed7d31c8dd9240763,paired_same_month_identical_orders
conditional_positive_lateness,later,monthly,2018-01,linear_quantile,DQS,0.9,selected_90d,common_support_ge20,pinball_loss,3.30685743302,3.30969597271,-0.0028385396963,230,110c0966398bf1ff34125b1db5df85f70b9dae679c1b992ed7d31c8dd9240763,paired_same_month_identical_orders
conditional_positive_lateness,later,monthly,2018-01,xgboost_quantile,DQB,0.9,promise_only,all_mature_support_ge20,absolute_coverage_error,0.0722846441948,0.0647940074906,0.00749063670412,267,0b1b952793ce42162cc31f50030394259108670fca92ae2ba3619099a3a1508e,paired_same_month_identical_orders
conditional_positive_lateness,later,monthly,2018-01,xgboost_quantile,DQB,0.9,promise_only,all_mature_support_ge20,empirical_coverage,0.827715355805,0.835205992509,-0.00749063670412,267,0b1b952793ce42162cc31f50030394259108670fca92ae2ba3619099a3a1508e,paired_same_month_identical_orders
conditional_positive_lateness,later,monthly,2018-01,xgboost_quantile,DQB,0.9,promise_only,all_mature_support_ge20,pinball_loss,3.56133400063,3.47094020486,0.0903937957713,267,0b1b952793ce42162cc31f50030394259108670fca92ae2ba3619099a3a1508e,paired_same_month_identical_orders
conditional_positive_lateness,later,monthly,2018-01,xgboost_quantile,DQB,0.9,promise_only,all_orders,absolute_coverage_error,0.0985111662531,0.0935483870968,0.00496277915633,403,cc962f7c6748592fd8cbeb18e371836d602ddaae3749434d4bfdae9acdb702b7,paired_same_month_identical_orders
conditional_positive_lateness,later,monthly,2018-01,xgboost_quantile,DQB,0.9,promise_only,all_orders,empirical_coverage,0.801488833747,0.806451612903,-0.00496277915633,403,cc962f7c6748592fd8cbeb18e371836d602ddaae3749434d4bfdae9acdb702b7,paired_same_month_identical_orders
conditional_positive_lateness,later,monthly,2018-01,xgboost_quantile,DQB,0.9,promise_only,all_orders,pinball_loss,4.08361091898,3.99849137952,0.0851195394547,403,cc962f7c6748592fd8cbeb18e371836d602ddaae3749434d4bfdae9acdb702b7,paired_same_month_identical_orders
conditional_positive_lateness,later,monthly,2018-01,xgboost_quantile,DQB,0.9,selected_90d,all_orders,absolute_coverage_error,0.0985111662531,0.0935483870968,0.00496277915633,403,cc962f7c6748592fd8cbeb18e371836d602ddaae3749434d4bfdae9acdb702b7,paired_same_month_identical_orders
conditional_positive_lateness,later,monthly,2018-01,xgboost_quantile,DQB,0.9,selected_90d,all_orders,empirical_coverage,0.801488833747,0.806451612903,-0.00496277915633,403,cc962f7c6748592fd8cbeb18e371836d602ddaae3749434d4bfdae9acdb702b7,paired_same_month_identical_orders
conditional_positive_lateness,later,monthly,2018-01,xgboost_quantile,DQB,0.9,selected_90d,all_orders,pinball_loss,4.08361091898,4.0522286337,0.031382285276,403,cc962f7c6748592fd8cbeb18e371836d602ddaae3749434d4bfdae9acdb702b7,paired_same_month_identical_orders
conditional_positive_lateness,later,monthly,2018-01,xgboost_quantile,DQB,0.9,selected_90d,common_support_ge20,absolute_coverage_error,0.058371040724,0.058371040724,0,221,49b2b4d9b1dc1008693677c7b8248aa25320e1ca0edcb6c58146e808d40d0b4c,paired_same_month_identical_orders
conditional_positive_lateness,later,monthly,2018-01,xgboost_quantile,DQB,0.9,selected_90d,common_support_ge20,empirical_coverage,0.841628959276,0.841628959276,0,221,49b2b4d9b1dc1008693677c7b8248aa25320e1ca0edcb6c58146e808d40d0b4c,paired_same_month_identical_orders
conditional_positive_lateness,later,monthly,2018-01,xgboost_quantile,DQB,0.9,selected_90d,common_support_ge20,pinball_loss,3.43751402376,3.4175246079,0.0199894158549,221,49b2b4d9b1dc1008693677c7b8248aa25320e1ca0edcb6c58146e808d40d0b4c,paired_same_month_identical_orders
conditional_positive_lateness,later,monthly,2018-01,xgboost_quantile,DQG,0.9,promise_only,all_mature_support_ge20,absolute_coverage_error,0.106718346253,0.101550387597,0.00516795865633,387,3235a2073575728f338527fd52f81af615e3a5da71deea376d26db74d8bcf4b3,paired_same_month_identical_orders
conditional_positive_lateness,later,monthly,2018-01,xgboost_quantile,DQG,0.9,promise_only,all_mature_support_ge20,empirical_coverage,0.793281653747,0.798449612403,-0.00516795865633,387,3235a2073575728f338527fd52f81af615e3a5da71deea376d26db74d8bcf4b3,paired_same_month_identical_orders
conditional_positive_lateness,later,monthly,2018-01,xgboost_quantile,DQG,0.9,promise_only,all_mature_support_ge20,pinball_loss,4.18995513423,4.11462615898,0.0753289752547,387,3235a2073575728f338527fd52f81af615e3a5da71deea376d26db74d8bcf4b3,paired_same_month_identical_orders
conditional_positive_lateness,later,monthly,2018-01,xgboost_quantile,DQG,0.9,promise_only,all_orders,absolute_coverage_error,0.0985111662531,0.0935483870968,0.00496277915633,403,cc962f7c6748592fd8cbeb18e371836d602ddaae3749434d4bfdae9acdb702b7,paired_same_month_identical_orders
conditional_positive_lateness,later,monthly,2018-01,xgboost_quantile,DQG,0.9,promise_only,all_orders,empirical_coverage,0.801488833747,0.806451612903,-0.00496277915633,403,cc962f7c6748592fd8cbeb18e371836d602ddaae3749434d4bfdae9acdb702b7,paired_same_month_identical_orders
conditional_positive_lateness,later,monthly,2018-01,xgboost_quantile,DQG,0.9,promise_only,all_orders,pinball_loss,4.06958440492,3.99849137952,0.0710930253977,403,cc962f7c6748592fd8cbeb18e371836d602ddaae3749434d4bfdae9acdb702b7,paired_same_month_identical_orders
conditional_positive_lateness,later,monthly,2018-01,xgboost_quantile,DQG,0.9,selected_90d,all_orders,absolute_coverage_error,0.0985111662531,0.0985111662531,0,403,cc962f7c6748592fd8cbeb18e371836d602ddaae3749434d4bfdae9acdb702b7,paired_same_month_identical_orders
conditional_positive_lateness,later,monthly,2018-01,xgboost_quantile,DQG,0.9,selected_90d,all_orders,empirical_coverage,0.801488833747,0.801488833747,0,403,cc962f7c6748592fd8cbeb18e371836d602ddaae3749434d4bfdae9acdb702b7,paired_same_month_identical_orders
conditional_positive_lateness,later,monthly,2018-01,xgboost_quantile,DQG,0.9,selected_90d,all_orders,pinball_loss,4.06958440492,4.02848564035,0.0410987645733,403,cc962f7c6748592fd8cbeb18e371836d602ddaae3749434d4bfdae9acdb702b7,paired_same_month_identical_orders
conditional_positive_lateness,later,monthly,2018-01,xgboost_quantile,DQG,0.9,selected_90d,common_support_ge20,absolute_coverage_error,0.104787234043,0.104787234043,0,376,02ddeb31e40ed2b73164f9a9beb44d8ae6505303f2636a763378a36f5583828f,paired_same_month_identical_orders
conditional_positive_lateness,later,monthly,2018-01,xgboost_quantile,DQG,0.9,selected_90d,common_support_ge20,empirical_coverage,0.795212765957,0.795212765957,0,376,02ddeb31e40ed2b73164f9a9beb44d8ae6505303f2636a763378a36f5583828f,paired_same_month_identical_orders
conditional_positive_lateness,later,monthly,2018-01,xgboost_quantile,DQG,0.9,selected_90d,common_support_ge20,pinball_loss,4.03796999454,3.98599622148,0.0519737730609,376,02ddeb31e40ed2b73164f9a9beb44d8ae6505303f2636a763378a36f5583828f,paired_same_month_identical_orders
conditional_positive_lateness,later,monthly,2018-01,xgboost_quantile,DQS,0.9,promise_only,all_mature_support_ge20,absolute_coverage_error,0.0642335766423,0.0605839416058,0.0036496350365,274,3dda9d0ee615a5f6c364affea025934f76366da2c2d827bcf120f81e73028fc1,paired_same_month_identical_orders
conditional_positive_lateness,later,monthly,2018-01,xgboost_quantile,DQS,0.9,promise_only,all_mature_support_ge20,empirical_coverage,0.835766423358,0.839416058394,-0.0036496350365,274,3dda9d0ee615a5f6c364affea025934f76366da2c2d827bcf120f81e73028fc1,paired_same_month_identical_orders
conditional_positive_lateness,later,monthly,2018-01,xgboost_quantile,DQS,0.9,promise_only,all_mature_support_ge20,pinball_loss,3.47487917434,3.41567140148,0.0592077728613,274,3dda9d0ee615a5f6c364affea025934f76366da2c2d827bcf120f81e73028fc1,paired_same_month_identical_orders
conditional_positive_lateness,later,monthly,2018-01,xgboost_quantile,DQS,0.9,promise_only,all_orders,absolute_coverage_error,0.0935483870968,0.0935483870968,0,403,cc962f7c6748592fd8cbeb18e371836d602ddaae3749434d4bfdae9acdb702b7,paired_same_month_identical_orders
conditional_positive_lateness,later,monthly,2018-01,xgboost_quantile,DQS,0.9,promise_only,all_orders,empirical_coverage,0.806451612903,0.806451612903,0,403,cc962f7c6748592fd8cbeb18e371836d602ddaae3749434d4bfdae9acdb702b7,paired_same_month_identical_orders
conditional_positive_lateness,later,monthly,2018-01,xgboost_quantile,DQS,0.9,promise_only,all_orders,pinball_loss,4.03789016497,3.99849137952,0.039398785444,403,cc962f7c6748592fd8cbeb18e371836d602ddaae3749434d4bfdae9acdb702b7,paired_same_month_identical_orders
conditional_positive_lateness,later,monthly,2018-01,xgboost_quantile,DQS,0.9,selected_90d,all_orders,absolute_coverage_error,0.0935483870968,0.0985111662531,-0.00496277915633,403,cc962f7c6748592fd8cbeb18e371836d602ddaae3749434d4bfdae9acdb702b7,paired_same_month_identical_orders
conditional_positive_lateness,later,monthly,2018-01,xgboost_quantile,DQS,0.9,selected_90d,all_orders,empirical_coverage,0.806451612903,0.801488833747,0.00496277915633,403,cc962f7c6748592fd8cbeb18e371836d602ddaae3749434d4bfdae9acdb702b7,paired_same_month_identical_orders
conditional_positive_lateness,later,monthly,2018-01,xgboost_quantile,DQS,0.9,selected_90d,all_orders,pinball_loss,4.03789016497,4.0525276274,-0.0146374624354,403,cc962f7c6748592fd8cbeb18e371836d602ddaae3749434d4bfdae9acdb702b7,paired_same_month_identical_orders
conditional_positive_lateness,later,monthly,2018-01,xgboost_quantile,DQS,0.9,selected_90d,common_support_ge20,absolute_coverage_error,0.0521739130435,0.0565217391304,-0.00434782608696,230,110c0966398bf1ff34125b1db5df85f70b9dae679c1b992ed7d31c8dd9240763,paired_same_month_identical_orders
conditional_positive_lateness,later,monthly,2018-01,xgboost_quantile,DQS,0.9,selected_90d,common_support_ge20,empirical_coverage,0.847826086957,0.84347826087,0.00434782608696,230,110c0966398bf1ff34125b1db5df85f70b9dae679c1b992ed7d31c8dd9240763,paired_same_month_identical_orders
conditional_positive_lateness,later,monthly,2018-01,xgboost_quantile,DQS,0.9,selected_90d,common_support_ge20,pinball_loss,3.37019738985,3.38288817115,-0.0126907813039,230,110c0966398bf1ff34125b1db5df85f70b9dae679c1b992ed7d31c8dd9240763,paired_same_month_identical_orders
conditional_positive_lateness,later,monthly,2018-02,linear_quantile,DQB,0.9,promise_only,all_mature_support_ge20,absolute_coverage_error,0.051248164464,0.0409691629956,0.0102790014684,681,460daa0c134d4d18ca3dcefc349fec622fbc9cf313ed943d9066148aed24300a,paired_same_month_identical_orders
conditional_positive_lateness,later,monthly,2018-02,linear_quantile,DQB,0.9,promise_only,all_mature_support_ge20,empirical_coverage,0.848751835536,0.859030837004,-0.0102790014684,681,460daa0c134d4d18ca3dcefc349fec622fbc9cf313ed943d9066148aed24300a,paired_same_month_identical_orders
conditional_positive_lateness,later,monthly,2018-02,linear_quantile,DQB,0.9,promise_only,all_mature_support_ge20,pinball_loss,3.02872815836,3.01894273128,0.00978542707771,681,460daa0c134d4d18ca3dcefc349fec622fbc9cf313ed943d9066148aed24300a,paired_same_month_identical_orders
conditional_positive_lateness,later,monthly,2018-02,linear_quantile,DQB,0.9,promise_only,all_orders,absolute_coverage_error,0.0695464362851,0.0609071274298,0.00863930885529,926,7d95c88138b22ba2667424325239c22950b3bf7d98924869363f5813ba7b7bad,paired_same_month_identical_orders
conditional_positive_lateness,later,monthly,2018-02,linear_quantile,DQB,0.9,promise_only,all_orders,empirical_coverage,0.830453563715,0.83909287257,-0.00863930885529,926,7d95c88138b22ba2667424325239c22950b3bf7d98924869363f5813ba7b7bad,paired_same_month_identical_orders
conditional_positive_lateness,later,monthly,2018-02,linear_quantile,DQB,0.9,promise_only,all_orders,pinball_loss,3.34752110078,3.35518358531,-0.00766248453095,926,7d95c88138b22ba2667424325239c22950b3bf7d98924869363f5813ba7b7bad,paired_same_month_identical_orders
conditional_positive_lateness,later,monthly,2018-02,linear_quantile,DQB,0.9,selected_90d,all_orders,absolute_coverage_error,0.0695464362851,0.070626349892,-0.00107991360691,926,7d95c88138b22ba2667424325239c22950b3bf7d98924869363f5813ba7b7bad,paired_same_month_identical_orders
conditional_positive_lateness,later,monthly,2018-02,linear_quantile,DQB,0.9,selected_90d,all_orders,empirical_coverage,0.830453563715,0.829373650108,0.00107991360691,926,7d95c88138b22ba2667424325239c22950b3bf7d98924869363f5813ba7b7bad,paired_same_month_identical_orders
conditional_positive_lateness,later,monthly,2018-02,linear_quantile,DQB,0.9,selected_90d,all_orders,pinball_loss,3.34752110078,3.36652299063,-0.0190018898437,926,7d95c88138b22ba2667424325239c22950b3bf7d98924869363f5813ba7b7bad,paired_same_month_identical_orders
conditional_positive_lateness,later,monthly,2018-02,linear_quantile,DQB,0.9,selected_90d,common_support_ge20,absolute_coverage_error,0.0438596491228,0.0456140350877,-0.00175438596491,570,8f806797d4dc54f92cc9bf8681daf07e2a7ec0704bf88b9510de19687b878676,paired_same_month_identical_orders
conditional_positive_lateness,later,monthly,2018-02,linear_quantile,DQB,0.9,selected_90d,common_support_ge20,empirical_coverage,0.856140350877,0.854385964912,0.00175438596491,570,8f806797d4dc54f92cc9bf8681daf07e2a7ec0704bf88b9510de19687b878676,paired_same_month_identical_orders
conditional_positive_lateness,later,monthly,2018-02,linear_quantile,DQB,0.9,selected_90d,common_support_ge20,pinball_loss,3.05486136595,3.05514314083,-0.000281774871702,570,8f806797d4dc54f92cc9bf8681daf07e2a7ec0704bf88b9510de19687b878676,paired_same_month_identical_orders
conditional_positive_lateness,later,monthly,2018-02,linear_quantile,DQG,0.9,promise_only,all_mature_support_ge20,absolute_coverage_error,0.0598224195339,0.0598224195339,0,901,fed599f3c041e0044fe24b8c2d2341af450e2988ea1c1a411ea50df4dce622cb,paired_same_month_identical_orders
conditional_positive_lateness,later,monthly,2018-02,linear_quantile,DQG,0.9,promise_only,all_mature_support_ge20,empirical_coverage,0.840177580466,0.840177580466,0,901,fed599f3c041e0044fe24b8c2d2341af450e2988ea1c1a411ea50df4dce622cb,paired_same_month_identical_orders
conditional_positive_lateness,later,monthly,2018-02,linear_quantile,DQG,0.9,promise_only,all_mature_support_ge20,pinball_loss,3.26559378468,3.26559378468,0,901,fed599f3c041e0044fe24b8c2d2341af450e2988ea1c1a411ea50df4dce622cb,paired_same_month_identical_orders
conditional_positive_lateness,later,monthly,2018-02,linear_quantile,DQG,0.9,promise_only,all_orders,absolute_coverage_error,0.0609071274298,0.0609071274298,0,926,7d95c88138b22ba2667424325239c22950b3bf7d98924869363f5813ba7b7bad,paired_same_month_identical_orders
conditional_positive_lateness,later,monthly,2018-02,linear_quantile,DQG,0.9,promise_only,all_orders,empirical_coverage,0.83909287257,0.83909287257,0,926,7d95c88138b22ba2667424325239c22950b3bf7d98924869363f5813ba7b7bad,paired_same_month_identical_orders
conditional_positive_lateness,later,monthly,2018-02,linear_quantile,DQG,0.9,promise_only,all_orders,pinball_loss,3.35615550756,3.35518358531,0.000971922246221,926,7d95c88138b22ba2667424325239c22950b3bf7d98924869363f5813ba7b7bad,paired_same_month_identical_orders
conditional_positive_lateness,later,monthly,2018-02,linear_quantile,DQG,0.9,selected_90d,all_orders,absolute_coverage_error,0.0609071274298,0.0609071274298,0,926,7d95c88138b22ba2667424325239c22950b3bf7d98924869363f5813ba7b7bad,paired_same_month_identical_orders
conditional_positive_lateness,later,monthly,2018-02,linear_quantile,DQG,0.9,selected_90d,all_orders,empirical_coverage,0.83909287257,0.83909287257,0,926,7d95c88138b22ba2667424325239c22950b3bf7d98924869363f5813ba7b7bad,paired_same_month_identical_orders
conditional_positive_lateness,later,monthly,2018-02,linear_quantile,DQG,0.9,selected_90d,all_orders,pinball_loss,3.35615550756,3.35518358531,0.000971922246221,926,7d95c88138b22ba2667424325239c22950b3bf7d98924869363f5813ba7b7bad,paired_same_month_identical_orders
conditional_positive_lateness,later,monthly,2018-02,linear_quantile,DQG,0.9,selected_90d,common_support_ge20,absolute_coverage_error,0.0589103291714,0.0589103291714,0,881,0862455bdf06a298e82665af3ca7d431ba3f0922eb153bc2a2c5591c258fe5a7,paired_same_month_identical_orders
conditional_positive_lateness,later,monthly,2018-02,linear_quantile,DQG,0.9,selected_90d,common_support_ge20,empirical_coverage,0.841089670829,0.841089670829,0,881,0862455bdf06a298e82665af3ca7d431ba3f0922eb153bc2a2c5591c258fe5a7,paired_same_month_identical_orders
conditional_positive_lateness,later,monthly,2018-02,linear_quantile,DQG,0.9,selected_90d,common_support_ge20,pinball_loss,3.27593643587,3.27593643587,0,881,0862455bdf06a298e82665af3ca7d431ba3f0922eb153bc2a2c5591c258fe5a7,paired_same_month_identical_orders
conditional_positive_lateness,later,monthly,2018-02,linear_quantile,DQS,0.9,promise_only,all_mature_support_ge20,absolute_coverage_error,0.0510791366906,0.0424460431655,0.00863309352518,695,7604bbedc8cd6082cdb8c0de3c5d195902de36c32e71d018baad7ed3bbdf31f3,paired_same_month_identical_orders
conditional_positive_lateness,later,monthly,2018-02,linear_quantile,DQS,0.9,promise_only,all_mature_support_ge20,empirical_coverage,0.848920863309,0.857553956835,-0.00863309352518,695,7604bbedc8cd6082cdb8c0de3c5d195902de36c32e71d018baad7ed3bbdf31f3,paired_same_month_identical_orders
conditional_positive_lateness,later,monthly,2018-02,linear_quantile,DQS,0.9,promise_only,all_mature_support_ge20,pinball_loss,3.03740238674,3.02848920863,0.00891317810868,695,7604bbedc8cd6082cdb8c0de3c5d195902de36c32e71d018baad7ed3bbdf31f3,paired_same_month_identical_orders
conditional_positive_lateness,later,monthly,2018-02,linear_quantile,DQS,0.9,promise_only,all_orders,absolute_coverage_error,0.0684665226782,0.0609071274298,0.00755939524838,926,7d95c88138b22ba2667424325239c22950b3bf7d98924869363f5813ba7b7bad,paired_same_month_identical_orders
conditional_positive_lateness,later,monthly,2018-02,linear_quantile,DQS,0.9,promise_only,all_orders,empirical_coverage,0.831533477322,0.83909287257,-0.00755939524838,926,7d95c88138b22ba2667424325239c22950b3bf7d98924869363f5813ba7b7bad,paired_same_month_identical_orders
conditional_positive_lateness,later,monthly,2018-02,linear_quantile,DQS,0.9,promise_only,all_orders,pinball_loss,3.34673876745,3.35518358531,-0.00844481786799,926,7d95c88138b22ba2667424325239c22950b3bf7d98924869363f5813ba7b7bad,paired_same_month_identical_orders
conditional_positive_lateness,later,monthly,2018-02,linear_quantile,DQS,0.9,selected_90d,all_orders,absolute_coverage_error,0.0684665226782,0.0695464362851,-0.00107991360691,926,7d95c88138b22ba2667424325239c22950b3bf7d98924869363f5813ba7b7bad,paired_same_month_identical_orders
conditional_positive_lateness,later,monthly,2018-02,linear_quantile,DQS,0.9,selected_90d,all_orders,empirical_coverage,0.831533477322,0.830453563715,0.00107991360691,926,7d95c88138b22ba2667424325239c22950b3bf7d98924869363f5813ba7b7bad,paired_same_month_identical_orders
conditional_positive_lateness,later,monthly,2018-02,linear_quantile,DQS,0.9,selected_90d,all_orders,pinball_loss,3.34673876745,3.36144983685,-0.0147110694043,926,7d95c88138b22ba2667424325239c22950b3bf7d98924869363f5813ba7b7bad,paired_same_month_identical_orders
conditional_positive_lateness,later,monthly,2018-02,linear_quantile,DQS,0.9,selected_90d,common_support_ge20,absolute_coverage_error,0.0445378151261,0.0478991596639,-0.00336134453782,595,c5e2f9fc54f70e9083c13873c805eedbb4edb7646279bd40a91d1d7b6fcca26a,paired_same_month_identical_orders
conditional_positive_lateness,later,monthly,2018-02,linear_quantile,DQS,0.9,selected_90d,common_support_ge20,empirical_coverage,0.855462184874,0.852100840336,0.00336134453782,595,c5e2f9fc54f70e9083c13873c805eedbb4edb7646279bd40a91d1d7b6fcca26a,paired_same_month_identical_orders
conditional_positive_lateness,later,monthly,2018-02,linear_quantile,DQS,0.9,selected_90d,common_support_ge20,pinball_loss,3.04983905429,3.04636378271,0.00347527158299,595,c5e2f9fc54f70e9083c13873c805eedbb4edb7646279bd40a91d1d7b6fcca26a,paired_same_month_identical_orders
conditional_positive_lateness,later,monthly,2018-02,xgboost_quantile,DQB,0.9,promise_only,all_mature_support_ge20,absolute_coverage_error,0.0556534508076,0.0468428781204,0.00881057268722,681,460daa0c134d4d18ca3dcefc349fec622fbc9cf313ed943d9066148aed24300a,paired_same_month_identical_orders
conditional_positive_lateness,later,monthly,2018-02,xgboost_quantile,DQB,0.9,promise_only,all_mature_support_ge20,empirical_coverage,0.844346549192,0.85315712188,-0.00881057268722,681,460daa0c134d4d18ca3dcefc349fec622fbc9cf313ed943d9066148aed24300a,paired_same_month_identical_orders
conditional_positive_lateness,later,monthly,2018-02,xgboost_quantile,DQB,0.9,promise_only,all_mature_support_ge20,pinball_loss,3.03433605984,3.01183300102,0.0225030588153,681,460daa0c134d4d18ca3dcefc349fec622fbc9cf313ed943d9066148aed24300a,paired_same_month_identical_orders
conditional_positive_lateness,later,monthly,2018-02,xgboost_quantile,DQB,0.9,promise_only,all_orders,absolute_coverage_error,0.0727861771058,0.0652267818575,0.00755939524838,926,7d95c88138b22ba2667424325239c22950b3bf7d98924869363f5813ba7b7bad,paired_same_month_identical_orders
conditional_positive_lateness,later,monthly,2018-02,xgboost_quantile,DQB,0.9,promise_only,all_orders,empirical_coverage,0.827213822894,0.834773218143,-0.00755939524838,926,7d95c88138b22ba2667424325239c22950b3bf7d98924869363f5813ba7b7bad,paired_same_month_identical_orders
conditional_positive_lateness,later,monthly,2018-02,xgboost_quantile,DQB,0.9,promise_only,all_orders,pinball_loss,3.36421912463,3.34025176236,0.023967362274,926,7d95c88138b22ba2667424325239c22950b3bf7d98924869363f5813ba7b7bad,paired_same_month_identical_orders
conditional_positive_lateness,later,monthly,2018-02,xgboost_quantile,DQB,0.9,selected_90d,all_orders,absolute_coverage_error,0.0727861771058,0.0684665226782,0.00431965442765,926,7d95c88138b22ba2667424325239c22950b3bf7d98924869363f5813ba7b7bad,paired_same_month_identical_orders
conditional_positive_lateness,later,monthly,2018-02,xgboost_quantile,DQB,0.9,selected_90d,all_orders,empirical_coverage,0.827213822894,0.831533477322,-0.00431965442765,926,7d95c88138b22ba2667424325239c22950b3bf7d98924869363f5813ba7b7bad,paired_same_month_identical_orders
conditional_positive_lateness,later,monthly,2018-02,xgboost_quantile,DQB,0.9,selected_90d,all_orders,pinball_loss,3.36421912463,3.3357038949,0.0285152297295,926,7d95c88138b22ba2667424325239c22950b3bf7d98924869363f5813ba7b7bad,paired_same_month_identical_orders
conditional_positive_lateness,later,monthly,2018-02,xgboost_quantile,DQB,0.9,selected_90d,common_support_ge20,absolute_coverage_error,0.0473684210526,0.0473684210526,0,570,8f806797d4dc54f92cc9bf8681daf07e2a7ec0704bf88b9510de19687b878676,paired_same_month_identical_orders
conditional_positive_lateness,later,monthly,2018-02,xgboost_quantile,DQB,0.9,selected_90d,common_support_ge20,empirical_coverage,0.852631578947,0.852631578947,0,570,8f806797d4dc54f92cc9bf8681daf07e2a7ec0704bf88b9510de19687b878676,paired_same_month_identical_orders
conditional_positive_lateness,later,monthly,2018-02,xgboost_quantile,DQB,0.9,selected_90d,common_support_ge20,pinball_loss,3.05795830643,3.03608994199,0.0218683644334,570,8f806797d4dc54f92cc9bf8681daf07e2a7ec0704bf88b9510de19687b878676,paired_same_month_identical_orders
conditional_positive_lateness,later,monthly,2018-02,xgboost_quantile,DQG,0.9,promise_only,all_mature_support_ge20,absolute_coverage_error,0.065371809101,0.065371809101,0,901,fed599f3c041e0044fe24b8c2d2341af450e2988ea1c1a411ea50df4dce622cb,paired_same_month_identical_orders
conditional_positive_lateness,later,monthly,2018-02,xgboost_quantile,DQG,0.9,promise_only,all_mature_support_ge20,empirical_coverage,0.834628190899,0.834628190899,0,901,fed599f3c041e0044fe24b8c2d2341af450e2988ea1c1a411ea50df4dce622cb,paired_same_month_identical_orders
conditional_positive_lateness,later,monthly,2018-02,xgboost_quantile,DQG,0.9,promise_only,all_mature_support_ge20,pinball_loss,3.27107073163,3.25799150012,0.013079231509,901,fed599f3c041e0044fe24b8c2d2341af450e2988ea1c1a411ea50df4dce622cb,paired_same_month_identical_orders
conditional_positive_lateness,later,monthly,2018-02,xgboost_quantile,DQG,0.9,promise_only,all_orders,absolute_coverage_error,0.0663066954644,0.0652267818575,0.00107991360691,926,7d95c88138b22ba2667424325239c22950b3bf7d98924869363f5813ba7b7bad,paired_same_month_identical_orders
conditional_positive_lateness,later,monthly,2018-02,xgboost_quantile,DQG,0.9,promise_only,all_orders,empirical_coverage,0.833693304536,0.834773218143,-0.00107991360691,926,7d95c88138b22ba2667424325239c22950b3bf7d98924869363f5813ba7b7bad,paired_same_month_identical_orders
conditional_positive_lateness,later,monthly,2018-02,xgboost_quantile,DQG,0.9,promise_only,all_orders,pinball_loss,3.35616092476,3.34025176236,0.0159091624032,926,7d95c88138b22ba2667424325239c22950b3bf7d98924869363f5813ba7b7bad,paired_same_month_identical_orders
conditional_positive_lateness,later,monthly,2018-02,xgboost_quantile,DQG,0.9,selected_90d,all_orders,absolute_coverage_error,0.0663066954644,0.0619870410367,0.00431965442765,926,7d95c88138b22ba2667424325239c22950b3bf7d98924869363f5813ba7b7bad,paired_same_month_identical_orders
conditional_positive_lateness,later,monthly,2018-02,xgboost_quantile,DQG,0.9,selected_90d,all_orders,empirical_coverage,0.833693304536,0.838012958963,-0.00431965442765,926,7d95c88138b22ba2667424325239c22950b3bf7d98924869363f5813ba7b7bad,paired_same_month_identical_orders
conditional_positive_lateness,later,monthly,2018-02,xgboost_quantile,DQG,0.9,selected_90d,all_orders,pinball_loss,3.35616092476,3.30423610061,0.0519248241488,926,7d95c88138b22ba2667424325239c22950b3bf7d98924869363f5813ba7b7bad,paired_same_month_identical_orders
conditional_positive_lateness,later,monthly,2018-02,xgboost_quantile,DQG,0.9,selected_90d,common_support_ge20,absolute_coverage_error,0.0645856980704,0.0600454029512,0.00454029511918,881,0862455bdf06a298e82665af3ca7d431ba3f0922eb153bc2a2c5591c258fe5a7,paired_same_month_identical_orders
conditional_positive_lateness,later,monthly,2018-02,xgboost_quantile,DQG,0.9,selected_90d,common_support_ge20,empirical_coverage,0.83541430193,0.839954597049,-0.00454029511918,881,0862455bdf06a298e82665af3ca7d431ba3f0922eb153bc2a2c5591c258fe5a7,paired_same_month_identical_orders
conditional_positive_lateness,later,monthly,2018-02,xgboost_quantile,DQG,0.9,selected_90d,common_support_ge20,pinball_loss,3.28197768836,3.23019360208,0.051784086282,881,0862455bdf06a298e82665af3ca7d431ba3f0922eb153bc2a2c5591c258fe5a7,paired_same_month_identical_orders
conditional_positive_lateness,later,monthly,2018-02,xgboost_quantile,DQS,0.9,promise_only,all_mature_support_ge20,absolute_coverage_error,0.0510791366906,0.0467625899281,0.00431654676259,695,7604bbedc8cd6082cdb8c0de3c5d195902de36c32e71d018baad7ed3bbdf31f3,paired_same_month_identical_orders
conditional_positive_lateness,later,monthly,2018-02,xgboost_quantile,DQS,0.9,promise_only,all_mature_support_ge20,empirical_coverage,0.848920863309,0.853237410072,-0.00431654676259,695,7604bbedc8cd6082cdb8c0de3c5d195902de36c32e71d018baad7ed3bbdf31f3,paired_same_month_identical_orders
conditional_positive_lateness,later,monthly,2018-02,xgboost_quantile,DQS,0.9,promise_only,all_mature_support_ge20,pinball_loss,3.02138773445,3.01161634212,0.00977139232858,695,7604bbedc8cd6082cdb8c0de3c5d195902de36c32e71d018baad7ed3bbdf31f3,paired_same_month_identical_orders
conditional_positive_lateness,later,monthly,2018-02,xgboost_quantile,DQS,0.9,promise_only,all_orders,absolute_coverage_error,0.0684665226782,0.0652267818575,0.00323974082073,926,7d95c88138b22ba2667424325239c22950b3bf7d98924869363f5813ba7b7bad,paired_same_month_identical_orders
conditional_positive_lateness,later,monthly,2018-02,xgboost_quantile,DQS,0.9,promise_only,all_orders,empirical_coverage,0.831533477322,0.834773218143,-0.00323974082073,926,7d95c88138b22ba2667424325239c22950b3bf7d98924869363f5813ba7b7bad,paired_same_month_identical_orders
conditional_positive_lateness,later,monthly,2018-02,xgboost_quantile,DQS,0.9,promise_only,all_orders,pinball_loss,3.34990438128,3.34025176236,0.0096526189205,926,7d95c88138b22ba2667424325239c22950b3bf7d98924869363f5813ba7b7bad,paired_same_month_identical_orders
conditional_positive_lateness,later,monthly,2018-02,xgboost_quantile,DQS,0.9,selected_90d,all_orders,absolute_coverage_error,0.0684665226782,0.070626349892,-0.00215982721382,926,7d95c88138b22ba2667424325239c22950b3bf7d98924869363f5813ba7b7bad,paired_same_month_identical_orders
conditional_positive_lateness,later,monthly,2018-02,xgboost_quantile,DQS,0.9,selected_90d,all_orders,empirical_coverage,0.831533477322,0.829373650108,0.00215982721382,926,7d95c88138b22ba2667424325239c22950b3bf7d98924869363f5813ba7b7bad,paired_same_month_identical_orders
conditional_positive_lateness,later,monthly,2018-02,xgboost_quantile,DQS,0.9,selected_90d,all_orders,pinball_loss,3.34990438128,3.35505637566,-0.00515199438783,926,7d95c88138b22ba2667424325239c22950b3bf7d98924869363f5813ba7b7bad,paired_same_month_identical_orders
conditional_positive_lateness,later,monthly,2018-02,xgboost_quantile,DQS,0.9,selected_90d,common_support_ge20,absolute_coverage_error,0.0445378151261,0.0478991596639,-0.00336134453782,595,c5e2f9fc54f70e9083c13873c805eedbb4edb7646279bd40a91d1d7b6fcca26a,paired_same_month_identical_orders
conditional_positive_lateness,later,monthly,2018-02,xgboost_quantile,DQS,0.9,selected_90d,common_support_ge20,empirical_coverage,0.855462184874,0.852100840336,0.00336134453782,595,c5e2f9fc54f70e9083c13873c805eedbb4edb7646279bd40a91d1d7b6fcca26a,paired_same_month_identical_orders
conditional_positive_lateness,later,monthly,2018-02,xgboost_quantile,DQS,0.9,selected_90d,common_support_ge20,pinball_loss,3.03336742209,3.03920815187,-0.00584072978504,595,c5e2f9fc54f70e9083c13873c805eedbb4edb7646279bd40a91d1d7b6fcca26a,paired_same_month_identical_orders
conditional_positive_lateness,later,monthly,2018-03,linear_quantile,DQB,0.9,promise_only,all_mature_support_ge20,absolute_coverage_error,0.0188811188811,0.0018981018981,0.016983016983,1001,348146832f2410d9f5ab1d8e26db9befbd7a41ec966e70fc4fe2fb59448c1c12,paired_same_month_identical_orders
conditional_positive_lateness,later,monthly,2018-03,linear_quantile,DQB,0.9,promise_only,all_mature_support_ge20,empirical_coverage,0.881118881119,0.898101898102,-0.016983016983,1001,348146832f2410d9f5ab1d8e26db9befbd7a41ec966e70fc4fe2fb59448c1c12,paired_same_month_identical_orders
conditional_positive_lateness,later,monthly,2018-03,linear_quantile,DQB,0.9,promise_only,all_mature_support_ge20,pinball_loss,2.13594641619,2.12847152847,0.00747488771365,1001,348146832f2410d9f5ab1d8e26db9befbd7a41ec966e70fc4fe2fb59448c1c12,paired_same_month_identical_orders
conditional_positive_lateness,later,monthly,2018-03,linear_quantile,DQB,0.9,promise_only,all_orders,absolute_coverage_error,0.0174698795181,0.0039156626506,0.0135542168675,1328,5092f5e7034c263ff007ff4a6fab61efb011668930b5964c9bdd412718e5736f,paired_same_month_identical_orders
conditional_positive_lateness,later,monthly,2018-03,linear_quantile,DQB,0.9,promise_only,all_orders,empirical_coverage,0.882530120482,0.896084337349,-0.0135542168675,1328,5092f5e7034c263ff007ff4a6fab61efb011668930b5964c9bdd412718e5736f,paired_same_month_identical_orders
conditional_positive_lateness,later,monthly,2018-03,linear_quantile,DQB,0.9,promise_only,all_orders,pinball_loss,2.12283908286,2.11942771084,0.00341137201721,1328,5092f5e7034c263ff007ff4a6fab61efb011668930b5964c9bdd412718e5736f,paired_same_month_identical_orders
conditional_positive_lateness,later,monthly,2018-03,linear_quantile,DQB,0.9,selected_90d,all_orders,absolute_coverage_error,0.0174698795181,0.0174698795181,0,1328,5092f5e7034c263ff007ff4a6fab61efb011668930b5964c9bdd412718e5736f,paired_same_month_identical_orders
conditional_positive_lateness,later,monthly,2018-03,linear_quantile,DQB,0.9,selected_90d,all_orders,empirical_coverage,0.882530120482,0.882530120482,0,1328,5092f5e7034c263ff007ff4a6fab61efb011668930b5964c9bdd412718e5736f,paired_same_month_identical_orders
conditional_positive_lateness,later,monthly,2018-03,linear_quantile,DQB,0.9,selected_90d,all_orders,pinball_loss,2.12283908286,2.12567451296,-0.00283543009644,1328,5092f5e7034c263ff007ff4a6fab61efb011668930b5964c9bdd412718e5736f,paired_same_month_identical_orders
conditional_positive_lateness,later,monthly,2018-03,linear_quantile,DQB,0.9,selected_90d,common_support_ge20,absolute_coverage_error,0.0237980769231,0.0225961538462,0.00120192307692,832,029bb3031b536084ce233caabe9a32220092ae7dc6a6ff248e0abd43094e1788,paired_same_month_identical_orders
conditional_positive_lateness,later,monthly,2018-03,linear_quantile,DQB,0.9,selected_90d,common_support_ge20,empirical_coverage,0.876201923077,0.877403846154,-0.00120192307692,832,029bb3031b536084ce233caabe9a32220092ae7dc6a6ff248e0abd43094e1788,paired_same_month_identical_orders
conditional_positive_lateness,later,monthly,2018-03,linear_quantile,DQB,0.9,selected_90d,common_support_ge20,pinball_loss,2.13828490591,2.14429139579,-0.00600648988287,832,029bb3031b536084ce233caabe9a32220092ae7dc6a6ff248e0abd43094e1788,paired_same_month_identical_orders
conditional_positive_lateness,later,monthly,2018-03,linear_quantile,DQG,0.9,promise_only,all_mature_support_ge20,absolute_coverage_error,0.00366328916602,0.00366328916602,0,1283,abde33f50eaff226c27adcd2c719165ade64b141e9649f6581409848a78393b0,paired_same_month_identical_orders
conditional_positive_lateness,later,monthly,2018-03,linear_quantile,DQG,0.9,promise_only,all_mature_support_ge20,empirical_coverage,0.896336710834,0.896336710834,0,1283,abde33f50eaff226c27adcd2c719165ade64b141e9649f6581409848a78393b0,paired_same_month_identical_orders
conditional_positive_lateness,later,monthly,2018-03,linear_quantile,DQG,0.9,promise_only,all_mature_support_ge20,pinball_loss,2.13452844895,2.13452844895,0,1283,abde33f50eaff226c27adcd2c719165ade64b141e9649f6581409848a78393b0,paired_same_month_identical_orders
conditional_positive_lateness,later,monthly,2018-03,linear_quantile,DQG,0.9,promise_only,all_orders,absolute_coverage_error,0.0039156626506,0.0039156626506,0,1328,5092f5e7034c263ff007ff4a6fab61efb011668930b5964c9bdd412718e5736f,paired_same_month_identical_orders
conditional_positive_lateness,later,monthly,2018-03,linear_quantile,DQG,0.9,promise_only,all_orders,empirical_coverage,0.896084337349,0.896084337349,0,1328,5092f5e7034c263ff007ff4a6fab61efb011668930b5964c9bdd412718e5736f,paired_same_month_identical_orders
conditional_positive_lateness,later,monthly,2018-03,linear_quantile,DQG,0.9,promise_only,all_orders,pinball_loss,2.11942771084,2.11942771084,0,1328,5092f5e7034c263ff007ff4a6fab61efb011668930b5964c9bdd412718e5736f,paired_same_month_identical_orders
conditional_positive_lateness,later,monthly,2018-03,linear_quantile,DQG,0.9,selected_90d,all_orders,absolute_coverage_error,0.0039156626506,0.0039156626506,0,1328,5092f5e7034c263ff007ff4a6fab61efb011668930b5964c9bdd412718e5736f,paired_same_month_identical_orders
conditional_positive_lateness,later,monthly,2018-03,linear_quantile,DQG,0.9,selected_90d,all_orders,empirical_coverage,0.896084337349,0.896084337349,0,1328,5092f5e7034c263ff007ff4a6fab61efb011668930b5964c9bdd412718e5736f,paired_same_month_identical_orders
conditional_positive_lateness,later,monthly,2018-03,linear_quantile,DQG,0.9,selected_90d,all_orders,pinball_loss,2.11942771084,2.11942771084,0,1328,5092f5e7034c263ff007ff4a6fab61efb011668930b5964c9bdd412718e5736f,paired_same_month_identical_orders
conditional_positive_lateness,later,monthly,2018-03,linear_quantile,DQG,0.9,selected_90d,common_support_ge20,absolute_coverage_error,0.00270700636943,0.00270700636943,0,1256,f8ca8e44ce2555cdbf0e7a24f3b6f4bf09472ee32e115ff82f14a7bc5e117354,paired_same_month_identical_orders
conditional_positive_lateness,later,monthly,2018-03,linear_quantile,DQG,0.9,selected_90d,common_support_ge20,empirical_coverage,0.897292993631,0.897292993631,0,1256,f8ca8e44ce2555cdbf0e7a24f3b6f4bf09472ee32e115ff82f14a7bc5e117354,paired_same_month_identical_orders
conditional_positive_lateness,later,monthly,2018-03,linear_quantile,DQG,0.9,selected_90d,common_support_ge20,pinball_loss,2.14434713376,2.14434713376,0,1256,f8ca8e44ce2555cdbf0e7a24f3b6f4bf09472ee32e115ff82f14a7bc5e117354,paired_same_month_identical_orders
conditional_positive_lateness,later,monthly,2018-03,linear_quantile,DQS,0.9,promise_only,all_mature_support_ge20,absolute_coverage_error,0.0173617846751,0.000872938894277,0.0164888457808,1031,7d16e78943444331c2d9f472d497588bd49c3c40b4162cc00d622f257edb9568,paired_same_month_identical_orders
conditional_positive_lateness,later,monthly,2018-03,linear_quantile,DQS,0.9,promise_only,all_mature_support_ge20,empirical_coverage,0.882638215325,0.899127061106,-0.0164888457808,1031,7d16e78943444331c2d9f472d497588bd49c3c40b4162cc00d622f257edb9568,paired_same_month_identical_orders
conditional_positive_lateness,later,monthly,2018-03,linear_quantile,DQS,0.9,promise_only,all_mature_support_ge20,pinball_loss,2.1099003459,2.10484966052,0.00505068537223,1031,7d16e78943444331c2d9f472d497588bd49c3c40b4162cc00d622f257edb9568,paired_same_month_identical_orders
conditional_positive_lateness,later,monthly,2018-03,linear_quantile,DQS,0.9,promise_only,all_orders,absolute_coverage_error,0.0174698795181,0.0039156626506,0.0135542168675,1328,5092f5e7034c263ff007ff4a6fab61efb011668930b5964c9bdd412718e5736f,paired_same_month_identical_orders
conditional_positive_lateness,later,monthly,2018-03,linear_quantile,DQS,0.9,promise_only,all_orders,empirical_coverage,0.882530120482,0.896084337349,-0.0135542168675,1328,5092f5e7034c263ff007ff4a6fab61efb011668930b5964c9bdd412718e5736f,paired_same_month_identical_orders
conditional_positive_lateness,later,monthly,2018-03,linear_quantile,DQS,0.9,promise_only,all_orders,pinball_loss,2.1220135758,2.11942771084,0.00258586495386,1328,5092f5e7034c263ff007ff4a6fab61efb011668930b5964c9bdd412718e5736f,paired_same_month_identical_orders
conditional_positive_lateness,later,monthly,2018-03,linear_quantile,DQS,0.9,selected_90d,all_orders,absolute_coverage_error,0.0174698795181,0.0174698795181,0,1328,5092f5e7034c263ff007ff4a6fab61efb011668930b5964c9bdd412718e5736f,paired_same_month_identical_orders
conditional_positive_lateness,later,monthly,2018-03,linear_quantile,DQS,0.9,selected_90d,all_orders,empirical_coverage,0.882530120482,0.882530120482,0,1328,5092f5e7034c263ff007ff4a6fab61efb011668930b5964c9bdd412718e5736f,paired_same_month_identical_orders
conditional_positive_lateness,later,monthly,2018-03,linear_quantile,DQS,0.9,selected_90d,all_orders,pinball_loss,2.1220135758,2.12578192543,-0.00376834963117,1328,5092f5e7034c263ff007ff4a6fab61efb011668930b5964c9bdd412718e5736f,paired_same_month_identical_orders
conditional_positive_lateness,later,monthly,2018-03,linear_quantile,DQS,0.9,selected_90d,common_support_ge20,absolute_coverage_error,0.0242807825086,0.0231300345224,0.00115074798619,869,92b2c7b4c1344e6445a50b01c90502be5fef63b7242960ce15ddfff67013dc94,paired_same_month_identical_orders
conditional_positive_lateness,later,monthly,2018-03,linear_quantile,DQS,0.9,selected_90d,common_support_ge20,empirical_coverage,0.875719217491,0.876869965478,-0.00115074798619,869,92b2c7b4c1344e6445a50b01c90502be5fef63b7242960ce15ddfff67013dc94,paired_same_month_identical_orders
conditional_positive_lateness,later,monthly,2018-03,linear_quantile,DQS,0.9,selected_90d,common_support_ge20,pinball_loss,2.10817255641,2.11528383982,-0.00711128340657,869,92b2c7b4c1344e6445a50b01c90502be5fef63b7242960ce15ddfff67013dc94,paired_same_month_identical_orders
conditional_positive_lateness,later,monthly,2018-03,xgboost_quantile,DQB,0.9,promise_only,all_mature_support_ge20,absolute_coverage_error,0.0178821178821,0.0118881118881,0.00599400599401,1001,348146832f2410d9f5ab1d8e26db9befbd7a41ec966e70fc4fe2fb59448c1c12,paired_same_month_identical_orders
conditional_positive_lateness,later,monthly,2018-03,xgboost_quantile,DQB,0.9,promise_only,all_mature_support_ge20,empirical_coverage,0.882117882118,0.888111888112,-0.00599400599401,1001,348146832f2410d9f5ab1d8e26db9befbd7a41ec966e70fc4fe2fb59448c1c12,paired_same_month_identical_orders
conditional_positive_lateness,later,monthly,2018-03,xgboost_quantile,DQB,0.9,promise_only,all_mature_support_ge20,pinball_loss,2.12785439163,2.13325408608,-0.00539969445246,1001,348146832f2410d9f5ab1d8e26db9befbd7a41ec966e70fc4fe2fb59448c1c12,paired_same_month_identical_orders
conditional_positive_lateness,later,monthly,2018-03,xgboost_quantile,DQB,0.9,promise_only,all_orders,absolute_coverage_error,0.0174698795181,0.0121987951807,0.00527108433735,1328,5092f5e7034c263ff007ff4a6fab61efb011668930b5964c9bdd412718e5736f,paired_same_month_identical_orders
conditional_positive_lateness,later,monthly,2018-03,xgboost_quantile,DQB,0.9,promise_only,all_orders,empirical_coverage,0.882530120482,0.887801204819,-0.00527108433735,1328,5092f5e7034c263ff007ff4a6fab61efb011668930b5964c9bdd412718e5736f,paired_same_month_identical_orders
conditional_positive_lateness,later,monthly,2018-03,xgboost_quantile,DQB,0.9,promise_only,all_orders,pinball_loss,2.11773666603,2.12123801766,-0.00350135162693,1328,5092f5e7034c263ff007ff4a6fab61efb011668930b5964c9bdd412718e5736f,paired_same_month_identical_orders
conditional_positive_lateness,later,monthly,2018-03,xgboost_quantile,DQB,0.9,selected_90d,all_orders,absolute_coverage_error,0.0174698795181,0.0159638554217,0.00150602409639,1328,5092f5e7034c263ff007ff4a6fab61efb011668930b5964c9bdd412718e5736f,paired_same_month_identical_orders
conditional_positive_lateness,later,monthly,2018-03,xgboost_quantile,DQB,0.9,selected_90d,all_orders,empirical_coverage,0.882530120482,0.884036144578,-0.00150602409639,1328,5092f5e7034c263ff007ff4a6fab61efb011668930b5964c9bdd412718e5736f,paired_same_month_identical_orders
conditional_positive_lateness,later,monthly,2018-03,xgboost_quantile,DQB,0.9,selected_90d,all_orders,pinball_loss,2.11773666603,2.11986837861,-0.00213171258126,1328,5092f5e7034c263ff007ff4a6fab61efb011668930b5964c9bdd412718e5736f,paired_same_month_identical_orders
conditional_positive_lateness,later,monthly,2018-03,xgboost_quantile,DQB,0.9,selected_90d,common_support_ge20,absolute_coverage_error,0.0225961538462,0.0225961538462,0,832,029bb3031b536084ce233caabe9a32220092ae7dc6a6ff248e0abd43094e1788,paired_same_month_identical_orders
conditional_positive_lateness,later,monthly,2018-03,xgboost_quantile,DQB,0.9,selected_90d,common_support_ge20,empirical_coverage,0.877403846154,0.877403846154,0,832,029bb3031b536084ce233caabe9a32220092ae7dc6a6ff248e0abd43094e1788,paired_same_month_identical_orders
conditional_positive_lateness,later,monthly,2018-03,xgboost_quantile,DQB,0.9,selected_90d,common_support_ge20,pinball_loss,2.12979960831,2.13304440333,-0.0032447950206,832,029bb3031b536084ce233caabe9a32220092ae7dc6a6ff248e0abd43094e1788,paired_same_month_identical_orders
conditional_positive_lateness,later,monthly,2018-03,xgboost_quantile,DQG,0.9,promise_only,all_mature_support_ge20,absolute_coverage_error,0.0106780982073,0.012236944661,-0.00155884645362,1283,abde33f50eaff226c27adcd2c719165ade64b141e9649f6581409848a78393b0,paired_same_month_identical_orders
conditional_positive_lateness,later,monthly,2018-03,xgboost_quantile,DQG,0.9,promise_only,all_mature_support_ge20,empirical_coverage,0.889321901793,0.887763055339,0.00155884645362,1283,abde33f50eaff226c27adcd2c719165ade64b141e9649f6581409848a78393b0,paired_same_month_identical_orders
conditional_positive_lateness,later,monthly,2018-03,xgboost_quantile,DQG,0.9,promise_only,all_mature_support_ge20,pinball_loss,2.12852247139,2.13645081271,-0.0079283413247,1283,abde33f50eaff226c27adcd2c719165ade64b141e9649f6581409848a78393b0,paired_same_month_identical_orders
conditional_positive_lateness,later,monthly,2018-03,xgboost_quantile,DQG,0.9,promise_only,all_orders,absolute_coverage_error,0.0106927710843,0.0121987951807,-0.00150602409639,1328,5092f5e7034c263ff007ff4a6fab61efb011668930b5964c9bdd412718e5736f,paired_same_month_identical_orders
conditional_positive_lateness,later,monthly,2018-03,xgboost_quantile,DQG,0.9,promise_only,all_orders,empirical_coverage,0.889307228916,0.887801204819,0.00150602409639,1328,5092f5e7034c263ff007ff4a6fab61efb011668930b5964c9bdd412718e5736f,paired_same_month_identical_orders
conditional_positive_lateness,later,monthly,2018-03,xgboost_quantile,DQG,0.9,promise_only,all_orders,pinball_loss,2.11353770466,2.12123801766,-0.00770031299898,1328,5092f5e7034c263ff007ff4a6fab61efb011668930b5964c9bdd412718e5736f,paired_same_month_identical_orders
conditional_positive_lateness,later,monthly,2018-03,xgboost_quantile,DQG,0.9,selected_90d,all_orders,absolute_coverage_error,0.0106927710843,0.0137048192771,-0.00301204819277,1328,5092f5e7034c263ff007ff4a6fab61efb011668930b5964c9bdd412718e5736f,paired_same_month_identical_orders
conditional_positive_lateness,later,monthly,2018-03,xgboost_quantile,DQG,0.9,selected_90d,all_orders,empirical_coverage,0.889307228916,0.886295180723,0.00301204819277,1328,5092f5e7034c263ff007ff4a6fab61efb011668930b5964c9bdd412718e5736f,paired_same_month_identical_orders
conditional_positive_lateness,later,monthly,2018-03,xgboost_quantile,DQG,0.9,selected_90d,all_orders,pinball_loss,2.11353770466,2.12006786085,-0.00653015619218,1328,5092f5e7034c263ff007ff4a6fab61efb011668930b5964c9bdd412718e5736f,paired_same_month_identical_orders
conditional_positive_lateness,later,monthly,2018-03,xgboost_quantile,DQG,0.9,selected_90d,common_support_ge20,absolute_coverage_error,0.00987261146497,0.0130573248408,-0.0031847133758,1256,f8ca8e44ce2555cdbf0e7a24f3b6f4bf09472ee32e115ff82f14a7bc5e117354,paired_same_month_identical_orders
conditional_positive_lateness,later,monthly,2018-03,xgboost_quantile,DQG,0.9,selected_90d,common_support_ge20,empirical_coverage,0.890127388535,0.886942675159,0.0031847133758,1256,f8ca8e44ce2555cdbf0e7a24f3b6f4bf09472ee32e115ff82f14a7bc5e117354,paired_same_month_identical_orders
conditional_positive_lateness,later,monthly,2018-03,xgboost_quantile,DQG,0.9,selected_90d,common_support_ge20,pinball_loss,2.13838593793,2.14517929508,-0.00679335715577,1256,f8ca8e44ce2555cdbf0e7a24f3b6f4bf09472ee32e115ff82f14a7bc5e117354,paired_same_month_identical_orders
conditional_positive_lateness,later,monthly,2018-03,xgboost_quantile,DQS,0.9,promise_only,all_mature_support_ge20,absolute_coverage_error,0.0163918525703,0.0105722599418,0.00581959262852,1031,7d16e78943444331c2d9f472d497588bd49c3c40b4162cc00d622f257edb9568,paired_same_month_identical_orders
conditional_positive_lateness,later,monthly,2018-03,xgboost_quantile,DQS,0.9,promise_only,all_mature_support_ge20,empirical_coverage,0.88360814743,0.889427740058,-0.00581959262852,1031,7d16e78943444331c2d9f472d497588bd49c3c40b4162cc00d622f257edb9568,paired_same_month_identical_orders
conditional_positive_lateness,later,monthly,2018-03,xgboost_quantile,DQS,0.9,promise_only,all_mature_support_ge20,pinball_loss,2.10957327398,2.10959831796,-2.50439865472e-05,1031,7d16e78943444331c2d9f472d497588bd49c3c40b4162cc00d622f257edb9568,paired_same_month_identical_orders
conditional_positive_lateness,later,monthly,2018-03,xgboost_quantile,DQS,0.9,promise_only,all_orders,absolute_coverage_error,0.0159638554217,0.0121987951807,0.00376506024096,1328,5092f5e7034c263ff007ff4a6fab61efb011668930b5964c9bdd412718e5736f,paired_same_month_identical_orders
conditional_positive_lateness,later,monthly,2018-03,xgboost_quantile,DQS,0.9,promise_only,all_orders,empirical_coverage,0.884036144578,0.887801204819,-0.00376506024096,1328,5092f5e7034c263ff007ff4a6fab61efb011668930b5964c9bdd412718e5736f,paired_same_month_identical_orders
conditional_positive_lateness,later,monthly,2018-03,xgboost_quantile,DQS,0.9,promise_only,all_orders,pinball_loss,2.12492086686,2.12123801766,0.00368284920651,1328,5092f5e7034c263ff007ff4a6fab61efb011668930b5964c9bdd412718e5736f,paired_same_month_identical_orders
conditional_positive_lateness,later,monthly,2018-03,xgboost_quantile,DQS,0.9,selected_90d,all_orders,absolute_coverage_error,0.0159638554217,0.0197289156627,-0.00376506024096,1328,5092f5e7034c263ff007ff4a6fab61efb011668930b5964c9bdd412718e5736f,paired_same_month_identical_orders
conditional_positive_lateness,later,monthly,2018-03,xgboost_quantile,DQS,0.9,selected_90d,all_orders,empirical_coverage,0.884036144578,0.880271084337,0.00376506024096,1328,5092f5e7034c263ff007ff4a6fab61efb011668930b5964c9bdd412718e5736f,paired_same_month_identical_orders
conditional_positive_lateness,later,monthly,2018-03,xgboost_quantile,DQS,0.9,selected_90d,all_orders,pinball_loss,2.12492086686,2.12562847568,-0.000707608819706,1328,5092f5e7034c263ff007ff4a6fab61efb011668930b5964c9bdd412718e5736f,paired_same_month_identical_orders
conditional_positive_lateness,later,monthly,2018-03,xgboost_quantile,DQS,0.9,selected_90d,common_support_ge20,absolute_coverage_error,0.0219792865362,0.0254315304948,-0.00345224395857,869,92b2c7b4c1344e6445a50b01c90502be5fef63b7242960ce15ddfff67013dc94,paired_same_month_identical_orders
conditional_positive_lateness,later,monthly,2018-03,xgboost_quantile,DQS,0.9,selected_90d,common_support_ge20,empirical_coverage,0.878020713464,0.874568469505,0.00345224395857,869,92b2c7b4c1344e6445a50b01c90502be5fef63b7242960ce15ddfff67013dc94,paired_same_month_identical_orders
conditional_positive_lateness,later,monthly,2018-03,xgboost_quantile,DQS,0.9,selected_90d,common_support_ge20,pinball_loss,2.10757526468,2.11260058136,-0.00502531668308,869,92b2c7b4c1344e6445a50b01c90502be5fef63b7242960ce15ddfff67013dc94,paired_same_month_identical_orders
conditional_positive_lateness,later,monthly,2018-04,linear_quantile,DQB,0.9,promise_only,all_mature_support_ge20,absolute_coverage_error,0.0025641025641,0.0025641025641,0,195,5b2daa82419555850eaa678b014f14ef370bb7c0a19a84a2573b11862a98da89,paired_same_month_identical_orders
conditional_positive_lateness,later,monthly,2018-04,linear_quantile,DQB,0.9,promise_only,all_mature_support_ge20,empirical_coverage,0.897435897436,0.897435897436,0,195,5b2daa82419555850eaa678b014f14ef370bb7c0a19a84a2573b11862a98da89,paired_same_month_identical_orders
conditional_positive_lateness,later,monthly,2018-04,linear_quantile,DQB,0.9,promise_only,all_mature_support_ge20,pinball_loss,2.75714914763,2.74239319315,0.0147559544743,195,5b2daa82419555850eaa678b014f14ef370bb7c0a19a84a2573b11862a98da89,paired_same_month_identical_orders
conditional_positive_lateness,later,monthly,2018-04,linear_quantile,DQB,0.9,promise_only,all_orders,absolute_coverage_error,0.0143790849673,0.0143790849673,0,306,f70654d8c209bccbb417414da1c2ceea047caa7f2467d1ed8101efa66eb66fd9,paired_same_month_identical_orders
conditional_positive_lateness,later,monthly,2018-04,linear_quantile,DQB,0.9,promise_only,all_orders,empirical_coverage,0.885620915033,0.885620915033,0,306,f70654d8c209bccbb417414da1c2ceea047caa7f2467d1ed8101efa66eb66fd9,paired_same_month_identical_orders
conditional_positive_lateness,later,monthly,2018-04,linear_quantile,DQB,0.9,promise_only,all_orders,pinball_loss,2.79019600692,2.79578259528,-0.00558658836549,306,f70654d8c209bccbb417414da1c2ceea047caa7f2467d1ed8101efa66eb66fd9,paired_same_month_identical_orders
conditional_positive_lateness,later,monthly,2018-04,linear_quantile,DQB,0.9,selected_90d,all_orders,absolute_coverage_error,0.0143790849673,0.0176470588235,-0.00326797385621,306,f70654d8c209bccbb417414da1c2ceea047caa7f2467d1ed8101efa66eb66fd9,paired_same_month_identical_orders
conditional_positive_lateness,later,monthly,2018-04,linear_quantile,DQB,0.9,selected_90d,all_orders,empirical_coverage,0.885620915033,0.882352941176,0.00326797385621,306,f70654d8c209bccbb417414da1c2ceea047caa7f2467d1ed8101efa66eb66fd9,paired_same_month_identical_orders
conditional_positive_lateness,later,monthly,2018-04,linear_quantile,DQB,0.9,selected_90d,all_orders,pinball_loss,2.79019600692,2.81502948055,-0.0248334736346,306,f70654d8c209bccbb417414da1c2ceea047caa7f2467d1ed8101efa66eb66fd9,paired_same_month_identical_orders
conditional_positive_lateness,later,monthly,2018-04,linear_quantile,DQB,0.9,selected_90d,common_support_ge20,absolute_coverage_error,0.00958904109589,0.00958904109589,0,146,6cb3579714893ac1cac96b622d8c2f9f7bd3a1ec66380752e3658fe377967138,paired_same_month_identical_orders
conditional_positive_lateness,later,monthly,2018-04,linear_quantile,DQB,0.9,selected_90d,common_support_ge20,empirical_coverage,0.890410958904,0.890410958904,0,146,6cb3579714893ac1cac96b622d8c2f9f7bd3a1ec66380752e3658fe377967138,paired_same_month_identical_orders
conditional_positive_lateness,later,monthly,2018-04,linear_quantile,DQB,0.9,selected_90d,common_support_ge20,pinball_loss,2.97836151665,3.00262903278,-0.0242675161288,146,6cb3579714893ac1cac96b622d8c2f9f7bd3a1ec66380752e3658fe377967138,paired_same_month_identical_orders
conditional_positive_lateness,later,monthly,2018-04,linear_quantile,DQG,0.9,promise_only,all_mature_support_ge20,absolute_coverage_error,0.0122448979592,0.00884353741497,0.00340136054422,294,d0fb3d74e9f7da042d432b9c62de352209eb8c46a8371bca78589dbb9d244b28,paired_same_month_identical_orders
conditional_positive_lateness,later,monthly,2018-04,linear_quantile,DQG,0.9,promise_only,all_mature_support_ge20,empirical_coverage,0.887755102041,0.891156462585,-0.00340136054422,294,d0fb3d74e9f7da042d432b9c62de352209eb8c46a8371bca78589dbb9d244b28,paired_same_month_identical_orders
conditional_positive_lateness,later,monthly,2018-04,linear_quantile,DQG,0.9,promise_only,all_mature_support_ge20,pinball_loss,2.75809206186,2.75991108011,-0.00181901825745,294,d0fb3d74e9f7da042d432b9c62de352209eb8c46a8371bca78589dbb9d244b28,paired_same_month_identical_orders
conditional_positive_lateness,later,monthly,2018-04,linear_quantile,DQG,0.9,promise_only,all_orders,absolute_coverage_error,0.0176470588235,0.0143790849673,0.00326797385621,306,f70654d8c209bccbb417414da1c2ceea047caa7f2467d1ed8101efa66eb66fd9,paired_same_month_identical_orders
conditional_positive_lateness,later,monthly,2018-04,linear_quantile,DQG,0.9,promise_only,all_orders,empirical_coverage,0.882352941176,0.885620915033,-0.00326797385621,306,f70654d8c209bccbb417414da1c2ceea047caa7f2467d1ed8101efa66eb66fd9,paired_same_month_identical_orders
conditional_positive_lateness,later,monthly,2018-04,linear_quantile,DQG,0.9,promise_only,all_orders,pinball_loss,2.79178610102,2.79578259528,-0.00399649426029,306,f70654d8c209bccbb417414da1c2ceea047caa7f2467d1ed8101efa66eb66fd9,paired_same_month_identical_orders
conditional_positive_lateness,later,monthly,2018-04,linear_quantile,DQG,0.9,selected_90d,all_orders,absolute_coverage_error,0.0176470588235,0.0209150326797,-0.00326797385621,306,f70654d8c209bccbb417414da1c2ceea047caa7f2467d1ed8101efa66eb66fd9,paired_same_month_identical_orders
conditional_positive_lateness,later,monthly,2018-04,linear_quantile,DQG,0.9,selected_90d,all_orders,empirical_coverage,0.882352941176,0.87908496732,0.00326797385621,306,f70654d8c209bccbb417414da1c2ceea047caa7f2467d1ed8101efa66eb66fd9,paired_same_month_identical_orders
conditional_positive_lateness,later,monthly,2018-04,linear_quantile,DQG,0.9,selected_90d,all_orders,pinball_loss,2.79178610102,2.8105209715,-0.0187348704761,306,f70654d8c209bccbb417414da1c2ceea047caa7f2467d1ed8101efa66eb66fd9,paired_same_month_identical_orders
conditional_positive_lateness,later,monthly,2018-04,linear_quantile,DQG,0.9,selected_90d,common_support_ge20,absolute_coverage_error,0.0102941176471,0.0139705882353,-0.00367647058824,272,a43802cbcc8b81b985da44251e5fcfe7b21aff2d2d3d75ff3b0623ae4fc88249,paired_same_month_identical_orders
conditional_positive_lateness,later,monthly,2018-04,linear_quantile,DQG,0.9,selected_90d,common_support_ge20,empirical_coverage,0.889705882353,0.886029411765,0.00367647058824,272,a43802cbcc8b81b985da44251e5fcfe7b21aff2d2d3d75ff3b0623ae4fc88249,paired_same_month_identical_orders
conditional_positive_lateness,later,monthly,2018-04,linear_quantile,DQG,0.9,selected_90d,common_support_ge20,pinball_loss,2.76988950363,2.78547209641,-0.015582592773,272,a43802cbcc8b81b985da44251e5fcfe7b21aff2d2d3d75ff3b0623ae4fc88249,paired_same_month_identical_orders
conditional_positive_lateness,later,monthly,2018-04,linear_quantile,DQS,0.9,promise_only,all_mature_support_ge20,absolute_coverage_error,0.00891089108911,0.00891089108911,0,202,13e8b54fca3800c96a8cd6d6d34ac0bb51a74e8d0c236b489abbee89417f40f6,paired_same_month_identical_orders
conditional_positive_lateness,later,monthly,2018-04,linear_quantile,DQS,0.9,promise_only,all_mature_support_ge20,empirical_coverage,0.891089108911,0.891089108911,0,202,13e8b54fca3800c96a8cd6d6d34ac0bb51a74e8d0c236b489abbee89417f40f6,paired_same_month_identical_orders
conditional_positive_lateness,later,monthly,2018-04,linear_quantile,DQS,0.9,promise_only,all_mature_support_ge20,pinball_loss,2.82368995096,2.81239081934,0.0112991316263,202,13e8b54fca3800c96a8cd6d6d34ac0bb51a74e8d0c236b489abbee89417f40f6,paired_same_month_identical_orders
conditional_positive_lateness,later,monthly,2018-04,linear_quantile,DQS,0.9,promise_only,all_orders,absolute_coverage_error,0.0143790849673,0.0143790849673,0,306,f70654d8c209bccbb417414da1c2ceea047caa7f2467d1ed8101efa66eb66fd9,paired_same_month_identical_orders
conditional_positive_lateness,later,monthly,2018-04,linear_quantile,DQS,0.9,promise_only,all_orders,empirical_coverage,0.885620915033,0.885620915033,0,306,f70654d8c209bccbb417414da1c2ceea047caa7f2467d1ed8101efa66eb66fd9,paired_same_month_identical_orders
conditional_positive_lateness,later,monthly,2018-04,linear_quantile,DQS,0.9,promise_only,all_orders,pinball_loss,2.7903428853,2.79578259528,-0.00543970997928,306,f70654d8c209bccbb417414da1c2ceea047caa7f2467d1ed8101efa66eb66fd9,paired_same_month_identical_orders
conditional_positive_lateness,later,monthly,2018-04,linear_quantile,DQS,0.9,selected_90d,all_orders,absolute_coverage_error,0.0143790849673,0.0143790849673,0,306,f70654d8c209bccbb417414da1c2ceea047caa7f2467d1ed8101efa66eb66fd9,paired_same_month_identical_orders
conditional_positive_lateness,later,monthly,2018-04,linear_quantile,DQS,0.9,selected_90d,all_orders,empirical_coverage,0.885620915033,0.885620915033,0,306,f70654d8c209bccbb417414da1c2ceea047caa7f2467d1ed8101efa66eb66fd9,paired_same_month_identical_orders
conditional_positive_lateness,later,monthly,2018-04,linear_quantile,DQS,0.9,selected_90d,all_orders,pinball_loss,2.7903428853,2.79850381151,-0.00816092621056,306,f70654d8c209bccbb417414da1c2ceea047caa7f2467d1ed8101efa66eb66fd9,paired_same_month_identical_orders
conditional_positive_lateness,later,monthly,2018-04,linear_quantile,DQS,0.9,selected_90d,common_support_ge20,absolute_coverage_error,0.0125,0.0125,0,160,ed5fa75d2dd1b7b4a7f703cc25154e311b1e91b3e22675ef300547f6802a1804,paired_same_month_identical_orders
conditional_positive_lateness,later,monthly,2018-04,linear_quantile,DQS,0.9,selected_90d,common_support_ge20,empirical_coverage,0.8875,0.8875,0,160,ed5fa75d2dd1b7b4a7f703cc25154e311b1e91b3e22675ef300547f6802a1804,paired_same_month_identical_orders
conditional_positive_lateness,later,monthly,2018-04,linear_quantile,DQS,0.9,selected_90d,common_support_ge20,pinball_loss,3.01731437699,3.02686979554,-0.0095554185555,160,ed5fa75d2dd1b7b4a7f703cc25154e311b1e91b3e22675ef300547f6802a1804,paired_same_month_identical_orders
conditional_positive_lateness,later,monthly,2018-04,xgboost_quantile,DQB,0.9,promise_only,all_mature_support_ge20,absolute_coverage_error,0.00769230769231,0.00769230769231,0,195,5b2daa82419555850eaa678b014f14ef370bb7c0a19a84a2573b11862a98da89,paired_same_month_identical_orders
conditional_positive_lateness,later,monthly,2018-04,xgboost_quantile,DQB,0.9,promise_only,all_mature_support_ge20,empirical_coverage,0.892307692308,0.892307692308,0,195,5b2daa82419555850eaa678b014f14ef370bb7c0a19a84a2573b11862a98da89,paired_same_month_identical_orders
conditional_positive_lateness,later,monthly,2018-04,xgboost_quantile,DQB,0.9,promise_only,all_mature_support_ge20,pinball_loss,2.80935104468,2.79271304399,0.0166380006846,195,5b2daa82419555850eaa678b014f14ef370bb7c0a19a84a2573b11862a98da89,paired_same_month_identical_orders
conditional_positive_lateness,later,monthly,2018-04,xgboost_quantile,DQB,0.9,promise_only,all_orders,absolute_coverage_error,0.0176470588235,0.0176470588235,0,306,f70654d8c209bccbb417414da1c2ceea047caa7f2467d1ed8101efa66eb66fd9,paired_same_month_identical_orders
conditional_positive_lateness,later,monthly,2018-04,xgboost_quantile,DQB,0.9,promise_only,all_orders,empirical_coverage,0.882352941176,0.882352941176,0,306,f70654d8c209bccbb417414da1c2ceea047caa7f2467d1ed8101efa66eb66fd9,paired_same_month_identical_orders
conditional_positive_lateness,later,monthly,2018-04,xgboost_quantile,DQB,0.9,promise_only,all_orders,pinball_loss,2.84101565118,2.82454854741,0.016467103772,306,f70654d8c209bccbb417414da1c2ceea047caa7f2467d1ed8101efa66eb66fd9,paired_same_month_identical_orders
conditional_positive_lateness,later,monthly,2018-04,xgboost_quantile,DQB,0.9,selected_90d,all_orders,absolute_coverage_error,0.0176470588235,0.0176470588235,0,306,f70654d8c209bccbb417414da1c2ceea047caa7f2467d1ed8101efa66eb66fd9,paired_same_month_identical_orders
conditional_positive_lateness,later,monthly,2018-04,xgboost_quantile,DQB,0.9,selected_90d,all_orders,empirical_coverage,0.882352941176,0.882352941176,0,306,f70654d8c209bccbb417414da1c2ceea047caa7f2467d1ed8101efa66eb66fd9,paired_same_month_identical_orders
conditional_positive_lateness,later,monthly,2018-04,xgboost_quantile,DQB,0.9,selected_90d,all_orders,pinball_loss,2.84101565118,2.83574855031,0.00526710086516,306,f70654d8c209bccbb417414da1c2ceea047caa7f2467d1ed8101efa66eb66fd9,paired_same_month_identical_orders
conditional_positive_lateness,later,monthly,2018-04,xgboost_quantile,DQB,0.9,selected_90d,common_support_ge20,absolute_coverage_error,0.00958904109589,0.00958904109589,0,146,6cb3579714893ac1cac96b622d8c2f9f7bd3a1ec66380752e3658fe377967138,paired_same_month_identical_orders
conditional_positive_lateness,later,monthly,2018-04,xgboost_quantile,DQB,0.9,selected_90d,common_support_ge20,empirical_coverage,0.890410958904,0.890410958904,0,146,6cb3579714893ac1cac96b622d8c2f9f7bd3a1ec66380752e3658fe377967138,paired_same_month_identical_orders
conditional_positive_lateness,later,monthly,2018-04,xgboost_quantile,DQB,0.9,selected_90d,common_support_ge20,pinball_loss,3.02857763473,3.02807505359,0.00050258114,146,6cb3579714893ac1cac96b622d8c2f9f7bd3a1ec66380752e3658fe377967138,paired_same_month_identical_orders
conditional_positive_lateness,later,monthly,2018-04,xgboost_quantile,DQG,0.9,promise_only,all_mature_support_ge20,absolute_coverage_error,0.0122448979592,0.0122448979592,0,294,d0fb3d74e9f7da042d432b9c62de352209eb8c46a8371bca78589dbb9d244b28,paired_same_month_identical_orders
conditional_positive_lateness,later,monthly,2018-04,xgboost_quantile,DQG,0.9,promise_only,all_mature_support_ge20,empirical_coverage,0.887755102041,0.887755102041,0,294,d0fb3d74e9f7da042d432b9c62de352209eb8c46a8371bca78589dbb9d244b28,paired_same_month_identical_orders
conditional_positive_lateness,later,monthly,2018-04,xgboost_quantile,DQG,0.9,promise_only,all_mature_support_ge20,pinball_loss,2.78771899801,2.777461859,0.0102571390118,294,d0fb3d74e9f7da042d432b9c62de352209eb8c46a8371bca78589dbb9d244b28,paired_same_month_identical_orders
conditional_positive_lateness,later,monthly,2018-04,xgboost_quantile,DQG,0.9,promise_only,all_orders,absolute_coverage_error,0.0176470588235,0.0176470588235,0,306,f70654d8c209bccbb417414da1c2ceea047caa7f2467d1ed8101efa66eb66fd9,paired_same_month_identical_orders
conditional_positive_lateness,later,monthly,2018-04,xgboost_quantile,DQG,0.9,promise_only,all_orders,empirical_coverage,0.882352941176,0.882352941176,0,306,f70654d8c209bccbb417414da1c2ceea047caa7f2467d1ed8101efa66eb66fd9,paired_same_month_identical_orders
conditional_positive_lateness,later,monthly,2018-04,xgboost_quantile,DQG,0.9,promise_only,all_orders,pinball_loss,2.83206584344,2.82454854741,0.00751729603761,306,f70654d8c209bccbb417414da1c2ceea047caa7f2467d1ed8101efa66eb66fd9,paired_same_month_identical_orders
conditional_positive_lateness,later,monthly,2018-04,xgboost_quantile,DQG,0.9,selected_90d,all_orders,absolute_coverage_error,0.0176470588235,0.0176470588235,0,306,f70654d8c209bccbb417414da1c2ceea047caa7f2467d1ed8101efa66eb66fd9,paired_same_month_identical_orders
conditional_positive_lateness,later,monthly,2018-04,xgboost_quantile,DQG,0.9,selected_90d,all_orders,empirical_coverage,0.882352941176,0.882352941176,0,306,f70654d8c209bccbb417414da1c2ceea047caa7f2467d1ed8101efa66eb66fd9,paired_same_month_identical_orders
conditional_positive_lateness,later,monthly,2018-04,xgboost_quantile,DQG,0.9,selected_90d,all_orders,pinball_loss,2.83206584344,2.82795119628,0.00411464716062,306,f70654d8c209bccbb417414da1c2ceea047caa7f2467d1ed8101efa66eb66fd9,paired_same_month_identical_orders
conditional_positive_lateness,later,monthly,2018-04,xgboost_quantile,DQG,0.9,selected_90d,common_support_ge20,absolute_coverage_error,0.0102941176471,0.0102941176471,0,272,a43802cbcc8b81b985da44251e5fcfe7b21aff2d2d3d75ff3b0623ae4fc88249,paired_same_month_identical_orders
conditional_positive_lateness,later,monthly,2018-04,xgboost_quantile,DQG,0.9,selected_90d,common_support_ge20,empirical_coverage,0.889705882353,0.889705882353,0,272,a43802cbcc8b81b985da44251e5fcfe7b21aff2d2d3d75ff3b0623ae4fc88249,paired_same_month_identical_orders
conditional_positive_lateness,later,monthly,2018-04,xgboost_quantile,DQG,0.9,selected_90d,common_support_ge20,pinball_loss,2.797618258,2.7901133383,0.00750491969691,272,a43802cbcc8b81b985da44251e5fcfe7b21aff2d2d3d75ff3b0623ae4fc88249,paired_same_month_identical_orders
conditional_positive_lateness,later,monthly,2018-04,xgboost_quantile,DQS,0.9,promise_only,all_mature_support_ge20,absolute_coverage_error,0.0138613861386,0.0138613861386,0,202,13e8b54fca3800c96a8cd6d6d34ac0bb51a74e8d0c236b489abbee89417f40f6,paired_same_month_identical_orders
conditional_positive_lateness,later,monthly,2018-04,xgboost_quantile,DQS,0.9,promise_only,all_mature_support_ge20,empirical_coverage,0.886138613861,0.886138613861,0,202,13e8b54fca3800c96a8cd6d6d34ac0bb51a74e8d0c236b489abbee89417f40f6,paired_same_month_identical_orders
conditional_positive_lateness,later,monthly,2018-04,xgboost_quantile,DQS,0.9,promise_only,all_mature_support_ge20,pinball_loss,2.88144152896,2.87153026656,0.00991126240124,202,13e8b54fca3800c96a8cd6d6d34ac0bb51a74e8d0c236b489abbee89417f40f6,paired_same_month_identical_orders
conditional_positive_lateness,later,monthly,2018-04,xgboost_quantile,DQS,0.9,promise_only,all_orders,absolute_coverage_error,0.0176470588235,0.0176470588235,0,306,f70654d8c209bccbb417414da1c2ceea047caa7f2467d1ed8101efa66eb66fd9,paired_same_month_identical_orders
conditional_positive_lateness,later,monthly,2018-04,xgboost_quantile,DQS,0.9,promise_only,all_orders,empirical_coverage,0.882352941176,0.882352941176,0,306,f70654d8c209bccbb417414da1c2ceea047caa7f2467d1ed8101efa66eb66fd9,paired_same_month_identical_orders
conditional_positive_lateness,later,monthly,2018-04,xgboost_quantile,DQS,0.9,promise_only,all_orders,pinball_loss,2.83249628715,2.82454854741,0.00794773974624,306,f70654d8c209bccbb417414da1c2ceea047caa7f2467d1ed8101efa66eb66fd9,paired_same_month_identical_orders
conditional_positive_lateness,later,monthly,2018-04,xgboost_quantile,DQS,0.9,selected_90d,all_orders,absolute_coverage_error,0.0176470588235,0.0176470588235,0,306,f70654d8c209bccbb417414da1c2ceea047caa7f2467d1ed8101efa66eb66fd9,paired_same_month_identical_orders
conditional_positive_lateness,later,monthly,2018-04,xgboost_quantile,DQS,0.9,selected_90d,all_orders,empirical_coverage,0.882352941176,0.882352941176,0,306,f70654d8c209bccbb417414da1c2ceea047caa7f2467d1ed8101efa66eb66fd9,paired_same_month_identical_orders
conditional_positive_lateness,later,monthly,2018-04,xgboost_quantile,DQS,0.9,selected_90d,all_orders,pinball_loss,2.83249628715,2.82504552704,0.00745076011359,306,f70654d8c209bccbb417414da1c2ceea047caa7f2467d1ed8101efa66eb66fd9,paired_same_month_identical_orders
conditional_positive_lateness,later,monthly,2018-04,xgboost_quantile,DQS,0.9,selected_90d,common_support_ge20,absolute_coverage_error,0.0125,0.0125,0,160,ed5fa75d2dd1b7b4a7f703cc25154e311b1e91b3e22675ef300547f6802a1804,paired_same_month_identical_orders
conditional_positive_lateness,later,monthly,2018-04,xgboost_quantile,DQS,0.9,selected_90d,common_support_ge20,empirical_coverage,0.8875,0.8875,0,160,ed5fa75d2dd1b7b4a7f703cc25154e311b1e91b3e22675ef300547f6802a1804,paired_same_month_identical_orders
conditional_positive_lateness,later,monthly,2018-04,xgboost_quantile,DQS,0.9,selected_90d,common_support_ge20,pinball_loss,3.07265619159,3.06686694264,0.00578924894469,160,ed5fa75d2dd1b7b4a7f703cc25154e311b1e91b3e22675ef300547f6802a1804,paired_same_month_identical_orders
conditional_positive_lateness,later,monthly,2018-05,linear_quantile,DQB,0.9,promise_only,all_mature_support_ge20,absolute_coverage_error,0.0673202614379,0.0673202614379,0,306,4aedc509adf8da0001e64394ec4d285d4e3c06787e702227dc3177a22f432fec,paired_same_month_identical_orders
conditional_positive_lateness,later,monthly,2018-05,linear_quantile,DQB,0.9,promise_only,all_mature_support_ge20,empirical_coverage,0.967320261438,0.967320261438,0,306,4aedc509adf8da0001e64394ec4d285d4e3c06787e702227dc3177a22f432fec,paired_same_month_identical_orders
conditional_positive_lateness,later,monthly,2018-05,linear_quantile,DQB,0.9,promise_only,all_mature_support_ge20,pinball_loss,2.19936443295,2.22197093463,-0.0226065016833,306,4aedc509adf8da0001e64394ec4d285d4e3c06787e702227dc3177a22f432fec,paired_same_month_identical_orders
conditional_positive_lateness,later,monthly,2018-05,linear_quantile,DQB,0.9,promise_only,all_orders,absolute_coverage_error,0.0751693002257,0.0729119638826,0.00225733634312,443,1e8f737f65d16539c4d5c862ea765abd56a694c2e2362f8b4d7ef7e39e6c770f,paired_same_month_identical_orders
conditional_positive_lateness,later,monthly,2018-05,linear_quantile,DQB,0.9,promise_only,all_orders,empirical_coverage,0.975169300226,0.972911963883,0.00225733634312,443,1e8f737f65d16539c4d5c862ea765abd56a694c2e2362f8b4d7ef7e39e6c770f,paired_same_month_identical_orders
conditional_positive_lateness,later,monthly,2018-05,linear_quantile,DQB,0.9,promise_only,all_orders,pinball_loss,2.04182023244,2.03731775724,0.00450247520368,443,1e8f737f65d16539c4d5c862ea765abd56a694c2e2362f8b4d7ef7e39e6c770f,paired_same_month_identical_orders
conditional_positive_lateness,later,monthly,2018-05,linear_quantile,DQB,0.9,selected_90d,all_orders,absolute_coverage_error,0.0751693002257,0.0729119638826,0.00225733634312,443,1e8f737f65d16539c4d5c862ea765abd56a694c2e2362f8b4d7ef7e39e6c770f,paired_same_month_identical_orders
conditional_positive_lateness,later,monthly,2018-05,linear_quantile,DQB,0.9,selected_90d,all_orders,empirical_coverage,0.975169300226,0.972911963883,0.00225733634312,443,1e8f737f65d16539c4d5c862ea765abd56a694c2e2362f8b4d7ef7e39e6c770f,paired_same_month_identical_orders
conditional_positive_lateness,later,monthly,2018-05,linear_quantile,DQB,0.9,selected_90d,all_orders,pinball_loss,2.04182023244,2.05718214371,-0.0153619112674,443,1e8f737f65d16539c4d5c862ea765abd56a694c2e2362f8b4d7ef7e39e6c770f,paired_same_month_identical_orders
conditional_positive_lateness,later,monthly,2018-05,linear_quantile,DQB,0.9,selected_90d,common_support_ge20,absolute_coverage_error,0.0757085020243,0.0716599190283,0.00404858299595,247,55138f39ec4b29cc0f29af914ed0855281ce246afc3a244d9c1598c86f0f96f1,paired_same_month_identical_orders
conditional_positive_lateness,later,monthly,2018-05,linear_quantile,DQB,0.9,selected_90d,common_support_ge20,empirical_coverage,0.975708502024,0.971659919028,0.00404858299595,247,55138f39ec4b29cc0f29af914ed0855281ce246afc3a244d9c1598c86f0f96f1,paired_same_month_identical_orders
conditional_positive_lateness,later,monthly,2018-05,linear_quantile,DQB,0.9,selected_90d,common_support_ge20,pinball_loss,2.00661944042,2.02330075285,-0.016681312436,247,55138f39ec4b29cc0f29af914ed0855281ce246afc3a244d9c1598c86f0f96f1,paired_same_month_identical_orders
conditional_positive_lateness,later,monthly,2018-05,linear_quantile,DQG,0.9,promise_only,all_mature_support_ge20,absolute_coverage_error,0.0713603818616,0.0713603818616,0,419,b9bd2d85db4fe78adbfdd00d2885d816b3a0a71b147675d6cc86fa4141d7f54d,paired_same_month_identical_orders
conditional_positive_lateness,later,monthly,2018-05,linear_quantile,DQG,0.9,promise_only,all_mature_support_ge20,empirical_coverage,0.971360381862,0.971360381862,0,419,b9bd2d85db4fe78adbfdd00d2885d816b3a0a71b147675d6cc86fa4141d7f54d,paired_same_month_identical_orders
conditional_positive_lateness,later,monthly,2018-05,linear_quantile,DQG,0.9,promise_only,all_mature_support_ge20,pinball_loss,2.07182867602,2.07182867602,0,419,b9bd2d85db4fe78adbfdd00d2885d816b3a0a71b147675d6cc86fa4141d7f54d,paired_same_month_identical_orders
conditional_positive_lateness,later,monthly,2018-05,linear_quantile,DQG,0.9,promise_only,all_orders,absolute_coverage_error,0.0729119638826,0.0729119638826,0,443,1e8f737f65d16539c4d5c862ea765abd56a694c2e2362f8b4d7ef7e39e6c770f,paired_same_month_identical_orders
conditional_positive_lateness,later,monthly,2018-05,linear_quantile,DQG,0.9,promise_only,all_orders,empirical_coverage,0.972911963883,0.972911963883,0,443,1e8f737f65d16539c4d5c862ea765abd56a694c2e2362f8b4d7ef7e39e6c770f,paired_same_month_identical_orders
conditional_positive_lateness,later,monthly,2018-05,linear_quantile,DQG,0.9,promise_only,all_orders,pinball_loss,2.03731775724,2.03731775724,0,443,1e8f737f65d16539c4d5c862ea765abd56a694c2e2362f8b4d7ef7e39e6c770f,paired_same_month_identical_orders
conditional_positive_lateness,later,monthly,2018-05,linear_quantile,DQG,0.9,selected_90d,all_orders,absolute_coverage_error,0.0729119638826,0.0751693002257,-0.00225733634312,443,1e8f737f65d16539c4d5c862ea765abd56a694c2e2362f8b4d7ef7e39e6c770f,paired_same_month_identical_orders
conditional_positive_lateness,later,monthly,2018-05,linear_quantile,DQG,0.9,selected_90d,all_orders,empirical_coverage,0.972911963883,0.975169300226,-0.00225733634312,443,1e8f737f65d16539c4d5c862ea765abd56a694c2e2362f8b4d7ef7e39e6c770f,paired_same_month_identical_orders
conditional_positive_lateness,later,monthly,2018-05,linear_quantile,DQG,0.9,selected_90d,all_orders,pinball_loss,2.03731775724,2.04754153037,-0.0102237731279,443,1e8f737f65d16539c4d5c862ea765abd56a694c2e2362f8b4d7ef7e39e6c770f,paired_same_month_identical_orders
conditional_positive_lateness,later,monthly,2018-05,linear_quantile,DQG,0.9,selected_90d,common_support_ge20,absolute_coverage_error,0.0733656174334,0.0757869249395,-0.00242130750605,413,4de473141145ff503b82fb423c25bd5bb03a4ff58464e3f35bf20b2995512afb,paired_same_month_identical_orders
conditional_positive_lateness,later,monthly,2018-05,linear_quantile,DQG,0.9,selected_90d,common_support_ge20,empirical_coverage,0.973365617433,0.975786924939,-0.00242130750605,413,4de473141145ff503b82fb423c25bd5bb03a4ff58464e3f35bf20b2995512afb,paired_same_month_identical_orders
conditional_positive_lateness,later,monthly,2018-05,linear_quantile,DQG,0.9,selected_90d,common_support_ge20,pinball_loss,2.06680761075,2.07475002145,-0.00794241070353,413,4de473141145ff503b82fb423c25bd5bb03a4ff58464e3f35bf20b2995512afb,paired_same_month_identical_orders
conditional_positive_lateness,later,monthly,2018-05,linear_quantile,DQS,0.9,promise_only,all_mature_support_ge20,absolute_coverage_error,0.0696048632219,0.0696048632219,0,329,8a9b68f73c1455a4d5bc60b4d428ce45de046e1bd78caa54327dd4cdf56a8ad1,paired_same_month_identical_orders
conditional_positive_lateness,later,monthly,2018-05,linear_quantile,DQS,0.9,promise_only,all_mature_support_ge20,empirical_coverage,0.969604863222,0.969604863222,0,329,8a9b68f73c1455a4d5bc60b4d428ce45de046e1bd78caa54327dd4cdf56a8ad1,paired_same_month_identical_orders
conditional_positive_lateness,later,monthly,2018-05,linear_quantile,DQS,0.9,promise_only,all_mature_support_ge20,pinball_loss,2.14228025496,2.16583514571,-0.023554890746,329,8a9b68f73c1455a4d5bc60b4d428ce45de046e1bd78caa54327dd4cdf56a8ad1,paired_same_month_identical_orders
conditional_positive_lateness,later,monthly,2018-05,linear_quantile,DQS,0.9,promise_only,all_orders,absolute_coverage_error,0.0751693002257,0.0729119638826,0.00225733634312,443,1e8f737f65d16539c4d5c862ea765abd56a694c2e2362f8b4d7ef7e39e6c770f,paired_same_month_identical_orders
conditional_positive_lateness,later,monthly,2018-05,linear_quantile,DQS,0.9,promise_only,all_orders,empirical_coverage,0.975169300226,0.972911963883,0.00225733634312,443,1e8f737f65d16539c4d5c862ea765abd56a694c2e2362f8b4d7ef7e39e6c770f,paired_same_month_identical_orders
conditional_positive_lateness,later,monthly,2018-05,linear_quantile,DQS,0.9,promise_only,all_orders,pinball_loss,2.04182023244,2.03731775724,0.00450247520368,443,1e8f737f65d16539c4d5c862ea765abd56a694c2e2362f8b4d7ef7e39e6c770f,paired_same_month_identical_orders
conditional_positive_lateness,later,monthly,2018-05,linear_quantile,DQS,0.9,selected_90d,all_orders,absolute_coverage_error,0.0751693002257,0.0729119638826,0.00225733634312,443,1e8f737f65d16539c4d5c862ea765abd56a694c2e2362f8b4d7ef7e39e6c770f,paired_same_month_identical_orders
conditional_positive_lateness,later,monthly,2018-05,linear_quantile,DQS,0.9,selected_90d,all_orders,empirical_coverage,0.975169300226,0.972911963883,0.00225733634312,443,1e8f737f65d16539c4d5c862ea765abd56a694c2e2362f8b4d7ef7e39e6c770f,paired_same_month_identical_orders
conditional_positive_lateness,later,monthly,2018-05,linear_quantile,DQS,0.9,selected_90d,all_orders,pinball_loss,2.04182023244,2.04740209587,-0.00558186342713,443,1e8f737f65d16539c4d5c862ea765abd56a694c2e2362f8b4d7ef7e39e6c770f,paired_same_month_identical_orders
conditional_positive_lateness,later,monthly,2018-05,linear_quantile,DQS,0.9,selected_90d,common_support_ge20,absolute_coverage_error,0.0742647058824,0.0705882352941,0.00367647058824,272,cc75d0318945922c09e4c31a887b054fe25aa2f681c6b3393585c59665a167c7,paired_same_month_identical_orders
conditional_positive_lateness,later,monthly,2018-05,linear_quantile,DQS,0.9,selected_90d,common_support_ge20,empirical_coverage,0.974264705882,0.970588235294,0.00367647058824,272,cc75d0318945922c09e4c31a887b054fe25aa2f681c6b3393585c59665a167c7,paired_same_month_identical_orders
conditional_positive_lateness,later,monthly,2018-05,linear_quantile,DQS,0.9,selected_90d,common_support_ge20,pinball_loss,1.97765737044,1.98611635326,-0.00845898281779,272,cc75d0318945922c09e4c31a887b054fe25aa2f681c6b3393585c59665a167c7,paired_same_month_identical_orders
conditional_positive_lateness,later,monthly,2018-05,xgboost_quantile,DQB,0.9,promise_only,all_mature_support_ge20,absolute_coverage_error,0.0607843137255,0.0673202614379,-0.00653594771242,306,4aedc509adf8da0001e64394ec4d285d4e3c06787e702227dc3177a22f432fec,paired_same_month_identical_orders
conditional_positive_lateness,later,monthly,2018-05,xgboost_quantile,DQB,0.9,promise_only,all_mature_support_ge20,empirical_coverage,0.960784313725,0.967320261438,-0.00653594771242,306,4aedc509adf8da0001e64394ec4d285d4e3c06787e702227dc3177a22f432fec,paired_same_month_identical_orders
conditional_positive_lateness,later,monthly,2018-05,xgboost_quantile,DQB,0.9,promise_only,all_mature_support_ge20,pinball_loss,2.21547714433,2.23359051187,-0.018113367541,306,4aedc509adf8da0001e64394ec4d285d4e3c06787e702227dc3177a22f432fec,paired_same_month_identical_orders
conditional_positive_lateness,later,monthly,2018-05,xgboost_quantile,DQB,0.9,promise_only,all_orders,absolute_coverage_error,0.0683972911964,0.0751693002257,-0.00677200902935,443,1e8f737f65d16539c4d5c862ea765abd56a694c2e2362f8b4d7ef7e39e6c770f,paired_same_month_identical_orders
conditional_positive_lateness,later,monthly,2018-05,xgboost_quantile,DQB,0.9,promise_only,all_orders,empirical_coverage,0.968397291196,0.975169300226,-0.00677200902935,443,1e8f737f65d16539c4d5c862ea765abd56a694c2e2362f8b4d7ef7e39e6c770f,paired_same_month_identical_orders
conditional_positive_lateness,later,monthly,2018-05,xgboost_quantile,DQB,0.9,promise_only,all_orders,pinball_loss,2.04090916309,2.04495136915,-0.00404220606815,443,1e8f737f65d16539c4d5c862ea765abd56a694c2e2362f8b4d7ef7e39e6c770f,paired_same_month_identical_orders
conditional_positive_lateness,later,monthly,2018-05,xgboost_quantile,DQB,0.9,selected_90d,all_orders,absolute_coverage_error,0.0683972911964,0.0706546275395,-0.00225733634312,443,1e8f737f65d16539c4d5c862ea765abd56a694c2e2362f8b4d7ef7e39e6c770f,paired_same_month_identical_orders
conditional_positive_lateness,later,monthly,2018-05,xgboost_quantile,DQB,0.9,selected_90d,all_orders,empirical_coverage,0.968397291196,0.97065462754,-0.00225733634312,443,1e8f737f65d16539c4d5c862ea765abd56a694c2e2362f8b4d7ef7e39e6c770f,paired_same_month_identical_orders
conditional_positive_lateness,later,monthly,2018-05,xgboost_quantile,DQB,0.9,selected_90d,all_orders,pinball_loss,2.04090916309,2.05368542682,-0.0127762637336,443,1e8f737f65d16539c4d5c862ea765abd56a694c2e2362f8b4d7ef7e39e6c770f,paired_same_month_identical_orders
conditional_positive_lateness,later,monthly,2018-05,xgboost_quantile,DQB,0.9,selected_90d,common_support_ge20,absolute_coverage_error,0.0716599190283,0.0757085020243,-0.00404858299595,247,55138f39ec4b29cc0f29af914ed0855281ce246afc3a244d9c1598c86f0f96f1,paired_same_month_identical_orders
conditional_positive_lateness,later,monthly,2018-05,xgboost_quantile,DQB,0.9,selected_90d,common_support_ge20,empirical_coverage,0.971659919028,0.975708502024,-0.00404858299595,247,55138f39ec4b29cc0f29af914ed0855281ce246afc3a244d9c1598c86f0f96f1,paired_same_month_identical_orders
conditional_positive_lateness,later,monthly,2018-05,xgboost_quantile,DQB,0.9,selected_90d,common_support_ge20,pinball_loss,2.02141792745,2.03758270789,-0.0161647804343,247,55138f39ec4b29cc0f29af914ed0855281ce246afc3a244d9c1598c86f0f96f1,paired_same_month_identical_orders
conditional_positive_lateness,later,monthly,2018-05,xgboost_quantile,DQG,0.9,promise_only,all_mature_support_ge20,absolute_coverage_error,0.0665871121718,0.0737470167064,-0.00715990453461,419,b9bd2d85db4fe78adbfdd00d2885d816b3a0a71b147675d6cc86fa4141d7f54d,paired_same_month_identical_orders
conditional_positive_lateness,later,monthly,2018-05,xgboost_quantile,DQG,0.9,promise_only,all_mature_support_ge20,empirical_coverage,0.966587112172,0.973747016706,-0.00715990453461,419,b9bd2d85db4fe78adbfdd00d2885d816b3a0a71b147675d6cc86fa4141d7f54d,paired_same_month_identical_orders
conditional_positive_lateness,later,monthly,2018-05,xgboost_quantile,DQG,0.9,promise_only,all_mature_support_ge20,pinball_loss,2.05546154441,2.08124920292,-0.0257876585089,419,b9bd2d85db4fe78adbfdd00d2885d816b3a0a71b147675d6cc86fa4141d7f54d,paired_same_month_identical_orders
conditional_positive_lateness,later,monthly,2018-05,xgboost_quantile,DQG,0.9,promise_only,all_orders,absolute_coverage_error,0.0683972911964,0.0751693002257,-0.00677200902935,443,1e8f737f65d16539c4d5c862ea765abd56a694c2e2362f8b4d7ef7e39e6c770f,paired_same_month_identical_orders
conditional_positive_lateness,later,monthly,2018-05,xgboost_quantile,DQG,0.9,promise_only,all_orders,empirical_coverage,0.968397291196,0.975169300226,-0.00677200902935,443,1e8f737f65d16539c4d5c862ea765abd56a694c2e2362f8b4d7ef7e39e6c770f,paired_same_month_identical_orders
conditional_positive_lateness,later,monthly,2018-05,xgboost_quantile,DQG,0.9,promise_only,all_orders,pinball_loss,2.02160144014,2.04495136915,-0.0233499290169,443,1e8f737f65d16539c4d5c862ea765abd56a694c2e2362f8b4d7ef7e39e6c770f,paired_same_month_identical_orders
conditional_positive_lateness,later,monthly,2018-05,xgboost_quantile,DQG,0.9,selected_90d,all_orders,absolute_coverage_error,0.0683972911964,0.0729119638826,-0.00451467268623,443,1e8f737f65d16539c4d5c862ea765abd56a694c2e2362f8b4d7ef7e39e6c770f,paired_same_month_identical_orders
conditional_positive_lateness,later,monthly,2018-05,xgboost_quantile,DQG,0.9,selected_90d,all_orders,empirical_coverage,0.968397291196,0.972911963883,-0.00451467268623,443,1e8f737f65d16539c4d5c862ea765abd56a694c2e2362f8b4d7ef7e39e6c770f,paired_same_month_identical_orders
conditional_positive_lateness,later,monthly,2018-05,xgboost_quantile,DQG,0.9,selected_90d,all_orders,pinball_loss,2.02160144014,2.05074101398,-0.0291395738471,443,1e8f737f65d16539c4d5c862ea765abd56a694c2e2362f8b4d7ef7e39e6c770f,paired_same_month_identical_orders
conditional_positive_lateness,later,monthly,2018-05,xgboost_quantile,DQG,0.9,selected_90d,common_support_ge20,absolute_coverage_error,0.0709443099274,0.0757869249395,-0.00484261501211,413,4de473141145ff503b82fb423c25bd5bb03a4ff58464e3f35bf20b2995512afb,paired_same_month_identical_orders
conditional_positive_lateness,later,monthly,2018-05,xgboost_quantile,DQG,0.9,selected_90d,common_support_ge20,empirical_coverage,0.970944309927,0.975786924939,-0.00484261501211,413,4de473141145ff503b82fb423c25bd5bb03a4ff58464e3f35bf20b2995512afb,paired_same_month_identical_orders
conditional_positive_lateness,later,monthly,2018-05,xgboost_quantile,DQG,0.9,selected_90d,common_support_ge20,pinball_loss,2.04904023972,2.07957724047,-0.0305370007518,413,4de473141145ff503b82fb423c25bd5bb03a4ff58464e3f35bf20b2995512afb,paired_same_month_identical_orders
conditional_positive_lateness,later,monthly,2018-05,xgboost_quantile,DQS,0.9,promise_only,all_mature_support_ge20,absolute_coverage_error,0.0635258358663,0.0696048632219,-0.00607902735562,329,8a9b68f73c1455a4d5bc60b4d428ce45de046e1bd78caa54327dd4cdf56a8ad1,paired_same_month_identical_orders
conditional_positive_lateness,later,monthly,2018-05,xgboost_quantile,DQS,0.9,promise_only,all_mature_support_ge20,empirical_coverage,0.963525835866,0.969604863222,-0.00607902735562,329,8a9b68f73c1455a4d5bc60b4d428ce45de046e1bd78caa54327dd4cdf56a8ad1,paired_same_month_identical_orders
conditional_positive_lateness,later,monthly,2018-05,xgboost_quantile,DQS,0.9,promise_only,all_mature_support_ge20,pinball_loss,2.167216632,2.17521709801,-0.00800046601869,329,8a9b68f73c1455a4d5bc60b4d428ce45de046e1bd78caa54327dd4cdf56a8ad1,paired_same_month_identical_orders
conditional_positive_lateness,later,monthly,2018-05,xgboost_quantile,DQS,0.9,promise_only,all_orders,absolute_coverage_error,0.0683972911964,0.0751693002257,-0.00677200902935,443,1e8f737f65d16539c4d5c862ea765abd56a694c2e2362f8b4d7ef7e39e6c770f,paired_same_month_identical_orders
conditional_positive_lateness,later,monthly,2018-05,xgboost_quantile,DQS,0.9,promise_only,all_orders,empirical_coverage,0.968397291196,0.975169300226,-0.00677200902935,443,1e8f737f65d16539c4d5c862ea765abd56a694c2e2362f8b4d7ef7e39e6c770f,paired_same_month_identical_orders
conditional_positive_lateness,later,monthly,2018-05,xgboost_quantile,DQS,0.9,promise_only,all_orders,pinball_loss,2.05095896624,2.04495136915,0.00600759708646,443,1e8f737f65d16539c4d5c862ea765abd56a694c2e2362f8b4d7ef7e39e6c770f,paired_same_month_identical_orders
conditional_positive_lateness,later,monthly,2018-05,xgboost_quantile,DQS,0.9,selected_90d,all_orders,absolute_coverage_error,0.0683972911964,0.0683972911964,0,443,1e8f737f65d16539c4d5c862ea765abd56a694c2e2362f8b4d7ef7e39e6c770f,paired_same_month_identical_orders
conditional_positive_lateness,later,monthly,2018-05,xgboost_quantile,DQS,0.9,selected_90d,all_orders,empirical_coverage,0.968397291196,0.968397291196,0,443,1e8f737f65d16539c4d5c862ea765abd56a694c2e2362f8b4d7ef7e39e6c770f,paired_same_month_identical_orders
conditional_positive_lateness,later,monthly,2018-05,xgboost_quantile,DQS,0.9,selected_90d,all_orders,pinball_loss,2.05095896624,2.05539187481,-0.00443290856874,443,1e8f737f65d16539c4d5c862ea765abd56a694c2e2362f8b4d7ef7e39e6c770f,paired_same_month_identical_orders
conditional_positive_lateness,later,monthly,2018-05,xgboost_quantile,DQS,0.9,selected_90d,common_support_ge20,absolute_coverage_error,0.0705882352941,0.0705882352941,0,272,cc75d0318945922c09e4c31a887b054fe25aa2f681c6b3393585c59665a167c7,paired_same_month_identical_orders
conditional_positive_lateness,later,monthly,2018-05,xgboost_quantile,DQS,0.9,selected_90d,common_support_ge20,empirical_coverage,0.970588235294,0.970588235294,0,272,cc75d0318945922c09e4c31a887b054fe25aa2f681c6b3393585c59665a167c7,paired_same_month_identical_orders
conditional_positive_lateness,later,monthly,2018-05,xgboost_quantile,DQS,0.9,selected_90d,common_support_ge20,pinball_loss,2.0003442056,2.00625473962,-0.00591053401765,272,cc75d0318945922c09e4c31a887b054fe25aa2f681c6b3393585c59665a167c7,paired_same_month_identical_orders
conditional_positive_lateness,later,monthly,2018-06,linear_quantile,DQB,0.9,promise_only,all_mature_support_ge20,absolute_coverage_error,0.104081632653,0.104081632653,0,49,5b3a0d28b580a72863ed32e3cd5eb4fc3a21a4b4b08e0f5aa099c49008daed9c,paired_same_month_identical_orders
conditional_positive_lateness,later,monthly,2018-06,linear_quantile,DQB,0.9,promise_only,all_mature_support_ge20,empirical_coverage,0.795918367347,0.795918367347,0,49,5b3a0d28b580a72863ed32e3cd5eb4fc3a21a4b4b08e0f5aa099c49008daed9c,paired_same_month_identical_orders
conditional_positive_lateness,later,monthly,2018-06,linear_quantile,DQB,0.9,promise_only,all_mature_support_ge20,pinball_loss,4.79027385846,4.805870797,-0.0155969385349,49,5b3a0d28b580a72863ed32e3cd5eb4fc3a21a4b4b08e0f5aa099c49008daed9c,paired_same_month_identical_orders
conditional_positive_lateness,later,monthly,2018-06,linear_quantile,DQB,0.9,promise_only,all_orders,absolute_coverage_error,0.069014084507,0.069014084507,0,71,5aaff04dc19d63b5a2dd637a07f5527d21f5d0a7b23e9e0b532681e840c404ca,paired_same_month_identical_orders
conditional_positive_lateness,later,monthly,2018-06,linear_quantile,DQB,0.9,promise_only,all_orders,empirical_coverage,0.830985915493,0.830985915493,0,71,5aaff04dc19d63b5a2dd637a07f5527d21f5d0a7b23e9e0b532681e840c404ca,paired_same_month_identical_orders
conditional_positive_lateness,later,monthly,2018-06,linear_quantile,DQB,0.9,promise_only,all_orders,pinball_loss,3.96475646724,3.97537413006,-0.0106176628272,71,5aaff04dc19d63b5a2dd637a07f5527d21f5d0a7b23e9e0b532681e840c404ca,paired_same_month_identical_orders
conditional_positive_lateness,later,monthly,2018-06,linear_quantile,DQB,0.9,selected_90d,all_orders,absolute_coverage_error,0.069014084507,0.069014084507,0,71,5aaff04dc19d63b5a2dd637a07f5527d21f5d0a7b23e9e0b532681e840c404ca,paired_same_month_identical_orders
conditional_positive_lateness,later,monthly,2018-06,linear_quantile,DQB,0.9,selected_90d,all_orders,empirical_coverage,0.830985915493,0.830985915493,0,71,5aaff04dc19d63b5a2dd637a07f5527d21f5d0a7b23e9e0b532681e840c404ca,paired_same_month_identical_orders
conditional_positive_lateness,later,monthly,2018-06,linear_quantile,DQB,0.9,selected_90d,all_orders,pinball_loss,3.96475646724,3.95046471613,0.0142917511106,71,5aaff04dc19d63b5a2dd637a07f5527d21f5d0a7b23e9e0b532681e840c404ca,paired_same_month_identical_orders
conditional_positive_lateness,later,monthly,2018-06,linear_quantile,DQB,0.9,selected_90d,common_support_ge20,absolute_coverage_error,0.116216216216,0.116216216216,0,37,28c2078b9a716cca5fa900e2fb30f0ac1a65bd5976a94e5ec2ac610bf4c0d0a7,paired_same_month_identical_orders
conditional_positive_lateness,later,monthly,2018-06,linear_quantile,DQB,0.9,selected_90d,common_support_ge20,empirical_coverage,0.783783783784,0.783783783784,0,37,28c2078b9a716cca5fa900e2fb30f0ac1a65bd5976a94e5ec2ac610bf4c0d0a7,paired_same_month_identical_orders
conditional_positive_lateness,later,monthly,2018-06,linear_quantile,DQB,0.9,selected_90d,common_support_ge20,pinball_loss,4.85332169627,4.82564201002,0.0276796862486,37,28c2078b9a716cca5fa900e2fb30f0ac1a65bd5976a94e5ec2ac610bf4c0d0a7,paired_same_month_identical_orders
conditional_positive_lateness,later,monthly,2018-06,linear_quantile,DQG,0.9,promise_only,all_mature_support_ge20,absolute_coverage_error,0.0764705882353,0.0764705882353,0,68,f5aba9d36e2f15d40edd86203eb89c6015f8421d36a4d6fff730e0afd38a8f3e,paired_same_month_identical_orders
conditional_positive_lateness,later,monthly,2018-06,linear_quantile,DQG,0.9,promise_only,all_mature_support_ge20,empirical_coverage,0.823529411765,0.823529411765,0,68,f5aba9d36e2f15d40edd86203eb89c6015f8421d36a4d6fff730e0afd38a8f3e,paired_same_month_identical_orders
conditional_positive_lateness,later,monthly,2018-06,linear_quantile,DQG,0.9,promise_only,all_mature_support_ge20,pinball_loss,4.05147961924,4.05566512476,-0.00418550552647,68,f5aba9d36e2f15d40edd86203eb89c6015f8421d36a4d6fff730e0afd38a8f3e,paired_same_month_identical_orders
conditional_positive_lateness,later,monthly,2018-06,linear_quantile,DQG,0.9,promise_only,all_orders,absolute_coverage_error,0.069014084507,0.069014084507,0,71,5aaff04dc19d63b5a2dd637a07f5527d21f5d0a7b23e9e0b532681e840c404ca,paired_same_month_identical_orders
conditional_positive_lateness,later,monthly,2018-06,linear_quantile,DQG,0.9,promise_only,all_orders,empirical_coverage,0.830985915493,0.830985915493,0,71,5aaff04dc19d63b5a2dd637a07f5527d21f5d0a7b23e9e0b532681e840c404ca,paired_same_month_identical_orders
conditional_positive_lateness,later,monthly,2018-06,linear_quantile,DQG,0.9,promise_only,all_orders,pinball_loss,3.97265024708,3.97537413006,-0.00272388298775,71,5aaff04dc19d63b5a2dd637a07f5527d21f5d0a7b23e9e0b532681e840c404ca,paired_same_month_identical_orders
conditional_positive_lateness,later,monthly,2018-06,linear_quantile,DQG,0.9,selected_90d,all_orders,absolute_coverage_error,0.069014084507,0.069014084507,0,71,5aaff04dc19d63b5a2dd637a07f5527d21f5d0a7b23e9e0b532681e840c404ca,paired_same_month_identical_orders
conditional_positive_lateness,later,monthly,2018-06,linear_quantile,DQG,0.9,selected_90d,all_orders,empirical_coverage,0.830985915493,0.830985915493,0,71,5aaff04dc19d63b5a2dd637a07f5527d21f5d0a7b23e9e0b532681e840c404ca,paired_same_month_identical_orders
conditional_positive_lateness,later,monthly,2018-06,linear_quantile,DQG,0.9,selected_90d,all_orders,pinball_loss,3.97265024708,3.96514682311,0.00750342397085,71,5aaff04dc19d63b5a2dd637a07f5527d21f5d0a7b23e9e0b532681e840c404ca,paired_same_month_identical_orders
conditional_positive_lateness,later,monthly,2018-06,linear_quantile,DQG,0.9,selected_90d,common_support_ge20,absolute_coverage_error,0.0791044776119,0.0791044776119,0,67,cbb8c041d954006e0487174f715269c27b960b94f52de881594352bd661c5d8a,paired_same_month_identical_orders
conditional_positive_lateness,later,monthly,2018-06,linear_quantile,DQG,0.9,selected_90d,common_support_ge20,empirical_coverage,0.820895522388,0.820895522388,0,67,cbb8c041d954006e0487174f715269c27b960b94f52de881594352bd661c5d8a,paired_same_month_identical_orders
conditional_positive_lateness,later,monthly,2018-06,linear_quantile,DQG,0.9,selected_90d,common_support_ge20,pinball_loss,4.07861613586,4.06571752788,0.0128986079772,67,cbb8c041d954006e0487174f715269c27b960b94f52de881594352bd661c5d8a,paired_same_month_identical_orders
conditional_positive_lateness,later,monthly,2018-06,linear_quantile,DQS,0.9,promise_only,all_mature_support_ge20,absolute_coverage_error,0.0923076923077,0.0923076923077,0,52,42399e9ca4ceb79227575e09a94f0e1759c2c58bb4403a73f0c00400ed5951fc,paired_same_month_identical_orders
conditional_positive_lateness,later,monthly,2018-06,linear_quantile,DQS,0.9,promise_only,all_mature_support_ge20,empirical_coverage,0.807692307692,0.807692307692,0,52,42399e9ca4ceb79227575e09a94f0e1759c2c58bb4403a73f0c00400ed5951fc,paired_same_month_identical_orders
conditional_positive_lateness,later,monthly,2018-06,linear_quantile,DQS,0.9,promise_only,all_mature_support_ge20,pinball_loss,4.65396554458,4.65296161161,0.00100393297539,52,42399e9ca4ceb79227575e09a94f0e1759c2c58bb4403a73f0c00400ed5951fc,paired_same_month_identical_orders
conditional_positive_lateness,later,monthly,2018-06,linear_quantile,DQS,0.9,promise_only,all_orders,absolute_coverage_error,0.069014084507,0.069014084507,0,71,5aaff04dc19d63b5a2dd637a07f5527d21f5d0a7b23e9e0b532681e840c404ca,paired_same_month_identical_orders
conditional_positive_lateness,later,monthly,2018-06,linear_quantile,DQS,0.9,promise_only,all_orders,empirical_coverage,0.830985915493,0.830985915493,0,71,5aaff04dc19d63b5a2dd637a07f5527d21f5d0a7b23e9e0b532681e840c404ca,paired_same_month_identical_orders
conditional_positive_lateness,later,monthly,2018-06,linear_quantile,DQS,0.9,promise_only,all_orders,pinball_loss,3.97800208973,3.97537413006,0.00262795966634,71,5aaff04dc19d63b5a2dd637a07f5527d21f5d0a7b23e9e0b532681e840c404ca,paired_same_month_identical_orders
conditional_positive_lateness,later,monthly,2018-06,linear_quantile,DQS,0.9,selected_90d,all_orders,absolute_coverage_error,0.069014084507,0.069014084507,0,71,5aaff04dc19d63b5a2dd637a07f5527d21f5d0a7b23e9e0b532681e840c404ca,paired_same_month_identical_orders
conditional_positive_lateness,later,monthly,2018-06,linear_quantile,DQS,0.9,selected_90d,all_orders,empirical_coverage,0.830985915493,0.830985915493,0,71,5aaff04dc19d63b5a2dd637a07f5527d21f5d0a7b23e9e0b532681e840c404ca,paired_same_month_identical_orders
conditional_positive_lateness,later,monthly,2018-06,linear_quantile,DQS,0.9,selected_90d,all_orders,pinball_loss,3.97800208973,3.99473642223,-0.0167343324975,71,5aaff04dc19d63b5a2dd637a07f5527d21f5d0a7b23e9e0b532681e840c404ca,paired_same_month_identical_orders
conditional_positive_lateness,later,monthly,2018-06,linear_quantile,DQS,0.9,selected_90d,common_support_ge20,absolute_coverage_error,0.110526315789,0.110526315789,0,38,649542d2fe85729892c9597a5c4ee632dd6649900894c6d379e222e630d4dac4,paired_same_month_identical_orders
conditional_positive_lateness,later,monthly,2018-06,linear_quantile,DQS,0.9,selected_90d,common_support_ge20,empirical_coverage,0.789473684211,0.789473684211,0,38,649542d2fe85729892c9597a5c4ee632dd6649900894c6d379e222e630d4dac4,paired_same_month_identical_orders
conditional_positive_lateness,later,monthly,2018-06,linear_quantile,DQS,0.9,selected_90d,common_support_ge20,pinball_loss,4.79894803139,4.82132586206,-0.0223778306684,38,649542d2fe85729892c9597a5c4ee632dd6649900894c6d379e222e630d4dac4,paired_same_month_identical_orders
conditional_positive_lateness,later,monthly,2018-06,xgboost_quantile,DQB,0.9,promise_only,all_mature_support_ge20,absolute_coverage_error,0.124489795918,0.104081632653,0.0204081632653,49,5b3a0d28b580a72863ed32e3cd5eb4fc3a21a4b4b08e0f5aa099c49008daed9c,paired_same_month_identical_orders
conditional_positive_lateness,later,monthly,2018-06,xgboost_quantile,DQB,0.9,promise_only,all_mature_support_ge20,empirical_coverage,0.775510204082,0.795918367347,-0.0204081632653,49,5b3a0d28b580a72863ed32e3cd5eb4fc3a21a4b4b08e0f5aa099c49008daed9c,paired_same_month_identical_orders
conditional_positive_lateness,later,monthly,2018-06,xgboost_quantile,DQB,0.9,promise_only,all_mature_support_ge20,pinball_loss,4.85470058674,4.83080450564,0.0238960811027,49,5b3a0d28b580a72863ed32e3cd5eb4fc3a21a4b4b08e0f5aa099c49008daed9c,paired_same_month_identical_orders
conditional_positive_lateness,later,monthly,2018-06,xgboost_quantile,DQB,0.9,promise_only,all_orders,absolute_coverage_error,0.0830985915493,0.069014084507,0.0140845070423,71,5aaff04dc19d63b5a2dd637a07f5527d21f5d0a7b23e9e0b532681e840c404ca,paired_same_month_identical_orders
conditional_positive_lateness,later,monthly,2018-06,xgboost_quantile,DQB,0.9,promise_only,all_orders,empirical_coverage,0.816901408451,0.830985915493,-0.0140845070423,71,5aaff04dc19d63b5a2dd637a07f5527d21f5d0a7b23e9e0b532681e840c404ca,paired_same_month_identical_orders
conditional_positive_lateness,later,monthly,2018-06,xgboost_quantile,DQB,0.9,promise_only,all_orders,pinball_loss,4.03262132994,4.00535838168,0.0272629482613,71,5aaff04dc19d63b5a2dd637a07f5527d21f5d0a7b23e9e0b532681e840c404ca,paired_same_month_identical_orders
conditional_positive_lateness,later,monthly,2018-06,xgboost_quantile,DQB,0.9,selected_90d,all_orders,absolute_coverage_error,0.0830985915493,0.0830985915493,0,71,5aaff04dc19d63b5a2dd637a07f5527d21f5d0a7b23e9e0b532681e840c404ca,paired_same_month_identical_orders
conditional_positive_lateness,later,monthly,2018-06,xgboost_quantile,DQB,0.9,selected_90d,all_orders,empirical_coverage,0.816901408451,0.816901408451,0,71,5aaff04dc19d63b5a2dd637a07f5527d21f5d0a7b23e9e0b532681e840c404ca,paired_same_month_identical_orders
conditional_positive_lateness,later,monthly,2018-06,xgboost_quantile,DQB,0.9,selected_90d,all_orders,pinball_loss,4.03262132994,4.06504323718,-0.0324219072397,71,5aaff04dc19d63b5a2dd637a07f5527d21f5d0a7b23e9e0b532681e840c404ca,paired_same_month_identical_orders
conditional_positive_lateness,later,monthly,2018-06,xgboost_quantile,DQB,0.9,selected_90d,common_support_ge20,absolute_coverage_error,0.143243243243,0.143243243243,0,37,28c2078b9a716cca5fa900e2fb30f0ac1a65bd5976a94e5ec2ac610bf4c0d0a7,paired_same_month_identical_orders
conditional_positive_lateness,later,monthly,2018-06,xgboost_quantile,DQB,0.9,selected_90d,common_support_ge20,empirical_coverage,0.756756756757,0.756756756757,0,37,28c2078b9a716cca5fa900e2fb30f0ac1a65bd5976a94e5ec2ac610bf4c0d0a7,paired_same_month_identical_orders
conditional_positive_lateness,later,monthly,2018-06,xgboost_quantile,DQB,0.9,selected_90d,common_support_ge20,pinball_loss,4.94202274631,4.99999498934,-0.0579722430314,37,28c2078b9a716cca5fa900e2fb30f0ac1a65bd5976a94e5ec2ac610bf4c0d0a7,paired_same_month_identical_orders
conditional_positive_lateness,later,monthly,2018-06,xgboost_quantile,DQG,0.9,promise_only,all_mature_support_ge20,absolute_coverage_error,0.0911764705882,0.0764705882353,0.0147058823529,68,f5aba9d36e2f15d40edd86203eb89c6015f8421d36a4d6fff730e0afd38a8f3e,paired_same_month_identical_orders
conditional_positive_lateness,later,monthly,2018-06,xgboost_quantile,DQG,0.9,promise_only,all_mature_support_ge20,empirical_coverage,0.808823529412,0.823529411765,-0.0147058823529,68,f5aba9d36e2f15d40edd86203eb89c6015f8421d36a4d6fff730e0afd38a8f3e,paired_same_month_identical_orders
conditional_positive_lateness,later,monthly,2018-06,xgboost_quantile,DQG,0.9,promise_only,all_mature_support_ge20,pinball_loss,4.10868079242,4.08761450263,0.0210662897906,68,f5aba9d36e2f15d40edd86203eb89c6015f8421d36a4d6fff730e0afd38a8f3e,paired_same_month_identical_orders
conditional_positive_lateness,later,monthly,2018-06,xgboost_quantile,DQG,0.9,promise_only,all_orders,absolute_coverage_error,0.0830985915493,0.069014084507,0.0140845070423,71,5aaff04dc19d63b5a2dd637a07f5527d21f5d0a7b23e9e0b532681e840c404ca,paired_same_month_identical_orders
conditional_positive_lateness,later,monthly,2018-06,xgboost_quantile,DQG,0.9,promise_only,all_orders,empirical_coverage,0.816901408451,0.830985915493,-0.0140845070423,71,5aaff04dc19d63b5a2dd637a07f5527d21f5d0a7b23e9e0b532681e840c404ca,paired_same_month_identical_orders
conditional_positive_lateness,later,monthly,2018-06,xgboost_quantile,DQG,0.9,promise_only,all_orders,pinball_loss,4.0262863401,4.00535838168,0.0209279584225,71,5aaff04dc19d63b5a2dd637a07f5527d21f5d0a7b23e9e0b532681e840c404ca,paired_same_month_identical_orders
conditional_positive_lateness,later,monthly,2018-06,xgboost_quantile,DQG,0.9,selected_90d,all_orders,absolute_coverage_error,0.0830985915493,0.0830985915493,0,71,5aaff04dc19d63b5a2dd637a07f5527d21f5d0a7b23e9e0b532681e840c404ca,paired_same_month_identical_orders
conditional_positive_lateness,later,monthly,2018-06,xgboost_quantile,DQG,0.9,selected_90d,all_orders,empirical_coverage,0.816901408451,0.816901408451,0,71,5aaff04dc19d63b5a2dd637a07f5527d21f5d0a7b23e9e0b532681e840c404ca,paired_same_month_identical_orders
conditional_positive_lateness,later,monthly,2018-06,xgboost_quantile,DQG,0.9,selected_90d,all_orders,pinball_loss,4.0262863401,4.06174113582,-0.0354547957248,71,5aaff04dc19d63b5a2dd637a07f5527d21f5d0a7b23e9e0b532681e840c404ca,paired_same_month_identical_orders
conditional_positive_lateness,later,monthly,2018-06,xgboost_quantile,DQG,0.9,selected_90d,common_support_ge20,absolute_coverage_error,0.0940298507463,0.0940298507463,0,67,cbb8c041d954006e0487174f715269c27b960b94f52de881594352bd661c5d8a,paired_same_month_identical_orders
conditional_positive_lateness,later,monthly,2018-06,xgboost_quantile,DQG,0.9,selected_90d,common_support_ge20,empirical_coverage,0.805970149254,0.805970149254,0,67,cbb8c041d954006e0487174f715269c27b960b94f52de881594352bd661c5d8a,paired_same_month_identical_orders
conditional_positive_lateness,later,monthly,2018-06,xgboost_quantile,DQG,0.9,selected_90d,common_support_ge20,pinball_loss,4.13679027558,4.17567526404,-0.0388849884664,67,cbb8c041d954006e0487174f715269c27b960b94f52de881594352bd661c5d8a,paired_same_month_identical_orders
conditional_positive_lateness,later,monthly,2018-06,xgboost_quantile,DQS,0.9,promise_only,all_mature_support_ge20,absolute_coverage_error,0.0923076923077,0.0923076923077,0,52,42399e9ca4ceb79227575e09a94f0e1759c2c58bb4403a73f0c00400ed5951fc,paired_same_month_identical_orders
conditional_positive_lateness,later,monthly,2018-06,xgboost_quantile,DQS,0.9,promise_only,all_mature_support_ge20,empirical_coverage,0.807692307692,0.807692307692,0,52,42399e9ca4ceb79227575e09a94f0e1759c2c58bb4403a73f0c00400ed5951fc,paired_same_month_identical_orders
conditional_positive_lateness,later,monthly,2018-06,xgboost_quantile,DQS,0.9,promise_only,all_mature_support_ge20,pinball_loss,4.71182114528,4.67561691724,0.036204228034,52,42399e9ca4ceb79227575e09a94f0e1759c2c58bb4403a73f0c00400ed5951fc,paired_same_month_identical_orders
conditional_positive_lateness,later,monthly,2018-06,xgboost_quantile,DQS,0.9,promise_only,all_orders,absolute_coverage_error,0.069014084507,0.069014084507,0,71,5aaff04dc19d63b5a2dd637a07f5527d21f5d0a7b23e9e0b532681e840c404ca,paired_same_month_identical_orders
conditional_positive_lateness,later,monthly,2018-06,xgboost_quantile,DQS,0.9,promise_only,all_orders,empirical_coverage,0.830985915493,0.830985915493,0,71,5aaff04dc19d63b5a2dd637a07f5527d21f5d0a7b23e9e0b532681e840c404ca,paired_same_month_identical_orders
conditional_positive_lateness,later,monthly,2018-06,xgboost_quantile,DQS,0.9,promise_only,all_orders,pinball_loss,4.04070764998,4.00535838168,0.0353492683093,71,5aaff04dc19d63b5a2dd637a07f5527d21f5d0a7b23e9e0b532681e840c404ca,paired_same_month_identical_orders
conditional_positive_lateness,later,monthly,2018-06,xgboost_quantile,DQS,0.9,selected_90d,all_orders,absolute_coverage_error,0.069014084507,0.069014084507,0,71,5aaff04dc19d63b5a2dd637a07f5527d21f5d0a7b23e9e0b532681e840c404ca,paired_same_month_identical_orders
conditional_positive_lateness,later,monthly,2018-06,xgboost_quantile,DQS,0.9,selected_90d,all_orders,empirical_coverage,0.830985915493,0.830985915493,0,71,5aaff04dc19d63b5a2dd637a07f5527d21f5d0a7b23e9e0b532681e840c404ca,paired_same_month_identical_orders
conditional_positive_lateness,later,monthly,2018-06,xgboost_quantile,DQS,0.9,selected_90d,all_orders,pinball_loss,4.04070764998,4.0249542693,0.0157533806827,71,5aaff04dc19d63b5a2dd637a07f5527d21f5d0a7b23e9e0b532681e840c404ca,paired_same_month_identical_orders
conditional_positive_lateness,later,monthly,2018-06,xgboost_quantile,DQS,0.9,selected_90d,common_support_ge20,absolute_coverage_error,0.110526315789,0.110526315789,0,38,649542d2fe85729892c9597a5c4ee632dd6649900894c6d379e222e630d4dac4,paired_same_month_identical_orders
conditional_positive_lateness,later,monthly,2018-06,xgboost_quantile,DQS,0.9,selected_90d,common_support_ge20,empirical_coverage,0.789473684211,0.789473684211,0,38,649542d2fe85729892c9597a5c4ee632dd6649900894c6d379e222e630d4dac4,paired_same_month_identical_orders
conditional_positive_lateness,later,monthly,2018-06,xgboost_quantile,DQS,0.9,selected_90d,common_support_ge20,pinball_loss,4.89908690704,4.87781780644,0.0212691005916,38,649542d2fe85729892c9597a5c4ee632dd6649900894c6d379e222e630d4dac4,paired_same_month_identical_orders
conditional_positive_lateness,later,monthly_median,2018-01_to_2018-06,linear_quantile,DQB,0.9,promise_only,all_mature_support_ge20,absolute_coverage_error,0.059284212951,0.043518289363,0.00513950073421,,,median_of_paired_monthly_differences
conditional_positive_lateness,later,monthly_median,2018-01_to_2018-06,linear_quantile,DQB,0.9,promise_only,all_mature_support_ge20,empirical_coverage,0.864935358327,0.87823336722,-0.00513950073421,,,median_of_paired_monthly_differences
conditional_positive_lateness,later,monthly_median,2018-01_to_2018-06,linear_quantile,DQB,0.9,promise_only,all_mature_support_ge20,pinball_loss,2.89293865299,2.88066796221,0.00863015739568,,,median_of_paired_monthly_differences
conditional_positive_lateness,later,monthly_median,2018-01_to_2018-06,linear_quantile,DQB,0.9,promise_only,all_orders,absolute_coverage_error,0.0692802603961,0.0649606059684,0.0054483225992,,,median_of_paired_monthly_differences
conditional_positive_lateness,later,monthly_median,2018-01_to_2018-06,linear_quantile,DQB,0.9,promise_only,all_orders,empirical_coverage,0.856758017987,0.862356893801,-0.00431965442765,,,median_of_paired_monthly_differences
conditional_positive_lateness,later,monthly_median,2018-01_to_2018-06,linear_quantile,DQB,0.9,promise_only,all_orders,pinball_loss,3.06885855385,3.0754830903,-0.00108760817414,,,median_of_paired_monthly_differences
conditional_positive_lateness,later,monthly_median,2018-01_to_2018-06,linear_quantile,DQB,0.9,selected_90d,all_orders,absolute_coverage_error,0.0692802603961,0.0698202171995,0,,,median_of_paired_monthly_differences
conditional_positive_lateness,later,monthly_median,2018-01_to_2018-06,linear_quantile,DQB,0.9,selected_90d,all_orders,empirical_coverage,0.856758017987,0.856669428335,0.000539956803456,,,median_of_paired_monthly_differences
conditional_positive_lateness,later,monthly_median,2018-01_to_2018-06,linear_quantile,DQB,0.9,selected_90d,all_orders,pinball_loss,3.06885855385,3.09077623559,-0.00909867068192,,,median_of_paired_monthly_differences
conditional_positive_lateness,later,monthly_median,2018-01_to_2018-06,linear_quantile,DQB,0.9,selected_90d,common_support_ge20,absolute_coverage_error,0.0556402318012,0.0497300944669,0.000600961538462,,,median_of_paired_monthly_differences
conditional_positive_lateness,later,monthly_median,2018-01_to_2018-06,linear_quantile,DQB,0.9,selected_90d,common_support_ge20,empirical_coverage,0.866171136977,0.865894905533,0,,,median_of_paired_monthly_differences
conditional_positive_lateness,later,monthly_median,2018-01_to_2018-06,linear_quantile,DQB,0.9,selected_90d,common_support_ge20,pinball_loss,3.0166114413,3.0288860868,-0.00314413237729,,,median_of_paired_monthly_differences
conditional_positive_lateness,later,monthly_median,2018-01_to_2018-06,linear_quantile,DQG,0.9,promise_only,all_mature_support_ge20,absolute_coverage_error,0.0655914006977,0.0655914006977,0,,,median_of_paired_monthly_differences
conditional_positive_lateness,later,monthly_median,2018-01_to_2018-06,linear_quantile,DQG,0.9,promise_only,all_mature_support_ge20,empirical_coverage,0.863966341253,0.865667021526,0,,,median_of_paired_monthly_differences
conditional_positive_lateness,later,monthly_median,2018-01_to_2018-06,linear_quantile,DQG,0.9,promise_only,all_mature_support_ge20,pinball_loss,3.01184292327,3.0127524324,0,,,median_of_paired_monthly_differences
conditional_positive_lateness,later,monthly_median,2018-01_to_2018-06,linear_quantile,DQG,0.9,promise_only,all_orders,absolute_coverage_error,0.0649606059684,0.0649606059684,0,,,median_of_paired_monthly_differences
conditional_positive_lateness,later,monthly_median,2018-01_to_2018-06,linear_quantile,DQG,0.9,promise_only,all_orders,empirical_coverage,0.860722906873,0.862356893801,0,,,median_of_paired_monthly_differences
conditional_positive_lateness,later,monthly_median,2018-01_to_2018-06,linear_quantile,DQG,0.9,promise_only,all_orders,pinball_loss,3.07397080429,3.0754830903,0,,,median_of_paired_monthly_differences
conditional_positive_lateness,later,monthly_median,2018-01_to_2018-06,linear_quantile,DQG,0.9,selected_90d,all_orders,absolute_coverage_error,0.0649606059684,0.0649606059684,0,,,median_of_paired_monthly_differences
conditional_positive_lateness,later,monthly_median,2018-01_to_2018-06,linear_quantile,DQG,0.9,selected_90d,all_orders,empirical_coverage,0.860722906873,0.859088919945,0,,,median_of_paired_monthly_differences
conditional_positive_lateness,later,monthly_median,2018-01_to_2018-06,linear_quantile,DQG,0.9,selected_90d,all_orders,pinball_loss,3.07397080429,3.08285227841,0.00048596112311,,,median_of_paired_monthly_differences
conditional_positive_lateness,later,monthly_median,2018-01_to_2018-06,linear_quantile,DQG,0.9,selected_90d,common_support_ge20,absolute_coverage_error,0.0661379733024,0.0673486270554,0,,,median_of_paired_monthly_differences
conditional_positive_lateness,later,monthly_median,2018-01_to_2018-06,linear_quantile,DQG,0.9,selected_90d,common_support_ge20,empirical_coverage,0.865397776591,0.863559541297,0,,,median_of_paired_monthly_differences
conditional_positive_lateness,later,monthly_median,2018-01_to_2018-06,linear_quantile,DQG,0.9,selected_90d,common_support_ge20,pinball_loss,3.02291296975,3.03070426614,0,,,median_of_paired_monthly_differences
conditional_positive_lateness,later,monthly_median,2018-01_to_2018-06,linear_quantile,DQS,0.9,promise_only,all_mature_support_ge20,absolute_coverage_error,0.05400672163,0.0423909047944,0.00431654676259,,,median_of_paired_monthly_differences
conditional_positive_lateness,later,monthly_median,2018-01_to_2018-06,linear_quantile,DQS,0.9,promise_only,all_mature_support_ge20,empirical_coverage,0.865779539317,0.874376671244,-0.00431654676259,,,median_of_paired_monthly_differences
conditional_positive_lateness,later,monthly_median,2018-01_to_2018-06,linear_quantile,DQS,0.9,promise_only,all_mature_support_ge20,pinball_loss,2.93054616885,2.92044001399,0.00698193174045,,,median_of_paired_monthly_differences
conditional_positive_lateness,later,monthly_median,2018-01_to_2018-06,linear_quantile,DQS,0.9,promise_only,all_orders,absolute_coverage_error,0.0687403035926,0.0649606059684,0.00236936296064,,,median_of_paired_monthly_differences
conditional_positive_lateness,later,monthly_median,2018-01_to_2018-06,linear_quantile,DQS,0.9,promise_only,all_orders,empirical_coverage,0.857031798902,0.862356893801,-0.00124069478908,,,median_of_paired_monthly_differences
conditional_positive_lateness,later,monthly_median,2018-01_to_2018-06,linear_quantile,DQS,0.9,promise_only,all_orders,pinball_loss,3.06854082637,3.0754830903,-0.00142692251271,,,median_of_paired_monthly_differences
conditional_positive_lateness,later,monthly_median,2018-01_to_2018-06,linear_quantile,DQS,0.9,selected_90d,all_orders,absolute_coverage_error,0.0687403035926,0.0692802603961,0,,,median_of_paired_monthly_differences
conditional_positive_lateness,later,monthly_median,2018-01_to_2018-06,linear_quantile,DQS,0.9,selected_90d,all_orders,empirical_coverage,0.857031798902,0.856758017987,0,,,median_of_paired_monthly_differences
conditional_positive_lateness,later,monthly_median,2018-01_to_2018-06,linear_quantile,DQS,0.9,selected_90d,all_orders,pinball_loss,3.06854082637,3.07997682418,-0.00857342282679,,,median_of_paired_monthly_differences
conditional_positive_lateness,later,monthly_median,2018-01_to_2018-06,linear_quantile,DQS,0.9,selected_90d,common_support_ge20,absolute_coverage_error,0.0505297771282,0.0500365363537,0.000575373993096,,,median_of_paired_monthly_differences
conditional_positive_lateness,later,monthly_median,2018-01_to_2018-06,linear_quantile,DQS,0.9,selected_90d,common_support_ge20,empirical_coverage,0.865590701183,0.864485402907,0,,,median_of_paired_monthly_differences
conditional_positive_lateness,later,monthly_median,2018-01_to_2018-06,linear_quantile,DQS,0.9,selected_90d,common_support_ge20,pinball_loss,3.03357671564,3.03661678913,-0.00778513311218,,,median_of_paired_monthly_differences
conditional_positive_lateness,later,monthly_median,2018-01_to_2018-06,xgboost_quantile,DQB,0.9,promise_only,all_mature_support_ge20,absolute_coverage_error,0.0582188822666,0.0558184428055,0.00674232134906,,,median_of_paired_monthly_differences
conditional_positive_lateness,later,monthly_median,2018-01_to_2018-06,xgboost_quantile,DQB,0.9,promise_only,all_mature_support_ge20,empirical_coverage,0.863232215655,0.870634504996,-0.00701329220827,,,median_of_paired_monthly_differences
conditional_positive_lateness,later,monthly_median,2018-01_to_2018-06,xgboost_quantile,DQB,0.9,promise_only,all_mature_support_ge20,pinball_loss,2.92184355226,2.90227302251,0.0195705297499,,,median_of_paired_monthly_differences
conditional_positive_lateness,later,monthly_median,2018-01_to_2018-06,xgboost_quantile,DQB,0.9,promise_only,all_orders,absolute_coverage_error,0.0705917341511,0.0671204331822,0.00511693174684,,,median_of_paired_monthly_differences
conditional_positive_lateness,later,monthly_median,2018-01_to_2018-06,xgboost_quantile,DQB,0.9,promise_only,all_orders,empirical_coverage,0.854783382035,0.85856307966,-0.00602154668335,,,median_of_paired_monthly_differences
conditional_positive_lateness,later,monthly_median,2018-01_to_2018-06,xgboost_quantile,DQB,0.9,promise_only,all_orders,pinball_loss,3.1026173879,3.08240015488,0.020217233023,,,median_of_paired_monthly_differences
conditional_positive_lateness,later,monthly_median,2018-01_to_2018-06,xgboost_quantile,DQB,0.9,selected_90d,all_orders,absolute_coverage_error,0.0705917341511,0.0695605751088,0.000753012048193,,,median_of_paired_monthly_differences
conditional_positive_lateness,later,monthly_median,2018-01_to_2018-06,xgboost_quantile,DQB,0.9,selected_90d,all_orders,empirical_coverage,0.854783382035,0.856943209249,-0.00188168021975,,,median_of_paired_monthly_differences
conditional_positive_lateness,later,monthly_median,2018-01_to_2018-06,xgboost_quantile,DQB,0.9,selected_90d,all_orders,pinball_loss,3.1026173879,3.08572622261,0.00156769414195,,,median_of_paired_monthly_differences
conditional_positive_lateness,later,monthly_median,2018-01_to_2018-06,xgboost_quantile,DQB,0.9,selected_90d,common_support_ge20,absolute_coverage_error,0.0528697308883,0.0528697308883,0,,,median_of_paired_monthly_differences
conditional_positive_lateness,later,monthly_median,2018-01_to_2018-06,xgboost_quantile,DQB,0.9,selected_90d,common_support_ge20,empirical_coverage,0.865017712551,0.865017712551,0,,,median_of_paired_monthly_differences
conditional_positive_lateness,later,monthly_median,2018-01_to_2018-06,xgboost_quantile,DQB,0.9,selected_90d,common_support_ge20,pinball_loss,3.04326797058,3.03208249779,-0.0013711069403,,,median_of_paired_monthly_differences
conditional_positive_lateness,later,monthly_median,2018-01_to_2018-06,xgboost_quantile,DQG,0.9,promise_only,all_mature_support_ge20,absolute_coverage_error,0.0659794606364,0.0695594129037,0,,,median_of_paired_monthly_differences
conditional_positive_lateness,later,monthly_median,2018-01_to_2018-06,xgboost_quantile,DQG,0.9,promise_only,all_mature_support_ge20,empirical_coverage,0.86119164647,0.86119164647,-0.00258397932817,,,median_of_paired_monthly_differences
conditional_positive_lateness,later,monthly_median,2018-01_to_2018-06,xgboost_quantile,DQG,0.9,promise_only,all_mature_support_ge20,pinball_loss,3.02939486482,3.01772667956,0.0116681852604,,,median_of_paired_monthly_differences
conditional_positive_lateness,later,monthly_median,2018-01_to_2018-06,xgboost_quantile,DQG,0.9,promise_only,all_orders,absolute_coverage_error,0.0673519933304,0.0671204331822,0.000539956803456,,,median_of_paired_monthly_differences
conditional_positive_lateness,later,monthly_median,2018-01_to_2018-06,xgboost_quantile,DQG,0.9,promise_only,all_orders,empirical_coverage,0.858023122856,0.85856307966,-0.00302134638162,,,median_of_paired_monthly_differences
conditional_positive_lateness,later,monthly_median,2018-01_to_2018-06,xgboost_quantile,DQG,0.9,promise_only,all_orders,pinball_loss,3.0941133841,3.08240015488,0.0117132292204,,,median_of_paired_monthly_differences
conditional_positive_lateness,later,monthly_median,2018-01_to_2018-06,xgboost_quantile,DQG,0.9,selected_90d,all_orders,absolute_coverage_error,0.0673519933304,0.0674495024597,0,,,median_of_paired_monthly_differences
conditional_positive_lateness,later,monthly_median,2018-01_to_2018-06,xgboost_quantile,DQG,0.9,selected_90d,all_orders,empirical_coverage,0.858023122856,0.86018295007,0,,,median_of_paired_monthly_differences
conditional_positive_lateness,later,monthly_median,2018-01_to_2018-06,xgboost_quantile,DQG,0.9,selected_90d,all_orders,pinball_loss,3.0941133841,3.06609364845,-0.00120775451578,,,median_of_paired_monthly_differences
conditional_positive_lateness,later,monthly_median,2018-01_to_2018-06,xgboost_quantile,DQG,0.9,selected_90d,common_support_ge20,absolute_coverage_error,0.0677650039989,0.0679161639453,0,,,median_of_paired_monthly_differences
conditional_positive_lateness,later,monthly_median,2018-01_to_2018-06,xgboost_quantile,DQG,0.9,selected_90d,common_support_ge20,empirical_coverage,0.862560092141,0.863448636104,0,,,median_of_paired_monthly_differences
conditional_positive_lateness,later,monthly_median,2018-01_to_2018-06,xgboost_quantile,DQG,0.9,selected_90d,common_support_ge20,pinball_loss,3.03979797318,3.01015347019,0.000355781270569,,,median_of_paired_monthly_differences
conditional_positive_lateness,later,monthly_median,2018-01_to_2018-06,xgboost_quantile,DQS,0.9,promise_only,all_mature_support_ge20,absolute_coverage_error,0.0573024862785,0.0536732657669,0.00182481751825,,,median_of_paired_monthly_differences
conditional_positive_lateness,later,monthly_median,2018-01_to_2018-06,xgboost_quantile,DQS,0.9,promise_only,all_mature_support_ge20,empirical_coverage,0.86626450537,0.869688011967,-0.00398309089954,,,median_of_paired_monthly_differences
conditional_positive_lateness,later,monthly_median,2018-01_to_2018-06,xgboost_quantile,DQS,0.9,promise_only,all_mature_support_ge20,pinball_loss,2.95141463171,2.94157330434,0.00984132736491,,,median_of_paired_monthly_differences
conditional_positive_lateness,later,monthly_median,2018-01_to_2018-06,xgboost_quantile,DQS,0.9,promise_only,all_orders,absolute_coverage_error,0.0684319069373,0.0671204331822,0,,,median_of_paired_monthly_differences
conditional_positive_lateness,later,monthly_median,2018-01_to_2018-06,xgboost_quantile,DQS,0.9,promise_only,all_orders,empirical_coverage,0.856943209249,0.85856307966,-0.00161987041037,,,median_of_paired_monthly_differences
conditional_positive_lateness,later,monthly_median,2018-01_to_2018-06,xgboost_quantile,DQS,0.9,promise_only,all_orders,pinball_loss,3.09120033422,3.08240015488,0.00880017933337,,,median_of_paired_monthly_differences
conditional_positive_lateness,later,monthly_median,2018-01_to_2018-06,xgboost_quantile,DQS,0.9,selected_90d,all_orders,absolute_coverage_error,0.0684319069373,0.0687056878517,-0.00107991360691,,,median_of_paired_monthly_differences
conditional_positive_lateness,later,monthly_median,2018-01_to_2018-06,xgboost_quantile,DQS,0.9,selected_90d,all_orders,empirical_coverage,0.856943209249,0.855628499915,0.00107991360691,,,median_of_paired_monthly_differences
conditional_positive_lateness,later,monthly_median,2018-01_to_2018-06,xgboost_quantile,DQS,0.9,selected_90d,all_orders,pinball_loss,3.09120033422,3.09005095135,-0.00257025869422,,,median_of_paired_monthly_differences
conditional_positive_lateness,later,monthly_median,2018-01_to_2018-06,xgboost_quantile,DQS,0.9,selected_90d,common_support_ge20,absolute_coverage_error,0.0483558640848,0.0522104493972,-0.00168067226891,,,median_of_paired_monthly_differences
conditional_positive_lateness,later,monthly_median,2018-01_to_2018-06,xgboost_quantile,DQS,0.9,selected_90d,common_support_ge20,empirical_coverage,0.866741449169,0.863334654921,0.00168067226891,,,median_of_paired_monthly_differences
conditional_positive_lateness,later,monthly_median,2018-01_to_2018-06,xgboost_quantile,DQS,0.9,selected_90d,common_support_ge20,pinball_loss,3.05301180684,3.05303754726,-0.00543302323406,,,median_of_paired_monthly_differences
conditional_positive_lateness,aggregate,pooled,later_pooled,linear_quantile,DQB,0.9,promise_only,all_mature_support_ge20,absolute_coverage_error,0.0232492997199,0.0108443377351,0.0124049619848,2499,dfb1703a1b25163f7293b3fb7a39b4d65d4ebab233d7c573ba95b27ca1ba53a3,recomputed_on_concatenated_monthly_predictions
conditional_positive_lateness,aggregate,pooled,later_pooled,linear_quantile,DQB,0.9,promise_only,all_mature_support_ge20,empirical_coverage,0.87675070028,0.889155662265,-0.0124049619848,2499,dfb1703a1b25163f7293b3fb7a39b4d65d4ebab233d7c573ba95b27ca1ba53a3,recomputed_on_concatenated_monthly_predictions
conditional_positive_lateness,aggregate,pooled,later_pooled,linear_quantile,DQB,0.9,promise_only,all_mature_support_ge20,pinball_loss,2.63752985655,2.61894950079,0.0185803557579,2499,dfb1703a1b25163f7293b3fb7a39b4d65d4ebab233d7c573ba95b27ca1ba53a3,recomputed_on_concatenated_monthly_predictions
conditional_positive_lateness,aggregate,pooled,later_pooled,linear_quantile,DQB,0.9,promise_only,all_orders,absolute_coverage_error,0.0291343111878,0.0196433707219,0.00949094046592,3477,118782cfc610a9028878d750598e5fe92f9ee67f521716c506bc37135f89b805,recomputed_on_concatenated_monthly_predictions
conditional_positive_lateness,aggregate,pooled,later_pooled,linear_quantile,DQB,0.9,promise_only,all_orders,empirical_coverage,0.870865688812,0.880356629278,-0.00949094046592,3477,118782cfc610a9028878d750598e5fe92f9ee67f521716c506bc37135f89b805,recomputed_on_concatenated_monthly_predictions
conditional_positive_lateness,aggregate,pooled,later_pooled,linear_quantile,DQB,0.9,promise_only,all_orders,pinball_loss,2.75460761864,2.7434877727,0.0111198459374,3477,118782cfc610a9028878d750598e5fe92f9ee67f521716c506bc37135f89b805,recomputed_on_concatenated_monthly_predictions
conditional_positive_lateness,aggregate,pooled,later_pooled,linear_quantile,DQB,0.9,selected_90d,all_orders,absolute_coverage_error,0.0291343111878,0.0291343111878,0,3477,118782cfc610a9028878d750598e5fe92f9ee67f521716c506bc37135f89b805,recomputed_on_concatenated_monthly_predictions
conditional_positive_lateness,aggregate,pooled,later_pooled,linear_quantile,DQB,0.9,selected_90d,all_orders,empirical_coverage,0.870865688812,0.870865688812,0,3477,118782cfc610a9028878d750598e5fe92f9ee67f521716c506bc37135f89b805,recomputed_on_concatenated_monthly_predictions
conditional_positive_lateness,aggregate,pooled,later_pooled,linear_quantile,DQB,0.9,selected_90d,all_orders,pinball_loss,2.75460761864,2.75716790813,-0.00256028949912,3477,118782cfc610a9028878d750598e5fe92f9ee67f521716c506bc37135f89b805,recomputed_on_concatenated_monthly_predictions
conditional_positive_lateness,aggregate,pooled,later_pooled,linear_quantile,DQB,0.9,selected_90d,common_support_ge20,absolute_coverage_error,0.0227471992207,0.0217730150999,0.000974184120799,2053,544c2b92533247279eb1d3172bbeaa9c95db07ff93564b0ead30ed4f2c9c8449,recomputed_on_concatenated_monthly_predictions
conditional_positive_lateness,aggregate,pooled,later_pooled,linear_quantile,DQB,0.9,selected_90d,common_support_ge20,empirical_coverage,0.877252800779,0.8782269849,-0.000974184120799,2053,544c2b92533247279eb1d3172bbeaa9c95db07ff93564b0ead30ed4f2c9c8449,recomputed_on_concatenated_monthly_predictions
conditional_positive_lateness,aggregate,pooled,later_pooled,linear_quantile,DQB,0.9,selected_90d,common_support_ge20,pinball_loss,2.62866731437,2.62536089436,0.00330642000179,2053,544c2b92533247279eb1d3172bbeaa9c95db07ff93564b0ead30ed4f2c9c8449,recomputed_on_concatenated_monthly_predictions
conditional_positive_lateness,aggregate,pooled,later_pooled,linear_quantile,DQG,0.9,promise_only,all_mature_support_ge20,absolute_coverage_error,0.0241050119332,0.0202267303103,0.00387828162291,3352,f951c14d146c3483ebf3efb0b345b15deeb4005c43a5323f2493d38a0e86af68,recomputed_on_concatenated_monthly_predictions
conditional_positive_lateness,aggregate,pooled,later_pooled,linear_quantile,DQG,0.9,promise_only,all_mature_support_ge20,empirical_coverage,0.875894988067,0.87977326969,-0.00387828162291,3352,f951c14d146c3483ebf3efb0b345b15deeb4005c43a5323f2493d38a0e86af68,recomputed_on_concatenated_monthly_predictions
conditional_positive_lateness,aggregate,pooled,later_pooled,linear_quantile,DQG,0.9,promise_only,all_mature_support_ge20,pinball_loss,2.76098142915,2.74229970117,0.0186817279833,3352,f951c14d146c3483ebf3efb0b345b15deeb4005c43a5323f2493d38a0e86af68,recomputed_on_concatenated_monthly_predictions
conditional_positive_lateness,aggregate,pooled,later_pooled,linear_quantile,DQG,0.9,promise_only,all_orders,absolute_coverage_error,0.0233822260569,0.0196433707219,0.00373885533506,3477,118782cfc610a9028878d750598e5fe92f9ee67f521716c506bc37135f89b805,recomputed_on_concatenated_monthly_predictions
conditional_positive_lateness,aggregate,pooled,later_pooled,linear_quantile,DQG,0.9,promise_only,all_orders,empirical_coverage,0.876617773943,0.880356629278,-0.00373885533506,3477,118782cfc610a9028878d750598e5fe92f9ee67f521716c506bc37135f89b805,recomputed_on_concatenated_monthly_predictions
conditional_positive_lateness,aggregate,pooled,later_pooled,linear_quantile,DQG,0.9,promise_only,all_orders,pinball_loss,2.76282500085,2.7434877727,0.0193372281496,3477,118782cfc610a9028878d750598e5fe92f9ee67f521716c506bc37135f89b805,recomputed_on_concatenated_monthly_predictions
conditional_positive_lateness,aggregate,pooled,later_pooled,linear_quantile,DQG,0.9,selected_90d,all_orders,absolute_coverage_error,0.0233822260569,0.0219442047742,0.00143802128271,3477,118782cfc610a9028878d750598e5fe92f9ee67f521716c506bc37135f89b805,recomputed_on_concatenated_monthly_predictions
conditional_positive_lateness,aggregate,pooled,later_pooled,linear_quantile,DQG,0.9,selected_90d,all_orders,empirical_coverage,0.876617773943,0.878055795226,-0.00143802128271,3477,118782cfc610a9028878d750598e5fe92f9ee67f521716c506bc37135f89b805,recomputed_on_concatenated_monthly_predictions
conditional_positive_lateness,aggregate,pooled,later_pooled,linear_quantile,DQG,0.9,selected_90d,all_orders,pinball_loss,2.76282500085,2.75484916607,0.00797583477438,3477,118782cfc610a9028878d750598e5fe92f9ee67f521716c506bc37135f89b805,recomputed_on_concatenated_monthly_predictions
conditional_positive_lateness,aggregate,pooled,later_pooled,linear_quantile,DQG,0.9,selected_90d,common_support_ge20,absolute_coverage_error,0.0228177641654,0.0212863705972,0.00153139356815,3265,eeb29239e116b2b91cd58e0940fdc54d93ba9d0e93b11c5ae277c53da0e1c137,recomputed_on_concatenated_monthly_predictions
conditional_positive_lateness,aggregate,pooled,later_pooled,linear_quantile,DQG,0.9,selected_90d,common_support_ge20,empirical_coverage,0.877182235835,0.878713629403,-0.00153139356815,3265,eeb29239e116b2b91cd58e0940fdc54d93ba9d0e93b11c5ae277c53da0e1c137,recomputed_on_concatenated_monthly_predictions
conditional_positive_lateness,aggregate,pooled,later_pooled,linear_quantile,DQG,0.9,selected_90d,common_support_ge20,pinball_loss,2.74980737911,2.74089502431,0.00891235479689,3265,eeb29239e116b2b91cd58e0940fdc54d93ba9d0e93b11c5ae277c53da0e1c137,recomputed_on_concatenated_monthly_predictions
conditional_positive_lateness,aggregate,pooled,later_pooled,linear_quantile,DQS,0.9,promise_only,all_mature_support_ge20,absolute_coverage_error,0.0204026325978,0.00994967092528,0.0104529616725,2583,c67a3bdb2d62de7cf81cf6d5c7a0be59de85519bf84265fb86a211fb4e08e225,recomputed_on_concatenated_monthly_predictions
conditional_positive_lateness,aggregate,pooled,later_pooled,linear_quantile,DQS,0.9,promise_only,all_mature_support_ge20,empirical_coverage,0.879597367402,0.890050329075,-0.0104529616725,2583,c67a3bdb2d62de7cf81cf6d5c7a0be59de85519bf84265fb86a211fb4e08e225,recomputed_on_concatenated_monthly_predictions
conditional_positive_lateness,aggregate,pooled,later_pooled,linear_quantile,DQS,0.9,promise_only,all_mature_support_ge20,pinball_loss,2.60383848316,2.60006140344,0.00377707972848,2583,c67a3bdb2d62de7cf81cf6d5c7a0be59de85519bf84265fb86a211fb4e08e225,recomputed_on_concatenated_monthly_predictions
conditional_positive_lateness,aggregate,pooled,later_pooled,linear_quantile,DQS,0.9,promise_only,all_orders,absolute_coverage_error,0.0268334771355,0.0196433707219,0.00719010641357,3477,118782cfc610a9028878d750598e5fe92f9ee67f521716c506bc37135f89b805,recomputed_on_concatenated_monthly_predictions
conditional_positive_lateness,aggregate,pooled,later_pooled,linear_quantile,DQS,0.9,promise_only,all_orders,empirical_coverage,0.873166522865,0.880356629278,-0.00719010641357,3477,118782cfc610a9028878d750598e5fe92f9ee67f521716c506bc37135f89b805,recomputed_on_concatenated_monthly_predictions
conditional_positive_lateness,aggregate,pooled,later_pooled,linear_quantile,DQS,0.9,promise_only,all_orders,pinball_loss,2.7393635005,2.7434877727,-0.00412427220034,3477,118782cfc610a9028878d750598e5fe92f9ee67f521716c506bc37135f89b805,recomputed_on_concatenated_monthly_predictions
conditional_positive_lateness,aggregate,pooled,later_pooled,linear_quantile,DQS,0.9,selected_90d,all_orders,absolute_coverage_error,0.0268334771355,0.027121081392,-0.000287604256543,3477,118782cfc610a9028878d750598e5fe92f9ee67f521716c506bc37135f89b805,recomputed_on_concatenated_monthly_predictions
conditional_positive_lateness,aggregate,pooled,later_pooled,linear_quantile,DQS,0.9,selected_90d,all_orders,empirical_coverage,0.873166522865,0.872878918608,0.000287604256543,3477,118782cfc610a9028878d750598e5fe92f9ee67f521716c506bc37135f89b805,recomputed_on_concatenated_monthly_predictions
conditional_positive_lateness,aggregate,pooled,later_pooled,linear_quantile,DQS,0.9,selected_90d,all_orders,pinball_loss,2.7393635005,2.7475332706,-0.00816977010069,3477,118782cfc610a9028878d750598e5fe92f9ee67f521716c506bc37135f89b805,recomputed_on_concatenated_monthly_predictions
conditional_positive_lateness,aggregate,pooled,later_pooled,linear_quantile,DQS,0.9,selected_90d,common_support_ge20,absolute_coverage_error,0.0215341959335,0.0219963031423,-0.000462107208872,2164,f2879d5f7e7cda3a3a2dfef1114cf2cbe490c4b5b477bf44b18f7d050a563a33,recomputed_on_concatenated_monthly_predictions
conditional_positive_lateness,aggregate,pooled,later_pooled,linear_quantile,DQS,0.9,selected_90d,common_support_ge20,empirical_coverage,0.878465804067,0.878003696858,0.000462107208872,2164,f2879d5f7e7cda3a3a2dfef1114cf2cbe490c4b5b477bf44b18f7d050a563a33,recomputed_on_concatenated_monthly_predictions
conditional_positive_lateness,aggregate,pooled,later_pooled,linear_quantile,DQS,0.9,selected_90d,common_support_ge20,pinball_loss,2.59255384875,2.59691838234,-0.00436453358563,2164,f2879d5f7e7cda3a3a2dfef1114cf2cbe490c4b5b477bf44b18f7d050a563a33,recomputed_on_concatenated_monthly_predictions
conditional_positive_lateness,aggregate,pooled,later_pooled,xgboost_quantile,DQB,0.9,promise_only,all_mature_support_ge20,absolute_coverage_error,0.025650260104,0.0188475390156,0.00680272108844,2499,dfb1703a1b25163f7293b3fb7a39b4d65d4ebab233d7c573ba95b27ca1ba53a3,recomputed_on_concatenated_monthly_predictions
conditional_positive_lateness,aggregate,pooled,later_pooled,xgboost_quantile,DQB,0.9,promise_only,all_mature_support_ge20,empirical_coverage,0.874349739896,0.881152460984,-0.00680272108844,2499,dfb1703a1b25163f7293b3fb7a39b4d65d4ebab233d7c573ba95b27ca1ba53a3,recomputed_on_concatenated_monthly_predictions
conditional_positive_lateness,aggregate,pooled,later_pooled,xgboost_quantile,DQB,0.9,promise_only,all_mature_support_ge20,pinball_loss,2.64541059206,2.63223441759,0.0131761744767,2499,dfb1703a1b25163f7293b3fb7a39b4d65d4ebab233d7c573ba95b27ca1ba53a3,recomputed_on_concatenated_monthly_predictions
conditional_positive_lateness,aggregate,pooled,later_pooled,xgboost_quantile,DQB,0.9,promise_only,all_orders,absolute_coverage_error,0.0320103537532,0.0262582686224,0.00575208513086,3477,118782cfc610a9028878d750598e5fe92f9ee67f521716c506bc37135f89b805,recomputed_on_concatenated_monthly_predictions
conditional_positive_lateness,aggregate,pooled,later_pooled,xgboost_quantile,DQB,0.9,promise_only,all_orders,empirical_coverage,0.867989646247,0.873741731378,-0.00575208513086,3477,118782cfc610a9028878d750598e5fe92f9ee67f521716c506bc37135f89b805,recomputed_on_concatenated_monthly_predictions
conditional_positive_lateness,aggregate,pooled,later_pooled,xgboost_quantile,DQB,0.9,promise_only,all_orders,pinball_loss,2.77052230807,2.75411993169,0.0164023763871,3477,118782cfc610a9028878d750598e5fe92f9ee67f521716c506bc37135f89b805,recomputed_on_concatenated_monthly_predictions
conditional_positive_lateness,aggregate,pooled,later_pooled,xgboost_quantile,DQB,0.9,selected_90d,all_orders,absolute_coverage_error,0.0320103537532,0.0294219154443,0.00258843830889,3477,118782cfc610a9028878d750598e5fe92f9ee67f521716c506bc37135f89b805,recomputed_on_concatenated_monthly_predictions
conditional_positive_lateness,aggregate,pooled,later_pooled,xgboost_quantile,DQB,0.9,selected_90d,all_orders,empirical_coverage,0.867989646247,0.870578084556,-0.00258843830889,3477,118782cfc610a9028878d750598e5fe92f9ee67f521716c506bc37135f89b805,recomputed_on_concatenated_monthly_predictions
conditional_positive_lateness,aggregate,pooled,later_pooled,xgboost_quantile,DQB,0.9,selected_90d,all_orders,pinball_loss,2.77052230807,2.76193124049,0.00859106758832,3477,118782cfc610a9028878d750598e5fe92f9ee67f521716c506bc37135f89b805,recomputed_on_concatenated_monthly_predictions
conditional_positive_lateness,aggregate,pooled,later_pooled,xgboost_quantile,DQB,0.9,selected_90d,common_support_ge20,absolute_coverage_error,0.0232342912811,0.0227471992207,0.000487092060399,2053,544c2b92533247279eb1d3172bbeaa9c95db07ff93564b0ead30ed4f2c9c8449,recomputed_on_concatenated_monthly_predictions
conditional_positive_lateness,aggregate,pooled,later_pooled,xgboost_quantile,DQB,0.9,selected_90d,common_support_ge20,empirical_coverage,0.876765708719,0.877252800779,-0.000487092060399,2053,544c2b92533247279eb1d3172bbeaa9c95db07ff93564b0ead30ed4f2c9c8449,recomputed_on_concatenated_monthly_predictions
conditional_positive_lateness,aggregate,pooled,later_pooled,xgboost_quantile,DQB,0.9,selected_90d,common_support_ge20,pinball_loss,2.62982830609,2.62587377016,0.00395453592831,2053,544c2b92533247279eb1d3172bbeaa9c95db07ff93564b0ead30ed4f2c9c8449,recomputed_on_concatenated_monthly_predictions
conditional_positive_lateness,aggregate,pooled,later_pooled,xgboost_quantile,DQG,0.9,promise_only,all_mature_support_ge20,absolute_coverage_error,0.0285799522673,0.0273866348449,0.00119331742243,3352,f951c14d146c3483ebf3efb0b345b15deeb4005c43a5323f2493d38a0e86af68,recomputed_on_concatenated_monthly_predictions
conditional_positive_lateness,aggregate,pooled,later_pooled,xgboost_quantile,DQG,0.9,promise_only,all_mature_support_ge20,empirical_coverage,0.871420047733,0.872613365155,-0.00119331742243,3352,f951c14d146c3483ebf3efb0b345b15deeb4005c43a5323f2493d38a0e86af68,recomputed_on_concatenated_monthly_predictions
conditional_positive_lateness,aggregate,pooled,later_pooled,xgboost_quantile,DQG,0.9,promise_only,all_mature_support_ge20,pinball_loss,2.76248799622,2.75520645781,0.00728153841098,3352,f951c14d146c3483ebf3efb0b345b15deeb4005c43a5323f2493d38a0e86af68,recomputed_on_concatenated_monthly_predictions
conditional_positive_lateness,aggregate,pooled,later_pooled,xgboost_quantile,DQG,0.9,promise_only,all_orders,absolute_coverage_error,0.0276962899051,0.0262582686224,0.00143802128271,3477,118782cfc610a9028878d750598e5fe92f9ee67f521716c506bc37135f89b805,recomputed_on_concatenated_monthly_predictions
conditional_positive_lateness,aggregate,pooled,later_pooled,xgboost_quantile,DQG,0.9,promise_only,all_orders,empirical_coverage,0.872303710095,0.873741731378,-0.00143802128271,3477,118782cfc610a9028878d750598e5fe92f9ee67f521716c506bc37135f89b805,recomputed_on_concatenated_monthly_predictions
conditional_positive_lateness,aggregate,pooled,later_pooled,xgboost_quantile,DQG,0.9,promise_only,all_orders,pinball_loss,2.76176977841,2.75411993169,0.00764984671815,3477,118782cfc610a9028878d750598e5fe92f9ee67f521716c506bc37135f89b805,recomputed_on_concatenated_monthly_predictions
conditional_positive_lateness,aggregate,pooled,later_pooled,xgboost_quantile,DQG,0.9,selected_90d,all_orders,absolute_coverage_error,0.0276962899051,0.027121081392,0.000575208513086,3477,118782cfc610a9028878d750598e5fe92f9ee67f521716c506bc37135f89b805,recomputed_on_concatenated_monthly_predictions
conditional_positive_lateness,aggregate,pooled,later_pooled,xgboost_quantile,DQG,0.9,selected_90d,all_orders,empirical_coverage,0.872303710095,0.872878918608,-0.000575208513086,3477,118782cfc610a9028878d750598e5fe92f9ee67f521716c506bc37135f89b805,recomputed_on_concatenated_monthly_predictions
conditional_positive_lateness,aggregate,pooled,later_pooled,xgboost_quantile,DQG,0.9,selected_90d,all_orders,pinball_loss,2.76176977841,2.74974616547,0.012023612937,3477,118782cfc610a9028878d750598e5fe92f9ee67f521716c506bc37135f89b805,recomputed_on_concatenated_monthly_predictions
conditional_positive_lateness,aggregate,pooled,later_pooled,xgboost_quantile,DQG,0.9,selected_90d,common_support_ge20,absolute_coverage_error,0.0271056661562,0.0264931087289,0.000612557427259,3265,eeb29239e116b2b91cd58e0940fdc54d93ba9d0e93b11c5ae277c53da0e1c137,recomputed_on_concatenated_monthly_predictions
conditional_positive_lateness,aggregate,pooled,later_pooled,xgboost_quantile,DQG,0.9,selected_90d,common_support_ge20,empirical_coverage,0.872894333844,0.873506891271,-0.000612557427259,3265,eeb29239e116b2b91cd58e0940fdc54d93ba9d0e93b11c5ae277c53da0e1c137,recomputed_on_concatenated_monthly_predictions
conditional_positive_lateness,aggregate,pooled,later_pooled,xgboost_quantile,DQG,0.9,selected_90d,common_support_ge20,pinball_loss,2.75034687077,2.73703730731,0.0133095634663,3265,eeb29239e116b2b91cd58e0940fdc54d93ba9d0e93b11c5ae277c53da0e1c137,recomputed_on_concatenated_monthly_predictions
conditional_positive_lateness,aggregate,pooled,later_pooled,xgboost_quantile,DQS,0.9,promise_only,all_mature_support_ge20,absolute_coverage_error,0.0219512195122,0.0173054587689,0.00464576074332,2583,c67a3bdb2d62de7cf81cf6d5c7a0be59de85519bf84265fb86a211fb4e08e225,recomputed_on_concatenated_monthly_predictions
conditional_positive_lateness,aggregate,pooled,later_pooled,xgboost_quantile,DQS,0.9,promise_only,all_mature_support_ge20,empirical_coverage,0.878048780488,0.882694541231,-0.00464576074332,2583,c67a3bdb2d62de7cf81cf6d5c7a0be59de85519bf84265fb86a211fb4e08e225,recomputed_on_concatenated_monthly_predictions
conditional_positive_lateness,aggregate,pooled,later_pooled,xgboost_quantile,DQS,0.9,promise_only,all_mature_support_ge20,pinball_loss,2.61983413667,2.6104494024,0.00938473427213,2583,c67a3bdb2d62de7cf81cf6d5c7a0be59de85519bf84265fb86a211fb4e08e225,recomputed_on_concatenated_monthly_predictions
conditional_positive_lateness,aggregate,pooled,later_pooled,xgboost_quantile,DQS,0.9,promise_only,all_orders,absolute_coverage_error,0.0294219154443,0.0262582686224,0.00316364682197,3477,118782cfc610a9028878d750598e5fe92f9ee67f521716c506bc37135f89b805,recomputed_on_concatenated_monthly_predictions
conditional_positive_lateness,aggregate,pooled,later_pooled,xgboost_quantile,DQS,0.9,promise_only,all_orders,empirical_coverage,0.870578084556,0.873741731378,-0.00316364682197,3477,118782cfc610a9028878d750598e5fe92f9ee67f521716c506bc37135f89b805,recomputed_on_concatenated_monthly_predictions
conditional_positive_lateness,aggregate,pooled,later_pooled,xgboost_quantile,DQS,0.9,promise_only,all_orders,pinball_loss,2.76485045551,2.75411993169,0.01073052382,3477,118782cfc610a9028878d750598e5fe92f9ee67f521716c506bc37135f89b805,recomputed_on_concatenated_monthly_predictions
conditional_positive_lateness,aggregate,pooled,later_pooled,xgboost_quantile,DQS,0.9,selected_90d,all_orders,absolute_coverage_error,0.0294219154443,0.0320103537532,-0.00258843830889,3477,118782cfc610a9028878d750598e5fe92f9ee67f521716c506bc37135f89b805,recomputed_on_concatenated_monthly_predictions
conditional_positive_lateness,aggregate,pooled,later_pooled,xgboost_quantile,DQS,0.9,selected_90d,all_orders,empirical_coverage,0.870578084556,0.867989646247,0.00258843830889,3477,118782cfc610a9028878d750598e5fe92f9ee67f521716c506bc37135f89b805,recomputed_on_concatenated_monthly_predictions
conditional_positive_lateness,aggregate,pooled,later_pooled,xgboost_quantile,DQS,0.9,selected_90d,all_orders,pinball_loss,2.76485045551,2.76777674385,-0.00292628833762,3477,118782cfc610a9028878d750598e5fe92f9ee67f521716c506bc37135f89b805,recomputed_on_concatenated_monthly_predictions
conditional_positive_lateness,aggregate,pooled,later_pooled,xgboost_quantile,DQS,0.9,selected_90d,common_support_ge20,absolute_coverage_error,0.0206099815157,0.0233826247689,-0.00277264325323,2164,f2879d5f7e7cda3a3a2dfef1114cf2cbe490c4b5b477bf44b18f7d050a563a33,recomputed_on_concatenated_monthly_predictions
conditional_positive_lateness,aggregate,pooled,later_pooled,xgboost_quantile,DQS,0.9,selected_90d,common_support_ge20,empirical_coverage,0.879390018484,0.876617375231,0.00277264325323,2164,f2879d5f7e7cda3a3a2dfef1114cf2cbe490c4b5b477bf44b18f7d050a563a33,recomputed_on_concatenated_monthly_predictions
conditional_positive_lateness,aggregate,pooled,later_pooled,xgboost_quantile,DQS,0.9,selected_90d,common_support_ge20,pinball_loss,2.60321896389,2.60813313844,-0.00491417454657,2164,f2879d5f7e7cda3a3a2dfef1114cf2cbe490c4b5b477bf44b18f7d050a563a33,recomputed_on_concatenated_monthly_predictions
