profile_code,candidate_id,base_candidate_id,target,target_kind,period,anchor_date,calendar_month,horizon_days,future_rows_90d,future_rows_all_mature,matched_order_rows,unmatched_90d_rows,unmatched_all_mature_rows,entity_mapping_mismatch_rows,target_observed_mismatch_rows,target_value_mismatch_rows,raw_target_value_mismatch_rows,label_available_at_mismatch_rows,valid_future_outcome_id_symmetric_difference,mapping_status_changed_rows_expected_sensitivity,exact_future_evidence_match,unmatched_reason,common_support_ge5_orders,common_support_ge5_order_id_match,persisted_90d_metrics_compared,persisted_90d_max_absolute_difference,persisted_90d_reproduction_pass
R1,transit_level|state_od|A|w90|l0|P0|parent=global|kappa=na|min_support=5,transit_level|state_od|A|w90|l0|P0|parent=global|kappa=na,transit_level,continuous,development,2017-04-01,2017-04,7,578,578,578,0,0,0,0,0,0,0,0,0,True,exact_match,532,True,13,4.74420502883e-12,True
R1,transit_level|state_od|A|w90|l0|P0|parent=global|kappa=na|min_support=5,transit_level|state_od|A|w90|l0|P0|parent=global|kappa=na,transit_level,continuous,development,2017-04-01,2017-04,30,2404,2404,2404,0,0,0,0,0,0,0,0,1,True,exact_match,2156,True,13,4.2019721036e-12,True
R1,transit_level|state_od|A|w90|l0|P0|parent=global|kappa=na|min_support=5,transit_level|state_od|A|w90|l0|P0|parent=global|kappa=na,transit_level,continuous,development,2017-04-08,2017-04,7,483,483,483,0,0,0,0,0,0,0,0,0,True,exact_match,430,True,13,4.65094629476e-12,True
R1,transit_level|state_od|A|w90|l0|P0|parent=global|kappa=na|min_support=5,transit_level|state_od|A|w90|l0|P0|parent=global|kappa=na,transit_level,continuous,development,2017-04-08,2017-04,30,2614,2614,2614,0,0,0,0,0,0,0,0,0,True,exact_match,2350,True,13,4.82369699739e-12,True
R1,transit_level|state_od|A|w90|l0|P0|parent=global|kappa=na|min_support=5,transit_level|state_od|A|w90|l0|P0|parent=global|kappa=na,transit_level,continuous,development,2017-04-15,2017-04,7,500,500,500,0,0,0,0,0,0,0,0,0,True,exact_match,450,True,13,1.15842058168e-12,True
R1,transit_level|state_od|A|w90|l0|P0|parent=global|kappa=na|min_support=5,transit_level|state_od|A|w90|l0|P0|parent=global|kappa=na,transit_level,continuous,development,2017-04-15,2017-04,30,2925,2925,2925,0,0,0,0,0,0,0,0,0,True,exact_match,2635,True,13,3.61954910488e-12,True
R1,transit_level|state_od|A|w90|l0|P0|parent=global|kappa=na|min_support=5,transit_level|state_od|A|w90|l0|P0|parent=global|kappa=na,transit_level,continuous,development,2017-04-22,2017-04,7,701,701,701,0,0,0,0,0,0,0,0,0,True,exact_match,642,True,13,1.91752516643e-12,True
R1,transit_level|state_od|A|w90|l0|P0|parent=global|kappa=na|min_support=5,transit_level|state_od|A|w90|l0|P0|parent=global|kappa=na,transit_level,continuous,development,2017-04-22,2017-04,30,3365,3365,3365,0,0,0,0,0,0,0,0,0,True,exact_match,3086,True,13,2.20645723914e-12,True
R1,transit_level|state_od|A|w90|l0|P0|parent=global|kappa=na|min_support=5,transit_level|state_od|A|w90|l0|P0|parent=global|kappa=na,transit_level,continuous,development,2017-04-29,2017-04,7,710,710,710,0,0,0,0,0,0,0,0,0,True,exact_match,642,True,13,1.8216539388e-12,True
R1,transit_level|state_od|A|w90|l0|P0|parent=global|kappa=na|min_support=5,transit_level|state_od|A|w90|l0|P0|parent=global|kappa=na,transit_level,continuous,development,2017-04-29,2017-04,30,3448,3448,3448,0,0,0,0,0,0,0,0,0,True,exact_match,3180,True,13,2.57571741713e-12,True
R1,transit_level|state_od|A|w90|l0|P0|parent=global|kappa=na|min_support=5,transit_level|state_od|A|w90|l0|P0|parent=global|kappa=na,transit_level,continuous,development,2017-05-06,2017-05,7,829,829,829,0,0,0,0,0,0,0,0,0,True,exact_match,747,True,13,4.20885548635e-13,True
R1,transit_level|state_od|A|w90|l0|P0|parent=global|kappa=na|min_support=5,transit_level|state_od|A|w90|l0|P0|parent=global|kappa=na,transit_level,continuous,development,2017-05-06,2017-05,30,3574,3574,3574,0,0,0,0,0,0,0,0,0,True,exact_match,3314,True,13,4.03921340819e-12,True
R1,transit_level|state_od|A|w90|l0|P0|parent=global|kappa=na|min_support=5,transit_level|state_od|A|w90|l0|P0|parent=global|kappa=na,transit_level,continuous,development,2017-05-13,2017-05,7,905,905,905,0,0,0,0,0,0,0,0,0,True,exact_match,853,True,13,6.77902178836e-13,True
R1,transit_level|state_od|A|w90|l0|P0|parent=global|kappa=na|min_support=5,transit_level|state_od|A|w90|l0|P0|parent=global|kappa=na,transit_level,continuous,development,2017-05-13,2017-05,30,3592,3592,3592,0,0,0,0,0,0,0,0,0,True,exact_match,3363,True,13,7.78710429472e-13,True
R1,transit_level|state_od|A|w90|l0|P0|parent=global|kappa=na|min_support=5,transit_level|state_od|A|w90|l0|P0|parent=global|kappa=na,transit_level,continuous,development,2017-05-20,2017-05,7,823,823,823,0,0,0,0,0,0,0,0,1,True,exact_match,778,True,13,4.77817785338e-12,True
R1,transit_level|state_od|A|w90|l0|P0|parent=global|kappa=na|min_support=5,transit_level|state_od|A|w90|l0|P0|parent=global|kappa=na,transit_level,continuous,development,2017-05-20,2017-05,30,3440,3440,3440,0,0,0,0,0,0,0,0,2,True,exact_match,3206,True,13,8.84181616811e-13,True
R1,transit_level|state_od|A|w90|l0|P0|parent=global|kappa=na|min_support=5,transit_level|state_od|A|w90|l0|P0|parent=global|kappa=na,transit_level,continuous,development,2017-05-27,2017-05,7,826,826,826,0,0,0,0,0,0,0,0,0,True,exact_match,766,True,13,8.24229573482e-13,True
R1,transit_level|state_od|A|w90|l0|P0|parent=global|kappa=na|min_support=5,transit_level|state_od|A|w90|l0|P0|parent=global|kappa=na,transit_level,continuous,development,2017-05-27,2017-05,30,3278,3278,3278,0,0,0,0,0,0,0,0,1,True,exact_match,3078,True,13,7.84150522293e-13,True
R1,transit_level|state_od|A|w90|l0|P0|parent=global|kappa=na|min_support=5,transit_level|state_od|A|w90|l0|P0|parent=global|kappa=na,transit_level,continuous,development,2017-06-03,2017-06,7,846,846,846,0,0,0,0,0,0,0,0,0,True,exact_match,802,True,13,4.43867165245e-13,True
R1,transit_level|state_od|A|w90|l0|P0|parent=global|kappa=na|min_support=5,transit_level|state_od|A|w90|l0|P0|parent=global|kappa=na,transit_level,continuous,development,2017-06-03,2017-06,30,3182,3182,3182,0,0,0,0,0,0,0,0,4,True,exact_match,2999,True,13,3.33466587676e-12,True
R1,transit_level|state_od|A|w90|l0|P0|parent=global|kappa=na|min_support=5,transit_level|state_od|A|w90|l0|P0|parent=global|kappa=na,transit_level,continuous,development,2017-06-10,2017-06,7,780,780,780,0,0,0,0,0,0,0,0,1,True,exact_match,727,True,13,7.77822251052e-13,True
R1,transit_level|state_od|A|w90|l0|P0|parent=global|kappa=na|min_support=5,transit_level|state_od|A|w90|l0|P0|parent=global|kappa=na,transit_level,continuous,development,2017-06-10,2017-06,30,3177,3177,3177,0,0,0,0,0,0,0,0,9,True,exact_match,2972,True,13,4.90740781345e-12,True
R1,transit_level|state_od|A|w90|l0|P0|parent=global|kappa=na|min_support=5,transit_level|state_od|A|w90|l0|P0|parent=global|kappa=na,transit_level,continuous,development,2017-06-17,2017-06,7,645,645,645,0,0,0,0,0,0,0,0,1,True,exact_match,613,True,13,2.70472533259e-12,True
R1,transit_level|state_od|A|w90|l0|P0|parent=global|kappa=na|min_support=5,transit_level|state_od|A|w90|l0|P0|parent=global|kappa=na,transit_level,continuous,development,2017-06-17,2017-06,30,3356,3356,3356,0,0,0,0,0,0,0,0,7,True,exact_match,3150,True,13,1.99196215078e-12,True
R1,transit_level|state_od|A|w90|l0|P0|parent=global|kappa=na|min_support=5,transit_level|state_od|A|w90|l0|P0|parent=global|kappa=na,transit_level,continuous,development,2017-06-24,2017-06,7,723,723,723,0,0,0,0,0,0,0,0,3,True,exact_match,686,True,13,1.92157401102e-12,True
R1,transit_level|state_od|A|w90|l0|P0|parent=global|kappa=na|min_support=5,transit_level|state_od|A|w90|l0|P0|parent=global|kappa=na,transit_level,continuous,development,2017-06-24,2017-06,30,3674,3674,3674,0,0,0,0,0,0,0,0,10,True,exact_match,3446,True,13,1.24278365377e-12,True
R1,transit_level|state_od|A|w90|l0|P0|parent=global|kappa=na|min_support=5,transit_level|state_od|A|w90|l0|P0|parent=global|kappa=na,transit_level,continuous,development,2017-07-01,2017-07,7,851,851,851,0,0,0,0,0,0,0,0,4,True,exact_match,775,True,13,3.28825855433e-12,True
R1,transit_level|state_od|A|w90|l0|P0|parent=global|kappa=na|min_support=5,transit_level|state_od|A|w90|l0|P0|parent=global|kappa=na,transit_level,continuous,development,2017-07-01,2017-07,30,3878,3878,3878,0,0,0,0,0,0,0,0,8,True,exact_match,3631,True,13,3.27937677014e-12,True
R1,transit_level|state_od|A|w90|l0|P0|parent=global|kappa=na|min_support=5,transit_level|state_od|A|w90|l0|P0|parent=global|kappa=na,transit_level,continuous,development,2017-07-08,2017-07,7,925,925,925,0,0,0,0,0,0,0,0,0,True,exact_match,878,True,13,2.80264700336e-12,True
R1,transit_level|state_od|A|w90|l0|P0|parent=global|kappa=na|min_support=5,transit_level|state_od|A|w90|l0|P0|parent=global|kappa=na,transit_level,continuous,development,2017-07-08,2017-07,30,4011,4011,4011,0,0,0,0,0,0,0,0,8,True,exact_match,3794,True,13,3.24562599019e-12,True
R1,transit_level|state_od|A|w90|l0|P0|parent=global|kappa=na|min_support=5,transit_level|state_od|A|w90|l0|P0|parent=global|kappa=na,transit_level,continuous,development,2017-07-15,2017-07,7,982,982,982,0,0,0,0,0,0,0,0,0,True,exact_match,923,True,13,4.48224790617e-13,True
R1,transit_level|state_od|A|w90|l0|P0|parent=global|kappa=na|min_support=5,transit_level|state_od|A|w90|l0|P0|parent=global|kappa=na,transit_level,continuous,development,2017-07-15,2017-07,30,4025,4025,4025,0,0,0,0,0,0,0,0,11,True,exact_match,3808,True,13,3.45079520514e-12,True
R1,transit_level|state_od|A|w90|l0|P0|parent=global|kappa=na|min_support=5,transit_level|state_od|A|w90|l0|P0|parent=global|kappa=na,transit_level,continuous,development,2017-07-22,2017-07,7,888,888,888,0,0,0,0,0,0,0,0,3,True,exact_match,836,True,13,1.36357591884e-12,True
R1,transit_level|state_od|A|w90|l0|P0|parent=global|kappa=na|min_support=5,transit_level|state_od|A|w90|l0|P0|parent=global|kappa=na,transit_level,continuous,development,2017-07-22,2017-07,30,4087,4087,4087,0,0,0,0,0,0,0,0,10,True,exact_match,3861,True,13,1.75415237891e-13,True
R1,transit_level|state_od|A|w90|l0|P0|parent=global|kappa=na|min_support=5,transit_level|state_od|A|w90|l0|P0|parent=global|kappa=na,transit_level,continuous,development,2017-07-29,2017-07,7,992,992,992,0,0,0,0,0,0,0,0,4,True,exact_match,939,True,13,2.30215846386e-12,True
R1,transit_level|state_od|A|w90|l0|P0|parent=global|kappa=na|min_support=5,transit_level|state_od|A|w90|l0|P0|parent=global|kappa=na,transit_level,continuous,development,2017-07-29,2017-07,30,4089,4089,4089,0,0,0,0,0,0,0,0,10,True,exact_match,3870,True,13,1.71240799318e-12,True
R1,transit_level|state_od|A|w90|l0|P0|parent=global|kappa=na|min_support=5,transit_level|state_od|A|w90|l0|P0|parent=global|kappa=na,transit_level,continuous,development,2017-08-05,2017-08,7,969,969,969,0,0,0,0,0,0,0,0,4,True,exact_match,929,True,13,3.27138316436e-12,True
R1,transit_level|state_od|A|w90|l0|P0|parent=global|kappa=na|min_support=5,transit_level|state_od|A|w90|l0|P0|parent=global|kappa=na,transit_level,continuous,development,2017-08-05,2017-08,30,4106,4106,4106,0,0,0,0,0,0,0,0,19,True,exact_match,3857,True,13,3.43836070726e-12,True
R1,transit_level|state_od|A|w90|l0|P0|parent=global|kappa=na|min_support=5,transit_level|state_od|A|w90|l0|P0|parent=global|kappa=na,transit_level,continuous,development,2017-08-12,2017-08,7,1026,1026,1026,0,0,0,0,0,0,0,0,1,True,exact_match,958,True,13,6.59694521232e-13,True
R1,transit_level|state_od|A|w90|l0|P0|parent=global|kappa=na|min_support=5,transit_level|state_od|A|w90|l0|P0|parent=global|kappa=na,transit_level,continuous,development,2017-08-12,2017-08,30,4041,4041,4041,0,0,0,0,0,0,0,0,15,True,exact_match,3773,True,13,1.92779125996e-12,True
R1,transit_level|state_od|A|w90|l0|P0|parent=global|kappa=na|min_support=5,transit_level|state_od|A|w90|l0|P0|parent=global|kappa=na,transit_level,continuous,development,2017-08-19,2017-08,7,890,890,890,0,0,0,0,0,0,0,0,2,True,exact_match,846,True,13,1.70841119029e-12,True
R1,transit_level|state_od|A|w90|l0|P0|parent=global|kappa=na|min_support=5,transit_level|state_od|A|w90|l0|P0|parent=global|kappa=na,transit_level,continuous,development,2017-08-19,2017-08,30,4179,4179,4179,0,0,0,0,0,0,0,0,22,True,exact_match,3912,True,13,1.02673425317e-12,True
R1,transit_level|state_od|A|w90|l0|P0|parent=global|kappa=na|min_support=5,transit_level|state_od|A|w90|l0|P0|parent=global|kappa=na,transit_level,continuous,development,2017-08-26,2017-08,7,992,992,992,0,0,0,0,0,0,0,0,6,True,exact_match,902,True,13,9.80771019954e-13,True
R1,transit_level|state_od|A|w90|l0|P0|parent=global|kappa=na|min_support=5,transit_level|state_od|A|w90|l0|P0|parent=global|kappa=na,transit_level,continuous,development,2017-08-26,2017-08,30,4283,4283,4283,0,0,0,0,0,0,0,0,23,True,exact_match,3994,True,13,3.07665004584e-12,True
R1,transit_level|state_od|A|w90|l0|P0|parent=global|kappa=na|min_support=5,transit_level|state_od|A|w90|l0|P0|parent=global|kappa=na,transit_level,continuous,development,2017-09-02,2017-09,7,891,891,891,0,0,0,0,0,0,0,0,6,True,exact_match,835,True,13,1.56963331222e-12,True
R1,transit_level|state_od|A|w90|l0|P0|parent=global|kappa=na|min_support=5,transit_level|state_od|A|w90|l0|P0|parent=global|kappa=na,transit_level,continuous,development,2017-09-02,2017-09,30,4255,4255,4255,0,0,0,0,0,0,0,0,25,True,exact_match,3976,True,13,2.48334686148e-12,True
R1,transit_level|state_od|A|w90|l0|P0|parent=global|kappa=na|min_support=5,transit_level|state_od|A|w90|l0|P0|parent=global|kappa=na,transit_level,continuous,development,2017-09-09,2017-09,7,1151,1151,1151,0,0,0,0,0,0,0,0,5,True,exact_match,1090,True,13,3.79252185212e-12,True
R1,transit_level|state_od|A|w90|l0|P0|parent=global|kappa=na|min_support=5,transit_level|state_od|A|w90|l0|P0|parent=global|kappa=na,transit_level,continuous,development,2017-09-09,2017-09,30,4363,4363,4363,0,0,0,0,0,0,0,0,23,True,exact_match,4072,True,13,2.48490117372e-12,True
R1,transit_level|state_od|A|w90|l0|P0|parent=global|kappa=na|min_support=5,transit_level|state_od|A|w90|l0|P0|parent=global|kappa=na,transit_level,continuous,development,2017-09-16,2017-09,7,1043,1043,1043,0,0,0,0,0,0,0,0,1,True,exact_match,985,True,13,5.69766456238e-13,True
R1,transit_level|state_od|A|w90|l0|P0|parent=global|kappa=na|min_support=5,transit_level|state_od|A|w90|l0|P0|parent=global|kappa=na,transit_level,continuous,development,2017-09-16,2017-09,30,4282,4282,4282,0,0,0,0,0,0,0,0,17,True,exact_match,3990,True,13,2.34923192011e-12,True
R1,transit_level|state_od|A|w90|l0|P0|parent=global|kappa=na|min_support=5,transit_level|state_od|A|w90|l0|P0|parent=global|kappa=na,transit_level,continuous,development,2017-09-23,2017-09,7,933,933,933,0,0,0,0,0,0,0,0,6,True,exact_match,857,True,13,3.697042672e-12,True
R1,transit_level|state_od|A|w90|l0|P0|parent=global|kappa=na|min_support=5,transit_level|state_od|A|w90|l0|P0|parent=global|kappa=na,transit_level,continuous,development,2017-09-23,2017-09,30,4386,4386,4386,0,0,0,0,0,0,0,0,19,True,exact_match,4064,True,13,1.12621023618e-12,True
R1,transit_level|state_od|A|w90|l0|P0|parent=global|kappa=na|min_support=5,transit_level|state_od|A|w90|l0|P0|parent=global|kappa=na,transit_level,continuous,development,2017-09-30,2017-09,7,1005,1005,1005,0,0,0,0,0,0,0,0,4,True,exact_match,936,True,13,1.71151981476e-12,True
R1,transit_level|state_od|A|w90|l0|P0|parent=global|kappa=na|min_support=5,transit_level|state_od|A|w90|l0|P0|parent=global|kappa=na,transit_level,continuous,development,2017-09-30,2017-09,30,4431,4431,4431,0,0,0,0,0,0,0,0,18,True,exact_match,4128,True,13,5.69766456238e-13,True
R1,transit_level|state_od|A|w90|l0|P0|parent=global|kappa=na|min_support=5,transit_level|state_od|A|w90|l0|P0|parent=global|kappa=na,transit_level,continuous,development,2017-10-07,2017-10,7,1064,1064,1064,0,0,0,0,0,0,0,0,2,True,exact_match,988,True,13,1.89026572173e-12,True
R1,transit_level|state_od|A|w90|l0|P0|parent=global|kappa=na|min_support=5,transit_level|state_od|A|w90|l0|P0|parent=global|kappa=na,transit_level,continuous,development,2017-10-07,2017-10,30,4368,4368,4368,0,0,0,0,0,0,0,0,17,True,exact_match,4055,True,13,2.99027469453e-12,True
R1,transit_level|state_od|A|w90|l0|P0|parent=global|kappa=na|min_support=5,transit_level|state_od|A|w90|l0|P0|parent=global|kappa=na,transit_level,continuous,development,2017-10-14,2017-10,7,1113,1113,1113,0,0,0,0,0,0,0,0,5,True,exact_match,1045,True,13,3.96849220152e-13,True
R1,transit_level|state_od|A|w90|l0|P0|parent=global|kappa=na|min_support=5,transit_level|state_od|A|w90|l0|P0|parent=global|kappa=na,transit_level,continuous,development,2017-10-14,2017-10,30,4521,4521,4521,0,0,0,0,0,0,0,0,17,True,exact_match,4223,True,13,1.48236978248e-12,True
R1,transit_level|state_od|A|w90|l0|P0|parent=global|kappa=na|min_support=5,transit_level|state_od|A|w90|l0|P0|parent=global|kappa=na,transit_level,continuous,development,2017-10-21,2017-10,7,1029,1029,1029,0,0,0,0,0,0,0,0,4,True,exact_match,960,True,13,3.2551739082e-12,True
R1,transit_level|state_od|A|w90|l0|P0|parent=global|kappa=na|min_support=5,transit_level|state_od|A|w90|l0|P0|parent=global|kappa=na,transit_level,continuous,development,2017-10-21,2017-10,30,4721,4721,4721,0,0,0,0,0,0,0,0,16,True,exact_match,4401,True,13,1.15431275649e-12,True
R1,transit_level|state_od|A|w90|l0|P0|parent=global|kappa=na|min_support=5,transit_level|state_od|A|w90|l0|P0|parent=global|kappa=na,transit_level,continuous,development,2017-10-28,2017-10,7,907,907,907,0,0,0,0,0,0,0,0,3,True,exact_match,841,True,13,3.04822833641e-12,True
R1,transit_level|state_od|A|w90|l0|P0|parent=global|kappa=na|min_support=5,transit_level|state_od|A|w90|l0|P0|parent=global|kappa=na,transit_level,continuous,development,2017-10-28,2017-10,30,6700,6700,6700,0,0,0,0,0,0,0,0,15,True,exact_match,6300,True,13,1.58162372088e-12,True
R1,transit_level|state_od|A|w90|l0|P0|parent=global|kappa=na|min_support=5,transit_level|state_od|A|w90|l0|P0|parent=global|kappa=na,transit_level,continuous,development,2017-11-04,2017-11,7,1139,1139,1139,0,0,0,0,0,0,0,0,1,True,exact_match,1071,True,13,9.84323733633e-13,True
R1,transit_level|state_od|A|w90|l0|P0|parent=global|kappa=na|min_support=5,transit_level|state_od|A|w90|l0|P0|parent=global|kappa=na,transit_level,continuous,development,2017-11-04,2017-11,30,7891,7891,7891,0,0,0,0,0,0,0,0,15,True,exact_match,7478,True,13,4.51638726418e-12,True
R1,transit_level|state_od|A|w90|l0|P0|parent=global|kappa=na|min_support=5,transit_level|state_od|A|w90|l0|P0|parent=global|kappa=na,transit_level,continuous,development,2017-11-11,2017-11,7,1339,1339,1339,0,0,0,0,0,0,0,0,2,True,exact_match,1255,True,13,3.89510645959e-12,True
R1,transit_level|state_od|A|w90|l0|P0|parent=global|kappa=na|min_support=5,transit_level|state_od|A|w90|l0|P0|parent=global|kappa=na,transit_level,continuous,development,2017-11-11,2017-11,30,8444,8444,8444,0,0,0,0,0,0,0,0,15,True,exact_match,8015,True,13,3.8413716652e-12,True
R1,transit_level|state_od|A|w90|l0|P0|parent=global|kappa=na|min_support=5,transit_level|state_od|A|w90|l0|P0|parent=global|kappa=na,transit_level,continuous,development,2017-11-18,2017-11,7,2425,2425,2425,0,0,0,0,0,0,0,0,3,True,exact_match,2297,True,13,1.60249591374e-12,True
R1,transit_level|state_od|A|w90|l0|P0|parent=global|kappa=na|min_support=5,transit_level|state_od|A|w90|l0|P0|parent=global|kappa=na,transit_level,continuous,development,2017-11-18,2017-11,30,8506,8506,8506,0,0,0,0,0,0,0,0,17,True,exact_match,8107,True,13,1.06442632486e-12,True
R1,transit_level|state_od|A|w90|l0|P0|parent=global|kappa=na|min_support=5,transit_level|state_od|A|w90|l0|P0|parent=global|kappa=na,transit_level,continuous,development,2017-11-25,2017-11,7,2538,2538,2538,0,0,0,0,0,0,0,0,10,True,exact_match,2437,True,13,4.86077844641e-12,True
R1,transit_level|state_od|A|w90|l0|P0|parent=global|kappa=na|min_support=5,transit_level|state_od|A|w90|l0|P0|parent=global|kappa=na,transit_level,continuous,development,2017-11-25,2017-11,30,7059,7059,7059,0,0,0,0,0,0,0,0,27,True,exact_match,6740,True,13,4.33031388525e-12,True
R1,transit_level|state_od|A|w90|l0|P0|parent=global|kappa=na|min_support=5,transit_level|state_od|A|w90|l0|P0|parent=global|kappa=na,transit_level,continuous,development,2017-12-02,2017-12,7,1797,1797,1797,0,0,0,0,0,0,0,0,4,True,exact_match,1702,True,13,4.39093206239e-13,True
R1,transit_level|state_od|A|w90|l0|P0|parent=global|kappa=na|min_support=5,transit_level|state_od|A|w90|l0|P0|parent=global|kappa=na,transit_level,continuous,development,2017-12-02,2017-12,30,5398,5398,5398,0,0,0,0,0,0,0,0,15,True,exact_match,5134,True,13,3.64841490352e-12,True
R1,transit_level|state_od|A|w90|l0|P0|parent=global|kappa=na|min_support=5,transit_level|state_od|A|w90|l0|P0|parent=global|kappa=na,transit_level,continuous,development,2017-12-09,2017-12,7,1482,1482,1482,0,0,0,0,0,0,0,0,3,True,exact_match,1415,True,13,4.85811391115e-12,True
R1,transit_level|state_od|A|w90|l0|P0|parent=global|kappa=na|min_support=5,transit_level|state_od|A|w90|l0|P0|parent=global|kappa=na,transit_level,continuous,development,2017-12-16,2017-12,7,1074,1074,1074,0,0,0,0,0,0,0,0,2,True,exact_match,1038,True,13,2.13806750082e-12,True
R1,transit_level|state_od|A|w90|l0|P0|parent=global|kappa=na|min_support=5,transit_level|state_od|A|w90|l0|P0|parent=global|kappa=na,transit_level,continuous,development,2017-12-23,2017-12,7,874,874,874,0,0,0,0,0,0,0,0,5,True,exact_match,825,True,13,3.62154750633e-12,True
R1,transit_level|state_od|A|w90|l0|P0|parent=global|kappa=na|min_support=5,transit_level|state_od|A|w90|l0|P0|parent=global|kappa=na,transit_level,continuous,confirmation,2018-01-06,2018-01,7,1743,1743,1743,0,0,0,0,0,0,0,0,4,True,exact_match,1660,True,13,4.29367652544e-12,True
R1,transit_level|state_od|A|w90|l0|P0|parent=global|kappa=na|min_support=5,transit_level|state_od|A|w90|l0|P0|parent=global|kappa=na,transit_level,continuous,confirmation,2018-01-06,2018-01,30,7136,7136,7136,0,0,0,0,0,0,0,0,18,True,exact_match,6786,True,13,1.04383168775e-12,True
R1,transit_level|state_od|A|w90|l0|P0|parent=global|kappa=na|min_support=5,transit_level|state_od|A|w90|l0|P0|parent=global|kappa=na,transit_level,continuous,confirmation,2018-01-13,2018-01,7,1821,1821,1821,0,0,0,0,0,0,0,0,5,True,exact_match,1733,True,13,4.46198633597e-12,True
R1,transit_level|state_od|A|w90|l0|P0|parent=global|kappa=na|min_support=5,transit_level|state_od|A|w90|l0|P0|parent=global|kappa=na,transit_level,continuous,confirmation,2018-01-13,2018-01,30,6977,6977,6977,0,0,0,0,0,0,0,0,17,True,exact_match,6626,True,13,2.5475177523e-12,True
R1,transit_level|state_od|A|w90|l0|P0|parent=global|kappa=na|min_support=5,transit_level|state_od|A|w90|l0|P0|parent=global|kappa=na,transit_level,continuous,confirmation,2018-01-20,2018-01,7,1665,1665,1665,0,0,0,0,0,0,0,0,3,True,exact_match,1581,True,13,3.6788350144e-12,True
R1,transit_level|state_od|A|w90|l0|P0|parent=global|kappa=na|min_support=5,transit_level|state_od|A|w90|l0|P0|parent=global|kappa=na,transit_level,continuous,confirmation,2018-01-20,2018-01,30,6796,6796,6796,0,0,0,0,0,0,0,0,20,True,exact_match,6466,True,13,4.66093830198e-12,True
R1,transit_level|state_od|A|w90|l0|P0|parent=global|kappa=na|min_support=5,transit_level|state_od|A|w90|l0|P0|parent=global|kappa=na,transit_level,continuous,confirmation,2018-01-27,2018-01,7,1513,1513,1513,0,0,0,0,0,0,0,0,3,True,exact_match,1446,True,13,9.81881242978e-13,True
R1,transit_level|state_od|A|w90|l0|P0|parent=global|kappa=na|min_support=5,transit_level|state_od|A|w90|l0|P0|parent=global|kappa=na,transit_level,continuous,confirmation,2018-01-27,2018-01,30,6887,6887,6887,0,0,0,0,0,0,0,0,24,True,exact_match,6567,True,13,4.75819383894e-12,True
R1,transit_level|state_od|A|w90|l0|P0|parent=global|kappa=na|min_support=5,transit_level|state_od|A|w90|l0|P0|parent=global|kappa=na,transit_level,continuous,confirmation,2018-02-03,2018-02,7,1627,1627,1627,0,0,0,0,0,0,0,0,8,True,exact_match,1548,True,13,3.88467036316e-12,True
R1,transit_level|state_od|A|w90|l0|P0|parent=global|kappa=na|min_support=5,transit_level|state_od|A|w90|l0|P0|parent=global|kappa=na,transit_level,continuous,confirmation,2018-02-03,2018-02,30,7277,7277,7277,0,0,0,0,0,0,0,0,20,True,exact_match,6947,True,13,3.72102348933e-12,True
R1,transit_level|state_od|A|w90|l0|P0|parent=global|kappa=na|min_support=5,transit_level|state_od|A|w90|l0|P0|parent=global|kappa=na,transit_level,continuous,confirmation,2018-02-10,2018-02,7,1585,1585,1585,0,0,0,0,0,0,0,0,2,True,exact_match,1524,True,13,1.62669877568e-12,True
R1,transit_level|state_od|A|w90|l0|P0|parent=global|kappa=na|min_support=5,transit_level|state_od|A|w90|l0|P0|parent=global|kappa=na,transit_level,continuous,confirmation,2018-02-10,2018-02,30,7293,7293,7293,0,0,0,0,0,0,0,0,15,True,exact_match,6969,True,13,8.19344592173e-13,True
R1,transit_level|state_od|A|w90|l0|P0|parent=global|kappa=na|min_support=5,transit_level|state_od|A|w90|l0|P0|parent=global|kappa=na,transit_level,continuous,confirmation,2018-02-17,2018-02,7,1734,1734,1734,0,0,0,0,0,0,0,0,5,True,exact_match,1654,True,13,3.25139914992e-12,True
R1,transit_level|state_od|A|w90|l0|P0|parent=global|kappa=na|min_support=5,transit_level|state_od|A|w90|l0|P0|parent=global|kappa=na,transit_level,continuous,confirmation,2018-02-17,2018-02,30,7303,7303,7303,0,0,0,0,0,0,0,0,20,True,exact_match,6962,True,13,3.04622993497e-12,True
R1,transit_level|state_od|A|w90|l0|P0|parent=global|kappa=na|min_support=5,transit_level|state_od|A|w90|l0|P0|parent=global|kappa=na,transit_level,continuous,confirmation,2018-02-24,2018-02,7,1881,1881,1881,0,0,0,0,0,0,0,0,3,True,exact_match,1811,True,13,4.66604532789e-12,True
R1,transit_level|state_od|A|w90|l0|P0|parent=global|kappa=na|min_support=5,transit_level|state_od|A|w90|l0|P0|parent=global|kappa=na,transit_level,continuous,confirmation,2018-02-24,2018-02,30,7285,7285,7285,0,0,0,0,0,0,0,0,15,True,exact_match,6959,True,13,1.39621647577e-12,True
R1,transit_level|state_od|A|w90|l0|P0|parent=global|kappa=na|min_support=5,transit_level|state_od|A|w90|l0|P0|parent=global|kappa=na,transit_level,continuous,confirmation,2018-03-03,2018-03,7,1682,1682,1682,0,0,0,0,0,0,0,0,5,True,exact_match,1597,True,13,1.7448265055e-12,True
R1,transit_level|state_od|A|w90|l0|P0|parent=global|kappa=na|min_support=5,transit_level|state_od|A|w90|l0|P0|parent=global|kappa=na,transit_level,continuous,confirmation,2018-03-03,2018-03,30,6875,6875,6875,0,0,0,0,0,0,0,0,16,True,exact_match,6546,True,13,7.61279927985e-13,True
R1,transit_level|state_od|A|w90|l0|P0|parent=global|kappa=na|min_support=5,transit_level|state_od|A|w90|l0|P0|parent=global|kappa=na,transit_level,continuous,confirmation,2018-03-10,2018-03,7,1611,1611,1611,0,0,0,0,0,0,0,0,7,True,exact_match,1519,True,13,4.89386309255e-12,True
R1,transit_level|state_od|A|w90|l0|P0|parent=global|kappa=na|min_support=5,transit_level|state_od|A|w90|l0|P0|parent=global|kappa=na,transit_level,continuous,confirmation,2018-03-10,2018-03,30,6783,6783,6783,0,0,0,0,0,0,0,0,17,True,exact_match,6482,True,13,4.99933427989e-13,True
R1,transit_level|state_od|A|w90|l0|P0|parent=global|kappa=na|min_support=5,transit_level|state_od|A|w90|l0|P0|parent=global|kappa=na,transit_level,continuous,confirmation,2018-03-17,2018-03,7,1756,1756,1756,0,0,0,0,0,0,0,0,3,True,exact_match,1681,True,13,4.93960428116e-12,True
R1,transit_level|state_od|A|w90|l0|P0|parent=global|kappa=na|min_support=5,transit_level|state_od|A|w90|l0|P0|parent=global|kappa=na,transit_level,continuous,confirmation,2018-03-17,2018-03,30,6726,6726,6726,0,0,0,0,0,0,0,0,15,True,exact_match,6463,True,13,1.5916157281e-12,True
R1,transit_level|state_od|A|w90|l0|P0|parent=global|kappa=na|min_support=5,transit_level|state_od|A|w90|l0|P0|parent=global|kappa=na,transit_level,continuous,confirmation,2018-03-24,2018-03,7,1451,1451,1451,0,0,0,0,0,0,0,0,3,True,exact_match,1386,True,13,1.24478205521e-12,True
R1,transit_level|state_od|A|w90|l0|P0|parent=global|kappa=na|min_support=5,transit_level|state_od|A|w90|l0|P0|parent=global|kappa=na,transit_level,continuous,confirmation,2018-03-24,2018-03,30,6642,6642,6642,0,0,0,0,0,0,0,0,17,True,exact_match,6394,True,13,4.63407090479e-12,True
R1,transit_level|state_od|A|w90|l0|P0|parent=global|kappa=na|min_support=5,transit_level|state_od|A|w90|l0|P0|parent=global|kappa=na,transit_level,continuous,confirmation,2018-03-31,2018-03,7,1616,1616,1616,0,0,0,0,0,0,0,0,3,True,exact_match,1552,True,13,8.98392471527e-13,True
R1,transit_level|state_od|A|w90|l0|P0|parent=global|kappa=na|min_support=5,transit_level|state_od|A|w90|l0|P0|parent=global|kappa=na,transit_level,continuous,confirmation,2018-03-31,2018-03,30,6867,6867,6867,0,0,0,0,0,0,0,0,16,True,exact_match,6617,True,13,4.93960428116e-12,True
R1,transit_level|state_od|A|w90|l0|P0|parent=global|kappa=na|min_support=5,transit_level|state_od|A|w90|l0|P0|parent=global|kappa=na,transit_level,continuous,confirmation,2018-04-07,2018-04,7,1534,1534,1534,0,0,0,0,0,0,0,0,4,True,exact_match,1486,True,13,3.21032089801e-12,True
R1,transit_level|state_od|A|w90|l0|P0|parent=global|kappa=na|min_support=5,transit_level|state_od|A|w90|l0|P0|parent=global|kappa=na,transit_level,continuous,confirmation,2018-04-07,2018-04,30,7021,7021,7021,0,0,0,0,0,0,0,0,17,True,exact_match,6750,True,13,4.56390480963e-12,True
R1,transit_level|state_od|A|w90|l0|P0|parent=global|kappa=na|min_support=5,transit_level|state_od|A|w90|l0|P0|parent=global|kappa=na,transit_level,continuous,confirmation,2018-04-14,2018-04,7,1685,1685,1685,0,0,0,0,0,0,0,0,5,True,exact_match,1624,True,13,4.92605956026e-13,True
R1,transit_level|state_od|A|w90|l0|P0|parent=global|kappa=na|min_support=5,transit_level|state_od|A|w90|l0|P0|parent=global|kappa=na,transit_level,continuous,confirmation,2018-04-14,2018-04,30,7474,7474,7474,0,0,0,0,0,0,0,0,12,True,exact_match,7168,True,13,8.64641691578e-13,True
R1,transit_level|state_od|A|w90|l0|P0|parent=global|kappa=na|min_support=5,transit_level|state_od|A|w90|l0|P0|parent=global|kappa=na,transit_level,continuous,confirmation,2018-04-21,2018-04,7,1692,1692,1692,0,0,0,0,0,0,0,0,3,True,exact_match,1634,True,13,1.15463194561e-12,True
R1,transit_level|state_od|A|w90|l0|P0|parent=global|kappa=na|min_support=5,transit_level|state_od|A|w90|l0|P0|parent=global|kappa=na,transit_level,continuous,confirmation,2018-04-21,2018-04,30,7626,7626,7626,0,0,0,0,0,0,0,0,9,True,exact_match,7333,True,13,1.35136346557e-12,True
R1,transit_level|state_od|A|w90|l0|P0|parent=global|kappa=na|min_support=5,transit_level|state_od|A|w90|l0|P0|parent=global|kappa=na,transit_level,continuous,confirmation,2018-04-28,2018-04,7,1702,1702,1702,0,0,0,0,0,0,0,0,2,True,exact_match,1637,True,13,1.31290811556e-12,True
R1,transit_level|state_od|A|w90|l0|P0|parent=global|kappa=na|min_support=5,transit_level|state_od|A|w90|l0|P0|parent=global|kappa=na,transit_level,continuous,confirmation,2018-04-28,2018-04,30,6888,6888,6888,0,0,0,0,0,0,0,0,6,True,exact_match,6642,True,13,4.72377692518e-12,True
R1,transit_level|state_od|A|w90|l0|P0|parent=global|kappa=na|min_support=5,transit_level|state_od|A|w90|l0|P0|parent=global|kappa=na,transit_level,continuous,confirmation,2018-05-05,2018-05,7,1981,1981,1981,0,0,0,0,0,0,0,0,1,True,exact_match,1887,True,13,3.97237798211e-12,True
R1,transit_level|state_od|A|w90|l0|P0|parent=global|kappa=na|min_support=5,transit_level|state_od|A|w90|l0|P0|parent=global|kappa=na,transit_level,continuous,confirmation,2018-05-05,2018-05,30,6269,6269,6269,0,0,0,0,0,0,0,0,8,True,exact_match,6059,True,13,8.55759907381e-13,True
R1,transit_level|state_od|A|w90|l0|P0|parent=global|kappa=na|min_support=5,transit_level|state_od|A|w90|l0|P0|parent=global|kappa=na,transit_level,continuous,confirmation,2018-05-12,2018-05,7,1951,1951,1951,0,0,0,0,0,0,0,0,2,True,exact_match,1894,True,13,1.39377398511e-12,True
R1,transit_level|state_od|A|w90|l0|P0|parent=global|kappa=na|min_support=5,transit_level|state_od|A|w90|l0|P0|parent=global|kappa=na,transit_level,continuous,confirmation,2018-05-12,2018-05,30,5726,5726,5726,0,0,0,0,0,0,0,0,6,True,exact_match,5571,True,13,1.79078973872e-12,True
R1,transit_level|state_od|A|w90|l0|P0|parent=global|kappa=na|min_support=5,transit_level|state_od|A|w90|l0|P0|parent=global|kappa=na,transit_level,continuous,confirmation,2018-05-19,2018-05,7,1055,1055,1055,0,0,0,0,0,0,0,0,0,True,exact_match,1030,True,13,4.61408689034e-12,True
R1,transit_level|state_od|A|w90|l0|P0|parent=global|kappa=na|min_support=5,transit_level|state_od|A|w90|l0|P0|parent=global|kappa=na,transit_level,continuous,confirmation,2018-05-19,2018-05,30,5289,5289,5289,0,0,0,0,0,0,0,0,8,True,exact_match,5156,True,13,3.49720252757e-12,True
R1,transit_level|state_od|A|w90|l0|P0|parent=global|kappa=na|min_support=5,transit_level|state_od|A|w90|l0|P0|parent=global|kappa=na,transit_level,continuous,confirmation,2018-05-26,2018-05,7,948,948,948,0,0,0,0,0,0,0,0,1,True,exact_match,934,True,13,1.69908531689e-12,True
R1,transit_level|state_od|A|w90|l0|P0|parent=global|kappa=na|min_support=5,transit_level|state_od|A|w90|l0|P0|parent=global|kappa=na,transit_level,continuous,confirmation,2018-05-26,2018-05,30,5691,5691,5691,0,0,0,0,0,0,0,0,9,True,exact_match,5538,True,13,2.76045852843e-12,True
R1,transit_level|state_od|A|w90|l0|P0|parent=global|kappa=na|min_support=5,transit_level|state_od|A|w90|l0|P0|parent=global|kappa=na,transit_level,continuous,confirmation,2018-06-02,2018-06,7,1407,1407,1407,0,0,0,0,0,0,0,0,0,True,exact_match,1366,True,13,4.58344473486e-12,True
R1,transit_level|state_od|A|w90|l0|P0|parent=global|kappa=na|min_support=5,transit_level|state_od|A|w90|l0|P0|parent=global|kappa=na,transit_level,continuous,confirmation,2018-06-09,2018-06,7,1562,1562,1562,0,0,0,0,0,0,0,0,4,True,exact_match,1513,True,13,1.23723253864e-12,True
R1,transit_level|state_od|A|w90|l0|P0|parent=global|kappa=na|min_support=5,transit_level|state_od|A|w90|l0|P0|parent=global|kappa=na,transit_level,continuous,confirmation,2018-06-16,2018-06,7,1424,1424,1424,0,0,0,0,0,0,0,0,6,True,exact_match,1383,True,13,3.74322794983e-12,True
R1,transit_level|state_od|A|w90|l0|P0|parent=global|kappa=na|min_support=5,transit_level|state_od|A|w90|l0|P0|parent=global|kappa=na,transit_level,continuous,confirmation,2018-06-23,2018-06,7,1466,1466,1466,0,0,0,0,0,0,0,0,4,True,exact_match,1415,True,13,3.41948691585e-12,True
R1,transit_level|state_od|A|w90|l0|P0|parent=global|kappa=na|min_support=5,transit_level|state_od|A|w90|l0|P0|parent=global|kappa=na,transit_level,continuous,terminal,2018-07-07,2018-07,7,914,914,914,0,0,0,0,0,0,0,0,6,True,exact_match,861,True,13,1.02018393733e-12,True
R1,transit_level|state_od|A|w90|l0|P0|parent=global|kappa=na|min_support=5,transit_level|state_od|A|w90|l0|P0|parent=global|kappa=na,transit_level,continuous,terminal,2018-07-07,2018-07,30,6596,6596,6596,0,0,0,0,0,0,0,0,38,True,exact_match,6279,True,13,1.36468614187e-12,True
R1,transit_level|state_od|A|w90|l0|P0|parent=global|kappa=na|min_support=5,transit_level|state_od|A|w90|l0|P0|parent=global|kappa=na,transit_level,continuous,terminal,2018-07-14,2018-07,7,1576,1576,1576,0,0,0,0,0,0,0,0,6,True,exact_match,1503,True,13,1.35808508536e-12,True
R1,transit_level|state_od|A|w90|l0|P0|parent=global|kappa=na|min_support=5,transit_level|state_od|A|w90|l0|P0|parent=global|kappa=na,transit_level,continuous,terminal,2018-07-14,2018-07,30,7670,7670,7670,0,0,0,0,0,0,0,0,43,True,exact_match,7300,True,13,4.79882800164e-12,True
R1,transit_level|state_od|A|w90|l0|P0|parent=global|kappa=na|min_support=5,transit_level|state_od|A|w90|l0|P0|parent=global|kappa=na,transit_level,continuous,terminal,2018-07-21,2018-07,7,1684,1684,1684,0,0,0,0,0,0,0,0,9,True,exact_match,1619,True,13,2.77333711551e-12,True
R1,transit_level|state_od|A|w90|l0|P0|parent=global|kappa=na|min_support=5,transit_level|state_od|A|w90|l0|P0|parent=global|kappa=na,transit_level,continuous,terminal,2018-07-21,2018-07,30,7969,7969,7969,0,0,0,0,0,0,0,0,35,True,exact_match,7609,True,13,1.68887126506e-12,True
R1,transit_level|state_od|A|w90|l0|P0|parent=global|kappa=na|min_support=5,transit_level|state_od|A|w90|l0|P0|parent=global|kappa=na,transit_level,continuous,terminal,2018-07-28,2018-07,7,1901,1901,1901,0,0,0,0,0,0,0,0,11,True,exact_match,1808,True,13,9.54569756573e-13,True
R1,transit_level|state_od|A|w90|l0|P0|parent=global|kappa=na|min_support=5,transit_level|state_od|A|w90|l0|P0|parent=global|kappa=na,transit_level,continuous,terminal,2018-07-28,2018-07,30,7356,7356,7356,0,0,0,0,0,0,0,0,26,True,exact_match,7035,True,13,2.68340905052e-12,True
R1,transit_level|state_od|A|w90|l0|P0|parent=global|kappa=na|min_support=5,transit_level|state_od|A|w90|l0|P0|parent=global|kappa=na,transit_level,continuous,terminal,2018-08-04,2018-08,7,2124,2124,2124,0,0,0,0,0,0,0,0,8,True,exact_match,2007,True,13,9.15670317347e-13,True
R1,transit_level|state_od|A|w90|l0|P0|parent=global|kappa=na|min_support=5,transit_level|state_od|A|w90|l0|P0|parent=global|kappa=na,transit_level,continuous,terminal,2018-08-11,2018-08,7,1858,1858,1858,0,0,0,0,0,0,0,0,4,True,exact_match,1784,True,13,1.67799107942e-12,True
R1,transit_level|state_od|A|w90|l0|P0|parent=global|kappa=na|min_support=5,transit_level|state_od|A|w90|l0|P0|parent=global|kappa=na,transit_level,continuous,terminal,2018-08-18,2018-08,7,1331,1331,1331,0,0,0,0,0,0,0,0,1,True,exact_match,1301,True,13,1.55342405606e-12,True
R2,transit_tail|state_od|A|w90|l0|P1|parent=global|kappa=10|min_support=5,transit_tail|state_od|A|w90|l0|P1|parent=global|kappa=10,transit_tail,binary,development,2017-04-01,2017-04,7,578,578,578,0,0,0,0,0,0,0,0,0,True,exact_match,532,True,14,3.95239396767e-12,True
R2,transit_tail|state_od|A|w90|l0|P1|parent=global|kappa=10|min_support=5,transit_tail|state_od|A|w90|l0|P1|parent=global|kappa=10,transit_tail,binary,development,2017-04-01,2017-04,30,2404,2404,2404,0,0,0,0,0,0,0,0,1,True,exact_match,2156,True,14,7.61612994893e-13,True
R2,transit_tail|state_od|A|w90|l0|P1|parent=global|kappa=10|min_support=5,transit_tail|state_od|A|w90|l0|P1|parent=global|kappa=10,transit_tail,binary,development,2017-04-08,2017-04,7,483,483,483,0,0,0,0,0,0,0,0,0,True,exact_match,430,True,14,3.61355390055e-12,True
R2,transit_tail|state_od|A|w90|l0|P1|parent=global|kappa=10|min_support=5,transit_tail|state_od|A|w90|l0|P1|parent=global|kappa=10,transit_tail,binary,development,2017-04-08,2017-04,30,2614,2614,2614,0,0,0,0,0,0,0,0,0,True,exact_match,2350,True,14,1.9027002196e-12,True
R2,transit_tail|state_od|A|w90|l0|P1|parent=global|kappa=10|min_support=5,transit_tail|state_od|A|w90|l0|P1|parent=global|kappa=10,transit_tail,binary,development,2017-04-15,2017-04,7,500,500,500,0,0,0,0,0,0,0,0,0,True,exact_match,450,True,14,1.7899015603e-12,True
R2,transit_tail|state_od|A|w90|l0|P1|parent=global|kappa=10|min_support=5,transit_tail|state_od|A|w90|l0|P1|parent=global|kappa=10,transit_tail,binary,development,2017-04-15,2017-04,30,2925,2925,2925,0,0,0,0,0,0,0,0,0,True,exact_match,2635,True,14,2.74757994134e-12,True
R2,transit_tail|state_od|A|w90|l0|P1|parent=global|kappa=10|min_support=5,transit_tail|state_od|A|w90|l0|P1|parent=global|kappa=10,transit_tail,binary,development,2017-04-22,2017-04,7,701,701,701,0,0,0,0,0,0,0,0,0,True,exact_match,642,True,14,3.84625664651e-12,True
R2,transit_tail|state_od|A|w90|l0|P1|parent=global|kappa=10|min_support=5,transit_tail|state_od|A|w90|l0|P1|parent=global|kappa=10,transit_tail,binary,development,2017-04-22,2017-04,30,3365,3365,3365,0,0,0,0,0,0,0,0,0,True,exact_match,3086,True,14,4.31832347658e-12,True
R2,transit_tail|state_od|A|w90|l0|P1|parent=global|kappa=10|min_support=5,transit_tail|state_od|A|w90|l0|P1|parent=global|kappa=10,transit_tail,binary,development,2017-04-29,2017-04,7,710,710,710,0,0,0,0,0,0,0,0,0,True,exact_match,642,True,14,3.57580631771e-12,True
R2,transit_tail|state_od|A|w90|l0|P1|parent=global|kappa=10|min_support=5,transit_tail|state_od|A|w90|l0|P1|parent=global|kappa=10,transit_tail,binary,development,2017-04-29,2017-04,30,3448,3448,3448,0,0,0,0,0,0,0,0,0,True,exact_match,3180,True,14,5.12034858957e-13,True
R2,transit_tail|state_od|A|w90|l0|P1|parent=global|kappa=10|min_support=5,transit_tail|state_od|A|w90|l0|P1|parent=global|kappa=10,transit_tail,binary,development,2017-05-06,2017-05,7,829,829,829,0,0,0,0,0,0,0,0,0,True,exact_match,747,True,14,3.976374785e-12,True
R2,transit_tail|state_od|A|w90|l0|P1|parent=global|kappa=10|min_support=5,transit_tail|state_od|A|w90|l0|P1|parent=global|kappa=10,transit_tail,binary,development,2017-05-06,2017-05,30,3574,3574,3574,0,0,0,0,0,0,0,0,0,True,exact_match,3314,True,14,3.12994075102e-12,True
R2,transit_tail|state_od|A|w90|l0|P1|parent=global|kappa=10|min_support=5,transit_tail|state_od|A|w90|l0|P1|parent=global|kappa=10,transit_tail,binary,development,2017-05-13,2017-05,7,905,905,905,0,0,0,0,0,0,0,0,0,True,exact_match,853,True,14,4.69402294812e-12,True
R2,transit_tail|state_od|A|w90|l0|P1|parent=global|kappa=10|min_support=5,transit_tail|state_od|A|w90|l0|P1|parent=global|kappa=10,transit_tail,binary,development,2017-05-13,2017-05,30,3592,3592,3592,0,0,0,0,0,0,0,0,0,True,exact_match,3363,True,14,3.76410014269e-12,True
R2,transit_tail|state_od|A|w90|l0|P1|parent=global|kappa=10|min_support=5,transit_tail|state_od|A|w90|l0|P1|parent=global|kappa=10,transit_tail,binary,development,2017-05-20,2017-05,7,823,823,823,0,0,0,0,0,0,0,0,1,True,exact_match,778,True,14,4.53814763546e-12,True
R2,transit_tail|state_od|A|w90|l0|P1|parent=global|kappa=10|min_support=5,transit_tail|state_od|A|w90|l0|P1|parent=global|kappa=10,transit_tail,binary,development,2017-05-20,2017-05,30,3440,3440,3440,0,0,0,0,0,0,0,0,2,True,exact_match,3206,True,14,4.41868763801e-13,True
R2,transit_tail|state_od|A|w90|l0|P1|parent=global|kappa=10|min_support=5,transit_tail|state_od|A|w90|l0|P1|parent=global|kappa=10,transit_tail,binary,development,2017-05-27,2017-05,7,826,826,826,0,0,0,0,0,0,0,0,0,True,exact_match,766,True,14,4.04476452331e-12,True
R2,transit_tail|state_od|A|w90|l0|P1|parent=global|kappa=10|min_support=5,transit_tail|state_od|A|w90|l0|P1|parent=global|kappa=10,transit_tail,binary,development,2017-05-27,2017-05,30,3278,3278,3278,0,0,0,0,0,0,0,0,1,True,exact_match,3078,True,14,2.16138218434e-12,True
R2,transit_tail|state_od|A|w90|l0|P1|parent=global|kappa=10|min_support=5,transit_tail|state_od|A|w90|l0|P1|parent=global|kappa=10,transit_tail,binary,development,2017-06-03,2017-06,7,846,846,846,0,0,0,0,0,0,0,0,0,True,exact_match,802,True,14,1.41886502547e-12,True
R2,transit_tail|state_od|A|w90|l0|P1|parent=global|kappa=10|min_support=5,transit_tail|state_od|A|w90|l0|P1|parent=global|kappa=10,transit_tail,binary,development,2017-06-03,2017-06,30,3182,3182,3182,0,0,0,0,0,0,0,0,4,True,exact_match,2999,True,14,4.62030413928e-12,True
R2,transit_tail|state_od|A|w90|l0|P1|parent=global|kappa=10|min_support=5,transit_tail|state_od|A|w90|l0|P1|parent=global|kappa=10,transit_tail,binary,development,2017-06-10,2017-06,7,780,780,780,0,0,0,0,0,0,0,0,1,True,exact_match,727,True,14,4.10782519111e-12,True
R2,transit_tail|state_od|A|w90|l0|P1|parent=global|kappa=10|min_support=5,transit_tail|state_od|A|w90|l0|P1|parent=global|kappa=10,transit_tail,binary,development,2017-06-10,2017-06,30,3177,3177,3177,0,0,0,0,0,0,0,0,9,True,exact_match,2972,True,14,2.64765986913e-12,True
R2,transit_tail|state_od|A|w90|l0|P1|parent=global|kappa=10|min_support=5,transit_tail|state_od|A|w90|l0|P1|parent=global|kappa=10,transit_tail,binary,development,2017-06-17,2017-06,7,645,645,645,0,0,0,0,0,0,0,0,1,True,exact_match,613,True,14,1.7492673976e-12,True
R2,transit_tail|state_od|A|w90|l0|P1|parent=global|kappa=10|min_support=5,transit_tail|state_od|A|w90|l0|P1|parent=global|kappa=10,transit_tail,binary,development,2017-06-17,2017-06,30,3356,3356,3356,0,0,0,0,0,0,0,0,7,True,exact_match,3150,True,14,2.68007838145e-12,True
R2,transit_tail|state_od|A|w90|l0|P1|parent=global|kappa=10|min_support=5,transit_tail|state_od|A|w90|l0|P1|parent=global|kappa=10,transit_tail,binary,development,2017-06-24,2017-06,7,723,723,723,0,0,0,0,0,0,0,0,3,True,exact_match,686,True,14,4.62341276375e-12,True
R2,transit_tail|state_od|A|w90|l0|P1|parent=global|kappa=10|min_support=5,transit_tail|state_od|A|w90|l0|P1|parent=global|kappa=10,transit_tail,binary,development,2017-06-24,2017-06,30,3674,3674,3674,0,0,0,0,0,0,0,0,10,True,exact_match,3446,True,14,5.67101920979e-13,True
R2,transit_tail|state_od|A|w90|l0|P1|parent=global|kappa=10|min_support=5,transit_tail|state_od|A|w90|l0|P1|parent=global|kappa=10,transit_tail,binary,development,2017-07-01,2017-07,7,851,851,851,0,0,0,0,0,0,0,0,4,True,exact_match,775,True,14,3.10551584448e-12,True
R2,transit_tail|state_od|A|w90|l0|P1|parent=global|kappa=10|min_support=5,transit_tail|state_od|A|w90|l0|P1|parent=global|kappa=10,transit_tail,binary,development,2017-07-01,2017-07,30,3878,3878,3878,0,0,0,0,0,0,0,0,8,True,exact_match,3631,True,14,7.53175299906e-13,True
R2,transit_tail|state_od|A|w90|l0|P1|parent=global|kappa=10|min_support=5,transit_tail|state_od|A|w90|l0|P1|parent=global|kappa=10,transit_tail,binary,development,2017-07-08,2017-07,7,925,925,925,0,0,0,0,0,0,0,0,0,True,exact_match,878,True,14,4.79616346638e-12,True
R2,transit_tail|state_od|A|w90|l0|P1|parent=global|kappa=10|min_support=5,transit_tail|state_od|A|w90|l0|P1|parent=global|kappa=10,transit_tail,binary,development,2017-07-08,2017-07,30,4011,4011,4011,0,0,0,0,0,0,0,0,8,True,exact_match,3794,True,14,3.43902684108e-12,True
R2,transit_tail|state_od|A|w90|l0|P1|parent=global|kappa=10|min_support=5,transit_tail|state_od|A|w90|l0|P1|parent=global|kappa=10,transit_tail,binary,development,2017-07-15,2017-07,7,982,982,982,0,0,0,0,0,0,0,0,0,True,exact_match,923,True,14,4.59543514353e-12,True
R2,transit_tail|state_od|A|w90|l0|P1|parent=global|kappa=10|min_support=5,transit_tail|state_od|A|w90|l0|P1|parent=global|kappa=10,transit_tail,binary,development,2017-07-15,2017-07,30,4025,4025,4025,0,0,0,0,0,0,0,0,11,True,exact_match,3808,True,14,4.93471929985e-12,True
R2,transit_tail|state_od|A|w90|l0|P1|parent=global|kappa=10|min_support=5,transit_tail|state_od|A|w90|l0|P1|parent=global|kappa=10,transit_tail,binary,development,2017-07-22,2017-07,7,888,888,888,0,0,0,0,0,0,0,0,3,True,exact_match,836,True,14,1.52766688188e-12,True
R2,transit_tail|state_od|A|w90|l0|P1|parent=global|kappa=10|min_support=5,transit_tail|state_od|A|w90|l0|P1|parent=global|kappa=10,transit_tail,binary,development,2017-07-22,2017-07,30,4087,4087,4087,0,0,0,0,0,0,0,0,10,True,exact_match,3861,True,14,4.33164615288e-12,True
R2,transit_tail|state_od|A|w90|l0|P1|parent=global|kappa=10|min_support=5,transit_tail|state_od|A|w90|l0|P1|parent=global|kappa=10,transit_tail,binary,development,2017-07-29,2017-07,7,992,992,992,0,0,0,0,0,0,0,0,4,True,exact_match,939,True,14,7.92255150373e-13,True
R2,transit_tail|state_od|A|w90|l0|P1|parent=global|kappa=10|min_support=5,transit_tail|state_od|A|w90|l0|P1|parent=global|kappa=10,transit_tail,binary,development,2017-07-29,2017-07,30,4089,4089,4089,0,0,0,0,0,0,0,0,10,True,exact_match,3870,True,14,7.75379760398e-13,True
R2,transit_tail|state_od|A|w90|l0|P1|parent=global|kappa=10|min_support=5,transit_tail|state_od|A|w90|l0|P1|parent=global|kappa=10,transit_tail,binary,development,2017-08-05,2017-08,7,969,969,969,0,0,0,0,0,0,0,0,4,True,exact_match,929,True,14,3.78364006792e-13,True
R2,transit_tail|state_od|A|w90|l0|P1|parent=global|kappa=10|min_support=5,transit_tail|state_od|A|w90|l0|P1|parent=global|kappa=10,transit_tail,binary,development,2017-08-05,2017-08,30,4106,4106,4106,0,0,0,0,0,0,0,0,19,True,exact_match,3857,True,14,1.24344978758e-12,True
R2,transit_tail|state_od|A|w90|l0|P1|parent=global|kappa=10|min_support=5,transit_tail|state_od|A|w90|l0|P1|parent=global|kappa=10,transit_tail,binary,development,2017-08-12,2017-08,7,1026,1026,1026,0,0,0,0,0,0,0,0,1,True,exact_match,958,True,14,2.27551311127e-12,True
R2,transit_tail|state_od|A|w90|l0|P1|parent=global|kappa=10|min_support=5,transit_tail|state_od|A|w90|l0|P1|parent=global|kappa=10,transit_tail,binary,development,2017-08-12,2017-08,30,4041,4041,4041,0,0,0,0,0,0,0,0,15,True,exact_match,3773,True,14,3.83737486231e-12,True
R2,transit_tail|state_od|A|w90|l0|P1|parent=global|kappa=10|min_support=5,transit_tail|state_od|A|w90|l0|P1|parent=global|kappa=10,transit_tail,binary,development,2017-08-19,2017-08,7,890,890,890,0,0,0,0,0,0,0,0,2,True,exact_match,846,True,14,3.50386386572e-13,True
R2,transit_tail|state_od|A|w90|l0|P1|parent=global|kappa=10|min_support=5,transit_tail|state_od|A|w90|l0|P1|parent=global|kappa=10,transit_tail,binary,development,2017-08-19,2017-08,30,4179,4179,4179,0,0,0,0,0,0,0,0,22,True,exact_match,3912,True,14,5.13478148889e-13,True
R2,transit_tail|state_od|A|w90|l0|P1|parent=global|kappa=10|min_support=5,transit_tail|state_od|A|w90|l0|P1|parent=global|kappa=10,transit_tail,binary,development,2017-08-26,2017-08,7,992,992,992,0,0,0,0,0,0,0,0,6,True,exact_match,902,True,14,2.54773979691e-12,True
R2,transit_tail|state_od|A|w90|l0|P1|parent=global|kappa=10|min_support=5,transit_tail|state_od|A|w90|l0|P1|parent=global|kappa=10,transit_tail,binary,development,2017-08-26,2017-08,30,4283,4283,4283,0,0,0,0,0,0,0,0,23,True,exact_match,3994,True,14,4.47464287845e-12,True
R2,transit_tail|state_od|A|w90|l0|P1|parent=global|kappa=10|min_support=5,transit_tail|state_od|A|w90|l0|P1|parent=global|kappa=10,transit_tail,binary,development,2017-09-02,2017-09,7,891,891,891,0,0,0,0,0,0,0,0,6,True,exact_match,835,True,14,1.57918123023e-12,True
R2,transit_tail|state_od|A|w90|l0|P1|parent=global|kappa=10|min_support=5,transit_tail|state_od|A|w90|l0|P1|parent=global|kappa=10,transit_tail,binary,development,2017-09-02,2017-09,30,4255,4255,4255,0,0,0,0,0,0,0,0,25,True,exact_match,3976,True,14,4.60165239247e-12,True
R2,transit_tail|state_od|A|w90|l0|P1|parent=global|kappa=10|min_support=5,transit_tail|state_od|A|w90|l0|P1|parent=global|kappa=10,transit_tail,binary,development,2017-09-09,2017-09,7,1151,1151,1151,0,0,0,0,0,0,0,0,5,True,exact_match,1090,True,14,1.01252339846e-12,True
R2,transit_tail|state_od|A|w90|l0|P1|parent=global|kappa=10|min_support=5,transit_tail|state_od|A|w90|l0|P1|parent=global|kappa=10,transit_tail,binary,development,2017-09-09,2017-09,30,4363,4363,4363,0,0,0,0,0,0,0,0,23,True,exact_match,4072,True,14,4.29523083767e-12,True
R2,transit_tail|state_od|A|w90|l0|P1|parent=global|kappa=10|min_support=5,transit_tail|state_od|A|w90|l0|P1|parent=global|kappa=10,transit_tail,binary,development,2017-09-16,2017-09,7,1043,1043,1043,0,0,0,0,0,0,0,0,1,True,exact_match,985,True,14,1.63291602462e-12,True
R2,transit_tail|state_od|A|w90|l0|P1|parent=global|kappa=10|min_support=5,transit_tail|state_od|A|w90|l0|P1|parent=global|kappa=10,transit_tail,binary,development,2017-09-16,2017-09,30,4282,4282,4282,0,0,0,0,0,0,0,0,17,True,exact_match,3990,True,14,1.87672100083e-12,True
R2,transit_tail|state_od|A|w90|l0|P1|parent=global|kappa=10|min_support=5,transit_tail|state_od|A|w90|l0|P1|parent=global|kappa=10,transit_tail,binary,development,2017-09-23,2017-09,7,933,933,933,0,0,0,0,0,0,0,0,6,True,exact_match,857,True,14,1.01385566609e-12,True
R2,transit_tail|state_od|A|w90|l0|P1|parent=global|kappa=10|min_support=5,transit_tail|state_od|A|w90|l0|P1|parent=global|kappa=10,transit_tail,binary,development,2017-09-23,2017-09,30,4386,4386,4386,0,0,0,0,0,0,0,0,19,True,exact_match,4064,True,14,2.09254835681e-12,True
R2,transit_tail|state_od|A|w90|l0|P1|parent=global|kappa=10|min_support=5,transit_tail|state_od|A|w90|l0|P1|parent=global|kappa=10,transit_tail,binary,development,2017-09-30,2017-09,7,1005,1005,1005,0,0,0,0,0,0,0,0,4,True,exact_match,936,True,14,2.49400500252e-12,True
R2,transit_tail|state_od|A|w90|l0|P1|parent=global|kappa=10|min_support=5,transit_tail|state_od|A|w90|l0|P1|parent=global|kappa=10,transit_tail,binary,development,2017-09-30,2017-09,30,4431,4431,4431,0,0,0,0,0,0,0,0,18,True,exact_match,4128,True,14,1.80078174594e-12,True
R2,transit_tail|state_od|A|w90|l0|P1|parent=global|kappa=10|min_support=5,transit_tail|state_od|A|w90|l0|P1|parent=global|kappa=10,transit_tail,binary,development,2017-10-07,2017-10,7,1064,1064,1064,0,0,0,0,0,0,0,0,2,True,exact_match,988,True,14,4.2064129957e-12,True
R2,transit_tail|state_od|A|w90|l0|P1|parent=global|kappa=10|min_support=5,transit_tail|state_od|A|w90|l0|P1|parent=global|kappa=10,transit_tail,binary,development,2017-10-07,2017-10,30,4368,4368,4368,0,0,0,0,0,0,0,0,17,True,exact_match,4055,True,14,2.27373675443e-12,True
R2,transit_tail|state_od|A|w90|l0|P1|parent=global|kappa=10|min_support=5,transit_tail|state_od|A|w90|l0|P1|parent=global|kappa=10,transit_tail,binary,development,2017-10-14,2017-10,7,1113,1113,1113,0,0,0,0,0,0,0,0,5,True,exact_match,1045,True,14,1.05471187339e-12,True
R2,transit_tail|state_od|A|w90|l0|P1|parent=global|kappa=10|min_support=5,transit_tail|state_od|A|w90|l0|P1|parent=global|kappa=10,transit_tail,binary,development,2017-10-14,2017-10,30,4521,4521,4521,0,0,0,0,0,0,0,0,17,True,exact_match,4223,True,14,4.83213469238e-12,True
R2,transit_tail|state_od|A|w90|l0|P1|parent=global|kappa=10|min_support=5,transit_tail|state_od|A|w90|l0|P1|parent=global|kappa=10,transit_tail,binary,development,2017-10-21,2017-10,7,1029,1029,1029,0,0,0,0,0,0,0,0,4,True,exact_match,960,True,14,1.59472435257e-12,True
R2,transit_tail|state_od|A|w90|l0|P1|parent=global|kappa=10|min_support=5,transit_tail|state_od|A|w90|l0|P1|parent=global|kappa=10,transit_tail,binary,development,2017-10-21,2017-10,30,4721,4721,4721,0,0,0,0,0,0,0,0,16,True,exact_match,4401,True,14,4.56856774633e-13,True
R2,transit_tail|state_od|A|w90|l0|P1|parent=global|kappa=10|min_support=5,transit_tail|state_od|A|w90|l0|P1|parent=global|kappa=10,transit_tail,binary,development,2017-10-28,2017-10,7,907,907,907,0,0,0,0,0,0,0,0,3,True,exact_match,841,True,14,3.33333360913e-12,True
R2,transit_tail|state_od|A|w90|l0|P1|parent=global|kappa=10|min_support=5,transit_tail|state_od|A|w90|l0|P1|parent=global|kappa=10,transit_tail,binary,development,2017-10-28,2017-10,30,6700,6700,6700,0,0,0,0,0,0,0,0,15,True,exact_match,6300,True,14,4.11448652926e-12,True
R2,transit_tail|state_od|A|w90|l0|P1|parent=global|kappa=10|min_support=5,transit_tail|state_od|A|w90|l0|P1|parent=global|kappa=10,transit_tail,binary,development,2017-11-04,2017-11,7,1139,1139,1139,0,0,0,0,0,0,0,0,1,True,exact_match,1071,True,14,4.58744153775e-12,True
R2,transit_tail|state_od|A|w90|l0|P1|parent=global|kappa=10|min_support=5,transit_tail|state_od|A|w90|l0|P1|parent=global|kappa=10,transit_tail,binary,development,2017-11-04,2017-11,30,7891,7891,7891,0,0,0,0,0,0,0,0,15,True,exact_match,7478,True,14,4.29184465744e-13,True
R2,transit_tail|state_od|A|w90|l0|P1|parent=global|kappa=10|min_support=5,transit_tail|state_od|A|w90|l0|P1|parent=global|kappa=10,transit_tail,binary,development,2017-11-11,2017-11,7,1339,1339,1339,0,0,0,0,0,0,0,0,2,True,exact_match,1255,True,14,8.78408457083e-13,True
R2,transit_tail|state_od|A|w90|l0|P1|parent=global|kappa=10|min_support=5,transit_tail|state_od|A|w90|l0|P1|parent=global|kappa=10,transit_tail,binary,development,2017-11-11,2017-11,30,8444,8444,8444,0,0,0,0,0,0,0,0,15,True,exact_match,8015,True,14,8.55759907381e-13,True
R2,transit_tail|state_od|A|w90|l0|P1|parent=global|kappa=10|min_support=5,transit_tail|state_od|A|w90|l0|P1|parent=global|kappa=10,transit_tail,binary,development,2017-11-18,2017-11,7,2425,2425,2425,0,0,0,0,0,0,0,0,3,True,exact_match,2297,True,14,4.53637127862e-13,True
R2,transit_tail|state_od|A|w90|l0|P1|parent=global|kappa=10|min_support=5,transit_tail|state_od|A|w90|l0|P1|parent=global|kappa=10,transit_tail,binary,development,2017-11-18,2017-11,30,8506,8506,8506,0,0,0,0,0,0,0,0,17,True,exact_match,8107,True,14,1.66089364484e-12,True
R2,transit_tail|state_od|A|w90|l0|P1|parent=global|kappa=10|min_support=5,transit_tail|state_od|A|w90|l0|P1|parent=global|kappa=10,transit_tail,binary,development,2017-11-25,2017-11,7,2538,2538,2538,0,0,0,0,0,0,0,0,10,True,exact_match,2437,True,14,4.1162628861e-12,True
R2,transit_tail|state_od|A|w90|l0|P1|parent=global|kappa=10|min_support=5,transit_tail|state_od|A|w90|l0|P1|parent=global|kappa=10,transit_tail,binary,development,2017-11-25,2017-11,30,7059,7059,7059,0,0,0,0,0,0,0,0,27,True,exact_match,6740,True,14,3.54649642986e-12,True
R2,transit_tail|state_od|A|w90|l0|P1|parent=global|kappa=10|min_support=5,transit_tail|state_od|A|w90|l0|P1|parent=global|kappa=10,transit_tail,binary,development,2017-12-02,2017-12,7,1797,1797,1797,0,0,0,0,0,0,0,0,4,True,exact_match,1702,True,14,1.42286182836e-12,True
R2,transit_tail|state_od|A|w90|l0|P1|parent=global|kappa=10|min_support=5,transit_tail|state_od|A|w90|l0|P1|parent=global|kappa=10,transit_tail,binary,development,2017-12-02,2017-12,30,5398,5398,5398,0,0,0,0,0,0,0,0,15,True,exact_match,5134,True,14,4.65050220555e-12,True
R2,transit_tail|state_od|A|w90|l0|P1|parent=global|kappa=10|min_support=5,transit_tail|state_od|A|w90|l0|P1|parent=global|kappa=10,transit_tail,binary,development,2017-12-09,2017-12,7,1482,1482,1482,0,0,0,0,0,0,0,0,3,True,exact_match,1415,True,14,4.25304236273e-12,True
R2,transit_tail|state_od|A|w90|l0|P1|parent=global|kappa=10|min_support=5,transit_tail|state_od|A|w90|l0|P1|parent=global|kappa=10,transit_tail,binary,development,2017-12-16,2017-12,7,1074,1074,1074,0,0,0,0,0,0,0,0,2,True,exact_match,1038,True,14,1.21236354289e-12,True
R2,transit_tail|state_od|A|w90|l0|P1|parent=global|kappa=10|min_support=5,transit_tail|state_od|A|w90|l0|P1|parent=global|kappa=10,transit_tail,binary,development,2017-12-23,2017-12,7,874,874,874,0,0,0,0,0,0,0,0,5,True,exact_match,825,True,14,4.47530901226e-12,True
R2,transit_tail|state_od|A|w90|l0|P1|parent=global|kappa=10|min_support=5,transit_tail|state_od|A|w90|l0|P1|parent=global|kappa=10,transit_tail,binary,confirmation,2018-01-06,2018-01,7,1743,1743,1743,0,0,0,0,0,0,0,0,4,True,exact_match,1660,True,14,4.46487291583e-12,True
R2,transit_tail|state_od|A|w90|l0|P1|parent=global|kappa=10|min_support=5,transit_tail|state_od|A|w90|l0|P1|parent=global|kappa=10,transit_tail,binary,confirmation,2018-01-06,2018-01,30,7136,7136,7136,0,0,0,0,0,0,0,0,18,True,exact_match,6786,True,14,4.21440660148e-13,True
R2,transit_tail|state_od|A|w90|l0|P1|parent=global|kappa=10|min_support=5,transit_tail|state_od|A|w90|l0|P1|parent=global|kappa=10,transit_tail,binary,confirmation,2018-01-13,2018-01,7,1821,1821,1821,0,0,0,0,0,0,0,0,5,True,exact_match,1733,True,14,2.60813592945e-12,True
R2,transit_tail|state_od|A|w90|l0|P1|parent=global|kappa=10|min_support=5,transit_tail|state_od|A|w90|l0|P1|parent=global|kappa=10,transit_tail,binary,confirmation,2018-01-13,2018-01,30,6977,6977,6977,0,0,0,0,0,0,0,0,17,True,exact_match,6626,True,14,2.434719093e-12,True
R2,transit_tail|state_od|A|w90|l0|P1|parent=global|kappa=10|min_support=5,transit_tail|state_od|A|w90|l0|P1|parent=global|kappa=10,transit_tail,binary,confirmation,2018-01-20,2018-01,7,1665,1665,1665,0,0,0,0,0,0,0,0,3,True,exact_match,1581,True,14,4.85300688524e-12,True
R2,transit_tail|state_od|A|w90|l0|P1|parent=global|kappa=10|min_support=5,transit_tail|state_od|A|w90|l0|P1|parent=global|kappa=10,transit_tail,binary,confirmation,2018-01-20,2018-01,30,6796,6796,6796,0,0,0,0,0,0,0,0,20,True,exact_match,6466,True,14,1.70752301187e-12,True
R2,transit_tail|state_od|A|w90|l0|P1|parent=global|kappa=10|min_support=5,transit_tail|state_od|A|w90|l0|P1|parent=global|kappa=10,transit_tail,binary,confirmation,2018-01-27,2018-01,7,1513,1513,1513,0,0,0,0,0,0,0,0,3,True,exact_match,1446,True,14,4.26836344047e-12,True
R2,transit_tail|state_od|A|w90|l0|P1|parent=global|kappa=10|min_support=5,transit_tail|state_od|A|w90|l0|P1|parent=global|kappa=10,transit_tail,binary,confirmation,2018-01-27,2018-01,30,6887,6887,6887,0,0,0,0,0,0,0,0,24,True,exact_match,6567,True,14,4.36073399612e-12,True
R2,transit_tail|state_od|A|w90|l0|P1|parent=global|kappa=10|min_support=5,transit_tail|state_od|A|w90|l0|P1|parent=global|kappa=10,transit_tail,binary,confirmation,2018-02-03,2018-02,7,1627,1627,1627,0,0,0,0,0,0,0,0,8,True,exact_match,1548,True,14,1.76569869836e-12,True
R2,transit_tail|state_od|A|w90|l0|P1|parent=global|kappa=10|min_support=5,transit_tail|state_od|A|w90|l0|P1|parent=global|kappa=10,transit_tail,binary,confirmation,2018-02-03,2018-02,30,7277,7277,7277,0,0,0,0,0,0,0,0,20,True,exact_match,6947,True,14,5.02486940945e-13,True
R2,transit_tail|state_od|A|w90|l0|P1|parent=global|kappa=10|min_support=5,transit_tail|state_od|A|w90|l0|P1|parent=global|kappa=10,transit_tail,binary,confirmation,2018-02-10,2018-02,7,1585,1585,1585,0,0,0,0,0,0,0,0,2,True,exact_match,1524,True,14,2.41384690014e-12,True
R2,transit_tail|state_od|A|w90|l0|P1|parent=global|kappa=10|min_support=5,transit_tail|state_od|A|w90|l0|P1|parent=global|kappa=10,transit_tail,binary,confirmation,2018-02-10,2018-02,30,7293,7293,7293,0,0,0,0,0,0,0,0,15,True,exact_match,6969,True,14,8.90620910354e-13,True
R2,transit_tail|state_od|A|w90|l0|P1|parent=global|kappa=10|min_support=5,transit_tail|state_od|A|w90|l0|P1|parent=global|kappa=10,transit_tail,binary,confirmation,2018-02-17,2018-02,7,1734,1734,1734,0,0,0,0,0,0,0,0,5,True,exact_match,1654,True,14,3.73834296852e-12,True
R2,transit_tail|state_od|A|w90|l0|P1|parent=global|kappa=10|min_support=5,transit_tail|state_od|A|w90|l0|P1|parent=global|kappa=10,transit_tail,binary,confirmation,2018-02-17,2018-02,30,7303,7303,7303,0,0,0,0,0,0,0,0,20,True,exact_match,6962,True,14,3.70259378712e-12,True
R2,transit_tail|state_od|A|w90|l0|P1|parent=global|kappa=10|min_support=5,transit_tail|state_od|A|w90|l0|P1|parent=global|kappa=10,transit_tail,binary,confirmation,2018-02-24,2018-02,7,1881,1881,1881,0,0,0,0,0,0,0,0,3,True,exact_match,1811,True,14,4.79194461889e-12,True
R2,transit_tail|state_od|A|w90|l0|P1|parent=global|kappa=10|min_support=5,transit_tail|state_od|A|w90|l0|P1|parent=global|kappa=10,transit_tail,binary,confirmation,2018-02-24,2018-02,30,7285,7285,7285,0,0,0,0,0,0,0,0,15,True,exact_match,6959,True,14,2.90967250294e-12,True
R2,transit_tail|state_od|A|w90|l0|P1|parent=global|kappa=10|min_support=5,transit_tail|state_od|A|w90|l0|P1|parent=global|kappa=10,transit_tail,binary,confirmation,2018-03-03,2018-03,7,1682,1682,1682,0,0,0,0,0,0,0,0,5,True,exact_match,1597,True,14,2.2815083156e-12,True
R2,transit_tail|state_od|A|w90|l0|P1|parent=global|kappa=10|min_support=5,transit_tail|state_od|A|w90|l0|P1|parent=global|kappa=10,transit_tail,binary,confirmation,2018-03-03,2018-03,30,6875,6875,6875,0,0,0,0,0,0,0,0,16,True,exact_match,6546,True,14,3.71547237421e-12,True
R2,transit_tail|state_od|A|w90|l0|P1|parent=global|kappa=10|min_support=5,transit_tail|state_od|A|w90|l0|P1|parent=global|kappa=10,transit_tail,binary,confirmation,2018-03-10,2018-03,7,1611,1611,1611,0,0,0,0,0,0,0,0,7,True,exact_match,1519,True,14,3.62709862145e-12,True
R2,transit_tail|state_od|A|w90|l0|P1|parent=global|kappa=10|min_support=5,transit_tail|state_od|A|w90|l0|P1|parent=global|kappa=10,transit_tail,binary,confirmation,2018-03-10,2018-03,30,6783,6783,6783,0,0,0,0,0,0,0,0,17,True,exact_match,6482,True,14,3.19433368645e-12,True
R2,transit_tail|state_od|A|w90|l0|P1|parent=global|kappa=10|min_support=5,transit_tail|state_od|A|w90|l0|P1|parent=global|kappa=10,transit_tail,binary,confirmation,2018-03-17,2018-03,7,1756,1756,1756,0,0,0,0,0,0,0,0,3,True,exact_match,1681,True,14,2.57482923871e-12,True
R2,transit_tail|state_od|A|w90|l0|P1|parent=global|kappa=10|min_support=5,transit_tail|state_od|A|w90|l0|P1|parent=global|kappa=10,transit_tail,binary,confirmation,2018-03-17,2018-03,30,6726,6726,6726,0,0,0,0,0,0,0,0,15,True,exact_match,6463,True,14,1.45305989463e-12,True
R2,transit_tail|state_od|A|w90|l0|P1|parent=global|kappa=10|min_support=5,transit_tail|state_od|A|w90|l0|P1|parent=global|kappa=10,transit_tail,binary,confirmation,2018-03-24,2018-03,7,1451,1451,1451,0,0,0,0,0,0,0,0,3,True,exact_match,1386,True,14,2.3265833704e-12,True
R2,transit_tail|state_od|A|w90|l0|P1|parent=global|kappa=10|min_support=5,transit_tail|state_od|A|w90|l0|P1|parent=global|kappa=10,transit_tail,binary,confirmation,2018-03-24,2018-03,30,6642,6642,6642,0,0,0,0,0,0,0,0,17,True,exact_match,6394,True,14,2.353228723e-12,True
R2,transit_tail|state_od|A|w90|l0|P1|parent=global|kappa=10|min_support=5,transit_tail|state_od|A|w90|l0|P1|parent=global|kappa=10,transit_tail,binary,confirmation,2018-03-31,2018-03,7,1616,1616,1616,0,0,0,0,0,0,0,0,3,True,exact_match,1552,True,14,1.32205357772e-12,True
R2,transit_tail|state_od|A|w90|l0|P1|parent=global|kappa=10|min_support=5,transit_tail|state_od|A|w90|l0|P1|parent=global|kappa=10,transit_tail,binary,confirmation,2018-03-31,2018-03,30,6867,6867,6867,0,0,0,0,0,0,0,0,16,True,exact_match,6617,True,14,4.44755343665e-13,True
R2,transit_tail|state_od|A|w90|l0|P1|parent=global|kappa=10|min_support=5,transit_tail|state_od|A|w90|l0|P1|parent=global|kappa=10,transit_tail,binary,confirmation,2018-04-07,2018-04,7,1534,1534,1534,0,0,0,0,0,0,0,0,4,True,exact_match,1486,True,14,4.00612876206e-12,True
R2,transit_tail|state_od|A|w90|l0|P1|parent=global|kappa=10|min_support=5,transit_tail|state_od|A|w90|l0|P1|parent=global|kappa=10,transit_tail,binary,confirmation,2018-04-07,2018-04,30,7021,7021,7021,0,0,0,0,0,0,0,0,17,True,exact_match,6750,True,14,3.56292773063e-12,True
R2,transit_tail|state_od|A|w90|l0|P1|parent=global|kappa=10|min_support=5,transit_tail|state_od|A|w90|l0|P1|parent=global|kappa=10,transit_tail,binary,confirmation,2018-04-14,2018-04,7,1685,1685,1685,0,0,0,0,0,0,0,0,5,True,exact_match,1624,True,14,3.01980662698e-12,True
R2,transit_tail|state_od|A|w90|l0|P1|parent=global|kappa=10|min_support=5,transit_tail|state_od|A|w90|l0|P1|parent=global|kappa=10,transit_tail,binary,confirmation,2018-04-14,2018-04,30,7474,7474,7474,0,0,0,0,0,0,0,0,12,True,exact_match,7168,True,14,2.1684876117e-12,True
R2,transit_tail|state_od|A|w90|l0|P1|parent=global|kappa=10|min_support=5,transit_tail|state_od|A|w90|l0|P1|parent=global|kappa=10,transit_tail,binary,confirmation,2018-04-21,2018-04,7,1692,1692,1692,0,0,0,0,0,0,0,0,3,True,exact_match,1634,True,14,4.5039527663e-12,True
R2,transit_tail|state_od|A|w90|l0|P1|parent=global|kappa=10|min_support=5,transit_tail|state_od|A|w90|l0|P1|parent=global|kappa=10,transit_tail,binary,confirmation,2018-04-21,2018-04,30,7626,7626,7626,0,0,0,0,0,0,0,0,9,True,exact_match,7333,True,14,3.79873910106e-12,True
R2,transit_tail|state_od|A|w90|l0|P1|parent=global|kappa=10|min_support=5,transit_tail|state_od|A|w90|l0|P1|parent=global|kappa=10,transit_tail,binary,confirmation,2018-04-28,2018-04,7,1702,1702,1702,0,0,0,0,0,0,0,0,2,True,exact_match,1637,True,14,3.32578409257e-12,True
R2,transit_tail|state_od|A|w90|l0|P1|parent=global|kappa=10|min_support=5,transit_tail|state_od|A|w90|l0|P1|parent=global|kappa=10,transit_tail,binary,confirmation,2018-04-28,2018-04,30,6888,6888,6888,0,0,0,0,0,0,0,0,6,True,exact_match,6642,True,14,3.83637566159e-13,True
R2,transit_tail|state_od|A|w90|l0|P1|parent=global|kappa=10|min_support=5,transit_tail|state_od|A|w90|l0|P1|parent=global|kappa=10,transit_tail,binary,confirmation,2018-05-05,2018-05,7,1981,1981,1981,0,0,0,0,0,0,0,0,1,True,exact_match,1887,True,14,1.87805326846e-12,True
R2,transit_tail|state_od|A|w90|l0|P1|parent=global|kappa=10|min_support=5,transit_tail|state_od|A|w90|l0|P1|parent=global|kappa=10,transit_tail,binary,confirmation,2018-05-05,2018-05,30,6269,6269,6269,0,0,0,0,0,0,0,0,8,True,exact_match,6059,True,14,3.61333185595e-12,True
R2,transit_tail|state_od|A|w90|l0|P1|parent=global|kappa=10|min_support=5,transit_tail|state_od|A|w90|l0|P1|parent=global|kappa=10,transit_tail,binary,confirmation,2018-05-12,2018-05,7,1951,1951,1951,0,0,0,0,0,0,0,0,2,True,exact_match,1894,True,14,4.08562073062e-12,True
R2,transit_tail|state_od|A|w90|l0|P1|parent=global|kappa=10|min_support=5,transit_tail|state_od|A|w90|l0|P1|parent=global|kappa=10,transit_tail,binary,confirmation,2018-05-12,2018-05,30,5726,5726,5726,0,0,0,0,0,0,0,0,6,True,exact_match,5571,True,14,5.85753667792e-13,True
R2,transit_tail|state_od|A|w90|l0|P1|parent=global|kappa=10|min_support=5,transit_tail|state_od|A|w90|l0|P1|parent=global|kappa=10,transit_tail,binary,confirmation,2018-05-19,2018-05,7,1055,1055,1055,0,0,0,0,0,0,0,0,0,True,exact_match,1030,True,14,4.15001366605e-12,True
R2,transit_tail|state_od|A|w90|l0|P1|parent=global|kappa=10|min_support=5,transit_tail|state_od|A|w90|l0|P1|parent=global|kappa=10,transit_tail,binary,confirmation,2018-05-19,2018-05,30,5289,5289,5289,0,0,0,0,0,0,0,0,8,True,exact_match,5156,True,14,2.39896991161e-12,True
R2,transit_tail|state_od|A|w90|l0|P1|parent=global|kappa=10|min_support=5,transit_tail|state_od|A|w90|l0|P1|parent=global|kappa=10,transit_tail,binary,confirmation,2018-05-26,2018-05,7,948,948,948,0,0,0,0,0,0,0,0,1,True,exact_match,934,True,14,4.20774526333e-12,True
R2,transit_tail|state_od|A|w90|l0|P1|parent=global|kappa=10|min_support=5,transit_tail|state_od|A|w90|l0|P1|parent=global|kappa=10,transit_tail,binary,confirmation,2018-05-26,2018-05,30,5691,5691,5691,0,0,0,0,0,0,0,0,9,True,exact_match,5538,True,14,3.08242320557e-12,True
R2,transit_tail|state_od|A|w90|l0|P1|parent=global|kappa=10|min_support=5,transit_tail|state_od|A|w90|l0|P1|parent=global|kappa=10,transit_tail,binary,confirmation,2018-06-02,2018-06,7,1407,1407,1407,0,0,0,0,0,0,0,0,0,True,exact_match,1366,True,14,9.67670388263e-13,True
R2,transit_tail|state_od|A|w90|l0|P1|parent=global|kappa=10|min_support=5,transit_tail|state_od|A|w90|l0|P1|parent=global|kappa=10,transit_tail,binary,confirmation,2018-06-09,2018-06,7,1562,1562,1562,0,0,0,0,0,0,0,0,4,True,exact_match,1513,True,14,6.11066752754e-13,True
R2,transit_tail|state_od|A|w90|l0|P1|parent=global|kappa=10|min_support=5,transit_tail|state_od|A|w90|l0|P1|parent=global|kappa=10,transit_tail,binary,confirmation,2018-06-16,2018-06,7,1424,1424,1424,0,0,0,0,0,0,0,0,6,True,exact_match,1383,True,14,2.09254835681e-12,True
R2,transit_tail|state_od|A|w90|l0|P1|parent=global|kappa=10|min_support=5,transit_tail|state_od|A|w90|l0|P1|parent=global|kappa=10,transit_tail,binary,confirmation,2018-06-23,2018-06,7,1466,1466,1466,0,0,0,0,0,0,0,0,4,True,exact_match,1415,True,14,4.87787588099e-12,True
R2,transit_tail|state_od|A|w90|l0|P1|parent=global|kappa=10|min_support=5,transit_tail|state_od|A|w90|l0|P1|parent=global|kappa=10,transit_tail,binary,terminal,2018-07-07,2018-07,7,914,914,914,0,0,0,0,0,0,0,0,6,True,exact_match,861,True,14,4.00701694048e-12,True
R2,transit_tail|state_od|A|w90|l0|P1|parent=global|kappa=10|min_support=5,transit_tail|state_od|A|w90|l0|P1|parent=global|kappa=10,transit_tail,binary,terminal,2018-07-07,2018-07,30,6596,6596,6596,0,0,0,0,0,0,0,0,38,True,exact_match,6279,True,14,1.50901513507e-12,True
R2,transit_tail|state_od|A|w90|l0|P1|parent=global|kappa=10|min_support=5,transit_tail|state_od|A|w90|l0|P1|parent=global|kappa=10,transit_tail,binary,terminal,2018-07-14,2018-07,7,1576,1576,1576,0,0,0,0,0,0,0,0,6,True,exact_match,1503,True,14,1.81721304671e-12,True
R2,transit_tail|state_od|A|w90|l0|P1|parent=global|kappa=10|min_support=5,transit_tail|state_od|A|w90|l0|P1|parent=global|kappa=10,transit_tail,binary,terminal,2018-07-14,2018-07,30,7670,7670,7670,0,0,0,0,0,0,0,0,43,True,exact_match,7300,True,14,3.57669449613e-12,True
R2,transit_tail|state_od|A|w90|l0|P1|parent=global|kappa=10|min_support=5,transit_tail|state_od|A|w90|l0|P1|parent=global|kappa=10,transit_tail,binary,terminal,2018-07-21,2018-07,7,1684,1684,1684,0,0,0,0,0,0,0,0,9,True,exact_match,1619,True,14,4.14428907858e-13,True
R2,transit_tail|state_od|A|w90|l0|P1|parent=global|kappa=10|min_support=5,transit_tail|state_od|A|w90|l0|P1|parent=global|kappa=10,transit_tail,binary,terminal,2018-07-21,2018-07,30,7969,7969,7969,0,0,0,0,0,0,0,0,35,True,exact_match,7609,True,14,1.51700874085e-12,True
R2,transit_tail|state_od|A|w90|l0|P1|parent=global|kappa=10|min_support=5,transit_tail|state_od|A|w90|l0|P1|parent=global|kappa=10,transit_tail,binary,terminal,2018-07-28,2018-07,7,1901,1901,1901,0,0,0,0,0,0,0,0,11,True,exact_match,1808,True,14,1.08091313678e-12,True
R2,transit_tail|state_od|A|w90|l0|P1|parent=global|kappa=10|min_support=5,transit_tail|state_od|A|w90|l0|P1|parent=global|kappa=10,transit_tail,binary,terminal,2018-07-28,2018-07,30,7356,7356,7356,0,0,0,0,0,0,0,0,26,True,exact_match,7035,True,14,2.90256707558e-12,True
R2,transit_tail|state_od|A|w90|l0|P1|parent=global|kappa=10|min_support=5,transit_tail|state_od|A|w90|l0|P1|parent=global|kappa=10,transit_tail,binary,terminal,2018-08-04,2018-08,7,2124,2124,2124,0,0,0,0,0,0,0,0,8,True,exact_match,2007,True,14,7.65609797782e-13,True
R2,transit_tail|state_od|A|w90|l0|P1|parent=global|kappa=10|min_support=5,transit_tail|state_od|A|w90|l0|P1|parent=global|kappa=10,transit_tail,binary,terminal,2018-08-11,2018-08,7,1858,1858,1858,0,0,0,0,0,0,0,0,4,True,exact_match,1784,True,14,7.46069872548e-13,True
R2,transit_tail|state_od|A|w90|l0|P1|parent=global|kappa=10|min_support=5,transit_tail|state_od|A|w90|l0|P1|parent=global|kappa=10,transit_tail,binary,terminal,2018-08-18,2018-08,7,1331,1331,1331,0,0,0,0,0,0,0,0,1,True,exact_match,1301,True,14,3.2684965845e-13,True
S1,handling_level|seller_id|C|w90|l14|P1|parent=global|kappa=na|min_support=5,handling_level|seller_id|C|w90|l14|P1|parent=global|kappa=na,handling_level,continuous,development,2017-04-01,2017-04,7,578,578,578,0,0,0,0,0,0,0,0,1,True,exact_match,398,True,13,2.69007038867e-12,True
S1,handling_level|seller_id|C|w90|l14|P1|parent=global|kappa=na|min_support=5,handling_level|seller_id|C|w90|l14|P1|parent=global|kappa=na,handling_level,continuous,development,2017-04-01,2017-04,30,2404,2404,2404,0,0,0,0,0,0,0,0,7,True,exact_match,1561,True,13,3.04600789036e-12,True
S1,handling_level|seller_id|C|w90|l14|P1|parent=global|kappa=na|min_support=5,handling_level|seller_id|C|w90|l14|P1|parent=global|kappa=na,handling_level,continuous,development,2017-04-08,2017-04,7,483,483,483,0,0,0,0,0,0,0,0,1,True,exact_match,317,True,13,4.27635704625e-12,True
S1,handling_level|seller_id|C|w90|l14|P1|parent=global|kappa=na|min_support=5,handling_level|seller_id|C|w90|l14|P1|parent=global|kappa=na,handling_level,continuous,development,2017-04-08,2017-04,30,2614,2614,2614,0,0,0,0,0,0,0,0,9,True,exact_match,1705,True,13,1.63424829225e-12,True
S1,handling_level|seller_id|C|w90|l14|P1|parent=global|kappa=na|min_support=5,handling_level|seller_id|C|w90|l14|P1|parent=global|kappa=na,handling_level,continuous,development,2017-04-15,2017-04,7,500,500,500,0,0,0,0,0,0,0,0,0,True,exact_match,341,True,13,2.27107221917e-12,True
S1,handling_level|seller_id|C|w90|l14|P1|parent=global|kappa=na|min_support=5,handling_level|seller_id|C|w90|l14|P1|parent=global|kappa=na,handling_level,continuous,development,2017-04-15,2017-04,30,2925,2925,2925,0,0,0,0,0,0,0,0,11,True,exact_match,1964,True,13,4.82502926502e-13,True
S1,handling_level|seller_id|C|w90|l14|P1|parent=global|kappa=na|min_support=5,handling_level|seller_id|C|w90|l14|P1|parent=global|kappa=na,handling_level,continuous,development,2017-04-22,2017-04,7,701,701,701,0,0,0,0,0,0,0,0,5,True,exact_match,504,True,13,1.05471187339e-12,True
S1,handling_level|seller_id|C|w90|l14|P1|parent=global|kappa=na|min_support=5,handling_level|seller_id|C|w90|l14|P1|parent=global|kappa=na,handling_level,continuous,development,2017-04-22,2017-04,30,3365,3365,3365,0,0,0,0,0,0,0,0,15,True,exact_match,2301,True,13,2.36632935469e-12,True
S1,handling_level|seller_id|C|w90|l14|P1|parent=global|kappa=na|min_support=5,handling_level|seller_id|C|w90|l14|P1|parent=global|kappa=na,handling_level,continuous,development,2017-04-29,2017-04,7,710,710,710,0,0,0,0,0,0,0,0,3,True,exact_match,517,True,13,4.06052969026e-12,True
S1,handling_level|seller_id|C|w90|l14|P1|parent=global|kappa=na|min_support=5,handling_level|seller_id|C|w90|l14|P1|parent=global|kappa=na,handling_level,continuous,development,2017-04-29,2017-04,30,3448,3448,3448,0,0,0,0,0,0,0,0,14,True,exact_match,2363,True,13,1.12643228078e-12,True
S1,handling_level|seller_id|C|w90|l14|P1|parent=global|kappa=na|min_support=5,handling_level|seller_id|C|w90|l14|P1|parent=global|kappa=na,handling_level,continuous,development,2017-05-06,2017-05,7,829,829,829,0,0,0,0,0,0,0,0,3,True,exact_match,601,True,13,2.72204481178e-12,True
S1,handling_level|seller_id|C|w90|l14|P1|parent=global|kappa=na|min_support=5,handling_level|seller_id|C|w90|l14|P1|parent=global|kappa=na,handling_level,continuous,development,2017-05-06,2017-05,30,3574,3574,3574,0,0,0,0,0,0,0,0,16,True,exact_match,2559,True,13,4.5221604239e-12,True
S1,handling_level|seller_id|C|w90|l14|P1|parent=global|kappa=na|min_support=5,handling_level|seller_id|C|w90|l14|P1|parent=global|kappa=na,handling_level,continuous,development,2017-05-13,2017-05,7,905,905,905,0,0,0,0,0,0,0,0,8,True,exact_match,658,True,13,3.65374397404e-12,True
S1,handling_level|seller_id|C|w90|l14|P1|parent=global|kappa=na|min_support=5,handling_level|seller_id|C|w90|l14|P1|parent=global|kappa=na,handling_level,continuous,development,2017-05-13,2017-05,30,3592,3592,3592,0,0,0,0,0,0,0,0,20,True,exact_match,2608,True,13,4.4544368194e-12,True
S1,handling_level|seller_id|C|w90|l14|P1|parent=global|kappa=na|min_support=5,handling_level|seller_id|C|w90|l14|P1|parent=global|kappa=na,handling_level,continuous,development,2017-05-20,2017-05,7,823,823,823,0,0,0,0,0,0,0,0,0,True,exact_match,612,True,13,9.20569176444e-13,True
S1,handling_level|seller_id|C|w90|l14|P1|parent=global|kappa=na|min_support=5,handling_level|seller_id|C|w90|l14|P1|parent=global|kappa=na,handling_level,continuous,development,2017-05-20,2017-05,30,3440,3440,3440,0,0,0,0,0,0,0,0,8,True,exact_match,2513,True,13,4.29434265925e-12,True
S1,handling_level|seller_id|C|w90|l14|P1|parent=global|kappa=na|min_support=5,handling_level|seller_id|C|w90|l14|P1|parent=global|kappa=na,handling_level,continuous,development,2017-05-27,2017-05,7,826,826,826,0,0,0,0,0,0,0,0,5,True,exact_match,621,True,13,4.2965631053e-13,True
S1,handling_level|seller_id|C|w90|l14|P1|parent=global|kappa=na|min_support=5,handling_level|seller_id|C|w90|l14|P1|parent=global|kappa=na,handling_level,continuous,development,2017-05-27,2017-05,30,3278,3278,3278,0,0,0,0,0,0,0,0,12,True,exact_match,2420,True,13,2.99715807728e-12,True
S1,handling_level|seller_id|C|w90|l14|P1|parent=global|kappa=na|min_support=5,handling_level|seller_id|C|w90|l14|P1|parent=global|kappa=na,handling_level,continuous,development,2017-06-03,2017-06,7,846,846,846,0,0,0,0,0,0,0,0,6,True,exact_match,662,True,13,3.46878081814e-12,True
S1,handling_level|seller_id|C|w90|l14|P1|parent=global|kappa=na|min_support=5,handling_level|seller_id|C|w90|l14|P1|parent=global|kappa=na,handling_level,continuous,development,2017-06-03,2017-06,30,3182,3182,3182,0,0,0,0,0,0,0,0,18,True,exact_match,2462,True,13,3.63487018262e-12,True
S1,handling_level|seller_id|C|w90|l14|P1|parent=global|kappa=na|min_support=5,handling_level|seller_id|C|w90|l14|P1|parent=global|kappa=na,handling_level,continuous,development,2017-06-10,2017-06,7,780,780,780,0,0,0,0,0,0,0,0,3,True,exact_match,642,True,13,6.32827124036e-13,True
S1,handling_level|seller_id|C|w90|l14|P1|parent=global|kappa=na|min_support=5,handling_level|seller_id|C|w90|l14|P1|parent=global|kappa=na,handling_level,continuous,development,2017-06-10,2017-06,30,3177,3177,3177,0,0,0,0,0,0,0,0,10,True,exact_match,2545,True,13,3.33066907388e-12,True
S1,handling_level|seller_id|C|w90|l14|P1|parent=global|kappa=na|min_support=5,handling_level|seller_id|C|w90|l14|P1|parent=global|kappa=na,handling_level,continuous,development,2017-06-17,2017-06,7,645,645,645,0,0,0,0,0,0,0,0,3,True,exact_match,536,True,13,3.94106969281e-12,True
S1,handling_level|seller_id|C|w90|l14|P1|parent=global|kappa=na|min_support=5,handling_level|seller_id|C|w90|l14|P1|parent=global|kappa=na,handling_level,continuous,development,2017-06-17,2017-06,30,3356,3356,3356,0,0,0,0,0,0,0,0,10,True,exact_match,2665,True,13,4.59499105432e-12,True
S1,handling_level|seller_id|C|w90|l14|P1|parent=global|kappa=na|min_support=5,handling_level|seller_id|C|w90|l14|P1|parent=global|kappa=na,handling_level,continuous,development,2017-06-24,2017-06,7,723,723,723,0,0,0,0,0,0,0,0,2,True,exact_match,597,True,13,1.88493665121e-12,True
S1,handling_level|seller_id|C|w90|l14|P1|parent=global|kappa=na|min_support=5,handling_level|seller_id|C|w90|l14|P1|parent=global|kappa=na,handling_level,continuous,development,2017-06-24,2017-06,30,3674,3674,3674,0,0,0,0,0,0,0,0,11,True,exact_match,2894,True,13,1.1270984146e-12,True
S1,handling_level|seller_id|C|w90|l14|P1|parent=global|kappa=na|min_support=5,handling_level|seller_id|C|w90|l14|P1|parent=global|kappa=na,handling_level,continuous,development,2017-07-01,2017-07,7,851,851,851,0,0,0,0,0,0,0,0,4,True,exact_match,674,True,13,3.93507448848e-12,True
S1,handling_level|seller_id|C|w90|l14|P1|parent=global|kappa=na|min_support=5,handling_level|seller_id|C|w90|l14|P1|parent=global|kappa=na,handling_level,continuous,development,2017-07-01,2017-07,30,3878,3878,3878,0,0,0,0,0,0,0,0,13,True,exact_match,2980,True,13,3.65907304456e-12,True
S1,handling_level|seller_id|C|w90|l14|P1|parent=global|kappa=na|min_support=5,handling_level|seller_id|C|w90|l14|P1|parent=global|kappa=na,handling_level,continuous,development,2017-07-08,2017-07,7,925,925,925,0,0,0,0,0,0,0,0,2,True,exact_match,727,True,13,2.95341529011e-12,True
S1,handling_level|seller_id|C|w90|l14|P1|parent=global|kappa=na|min_support=5,handling_level|seller_id|C|w90|l14|P1|parent=global|kappa=na,handling_level,continuous,development,2017-07-08,2017-07,30,4011,4011,4011,0,0,0,0,0,0,0,0,11,True,exact_match,3066,True,13,3.43480799359e-12,True
S1,handling_level|seller_id|C|w90|l14|P1|parent=global|kappa=na|min_support=5,handling_level|seller_id|C|w90|l14|P1|parent=global|kappa=na,handling_level,continuous,development,2017-07-15,2017-07,7,982,982,982,0,0,0,0,0,0,0,0,0,True,exact_match,799,True,13,1.33670852165e-12,True
S1,handling_level|seller_id|C|w90|l14|P1|parent=global|kappa=na|min_support=5,handling_level|seller_id|C|w90|l14|P1|parent=global|kappa=na,handling_level,continuous,development,2017-07-15,2017-07,30,4025,4025,4025,0,0,0,0,0,0,0,0,15,True,exact_match,3039,True,13,9.22151244254e-13,True
S1,handling_level|seller_id|C|w90|l14|P1|parent=global|kappa=na|min_support=5,handling_level|seller_id|C|w90|l14|P1|parent=global|kappa=na,handling_level,continuous,development,2017-07-22,2017-07,7,888,888,888,0,0,0,0,0,0,0,0,4,True,exact_match,646,True,13,3.83582055008e-12,True
S1,handling_level|seller_id|C|w90|l14|P1|parent=global|kappa=na|min_support=5,handling_level|seller_id|C|w90|l14|P1|parent=global|kappa=na,handling_level,continuous,development,2017-07-22,2017-07,30,4087,4087,4087,0,0,0,0,0,0,0,0,19,True,exact_match,2988,True,13,1.19948495581e-12,True
S1,handling_level|seller_id|C|w90|l14|P1|parent=global|kappa=na|min_support=5,handling_level|seller_id|C|w90|l14|P1|parent=global|kappa=na,handling_level,continuous,development,2017-07-29,2017-07,7,992,992,992,0,0,0,0,0,0,0,0,5,True,exact_match,762,True,13,2.67030841883e-12,True
S1,handling_level|seller_id|C|w90|l14|P1|parent=global|kappa=na|min_support=5,handling_level|seller_id|C|w90|l14|P1|parent=global|kappa=na,handling_level,continuous,development,2017-07-29,2017-07,30,4089,4089,4089,0,0,0,0,0,0,0,0,18,True,exact_match,3051,True,13,4.45732339927e-12,True
S1,handling_level|seller_id|C|w90|l14|P1|parent=global|kappa=na|min_support=5,handling_level|seller_id|C|w90|l14|P1|parent=global|kappa=na,handling_level,continuous,development,2017-08-05,2017-08,7,969,969,969,0,0,0,0,0,0,0,0,3,True,exact_match,760,True,13,2.73181477439e-12,True
S1,handling_level|seller_id|C|w90|l14|P1|parent=global|kappa=na|min_support=5,handling_level|seller_id|C|w90|l14|P1|parent=global|kappa=na,handling_level,continuous,development,2017-08-05,2017-08,30,4106,4106,4106,0,0,0,0,0,0,0,0,23,True,exact_match,3020,True,13,4.58699744854e-12,True
S1,handling_level|seller_id|C|w90|l14|P1|parent=global|kappa=na|min_support=5,handling_level|seller_id|C|w90|l14|P1|parent=global|kappa=na,handling_level,continuous,development,2017-08-12,2017-08,7,1026,1026,1026,0,0,0,0,0,0,0,0,7,True,exact_match,813,True,13,2.12208028927e-12,True
S1,handling_level|seller_id|C|w90|l14|P1|parent=global|kappa=na|min_support=5,handling_level|seller_id|C|w90|l14|P1|parent=global|kappa=na,handling_level,continuous,development,2017-08-12,2017-08,30,4041,4041,4041,0,0,0,0,0,0,0,0,27,True,exact_match,3045,True,13,2.56017429479e-12,True
S1,handling_level|seller_id|C|w90|l14|P1|parent=global|kappa=na|min_support=5,handling_level|seller_id|C|w90|l14|P1|parent=global|kappa=na,handling_level,continuous,development,2017-08-19,2017-08,7,890,890,890,0,0,0,0,0,0,0,0,9,True,exact_match,695,True,13,2.68451927354e-12,True
S1,handling_level|seller_id|C|w90|l14|P1|parent=global|kappa=na|min_support=5,handling_level|seller_id|C|w90|l14|P1|parent=global|kappa=na,handling_level,continuous,development,2017-08-19,2017-08,30,4179,4179,4179,0,0,0,0,0,0,0,0,32,True,exact_match,3153,True,13,3.7512215556e-12,True
S1,handling_level|seller_id|C|w90|l14|P1|parent=global|kappa=na|min_support=5,handling_level|seller_id|C|w90|l14|P1|parent=global|kappa=na,handling_level,continuous,development,2017-08-26,2017-08,7,992,992,992,0,0,0,0,0,0,0,0,9,True,exact_match,742,True,13,1.67643676718e-12,True
S1,handling_level|seller_id|C|w90|l14|P1|parent=global|kappa=na|min_support=5,handling_level|seller_id|C|w90|l14|P1|parent=global|kappa=na,handling_level,continuous,development,2017-08-26,2017-08,30,4283,4283,4283,0,0,0,0,0,0,0,0,38,True,exact_match,3234,True,13,4.36162217454e-12,True
S1,handling_level|seller_id|C|w90|l14|P1|parent=global|kappa=na|min_support=5,handling_level|seller_id|C|w90|l14|P1|parent=global|kappa=na,handling_level,continuous,development,2017-09-02,2017-09,7,891,891,891,0,0,0,0,0,0,0,0,7,True,exact_match,688,True,13,6.80844269851e-13,True
S1,handling_level|seller_id|C|w90|l14|P1|parent=global|kappa=na|min_support=5,handling_level|seller_id|C|w90|l14|P1|parent=global|kappa=na,handling_level,continuous,development,2017-09-02,2017-09,30,4255,4255,4255,0,0,0,0,0,0,0,0,39,True,exact_match,3254,True,13,9.22151244254e-13,True
S1,handling_level|seller_id|C|w90|l14|P1|parent=global|kappa=na|min_support=5,handling_level|seller_id|C|w90|l14|P1|parent=global|kappa=na,handling_level,continuous,development,2017-09-09,2017-09,7,1151,1151,1151,0,0,0,0,0,0,0,0,16,True,exact_match,903,True,13,9.24371690303e-13,True
S1,handling_level|seller_id|C|w90|l14|P1|parent=global|kappa=na|min_support=5,handling_level|seller_id|C|w90|l14|P1|parent=global|kappa=na,handling_level,continuous,development,2017-09-09,2017-09,30,4363,4363,4363,0,0,0,0,0,0,0,0,53,True,exact_match,3328,True,13,4.91073848252e-12,True
S1,handling_level|seller_id|C|w90|l14|P1|parent=global|kappa=na|min_support=5,handling_level|seller_id|C|w90|l14|P1|parent=global|kappa=na,handling_level,continuous,development,2017-09-16,2017-09,7,1043,1043,1043,0,0,0,0,0,0,0,0,8,True,exact_match,830,True,13,4.90452123358e-12,True
S1,handling_level|seller_id|C|w90|l14|P1|parent=global|kappa=na|min_support=5,handling_level|seller_id|C|w90|l14|P1|parent=global|kappa=na,handling_level,continuous,development,2017-09-16,2017-09,30,4282,4282,4282,0,0,0,0,0,0,0,0,33,True,exact_match,3274,True,13,1.79589676463e-12,True
S1,handling_level|seller_id|C|w90|l14|P1|parent=global|kappa=na|min_support=5,handling_level|seller_id|C|w90|l14|P1|parent=global|kappa=na,handling_level,continuous,development,2017-09-23,2017-09,7,933,933,933,0,0,0,0,0,0,0,0,8,True,exact_match,729,True,13,3.67061936402e-12,True
S1,handling_level|seller_id|C|w90|l14|P1|parent=global|kappa=na|min_support=5,handling_level|seller_id|C|w90|l14|P1|parent=global|kappa=na,handling_level,continuous,development,2017-09-23,2017-09,30,4386,4386,4386,0,0,0,0,0,0,0,0,40,True,exact_match,3293,True,13,3.50164341967e-13,True
S1,handling_level|seller_id|C|w90|l14|P1|parent=global|kappa=na|min_support=5,handling_level|seller_id|C|w90|l14|P1|parent=global|kappa=na,handling_level,continuous,development,2017-09-30,2017-09,7,1005,1005,1005,0,0,0,0,0,0,0,0,7,True,exact_match,790,True,13,2.59658960999e-12,True
S1,handling_level|seller_id|C|w90|l14|P1|parent=global|kappa=na|min_support=5,handling_level|seller_id|C|w90|l14|P1|parent=global|kappa=na,handling_level,continuous,development,2017-09-30,2017-09,30,4431,4431,4431,0,0,0,0,0,0,0,0,31,True,exact_match,3377,True,13,2.36832775613e-12,True
S1,handling_level|seller_id|C|w90|l14|P1|parent=global|kappa=na|min_support=5,handling_level|seller_id|C|w90|l14|P1|parent=global|kappa=na,handling_level,continuous,development,2017-10-07,2017-10,7,1064,1064,1064,0,0,0,0,0,0,0,0,7,True,exact_match,825,True,13,3.88378218474e-12,True
S1,handling_level|seller_id|C|w90|l14|P1|parent=global|kappa=na|min_support=5,handling_level|seller_id|C|w90|l14|P1|parent=global|kappa=na,handling_level,continuous,development,2017-10-07,2017-10,30,4368,4368,4368,0,0,0,0,0,0,0,0,28,True,exact_match,3336,True,13,1.44395606583e-12,True
S1,handling_level|seller_id|C|w90|l14|P1|parent=global|kappa=na|min_support=5,handling_level|seller_id|C|w90|l14|P1|parent=global|kappa=na,handling_level,continuous,development,2017-10-14,2017-10,7,1113,1113,1113,0,0,0,0,0,0,0,0,9,True,exact_match,856,True,13,1.44217970899e-12,True
S1,handling_level|seller_id|C|w90|l14|P1|parent=global|kappa=na|min_support=5,handling_level|seller_id|C|w90|l14|P1|parent=global|kappa=na,handling_level,continuous,development,2017-10-14,2017-10,30,4521,4521,4521,0,0,0,0,0,0,0,0,32,True,exact_match,3421,True,13,2.40918396344e-13,True
S1,handling_level|seller_id|C|w90|l14|P1|parent=global|kappa=na|min_support=5,handling_level|seller_id|C|w90|l14|P1|parent=global|kappa=na,handling_level,continuous,development,2017-10-21,2017-10,7,1029,1029,1029,0,0,0,0,0,0,0,0,8,True,exact_match,817,True,13,6.41486863628e-13,True
S1,handling_level|seller_id|C|w90|l14|P1|parent=global|kappa=na|min_support=5,handling_level|seller_id|C|w90|l14|P1|parent=global|kappa=na,handling_level,continuous,development,2017-10-21,2017-10,30,4721,4721,4721,0,0,0,0,0,0,0,0,36,True,exact_match,3533,True,13,9.43911615536e-13,True
S1,handling_level|seller_id|C|w90|l14|P1|parent=global|kappa=na|min_support=5,handling_level|seller_id|C|w90|l14|P1|parent=global|kappa=na,handling_level,continuous,development,2017-10-28,2017-10,7,907,907,907,0,0,0,0,0,0,0,0,1,True,exact_match,716,True,13,4.79927209085e-12,True
S1,handling_level|seller_id|C|w90|l14|P1|parent=global|kappa=na|min_support=5,handling_level|seller_id|C|w90|l14|P1|parent=global|kappa=na,handling_level,continuous,development,2017-10-28,2017-10,30,6700,6700,6700,0,0,0,0,0,0,0,0,29,True,exact_match,4992,True,13,3.4579006325e-12,True
S1,handling_level|seller_id|C|w90|l14|P1|parent=global|kappa=na|min_support=5,handling_level|seller_id|C|w90|l14|P1|parent=global|kappa=na,handling_level,continuous,development,2017-11-04,2017-11,7,1139,1139,1139,0,0,0,0,0,0,0,0,8,True,exact_match,883,True,13,2.41850983684e-12,True
S1,handling_level|seller_id|C|w90|l14|P1|parent=global|kappa=na|min_support=5,handling_level|seller_id|C|w90|l14|P1|parent=global|kappa=na,handling_level,continuous,development,2017-11-04,2017-11,30,7891,7891,7891,0,0,0,0,0,0,0,0,39,True,exact_match,5935,True,13,4.79150052968e-12,True
S1,handling_level|seller_id|C|w90|l14|P1|parent=global|kappa=na|min_support=5,handling_level|seller_id|C|w90|l14|P1|parent=global|kappa=na,handling_level,continuous,development,2017-11-11,2017-11,7,1339,1339,1339,0,0,0,0,0,0,0,0,10,True,exact_match,1016,True,13,1.23889787318e-12,True
S1,handling_level|seller_id|C|w90|l14|P1|parent=global|kappa=na|min_support=5,handling_level|seller_id|C|w90|l14|P1|parent=global|kappa=na,handling_level,continuous,development,2017-11-11,2017-11,30,8444,8444,8444,0,0,0,0,0,0,0,0,50,True,exact_match,6482,True,13,8.45649938963e-13,True
S1,handling_level|seller_id|C|w90|l14|P1|parent=global|kappa=na|min_support=5,handling_level|seller_id|C|w90|l14|P1|parent=global|kappa=na,handling_level,continuous,development,2017-11-18,2017-11,7,2425,2425,2425,0,0,0,0,0,0,0,0,22,True,exact_match,1943,True,13,2.77955436445e-12,True
S1,handling_level|seller_id|C|w90|l14|P1|parent=global|kappa=na|min_support=5,handling_level|seller_id|C|w90|l14|P1|parent=global|kappa=na,handling_level,continuous,development,2017-11-18,2017-11,30,8506,8506,8506,0,0,0,0,0,0,0,0,76,True,exact_match,6643,True,13,1.96975769029e-12,True
S1,handling_level|seller_id|C|w90|l14|P1|parent=global|kappa=na|min_support=5,handling_level|seller_id|C|w90|l14|P1|parent=global|kappa=na,handling_level,continuous,development,2017-11-25,2017-11,7,2538,2538,2538,0,0,0,0,0,0,0,0,21,True,exact_match,2051,True,13,7.45625783338e-13,True
S1,handling_level|seller_id|C|w90|l14|P1|parent=global|kappa=na|min_support=5,handling_level|seller_id|C|w90|l14|P1|parent=global|kappa=na,handling_level,continuous,development,2017-11-25,2017-11,30,7059,7059,7059,0,0,0,0,0,0,0,0,60,True,exact_match,5613,True,13,4.71733763163e-13,True
S1,handling_level|seller_id|C|w90|l14|P1|parent=global|kappa=na|min_support=5,handling_level|seller_id|C|w90|l14|P1|parent=global|kappa=na,handling_level,continuous,development,2017-12-02,2017-12,7,1797,1797,1797,0,0,0,0,0,0,0,0,16,True,exact_match,1425,True,13,1.88071780372e-12,True
S1,handling_level|seller_id|C|w90|l14|P1|parent=global|kappa=na|min_support=5,handling_level|seller_id|C|w90|l14|P1|parent=global|kappa=na,handling_level,continuous,development,2017-12-02,2017-12,30,5398,5398,5398,0,0,0,0,0,0,0,0,48,True,exact_match,4318,True,13,3.5389469133e-12,True
S1,handling_level|seller_id|C|w90|l14|P1|parent=global|kappa=na|min_support=5,handling_level|seller_id|C|w90|l14|P1|parent=global|kappa=na,handling_level,continuous,development,2017-12-09,2017-12,7,1482,1482,1482,0,0,0,0,0,0,0,0,8,True,exact_match,1219,True,13,4.82791584488e-12,True
S1,handling_level|seller_id|C|w90|l14|P1|parent=global|kappa=na|min_support=5,handling_level|seller_id|C|w90|l14|P1|parent=global|kappa=na,handling_level,continuous,development,2017-12-16,2017-12,7,1074,1074,1074,0,0,0,0,0,0,0,0,14,True,exact_match,894,True,13,4.53637127862e-12,True
S1,handling_level|seller_id|C|w90|l14|P1|parent=global|kappa=na|min_support=5,handling_level|seller_id|C|w90|l14|P1|parent=global|kappa=na,handling_level,continuous,development,2017-12-23,2017-12,7,874,874,874,0,0,0,0,0,0,0,0,5,True,exact_match,771,True,13,4.15512069196e-12,True
S1,handling_level|seller_id|C|w90|l14|P1|parent=global|kappa=na|min_support=5,handling_level|seller_id|C|w90|l14|P1|parent=global|kappa=na,handling_level,continuous,confirmation,2018-01-06,2018-01,7,1743,1743,1743,0,0,0,0,0,0,0,0,6,True,exact_match,1476,True,13,7.67386154621e-13,True
S1,handling_level|seller_id|C|w90|l14|P1|parent=global|kappa=na|min_support=5,handling_level|seller_id|C|w90|l14|P1|parent=global|kappa=na,handling_level,continuous,confirmation,2018-01-06,2018-01,30,7136,7136,7136,0,0,0,0,0,0,0,0,32,True,exact_match,5667,True,13,4.14779322e-12,True
S1,handling_level|seller_id|C|w90|l14|P1|parent=global|kappa=na|min_support=5,handling_level|seller_id|C|w90|l14|P1|parent=global|kappa=na,handling_level,continuous,confirmation,2018-01-13,2018-01,7,1821,1821,1821,0,0,0,0,0,0,0,0,9,True,exact_match,1471,True,13,1.56097357262e-12,True
S1,handling_level|seller_id|C|w90|l14|P1|parent=global|kappa=na|min_support=5,handling_level|seller_id|C|w90|l14|P1|parent=global|kappa=na,handling_level,continuous,confirmation,2018-01-13,2018-01,30,6977,6977,6977,0,0,0,0,0,0,0,0,36,True,exact_match,5439,True,13,3.61544127969e-13,True
S1,handling_level|seller_id|C|w90|l14|P1|parent=global|kappa=na|min_support=5,handling_level|seller_id|C|w90|l14|P1|parent=global|kappa=na,handling_level,continuous,confirmation,2018-01-20,2018-01,7,1665,1665,1665,0,0,0,0,0,0,0,0,14,True,exact_match,1325,True,13,4.84279283341e-12,True
S1,handling_level|seller_id|C|w90|l14|P1|parent=global|kappa=na|min_support=5,handling_level|seller_id|C|w90|l14|P1|parent=global|kappa=na,handling_level,continuous,confirmation,2018-01-20,2018-01,30,6796,6796,6796,0,0,0,0,0,0,0,0,42,True,exact_match,5235,True,13,2.42184050592e-12,True
S1,handling_level|seller_id|C|w90|l14|P1|parent=global|kappa=na|min_support=5,handling_level|seller_id|C|w90|l14|P1|parent=global|kappa=na,handling_level,continuous,confirmation,2018-01-27,2018-01,7,1513,1513,1513,0,0,0,0,0,0,0,0,8,True,exact_match,1183,True,13,4.73554528924e-12,True
S1,handling_level|seller_id|C|w90|l14|P1|parent=global|kappa=na|min_support=5,handling_level|seller_id|C|w90|l14|P1|parent=global|kappa=na,handling_level,continuous,confirmation,2018-01-27,2018-01,30,6887,6887,6887,0,0,0,0,0,0,0,0,35,True,exact_match,5467,True,13,3.23741033981e-13,True
S1,handling_level|seller_id|C|w90|l14|P1|parent=global|kappa=na|min_support=5,handling_level|seller_id|C|w90|l14|P1|parent=global|kappa=na,handling_level,continuous,confirmation,2018-02-03,2018-02,7,1627,1627,1627,0,0,0,0,0,0,0,0,5,True,exact_match,1319,True,13,4.38982183937e-12,True
S1,handling_level|seller_id|C|w90|l14|P1|parent=global|kappa=na|min_support=5,handling_level|seller_id|C|w90|l14|P1|parent=global|kappa=na,handling_level,continuous,confirmation,2018-02-03,2018-02,30,7277,7277,7277,0,0,0,0,0,0,0,0,43,True,exact_match,5830,True,13,1.90603088868e-12,True
S1,handling_level|seller_id|C|w90|l14|P1|parent=global|kappa=na|min_support=5,handling_level|seller_id|C|w90|l14|P1|parent=global|kappa=na,handling_level,continuous,confirmation,2018-02-10,2018-02,7,1585,1585,1585,0,0,0,0,0,0,0,0,13,True,exact_match,1352,True,13,2.92343926844e-12,True
S1,handling_level|seller_id|C|w90|l14|P1|parent=global|kappa=na|min_support=5,handling_level|seller_id|C|w90|l14|P1|parent=global|kappa=na,handling_level,continuous,confirmation,2018-02-10,2018-02,30,7293,7293,7293,0,0,0,0,0,0,0,0,48,True,exact_match,5998,True,13,2.98250313335e-12,True
S1,handling_level|seller_id|C|w90|l14|P1|parent=global|kappa=na|min_support=5,handling_level|seller_id|C|w90|l14|P1|parent=global|kappa=na,handling_level,continuous,confirmation,2018-02-17,2018-02,7,1734,1734,1734,0,0,0,0,0,0,0,0,8,True,exact_match,1467,True,13,4.49906778499e-12,True
S1,handling_level|seller_id|C|w90|l14|P1|parent=global|kappa=na|min_support=5,handling_level|seller_id|C|w90|l14|P1|parent=global|kappa=na,handling_level,continuous,confirmation,2018-02-17,2018-02,30,7303,7303,7303,0,0,0,0,0,0,0,0,39,True,exact_match,6003,True,13,2.6418867094e-12,True
S1,handling_level|seller_id|C|w90|l14|P1|parent=global|kappa=na|min_support=5,handling_level|seller_id|C|w90|l14|P1|parent=global|kappa=na,handling_level,continuous,confirmation,2018-02-24,2018-02,7,1881,1881,1881,0,0,0,0,0,0,0,0,14,True,exact_match,1557,True,13,1.93378646429e-12,True
S1,handling_level|seller_id|C|w90|l14|P1|parent=global|kappa=na|min_support=5,handling_level|seller_id|C|w90|l14|P1|parent=global|kappa=na,handling_level,continuous,confirmation,2018-02-24,2018-02,30,7285,7285,7285,0,0,0,0,0,0,0,0,52,True,exact_match,5926,True,13,1.78723702504e-12,True
S1,handling_level|seller_id|C|w90|l14|P1|parent=global|kappa=na|min_support=5,handling_level|seller_id|C|w90|l14|P1|parent=global|kappa=na,handling_level,continuous,confirmation,2018-03-03,2018-03,7,1682,1682,1682,0,0,0,0,0,0,0,0,10,True,exact_match,1424,True,13,2.65254485043e-12,True
S1,handling_level|seller_id|C|w90|l14|P1|parent=global|kappa=na|min_support=5,handling_level|seller_id|C|w90|l14|P1|parent=global|kappa=na,handling_level,continuous,confirmation,2018-03-03,2018-03,30,6875,6875,6875,0,0,0,0,0,0,0,0,37,True,exact_match,5594,True,13,4.86521933851e-12,True
S1,handling_level|seller_id|C|w90|l14|P1|parent=global|kappa=na|min_support=5,handling_level|seller_id|C|w90|l14|P1|parent=global|kappa=na,handling_level,continuous,confirmation,2018-03-10,2018-03,7,1611,1611,1611,0,0,0,0,0,0,0,0,19,True,exact_match,1329,True,13,1.39999123405e-12,True
S1,handling_level|seller_id|C|w90|l14|P1|parent=global|kappa=na|min_support=5,handling_level|seller_id|C|w90|l14|P1|parent=global|kappa=na,handling_level,continuous,confirmation,2018-03-10,2018-03,30,6783,6783,6783,0,0,0,0,0,0,0,0,89,True,exact_match,5527,True,13,1.77213799191e-12,True
S1,handling_level|seller_id|C|w90|l14|P1|parent=global|kappa=na|min_support=5,handling_level|seller_id|C|w90|l14|P1|parent=global|kappa=na,handling_level,continuous,confirmation,2018-03-17,2018-03,7,1756,1756,1756,0,0,0,0,0,0,0,0,16,True,exact_match,1458,True,13,2.15139017712e-12,True
S1,handling_level|seller_id|C|w90|l14|P1|parent=global|kappa=na|min_support=5,handling_level|seller_id|C|w90|l14|P1|parent=global|kappa=na,handling_level,continuous,confirmation,2018-03-17,2018-03,30,6726,6726,6726,0,0,0,0,0,0,0,0,48,True,exact_match,5462,True,13,3.86979337463e-12,True
S1,handling_level|seller_id|C|w90|l14|P1|parent=global|kappa=na|min_support=5,handling_level|seller_id|C|w90|l14|P1|parent=global|kappa=na,handling_level,continuous,confirmation,2018-03-24,2018-03,7,1451,1451,1451,0,0,0,0,0,0,0,0,11,True,exact_match,1229,True,13,1.10955689081e-12,True
S1,handling_level|seller_id|C|w90|l14|P1|parent=global|kappa=na|min_support=5,handling_level|seller_id|C|w90|l14|P1|parent=global|kappa=na,handling_level,continuous,confirmation,2018-03-24,2018-03,30,6642,6642,6642,0,0,0,0,0,0,0,0,58,True,exact_match,5045,True,13,6.5014660322e-13,True
S1,handling_level|seller_id|C|w90|l14|P1|parent=global|kappa=na|min_support=5,handling_level|seller_id|C|w90|l14|P1|parent=global|kappa=na,handling_level,continuous,confirmation,2018-03-31,2018-03,7,1616,1616,1616,0,0,0,0,0,0,0,0,10,True,exact_match,1324,True,13,1.38312278297e-12,True
S1,handling_level|seller_id|C|w90|l14|P1|parent=global|kappa=na|min_support=5,handling_level|seller_id|C|w90|l14|P1|parent=global|kappa=na,handling_level,continuous,confirmation,2018-03-31,2018-03,30,6867,6867,6867,0,0,0,0,0,0,0,0,79,True,exact_match,5107,True,13,1.32041599876e-12,True
S1,handling_level|seller_id|C|w90|l14|P1|parent=global|kappa=na|min_support=5,handling_level|seller_id|C|w90|l14|P1|parent=global|kappa=na,handling_level,continuous,confirmation,2018-04-07,2018-04,7,1534,1534,1534,0,0,0,0,0,0,0,0,15,True,exact_match,1240,True,13,2.64144262019e-12,True
S1,handling_level|seller_id|C|w90|l14|P1|parent=global|kappa=na|min_support=5,handling_level|seller_id|C|w90|l14|P1|parent=global|kappa=na,handling_level,continuous,confirmation,2018-04-07,2018-04,30,7021,7021,7021,0,0,0,0,0,0,0,0,82,True,exact_match,5169,True,13,1.59272595113e-12,True
S1,handling_level|seller_id|C|w90|l14|P1|parent=global|kappa=na|min_support=5,handling_level|seller_id|C|w90|l14|P1|parent=global|kappa=na,handling_level,continuous,confirmation,2018-04-14,2018-04,7,1685,1685,1685,0,0,0,0,0,0,0,0,19,True,exact_match,1250,True,13,5.42677014437e-13,True
S1,handling_level|seller_id|C|w90|l14|P1|parent=global|kappa=na|min_support=5,handling_level|seller_id|C|w90|l14|P1|parent=global|kappa=na,handling_level,continuous,confirmation,2018-04-14,2018-04,30,7474,7474,7474,0,0,0,0,0,0,0,0,80,True,exact_match,5424,True,13,2.47779574636e-12,True
S1,handling_level|seller_id|C|w90|l14|P1|parent=global|kappa=na|min_support=5,handling_level|seller_id|C|w90|l14|P1|parent=global|kappa=na,handling_level,continuous,confirmation,2018-04-21,2018-04,7,1692,1692,1692,0,0,0,0,0,0,0,0,22,True,exact_match,1130,True,13,6.81218970122e-13,True
S1,handling_level|seller_id|C|w90|l14|P1|parent=global|kappa=na|min_support=5,handling_level|seller_id|C|w90|l14|P1|parent=global|kappa=na,handling_level,continuous,confirmation,2018-04-21,2018-04,30,7626,7626,7626,0,0,0,0,0,0,0,0,81,True,exact_match,5672,True,13,4.83413309382e-12,True
S1,handling_level|seller_id|C|w90|l14|P1|parent=global|kappa=na|min_support=5,handling_level|seller_id|C|w90|l14|P1|parent=global|kappa=na,handling_level,continuous,confirmation,2018-04-28,2018-04,7,1702,1702,1702,0,0,0,0,0,0,0,0,24,True,exact_match,1359,True,13,1.13420384196e-12,True
S1,handling_level|seller_id|C|w90|l14|P1|parent=global|kappa=na|min_support=5,handling_level|seller_id|C|w90|l14|P1|parent=global|kappa=na,handling_level,continuous,confirmation,2018-04-28,2018-04,30,6888,6888,6888,0,0,0,0,0,0,0,0,77,True,exact_match,5414,True,13,3.87534448976e-12,True
S1,handling_level|seller_id|C|w90|l14|P1|parent=global|kappa=na|min_support=5,handling_level|seller_id|C|w90|l14|P1|parent=global|kappa=na,handling_level,continuous,confirmation,2018-05-05,2018-05,7,1981,1981,1981,0,0,0,0,0,0,0,0,18,True,exact_match,1569,True,13,3.73567843326e-12,True
S1,handling_level|seller_id|C|w90|l14|P1|parent=global|kappa=na|min_support=5,handling_level|seller_id|C|w90|l14|P1|parent=global|kappa=na,handling_level,continuous,confirmation,2018-05-05,2018-05,30,6269,6269,6269,0,0,0,0,0,0,0,0,55,True,exact_match,4932,True,13,1.7630341631e-12,True
S1,handling_level|seller_id|C|w90|l14|P1|parent=global|kappa=na|min_support=5,handling_level|seller_id|C|w90|l14|P1|parent=global|kappa=na,handling_level,continuous,confirmation,2018-05-12,2018-05,7,1951,1951,1951,0,0,0,0,0,0,0,0,11,True,exact_match,1575,True,13,3.79296594133e-12,True
S1,handling_level|seller_id|C|w90|l14|P1|parent=global|kappa=na|min_support=5,handling_level|seller_id|C|w90|l14|P1|parent=global|kappa=na,handling_level,continuous,confirmation,2018-05-12,2018-05,30,5726,5726,5726,0,0,0,0,0,0,0,0,57,True,exact_match,4510,True,13,2.1642687642e-12,True
S1,handling_level|seller_id|C|w90|l14|P1|parent=global|kappa=na|min_support=5,handling_level|seller_id|C|w90|l14|P1|parent=global|kappa=na,handling_level,continuous,confirmation,2018-05-19,2018-05,7,1055,1055,1055,0,0,0,0,0,0,0,0,8,True,exact_match,862,True,13,2.56283883004e-12,True
S1,handling_level|seller_id|C|w90|l14|P1|parent=global|kappa=na|min_support=5,handling_level|seller_id|C|w90|l14|P1|parent=global|kappa=na,handling_level,continuous,confirmation,2018-05-19,2018-05,30,5289,5289,5289,0,0,0,0,0,0,0,0,51,True,exact_match,4098,True,13,7.05435709847e-13,True
S1,handling_level|seller_id|C|w90|l14|P1|parent=global|kappa=na|min_support=5,handling_level|seller_id|C|w90|l14|P1|parent=global|kappa=na,handling_level,continuous,confirmation,2018-05-26,2018-05,7,948,948,948,0,0,0,0,0,0,0,0,12,True,exact_match,776,True,13,1.59983137848e-12,True
S1,handling_level|seller_id|C|w90|l14|P1|parent=global|kappa=na|min_support=5,handling_level|seller_id|C|w90|l14|P1|parent=global|kappa=na,handling_level,continuous,confirmation,2018-05-26,2018-05,30,5691,5691,5691,0,0,0,0,0,0,0,0,44,True,exact_match,4401,True,13,5.27244914394e-13,True
S1,handling_level|seller_id|C|w90|l14|P1|parent=global|kappa=na|min_support=5,handling_level|seller_id|C|w90|l14|P1|parent=global|kappa=na,handling_level,continuous,confirmation,2018-06-02,2018-06,7,1407,1407,1407,0,0,0,0,0,0,0,0,15,True,exact_match,1132,True,13,2.66586752673e-12,True
S1,handling_level|seller_id|C|w90|l14|P1|parent=global|kappa=na|min_support=5,handling_level|seller_id|C|w90|l14|P1|parent=global|kappa=na,handling_level,continuous,confirmation,2018-06-09,2018-06,7,1562,1562,1562,0,0,0,0,0,0,0,0,10,True,exact_match,1226,True,13,2.90389934321e-12,True
S1,handling_level|seller_id|C|w90|l14|P1|parent=global|kappa=na|min_support=5,handling_level|seller_id|C|w90|l14|P1|parent=global|kappa=na,handling_level,continuous,confirmation,2018-06-16,2018-06,7,1424,1424,1424,0,0,0,0,0,0,0,0,8,True,exact_match,1128,True,13,1.20344012533e-12,True
S1,handling_level|seller_id|C|w90|l14|P1|parent=global|kappa=na|min_support=5,handling_level|seller_id|C|w90|l14|P1|parent=global|kappa=na,handling_level,continuous,confirmation,2018-06-23,2018-06,7,1466,1466,1466,0,0,0,0,0,0,0,0,20,True,exact_match,1096,True,13,2.7458035845e-12,True
S1,handling_level|seller_id|C|w90|l14|P1|parent=global|kappa=na|min_support=5,handling_level|seller_id|C|w90|l14|P1|parent=global|kappa=na,handling_level,continuous,terminal,2018-07-07,2018-07,7,914,914,914,0,0,0,0,0,0,0,0,19,True,exact_match,696,True,13,3.60111940267e-12,True
S1,handling_level|seller_id|C|w90|l14|P1|parent=global|kappa=na|min_support=5,handling_level|seller_id|C|w90|l14|P1|parent=global|kappa=na,handling_level,continuous,terminal,2018-07-07,2018-07,30,6596,6596,6596,0,0,0,0,0,0,0,0,105,True,exact_match,4772,True,13,3.06887848467e-12,True
S1,handling_level|seller_id|C|w90|l14|P1|parent=global|kappa=na|min_support=5,handling_level|seller_id|C|w90|l14|P1|parent=global|kappa=na,handling_level,continuous,terminal,2018-07-14,2018-07,7,1576,1576,1576,0,0,0,0,0,0,0,0,24,True,exact_match,1201,True,13,9.03277452835e-13,True
S1,handling_level|seller_id|C|w90|l14|P1|parent=global|kappa=na|min_support=5,handling_level|seller_id|C|w90|l14|P1|parent=global|kappa=na,handling_level,continuous,terminal,2018-07-14,2018-07,30,7670,7670,7670,0,0,0,0,0,0,0,0,105,True,exact_match,5509,True,13,4.2019721036e-12,True
S1,handling_level|seller_id|C|w90|l14|P1|parent=global|kappa=na|min_support=5,handling_level|seller_id|C|w90|l14|P1|parent=global|kappa=na,handling_level,continuous,terminal,2018-07-21,2018-07,7,1684,1684,1684,0,0,0,0,0,0,0,0,12,True,exact_match,1214,True,13,1.91580085129e-12,True
S1,handling_level|seller_id|C|w90|l14|P1|parent=global|kappa=na|min_support=5,handling_level|seller_id|C|w90|l14|P1|parent=global|kappa=na,handling_level,continuous,terminal,2018-07-21,2018-07,30,7969,7969,7969,0,0,0,0,0,0,0,0,99,True,exact_match,5619,True,13,2.81952239334e-12,True
S1,handling_level|seller_id|C|w90|l14|P1|parent=global|kappa=na|min_support=5,handling_level|seller_id|C|w90|l14|P1|parent=global|kappa=na,handling_level,continuous,terminal,2018-07-28,2018-07,7,1901,1901,1901,0,0,0,0,0,0,0,0,21,True,exact_match,1378,True,13,2.05613304161e-12,True
S1,handling_level|seller_id|C|w90|l14|P1|parent=global|kappa=na|min_support=5,handling_level|seller_id|C|w90|l14|P1|parent=global|kappa=na,handling_level,continuous,terminal,2018-07-28,2018-07,30,7356,7356,7356,0,0,0,0,0,0,0,0,94,True,exact_match,5155,True,13,1.73705494433e-12,True
S1,handling_level|seller_id|C|w90|l14|P1|parent=global|kappa=na|min_support=5,handling_level|seller_id|C|w90|l14|P1|parent=global|kappa=na,handling_level,continuous,terminal,2018-08-04,2018-08,7,2124,2124,2124,0,0,0,0,0,0,0,0,28,True,exact_match,1548,True,13,1.3073986338e-12,True
S1,handling_level|seller_id|C|w90|l14|P1|parent=global|kappa=na|min_support=5,handling_level|seller_id|C|w90|l14|P1|parent=global|kappa=na,handling_level,continuous,terminal,2018-08-11,2018-08,7,1858,1858,1858,0,0,0,0,0,0,0,0,34,True,exact_match,1359,True,13,1.0371703496e-12,True
S1,handling_level|seller_id|C|w90|l14|P1|parent=global|kappa=na|min_support=5,handling_level|seller_id|C|w90|l14|P1|parent=global|kappa=na,handling_level,continuous,terminal,2018-08-18,2018-08,7,1331,1331,1331,0,0,0,0,0,0,0,0,15,True,exact_match,952,True,13,3.27360361041e-12,True
S2,handling_tail|seller_id|A|w90|l0|P1|parent=global|kappa=10|min_support=5,handling_tail|seller_id|A|w90|l0|P1|parent=global|kappa=10,handling_tail,binary,development,2017-04-01,2017-04,7,578,578,578,0,0,0,0,0,0,0,0,1,True,exact_match,432,True,14,4.08340028457e-13,True
S2,handling_tail|seller_id|A|w90|l0|P1|parent=global|kappa=10|min_support=5,handling_tail|seller_id|A|w90|l0|P1|parent=global|kappa=10,handling_tail,binary,development,2017-04-01,2017-04,30,2404,2404,2404,0,0,0,0,0,0,0,0,7,True,exact_match,1677,True,14,1.21458398894e-12,True
S2,handling_tail|seller_id|A|w90|l0|P1|parent=global|kappa=10|min_support=5,handling_tail|seller_id|A|w90|l0|P1|parent=global|kappa=10,handling_tail,binary,development,2017-04-08,2017-04,7,483,483,483,0,0,0,0,0,0,0,0,1,True,exact_match,340,True,14,3.33288951992e-12,True
S2,handling_tail|seller_id|A|w90|l0|P1|parent=global|kappa=10|min_support=5,handling_tail|seller_id|A|w90|l0|P1|parent=global|kappa=10,handling_tail,binary,development,2017-04-08,2017-04,30,2614,2614,2614,0,0,0,0,0,0,0,0,9,True,exact_match,1837,True,14,3.90176779774e-12,True
S2,handling_tail|seller_id|A|w90|l0|P1|parent=global|kappa=10|min_support=5,handling_tail|seller_id|A|w90|l0|P1|parent=global|kappa=10,handling_tail,binary,development,2017-04-15,2017-04,7,500,500,500,0,0,0,0,0,0,0,0,0,True,exact_match,365,True,14,4.87787588099e-12,True
S2,handling_tail|seller_id|A|w90|l0|P1|parent=global|kappa=10|min_support=5,handling_tail|seller_id|A|w90|l0|P1|parent=global|kappa=10,handling_tail,binary,development,2017-04-15,2017-04,30,2925,2925,2925,0,0,0,0,0,0,0,0,11,True,exact_match,2069,True,14,1.62714286489e-12,True
S2,handling_tail|seller_id|A|w90|l0|P1|parent=global|kappa=10|min_support=5,handling_tail|seller_id|A|w90|l0|P1|parent=global|kappa=10,handling_tail,binary,development,2017-04-22,2017-04,7,701,701,701,0,0,0,0,0,0,0,0,5,True,exact_match,524,True,14,3.21165316564e-12,True
S2,handling_tail|seller_id|A|w90|l0|P1|parent=global|kappa=10|min_support=5,handling_tail|seller_id|A|w90|l0|P1|parent=global|kappa=10,handling_tail,binary,development,2017-04-22,2017-04,30,3365,3365,3365,0,0,0,0,0,0,0,0,15,True,exact_match,2406,True,14,4.67181848762e-13,True
S2,handling_tail|seller_id|A|w90|l0|P1|parent=global|kappa=10|min_support=5,handling_tail|seller_id|A|w90|l0|P1|parent=global|kappa=10,handling_tail,binary,development,2017-04-29,2017-04,7,710,710,710,0,0,0,0,0,0,0,0,4,True,exact_match,552,True,14,1.39177558367e-12,True
S2,handling_tail|seller_id|A|w90|l0|P1|parent=global|kappa=10|min_support=5,handling_tail|seller_id|A|w90|l0|P1|parent=global|kappa=10,handling_tail,binary,development,2017-04-29,2017-04,30,3448,3448,3448,0,0,0,0,0,0,0,0,18,True,exact_match,2538,True,14,3.73390207642e-12,True
S2,handling_tail|seller_id|A|w90|l0|P1|parent=global|kappa=10|min_support=5,handling_tail|seller_id|A|w90|l0|P1|parent=global|kappa=10,handling_tail,binary,development,2017-05-06,2017-05,7,829,829,829,0,0,0,0,0,0,0,0,0,True,exact_match,619,True,14,3.06810132855e-13,True
S2,handling_tail|seller_id|A|w90|l0|P1|parent=global|kappa=10|min_support=5,handling_tail|seller_id|A|w90|l0|P1|parent=global|kappa=10,handling_tail,binary,development,2017-05-06,2017-05,30,3574,3574,3574,0,0,0,0,0,0,0,0,14,True,exact_match,2640,True,14,4.89563944939e-12,True
S2,handling_tail|seller_id|A|w90|l0|P1|parent=global|kappa=10|min_support=5,handling_tail|seller_id|A|w90|l0|P1|parent=global|kappa=10,handling_tail,binary,development,2017-05-13,2017-05,7,905,905,905,0,0,0,0,0,0,0,0,3,True,exact_match,686,True,14,1.92734717075e-12,True
S2,handling_tail|seller_id|A|w90|l0|P1|parent=global|kappa=10|min_support=5,handling_tail|seller_id|A|w90|l0|P1|parent=global|kappa=10,handling_tail,binary,development,2017-05-13,2017-05,30,3592,3592,3592,0,0,0,0,0,0,0,0,10,True,exact_match,2675,True,14,4.1073811019e-12,True
S2,handling_tail|seller_id|A|w90|l0|P1|parent=global|kappa=10|min_support=5,handling_tail|seller_id|A|w90|l0|P1|parent=global|kappa=10,handling_tail,binary,development,2017-05-20,2017-05,7,823,823,823,0,0,0,0,0,0,0,0,0,True,exact_match,659,True,14,3.31468186232e-12,True
S2,handling_tail|seller_id|A|w90|l0|P1|parent=global|kappa=10|min_support=5,handling_tail|seller_id|A|w90|l0|P1|parent=global|kappa=10,handling_tail,binary,development,2017-05-20,2017-05,30,3440,3440,3440,0,0,0,0,0,0,0,0,13,True,exact_match,2670,True,14,3.99325017497e-12,True
S2,handling_tail|seller_id|A|w90|l0|P1|parent=global|kappa=10|min_support=5,handling_tail|seller_id|A|w90|l0|P1|parent=global|kappa=10,handling_tail,binary,development,2017-05-27,2017-05,7,826,826,826,0,0,0,0,0,0,0,0,4,True,exact_match,672,True,14,2.06901162869e-12,True
S2,handling_tail|seller_id|A|w90|l0|P1|parent=global|kappa=10|min_support=5,handling_tail|seller_id|A|w90|l0|P1|parent=global|kappa=10,handling_tail,binary,development,2017-05-27,2017-05,30,3278,3278,3278,0,0,0,0,0,0,0,0,16,True,exact_match,2657,True,14,1.63957736277e-12,True
S2,handling_tail|seller_id|A|w90|l0|P1|parent=global|kappa=10|min_support=5,handling_tail|seller_id|A|w90|l0|P1|parent=global|kappa=10,handling_tail,binary,development,2017-06-03,2017-06,7,846,846,846,0,0,0,0,0,0,0,0,6,True,exact_match,698,True,14,4.21468415723e-13,True
S2,handling_tail|seller_id|A|w90|l0|P1|parent=global|kappa=10|min_support=5,handling_tail|seller_id|A|w90|l0|P1|parent=global|kappa=10,handling_tail,binary,development,2017-06-03,2017-06,30,3182,3182,3182,0,0,0,0,0,0,0,0,14,True,exact_match,2630,True,14,2.33191244092e-12,True
S2,handling_tail|seller_id|A|w90|l0|P1|parent=global|kappa=10|min_support=5,handling_tail|seller_id|A|w90|l0|P1|parent=global|kappa=10,handling_tail,binary,development,2017-06-10,2017-06,7,780,780,780,0,0,0,0,0,0,0,0,3,True,exact_match,661,True,14,2.4482638139e-12,True
S2,handling_tail|seller_id|A|w90|l0|P1|parent=global|kappa=10|min_support=5,handling_tail|seller_id|A|w90|l0|P1|parent=global|kappa=10,handling_tail,binary,development,2017-06-10,2017-06,30,3177,3177,3177,0,0,0,0,0,0,0,0,10,True,exact_match,2607,True,14,3.85380616308e-12,True
S2,handling_tail|seller_id|A|w90|l0|P1|parent=global|kappa=10|min_support=5,handling_tail|seller_id|A|w90|l0|P1|parent=global|kappa=10,handling_tail,binary,development,2017-06-17,2017-06,7,645,645,645,0,0,0,0,0,0,0,0,2,True,exact_match,547,True,14,4.28590496426e-12,True
S2,handling_tail|seller_id|A|w90|l0|P1|parent=global|kappa=10|min_support=5,handling_tail|seller_id|A|w90|l0|P1|parent=global|kappa=10,handling_tail,binary,development,2017-06-17,2017-06,30,3356,3356,3356,0,0,0,0,0,0,0,0,12,True,exact_match,2709,True,14,1.73505654288e-12,True
S2,handling_tail|seller_id|A|w90|l0|P1|parent=global|kappa=10|min_support=5,handling_tail|seller_id|A|w90|l0|P1|parent=global|kappa=10,handling_tail,binary,development,2017-06-24,2017-06,7,723,723,723,0,0,0,0,0,0,0,0,3,True,exact_match,601,True,14,2.80220291415e-12,True
S2,handling_tail|seller_id|A|w90|l0|P1|parent=global|kappa=10|min_support=5,handling_tail|seller_id|A|w90|l0|P1|parent=global|kappa=10,handling_tail,binary,development,2017-06-24,2017-06,30,3674,3674,3674,0,0,0,0,0,0,0,0,10,True,exact_match,2948,True,14,4.06918942986e-12,True
S2,handling_tail|seller_id|A|w90|l0|P1|parent=global|kappa=10|min_support=5,handling_tail|seller_id|A|w90|l0|P1|parent=global|kappa=10,handling_tail,binary,development,2017-07-01,2017-07,7,851,851,851,0,0,0,0,0,0,0,0,3,True,exact_match,693,True,14,2.85726997618e-12,True
S2,handling_tail|seller_id|A|w90|l0|P1|parent=global|kappa=10|min_support=5,handling_tail|seller_id|A|w90|l0|P1|parent=global|kappa=10,handling_tail,binary,development,2017-07-01,2017-07,30,3878,3878,3878,0,0,0,0,0,0,0,0,12,True,exact_match,3057,True,14,3.26583204924e-12,True
S2,handling_tail|seller_id|A|w90|l0|P1|parent=global|kappa=10|min_support=5,handling_tail|seller_id|A|w90|l0|P1|parent=global|kappa=10,handling_tail,binary,development,2017-07-08,2017-07,7,925,925,925,0,0,0,0,0,0,0,0,4,True,exact_match,736,True,14,4.66293670343e-12,True
S2,handling_tail|seller_id|A|w90|l0|P1|parent=global|kappa=10|min_support=5,handling_tail|seller_id|A|w90|l0|P1|parent=global|kappa=10,handling_tail,binary,development,2017-07-08,2017-07,30,4011,4011,4011,0,0,0,0,0,0,0,0,15,True,exact_match,3110,True,14,3.36619621066e-12,True
S2,handling_tail|seller_id|A|w90|l0|P1|parent=global|kappa=10|min_support=5,handling_tail|seller_id|A|w90|l0|P1|parent=global|kappa=10,handling_tail,binary,development,2017-07-15,2017-07,7,982,982,982,0,0,0,0,0,0,0,0,1,True,exact_match,821,True,14,4.85078643919e-12,True
S2,handling_tail|seller_id|A|w90|l0|P1|parent=global|kappa=10|min_support=5,handling_tail|seller_id|A|w90|l0|P1|parent=global|kappa=10,handling_tail,binary,development,2017-07-15,2017-07,30,4025,4025,4025,0,0,0,0,0,0,0,0,14,True,exact_match,3148,True,14,5.049294316e-13,True
S2,handling_tail|seller_id|A|w90|l0|P1|parent=global|kappa=10|min_support=5,handling_tail|seller_id|A|w90|l0|P1|parent=global|kappa=10,handling_tail,binary,development,2017-07-22,2017-07,7,888,888,888,0,0,0,0,0,0,0,0,4,True,exact_match,679,True,14,4.41513492433e-12,True
S2,handling_tail|seller_id|A|w90|l0|P1|parent=global|kappa=10|min_support=5,handling_tail|seller_id|A|w90|l0|P1|parent=global|kappa=10,handling_tail,binary,development,2017-07-22,2017-07,30,4087,4087,4087,0,0,0,0,0,0,0,0,18,True,exact_match,3143,True,14,2.32569519198e-12,True
S2,handling_tail|seller_id|A|w90|l0|P1|parent=global|kappa=10|min_support=5,handling_tail|seller_id|A|w90|l0|P1|parent=global|kappa=10,handling_tail,binary,development,2017-07-29,2017-07,7,992,992,992,0,0,0,0,0,0,0,0,7,True,exact_match,801,True,14,6.70574706874e-13,True
S2,handling_tail|seller_id|A|w90|l0|P1|parent=global|kappa=10|min_support=5,handling_tail|seller_id|A|w90|l0|P1|parent=global|kappa=10,handling_tail,binary,development,2017-07-29,2017-07,30,4089,4089,4089,0,0,0,0,0,0,0,0,20,True,exact_match,3235,True,14,2.15205631093e-12,True
S2,handling_tail|seller_id|A|w90|l0|P1|parent=global|kappa=10|min_support=5,handling_tail|seller_id|A|w90|l0|P1|parent=global|kappa=10,handling_tail,binary,development,2017-08-05,2017-08,7,969,969,969,0,0,0,0,0,0,0,0,2,True,exact_match,810,True,14,3.70325992094e-12,True
S2,handling_tail|seller_id|A|w90|l0|P1|parent=global|kappa=10|min_support=5,handling_tail|seller_id|A|w90|l0|P1|parent=global|kappa=10,handling_tail,binary,development,2017-08-05,2017-08,30,4106,4106,4106,0,0,0,0,0,0,0,0,22,True,exact_match,3245,True,14,3.7285730059e-12,True
S2,handling_tail|seller_id|A|w90|l0|P1|parent=global|kappa=10|min_support=5,handling_tail|seller_id|A|w90|l0|P1|parent=global|kappa=10,handling_tail,binary,development,2017-08-12,2017-08,7,1026,1026,1026,0,0,0,0,0,0,0,0,7,True,exact_match,844,True,14,2.3714363806e-12,True
S2,handling_tail|seller_id|A|w90|l0|P1|parent=global|kappa=10|min_support=5,handling_tail|seller_id|A|w90|l0|P1|parent=global|kappa=10,handling_tail,binary,development,2017-08-12,2017-08,30,4041,4041,4041,0,0,0,0,0,0,0,0,32,True,exact_match,3156,True,14,4.83391104922e-13,True
S2,handling_tail|seller_id|A|w90|l0|P1|parent=global|kappa=10|min_support=5,handling_tail|seller_id|A|w90|l0|P1|parent=global|kappa=10,handling_tail,binary,development,2017-08-19,2017-08,7,890,890,890,0,0,0,0,0,0,0,0,8,True,exact_match,725,True,14,1.06759046048e-12,True
S2,handling_tail|seller_id|A|w90|l0|P1|parent=global|kappa=10|min_support=5,handling_tail|seller_id|A|w90|l0|P1|parent=global|kappa=10,handling_tail,binary,development,2017-08-19,2017-08,30,4179,4179,4179,0,0,0,0,0,0,0,0,33,True,exact_match,3246,True,14,1.53255186319e-12,True
S2,handling_tail|seller_id|A|w90|l0|P1|parent=global|kappa=10|min_support=5,handling_tail|seller_id|A|w90|l0|P1|parent=global|kappa=10,handling_tail,binary,development,2017-08-26,2017-08,7,992,992,992,0,0,0,0,0,0,0,0,12,True,exact_match,761,True,14,4.87521134573e-12,True
S2,handling_tail|seller_id|A|w90|l0|P1|parent=global|kappa=10|min_support=5,handling_tail|seller_id|A|w90|l0|P1|parent=global|kappa=10,handling_tail,binary,development,2017-08-26,2017-08,30,4283,4283,4283,0,0,0,0,0,0,0,0,44,True,exact_match,3320,True,14,4.72155647913e-12,True
S2,handling_tail|seller_id|A|w90|l0|P1|parent=global|kappa=10|min_support=5,handling_tail|seller_id|A|w90|l0|P1|parent=global|kappa=10,handling_tail,binary,development,2017-09-02,2017-09,7,891,891,891,0,0,0,0,0,0,0,0,7,True,exact_match,744,True,14,4.33875158024e-13,True
S2,handling_tail|seller_id|A|w90|l0|P1|parent=global|kappa=10|min_support=5,handling_tail|seller_id|A|w90|l0|P1|parent=global|kappa=10,handling_tail,binary,development,2017-09-02,2017-09,30,4255,4255,4255,0,0,0,0,0,0,0,0,40,True,exact_match,3408,True,14,3.63087337973e-12,True
S2,handling_tail|seller_id|A|w90|l0|P1|parent=global|kappa=10|min_support=5,handling_tail|seller_id|A|w90|l0|P1|parent=global|kappa=10,handling_tail,binary,development,2017-09-09,2017-09,7,1151,1151,1151,0,0,0,0,0,0,0,0,13,True,exact_match,930,True,14,1.7448265055e-12,True
S2,handling_tail|seller_id|A|w90|l0|P1|parent=global|kappa=10|min_support=5,handling_tail|seller_id|A|w90|l0|P1|parent=global|kappa=10,handling_tail,binary,development,2017-09-09,2017-09,30,4363,4363,4363,0,0,0,0,0,0,0,0,49,True,exact_match,3397,True,14,7.87814258274e-13,True
S2,handling_tail|seller_id|A|w90|l0|P1|parent=global|kappa=10|min_support=5,handling_tail|seller_id|A|w90|l0|P1|parent=global|kappa=10,handling_tail,binary,development,2017-09-16,2017-09,7,1043,1043,1043,0,0,0,0,0,0,0,0,8,True,exact_match,862,True,14,5.88418203051e-13,True
S2,handling_tail|seller_id|A|w90|l0|P1|parent=global|kappa=10|min_support=5,handling_tail|seller_id|A|w90|l0|P1|parent=global|kappa=10,handling_tail,binary,development,2017-09-16,2017-09,30,4282,4282,4282,0,0,0,0,0,0,0,0,35,True,exact_match,3389,True,14,1.70308211977e-12,True
S2,handling_tail|seller_id|A|w90|l0|P1|parent=global|kappa=10|min_support=5,handling_tail|seller_id|A|w90|l0|P1|parent=global|kappa=10,handling_tail,binary,development,2017-09-23,2017-09,7,933,933,933,0,0,0,0,0,0,0,0,7,True,exact_match,759,True,14,3.33333360913e-12,True
S2,handling_tail|seller_id|A|w90|l0|P1|parent=global|kappa=10|min_support=5,handling_tail|seller_id|A|w90|l0|P1|parent=global|kappa=10,handling_tail,binary,development,2017-09-23,2017-09,30,4386,4386,4386,0,0,0,0,0,0,0,0,30,True,exact_match,3455,True,14,5.16475751056e-13,True
S2,handling_tail|seller_id|A|w90|l0|P1|parent=global|kappa=10|min_support=5,handling_tail|seller_id|A|w90|l0|P1|parent=global|kappa=10,handling_tail,binary,development,2017-09-30,2017-09,7,1005,1005,1005,0,0,0,0,0,0,0,0,5,True,exact_match,820,True,14,4.8103743211e-12,True
S2,handling_tail|seller_id|A|w90|l0|P1|parent=global|kappa=10|min_support=5,handling_tail|seller_id|A|w90|l0|P1|parent=global|kappa=10,handling_tail,binary,development,2017-09-30,2017-09,30,4431,4431,4431,0,0,0,0,0,0,0,0,27,True,exact_match,3486,True,14,2.59303689631e-12,True
S2,handling_tail|seller_id|A|w90|l0|P1|parent=global|kappa=10|min_support=5,handling_tail|seller_id|A|w90|l0|P1|parent=global|kappa=10,handling_tail,binary,development,2017-10-07,2017-10,7,1064,1064,1064,0,0,0,0,0,0,0,0,8,True,exact_match,840,True,14,2.07078798553e-12,True
S2,handling_tail|seller_id|A|w90|l0|P1|parent=global|kappa=10|min_support=5,handling_tail|seller_id|A|w90|l0|P1|parent=global|kappa=10,handling_tail,binary,development,2017-10-07,2017-10,30,4368,4368,4368,0,0,0,0,0,0,0,0,31,True,exact_match,3410,True,14,2.28750351994e-12,True
S2,handling_tail|seller_id|A|w90|l0|P1|parent=global|kappa=10|min_support=5,handling_tail|seller_id|A|w90|l0|P1|parent=global|kappa=10,handling_tail,binary,development,2017-10-14,2017-10,7,1113,1113,1113,0,0,0,0,0,0,0,0,6,True,exact_match,887,True,14,1.74527059471e-12,True
S2,handling_tail|seller_id|A|w90|l0|P1|parent=global|kappa=10|min_support=5,handling_tail|seller_id|A|w90|l0|P1|parent=global|kappa=10,handling_tail,binary,development,2017-10-14,2017-10,30,4521,4521,4521,0,0,0,0,0,0,0,0,23,True,exact_match,3522,True,14,4.21174206622e-12,True
S2,handling_tail|seller_id|A|w90|l0|P1|parent=global|kappa=10|min_support=5,handling_tail|seller_id|A|w90|l0|P1|parent=global|kappa=10,handling_tail,binary,development,2017-10-21,2017-10,7,1029,1029,1029,0,0,0,0,0,0,0,0,6,True,exact_match,846,True,14,1.34869893031e-12,True
S2,handling_tail|seller_id|A|w90|l0|P1|parent=global|kappa=10|min_support=5,handling_tail|seller_id|A|w90|l0|P1|parent=global|kappa=10,handling_tail,binary,development,2017-10-21,2017-10,30,4721,4721,4721,0,0,0,0,0,0,0,0,24,True,exact_match,3664,True,14,4.94404517326e-12,True
S2,handling_tail|seller_id|A|w90|l0|P1|parent=global|kappa=10|min_support=5,handling_tail|seller_id|A|w90|l0|P1|parent=global|kappa=10,handling_tail,binary,development,2017-10-28,2017-10,7,907,907,907,0,0,0,0,0,0,0,0,2,True,exact_match,745,True,14,3.26494387082e-12,True
S2,handling_tail|seller_id|A|w90|l0|P1|parent=global|kappa=10|min_support=5,handling_tail|seller_id|A|w90|l0|P1|parent=global|kappa=10,handling_tail,binary,development,2017-10-28,2017-10,30,6700,6700,6700,0,0,0,0,0,0,0,0,36,True,exact_match,5236,True,14,4.22240020725e-12,True
S2,handling_tail|seller_id|A|w90|l0|P1|parent=global|kappa=10|min_support=5,handling_tail|seller_id|A|w90|l0|P1|parent=global|kappa=10,handling_tail,binary,development,2017-11-04,2017-11,7,1139,1139,1139,0,0,0,0,0,0,0,0,13,True,exact_match,902,True,14,4.79616346638e-13,True
S2,handling_tail|seller_id|A|w90|l0|P1|parent=global|kappa=10|min_support=5,handling_tail|seller_id|A|w90|l0|P1|parent=global|kappa=10,handling_tail,binary,development,2017-11-04,2017-11,30,7891,7891,7891,0,0,0,0,0,0,0,0,57,True,exact_match,6144,True,14,3.11350945026e-12,True
S2,handling_tail|seller_id|A|w90|l0|P1|parent=global|kappa=10|min_support=5,handling_tail|seller_id|A|w90|l0|P1|parent=global|kappa=10,handling_tail,binary,development,2017-11-11,2017-11,7,1339,1339,1339,0,0,0,0,0,0,0,0,11,True,exact_match,1062,True,14,3.5345060212e-12,True
S2,handling_tail|seller_id|A|w90|l0|P1|parent=global|kappa=10|min_support=5,handling_tail|seller_id|A|w90|l0|P1|parent=global|kappa=10,handling_tail,binary,development,2017-11-11,2017-11,30,8444,8444,8444,0,0,0,0,0,0,0,0,47,True,exact_match,6793,True,14,6.17728090901e-13,True
S2,handling_tail|seller_id|A|w90|l0|P1|parent=global|kappa=10|min_support=5,handling_tail|seller_id|A|w90|l0|P1|parent=global|kappa=10,handling_tail,binary,development,2017-11-18,2017-11,7,2425,2425,2425,0,0,0,0,0,0,0,0,24,True,exact_match,2002,True,14,3.03979064142e-12,True
S2,handling_tail|seller_id|A|w90|l0|P1|parent=global|kappa=10|min_support=5,handling_tail|seller_id|A|w90|l0|P1|parent=global|kappa=10,handling_tail,binary,development,2017-11-18,2017-11,30,8506,8506,8506,0,0,0,0,0,0,0,0,75,True,exact_match,6898,True,14,1.37800881816e-12,True
S2,handling_tail|seller_id|A|w90|l0|P1|parent=global|kappa=10|min_support=5,handling_tail|seller_id|A|w90|l0|P1|parent=global|kappa=10,handling_tail,binary,development,2017-11-25,2017-11,7,2538,2538,2538,0,0,0,0,0,0,0,0,12,True,exact_match,2106,True,14,3.61355390055e-12,True
S2,handling_tail|seller_id|A|w90|l0|P1|parent=global|kappa=10|min_support=5,handling_tail|seller_id|A|w90|l0|P1|parent=global|kappa=10,handling_tail,binary,development,2017-11-25,2017-11,30,7059,7059,7059,0,0,0,0,0,0,0,0,49,True,exact_match,5760,True,14,1.26476606965e-12,True
S2,handling_tail|seller_id|A|w90|l0|P1|parent=global|kappa=10|min_support=5,handling_tail|seller_id|A|w90|l0|P1|parent=global|kappa=10,handling_tail,binary,development,2017-12-02,2017-12,7,1797,1797,1797,0,0,0,0,0,0,0,0,12,True,exact_match,1509,True,14,4.53947990309e-12,True
S2,handling_tail|seller_id|A|w90|l0|P1|parent=global|kappa=10|min_support=5,handling_tail|seller_id|A|w90|l0|P1|parent=global|kappa=10,handling_tail,binary,development,2017-12-02,2017-12,30,5398,5398,5398,0,0,0,0,0,0,0,0,47,True,exact_match,4535,True,14,2.58459920133e-12,True
S2,handling_tail|seller_id|A|w90|l0|P1|parent=global|kappa=10|min_support=5,handling_tail|seller_id|A|w90|l0|P1|parent=global|kappa=10,handling_tail,binary,development,2017-12-09,2017-12,7,1482,1482,1482,0,0,0,0,0,0,0,0,9,True,exact_match,1253,True,14,5.12923037377e-13,True
S2,handling_tail|seller_id|A|w90|l0|P1|parent=global|kappa=10|min_support=5,handling_tail|seller_id|A|w90|l0|P1|parent=global|kappa=10,handling_tail,binary,development,2017-12-16,2017-12,7,1074,1074,1074,0,0,0,0,0,0,0,0,6,True,exact_match,929,True,14,4.70556926757e-12,True
S2,handling_tail|seller_id|A|w90|l0|P1|parent=global|kappa=10|min_support=5,handling_tail|seller_id|A|w90|l0|P1|parent=global|kappa=10,handling_tail,binary,development,2017-12-23,2017-12,7,874,874,874,0,0,0,0,0,0,0,0,5,True,exact_match,777,True,14,3.79873910106e-12,True
S2,handling_tail|seller_id|A|w90|l0|P1|parent=global|kappa=10|min_support=5,handling_tail|seller_id|A|w90|l0|P1|parent=global|kappa=10,handling_tail,binary,confirmation,2018-01-06,2018-01,7,1743,1743,1743,0,0,0,0,0,0,0,0,6,True,exact_match,1497,True,14,3.58779672638e-12,True
S2,handling_tail|seller_id|A|w90|l0|P1|parent=global|kappa=10|min_support=5,handling_tail|seller_id|A|w90|l0|P1|parent=global|kappa=10,handling_tail,binary,confirmation,2018-01-06,2018-01,30,7136,7136,7136,0,0,0,0,0,0,0,0,35,True,exact_match,5740,True,14,1.08180131519e-12,True
S2,handling_tail|seller_id|A|w90|l0|P1|parent=global|kappa=10|min_support=5,handling_tail|seller_id|A|w90|l0|P1|parent=global|kappa=10,handling_tail,binary,confirmation,2018-01-13,2018-01,7,1821,1821,1821,0,0,0,0,0,0,0,0,9,True,exact_match,1508,True,14,2.53042031773e-12,True
S2,handling_tail|seller_id|A|w90|l0|P1|parent=global|kappa=10|min_support=5,handling_tail|seller_id|A|w90|l0|P1|parent=global|kappa=10,handling_tail,binary,confirmation,2018-01-13,2018-01,30,6977,6977,6977,0,0,0,0,0,0,0,0,34,True,exact_match,5579,True,14,4.12336831346e-13,True
S2,handling_tail|seller_id|A|w90|l0|P1|parent=global|kappa=10|min_support=5,handling_tail|seller_id|A|w90|l0|P1|parent=global|kappa=10,handling_tail,binary,confirmation,2018-01-20,2018-01,7,1665,1665,1665,0,0,0,0,0,0,0,0,11,True,exact_match,1383,True,14,3.26183524635e-12,True
S2,handling_tail|seller_id|A|w90|l0|P1|parent=global|kappa=10|min_support=5,handling_tail|seller_id|A|w90|l0|P1|parent=global|kappa=10,handling_tail,binary,confirmation,2018-01-20,2018-01,30,6796,6796,6796,0,0,0,0,0,0,0,0,37,True,exact_match,5494,True,14,3.85647069834e-12,True
S2,handling_tail|seller_id|A|w90|l0|P1|parent=global|kappa=10|min_support=5,handling_tail|seller_id|A|w90|l0|P1|parent=global|kappa=10,handling_tail,binary,confirmation,2018-01-27,2018-01,7,1513,1513,1513,0,0,0,0,0,0,0,0,5,True,exact_match,1230,True,14,2.11342054968e-12,True
S2,handling_tail|seller_id|A|w90|l0|P1|parent=global|kappa=10|min_support=5,handling_tail|seller_id|A|w90|l0|P1|parent=global|kappa=10,handling_tail,binary,confirmation,2018-01-27,2018-01,30,6887,6887,6887,0,0,0,0,0,0,0,0,30,True,exact_match,5659,True,14,1.01785246898e-12,True
S2,handling_tail|seller_id|A|w90|l0|P1|parent=global|kappa=10|min_support=5,handling_tail|seller_id|A|w90|l0|P1|parent=global|kappa=10,handling_tail,binary,confirmation,2018-02-03,2018-02,7,1627,1627,1627,0,0,0,0,0,0,0,0,3,True,exact_match,1389,True,14,2.10231831943e-12,True
S2,handling_tail|seller_id|A|w90|l0|P1|parent=global|kappa=10|min_support=5,handling_tail|seller_id|A|w90|l0|P1|parent=global|kappa=10,handling_tail,binary,confirmation,2018-02-03,2018-02,30,7277,7277,7277,0,0,0,0,0,0,0,0,38,True,exact_match,6085,True,14,8.0069284536e-13,True
S2,handling_tail|seller_id|A|w90|l0|P1|parent=global|kappa=10|min_support=5,handling_tail|seller_id|A|w90|l0|P1|parent=global|kappa=10,handling_tail,binary,confirmation,2018-02-10,2018-02,7,1585,1585,1585,0,0,0,0,0,0,0,0,12,True,exact_match,1386,True,14,2.46336284704e-12,True
S2,handling_tail|seller_id|A|w90|l0|P1|parent=global|kappa=10|min_support=5,handling_tail|seller_id|A|w90|l0|P1|parent=global|kappa=10,handling_tail,binary,confirmation,2018-02-10,2018-02,30,7293,7293,7293,0,0,0,0,0,0,0,0,48,True,exact_match,6166,True,14,2.78665979181e-12,True
S2,handling_tail|seller_id|A|w90|l0|P1|parent=global|kappa=10|min_support=5,handling_tail|seller_id|A|w90|l0|P1|parent=global|kappa=10,handling_tail,binary,confirmation,2018-02-17,2018-02,7,1734,1734,1734,0,0,0,0,0,0,0,0,8,True,exact_match,1493,True,14,7.29194482574e-13,True
S2,handling_tail|seller_id|A|w90|l0|P1|parent=global|kappa=10|min_support=5,handling_tail|seller_id|A|w90|l0|P1|parent=global|kappa=10,handling_tail,binary,confirmation,2018-02-17,2018-02,30,7303,7303,7303,0,0,0,0,0,0,0,0,46,True,exact_match,6123,True,14,4.6753712013e-12,True
S2,handling_tail|seller_id|A|w90|l0|P1|parent=global|kappa=10|min_support=5,handling_tail|seller_id|A|w90|l0|P1|parent=global|kappa=10,handling_tail,binary,confirmation,2018-02-24,2018-02,7,1881,1881,1881,0,0,0,0,0,0,0,0,24,True,exact_match,1604,True,14,7.75379760398e-13,True
S2,handling_tail|seller_id|A|w90|l0|P1|parent=global|kappa=10|min_support=5,handling_tail|seller_id|A|w90|l0|P1|parent=global|kappa=10,handling_tail,binary,confirmation,2018-02-24,2018-02,30,7285,7285,7285,0,0,0,0,0,0,0,0,100,True,exact_match,6094,True,14,3.65041330497e-12,True
S2,handling_tail|seller_id|A|w90|l0|P1|parent=global|kappa=10|min_support=5,handling_tail|seller_id|A|w90|l0|P1|parent=global|kappa=10,handling_tail,binary,confirmation,2018-03-03,2018-03,7,1682,1682,1682,0,0,0,0,0,0,0,0,11,True,exact_match,1470,True,14,1.32427402377e-12,True
S2,handling_tail|seller_id|A|w90|l0|P1|parent=global|kappa=10|min_support=5,handling_tail|seller_id|A|w90|l0|P1|parent=global|kappa=10,handling_tail,binary,confirmation,2018-03-03,2018-03,30,6875,6875,6875,0,0,0,0,0,0,0,0,59,True,exact_match,5824,True,14,5.40900657597e-13,True
S2,handling_tail|seller_id|A|w90|l0|P1|parent=global|kappa=10|min_support=5,handling_tail|seller_id|A|w90|l0|P1|parent=global|kappa=10,handling_tail,binary,confirmation,2018-03-10,2018-03,7,1611,1611,1611,0,0,0,0,0,0,0,0,18,True,exact_match,1352,True,14,4.11226608321e-12,True
S2,handling_tail|seller_id|A|w90|l0|P1|parent=global|kappa=10|min_support=5,handling_tail|seller_id|A|w90|l0|P1|parent=global|kappa=10,handling_tail,binary,confirmation,2018-03-10,2018-03,30,6783,6783,6783,0,0,0,0,0,0,0,0,55,True,exact_match,5623,True,14,7.18092252328e-13,True
S2,handling_tail|seller_id|A|w90|l0|P1|parent=global|kappa=10|min_support=5,handling_tail|seller_id|A|w90|l0|P1|parent=global|kappa=10,handling_tail,binary,confirmation,2018-03-17,2018-03,7,1756,1756,1756,0,0,0,0,0,0,0,0,10,True,exact_match,1488,True,14,1.16173737297e-12,True
S2,handling_tail|seller_id|A|w90|l0|P1|parent=global|kappa=10|min_support=5,handling_tail|seller_id|A|w90|l0|P1|parent=global|kappa=10,handling_tail,binary,confirmation,2018-03-17,2018-03,30,6726,6726,6726,0,0,0,0,0,0,0,0,49,True,exact_match,5558,True,14,1.94244620388e-12,True
S2,handling_tail|seller_id|A|w90|l0|P1|parent=global|kappa=10|min_support=5,handling_tail|seller_id|A|w90|l0|P1|parent=global|kappa=10,handling_tail,binary,confirmation,2018-03-24,2018-03,7,1451,1451,1451,0,0,0,0,0,0,0,0,10,True,exact_match,1263,True,14,3.72679664906e-12,True
S2,handling_tail|seller_id|A|w90|l0|P1|parent=global|kappa=10|min_support=5,handling_tail|seller_id|A|w90|l0|P1|parent=global|kappa=10,handling_tail,binary,confirmation,2018-03-24,2018-03,30,6642,6642,6642,0,0,0,0,0,0,0,0,59,True,exact_match,5196,True,14,1.72306613422e-12,True
S2,handling_tail|seller_id|A|w90|l0|P1|parent=global|kappa=10|min_support=5,handling_tail|seller_id|A|w90|l0|P1|parent=global|kappa=10,handling_tail,binary,confirmation,2018-03-31,2018-03,7,1616,1616,1616,0,0,0,0,0,0,0,0,10,True,exact_match,1345,True,14,2.48645548595e-12,True
S2,handling_tail|seller_id|A|w90|l0|P1|parent=global|kappa=10|min_support=5,handling_tail|seller_id|A|w90|l0|P1|parent=global|kappa=10,handling_tail,binary,confirmation,2018-03-31,2018-03,30,6867,6867,6867,0,0,0,0,0,0,0,0,63,True,exact_match,5218,True,14,4.36672920046e-12,True
S2,handling_tail|seller_id|A|w90|l0|P1|parent=global|kappa=10|min_support=5,handling_tail|seller_id|A|w90|l0|P1|parent=global|kappa=10,handling_tail,binary,confirmation,2018-04-07,2018-04,7,1534,1534,1534,0,0,0,0,0,0,0,0,8,True,exact_match,1261,True,14,3.71214170514e-12,True
S2,handling_tail|seller_id|A|w90|l0|P1|parent=global|kappa=10|min_support=5,handling_tail|seller_id|A|w90|l0|P1|parent=global|kappa=10,handling_tail,binary,confirmation,2018-04-07,2018-04,30,7021,7021,7021,0,0,0,0,0,0,0,0,64,True,exact_match,5268,True,14,3.37818661933e-12,True
S2,handling_tail|seller_id|A|w90|l0|P1|parent=global|kappa=10|min_support=5,handling_tail|seller_id|A|w90|l0|P1|parent=global|kappa=10,handling_tail,binary,confirmation,2018-04-14,2018-04,7,1685,1685,1685,0,0,0,0,0,0,0,0,17,True,exact_match,1304,True,14,1.87760917925e-12,True
S2,handling_tail|seller_id|A|w90|l0|P1|parent=global|kappa=10|min_support=5,handling_tail|seller_id|A|w90|l0|P1|parent=global|kappa=10,handling_tail,binary,confirmation,2018-04-14,2018-04,30,7474,7474,7474,0,0,0,0,0,0,0,0,77,True,exact_match,5684,True,14,1.1630696406e-12,True
S2,handling_tail|seller_id|A|w90|l0|P1|parent=global|kappa=10|min_support=5,handling_tail|seller_id|A|w90|l0|P1|parent=global|kappa=10,handling_tail,binary,confirmation,2018-04-21,2018-04,7,1692,1692,1692,0,0,0,0,0,0,0,0,14,True,exact_match,1176,True,14,6.86117829218e-13,True
S2,handling_tail|seller_id|A|w90|l0|P1|parent=global|kappa=10|min_support=5,handling_tail|seller_id|A|w90|l0|P1|parent=global|kappa=10,handling_tail,binary,confirmation,2018-04-21,2018-04,30,7626,7626,7626,0,0,0,0,0,0,0,0,71,True,exact_match,5900,True,14,1.26476606965e-12,True
S2,handling_tail|seller_id|A|w90|l0|P1|parent=global|kappa=10|min_support=5,handling_tail|seller_id|A|w90|l0|P1|parent=global|kappa=10,handling_tail,binary,confirmation,2018-04-28,2018-04,7,1702,1702,1702,0,0,0,0,0,0,0,0,15,True,exact_match,1416,True,14,3.86268794728e-12,True
S2,handling_tail|seller_id|A|w90|l0|P1|parent=global|kappa=10|min_support=5,handling_tail|seller_id|A|w90|l0|P1|parent=global|kappa=10,handling_tail,binary,confirmation,2018-04-28,2018-04,30,6888,6888,6888,0,0,0,0,0,0,0,0,51,True,exact_match,5567,True,14,3.22453175272e-12,True
S2,handling_tail|seller_id|A|w90|l0|P1|parent=global|kappa=10|min_support=5,handling_tail|seller_id|A|w90|l0|P1|parent=global|kappa=10,handling_tail,binary,confirmation,2018-05-05,2018-05,7,1981,1981,1981,0,0,0,0,0,0,0,0,17,True,exact_match,1635,True,14,4.66710003977e-13,True
S2,handling_tail|seller_id|A|w90|l0|P1|parent=global|kappa=10|min_support=5,handling_tail|seller_id|A|w90|l0|P1|parent=global|kappa=10,handling_tail,binary,confirmation,2018-05-05,2018-05,30,6269,6269,6269,0,0,0,0,0,0,0,0,51,True,exact_match,5120,True,14,4.27213819876e-13,True
S2,handling_tail|seller_id|A|w90|l0|P1|parent=global|kappa=10|min_support=5,handling_tail|seller_id|A|w90|l0|P1|parent=global|kappa=10,handling_tail,binary,confirmation,2018-05-12,2018-05,7,1951,1951,1951,0,0,0,0,0,0,0,0,10,True,exact_match,1636,True,14,1.14486198299e-12,True
S2,handling_tail|seller_id|A|w90|l0|P1|parent=global|kappa=10|min_support=5,handling_tail|seller_id|A|w90|l0|P1|parent=global|kappa=10,handling_tail,binary,confirmation,2018-05-12,2018-05,30,5726,5726,5726,0,0,0,0,0,0,0,0,54,True,exact_match,4662,True,14,4.17976764311e-12,True
S2,handling_tail|seller_id|A|w90|l0|P1|parent=global|kappa=10|min_support=5,handling_tail|seller_id|A|w90|l0|P1|parent=global|kappa=10,handling_tail,binary,confirmation,2018-05-19,2018-05,7,1055,1055,1055,0,0,0,0,0,0,0,0,9,True,exact_match,907,True,14,3.37596617328e-12,True
S2,handling_tail|seller_id|A|w90|l0|P1|parent=global|kappa=10|min_support=5,handling_tail|seller_id|A|w90|l0|P1|parent=global|kappa=10,handling_tail,binary,confirmation,2018-05-19,2018-05,30,5289,5289,5289,0,0,0,0,0,0,0,0,48,True,exact_match,4319,True,14,2.13207229649e-12,True
S2,handling_tail|seller_id|A|w90|l0|P1|parent=global|kappa=10|min_support=5,handling_tail|seller_id|A|w90|l0|P1|parent=global|kappa=10,handling_tail,binary,confirmation,2018-05-26,2018-05,7,948,948,948,0,0,0,0,0,0,0,0,7,True,exact_match,804,True,14,1.61959334832e-12,True
S2,handling_tail|seller_id|A|w90|l0|P1|parent=global|kappa=10|min_support=5,handling_tail|seller_id|A|w90|l0|P1|parent=global|kappa=10,handling_tail,binary,confirmation,2018-05-26,2018-05,30,5691,5691,5691,0,0,0,0,0,0,0,0,39,True,exact_match,4555,True,14,3.42526007557e-12,True
S2,handling_tail|seller_id|A|w90|l0|P1|parent=global|kappa=10|min_support=5,handling_tail|seller_id|A|w90|l0|P1|parent=global|kappa=10,handling_tail,binary,confirmation,2018-06-02,2018-06,7,1407,1407,1407,0,0,0,0,0,0,0,0,8,True,exact_match,1146,True,14,3.39284156325e-12,True
S2,handling_tail|seller_id|A|w90|l0|P1|parent=global|kappa=10|min_support=5,handling_tail|seller_id|A|w90|l0|P1|parent=global|kappa=10,handling_tail,binary,confirmation,2018-06-09,2018-06,7,1562,1562,1562,0,0,0,0,0,0,0,0,13,True,exact_match,1257,True,14,1.74882330839e-12,True
S2,handling_tail|seller_id|A|w90|l0|P1|parent=global|kappa=10|min_support=5,handling_tail|seller_id|A|w90|l0|P1|parent=global|kappa=10,handling_tail,binary,confirmation,2018-06-16,2018-06,7,1424,1424,1424,0,0,0,0,0,0,0,0,6,True,exact_match,1152,True,14,4.21884749358e-12,True
S2,handling_tail|seller_id|A|w90|l0|P1|parent=global|kappa=10|min_support=5,handling_tail|seller_id|A|w90|l0|P1|parent=global|kappa=10,handling_tail,binary,confirmation,2018-06-23,2018-06,7,1466,1466,1466,0,0,0,0,0,0,0,0,17,True,exact_match,1135,True,14,4.06608080539e-12,True
S2,handling_tail|seller_id|A|w90|l0|P1|parent=global|kappa=10|min_support=5,handling_tail|seller_id|A|w90|l0|P1|parent=global|kappa=10,handling_tail,binary,terminal,2018-07-07,2018-07,7,914,914,914,0,0,0,0,0,0,0,0,14,True,exact_match,709,True,14,1.89848137211e-12,True
S2,handling_tail|seller_id|A|w90|l0|P1|parent=global|kappa=10|min_support=5,handling_tail|seller_id|A|w90|l0|P1|parent=global|kappa=10,handling_tail,binary,terminal,2018-07-07,2018-07,30,6596,6596,6596,0,0,0,0,0,0,0,0,87,True,exact_match,4877,True,14,4.83213469238e-12,True
S2,handling_tail|seller_id|A|w90|l0|P1|parent=global|kappa=10|min_support=5,handling_tail|seller_id|A|w90|l0|P1|parent=global|kappa=10,handling_tail,binary,terminal,2018-07-14,2018-07,7,1576,1576,1576,0,0,0,0,0,0,0,0,17,True,exact_match,1217,True,14,2.27462493285e-12,True
S2,handling_tail|seller_id|A|w90|l0|P1|parent=global|kappa=10|min_support=5,handling_tail|seller_id|A|w90|l0|P1|parent=global|kappa=10,handling_tail,binary,terminal,2018-07-14,2018-07,30,7670,7670,7670,0,0,0,0,0,0,0,0,83,True,exact_match,5584,True,14,4.04232203266e-13,True
S2,handling_tail|seller_id|A|w90|l0|P1|parent=global|kappa=10|min_support=5,handling_tail|seller_id|A|w90|l0|P1|parent=global|kappa=10,handling_tail,binary,terminal,2018-07-21,2018-07,7,1684,1684,1684,0,0,0,0,0,0,0,0,14,True,exact_match,1250,True,14,4.75974815117e-12,True
S2,handling_tail|seller_id|A|w90|l0|P1|parent=global|kappa=10|min_support=5,handling_tail|seller_id|A|w90|l0|P1|parent=global|kappa=10,handling_tail,binary,terminal,2018-07-21,2018-07,30,7969,7969,7969,0,0,0,0,0,0,0,0,98,True,exact_match,5768,True,14,4.77839989799e-12,True
S2,handling_tail|seller_id|A|w90|l0|P1|parent=global|kappa=10|min_support=5,handling_tail|seller_id|A|w90|l0|P1|parent=global|kappa=10,handling_tail,binary,terminal,2018-07-28,2018-07,7,1901,1901,1901,0,0,0,0,0,0,0,0,23,True,exact_match,1446,True,14,3.95727894897e-12,True
S2,handling_tail|seller_id|A|w90|l0|P1|parent=global|kappa=10|min_support=5,handling_tail|seller_id|A|w90|l0|P1|parent=global|kappa=10,handling_tail,binary,terminal,2018-07-28,2018-07,30,7356,7356,7356,0,0,0,0,0,0,0,0,106,True,exact_match,5406,True,14,4.42401670853e-12,True
S2,handling_tail|seller_id|A|w90|l0|P1|parent=global|kappa=10|min_support=5,handling_tail|seller_id|A|w90|l0|P1|parent=global|kappa=10,handling_tail,binary,terminal,2018-08-04,2018-08,7,2124,2124,2124,0,0,0,0,0,0,0,0,23,True,exact_match,1630,True,14,5.40012479178e-13,True
S2,handling_tail|seller_id|A|w90|l0|P1|parent=global|kappa=10|min_support=5,handling_tail|seller_id|A|w90|l0|P1|parent=global|kappa=10,handling_tail,binary,terminal,2018-08-11,2018-08,7,1858,1858,1858,0,0,0,0,0,0,0,0,24,True,exact_match,1444,True,14,1.85362836191e-12,True
S2,handling_tail|seller_id|A|w90|l0|P1|parent=global|kappa=10|min_support=5,handling_tail|seller_id|A|w90|l0|P1|parent=global|kappa=10,handling_tail,binary,terminal,2018-08-18,2018-08,7,1331,1331,1331,0,0,0,0,0,0,0,0,12,True,exact_match,1031,True,14,1.27187149701e-12,True
