profile_code,candidate_id,base_candidate_id,target,target_kind,period,calendar_month,horizon_days,metric,favourable_direction,selected_90d_value,all_mature_value,all_mature_minus_90d,scheduled_anchor_count,paired_nonmissing_count,favourable_anchor_count,aggregate_median_difference,all_mature_minus_90d_aggregation,aggregate_median_difference_aggregation
R1,transit_level|state_od|A|w90|l0|P0|parent=global|kappa=na|min_support=5,transit_level|state_od|A|w90|l0|P0|parent=global|kappa=na,transit_level,continuous,confirmation,2018-01,7,future_seen_coverage,higher_is_favourable,0.988766823664,0.990659132364,0.00213885472965,4,4,4,0.00189230869998,median_of_paired_anchor_differences,difference_of_separately_aggregated_medians
R1,transit_level|state_od|A|w90|l0|P0|parent=global|kappa=na|min_support=5,transit_level|state_od|A|w90|l0|P0|parent=global|kappa=na,transit_level,continuous,confirmation,2018-01,7,log_mae,lower_is_favourable,0.447876509875,0.454933359019,0.00705684914419,4,4,0,0.00705684914419,median_of_paired_anchor_differences,difference_of_separately_aggregated_medians
R1,transit_level|state_od|A|w90|l0|P0|parent=global|kappa=na|min_support=5,transit_level|state_od|A|w90|l0|P0|parent=global|kappa=na,transit_level,continuous,confirmation,2018-01,7,log_rmse,lower_is_favourable,0.568916247008,0.581603449218,0.0126872022095,4,4,0,0.0126872022095,median_of_paired_anchor_differences,difference_of_separately_aggregated_medians
R1,transit_level|state_od|A|w90|l0|P0|parent=global|kappa=na|min_support=5,transit_level|state_od|A|w90|l0|P0|parent=global|kappa=na,transit_level,continuous,confirmation,2018-01,7,reference_minus_candidate_log_mae,higher_is_favourable,0.132745652085,0.131251717347,-0.00149393473775,4,4,2,-0.00149393473775,median_of_paired_anchor_differences,difference_of_separately_aggregated_medians
R1,transit_level|state_od|A|w90|l0|P0|parent=global|kappa=na|min_support=5,transit_level|state_od|A|w90|l0|P0|parent=global|kappa=na,transit_level,continuous,confirmation,2018-01,7,support_qualified_coverage,higher_is_favourable,0.970395352323,0.983532585942,0.0105965932984,4,4,4,0.0131372336192,median_of_paired_anchor_differences,difference_of_separately_aggregated_medians
R1,transit_level|state_od|A|w90|l0|P0|parent=global|kappa=na|min_support=5,transit_level|state_od|A|w90|l0|P0|parent=global|kappa=na,transit_level,continuous,confirmation,2018-01,7,top_quintile_lift,higher_is_favourable,1.91958169743,1.98171693289,0.0621352354664,4,4,3,0.0621352354664,median_of_paired_anchor_differences,difference_of_separately_aggregated_medians
R1,transit_level|state_od|A|w90|l0|P0|parent=global|kappa=na|min_support=5,transit_level|state_od|A|w90|l0|P0|parent=global|kappa=na,transit_level,continuous,confirmation,2018-01,7,weighted_spearman,higher_is_favourable,0.860527464414,0.866777390366,-0.00925933170405,4,4,1,0.00624992595137,median_of_paired_anchor_differences,difference_of_separately_aggregated_medians
R1,transit_level|state_od|A|w90|l0|P0|parent=global|kappa=na|min_support=5,transit_level|state_od|A|w90|l0|P0|parent=global|kappa=na,transit_level,continuous,confirmation,2018-02,7,future_seen_coverage,higher_is_favourable,0.988185082903,0.991334416553,0.00223920133773,4,4,4,0.00314933365034,median_of_paired_anchor_differences,difference_of_separately_aggregated_medians
R1,transit_level|state_od|A|w90|l0|P0|parent=global|kappa=na|min_support=5,transit_level|state_od|A|w90|l0|P0|parent=global|kappa=na,transit_level,continuous,confirmation,2018-02,7,log_mae,lower_is_favourable,0.488062864757,0.522806660573,0.0369609420197,4,4,0,0.0347437958167,median_of_paired_anchor_differences,difference_of_separately_aggregated_medians
R1,transit_level|state_od|A|w90|l0|P0|parent=global|kappa=na|min_support=5,transit_level|state_od|A|w90|l0|P0|parent=global|kappa=na,transit_level,continuous,confirmation,2018-02,7,log_rmse,lower_is_favourable,0.617091379462,0.654969862182,0.0401017682746,4,4,0,0.0378784827197,median_of_paired_anchor_differences,difference_of_separately_aggregated_medians
R1,transit_level|state_od|A|w90|l0|P0|parent=global|kappa=na|min_support=5,transit_level|state_od|A|w90|l0|P0|parent=global|kappa=na,transit_level,continuous,confirmation,2018-02,7,reference_minus_candidate_log_mae,higher_is_favourable,0.158479954748,0.148152345196,-0.010327609552,4,4,0,-0.010327609552,median_of_paired_anchor_differences,difference_of_separately_aggregated_medians
R1,transit_level|state_od|A|w90|l0|P0|parent=global|kappa=na|min_support=5,transit_level|state_od|A|w90|l0|P0|parent=global|kappa=na,transit_level,continuous,confirmation,2018-02,7,support_qualified_coverage,higher_is_favourable,0.978479764517,0.985851171049,0.00973171893769,4,4,4,0.00737140653255,median_of_paired_anchor_differences,difference_of_separately_aggregated_medians
R1,transit_level|state_od|A|w90|l0|P0|parent=global|kappa=na|min_support=5,transit_level|state_od|A|w90|l0|P0|parent=global|kappa=na,transit_level,continuous,confirmation,2018-02,7,top_quintile_lift,higher_is_favourable,1.72760608905,1.67693040823,-0.0497360089895,4,4,1,-0.0506756808281,median_of_paired_anchor_differences,difference_of_separately_aggregated_medians
R1,transit_level|state_od|A|w90|l0|P0|parent=global|kappa=na|min_support=5,transit_level|state_od|A|w90|l0|P0|parent=global|kappa=na,transit_level,continuous,confirmation,2018-02,7,weighted_spearman,higher_is_favourable,0.904993779797,0.873466286747,-0.0324021123428,4,4,0,-0.0315274930504,median_of_paired_anchor_differences,difference_of_separately_aggregated_medians
R1,transit_level|state_od|A|w90|l0|P0|parent=global|kappa=na|min_support=5,transit_level|state_od|A|w90|l0|P0|parent=global|kappa=na,transit_level,continuous,confirmation,2018-03,7,future_seen_coverage,higher_is_favourable,0.993166287016,0.994874715262,0.00206753962784,5,5,5,0.00170842824601,median_of_paired_anchor_differences,difference_of_separately_aggregated_medians
R1,transit_level|state_od|A|w90|l0|P0|parent=global|kappa=na|min_support=5,transit_level|state_od|A|w90|l0|P0|parent=global|kappa=na,transit_level,continuous,confirmation,2018-03,7,log_mae,lower_is_favourable,0.495751815308,0.508600090755,0.0228440106932,5,5,1,0.0128482754462,median_of_paired_anchor_differences,difference_of_separately_aggregated_medians
R1,transit_level|state_od|A|w90|l0|P0|parent=global|kappa=na|min_support=5,transit_level|state_od|A|w90|l0|P0|parent=global|kappa=na,transit_level,continuous,confirmation,2018-03,7,log_rmse,lower_is_favourable,0.609572392522,0.628157600157,0.0278401468106,5,5,1,0.0185852076356,median_of_paired_anchor_differences,difference_of_separately_aggregated_medians
R1,transit_level|state_od|A|w90|l0|P0|parent=global|kappa=na|min_support=5,transit_level|state_od|A|w90|l0|P0|parent=global|kappa=na,transit_level,continuous,confirmation,2018-03,7,reference_minus_candidate_log_mae,higher_is_favourable,0.174208859899,0.158816926239,-0.01446127695,5,5,2,-0.0153919336595,median_of_paired_anchor_differences,difference_of_separately_aggregated_medians
R1,transit_level|state_od|A|w90|l0|P0|parent=global|kappa=na|min_support=5,transit_level|state_od|A|w90|l0|P0|parent=global|kappa=na,transit_level,continuous,confirmation,2018-03,7,support_qualified_coverage,higher_is_favourable,0.977257064094,0.988826815642,0.0107015457788,5,5,5,0.0115697515487,median_of_paired_anchor_differences,difference_of_separately_aggregated_medians
R1,transit_level|state_od|A|w90|l0|P0|parent=global|kappa=na|min_support=5,transit_level|state_od|A|w90|l0|P0|parent=global|kappa=na,transit_level,continuous,confirmation,2018-03,7,top_quintile_lift,higher_is_favourable,2.05925202845,2.13107219603,0.0524698753819,5,5,4,0.0718201675763,median_of_paired_anchor_differences,difference_of_separately_aggregated_medians
R1,transit_level|state_od|A|w90|l0|P0|parent=global|kappa=na|min_support=5,transit_level|state_od|A|w90|l0|P0|parent=global|kappa=na,transit_level,continuous,confirmation,2018-03,7,weighted_spearman,higher_is_favourable,0.898856925644,0.883981242732,-0.0407322232214,5,5,1,-0.014875682912,median_of_paired_anchor_differences,difference_of_separately_aggregated_medians
R1,transit_level|state_od|A|w90|l0|P0|parent=global|kappa=na|min_support=5,transit_level|state_od|A|w90|l0|P0|parent=global|kappa=na,transit_level,continuous,confirmation,2018-04,7,future_seen_coverage,higher_is_favourable,0.995284021302,0.99675809019,0.00219030578749,4,4,4,0.0014740688885,median_of_paired_anchor_differences,difference_of_separately_aggregated_medians
R1,transit_level|state_od|A|w90|l0|P0|parent=global|kappa=na|min_support=5,transit_level|state_od|A|w90|l0|P0|parent=global|kappa=na,transit_level,continuous,confirmation,2018-04,7,log_mae,lower_is_favourable,0.471047444351,0.42098342001,-0.0444844882711,4,4,4,-0.0500640243404,median_of_paired_anchor_differences,difference_of_separately_aggregated_medians
R1,transit_level|state_od|A|w90|l0|P0|parent=global|kappa=na|min_support=5,transit_level|state_od|A|w90|l0|P0|parent=global|kappa=na,transit_level,continuous,confirmation,2018-04,7,log_rmse,lower_is_favourable,0.577786139129,0.528371760194,-0.0456611877671,4,4,4,-0.0494143789344,median_of_paired_anchor_differences,difference_of_separately_aggregated_medians
R1,transit_level|state_od|A|w90|l0|P0|parent=global|kappa=na|min_support=5,transit_level|state_od|A|w90|l0|P0|parent=global|kappa=na,transit_level,continuous,confirmation,2018-04,7,reference_minus_candidate_log_mae,higher_is_favourable,0.122306589714,0.14354675514,0.0212142931057,4,4,4,0.0212401654261,median_of_paired_anchor_differences,difference_of_separately_aggregated_medians
R1,transit_level|state_od|A|w90|l0|P0|parent=global|kappa=na|min_support=5,transit_level|state_od|A|w90|l0|P0|parent=global|kappa=na,transit_level,continuous,confirmation,2018-04,7,support_qualified_coverage,higher_is_favourable,0.981939621609,0.990560764609,0.00829264614068,4,4,4,0.00862114300017,median_of_paired_anchor_differences,difference_of_separately_aggregated_medians
R1,transit_level|state_od|A|w90|l0|P0|parent=global|kappa=na|min_support=5,transit_level|state_od|A|w90|l0|P0|parent=global|kappa=na,transit_level,continuous,confirmation,2018-04,7,top_quintile_lift,higher_is_favourable,2.45072655432,2.55825462092,0.0595333396702,4,4,3,0.107528066608,median_of_paired_anchor_differences,difference_of_separately_aggregated_medians
R1,transit_level|state_od|A|w90|l0|P0|parent=global|kappa=na|min_support=5,transit_level|state_od|A|w90|l0|P0|parent=global|kappa=na,transit_level,continuous,confirmation,2018-04,7,weighted_spearman,higher_is_favourable,0.882335588044,0.931399064442,0.047480946719,4,4,4,0.0490634763974,median_of_paired_anchor_differences,difference_of_separately_aggregated_medians
R1,transit_level|state_od|A|w90|l0|P0|parent=global|kappa=na|min_support=5,transit_level|state_od|A|w90|l0|P0|parent=global|kappa=na,transit_level,continuous,confirmation,2018-05,7,future_seen_coverage,higher_is_favourable,0.995759131907,0.99627168957,0.000764955441637,4,4,3,0.000512557662737,median_of_paired_anchor_differences,difference_of_separately_aggregated_medians
R1,transit_level|state_od|A|w90|l0|P0|parent=global|kappa=na|min_support=5,transit_level|state_od|A|w90|l0|P0|parent=global|kappa=na,transit_level,continuous,confirmation,2018-05,7,log_mae,lower_is_favourable,0.506729254477,0.47123543083,-0.0128546718823,4,4,3,-0.0354938236469,median_of_paired_anchor_differences,difference_of_separately_aggregated_medians
R1,transit_level|state_od|A|w90|l0|P0|parent=global|kappa=na|min_support=5,transit_level|state_od|A|w90|l0|P0|parent=global|kappa=na,transit_level,continuous,confirmation,2018-05,7,log_rmse,lower_is_favourable,0.605903093332,0.564338092266,-0.0186020506747,4,4,3,-0.041565001066,median_of_paired_anchor_differences,difference_of_separately_aggregated_medians
R1,transit_level|state_od|A|w90|l0|P0|parent=global|kappa=na|min_support=5,transit_level|state_od|A|w90|l0|P0|parent=global|kappa=na,transit_level,continuous,confirmation,2018-05,7,reference_minus_candidate_log_mae,higher_is_favourable,0.127912544445,0.132366694445,0.00460314733013,4,4,2,0.00445415000086,median_of_paired_anchor_differences,difference_of_separately_aggregated_medians
R1,transit_level|state_od|A|w90|l0|P0|parent=global|kappa=na|min_support=5,transit_level|state_od|A|w90|l0|P0|parent=global|kappa=na,transit_level,continuous,confirmation,2018-05,7,support_qualified_coverage,higher_is_favourable,0.988062488781,0.99482981788,0.00700951866739,4,4,4,0.00676732909879,median_of_paired_anchor_differences,difference_of_separately_aggregated_medians
R1,transit_level|state_od|A|w90|l0|P0|parent=global|kappa=na|min_support=5,transit_level|state_od|A|w90|l0|P0|parent=global|kappa=na,transit_level,continuous,confirmation,2018-05,7,top_quintile_lift,higher_is_favourable,2.08365793778,2.13205615884,0.0287418249133,4,4,2,0.0483982210552,median_of_paired_anchor_differences,difference_of_separately_aggregated_medians
R1,transit_level|state_od|A|w90|l0|P0|parent=global|kappa=na|min_support=5,transit_level|state_od|A|w90|l0|P0|parent=global|kappa=na,transit_level,continuous,confirmation,2018-05,7,weighted_spearman,higher_is_favourable,0.871557821004,0.902867057932,0.0168197532984,4,4,3,0.0313092369272,median_of_paired_anchor_differences,difference_of_separately_aggregated_medians
R1,transit_level|state_od|A|w90|l0|P0|parent=global|kappa=na|min_support=5,transit_level|state_od|A|w90|l0|P0|parent=global|kappa=na,transit_level,continuous,confirmation,2018-06,7,future_seen_coverage,higher_is_favourable,0.995409938669,0.997602491684,0.00264466621133,4,4,3,0.00219255301475,median_of_paired_anchor_differences,difference_of_separately_aggregated_medians
R1,transit_level|state_od|A|w90|l0|P0|parent=global|kappa=na|min_support=5,transit_level|state_od|A|w90|l0|P0|parent=global|kappa=na,transit_level,continuous,confirmation,2018-06,7,log_mae,lower_is_favourable,0.475079520217,0.442082839418,-0.0315084312045,4,4,4,-0.0329966807987,median_of_paired_anchor_differences,difference_of_separately_aggregated_medians
R1,transit_level|state_od|A|w90|l0|P0|parent=global|kappa=na|min_support=5,transit_level|state_od|A|w90|l0|P0|parent=global|kappa=na,transit_level,continuous,confirmation,2018-06,7,log_rmse,lower_is_favourable,0.562317930435,0.530619430426,-0.0313423228958,4,4,4,-0.0316985000093,median_of_paired_anchor_differences,difference_of_separately_aggregated_medians
R1,transit_level|state_od|A|w90|l0|P0|parent=global|kappa=na|min_support=5,transit_level|state_od|A|w90|l0|P0|parent=global|kappa=na,transit_level,continuous,confirmation,2018-06,7,reference_minus_candidate_log_mae,higher_is_favourable,0.0849296299629,0.106624650667,0.0235477073322,4,4,4,0.0216950207037,median_of_paired_anchor_differences,difference_of_separately_aggregated_medians
R1,transit_level|state_od|A|w90|l0|P0|parent=global|kappa=na|min_support=5,transit_level|state_od|A|w90|l0|P0|parent=global|kappa=na,transit_level,continuous,confirmation,2018-06,7,support_qualified_coverage,higher_is_favourable,0.979735946206,0.993645551843,0.0145359420268,4,4,4,0.0139096056362,median_of_paired_anchor_differences,difference_of_separately_aggregated_medians
R1,transit_level|state_od|A|w90|l0|P0|parent=global|kappa=na|min_support=5,transit_level|state_od|A|w90|l0|P0|parent=global|kappa=na,transit_level,continuous,confirmation,2018-06,7,top_quintile_lift,higher_is_favourable,2.21752303167,2.10404044931,-0.0947447592319,4,4,1,-0.113482582356,median_of_paired_anchor_differences,difference_of_separately_aggregated_medians
R1,transit_level|state_od|A|w90|l0|P0|parent=global|kappa=na|min_support=5,transit_level|state_od|A|w90|l0|P0|parent=global|kappa=na,transit_level,continuous,confirmation,2018-06,7,weighted_spearman,higher_is_favourable,0.88332363969,0.918861344886,0.0321714248146,4,4,4,0.035537705196,median_of_paired_anchor_differences,difference_of_separately_aggregated_medians
R1,transit_level|state_od|A|w90|l0|P0|parent=global|kappa=na|min_support=5,transit_level|state_od|A|w90|l0|P0|parent=global|kappa=na,transit_level,continuous,confirmation,2018-01,30,future_seen_coverage,higher_is_favourable,0.986842463982,0.990008259607,0.00273266455868,4,4,4,0.00316579562514,median_of_paired_anchor_differences,difference_of_separately_aggregated_medians
R1,transit_level|state_od|A|w90|l0|P0|parent=global|kappa=na|min_support=5,transit_level|state_od|A|w90|l0|P0|parent=global|kappa=na,transit_level,continuous,confirmation,2018-01,30,log_mae,lower_is_favourable,0.462441489536,0.484012264328,0.0215707747915,4,4,0,0.0215707747915,median_of_paired_anchor_differences,difference_of_separately_aggregated_medians
R1,transit_level|state_od|A|w90|l0|P0|parent=global|kappa=na|min_support=5,transit_level|state_od|A|w90|l0|P0|parent=global|kappa=na,transit_level,continuous,confirmation,2018-01,30,log_rmse,lower_is_favourable,0.586945168312,0.611304556152,0.02435938784,4,4,0,0.02435938784,median_of_paired_anchor_differences,difference_of_separately_aggregated_medians
R1,transit_level|state_od|A|w90|l0|P0|parent=global|kappa=na|min_support=5,transit_level|state_od|A|w90|l0|P0|parent=global|kappa=na,transit_level,continuous,confirmation,2018-01,30,reference_minus_candidate_log_mae,higher_is_favourable,0.139410210294,0.133426582142,-0.00726679902647,4,4,0,-0.0059836281514,median_of_paired_anchor_differences,difference_of_separately_aggregated_medians
R1,transit_level|state_od|A|w90|l0|P0|parent=global|kappa=na|min_support=5,transit_level|state_od|A|w90|l0|P0|parent=global|kappa=na,transit_level,continuous,confirmation,2018-01,30,support_qualified_coverage,higher_is_favourable,0.971524276018,0.982533755838,0.011026539484,4,4,4,0.0110094798197,median_of_paired_anchor_differences,difference_of_separately_aggregated_medians
R1,transit_level|state_od|A|w90|l0|P0|parent=global|kappa=na|min_support=5,transit_level|state_od|A|w90|l0|P0|parent=global|kappa=na,transit_level,continuous,confirmation,2018-01,30,top_quintile_lift,higher_is_favourable,1.84211401695,1.93055124103,0.0765736356884,4,4,3,0.0884372240798,median_of_paired_anchor_differences,difference_of_separately_aggregated_medians
R1,transit_level|state_od|A|w90|l0|P0|parent=global|kappa=na|min_support=5,transit_level|state_od|A|w90|l0|P0|parent=global|kappa=na,transit_level,continuous,confirmation,2018-01,30,weighted_spearman,higher_is_favourable,0.922166369838,0.906153017636,-0.0145260615706,4,4,0,-0.0160133522018,median_of_paired_anchor_differences,difference_of_separately_aggregated_medians
R1,transit_level|state_od|A|w90|l0|P0|parent=global|kappa=na|min_support=5,transit_level|state_od|A|w90|l0|P0|parent=global|kappa=na,transit_level,continuous,confirmation,2018-02,30,future_seen_coverage,higher_is_favourable,0.989722925382,0.992120609051,0.00239881298488,4,4,4,0.00239768366888,median_of_paired_anchor_differences,difference_of_separately_aggregated_medians
R1,transit_level|state_od|A|w90|l0|P0|parent=global|kappa=na|min_support=5,transit_level|state_od|A|w90|l0|P0|parent=global|kappa=na,transit_level,continuous,confirmation,2018-02,30,log_mae,lower_is_favourable,0.525291627416,0.568264016304,0.0429723888882,4,4,0,0.0429723888882,median_of_paired_anchor_differences,difference_of_separately_aggregated_medians
R1,transit_level|state_od|A|w90|l0|P0|parent=global|kappa=na|min_support=5,transit_level|state_od|A|w90|l0|P0|parent=global|kappa=na,transit_level,continuous,confirmation,2018-02,30,log_rmse,lower_is_favourable,0.656650341347,0.709339724053,0.0526893827053,4,4,0,0.0526893827053,median_of_paired_anchor_differences,difference_of_separately_aggregated_medians
R1,transit_level|state_od|A|w90|l0|P0|parent=global|kappa=na|min_support=5,transit_level|state_od|A|w90|l0|P0|parent=global|kappa=na,transit_level,continuous,confirmation,2018-02,30,reference_minus_candidate_log_mae,higher_is_favourable,0.176127844774,0.157509976433,-0.0182004667502,4,4,0,-0.0186178683411,median_of_paired_anchor_differences,difference_of_separately_aggregated_medians
R1,transit_level|state_od|A|w90|l0|P0|parent=global|kappa=na|min_support=5,transit_level|state_od|A|w90|l0|P0|parent=global|kappa=na,transit_level,continuous,confirmation,2018-02,30,support_qualified_coverage,higher_is_favourable,0.977117101498,0.986624860325,0.00924859735904,4,4,4,0.00950775882717,median_of_paired_anchor_differences,difference_of_separately_aggregated_medians
R1,transit_level|state_od|A|w90|l0|P0|parent=global|kappa=na|min_support=5,transit_level|state_od|A|w90|l0|P0|parent=global|kappa=na,transit_level,continuous,confirmation,2018-02,30,top_quintile_lift,higher_is_favourable,1.83488200021,1.78817854398,-0.0496015581645,4,4,0,-0.0467034562298,median_of_paired_anchor_differences,difference_of_separately_aggregated_medians
R1,transit_level|state_od|A|w90|l0|P0|parent=global|kappa=na|min_support=5,transit_level|state_od|A|w90|l0|P0|parent=global|kappa=na,transit_level,continuous,confirmation,2018-02,30,weighted_spearman,higher_is_favourable,0.940582232697,0.880231240856,-0.0632916979766,4,4,0,-0.0603509918413,median_of_paired_anchor_differences,difference_of_separately_aggregated_medians
R1,transit_level|state_od|A|w90|l0|P0|parent=global|kappa=na|min_support=5,transit_level|state_od|A|w90|l0|P0|parent=global|kappa=na,transit_level,continuous,confirmation,2018-03,30,future_seen_coverage,higher_is_favourable,0.993755575379,0.995985727029,0.00232998398136,5,5,5,0.00223015165031,median_of_paired_anchor_differences,difference_of_separately_aggregated_medians
R1,transit_level|state_od|A|w90|l0|P0|parent=global|kappa=na|min_support=5,transit_level|state_od|A|w90|l0|P0|parent=global|kappa=na,transit_level,continuous,confirmation,2018-03,30,log_mae,lower_is_favourable,0.493337271993,0.483079274999,-0.0102579969939,5,5,3,-0.0102579969939,median_of_paired_anchor_differences,difference_of_separately_aggregated_medians
R1,transit_level|state_od|A|w90|l0|P0|parent=global|kappa=na|min_support=5,transit_level|state_od|A|w90|l0|P0|parent=global|kappa=na,transit_level,continuous,confirmation,2018-03,30,log_rmse,lower_is_favourable,0.607971196391,0.601519011332,-0.00645218505915,5,5,3,-0.00645218505915,median_of_paired_anchor_differences,difference_of_separately_aggregated_medians
R1,transit_level|state_od|A|w90|l0|P0|parent=global|kappa=na|min_support=5,transit_level|state_od|A|w90|l0|P0|parent=global|kappa=na,transit_level,continuous,confirmation,2018-03,30,reference_minus_candidate_log_mae,higher_is_favourable,0.167132332252,0.165680796548,-0.00154463542957,5,5,2,-0.00145153570351,median_of_paired_anchor_differences,difference_of_separately_aggregated_medians
R1,transit_level|state_od|A|w90|l0|P0|parent=global|kappa=na|min_support=5,transit_level|state_od|A|w90|l0|P0|parent=global|kappa=na,transit_level,continuous,confirmation,2018-03,30,support_qualified_coverage,higher_is_favourable,0.982670744139,0.991228070175,0.0087374399301,5,5,5,0.0085573260368,median_of_paired_anchor_differences,difference_of_separately_aggregated_medians
R1,transit_level|state_od|A|w90|l0|P0|parent=global|kappa=na|min_support=5,transit_level|state_od|A|w90|l0|P0|parent=global|kappa=na,transit_level,continuous,confirmation,2018-03,30,top_quintile_lift,higher_is_favourable,2.39388724221,2.38700122321,-0.00688601899974,5,5,2,-0.00688601899974,median_of_paired_anchor_differences,difference_of_separately_aggregated_medians
R1,transit_level|state_od|A|w90|l0|P0|parent=global|kappa=na|min_support=5,transit_level|state_od|A|w90|l0|P0|parent=global|kappa=na,transit_level,continuous,confirmation,2018-03,30,weighted_spearman,higher_is_favourable,0.919071478587,0.931200961488,0.0140518513691,5,5,3,0.0121294829005,median_of_paired_anchor_differences,difference_of_separately_aggregated_medians
R1,transit_level|state_od|A|w90|l0|P0|parent=global|kappa=na|min_support=5,transit_level|state_od|A|w90|l0|P0|parent=global|kappa=na,transit_level,continuous,confirmation,2018-04,30,future_seen_coverage,higher_is_favourable,0.994813655769,0.99593495935,0.00139286952703,4,4,4,0.00112130358017,median_of_paired_anchor_differences,difference_of_separately_aggregated_medians
R1,transit_level|state_od|A|w90|l0|P0|parent=global|kappa=na|min_support=5,transit_level|state_od|A|w90|l0|P0|parent=global|kappa=na,transit_level,continuous,confirmation,2018-04,30,log_mae,lower_is_favourable,0.483851985867,0.435683558589,-0.0444963885511,4,4,4,-0.0481684272785,median_of_paired_anchor_differences,difference_of_separately_aggregated_medians
R1,transit_level|state_od|A|w90|l0|P0|parent=global|kappa=na|min_support=5,transit_level|state_od|A|w90|l0|P0|parent=global|kappa=na,transit_level,continuous,confirmation,2018-04,30,log_rmse,lower_is_favourable,0.586075450567,0.537964610388,-0.0463505113928,4,4,4,-0.0481108401789,median_of_paired_anchor_differences,difference_of_separately_aggregated_medians
R1,transit_level|state_od|A|w90|l0|P0|parent=global|kappa=na|min_support=5,transit_level|state_od|A|w90|l0|P0|parent=global|kappa=na,transit_level,continuous,confirmation,2018-04,30,reference_minus_candidate_log_mae,higher_is_favourable,0.120403885608,0.13395686554,0.0173855147793,4,4,4,0.013552979932,median_of_paired_anchor_differences,difference_of_separately_aggregated_medians
R1,transit_level|state_od|A|w90|l0|P0|parent=global|kappa=na|min_support=5,transit_level|state_od|A|w90|l0|P0|parent=global|kappa=na,transit_level,continuous,confirmation,2018-04,30,support_qualified_coverage,higher_is_favourable,0.978795666875,0.987193518541,0.00848449135752,4,4,4,0.00839785166624,median_of_paired_anchor_differences,difference_of_separately_aggregated_medians
R1,transit_level|state_od|A|w90|l0|P0|parent=global|kappa=na|min_support=5,transit_level|state_od|A|w90|l0|P0|parent=global|kappa=na,transit_level,continuous,confirmation,2018-04,30,top_quintile_lift,higher_is_favourable,2.46446792068,2.44123668356,0.0254260790427,4,4,3,-0.0232312371267,median_of_paired_anchor_differences,difference_of_separately_aggregated_medians
R1,transit_level|state_od|A|w90|l0|P0|parent=global|kappa=na|min_support=5,transit_level|state_od|A|w90|l0|P0|parent=global|kappa=na,transit_level,continuous,confirmation,2018-04,30,weighted_spearman,higher_is_favourable,0.868192128935,0.934693822071,0.0659183941673,4,4,4,0.0665016931358,median_of_paired_anchor_differences,difference_of_separately_aggregated_medians
R1,transit_level|state_od|A|w90|l0|P0|parent=global|kappa=na|min_support=5,transit_level|state_od|A|w90|l0|P0|parent=global|kappa=na,transit_level,continuous,confirmation,2018-05,30,future_seen_coverage,higher_is_favourable,0.995380688156,0.996667781674,0.00139434692933,4,4,4,0.0012870935176,median_of_paired_anchor_differences,difference_of_separately_aggregated_medians
R1,transit_level|state_od|A|w90|l0|P0|parent=global|kappa=na|min_support=5,transit_level|state_od|A|w90|l0|P0|parent=global|kappa=na,transit_level,continuous,confirmation,2018-05,30,log_mae,lower_is_favourable,0.475688614165,0.450354267673,-0.028136349876,4,4,4,-0.0253343464919,median_of_paired_anchor_differences,difference_of_separately_aggregated_medians
R1,transit_level|state_od|A|w90|l0|P0|parent=global|kappa=na|min_support=5,transit_level|state_od|A|w90|l0|P0|parent=global|kappa=na,transit_level,continuous,confirmation,2018-05,30,log_rmse,lower_is_favourable,0.576399536814,0.548750558671,-0.0310253359288,4,4,4,-0.027648978143,median_of_paired_anchor_differences,difference_of_separately_aggregated_medians
R1,transit_level|state_od|A|w90|l0|P0|parent=global|kappa=na|min_support=5,transit_level|state_od|A|w90|l0|P0|parent=global|kappa=na,transit_level,continuous,confirmation,2018-05,30,reference_minus_candidate_log_mae,higher_is_favourable,0.114242912873,0.129223440349,0.0149805274758,4,4,4,0.0149805274758,median_of_paired_anchor_differences,difference_of_separately_aggregated_medians
R1,transit_level|state_od|A|w90|l0|P0|parent=global|kappa=na|min_support=5,transit_level|state_od|A|w90|l0|P0|parent=global|kappa=na,transit_level,continuous,confirmation,2018-05,30,support_qualified_coverage,higher_is_favourable,0.983442092542,0.993168018477,0.00921385789997,4,4,4,0.00972592593547,median_of_paired_anchor_differences,difference_of_separately_aggregated_medians
R1,transit_level|state_od|A|w90|l0|P0|parent=global|kappa=na|min_support=5,transit_level|state_od|A|w90|l0|P0|parent=global|kappa=na,transit_level,continuous,confirmation,2018-05,30,top_quintile_lift,higher_is_favourable,2.11673417389,2.09452525778,-0.00552715666219,4,4,2,-0.0222089161036,median_of_paired_anchor_differences,difference_of_separately_aggregated_medians
R1,transit_level|state_od|A|w90|l0|P0|parent=global|kappa=na|min_support=5,transit_level|state_od|A|w90|l0|P0|parent=global|kappa=na,transit_level,continuous,confirmation,2018-05,30,weighted_spearman,higher_is_favourable,0.903200425623,0.932016052555,0.0282880018659,4,4,4,0.0288156269317,median_of_paired_anchor_differences,difference_of_separately_aggregated_medians
R1,transit_level|state_od|A|w90|l0|P0|parent=global|kappa=na|min_support=5,transit_level|state_od|A|w90|l0|P0|parent=global|kappa=na,transit_level,continuous,development,2017-04,7,future_seen_coverage,higher_is_favourable,0.983436853002,0.983436853002,0,5,5,0,0,median_of_paired_anchor_differences,difference_of_separately_aggregated_medians
R1,transit_level|state_od|A|w90|l0|P0|parent=global|kappa=na|min_support=5,transit_level|state_od|A|w90|l0|P0|parent=global|kappa=na,transit_level,continuous,development,2017-04,7,log_mae,lower_is_favourable,0.42708573017,0.434388985107,0.00700342489822,5,5,0,0.00730325493649,median_of_paired_anchor_differences,difference_of_separately_aggregated_medians
R1,transit_level|state_od|A|w90|l0|P0|parent=global|kappa=na|min_support=5,transit_level|state_od|A|w90|l0|P0|parent=global|kappa=na,transit_level,continuous,development,2017-04,7,log_rmse,lower_is_favourable,0.555116263701,0.563793685263,0.00867742156226,5,5,0,0.00867742156226,median_of_paired_anchor_differences,difference_of_separately_aggregated_medians
R1,transit_level|state_od|A|w90|l0|P0|parent=global|kappa=na|min_support=5,transit_level|state_od|A|w90|l0|P0|parent=global|kappa=na,transit_level,continuous,development,2017-04,7,reference_minus_candidate_log_mae,higher_is_favourable,0.0794730376637,0.0770291489937,0.00147195003009,5,5,4,-0.00244388867004,median_of_paired_anchor_differences,difference_of_separately_aggregated_medians
R1,transit_level|state_od|A|w90|l0|P0|parent=global|kappa=na|min_support=5,transit_level|state_od|A|w90|l0|P0|parent=global|kappa=na,transit_level,continuous,development,2017-04,7,support_qualified_coverage,higher_is_favourable,0.938,0.942,0.00142653352354,5,5,4,0.004,median_of_paired_anchor_differences,difference_of_separately_aggregated_medians
R1,transit_level|state_od|A|w90|l0|P0|parent=global|kappa=na|min_support=5,transit_level|state_od|A|w90|l0|P0|parent=global|kappa=na,transit_level,continuous,development,2017-04,7,top_quintile_lift,higher_is_favourable,1.78824766015,1.831978407,0.0341703685581,5,5,3,0.0437307468508,median_of_paired_anchor_differences,difference_of_separately_aggregated_medians
R1,transit_level|state_od|A|w90|l0|P0|parent=global|kappa=na|min_support=5,transit_level|state_od|A|w90|l0|P0|parent=global|kappa=na,transit_level,continuous,development,2017-04,7,weighted_spearman,higher_is_favourable,0.723236521555,0.732246690347,-0.00821404711573,5,5,1,0.00901016879202,median_of_paired_anchor_differences,difference_of_separately_aggregated_medians
R1,transit_level|state_od|A|w90|l0|P0|parent=global|kappa=na|min_support=5,transit_level|state_od|A|w90|l0|P0|parent=global|kappa=na,transit_level,continuous,development,2017-05,7,future_seen_coverage,higher_is_favourable,0.982423455203,0.982973927468,0,4,4,1,0.000550472264925,median_of_paired_anchor_differences,difference_of_separately_aggregated_medians
R1,transit_level|state_od|A|w90|l0|P0|parent=global|kappa=na|min_support=5,transit_level|state_od|A|w90|l0|P0|parent=global|kappa=na,transit_level,continuous,development,2017-05,7,log_mae,lower_is_favourable,0.409860268222,0.39967054746,-0.00938605302127,4,4,4,-0.0101897207624,median_of_paired_anchor_differences,difference_of_separately_aggregated_medians
R1,transit_level|state_od|A|w90|l0|P0|parent=global|kappa=na|min_support=5,transit_level|state_od|A|w90|l0|P0|parent=global|kappa=na,transit_level,continuous,development,2017-05,7,log_rmse,lower_is_favourable,0.545080695551,0.534482048516,-0.0105986470341,4,4,4,-0.0105986470341,median_of_paired_anchor_differences,difference_of_separately_aggregated_medians
R1,transit_level|state_od|A|w90|l0|P0|parent=global|kappa=na|min_support=5,transit_level|state_od|A|w90|l0|P0|parent=global|kappa=na,transit_level,continuous,development,2017-05,7,reference_minus_candidate_log_mae,higher_is_favourable,0.0684316363311,0.0716351778502,0.00277811949515,4,4,4,0.0032035415191,median_of_paired_anchor_differences,difference_of_separately_aggregated_medians
R1,transit_level|state_od|A|w90|l0|P0|parent=global|kappa=na|min_support=5,transit_level|state_od|A|w90|l0|P0|parent=global|kappa=na,transit_level,continuous,development,2017-05,7,support_qualified_coverage,higher_is_favourable,0.963620810888,0.970893559557,0.00408759222089,4,4,4,0.00727274866946,median_of_paired_anchor_differences,difference_of_separately_aggregated_medians
R1,transit_level|state_od|A|w90|l0|P0|parent=global|kappa=na|min_support=5,transit_level|state_od|A|w90|l0|P0|parent=global|kappa=na,transit_level,continuous,development,2017-05,7,top_quintile_lift,higher_is_favourable,1.65386672122,1.71980492859,0.0659382073633,4,4,4,0.0659382073633,median_of_paired_anchor_differences,difference_of_separately_aggregated_medians
R1,transit_level|state_od|A|w90|l0|P0|parent=global|kappa=na|min_support=5,transit_level|state_od|A|w90|l0|P0|parent=global|kappa=na,transit_level,continuous,development,2017-05,7,weighted_spearman,higher_is_favourable,0.853190599695,0.864688559515,0.00318151739007,4,4,3,0.0114979598199,median_of_paired_anchor_differences,difference_of_separately_aggregated_medians
R1,transit_level|state_od|A|w90|l0|P0|parent=global|kappa=na|min_support=5,transit_level|state_od|A|w90|l0|P0|parent=global|kappa=na,transit_level,continuous,development,2017-06,7,future_seen_coverage,higher_is_favourable,0.984033460629,0.985341525694,0.00141621943948,4,4,3,0.00130806506502,median_of_paired_anchor_differences,difference_of_separately_aggregated_medians
R1,transit_level|state_od|A|w90|l0|P0|parent=global|kappa=na|min_support=5,transit_level|state_od|A|w90|l0|P0|parent=global|kappa=na,transit_level,continuous,development,2017-06,7,log_mae,lower_is_favourable,0.398434916481,0.398117721931,-0.000133271556454,4,4,2,-0.000317194549881,median_of_paired_anchor_differences,difference_of_separately_aggregated_medians
R1,transit_level|state_od|A|w90|l0|P0|parent=global|kappa=na|min_support=5,transit_level|state_od|A|w90|l0|P0|parent=global|kappa=na,transit_level,continuous,development,2017-06,7,log_rmse,lower_is_favourable,0.531968796632,0.531299678245,-0.000307507473138,4,4,3,-0.000669118387706,median_of_paired_anchor_differences,difference_of_separately_aggregated_medians
R1,transit_level|state_od|A|w90|l0|P0|parent=global|kappa=na|min_support=5,transit_level|state_od|A|w90|l0|P0|parent=global|kappa=na,transit_level,continuous,development,2017-06,7,reference_minus_candidate_log_mae,higher_is_favourable,0.0828638274219,0.0834681667474,0.00113592214881,4,4,2,0.000604339325455,median_of_paired_anchor_differences,difference_of_separately_aggregated_medians
R1,transit_level|state_od|A|w90|l0|P0|parent=global|kappa=na|min_support=5,transit_level|state_od|A|w90|l0|P0|parent=global|kappa=na,transit_level,continuous,development,2017-06,7,support_qualified_coverage,higher_is_favourable,0.970110748163,0.973857940221,0.0026651771465,4,4,4,0.00374719205831,median_of_paired_anchor_differences,difference_of_separately_aggregated_medians
R1,transit_level|state_od|A|w90|l0|P0|parent=global|kappa=na|min_support=5,transit_level|state_od|A|w90|l0|P0|parent=global|kappa=na,transit_level,continuous,development,2017-06,7,top_quintile_lift,higher_is_favourable,1.69586738038,1.67725803423,-0.018609346149,4,4,1,-0.018609346149,median_of_paired_anchor_differences,difference_of_separately_aggregated_medians
R1,transit_level|state_od|A|w90|l0|P0|parent=global|kappa=na|min_support=5,transit_level|state_od|A|w90|l0|P0|parent=global|kappa=na,transit_level,continuous,development,2017-06,7,weighted_spearman,higher_is_favourable,0.859796427736,0.868222230659,0.00690478059951,4,4,3,0.00842580292227,median_of_paired_anchor_differences,difference_of_separately_aggregated_medians
R1,transit_level|state_od|A|w90|l0|P0|parent=global|kappa=na|min_support=5,transit_level|state_od|A|w90|l0|P0|parent=global|kappa=na,transit_level,continuous,development,2017-07,7,future_seen_coverage,higher_is_favourable,0.979459459459,0.979459459459,0.00337837837838,5,5,3,0,median_of_paired_anchor_differences,difference_of_separately_aggregated_medians
R1,transit_level|state_od|A|w90|l0|P0|parent=global|kappa=na|min_support=5,transit_level|state_od|A|w90|l0|P0|parent=global|kappa=na,transit_level,continuous,development,2017-07,7,log_mae,lower_is_favourable,0.392334707443,0.388690324331,-0.00117904906913,5,5,3,-0.00364438311263,median_of_paired_anchor_differences,difference_of_separately_aggregated_medians
R1,transit_level|state_od|A|w90|l0|P0|parent=global|kappa=na|min_support=5,transit_level|state_od|A|w90|l0|P0|parent=global|kappa=na,transit_level,continuous,development,2017-07,7,log_rmse,lower_is_favourable,0.516608465191,0.516877072576,0.000268607385397,5,5,1,0.000268607385397,median_of_paired_anchor_differences,difference_of_separately_aggregated_medians
R1,transit_level|state_od|A|w90|l0|P0|parent=global|kappa=na|min_support=5,transit_level|state_od|A|w90|l0|P0|parent=global|kappa=na,transit_level,continuous,development,2017-07,7,reference_minus_candidate_log_mae,higher_is_favourable,0.108268645916,0.107491797068,0.000306063241208,5,5,3,-0.000776848847565,median_of_paired_anchor_differences,difference_of_separately_aggregated_medians
R1,transit_level|state_od|A|w90|l0|P0|parent=global|kappa=na|min_support=5,transit_level|state_od|A|w90|l0|P0|parent=global|kappa=na,transit_level,continuous,development,2017-07,7,support_qualified_coverage,higher_is_favourable,0.967567567568,0.972972972973,0.00587544065805,5,5,5,0.00540540540541,median_of_paired_anchor_differences,difference_of_separately_aggregated_medians
R1,transit_level|state_od|A|w90|l0|P0|parent=global|kappa=na|min_support=5,transit_level|state_od|A|w90|l0|P0|parent=global|kappa=na,transit_level,continuous,development,2017-07,7,top_quintile_lift,higher_is_favourable,1.80748538622,1.89112407404,0.0411228625973,5,5,4,0.0836386878268,median_of_paired_anchor_differences,difference_of_separately_aggregated_medians
R1,transit_level|state_od|A|w90|l0|P0|parent=global|kappa=na|min_support=5,transit_level|state_od|A|w90|l0|P0|parent=global|kappa=na,transit_level,continuous,development,2017-07,7,weighted_spearman,higher_is_favourable,0.877043118931,0.895037965286,0.00280720627731,5,5,4,0.017994846355,median_of_paired_anchor_differences,difference_of_separately_aggregated_medians
R1,transit_level|state_od|A|w90|l0|P0|parent=global|kappa=na|min_support=5,transit_level|state_od|A|w90|l0|P0|parent=global|kappa=na,transit_level,continuous,development,2017-08,7,future_seen_coverage,higher_is_favourable,0.985239501149,0.989961263139,0.00318757899375,4,4,4,0.00472176199031,median_of_paired_anchor_differences,difference_of_separately_aggregated_medians
R1,transit_level|state_od|A|w90|l0|P0|parent=global|kappa=na|min_support=5,transit_level|state_od|A|w90|l0|P0|parent=global|kappa=na,transit_level,continuous,development,2017-08,7,log_mae,lower_is_favourable,0.392850708203,0.397904643417,0.00505393521456,4,4,0,0.00505393521456,median_of_paired_anchor_differences,difference_of_separately_aggregated_medians
R1,transit_level|state_od|A|w90|l0|P0|parent=global|kappa=na|min_support=5,transit_level|state_od|A|w90|l0|P0|parent=global|kappa=na,transit_level,continuous,development,2017-08,7,log_rmse,lower_is_favourable,0.510496519177,0.517874585447,0.00864138221911,4,4,0,0.00737806626963,median_of_paired_anchor_differences,difference_of_separately_aggregated_medians
R1,transit_level|state_od|A|w90|l0|P0|parent=global|kappa=na|min_support=5,transit_level|state_od|A|w90|l0|P0|parent=global|kappa=na,transit_level,continuous,development,2017-08,7,reference_minus_candidate_log_mae,higher_is_favourable,0.133861221142,0.128837464379,-0.00814484844726,4,4,0,-0.00502375676272,median_of_paired_anchor_differences,difference_of_separately_aggregated_medians
R1,transit_level|state_od|A|w90|l0|P0|parent=global|kappa=na|min_support=5,transit_level|state_od|A|w90|l0|P0|parent=global|kappa=na,transit_level,continuous,development,2017-08,7,support_qualified_coverage,higher_is_favourable,0.966238473838,0.975002866644,0.00888034693475,4,4,4,0.00876439280621,median_of_paired_anchor_differences,difference_of_separately_aggregated_medians
R1,transit_level|state_od|A|w90|l0|P0|parent=global|kappa=na|min_support=5,transit_level|state_od|A|w90|l0|P0|parent=global|kappa=na,transit_level,continuous,development,2017-08,7,top_quintile_lift,higher_is_favourable,1.89576304625,1.84801186905,-0.121076425719,4,4,1,-0.0477511772074,median_of_paired_anchor_differences,difference_of_separately_aggregated_medians
R1,transit_level|state_od|A|w90|l0|P0|parent=global|kappa=na|min_support=5,transit_level|state_od|A|w90|l0|P0|parent=global|kappa=na,transit_level,continuous,development,2017-08,7,weighted_spearman,higher_is_favourable,0.862535344322,0.873856937298,0.012262367962,4,4,4,0.0113215929766,median_of_paired_anchor_differences,difference_of_separately_aggregated_medians
R1,transit_level|state_od|A|w90|l0|P0|parent=global|kappa=na|min_support=5,transit_level|state_od|A|w90|l0|P0|parent=global|kappa=na,transit_level,continuous,development,2017-09,7,future_seen_coverage,higher_is_favourable,0.982089552239,0.986069651741,0.00434404865334,5,5,5,0.00398009950249,median_of_paired_anchor_differences,difference_of_separately_aggregated_medians
R1,transit_level|state_od|A|w90|l0|P0|parent=global|kappa=na|min_support=5,transit_level|state_od|A|w90|l0|P0|parent=global|kappa=na,transit_level,continuous,development,2017-09,7,log_mae,lower_is_favourable,0.383427427577,0.382775353355,-0.00406801988139,5,5,4,-0.000652074221759,median_of_paired_anchor_differences,difference_of_separately_aggregated_medians
R1,transit_level|state_od|A|w90|l0|P0|parent=global|kappa=na|min_support=5,transit_level|state_od|A|w90|l0|P0|parent=global|kappa=na,transit_level,continuous,development,2017-09,7,log_rmse,lower_is_favourable,0.494815541057,0.498709183569,-0.00258374099698,5,5,3,0.00389364251269,median_of_paired_anchor_differences,difference_of_separately_aggregated_medians
R1,transit_level|state_od|A|w90|l0|P0|parent=global|kappa=na|min_support=5,transit_level|state_od|A|w90|l0|P0|parent=global|kappa=na,transit_level,continuous,development,2017-09,7,reference_minus_candidate_log_mae,higher_is_favourable,0.103495926059,0.0997510901861,-0.00162057283009,5,5,2,-0.00374483587245,median_of_paired_anchor_differences,difference_of_separately_aggregated_medians
R1,transit_level|state_od|A|w90|l0|P0|parent=global|kappa=na|min_support=5,transit_level|state_od|A|w90|l0|P0|parent=global|kappa=na,transit_level,continuous,development,2017-09,7,support_qualified_coverage,higher_is_favourable,0.951739618406,0.972139303483,0.0121633362294,5,5,5,0.0203996850763,median_of_paired_anchor_differences,difference_of_separately_aggregated_medians
R1,transit_level|state_od|A|w90|l0|P0|parent=global|kappa=na|min_support=5,transit_level|state_od|A|w90|l0|P0|parent=global|kappa=na,transit_level,continuous,development,2017-09,7,top_quintile_lift,higher_is_favourable,1.87378138467,1.96938508993,0.018610350224,5,5,4,0.0956037052683,median_of_paired_anchor_differences,difference_of_separately_aggregated_medians
R1,transit_level|state_od|A|w90|l0|P0|parent=global|kappa=na|min_support=5,transit_level|state_od|A|w90|l0|P0|parent=global|kappa=na,transit_level,continuous,development,2017-09,7,weighted_spearman,higher_is_favourable,0.880852725758,0.881226564021,0.00336231650232,5,5,4,0.000373838262271,median_of_paired_anchor_differences,difference_of_separately_aggregated_medians
R1,transit_level|state_od|A|w90|l0|P0|parent=global|kappa=na|min_support=5,transit_level|state_od|A|w90|l0|P0|parent=global|kappa=na,transit_level,continuous,development,2017-10,7,future_seen_coverage,higher_is_favourable,0.977408142999,0.980684325071,0.00359743834532,4,4,4,0.00327618207175,median_of_paired_anchor_differences,difference_of_separately_aggregated_medians
R1,transit_level|state_od|A|w90|l0|P0|parent=global|kappa=na|min_support=5,transit_level|state_od|A|w90|l0|P0|parent=global|kappa=na,transit_level,continuous,development,2017-10,7,log_mae,lower_is_favourable,0.378977861102,0.37615628421,-0.00387650918753,4,4,3,-0.00282157689156,median_of_paired_anchor_differences,difference_of_separately_aggregated_medians
R1,transit_level|state_od|A|w90|l0|P0|parent=global|kappa=na|min_support=5,transit_level|state_od|A|w90|l0|P0|parent=global|kappa=na,transit_level,continuous,development,2017-10,7,log_rmse,lower_is_favourable,0.485733641237,0.485266347149,-0.00172642278725,4,4,2,-0.000467294088034,median_of_paired_anchor_differences,difference_of_separately_aggregated_medians
R1,transit_level|state_od|A|w90|l0|P0|parent=global|kappa=na|min_support=5,transit_level|state_od|A|w90|l0|P0|parent=global|kappa=na,transit_level,continuous,development,2017-10,7,reference_minus_candidate_log_mae,higher_is_favourable,0.111960702013,0.113298834058,0.000435814869318,4,4,2,0.00133813204548,median_of_paired_anchor_differences,difference_of_separately_aggregated_medians
R1,transit_level|state_od|A|w90|l0|P0|parent=global|kappa=na|min_support=5,transit_level|state_od|A|w90|l0|P0|parent=global|kappa=na,transit_level,continuous,development,2017-10,7,support_qualified_coverage,higher_is_favourable,0.952162245236,0.967767295597,0.0163467004052,4,4,4,0.0156050503618,median_of_paired_anchor_differences,difference_of_separately_aggregated_medians
R1,transit_level|state_od|A|w90|l0|P0|parent=global|kappa=na|min_support=5,transit_level|state_od|A|w90|l0|P0|parent=global|kappa=na,transit_level,continuous,development,2017-10,7,top_quintile_lift,higher_is_favourable,1.83193409833,1.84830148146,0.0454030883459,4,4,3,0.0163673831258,median_of_paired_anchor_differences,difference_of_separately_aggregated_medians
R1,transit_level|state_od|A|w90|l0|P0|parent=global|kappa=na|min_support=5,transit_level|state_od|A|w90|l0|P0|parent=global|kappa=na,transit_level,continuous,development,2017-10,7,weighted_spearman,higher_is_favourable,0.898089855945,0.900329038567,0.00223918262208,4,4,3,0.00223918262208,median_of_paired_anchor_differences,difference_of_separately_aggregated_medians
R1,transit_level|state_od|A|w90|l0|P0|parent=global|kappa=na|min_support=5,transit_level|state_od|A|w90|l0|P0|parent=global|kappa=na,transit_level,continuous,development,2017-11,7,future_seen_coverage,higher_is_favourable,0.984469465891,0.985527004154,0.00136538269058,4,4,4,0.00105753826381,median_of_paired_anchor_differences,difference_of_separately_aggregated_medians
R1,transit_level|state_od|A|w90|l0|P0|parent=global|kappa=na|min_support=5,transit_level|state_od|A|w90|l0|P0|parent=global|kappa=na,transit_level,continuous,development,2017-11,7,log_mae,lower_is_favourable,0.462574176176,0.455226529484,-0.00425483536446,4,4,3,-0.00734764669166,median_of_paired_anchor_differences,difference_of_separately_aggregated_medians
R1,transit_level|state_od|A|w90|l0|P0|parent=global|kappa=na|min_support=5,transit_level|state_od|A|w90|l0|P0|parent=global|kappa=na,transit_level,continuous,development,2017-11,7,log_rmse,lower_is_favourable,0.587536911642,0.581667316903,-0.00406952428133,4,4,3,-0.00586959473887,median_of_paired_anchor_differences,difference_of_separately_aggregated_medians
R1,transit_level|state_od|A|w90|l0|P0|parent=global|kappa=na|min_support=5,transit_level|state_od|A|w90|l0|P0|parent=global|kappa=na,transit_level,continuous,development,2017-11,7,reference_minus_candidate_log_mae,higher_is_favourable,0.116735774887,0.113097070216,-0.000272704183024,4,4,2,-0.00363870467106,median_of_paired_anchor_differences,difference_of_separately_aggregated_medians
R1,transit_level|state_od|A|w90|l0|P0|parent=global|kappa=na|min_support=5,transit_level|state_od|A|w90|l0|P0|parent=global|kappa=na,transit_level,continuous,development,2017-11,7,support_qualified_coverage,higher_is_favourable,0.970049690903,0.98049871926,0.0104490283573,4,4,4,0.0104490283573,median_of_paired_anchor_differences,difference_of_separately_aggregated_medians
R1,transit_level|state_od|A|w90|l0|P0|parent=global|kappa=na|min_support=5,transit_level|state_od|A|w90|l0|P0|parent=global|kappa=na,transit_level,continuous,development,2017-11,7,top_quintile_lift,higher_is_favourable,1.74866423343,1.79641284726,0.0477486138333,4,4,2,0.0477486138333,median_of_paired_anchor_differences,difference_of_separately_aggregated_medians
R1,transit_level|state_od|A|w90|l0|P0|parent=global|kappa=na|min_support=5,transit_level|state_od|A|w90|l0|P0|parent=global|kappa=na,transit_level,continuous,development,2017-11,7,weighted_spearman,higher_is_favourable,0.861663246365,0.854367984889,-0.00729526147659,4,4,0,-0.00729526147659,median_of_paired_anchor_differences,difference_of_separately_aggregated_medians
R1,transit_level|state_od|A|w90|l0|P0|parent=global|kappa=na|min_support=5,transit_level|state_od|A|w90|l0|P0|parent=global|kappa=na,transit_level,continuous,development,2017-12,7,future_seen_coverage,higher_is_favourable,0.990333274658,0.994205832307,0.00212511180352,4,4,4,0.0038725576483,median_of_paired_anchor_differences,difference_of_separately_aggregated_medians
R1,transit_level|state_od|A|w90|l0|P0|parent=global|kappa=na|min_support=5,transit_level|state_od|A|w90|l0|P0|parent=global|kappa=na,transit_level,continuous,development,2017-12,7,log_mae,lower_is_favourable,0.50823642393,0.514461631731,0.00467909620194,4,4,0,0.00622520780174,median_of_paired_anchor_differences,difference_of_separately_aggregated_medians
R1,transit_level|state_od|A|w90|l0|P0|parent=global|kappa=na|min_support=5,transit_level|state_od|A|w90|l0|P0|parent=global|kappa=na,transit_level,continuous,development,2017-12,7,log_rmse,lower_is_favourable,0.63528997071,0.641712730761,0.00642276005158,4,4,0,0.00642276005158,median_of_paired_anchor_differences,difference_of_separately_aggregated_medians
R1,transit_level|state_od|A|w90|l0|P0|parent=global|kappa=na|min_support=5,transit_level|state_od|A|w90|l0|P0|parent=global|kappa=na,transit_level,continuous,development,2017-12,7,reference_minus_candidate_log_mae,higher_is_favourable,0.132172338439,0.125790103389,-0.00638223505027,4,4,1,-0.00638223505027,median_of_paired_anchor_differences,difference_of_separately_aggregated_medians
R1,transit_level|state_od|A|w90|l0|P0|parent=global|kappa=na|min_support=5,transit_level|state_od|A|w90|l0|P0|parent=global|kappa=na,transit_level,continuous,development,2017-12,7,support_qualified_coverage,higher_is_favourable,0.971161180543,0.985579688838,0.0105247387121,4,4,4,0.014418508295,median_of_paired_anchor_differences,difference_of_separately_aggregated_medians
R1,transit_level|state_od|A|w90|l0|P0|parent=global|kappa=na|min_support=5,transit_level|state_od|A|w90|l0|P0|parent=global|kappa=na,transit_level,continuous,development,2017-12,7,top_quintile_lift,higher_is_favourable,1.65859235511,1.70583524881,0.0556482476725,4,4,3,0.047242893698,median_of_paired_anchor_differences,difference_of_separately_aggregated_medians
R1,transit_level|state_od|A|w90|l0|P0|parent=global|kappa=na|min_support=5,transit_level|state_od|A|w90|l0|P0|parent=global|kappa=na,transit_level,continuous,development,2017-12,7,weighted_spearman,higher_is_favourable,0.847830938451,0.805013362868,-0.0317100419843,4,4,0,-0.0428175755828,median_of_paired_anchor_differences,difference_of_separately_aggregated_medians
R1,transit_level|state_od|A|w90|l0|P0|parent=global|kappa=na|min_support=5,transit_level|state_od|A|w90|l0|P0|parent=global|kappa=na,transit_level,continuous,development,2017-04,30,future_seen_coverage,higher_is_favourable,0.980449251248,0.980865224626,0,5,5,1,0.000415973377704,median_of_paired_anchor_differences,difference_of_separately_aggregated_medians
R1,transit_level|state_od|A|w90|l0|P0|parent=global|kappa=na|min_support=5,transit_level|state_od|A|w90|l0|P0|parent=global|kappa=na,transit_level,continuous,development,2017-04,30,log_mae,lower_is_favourable,0.425649516249,0.430456947766,0.00480743151724,5,5,1,0.00480743151724,median_of_paired_anchor_differences,difference_of_separately_aggregated_medians
R1,transit_level|state_od|A|w90|l0|P0|parent=global|kappa=na|min_support=5,transit_level|state_od|A|w90|l0|P0|parent=global|kappa=na,transit_level,continuous,development,2017-04,30,log_rmse,lower_is_favourable,0.551627342549,0.556955153697,0.00532781114781,5,5,1,0.00532781114781,median_of_paired_anchor_differences,difference_of_separately_aggregated_medians
R1,transit_level|state_od|A|w90|l0|P0|parent=global|kappa=na|min_support=5,transit_level|state_od|A|w90|l0|P0|parent=global|kappa=na,transit_level,continuous,development,2017-04,30,reference_minus_candidate_log_mae,higher_is_favourable,0.0524143563932,0.0545657660194,0.00215140962616,5,5,4,0.00215140962616,median_of_paired_anchor_differences,difference_of_separately_aggregated_medians
R1,transit_level|state_od|A|w90|l0|P0|parent=global|kappa=na|min_support=5,transit_level|state_od|A|w90|l0|P0|parent=global|kappa=na,transit_level,continuous,development,2017-04,30,support_qualified_coverage,higher_is_favourable,0.935384615385,0.937094017094,0.00166389351082,5,5,5,0.0017094017094,median_of_paired_anchor_differences,difference_of_separately_aggregated_medians
R1,transit_level|state_od|A|w90|l0|P0|parent=global|kappa=na|min_support=5,transit_level|state_od|A|w90|l0|P0|parent=global|kappa=na,transit_level,continuous,development,2017-04,30,top_quintile_lift,higher_is_favourable,1.77435162436,1.79176640907,-0.00194101630299,5,5,2,0.0174147847061,median_of_paired_anchor_differences,difference_of_separately_aggregated_medians
R1,transit_level|state_od|A|w90|l0|P0|parent=global|kappa=na|min_support=5,transit_level|state_od|A|w90|l0|P0|parent=global|kappa=na,transit_level,continuous,development,2017-04,30,weighted_spearman,higher_is_favourable,0.79314344318,0.793892701429,0.000468851905879,5,5,3,0.000749258249702,median_of_paired_anchor_differences,difference_of_separately_aggregated_medians
R1,transit_level|state_od|A|w90|l0|P0|parent=global|kappa=na|min_support=5,transit_level|state_od|A|w90|l0|P0|parent=global|kappa=na,transit_level,continuous,development,2017-05,30,future_seen_coverage,higher_is_favourable,0.983112849172,0.983205573108,0.000152532031727,4,4,2,9.27239364401e-05,median_of_paired_anchor_differences,difference_of_separately_aggregated_medians
R1,transit_level|state_od|A|w90|l0|P0|parent=global|kappa=na|min_support=5,transit_level|state_od|A|w90|l0|P0|parent=global|kappa=na,transit_level,continuous,development,2017-05,30,log_mae,lower_is_favourable,0.411681434133,0.407372980362,-0.00542780480548,4,4,4,-0.00430845377119,median_of_paired_anchor_differences,difference_of_separately_aggregated_medians
R1,transit_level|state_od|A|w90|l0|P0|parent=global|kappa=na|min_support=5,transit_level|state_od|A|w90|l0|P0|parent=global|kappa=na,transit_level,continuous,development,2017-05,30,log_rmse,lower_is_favourable,0.54855339268,0.541927230077,-0.00661536648545,4,4,4,-0.00662616260381,median_of_paired_anchor_differences,difference_of_separately_aggregated_medians
R1,transit_level|state_od|A|w90|l0|P0|parent=global|kappa=na|min_support=5,transit_level|state_od|A|w90|l0|P0|parent=global|kappa=na,transit_level,continuous,development,2017-05,30,reference_minus_candidate_log_mae,higher_is_favourable,0.0668264078559,0.0695706561083,0.00237879094061,4,4,4,0.00274424825236,median_of_paired_anchor_differences,difference_of_separately_aggregated_medians
R1,transit_level|state_od|A|w90|l0|P0|parent=global|kappa=na|min_support=5,transit_level|state_od|A|w90|l0|P0|parent=global|kappa=na,transit_level,continuous,development,2017-05,30,support_qualified_coverage,higher_is_favourable,0.960429507433,0.964892267053,0.00385213799207,4,4,4,0.00446275962086,median_of_paired_anchor_differences,difference_of_separately_aggregated_medians
R1,transit_level|state_od|A|w90|l0|P0|parent=global|kappa=na|min_support=5,transit_level|state_od|A|w90|l0|P0|parent=global|kappa=na,transit_level,continuous,development,2017-05,30,top_quintile_lift,higher_is_favourable,1.67481887075,1.68764037894,0.0276178842373,4,4,3,0.0128215081993,median_of_paired_anchor_differences,difference_of_separately_aggregated_medians
R1,transit_level|state_od|A|w90|l0|P0|parent=global|kappa=na|min_support=5,transit_level|state_od|A|w90|l0|P0|parent=global|kappa=na,transit_level,continuous,development,2017-05,30,weighted_spearman,higher_is_favourable,0.88218626324,0.903035180968,0.0124100562494,4,4,4,0.020848917728,median_of_paired_anchor_differences,difference_of_separately_aggregated_medians
R1,transit_level|state_od|A|w90|l0|P0|parent=global|kappa=na|min_support=5,transit_level|state_od|A|w90|l0|P0|parent=global|kappa=na,transit_level,continuous,development,2017-06,30,future_seen_coverage,higher_is_favourable,0.98026024544,0.982719584259,0.00240382275864,4,4,4,0.00245933881898,median_of_paired_anchor_differences,difference_of_separately_aggregated_medians
R1,transit_level|state_od|A|w90|l0|P0|parent=global|kappa=na|min_support=5,transit_level|state_od|A|w90|l0|P0|parent=global|kappa=na,transit_level,continuous,development,2017-06,30,log_mae,lower_is_favourable,0.397719957934,0.397168676596,-0.000900892082353,4,4,4,-0.000551281338042,median_of_paired_anchor_differences,difference_of_separately_aggregated_medians
R1,transit_level|state_od|A|w90|l0|P0|parent=global|kappa=na|min_support=5,transit_level|state_od|A|w90|l0|P0|parent=global|kappa=na,transit_level,continuous,development,2017-06,30,log_rmse,lower_is_favourable,0.525537968869,0.52507470213,-0.000463266738944,4,4,3,-0.000463266738944,median_of_paired_anchor_differences,difference_of_separately_aggregated_medians
R1,transit_level|state_od|A|w90|l0|P0|parent=global|kappa=na|min_support=5,transit_level|state_od|A|w90|l0|P0|parent=global|kappa=na,transit_level,continuous,development,2017-06,30,reference_minus_candidate_log_mae,higher_is_favourable,0.0972334213969,0.0979554610159,0.000722039619038,4,4,3,0.000722039619038,median_of_paired_anchor_differences,difference_of_separately_aggregated_medians
R1,transit_level|state_od|A|w90|l0|P0|parent=global|kappa=na|min_support=5,transit_level|state_od|A|w90|l0|P0|parent=global|kappa=na,transit_level,continuous,development,2017-06,30,support_qualified_coverage,higher_is_favourable,0.965082434722,0.967822958744,0.0033673284394,4,4,4,0.00274052402117,median_of_paired_anchor_differences,difference_of_separately_aggregated_medians
R1,transit_level|state_od|A|w90|l0|P0|parent=global|kappa=na|min_support=5,transit_level|state_od|A|w90|l0|P0|parent=global|kappa=na,transit_level,continuous,development,2017-06,30,top_quintile_lift,higher_is_favourable,1.89613442138,1.9334459873,0.0223526107874,4,4,4,0.0373115659171,median_of_paired_anchor_differences,difference_of_separately_aggregated_medians
R1,transit_level|state_od|A|w90|l0|P0|parent=global|kappa=na|min_support=5,transit_level|state_od|A|w90|l0|P0|parent=global|kappa=na,transit_level,continuous,development,2017-06,30,weighted_spearman,higher_is_favourable,0.883245739905,0.897729209083,0.0139668243883,4,4,4,0.0144834691784,median_of_paired_anchor_differences,difference_of_separately_aggregated_medians
R1,transit_level|state_od|A|w90|l0|P0|parent=global|kappa=na|min_support=5,transit_level|state_od|A|w90|l0|P0|parent=global|kappa=na,transit_level,continuous,development,2017-07,30,future_seen_coverage,higher_is_favourable,0.983105590062,0.985838509317,0.00244558571778,5,5,5,0.00273291925466,median_of_paired_anchor_differences,difference_of_separately_aggregated_medians
R1,transit_level|state_od|A|w90|l0|P0|parent=global|kappa=na|min_support=5,transit_level|state_od|A|w90|l0|P0|parent=global|kappa=na,transit_level,continuous,development,2017-07,30,log_mae,lower_is_favourable,0.39619252463,0.395280522044,-0.00166561632659,5,5,4,-0.000912002585724,median_of_paired_anchor_differences,difference_of_separately_aggregated_medians
R1,transit_level|state_od|A|w90|l0|P0|parent=global|kappa=na|min_support=5,transit_level|state_od|A|w90|l0|P0|parent=global|kappa=na,transit_level,continuous,development,2017-07,30,log_rmse,lower_is_favourable,0.524404194882,0.523688750829,1.55623168937e-05,5,5,2,-0.000715444053415,median_of_paired_anchor_differences,difference_of_separately_aggregated_medians
R1,transit_level|state_od|A|w90|l0|P0|parent=global|kappa=na|min_support=5,transit_level|state_od|A|w90|l0|P0|parent=global|kappa=na,transit_level,continuous,development,2017-07,30,reference_minus_candidate_log_mae,higher_is_favourable,0.114694437668,0.113939283015,-0.000755154653126,5,5,0,-0.000755154653126,median_of_paired_anchor_differences,difference_of_separately_aggregated_medians
R1,transit_level|state_od|A|w90|l0|P0|parent=global|kappa=na|min_support=5,transit_level|state_od|A|w90|l0|P0|parent=global|kappa=na,transit_level,continuous,development,2017-07,30,support_qualified_coverage,higher_is_favourable,0.969583644976,0.973913043478,0.00489943269727,5,5,5,0.00432939850195,median_of_paired_anchor_differences,difference_of_separately_aggregated_medians
R1,transit_level|state_od|A|w90|l0|P0|parent=global|kappa=na|min_support=5,transit_level|state_od|A|w90|l0|P0|parent=global|kappa=na,transit_level,continuous,development,2017-07,30,top_quintile_lift,higher_is_favourable,1.902609635,1.94348469944,0.0247225056418,5,5,3,0.0408750644415,median_of_paired_anchor_differences,difference_of_separately_aggregated_medians
R1,transit_level|state_od|A|w90|l0|P0|parent=global|kappa=na|min_support=5,transit_level|state_od|A|w90|l0|P0|parent=global|kappa=na,transit_level,continuous,development,2017-07,30,weighted_spearman,higher_is_favourable,0.901944689609,0.915034807487,0.0114434593681,5,5,5,0.0130901178777,median_of_paired_anchor_differences,difference_of_separately_aggregated_medians
R1,transit_level|state_od|A|w90|l0|P0|parent=global|kappa=na|min_support=5,transit_level|state_od|A|w90|l0|P0|parent=global|kappa=na,transit_level,continuous,development,2017-08,30,future_seen_coverage,higher_is_favourable,0.983211031649,0.987612389129,0.00494589594926,4,4,4,0.00440135747991,median_of_paired_anchor_differences,difference_of_separately_aggregated_medians
R1,transit_level|state_od|A|w90|l0|P0|parent=global|kappa=na|min_support=5,transit_level|state_od|A|w90|l0|P0|parent=global|kappa=na,transit_level,continuous,development,2017-08,30,log_mae,lower_is_favourable,0.385463518812,0.389784128012,0.00385361668004,4,4,1,0.00432060920051,median_of_paired_anchor_differences,difference_of_separately_aggregated_medians
R1,transit_level|state_od|A|w90|l0|P0|parent=global|kappa=na|min_support=5,transit_level|state_od|A|w90|l0|P0|parent=global|kappa=na,transit_level,continuous,development,2017-08,30,log_rmse,lower_is_favourable,0.502047512942,0.510305941506,0.00744822652636,4,4,0,0.00825842856442,median_of_paired_anchor_differences,difference_of_separately_aggregated_medians
R1,transit_level|state_od|A|w90|l0|P0|parent=global|kappa=na|min_support=5,transit_level|state_od|A|w90|l0|P0|parent=global|kappa=na,transit_level,continuous,development,2017-08,30,reference_minus_candidate_log_mae,higher_is_favourable,0.127393837604,0.122559316673,-0.00598887309075,4,4,0,-0.00483452093112,median_of_paired_anchor_differences,difference_of_separately_aggregated_medians
R1,transit_level|state_od|A|w90|l0|P0|parent=global|kappa=na|min_support=5,transit_level|state_od|A|w90|l0|P0|parent=global|kappa=na,transit_level,continuous,development,2017-08,30,support_qualified_coverage,higher_is_favourable,0.956212461892,0.970566214098,0.0145781404637,4,4,4,0.014353752206,median_of_paired_anchor_differences,difference_of_separately_aggregated_medians
R1,transit_level|state_od|A|w90|l0|P0|parent=global|kappa=na|min_support=5,transit_level|state_od|A|w90|l0|P0|parent=global|kappa=na,transit_level,continuous,development,2017-08,30,top_quintile_lift,higher_is_favourable,2.09949350146,2.1265570483,0.0891515745044,4,4,3,0.0270635468426,median_of_paired_anchor_differences,difference_of_separately_aggregated_medians
R1,transit_level|state_od|A|w90|l0|P0|parent=global|kappa=na|min_support=5,transit_level|state_od|A|w90|l0|P0|parent=global|kappa=na,transit_level,continuous,development,2017-08,30,weighted_spearman,higher_is_favourable,0.867988232976,0.89199518021,0.0240069472331,4,4,4,0.0240069472331,median_of_paired_anchor_differences,difference_of_separately_aggregated_medians
R1,transit_level|state_od|A|w90|l0|P0|parent=global|kappa=na|min_support=5,transit_level|state_od|A|w90|l0|P0|parent=global|kappa=na,transit_level,continuous,development,2017-09,30,future_seen_coverage,higher_is_favourable,0.979237192507,0.98329948093,0.00433196534428,5,5,5,0.00406228842248,median_of_paired_anchor_differences,difference_of_separately_aggregated_medians
R1,transit_level|state_od|A|w90|l0|P0|parent=global|kappa=na|min_support=5,transit_level|state_od|A|w90|l0|P0|parent=global|kappa=na,transit_level,continuous,development,2017-09,30,log_mae,lower_is_favourable,0.383624778428,0.378289547775,-0.00497809706751,5,5,5,-0.00533523065347,median_of_paired_anchor_differences,difference_of_separately_aggregated_medians
R1,transit_level|state_od|A|w90|l0|P0|parent=global|kappa=na|min_support=5,transit_level|state_od|A|w90|l0|P0|parent=global|kappa=na,transit_level,continuous,development,2017-09,30,log_rmse,lower_is_favourable,0.492487554755,0.489346558107,-0.00251302379852,5,5,4,-0.00314099664809,median_of_paired_anchor_differences,difference_of_separately_aggregated_medians
R1,transit_level|state_od|A|w90|l0|P0|parent=global|kappa=na|min_support=5,transit_level|state_od|A|w90|l0|P0|parent=global|kappa=na,transit_level,continuous,development,2017-09,30,reference_minus_candidate_log_mae,higher_is_favourable,0.111360563366,0.11114008387,-0.000220479496307,5,5,2,-0.000220479496307,median_of_paired_anchor_differences,difference_of_separately_aggregated_medians
R1,transit_level|state_od|A|w90|l0|P0|parent=global|kappa=na|min_support=5,transit_level|state_od|A|w90|l0|P0|parent=global|kappa=na,transit_level,continuous,development,2017-09,30,support_qualified_coverage,higher_is_favourable,0.953759925269,0.970209884902,0.017190006876,5,5,5,0.0164499596333,median_of_paired_anchor_differences,difference_of_separately_aggregated_medians
R1,transit_level|state_od|A|w90|l0|P0|parent=global|kappa=na|min_support=5,transit_level|state_od|A|w90|l0|P0|parent=global|kappa=na,transit_level,continuous,development,2017-09,30,top_quintile_lift,higher_is_favourable,1.85821041277,1.90952936217,0.0860198222996,5,5,5,0.0513189494002,median_of_paired_anchor_differences,difference_of_separately_aggregated_medians
R1,transit_level|state_od|A|w90|l0|P0|parent=global|kappa=na|min_support=5,transit_level|state_od|A|w90|l0|P0|parent=global|kappa=na,transit_level,continuous,development,2017-09,30,weighted_spearman,higher_is_favourable,0.891871266644,0.90749240833,0.017887913772,5,5,5,0.0156211416851,median_of_paired_anchor_differences,difference_of_separately_aggregated_medians
R1,transit_level|state_od|A|w90|l0|P0|parent=global|kappa=na|min_support=5,transit_level|state_od|A|w90|l0|P0|parent=global|kappa=na,transit_level,continuous,development,2017-10,30,future_seen_coverage,higher_is_favourable,0.979003722936,0.982578394192,0.00357467125689,4,4,4,0.00357467125689,median_of_paired_anchor_differences,difference_of_separately_aggregated_medians
R1,transit_level|state_od|A|w90|l0|P0|parent=global|kappa=na|min_support=5,transit_level|state_od|A|w90|l0|P0|parent=global|kappa=na,transit_level,continuous,development,2017-10,30,log_mae,lower_is_favourable,0.3941524519,0.388006499246,-0.00599218042163,4,4,4,-0.00614595265359,median_of_paired_anchor_differences,difference_of_separately_aggregated_medians
R1,transit_level|state_od|A|w90|l0|P0|parent=global|kappa=na|min_support=5,transit_level|state_od|A|w90|l0|P0|parent=global|kappa=na,transit_level,continuous,development,2017-10,30,log_rmse,lower_is_favourable,0.507431285892,0.503141306972,-0.00428997892057,4,4,4,-0.00428997892057,median_of_paired_anchor_differences,difference_of_separately_aggregated_medians
R1,transit_level|state_od|A|w90|l0|P0|parent=global|kappa=na|min_support=5,transit_level|state_od|A|w90|l0|P0|parent=global|kappa=na,transit_level,continuous,development,2017-10,30,reference_minus_candidate_log_mae,higher_is_favourable,0.114757184453,0.114068871294,0.000132171989742,4,4,2,-0.000688313159476,median_of_paired_anchor_differences,difference_of_separately_aggregated_medians
R1,transit_level|state_od|A|w90|l0|P0|parent=global|kappa=na|min_support=5,transit_level|state_od|A|w90|l0|P0|parent=global|kappa=na,transit_level,continuous,development,2017-10,30,support_qualified_coverage,higher_is_favourable,0.955736488446,0.971103641595,0.0153671531488,4,4,4,0.0153671531488,median_of_paired_anchor_differences,difference_of_separately_aggregated_medians
R1,transit_level|state_od|A|w90|l0|P0|parent=global|kappa=na|min_support=5,transit_level|state_od|A|w90|l0|P0|parent=global|kappa=na,transit_level,continuous,development,2017-10,30,top_quintile_lift,higher_is_favourable,1.73124770292,1.83536638835,0.0743929436,4,4,4,0.104118685435,median_of_paired_anchor_differences,difference_of_separately_aggregated_medians
R1,transit_level|state_od|A|w90|l0|P0|parent=global|kappa=na|min_support=5,transit_level|state_od|A|w90|l0|P0|parent=global|kappa=na,transit_level,continuous,development,2017-10,30,weighted_spearman,higher_is_favourable,0.917454726444,0.917281277283,0.00186435144795,4,4,3,-0.000173449160801,median_of_paired_anchor_differences,difference_of_separately_aggregated_medians
R1,transit_level|state_od|A|w90|l0|P0|parent=global|kappa=na|min_support=5,transit_level|state_od|A|w90|l0|P0|parent=global|kappa=na,transit_level,continuous,development,2017-11,30,future_seen_coverage,higher_is_favourable,0.985786660935,0.987893865343,0.00194974449518,4,4,4,0.00210720440773,median_of_paired_anchor_differences,difference_of_separately_aggregated_medians
R1,transit_level|state_od|A|w90|l0|P0|parent=global|kappa=na|min_support=5,transit_level|state_od|A|w90|l0|P0|parent=global|kappa=na,transit_level,continuous,development,2017-11,30,log_mae,lower_is_favourable,0.524139333829,0.52311358648,-0.00102574734928,4,4,2,-0.00102574734928,median_of_paired_anchor_differences,difference_of_separately_aggregated_medians
R1,transit_level|state_od|A|w90|l0|P0|parent=global|kappa=na|min_support=5,transit_level|state_od|A|w90|l0|P0|parent=global|kappa=na,transit_level,continuous,development,2017-11,30,log_rmse,lower_is_favourable,0.653634752411,0.652843851066,-0.000790901345092,4,4,2,-0.000790901345092,median_of_paired_anchor_differences,difference_of_separately_aggregated_medians
R1,transit_level|state_od|A|w90|l0|P0|parent=global|kappa=na|min_support=5,transit_level|state_od|A|w90|l0|P0|parent=global|kappa=na,transit_level,continuous,development,2017-11,30,reference_minus_candidate_log_mae,higher_is_favourable,0.124737673218,0.121060094729,-0.00367757848971,4,4,0,-0.00367757848971,median_of_paired_anchor_differences,difference_of_separately_aggregated_medians
R1,transit_level|state_od|A|w90|l0|P0|parent=global|kappa=na|min_support=5,transit_level|state_od|A|w90|l0|P0|parent=global|kappa=na,transit_level,continuous,development,2017-11,30,support_qualified_coverage,higher_is_favourable,0.970671369369,0.979615468494,0.00849784692345,4,4,4,0.00894409912533,median_of_paired_anchor_differences,difference_of_separately_aggregated_medians
R1,transit_level|state_od|A|w90|l0|P0|parent=global|kappa=na|min_support=5,transit_level|state_od|A|w90|l0|P0|parent=global|kappa=na,transit_level,continuous,development,2017-11,30,top_quintile_lift,higher_is_favourable,1.76795118374,1.79400639934,0.0179919989202,4,4,3,0.026055215603,median_of_paired_anchor_differences,difference_of_separately_aggregated_medians
R1,transit_level|state_od|A|w90|l0|P0|parent=global|kappa=na|min_support=5,transit_level|state_od|A|w90|l0|P0|parent=global|kappa=na,transit_level,continuous,development,2017-11,30,weighted_spearman,higher_is_favourable,0.878072068651,0.841201356993,-0.039600268972,4,4,0,-0.0368707116578,median_of_paired_anchor_differences,difference_of_separately_aggregated_medians
R1,transit_level|state_od|A|w90|l0|P0|parent=global|kappa=na|min_support=5,transit_level|state_od|A|w90|l0|P0|parent=global|kappa=na,transit_level,continuous,development,2017-12,30,future_seen_coverage,higher_is_favourable,0.987217487959,0.989996294924,0.00277880696554,1,1,1,0.00277880696554,median_of_paired_anchor_differences,difference_of_separately_aggregated_medians
R1,transit_level|state_od|A|w90|l0|P0|parent=global|kappa=na|min_support=5,transit_level|state_od|A|w90|l0|P0|parent=global|kappa=na,transit_level,continuous,development,2017-12,30,log_mae,lower_is_favourable,0.522101728572,0.523882597006,0.00178086843386,1,1,0,0.00178086843386,median_of_paired_anchor_differences,difference_of_separately_aggregated_medians
R1,transit_level|state_od|A|w90|l0|P0|parent=global|kappa=na|min_support=5,transit_level|state_od|A|w90|l0|P0|parent=global|kappa=na,transit_level,continuous,development,2017-12,30,log_rmse,lower_is_favourable,0.644166572655,0.647056234173,0.00288966151817,1,1,0,0.00288966151817,median_of_paired_anchor_differences,difference_of_separately_aggregated_medians
R1,transit_level|state_od|A|w90|l0|P0|parent=global|kappa=na|min_support=5,transit_level|state_od|A|w90|l0|P0|parent=global|kappa=na,transit_level,continuous,development,2017-12,30,reference_minus_candidate_log_mae,higher_is_favourable,0.131661676224,0.127061250936,-0.00460042528787,1,1,0,-0.00460042528787,median_of_paired_anchor_differences,difference_of_separately_aggregated_medians
R1,transit_level|state_od|A|w90|l0|P0|parent=global|kappa=na|min_support=5,transit_level|state_od|A|w90|l0|P0|parent=global|kappa=na,transit_level,continuous,development,2017-12,30,support_qualified_coverage,higher_is_favourable,0.969618377177,0.980363097443,0.0107447202668,1,1,1,0.0107447202668,median_of_paired_anchor_differences,difference_of_separately_aggregated_medians
R1,transit_level|state_od|A|w90|l0|P0|parent=global|kappa=na|min_support=5,transit_level|state_od|A|w90|l0|P0|parent=global|kappa=na,transit_level,continuous,development,2017-12,30,top_quintile_lift,higher_is_favourable,1.68796375775,1.74104274008,0.0530789823273,1,1,1,0.0530789823273,median_of_paired_anchor_differences,difference_of_separately_aggregated_medians
R1,transit_level|state_od|A|w90|l0|P0|parent=global|kappa=na|min_support=5,transit_level|state_od|A|w90|l0|P0|parent=global|kappa=na,transit_level,continuous,development,2017-12,30,weighted_spearman,higher_is_favourable,0.872997198733,0.825433402998,-0.0475637957358,1,1,0,-0.0475637957358,median_of_paired_anchor_differences,difference_of_separately_aggregated_medians
R1,transit_level|state_od|A|w90|l0|P0|parent=global|kappa=na|min_support=5,transit_level|state_od|A|w90|l0|P0|parent=global|kappa=na,transit_level,continuous,terminal,2018-07,7,future_seen_coverage,higher_is_favourable,0.989793782745,0.994622954256,0.00556542312397,4,4,4,0.0048291715113,median_of_paired_anchor_differences,difference_of_separately_aggregated_medians
R1,transit_level|state_od|A|w90|l0|P0|parent=global|kappa=na|min_support=5,transit_level|state_od|A|w90|l0|P0|parent=global|kappa=na,transit_level,continuous,terminal,2018-07,7,log_mae,lower_is_favourable,0.410660391642,0.459208341793,0.0361441900636,4,4,0,0.0485479501509,median_of_paired_anchor_differences,difference_of_separately_aggregated_medians
R1,transit_level|state_od|A|w90|l0|P0|parent=global|kappa=na|min_support=5,transit_level|state_od|A|w90|l0|P0|parent=global|kappa=na,transit_level,continuous,terminal,2018-07,7,log_rmse,lower_is_favourable,0.504214174677,0.54400623995,0.0282401815591,4,4,0,0.0397920652725,median_of_paired_anchor_differences,difference_of_separately_aggregated_medians
R1,transit_level|state_od|A|w90|l0|P0|parent=global|kappa=na|min_support=5,transit_level|state_od|A|w90|l0|P0|parent=global|kappa=na,transit_level,continuous,terminal,2018-07,7,reference_minus_candidate_log_mae,higher_is_favourable,0.0725275667313,0.0721392419613,-0.00038832477002,4,4,1,-0.00038832477002,median_of_paired_anchor_differences,difference_of_separately_aggregated_medians
R1,transit_level|state_od|A|w90|l0|P0|parent=global|kappa=na|min_support=5,transit_level|state_od|A|w90|l0|P0|parent=global|kappa=na,transit_level,continuous,terminal,2018-07,7,support_qualified_coverage,higher_is_favourable,0.972209056414,0.989245908512,0.0169063385964,4,4,4,0.0170368520976,median_of_paired_anchor_differences,difference_of_separately_aggregated_medians
R1,transit_level|state_od|A|w90|l0|P0|parent=global|kappa=na|min_support=5,transit_level|state_od|A|w90|l0|P0|parent=global|kappa=na,transit_level,continuous,terminal,2018-07,7,top_quintile_lift,higher_is_favourable,1.99339900423,1.99222296606,0.0168453258321,4,4,3,-0.00117603816832,median_of_paired_anchor_differences,difference_of_separately_aggregated_medians
R1,transit_level|state_od|A|w90|l0|P0|parent=global|kappa=na|min_support=5,transit_level|state_od|A|w90|l0|P0|parent=global|kappa=na,transit_level,continuous,terminal,2018-07,7,weighted_spearman,higher_is_favourable,0.866372413806,0.893690514718,0.029025582962,4,4,4,0.0273181009119,median_of_paired_anchor_differences,difference_of_separately_aggregated_medians
R1,transit_level|state_od|A|w90|l0|P0|parent=global|kappa=na|min_support=5,transit_level|state_od|A|w90|l0|P0|parent=global|kappa=na,transit_level,continuous,terminal,2018-08,7,future_seen_coverage,higher_is_favourable,0.988229755179,0.991996233522,0.0021528525296,3,3,3,0.00376647834275,median_of_paired_anchor_differences,difference_of_separately_aggregated_medians
R1,transit_level|state_od|A|w90|l0|P0|parent=global|kappa=na|min_support=5,transit_level|state_od|A|w90|l0|P0|parent=global|kappa=na,transit_level,continuous,terminal,2018-08,7,log_mae,lower_is_favourable,0.362356818258,0.424430829879,0.077806261136,3,3,0,0.0620740116215,median_of_paired_anchor_differences,difference_of_separately_aggregated_medians
R1,transit_level|state_od|A|w90|l0|P0|parent=global|kappa=na|min_support=5,transit_level|state_od|A|w90|l0|P0|parent=global|kappa=na,transit_level,continuous,terminal,2018-08,7,log_rmse,lower_is_favourable,0.437029551595,0.510333702119,0.0768760938919,3,3,0,0.0733041505242,median_of_paired_anchor_differences,difference_of_separately_aggregated_medians
R1,transit_level|state_od|A|w90|l0|P0|parent=global|kappa=na|min_support=5,transit_level|state_od|A|w90|l0|P0|parent=global|kappa=na,transit_level,continuous,terminal,2018-08,7,reference_minus_candidate_log_mae,higher_is_favourable,0.0919970097017,0.0735505241095,-0.00779049784892,3,3,1,-0.0184464855922,median_of_paired_anchor_differences,difference_of_separately_aggregated_medians
R1,transit_level|state_od|A|w90|l0|P0|parent=global|kappa=na|min_support=5,transit_level|state_od|A|w90|l0|P0|parent=global|kappa=na,transit_level,continuous,terminal,2018-08,7,support_qualified_coverage,higher_is_favourable,0.974165769645,0.988700564972,0.0156081808396,3,3,3,0.014534795327,median_of_paired_anchor_differences,difference_of_separately_aggregated_medians
R1,transit_level|state_od|A|w90|l0|P0|parent=global|kappa=na|min_support=5,transit_level|state_od|A|w90|l0|P0|parent=global|kappa=na,transit_level,continuous,terminal,2018-08,7,top_quintile_lift,higher_is_favourable,1.7343951802,1.75942289533,0.0250277151236,3,3,2,0.0250277151236,median_of_paired_anchor_differences,difference_of_separately_aggregated_medians
R1,transit_level|state_od|A|w90|l0|P0|parent=global|kappa=na|min_support=5,transit_level|state_od|A|w90|l0|P0|parent=global|kappa=na,transit_level,continuous,terminal,2018-08,7,weighted_spearman,higher_is_favourable,0.883143784561,0.87204766,-0.00319362418159,3,3,1,-0.0110961245612,median_of_paired_anchor_differences,difference_of_separately_aggregated_medians
R1,transit_level|state_od|A|w90|l0|P0|parent=global|kappa=na|min_support=5,transit_level|state_od|A|w90|l0|P0|parent=global|kappa=na,transit_level,continuous,terminal,2018-07,30,future_seen_coverage,higher_is_favourable,0.988935888607,0.994059714444,0.00499913861127,4,4,4,0.00512382583734,median_of_paired_anchor_differences,difference_of_separately_aggregated_medians
R1,transit_level|state_od|A|w90|l0|P0|parent=global|kappa=na|min_support=5,transit_level|state_od|A|w90|l0|P0|parent=global|kappa=na,transit_level,continuous,terminal,2018-07,30,log_mae,lower_is_favourable,0.409500845179,0.450349064792,0.0391252845901,4,4,0,0.0408482196136,median_of_paired_anchor_differences,difference_of_separately_aggregated_medians
R1,transit_level|state_od|A|w90|l0|P0|parent=global|kappa=na|min_support=5,transit_level|state_od|A|w90|l0|P0|parent=global|kappa=na,transit_level,continuous,terminal,2018-07,30,log_rmse,lower_is_favourable,0.498490001779,0.534715779056,0.0354275768422,4,4,0,0.036225777277,median_of_paired_anchor_differences,difference_of_separately_aggregated_medians
R1,transit_level|state_od|A|w90|l0|P0|parent=global|kappa=na|min_support=5,transit_level|state_od|A|w90|l0|P0|parent=global|kappa=na,transit_level,continuous,terminal,2018-07,30,reference_minus_candidate_log_mae,higher_is_favourable,0.0619890025731,0.0686463159647,0.00375898939103,4,4,3,0.00665731339164,median_of_paired_anchor_differences,difference_of_separately_aggregated_medians
R1,transit_level|state_od|A|w90|l0|P0|parent=global|kappa=na|min_support=5,transit_level|state_od|A|w90|l0|P0|parent=global|kappa=na,transit_level,continuous,terminal,2018-07,30,support_qualified_coverage,higher_is_favourable,0.972392792551,0.989088997876,0.0167459662712,4,4,4,0.0166962053242,median_of_paired_anchor_differences,difference_of_separately_aggregated_medians
R1,transit_level|state_od|A|w90|l0|P0|parent=global|kappa=na|min_support=5,transit_level|state_od|A|w90|l0|P0|parent=global|kappa=na,transit_level,continuous,terminal,2018-07,30,top_quintile_lift,higher_is_favourable,1.96523486032,2.08945743042,0.124222570103,4,4,4,0.124222570103,median_of_paired_anchor_differences,difference_of_separately_aggregated_medians
R1,transit_level|state_od|A|w90|l0|P0|parent=global|kappa=na|min_support=5,transit_level|state_od|A|w90|l0|P0|parent=global|kappa=na,transit_level,continuous,terminal,2018-07,30,weighted_spearman,higher_is_favourable,0.859933390308,0.910853004056,0.052897264883,4,4,4,0.0509196137486,median_of_paired_anchor_differences,difference_of_separately_aggregated_medians
R2,transit_tail|state_od|A|w90|l0|P1|parent=global|kappa=10|min_support=5,transit_tail|state_od|A|w90|l0|P1|parent=global|kappa=10,transit_tail,binary,confirmation,2018-01,7,brier,lower_is_favourable,0.1498890462,0.156209797448,0.00632075124836,4,4,0,0.00632075124836,median_of_paired_anchor_differences,difference_of_separately_aggregated_medians
R2,transit_tail|state_od|A|w90|l0|P1|parent=global|kappa=10|min_support=5,transit_tail|state_od|A|w90|l0|P1|parent=global|kappa=10,transit_tail,binary,confirmation,2018-01,7,future_seen_coverage,higher_is_favourable,0.988766823664,0.990659132364,0.00213885472965,4,4,4,0.00189230869998,median_of_paired_anchor_differences,difference_of_separately_aggregated_medians
R2,transit_tail|state_od|A|w90|l0|P1|parent=global|kappa=10|min_support=5,transit_tail|state_od|A|w90|l0|P1|parent=global|kappa=10,transit_tail,binary,confirmation,2018-01,7,log_loss,lower_is_favourable,0.457446622171,0.476929215814,0.0194825936434,4,4,0,0.0194825936434,median_of_paired_anchor_differences,difference_of_separately_aggregated_medians
R2,transit_tail|state_od|A|w90|l0|P1|parent=global|kappa=10|min_support=5,transit_tail|state_od|A|w90|l0|P1|parent=global|kappa=10,transit_tail,binary,confirmation,2018-01,7,reference_minus_candidate_brier,higher_is_favourable,0.0308753579842,0.0289194342087,-0.00167017394455,4,4,0,-0.00195592377554,median_of_paired_anchor_differences,difference_of_separately_aggregated_medians
R2,transit_tail|state_od|A|w90|l0|P1|parent=global|kappa=10|min_support=5,transit_tail|state_od|A|w90|l0|P1|parent=global|kappa=10,transit_tail,binary,confirmation,2018-01,7,reference_minus_candidate_log_loss,higher_is_favourable,0.0940399637945,0.0809982291345,-0.00341294421456,4,4,0,-0.01304173466,median_of_paired_anchor_differences,difference_of_separately_aggregated_medians
R2,transit_tail|state_od|A|w90|l0|P1|parent=global|kappa=10|min_support=5,transit_tail|state_od|A|w90|l0|P1|parent=global|kappa=10,transit_tail,binary,confirmation,2018-01,7,support_qualified_coverage,higher_is_favourable,0.970395352323,0.983532585942,0.0105965932984,4,4,4,0.0131372336192,median_of_paired_anchor_differences,difference_of_separately_aggregated_medians
R2,transit_tail|state_od|A|w90|l0|P1|parent=global|kappa=10|min_support=5,transit_tail|state_od|A|w90|l0|P1|parent=global|kappa=10,transit_tail,binary,confirmation,2018-01,7,top10_order_lift,higher_is_favourable,2.1945550814,2.26326650408,0.170010454465,4,4,3,0.0687114226836,median_of_paired_anchor_differences,difference_of_separately_aggregated_medians
R2,transit_tail|state_od|A|w90|l0|P1|parent=global|kappa=10|min_support=5,transit_tail|state_od|A|w90|l0|P1|parent=global|kappa=10,transit_tail,binary,confirmation,2018-01,7,top_quintile_lift,higher_is_favourable,2.05718121432,2.30883729275,0.390617537239,4,4,3,0.251656078424,median_of_paired_anchor_differences,difference_of_separately_aggregated_medians
R2,transit_tail|state_od|A|w90|l0|P1|parent=global|kappa=10|min_support=5,transit_tail|state_od|A|w90|l0|P1|parent=global|kappa=10,transit_tail,binary,confirmation,2018-01,7,weighted_spearman,higher_is_favourable,0.721763210291,0.73706033385,0.0130472065862,4,4,3,0.015297123559,median_of_paired_anchor_differences,difference_of_separately_aggregated_medians
R2,transit_tail|state_od|A|w90|l0|P1|parent=global|kappa=10|min_support=5,transit_tail|state_od|A|w90|l0|P1|parent=global|kappa=10,transit_tail,binary,confirmation,2018-02,7,brier,lower_is_favourable,0.186027997385,0.212265657786,0.027209550646,4,4,0,0.0262376604008,median_of_paired_anchor_differences,difference_of_separately_aggregated_medians
R2,transit_tail|state_od|A|w90|l0|P1|parent=global|kappa=10|min_support=5,transit_tail|state_od|A|w90|l0|P1|parent=global|kappa=10,transit_tail,binary,confirmation,2018-02,7,future_seen_coverage,higher_is_favourable,0.988185082903,0.991334416553,0.00223920133773,4,4,4,0.00314933365034,median_of_paired_anchor_differences,difference_of_separately_aggregated_medians
R2,transit_tail|state_od|A|w90|l0|P1|parent=global|kappa=10|min_support=5,transit_tail|state_od|A|w90|l0|P1|parent=global|kappa=10,transit_tail,binary,confirmation,2018-02,7,log_loss,lower_is_favourable,0.552418327121,0.626067854824,0.0744196604471,4,4,0,0.073649527703,median_of_paired_anchor_differences,difference_of_separately_aggregated_medians
R2,transit_tail|state_od|A|w90|l0|P1|parent=global|kappa=10|min_support=5,transit_tail|state_od|A|w90|l0|P1|parent=global|kappa=10,transit_tail,binary,confirmation,2018-02,7,reference_minus_candidate_brier,higher_is_favourable,0.0492303361035,0.0399869180174,-0.0101788102437,4,4,0,-0.00924341808606,median_of_paired_anchor_differences,difference_of_separately_aggregated_medians
R2,transit_tail|state_od|A|w90|l0|P1|parent=global|kappa=10|min_support=5,transit_tail|state_od|A|w90|l0|P1|parent=global|kappa=10,transit_tail,binary,confirmation,2018-02,7,reference_minus_candidate_log_loss,higher_is_favourable,0.117587284304,0.0974919811609,-0.020814111647,4,4,0,-0.0200953031427,median_of_paired_anchor_differences,difference_of_separately_aggregated_medians
R2,transit_tail|state_od|A|w90|l0|P1|parent=global|kappa=10|min_support=5,transit_tail|state_od|A|w90|l0|P1|parent=global|kappa=10,transit_tail,binary,confirmation,2018-02,7,support_qualified_coverage,higher_is_favourable,0.978479764517,0.985851171049,0.00973171893769,4,4,4,0.00737140653255,median_of_paired_anchor_differences,difference_of_separately_aggregated_medians
R2,transit_tail|state_od|A|w90|l0|P1|parent=global|kappa=10|min_support=5,transit_tail|state_od|A|w90|l0|P1|parent=global|kappa=10,transit_tail,binary,confirmation,2018-02,7,top10_order_lift,higher_is_favourable,2.03431008376,2.12530006887,0.116455692,4,4,3,0.0909899851071,median_of_paired_anchor_differences,difference_of_separately_aggregated_medians
R2,transit_tail|state_od|A|w90|l0|P1|parent=global|kappa=10|min_support=5,transit_tail|state_od|A|w90|l0|P1|parent=global|kappa=10,transit_tail,binary,confirmation,2018-02,7,top_quintile_lift,higher_is_favourable,1.8469515731,2.16160295275,0.294735756454,4,4,4,0.314651379648,median_of_paired_anchor_differences,difference_of_separately_aggregated_medians
R2,transit_tail|state_od|A|w90|l0|P1|parent=global|kappa=10|min_support=5,transit_tail|state_od|A|w90|l0|P1|parent=global|kappa=10,transit_tail,binary,confirmation,2018-02,7,weighted_spearman,higher_is_favourable,0.752843236306,0.760795904213,0.0079526679071,4,4,2,0.0079526679071,median_of_paired_anchor_differences,difference_of_separately_aggregated_medians
R2,transit_tail|state_od|A|w90|l0|P1|parent=global|kappa=10|min_support=5,transit_tail|state_od|A|w90|l0|P1|parent=global|kappa=10,transit_tail,binary,confirmation,2018-03,7,brier,lower_is_favourable,0.151723271176,0.17356102686,0.0218377556843,5,5,1,0.0218377556843,median_of_paired_anchor_differences,difference_of_separately_aggregated_medians
R2,transit_tail|state_od|A|w90|l0|P1|parent=global|kappa=10|min_support=5,transit_tail|state_od|A|w90|l0|P1|parent=global|kappa=10,transit_tail,binary,confirmation,2018-03,7,future_seen_coverage,higher_is_favourable,0.993166287016,0.994874715262,0.00206753962784,5,5,5,0.00170842824601,median_of_paired_anchor_differences,difference_of_separately_aggregated_medians
R2,transit_tail|state_od|A|w90|l0|P1|parent=global|kappa=10|min_support=5,transit_tail|state_od|A|w90|l0|P1|parent=global|kappa=10,transit_tail,binary,confirmation,2018-03,7,log_loss,lower_is_favourable,0.462454265891,0.518173244161,0.0557189782704,5,5,1,0.0557189782704,median_of_paired_anchor_differences,difference_of_separately_aggregated_medians
R2,transit_tail|state_od|A|w90|l0|P1|parent=global|kappa=10|min_support=5,transit_tail|state_od|A|w90|l0|P1|parent=global|kappa=10,transit_tail,binary,confirmation,2018-03,7,reference_minus_candidate_brier,higher_is_favourable,0.0508270934331,0.0404734017931,-0.0125841394796,5,5,1,-0.01035369164,median_of_paired_anchor_differences,difference_of_separately_aggregated_medians
R2,transit_tail|state_od|A|w90|l0|P1|parent=global|kappa=10|min_support=5,transit_tail|state_od|A|w90|l0|P1|parent=global|kappa=10,transit_tail,binary,confirmation,2018-03,7,reference_minus_candidate_log_loss,higher_is_favourable,0.125942255793,0.104416922518,-0.0281685800942,5,5,1,-0.0215253332746,median_of_paired_anchor_differences,difference_of_separately_aggregated_medians
R2,transit_tail|state_od|A|w90|l0|P1|parent=global|kappa=10|min_support=5,transit_tail|state_od|A|w90|l0|P1|parent=global|kappa=10,transit_tail,binary,confirmation,2018-03,7,support_qualified_coverage,higher_is_favourable,0.977257064094,0.988826815642,0.0107015457788,5,5,5,0.0115697515487,median_of_paired_anchor_differences,difference_of_separately_aggregated_medians
R2,transit_tail|state_od|A|w90|l0|P1|parent=global|kappa=10|min_support=5,transit_tail|state_od|A|w90|l0|P1|parent=global|kappa=10,transit_tail,binary,confirmation,2018-03,7,top10_order_lift,higher_is_favourable,2.20796907884,2.32439727177,0.0497248176117,5,5,4,0.116428192925,median_of_paired_anchor_differences,difference_of_separately_aggregated_medians
R2,transit_tail|state_od|A|w90|l0|P1|parent=global|kappa=10|min_support=5,transit_tail|state_od|A|w90|l0|P1|parent=global|kappa=10,transit_tail,binary,confirmation,2018-03,7,top_quintile_lift,higher_is_favourable,2.15278501233,2.49962939528,0.247470431584,5,5,4,0.346844382954,median_of_paired_anchor_differences,difference_of_separately_aggregated_medians
R2,transit_tail|state_od|A|w90|l0|P1|parent=global|kappa=10|min_support=5,transit_tail|state_od|A|w90|l0|P1|parent=global|kappa=10,transit_tail,binary,confirmation,2018-03,7,weighted_spearman,higher_is_favourable,0.753586685341,0.732604901834,0.0170824575051,5,5,3,-0.0209817835066,median_of_paired_anchor_differences,difference_of_separately_aggregated_medians
R2,transit_tail|state_od|A|w90|l0|P1|parent=global|kappa=10|min_support=5,transit_tail|state_od|A|w90|l0|P1|parent=global|kappa=10,transit_tail,binary,confirmation,2018-04,7,brier,lower_is_favourable,0.119176230108,0.0961414426553,-0.0252539286647,4,4,4,-0.0230347874524,median_of_paired_anchor_differences,difference_of_separately_aggregated_medians
R2,transit_tail|state_od|A|w90|l0|P1|parent=global|kappa=10|min_support=5,transit_tail|state_od|A|w90|l0|P1|parent=global|kappa=10,transit_tail,binary,confirmation,2018-04,7,future_seen_coverage,higher_is_favourable,0.995284021302,0.99675809019,0.00219030578749,4,4,4,0.0014740688885,median_of_paired_anchor_differences,difference_of_separately_aggregated_medians
R2,transit_tail|state_od|A|w90|l0|P1|parent=global|kappa=10|min_support=5,transit_tail|state_od|A|w90|l0|P1|parent=global|kappa=10,transit_tail,binary,confirmation,2018-04,7,log_loss,lower_is_favourable,0.376378608935,0.315752708517,-0.0643559071627,4,4,4,-0.0606259004183,median_of_paired_anchor_differences,difference_of_separately_aggregated_medians
R2,transit_tail|state_od|A|w90|l0|P1|parent=global|kappa=10|min_support=5,transit_tail|state_od|A|w90|l0|P1|parent=global|kappa=10,transit_tail,binary,confirmation,2018-04,7,reference_minus_candidate_brier,higher_is_favourable,0.0266468083176,0.0369052651889,0.00971929156083,4,4,4,0.0102584568712,median_of_paired_anchor_differences,difference_of_separately_aggregated_medians
R2,transit_tail|state_od|A|w90|l0|P1|parent=global|kappa=10|min_support=5,transit_tail|state_od|A|w90|l0|P1|parent=global|kappa=10,transit_tail,binary,confirmation,2018-04,7,reference_minus_candidate_log_loss,higher_is_favourable,0.0953267506558,0.119605219057,0.021344683558,4,4,4,0.0242784684014,median_of_paired_anchor_differences,difference_of_separately_aggregated_medians
R2,transit_tail|state_od|A|w90|l0|P1|parent=global|kappa=10|min_support=5,transit_tail|state_od|A|w90|l0|P1|parent=global|kappa=10,transit_tail,binary,confirmation,2018-04,7,support_qualified_coverage,higher_is_favourable,0.981939621609,0.990560764609,0.00829264614068,4,4,4,0.00862114300017,median_of_paired_anchor_differences,difference_of_separately_aggregated_medians
R2,transit_tail|state_od|A|w90|l0|P1|parent=global|kappa=10|min_support=5,transit_tail|state_od|A|w90|l0|P1|parent=global|kappa=10,transit_tail,binary,confirmation,2018-04,7,top10_order_lift,higher_is_favourable,3.0862923612,4.57893941577,1.49264705458,4,4,4,1.49264705458,median_of_paired_anchor_differences,difference_of_separately_aggregated_medians
R2,transit_tail|state_od|A|w90|l0|P1|parent=global|kappa=10|min_support=5,transit_tail|state_od|A|w90|l0|P1|parent=global|kappa=10,transit_tail,binary,confirmation,2018-04,7,top_quintile_lift,higher_is_favourable,2.59774863085,4.94177322832,2.63179376573,4,4,4,2.34402459747,median_of_paired_anchor_differences,difference_of_separately_aggregated_medians
R2,transit_tail|state_od|A|w90|l0|P1|parent=global|kappa=10|min_support=5,transit_tail|state_od|A|w90|l0|P1|parent=global|kappa=10,transit_tail,binary,confirmation,2018-04,7,weighted_spearman,higher_is_favourable,0.564112564025,0.635053784911,0.0709412208857,4,4,4,0.0709412208857,median_of_paired_anchor_differences,difference_of_separately_aggregated_medians
R2,transit_tail|state_od|A|w90|l0|P1|parent=global|kappa=10|min_support=5,transit_tail|state_od|A|w90|l0|P1|parent=global|kappa=10,transit_tail,binary,confirmation,2018-05,7,brier,lower_is_favourable,0.144501300933,0.143484060493,0.00269426807736,4,4,2,-0.00101724044007,median_of_paired_anchor_differences,difference_of_separately_aggregated_medians
R2,transit_tail|state_od|A|w90|l0|P1|parent=global|kappa=10|min_support=5,transit_tail|state_od|A|w90|l0|P1|parent=global|kappa=10,transit_tail,binary,confirmation,2018-05,7,future_seen_coverage,higher_is_favourable,0.995759131907,0.99627168957,0.000764955441637,4,4,3,0.000512557662737,median_of_paired_anchor_differences,difference_of_separately_aggregated_medians
R2,transit_tail|state_od|A|w90|l0|P1|parent=global|kappa=10|min_support=5,transit_tail|state_od|A|w90|l0|P1|parent=global|kappa=10,transit_tail,binary,confirmation,2018-05,7,log_loss,lower_is_favourable,0.440284753201,0.44048723581,0.00958633598319,4,4,2,0.000202482608961,median_of_paired_anchor_differences,difference_of_separately_aggregated_medians
R2,transit_tail|state_od|A|w90|l0|P1|parent=global|kappa=10|min_support=5,transit_tail|state_od|A|w90|l0|P1|parent=global|kappa=10,transit_tail,binary,confirmation,2018-05,7,reference_minus_candidate_brier,higher_is_favourable,0.0362184451775,0.030361057986,-0.00200087153272,4,4,2,-0.0058573871915,median_of_paired_anchor_differences,difference_of_separately_aggregated_medians
R2,transit_tail|state_od|A|w90|l0|P1|parent=global|kappa=10|min_support=5,transit_tail|state_od|A|w90|l0|P1|parent=global|kappa=10,transit_tail,binary,confirmation,2018-05,7,reference_minus_candidate_log_loss,higher_is_favourable,0.108568945027,0.0880663456202,-0.00756562335656,4,4,2,-0.020502599407,median_of_paired_anchor_differences,difference_of_separately_aggregated_medians
R2,transit_tail|state_od|A|w90|l0|P1|parent=global|kappa=10|min_support=5,transit_tail|state_od|A|w90|l0|P1|parent=global|kappa=10,transit_tail,binary,confirmation,2018-05,7,support_qualified_coverage,higher_is_favourable,0.988062488781,0.99482981788,0.00700951866739,4,4,4,0.00676732909879,median_of_paired_anchor_differences,difference_of_separately_aggregated_medians
R2,transit_tail|state_od|A|w90|l0|P1|parent=global|kappa=10|min_support=5,transit_tail|state_od|A|w90|l0|P1|parent=global|kappa=10,transit_tail,binary,confirmation,2018-05,7,top10_order_lift,higher_is_favourable,2.70188508579,2.99496779078,0.193656927812,4,4,4,0.293082704996,median_of_paired_anchor_differences,difference_of_separately_aggregated_medians
R2,transit_tail|state_od|A|w90|l0|P1|parent=global|kappa=10|min_support=5,transit_tail|state_od|A|w90|l0|P1|parent=global|kappa=10,transit_tail,binary,confirmation,2018-05,7,top_quintile_lift,higher_is_favourable,2.24137852924,3.23470888301,0.491795806495,4,4,4,0.993330353775,median_of_paired_anchor_differences,difference_of_separately_aggregated_medians
R2,transit_tail|state_od|A|w90|l0|P1|parent=global|kappa=10|min_support=5,transit_tail|state_od|A|w90|l0|P1|parent=global|kappa=10,transit_tail,binary,confirmation,2018-05,7,weighted_spearman,higher_is_favourable,0.659901467995,0.678423879688,0.0185224116937,4,4,3,0.0185224116937,median_of_paired_anchor_differences,difference_of_separately_aggregated_medians
R2,transit_tail|state_od|A|w90|l0|P1|parent=global|kappa=10|min_support=5,transit_tail|state_od|A|w90|l0|P1|parent=global|kappa=10,transit_tail,binary,confirmation,2018-06,7,brier,lower_is_favourable,0.0979013361705,0.0721151557468,-0.0225802630739,4,4,4,-0.0257861804237,median_of_paired_anchor_differences,difference_of_separately_aggregated_medians
R2,transit_tail|state_od|A|w90|l0|P1|parent=global|kappa=10|min_support=5,transit_tail|state_od|A|w90|l0|P1|parent=global|kappa=10,transit_tail,binary,confirmation,2018-06,7,future_seen_coverage,higher_is_favourable,0.995409938669,0.997602491684,0.00264466621133,4,4,3,0.00219255301475,median_of_paired_anchor_differences,difference_of_separately_aggregated_medians
R2,transit_tail|state_od|A|w90|l0|P1|parent=global|kappa=10|min_support=5,transit_tail|state_od|A|w90|l0|P1|parent=global|kappa=10,transit_tail,binary,confirmation,2018-06,7,log_loss,lower_is_favourable,0.325113628564,0.261099261552,-0.0574236033476,4,4,4,-0.0640143670127,median_of_paired_anchor_differences,difference_of_separately_aggregated_medians
R2,transit_tail|state_od|A|w90|l0|P1|parent=global|kappa=10|min_support=5,transit_tail|state_od|A|w90|l0|P1|parent=global|kappa=10,transit_tail,binary,confirmation,2018-06,7,reference_minus_candidate_brier,higher_is_favourable,0.00782221538478,0.0145119604326,0.00619566638931,4,4,4,0.00668974504779,median_of_paired_anchor_differences,difference_of_separately_aggregated_medians
R2,transit_tail|state_od|A|w90|l0|P1|parent=global|kappa=10|min_support=5,transit_tail|state_od|A|w90|l0|P1|parent=global|kappa=10,transit_tail,binary,confirmation,2018-06,7,reference_minus_candidate_log_loss,higher_is_favourable,0.0597757619724,0.0705323768889,0.0107566149165,4,4,4,0.0107566149165,median_of_paired_anchor_differences,difference_of_separately_aggregated_medians
R2,transit_tail|state_od|A|w90|l0|P1|parent=global|kappa=10|min_support=5,transit_tail|state_od|A|w90|l0|P1|parent=global|kappa=10,transit_tail,binary,confirmation,2018-06,7,support_qualified_coverage,higher_is_favourable,0.979735946206,0.993645551843,0.0145359420268,4,4,4,0.0139096056362,median_of_paired_anchor_differences,difference_of_separately_aggregated_medians
R2,transit_tail|state_od|A|w90|l0|P1|parent=global|kappa=10|min_support=5,transit_tail|state_od|A|w90|l0|P1|parent=global|kappa=10,transit_tail,binary,confirmation,2018-06,7,top10_order_lift,higher_is_favourable,4.13347680998,4.82657316503,0.693096355048,4,4,4,0.693096355048,median_of_paired_anchor_differences,difference_of_separately_aggregated_medians
R2,transit_tail|state_od|A|w90|l0|P1|parent=global|kappa=10|min_support=5,transit_tail|state_od|A|w90|l0|P1|parent=global|kappa=10,transit_tail,binary,confirmation,2018-06,7,top_quintile_lift,higher_is_favourable,3.34277030051,5.42504795396,1.98673437742,4,4,4,2.08227765346,median_of_paired_anchor_differences,difference_of_separately_aggregated_medians
R2,transit_tail|state_od|A|w90|l0|P1|parent=global|kappa=10|min_support=5,transit_tail|state_od|A|w90|l0|P1|parent=global|kappa=10,transit_tail,binary,confirmation,2018-06,7,weighted_spearman,higher_is_favourable,0.204679671092,0.262913417241,0.0324480149173,4,4,3,0.0582337461493,median_of_paired_anchor_differences,difference_of_separately_aggregated_medians
R2,transit_tail|state_od|A|w90|l0|P1|parent=global|kappa=10|min_support=5,transit_tail|state_od|A|w90|l0|P1|parent=global|kappa=10,transit_tail,binary,confirmation,2018-01,30,brier,lower_is_favourable,0.169056076929,0.184922758162,0.0158666812325,4,4,0,0.0158666812325,median_of_paired_anchor_differences,difference_of_separately_aggregated_medians
R2,transit_tail|state_od|A|w90|l0|P1|parent=global|kappa=10|min_support=5,transit_tail|state_od|A|w90|l0|P1|parent=global|kappa=10,transit_tail,binary,confirmation,2018-01,30,future_seen_coverage,higher_is_favourable,0.986842463982,0.990008259607,0.00273266455868,4,4,4,0.00316579562514,median_of_paired_anchor_differences,difference_of_separately_aggregated_medians
R2,transit_tail|state_od|A|w90|l0|P1|parent=global|kappa=10|min_support=5,transit_tail|state_od|A|w90|l0|P1|parent=global|kappa=10,transit_tail,binary,confirmation,2018-01,30,log_loss,lower_is_favourable,0.507338500768,0.554472107895,0.0471336071269,4,4,0,0.0471336071269,median_of_paired_anchor_differences,difference_of_separately_aggregated_medians
R2,transit_tail|state_od|A|w90|l0|P1|parent=global|kappa=10|min_support=5,transit_tail|state_od|A|w90|l0|P1|parent=global|kappa=10,transit_tail,binary,confirmation,2018-01,30,reference_minus_candidate_brier,higher_is_favourable,0.0389355228682,0.0335792524728,-0.00535627039545,4,4,0,-0.00535627039545,median_of_paired_anchor_differences,difference_of_separately_aggregated_medians
R2,transit_tail|state_od|A|w90|l0|P1|parent=global|kappa=10|min_support=5,transit_tail|state_od|A|w90|l0|P1|parent=global|kappa=10,transit_tail,binary,confirmation,2018-01,30,reference_minus_candidate_log_loss,higher_is_favourable,0.101849913814,0.0892467607161,-0.0126031530976,4,4,0,-0.0126031530976,median_of_paired_anchor_differences,difference_of_separately_aggregated_medians
R2,transit_tail|state_od|A|w90|l0|P1|parent=global|kappa=10|min_support=5,transit_tail|state_od|A|w90|l0|P1|parent=global|kappa=10,transit_tail,binary,confirmation,2018-01,30,support_qualified_coverage,higher_is_favourable,0.971524276018,0.982533755838,0.011026539484,4,4,4,0.0110094798197,median_of_paired_anchor_differences,difference_of_separately_aggregated_medians
R2,transit_tail|state_od|A|w90|l0|P1|parent=global|kappa=10|min_support=5,transit_tail|state_od|A|w90|l0|P1|parent=global|kappa=10,transit_tail,binary,confirmation,2018-01,30,top10_order_lift,higher_is_favourable,2.20532704278,2.27045623836,0.078046290192,4,4,3,0.0651291955734,median_of_paired_anchor_differences,difference_of_separately_aggregated_medians
R2,transit_tail|state_od|A|w90|l0|P1|parent=global|kappa=10|min_support=5,transit_tail|state_od|A|w90|l0|P1|parent=global|kappa=10,transit_tail,binary,confirmation,2018-01,30,top_quintile_lift,higher_is_favourable,1.9817296879,2.27350623906,0.276388437824,4,4,4,0.291776551161,median_of_paired_anchor_differences,difference_of_separately_aggregated_medians
R2,transit_tail|state_od|A|w90|l0|P1|parent=global|kappa=10|min_support=5,transit_tail|state_od|A|w90|l0|P1|parent=global|kappa=10,transit_tail,binary,confirmation,2018-01,30,weighted_spearman,higher_is_favourable,0.827156647406,0.848549689501,0.0226043358437,4,4,4,0.0213930420941,median_of_paired_anchor_differences,difference_of_separately_aggregated_medians
R2,transit_tail|state_od|A|w90|l0|P1|parent=global|kappa=10|min_support=5,transit_tail|state_od|A|w90|l0|P1|parent=global|kappa=10,transit_tail,binary,confirmation,2018-02,30,brier,lower_is_favourable,0.199023740654,0.234124183336,0.0383346778152,4,4,0,0.0351004426823,median_of_paired_anchor_differences,difference_of_separately_aggregated_medians
R2,transit_tail|state_od|A|w90|l0|P1|parent=global|kappa=10|min_support=5,transit_tail|state_od|A|w90|l0|P1|parent=global|kappa=10,transit_tail,binary,confirmation,2018-02,30,future_seen_coverage,higher_is_favourable,0.989722925382,0.992120609051,0.00239881298488,4,4,4,0.00239768366888,median_of_paired_anchor_differences,difference_of_separately_aggregated_medians
R2,transit_tail|state_od|A|w90|l0|P1|parent=global|kappa=10|min_support=5,transit_tail|state_od|A|w90|l0|P1|parent=global|kappa=10,transit_tail,binary,confirmation,2018-02,30,log_loss,lower_is_favourable,0.587005126109,0.683263241023,0.104651788123,4,4,0,0.096258114914,median_of_paired_anchor_differences,difference_of_separately_aggregated_medians
R2,transit_tail|state_od|A|w90|l0|P1|parent=global|kappa=10|min_support=5,transit_tail|state_od|A|w90|l0|P1|parent=global|kappa=10,transit_tail,binary,confirmation,2018-02,30,reference_minus_candidate_brier,higher_is_favourable,0.0563085792701,0.0419754189491,-0.0143331603211,4,4,0,-0.0143331603211,median_of_paired_anchor_differences,difference_of_separately_aggregated_medians
R2,transit_tail|state_od|A|w90|l0|P1|parent=global|kappa=10|min_support=5,transit_tail|state_od|A|w90|l0|P1|parent=global|kappa=10,transit_tail,binary,confirmation,2018-02,30,reference_minus_candidate_log_loss,higher_is_favourable,0.124831213376,0.0953293610618,-0.0303851879794,4,4,0,-0.0295018523143,median_of_paired_anchor_differences,difference_of_separately_aggregated_medians
R2,transit_tail|state_od|A|w90|l0|P1|parent=global|kappa=10|min_support=5,transit_tail|state_od|A|w90|l0|P1|parent=global|kappa=10,transit_tail,binary,confirmation,2018-02,30,support_qualified_coverage,higher_is_favourable,0.977117101498,0.986624860325,0.00924859735904,4,4,4,0.00950775882717,median_of_paired_anchor_differences,difference_of_separately_aggregated_medians
R2,transit_tail|state_od|A|w90|l0|P1|parent=global|kappa=10|min_support=5,transit_tail|state_od|A|w90|l0|P1|parent=global|kappa=10,transit_tail,binary,confirmation,2018-02,30,top10_order_lift,higher_is_favourable,1.97108288513,1.94599030249,-0.00349724660218,4,4,2,-0.0250925826467,median_of_paired_anchor_differences,difference_of_separately_aggregated_medians
R2,transit_tail|state_od|A|w90|l0|P1|parent=global|kappa=10|min_support=5,transit_tail|state_od|A|w90|l0|P1|parent=global|kappa=10,transit_tail,binary,confirmation,2018-02,30,top_quintile_lift,higher_is_favourable,1.85834023373,1.9439304614,0.0857141744729,4,4,4,0.0855902276708,median_of_paired_anchor_differences,difference_of_separately_aggregated_medians
R2,transit_tail|state_od|A|w90|l0|P1|parent=global|kappa=10|min_support=5,transit_tail|state_od|A|w90|l0|P1|parent=global|kappa=10,transit_tail,binary,confirmation,2018-02,30,weighted_spearman,higher_is_favourable,0.881481487228,0.874092868699,-0.0135330881463,4,4,1,-0.00738861852897,median_of_paired_anchor_differences,difference_of_separately_aggregated_medians
R2,transit_tail|state_od|A|w90|l0|P1|parent=global|kappa=10|min_support=5,transit_tail|state_od|A|w90|l0|P1|parent=global|kappa=10,transit_tail,binary,confirmation,2018-03,30,brier,lower_is_favourable,0.133109386013,0.132962713058,-0.000146672955564,5,5,3,-0.000146672955564,median_of_paired_anchor_differences,difference_of_separately_aggregated_medians
R2,transit_tail|state_od|A|w90|l0|P1|parent=global|kappa=10|min_support=5,transit_tail|state_od|A|w90|l0|P1|parent=global|kappa=10,transit_tail,binary,confirmation,2018-03,30,future_seen_coverage,higher_is_favourable,0.993755575379,0.995985727029,0.00232998398136,5,5,5,0.00223015165031,median_of_paired_anchor_differences,difference_of_separately_aggregated_medians
R2,transit_tail|state_od|A|w90|l0|P1|parent=global|kappa=10|min_support=5,transit_tail|state_od|A|w90|l0|P1|parent=global|kappa=10,transit_tail,binary,confirmation,2018-03,30,log_loss,lower_is_favourable,0.41190553608,0.409721196648,-0.00218433943279,5,5,3,-0.00218433943279,median_of_paired_anchor_differences,difference_of_separately_aggregated_medians
R2,transit_tail|state_od|A|w90|l0|P1|parent=global|kappa=10|min_support=5,transit_tail|state_od|A|w90|l0|P1|parent=global|kappa=10,transit_tail,binary,confirmation,2018-03,30,reference_minus_candidate_brier,higher_is_favourable,0.0433057112283,0.0392207489557,-0.00462515188157,5,5,2,-0.00408496227259,median_of_paired_anchor_differences,difference_of_separately_aggregated_medians
R2,transit_tail|state_od|A|w90|l0|P1|parent=global|kappa=10|min_support=5,transit_tail|state_od|A|w90|l0|P1|parent=global|kappa=10,transit_tail,binary,confirmation,2018-03,30,reference_minus_candidate_log_loss,higher_is_favourable,0.126269153074,0.118306496259,-0.00928553036804,5,5,2,-0.00796265681466,median_of_paired_anchor_differences,difference_of_separately_aggregated_medians
R2,transit_tail|state_od|A|w90|l0|P1|parent=global|kappa=10|min_support=5,transit_tail|state_od|A|w90|l0|P1|parent=global|kappa=10,transit_tail,binary,confirmation,2018-03,30,support_qualified_coverage,higher_is_favourable,0.982670744139,0.991228070175,0.0087374399301,5,5,5,0.0085573260368,median_of_paired_anchor_differences,difference_of_separately_aggregated_medians
R2,transit_tail|state_od|A|w90|l0|P1|parent=global|kappa=10|min_support=5,transit_tail|state_od|A|w90|l0|P1|parent=global|kappa=10,transit_tail,binary,confirmation,2018-03,30,top10_order_lift,higher_is_favourable,2.26817130515,3.17543982722,0.907268522062,5,5,5,0.907268522062,median_of_paired_anchor_differences,difference_of_separately_aggregated_medians
R2,transit_tail|state_od|A|w90|l0|P1|parent=global|kappa=10|min_support=5,transit_tail|state_od|A|w90|l0|P1|parent=global|kappa=10,transit_tail,binary,confirmation,2018-03,30,top_quintile_lift,higher_is_favourable,2.31874907067,3.23523948615,0.916490415475,5,5,5,0.916490415475,median_of_paired_anchor_differences,difference_of_separately_aggregated_medians
R2,transit_tail|state_od|A|w90|l0|P1|parent=global|kappa=10|min_support=5,transit_tail|state_od|A|w90|l0|P1|parent=global|kappa=10,transit_tail,binary,confirmation,2018-03,30,weighted_spearman,higher_is_favourable,0.824259065186,0.841562195302,0.0440206498224,5,5,4,0.0173031301159,median_of_paired_anchor_differences,difference_of_separately_aggregated_medians
R2,transit_tail|state_od|A|w90|l0|P1|parent=global|kappa=10|min_support=5,transit_tail|state_od|A|w90|l0|P1|parent=global|kappa=10,transit_tail,binary,confirmation,2018-04,30,brier,lower_is_favourable,0.13050526873,0.108223698359,-0.0211416659535,4,4,4,-0.0222815703705,median_of_paired_anchor_differences,difference_of_separately_aggregated_medians
R2,transit_tail|state_od|A|w90|l0|P1|parent=global|kappa=10|min_support=5,transit_tail|state_od|A|w90|l0|P1|parent=global|kappa=10,transit_tail,binary,confirmation,2018-04,30,future_seen_coverage,higher_is_favourable,0.994813655769,0.99593495935,0.00139286952703,4,4,4,0.00112130358017,median_of_paired_anchor_differences,difference_of_separately_aggregated_medians
R2,transit_tail|state_od|A|w90|l0|P1|parent=global|kappa=10|min_support=5,transit_tail|state_od|A|w90|l0|P1|parent=global|kappa=10,transit_tail,binary,confirmation,2018-04,30,log_loss,lower_is_favourable,0.405523918737,0.351284560869,-0.0522176871222,4,4,4,-0.0542393578686,median_of_paired_anchor_differences,difference_of_separately_aggregated_medians
R2,transit_tail|state_od|A|w90|l0|P1|parent=global|kappa=10|min_support=5,transit_tail|state_od|A|w90|l0|P1|parent=global|kappa=10,transit_tail,binary,confirmation,2018-04,30,reference_minus_candidate_brier,higher_is_favourable,0.0247387056292,0.0304691052894,0.00773851726434,4,4,4,0.00573039966025,median_of_paired_anchor_differences,difference_of_separately_aggregated_medians
R2,transit_tail|state_od|A|w90|l0|P1|parent=global|kappa=10|min_support=5,transit_tail|state_od|A|w90|l0|P1|parent=global|kappa=10,transit_tail,binary,confirmation,2018-04,30,reference_minus_candidate_log_loss,higher_is_favourable,0.0874238447182,0.100020246025,0.0163649551324,4,4,4,0.0125964013071,median_of_paired_anchor_differences,difference_of_separately_aggregated_medians
R2,transit_tail|state_od|A|w90|l0|P1|parent=global|kappa=10|min_support=5,transit_tail|state_od|A|w90|l0|P1|parent=global|kappa=10,transit_tail,binary,confirmation,2018-04,30,support_qualified_coverage,higher_is_favourable,0.978795666875,0.987193518541,0.00848449135752,4,4,4,0.00839785166624,median_of_paired_anchor_differences,difference_of_separately_aggregated_medians
R2,transit_tail|state_od|A|w90|l0|P1|parent=global|kappa=10|min_support=5,transit_tail|state_od|A|w90|l0|P1|parent=global|kappa=10,transit_tail,binary,confirmation,2018-04,30,top10_order_lift,higher_is_favourable,2.59988923237,3.96663488285,1.10071814016,4,4,4,1.36674565047,median_of_paired_anchor_differences,difference_of_separately_aggregated_medians
R2,transit_tail|state_od|A|w90|l0|P1|parent=global|kappa=10|min_support=5,transit_tail|state_od|A|w90|l0|P1|parent=global|kappa=10,transit_tail,binary,confirmation,2018-04,30,top_quintile_lift,higher_is_favourable,2.21278852071,4.29076050495,2.01782504516,4,4,4,2.07797198424,median_of_paired_anchor_differences,difference_of_separately_aggregated_medians
R2,transit_tail|state_od|A|w90|l0|P1|parent=global|kappa=10|min_support=5,transit_tail|state_od|A|w90|l0|P1|parent=global|kappa=10,transit_tail,binary,confirmation,2018-04,30,weighted_spearman,higher_is_favourable,0.742784132537,0.81128063871,0.0727514353275,4,4,4,0.0684965061732,median_of_paired_anchor_differences,difference_of_separately_aggregated_medians
R2,transit_tail|state_od|A|w90|l0|P1|parent=global|kappa=10|min_support=5,transit_tail|state_od|A|w90|l0|P1|parent=global|kappa=10,transit_tail,binary,confirmation,2018-05,30,brier,lower_is_favourable,0.131448686312,0.122023623243,-0.0106209113611,4,4,4,-0.00942506306855,median_of_paired_anchor_differences,difference_of_separately_aggregated_medians
R2,transit_tail|state_od|A|w90|l0|P1|parent=global|kappa=10|min_support=5,transit_tail|state_od|A|w90|l0|P1|parent=global|kappa=10,transit_tail,binary,confirmation,2018-05,30,future_seen_coverage,higher_is_favourable,0.995380688156,0.996667781674,0.00139434692933,4,4,4,0.0012870935176,median_of_paired_anchor_differences,difference_of_separately_aggregated_medians
R2,transit_tail|state_od|A|w90|l0|P1|parent=global|kappa=10|min_support=5,transit_tail|state_od|A|w90|l0|P1|parent=global|kappa=10,transit_tail,binary,confirmation,2018-05,30,log_loss,lower_is_favourable,0.40822821859,0.386146182367,-0.0244608809945,4,4,4,-0.0220820362228,median_of_paired_anchor_differences,difference_of_separately_aggregated_medians
R2,transit_tail|state_od|A|w90|l0|P1|parent=global|kappa=10|min_support=5,transit_tail|state_od|A|w90|l0|P1|parent=global|kappa=10,transit_tail,binary,confirmation,2018-05,30,reference_minus_candidate_brier,higher_is_favourable,0.0245747861921,0.0251622145173,0.00149852673077,4,4,3,0.000587428325244,median_of_paired_anchor_differences,difference_of_separately_aggregated_medians
R2,transit_tail|state_od|A|w90|l0|P1|parent=global|kappa=10|min_support=5,transit_tail|state_od|A|w90|l0|P1|parent=global|kappa=10,transit_tail,binary,confirmation,2018-05,30,reference_minus_candidate_log_loss,higher_is_favourable,0.0868362005427,0.0842847783446,-0.000106226775868,4,4,2,-0.00255142219806,median_of_paired_anchor_differences,difference_of_separately_aggregated_medians
R2,transit_tail|state_od|A|w90|l0|P1|parent=global|kappa=10|min_support=5,transit_tail|state_od|A|w90|l0|P1|parent=global|kappa=10,transit_tail,binary,confirmation,2018-05,30,support_qualified_coverage,higher_is_favourable,0.983442092542,0.993168018477,0.00921385789997,4,4,4,0.00972592593547,median_of_paired_anchor_differences,difference_of_separately_aggregated_medians
R2,transit_tail|state_od|A|w90|l0|P1|parent=global|kappa=10|min_support=5,transit_tail|state_od|A|w90|l0|P1|parent=global|kappa=10,transit_tail,binary,confirmation,2018-05,30,top10_order_lift,higher_is_favourable,2.80833542992,3.07048882342,0.325836091716,4,4,4,0.262153393495,median_of_paired_anchor_differences,difference_of_separately_aggregated_medians
R2,transit_tail|state_od|A|w90|l0|P1|parent=global|kappa=10|min_support=5,transit_tail|state_od|A|w90|l0|P1|parent=global|kappa=10,transit_tail,binary,confirmation,2018-05,30,top_quintile_lift,higher_is_favourable,2.38106409474,3.2501611234,0.964544711011,4,4,4,0.869097028655,median_of_paired_anchor_differences,difference_of_separately_aggregated_medians
R2,transit_tail|state_od|A|w90|l0|P1|parent=global|kappa=10|min_support=5,transit_tail|state_od|A|w90|l0|P1|parent=global|kappa=10,transit_tail,binary,confirmation,2018-05,30,weighted_spearman,higher_is_favourable,0.762507414966,0.796733312638,0.0340298385655,4,4,4,0.0342258976717,median_of_paired_anchor_differences,difference_of_separately_aggregated_medians
R2,transit_tail|state_od|A|w90|l0|P1|parent=global|kappa=10|min_support=5,transit_tail|state_od|A|w90|l0|P1|parent=global|kappa=10,transit_tail,binary,development,2017-04,7,brier,lower_is_favourable,0.16731377768,0.1675170673,-0.000590889805953,5,5,3,0.00020328962043,median_of_paired_anchor_differences,difference_of_separately_aggregated_medians
R2,transit_tail|state_od|A|w90|l0|P1|parent=global|kappa=10|min_support=5,transit_tail|state_od|A|w90|l0|P1|parent=global|kappa=10,transit_tail,binary,development,2017-04,7,future_seen_coverage,higher_is_favourable,0.983436853002,0.983436853002,0,5,5,0,0,median_of_paired_anchor_differences,difference_of_separately_aggregated_medians
R2,transit_tail|state_od|A|w90|l0|P1|parent=global|kappa=10|min_support=5,transit_tail|state_od|A|w90|l0|P1|parent=global|kappa=10,transit_tail,binary,development,2017-04,7,log_loss,lower_is_favourable,0.560065346819,0.561623886993,0.000498193417088,5,5,2,0.00155854017395,median_of_paired_anchor_differences,difference_of_separately_aggregated_medians
R2,transit_tail|state_od|A|w90|l0|P1|parent=global|kappa=10|min_support=5,transit_tail|state_od|A|w90|l0|P1|parent=global|kappa=10,transit_tail,binary,development,2017-04,7,reference_minus_candidate_brier,higher_is_favourable,0.0163290009587,0.017604317762,0.000822283939685,5,5,5,0.00127531680331,median_of_paired_anchor_differences,difference_of_separately_aggregated_medians
R2,transit_tail|state_od|A|w90|l0|P1|parent=global|kappa=10|min_support=5,transit_tail|state_od|A|w90|l0|P1|parent=global|kappa=10,transit_tail,binary,development,2017-04,7,reference_minus_candidate_log_loss,higher_is_favourable,0.0298748614383,0.0309294598874,0.00105459844908,5,5,5,0.00105459844908,median_of_paired_anchor_differences,difference_of_separately_aggregated_medians
R2,transit_tail|state_od|A|w90|l0|P1|parent=global|kappa=10|min_support=5,transit_tail|state_od|A|w90|l0|P1|parent=global|kappa=10,transit_tail,binary,development,2017-04,7,support_qualified_coverage,higher_is_favourable,0.938,0.942,0.00142653352354,5,5,4,0.004,median_of_paired_anchor_differences,difference_of_separately_aggregated_medians
R2,transit_tail|state_od|A|w90|l0|P1|parent=global|kappa=10|min_support=5,transit_tail|state_od|A|w90|l0|P1|parent=global|kappa=10,transit_tail,binary,development,2017-04,7,top10_order_lift,higher_is_favourable,2.21801727684,2.27156659765,0,5,5,1,0.0535493208127,median_of_paired_anchor_differences,difference_of_separately_aggregated_medians
R2,transit_tail|state_od|A|w90|l0|P1|parent=global|kappa=10|min_support=5,transit_tail|state_od|A|w90|l0|P1|parent=global|kappa=10,transit_tail,binary,development,2017-04,7,top_quintile_lift,higher_is_favourable,2.18086883876,2.18086883876,-0.0142744424873,5,5,1,0,median_of_paired_anchor_differences,difference_of_separately_aggregated_medians
R2,transit_tail|state_od|A|w90|l0|P1|parent=global|kappa=10|min_support=5,transit_tail|state_od|A|w90|l0|P1|parent=global|kappa=10,transit_tail,binary,development,2017-04,7,weighted_spearman,higher_is_favourable,0.406423041354,0.41486215549,0.0049319207047,5,5,5,0.00843911413577,median_of_paired_anchor_differences,difference_of_separately_aggregated_medians
R2,transit_tail|state_od|A|w90|l0|P1|parent=global|kappa=10|min_support=5,transit_tail|state_od|A|w90|l0|P1|parent=global|kappa=10,transit_tail,binary,development,2017-05,7,brier,lower_is_favourable,0.0829909874469,0.0807557549036,-0.00193793266907,4,4,4,-0.00223523254325,median_of_paired_anchor_differences,difference_of_separately_aggregated_medians
R2,transit_tail|state_od|A|w90|l0|P1|parent=global|kappa=10|min_support=5,transit_tail|state_od|A|w90|l0|P1|parent=global|kappa=10,transit_tail,binary,development,2017-05,7,future_seen_coverage,higher_is_favourable,0.982423455203,0.982973927468,0,4,4,1,0.000550472264925,median_of_paired_anchor_differences,difference_of_separately_aggregated_medians
R2,transit_tail|state_od|A|w90|l0|P1|parent=global|kappa=10|min_support=5,transit_tail|state_od|A|w90|l0|P1|parent=global|kappa=10,transit_tail,binary,development,2017-05,7,log_loss,lower_is_favourable,0.290398477136,0.284028012067,-0.0054354870521,4,4,4,-0.0063704650696,median_of_paired_anchor_differences,difference_of_separately_aggregated_medians
R2,transit_tail|state_od|A|w90|l0|P1|parent=global|kappa=10|min_support=5,transit_tail|state_od|A|w90|l0|P1|parent=global|kappa=10,transit_tail,binary,development,2017-05,7,reference_minus_candidate_brier,higher_is_favourable,0.007437207499,0.00786544533907,0.000328073857085,4,4,4,0.000428237840069,median_of_paired_anchor_differences,difference_of_separately_aggregated_medians
R2,transit_tail|state_od|A|w90|l0|P1|parent=global|kappa=10|min_support=5,transit_tail|state_od|A|w90|l0|P1|parent=global|kappa=10,transit_tail,binary,development,2017-05,7,reference_minus_candidate_log_loss,higher_is_favourable,0.0415331547217,0.0407798155141,-0.000753339207564,4,4,1,-0.000753339207564,median_of_paired_anchor_differences,difference_of_separately_aggregated_medians
R2,transit_tail|state_od|A|w90|l0|P1|parent=global|kappa=10|min_support=5,transit_tail|state_od|A|w90|l0|P1|parent=global|kappa=10,transit_tail,binary,development,2017-05,7,support_qualified_coverage,higher_is_favourable,0.963620810888,0.970893559557,0.00408759222089,4,4,4,0.00727274866946,median_of_paired_anchor_differences,difference_of_separately_aggregated_medians
R2,transit_tail|state_od|A|w90|l0|P1|parent=global|kappa=10|min_support=5,transit_tail|state_od|A|w90|l0|P1|parent=global|kappa=10,transit_tail,binary,development,2017-05,7,top10_order_lift,higher_is_favourable,3.42544176114,3.42544176114,0,4,4,1,0,median_of_paired_anchor_differences,difference_of_separately_aggregated_medians
R2,transit_tail|state_od|A|w90|l0|P1|parent=global|kappa=10|min_support=5,transit_tail|state_od|A|w90|l0|P1|parent=global|kappa=10,transit_tail,binary,development,2017-05,7,top_quintile_lift,higher_is_favourable,3.09421358905,3.11186094421,0.0176473551608,4,4,3,0.0176473551608,median_of_paired_anchor_differences,difference_of_separately_aggregated_medians
R2,transit_tail|state_od|A|w90|l0|P1|parent=global|kappa=10|min_support=5,transit_tail|state_od|A|w90|l0|P1|parent=global|kappa=10,transit_tail,binary,development,2017-05,7,weighted_spearman,higher_is_favourable,0.302133274166,0.304010911609,-4.0039558122e-05,4,4,2,0.00187763744278,median_of_paired_anchor_differences,difference_of_separately_aggregated_medians
R2,transit_tail|state_od|A|w90|l0|P1|parent=global|kappa=10|min_support=5,transit_tail|state_od|A|w90|l0|P1|parent=global|kappa=10,transit_tail,binary,development,2017-06,7,brier,lower_is_favourable,0.102617115178,0.102141433777,-0.000439640276548,4,4,3,-0.000475681400768,median_of_paired_anchor_differences,difference_of_separately_aggregated_medians
R2,transit_tail|state_od|A|w90|l0|P1|parent=global|kappa=10|min_support=5,transit_tail|state_od|A|w90|l0|P1|parent=global|kappa=10,transit_tail,binary,development,2017-06,7,future_seen_coverage,higher_is_favourable,0.984033460629,0.985341525694,0.00141621943948,4,4,3,0.00130806506502,median_of_paired_anchor_differences,difference_of_separately_aggregated_medians
R2,transit_tail|state_od|A|w90|l0|P1|parent=global|kappa=10|min_support=5,transit_tail|state_od|A|w90|l0|P1|parent=global|kappa=10,transit_tail,binary,development,2017-06,7,log_loss,lower_is_favourable,0.345977067861,0.344290898957,-0.00168616890417,4,4,3,-0.00168616890417,median_of_paired_anchor_differences,difference_of_separately_aggregated_medians
R2,transit_tail|state_od|A|w90|l0|P1|parent=global|kappa=10|min_support=5,transit_tail|state_od|A|w90|l0|P1|parent=global|kappa=10,transit_tail,binary,development,2017-06,7,reference_minus_candidate_brier,higher_is_favourable,0.0132947659619,0.0130501840392,-0.000244581922744,4,4,1,-0.000244581922744,median_of_paired_anchor_differences,difference_of_separately_aggregated_medians
R2,transit_tail|state_od|A|w90|l0|P1|parent=global|kappa=10|min_support=5,transit_tail|state_od|A|w90|l0|P1|parent=global|kappa=10,transit_tail,binary,development,2017-06,7,reference_minus_candidate_log_loss,higher_is_favourable,0.0495504304796,0.0493727790227,-0.000177651456938,4,4,0,-0.000177651456938,median_of_paired_anchor_differences,difference_of_separately_aggregated_medians
R2,transit_tail|state_od|A|w90|l0|P1|parent=global|kappa=10|min_support=5,transit_tail|state_od|A|w90|l0|P1|parent=global|kappa=10,transit_tail,binary,development,2017-06,7,support_qualified_coverage,higher_is_favourable,0.970110748163,0.973857940221,0.0026651771465,4,4,4,0.00374719205831,median_of_paired_anchor_differences,difference_of_separately_aggregated_medians
R2,transit_tail|state_od|A|w90|l0|P1|parent=global|kappa=10|min_support=5,transit_tail|state_od|A|w90|l0|P1|parent=global|kappa=10,transit_tail,binary,development,2017-06,7,top10_order_lift,higher_is_favourable,3.24862811791,3.14455782313,-0.0586734693878,4,4,0,-0.104070294785,median_of_paired_anchor_differences,difference_of_separately_aggregated_medians
R2,transit_tail|state_od|A|w90|l0|P1|parent=global|kappa=10|min_support=5,transit_tail|state_od|A|w90|l0|P1|parent=global|kappa=10,transit_tail,binary,development,2017-06,7,top_quintile_lift,higher_is_favourable,3.18952652226,3.12657044127,-0.062956080997,4,4,1,-0.062956080997,median_of_paired_anchor_differences,difference_of_separately_aggregated_medians
R2,transit_tail|state_od|A|w90|l0|P1|parent=global|kappa=10|min_support=5,transit_tail|state_od|A|w90|l0|P1|parent=global|kappa=10,transit_tail,binary,development,2017-06,7,weighted_spearman,higher_is_favourable,0.415018690043,0.42834001469,0.00999379306305,4,4,4,0.013321324647,median_of_paired_anchor_differences,difference_of_separately_aggregated_medians
R2,transit_tail|state_od|A|w90|l0|P1|parent=global|kappa=10|min_support=5,transit_tail|state_od|A|w90|l0|P1|parent=global|kappa=10,transit_tail,binary,development,2017-07,7,brier,lower_is_favourable,0.0867504833122,0.0859116959501,-0.000838787362078,5,5,3,-0.000838787362078,median_of_paired_anchor_differences,difference_of_separately_aggregated_medians
R2,transit_tail|state_od|A|w90|l0|P1|parent=global|kappa=10|min_support=5,transit_tail|state_od|A|w90|l0|P1|parent=global|kappa=10,transit_tail,binary,development,2017-07,7,future_seen_coverage,higher_is_favourable,0.979459459459,0.979459459459,0.00337837837838,5,5,3,0,median_of_paired_anchor_differences,difference_of_separately_aggregated_medians
R2,transit_tail|state_od|A|w90|l0|P1|parent=global|kappa=10|min_support=5,transit_tail|state_od|A|w90|l0|P1|parent=global|kappa=10,transit_tail,binary,development,2017-07,7,log_loss,lower_is_favourable,0.29606456273,0.290555633919,-0.00550892881087,5,5,5,-0.00550892881087,median_of_paired_anchor_differences,difference_of_separately_aggregated_medians
R2,transit_tail|state_od|A|w90|l0|P1|parent=global|kappa=10|min_support=5,transit_tail|state_od|A|w90|l0|P1|parent=global|kappa=10,transit_tail,binary,development,2017-07,7,reference_minus_candidate_brier,higher_is_favourable,0.0197348398804,0.0197636076884,0.000361268398375,5,5,4,2.87678080016e-05,median_of_paired_anchor_differences,difference_of_separately_aggregated_medians
R2,transit_tail|state_od|A|w90|l0|P1|parent=global|kappa=10|min_support=5,transit_tail|state_od|A|w90|l0|P1|parent=global|kappa=10,transit_tail,binary,development,2017-07,7,reference_minus_candidate_log_loss,higher_is_favourable,0.0714942099222,0.0746466042059,0.00315239428366,5,5,4,0.00315239428366,median_of_paired_anchor_differences,difference_of_separately_aggregated_medians
R2,transit_tail|state_od|A|w90|l0|P1|parent=global|kappa=10|min_support=5,transit_tail|state_od|A|w90|l0|P1|parent=global|kappa=10,transit_tail,binary,development,2017-07,7,support_qualified_coverage,higher_is_favourable,0.967567567568,0.972972972973,0.00587544065805,5,5,5,0.00540540540541,median_of_paired_anchor_differences,difference_of_separately_aggregated_medians
R2,transit_tail|state_od|A|w90|l0|P1|parent=global|kappa=10|min_support=5,transit_tail|state_od|A|w90|l0|P1|parent=global|kappa=10,transit_tail,binary,development,2017-07,7,top10_order_lift,higher_is_favourable,4.48206958073,4.4175257732,-0.102733157516,5,5,2,-0.0645438075356,median_of_paired_anchor_differences,difference_of_separately_aggregated_medians
R2,transit_tail|state_od|A|w90|l0|P1|parent=global|kappa=10|min_support=5,transit_tail|state_od|A|w90|l0|P1|parent=global|kappa=10,transit_tail,binary,development,2017-07,7,top_quintile_lift,higher_is_favourable,4.45443866421,4.4175257732,0,5,5,1,-0.0369128910095,median_of_paired_anchor_differences,difference_of_separately_aggregated_medians
R2,transit_tail|state_od|A|w90|l0|P1|parent=global|kappa=10|min_support=5,transit_tail|state_od|A|w90|l0|P1|parent=global|kappa=10,transit_tail,binary,development,2017-07,7,weighted_spearman,higher_is_favourable,0.459812415173,0.483515373811,0.0629358125972,5,5,5,0.023702958638,median_of_paired_anchor_differences,difference_of_separately_aggregated_medians
R2,transit_tail|state_od|A|w90|l0|P1|parent=global|kappa=10|min_support=5,transit_tail|state_od|A|w90|l0|P1|parent=global|kappa=10,transit_tail,binary,development,2017-08,7,brier,lower_is_favourable,0.0881913021292,0.0861643731114,-0.00213746419463,4,4,4,-0.00202692901779,median_of_paired_anchor_differences,difference_of_separately_aggregated_medians
R2,transit_tail|state_od|A|w90|l0|P1|parent=global|kappa=10|min_support=5,transit_tail|state_od|A|w90|l0|P1|parent=global|kappa=10,transit_tail,binary,development,2017-08,7,future_seen_coverage,higher_is_favourable,0.985239501149,0.989961263139,0.00318757899375,4,4,4,0.00472176199031,median_of_paired_anchor_differences,difference_of_separately_aggregated_medians
R2,transit_tail|state_od|A|w90|l0|P1|parent=global|kappa=10|min_support=5,transit_tail|state_od|A|w90|l0|P1|parent=global|kappa=10,transit_tail,binary,development,2017-08,7,log_loss,lower_is_favourable,0.296631915376,0.289045456234,-0.00581373055544,4,4,4,-0.00758645914136,median_of_paired_anchor_differences,difference_of_separately_aggregated_medians
R2,transit_tail|state_od|A|w90|l0|P1|parent=global|kappa=10|min_support=5,transit_tail|state_od|A|w90|l0|P1|parent=global|kappa=10,transit_tail,binary,development,2017-08,7,reference_minus_candidate_brier,higher_is_favourable,0.0156006396647,0.0184504735377,0.00226252869118,4,4,4,0.00284983387294,median_of_paired_anchor_differences,difference_of_separately_aggregated_medians
R2,transit_tail|state_od|A|w90|l0|P1|parent=global|kappa=10|min_support=5,transit_tail|state_od|A|w90|l0|P1|parent=global|kappa=10,transit_tail,binary,development,2017-08,7,reference_minus_candidate_log_loss,higher_is_favourable,0.0674817292488,0.0762584050712,0.00556864823594,4,4,4,0.00877667582238,median_of_paired_anchor_differences,difference_of_separately_aggregated_medians
R2,transit_tail|state_od|A|w90|l0|P1|parent=global|kappa=10|min_support=5,transit_tail|state_od|A|w90|l0|P1|parent=global|kappa=10,transit_tail,binary,development,2017-08,7,support_qualified_coverage,higher_is_favourable,0.966238473838,0.975002866644,0.00888034693475,4,4,4,0.00876439280621,median_of_paired_anchor_differences,difference_of_separately_aggregated_medians
R2,transit_tail|state_od|A|w90|l0|P1|parent=global|kappa=10|min_support=5,transit_tail|state_od|A|w90|l0|P1|parent=global|kappa=10,transit_tail,binary,development,2017-08,7,top10_order_lift,higher_is_favourable,3.31240300902,3.42503842776,0.0503998316498,4,4,2,0.112635418734,median_of_paired_anchor_differences,difference_of_separately_aggregated_medians
R2,transit_tail|state_od|A|w90|l0|P1|parent=global|kappa=10|min_support=5,transit_tail|state_od|A|w90|l0|P1|parent=global|kappa=10,transit_tail,binary,development,2017-08,7,top_quintile_lift,higher_is_favourable,3.45759124667,3.5892218356,0.0352554219344,4,4,2,0.131630588931,median_of_paired_anchor_differences,difference_of_separately_aggregated_medians
R2,transit_tail|state_od|A|w90|l0|P1|parent=global|kappa=10|min_support=5,transit_tail|state_od|A|w90|l0|P1|parent=global|kappa=10,transit_tail,binary,development,2017-08,7,weighted_spearman,higher_is_favourable,0.343375896797,0.422237243887,0.0617423451052,4,4,4,0.0788613470893,median_of_paired_anchor_differences,difference_of_separately_aggregated_medians
R2,transit_tail|state_od|A|w90|l0|P1|parent=global|kappa=10|min_support=5,transit_tail|state_od|A|w90|l0|P1|parent=global|kappa=10,transit_tail,binary,development,2017-09,7,brier,lower_is_favourable,0.0998023452529,0.0987498011629,-0.00105254408998,5,5,5,-0.00105254408998,median_of_paired_anchor_differences,difference_of_separately_aggregated_medians
R2,transit_tail|state_od|A|w90|l0|P1|parent=global|kappa=10|min_support=5,transit_tail|state_od|A|w90|l0|P1|parent=global|kappa=10,transit_tail,binary,development,2017-09,7,future_seen_coverage,higher_is_favourable,0.982089552239,0.986069651741,0.00434404865334,5,5,5,0.00398009950249,median_of_paired_anchor_differences,difference_of_separately_aggregated_medians
R2,transit_tail|state_od|A|w90|l0|P1|parent=global|kappa=10|min_support=5,transit_tail|state_od|A|w90|l0|P1|parent=global|kappa=10,transit_tail,binary,development,2017-09,7,log_loss,lower_is_favourable,0.324899171037,0.322007005008,-0.00595101848687,5,5,5,-0.00289216602885,median_of_paired_anchor_differences,difference_of_separately_aggregated_medians
R2,transit_tail|state_od|A|w90|l0|P1|parent=global|kappa=10|min_support=5,transit_tail|state_od|A|w90|l0|P1|parent=global|kappa=10,transit_tail,binary,development,2017-09,7,reference_minus_candidate_brier,higher_is_favourable,0.0205848261358,0.0205168113272,0.000775369087286,5,5,4,-6.80148085722e-05,median_of_paired_anchor_differences,difference_of_separately_aggregated_medians
R2,transit_tail|state_od|A|w90|l0|P1|parent=global|kappa=10|min_support=5,transit_tail|state_od|A|w90|l0|P1|parent=global|kappa=10,transit_tail,binary,development,2017-09,7,reference_minus_candidate_log_loss,higher_is_favourable,0.0705964662692,0.0744458630736,0.00384939680442,5,5,5,0.00384939680442,median_of_paired_anchor_differences,difference_of_separately_aggregated_medians
R2,transit_tail|state_od|A|w90|l0|P1|parent=global|kappa=10|min_support=5,transit_tail|state_od|A|w90|l0|P1|parent=global|kappa=10,transit_tail,binary,development,2017-09,7,support_qualified_coverage,higher_is_favourable,0.951739618406,0.972139303483,0.0121633362294,5,5,5,0.0203996850763,median_of_paired_anchor_differences,difference_of_separately_aggregated_medians
R2,transit_tail|state_od|A|w90|l0|P1|parent=global|kappa=10|min_support=5,transit_tail|state_od|A|w90|l0|P1|parent=global|kappa=10,transit_tail,binary,development,2017-09,7,top10_order_lift,higher_is_favourable,3.62083333333,3.46179271709,-0.11350140056,5,5,1,-0.159040616246,median_of_paired_anchor_differences,difference_of_separately_aggregated_medians
R2,transit_tail|state_od|A|w90|l0|P1|parent=global|kappa=10|min_support=5,transit_tail|state_od|A|w90|l0|P1|parent=global|kappa=10,transit_tail,binary,development,2017-09,7,top_quintile_lift,higher_is_favourable,3.43188405797,3.43026315789,0.0689339005784,5,5,3,-0.00162090007628,median_of_paired_anchor_differences,difference_of_separately_aggregated_medians
R2,transit_tail|state_od|A|w90|l0|P1|parent=global|kappa=10|min_support=5,transit_tail|state_od|A|w90|l0|P1|parent=global|kappa=10,transit_tail,binary,development,2017-09,7,weighted_spearman,higher_is_favourable,0.383845767114,0.416385671646,0.0352715673433,5,5,4,0.0325399045321,median_of_paired_anchor_differences,difference_of_separately_aggregated_medians
R2,transit_tail|state_od|A|w90|l0|P1|parent=global|kappa=10|min_support=5,transit_tail|state_od|A|w90|l0|P1|parent=global|kappa=10,transit_tail,binary,development,2017-10,7,brier,lower_is_favourable,0.0913023960934,0.0894185007392,-0.00188389535418,4,4,4,-0.00188389535418,median_of_paired_anchor_differences,difference_of_separately_aggregated_medians
R2,transit_tail|state_od|A|w90|l0|P1|parent=global|kappa=10|min_support=5,transit_tail|state_od|A|w90|l0|P1|parent=global|kappa=10,transit_tail,binary,development,2017-10,7,future_seen_coverage,higher_is_favourable,0.977408142999,0.980684325071,0.00359743834532,4,4,4,0.00327618207175,median_of_paired_anchor_differences,difference_of_separately_aggregated_medians
R2,transit_tail|state_od|A|w90|l0|P1|parent=global|kappa=10|min_support=5,transit_tail|state_od|A|w90|l0|P1|parent=global|kappa=10,transit_tail,binary,development,2017-10,7,log_loss,lower_is_favourable,0.301990984609,0.298215330683,-0.00320249061521,4,4,4,-0.00377565392641,median_of_paired_anchor_differences,difference_of_separately_aggregated_medians
R2,transit_tail|state_od|A|w90|l0|P1|parent=global|kappa=10|min_support=5,transit_tail|state_od|A|w90|l0|P1|parent=global|kappa=10,transit_tail,binary,development,2017-10,7,reference_minus_candidate_brier,higher_is_favourable,0.0195439758254,0.0215968693135,0.00193641130958,4,4,3,0.00205289348806,median_of_paired_anchor_differences,difference_of_separately_aggregated_medians
R2,transit_tail|state_od|A|w90|l0|P1|parent=global|kappa=10|min_support=5,transit_tail|state_od|A|w90|l0|P1|parent=global|kappa=10,transit_tail,binary,development,2017-10,7,reference_minus_candidate_log_loss,higher_is_favourable,0.0802686785061,0.0834179033794,0.00314922487332,4,4,4,0.00314922487332,median_of_paired_anchor_differences,difference_of_separately_aggregated_medians
R2,transit_tail|state_od|A|w90|l0|P1|parent=global|kappa=10|min_support=5,transit_tail|state_od|A|w90|l0|P1|parent=global|kappa=10,transit_tail,binary,development,2017-10,7,support_qualified_coverage,higher_is_favourable,0.952162245236,0.967767295597,0.0163467004052,4,4,4,0.0156050503618,median_of_paired_anchor_differences,difference_of_separately_aggregated_medians
R2,transit_tail|state_od|A|w90|l0|P1|parent=global|kappa=10|min_support=5,transit_tail|state_od|A|w90|l0|P1|parent=global|kappa=10,transit_tail,binary,development,2017-10,7,top10_order_lift,higher_is_favourable,3.75231121374,3.75231121374,0,4,4,1,0,median_of_paired_anchor_differences,difference_of_separately_aggregated_medians
R2,transit_tail|state_od|A|w90|l0|P1|parent=global|kappa=10|min_support=5,transit_tail|state_od|A|w90|l0|P1|parent=global|kappa=10,transit_tail,binary,development,2017-10,7,top_quintile_lift,higher_is_favourable,3.67056710615,3.91464000343,0.204932237282,4,4,4,0.244072897282,median_of_paired_anchor_differences,difference_of_separately_aggregated_medians
R2,transit_tail|state_od|A|w90|l0|P1|parent=global|kappa=10|min_support=5,transit_tail|state_od|A|w90|l0|P1|parent=global|kappa=10,transit_tail,binary,development,2017-10,7,weighted_spearman,higher_is_favourable,0.342109026899,0.34117838906,0.00286352714907,4,4,2,-0.00093063783885,median_of_paired_anchor_differences,difference_of_separately_aggregated_medians
R2,transit_tail|state_od|A|w90|l0|P1|parent=global|kappa=10|min_support=5,transit_tail|state_od|A|w90|l0|P1|parent=global|kappa=10,transit_tail,binary,development,2017-11,7,brier,lower_is_favourable,0.157852437216,0.156069505217,-0.00146126150146,4,4,4,-0.00178293199835,median_of_paired_anchor_differences,difference_of_separately_aggregated_medians
R2,transit_tail|state_od|A|w90|l0|P1|parent=global|kappa=10|min_support=5,transit_tail|state_od|A|w90|l0|P1|parent=global|kappa=10,transit_tail,binary,development,2017-11,7,future_seen_coverage,higher_is_favourable,0.984469465891,0.985527004154,0.00136538269058,4,4,4,0.00105753826381,median_of_paired_anchor_differences,difference_of_separately_aggregated_medians
R2,transit_tail|state_od|A|w90|l0|P1|parent=global|kappa=10|min_support=5,transit_tail|state_od|A|w90|l0|P1|parent=global|kappa=10,transit_tail,binary,development,2017-11,7,log_loss,lower_is_favourable,0.505166756116,0.49254017122,-0.00976560334105,4,4,4,-0.0126265848956,median_of_paired_anchor_differences,difference_of_separately_aggregated_medians
R2,transit_tail|state_od|A|w90|l0|P1|parent=global|kappa=10|min_support=5,transit_tail|state_od|A|w90|l0|P1|parent=global|kappa=10,transit_tail,binary,development,2017-11,7,reference_minus_candidate_brier,higher_is_favourable,0.0198734407365,0.0210851966845,0.00150716199825,4,4,4,0.00121175594808,median_of_paired_anchor_differences,difference_of_separately_aggregated_medians
R2,transit_tail|state_od|A|w90|l0|P1|parent=global|kappa=10|min_support=5,transit_tail|state_od|A|w90|l0|P1|parent=global|kappa=10,transit_tail,binary,development,2017-11,7,reference_minus_candidate_log_loss,higher_is_favourable,0.0490163272351,0.0610661097016,0.00981217221713,4,4,4,0.0120497824664,median_of_paired_anchor_differences,difference_of_separately_aggregated_medians
R2,transit_tail|state_od|A|w90|l0|P1|parent=global|kappa=10|min_support=5,transit_tail|state_od|A|w90|l0|P1|parent=global|kappa=10,transit_tail,binary,development,2017-11,7,support_qualified_coverage,higher_is_favourable,0.970049690903,0.98049871926,0.0104490283573,4,4,4,0.0104490283573,median_of_paired_anchor_differences,difference_of_separately_aggregated_medians
R2,transit_tail|state_od|A|w90|l0|P1|parent=global|kappa=10|min_support=5,transit_tail|state_od|A|w90|l0|P1|parent=global|kappa=10,transit_tail,binary,development,2017-11,7,top10_order_lift,higher_is_favourable,2.75776480477,2.81487182069,0.084660239482,4,4,4,0.0571070159178,median_of_paired_anchor_differences,difference_of_separately_aggregated_medians
R2,transit_tail|state_od|A|w90|l0|P1|parent=global|kappa=10|min_support=5,transit_tail|state_od|A|w90|l0|P1|parent=global|kappa=10,transit_tail,binary,development,2017-11,7,top_quintile_lift,higher_is_favourable,2.83327411275,2.82989898553,-0.00337512721676,4,4,1,-0.00337512721676,median_of_paired_anchor_differences,difference_of_separately_aggregated_medians
R2,transit_tail|state_od|A|w90|l0|P1|parent=global|kappa=10|min_support=5,transit_tail|state_od|A|w90|l0|P1|parent=global|kappa=10,transit_tail,binary,development,2017-11,7,weighted_spearman,higher_is_favourable,0.582425534249,0.569656046399,-0.0291110128977,4,4,0,-0.0127694878497,median_of_paired_anchor_differences,difference_of_separately_aggregated_medians
R2,transit_tail|state_od|A|w90|l0|P1|parent=global|kappa=10|min_support=5,transit_tail|state_od|A|w90|l0|P1|parent=global|kappa=10,transit_tail,binary,development,2017-12,7,brier,lower_is_favourable,0.219490218373,0.220978311784,-0.000218950945235,4,4,2,0.00148809341055,median_of_paired_anchor_differences,difference_of_separately_aggregated_medians
R2,transit_tail|state_od|A|w90|l0|P1|parent=global|kappa=10|min_support=5,transit_tail|state_od|A|w90|l0|P1|parent=global|kappa=10,transit_tail,binary,development,2017-12,7,future_seen_coverage,higher_is_favourable,0.990333274658,0.994205832307,0.00212511180352,4,4,4,0.0038725576483,median_of_paired_anchor_differences,difference_of_separately_aggregated_medians
R2,transit_tail|state_od|A|w90|l0|P1|parent=global|kappa=10|min_support=5,transit_tail|state_od|A|w90|l0|P1|parent=global|kappa=10,transit_tail,binary,development,2017-12,7,log_loss,lower_is_favourable,0.6704031544,0.670020888699,-0.00464905420745,4,4,2,-0.0003822657006,median_of_paired_anchor_differences,difference_of_separately_aggregated_medians
R2,transit_tail|state_od|A|w90|l0|P1|parent=global|kappa=10|min_support=5,transit_tail|state_od|A|w90|l0|P1|parent=global|kappa=10,transit_tail,binary,development,2017-12,7,reference_minus_candidate_brier,higher_is_favourable,0.0273678923919,0.0269889027653,-0.000352517034116,4,4,2,-0.000378989626576,median_of_paired_anchor_differences,difference_of_separately_aggregated_medians
R2,transit_tail|state_od|A|w90|l0|P1|parent=global|kappa=10|min_support=5,transit_tail|state_od|A|w90|l0|P1|parent=global|kappa=10,transit_tail,binary,development,2017-12,7,reference_minus_candidate_log_loss,higher_is_favourable,0.0540327781574,0.0612763545756,0.00724357641817,4,4,3,0.00724357641817,median_of_paired_anchor_differences,difference_of_separately_aggregated_medians
R2,transit_tail|state_od|A|w90|l0|P1|parent=global|kappa=10|min_support=5,transit_tail|state_od|A|w90|l0|P1|parent=global|kappa=10,transit_tail,binary,development,2017-12,7,support_qualified_coverage,higher_is_favourable,0.971161180543,0.985579688838,0.0105247387121,4,4,4,0.014418508295,median_of_paired_anchor_differences,difference_of_separately_aggregated_medians
R2,transit_tail|state_od|A|w90|l0|P1|parent=global|kappa=10|min_support=5,transit_tail|state_od|A|w90|l0|P1|parent=global|kappa=10,transit_tail,binary,development,2017-12,7,top10_order_lift,higher_is_favourable,2.09136396654,2.04888879627,-0.0424751702727,4,4,1,-0.0424751702727,median_of_paired_anchor_differences,difference_of_separately_aggregated_medians
R2,transit_tail|state_od|A|w90|l0|P1|parent=global|kappa=10|min_support=5,transit_tail|state_od|A|w90|l0|P1|parent=global|kappa=10,transit_tail,binary,development,2017-12,7,top_quintile_lift,higher_is_favourable,2.06124067236,2.14561453719,0.0241800088583,4,4,3,0.0843738648242,median_of_paired_anchor_differences,difference_of_separately_aggregated_medians
R2,transit_tail|state_od|A|w90|l0|P1|parent=global|kappa=10|min_support=5,transit_tail|state_od|A|w90|l0|P1|parent=global|kappa=10,transit_tail,binary,development,2017-12,7,weighted_spearman,higher_is_favourable,0.772740662179,0.744968084352,-0.0101856018252,4,4,1,-0.0277725778276,median_of_paired_anchor_differences,difference_of_separately_aggregated_medians
R2,transit_tail|state_od|A|w90|l0|P1|parent=global|kappa=10|min_support=5,transit_tail|state_od|A|w90|l0|P1|parent=global|kappa=10,transit_tail,binary,development,2017-04,30,brier,lower_is_favourable,0.145970973891,0.145468982238,-0.0005019916524,5,5,5,-0.0005019916524,median_of_paired_anchor_differences,difference_of_separately_aggregated_medians
R2,transit_tail|state_od|A|w90|l0|P1|parent=global|kappa=10|min_support=5,transit_tail|state_od|A|w90|l0|P1|parent=global|kappa=10,transit_tail,binary,development,2017-04,30,future_seen_coverage,higher_is_favourable,0.980449251248,0.980865224626,0,5,5,1,0.000415973377704,median_of_paired_anchor_differences,difference_of_separately_aggregated_medians
R2,transit_tail|state_od|A|w90|l0|P1|parent=global|kappa=10|min_support=5,transit_tail|state_od|A|w90|l0|P1|parent=global|kappa=10,transit_tail,binary,development,2017-04,30,log_loss,lower_is_favourable,0.485177436646,0.484184528656,-0.000826408256759,5,5,5,-0.000992907990015,median_of_paired_anchor_differences,difference_of_separately_aggregated_medians
R2,transit_tail|state_od|A|w90|l0|P1|parent=global|kappa=10|min_support=5,transit_tail|state_od|A|w90|l0|P1|parent=global|kappa=10,transit_tail,binary,development,2017-04,30,reference_minus_candidate_brier,higher_is_favourable,0.0117028240654,0.012343527947,0.000640703881616,5,5,5,0.000640703881616,median_of_paired_anchor_differences,difference_of_separately_aggregated_medians
R2,transit_tail|state_od|A|w90|l0|P1|parent=global|kappa=10|min_support=5,transit_tail|state_od|A|w90|l0|P1|parent=global|kappa=10,transit_tail,binary,development,2017-04,30,reference_minus_candidate_log_loss,higher_is_favourable,0.0315273538101,0.0323027096165,0.00157598157696,5,5,5,0.000775355806395,median_of_paired_anchor_differences,difference_of_separately_aggregated_medians
R2,transit_tail|state_od|A|w90|l0|P1|parent=global|kappa=10|min_support=5,transit_tail|state_od|A|w90|l0|P1|parent=global|kappa=10,transit_tail,binary,development,2017-04,30,support_qualified_coverage,higher_is_favourable,0.935384615385,0.937094017094,0.00166389351082,5,5,5,0.0017094017094,median_of_paired_anchor_differences,difference_of_separately_aggregated_medians
R2,transit_tail|state_od|A|w90|l0|P1|parent=global|kappa=10|min_support=5,transit_tail|state_od|A|w90|l0|P1|parent=global|kappa=10,transit_tail,binary,development,2017-04,30,top10_order_lift,higher_is_favourable,2.40965000559,2.44643855529,0.0906748664378,5,5,5,0.0367885497037,median_of_paired_anchor_differences,difference_of_separately_aggregated_medians
R2,transit_tail|state_od|A|w90|l0|P1|parent=global|kappa=10|min_support=5,transit_tail|state_od|A|w90|l0|P1|parent=global|kappa=10,transit_tail,binary,development,2017-04,30,top_quintile_lift,higher_is_favourable,2.05504448736,2.34195804196,0.0341805142997,5,5,4,0.286913554597,median_of_paired_anchor_differences,difference_of_separately_aggregated_medians
R2,transit_tail|state_od|A|w90|l0|P1|parent=global|kappa=10|min_support=5,transit_tail|state_od|A|w90|l0|P1|parent=global|kappa=10,transit_tail,binary,development,2017-04,30,weighted_spearman,higher_is_favourable,0.47670179546,0.480544424507,0.00708887851751,5,5,5,0.00384262904651,median_of_paired_anchor_differences,difference_of_separately_aggregated_medians
R2,transit_tail|state_od|A|w90|l0|P1|parent=global|kappa=10|min_support=5,transit_tail|state_od|A|w90|l0|P1|parent=global|kappa=10,transit_tail,binary,development,2017-05,30,brier,lower_is_favourable,0.093612231706,0.0918496306346,-0.00136849055891,4,4,4,-0.00176260107137,median_of_paired_anchor_differences,difference_of_separately_aggregated_medians
R2,transit_tail|state_od|A|w90|l0|P1|parent=global|kappa=10|min_support=5,transit_tail|state_od|A|w90|l0|P1|parent=global|kappa=10,transit_tail,binary,development,2017-05,30,future_seen_coverage,higher_is_favourable,0.983112849172,0.983205573108,0.000152532031727,4,4,2,9.27239364401e-05,median_of_paired_anchor_differences,difference_of_separately_aggregated_medians
R2,transit_tail|state_od|A|w90|l0|P1|parent=global|kappa=10|min_support=5,transit_tail|state_od|A|w90|l0|P1|parent=global|kappa=10,transit_tail,binary,development,2017-05,30,log_loss,lower_is_favourable,0.319985072494,0.31525120038,-0.00367609958538,4,4,4,-0.00473387211391,median_of_paired_anchor_differences,difference_of_separately_aggregated_medians
R2,transit_tail|state_od|A|w90|l0|P1|parent=global|kappa=10|min_support=5,transit_tail|state_od|A|w90|l0|P1|parent=global|kappa=10,transit_tail,binary,development,2017-05,30,reference_minus_candidate_brier,higher_is_favourable,0.00899922352698,0.00932778758457,0.000328564057592,4,4,3,0.000328564057592,median_of_paired_anchor_differences,difference_of_separately_aggregated_medians
R2,transit_tail|state_od|A|w90|l0|P1|parent=global|kappa=10|min_support=5,transit_tail|state_od|A|w90|l0|P1|parent=global|kappa=10,transit_tail,binary,development,2017-05,30,reference_minus_candidate_log_loss,higher_is_favourable,0.0413793249859,0.0410210854841,-0.000358239501807,4,4,1,-0.000358239501807,median_of_paired_anchor_differences,difference_of_separately_aggregated_medians
R2,transit_tail|state_od|A|w90|l0|P1|parent=global|kappa=10|min_support=5,transit_tail|state_od|A|w90|l0|P1|parent=global|kappa=10,transit_tail,binary,development,2017-05,30,support_qualified_coverage,higher_is_favourable,0.960429507433,0.964892267053,0.00385213799207,4,4,4,0.00446275962086,median_of_paired_anchor_differences,difference_of_separately_aggregated_medians
R2,transit_tail|state_od|A|w90|l0|P1|parent=global|kappa=10|min_support=5,transit_tail|state_od|A|w90|l0|P1|parent=global|kappa=10,transit_tail,binary,development,2017-05,30,top10_order_lift,higher_is_favourable,3.16035308216,3.1732752371,0,4,4,1,0.012922154941,median_of_paired_anchor_differences,difference_of_separately_aggregated_medians
R2,transit_tail|state_od|A|w90|l0|P1|parent=global|kappa=10|min_support=5,transit_tail|state_od|A|w90|l0|P1|parent=global|kappa=10,transit_tail,binary,development,2017-05,30,top_quintile_lift,higher_is_favourable,2.92430370322,2.96906160092,0.03179117378,4,4,3,0.0447578977029,median_of_paired_anchor_differences,difference_of_separately_aggregated_medians
R2,transit_tail|state_od|A|w90|l0|P1|parent=global|kappa=10|min_support=5,transit_tail|state_od|A|w90|l0|P1|parent=global|kappa=10,transit_tail,binary,development,2017-05,30,weighted_spearman,higher_is_favourable,0.575020109702,0.587871882384,0.0116123219176,4,4,4,0.0128517726823,median_of_paired_anchor_differences,difference_of_separately_aggregated_medians
R2,transit_tail|state_od|A|w90|l0|P1|parent=global|kappa=10|min_support=5,transit_tail|state_od|A|w90|l0|P1|parent=global|kappa=10,transit_tail,binary,development,2017-06,30,brier,lower_is_favourable,0.10243765283,0.102346911977,0.000129046605295,4,4,1,-9.07408536466e-05,median_of_paired_anchor_differences,difference_of_separately_aggregated_medians
R2,transit_tail|state_od|A|w90|l0|P1|parent=global|kappa=10|min_support=5,transit_tail|state_od|A|w90|l0|P1|parent=global|kappa=10,transit_tail,binary,development,2017-06,30,future_seen_coverage,higher_is_favourable,0.98026024544,0.982719584259,0.00240382275864,4,4,4,0.00245933881898,median_of_paired_anchor_differences,difference_of_separately_aggregated_medians
R2,transit_tail|state_od|A|w90|l0|P1|parent=global|kappa=10|min_support=5,transit_tail|state_od|A|w90|l0|P1|parent=global|kappa=10,transit_tail,binary,development,2017-06,30,log_loss,lower_is_favourable,0.344470892111,0.343861608669,-0.000609283442414,4,4,4,-0.000609283442414,median_of_paired_anchor_differences,difference_of_separately_aggregated_medians
R2,transit_tail|state_od|A|w90|l0|P1|parent=global|kappa=10|min_support=5,transit_tail|state_od|A|w90|l0|P1|parent=global|kappa=10,transit_tail,binary,development,2017-06,30,reference_minus_candidate_brier,higher_is_favourable,0.0161844499458,0.0159209827487,-0.00026346719714,4,4,0,-0.00026346719714,median_of_paired_anchor_differences,difference_of_separately_aggregated_medians
R2,transit_tail|state_od|A|w90|l0|P1|parent=global|kappa=10|min_support=5,transit_tail|state_od|A|w90|l0|P1|parent=global|kappa=10,transit_tail,binary,development,2017-06,30,reference_minus_candidate_log_loss,higher_is_favourable,0.0571697789896,0.0570670387451,-0.000102740244529,4,4,2,-0.000102740244529,median_of_paired_anchor_differences,difference_of_separately_aggregated_medians
R2,transit_tail|state_od|A|w90|l0|P1|parent=global|kappa=10|min_support=5,transit_tail|state_od|A|w90|l0|P1|parent=global|kappa=10,transit_tail,binary,development,2017-06,30,support_qualified_coverage,higher_is_favourable,0.965082434722,0.967822958744,0.0033673284394,4,4,4,0.00274052402117,median_of_paired_anchor_differences,difference_of_separately_aggregated_medians
R2,transit_tail|state_od|A|w90|l0|P1|parent=global|kappa=10|min_support=5,transit_tail|state_od|A|w90|l0|P1|parent=global|kappa=10,transit_tail,binary,development,2017-06,30,top10_order_lift,higher_is_favourable,3.36081797456,3.01348503981,-0.17927480561,4,4,0,-0.347332934756,median_of_paired_anchor_differences,difference_of_separately_aggregated_medians
R2,transit_tail|state_od|A|w90|l0|P1|parent=global|kappa=10|min_support=5,transit_tail|state_od|A|w90|l0|P1|parent=global|kappa=10,transit_tail,binary,development,2017-06,30,top_quintile_lift,higher_is_favourable,3.15992968866,3.03180376569,-0.141613869258,4,4,0,-0.128125922974,median_of_paired_anchor_differences,difference_of_separately_aggregated_medians
R2,transit_tail|state_od|A|w90|l0|P1|parent=global|kappa=10|min_support=5,transit_tail|state_od|A|w90|l0|P1|parent=global|kappa=10,transit_tail,binary,development,2017-06,30,weighted_spearman,higher_is_favourable,0.622912882126,0.636359285418,0.0134464032913,4,4,4,0.0134464032913,median_of_paired_anchor_differences,difference_of_separately_aggregated_medians
R2,transit_tail|state_od|A|w90|l0|P1|parent=global|kappa=10|min_support=5,transit_tail|state_od|A|w90|l0|P1|parent=global|kappa=10,transit_tail,binary,development,2017-07,30,brier,lower_is_favourable,0.0844937860196,0.083679961244,-0.000759778070127,5,5,5,-0.000813824775683,median_of_paired_anchor_differences,difference_of_separately_aggregated_medians
R2,transit_tail|state_od|A|w90|l0|P1|parent=global|kappa=10|min_support=5,transit_tail|state_od|A|w90|l0|P1|parent=global|kappa=10,transit_tail,binary,development,2017-07,30,future_seen_coverage,higher_is_favourable,0.983105590062,0.985838509317,0.00244558571778,5,5,5,0.00273291925466,median_of_paired_anchor_differences,difference_of_separately_aggregated_medians
R2,transit_tail|state_od|A|w90|l0|P1|parent=global|kappa=10|min_support=5,transit_tail|state_od|A|w90|l0|P1|parent=global|kappa=10,transit_tail,binary,development,2017-07,30,log_loss,lower_is_favourable,0.290937256324,0.284459408046,-0.00530087948465,5,5,5,-0.00647784827809,median_of_paired_anchor_differences,difference_of_separately_aggregated_medians
R2,transit_tail|state_od|A|w90|l0|P1|parent=global|kappa=10|min_support=5,transit_tail|state_od|A|w90|l0|P1|parent=global|kappa=10,transit_tail,binary,development,2017-07,30,reference_minus_candidate_brier,higher_is_favourable,0.0196596343993,0.0196147934836,-4.48409156085e-05,5,5,2,-4.48409156085e-05,median_of_paired_anchor_differences,difference_of_separately_aggregated_medians
R2,transit_tail|state_od|A|w90|l0|P1|parent=global|kappa=10|min_support=5,transit_tail|state_od|A|w90|l0|P1|parent=global|kappa=10,transit_tail,binary,development,2017-07,30,reference_minus_candidate_log_loss,higher_is_favourable,0.0745049698893,0.0760649430224,0.00198938055594,5,5,5,0.00155997313313,median_of_paired_anchor_differences,difference_of_separately_aggregated_medians
R2,transit_tail|state_od|A|w90|l0|P1|parent=global|kappa=10|min_support=5,transit_tail|state_od|A|w90|l0|P1|parent=global|kappa=10,transit_tail,binary,development,2017-07,30,support_qualified_coverage,higher_is_favourable,0.969583644976,0.973913043478,0.00489943269727,5,5,5,0.00432939850195,median_of_paired_anchor_differences,difference_of_separately_aggregated_medians
R2,transit_tail|state_od|A|w90|l0|P1|parent=global|kappa=10|min_support=5,transit_tail|state_od|A|w90|l0|P1|parent=global|kappa=10,transit_tail,binary,development,2017-07,30,top10_order_lift,higher_is_favourable,4.05364320521,4.05364320521,0,5,5,0,0,median_of_paired_anchor_differences,difference_of_separately_aggregated_medians
R2,transit_tail|state_od|A|w90|l0|P1|parent=global|kappa=10|min_support=5,transit_tail|state_od|A|w90|l0|P1|parent=global|kappa=10,transit_tail,binary,development,2017-07,30,top_quintile_lift,higher_is_favourable,4.11317204301,4.05635684329,-0.137265559619,5,5,1,-0.0568151997178,median_of_paired_anchor_differences,difference_of_separately_aggregated_medians
R2,transit_tail|state_od|A|w90|l0|P1|parent=global|kappa=10|min_support=5,transit_tail|state_od|A|w90|l0|P1|parent=global|kappa=10,transit_tail,binary,development,2017-07,30,weighted_spearman,higher_is_favourable,0.650194924756,0.702324564282,0.0519358859526,5,5,5,0.0521296395256,median_of_paired_anchor_differences,difference_of_separately_aggregated_medians
R2,transit_tail|state_od|A|w90|l0|P1|parent=global|kappa=10|min_support=5,transit_tail|state_od|A|w90|l0|P1|parent=global|kappa=10,transit_tail,binary,development,2017-08,30,brier,lower_is_favourable,0.0897530543722,0.0878222020982,-0.00194904691192,4,4,4,-0.00193085227403,median_of_paired_anchor_differences,difference_of_separately_aggregated_medians
R2,transit_tail|state_od|A|w90|l0|P1|parent=global|kappa=10|min_support=5,transit_tail|state_od|A|w90|l0|P1|parent=global|kappa=10,transit_tail,binary,development,2017-08,30,future_seen_coverage,higher_is_favourable,0.983211031649,0.987612389129,0.00494589594926,4,4,4,0.00440135747991,median_of_paired_anchor_differences,difference_of_separately_aggregated_medians
R2,transit_tail|state_od|A|w90|l0|P1|parent=global|kappa=10|min_support=5,transit_tail|state_od|A|w90|l0|P1|parent=global|kappa=10,transit_tail,binary,development,2017-08,30,log_loss,lower_is_favourable,0.301824586601,0.294386075404,-0.00689880812635,4,4,4,-0.00743851119625,median_of_paired_anchor_differences,difference_of_separately_aggregated_medians
R2,transit_tail|state_od|A|w90|l0|P1|parent=global|kappa=10|min_support=5,transit_tail|state_od|A|w90|l0|P1|parent=global|kappa=10,transit_tail,binary,development,2017-08,30,reference_minus_candidate_brier,higher_is_favourable,0.0142848951309,0.016188911963,0.00190401683211,4,4,4,0.00190401683211,median_of_paired_anchor_differences,difference_of_separately_aggregated_medians
R2,transit_tail|state_od|A|w90|l0|P1|parent=global|kappa=10|min_support=5,transit_tail|state_od|A|w90|l0|P1|parent=global|kappa=10,transit_tail,binary,development,2017-08,30,reference_minus_candidate_log_loss,higher_is_favourable,0.0613147629379,0.0686360252536,0.00732126231572,4,4,4,0.00732126231572,median_of_paired_anchor_differences,difference_of_separately_aggregated_medians
R2,transit_tail|state_od|A|w90|l0|P1|parent=global|kappa=10|min_support=5,transit_tail|state_od|A|w90|l0|P1|parent=global|kappa=10,transit_tail,binary,development,2017-08,30,support_qualified_coverage,higher_is_favourable,0.956212461892,0.970566214098,0.0145781404637,4,4,4,0.014353752206,median_of_paired_anchor_differences,difference_of_separately_aggregated_medians
R2,transit_tail|state_od|A|w90|l0|P1|parent=global|kappa=10|min_support=5,transit_tail|state_od|A|w90|l0|P1|parent=global|kappa=10,transit_tail,binary,development,2017-08,30,top10_order_lift,higher_is_favourable,3.35002866356,3.22858744257,-0.135261123768,4,4,0,-0.121441220986,median_of_paired_anchor_differences,difference_of_separately_aggregated_medians
R2,transit_tail|state_od|A|w90|l0|P1|parent=global|kappa=10|min_support=5,transit_tail|state_od|A|w90|l0|P1|parent=global|kappa=10,transit_tail,binary,development,2017-08,30,top_quintile_lift,higher_is_favourable,3.4066263429,3.45419535518,0.0321953461087,4,4,3,0.0475690122795,median_of_paired_anchor_differences,difference_of_separately_aggregated_medians
R2,transit_tail|state_od|A|w90|l0|P1|parent=global|kappa=10|min_support=5,transit_tail|state_od|A|w90|l0|P1|parent=global|kappa=10,transit_tail,binary,development,2017-08,30,weighted_spearman,higher_is_favourable,0.620391630776,0.705525230635,0.0891593660602,4,4,4,0.0851335998589,median_of_paired_anchor_differences,difference_of_separately_aggregated_medians
R2,transit_tail|state_od|A|w90|l0|P1|parent=global|kappa=10|min_support=5,transit_tail|state_od|A|w90|l0|P1|parent=global|kappa=10,transit_tail,binary,development,2017-09,30,brier,lower_is_favourable,0.0990182265622,0.0965491715951,-0.00224633053769,5,5,5,-0.00246905496711,median_of_paired_anchor_differences,difference_of_separately_aggregated_medians
R2,transit_tail|state_od|A|w90|l0|P1|parent=global|kappa=10|min_support=5,transit_tail|state_od|A|w90|l0|P1|parent=global|kappa=10,transit_tail,binary,development,2017-09,30,future_seen_coverage,higher_is_favourable,0.979237192507,0.98329948093,0.00433196534428,5,5,5,0.00406228842248,median_of_paired_anchor_differences,difference_of_separately_aggregated_medians
R2,transit_tail|state_od|A|w90|l0|P1|parent=global|kappa=10|min_support=5,transit_tail|state_od|A|w90|l0|P1|parent=global|kappa=10,transit_tail,binary,development,2017-09,30,log_loss,lower_is_favourable,0.327560637362,0.319575164149,-0.00742609704509,5,5,5,-0.00798547321301,median_of_paired_anchor_differences,difference_of_separately_aggregated_medians
R2,transit_tail|state_od|A|w90|l0|P1|parent=global|kappa=10|min_support=5,transit_tail|state_od|A|w90|l0|P1|parent=global|kappa=10,transit_tail,binary,development,2017-09,30,reference_minus_candidate_brier,higher_is_favourable,0.0198426305285,0.021536448982,0.00180298239837,5,5,5,0.00169381845347,median_of_paired_anchor_differences,difference_of_separately_aggregated_medians
R2,transit_tail|state_od|A|w90|l0|P1|parent=global|kappa=10|min_support=5,transit_tail|state_od|A|w90|l0|P1|parent=global|kappa=10,transit_tail,binary,development,2017-09,30,reference_minus_candidate_log_loss,higher_is_favourable,0.0731234242652,0.0794911738704,0.00615716470132,5,5,5,0.00636774960524,median_of_paired_anchor_differences,difference_of_separately_aggregated_medians
R2,transit_tail|state_od|A|w90|l0|P1|parent=global|kappa=10|min_support=5,transit_tail|state_od|A|w90|l0|P1|parent=global|kappa=10,transit_tail,binary,development,2017-09,30,support_qualified_coverage,higher_is_favourable,0.953759925269,0.970209884902,0.017190006876,5,5,5,0.0164499596333,median_of_paired_anchor_differences,difference_of_separately_aggregated_medians
R2,transit_tail|state_od|A|w90|l0|P1|parent=global|kappa=10|min_support=5,transit_tail|state_od|A|w90|l0|P1|parent=global|kappa=10,transit_tail,binary,development,2017-09,30,top10_order_lift,higher_is_favourable,3.86292480937,3.94992762039,0.0870028110219,5,5,3,0.0870028110219,median_of_paired_anchor_differences,difference_of_separately_aggregated_medians
R2,transit_tail|state_od|A|w90|l0|P1|parent=global|kappa=10|min_support=5,transit_tail|state_od|A|w90|l0|P1|parent=global|kappa=10,transit_tail,binary,development,2017-09,30,top_quintile_lift,higher_is_favourable,3.67512605875,3.76839150294,0.0577196205729,5,5,5,0.0932654441908,median_of_paired_anchor_differences,difference_of_separately_aggregated_medians
R2,transit_tail|state_od|A|w90|l0|P1|parent=global|kappa=10|min_support=5,transit_tail|state_od|A|w90|l0|P1|parent=global|kappa=10,transit_tail,binary,development,2017-09,30,weighted_spearman,higher_is_favourable,0.683711564787,0.717616339195,0.0334387704265,5,5,5,0.0339047744078,median_of_paired_anchor_differences,difference_of_separately_aggregated_medians
R2,transit_tail|state_od|A|w90|l0|P1|parent=global|kappa=10|min_support=5,transit_tail|state_od|A|w90|l0|P1|parent=global|kappa=10,transit_tail,binary,development,2017-10,30,brier,lower_is_favourable,0.100697189071,0.0984020103886,-0.00229517868231,4,4,4,-0.00229517868231,median_of_paired_anchor_differences,difference_of_separately_aggregated_medians
R2,transit_tail|state_od|A|w90|l0|P1|parent=global|kappa=10|min_support=5,transit_tail|state_od|A|w90|l0|P1|parent=global|kappa=10,transit_tail,binary,development,2017-10,30,future_seen_coverage,higher_is_favourable,0.979003722936,0.982578394192,0.00357467125689,4,4,4,0.00357467125689,median_of_paired_anchor_differences,difference_of_separately_aggregated_medians
R2,transit_tail|state_od|A|w90|l0|P1|parent=global|kappa=10|min_support=5,transit_tail|state_od|A|w90|l0|P1|parent=global|kappa=10,transit_tail,binary,development,2017-10,30,log_loss,lower_is_favourable,0.333438980425,0.3260085899,-0.00743039052557,4,4,4,-0.00743039052557,median_of_paired_anchor_differences,difference_of_separately_aggregated_medians
R2,transit_tail|state_od|A|w90|l0|P1|parent=global|kappa=10|min_support=5,transit_tail|state_od|A|w90|l0|P1|parent=global|kappa=10,transit_tail,binary,development,2017-10,30,reference_minus_candidate_brier,higher_is_favourable,0.0175399446567,0.0193429195592,0.00214384309891,4,4,4,0.00180297490256,median_of_paired_anchor_differences,difference_of_separately_aggregated_medians
R2,transit_tail|state_od|A|w90|l0|P1|parent=global|kappa=10|min_support=5,transit_tail|state_od|A|w90|l0|P1|parent=global|kappa=10,transit_tail,binary,development,2017-10,30,reference_minus_candidate_log_loss,higher_is_favourable,0.0610398838552,0.0679527262661,0.0069128424109,4,4,4,0.0069128424109,median_of_paired_anchor_differences,difference_of_separately_aggregated_medians
R2,transit_tail|state_od|A|w90|l0|P1|parent=global|kappa=10|min_support=5,transit_tail|state_od|A|w90|l0|P1|parent=global|kappa=10,transit_tail,binary,development,2017-10,30,support_qualified_coverage,higher_is_favourable,0.955736488446,0.971103641595,0.0153671531488,4,4,4,0.0153671531488,median_of_paired_anchor_differences,difference_of_separately_aggregated_medians
R2,transit_tail|state_od|A|w90|l0|P1|parent=global|kappa=10|min_support=5,transit_tail|state_od|A|w90|l0|P1|parent=global|kappa=10,transit_tail,binary,development,2017-10,30,top10_order_lift,higher_is_favourable,3.35846995782,3.48644352607,0.127973568248,4,4,3,0.127973568248,median_of_paired_anchor_differences,difference_of_separately_aggregated_medians
R2,transit_tail|state_od|A|w90|l0|P1|parent=global|kappa=10|min_support=5,transit_tail|state_od|A|w90|l0|P1|parent=global|kappa=10,transit_tail,binary,development,2017-10,30,top_quintile_lift,higher_is_favourable,3.39673308349,3.45851922659,0.0593869059676,4,4,4,0.0617861430984,median_of_paired_anchor_differences,difference_of_separately_aggregated_medians
R2,transit_tail|state_od|A|w90|l0|P1|parent=global|kappa=10|min_support=5,transit_tail|state_od|A|w90|l0|P1|parent=global|kappa=10,transit_tail,binary,development,2017-10,30,weighted_spearman,higher_is_favourable,0.617400623019,0.644400085579,0.0269994625604,4,4,4,0.0269994625604,median_of_paired_anchor_differences,difference_of_separately_aggregated_medians
R2,transit_tail|state_od|A|w90|l0|P1|parent=global|kappa=10|min_support=5,transit_tail|state_od|A|w90|l0|P1|parent=global|kappa=10,transit_tail,binary,development,2017-11,30,brier,lower_is_favourable,0.216777184767,0.21497948339,-0.00179770137722,4,4,4,-0.00179770137722,median_of_paired_anchor_differences,difference_of_separately_aggregated_medians
R2,transit_tail|state_od|A|w90|l0|P1|parent=global|kappa=10|min_support=5,transit_tail|state_od|A|w90|l0|P1|parent=global|kappa=10,transit_tail,binary,development,2017-11,30,future_seen_coverage,higher_is_favourable,0.985786660935,0.987893865343,0.00194974449518,4,4,4,0.00210720440773,median_of_paired_anchor_differences,difference_of_separately_aggregated_medians
R2,transit_tail|state_od|A|w90|l0|P1|parent=global|kappa=10|min_support=5,transit_tail|state_od|A|w90|l0|P1|parent=global|kappa=10,transit_tail,binary,development,2017-11,30,log_loss,lower_is_favourable,0.679685679291,0.660870427671,-0.0188152516192,4,4,4,-0.0188152516192,median_of_paired_anchor_differences,difference_of_separately_aggregated_medians
R2,transit_tail|state_od|A|w90|l0|P1|parent=global|kappa=10|min_support=5,transit_tail|state_od|A|w90|l0|P1|parent=global|kappa=10,transit_tail,binary,development,2017-11,30,reference_minus_candidate_brier,higher_is_favourable,0.0218627431905,0.0235991373425,0.00173639415197,4,4,4,0.00173639415197,median_of_paired_anchor_differences,difference_of_separately_aggregated_medians
R2,transit_tail|state_od|A|w90|l0|P1|parent=global|kappa=10|min_support=5,transit_tail|state_od|A|w90|l0|P1|parent=global|kappa=10,transit_tail,binary,development,2017-11,30,reference_minus_candidate_log_loss,higher_is_favourable,0.0305434688332,0.0499694507918,0.0185297922693,4,4,4,0.0194259819585,median_of_paired_anchor_differences,difference_of_separately_aggregated_medians
R2,transit_tail|state_od|A|w90|l0|P1|parent=global|kappa=10|min_support=5,transit_tail|state_od|A|w90|l0|P1|parent=global|kappa=10,transit_tail,binary,development,2017-11,30,support_qualified_coverage,higher_is_favourable,0.970671369369,0.979615468494,0.00849784692345,4,4,4,0.00894409912533,median_of_paired_anchor_differences,difference_of_separately_aggregated_medians
R2,transit_tail|state_od|A|w90|l0|P1|parent=global|kappa=10|min_support=5,transit_tail|state_od|A|w90|l0|P1|parent=global|kappa=10,transit_tail,binary,development,2017-11,30,top10_order_lift,higher_is_favourable,2.19736686779,2.20915525911,0.0231401761988,4,4,4,0.0117883913197,median_of_paired_anchor_differences,difference_of_separately_aggregated_medians
R2,transit_tail|state_od|A|w90|l0|P1|parent=global|kappa=10|min_support=5,transit_tail|state_od|A|w90|l0|P1|parent=global|kappa=10,transit_tail,binary,development,2017-11,30,top_quintile_lift,higher_is_favourable,2.07907776348,2.20890438608,0.104046459374,4,4,4,0.129826622601,median_of_paired_anchor_differences,difference_of_separately_aggregated_medians
R2,transit_tail|state_od|A|w90|l0|P1|parent=global|kappa=10|min_support=5,transit_tail|state_od|A|w90|l0|P1|parent=global|kappa=10,transit_tail,binary,development,2017-11,30,weighted_spearman,higher_is_favourable,0.783054073483,0.754431559439,-0.0238648799265,4,4,0,-0.0286225140446,median_of_paired_anchor_differences,difference_of_separately_aggregated_medians
R2,transit_tail|state_od|A|w90|l0|P1|parent=global|kappa=10|min_support=5,transit_tail|state_od|A|w90|l0|P1|parent=global|kappa=10,transit_tail,binary,development,2017-12,30,brier,lower_is_favourable,0.218572327872,0.217393667816,-0.00117866005518,1,1,1,-0.00117866005518,median_of_paired_anchor_differences,difference_of_separately_aggregated_medians
R2,transit_tail|state_od|A|w90|l0|P1|parent=global|kappa=10|min_support=5,transit_tail|state_od|A|w90|l0|P1|parent=global|kappa=10,transit_tail,binary,development,2017-12,30,future_seen_coverage,higher_is_favourable,0.987217487959,0.989996294924,0.00277880696554,1,1,1,0.00277880696554,median_of_paired_anchor_differences,difference_of_separately_aggregated_medians
R2,transit_tail|state_od|A|w90|l0|P1|parent=global|kappa=10|min_support=5,transit_tail|state_od|A|w90|l0|P1|parent=global|kappa=10,transit_tail,binary,development,2017-12,30,log_loss,lower_is_favourable,0.677594777876,0.665187937326,-0.0124068405501,1,1,1,-0.0124068405501,median_of_paired_anchor_differences,difference_of_separately_aggregated_medians
R2,transit_tail|state_od|A|w90|l0|P1|parent=global|kappa=10|min_support=5,transit_tail|state_od|A|w90|l0|P1|parent=global|kappa=10,transit_tail,binary,development,2017-12,30,reference_minus_candidate_brier,higher_is_favourable,0.0242139704895,0.0251844300379,0.000970459548371,1,1,1,0.000970459548371,median_of_paired_anchor_differences,difference_of_separately_aggregated_medians
R2,transit_tail|state_od|A|w90|l0|P1|parent=global|kappa=10|min_support=5,transit_tail|state_od|A|w90|l0|P1|parent=global|kappa=10,transit_tail,binary,development,2017-12,30,reference_minus_candidate_log_loss,higher_is_favourable,0.0450123752241,0.0564721656936,0.0114597904695,1,1,1,0.0114597904695,median_of_paired_anchor_differences,difference_of_separately_aggregated_medians
R2,transit_tail|state_od|A|w90|l0|P1|parent=global|kappa=10|min_support=5,transit_tail|state_od|A|w90|l0|P1|parent=global|kappa=10,transit_tail,binary,development,2017-12,30,support_qualified_coverage,higher_is_favourable,0.969618377177,0.980363097443,0.0107447202668,1,1,1,0.0107447202668,median_of_paired_anchor_differences,difference_of_separately_aggregated_medians
R2,transit_tail|state_od|A|w90|l0|P1|parent=global|kappa=10|min_support=5,transit_tail|state_od|A|w90|l0|P1|parent=global|kappa=10,transit_tail,binary,development,2017-12,30,top10_order_lift,higher_is_favourable,2.06760587002,2.06760587002,0,1,1,0,0,median_of_paired_anchor_differences,difference_of_separately_aggregated_medians
R2,transit_tail|state_od|A|w90|l0|P1|parent=global|kappa=10|min_support=5,transit_tail|state_od|A|w90|l0|P1|parent=global|kappa=10,transit_tail,binary,development,2017-12,30,top_quintile_lift,higher_is_favourable,2.08074285502,2.08487865108,0.00413579605379,1,1,1,0.00413579605379,median_of_paired_anchor_differences,difference_of_separately_aggregated_medians
R2,transit_tail|state_od|A|w90|l0|P1|parent=global|kappa=10|min_support=5,transit_tail|state_od|A|w90|l0|P1|parent=global|kappa=10,transit_tail,binary,development,2017-12,30,weighted_spearman,higher_is_favourable,0.817958940912,0.774487579287,-0.0434713616252,1,1,0,-0.0434713616252,median_of_paired_anchor_differences,difference_of_separately_aggregated_medians
R2,transit_tail|state_od|A|w90|l0|P1|parent=global|kappa=10|min_support=5,transit_tail|state_od|A|w90|l0|P1|parent=global|kappa=10,transit_tail,binary,terminal,2018-07,7,brier,lower_is_favourable,0.0697076873897,0.0743685374747,0.00466085008498,4,4,1,0.00466085008498,median_of_paired_anchor_differences,difference_of_separately_aggregated_medians
R2,transit_tail|state_od|A|w90|l0|P1|parent=global|kappa=10|min_support=5,transit_tail|state_od|A|w90|l0|P1|parent=global|kappa=10,transit_tail,binary,terminal,2018-07,7,future_seen_coverage,higher_is_favourable,0.989793782745,0.994622954256,0.00556542312397,4,4,4,0.0048291715113,median_of_paired_anchor_differences,difference_of_separately_aggregated_medians
R2,transit_tail|state_od|A|w90|l0|P1|parent=global|kappa=10|min_support=5,transit_tail|state_od|A|w90|l0|P1|parent=global|kappa=10,transit_tail,binary,terminal,2018-07,7,log_loss,lower_is_favourable,0.249184825737,0.267902548907,0.0187177231696,4,4,1,0.0187177231696,median_of_paired_anchor_differences,difference_of_separately_aggregated_medians
R2,transit_tail|state_od|A|w90|l0|P1|parent=global|kappa=10|min_support=5,transit_tail|state_od|A|w90|l0|P1|parent=global|kappa=10,transit_tail,binary,terminal,2018-07,7,reference_minus_candidate_brier,higher_is_favourable,-0.0047403276803,-0.00490362820783,0.00201588677263,4,4,3,-0.000163300527521,median_of_paired_anchor_differences,difference_of_separately_aggregated_medians
R2,transit_tail|state_od|A|w90|l0|P1|parent=global|kappa=10|min_support=5,transit_tail|state_od|A|w90|l0|P1|parent=global|kappa=10,transit_tail,binary,terminal,2018-07,7,reference_minus_candidate_log_loss,higher_is_favourable,0.0278481808179,0.0279341753348,0.00403406550021,4,4,3,8.59945168897e-05,median_of_paired_anchor_differences,difference_of_separately_aggregated_medians
R2,transit_tail|state_od|A|w90|l0|P1|parent=global|kappa=10|min_support=5,transit_tail|state_od|A|w90|l0|P1|parent=global|kappa=10,transit_tail,binary,terminal,2018-07,7,support_qualified_coverage,higher_is_favourable,0.972209056414,0.989245908512,0.0169063385964,4,4,4,0.0170368520976,median_of_paired_anchor_differences,difference_of_separately_aggregated_medians
R2,transit_tail|state_od|A|w90|l0|P1|parent=global|kappa=10|min_support=5,transit_tail|state_od|A|w90|l0|P1|parent=global|kappa=10,transit_tail,binary,terminal,2018-07,7,top10_order_lift,higher_is_favourable,4.45732781168,4.29968158885,0,4,4,1,-0.157646222831,median_of_paired_anchor_differences,difference_of_separately_aggregated_medians
R2,transit_tail|state_od|A|w90|l0|P1|parent=global|kappa=10|min_support=5,transit_tail|state_od|A|w90|l0|P1|parent=global|kappa=10,transit_tail,binary,terminal,2018-07,7,top_quintile_lift,higher_is_favourable,4.27480036855,4.38138874617,0.216886295912,4,4,3,0.10658837762,median_of_paired_anchor_differences,difference_of_separately_aggregated_medians
R2,transit_tail|state_od|A|w90|l0|P1|parent=global|kappa=10|min_support=5,transit_tail|state_od|A|w90|l0|P1|parent=global|kappa=10,transit_tail,binary,terminal,2018-07,7,weighted_spearman,higher_is_favourable,0.0718063097154,0.0922434687776,-0.00535494135458,4,4,2,0.0204371590622,median_of_paired_anchor_differences,difference_of_separately_aggregated_medians
R2,transit_tail|state_od|A|w90|l0|P1|parent=global|kappa=10|min_support=5,transit_tail|state_od|A|w90|l0|P1|parent=global|kappa=10,transit_tail,binary,terminal,2018-08,7,brier,lower_is_favourable,0.0284901104519,0.0498330829601,0.0161482332421,3,3,0,0.0213429725082,median_of_paired_anchor_differences,difference_of_separately_aggregated_medians
R2,transit_tail|state_od|A|w90|l0|P1|parent=global|kappa=10|min_support=5,transit_tail|state_od|A|w90|l0|P1|parent=global|kappa=10,transit_tail,binary,terminal,2018-08,7,future_seen_coverage,higher_is_favourable,0.988229755179,0.991996233522,0.0021528525296,3,3,3,0.00376647834275,median_of_paired_anchor_differences,difference_of_separately_aggregated_medians
R2,transit_tail|state_od|A|w90|l0|P1|parent=global|kappa=10|min_support=5,transit_tail|state_od|A|w90|l0|P1|parent=global|kappa=10,transit_tail,binary,terminal,2018-08,7,log_loss,lower_is_favourable,0.137936417198,0.202700592233,0.0558577609189,3,3,0,0.0647641750351,median_of_paired_anchor_differences,difference_of_separately_aggregated_medians
R2,transit_tail|state_od|A|w90|l0|P1|parent=global|kappa=10|min_support=5,transit_tail|state_od|A|w90|l0|P1|parent=global|kappa=10,transit_tail,binary,terminal,2018-08,7,reference_minus_candidate_brier,higher_is_favourable,-0.00204529912029,-0.00361086972048,-0.00156557060019,3,3,1,-0.00156557060019,median_of_paired_anchor_differences,difference_of_separately_aggregated_medians
R2,transit_tail|state_od|A|w90|l0|P1|parent=global|kappa=10|min_support=5,transit_tail|state_od|A|w90|l0|P1|parent=global|kappa=10,transit_tail,binary,terminal,2018-08,7,reference_minus_candidate_log_loss,higher_is_favourable,0.0314754728204,0.0319102999114,0.00043482709099,3,3,2,0.00043482709099,median_of_paired_anchor_differences,difference_of_separately_aggregated_medians
R2,transit_tail|state_od|A|w90|l0|P1|parent=global|kappa=10|min_support=5,transit_tail|state_od|A|w90|l0|P1|parent=global|kappa=10,transit_tail,binary,terminal,2018-08,7,support_qualified_coverage,higher_is_favourable,0.974165769645,0.988700564972,0.0156081808396,3,3,3,0.014534795327,median_of_paired_anchor_differences,difference_of_separately_aggregated_medians
R2,transit_tail|state_od|A|w90|l0|P1|parent=global|kappa=10|min_support=5,transit_tail|state_od|A|w90|l0|P1|parent=global|kappa=10,transit_tail,binary,terminal,2018-08,7,top10_order_lift,higher_is_favourable,3.76811594203,4.34782608696,0.434304825609,3,3,2,0.579710144928,median_of_paired_anchor_differences,difference_of_separately_aggregated_medians
R2,transit_tail|state_od|A|w90|l0|P1|parent=global|kappa=10|min_support=5,transit_tail|state_od|A|w90|l0|P1|parent=global|kappa=10,transit_tail,binary,terminal,2018-08,7,top_quintile_lift,higher_is_favourable,4.39583889037,4.75399243054,0.209109730849,3,3,2,0.358153540166,median_of_paired_anchor_differences,difference_of_separately_aggregated_medians
R2,transit_tail|state_od|A|w90|l0|P1|parent=global|kappa=10|min_support=5,transit_tail|state_od|A|w90|l0|P1|parent=global|kappa=10,transit_tail,binary,terminal,2018-08,7,weighted_spearman,higher_is_favourable,-0.178924581734,-0.131296236899,0.0476283448352,3,3,3,0.0476283448352,median_of_paired_anchor_differences,difference_of_separately_aggregated_medians
R2,transit_tail|state_od|A|w90|l0|P1|parent=global|kappa=10|min_support=5,transit_tail|state_od|A|w90|l0|P1|parent=global|kappa=10,transit_tail,binary,terminal,2018-07,30,brier,lower_is_favourable,0.0602224750031,0.0650119600076,0.00478948500457,4,4,1,0.00478948500457,median_of_paired_anchor_differences,difference_of_separately_aggregated_medians
R2,transit_tail|state_od|A|w90|l0|P1|parent=global|kappa=10|min_support=5,transit_tail|state_od|A|w90|l0|P1|parent=global|kappa=10,transit_tail,binary,terminal,2018-07,30,future_seen_coverage,higher_is_favourable,0.988935888607,0.994059714444,0.00499913861127,4,4,4,0.00512382583734,median_of_paired_anchor_differences,difference_of_separately_aggregated_medians
R2,transit_tail|state_od|A|w90|l0|P1|parent=global|kappa=10|min_support=5,transit_tail|state_od|A|w90|l0|P1|parent=global|kappa=10,transit_tail,binary,terminal,2018-07,30,log_loss,lower_is_favourable,0.221243889937,0.240888277775,0.0196443878371,4,4,1,0.0196443878371,median_of_paired_anchor_differences,difference_of_separately_aggregated_medians
R2,transit_tail|state_od|A|w90|l0|P1|parent=global|kappa=10|min_support=5,transit_tail|state_od|A|w90|l0|P1|parent=global|kappa=10,transit_tail,binary,terminal,2018-07,30,reference_minus_candidate_brier,higher_is_favourable,-0.006434322798,-0.00486453857751,0.00141896754486,4,4,4,0.00156978422049,median_of_paired_anchor_differences,difference_of_separately_aggregated_medians
R2,transit_tail|state_od|A|w90|l0|P1|parent=global|kappa=10|min_support=5,transit_tail|state_od|A|w90|l0|P1|parent=global|kappa=10,transit_tail,binary,terminal,2018-07,30,reference_minus_candidate_log_loss,higher_is_favourable,0.0267659362448,0.0276446245865,0.00168347171652,4,4,4,0.000878688341715,median_of_paired_anchor_differences,difference_of_separately_aggregated_medians
R2,transit_tail|state_od|A|w90|l0|P1|parent=global|kappa=10|min_support=5,transit_tail|state_od|A|w90|l0|P1|parent=global|kappa=10,transit_tail,binary,terminal,2018-07,30,support_qualified_coverage,higher_is_favourable,0.972392792551,0.989088997876,0.0167459662712,4,4,4,0.0166962053242,median_of_paired_anchor_differences,difference_of_separately_aggregated_medians
R2,transit_tail|state_od|A|w90|l0|P1|parent=global|kappa=10|min_support=5,transit_tail|state_od|A|w90|l0|P1|parent=global|kappa=10,transit_tail,binary,terminal,2018-07,30,top10_order_lift,higher_is_favourable,4.54410807983,4.49843044471,0.0999811271007,4,4,3,-0.0456776351148,median_of_paired_anchor_differences,difference_of_separately_aggregated_medians
R2,transit_tail|state_od|A|w90|l0|P1|parent=global|kappa=10|min_support=5,transit_tail|state_od|A|w90|l0|P1|parent=global|kappa=10,transit_tail,binary,terminal,2018-07,30,top_quintile_lift,higher_is_favourable,4.31107591812,4.75157676926,0.48504254641,4,4,4,0.44050085114,median_of_paired_anchor_differences,difference_of_separately_aggregated_medians
R2,transit_tail|state_od|A|w90|l0|P1|parent=global|kappa=10|min_support=5,transit_tail|state_od|A|w90|l0|P1|parent=global|kappa=10,transit_tail,binary,terminal,2018-07,30,weighted_spearman,higher_is_favourable,0.29399829826,0.298422346062,0.00442404780225,4,4,3,0.00442404780225,median_of_paired_anchor_differences,difference_of_separately_aggregated_medians
S1,handling_level|seller_id|C|w90|l14|P1|parent=global|kappa=na|min_support=5,handling_level|seller_id|C|w90|l14|P1|parent=global|kappa=na,handling_level,continuous,confirmation,2018-01,7,future_seen_coverage,higher_is_favourable,0.929925642281,0.936601016173,0.00511492381785,4,4,4,0.00667537389119,median_of_paired_anchor_differences,difference_of_separately_aggregated_medians
S1,handling_level|seller_id|C|w90|l14|P1|parent=global|kappa=na|min_support=5,handling_level|seller_id|C|w90|l14|P1|parent=global|kappa=na,handling_level,continuous,confirmation,2018-01,7,log_mae,lower_is_favourable,0.397952448396,0.406958911815,0.0087424758621,4,4,1,0.00900646341803,median_of_paired_anchor_differences,difference_of_separately_aggregated_medians
S1,handling_level|seller_id|C|w90|l14|P1|parent=global|kappa=na|min_support=5,handling_level|seller_id|C|w90|l14|P1|parent=global|kappa=na,handling_level,continuous,confirmation,2018-01,7,log_rmse,lower_is_favourable,0.505025793717,0.516769173469,0.014382042759,4,4,1,0.0117433797517,median_of_paired_anchor_differences,difference_of_separately_aggregated_medians
S1,handling_level|seller_id|C|w90|l14|P1|parent=global|kappa=na|min_support=5,handling_level|seller_id|C|w90|l14|P1|parent=global|kappa=na,handling_level,continuous,confirmation,2018-01,7,reference_minus_candidate_log_mae,higher_is_favourable,0.0882449267222,0.0697701396029,-0.0169653874482,4,4,0,-0.0184747871193,median_of_paired_anchor_differences,difference_of_separately_aggregated_medians
S1,handling_level|seller_id|C|w90|l14|P1|parent=global|kappa=na|min_support=5,handling_level|seller_id|C|w90|l14|P1|parent=global|kappa=na,handling_level,continuous,confirmation,2018-01,7,support_qualified_coverage,higher_is_favourable,0.816198111698,0.853380350345,0.0368434332191,4,4,4,0.0371822386471,median_of_paired_anchor_differences,difference_of_separately_aggregated_medians
S1,handling_level|seller_id|C|w90|l14|P1|parent=global|kappa=na|min_support=5,handling_level|seller_id|C|w90|l14|P1|parent=global|kappa=na,handling_level,continuous,confirmation,2018-01,7,top_quintile_lift,higher_is_favourable,1.77528532358,1.74769795473,0.0139213231289,4,4,2,-0.0275873688517,median_of_paired_anchor_differences,difference_of_separately_aggregated_medians
S1,handling_level|seller_id|C|w90|l14|P1|parent=global|kappa=na|min_support=5,handling_level|seller_id|C|w90|l14|P1|parent=global|kappa=na,handling_level,continuous,confirmation,2018-01,7,weighted_spearman,higher_is_favourable,0.572732807434,0.532918779036,-0.0543751594831,4,4,1,-0.0398140283986,median_of_paired_anchor_differences,difference_of_separately_aggregated_medians
S1,handling_level|seller_id|C|w90|l14|P1|parent=global|kappa=na|min_support=5,handling_level|seller_id|C|w90|l14|P1|parent=global|kappa=na,handling_level,continuous,confirmation,2018-02,7,future_seen_coverage,higher_is_favourable,0.938513790852,0.942357166302,0.00602822984903,4,4,4,0.00384337544989,median_of_paired_anchor_differences,difference_of_separately_aggregated_medians
S1,handling_level|seller_id|C|w90|l14|P1|parent=global|kappa=na|min_support=5,handling_level|seller_id|C|w90|l14|P1|parent=global|kappa=na,handling_level,continuous,confirmation,2018-02,7,log_mae,lower_is_favourable,0.435300936187,0.431555780667,0.000841425709822,4,4,2,-0.00374515552025,median_of_paired_anchor_differences,difference_of_separately_aggregated_medians
S1,handling_level|seller_id|C|w90|l14|P1|parent=global|kappa=na|min_support=5,handling_level|seller_id|C|w90|l14|P1|parent=global|kappa=na,handling_level,continuous,confirmation,2018-02,7,log_rmse,lower_is_favourable,0.536411651945,0.537557972505,0.00159965347084,4,4,1,0.00114632056036,median_of_paired_anchor_differences,difference_of_separately_aggregated_medians
S1,handling_level|seller_id|C|w90|l14|P1|parent=global|kappa=na|min_support=5,handling_level|seller_id|C|w90|l14|P1|parent=global|kappa=na,handling_level,continuous,confirmation,2018-02,7,reference_minus_candidate_log_mae,higher_is_favourable,0.0547719750684,0.0475207465221,-0.00725122854626,4,4,1,-0.00725122854626,median_of_paired_anchor_differences,difference_of_separately_aggregated_medians
S1,handling_level|seller_id|C|w90|l14|P1|parent=global|kappa=na|min_support=5,handling_level|seller_id|C|w90|l14|P1|parent=global|kappa=na,handling_level,continuous,confirmation,2018-02,7,support_qualified_coverage,higher_is_favourable,0.852979347288,0.885675181978,0.0349937599831,4,4,4,0.03269583469,median_of_paired_anchor_differences,difference_of_separately_aggregated_medians
S1,handling_level|seller_id|C|w90|l14|P1|parent=global|kappa=na|min_support=5,handling_level|seller_id|C|w90|l14|P1|parent=global|kappa=na,handling_level,continuous,confirmation,2018-02,7,top_quintile_lift,higher_is_favourable,1.65828985641,1.66112273407,-0.00128776536932,4,4,2,0.0028328776692,median_of_paired_anchor_differences,difference_of_separately_aggregated_medians
S1,handling_level|seller_id|C|w90|l14|P1|parent=global|kappa=na|min_support=5,handling_level|seller_id|C|w90|l14|P1|parent=global|kappa=na,handling_level,continuous,confirmation,2018-02,7,weighted_spearman,higher_is_favourable,0.529862929329,0.498527348826,-0.0168172587947,4,4,1,-0.0313355805023,median_of_paired_anchor_differences,difference_of_separately_aggregated_medians
S1,handling_level|seller_id|C|w90|l14|P1|parent=global|kappa=na|min_support=5,handling_level|seller_id|C|w90|l14|P1|parent=global|kappa=na,handling_level,continuous,confirmation,2018-03,7,future_seen_coverage,higher_is_favourable,0.951025056948,0.95965238982,0.00758097863542,5,5,5,0.00862733287238,median_of_paired_anchor_differences,difference_of_separately_aggregated_medians
S1,handling_level|seller_id|C|w90|l14|P1|parent=global|kappa=na|min_support=5,handling_level|seller_id|C|w90|l14|P1|parent=global|kappa=na,handling_level,continuous,confirmation,2018-03,7,log_mae,lower_is_favourable,0.388168394913,0.389293139741,0.00121000601695,5,5,2,0.00112474482883,median_of_paired_anchor_differences,difference_of_separately_aggregated_medians
S1,handling_level|seller_id|C|w90|l14|P1|parent=global|kappa=na|min_support=5,handling_level|seller_id|C|w90|l14|P1|parent=global|kappa=na,handling_level,continuous,confirmation,2018-03,7,log_rmse,lower_is_favourable,0.486421134906,0.480146050394,-0.00146359417583,5,5,3,-0.00627508451197,median_of_paired_anchor_differences,difference_of_separately_aggregated_medians
S1,handling_level|seller_id|C|w90|l14|P1|parent=global|kappa=na|min_support=5,handling_level|seller_id|C|w90|l14|P1|parent=global|kappa=na,handling_level,continuous,confirmation,2018-03,7,reference_minus_candidate_log_mae,higher_is_favourable,0.068128943009,0.057220453214,-0.00704194723038,5,5,2,-0.0109084897949,median_of_paired_anchor_differences,difference_of_separately_aggregated_medians
S1,handling_level|seller_id|C|w90|l14|P1|parent=global|kappa=na|min_support=5,handling_level|seller_id|C|w90|l14|P1|parent=global|kappa=na,handling_level,continuous,confirmation,2018-03,7,support_qualified_coverage,higher_is_favourable,0.852505694761,0.902497027348,0.0454858718125,5,5,5,0.0499913325876,median_of_paired_anchor_differences,difference_of_separately_aggregated_medians
S1,handling_level|seller_id|C|w90|l14|P1|parent=global|kappa=na|min_support=5,handling_level|seller_id|C|w90|l14|P1|parent=global|kappa=na,handling_level,continuous,confirmation,2018-03,7,top_quintile_lift,higher_is_favourable,1.69648341498,1.69563948736,0.0106092825187,5,5,3,-0.000843927622711,median_of_paired_anchor_differences,difference_of_separately_aggregated_medians
S1,handling_level|seller_id|C|w90|l14|P1|parent=global|kappa=na|min_support=5,handling_level|seller_id|C|w90|l14|P1|parent=global|kappa=na,handling_level,continuous,confirmation,2018-03,7,weighted_spearman,higher_is_favourable,0.510405845645,0.498526032685,0.00357996241819,5,5,4,-0.0118798129602,median_of_paired_anchor_differences,difference_of_separately_aggregated_medians
S1,handling_level|seller_id|C|w90|l14|P1|parent=global|kappa=na|min_support=5,handling_level|seller_id|C|w90|l14|P1|parent=global|kappa=na,handling_level,continuous,confirmation,2018-04,7,future_seen_coverage,higher_is_favourable,0.914112317697,0.927062187748,0.0121391642289,4,4,4,0.0129498700507,median_of_paired_anchor_differences,difference_of_separately_aggregated_medians
S1,handling_level|seller_id|C|w90|l14|P1|parent=global|kappa=na|min_support=5,handling_level|seller_id|C|w90|l14|P1|parent=global|kappa=na,handling_level,continuous,confirmation,2018-04,7,log_mae,lower_is_favourable,0.431160566995,0.434020695691,0.00505394120295,4,4,0,0.00286012869615,median_of_paired_anchor_differences,difference_of_separately_aggregated_medians
S1,handling_level|seller_id|C|w90|l14|P1|parent=global|kappa=na|min_support=5,handling_level|seller_id|C|w90|l14|P1|parent=global|kappa=na,handling_level,continuous,confirmation,2018-04,7,log_rmse,lower_is_favourable,0.538227201434,0.53760632183,0.00231263757243,4,4,1,-0.0006208796034,median_of_paired_anchor_differences,difference_of_separately_aggregated_medians
S1,handling_level|seller_id|C|w90|l14|P1|parent=global|kappa=na|min_support=5,handling_level|seller_id|C|w90|l14|P1|parent=global|kappa=na,handling_level,continuous,confirmation,2018-04,7,reference_minus_candidate_log_mae,higher_is_favourable,0.0670014678528,0.0575386452776,-0.00946282257517,4,4,0,-0.00946282257517,median_of_paired_anchor_differences,difference_of_separately_aggregated_medians
S1,handling_level|seller_id|C|w90|l14|P1|parent=global|kappa=na|min_support=5,handling_level|seller_id|C|w90|l14|P1|parent=global|kappa=na,handling_level,continuous,confirmation,2018-04,7,support_qualified_coverage,higher_is_favourable,0.814274879963,0.85371814298,0.0395887093342,4,4,4,0.0394432630172,median_of_paired_anchor_differences,difference_of_separately_aggregated_medians
S1,handling_level|seller_id|C|w90|l14|P1|parent=global|kappa=na|min_support=5,handling_level|seller_id|C|w90|l14|P1|parent=global|kappa=na,handling_level,continuous,confirmation,2018-04,7,top_quintile_lift,higher_is_favourable,1.68310040515,1.68262139279,-0.000479012357976,4,4,2,-0.000479012357976,median_of_paired_anchor_differences,difference_of_separately_aggregated_medians
S1,handling_level|seller_id|C|w90|l14|P1|parent=global|kappa=na|min_support=5,handling_level|seller_id|C|w90|l14|P1|parent=global|kappa=na,handling_level,continuous,confirmation,2018-04,7,weighted_spearman,higher_is_favourable,0.48043589569,0.48044507745,-0.00493551639081,4,4,2,9.18176059572e-06,median_of_paired_anchor_differences,difference_of_separately_aggregated_medians
S1,handling_level|seller_id|C|w90|l14|P1|parent=global|kappa=na|min_support=5,handling_level|seller_id|C|w90|l14|P1|parent=global|kappa=na,handling_level,continuous,confirmation,2018-05,7,future_seen_coverage,higher_is_favourable,0.924770381455,0.932689220581,0.0083346292145,4,4,4,0.00791883912666,median_of_paired_anchor_differences,difference_of_separately_aggregated_medians
S1,handling_level|seller_id|C|w90|l14|P1|parent=global|kappa=na|min_support=5,handling_level|seller_id|C|w90|l14|P1|parent=global|kappa=na,handling_level,continuous,confirmation,2018-05,7,log_mae,lower_is_favourable,0.458768898655,0.469152915816,0.012066807507,4,4,0,0.0103840171619,median_of_paired_anchor_differences,difference_of_separately_aggregated_medians
S1,handling_level|seller_id|C|w90|l14|P1|parent=global|kappa=na|min_support=5,handling_level|seller_id|C|w90|l14|P1|parent=global|kappa=na,handling_level,continuous,confirmation,2018-05,7,log_rmse,lower_is_favourable,0.556962317154,0.56789034751,0.01111850656,4,4,1,0.0109280303564,median_of_paired_anchor_differences,difference_of_separately_aggregated_medians
S1,handling_level|seller_id|C|w90|l14|P1|parent=global|kappa=na|min_support=5,handling_level|seller_id|C|w90|l14|P1|parent=global|kappa=na,handling_level,continuous,confirmation,2018-05,7,reference_minus_candidate_log_mae,higher_is_favourable,0.0789393880033,0.0735731164129,-0.00536627159042,4,4,1,-0.00536627159042,median_of_paired_anchor_differences,difference_of_separately_aggregated_medians
S1,handling_level|seller_id|C|w90|l14|P1|parent=global|kappa=na|min_support=5,handling_level|seller_id|C|w90|l14|P1|parent=global|kappa=na,handling_level,continuous,confirmation,2018-05,7,support_qualified_coverage,higher_is_favourable,0.829773274335,0.859962542199,0.0310421540984,4,4,4,0.0301892678644,median_of_paired_anchor_differences,difference_of_separately_aggregated_medians
S1,handling_level|seller_id|C|w90|l14|P1|parent=global|kappa=na|min_support=5,handling_level|seller_id|C|w90|l14|P1|parent=global|kappa=na,handling_level,continuous,confirmation,2018-05,7,top_quintile_lift,higher_is_favourable,1.99030611014,1.93223574165,-0.0580703684893,4,4,0,-0.0580703684893,median_of_paired_anchor_differences,difference_of_separately_aggregated_medians
S1,handling_level|seller_id|C|w90|l14|P1|parent=global|kappa=na|min_support=5,handling_level|seller_id|C|w90|l14|P1|parent=global|kappa=na,handling_level,continuous,confirmation,2018-05,7,weighted_spearman,higher_is_favourable,0.472518353314,0.478685002694,0.00223105112481,4,4,2,0.00616664937949,median_of_paired_anchor_differences,difference_of_separately_aggregated_medians
S1,handling_level|seller_id|C|w90|l14|P1|parent=global|kappa=na|min_support=5,handling_level|seller_id|C|w90|l14|P1|parent=global|kappa=na,handling_level,continuous,confirmation,2018-06,7,future_seen_coverage,higher_is_favourable,0.929731858365,0.936806189986,0.0085315147329,4,4,4,0.00707433162158,median_of_paired_anchor_differences,difference_of_separately_aggregated_medians
S1,handling_level|seller_id|C|w90|l14|P1|parent=global|kappa=na|min_support=5,handling_level|seller_id|C|w90|l14|P1|parent=global|kappa=na,handling_level,continuous,confirmation,2018-06,7,log_mae,lower_is_favourable,0.438871847337,0.464976081713,0.0261042343758,4,4,0,0.0261042343758,median_of_paired_anchor_differences,difference_of_separately_aggregated_medians
S1,handling_level|seller_id|C|w90|l14|P1|parent=global|kappa=na|min_support=5,handling_level|seller_id|C|w90|l14|P1|parent=global|kappa=na,handling_level,continuous,confirmation,2018-06,7,log_rmse,lower_is_favourable,0.536548010081,0.561117040461,0.0245690303804,4,4,0,0.0245690303804,median_of_paired_anchor_differences,difference_of_separately_aggregated_medians
S1,handling_level|seller_id|C|w90|l14|P1|parent=global|kappa=na|min_support=5,handling_level|seller_id|C|w90|l14|P1|parent=global|kappa=na,handling_level,continuous,confirmation,2018-06,7,reference_minus_candidate_log_mae,higher_is_favourable,0.0790339436709,0.083182007059,0.00665931410331,4,4,3,0.00414806338808,median_of_paired_anchor_differences,difference_of_separately_aggregated_medians
S1,handling_level|seller_id|C|w90|l14|P1|parent=global|kappa=na|min_support=5,handling_level|seller_id|C|w90|l14|P1|parent=global|kappa=na,handling_level,continuous,confirmation,2018-06,7,support_qualified_coverage,higher_is_favourable,0.807854468486,0.850946909753,0.0436938683207,4,4,4,0.0430924412666,median_of_paired_anchor_differences,difference_of_separately_aggregated_medians
S1,handling_level|seller_id|C|w90|l14|P1|parent=global|kappa=na|min_support=5,handling_level|seller_id|C|w90|l14|P1|parent=global|kappa=na,handling_level,continuous,confirmation,2018-06,7,top_quintile_lift,higher_is_favourable,2.06097518956,1.85681056383,-0.133592519689,4,4,0,-0.204164625728,median_of_paired_anchor_differences,difference_of_separately_aggregated_medians
S1,handling_level|seller_id|C|w90|l14|P1|parent=global|kappa=na|min_support=5,handling_level|seller_id|C|w90|l14|P1|parent=global|kappa=na,handling_level,continuous,confirmation,2018-06,7,weighted_spearman,higher_is_favourable,0.488476858699,0.464343236435,-0.0160590930767,4,4,1,-0.0241336222637,median_of_paired_anchor_differences,difference_of_separately_aggregated_medians
S1,handling_level|seller_id|C|w90|l14|P1|parent=global|kappa=na|min_support=5,handling_level|seller_id|C|w90|l14|P1|parent=global|kappa=na,handling_level,continuous,confirmation,2018-01,30,future_seen_coverage,higher_is_favourable,0.906398449807,0.911220507677,0.00512092471522,4,4,4,0.00482205786984,median_of_paired_anchor_differences,difference_of_separately_aggregated_medians
S1,handling_level|seller_id|C|w90|l14|P1|parent=global|kappa=na|min_support=5,handling_level|seller_id|C|w90|l14|P1|parent=global|kappa=na,handling_level,continuous,confirmation,2018-01,30,log_mae,lower_is_favourable,0.417586377484,0.420138300951,0.0025519234667,4,4,0,0.0025519234667,median_of_paired_anchor_differences,difference_of_separately_aggregated_medians
S1,handling_level|seller_id|C|w90|l14|P1|parent=global|kappa=na|min_support=5,handling_level|seller_id|C|w90|l14|P1|parent=global|kappa=na,handling_level,continuous,confirmation,2018-01,30,log_rmse,lower_is_favourable,0.521505419524,0.52643149031,0.00652947867402,4,4,0,0.00492607078594,median_of_paired_anchor_differences,difference_of_separately_aggregated_medians
S1,handling_level|seller_id|C|w90|l14|P1|parent=global|kappa=na|min_support=5,handling_level|seller_id|C|w90|l14|P1|parent=global|kappa=na,handling_level,continuous,confirmation,2018-01,30,reference_minus_candidate_log_mae,higher_is_favourable,0.0693016048978,0.0608522747792,-0.0084493301186,4,4,0,-0.0084493301186,median_of_paired_anchor_differences,difference_of_separately_aggregated_medians
S1,handling_level|seller_id|C|w90|l14|P1|parent=global|kappa=na|min_support=5,handling_level|seller_id|C|w90|l14|P1|parent=global|kappa=na,handling_level,continuous,confirmation,2018-01,30,support_qualified_coverage,higher_is_favourable,0.803432862124,0.836373414393,0.0353292841976,4,4,4,0.0329405522694,median_of_paired_anchor_differences,difference_of_separately_aggregated_medians
S1,handling_level|seller_id|C|w90|l14|P1|parent=global|kappa=na|min_support=5,handling_level|seller_id|C|w90|l14|P1|parent=global|kappa=na,handling_level,continuous,confirmation,2018-01,30,top_quintile_lift,higher_is_favourable,1.7195148474,1.69399325617,-0.0259195373731,4,4,0,-0.02552159123,median_of_paired_anchor_differences,difference_of_separately_aggregated_medians
S1,handling_level|seller_id|C|w90|l14|P1|parent=global|kappa=na|min_support=5,handling_level|seller_id|C|w90|l14|P1|parent=global|kappa=na,handling_level,continuous,confirmation,2018-01,30,weighted_spearman,higher_is_favourable,0.600798362492,0.572699775289,-0.0321419830499,4,4,1,-0.0280985872036,median_of_paired_anchor_differences,difference_of_separately_aggregated_medians
S1,handling_level|seller_id|C|w90|l14|P1|parent=global|kappa=na|min_support=5,handling_level|seller_id|C|w90|l14|P1|parent=global|kappa=na,handling_level,continuous,confirmation,2018-02,30,future_seen_coverage,higher_is_favourable,0.925161141629,0.9320209458,0.00624534104313,4,4,4,0.00685980417096,median_of_paired_anchor_differences,difference_of_separately_aggregated_medians
S1,handling_level|seller_id|C|w90|l14|P1|parent=global|kappa=na|min_support=5,handling_level|seller_id|C|w90|l14|P1|parent=global|kappa=na,handling_level,continuous,confirmation,2018-02,30,log_mae,lower_is_favourable,0.412376961478,0.407680340774,-0.00469662070409,4,4,3,-0.00469662070409,median_of_paired_anchor_differences,difference_of_separately_aggregated_medians
S1,handling_level|seller_id|C|w90|l14|P1|parent=global|kappa=na|min_support=5,handling_level|seller_id|C|w90|l14|P1|parent=global|kappa=na,handling_level,continuous,confirmation,2018-02,30,log_rmse,lower_is_favourable,0.513974729705,0.512218983365,-0.00175574634014,4,4,3,-0.00175574634014,median_of_paired_anchor_differences,difference_of_separately_aggregated_medians
S1,handling_level|seller_id|C|w90|l14|P1|parent=global|kappa=na|min_support=5,handling_level|seller_id|C|w90|l14|P1|parent=global|kappa=na,handling_level,continuous,confirmation,2018-02,30,reference_minus_candidate_log_mae,higher_is_favourable,0.0570910634149,0.0532444083263,-0.00212476863655,4,4,0,-0.00384665508867,median_of_paired_anchor_differences,difference_of_separately_aggregated_medians
S1,handling_level|seller_id|C|w90|l14|P1|parent=global|kappa=na|min_support=5,handling_level|seller_id|C|w90|l14|P1|parent=global|kappa=na,handling_level,continuous,confirmation,2018-02,30,support_qualified_coverage,higher_is_favourable,0.837424177018,0.875427109663,0.0380029326454,4,4,4,0.0380029326454,median_of_paired_anchor_differences,difference_of_separately_aggregated_medians
S1,handling_level|seller_id|C|w90|l14|P1|parent=global|kappa=na|min_support=5,handling_level|seller_id|C|w90|l14|P1|parent=global|kappa=na,handling_level,continuous,confirmation,2018-02,30,top_quintile_lift,higher_is_favourable,1.67268582013,1.67095333074,-0.00173248939744,4,4,2,-0.00173248939744,median_of_paired_anchor_differences,difference_of_separately_aggregated_medians
S1,handling_level|seller_id|C|w90|l14|P1|parent=global|kappa=na|min_support=5,handling_level|seller_id|C|w90|l14|P1|parent=global|kappa=na,handling_level,continuous,confirmation,2018-02,30,weighted_spearman,higher_is_favourable,0.600279917545,0.592296237512,-0.0106096634577,4,4,1,-0.00798368003324,median_of_paired_anchor_differences,difference_of_separately_aggregated_medians
S1,handling_level|seller_id|C|w90|l14|P1|parent=global|kappa=na|min_support=5,handling_level|seller_id|C|w90|l14|P1|parent=global|kappa=na,handling_level,continuous,confirmation,2018-03,30,future_seen_coverage,higher_is_favourable,0.922985429676,0.930121914957,0.00873230954532,5,5,5,0.007136485281,median_of_paired_anchor_differences,difference_of_separately_aggregated_medians
S1,handling_level|seller_id|C|w90|l14|P1|parent=global|kappa=na|min_support=5,handling_level|seller_id|C|w90|l14|P1|parent=global|kappa=na,handling_level,continuous,confirmation,2018-03,30,log_mae,lower_is_favourable,0.401211329954,0.39654589889,0.00148093179684,5,5,2,-0.00466543106429,median_of_paired_anchor_differences,difference_of_separately_aggregated_medians
S1,handling_level|seller_id|C|w90|l14|P1|parent=global|kappa=na|min_support=5,handling_level|seller_id|C|w90|l14|P1|parent=global|kappa=na,handling_level,continuous,confirmation,2018-03,30,log_rmse,lower_is_favourable,0.500956203843,0.491160992041,-0.00222065202061,5,5,3,-0.0097952118023,median_of_paired_anchor_differences,difference_of_separately_aggregated_medians
S1,handling_level|seller_id|C|w90|l14|P1|parent=global|kappa=na|min_support=5,handling_level|seller_id|C|w90|l14|P1|parent=global|kappa=na,handling_level,continuous,confirmation,2018-03,30,reference_minus_candidate_log_mae,higher_is_favourable,0.0588594853513,0.0513689820351,-0.00857344139334,5,5,0,-0.00749050331618,median_of_paired_anchor_differences,difference_of_separately_aggregated_medians
S1,handling_level|seller_id|C|w90|l14|P1|parent=global|kappa=na|min_support=5,handling_level|seller_id|C|w90|l14|P1|parent=global|kappa=na,handling_level,continuous,confirmation,2018-03,30,support_qualified_coverage,higher_is_favourable,0.829319060363,0.872286648825,0.0437859354268,5,5,5,0.0429675884627,median_of_paired_anchor_differences,difference_of_separately_aggregated_medians
S1,handling_level|seller_id|C|w90|l14|P1|parent=global|kappa=na|min_support=5,handling_level|seller_id|C|w90|l14|P1|parent=global|kappa=na,handling_level,continuous,confirmation,2018-03,30,top_quintile_lift,higher_is_favourable,1.63999855276,1.64614745549,0.00945464722654,5,5,4,0.00614890272664,median_of_paired_anchor_differences,difference_of_separately_aggregated_medians
S1,handling_level|seller_id|C|w90|l14|P1|parent=global|kappa=na|min_support=5,handling_level|seller_id|C|w90|l14|P1|parent=global|kappa=na,handling_level,continuous,confirmation,2018-03,30,weighted_spearman,higher_is_favourable,0.586300249722,0.580389414645,-0.000731443322231,5,5,2,-0.00591083507734,median_of_paired_anchor_differences,difference_of_separately_aggregated_medians
S1,handling_level|seller_id|C|w90|l14|P1|parent=global|kappa=na|min_support=5,handling_level|seller_id|C|w90|l14|P1|parent=global|kappa=na,handling_level,continuous,confirmation,2018-04,30,future_seen_coverage,higher_is_favourable,0.887488708428,0.898639111327,0.0109413174343,4,4,4,0.0111504028994,median_of_paired_anchor_differences,difference_of_separately_aggregated_medians
S1,handling_level|seller_id|C|w90|l14|P1|parent=global|kappa=na|min_support=5,handling_level|seller_id|C|w90|l14|P1|parent=global|kappa=na,handling_level,continuous,confirmation,2018-04,30,log_mae,lower_is_favourable,0.464113824887,0.46809257355,0.00297381085194,4,4,0,0.00397874866242,median_of_paired_anchor_differences,difference_of_separately_aggregated_medians
S1,handling_level|seller_id|C|w90|l14|P1|parent=global|kappa=na|min_support=5,handling_level|seller_id|C|w90|l14|P1|parent=global|kappa=na,handling_level,continuous,confirmation,2018-04,30,log_rmse,lower_is_favourable,0.571237558575,0.570071242431,-0.000682691727209,4,4,2,-0.0011663161445,median_of_paired_anchor_differences,difference_of_separately_aggregated_medians
S1,handling_level|seller_id|C|w90|l14|P1|parent=global|kappa=na|min_support=5,handling_level|seller_id|C|w90|l14|P1|parent=global|kappa=na,handling_level,continuous,confirmation,2018-04,30,reference_minus_candidate_log_mae,higher_is_favourable,0.0626131463162,0.0555789711031,-0.00703417521313,4,4,0,-0.00703417521313,median_of_paired_anchor_differences,difference_of_separately_aggregated_medians
S1,handling_level|seller_id|C|w90|l14|P1|parent=global|kappa=na|min_support=5,handling_level|seller_id|C|w90|l14|P1|parent=global|kappa=na,handling_level,continuous,confirmation,2018-04,30,support_qualified_coverage,higher_is_favourable,0.791796765113,0.828764845828,0.0369758246149,4,4,4,0.0369680807153,median_of_paired_anchor_differences,difference_of_separately_aggregated_medians
S1,handling_level|seller_id|C|w90|l14|P1|parent=global|kappa=na|min_support=5,handling_level|seller_id|C|w90|l14|P1|parent=global|kappa=na,handling_level,continuous,confirmation,2018-04,30,top_quintile_lift,higher_is_favourable,1.69929145298,1.73264311555,0.0209048245191,4,4,3,0.0333516625618,median_of_paired_anchor_differences,difference_of_separately_aggregated_medians
S1,handling_level|seller_id|C|w90|l14|P1|parent=global|kappa=na|min_support=5,handling_level|seller_id|C|w90|l14|P1|parent=global|kappa=na,handling_level,continuous,confirmation,2018-04,30,weighted_spearman,higher_is_favourable,0.544531801927,0.550850027613,0.00295707662577,4,4,4,0.00631822568593,median_of_paired_anchor_differences,difference_of_separately_aggregated_medians
S1,handling_level|seller_id|C|w90|l14|P1|parent=global|kappa=na|min_support=5,handling_level|seller_id|C|w90|l14|P1|parent=global|kappa=na,handling_level,continuous,confirmation,2018-05,30,future_seen_coverage,higher_is_favourable,0.900930748894,0.910138740716,0.00920799182284,4,4,4,0.00920799182284,median_of_paired_anchor_differences,difference_of_separately_aggregated_medians
S1,handling_level|seller_id|C|w90|l14|P1|parent=global|kappa=na|min_support=5,handling_level|seller_id|C|w90|l14|P1|parent=global|kappa=na,handling_level,continuous,confirmation,2018-05,30,log_mae,lower_is_favourable,0.460471910442,0.469728123074,0.00935168128725,4,4,0,0.00925621263132,median_of_paired_anchor_differences,difference_of_separately_aggregated_medians
S1,handling_level|seller_id|C|w90|l14|P1|parent=global|kappa=na|min_support=5,handling_level|seller_id|C|w90|l14|P1|parent=global|kappa=na,handling_level,continuous,confirmation,2018-05,30,log_rmse,lower_is_favourable,0.559503535532,0.570022683347,0.0105191478144,4,4,0,0.0105191478144,median_of_paired_anchor_differences,difference_of_separately_aggregated_medians
S1,handling_level|seller_id|C|w90|l14|P1|parent=global|kappa=na|min_support=5,handling_level|seller_id|C|w90|l14|P1|parent=global|kappa=na,handling_level,continuous,confirmation,2018-05,30,reference_minus_candidate_log_mae,higher_is_favourable,0.0751628328293,0.0735951216304,0.000310099646205,4,4,2,-0.00156771119894,median_of_paired_anchor_differences,difference_of_separately_aggregated_medians
S1,handling_level|seller_id|C|w90|l14|P1|parent=global|kappa=na|min_support=5,handling_level|seller_id|C|w90|l14|P1|parent=global|kappa=na,handling_level,continuous,confirmation,2018-05,30,support_qualified_coverage,higher_is_favourable,0.798561655984,0.832517585567,0.0349058280487,4,4,4,0.0339559295828,median_of_paired_anchor_differences,difference_of_separately_aggregated_medians
S1,handling_level|seller_id|C|w90|l14|P1|parent=global|kappa=na|min_support=5,handling_level|seller_id|C|w90|l14|P1|parent=global|kappa=na,handling_level,continuous,confirmation,2018-05,30,top_quintile_lift,higher_is_favourable,1.90142640569,1.87064845051,-0.0482379855624,4,4,0,-0.0307779551758,median_of_paired_anchor_differences,difference_of_separately_aggregated_medians
S1,handling_level|seller_id|C|w90|l14|P1|parent=global|kappa=na|min_support=5,handling_level|seller_id|C|w90|l14|P1|parent=global|kappa=na,handling_level,continuous,confirmation,2018-05,30,weighted_spearman,higher_is_favourable,0.523904554575,0.548314116796,0.0170899066108,4,4,4,0.0244095622201,median_of_paired_anchor_differences,difference_of_separately_aggregated_medians
S1,handling_level|seller_id|C|w90|l14|P1|parent=global|kappa=na|min_support=5,handling_level|seller_id|C|w90|l14|P1|parent=global|kappa=na,handling_level,continuous,development,2017-04,7,future_seen_coverage,higher_is_favourable,0.9,0.904225352113,0.00207039337474,5,5,4,0.00422535211268,median_of_paired_anchor_differences,difference_of_separately_aggregated_medians
S1,handling_level|seller_id|C|w90|l14|P1|parent=global|kappa=na|min_support=5,handling_level|seller_id|C|w90|l14|P1|parent=global|kappa=na,handling_level,continuous,development,2017-04,7,log_mae,lower_is_favourable,0.502705951648,0.506420378104,0.00102529393627,5,5,2,0.00371442645583,median_of_paired_anchor_differences,difference_of_separately_aggregated_medians
S1,handling_level|seller_id|C|w90|l14|P1|parent=global|kappa=na|min_support=5,handling_level|seller_id|C|w90|l14|P1|parent=global|kappa=na,handling_level,continuous,development,2017-04,7,log_rmse,lower_is_favourable,0.624272759264,0.622074011233,-0.00126286447683,5,5,3,-0.00219874803121,median_of_paired_anchor_differences,difference_of_separately_aggregated_medians
S1,handling_level|seller_id|C|w90|l14|P1|parent=global|kappa=na|min_support=5,handling_level|seller_id|C|w90|l14|P1|parent=global|kappa=na,handling_level,continuous,development,2017-04,7,reference_minus_candidate_log_mae,higher_is_favourable,0.0682950751401,0.0653602419048,0.000842410130879,5,5,4,-0.00293483323532,median_of_paired_anchor_differences,difference_of_separately_aggregated_medians
S1,handling_level|seller_id|C|w90|l14|P1|parent=global|kappa=na|min_support=5,handling_level|seller_id|C|w90|l14|P1|parent=global|kappa=na,handling_level,continuous,development,2017-04,7,support_qualified_coverage,higher_is_favourable,0.718,0.732,0.00828157349896,5,5,5,0.014,median_of_paired_anchor_differences,difference_of_separately_aggregated_medians
S1,handling_level|seller_id|C|w90|l14|P1|parent=global|kappa=na|min_support=5,handling_level|seller_id|C|w90|l14|P1|parent=global|kappa=na,handling_level,continuous,development,2017-04,7,top_quintile_lift,higher_is_favourable,1.64578917037,1.63823081263,-0.0042646275568,5,5,1,-0.00755835774563,median_of_paired_anchor_differences,difference_of_separately_aggregated_medians
S1,handling_level|seller_id|C|w90|l14|P1|parent=global|kappa=na|min_support=5,handling_level|seller_id|C|w90|l14|P1|parent=global|kappa=na,handling_level,continuous,development,2017-04,7,weighted_spearman,higher_is_favourable,0.505180669027,0.506987149911,-0.00788708756702,5,5,1,0.00180648088382,median_of_paired_anchor_differences,difference_of_separately_aggregated_medians
S1,handling_level|seller_id|C|w90|l14|P1|parent=global|kappa=na|min_support=5,handling_level|seller_id|C|w90|l14|P1|parent=global|kappa=na,handling_level,continuous,development,2017-05,7,future_seen_coverage,higher_is_favourable,0.902058900532,0.906478790035,0.00483604330898,4,4,3,0.00441988950276,median_of_paired_anchor_differences,difference_of_separately_aggregated_medians
S1,handling_level|seller_id|C|w90|l14|P1|parent=global|kappa=na|min_support=5,handling_level|seller_id|C|w90|l14|P1|parent=global|kappa=na,handling_level,continuous,development,2017-05,7,log_mae,lower_is_favourable,0.452004448815,0.456700695598,0.00469624678306,4,4,0,0.00469624678306,median_of_paired_anchor_differences,difference_of_separately_aggregated_medians
S1,handling_level|seller_id|C|w90|l14|P1|parent=global|kappa=na|min_support=5,handling_level|seller_id|C|w90|l14|P1|parent=global|kappa=na,handling_level,continuous,development,2017-05,7,log_rmse,lower_is_favourable,0.556061253382,0.559750338683,0.00398395743277,4,4,0,0.00368908530116,median_of_paired_anchor_differences,difference_of_separately_aggregated_medians
S1,handling_level|seller_id|C|w90|l14|P1|parent=global|kappa=na|min_support=5,handling_level|seller_id|C|w90|l14|P1|parent=global|kappa=na,handling_level,continuous,development,2017-05,7,reference_minus_candidate_log_mae,higher_is_favourable,0.0859946253784,0.0889368730834,0.003420787997,4,4,3,0.00294224770505,median_of_paired_anchor_differences,difference_of_separately_aggregated_medians
S1,handling_level|seller_id|C|w90|l14|P1|parent=global|kappa=na|min_support=5,handling_level|seller_id|C|w90|l14|P1|parent=global|kappa=na,handling_level,continuous,development,2017-05,7,support_qualified_coverage,higher_is_favourable,0.753023376479,0.76473419574,0.0200088849923,4,4,4,0.0117108192612,median_of_paired_anchor_differences,difference_of_separately_aggregated_medians
S1,handling_level|seller_id|C|w90|l14|P1|parent=global|kappa=na|min_support=5,handling_level|seller_id|C|w90|l14|P1|parent=global|kappa=na,handling_level,continuous,development,2017-05,7,top_quintile_lift,higher_is_favourable,1.81136911245,1.79320062569,-0.00256392654035,4,4,2,-0.0181684867559,median_of_paired_anchor_differences,difference_of_separately_aggregated_medians
S1,handling_level|seller_id|C|w90|l14|P1|parent=global|kappa=na|min_support=5,handling_level|seller_id|C|w90|l14|P1|parent=global|kappa=na,handling_level,continuous,development,2017-05,7,weighted_spearman,higher_is_favourable,0.579750986122,0.574301602435,-0.00096426690595,4,4,2,-0.0054493836873,median_of_paired_anchor_differences,difference_of_separately_aggregated_medians
S1,handling_level|seller_id|C|w90|l14|P1|parent=global|kappa=na|min_support=5,handling_level|seller_id|C|w90|l14|P1|parent=global|kappa=na,handling_level,continuous,development,2017-06,7,future_seen_coverage,higher_is_favourable,0.945562739233,0.949271446492,0.00424865831843,4,4,4,0.0037087072598,median_of_paired_anchor_differences,difference_of_separately_aggregated_medians
S1,handling_level|seller_id|C|w90|l14|P1|parent=global|kappa=na|min_support=5,handling_level|seller_id|C|w90|l14|P1|parent=global|kappa=na,handling_level,continuous,development,2017-06,7,log_mae,lower_is_favourable,0.439616095618,0.437992578402,0.00103370074494,4,4,1,-0.00162351721667,median_of_paired_anchor_differences,difference_of_separately_aggregated_medians
S1,handling_level|seller_id|C|w90|l14|P1|parent=global|kappa=na|min_support=5,handling_level|seller_id|C|w90|l14|P1|parent=global|kappa=na,handling_level,continuous,development,2017-06,7,log_rmse,lower_is_favourable,0.553326126115,0.552193450379,-0.00113267573551,4,4,2,-0.00113267573551,median_of_paired_anchor_differences,difference_of_separately_aggregated_medians
S1,handling_level|seller_id|C|w90|l14|P1|parent=global|kappa=na|min_support=5,handling_level|seller_id|C|w90|l14|P1|parent=global|kappa=na,handling_level,continuous,development,2017-06,7,reference_minus_candidate_log_mae,higher_is_favourable,0.0786504623904,0.0798716933506,0.00195374268976,4,4,3,0.00122123096017,median_of_paired_anchor_differences,difference_of_separately_aggregated_medians
S1,handling_level|seller_id|C|w90|l14|P1|parent=global|kappa=na|min_support=5,handling_level|seller_id|C|w90|l14|P1|parent=global|kappa=na,handling_level,continuous,development,2017-06,7,support_qualified_coverage,higher_is_favourable,0.845621874668,0.867145441004,0.0250605730653,4,4,4,0.0215235663368,median_of_paired_anchor_differences,difference_of_separately_aggregated_medians
S1,handling_level|seller_id|C|w90|l14|P1|parent=global|kappa=na|min_support=5,handling_level|seller_id|C|w90|l14|P1|parent=global|kappa=na,handling_level,continuous,development,2017-06,7,top_quintile_lift,higher_is_favourable,1.80967000255,1.79100413741,-0.00722749055666,4,4,1,-0.0186658651387,median_of_paired_anchor_differences,difference_of_separately_aggregated_medians
S1,handling_level|seller_id|C|w90|l14|P1|parent=global|kappa=na|min_support=5,handling_level|seller_id|C|w90|l14|P1|parent=global|kappa=na,handling_level,continuous,development,2017-06,7,weighted_spearman,higher_is_favourable,0.585267921977,0.589824780711,-0.00476643907844,4,4,1,0.00455685873326,median_of_paired_anchor_differences,difference_of_separately_aggregated_medians
S1,handling_level|seller_id|C|w90|l14|P1|parent=global|kappa=na|min_support=5,handling_level|seller_id|C|w90|l14|P1|parent=global|kappa=na,handling_level,continuous,development,2017-07,7,future_seen_coverage,higher_is_favourable,0.914594594595,0.916756756757,0.0045045045045,5,5,4,0.00216216216216,median_of_paired_anchor_differences,difference_of_separately_aggregated_medians
S1,handling_level|seller_id|C|w90|l14|P1|parent=global|kappa=na|min_support=5,handling_level|seller_id|C|w90|l14|P1|parent=global|kappa=na,handling_level,continuous,development,2017-07,7,log_mae,lower_is_favourable,0.386972391385,0.391848536796,0.00437758086448,5,5,0,0.00487614541094,median_of_paired_anchor_differences,difference_of_separately_aggregated_medians
S1,handling_level|seller_id|C|w90|l14|P1|parent=global|kappa=na|min_support=5,handling_level|seller_id|C|w90|l14|P1|parent=global|kappa=na,handling_level,continuous,development,2017-07,7,log_rmse,lower_is_favourable,0.490148981723,0.489971376347,0.00289984547326,5,5,2,-0.000177605376295,median_of_paired_anchor_differences,difference_of_separately_aggregated_medians
S1,handling_level|seller_id|C|w90|l14|P1|parent=global|kappa=na|min_support=5,handling_level|seller_id|C|w90|l14|P1|parent=global|kappa=na,handling_level,continuous,development,2017-07,7,reference_minus_candidate_log_mae,higher_is_favourable,0.07633661947,0.0724847810126,-0.00324582384462,5,5,1,-0.00385183845744,median_of_paired_anchor_differences,difference_of_separately_aggregated_medians
S1,handling_level|seller_id|C|w90|l14|P1|parent=global|kappa=na|min_support=5,handling_level|seller_id|C|w90|l14|P1|parent=global|kappa=na,handling_level,continuous,development,2017-07,7,support_qualified_coverage,higher_is_favourable,0.803243243243,0.832432432432,0.0295315682281,5,5,5,0.0291891891892,median_of_paired_anchor_differences,difference_of_separately_aggregated_medians
S1,handling_level|seller_id|C|w90|l14|P1|parent=global|kappa=na|min_support=5,handling_level|seller_id|C|w90|l14|P1|parent=global|kappa=na,handling_level,continuous,development,2017-07,7,top_quintile_lift,higher_is_favourable,1.62029628896,1.55756027797,-0.0555537592994,5,5,1,-0.0627360109916,median_of_paired_anchor_differences,difference_of_separately_aggregated_medians
S1,handling_level|seller_id|C|w90|l14|P1|parent=global|kappa=na|min_support=5,handling_level|seller_id|C|w90|l14|P1|parent=global|kappa=na,handling_level,continuous,development,2017-07,7,weighted_spearman,higher_is_favourable,0.614080578471,0.600023894201,-0.01405668427,5,5,0,-0.01405668427,median_of_paired_anchor_differences,difference_of_separately_aggregated_medians
S1,handling_level|seller_id|C|w90|l14|P1|parent=global|kappa=na|min_support=5,handling_level|seller_id|C|w90|l14|P1|parent=global|kappa=na,handling_level,continuous,development,2017-08,7,future_seen_coverage,higher_is_favourable,0.917044483869,0.923992648508,0.00794759636547,4,4,4,0.0069481646394,median_of_paired_anchor_differences,difference_of_separately_aggregated_medians
S1,handling_level|seller_id|C|w90|l14|P1|parent=global|kappa=na|min_support=5,handling_level|seller_id|C|w90|l14|P1|parent=global|kappa=na,handling_level,continuous,development,2017-08,7,log_mae,lower_is_favourable,0.389671036095,0.393474960793,0.00348823768811,4,4,1,0.00380392469746,median_of_paired_anchor_differences,difference_of_separately_aggregated_medians
S1,handling_level|seller_id|C|w90|l14|P1|parent=global|kappa=na|min_support=5,handling_level|seller_id|C|w90|l14|P1|parent=global|kappa=na,handling_level,continuous,development,2017-08,7,log_rmse,lower_is_favourable,0.496221871782,0.499871261649,0.00344597699025,4,4,1,0.00364938986718,median_of_paired_anchor_differences,difference_of_separately_aggregated_medians
S1,handling_level|seller_id|C|w90|l14|P1|parent=global|kappa=na|min_support=5,handling_level|seller_id|C|w90|l14|P1|parent=global|kappa=na,handling_level,continuous,development,2017-08,7,reference_minus_candidate_log_mae,higher_is_favourable,0.0677586967184,0.0673672840546,0.000106367293517,4,4,2,-0.000391412663823,median_of_paired_anchor_differences,difference_of_separately_aggregated_medians
S1,handling_level|seller_id|C|w90|l14|P1|parent=global|kappa=na|min_support=5,handling_level|seller_id|C|w90|l14|P1|parent=global|kappa=na,handling_level,continuous,development,2017-08,7,support_qualified_coverage,higher_is_favourable,0.791927853341,0.823765404132,0.0312560151204,4,4,4,0.0318375507907,median_of_paired_anchor_differences,difference_of_separately_aggregated_medians
S1,handling_level|seller_id|C|w90|l14|P1|parent=global|kappa=na|min_support=5,handling_level|seller_id|C|w90|l14|P1|parent=global|kappa=na,handling_level,continuous,development,2017-08,7,top_quintile_lift,higher_is_favourable,1.71319614925,1.73971632631,-0.00570400384775,4,4,1,0.0265201770538,median_of_paired_anchor_differences,difference_of_separately_aggregated_medians
S1,handling_level|seller_id|C|w90|l14|P1|parent=global|kappa=na|min_support=5,handling_level|seller_id|C|w90|l14|P1|parent=global|kappa=na,handling_level,continuous,development,2017-08,7,weighted_spearman,higher_is_favourable,0.559565211855,0.550719698664,-0.0170818625733,4,4,1,-0.00884551319135,median_of_paired_anchor_differences,difference_of_separately_aggregated_medians
S1,handling_level|seller_id|C|w90|l14|P1|parent=global|kappa=na|min_support=5,handling_level|seller_id|C|w90|l14|P1|parent=global|kappa=na,handling_level,continuous,development,2017-09,7,future_seen_coverage,higher_is_favourable,0.911792905081,0.919463087248,0.00785634118967,5,5,5,0.00767018216683,median_of_paired_anchor_differences,difference_of_separately_aggregated_medians
S1,handling_level|seller_id|C|w90|l14|P1|parent=global|kappa=na|min_support=5,handling_level|seller_id|C|w90|l14|P1|parent=global|kappa=na,handling_level,continuous,development,2017-09,7,log_mae,lower_is_favourable,0.396217453265,0.397606492141,0.0013890388756,5,5,1,0.0013890388756,median_of_paired_anchor_differences,difference_of_separately_aggregated_medians
S1,handling_level|seller_id|C|w90|l14|P1|parent=global|kappa=na|min_support=5,handling_level|seller_id|C|w90|l14|P1|parent=global|kappa=na,handling_level,continuous,development,2017-09,7,log_rmse,lower_is_favourable,0.509923140025,0.511581463105,-0.00194714311516,5,5,3,0.00165832308051,median_of_paired_anchor_differences,difference_of_separately_aggregated_medians
S1,handling_level|seller_id|C|w90|l14|P1|parent=global|kappa=na|min_support=5,handling_level|seller_id|C|w90|l14|P1|parent=global|kappa=na,handling_level,continuous,development,2017-09,7,reference_minus_candidate_log_mae,higher_is_favourable,0.0594161994384,0.0631452223961,-0.00278531555011,5,5,1,0.00372902295772,median_of_paired_anchor_differences,difference_of_separately_aggregated_medians
S1,handling_level|seller_id|C|w90|l14|P1|parent=global|kappa=na|min_support=5,handling_level|seller_id|C|w90|l14|P1|parent=global|kappa=na,handling_level,continuous,development,2017-09,7,support_qualified_coverage,higher_is_favourable,0.797427652733,0.837810945274,0.037037037037,5,5,5,0.0403832925405,median_of_paired_anchor_differences,difference_of_separately_aggregated_medians
S1,handling_level|seller_id|C|w90|l14|P1|parent=global|kappa=na|min_support=5,handling_level|seller_id|C|w90|l14|P1|parent=global|kappa=na,handling_level,continuous,development,2017-09,7,top_quintile_lift,higher_is_favourable,1.66390830211,1.61168183821,-0.024109113186,5,5,2,-0.0522264639015,median_of_paired_anchor_differences,difference_of_separately_aggregated_medians
S1,handling_level|seller_id|C|w90|l14|P1|parent=global|kappa=na|min_support=5,handling_level|seller_id|C|w90|l14|P1|parent=global|kappa=na,handling_level,continuous,development,2017-09,7,weighted_spearman,higher_is_favourable,0.501758017006,0.499988759443,-0.00176925756299,5,5,2,-0.00176925756299,median_of_paired_anchor_differences,difference_of_separately_aggregated_medians
S1,handling_level|seller_id|C|w90|l14|P1|parent=global|kappa=na|min_support=5,handling_level|seller_id|C|w90|l14|P1|parent=global|kappa=na,handling_level,continuous,development,2017-10,7,future_seen_coverage,higher_is_favourable,0.904270046671,0.908110788272,0.0071767428776,4,4,4,0.00384074160042,median_of_paired_anchor_differences,difference_of_separately_aggregated_medians
S1,handling_level|seller_id|C|w90|l14|P1|parent=global|kappa=na|min_support=5,handling_level|seller_id|C|w90|l14|P1|parent=global|kappa=na,handling_level,continuous,development,2017-10,7,log_mae,lower_is_favourable,0.40849396824,0.413772913673,0.00527391256322,4,4,0,0.00527894543329,median_of_paired_anchor_differences,difference_of_separately_aggregated_medians
S1,handling_level|seller_id|C|w90|l14|P1|parent=global|kappa=na|min_support=5,handling_level|seller_id|C|w90|l14|P1|parent=global|kappa=na,handling_level,continuous,development,2017-10,7,log_rmse,lower_is_favourable,0.530770773605,0.534227793429,0.00672809487938,4,4,0,0.00345701982467,median_of_paired_anchor_differences,difference_of_separately_aggregated_medians
S1,handling_level|seller_id|C|w90|l14|P1|parent=global|kappa=na|min_support=5,handling_level|seller_id|C|w90|l14|P1|parent=global|kappa=na,handling_level,continuous,development,2017-10,7,reference_minus_candidate_log_mae,higher_is_favourable,0.0666248521882,0.0622954878201,-0.00468372545409,4,4,0,-0.0043293643681,median_of_paired_anchor_differences,difference_of_separately_aggregated_medians
S1,handling_level|seller_id|C|w90|l14|P1|parent=global|kappa=na|min_support=5,handling_level|seller_id|C|w90|l14|P1|parent=global|kappa=na,handling_level,continuous,development,2017-10,7,support_qualified_coverage,higher_is_favourable,0.791731084879,0.828376412365,0.0384876322497,4,4,4,0.0366453274863,median_of_paired_anchor_differences,difference_of_separately_aggregated_medians
S1,handling_level|seller_id|C|w90|l14|P1|parent=global|kappa=na|min_support=5,handling_level|seller_id|C|w90|l14|P1|parent=global|kappa=na,handling_level,continuous,development,2017-10,7,top_quintile_lift,higher_is_favourable,1.72436212669,1.68839696067,-0.0528928471903,4,4,0,-0.0359651660123,median_of_paired_anchor_differences,difference_of_separately_aggregated_medians
S1,handling_level|seller_id|C|w90|l14|P1|parent=global|kappa=na|min_support=5,handling_level|seller_id|C|w90|l14|P1|parent=global|kappa=na,handling_level,continuous,development,2017-10,7,weighted_spearman,higher_is_favourable,0.498904945723,0.483204956027,-0.00998472003047,4,4,1,-0.0156999896963,median_of_paired_anchor_differences,difference_of_separately_aggregated_medians
S1,handling_level|seller_id|C|w90|l14|P1|parent=global|kappa=na|min_support=5,handling_level|seller_id|C|w90|l14|P1|parent=global|kappa=na,handling_level,continuous,development,2017-11,7,future_seen_coverage,higher_is_favourable,0.924508928975,0.932556863952,0.00787124578697,4,4,4,0.00804793497642,median_of_paired_anchor_differences,difference_of_separately_aggregated_medians
S1,handling_level|seller_id|C|w90|l14|P1|parent=global|kappa=na|min_support=5,handling_level|seller_id|C|w90|l14|P1|parent=global|kappa=na,handling_level,continuous,development,2017-11,7,log_mae,lower_is_favourable,0.455796770728,0.463909886863,0.00494118925626,4,4,0,0.00811311613542,median_of_paired_anchor_differences,difference_of_separately_aggregated_medians
S1,handling_level|seller_id|C|w90|l14|P1|parent=global|kappa=na|min_support=5,handling_level|seller_id|C|w90|l14|P1|parent=global|kappa=na,handling_level,continuous,development,2017-11,7,log_rmse,lower_is_favourable,0.590758853598,0.599766292522,0.00678812555331,4,4,0,0.00900743892474,median_of_paired_anchor_differences,difference_of_separately_aggregated_medians
S1,handling_level|seller_id|C|w90|l14|P1|parent=global|kappa=na|min_support=5,handling_level|seller_id|C|w90|l14|P1|parent=global|kappa=na,handling_level,continuous,development,2017-11,7,reference_minus_candidate_log_mae,higher_is_favourable,0.0516203029403,0.0460219554659,-0.0039093474577,4,4,1,-0.00559834747439,median_of_paired_anchor_differences,difference_of_separately_aggregated_medians
S1,handling_level|seller_id|C|w90|l14|P1|parent=global|kappa=na|min_support=5,handling_level|seller_id|C|w90|l14|P1|parent=global|kappa=na,handling_level,continuous,development,2017-11,7,support_qualified_coverage,higher_is_favourable,0.804674384294,0.837125530625,0.0354532751659,4,4,4,0.0324511463302,median_of_paired_anchor_differences,difference_of_separately_aggregated_medians
S1,handling_level|seller_id|C|w90|l14|P1|parent=global|kappa=na|min_support=5,handling_level|seller_id|C|w90|l14|P1|parent=global|kappa=na,handling_level,continuous,development,2017-11,7,top_quintile_lift,higher_is_favourable,1.51395611928,1.53190019591,0.0179440766303,4,4,3,0.0179440766303,median_of_paired_anchor_differences,difference_of_separately_aggregated_medians
S1,handling_level|seller_id|C|w90|l14|P1|parent=global|kappa=na|min_support=5,handling_level|seller_id|C|w90|l14|P1|parent=global|kappa=na,handling_level,continuous,development,2017-11,7,weighted_spearman,higher_is_favourable,0.489474298886,0.47989818688,-0.0151960621303,4,4,1,-0.00957611200672,median_of_paired_anchor_differences,difference_of_separately_aggregated_medians
S1,handling_level|seller_id|C|w90|l14|P1|parent=global|kappa=na|min_support=5,handling_level|seller_id|C|w90|l14|P1|parent=global|kappa=na,handling_level,continuous,development,2017-12,7,future_seen_coverage,higher_is_favourable,0.94901009507,0.956360382562,0.00731227611745,4,4,4,0.00735028749168,median_of_paired_anchor_differences,difference_of_separately_aggregated_medians
S1,handling_level|seller_id|C|w90|l14|P1|parent=global|kappa=na|min_support=5,handling_level|seller_id|C|w90|l14|P1|parent=global|kappa=na,handling_level,continuous,development,2017-12,7,log_mae,lower_is_favourable,0.448429166295,0.451813555589,0.00237159535055,4,4,2,0.00338438929433,median_of_paired_anchor_differences,difference_of_separately_aggregated_medians
S1,handling_level|seller_id|C|w90|l14|P1|parent=global|kappa=na|min_support=5,handling_level|seller_id|C|w90|l14|P1|parent=global|kappa=na,handling_level,continuous,development,2017-12,7,log_rmse,lower_is_favourable,0.572999111492,0.582419727183,0.00489760386428,4,4,2,0.00942061569122,median_of_paired_anchor_differences,difference_of_separately_aggregated_medians
S1,handling_level|seller_id|C|w90|l14|P1|parent=global|kappa=na|min_support=5,handling_level|seller_id|C|w90|l14|P1|parent=global|kappa=na,handling_level,continuous,development,2017-12,7,reference_minus_candidate_log_mae,higher_is_favourable,0.0563905873404,0.0401595756471,-0.011818318192,4,4,1,-0.0162310116933,median_of_paired_anchor_differences,difference_of_separately_aggregated_medians
S1,handling_level|seller_id|C|w90|l14|P1|parent=global|kappa=na|min_support=5,handling_level|seller_id|C|w90|l14|P1|parent=global|kappa=na,handling_level,continuous,development,2017-12,7,support_qualified_coverage,higher_is_favourable,0.839884950882,0.877656646989,0.0371390464089,4,4,4,0.0377716961075,median_of_paired_anchor_differences,difference_of_separately_aggregated_medians
S1,handling_level|seller_id|C|w90|l14|P1|parent=global|kappa=na|min_support=5,handling_level|seller_id|C|w90|l14|P1|parent=global|kappa=na,handling_level,continuous,development,2017-12,7,top_quintile_lift,higher_is_favourable,1.59339707085,1.49472317642,-0.087101085512,4,4,1,-0.0986738944374,median_of_paired_anchor_differences,difference_of_separately_aggregated_medians
S1,handling_level|seller_id|C|w90|l14|P1|parent=global|kappa=na|min_support=5,handling_level|seller_id|C|w90|l14|P1|parent=global|kappa=na,handling_level,continuous,development,2017-12,7,weighted_spearman,higher_is_favourable,0.473119844371,0.438207687236,-0.027282177284,4,4,1,-0.034912157135,median_of_paired_anchor_differences,difference_of_separately_aggregated_medians
S1,handling_level|seller_id|C|w90|l14|P1|parent=global|kappa=na|min_support=5,handling_level|seller_id|C|w90|l14|P1|parent=global|kappa=na,handling_level,continuous,development,2017-04,30,future_seen_coverage,higher_is_favourable,0.866056572379,0.868968386023,0.00376068376068,5,5,5,0.00291181364393,median_of_paired_anchor_differences,difference_of_separately_aggregated_medians
S1,handling_level|seller_id|C|w90|l14|P1|parent=global|kappa=na|min_support=5,handling_level|seller_id|C|w90|l14|P1|parent=global|kappa=na,handling_level,continuous,development,2017-04,30,log_mae,lower_is_favourable,0.494772044615,0.495892263874,0.00242274730441,5,5,0,0.00112021925921,median_of_paired_anchor_differences,difference_of_separately_aggregated_medians
S1,handling_level|seller_id|C|w90|l14|P1|parent=global|kappa=na|min_support=5,handling_level|seller_id|C|w90|l14|P1|parent=global|kappa=na,handling_level,continuous,development,2017-04,30,log_rmse,lower_is_favourable,0.610609214069,0.609643735696,-0.000794110511578,5,5,3,-0.000965478373071,median_of_paired_anchor_differences,difference_of_separately_aggregated_medians
S1,handling_level|seller_id|C|w90|l14|P1|parent=global|kappa=na|min_support=5,handling_level|seller_id|C|w90|l14|P1|parent=global|kappa=na,handling_level,continuous,development,2017-04,30,reference_minus_candidate_log_mae,higher_is_favourable,0.0655081949982,0.0678417596074,0.00204670215992,5,5,5,0.00233356460916,median_of_paired_anchor_differences,difference_of_separately_aggregated_medians
S1,handling_level|seller_id|C|w90|l14|P1|parent=global|kappa=na|min_support=5,handling_level|seller_id|C|w90|l14|P1|parent=global|kappa=na,handling_level,continuous,development,2017-04,30,support_qualified_coverage,higher_is_favourable,0.70156612529,0.713504273504,0.0116239316239,5,5,5,0.0119381482143,median_of_paired_anchor_differences,difference_of_separately_aggregated_medians
S1,handling_level|seller_id|C|w90|l14|P1|parent=global|kappa=na|min_support=5,handling_level|seller_id|C|w90|l14|P1|parent=global|kappa=na,handling_level,continuous,development,2017-04,30,top_quintile_lift,higher_is_favourable,1.65255042738,1.64505991633,-0.00749051104791,5,5,1,-0.00749051104791,median_of_paired_anchor_differences,difference_of_separately_aggregated_medians
S1,handling_level|seller_id|C|w90|l14|P1|parent=global|kappa=na|min_support=5,handling_level|seller_id|C|w90|l14|P1|parent=global|kappa=na,handling_level,continuous,development,2017-04,30,weighted_spearman,higher_is_favourable,0.574316261839,0.566054717581,-0.00826154425829,5,5,2,-0.00826154425829,median_of_paired_anchor_differences,difference_of_separately_aggregated_medians
S1,handling_level|seller_id|C|w90|l14|P1|parent=global|kappa=na|min_support=5,handling_level|seller_id|C|w90|l14|P1|parent=global|kappa=na,handling_level,continuous,development,2017-05,30,future_seen_coverage,higher_is_favourable,0.883958538354,0.887905293417,0.0040687727411,4,4,4,0.00394675506293,median_of_paired_anchor_differences,difference_of_separately_aggregated_medians
S1,handling_level|seller_id|C|w90|l14|P1|parent=global|kappa=na|min_support=5,handling_level|seller_id|C|w90|l14|P1|parent=global|kappa=na,handling_level,continuous,development,2017-05,30,log_mae,lower_is_favourable,0.450979101447,0.456725499492,0.00574568085444,4,4,0,0.00574639804435,median_of_paired_anchor_differences,difference_of_separately_aggregated_medians
S1,handling_level|seller_id|C|w90|l14|P1|parent=global|kappa=na|min_support=5,handling_level|seller_id|C|w90|l14|P1|parent=global|kappa=na,handling_level,continuous,development,2017-05,30,log_rmse,lower_is_favourable,0.559107338801,0.564724529434,0.00531608797548,4,4,0,0.00561719063229,median_of_paired_anchor_differences,difference_of_separately_aggregated_medians
S1,handling_level|seller_id|C|w90|l14|P1|parent=global|kappa=na|min_support=5,handling_level|seller_id|C|w90|l14|P1|parent=global|kappa=na,handling_level,continuous,development,2017-05,30,reference_minus_candidate_log_mae,higher_is_favourable,0.0719744061449,0.0753004535301,0.00297122689252,4,4,4,0.00332604738515,median_of_paired_anchor_differences,difference_of_separately_aggregated_medians
S1,handling_level|seller_id|C|w90|l14|P1|parent=global|kappa=na|min_support=5,handling_level|seller_id|C|w90|l14|P1|parent=global|kappa=na,handling_level,continuous,development,2017-05,30,support_qualified_coverage,higher_is_favourable,0.742960131041,0.756624540322,0.0136644092816,4,4,4,0.0136644092816,median_of_paired_anchor_differences,difference_of_separately_aggregated_medians
S1,handling_level|seller_id|C|w90|l14|P1|parent=global|kappa=na|min_support=5,handling_level|seller_id|C|w90|l14|P1|parent=global|kappa=na,handling_level,continuous,development,2017-05,30,top_quintile_lift,higher_is_favourable,1.79374169134,1.78392552121,0.00640651756694,4,4,3,-0.00981617012727,median_of_paired_anchor_differences,difference_of_separately_aggregated_medians
S1,handling_level|seller_id|C|w90|l14|P1|parent=global|kappa=na|min_support=5,handling_level|seller_id|C|w90|l14|P1|parent=global|kappa=na,handling_level,continuous,development,2017-05,30,weighted_spearman,higher_is_favourable,0.633016060597,0.624285571449,-0.009339727485,4,4,0,-0.00873048914743,median_of_paired_anchor_differences,difference_of_separately_aggregated_medians
S1,handling_level|seller_id|C|w90|l14|P1|parent=global|kappa=na|min_support=5,handling_level|seller_id|C|w90|l14|P1|parent=global|kappa=na,handling_level,continuous,development,2017-06,30,future_seen_coverage,higher_is_favourable,0.929251173728,0.93320547754,0.00307081776014,4,4,4,0.003954303812,median_of_paired_anchor_differences,difference_of_separately_aggregated_medians
S1,handling_level|seller_id|C|w90|l14|P1|parent=global|kappa=na|min_support=5,handling_level|seller_id|C|w90|l14|P1|parent=global|kappa=na,handling_level,continuous,development,2017-06,30,log_mae,lower_is_favourable,0.419327791133,0.420078790024,0.00114168859,4,4,1,0.000750998890803,median_of_paired_anchor_differences,difference_of_separately_aggregated_medians
S1,handling_level|seller_id|C|w90|l14|P1|parent=global|kappa=na|min_support=5,handling_level|seller_id|C|w90|l14|P1|parent=global|kappa=na,handling_level,continuous,development,2017-06,30,log_rmse,lower_is_favourable,0.524134323276,0.523294455793,-0.000670155802628,4,4,2,-0.000839867483381,median_of_paired_anchor_differences,difference_of_separately_aggregated_medians
S1,handling_level|seller_id|C|w90|l14|P1|parent=global|kappa=na|min_support=5,handling_level|seller_id|C|w90|l14|P1|parent=global|kappa=na,handling_level,continuous,development,2017-06,30,reference_minus_candidate_log_mae,higher_is_favourable,0.0710693621349,0.0729644905745,0.00237481090354,4,4,3,0.00189512843965,median_of_paired_anchor_differences,difference_of_separately_aggregated_medians
S1,handling_level|seller_id|C|w90|l14|P1|parent=global|kappa=na|min_support=5,handling_level|seller_id|C|w90|l14|P1|parent=global|kappa=na,handling_level,continuous,development,2017-06,30,support_qualified_coverage,higher_is_favourable,0.810147961743,0.83698364281,0.0232363967568,4,4,4,0.0268356810671,median_of_paired_anchor_differences,difference_of_separately_aggregated_medians
S1,handling_level|seller_id|C|w90|l14|P1|parent=global|kappa=na|min_support=5,handling_level|seller_id|C|w90|l14|P1|parent=global|kappa=na,handling_level,continuous,development,2017-06,30,top_quintile_lift,higher_is_favourable,1.74137726955,1.75005143305,0.00506343870289,4,4,3,0.00867416350382,median_of_paired_anchor_differences,difference_of_separately_aggregated_medians
S1,handling_level|seller_id|C|w90|l14|P1|parent=global|kappa=na|min_support=5,handling_level|seller_id|C|w90|l14|P1|parent=global|kappa=na,handling_level,continuous,development,2017-06,30,weighted_spearman,higher_is_favourable,0.694171598976,0.684172383585,-0.000864483192595,4,4,2,-0.00999921539144,median_of_paired_anchor_differences,difference_of_separately_aggregated_medians
S1,handling_level|seller_id|C|w90|l14|P1|parent=global|kappa=na|min_support=5,handling_level|seller_id|C|w90|l14|P1|parent=global|kappa=na,handling_level,continuous,development,2017-07,30,future_seen_coverage,higher_is_favourable,0.88579114698,0.88955372725,0.00372670807453,5,5,5,0.00376258027036,median_of_paired_anchor_differences,difference_of_separately_aggregated_medians
S1,handling_level|seller_id|C|w90|l14|P1|parent=global|kappa=na|min_support=5,handling_level|seller_id|C|w90|l14|P1|parent=global|kappa=na,handling_level,continuous,development,2017-07,30,log_mae,lower_is_favourable,0.38959534425,0.391502071499,0.00197644841548,5,5,1,0.00190672724838,median_of_paired_anchor_differences,difference_of_separately_aggregated_medians
S1,handling_level|seller_id|C|w90|l14|P1|parent=global|kappa=na|min_support=5,handling_level|seller_id|C|w90|l14|P1|parent=global|kappa=na,handling_level,continuous,development,2017-07,30,log_rmse,lower_is_favourable,0.492820472361,0.492498017906,-0.00165929493943,5,5,3,-0.000322454454968,median_of_paired_anchor_differences,difference_of_separately_aggregated_medians
S1,handling_level|seller_id|C|w90|l14|P1|parent=global|kappa=na|min_support=5,handling_level|seller_id|C|w90|l14|P1|parent=global|kappa=na,handling_level,continuous,development,2017-07,30,reference_minus_candidate_log_mae,higher_is_favourable,0.068097602739,0.0652730741304,-0.00114467549771,5,5,2,-0.00282452860862,median_of_paired_anchor_differences,difference_of_separately_aggregated_medians
S1,handling_level|seller_id|C|w90|l14|P1|parent=global|kappa=na|min_support=5,handling_level|seller_id|C|w90|l14|P1|parent=global|kappa=na,handling_level,continuous,development,2017-07,30,support_qualified_coverage,higher_is_favourable,0.771677018634,0.80099378882,0.0293167701863,5,5,5,0.0293167701863,median_of_paired_anchor_differences,difference_of_separately_aggregated_medians
S1,handling_level|seller_id|C|w90|l14|P1|parent=global|kappa=na|min_support=5,handling_level|seller_id|C|w90|l14|P1|parent=global|kappa=na,handling_level,continuous,development,2017-07,30,top_quintile_lift,higher_is_favourable,1.59652284824,1.57466726161,-0.0331595005847,5,5,0,-0.0218555866255,median_of_paired_anchor_differences,difference_of_separately_aggregated_medians
S1,handling_level|seller_id|C|w90|l14|P1|parent=global|kappa=na|min_support=5,handling_level|seller_id|C|w90|l14|P1|parent=global|kappa=na,handling_level,continuous,development,2017-07,30,weighted_spearman,higher_is_favourable,0.680811962796,0.66315978571,-0.0164727719019,5,5,0,-0.0176521770855,median_of_paired_anchor_differences,difference_of_separately_aggregated_medians
S1,handling_level|seller_id|C|w90|l14|P1|parent=global|kappa=na|min_support=5,handling_level|seller_id|C|w90|l14|P1|parent=global|kappa=na,handling_level,continuous,development,2017-08,30,future_seen_coverage,higher_is_favourable,0.889839837999,0.896826406987,0.00716942438356,4,4,4,0.00698656898746,median_of_paired_anchor_differences,difference_of_separately_aggregated_medians
S1,handling_level|seller_id|C|w90|l14|P1|parent=global|kappa=na|min_support=5,handling_level|seller_id|C|w90|l14|P1|parent=global|kappa=na,handling_level,continuous,development,2017-08,30,log_mae,lower_is_favourable,0.400529130889,0.402441602768,0.00191247187919,4,4,0,0.00191247187919,median_of_paired_anchor_differences,difference_of_separately_aggregated_medians
S1,handling_level|seller_id|C|w90|l14|P1|parent=global|kappa=na|min_support=5,handling_level|seller_id|C|w90|l14|P1|parent=global|kappa=na,handling_level,continuous,development,2017-08,30,log_rmse,lower_is_favourable,0.514298730823,0.514852166915,0.000601948961276,4,4,0,0.000553436091529,median_of_paired_anchor_differences,difference_of_separately_aggregated_medians
S1,handling_level|seller_id|C|w90|l14|P1|parent=global|kappa=na|min_support=5,handling_level|seller_id|C|w90|l14|P1|parent=global|kappa=na,handling_level,continuous,development,2017-08,30,reference_minus_candidate_log_mae,higher_is_favourable,0.056102744603,0.0561834075644,-0.000196809730144,4,4,2,8.06629613787e-05,median_of_paired_anchor_differences,difference_of_separately_aggregated_medians
S1,handling_level|seller_id|C|w90|l14|P1|parent=global|kappa=na|min_support=5,handling_level|seller_id|C|w90|l14|P1|parent=global|kappa=na,handling_level,continuous,development,2017-08,30,support_qualified_coverage,higher_is_favourable,0.770494903612,0.803663738852,0.0328437180067,4,4,4,0.0331688352399,median_of_paired_anchor_differences,difference_of_separately_aggregated_medians
S1,handling_level|seller_id|C|w90|l14|P1|parent=global|kappa=na|min_support=5,handling_level|seller_id|C|w90|l14|P1|parent=global|kappa=na,handling_level,continuous,development,2017-08,30,top_quintile_lift,higher_is_favourable,1.63549810965,1.61212106264,-0.0222029568359,4,4,1,-0.0233770470129,median_of_paired_anchor_differences,difference_of_separately_aggregated_medians
S1,handling_level|seller_id|C|w90|l14|P1|parent=global|kappa=na|min_support=5,handling_level|seller_id|C|w90|l14|P1|parent=global|kappa=na,handling_level,continuous,development,2017-08,30,weighted_spearman,higher_is_favourable,0.603364736977,0.59526461956,-0.0129684477757,4,4,0,-0.00810011741698,median_of_paired_anchor_differences,difference_of_separately_aggregated_medians
S1,handling_level|seller_id|C|w90|l14|P1|parent=global|kappa=na|min_support=5,handling_level|seller_id|C|w90|l14|P1|parent=global|kappa=na,handling_level,continuous,development,2017-09,30,future_seen_coverage,higher_is_favourable,0.891172349369,0.898464359386,0.00911992704058,5,5,5,0.00729201001629,median_of_paired_anchor_differences,difference_of_separately_aggregated_medians
S1,handling_level|seller_id|C|w90|l14|P1|parent=global|kappa=na|min_support=5,handling_level|seller_id|C|w90|l14|P1|parent=global|kappa=na,handling_level,continuous,development,2017-09,30,log_mae,lower_is_favourable,0.411057450888,0.417180908445,0.00515389373641,5,5,0,0.00612345755731,median_of_paired_anchor_differences,difference_of_separately_aggregated_medians
S1,handling_level|seller_id|C|w90|l14|P1|parent=global|kappa=na|min_support=5,handling_level|seller_id|C|w90|l14|P1|parent=global|kappa=na,handling_level,continuous,development,2017-09,30,log_rmse,lower_is_favourable,0.531550395453,0.535766165086,0.0042157696334,5,5,0,0.0042157696334,median_of_paired_anchor_differences,difference_of_separately_aggregated_medians
S1,handling_level|seller_id|C|w90|l14|P1|parent=global|kappa=na|min_support=5,handling_level|seller_id|C|w90|l14|P1|parent=global|kappa=na,handling_level,continuous,development,2017-09,30,reference_minus_candidate_log_mae,higher_is_favourable,0.0596072026462,0.0577411174494,-0.00485047022391,5,5,0,-0.00186608519684,median_of_paired_anchor_differences,difference_of_separately_aggregated_medians
S1,handling_level|seller_id|C|w90|l14|P1|parent=global|kappa=na|min_support=5,handling_level|seller_id|C|w90|l14|P1|parent=global|kappa=na,handling_level,continuous,development,2017-09,30,support_qualified_coverage,higher_is_favourable,0.775671406003,0.814118725647,0.0385056154022,5,5,5,0.0384473196443,median_of_paired_anchor_differences,difference_of_separately_aggregated_medians
S1,handling_level|seller_id|C|w90|l14|P1|parent=global|kappa=na|min_support=5,handling_level|seller_id|C|w90|l14|P1|parent=global|kappa=na,handling_level,continuous,development,2017-09,30,top_quintile_lift,higher_is_favourable,1.6296786762,1.55935316395,-0.0459188788403,5,5,0,-0.0703255122459,median_of_paired_anchor_differences,difference_of_separately_aggregated_medians
S1,handling_level|seller_id|C|w90|l14|P1|parent=global|kappa=na|min_support=5,handling_level|seller_id|C|w90|l14|P1|parent=global|kappa=na,handling_level,continuous,development,2017-09,30,weighted_spearman,higher_is_favourable,0.566355551066,0.552245656822,-0.0141098942449,5,5,2,-0.0141098942449,median_of_paired_anchor_differences,difference_of_separately_aggregated_medians
S1,handling_level|seller_id|C|w90|l14|P1|parent=global|kappa=na|min_support=5,handling_level|seller_id|C|w90|l14|P1|parent=global|kappa=na,handling_level,continuous,development,2017-10,30,future_seen_coverage,higher_is_favourable,0.878567132049,0.88558501179,0.00674416824052,4,4,4,0.00701787974082,median_of_paired_anchor_differences,difference_of_separately_aggregated_medians
S1,handling_level|seller_id|C|w90|l14|P1|parent=global|kappa=na|min_support=5,handling_level|seller_id|C|w90|l14|P1|parent=global|kappa=na,handling_level,continuous,development,2017-10,30,log_mae,lower_is_favourable,0.430363094027,0.434111787486,0.00374869345865,4,4,0,0.00374869345865,median_of_paired_anchor_differences,difference_of_separately_aggregated_medians
S1,handling_level|seller_id|C|w90|l14|P1|parent=global|kappa=na|min_support=5,handling_level|seller_id|C|w90|l14|P1|parent=global|kappa=na,handling_level,continuous,development,2017-10,30,log_rmse,lower_is_favourable,0.551299384,0.555455713347,0.0040244920222,4,4,0,0.00415632934751,median_of_paired_anchor_differences,difference_of_separately_aggregated_medians
S1,handling_level|seller_id|C|w90|l14|P1|parent=global|kappa=na|min_support=5,handling_level|seller_id|C|w90|l14|P1|parent=global|kappa=na,handling_level,continuous,development,2017-10,30,reference_minus_candidate_log_mae,higher_is_favourable,0.0538279077011,0.0500071698691,-0.00359497242003,4,4,0,-0.003820737832,median_of_paired_anchor_differences,difference_of_separately_aggregated_medians
S1,handling_level|seller_id|C|w90|l14|P1|parent=global|kappa=na|min_support=5,handling_level|seller_id|C|w90|l14|P1|parent=global|kappa=na,handling_level,continuous,development,2017-10,30,support_qualified_coverage,higher_is_favourable,0.764976064768,0.800440679264,0.0354646144957,4,4,4,0.0354646144957,median_of_paired_anchor_differences,difference_of_separately_aggregated_medians
S1,handling_level|seller_id|C|w90|l14|P1|parent=global|kappa=na|min_support=5,handling_level|seller_id|C|w90|l14|P1|parent=global|kappa=na,handling_level,continuous,development,2017-10,30,top_quintile_lift,higher_is_favourable,1.56992419049,1.5403919696,-0.0214599775657,4,4,1,-0.0295322208933,median_of_paired_anchor_differences,difference_of_separately_aggregated_medians
S1,handling_level|seller_id|C|w90|l14|P1|parent=global|kappa=na|min_support=5,handling_level|seller_id|C|w90|l14|P1|parent=global|kappa=na,handling_level,continuous,development,2017-10,30,weighted_spearman,higher_is_favourable,0.55296919127,0.539942660527,-0.00881023831856,4,4,0,-0.0130265307434,median_of_paired_anchor_differences,difference_of_separately_aggregated_medians
S1,handling_level|seller_id|C|w90|l14|P1|parent=global|kappa=na|min_support=5,handling_level|seller_id|C|w90|l14|P1|parent=global|kappa=na,handling_level,continuous,development,2017-11,30,future_seen_coverage,higher_is_favourable,0.910193634877,0.91762175177,0.00721057589382,4,4,4,0.00742811689311,median_of_paired_anchor_differences,difference_of_separately_aggregated_medians
S1,handling_level|seller_id|C|w90|l14|P1|parent=global|kappa=na|min_support=5,handling_level|seller_id|C|w90|l14|P1|parent=global|kappa=na,handling_level,continuous,development,2017-11,30,log_mae,lower_is_favourable,0.450223536114,0.456576884671,0.00635334855729,4,4,0,0.00635334855729,median_of_paired_anchor_differences,difference_of_separately_aggregated_medians
S1,handling_level|seller_id|C|w90|l14|P1|parent=global|kappa=na|min_support=5,handling_level|seller_id|C|w90|l14|P1|parent=global|kappa=na,handling_level,continuous,development,2017-11,30,log_rmse,lower_is_favourable,0.585751384685,0.59305765706,0.00856847636934,4,4,0,0.00730627237438,median_of_paired_anchor_differences,difference_of_separately_aggregated_medians
S1,handling_level|seller_id|C|w90|l14|P1|parent=global|kappa=na|min_support=5,handling_level|seller_id|C|w90|l14|P1|parent=global|kappa=na,handling_level,continuous,development,2017-11,30,reference_minus_candidate_log_mae,higher_is_favourable,0.0393492573364,0.0363193887699,-0.0047995177355,4,4,0,-0.00302986856652,median_of_paired_anchor_differences,difference_of_separately_aggregated_medians
S1,handling_level|seller_id|C|w90|l14|P1|parent=global|kappa=na|min_support=5,handling_level|seller_id|C|w90|l14|P1|parent=global|kappa=na,handling_level,continuous,development,2017-11,30,support_qualified_coverage,higher_is_favourable,0.788115667342,0.821147120159,0.034502999262,4,4,4,0.0330314528168,median_of_paired_anchor_differences,difference_of_separately_aggregated_medians
S1,handling_level|seller_id|C|w90|l14|P1|parent=global|kappa=na|min_support=5,handling_level|seller_id|C|w90|l14|P1|parent=global|kappa=na,handling_level,continuous,development,2017-11,30,top_quintile_lift,higher_is_favourable,1.51082508436,1.47811092778,-0.0563042793263,4,4,1,-0.0327141565725,median_of_paired_anchor_differences,difference_of_separately_aggregated_medians
S1,handling_level|seller_id|C|w90|l14|P1|parent=global|kappa=na|min_support=5,handling_level|seller_id|C|w90|l14|P1|parent=global|kappa=na,handling_level,continuous,development,2017-11,30,weighted_spearman,higher_is_favourable,0.54171078965,0.514581523379,-0.0206799503033,4,4,0,-0.0271292662713,median_of_paired_anchor_differences,difference_of_separately_aggregated_medians
S1,handling_level|seller_id|C|w90|l14|P1|parent=global|kappa=na|min_support=5,handling_level|seller_id|C|w90|l14|P1|parent=global|kappa=na,handling_level,continuous,development,2017-12,30,future_seen_coverage,higher_is_favourable,0.92423119674,0.933123379029,0.00889218228974,1,1,1,0.00889218228974,median_of_paired_anchor_differences,difference_of_separately_aggregated_medians
S1,handling_level|seller_id|C|w90|l14|P1|parent=global|kappa=na|min_support=5,handling_level|seller_id|C|w90|l14|P1|parent=global|kappa=na,handling_level,continuous,development,2017-12,30,log_mae,lower_is_favourable,0.454388908915,0.461249040604,0.00686013168942,1,1,0,0.00686013168942,median_of_paired_anchor_differences,difference_of_separately_aggregated_medians
S1,handling_level|seller_id|C|w90|l14|P1|parent=global|kappa=na|min_support=5,handling_level|seller_id|C|w90|l14|P1|parent=global|kappa=na,handling_level,continuous,development,2017-12,30,log_rmse,lower_is_favourable,0.578618660088,0.587353429919,0.00873476983065,1,1,0,0.00873476983065,median_of_paired_anchor_differences,difference_of_separately_aggregated_medians
S1,handling_level|seller_id|C|w90|l14|P1|parent=global|kappa=na|min_support=5,handling_level|seller_id|C|w90|l14|P1|parent=global|kappa=na,handling_level,continuous,development,2017-12,30,reference_minus_candidate_log_mae,higher_is_favourable,0.0411336947362,0.0324781078848,-0.00865558685142,1,1,0,-0.00865558685142,median_of_paired_anchor_differences,difference_of_separately_aggregated_medians
S1,handling_level|seller_id|C|w90|l14|P1|parent=global|kappa=na|min_support=5,handling_level|seller_id|C|w90|l14|P1|parent=global|kappa=na,handling_level,continuous,development,2017-12,30,support_qualified_coverage,higher_is_favourable,0.812523156725,0.849388662468,0.0368655057429,1,1,1,0.0368655057429,median_of_paired_anchor_differences,difference_of_separately_aggregated_medians
S1,handling_level|seller_id|C|w90|l14|P1|parent=global|kappa=na|min_support=5,handling_level|seller_id|C|w90|l14|P1|parent=global|kappa=na,handling_level,continuous,development,2017-12,30,top_quintile_lift,higher_is_favourable,1.49714737677,1.49104435567,-0.00610302110215,1,1,0,-0.00610302110215,median_of_paired_anchor_differences,difference_of_separately_aggregated_medians
S1,handling_level|seller_id|C|w90|l14|P1|parent=global|kappa=na|min_support=5,handling_level|seller_id|C|w90|l14|P1|parent=global|kappa=na,handling_level,continuous,development,2017-12,30,weighted_spearman,higher_is_favourable,0.497792204867,0.478353813358,-0.0194383915093,1,1,0,-0.0194383915093,median_of_paired_anchor_differences,difference_of_separately_aggregated_medians
S1,handling_level|seller_id|C|w90|l14|P1|parent=global|kappa=na|min_support=5,handling_level|seller_id|C|w90|l14|P1|parent=global|kappa=na,handling_level,continuous,terminal,2018-07,7,future_seen_coverage,higher_is_favourable,0.912354087507,0.923647618072,0.0131376219302,4,4,4,0.0112935305649,median_of_paired_anchor_differences,difference_of_separately_aggregated_medians
S1,handling_level|seller_id|C|w90|l14|P1|parent=global|kappa=na|min_support=5,handling_level|seller_id|C|w90|l14|P1|parent=global|kappa=na,handling_level,continuous,terminal,2018-07,7,log_mae,lower_is_favourable,0.442621873502,0.476366784644,0.0315770361553,4,4,0,0.033744911142,median_of_paired_anchor_differences,difference_of_separately_aggregated_medians
S1,handling_level|seller_id|C|w90|l14|P1|parent=global|kappa=na|min_support=5,handling_level|seller_id|C|w90|l14|P1|parent=global|kappa=na,handling_level,continuous,terminal,2018-07,7,log_rmse,lower_is_favourable,0.559124275845,0.585699416219,0.0176871574296,4,4,1,0.0265751403743,median_of_paired_anchor_differences,difference_of_separately_aggregated_medians
S1,handling_level|seller_id|C|w90|l14|P1|parent=global|kappa=na|min_support=5,handling_level|seller_id|C|w90|l14|P1|parent=global|kappa=na,handling_level,continuous,terminal,2018-07,7,reference_minus_candidate_log_mae,higher_is_favourable,0.104556316738,0.0972901195387,-0.00499283982307,4,4,1,-0.00726619719964,median_of_paired_anchor_differences,difference_of_separately_aggregated_medians
S1,handling_level|seller_id|C|w90|l14|P1|parent=global|kappa=na|min_support=5,handling_level|seller_id|C|w90|l14|P1|parent=global|kappa=na,handling_level,continuous,terminal,2018-07,7,support_qualified_coverage,higher_is_favourable,0.775295352838,0.834930429121,0.0617128840401,4,4,4,0.0596350762828,median_of_paired_anchor_differences,difference_of_separately_aggregated_medians
S1,handling_level|seller_id|C|w90|l14|P1|parent=global|kappa=na|min_support=5,handling_level|seller_id|C|w90|l14|P1|parent=global|kappa=na,handling_level,continuous,terminal,2018-07,7,top_quintile_lift,higher_is_favourable,2.03843675493,1.95331060916,-0.0475904874105,4,4,1,-0.0851261457695,median_of_paired_anchor_differences,difference_of_separately_aggregated_medians
S1,handling_level|seller_id|C|w90|l14|P1|parent=global|kappa=na|min_support=5,handling_level|seller_id|C|w90|l14|P1|parent=global|kappa=na,handling_level,continuous,terminal,2018-07,7,weighted_spearman,higher_is_favourable,0.536556667951,0.512002113479,-0.0436373453086,4,4,1,-0.0245545544718,median_of_paired_anchor_differences,difference_of_separately_aggregated_medians
S1,handling_level|seller_id|C|w90|l14|P1|parent=global|kappa=na|min_support=5,handling_level|seller_id|C|w90|l14|P1|parent=global|kappa=na,handling_level,continuous,terminal,2018-08,7,future_seen_coverage,higher_is_favourable,0.889128094726,0.907427341227,0.0131826741996,3,3,3,0.0182992465016,median_of_paired_anchor_differences,difference_of_separately_aggregated_medians
S1,handling_level|seller_id|C|w90|l14|P1|parent=global|kappa=na|min_support=5,handling_level|seller_id|C|w90|l14|P1|parent=global|kappa=na,handling_level,continuous,terminal,2018-08,7,log_mae,lower_is_favourable,0.404722560651,0.436417186034,0.0316946253825,3,3,0,0.0316946253825,median_of_paired_anchor_differences,difference_of_separately_aggregated_medians
S1,handling_level|seller_id|C|w90|l14|P1|parent=global|kappa=na|min_support=5,handling_level|seller_id|C|w90|l14|P1|parent=global|kappa=na,handling_level,continuous,terminal,2018-08,7,log_rmse,lower_is_favourable,0.505265346849,0.532557057883,0.0272917110338,3,3,0,0.0272917110338,median_of_paired_anchor_differences,difference_of_separately_aggregated_medians
S1,handling_level|seller_id|C|w90|l14|P1|parent=global|kappa=na|min_support=5,handling_level|seller_id|C|w90|l14|P1|parent=global|kappa=na,handling_level,continuous,terminal,2018-08,7,reference_minus_candidate_log_mae,higher_is_favourable,0.0820399937193,0.0884224900878,0.00886307286351,3,3,3,0.00638249636854,median_of_paired_anchor_differences,difference_of_separately_aggregated_medians
S1,handling_level|seller_id|C|w90|l14|P1|parent=global|kappa=na|min_support=5,handling_level|seller_id|C|w90|l14|P1|parent=global|kappa=na,handling_level,continuous,terminal,2018-08,7,support_qualified_coverage,higher_is_favourable,0.751345532831,0.815931108719,0.0626177024482,3,3,3,0.0645855758881,median_of_paired_anchor_differences,difference_of_separately_aggregated_medians
S1,handling_level|seller_id|C|w90|l14|P1|parent=global|kappa=na|min_support=5,handling_level|seller_id|C|w90|l14|P1|parent=global|kappa=na,handling_level,continuous,terminal,2018-08,7,top_quintile_lift,higher_is_favourable,1.82441881498,1.79781202165,-0.0955416138386,3,3,1,-0.0266067933243,median_of_paired_anchor_differences,difference_of_separately_aggregated_medians
S1,handling_level|seller_id|C|w90|l14|P1|parent=global|kappa=na|min_support=5,handling_level|seller_id|C|w90|l14|P1|parent=global|kappa=na,handling_level,continuous,terminal,2018-08,7,weighted_spearman,higher_is_favourable,0.537986773341,0.510983912095,-0.0519953915619,3,3,0,-0.0270028612456,median_of_paired_anchor_differences,difference_of_separately_aggregated_medians
S1,handling_level|seller_id|C|w90|l14|P1|parent=global|kappa=na|min_support=5,handling_level|seller_id|C|w90|l14|P1|parent=global|kappa=na,handling_level,continuous,terminal,2018-07,30,future_seen_coverage,higher_is_favourable,0.880459565458,0.894459249932,0.0132341920989,4,4,4,0.0139996844741,median_of_paired_anchor_differences,difference_of_separately_aggregated_medians
S1,handling_level|seller_id|C|w90|l14|P1|parent=global|kappa=na|min_support=5,handling_level|seller_id|C|w90|l14|P1|parent=global|kappa=na,handling_level,continuous,terminal,2018-07,30,log_mae,lower_is_favourable,0.434578740311,0.463698902885,0.0291201625742,4,4,0,0.0291201625742,median_of_paired_anchor_differences,difference_of_separately_aggregated_medians
S1,handling_level|seller_id|C|w90|l14|P1|parent=global|kappa=na|min_support=5,handling_level|seller_id|C|w90|l14|P1|parent=global|kappa=na,handling_level,continuous,terminal,2018-07,30,log_rmse,lower_is_favourable,0.543597803556,0.564489471165,0.021561953834,4,4,0,0.0208916676099,median_of_paired_anchor_differences,difference_of_separately_aggregated_medians
S1,handling_level|seller_id|C|w90|l14|P1|parent=global|kappa=na|min_support=5,handling_level|seller_id|C|w90|l14|P1|parent=global|kappa=na,handling_level,continuous,terminal,2018-07,30,reference_minus_candidate_log_mae,higher_is_favourable,0.0795197934862,0.083115958391,0.00359616490477,4,4,3,0.00359616490477,median_of_paired_anchor_differences,difference_of_separately_aggregated_medians
S1,handling_level|seller_id|C|w90|l14|P1|parent=global|kappa=na|min_support=5,handling_level|seller_id|C|w90|l14|P1|parent=global|kappa=na,handling_level,continuous,terminal,2018-07,30,support_qualified_coverage,higher_is_favourable,0.741809362976,0.801079394518,0.0581587750218,4,4,4,0.0592700315417,median_of_paired_anchor_differences,difference_of_separately_aggregated_medians
S1,handling_level|seller_id|C|w90|l14|P1|parent=global|kappa=na|min_support=5,handling_level|seller_id|C|w90|l14|P1|parent=global|kappa=na,handling_level,continuous,terminal,2018-07,30,top_quintile_lift,higher_is_favourable,1.9237108867,1.91177793802,-0.0216139206734,4,4,1,-0.0119329486824,median_of_paired_anchor_differences,difference_of_separately_aggregated_medians
S1,handling_level|seller_id|C|w90|l14|P1|parent=global|kappa=na|min_support=5,handling_level|seller_id|C|w90|l14|P1|parent=global|kappa=na,handling_level,continuous,terminal,2018-07,30,weighted_spearman,higher_is_favourable,0.581403671238,0.54871948991,-0.0375453050754,4,4,0,-0.0326841813286,median_of_paired_anchor_differences,difference_of_separately_aggregated_medians
S2,handling_tail|seller_id|A|w90|l0|P1|parent=global|kappa=10|min_support=5,handling_tail|seller_id|A|w90|l0|P1|parent=global|kappa=10,handling_tail,binary,confirmation,2018-01,7,brier,lower_is_favourable,0.0425000019282,0.0443834858906,0.0012587058185,4,4,0,0.00188348396236,median_of_paired_anchor_differences,difference_of_separately_aggregated_medians
S2,handling_tail|seller_id|A|w90|l0|P1|parent=global|kappa=10|min_support=5,handling_tail|seller_id|A|w90|l0|P1|parent=global|kappa=10,handling_tail,binary,confirmation,2018-01,7,future_seen_coverage,higher_is_favourable,0.961047768386,0.965240108469,0.00419234008285,4,4,4,0.00419234008285,median_of_paired_anchor_differences,difference_of_separately_aggregated_medians
S2,handling_tail|seller_id|A|w90|l0|P1|parent=global|kappa=10|min_support=5,handling_tail|seller_id|A|w90|l0|P1|parent=global|kappa=10,handling_tail,binary,confirmation,2018-01,7,log_loss,lower_is_favourable,0.163655422404,0.168185988916,0.00582773495865,4,4,1,0.00453056651135,median_of_paired_anchor_differences,difference_of_separately_aggregated_medians
S2,handling_tail|seller_id|A|w90|l0|P1|parent=global|kappa=10|min_support=5,handling_tail|seller_id|A|w90|l0|P1|parent=global|kappa=10,handling_tail,binary,confirmation,2018-01,7,reference_minus_candidate_brier,higher_is_favourable,0.0172166849556,0.0156467912131,-0.00129550373551,4,4,0,-0.00156989374254,median_of_paired_anchor_differences,difference_of_separately_aggregated_medians
S2,handling_tail|seller_id|A|w90|l0|P1|parent=global|kappa=10|min_support=5,handling_tail|seller_id|A|w90|l0|P1|parent=global|kappa=10,handling_tail,binary,confirmation,2018-01,7,reference_minus_candidate_log_loss,higher_is_favourable,0.0720320178816,0.0635975170885,-0.00646156932462,4,4,0,-0.00843450079309,median_of_paired_anchor_differences,difference_of_separately_aggregated_medians
S2,handling_tail|seller_id|A|w90|l0|P1|parent=global|kappa=10|min_support=5,handling_tail|seller_id|A|w90|l0|P1|parent=global|kappa=10,handling_tail,binary,confirmation,2018-01,7,support_qualified_coverage,higher_is_favourable,0.847355154229,0.885471459563,0.0378388272952,4,4,4,0.0381163053338,median_of_paired_anchor_differences,difference_of_separately_aggregated_medians
S2,handling_tail|seller_id|A|w90|l0|P1|parent=global|kappa=10|min_support=5,handling_tail|seller_id|A|w90|l0|P1|parent=global|kappa=10,handling_tail,binary,confirmation,2018-01,7,top10_order_lift,higher_is_favourable,5.18655167652,5.12069813176,0.111547770207,4,4,3,-0.0658535447636,median_of_paired_anchor_differences,difference_of_separately_aggregated_medians
S2,handling_tail|seller_id|A|w90|l0|P1|parent=global|kappa=10|min_support=5,handling_tail|seller_id|A|w90|l0|P1|parent=global|kappa=10,handling_tail,binary,confirmation,2018-01,7,top_quintile_lift,higher_is_favourable,3.67661003416,3.5627716175,-0.0192552841876,4,4,1,-0.113838416658,median_of_paired_anchor_differences,difference_of_separately_aggregated_medians
S2,handling_tail|seller_id|A|w90|l0|P1|parent=global|kappa=10|min_support=5,handling_tail|seller_id|A|w90|l0|P1|parent=global|kappa=10,handling_tail,binary,confirmation,2018-01,7,weighted_spearman,higher_is_favourable,0.376462552596,0.343464110508,-0.0254090877134,4,4,1,-0.0329984420883,median_of_paired_anchor_differences,difference_of_separately_aggregated_medians
S2,handling_tail|seller_id|A|w90|l0|P1|parent=global|kappa=10|min_support=5,handling_tail|seller_id|A|w90|l0|P1|parent=global|kappa=10,handling_tail,binary,confirmation,2018-02,7,brier,lower_is_favourable,0.058576419369,0.0579514766776,0.000774381508296,4,4,2,-0.000624942691369,median_of_paired_anchor_differences,difference_of_separately_aggregated_medians
S2,handling_tail|seller_id|A|w90|l0|P1|parent=global|kappa=10|min_support=5,handling_tail|seller_id|A|w90|l0|P1|parent=global|kappa=10,handling_tail,binary,confirmation,2018-02,7,future_seen_coverage,higher_is_favourable,0.955382241967,0.96540383077,0.00609229403396,4,4,4,0.0100215888028,median_of_paired_anchor_differences,difference_of_separately_aggregated_medians
S2,handling_tail|seller_id|A|w90|l0|P1|parent=global|kappa=10|min_support=5,handling_tail|seller_id|A|w90|l0|P1|parent=global|kappa=10,handling_tail,binary,confirmation,2018-02,7,log_loss,lower_is_favourable,0.220087196766,0.215419324744,-0.00105245586448,4,4,2,-0.00466787202173,median_of_paired_anchor_differences,difference_of_separately_aggregated_medians
S2,handling_tail|seller_id|A|w90|l0|P1|parent=global|kappa=10|min_support=5,handling_tail|seller_id|A|w90|l0|P1|parent=global|kappa=10,handling_tail,binary,confirmation,2018-02,7,reference_minus_candidate_brier,higher_is_favourable,0.0126127757623,0.0120312021211,-0.000594714522739,4,4,2,-0.000581573641146,median_of_paired_anchor_differences,difference_of_separately_aggregated_medians
S2,handling_tail|seller_id|A|w90|l0|P1|parent=global|kappa=10|min_support=5,handling_tail|seller_id|A|w90|l0|P1|parent=global|kappa=10,handling_tail,binary,confirmation,2018-02,7,reference_minus_candidate_log_loss,higher_is_favourable,0.0551520431426,0.0510157393964,0.00238526496179,4,4,3,-0.00413630374624,median_of_paired_anchor_differences,difference_of_separately_aggregated_medians
S2,handling_tail|seller_id|A|w90|l0|P1|parent=global|kappa=10|min_support=5,handling_tail|seller_id|A|w90|l0|P1|parent=global|kappa=10,handling_tail,binary,confirmation,2018-02,7,support_qualified_coverage,higher_is_favourable,0.873700118176,0.9062871072,0.0311902018693,4,4,4,0.0325869890239,median_of_paired_anchor_differences,difference_of_separately_aggregated_medians
S2,handling_tail|seller_id|A|w90|l0|P1|parent=global|kappa=10|min_support=5,handling_tail|seller_id|A|w90|l0|P1|parent=global|kappa=10,handling_tail,binary,confirmation,2018-02,7,top10_order_lift,higher_is_favourable,4.55116242805,4.44063955223,0,4,4,1,-0.110522875817,median_of_paired_anchor_differences,difference_of_separately_aggregated_medians
S2,handling_tail|seller_id|A|w90|l0|P1|parent=global|kappa=10|min_support=5,handling_tail|seller_id|A|w90|l0|P1|parent=global|kappa=10,handling_tail,binary,confirmation,2018-02,7,top_quintile_lift,higher_is_favourable,3.30235715475,3.20649312206,0.0169063737396,4,4,2,-0.0958640326829,median_of_paired_anchor_differences,difference_of_separately_aggregated_medians
S2,handling_tail|seller_id|A|w90|l0|P1|parent=global|kappa=10|min_support=5,handling_tail|seller_id|A|w90|l0|P1|parent=global|kappa=10,handling_tail,binary,confirmation,2018-02,7,weighted_spearman,higher_is_favourable,0.36561240119,0.391027520383,0.0210202612385,4,4,2,0.0254151191933,median_of_paired_anchor_differences,difference_of_separately_aggregated_medians
S2,handling_tail|seller_id|A|w90|l0|P1|parent=global|kappa=10|min_support=5,handling_tail|seller_id|A|w90|l0|P1|parent=global|kappa=10,handling_tail,binary,confirmation,2018-03,7,brier,lower_is_favourable,0.0363224750506,0.0363008201233,0.000236937863897,5,5,1,-2.1654927323e-05,median_of_paired_anchor_differences,difference_of_separately_aggregated_medians
S2,handling_tail|seller_id|A|w90|l0|P1|parent=global|kappa=10|min_support=5,handling_tail|seller_id|A|w90|l0|P1|parent=global|kappa=10,handling_tail,binary,confirmation,2018-03,7,future_seen_coverage,higher_is_favourable,0.966919365955,0.973811164714,0.00653983353151,5,5,5,0.00689179875948,median_of_paired_anchor_differences,difference_of_separately_aggregated_medians
S2,handling_tail|seller_id|A|w90|l0|P1|parent=global|kappa=10|min_support=5,handling_tail|seller_id|A|w90|l0|P1|parent=global|kappa=10,handling_tail,binary,confirmation,2018-03,7,log_loss,lower_is_favourable,0.147081031996,0.143674195205,-0.00152381926933,5,5,4,-0.00340683679145,median_of_paired_anchor_differences,difference_of_separately_aggregated_medians
S2,handling_tail|seller_id|A|w90|l0|P1|parent=global|kappa=10|min_support=5,handling_tail|seller_id|A|w90|l0|P1|parent=global|kappa=10,handling_tail,binary,confirmation,2018-03,7,reference_minus_candidate_brier,higher_is_favourable,0.0180647293013,0.0170364614541,-0.000223039861743,5,5,1,-0.00102826784714,median_of_paired_anchor_differences,difference_of_separately_aggregated_medians
S2,handling_tail|seller_id|A|w90|l0|P1|parent=global|kappa=10|min_support=5,handling_tail|seller_id|A|w90|l0|P1|parent=global|kappa=10,handling_tail,binary,confirmation,2018-03,7,reference_minus_candidate_log_loss,higher_is_favourable,0.0747206832205,0.0764184755002,0.00163133500194,5,5,3,0.00169779227969,median_of_paired_anchor_differences,difference_of_separately_aggregated_medians
S2,handling_tail|seller_id|A|w90|l0|P1|parent=global|kappa=10|min_support=5,handling_tail|seller_id|A|w90|l0|P1|parent=global|kappa=10,handling_tail,binary,confirmation,2018-03,7,support_qualified_coverage,higher_is_favourable,0.868451025057,0.920273348519,0.038644470868,5,5,5,0.0518223234624,median_of_paired_anchor_differences,difference_of_separately_aggregated_medians
S2,handling_tail|seller_id|A|w90|l0|P1|parent=global|kappa=10|min_support=5,handling_tail|seller_id|A|w90|l0|P1|parent=global|kappa=10,handling_tail,binary,confirmation,2018-03,7,top10_order_lift,higher_is_favourable,6.25531001931,6.73469387755,0.24296435272,5,5,4,0.479383858242,median_of_paired_anchor_differences,difference_of_separately_aggregated_medians
S2,handling_tail|seller_id|A|w90|l0|P1|parent=global|kappa=10|min_support=5,handling_tail|seller_id|A|w90|l0|P1|parent=global|kappa=10,handling_tail,binary,confirmation,2018-03,7,top_quintile_lift,higher_is_favourable,3.75063849547,3.94109474854,0.190456253069,5,5,5,0.190456253069,median_of_paired_anchor_differences,difference_of_separately_aggregated_medians
S2,handling_tail|seller_id|A|w90|l0|P1|parent=global|kappa=10|min_support=5,handling_tail|seller_id|A|w90|l0|P1|parent=global|kappa=10,handling_tail,binary,confirmation,2018-03,7,weighted_spearman,higher_is_favourable,0.354537484478,0.395275380566,0.0407378960878,5,5,5,0.0407378960878,median_of_paired_anchor_differences,difference_of_separately_aggregated_medians
S2,handling_tail|seller_id|A|w90|l0|P1|parent=global|kappa=10|min_support=5,handling_tail|seller_id|A|w90|l0|P1|parent=global|kappa=10,handling_tail,binary,confirmation,2018-04,7,brier,lower_is_favourable,0.0303932188534,0.0317078039797,0.000685154302013,4,4,1,0.00131458512631,median_of_paired_anchor_differences,difference_of_separately_aggregated_medians
S2,handling_tail|seller_id|A|w90|l0|P1|parent=global|kappa=10|min_support=5,handling_tail|seller_id|A|w90|l0|P1|parent=global|kappa=10,handling_tail,binary,confirmation,2018-04,7,future_seen_coverage,higher_is_favourable,0.947741529428,0.957192620307,0.00854369633278,4,4,4,0.00945109087929,median_of_paired_anchor_differences,difference_of_separately_aggregated_medians
S2,handling_tail|seller_id|A|w90|l0|P1|parent=global|kappa=10|min_support=5,handling_tail|seller_id|A|w90|l0|P1|parent=global|kappa=10,handling_tail,binary,confirmation,2018-04,7,log_loss,lower_is_favourable,0.130825456631,0.130565774377,-0.0017896914462,4,4,3,-0.000259682254517,median_of_paired_anchor_differences,difference_of_separately_aggregated_medians
S2,handling_tail|seller_id|A|w90|l0|P1|parent=global|kappa=10|min_support=5,handling_tail|seller_id|A|w90|l0|P1|parent=global|kappa=10,handling_tail,binary,confirmation,2018-04,7,reference_minus_candidate_brier,higher_is_favourable,0.00974313222777,0.00987292893386,-0.000456139685673,4,4,1,0.00012979670609,median_of_paired_anchor_differences,difference_of_separately_aggregated_medians
S2,handling_tail|seller_id|A|w90|l0|P1|parent=global|kappa=10|min_support=5,handling_tail|seller_id|A|w90|l0|P1|parent=global|kappa=10,handling_tail,binary,confirmation,2018-04,7,reference_minus_candidate_log_loss,higher_is_favourable,0.0523152408631,0.0540308024546,0.00362985147714,4,4,3,0.00171556159149,median_of_paired_anchor_differences,difference_of_separately_aggregated_medians
S2,handling_tail|seller_id|A|w90|l0|P1|parent=global|kappa=10|min_support=5,handling_tail|seller_id|A|w90|l0|P1|parent=global|kappa=10,handling_tail,binary,confirmation,2018-04,7,support_qualified_coverage,higher_is_favourable,0.844835707922,0.882494848093,0.0382802858259,4,4,4,0.0376591401708,median_of_paired_anchor_differences,difference_of_separately_aggregated_medians
S2,handling_tail|seller_id|A|w90|l0|P1|parent=global|kappa=10|min_support=5,handling_tail|seller_id|A|w90|l0|P1|parent=global|kappa=10,handling_tail,binary,confirmation,2018-04,7,top10_order_lift,higher_is_favourable,5.63869179601,5.80858805828,0.0243055169088,4,4,2,0.169896262274,median_of_paired_anchor_differences,difference_of_separately_aggregated_medians
S2,handling_tail|seller_id|A|w90|l0|P1|parent=global|kappa=10|min_support=5,handling_tail|seller_id|A|w90|l0|P1|parent=global|kappa=10,handling_tail,binary,confirmation,2018-04,7,top_quintile_lift,higher_is_favourable,3.39415056129,3.82744690669,0.425808372809,4,4,4,0.433296345404,median_of_paired_anchor_differences,difference_of_separately_aggregated_medians
S2,handling_tail|seller_id|A|w90|l0|P1|parent=global|kappa=10|min_support=5,handling_tail|seller_id|A|w90|l0|P1|parent=global|kappa=10,handling_tail,binary,confirmation,2018-04,7,weighted_spearman,higher_is_favourable,0.347120278628,0.370004700238,0.0284453867836,4,4,4,0.0228844216101,median_of_paired_anchor_differences,difference_of_separately_aggregated_medians
S2,handling_tail|seller_id|A|w90|l0|P1|parent=global|kappa=10|min_support=5,handling_tail|seller_id|A|w90|l0|P1|parent=global|kappa=10,handling_tail,binary,confirmation,2018-05,7,brier,lower_is_favourable,0.0325675948832,0.0346229657596,0.00181704711979,4,4,1,0.00205537087635,median_of_paired_anchor_differences,difference_of_separately_aggregated_medians
S2,handling_tail|seller_id|A|w90|l0|P1|parent=global|kappa=10|min_support=5,handling_tail|seller_id|A|w90|l0|P1|parent=global|kappa=10,handling_tail,binary,confirmation,2018-05,7,future_seen_coverage,higher_is_favourable,0.954698647674,0.962334356481,0.00795738596596,4,4,4,0.00763570880767,median_of_paired_anchor_differences,difference_of_separately_aggregated_medians
S2,handling_tail|seller_id|A|w90|l0|P1|parent=global|kappa=10|min_support=5,handling_tail|seller_id|A|w90|l0|P1|parent=global|kappa=10,handling_tail,binary,confirmation,2018-05,7,log_loss,lower_is_favourable,0.126810750598,0.135746990776,0.0082676411991,4,4,1,0.0089362401782,median_of_paired_anchor_differences,difference_of_separately_aggregated_medians
S2,handling_tail|seller_id|A|w90|l0|P1|parent=global|kappa=10|min_support=5,handling_tail|seller_id|A|w90|l0|P1|parent=global|kappa=10,handling_tail,binary,confirmation,2018-05,7,reference_minus_candidate_brier,higher_is_favourable,0.017902187378,0.0171235761788,-0.00172163178842,4,4,1,-0.000778611199236,median_of_paired_anchor_differences,difference_of_separately_aggregated_medians
S2,handling_tail|seller_id|A|w90|l0|P1|parent=global|kappa=10|min_support=5,handling_tail|seller_id|A|w90|l0|P1|parent=global|kappa=10,handling_tail,binary,confirmation,2018-05,7,reference_minus_candidate_log_loss,higher_is_favourable,0.0724436844848,0.07082315377,-0.00634569642303,4,4,1,-0.00162053071473,median_of_paired_anchor_differences,difference_of_separately_aggregated_medians
S2,handling_tail|seller_id|A|w90|l0|P1|parent=global|kappa=10|min_support=5,handling_tail|seller_id|A|w90|l0|P1|parent=global|kappa=10,handling_tail,binary,confirmation,2018-05,7,support_qualified_coverage,higher_is_favourable,0.860430494369,0.887470073769,0.0270395793999,4,4,4,0.0270395793999,median_of_paired_anchor_differences,difference_of_separately_aggregated_medians
S2,handling_tail|seller_id|A|w90|l0|P1|parent=global|kappa=10|min_support=5,handling_tail|seller_id|A|w90|l0|P1|parent=global|kappa=10,handling_tail,binary,confirmation,2018-05,7,top10_order_lift,higher_is_favourable,7.16944911707,6.56808739092,-0.601361726147,4,4,0,-0.601361726147,median_of_paired_anchor_differences,difference_of_separately_aggregated_medians
S2,handling_tail|seller_id|A|w90|l0|P1|parent=global|kappa=10|min_support=5,handling_tail|seller_id|A|w90|l0|P1|parent=global|kappa=10,handling_tail,binary,confirmation,2018-05,7,top_quintile_lift,higher_is_favourable,4.40854715485,3.70817039641,-0.599623149395,4,4,0,-0.700376758436,median_of_paired_anchor_differences,difference_of_separately_aggregated_medians
S2,handling_tail|seller_id|A|w90|l0|P1|parent=global|kappa=10|min_support=5,handling_tail|seller_id|A|w90|l0|P1|parent=global|kappa=10,handling_tail,binary,confirmation,2018-05,7,weighted_spearman,higher_is_favourable,0.356336368372,0.377181133219,-0.0173697561648,4,4,1,0.0208447648461,median_of_paired_anchor_differences,difference_of_separately_aggregated_medians
S2,handling_tail|seller_id|A|w90|l0|P1|parent=global|kappa=10|min_support=5,handling_tail|seller_id|A|w90|l0|P1|parent=global|kappa=10,handling_tail,binary,confirmation,2018-06,7,brier,lower_is_favourable,0.0279899865889,0.0284514338371,0.00046144724823,4,4,2,0.00046144724823,median_of_paired_anchor_differences,difference_of_separately_aggregated_medians
S2,handling_tail|seller_id|A|w90|l0|P1|parent=global|kappa=10|min_support=5,handling_tail|seller_id|A|w90|l0|P1|parent=global|kappa=10,handling_tail,binary,confirmation,2018-06,7,future_seen_coverage,higher_is_favourable,0.949587474826,0.958228493083,0.00700425984218,4,4,4,0.00864101825699,median_of_paired_anchor_differences,difference_of_separately_aggregated_medians
S2,handling_tail|seller_id|A|w90|l0|P1|parent=global|kappa=10|min_support=5,handling_tail|seller_id|A|w90|l0|P1|parent=global|kappa=10,handling_tail,binary,confirmation,2018-06,7,log_loss,lower_is_favourable,0.11231558198,0.115655615635,0.00334003365484,4,4,1,0.00334003365484,median_of_paired_anchor_differences,difference_of_separately_aggregated_medians
S2,handling_tail|seller_id|A|w90|l0|P1|parent=global|kappa=10|min_support=5,handling_tail|seller_id|A|w90|l0|P1|parent=global|kappa=10,handling_tail,binary,confirmation,2018-06,7,reference_minus_candidate_brier,higher_is_favourable,0.0106210035347,0.0104289930506,-4.82223204801e-06,4,4,2,-0.000192010484022,median_of_paired_anchor_differences,difference_of_separately_aggregated_medians
S2,handling_tail|seller_id|A|w90|l0|P1|parent=global|kappa=10|min_support=5,handling_tail|seller_id|A|w90|l0|P1|parent=global|kappa=10,handling_tail,binary,confirmation,2018-06,7,reference_minus_candidate_log_loss,higher_is_favourable,0.0552222888176,0.055151941844,0.00071588536003,4,4,2,-7.03469736335e-05,median_of_paired_anchor_differences,difference_of_separately_aggregated_medians
S2,handling_tail|seller_id|A|w90|l0|P1|parent=global|kappa=10|min_support=5,handling_tail|seller_id|A|w90|l0|P1|parent=global|kappa=10,handling_tail,binary,confirmation,2018-06,7,support_qualified_coverage,higher_is_favourable,0.827257980981,0.876969619042,0.0497116380613,4,4,4,0.0497116380613,median_of_paired_anchor_differences,difference_of_separately_aggregated_medians
S2,handling_tail|seller_id|A|w90|l0|P1|parent=global|kappa=10|min_support=5,handling_tail|seller_id|A|w90|l0|P1|parent=global|kappa=10,handling_tail,binary,confirmation,2018-06,7,top10_order_lift,higher_is_favourable,6.57405776397,6.64755351842,0.295869900499,4,4,3,0.0734957544474,median_of_paired_anchor_differences,difference_of_separately_aggregated_medians
S2,handling_tail|seller_id|A|w90|l0|P1|parent=global|kappa=10|min_support=5,handling_tail|seller_id|A|w90|l0|P1|parent=global|kappa=10,handling_tail,binary,confirmation,2018-06,7,top_quintile_lift,higher_is_favourable,4.25790948955,3.84860859699,-0.269945863689,4,4,0,-0.409300892556,median_of_paired_anchor_differences,difference_of_separately_aggregated_medians
S2,handling_tail|seller_id|A|w90|l0|P1|parent=global|kappa=10|min_support=5,handling_tail|seller_id|A|w90|l0|P1|parent=global|kappa=10,handling_tail,binary,confirmation,2018-06,7,weighted_spearman,higher_is_favourable,0.28542363836,0.299913328416,0.0162108338152,4,4,3,0.0144896900556,median_of_paired_anchor_differences,difference_of_separately_aggregated_medians
S2,handling_tail|seller_id|A|w90|l0|P1|parent=global|kappa=10|min_support=5,handling_tail|seller_id|A|w90|l0|P1|parent=global|kappa=10,handling_tail,binary,confirmation,2018-01,30,brier,lower_is_favourable,0.0535533272376,0.0544264115118,0.000982040906419,4,4,0,0.000873084274164,median_of_paired_anchor_differences,difference_of_separately_aggregated_medians
S2,handling_tail|seller_id|A|w90|l0|P1|parent=global|kappa=10|min_support=5,handling_tail|seller_id|A|w90|l0|P1|parent=global|kappa=10,handling_tail,binary,confirmation,2018-01,30,future_seen_coverage,higher_is_favourable,0.929045409196,0.934219952979,0.00488893158559,4,4,4,0.00517454378334,median_of_paired_anchor_differences,difference_of_separately_aggregated_medians
S2,handling_tail|seller_id|A|w90|l0|P1|parent=global|kappa=10|min_support=5,handling_tail|seller_id|A|w90|l0|P1|parent=global|kappa=10,handling_tail,binary,confirmation,2018-01,30,log_loss,lower_is_favourable,0.201986970827,0.20351407242,0.0018464511074,4,4,0,0.00152710159224,median_of_paired_anchor_differences,difference_of_separately_aggregated_medians
S2,handling_tail|seller_id|A|w90|l0|P1|parent=global|kappa=10|min_support=5,handling_tail|seller_id|A|w90|l0|P1|parent=global|kappa=10,handling_tail,binary,confirmation,2018-01,30,reference_minus_candidate_brier,higher_is_favourable,0.0153422606191,0.0141254411001,-0.000966863486313,4,4,0,-0.00121681951909,median_of_paired_anchor_differences,difference_of_separately_aggregated_medians
S2,handling_tail|seller_id|A|w90|l0|P1|parent=global|kappa=10|min_support=5,handling_tail|seller_id|A|w90|l0|P1|parent=global|kappa=10,handling_tail,binary,confirmation,2018-01,30,reference_minus_candidate_log_loss,higher_is_favourable,0.063032232503,0.061159521365,-0.00172779707316,4,4,0,-0.00187271113801,median_of_paired_anchor_differences,difference_of_separately_aggregated_medians
S2,handling_tail|seller_id|A|w90|l0|P1|parent=global|kappa=10|min_support=5,handling_tail|seller_id|A|w90|l0|P1|parent=global|kappa=10,handling_tail,binary,confirmation,2018-01,30,support_qualified_coverage,higher_is_favourable,0.824517628742,0.861951611275,0.0377265952501,4,4,4,0.0374339825326,median_of_paired_anchor_differences,difference_of_separately_aggregated_medians
S2,handling_tail|seller_id|A|w90|l0|P1|parent=global|kappa=10|min_support=5,handling_tail|seller_id|A|w90|l0|P1|parent=global|kappa=10,handling_tail,binary,confirmation,2018-01,30,top10_order_lift,higher_is_favourable,4.83605592421,4.86959029552,-0.0670947248128,4,4,1,0.0335343713129,median_of_paired_anchor_differences,difference_of_separately_aggregated_medians
S2,handling_tail|seller_id|A|w90|l0|P1|parent=global|kappa=10|min_support=5,handling_tail|seller_id|A|w90|l0|P1|parent=global|kappa=10,handling_tail,binary,confirmation,2018-01,30,top_quintile_lift,higher_is_favourable,3.09994555323,3.35767023505,0.153437892077,4,4,4,0.257724681815,median_of_paired_anchor_differences,difference_of_separately_aggregated_medians
S2,handling_tail|seller_id|A|w90|l0|P1|parent=global|kappa=10|min_support=5,handling_tail|seller_id|A|w90|l0|P1|parent=global|kappa=10,handling_tail,binary,confirmation,2018-01,30,weighted_spearman,higher_is_favourable,0.312784722177,0.343642696123,0.0308579739463,4,4,3,0.0308579739463,median_of_paired_anchor_differences,difference_of_separately_aggregated_medians
S2,handling_tail|seller_id|A|w90|l0|P1|parent=global|kappa=10|min_support=5,handling_tail|seller_id|A|w90|l0|P1|parent=global|kappa=10,handling_tail,binary,confirmation,2018-02,30,brier,lower_is_favourable,0.046482578839,0.0466380829843,0.000155504145319,4,4,1,0.000155504145319,median_of_paired_anchor_differences,difference_of_separately_aggregated_medians
S2,handling_tail|seller_id|A|w90|l0|P1|parent=global|kappa=10|min_support=5,handling_tail|seller_id|A|w90|l0|P1|parent=global|kappa=10,handling_tail,binary,confirmation,2018-02,30,future_seen_coverage,higher_is_favourable,0.941212881618,0.949212454576,0.00644021748161,4,4,4,0.00799957295762,median_of_paired_anchor_differences,difference_of_separately_aggregated_medians
S2,handling_tail|seller_id|A|w90|l0|P1|parent=global|kappa=10|min_support=5,handling_tail|seller_id|A|w90|l0|P1|parent=global|kappa=10,handling_tail,binary,confirmation,2018-02,30,log_loss,lower_is_favourable,0.176019307873,0.17553810756,-0.000807683051232,4,4,3,-0.000481200312776,median_of_paired_anchor_differences,difference_of_separately_aggregated_medians
S2,handling_tail|seller_id|A|w90|l0|P1|parent=global|kappa=10|min_support=5,handling_tail|seller_id|A|w90|l0|P1|parent=global|kappa=10,handling_tail,binary,confirmation,2018-02,30,reference_minus_candidate_brier,higher_is_favourable,0.013494997697,0.0132565993669,-0.000238398330039,4,4,1,-0.000238398330039,median_of_paired_anchor_differences,difference_of_separately_aggregated_medians
S2,handling_tail|seller_id|A|w90|l0|P1|parent=global|kappa=10|min_support=5,handling_tail|seller_id|A|w90|l0|P1|parent=global|kappa=10,handling_tail,binary,confirmation,2018-02,30,reference_minus_candidate_log_loss,higher_is_favourable,0.0625640745077,0.0624286450216,0.000690383232694,4,4,3,-0.000135429486082,median_of_paired_anchor_differences,difference_of_separately_aggregated_medians
S2,handling_tail|seller_id|A|w90|l0|P1|parent=global|kappa=10|min_support=5,handling_tail|seller_id|A|w90|l0|P1|parent=global|kappa=10,handling_tail,binary,confirmation,2018-02,30,support_qualified_coverage,higher_is_favourable,0.858170460687,0.893956733682,0.0341584441693,4,4,4,0.0357862729949,median_of_paired_anchor_differences,difference_of_separately_aggregated_medians
S2,handling_tail|seller_id|A|w90|l0|P1|parent=global|kappa=10|min_support=5,handling_tail|seller_id|A|w90|l0|P1|parent=global|kappa=10,handling_tail,binary,confirmation,2018-02,30,top10_order_lift,higher_is_favourable,5.49044249501,5.35428599304,-0.0670579951131,4,4,1,-0.136156501973,median_of_paired_anchor_differences,difference_of_separately_aggregated_medians
S2,handling_tail|seller_id|A|w90|l0|P1|parent=global|kappa=10|min_support=5,handling_tail|seller_id|A|w90|l0|P1|parent=global|kappa=10,handling_tail,binary,confirmation,2018-02,30,top_quintile_lift,higher_is_favourable,3.41384955795,3.6341766133,0.212477006971,4,4,4,0.220327055346,median_of_paired_anchor_differences,difference_of_separately_aggregated_medians
S2,handling_tail|seller_id|A|w90|l0|P1|parent=global|kappa=10|min_support=5,handling_tail|seller_id|A|w90|l0|P1|parent=global|kappa=10,handling_tail,binary,confirmation,2018-02,30,weighted_spearman,higher_is_favourable,0.370098378138,0.38693374447,0.0041454070452,4,4,2,0.0168353663323,median_of_paired_anchor_differences,difference_of_separately_aggregated_medians
S2,handling_tail|seller_id|A|w90|l0|P1|parent=global|kappa=10|min_support=5,handling_tail|seller_id|A|w90|l0|P1|parent=global|kappa=10,handling_tail,binary,confirmation,2018-03,30,brier,lower_is_favourable,0.0327934040857,0.0328712808058,0.000164426922298,5,5,2,7.78767201016e-05,median_of_paired_anchor_differences,difference_of_separately_aggregated_medians
S2,handling_tail|seller_id|A|w90|l0|P1|parent=global|kappa=10|min_support=5,handling_tail|seller_id|A|w90|l0|P1|parent=global|kappa=10,handling_tail,binary,confirmation,2018-03,30,future_seen_coverage,higher_is_favourable,0.936366339578,0.943651501635,0.00858181818182,5,5,5,0.00728516205769,median_of_paired_anchor_differences,difference_of_separately_aggregated_medians
S2,handling_tail|seller_id|A|w90|l0|P1|parent=global|kappa=10|min_support=5,handling_tail|seller_id|A|w90|l0|P1|parent=global|kappa=10,handling_tail,binary,confirmation,2018-03,30,log_loss,lower_is_favourable,0.133889125387,0.132131713749,-0.00222777531159,5,5,5,-0.00175741163809,median_of_paired_anchor_differences,difference_of_separately_aggregated_medians
S2,handling_tail|seller_id|A|w90|l0|P1|parent=global|kappa=10|min_support=5,handling_tail|seller_id|A|w90|l0|P1|parent=global|kappa=10,handling_tail,binary,confirmation,2018-03,30,reference_minus_candidate_brier,higher_is_favourable,0.0135132078705,0.0132067851357,-0.000168435018504,5,5,2,-0.00030642273479,median_of_paired_anchor_differences,difference_of_separately_aggregated_medians
S2,handling_tail|seller_id|A|w90|l0|P1|parent=global|kappa=10|min_support=5,handling_tail|seller_id|A|w90|l0|P1|parent=global|kappa=10,handling_tail,binary,confirmation,2018-03,30,reference_minus_candidate_log_loss,higher_is_favourable,0.0625972012679,0.0644436694816,0.00226440047214,5,5,5,0.00184646821379,median_of_paired_anchor_differences,difference_of_separately_aggregated_medians
S2,handling_tail|seller_id|A|w90|l0|P1|parent=global|kappa=10|min_support=5,handling_tail|seller_id|A|w90|l0|P1|parent=global|kappa=10,handling_tail,binary,confirmation,2018-03,30,support_qualified_coverage,higher_is_favourable,0.844038061255,0.887749033601,0.0427636363636,5,5,5,0.0437109723461,median_of_paired_anchor_differences,difference_of_separately_aggregated_medians
S2,handling_tail|seller_id|A|w90|l0|P1|parent=global|kappa=10|min_support=5,handling_tail|seller_id|A|w90|l0|P1|parent=global|kappa=10,handling_tail,binary,confirmation,2018-03,30,top10_order_lift,higher_is_favourable,5.77338068662,5.86854630234,0.0951656157136,5,5,4,0.0951656157136,median_of_paired_anchor_differences,difference_of_separately_aggregated_medians
S2,handling_tail|seller_id|A|w90|l0|P1|parent=global|kappa=10|min_support=5,handling_tail|seller_id|A|w90|l0|P1|parent=global|kappa=10,handling_tail,binary,confirmation,2018-03,30,top_quintile_lift,higher_is_favourable,3.46345500992,3.79333386208,0.298295519192,5,5,5,0.329878852162,median_of_paired_anchor_differences,difference_of_separately_aggregated_medians
S2,handling_tail|seller_id|A|w90|l0|P1|parent=global|kappa=10|min_support=5,handling_tail|seller_id|A|w90|l0|P1|parent=global|kappa=10,handling_tail,binary,confirmation,2018-03,30,weighted_spearman,higher_is_favourable,0.407968915122,0.496040338749,0.0880714236277,5,5,5,0.0880714236277,median_of_paired_anchor_differences,difference_of_separately_aggregated_medians
S2,handling_tail|seller_id|A|w90|l0|P1|parent=global|kappa=10|min_support=5,handling_tail|seller_id|A|w90|l0|P1|parent=global|kappa=10,handling_tail,binary,confirmation,2018-04,30,brier,lower_is_favourable,0.0311828650172,0.0323347897794,0.00123908105067,4,4,0,0.00115192476225,median_of_paired_anchor_differences,difference_of_separately_aggregated_medians
S2,handling_tail|seller_id|A|w90|l0|P1|parent=global|kappa=10|min_support=5,handling_tail|seller_id|A|w90|l0|P1|parent=global|kappa=10,handling_tail,binary,confirmation,2018-04,30,future_seen_coverage,higher_is_favourable,0.921004933547,0.930811251538,0.00921288250195,4,4,4,0.00980631799119,median_of_paired_anchor_differences,difference_of_separately_aggregated_medians
S2,handling_tail|seller_id|A|w90|l0|P1|parent=global|kappa=10|min_support=5,handling_tail|seller_id|A|w90|l0|P1|parent=global|kappa=10,handling_tail,binary,confirmation,2018-04,30,log_loss,lower_is_favourable,0.128966245281,0.130670207427,0.0016689402318,4,4,0,0.00170396214602,median_of_paired_anchor_differences,difference_of_separately_aggregated_medians
S2,handling_tail|seller_id|A|w90|l0|P1|parent=global|kappa=10|min_support=5,handling_tail|seller_id|A|w90|l0|P1|parent=global|kappa=10,handling_tail,binary,confirmation,2018-04,30,reference_minus_candidate_brier,higher_is_favourable,0.0125559015166,0.0114369304236,-0.00111897109299,4,4,0,-0.00111897109299,median_of_paired_anchor_differences,difference_of_separately_aggregated_medians
S2,handling_tail|seller_id|A|w90|l0|P1|parent=global|kappa=10|min_support=5,handling_tail|seller_id|A|w90|l0|P1|parent=global|kappa=10,handling_tail,binary,confirmation,2018-04,30,reference_minus_candidate_log_loss,higher_is_favourable,0.0589493249692,0.058167832413,-0.000710854629239,4,4,2,-0.000781492556198,median_of_paired_anchor_differences,difference_of_separately_aggregated_medians
S2,handling_tail|seller_id|A|w90|l0|P1|parent=global|kappa=10|min_support=5,handling_tail|seller_id|A|w90|l0|P1|parent=global|kappa=10,handling_tail,binary,confirmation,2018-04,30,support_qualified_coverage,higher_is_favourable,0.82105346967,0.855692074513,0.0346386048433,4,4,4,0.0346386048433,median_of_paired_anchor_differences,difference_of_separately_aggregated_medians
S2,handling_tail|seller_id|A|w90|l0|P1|parent=global|kappa=10|min_support=5,handling_tail|seller_id|A|w90|l0|P1|parent=global|kappa=10,handling_tail,binary,confirmation,2018-04,30,top10_order_lift,higher_is_favourable,6.2626944223,5.848233786,-0.338073597216,4,4,0,-0.414460636305,median_of_paired_anchor_differences,difference_of_separately_aggregated_medians
S2,handling_tail|seller_id|A|w90|l0|P1|parent=global|kappa=10|min_support=5,handling_tail|seller_id|A|w90|l0|P1|parent=global|kappa=10,handling_tail,binary,confirmation,2018-04,30,top_quintile_lift,higher_is_favourable,3.73210315171,3.83699215964,0.113474064624,4,4,3,0.104889007933,median_of_paired_anchor_differences,difference_of_separately_aggregated_medians
S2,handling_tail|seller_id|A|w90|l0|P1|parent=global|kappa=10|min_support=5,handling_tail|seller_id|A|w90|l0|P1|parent=global|kappa=10,handling_tail,binary,confirmation,2018-04,30,weighted_spearman,higher_is_favourable,0.237767669384,0.282619828413,0.0437761463028,4,4,4,0.0448521590291,median_of_paired_anchor_differences,difference_of_separately_aggregated_medians
S2,handling_tail|seller_id|A|w90|l0|P1|parent=global|kappa=10|min_support=5,handling_tail|seller_id|A|w90|l0|P1|parent=global|kappa=10,handling_tail,binary,confirmation,2018-05,30,brier,lower_is_favourable,0.0401253805319,0.0400166135565,6.52455802858e-05,4,4,2,-0.000108766975427,median_of_paired_anchor_differences,difference_of_separately_aggregated_medians
S2,handling_tail|seller_id|A|w90|l0|P1|parent=global|kappa=10|min_support=5,handling_tail|seller_id|A|w90|l0|P1|parent=global|kappa=10,handling_tail,binary,confirmation,2018-05,30,future_seen_coverage,higher_is_favourable,0.934348944656,0.943601998018,0.00860535418725,4,4,4,0.00925305336199,median_of_paired_anchor_differences,difference_of_separately_aggregated_medians
S2,handling_tail|seller_id|A|w90|l0|P1|parent=global|kappa=10|min_support=5,handling_tail|seller_id|A|w90|l0|P1|parent=global|kappa=10,handling_tail,binary,confirmation,2018-05,30,log_loss,lower_is_favourable,0.158128743421,0.157344575612,-0.000421353345455,4,4,2,-0.000784167808533,median_of_paired_anchor_differences,difference_of_separately_aggregated_medians
S2,handling_tail|seller_id|A|w90|l0|P1|parent=global|kappa=10|min_support=5,handling_tail|seller_id|A|w90|l0|P1|parent=global|kappa=10,handling_tail,binary,confirmation,2018-05,30,reference_minus_candidate_brier,higher_is_favourable,0.0147466806682,0.0141573409883,-3.50571625586e-05,4,4,2,-0.000589339679877,median_of_paired_anchor_differences,difference_of_separately_aggregated_medians
S2,handling_tail|seller_id|A|w90|l0|P1|parent=global|kappa=10|min_support=5,handling_tail|seller_id|A|w90|l0|P1|parent=global|kappa=10,handling_tail,binary,confirmation,2018-05,30,reference_minus_candidate_log_loss,higher_is_favourable,0.0632465862051,0.0639086155969,0.000662029391861,4,4,2,0.000662029391861,median_of_paired_anchor_differences,difference_of_separately_aggregated_medians
S2,handling_tail|seller_id|A|w90|l0|P1|parent=global|kappa=10|min_support=5,handling_tail|seller_id|A|w90|l0|P1|parent=global|kappa=10,handling_tail,binary,confirmation,2018-05,30,support_qualified_coverage,higher_is_favourable,0.83394939043,0.864392059526,0.0328576229658,4,4,4,0.0304426690956,median_of_paired_anchor_differences,difference_of_separately_aggregated_medians
S2,handling_tail|seller_id|A|w90|l0|P1|parent=global|kappa=10|min_support=5,handling_tail|seller_id|A|w90|l0|P1|parent=global|kappa=10,handling_tail,binary,confirmation,2018-05,30,top10_order_lift,higher_is_favourable,5.72224643884,5.75348114454,0.0145757407776,4,4,2,0.0312347057015,median_of_paired_anchor_differences,difference_of_separately_aggregated_medians
S2,handling_tail|seller_id|A|w90|l0|P1|parent=global|kappa=10|min_support=5,handling_tail|seller_id|A|w90|l0|P1|parent=global|kappa=10,handling_tail,binary,confirmation,2018-05,30,top_quintile_lift,higher_is_favourable,3.56214845741,3.4449717358,-0.155998254542,4,4,0,-0.117176721606,median_of_paired_anchor_differences,difference_of_separately_aggregated_medians
S2,handling_tail|seller_id|A|w90|l0|P1|parent=global|kappa=10|min_support=5,handling_tail|seller_id|A|w90|l0|P1|parent=global|kappa=10,handling_tail,binary,confirmation,2018-05,30,weighted_spearman,higher_is_favourable,0.25414930892,0.347365484504,0.0945708497342,4,4,4,0.0932161755834,median_of_paired_anchor_differences,difference_of_separately_aggregated_medians
S2,handling_tail|seller_id|A|w90|l0|P1|parent=global|kappa=10|min_support=5,handling_tail|seller_id|A|w90|l0|P1|parent=global|kappa=10,handling_tail,binary,development,2017-04,7,brier,lower_is_favourable,0.0708743427815,0.0696479727444,-0.000249991085153,5,5,3,-0.00122637003714,median_of_paired_anchor_differences,difference_of_separately_aggregated_medians
S2,handling_tail|seller_id|A|w90|l0|P1|parent=global|kappa=10|min_support=5,handling_tail|seller_id|A|w90|l0|P1|parent=global|kappa=10,handling_tail,binary,development,2017-04,7,future_seen_coverage,higher_is_favourable,0.927335640138,0.929065743945,0.00207039337474,5,5,4,0.00173010380623,median_of_paired_anchor_differences,difference_of_separately_aggregated_medians
S2,handling_tail|seller_id|A|w90|l0|P1|parent=global|kappa=10|min_support=5,handling_tail|seller_id|A|w90|l0|P1|parent=global|kappa=10,handling_tail,binary,development,2017-04,7,log_loss,lower_is_favourable,0.251933090889,0.249233968683,-0.00269912220643,5,5,3,-0.00269912220643,median_of_paired_anchor_differences,difference_of_separately_aggregated_medians
S2,handling_tail|seller_id|A|w90|l0|P1|parent=global|kappa=10|min_support=5,handling_tail|seller_id|A|w90|l0|P1|parent=global|kappa=10,handling_tail,binary,development,2017-04,7,reference_minus_candidate_brier,higher_is_favourable,0.00884487803799,0.00934724482619,0.000356171803062,5,5,4,0.000502366788204,median_of_paired_anchor_differences,difference_of_separately_aggregated_medians
S2,handling_tail|seller_id|A|w90|l0|P1|parent=global|kappa=10|min_support=5,handling_tail|seller_id|A|w90|l0|P1|parent=global|kappa=10,handling_tail,binary,development,2017-04,7,reference_minus_candidate_log_loss,higher_is_favourable,0.0494511723361,0.0480460207623,-0.00140515157377,5,5,2,-0.00140515157377,median_of_paired_anchor_differences,difference_of_separately_aggregated_medians
S2,handling_tail|seller_id|A|w90|l0|P1|parent=global|kappa=10|min_support=5,handling_tail|seller_id|A|w90|l0|P1|parent=global|kappa=10,handling_tail,binary,development,2017-04,7,support_qualified_coverage,higher_is_favourable,0.766,0.778,0.00346020761246,5,5,4,0.012,median_of_paired_anchor_differences,difference_of_separately_aggregated_medians
S2,handling_tail|seller_id|A|w90|l0|P1|parent=global|kappa=10|min_support=5,handling_tail|seller_id|A|w90|l0|P1|parent=global|kappa=10,handling_tail,binary,development,2017-04,7,top10_order_lift,higher_is_favourable,4.37426900585,4.0625,0,5,5,1,-0.311769005848,median_of_paired_anchor_differences,difference_of_separately_aggregated_medians
S2,handling_tail|seller_id|A|w90|l0|P1|parent=global|kappa=10|min_support=5,handling_tail|seller_id|A|w90|l0|P1|parent=global|kappa=10,handling_tail,binary,development,2017-04,7,top_quintile_lift,higher_is_favourable,2.74292883212,2.52105496454,-0.127247460226,5,5,2,-0.221873867578,median_of_paired_anchor_differences,difference_of_separately_aggregated_medians
S2,handling_tail|seller_id|A|w90|l0|P1|parent=global|kappa=10|min_support=5,handling_tail|seller_id|A|w90|l0|P1|parent=global|kappa=10,handling_tail,binary,development,2017-04,7,weighted_spearman,higher_is_favourable,0.289326938989,0.28648630571,-0.0198174905888,5,5,0,-0.00284063327915,median_of_paired_anchor_differences,difference_of_separately_aggregated_medians
S2,handling_tail|seller_id|A|w90|l0|P1|parent=global|kappa=10|min_support=5,handling_tail|seller_id|A|w90|l0|P1|parent=global|kappa=10,handling_tail,binary,development,2017-05,7,brier,lower_is_favourable,0.0398403467719,0.0401715487579,0.000432798378062,4,4,2,0.000331201985942,median_of_paired_anchor_differences,difference_of_separately_aggregated_medians
S2,handling_tail|seller_id|A|w90|l0|P1|parent=global|kappa=10|min_support=5,handling_tail|seller_id|A|w90|l0|P1|parent=global|kappa=10,handling_tail,binary,development,2017-05,7,future_seen_coverage,higher_is_favourable,0.942659586609,0.944317045172,0.00165745856354,4,4,2,0.00165745856354,median_of_paired_anchor_differences,difference_of_separately_aggregated_medians
S2,handling_tail|seller_id|A|w90|l0|P1|parent=global|kappa=10|min_support=5,handling_tail|seller_id|A|w90|l0|P1|parent=global|kappa=10,handling_tail,binary,development,2017-05,7,log_loss,lower_is_favourable,0.155513697982,0.159027975057,0.00297030273469,4,4,0,0.0035142770746,median_of_paired_anchor_differences,difference_of_separately_aggregated_medians
S2,handling_tail|seller_id|A|w90|l0|P1|parent=global|kappa=10|min_support=5,handling_tail|seller_id|A|w90|l0|P1|parent=global|kappa=10,handling_tail,binary,development,2017-05,7,reference_minus_candidate_brier,higher_is_favourable,0.00759720366955,0.00863525731255,0.000107679309135,4,4,2,0.001038053643,median_of_paired_anchor_differences,difference_of_separately_aggregated_medians
S2,handling_tail|seller_id|A|w90|l0|P1|parent=global|kappa=10|min_support=5,handling_tail|seller_id|A|w90|l0|P1|parent=global|kappa=10,handling_tail,binary,development,2017-05,7,reference_minus_candidate_log_loss,higher_is_favourable,0.0475972417728,0.0510320638214,1.52686335522e-05,4,4,2,0.00343482204859,median_of_paired_anchor_differences,difference_of_separately_aggregated_medians
S2,handling_tail|seller_id|A|w90|l0|P1|parent=global|kappa=10|min_support=5,handling_tail|seller_id|A|w90|l0|P1|parent=global|kappa=10,handling_tail,binary,development,2017-05,7,support_qualified_coverage,higher_is_favourable,0.79364896734,0.81654773333,0.0175853709484,4,4,4,0.02289876599,median_of_paired_anchor_differences,difference_of_separately_aggregated_medians
S2,handling_tail|seller_id|A|w90|l0|P1|parent=global|kappa=10|min_support=5,handling_tail|seller_id|A|w90|l0|P1|parent=global|kappa=10,handling_tail,binary,development,2017-05,7,top10_order_lift,higher_is_favourable,4.80654101996,5.03229989531,0.0453426640927,4,4,2,0.225758875352,median_of_paired_anchor_differences,difference_of_separately_aggregated_medians
S2,handling_tail|seller_id|A|w90|l0|P1|parent=global|kappa=10|min_support=5,handling_tail|seller_id|A|w90|l0|P1|parent=global|kappa=10,handling_tail,binary,development,2017-05,7,top_quintile_lift,higher_is_favourable,3.41751031869,3.6906415151,0.228029005217,4,4,3,0.273131196406,median_of_paired_anchor_differences,difference_of_separately_aggregated_medians
S2,handling_tail|seller_id|A|w90|l0|P1|parent=global|kappa=10|min_support=5,handling_tail|seller_id|A|w90|l0|P1|parent=global|kappa=10,handling_tail,binary,development,2017-05,7,weighted_spearman,higher_is_favourable,0.393080796714,0.377241278413,-0.0221745139491,4,4,0,-0.0158395183009,median_of_paired_anchor_differences,difference_of_separately_aggregated_medians
S2,handling_tail|seller_id|A|w90|l0|P1|parent=global|kappa=10|min_support=5,handling_tail|seller_id|A|w90|l0|P1|parent=global|kappa=10,handling_tail,binary,development,2017-06,7,brier,lower_is_favourable,0.0498263741931,0.050308031354,0.000206284933843,4,4,1,0.00048165716094,median_of_paired_anchor_differences,difference_of_separately_aggregated_medians
S2,handling_tail|seller_id|A|w90|l0|P1|parent=global|kappa=10|min_support=5,handling_tail|seller_id|A|w90|l0|P1|parent=global|kappa=10,handling_tail,binary,development,2017-06,7,future_seen_coverage,higher_is_favourable,0.957023384477,0.96064846087,0.00399776571976,4,4,4,0.00362507639358,median_of_paired_anchor_differences,difference_of_separately_aggregated_medians
S2,handling_tail|seller_id|A|w90|l0|P1|parent=global|kappa=10|min_support=5,handling_tail|seller_id|A|w90|l0|P1|parent=global|kappa=10,handling_tail,binary,development,2017-06,7,log_loss,lower_is_favourable,0.187266315121,0.190495033495,0.00172448908287,4,4,1,0.00322871837366,median_of_paired_anchor_differences,difference_of_separately_aggregated_medians
S2,handling_tail|seller_id|A|w90|l0|P1|parent=global|kappa=10|min_support=5,handling_tail|seller_id|A|w90|l0|P1|parent=global|kappa=10,handling_tail,binary,development,2017-06,7,reference_minus_candidate_brier,higher_is_favourable,0.0035923590871,0.00446463099066,6.5076991405e-05,4,4,2,0.000872271903561,median_of_paired_anchor_differences,difference_of_separately_aggregated_medians
S2,handling_tail|seller_id|A|w90|l0|P1|parent=global|kappa=10|min_support=5,handling_tail|seller_id|A|w90|l0|P1|parent=global|kappa=10,handling_tail,binary,development,2017-06,7,reference_minus_candidate_log_loss,higher_is_favourable,0.0303290505805,0.0332840568745,0.000126965314106,4,4,2,0.00295500629398,median_of_paired_anchor_differences,difference_of_separately_aggregated_medians
S2,handling_tail|seller_id|A|w90|l0|P1|parent=global|kappa=10|min_support=5,handling_tail|seller_id|A|w90|l0|P1|parent=global|kappa=10,handling_tail,binary,development,2017-06,7,support_qualified_coverage,higher_is_favourable,0.857177779922,0.889192009541,0.0224503820991,4,4,4,0.0320142296187,median_of_paired_anchor_differences,difference_of_separately_aggregated_medians
S2,handling_tail|seller_id|A|w90|l0|P1|parent=global|kappa=10|min_support=5,handling_tail|seller_id|A|w90|l0|P1|parent=global|kappa=10,handling_tail,binary,development,2017-06,7,top10_order_lift,higher_is_favourable,3.91095238095,4.29446806845,0.226441241685,4,4,2,0.383515687496,median_of_paired_anchor_differences,difference_of_separately_aggregated_medians
S2,handling_tail|seller_id|A|w90|l0|P1|parent=global|kappa=10|min_support=5,handling_tail|seller_id|A|w90|l0|P1|parent=global|kappa=10,handling_tail,binary,development,2017-06,7,top_quintile_lift,higher_is_favourable,2.63435330894,2.71020067418,0.101452306799,4,4,3,0.0758473652416,median_of_paired_anchor_differences,difference_of_separately_aggregated_medians
S2,handling_tail|seller_id|A|w90|l0|P1|parent=global|kappa=10|min_support=5,handling_tail|seller_id|A|w90|l0|P1|parent=global|kappa=10,handling_tail,binary,development,2017-06,7,weighted_spearman,higher_is_favourable,0.322470594419,0.311769960346,-0.0105722077428,4,4,1,-0.0107006340729,median_of_paired_anchor_differences,difference_of_separately_aggregated_medians
S2,handling_tail|seller_id|A|w90|l0|P1|parent=global|kappa=10|min_support=5,handling_tail|seller_id|A|w90|l0|P1|parent=global|kappa=10,handling_tail,binary,development,2017-07,7,brier,lower_is_favourable,0.0392741240026,0.0392638497313,0.000128545791344,5,5,2,-1.02742712744e-05,median_of_paired_anchor_differences,difference_of_separately_aggregated_medians
S2,handling_tail|seller_id|A|w90|l0|P1|parent=global|kappa=10|min_support=5,handling_tail|seller_id|A|w90|l0|P1|parent=global|kappa=10,handling_tail,binary,development,2017-07,7,future_seen_coverage,higher_is_favourable,0.940070505288,0.943595769683,0.00432432432432,5,5,5,0.00352526439483,median_of_paired_anchor_differences,difference_of_separately_aggregated_medians
S2,handling_tail|seller_id|A|w90|l0|P1|parent=global|kappa=10|min_support=5,handling_tail|seller_id|A|w90|l0|P1|parent=global|kappa=10,handling_tail,binary,development,2017-07,7,log_loss,lower_is_favourable,0.153167239703,0.15170044625,0.000868465379635,5,5,1,-0.00146679345341,median_of_paired_anchor_differences,difference_of_separately_aggregated_medians
S2,handling_tail|seller_id|A|w90|l0|P1|parent=global|kappa=10|min_support=5,handling_tail|seller_id|A|w90|l0|P1|parent=global|kappa=10,handling_tail,binary,development,2017-07,7,reference_minus_candidate_brier,higher_is_favourable,0.0114618796667,0.0124229225335,0.000366401448562,5,5,4,0.000961042866775,median_of_paired_anchor_differences,difference_of_separately_aggregated_medians
S2,handling_tail|seller_id|A|w90|l0|P1|parent=global|kappa=10|min_support=5,handling_tail|seller_id|A|w90|l0|P1|parent=global|kappa=10,handling_tail,binary,development,2017-07,7,reference_minus_candidate_log_loss,higher_is_favourable,0.0569473173102,0.0611094891125,0.00117161191564,5,5,4,0.00416217180234,median_of_paired_anchor_differences,difference_of_separately_aggregated_medians
S2,handling_tail|seller_id|A|w90|l0|P1|parent=global|kappa=10|min_support=5,handling_tail|seller_id|A|w90|l0|P1|parent=global|kappa=10,handling_tail,binary,development,2017-07,7,support_qualified_coverage,higher_is_favourable,0.831653225806,0.862903225806,0.03125,5,5,5,0.03125,median_of_paired_anchor_differences,difference_of_separately_aggregated_medians
S2,handling_tail|seller_id|A|w90|l0|P1|parent=global|kappa=10|min_support=5,handling_tail|seller_id|A|w90|l0|P1|parent=global|kappa=10,handling_tail,binary,development,2017-07,7,top10_order_lift,higher_is_favourable,5.8935920047,5.91895424837,0.19464869281,5,5,3,0.0253622436629,median_of_paired_anchor_differences,difference_of_separately_aggregated_medians
S2,handling_tail|seller_id|A|w90|l0|P1|parent=global|kappa=10|min_support=5,handling_tail|seller_id|A|w90|l0|P1|parent=global|kappa=10,handling_tail,binary,development,2017-07,7,top_quintile_lift,higher_is_favourable,3.31441441441,3.59365079365,0.0880193326517,5,5,5,0.279236379236,median_of_paired_anchor_differences,difference_of_separately_aggregated_medians
S2,handling_tail|seller_id|A|w90|l0|P1|parent=global|kappa=10|min_support=5,handling_tail|seller_id|A|w90|l0|P1|parent=global|kappa=10,handling_tail,binary,development,2017-07,7,weighted_spearman,higher_is_favourable,0.38725594513,0.403881849898,0.00376630842331,5,5,4,0.0166259047682,median_of_paired_anchor_differences,difference_of_separately_aggregated_medians
S2,handling_tail|seller_id|A|w90|l0|P1|parent=global|kappa=10|min_support=5,handling_tail|seller_id|A|w90|l0|P1|parent=global|kappa=10,handling_tail,binary,development,2017-08,7,brier,lower_is_favourable,0.0373415083888,0.0381358356575,-0.000364332242999,4,4,3,0.000794327268689,median_of_paired_anchor_differences,difference_of_separately_aggregated_medians
S2,handling_tail|seller_id|A|w90|l0|P1|parent=global|kappa=10|min_support=5,handling_tail|seller_id|A|w90|l0|P1|parent=global|kappa=10,handling_tail,binary,development,2017-08,7,future_seen_coverage,higher_is_favourable,0.937126837068,0.945032525133,0.00790568806536,4,4,4,0.00790568806536,median_of_paired_anchor_differences,difference_of_separately_aggregated_medians
S2,handling_tail|seller_id|A|w90|l0|P1|parent=global|kappa=10|min_support=5,handling_tail|seller_id|A|w90|l0|P1|parent=global|kappa=10,handling_tail,binary,development,2017-08,7,log_loss,lower_is_favourable,0.141631489893,0.14713944031,-0.00099841562324,4,4,3,0.0055079504174,median_of_paired_anchor_differences,difference_of_separately_aggregated_medians
S2,handling_tail|seller_id|A|w90|l0|P1|parent=global|kappa=10|min_support=5,handling_tail|seller_id|A|w90|l0|P1|parent=global|kappa=10,handling_tail,binary,development,2017-08,7,reference_minus_candidate_brier,higher_is_favourable,0.00682661501518,0.00760789336308,0.000720245796187,4,4,3,0.000781278347904,median_of_paired_anchor_differences,difference_of_separately_aggregated_medians
S2,handling_tail|seller_id|A|w90|l0|P1|parent=global|kappa=10|min_support=5,handling_tail|seller_id|A|w90|l0|P1|parent=global|kappa=10,handling_tail,binary,development,2017-08,7,reference_minus_candidate_log_loss,higher_is_favourable,0.0441024832617,0.046672698774,0.00275968770404,4,4,3,0.0025702155123,median_of_paired_anchor_differences,difference_of_separately_aggregated_medians
S2,handling_tail|seller_id|A|w90|l0|P1|parent=global|kappa=10|min_support=5,handling_tail|seller_id|A|w90|l0|P1|parent=global|kappa=10,handling_tail,binary,development,2017-08,7,support_qualified_coverage,higher_is_favourable,0.834581579527,0.863544601756,0.0300997592019,4,4,4,0.0289630222284,median_of_paired_anchor_differences,difference_of_separately_aggregated_medians
S2,handling_tail|seller_id|A|w90|l0|P1|parent=global|kappa=10|min_support=5,handling_tail|seller_id|A|w90|l0|P1|parent=global|kappa=10,handling_tail,binary,development,2017-08,7,top10_order_lift,higher_is_favourable,5.68830409357,5.35984405458,0.0925925925926,4,4,2,-0.328460038986,median_of_paired_anchor_differences,difference_of_separately_aggregated_medians
S2,handling_tail|seller_id|A|w90|l0|P1|parent=global|kappa=10|min_support=5,handling_tail|seller_id|A|w90|l0|P1|parent=global|kappa=10,handling_tail,binary,development,2017-08,7,top_quintile_lift,higher_is_favourable,3.64334081556,3.7594222334,-0.0584984200858,4,4,1,0.116081417835,median_of_paired_anchor_differences,difference_of_separately_aggregated_medians
S2,handling_tail|seller_id|A|w90|l0|P1|parent=global|kappa=10|min_support=5,handling_tail|seller_id|A|w90|l0|P1|parent=global|kappa=10,handling_tail,binary,development,2017-08,7,weighted_spearman,higher_is_favourable,0.346228386851,0.34541624042,-0.00185274598201,4,4,1,-0.000812146431238,median_of_paired_anchor_differences,difference_of_separately_aggregated_medians
S2,handling_tail|seller_id|A|w90|l0|P1|parent=global|kappa=10|min_support=5,handling_tail|seller_id|A|w90|l0|P1|parent=global|kappa=10,handling_tail,binary,development,2017-09,7,brier,lower_is_favourable,0.0394669293039,0.039424959568,-4.1969735915e-05,5,5,3,-4.1969735915e-05,median_of_paired_anchor_differences,difference_of_separately_aggregated_medians
S2,handling_tail|seller_id|A|w90|l0|P1|parent=global|kappa=10|min_support=5,handling_tail|seller_id|A|w90|l0|P1|parent=global|kappa=10,handling_tail,binary,development,2017-09,7,future_seen_coverage,higher_is_favourable,0.945005611672,0.953020134228,0.00767018216683,5,5,5,0.00801452255591,median_of_paired_anchor_differences,difference_of_separately_aggregated_medians
S2,handling_tail|seller_id|A|w90|l0|P1|parent=global|kappa=10|min_support=5,handling_tail|seller_id|A|w90|l0|P1|parent=global|kappa=10,handling_tail,binary,development,2017-09,7,log_loss,lower_is_favourable,0.157834687354,0.158814112043,0.000979424689278,5,5,2,0.000979424689278,median_of_paired_anchor_differences,difference_of_separately_aggregated_medians
S2,handling_tail|seller_id|A|w90|l0|P1|parent=global|kappa=10|min_support=5,handling_tail|seller_id|A|w90|l0|P1|parent=global|kappa=10,handling_tail,binary,development,2017-09,7,reference_minus_candidate_brier,higher_is_favourable,0.00586126858903,0.00768491997143,0.000436660076282,5,5,4,0.0018236513824,median_of_paired_anchor_differences,difference_of_separately_aggregated_medians
S2,handling_tail|seller_id|A|w90|l0|P1|parent=global|kappa=10|min_support=5,handling_tail|seller_id|A|w90|l0|P1|parent=global|kappa=10,handling_tail,binary,development,2017-09,7,reference_minus_candidate_log_loss,higher_is_favourable,0.0308829017157,0.0353921565769,0.00352305943011,5,5,5,0.00450925486126,median_of_paired_anchor_differences,difference_of_separately_aggregated_medians
S2,handling_tail|seller_id|A|w90|l0|P1|parent=global|kappa=10|min_support=5,handling_tail|seller_id|A|w90|l0|P1|parent=global|kappa=10,handling_tail,binary,development,2017-09,7,support_qualified_coverage,higher_is_favourable,0.83184079602,0.868648130393,0.0347923681257,5,5,5,0.0368073343732,median_of_paired_anchor_differences,difference_of_separately_aggregated_medians
S2,handling_tail|seller_id|A|w90|l0|P1|parent=global|kappa=10|min_support=5,handling_tail|seller_id|A|w90|l0|P1|parent=global|kappa=10,handling_tail,binary,development,2017-09,7,top10_order_lift,higher_is_favourable,4.33962264151,4.43445692884,0,5,5,2,0.0948342873295,median_of_paired_anchor_differences,difference_of_separately_aggregated_medians
S2,handling_tail|seller_id|A|w90|l0|P1|parent=global|kappa=10|min_support=5,handling_tail|seller_id|A|w90|l0|P1|parent=global|kappa=10,handling_tail,binary,development,2017-09,7,top_quintile_lift,higher_is_favourable,2.9733573528,3.17916179663,0.130463232474,5,5,4,0.205804443825,median_of_paired_anchor_differences,difference_of_separately_aggregated_medians
S2,handling_tail|seller_id|A|w90|l0|P1|parent=global|kappa=10|min_support=5,handling_tail|seller_id|A|w90|l0|P1|parent=global|kappa=10,handling_tail,binary,development,2017-09,7,weighted_spearman,higher_is_favourable,0.255584316037,0.271004978462,0.0277649873664,5,5,5,0.0154206624247,median_of_paired_anchor_differences,difference_of_separately_aggregated_medians
S2,handling_tail|seller_id|A|w90|l0|P1|parent=global|kappa=10|min_support=5,handling_tail|seller_id|A|w90|l0|P1|parent=global|kappa=10,handling_tail,binary,development,2017-10,7,brier,lower_is_favourable,0.0517394191509,0.052309597091,0.000570177940091,4,4,1,0.000570177940091,median_of_paired_anchor_differences,difference_of_separately_aggregated_medians
S2,handling_tail|seller_id|A|w90|l0|P1|parent=global|kappa=10|min_support=5,handling_tail|seller_id|A|w90|l0|P1|parent=global|kappa=10,handling_tail,binary,development,2017-10,7,future_seen_coverage,higher_is_favourable,0.931924603587,0.93572255721,0.0056108696848,4,4,4,0.00379795362217,median_of_paired_anchor_differences,difference_of_separately_aggregated_medians
S2,handling_tail|seller_id|A|w90|l0|P1|parent=global|kappa=10|min_support=5,handling_tail|seller_id|A|w90|l0|P1|parent=global|kappa=10,handling_tail,binary,development,2017-10,7,log_loss,lower_is_favourable,0.201132981368,0.206702498261,0.00155238005762,4,4,1,0.00556951689284,median_of_paired_anchor_differences,difference_of_separately_aggregated_medians
S2,handling_tail|seller_id|A|w90|l0|P1|parent=global|kappa=10|min_support=5,handling_tail|seller_id|A|w90|l0|P1|parent=global|kappa=10,handling_tail,binary,development,2017-10,7,reference_minus_candidate_brier,higher_is_favourable,0.0160052139881,0.014230241424,-0.000843698710048,4,4,1,-0.00177497256418,median_of_paired_anchor_differences,difference_of_separately_aggregated_medians
S2,handling_tail|seller_id|A|w90|l0|P1|parent=global|kappa=10|min_support=5,handling_tail|seller_id|A|w90|l0|P1|parent=global|kappa=10,handling_tail,binary,development,2017-10,7,reference_minus_candidate_log_loss,higher_is_favourable,0.0568385957697,0.0505270695696,-0.00509648980893,4,4,0,-0.00631152620012,median_of_paired_anchor_differences,difference_of_separately_aggregated_medians
S2,handling_tail|seller_id|A|w90|l0|P1|parent=global|kappa=10|min_support=5,handling_tail|seller_id|A|w90|l0|P1|parent=global|kappa=10,handling_tail,binary,development,2017-10,7,support_qualified_coverage,higher_is_favourable,0.819213346132,0.850860786199,0.038377615197,4,4,4,0.0316474400674,median_of_paired_anchor_differences,difference_of_separately_aggregated_medians
S2,handling_tail|seller_id|A|w90|l0|P1|parent=global|kappa=10|min_support=5,handling_tail|seller_id|A|w90|l0|P1|parent=global|kappa=10,handling_tail,binary,development,2017-10,7,top10_order_lift,higher_is_favourable,4.97406126482,4.90307971014,0.0724637681159,4,4,2,-0.0709815546772,median_of_paired_anchor_differences,difference_of_separately_aggregated_medians
S2,handling_tail|seller_id|A|w90|l0|P1|parent=global|kappa=10|min_support=5,handling_tail|seller_id|A|w90|l0|P1|parent=global|kappa=10,handling_tail,binary,development,2017-10,7,top_quintile_lift,higher_is_favourable,2.96934912822,3.08378744759,-0.0406359641385,4,4,1,0.114438319377,median_of_paired_anchor_differences,difference_of_separately_aggregated_medians
S2,handling_tail|seller_id|A|w90|l0|P1|parent=global|kappa=10|min_support=5,handling_tail|seller_id|A|w90|l0|P1|parent=global|kappa=10,handling_tail,binary,development,2017-10,7,weighted_spearman,higher_is_favourable,0.1875172176,0.184671747597,0.014758896393,4,4,3,-0.00284547000292,median_of_paired_anchor_differences,difference_of_separately_aggregated_medians
S2,handling_tail|seller_id|A|w90|l0|P1|parent=global|kappa=10|min_support=5,handling_tail|seller_id|A|w90|l0|P1|parent=global|kappa=10,handling_tail,binary,development,2017-11,7,brier,lower_is_favourable,0.0697162533832,0.0696259984269,0.000565569704526,4,4,2,-9.02549563192e-05,median_of_paired_anchor_differences,difference_of_separately_aggregated_medians
S2,handling_tail|seller_id|A|w90|l0|P1|parent=global|kappa=10|min_support=5,handling_tail|seller_id|A|w90|l0|P1|parent=global|kappa=10,handling_tail,binary,development,2017-11,7,future_seen_coverage,higher_is_favourable,0.93673379615,0.947389010074,0.00905599655074,4,4,4,0.0106552139243,median_of_paired_anchor_differences,difference_of_separately_aggregated_medians
S2,handling_tail|seller_id|A|w90|l0|P1|parent=global|kappa=10|min_support=5,handling_tail|seller_id|A|w90|l0|P1|parent=global|kappa=10,handling_tail,binary,development,2017-11,7,log_loss,lower_is_favourable,0.270889812032,0.268323286998,-4.4588885291e-05,4,4,2,-0.00256652503493,median_of_paired_anchor_differences,difference_of_separately_aggregated_medians
S2,handling_tail|seller_id|A|w90|l0|P1|parent=global|kappa=10|min_support=5,handling_tail|seller_id|A|w90|l0|P1|parent=global|kappa=10,handling_tail,binary,development,2017-11,7,reference_minus_candidate_brier,higher_is_favourable,0.0110913904426,0.00958859960412,-0.000909676152598,4,4,0,-0.0015027908385,median_of_paired_anchor_differences,difference_of_separately_aggregated_medians
S2,handling_tail|seller_id|A|w90|l0|P1|parent=global|kappa=10|min_support=5,handling_tail|seller_id|A|w90|l0|P1|parent=global|kappa=10,handling_tail,binary,development,2017-11,7,reference_minus_candidate_log_loss,higher_is_favourable,0.035730356345,0.031204411288,-0.00285004546157,4,4,1,-0.00452594505703,median_of_paired_anchor_differences,difference_of_separately_aggregated_medians
S2,handling_tail|seller_id|A|w90|l0|P1|parent=global|kappa=10|min_support=5,handling_tail|seller_id|A|w90|l0|P1|parent=global|kappa=10,handling_tail,binary,development,2017-11,7,support_qualified_coverage,higher_is_favourable,0.825179982441,0.862675946814,0.0358564662491,4,4,4,0.0374959643729,median_of_paired_anchor_differences,difference_of_separately_aggregated_medians
S2,handling_tail|seller_id|A|w90|l0|P1|parent=global|kappa=10|min_support=5,handling_tail|seller_id|A|w90|l0|P1|parent=global|kappa=10,handling_tail,binary,development,2017-11,7,top10_order_lift,higher_is_favourable,3.75649013031,3.56699113908,0.0265278406519,4,4,2,-0.189498991226,median_of_paired_anchor_differences,difference_of_separately_aggregated_medians
S2,handling_tail|seller_id|A|w90|l0|P1|parent=global|kappa=10|min_support=5,handling_tail|seller_id|A|w90|l0|P1|parent=global|kappa=10,handling_tail,binary,development,2017-11,7,top_quintile_lift,higher_is_favourable,2.67181390825,2.4568311938,-0.0570283206687,4,4,2,-0.214982714455,median_of_paired_anchor_differences,difference_of_separately_aggregated_medians
S2,handling_tail|seller_id|A|w90|l0|P1|parent=global|kappa=10|min_support=5,handling_tail|seller_id|A|w90|l0|P1|parent=global|kappa=10,handling_tail,binary,development,2017-11,7,weighted_spearman,higher_is_favourable,0.177796542817,0.200843300885,0.0230467580684,4,4,3,0.0230467580684,median_of_paired_anchor_differences,difference_of_separately_aggregated_medians
S2,handling_tail|seller_id|A|w90|l0|P1|parent=global|kappa=10|min_support=5,handling_tail|seller_id|A|w90|l0|P1|parent=global|kappa=10,handling_tail,binary,development,2017-12,7,brier,lower_is_favourable,0.0618259744429,0.0619072515788,-0.000358530818323,4,4,2,8.12771358498e-05,median_of_paired_anchor_differences,difference_of_separately_aggregated_medians
S2,handling_tail|seller_id|A|w90|l0|P1|parent=global|kappa=10|min_support=5,handling_tail|seller_id|A|w90|l0|P1|parent=global|kappa=10,handling_tail,binary,development,2017-12,7,future_seen_coverage,higher_is_favourable,0.963108020888,0.969004870035,0.00589684914628,4,4,4,0.00589684914628,median_of_paired_anchor_differences,difference_of_separately_aggregated_medians
S2,handling_tail|seller_id|A|w90|l0|P1|parent=global|kappa=10|min_support=5,handling_tail|seller_id|A|w90|l0|P1|parent=global|kappa=10,handling_tail,binary,development,2017-12,7,log_loss,lower_is_favourable,0.224449701979,0.225900681315,-0.00311251325543,4,4,3,0.00145097933567,median_of_paired_anchor_differences,difference_of_separately_aggregated_medians
S2,handling_tail|seller_id|A|w90|l0|P1|parent=global|kappa=10|min_support=5,handling_tail|seller_id|A|w90|l0|P1|parent=global|kappa=10,handling_tail,binary,development,2017-12,7,reference_minus_candidate_brier,higher_is_favourable,0.00688922160324,0.00780314296848,0.000374525364411,4,4,2,0.00091392136524,median_of_paired_anchor_differences,difference_of_separately_aggregated_medians
S2,handling_tail|seller_id|A|w90|l0|P1|parent=global|kappa=10|min_support=5,handling_tail|seller_id|A|w90|l0|P1|parent=global|kappa=10,handling_tail,binary,development,2017-12,7,reference_minus_candidate_log_loss,higher_is_favourable,0.0392731665634,0.0425114430346,0.00323827647121,4,4,3,0.00323827647121,median_of_paired_anchor_differences,difference_of_separately_aggregated_medians
S2,handling_tail|seller_id|A|w90|l0|P1|parent=global|kappa=10|min_support=5,handling_tail|seller_id|A|w90|l0|P1|parent=global|kappa=10,handling_tail,binary,development,2017-12,7,support_qualified_coverage,higher_is_favourable,0.86845309449,0.903337253749,0.0298262467241,4,4,4,0.0348841592593,median_of_paired_anchor_differences,difference_of_separately_aggregated_medians
S2,handling_tail|seller_id|A|w90|l0|P1|parent=global|kappa=10|min_support=5,handling_tail|seller_id|A|w90|l0|P1|parent=global|kappa=10,handling_tail,binary,development,2017-12,7,top10_order_lift,higher_is_favourable,4.1562047155,4.14490043725,0.248349056604,4,4,2,-0.0113042782554,median_of_paired_anchor_differences,difference_of_separately_aggregated_medians
S2,handling_tail|seller_id|A|w90|l0|P1|parent=global|kappa=10|min_support=5,handling_tail|seller_id|A|w90|l0|P1|parent=global|kappa=10,handling_tail,binary,development,2017-12,7,top_quintile_lift,higher_is_favourable,3.77415676255,2.9508987344,-0.255821385463,4,4,2,-0.823258028154,median_of_paired_anchor_differences,difference_of_separately_aggregated_medians
S2,handling_tail|seller_id|A|w90|l0|P1|parent=global|kappa=10|min_support=5,handling_tail|seller_id|A|w90|l0|P1|parent=global|kappa=10,handling_tail,binary,development,2017-12,7,weighted_spearman,higher_is_favourable,0.247008821411,0.320152664854,0.0409042544885,4,4,3,0.0731438434432,median_of_paired_anchor_differences,difference_of_separately_aggregated_medians
S2,handling_tail|seller_id|A|w90|l0|P1|parent=global|kappa=10|min_support=5,handling_tail|seller_id|A|w90|l0|P1|parent=global|kappa=10,handling_tail,binary,development,2017-04,30,brier,lower_is_favourable,0.0676256202808,0.067014599825,-0.000338645638816,5,5,3,-0.000611020455772,median_of_paired_anchor_differences,difference_of_separately_aggregated_medians
S2,handling_tail|seller_id|A|w90|l0|P1|parent=global|kappa=10|min_support=5,handling_tail|seller_id|A|w90|l0|P1|parent=global|kappa=10,handling_tail,binary,development,2017-04,30,future_seen_coverage,higher_is_favourable,0.899005355777,0.902448355011,0.00376068376068,5,5,5,0.00344299923489,median_of_paired_anchor_differences,difference_of_separately_aggregated_medians
S2,handling_tail|seller_id|A|w90|l0|P1|parent=global|kappa=10|min_support=5,handling_tail|seller_id|A|w90|l0|P1|parent=global|kappa=10,handling_tail,binary,development,2017-04,30,log_loss,lower_is_favourable,0.242879043263,0.24242978828,-0.000449254983015,5,5,3,-0.000449254983015,median_of_paired_anchor_differences,difference_of_separately_aggregated_medians
S2,handling_tail|seller_id|A|w90|l0|P1|parent=global|kappa=10|min_support=5,handling_tail|seller_id|A|w90|l0|P1|parent=global|kappa=10,handling_tail,binary,development,2017-04,30,reference_minus_candidate_brier,higher_is_favourable,0.0100502080777,0.0103295248376,0.000228991741894,5,5,3,0.000279316759903,median_of_paired_anchor_differences,difference_of_separately_aggregated_medians
S2,handling_tail|seller_id|A|w90|l0|P1|parent=global|kappa=10|min_support=5,handling_tail|seller_id|A|w90|l0|P1|parent=global|kappa=10,handling_tail,binary,development,2017-04,30,reference_minus_candidate_log_loss,higher_is_favourable,0.0414909394453,0.0416916957662,0.000671696892444,5,5,3,0.000200756320879,median_of_paired_anchor_differences,difference_of_separately_aggregated_medians
S2,handling_tail|seller_id|A|w90|l0|P1|parent=global|kappa=10|min_support=5,handling_tail|seller_id|A|w90|l0|P1|parent=global|kappa=10,handling_tail,binary,development,2017-04,30,support_qualified_coverage,higher_is_favourable,0.738803418803,0.745022288262,0.00638051044084,5,5,5,0.0062188694581,median_of_paired_anchor_differences,difference_of_separately_aggregated_medians
S2,handling_tail|seller_id|A|w90|l0|P1|parent=global|kappa=10|min_support=5,handling_tail|seller_id|A|w90|l0|P1|parent=global|kappa=10,handling_tail,binary,development,2017-04,30,top10_order_lift,higher_is_favourable,3.93609671848,3.62535224071,0,5,5,2,-0.310744477775,median_of_paired_anchor_differences,difference_of_separately_aggregated_medians
S2,handling_tail|seller_id|A|w90|l0|P1|parent=global|kappa=10|min_support=5,handling_tail|seller_id|A|w90|l0|P1|parent=global|kappa=10,handling_tail,binary,development,2017-04,30,top_quintile_lift,higher_is_favourable,2.55200488646,2.45863596721,-0.114666083234,5,5,0,-0.0933689192542,median_of_paired_anchor_differences,difference_of_separately_aggregated_medians
S2,handling_tail|seller_id|A|w90|l0|P1|parent=global|kappa=10|min_support=5,handling_tail|seller_id|A|w90|l0|P1|parent=global|kappa=10,handling_tail,binary,development,2017-04,30,weighted_spearman,higher_is_favourable,0.326190390936,0.318576241483,-0.0265253652799,5,5,0,-0.00761414945362,median_of_paired_anchor_differences,difference_of_separately_aggregated_medians
S2,handling_tail|seller_id|A|w90|l0|P1|parent=global|kappa=10|min_support=5,handling_tail|seller_id|A|w90|l0|P1|parent=global|kappa=10,handling_tail,binary,development,2017-05,30,brier,lower_is_favourable,0.0459526926042,0.0459710608747,0.000273881185124,4,4,1,1.83682704502e-05,median_of_paired_anchor_differences,difference_of_separately_aggregated_medians
S2,handling_tail|seller_id|A|w90|l0|P1|parent=global|kappa=10|min_support=5,handling_tail|seller_id|A|w90|l0|P1|parent=global|kappa=10,handling_tail,binary,development,2017-05,30,future_seen_coverage,higher_is_favourable,0.925150204589,0.928431721655,0.00384812469905,4,4,4,0.00328151706635,median_of_paired_anchor_differences,difference_of_separately_aggregated_medians
S2,handling_tail|seller_id|A|w90|l0|P1|parent=global|kappa=10|min_support=5,handling_tail|seller_id|A|w90|l0|P1|parent=global|kappa=10,handling_tail,binary,development,2017-05,30,log_loss,lower_is_favourable,0.175673743831,0.178087728715,0.00290867807159,4,4,0,0.00241398488402,median_of_paired_anchor_differences,difference_of_separately_aggregated_medians
S2,handling_tail|seller_id|A|w90|l0|P1|parent=global|kappa=10|min_support=5,handling_tail|seller_id|A|w90|l0|P1|parent=global|kappa=10,handling_tail,binary,development,2017-05,30,reference_minus_candidate_brier,higher_is_favourable,0.00612144155339,0.00666162062193,0.000336050646658,4,4,3,0.000540179068544,median_of_paired_anchor_differences,difference_of_separately_aggregated_medians
S2,handling_tail|seller_id|A|w90|l0|P1|parent=global|kappa=10|min_support=5,handling_tail|seller_id|A|w90|l0|P1|parent=global|kappa=10,handling_tail,binary,development,2017-05,30,reference_minus_candidate_log_loss,higher_is_favourable,0.0408029305732,0.0419426030548,0.00107772121954,4,4,3,0.00113967248154,median_of_paired_anchor_differences,difference_of_separately_aggregated_medians
S2,handling_tail|seller_id|A|w90|l0|P1|parent=global|kappa=10|min_support=5,handling_tail|seller_id|A|w90|l0|P1|parent=global|kappa=10,handling_tail,binary,development,2017-05,30,support_qualified_coverage,higher_is_favourable,0.776964960895,0.798389832703,0.019507605318,4,4,4,0.0214248718082,median_of_paired_anchor_differences,difference_of_separately_aggregated_medians
S2,handling_tail|seller_id|A|w90|l0|P1|parent=global|kappa=10|min_support=5,handling_tail|seller_id|A|w90|l0|P1|parent=global|kappa=10,handling_tail,binary,development,2017-05,30,top10_order_lift,higher_is_favourable,4.44611964114,4.58039536777,0.0825176538519,4,4,3,0.134275726634,median_of_paired_anchor_differences,difference_of_separately_aggregated_medians
S2,handling_tail|seller_id|A|w90|l0|P1|parent=global|kappa=10|min_support=5,handling_tail|seller_id|A|w90|l0|P1|parent=global|kappa=10,handling_tail,binary,development,2017-05,30,top_quintile_lift,higher_is_favourable,2.99033383434,3.00661288817,-0.074284303974,4,4,1,0.0162790538345,median_of_paired_anchor_differences,difference_of_separately_aggregated_medians
S2,handling_tail|seller_id|A|w90|l0|P1|parent=global|kappa=10|min_support=5,handling_tail|seller_id|A|w90|l0|P1|parent=global|kappa=10,handling_tail,binary,development,2017-05,30,weighted_spearman,higher_is_favourable,0.406217938954,0.357031738374,-0.0439464721096,4,4,0,-0.0491862005793,median_of_paired_anchor_differences,difference_of_separately_aggregated_medians
S2,handling_tail|seller_id|A|w90|l0|P1|parent=global|kappa=10|min_support=5,handling_tail|seller_id|A|w90|l0|P1|parent=global|kappa=10,handling_tail,binary,development,2017-06,30,brier,lower_is_favourable,0.0436604791921,0.044192186078,0.000531706885937,4,4,0,0.000531706885937,median_of_paired_anchor_differences,difference_of_separately_aggregated_medians
S2,handling_tail|seller_id|A|w90|l0|P1|parent=global|kappa=10|min_support=5,handling_tail|seller_id|A|w90|l0|P1|parent=global|kappa=10,handling_tail,binary,development,2017-06,30,future_seen_coverage,higher_is_favourable,0.941230618594,0.945218335557,0.00336165444196,4,4,4,0.00398771696274,median_of_paired_anchor_differences,difference_of_separately_aggregated_medians
S2,handling_tail|seller_id|A|w90|l0|P1|parent=global|kappa=10|min_support=5,handling_tail|seller_id|A|w90|l0|P1|parent=global|kappa=10,handling_tail,binary,development,2017-06,30,log_loss,lower_is_favourable,0.166859264899,0.169451217174,0.00259195227474,4,4,0,0.00259195227474,median_of_paired_anchor_differences,difference_of_separately_aggregated_medians
S2,handling_tail|seller_id|A|w90|l0|P1|parent=global|kappa=10|min_support=5,handling_tail|seller_id|A|w90|l0|P1|parent=global|kappa=10,handling_tail,binary,development,2017-06,30,reference_minus_candidate_brier,higher_is_favourable,0.00614423860558,0.0061317319859,-1.38946068788e-05,4,4,2,-1.25066196839e-05,median_of_paired_anchor_differences,difference_of_separately_aggregated_medians
S2,handling_tail|seller_id|A|w90|l0|P1|parent=global|kappa=10|min_support=5,handling_tail|seller_id|A|w90|l0|P1|parent=global|kappa=10,handling_tail,binary,development,2017-06,30,reference_minus_candidate_log_loss,higher_is_favourable,0.0409064066618,0.0419917188499,0.000957533331317,4,4,4,0.00108531218813,median_of_paired_anchor_differences,difference_of_separately_aggregated_medians
S2,handling_tail|seller_id|A|w90|l0|P1|parent=global|kappa=10|min_support=5,handling_tail|seller_id|A|w90|l0|P1|parent=global|kappa=10,handling_tail,binary,development,2017-06,30,support_qualified_coverage,higher_is_favourable,0.834118504087,0.860829175581,0.0267106714943,4,4,4,0.0267106714943,median_of_paired_anchor_differences,difference_of_separately_aggregated_medians
S2,handling_tail|seller_id|A|w90|l0|P1|parent=global|kappa=10|min_support=5,handling_tail|seller_id|A|w90|l0|P1|parent=global|kappa=10,handling_tail,binary,development,2017-06,30,top10_order_lift,higher_is_favourable,5.03104850636,4.84939981467,0.0531061227662,4,4,2,-0.181648691697,median_of_paired_anchor_differences,difference_of_separately_aggregated_medians
S2,handling_tail|seller_id|A|w90|l0|P1|parent=global|kappa=10|min_support=5,handling_tail|seller_id|A|w90|l0|P1|parent=global|kappa=10,handling_tail,binary,development,2017-06,30,top_quintile_lift,higher_is_favourable,2.96175788091,2.9480752643,-0.032315821179,4,4,2,-0.0136826166005,median_of_paired_anchor_differences,difference_of_separately_aggregated_medians
S2,handling_tail|seller_id|A|w90|l0|P1|parent=global|kappa=10|min_support=5,handling_tail|seller_id|A|w90|l0|P1|parent=global|kappa=10,handling_tail,binary,development,2017-06,30,weighted_spearman,higher_is_favourable,0.373562597837,0.362856133272,-0.0193846081028,4,4,1,-0.0107064645652,median_of_paired_anchor_differences,difference_of_separately_aggregated_medians
S2,handling_tail|seller_id|A|w90|l0|P1|parent=global|kappa=10|min_support=5,handling_tail|seller_id|A|w90|l0|P1|parent=global|kappa=10,handling_tail,binary,development,2017-07,30,brier,lower_is_favourable,0.0398370185254,0.0388343458452,-8.26431629416e-05,5,5,3,-0.00100267268017,median_of_paired_anchor_differences,difference_of_separately_aggregated_medians
S2,handling_tail|seller_id|A|w90|l0|P1|parent=global|kappa=10|min_support=5,handling_tail|seller_id|A|w90|l0|P1|parent=global|kappa=10,handling_tail,binary,development,2017-07,30,future_seen_coverage,higher_is_favourable,0.911036616813,0.914130995358,0.0037397157816,5,5,5,0.00309437854564,median_of_paired_anchor_differences,difference_of_separately_aggregated_medians
S2,handling_tail|seller_id|A|w90|l0|P1|parent=global|kappa=10|min_support=5,handling_tail|seller_id|A|w90|l0|P1|parent=global|kappa=10,handling_tail,binary,development,2017-07,30,log_loss,lower_is_favourable,0.156792793764,0.155790170705,0.00120375440345,5,5,2,-0.00100262305936,median_of_paired_anchor_differences,difference_of_separately_aggregated_medians
S2,handling_tail|seller_id|A|w90|l0|P1|parent=global|kappa=10|min_support=5,handling_tail|seller_id|A|w90|l0|P1|parent=global|kappa=10,handling_tail,binary,development,2017-07,30,reference_minus_candidate_brier,higher_is_favourable,0.00965140742015,0.0111258660985,0.00053806679703,5,5,5,0.00147445867837,median_of_paired_anchor_differences,difference_of_separately_aggregated_medians
S2,handling_tail|seller_id|A|w90|l0|P1|parent=global|kappa=10|min_support=5,handling_tail|seller_id|A|w90|l0|P1|parent=global|kappa=10,handling_tail,binary,development,2017-07,30,reference_minus_candidate_log_loss,higher_is_favourable,0.0479957365686,0.0534618517707,0.00215611709058,5,5,5,0.00546611520212,median_of_paired_anchor_differences,difference_of_separately_aggregated_medians
S2,handling_tail|seller_id|A|w90|l0|P1|parent=global|kappa=10|min_support=5,handling_tail|seller_id|A|w90|l0|P1|parent=global|kappa=10,handling_tail,binary,development,2017-07,30,support_qualified_coverage,higher_is_favourable,0.798757763975,0.825341614907,0.0293470286134,5,5,5,0.0265838509317,median_of_paired_anchor_differences,difference_of_separately_aggregated_medians
S2,handling_tail|seller_id|A|w90|l0|P1|parent=global|kappa=10|min_support=5,handling_tail|seller_id|A|w90|l0|P1|parent=global|kappa=10,handling_tail,binary,development,2017-07,30,top10_order_lift,higher_is_favourable,5.33364437145,5.54169643769,0.101848804038,5,5,3,0.208052066231,median_of_paired_anchor_differences,difference_of_separately_aggregated_medians
S2,handling_tail|seller_id|A|w90|l0|P1|parent=global|kappa=10|min_support=5,handling_tail|seller_id|A|w90|l0|P1|parent=global|kappa=10,handling_tail,binary,development,2017-07,30,top_quintile_lift,higher_is_favourable,2.97198734177,2.86437473316,0.0150550837831,5,5,3,-0.107612608611,median_of_paired_anchor_differences,difference_of_separately_aggregated_medians
S2,handling_tail|seller_id|A|w90|l0|P1|parent=global|kappa=10|min_support=5,handling_tail|seller_id|A|w90|l0|P1|parent=global|kappa=10,handling_tail,binary,development,2017-07,30,weighted_spearman,higher_is_favourable,0.447163561964,0.472929365064,0.0217775913445,5,5,5,0.0257658031001,median_of_paired_anchor_differences,difference_of_separately_aggregated_medians
S2,handling_tail|seller_id|A|w90|l0|P1|parent=global|kappa=10|min_support=5,handling_tail|seller_id|A|w90|l0|P1|parent=global|kappa=10,handling_tail,binary,development,2017-08,30,brier,lower_is_favourable,0.0454242362191,0.0455417750188,0.000117538799742,4,4,1,0.000117538799742,median_of_paired_anchor_differences,difference_of_separately_aggregated_medians
S2,handling_tail|seller_id|A|w90|l0|P1|parent=global|kappa=10|min_support=5,handling_tail|seller_id|A|w90|l0|P1|parent=global|kappa=10,handling_tail,binary,development,2017-08,30,future_seen_coverage,higher_is_favourable,0.905989718096,0.913897447076,0.00790772897968,4,4,4,0.00790772897968,median_of_paired_anchor_differences,difference_of_separately_aggregated_medians
S2,handling_tail|seller_id|A|w90|l0|P1|parent=global|kappa=10|min_support=5,handling_tail|seller_id|A|w90|l0|P1|parent=global|kappa=10,handling_tail,binary,development,2017-08,30,log_loss,lower_is_favourable,0.176545317859,0.178301189184,0.00175587132475,4,4,0,0.00175587132475,median_of_paired_anchor_differences,difference_of_separately_aggregated_medians
S2,handling_tail|seller_id|A|w90|l0|P1|parent=global|kappa=10|min_support=5,handling_tail|seller_id|A|w90|l0|P1|parent=global|kappa=10,handling_tail,binary,development,2017-08,30,reference_minus_candidate_brier,higher_is_favourable,0.00653741599518,0.00669995398167,0.000129154186644,4,4,4,0.000162537986494,median_of_paired_anchor_differences,difference_of_separately_aggregated_medians
S2,handling_tail|seller_id|A|w90|l0|P1|parent=global|kappa=10|min_support=5,handling_tail|seller_id|A|w90|l0|P1|parent=global|kappa=10,handling_tail,binary,development,2017-08,30,reference_minus_candidate_log_loss,higher_is_favourable,0.0369245431952,0.0376123977796,0.000629361387144,4,4,3,0.000687854584443,median_of_paired_anchor_differences,difference_of_separately_aggregated_medians
S2,handling_tail|seller_id|A|w90|l0|P1|parent=global|kappa=10|min_support=5,handling_tail|seller_id|A|w90|l0|P1|parent=global|kappa=10,handling_tail,binary,development,2017-08,30,support_qualified_coverage,higher_is_favourable,0.796411441732,0.833349886752,0.0348234259998,4,4,4,0.0369384450205,median_of_paired_anchor_differences,difference_of_separately_aggregated_medians
S2,handling_tail|seller_id|A|w90|l0|P1|parent=global|kappa=10|min_support=5,handling_tail|seller_id|A|w90|l0|P1|parent=global|kappa=10,handling_tail,binary,development,2017-08,30,top10_order_lift,higher_is_favourable,4.34723414822,4.45909401315,0.109775000578,4,4,3,0.111859864929,median_of_paired_anchor_differences,difference_of_separately_aggregated_medians
S2,handling_tail|seller_id|A|w90|l0|P1|parent=global|kappa=10|min_support=5,handling_tail|seller_id|A|w90|l0|P1|parent=global|kappa=10,handling_tail,binary,development,2017-08,30,top_quintile_lift,higher_is_favourable,2.99452014226,2.92652706869,-0.0679930735635,4,4,0,-0.0679930735635,median_of_paired_anchor_differences,difference_of_separately_aggregated_medians
S2,handling_tail|seller_id|A|w90|l0|P1|parent=global|kappa=10|min_support=5,handling_tail|seller_id|A|w90|l0|P1|parent=global|kappa=10,handling_tail,binary,development,2017-08,30,weighted_spearman,higher_is_favourable,0.380095459108,0.393972173086,0.0206558010948,4,4,3,0.0138767139785,median_of_paired_anchor_differences,difference_of_separately_aggregated_medians
S2,handling_tail|seller_id|A|w90|l0|P1|parent=global|kappa=10|min_support=5,handling_tail|seller_id|A|w90|l0|P1|parent=global|kappa=10,handling_tail,binary,development,2017-09,30,brier,lower_is_favourable,0.0523438292513,0.0521342081263,-0.00020962112496,5,5,5,-0.00020962112496,median_of_paired_anchor_differences,difference_of_separately_aggregated_medians
S2,handling_tail|seller_id|A|w90|l0|P1|parent=global|kappa=10|min_support=5,handling_tail|seller_id|A|w90|l0|P1|parent=global|kappa=10,handling_tail,binary,development,2017-09,30,future_seen_coverage,higher_is_favourable,0.918963101355,0.927136851938,0.00817375058384,5,5,5,0.00817375058384,median_of_paired_anchor_differences,difference_of_separately_aggregated_medians
S2,handling_tail|seller_id|A|w90|l0|P1|parent=global|kappa=10|min_support=5,handling_tail|seller_id|A|w90|l0|P1|parent=global|kappa=10,handling_tail,binary,development,2017-09,30,log_loss,lower_is_favourable,0.212078855074,0.211905241543,-0.00111548571458,5,5,5,-0.000173613531173,median_of_paired_anchor_differences,difference_of_separately_aggregated_medians
S2,handling_tail|seller_id|A|w90|l0|P1|parent=global|kappa=10|min_support=5,handling_tail|seller_id|A|w90|l0|P1|parent=global|kappa=10,handling_tail,binary,development,2017-09,30,reference_minus_candidate_brier,higher_is_favourable,0.00798628069602,0.00806539805009,7.91173540624e-05,5,5,3,7.91173540624e-05,median_of_paired_anchor_differences,difference_of_separately_aggregated_medians
S2,handling_tail|seller_id|A|w90|l0|P1|parent=global|kappa=10|min_support=5,handling_tail|seller_id|A|w90|l0|P1|parent=global|kappa=10,handling_tail,binary,development,2017-09,30,reference_minus_candidate_log_loss,higher_is_favourable,0.0287375556891,0.0295494323913,-0.00106593424846,5,5,2,0.000811876702284,median_of_paired_anchor_differences,difference_of_separately_aggregated_medians
S2,handling_tail|seller_id|A|w90|l0|P1|parent=global|kappa=10|min_support=5,handling_tail|seller_id|A|w90|l0|P1|parent=global|kappa=10,handling_tail,binary,development,2017-09,30,support_qualified_coverage,higher_is_favourable,0.803465572275,0.84049509575,0.0371637026904,5,5,5,0.0370295234742,median_of_paired_anchor_differences,difference_of_separately_aggregated_medians
S2,handling_tail|seller_id|A|w90|l0|P1|parent=global|kappa=10|min_support=5,handling_tail|seller_id|A|w90|l0|P1|parent=global|kappa=10,handling_tail,binary,development,2017-09,30,top10_order_lift,higher_is_favourable,4.20544113908,4.44512105649,0,5,5,2,0.239679917413,median_of_paired_anchor_differences,difference_of_separately_aggregated_medians
S2,handling_tail|seller_id|A|w90|l0|P1|parent=global|kappa=10|min_support=5,handling_tail|seller_id|A|w90|l0|P1|parent=global|kappa=10,handling_tail,binary,development,2017-09,30,top_quintile_lift,higher_is_favourable,2.87471516684,2.88536629457,0.00848171010407,5,5,3,0.0106511277286,median_of_paired_anchor_differences,difference_of_separately_aggregated_medians
S2,handling_tail|seller_id|A|w90|l0|P1|parent=global|kappa=10|min_support=5,handling_tail|seller_id|A|w90|l0|P1|parent=global|kappa=10,handling_tail,binary,development,2017-09,30,weighted_spearman,higher_is_favourable,0.0300454037633,0.0575258624771,0.0261259020144,5,5,4,0.0274804587138,median_of_paired_anchor_differences,difference_of_separately_aggregated_medians
S2,handling_tail|seller_id|A|w90|l0|P1|parent=global|kappa=10|min_support=5,handling_tail|seller_id|A|w90|l0|P1|parent=global|kappa=10,handling_tail,binary,development,2017-10,30,brier,lower_is_favourable,0.0580667897841,0.0584063510125,0.00051190737991,4,4,0,0.00033956122836,median_of_paired_anchor_differences,difference_of_separately_aggregated_medians
S2,handling_tail|seller_id|A|w90|l0|P1|parent=global|kappa=10|min_support=5,handling_tail|seller_id|A|w90|l0|P1|parent=global|kappa=10,handling_tail,binary,development,2017-10,30,future_seen_coverage,higher_is_favourable,0.911892465232,0.917024302461,0.00523025218962,4,4,4,0.0051318372293,median_of_paired_anchor_differences,difference_of_separately_aggregated_medians
S2,handling_tail|seller_id|A|w90|l0|P1|parent=global|kappa=10|min_support=5,handling_tail|seller_id|A|w90|l0|P1|parent=global|kappa=10,handling_tail,binary,development,2017-10,30,log_loss,lower_is_favourable,0.231448420528,0.231507730197,-1.02752453579e-06,4,4,2,5.93096694304e-05,median_of_paired_anchor_differences,difference_of_separately_aggregated_medians
S2,handling_tail|seller_id|A|w90|l0|P1|parent=global|kappa=10|min_support=5,handling_tail|seller_id|A|w90|l0|P1|parent=global|kappa=10,handling_tail,binary,development,2017-10,30,reference_minus_candidate_brier,higher_is_favourable,0.0141477389791,0.0133294161714,-0.000960824729328,4,4,0,-0.000818322807757,median_of_paired_anchor_differences,difference_of_separately_aggregated_medians
S2,handling_tail|seller_id|A|w90|l0|P1|parent=global|kappa=10|min_support=5,handling_tail|seller_id|A|w90|l0|P1|parent=global|kappa=10,handling_tail,binary,development,2017-10,30,reference_minus_candidate_log_loss,higher_is_favourable,0.0465318236119,0.0413243753562,-0.0040791267176,4,4,0,-0.0052074482557,median_of_paired_anchor_differences,difference_of_separately_aggregated_medians
S2,handling_tail|seller_id|A|w90|l0|P1|parent=global|kappa=10|min_support=5,handling_tail|seller_id|A|w90|l0|P1|parent=global|kappa=10,handling_tail,binary,development,2017-10,30,support_qualified_coverage,higher_is_favourable,0.792568593207,0.826499783762,0.0340053039685,4,4,4,0.0339311905547,median_of_paired_anchor_differences,difference_of_separately_aggregated_medians
S2,handling_tail|seller_id|A|w90|l0|P1|parent=global|kappa=10|min_support=5,handling_tail|seller_id|A|w90|l0|P1|parent=global|kappa=10,handling_tail,binary,development,2017-10,30,top10_order_lift,higher_is_favourable,4.36745420253,4.37413584817,-0.0464285976924,4,4,1,0.00668164564119,median_of_paired_anchor_differences,difference_of_separately_aggregated_medians
S2,handling_tail|seller_id|A|w90|l0|P1|parent=global|kappa=10|min_support=5,handling_tail|seller_id|A|w90|l0|P1|parent=global|kappa=10,handling_tail,binary,development,2017-10,30,top_quintile_lift,higher_is_favourable,2.86261232548,2.66786824407,-0.211556190211,4,4,0,-0.194744081411,median_of_paired_anchor_differences,difference_of_separately_aggregated_medians
S2,handling_tail|seller_id|A|w90|l0|P1|parent=global|kappa=10|min_support=5,handling_tail|seller_id|A|w90|l0|P1|parent=global|kappa=10,handling_tail,binary,development,2017-10,30,weighted_spearman,higher_is_favourable,0.110063788752,0.112126467895,0.0262094478062,4,4,3,0.00206267914304,median_of_paired_anchor_differences,difference_of_separately_aggregated_medians
S2,handling_tail|seller_id|A|w90|l0|P1|parent=global|kappa=10|min_support=5,handling_tail|seller_id|A|w90|l0|P1|parent=global|kappa=10,handling_tail,binary,development,2017-11,30,brier,lower_is_favourable,0.067807452781,0.0684784742384,0.000731660115539,4,4,0,0.000671021457416,median_of_paired_anchor_differences,difference_of_separately_aggregated_medians
S2,handling_tail|seller_id|A|w90|l0|P1|parent=global|kappa=10|min_support=5,handling_tail|seller_id|A|w90|l0|P1|parent=global|kappa=10,handling_tail,binary,development,2017-11,30,future_seen_coverage,higher_is_favourable,0.932729946359,0.939921640288,0.00708245610719,4,4,4,0.00719169392843,median_of_paired_anchor_differences,difference_of_separately_aggregated_medians
S2,handling_tail|seller_id|A|w90|l0|P1|parent=global|kappa=10|min_support=5,handling_tail|seller_id|A|w90|l0|P1|parent=global|kappa=10,handling_tail,binary,development,2017-11,30,log_loss,lower_is_favourable,0.256526487038,0.257367298364,-1.04856734871e-05,4,4,2,0.000840811325578,median_of_paired_anchor_differences,difference_of_separately_aggregated_medians
S2,handling_tail|seller_id|A|w90|l0|P1|parent=global|kappa=10|min_support=5,handling_tail|seller_id|A|w90|l0|P1|parent=global|kappa=10,handling_tail,binary,development,2017-11,30,reference_minus_candidate_brier,higher_is_favourable,0.00961285866311,0.00862875386541,-0.00100321252991,4,4,0,-0.000984104797704,median_of_paired_anchor_differences,difference_of_separately_aggregated_medians
S2,handling_tail|seller_id|A|w90|l0|P1|parent=global|kappa=10|min_support=5,handling_tail|seller_id|A|w90|l0|P1|parent=global|kappa=10,handling_tail,binary,development,2017-11,30,reference_minus_candidate_log_loss,higher_is_favourable,0.0340454982735,0.0309429956888,-0.00212980424753,4,4,0,-0.00310250258466,median_of_paired_anchor_differences,difference_of_separately_aggregated_medians
S2,handling_tail|seller_id|A|w90|l0|P1|parent=global|kappa=10|min_support=5,handling_tail|seller_id|A|w90|l0|P1|parent=global|kappa=10,handling_tail,binary,development,2017-11,30,support_qualified_coverage,higher_is_favourable,0.821874948138,0.8557384132,0.0342816149844,4,4,4,0.0338634650626,median_of_paired_anchor_differences,difference_of_separately_aggregated_medians
S2,handling_tail|seller_id|A|w90|l0|P1|parent=global|kappa=10|min_support=5,handling_tail|seller_id|A|w90|l0|P1|parent=global|kappa=10,handling_tail,binary,development,2017-11,30,top10_order_lift,higher_is_favourable,3.52105535435,3.38169319066,-0.129098111668,4,4,1,-0.13936216369,median_of_paired_anchor_differences,difference_of_separately_aggregated_medians
S2,handling_tail|seller_id|A|w90|l0|P1|parent=global|kappa=10|min_support=5,handling_tail|seller_id|A|w90|l0|P1|parent=global|kappa=10,handling_tail,binary,development,2017-11,30,top_quintile_lift,higher_is_favourable,3.03151821546,2.59471667372,-0.287601674953,4,4,0,-0.436801541741,median_of_paired_anchor_differences,difference_of_separately_aggregated_medians
S2,handling_tail|seller_id|A|w90|l0|P1|parent=global|kappa=10|min_support=5,handling_tail|seller_id|A|w90|l0|P1|parent=global|kappa=10,handling_tail,binary,development,2017-11,30,weighted_spearman,higher_is_favourable,0.279416709035,0.339182647111,0.0532391075205,4,4,4,0.0597659380752,median_of_paired_anchor_differences,difference_of_separately_aggregated_medians
S2,handling_tail|seller_id|A|w90|l0|P1|parent=global|kappa=10|min_support=5,handling_tail|seller_id|A|w90|l0|P1|parent=global|kappa=10,handling_tail,binary,development,2017-12,30,brier,lower_is_favourable,0.0648406874623,0.0644064649759,-0.000434222486359,1,1,1,-0.000434222486359,median_of_paired_anchor_differences,difference_of_separately_aggregated_medians
S2,handling_tail|seller_id|A|w90|l0|P1|parent=global|kappa=10|min_support=5,handling_tail|seller_id|A|w90|l0|P1|parent=global|kappa=10,handling_tail,binary,development,2017-12,30,future_seen_coverage,higher_is_favourable,0.948314190441,0.957021118933,0.00870692849203,1,1,1,0.00870692849203,median_of_paired_anchor_differences,difference_of_separately_aggregated_medians
S2,handling_tail|seller_id|A|w90|l0|P1|parent=global|kappa=10|min_support=5,handling_tail|seller_id|A|w90|l0|P1|parent=global|kappa=10,handling_tail,binary,development,2017-12,30,log_loss,lower_is_favourable,0.247112126176,0.243116393019,-0.00399573315624,1,1,1,-0.00399573315624,median_of_paired_anchor_differences,difference_of_separately_aggregated_medians
S2,handling_tail|seller_id|A|w90|l0|P1|parent=global|kappa=10|min_support=5,handling_tail|seller_id|A|w90|l0|P1|parent=global|kappa=10,handling_tail,binary,development,2017-12,30,reference_minus_candidate_brier,higher_is_favourable,0.00784872234271,0.00806105168711,0.000212329344406,1,1,1,0.000212329344406,median_of_paired_anchor_differences,difference_of_separately_aggregated_medians
S2,handling_tail|seller_id|A|w90|l0|P1|parent=global|kappa=10|min_support=5,handling_tail|seller_id|A|w90|l0|P1|parent=global|kappa=10,handling_tail,binary,development,2017-12,30,reference_minus_candidate_log_loss,higher_is_favourable,0.0312572199407,0.0333133447856,0.00205612484492,1,1,1,0.00205612484492,median_of_paired_anchor_differences,difference_of_separately_aggregated_medians
S2,handling_tail|seller_id|A|w90|l0|P1|parent=global|kappa=10|min_support=5,handling_tail|seller_id|A|w90|l0|P1|parent=global|kappa=10,handling_tail,binary,development,2017-12,30,support_qualified_coverage,higher_is_favourable,0.853278992219,0.88625416821,0.0329751759911,1,1,1,0.0329751759911,median_of_paired_anchor_differences,difference_of_separately_aggregated_medians
S2,handling_tail|seller_id|A|w90|l0|P1|parent=global|kappa=10|min_support=5,handling_tail|seller_id|A|w90|l0|P1|parent=global|kappa=10,handling_tail,binary,development,2017-12,30,top10_order_lift,higher_is_favourable,3.74053527981,3.98342718109,0.242891901286,1,1,1,0.242891901286,median_of_paired_anchor_differences,difference_of_separately_aggregated_medians
S2,handling_tail|seller_id|A|w90|l0|P1|parent=global|kappa=10|min_support=5,handling_tail|seller_id|A|w90|l0|P1|parent=global|kappa=10,handling_tail,binary,development,2017-12,30,top_quintile_lift,higher_is_favourable,3.18423630216,2.53427433282,-0.649961969338,1,1,0,-0.649961969338,median_of_paired_anchor_differences,difference_of_separately_aggregated_medians
S2,handling_tail|seller_id|A|w90|l0|P1|parent=global|kappa=10|min_support=5,handling_tail|seller_id|A|w90|l0|P1|parent=global|kappa=10,handling_tail,binary,development,2017-12,30,weighted_spearman,higher_is_favourable,0.156014253008,0.147828084999,-0.008186168009,1,1,0,-0.008186168009,median_of_paired_anchor_differences,difference_of_separately_aggregated_medians
S2,handling_tail|seller_id|A|w90|l0|P1|parent=global|kappa=10|min_support=5,handling_tail|seller_id|A|w90|l0|P1|parent=global|kappa=10,handling_tail,binary,terminal,2018-07,7,brier,lower_is_favourable,0.0575994488484,0.0573103768378,-0.000289072010631,4,4,2,-0.000289072010631,median_of_paired_anchor_differences,difference_of_separately_aggregated_medians
S2,handling_tail|seller_id|A|w90|l0|P1|parent=global|kappa=10|min_support=5,handling_tail|seller_id|A|w90|l0|P1|parent=global|kappa=10,handling_tail,binary,terminal,2018-07,7,future_seen_coverage,higher_is_favourable,0.939865232741,0.952770833225,0.0114428486744,4,4,4,0.0129056004845,median_of_paired_anchor_differences,difference_of_separately_aggregated_medians
S2,handling_tail|seller_id|A|w90|l0|P1|parent=global|kappa=10|min_support=5,handling_tail|seller_id|A|w90|l0|P1|parent=global|kappa=10,handling_tail,binary,terminal,2018-07,7,log_loss,lower_is_favourable,0.207595105154,0.209427193294,0.00183208814012,4,4,2,0.00183208814012,median_of_paired_anchor_differences,difference_of_separately_aggregated_medians
S2,handling_tail|seller_id|A|w90|l0|P1|parent=global|kappa=10|min_support=5,handling_tail|seller_id|A|w90|l0|P1|parent=global|kappa=10,handling_tail,binary,terminal,2018-07,7,reference_minus_candidate_brier,higher_is_favourable,0.022522312087,0.0216932654067,-0.000483180715885,4,4,2,-0.000829046680345,median_of_paired_anchor_differences,difference_of_separately_aggregated_medians
S2,handling_tail|seller_id|A|w90|l0|P1|parent=global|kappa=10|min_support=5,handling_tail|seller_id|A|w90|l0|P1|parent=global|kappa=10,handling_tail,binary,terminal,2018-07,7,reference_minus_candidate_log_loss,higher_is_favourable,0.101880702049,0.0886468140387,-0.00970900622635,4,4,0,-0.0132338880108,median_of_paired_anchor_differences,difference_of_separately_aggregated_medians
S2,handling_tail|seller_id|A|w90|l0|P1|parent=global|kappa=10|min_support=5,handling_tail|seller_id|A|w90|l0|P1|parent=global|kappa=10,handling_tail,binary,terminal,2018-07,7,support_qualified_coverage,higher_is_favourable,0.794839311129,0.861414066304,0.064122073261,4,4,4,0.0665747551746,median_of_paired_anchor_differences,difference_of_separately_aggregated_medians
S2,handling_tail|seller_id|A|w90|l0|P1|parent=global|kappa=10|min_support=5,handling_tail|seller_id|A|w90|l0|P1|parent=global|kappa=10,handling_tail,binary,terminal,2018-07,7,top10_order_lift,higher_is_favourable,6.38021173991,5.82386573745,-0.363492094672,4,4,0,-0.556346002466,median_of_paired_anchor_differences,difference_of_separately_aggregated_medians
S2,handling_tail|seller_id|A|w90|l0|P1|parent=global|kappa=10|min_support=5,handling_tail|seller_id|A|w90|l0|P1|parent=global|kappa=10,handling_tail,binary,terminal,2018-07,7,top_quintile_lift,higher_is_favourable,3.77619901469,3.23163157266,-0.544567442037,4,4,0,-0.544567442037,median_of_paired_anchor_differences,difference_of_separately_aggregated_medians
S2,handling_tail|seller_id|A|w90|l0|P1|parent=global|kappa=10|min_support=5,handling_tail|seller_id|A|w90|l0|P1|parent=global|kappa=10,handling_tail,binary,terminal,2018-07,7,weighted_spearman,higher_is_favourable,0.465726502344,0.41011668447,-0.0338758391388,4,4,0,-0.0556098178747,median_of_paired_anchor_differences,difference_of_separately_aggregated_medians
S2,handling_tail|seller_id|A|w90|l0|P1|parent=global|kappa=10|min_support=5,handling_tail|seller_id|A|w90|l0|P1|parent=global|kappa=10,handling_tail,binary,terminal,2018-08,7,brier,lower_is_favourable,0.0351512577552,0.0370458648843,0.00167086817823,3,3,1,0.00189460712909,median_of_paired_anchor_differences,difference_of_separately_aggregated_medians
S2,handling_tail|seller_id|A|w90|l0|P1|parent=global|kappa=10|min_support=5,handling_tail|seller_id|A|w90|l0|P1|parent=global|kappa=10,handling_tail,binary,terminal,2018-08,7,future_seen_coverage,higher_is_favourable,0.938105489774,0.951022604952,0.0108286252354,3,3,3,0.0129171151776,median_of_paired_anchor_differences,difference_of_separately_aggregated_medians
S2,handling_tail|seller_id|A|w90|l0|P1|parent=global|kappa=10|min_support=5,handling_tail|seller_id|A|w90|l0|P1|parent=global|kappa=10,handling_tail,binary,terminal,2018-08,7,log_loss,lower_is_favourable,0.134464941209,0.142468625108,0.00538442936103,3,3,1,0.00800368389898,median_of_paired_anchor_differences,difference_of_separately_aggregated_medians
S2,handling_tail|seller_id|A|w90|l0|P1|parent=global|kappa=10|min_support=5,handling_tail|seller_id|A|w90|l0|P1|parent=global|kappa=10,handling_tail,binary,terminal,2018-08,7,reference_minus_candidate_brier,higher_is_favourable,0.00575394390966,0.00414191708915,-0.00134552462466,3,3,0,-0.00161202682051,median_of_paired_anchor_differences,difference_of_separately_aggregated_medians
S2,handling_tail|seller_id|A|w90|l0|P1|parent=global|kappa=10|min_support=5,handling_tail|seller_id|A|w90|l0|P1|parent=global|kappa=10,handling_tail,binary,terminal,2018-08,7,reference_minus_candidate_log_loss,higher_is_favourable,0.0434604329456,0.0379258692529,-0.00264934482324,3,3,1,-0.00553456369272,median_of_paired_anchor_differences,difference_of_separately_aggregated_medians
S2,handling_tail|seller_id|A|w90|l0|P1|parent=global|kappa=10|min_support=5,handling_tail|seller_id|A|w90|l0|P1|parent=global|kappa=10,handling_tail,binary,terminal,2018-08,7,support_qualified_coverage,higher_is_favourable,0.794256120527,0.858988159311,0.0602798708288,3,3,3,0.0647320387838,median_of_paired_anchor_differences,difference_of_separately_aggregated_medians
S2,handling_tail|seller_id|A|w90|l0|P1|parent=global|kappa=10|min_support=5,handling_tail|seller_id|A|w90|l0|P1|parent=global|kappa=10,handling_tail,binary,terminal,2018-08,7,top10_order_lift,higher_is_favourable,6.04727668845,5.35976331361,-0.516230936819,3,3,0,-0.687513374844,median_of_paired_anchor_differences,difference_of_separately_aggregated_medians
S2,handling_tail|seller_id|A|w90|l0|P1|parent=global|kappa=10|min_support=5,handling_tail|seller_id|A|w90|l0|P1|parent=global|kappa=10,handling_tail,binary,terminal,2018-08,7,top_quintile_lift,higher_is_favourable,4.22628427356,3.52490606549,-0.659051856934,3,3,0,-0.701378208072,median_of_paired_anchor_differences,difference_of_separately_aggregated_medians
S2,handling_tail|seller_id|A|w90|l0|P1|parent=global|kappa=10|min_support=5,handling_tail|seller_id|A|w90|l0|P1|parent=global|kappa=10,handling_tail,binary,terminal,2018-08,7,weighted_spearman,higher_is_favourable,0.255733999447,0.354145652562,0.0478305631243,3,3,3,0.0984116531144,median_of_paired_anchor_differences,difference_of_separately_aggregated_medians
S2,handling_tail|seller_id|A|w90|l0|P1|parent=global|kappa=10|min_support=5,handling_tail|seller_id|A|w90|l0|P1|parent=global|kappa=10,handling_tail,binary,terminal,2018-07,30,brier,lower_is_favourable,0.0468038079546,0.0474467760682,0.000542152626908,4,4,0,0.000642968113622,median_of_paired_anchor_differences,difference_of_separately_aggregated_medians
S2,handling_tail|seller_id|A|w90|l0|P1|parent=global|kappa=10|min_support=5,handling_tail|seller_id|A|w90|l0|P1|parent=global|kappa=10,handling_tail,binary,terminal,2018-07,30,future_seen_coverage,higher_is_favourable,0.904533010801,0.917205865041,0.0127437327071,4,4,4,0.0126728542395,median_of_paired_anchor_differences,difference_of_separately_aggregated_medians
S2,handling_tail|seller_id|A|w90|l0|P1|parent=global|kappa=10|min_support=5,handling_tail|seller_id|A|w90|l0|P1|parent=global|kappa=10,handling_tail,binary,terminal,2018-07,30,log_loss,lower_is_favourable,0.175564849634,0.180098975628,0.00427084208036,4,4,0,0.00453412599408,median_of_paired_anchor_differences,difference_of_separately_aggregated_medians
S2,handling_tail|seller_id|A|w90|l0|P1|parent=global|kappa=10|min_support=5,handling_tail|seller_id|A|w90|l0|P1|parent=global|kappa=10,handling_tail,binary,terminal,2018-07,30,reference_minus_candidate_brier,higher_is_favourable,0.0141103387396,0.0132432196966,-0.000867119043025,4,4,0,-0.000867119043025,median_of_paired_anchor_differences,difference_of_separately_aggregated_medians
S2,handling_tail|seller_id|A|w90|l0|P1|parent=global|kappa=10|min_support=5,handling_tail|seller_id|A|w90|l0|P1|parent=global|kappa=10,handling_tail,binary,terminal,2018-07,30,reference_minus_candidate_log_loss,higher_is_favourable,0.0668327985026,0.0601368644634,-0.00669593403925,4,4,0,-0.00669593403925,median_of_paired_anchor_differences,difference_of_separately_aggregated_medians
S2,handling_tail|seller_id|A|w90|l0|P1|parent=global|kappa=10|min_support=5,handling_tail|seller_id|A|w90|l0|P1|parent=global|kappa=10,handling_tail,binary,terminal,2018-07,30,support_qualified_coverage,higher_is_favourable,0.758883611849,0.82146965324,0.0616478720863,4,4,4,0.0625860413906,median_of_paired_anchor_differences,difference_of_separately_aggregated_medians
S2,handling_tail|seller_id|A|w90|l0|P1|parent=global|kappa=10|min_support=5,handling_tail|seller_id|A|w90|l0|P1|parent=global|kappa=10,handling_tail,binary,terminal,2018-07,30,top10_order_lift,higher_is_favourable,6.04396753109,5.00869791984,-0.848774782838,4,4,0,-1.03526961124,median_of_paired_anchor_differences,difference_of_separately_aggregated_medians
S2,handling_tail|seller_id|A|w90|l0|P1|parent=global|kappa=10|min_support=5,handling_tail|seller_id|A|w90|l0|P1|parent=global|kappa=10,handling_tail,binary,terminal,2018-07,30,top_quintile_lift,higher_is_favourable,4.05480319972,3.44545446997,-0.532378808667,4,4,0,-0.609348729751,median_of_paired_anchor_differences,difference_of_separately_aggregated_medians
S2,handling_tail|seller_id|A|w90|l0|P1|parent=global|kappa=10|min_support=5,handling_tail|seller_id|A|w90|l0|P1|parent=global|kappa=10,handling_tail,binary,terminal,2018-07,30,weighted_spearman,higher_is_favourable,0.334283180529,0.363685401654,0.0294022211257,4,4,3,0.0294022211257,median_of_paired_anchor_differences,difference_of_separately_aggregated_medians
