variant,model_id,outcome,formula,term,term_block,coefficient_log_odds,standard_error_hc1,z_value,p_value,odds_ratio,odds_ratio_ci_lower,odds_ratio_ci_upper,n_orders,converged,irls_iterations
primary,A,low_review_2,"low_review_2 ~ cr(actual_delivery_days, df=4, constraints=""center"") + C(purchase_month_adjustment, Treatment(reference=""2018-01""))",Intercept,Intercept,-2.15133606973,0.0383343029444,-56.1203909942,0,0.116328630737,0.107908684556,0.125405572172,95824,True,6
primary,A,low_review_2,"low_review_2 ~ cr(actual_delivery_days, df=4, constraints=""center"") + C(purchase_month_adjustment, Treatment(reference=""2018-01""))","C(purchase_month_adjustment, Treatment(reference=""2018-01""))[T.2017-01]","C(purchase_month_adjustment, Treatment(reference=""2018-01""))",0.00256471639014,0.129469128267,0.0198094821867,0.984195353677,1.00256800809,0.777874474133,1.2921655669,95824,True,6
primary,A,low_review_2,"low_review_2 ~ cr(actual_delivery_days, df=4, constraints=""center"") + C(purchase_month_adjustment, Treatment(reference=""2018-01""))","C(purchase_month_adjustment, Treatment(reference=""2018-01""))[T.2017-02]","C(purchase_month_adjustment, Treatment(reference=""2018-01""))",-0.113972857503,0.0916462548326,-1.24361718557,0.213640488107,0.89228217432,0.745577482711,1.06785343854,95824,True,6
primary,A,low_review_2,"low_review_2 ~ cr(actual_delivery_days, df=4, constraints=""center"") + C(purchase_month_adjustment, Treatment(reference=""2018-01""))","C(purchase_month_adjustment, Treatment(reference=""2018-01""))[T.2017-03]","C(purchase_month_adjustment, Treatment(reference=""2018-01""))",-0.0858727138505,0.0783341346351,-1.09623619704,0.272975422792,0.91771103569,0.787096204092,1.07000077074,95824,True,6
primary,A,low_review_2,"low_review_2 ~ cr(actual_delivery_days, df=4, constraints=""center"") + C(purchase_month_adjustment, Treatment(reference=""2018-01""))","C(purchase_month_adjustment, Treatment(reference=""2018-01""))[T.2017-04]","C(purchase_month_adjustment, Treatment(reference=""2018-01""))",-0.0852837747964,0.0761211858519,-1.12036844726,0.262556784994,0.918251670744,0.790983194346,1.06599752922,95824,True,6
primary,A,low_review_2,"low_review_2 ~ cr(actual_delivery_days, df=4, constraints=""center"") + C(purchase_month_adjustment, Treatment(reference=""2018-01""))","C(purchase_month_adjustment, Treatment(reference=""2018-01""))[T.2017-05]","C(purchase_month_adjustment, Treatment(reference=""2018-01""))",-0.0411519572484,0.069339849989,-0.593482063415,0.552858583325,0.959683288035,0.837733233812,1.09938579032,95824,True,6
primary,A,low_review_2,"low_review_2 ~ cr(actual_delivery_days, df=4, constraints=""center"") + C(purchase_month_adjustment, Treatment(reference=""2018-01""))","C(purchase_month_adjustment, Treatment(reference=""2018-01""))[T.2017-06]","C(purchase_month_adjustment, Treatment(reference=""2018-01""))",-0.0260137676851,0.0717441640436,-0.362590714267,0.71691064783,0.974321675362,0.84651297872,1.12142725622,95824,True,6
primary,A,low_review_2,"low_review_2 ~ cr(actual_delivery_days, df=4, constraints=""center"") + C(purchase_month_adjustment, Treatment(reference=""2018-01""))","C(purchase_month_adjustment, Treatment(reference=""2018-01""))[T.2017-07]","C(purchase_month_adjustment, Treatment(reference=""2018-01""))",-0.109582499695,0.0685425386675,-1.59875169239,0.109875786707,0.896208224407,0.783547646314,1.025067442,95824,True,6
primary,A,low_review_2,"low_review_2 ~ cr(actual_delivery_days, df=4, constraints=""center"") + C(purchase_month_adjustment, Treatment(reference=""2018-01""))","C(purchase_month_adjustment, Treatment(reference=""2018-01""))[T.2017-08]","C(purchase_month_adjustment, Treatment(reference=""2018-01""))",-0.129104164494,0.0667610056945,-1.93382593853,0.0531345324835,0.878882412435,0.771087570674,1.00174652564,95824,True,6
primary,A,low_review_2,"low_review_2 ~ cr(actual_delivery_days, df=4, constraints=""center"") + C(purchase_month_adjustment, Treatment(reference=""2018-01""))","C(purchase_month_adjustment, Treatment(reference=""2018-01""))[T.2017-09]","C(purchase_month_adjustment, Treatment(reference=""2018-01""))",-0.076413795645,0.0655569619828,-1.16560916391,0.24377250106,0.926432773386,0.814726275801,1.05345526356,95824,True,6
primary,A,low_review_2,"low_review_2 ~ cr(actual_delivery_days, df=4, constraints=""center"") + C(purchase_month_adjustment, Treatment(reference=""2018-01""))","C(purchase_month_adjustment, Treatment(reference=""2018-01""))[T.2017-10]","C(purchase_month_adjustment, Treatment(reference=""2018-01""))",0.00504618826959,0.0624093793003,0.0808562483101,0.935556274777,1.00505894172,0.88934152694,1.13583302447,95824,True,6
primary,A,low_review_2,"low_review_2 ~ cr(actual_delivery_days, df=4, constraints=""center"") + C(purchase_month_adjustment, Treatment(reference=""2018-01""))","C(purchase_month_adjustment, Treatment(reference=""2018-01""))[T.2017-11]","C(purchase_month_adjustment, Treatment(reference=""2018-01""))",0.146907516621,0.0502339498717,2.92446675996,0.0034504692888,1.1582468395,1.04964371136,1.27808677048,95824,True,6
primary,A,low_review_2,"low_review_2 ~ cr(actual_delivery_days, df=4, constraints=""center"") + C(purchase_month_adjustment, Treatment(reference=""2018-01""))","C(purchase_month_adjustment, Treatment(reference=""2018-01""))[T.2017-12]","C(purchase_month_adjustment, Treatment(reference=""2018-01""))",-0.0739463301795,0.05601201201,-1.32018700143,0.186772590762,0.928721536822,0.832162240624,1.0364850156,95824,True,6
primary,A,low_review_2,"low_review_2 ~ cr(actual_delivery_days, df=4, constraints=""center"") + C(purchase_month_adjustment, Treatment(reference=""2018-01""))","C(purchase_month_adjustment, Treatment(reference=""2018-01""))[T.2018-02]","C(purchase_month_adjustment, Treatment(reference=""2018-01""))",0.17647380556,0.050625104098,3.48589516416,0.00049049318713,1.1930031763,1.0803125796,1.31744886206,95824,True,6
primary,A,low_review_2,"low_review_2 ~ cr(actual_delivery_days, df=4, constraints=""center"") + C(purchase_month_adjustment, Treatment(reference=""2018-01""))","C(purchase_month_adjustment, Treatment(reference=""2018-01""))[T.2018-03]","C(purchase_month_adjustment, Treatment(reference=""2018-01""))",0.334036646212,0.0490569436886,6.80916137647,9.8169311266e-12,1.39659432253,1.26856558737,1.53754423195,95824,True,6
primary,A,low_review_2,"low_review_2 ~ cr(actual_delivery_days, df=4, constraints=""center"") + C(purchase_month_adjustment, Treatment(reference=""2018-01""))","C(purchase_month_adjustment, Treatment(reference=""2018-01""))[T.2018-04]","C(purchase_month_adjustment, Treatment(reference=""2018-01""))",0.0615563271962,0.0550874834302,1.11742855842,0.263811130065,1.06349039827,0.954647462063,1.1847429257,95824,True,6
primary,A,low_review_2,"low_review_2 ~ cr(actual_delivery_days, df=4, constraints=""center"") + C(purchase_month_adjustment, Treatment(reference=""2018-01""))","C(purchase_month_adjustment, Treatment(reference=""2018-01""))[T.2018-05]","C(purchase_month_adjustment, Treatment(reference=""2018-01""))",-0.0228787283564,0.0557062641049,-0.410702974325,0.681290345711,0.977381005187,0.876287540159,1.0901371816,95824,True,6
primary,A,low_review_2,"low_review_2 ~ cr(actual_delivery_days, df=4, constraints=""center"") + C(purchase_month_adjustment, Treatment(reference=""2018-01""))","C(purchase_month_adjustment, Treatment(reference=""2018-01""))[T.2018-06]","C(purchase_month_adjustment, Treatment(reference=""2018-01""))",0.104768847818,0.0592806063695,1.7673376545,0.0771716973104,1.11045389685,0.988645943743,1.24726942423,95824,True,6
primary,A,low_review_2,"low_review_2 ~ cr(actual_delivery_days, df=4, constraints=""center"") + C(purchase_month_adjustment, Treatment(reference=""2018-01""))","C(purchase_month_adjustment, Treatment(reference=""2018-01""))[T.2018-07]","C(purchase_month_adjustment, Treatment(reference=""2018-01""))",0.0977285632918,0.0589939256875,1.65658687997,0.0976030267088,1.10266344115,0.982261801,1.23782342264,95824,True,6
primary,A,low_review_2,"low_review_2 ~ cr(actual_delivery_days, df=4, constraints=""center"") + C(purchase_month_adjustment, Treatment(reference=""2018-01""))","C(purchase_month_adjustment, Treatment(reference=""2018-01""))[T.2018-08]","C(purchase_month_adjustment, Treatment(reference=""2018-01""))",0.22588373484,0.0584030135568,3.86767259227,0.000109879056327,1.25342992657,1.11785976346,1.40544156985,95824,True,6
primary,A,low_review_2,"low_review_2 ~ cr(actual_delivery_days, df=4, constraints=""center"") + C(purchase_month_adjustment, Treatment(reference=""2018-01""))","C(purchase_month_adjustment, Treatment(reference=""2018-01""))[T.pooled sparse purchase months (<500 orders each)]","C(purchase_month_adjustment, Treatment(reference=""2018-01""))",-0.349923640082,0.217308768705,-1.6102601021,0.107341085416,0.704741901698,0.460316491873,1.07895579841,95824,True,6
primary,A,low_review_2,"low_review_2 ~ cr(actual_delivery_days, df=4, constraints=""center"") + C(purchase_month_adjustment, Treatment(reference=""2018-01""))","cr(actual_delivery_days, df=4, constraints=""center"")[0]","cr(actual_delivery_days, df=4, constraints=""center"")",2.27937955833,0.0320891880814,71.0326341865,0,9.77061643093,9.17503221763,10.4048621494,95824,True,6
primary,A,low_review_2,"low_review_2 ~ cr(actual_delivery_days, df=4, constraints=""center"") + C(purchase_month_adjustment, Treatment(reference=""2018-01""))","cr(actual_delivery_days, df=4, constraints=""center"")[1]","cr(actual_delivery_days, df=4, constraints=""center"")",5.05744126306,0.179525242613,28.1711985983,1.31816860898e-174,157.187799091,110.562199414,223.476055234,95824,True,6
primary,A,low_review_2,"low_review_2 ~ cr(actual_delivery_days, df=4, constraints=""center"") + C(purchase_month_adjustment, Treatment(reference=""2018-01""))","cr(actual_delivery_days, df=4, constraints=""center"")[2]","cr(actual_delivery_days, df=4, constraints=""center"")",0.656121799925,0.584464918975,1.12260253545,0.261606338085,1.9273033539,0.612988936402,6.05964968918,95824,True,6
primary,A,low_review_2,"low_review_2 ~ cr(actual_delivery_days, df=4, constraints=""center"") + C(purchase_month_adjustment, Treatment(reference=""2018-01""))","cr(actual_delivery_days, df=4, constraints=""center"")[3]","cr(actual_delivery_days, df=4, constraints=""center"")",4.71395326089,0.865599401711,5.44588322447,5.1548948804e-08,111.492046987,20.4382799065,608.195826567,95824,True,6
primary,B,low_review_2,"low_review_2 ~ cr(actual_delivery_days, df=4, constraints=""center"") + C(promise_error_group_label, Treatment(reference=""on promised date"")) + C(purchase_month_adjustment, Treatment(reference=""2018-01""))",Intercept,Intercept,-2.13452893618,0.0959090308518,-22.2557658775,9.91849853957e-110,0.118300304247,0.0980275044104,0.14276566632,95824,True,5
primary,B,low_review_2,"low_review_2 ~ cr(actual_delivery_days, df=4, constraints=""center"") + C(promise_error_group_label, Treatment(reference=""on promised date"")) + C(purchase_month_adjustment, Treatment(reference=""2018-01""))","C(promise_error_group_label, Treatment(reference=""on promised date""))[T.very early: <= -14 days]","C(promise_error_group_label, Treatment(reference=""on promised date""))",-0.0243924538236,0.0903648036142,-0.269933124934,0.78721170275,0.975902637872,0.817500132299,1.16499792597,95824,True,5
primary,B,low_review_2,"low_review_2 ~ cr(actual_delivery_days, df=4, constraints=""center"") + C(promise_error_group_label, Treatment(reference=""on promised date"")) + C(purchase_month_adjustment, Treatment(reference=""2018-01""))","C(promise_error_group_label, Treatment(reference=""on promised date""))[T.early: -13 to -7 days]","C(promise_error_group_label, Treatment(reference=""on promised date""))",-0.0711888391638,0.0898085353192,-0.792673423642,0.427968118144,0.93128601225,0.780976410446,1.11052475467,95824,True,5
primary,B,low_review_2,"low_review_2 ~ cr(actual_delivery_days, df=4, constraints=""center"") + C(promise_error_group_label, Treatment(reference=""on promised date"")) + C(purchase_month_adjustment, Treatment(reference=""2018-01""))","C(promise_error_group_label, Treatment(reference=""on promised date""))[T.slightly early: -6 to -1 days]","C(promise_error_group_label, Treatment(reference=""on promised date""))",-0.0064739113652,0.0908800941649,-0.0712357466691,0.943210131942,0.99354699925,0.831440431403,1.18725960687,95824,True,5
primary,B,low_review_2,"low_review_2 ~ cr(actual_delivery_days, df=4, constraints=""center"") + C(promise_error_group_label, Treatment(reference=""on promised date"")) + C(purchase_month_adjustment, Treatment(reference=""2018-01""))","C(promise_error_group_label, Treatment(reference=""on promised date""))[T.1 day late]","C(promise_error_group_label, Treatment(reference=""on promised date""))",0.440991038549,0.122653739729,3.59541453462,0.000323875444702,1.55424677397,1.22212864104,1.9766192799,95824,True,5
primary,B,low_review_2,"low_review_2 ~ cr(actual_delivery_days, df=4, constraints=""center"") + C(promise_error_group_label, Treatment(reference=""on promised date"")) + C(purchase_month_adjustment, Treatment(reference=""2018-01""))","C(promise_error_group_label, Treatment(reference=""on promised date""))[T.2-3 days late]","C(promise_error_group_label, Treatment(reference=""on promised date""))",1.48918380581,0.106619353209,13.9672935635,2.46829516343e-44,4.43347546496,3.59740845806,5.46385124947,95824,True,5
primary,B,low_review_2,"low_review_2 ~ cr(actual_delivery_days, df=4, constraints=""center"") + C(promise_error_group_label, Treatment(reference=""on promised date"")) + C(purchase_month_adjustment, Treatment(reference=""2018-01""))","C(promise_error_group_label, Treatment(reference=""on promised date""))[T.4-7 days late]","C(promise_error_group_label, Treatment(reference=""on promised date""))",2.44855253796,0.100361889151,24.397234435,1.82976761084e-131,11.571585161,9.50527445004,14.0870822661,95824,True,5
primary,B,low_review_2,"low_review_2 ~ cr(actual_delivery_days, df=4, constraints=""center"") + C(promise_error_group_label, Treatment(reference=""on promised date"")) + C(purchase_month_adjustment, Treatment(reference=""2018-01""))","C(promise_error_group_label, Treatment(reference=""on promised date""))[T.>=8 days late]","C(promise_error_group_label, Treatment(reference=""on promised date""))",2.86755349278,0.108236909449,26.4933053555,1.15764398423e-154,17.5939218467,14.2308628815,21.7517439754,95824,True,5
primary,B,low_review_2,"low_review_2 ~ cr(actual_delivery_days, df=4, constraints=""center"") + C(promise_error_group_label, Treatment(reference=""on promised date"")) + C(purchase_month_adjustment, Treatment(reference=""2018-01""))","C(purchase_month_adjustment, Treatment(reference=""2018-01""))[T.2017-01]","C(purchase_month_adjustment, Treatment(reference=""2018-01""))",-0.00734602709154,0.126391372867,-0.0581212698692,0.953652032124,0.992680889016,0.774863366961,1.2717278806,95824,True,5
primary,B,low_review_2,"low_review_2 ~ cr(actual_delivery_days, df=4, constraints=""center"") + C(promise_error_group_label, Treatment(reference=""on promised date"")) + C(purchase_month_adjustment, Treatment(reference=""2018-01""))","C(purchase_month_adjustment, Treatment(reference=""2018-01""))[T.2017-02]","C(purchase_month_adjustment, Treatment(reference=""2018-01""))",-0.104629697163,0.0910385773416,-1.14928967717,0.250436553243,0.900657977047,0.75347304851,1.07659430317,95824,True,5
primary,B,low_review_2,"low_review_2 ~ cr(actual_delivery_days, df=4, constraints=""center"") + C(promise_error_group_label, Treatment(reference=""on promised date"")) + C(purchase_month_adjustment, Treatment(reference=""2018-01""))","C(purchase_month_adjustment, Treatment(reference=""2018-01""))[T.2017-03]","C(purchase_month_adjustment, Treatment(reference=""2018-01""))",-0.136263272841,0.0778169013058,-1.7510755447,0.0799328980873,0.872612866976,0.749175809939,1.01638788321,95824,True,5
primary,B,low_review_2,"low_review_2 ~ cr(actual_delivery_days, df=4, constraints=""center"") + C(promise_error_group_label, Treatment(reference=""on promised date"")) + C(purchase_month_adjustment, Treatment(reference=""2018-01""))","C(purchase_month_adjustment, Treatment(reference=""2018-01""))[T.2017-04]","C(purchase_month_adjustment, Treatment(reference=""2018-01""))",-0.116903308683,0.0776731305408,-1.50506755514,0.132306709433,0.889671212486,0.764036399895,1.03596486559,95824,True,5
primary,B,low_review_2,"low_review_2 ~ cr(actual_delivery_days, df=4, constraints=""center"") + C(promise_error_group_label, Treatment(reference=""on promised date"")) + C(purchase_month_adjustment, Treatment(reference=""2018-01""))","C(purchase_month_adjustment, Treatment(reference=""2018-01""))[T.2017-05]","C(purchase_month_adjustment, Treatment(reference=""2018-01""))",-0.150400749514,0.0706404992598,-2.12910088533,0.0332459145449,0.860363117227,0.749121880868,0.988123177804,95824,True,5
primary,B,low_review_2,"low_review_2 ~ cr(actual_delivery_days, df=4, constraints=""center"") + C(promise_error_group_label, Treatment(reference=""on promised date"")) + C(purchase_month_adjustment, Treatment(reference=""2018-01""))","C(purchase_month_adjustment, Treatment(reference=""2018-01""))[T.2017-06]","C(purchase_month_adjustment, Treatment(reference=""2018-01""))",-0.101926119655,0.0719403556064,-1.41681423168,0.156537247668,0.903096270268,0.784329061273,1.03984783128,95824,True,5
primary,B,low_review_2,"low_review_2 ~ cr(actual_delivery_days, df=4, constraints=""center"") + C(promise_error_group_label, Treatment(reference=""on promised date"")) + C(purchase_month_adjustment, Treatment(reference=""2018-01""))","C(purchase_month_adjustment, Treatment(reference=""2018-01""))[T.2017-07]","C(purchase_month_adjustment, Treatment(reference=""2018-01""))",-0.176381077235,0.0684055266169,-2.57846238393,0.00992411040276,0.838298465999,0.733114453213,0.958573814794,95824,True,5
primary,B,low_review_2,"low_review_2 ~ cr(actual_delivery_days, df=4, constraints=""center"") + C(promise_error_group_label, Treatment(reference=""on promised date"")) + C(purchase_month_adjustment, Treatment(reference=""2018-01""))","C(purchase_month_adjustment, Treatment(reference=""2018-01""))[T.2017-08]","C(purchase_month_adjustment, Treatment(reference=""2018-01""))",-0.233014135823,0.0682301838258,-3.41511810108,0.000637543621036,0.79214237586,0.692987831728,0.905484216179,95824,True,5
primary,B,low_review_2,"low_review_2 ~ cr(actual_delivery_days, df=4, constraints=""center"") + C(promise_error_group_label, Treatment(reference=""on promised date"")) + C(purchase_month_adjustment, Treatment(reference=""2018-01""))","C(purchase_month_adjustment, Treatment(reference=""2018-01""))[T.2017-09]","C(purchase_month_adjustment, Treatment(reference=""2018-01""))",-0.222441459698,0.067504769391,-3.29519620176,0.000983529841287,0.800561870513,0.701349897132,0.913808230585,95824,True,5
primary,B,low_review_2,"low_review_2 ~ cr(actual_delivery_days, df=4, constraints=""center"") + C(promise_error_group_label, Treatment(reference=""on promised date"")) + C(purchase_month_adjustment, Treatment(reference=""2018-01""))","C(purchase_month_adjustment, Treatment(reference=""2018-01""))[T.2017-10]","C(purchase_month_adjustment, Treatment(reference=""2018-01""))",-0.108105156344,0.0638573954642,-1.69291521456,0.0904716068699,0.897533210157,0.79194498608,1.01719927204,95824,True,5
primary,B,low_review_2,"low_review_2 ~ cr(actual_delivery_days, df=4, constraints=""center"") + C(promise_error_group_label, Treatment(reference=""on promised date"")) + C(purchase_month_adjustment, Treatment(reference=""2018-01""))","C(purchase_month_adjustment, Treatment(reference=""2018-01""))[T.2017-11]","C(purchase_month_adjustment, Treatment(reference=""2018-01""))",-0.0584623556506,0.0530603642109,-1.10180841236,0.270544972361,0.943213746399,0.850051146878,1.04658663736,95824,True,5
primary,B,low_review_2,"low_review_2 ~ cr(actual_delivery_days, df=4, constraints=""center"") + C(promise_error_group_label, Treatment(reference=""on promised date"")) + C(purchase_month_adjustment, Treatment(reference=""2018-01""))","C(purchase_month_adjustment, Treatment(reference=""2018-01""))[T.2017-12]","C(purchase_month_adjustment, Treatment(reference=""2018-01""))",-0.0479220290834,0.0565009985764,-0.848162515546,0.396347469687,0.95320810669,0.853284761952,1.06483290828,95824,True,5
primary,B,low_review_2,"low_review_2 ~ cr(actual_delivery_days, df=4, constraints=""center"") + C(promise_error_group_label, Treatment(reference=""on promised date"")) + C(purchase_month_adjustment, Treatment(reference=""2018-01""))","C(purchase_month_adjustment, Treatment(reference=""2018-01""))[T.2018-02]","C(purchase_month_adjustment, Treatment(reference=""2018-01""))",0.0338662306512,0.0525647942199,0.644275910403,0.519396533816,1.03444622028,0.933178411564,1.14670353427,95824,True,5
primary,B,low_review_2,"low_review_2 ~ cr(actual_delivery_days, df=4, constraints=""center"") + C(promise_error_group_label, Treatment(reference=""on promised date"")) + C(purchase_month_adjustment, Treatment(reference=""2018-01""))","C(purchase_month_adjustment, Treatment(reference=""2018-01""))[T.2018-03]","C(purchase_month_adjustment, Treatment(reference=""2018-01""))",0.0196949121371,0.0526865972383,0.373812566562,0.70854376944,1.01989013645,0.919827689118,1.13083776749,95824,True,5
primary,B,low_review_2,"low_review_2 ~ cr(actual_delivery_days, df=4, constraints=""center"") + C(promise_error_group_label, Treatment(reference=""on promised date"")) + C(purchase_month_adjustment, Treatment(reference=""2018-01""))","C(purchase_month_adjustment, Treatment(reference=""2018-01""))[T.2018-04]","C(purchase_month_adjustment, Treatment(reference=""2018-01""))",-0.0501803518587,0.0556219894546,-0.902167512358,0.366967889817,0.951057883975,0.852827953223,1.06060207719,95824,True,5
primary,B,low_review_2,"low_review_2 ~ cr(actual_delivery_days, df=4, constraints=""center"") + C(promise_error_group_label, Treatment(reference=""on promised date"")) + C(purchase_month_adjustment, Treatment(reference=""2018-01""))","C(purchase_month_adjustment, Treatment(reference=""2018-01""))[T.2018-05]","C(purchase_month_adjustment, Treatment(reference=""2018-01""))",-0.262681329347,0.0587328891275,-4.4724741665,7.7319743512e-06,0.768986911831,0.685370523497,0.862804644049,95824,True,5
primary,B,low_review_2,"low_review_2 ~ cr(actual_delivery_days, df=4, constraints=""center"") + C(promise_error_group_label, Treatment(reference=""on promised date"")) + C(purchase_month_adjustment, Treatment(reference=""2018-01""))","C(purchase_month_adjustment, Treatment(reference=""2018-01""))[T.2018-06]","C(purchase_month_adjustment, Treatment(reference=""2018-01""))",-0.00762811765524,0.0585026747811,-0.13038921184,0.89625850143,0.992400902597,0.884890603725,1.1129732278,95824,True,5
primary,B,low_review_2,"low_review_2 ~ cr(actual_delivery_days, df=4, constraints=""center"") + C(promise_error_group_label, Treatment(reference=""on promised date"")) + C(purchase_month_adjustment, Treatment(reference=""2018-01""))","C(purchase_month_adjustment, Treatment(reference=""2018-01""))[T.2018-07]","C(purchase_month_adjustment, Treatment(reference=""2018-01""))",-0.131945858417,0.0605787244471,-2.1780890836,0.0293994051609,0.876388442853,0.778272953342,0.986873177936,95824,True,5
primary,B,low_review_2,"low_review_2 ~ cr(actual_delivery_days, df=4, constraints=""center"") + C(promise_error_group_label, Treatment(reference=""on promised date"")) + C(purchase_month_adjustment, Treatment(reference=""2018-01""))","C(purchase_month_adjustment, Treatment(reference=""2018-01""))[T.2018-08]","C(purchase_month_adjustment, Treatment(reference=""2018-01""))",-0.171279629682,0.0615827441572,-2.78129258489,0.00541429161254,0.842585928492,0.746783777451,0.950678186013,95824,True,5
primary,B,low_review_2,"low_review_2 ~ cr(actual_delivery_days, df=4, constraints=""center"") + C(promise_error_group_label, Treatment(reference=""on promised date"")) + C(purchase_month_adjustment, Treatment(reference=""2018-01""))","C(purchase_month_adjustment, Treatment(reference=""2018-01""))[T.pooled sparse purchase months (<500 orders each)]","C(purchase_month_adjustment, Treatment(reference=""2018-01""))",0.262201085698,0.171423276002,1.52955358113,0.126127266759,1.29978788491,0.928873830665,1.81881380439,95824,True,5
primary,B,low_review_2,"low_review_2 ~ cr(actual_delivery_days, df=4, constraints=""center"") + C(promise_error_group_label, Treatment(reference=""on promised date"")) + C(purchase_month_adjustment, Treatment(reference=""2018-01""))","cr(actual_delivery_days, df=4, constraints=""center"")[0]","cr(actual_delivery_days, df=4, constraints=""center"")",0.854935502683,0.0467114037472,18.3025007621,7.90363327933e-75,2.35122272813,2.14552190185,2.57664501699,95824,True,5
primary,B,low_review_2,"low_review_2 ~ cr(actual_delivery_days, df=4, constraints=""center"") + C(promise_error_group_label, Treatment(reference=""on promised date"")) + C(purchase_month_adjustment, Treatment(reference=""2018-01""))","cr(actual_delivery_days, df=4, constraints=""center"")[1]","cr(actual_delivery_days, df=4, constraints=""center"")",0.652588869848,0.155178911515,4.20539661915,2.60624701649e-05,1.92050633967,1.41686090194,2.60318045029,95824,True,5
primary,B,low_review_2,"low_review_2 ~ cr(actual_delivery_days, df=4, constraints=""center"") + C(promise_error_group_label, Treatment(reference=""on promised date"")) + C(purchase_month_adjustment, Treatment(reference=""2018-01""))","cr(actual_delivery_days, df=4, constraints=""center"")[2]","cr(actual_delivery_days, df=4, constraints=""center"")",-0.958732465642,0.311693617748,-3.07588096467,0.0020988161672,0.38337852358,0.208119940045,0.706223018853,95824,True,5
primary,B,low_review_2,"low_review_2 ~ cr(actual_delivery_days, df=4, constraints=""center"") + C(promise_error_group_label, Treatment(reference=""on promised date"")) + C(purchase_month_adjustment, Treatment(reference=""2018-01""))","cr(actual_delivery_days, df=4, constraints=""center"")[3]","cr(actual_delivery_days, df=4, constraints=""center"")",-0.387860462254,0.680087485361,-0.57030965957,0.568467690452,0.678507013998,0.178921621115,2.57303597617,95824,True,5
primary,C,low_review_2,"low_review_2 ~ cr(promised_lead_days, df=4, constraints=""center"") + C(promise_error_group_label, Treatment(reference=""on promised date"")) + C(purchase_month_adjustment, Treatment(reference=""2018-01""))",Intercept,Intercept,-1.73437108604,0.0933559217203,-18.5780511197,4.83756560369e-77,0.176511175727,0.146996672229,0.211951703969,95824,True,5
primary,C,low_review_2,"low_review_2 ~ cr(promised_lead_days, df=4, constraints=""center"") + C(promise_error_group_label, Treatment(reference=""on promised date"")) + C(purchase_month_adjustment, Treatment(reference=""2018-01""))","C(promise_error_group_label, Treatment(reference=""on promised date""))[T.very early: <= -14 days]","C(promise_error_group_label, Treatment(reference=""on promised date""))",-0.616497511538,0.0886494980792,-6.95432602435,3.54251507902e-12,0.539831885233,0.453732557451,0.642269238847,95824,True,5
primary,C,low_review_2,"low_review_2 ~ cr(promised_lead_days, df=4, constraints=""center"") + C(promise_error_group_label, Treatment(reference=""on promised date"")) + C(purchase_month_adjustment, Treatment(reference=""2018-01""))","C(promise_error_group_label, Treatment(reference=""on promised date""))[T.early: -13 to -7 days]","C(promise_error_group_label, Treatment(reference=""on promised date""))",-0.404165548613,0.0878431057374,-4.60099338724,4.20480778511e-06,0.667533602859,0.561954230864,0.792949116623,95824,True,5
primary,C,low_review_2,"low_review_2 ~ cr(promised_lead_days, df=4, constraints=""center"") + C(promise_error_group_label, Treatment(reference=""on promised date"")) + C(purchase_month_adjustment, Treatment(reference=""2018-01""))","C(promise_error_group_label, Treatment(reference=""on promised date""))[T.slightly early: -6 to -1 days]","C(promise_error_group_label, Treatment(reference=""on promised date""))",-0.13821219223,0.090365423994,-1.52948092447,0.126145264428,0.870913870981,0.729551608343,1.03966732715,95824,True,5
primary,C,low_review_2,"low_review_2 ~ cr(promised_lead_days, df=4, constraints=""center"") + C(promise_error_group_label, Treatment(reference=""on promised date"")) + C(purchase_month_adjustment, Treatment(reference=""2018-01""))","C(promise_error_group_label, Treatment(reference=""on promised date""))[T.1 day late]","C(promise_error_group_label, Treatment(reference=""on promised date""))",0.47219868201,0.122642935386,3.850190641,0.000118025921344,1.60351594185,1.26089646192,2.03923434908,95824,True,5
primary,C,low_review_2,"low_review_2 ~ cr(promised_lead_days, df=4, constraints=""center"") + C(promise_error_group_label, Treatment(reference=""on promised date"")) + C(purchase_month_adjustment, Treatment(reference=""2018-01""))","C(promise_error_group_label, Treatment(reference=""on promised date""))[T.2-3 days late]","C(promise_error_group_label, Treatment(reference=""on promised date""))",1.56435731122,0.106606302006,14.6741541708,9.43851697616e-49,4.77960215189,3.87836160909,5.89026992139,95824,True,5
primary,C,low_review_2,"low_review_2 ~ cr(promised_lead_days, df=4, constraints=""center"") + C(promise_error_group_label, Treatment(reference=""on promised date"")) + C(purchase_month_adjustment, Treatment(reference=""2018-01""))","C(promise_error_group_label, Treatment(reference=""on promised date""))[T.4-7 days late]","C(promise_error_group_label, Treatment(reference=""on promised date""))",2.60599865802,0.0999759397217,26.0662581944,8.80180114643e-150,13.5447451191,11.1345113638,16.4767105035,95824,True,5
primary,C,low_review_2,"low_review_2 ~ cr(promised_lead_days, df=4, constraints=""center"") + C(promise_error_group_label, Treatment(reference=""on promised date"")) + C(purchase_month_adjustment, Treatment(reference=""2018-01""))","C(promise_error_group_label, Treatment(reference=""on promised date""))[T.>=8 days late]","C(promise_error_group_label, Treatment(reference=""on promised date""))",3.11994717617,0.097786490886,31.9057075052,2.22517113149e-223,22.6451834063,18.6956182058,27.4291187303,95824,True,5
primary,C,low_review_2,"low_review_2 ~ cr(promised_lead_days, df=4, constraints=""center"") + C(promise_error_group_label, Treatment(reference=""on promised date"")) + C(purchase_month_adjustment, Treatment(reference=""2018-01""))","C(purchase_month_adjustment, Treatment(reference=""2018-01""))[T.2017-01]","C(purchase_month_adjustment, Treatment(reference=""2018-01""))",-0.25951542515,0.129452523365,-2.00471507548,0.0449935159238,0.771425308551,0.598554493111,0.994223606243,95824,True,5
primary,C,low_review_2,"low_review_2 ~ cr(promised_lead_days, df=4, constraints=""center"") + C(promise_error_group_label, Treatment(reference=""on promised date"")) + C(purchase_month_adjustment, Treatment(reference=""2018-01""))","C(purchase_month_adjustment, Treatment(reference=""2018-01""))[T.2017-02]","C(purchase_month_adjustment, Treatment(reference=""2018-01""))",-0.186336150861,0.0920394842996,-2.02452406463,0.0429162584927,0.829994544702,0.692996572811,0.994075542743,95824,True,5
primary,C,low_review_2,"low_review_2 ~ cr(promised_lead_days, df=4, constraints=""center"") + C(promise_error_group_label, Treatment(reference=""on promised date"")) + C(purchase_month_adjustment, Treatment(reference=""2018-01""))","C(purchase_month_adjustment, Treatment(reference=""2018-01""))[T.2017-03]","C(purchase_month_adjustment, Treatment(reference=""2018-01""))",-0.160732815353,0.079387104157,-2.02467160201,0.0429010964966,0.851519553667,0.728819862038,0.994876221198,95824,True,5
primary,C,low_review_2,"low_review_2 ~ cr(promised_lead_days, df=4, constraints=""center"") + C(promise_error_group_label, Treatment(reference=""on promised date"")) + C(purchase_month_adjustment, Treatment(reference=""2018-01""))","C(purchase_month_adjustment, Treatment(reference=""2018-01""))[T.2017-04]","C(purchase_month_adjustment, Treatment(reference=""2018-01""))",-0.129874399965,0.0784087476175,-1.65637641094,0.0976456150879,0.878205726664,0.753103416451,1.02408949621,95824,True,5
primary,C,low_review_2,"low_review_2 ~ cr(promised_lead_days, df=4, constraints=""center"") + C(promise_error_group_label, Treatment(reference=""on promised date"")) + C(purchase_month_adjustment, Treatment(reference=""2018-01""))","C(purchase_month_adjustment, Treatment(reference=""2018-01""))[T.2017-05]","C(purchase_month_adjustment, Treatment(reference=""2018-01""))",-0.160340429117,0.0707793964532,-2.26535456858,0.0234909298932,0.851853743781,0.7415108411,0.978616576554,95824,True,5
primary,C,low_review_2,"low_review_2 ~ cr(promised_lead_days, df=4, constraints=""center"") + C(promise_error_group_label, Treatment(reference=""on promised date"")) + C(purchase_month_adjustment, Treatment(reference=""2018-01""))","C(purchase_month_adjustment, Treatment(reference=""2018-01""))[T.2017-06]","C(purchase_month_adjustment, Treatment(reference=""2018-01""))",-0.104859488973,0.0723959519408,-1.44841646752,0.147500612052,0.900451036998,0.781333700209,1.03772827131,95824,True,5
primary,C,low_review_2,"low_review_2 ~ cr(promised_lead_days, df=4, constraints=""center"") + C(promise_error_group_label, Treatment(reference=""on promised date"")) + C(purchase_month_adjustment, Treatment(reference=""2018-01""))","C(purchase_month_adjustment, Treatment(reference=""2018-01""))[T.2017-07]","C(purchase_month_adjustment, Treatment(reference=""2018-01""))",-0.170545025782,0.0684742080019,-2.49064619742,0.0127511024074,0.843205122804,0.73730619825,0.96431425751,95824,True,5
primary,C,low_review_2,"low_review_2 ~ cr(promised_lead_days, df=4, constraints=""center"") + C(promise_error_group_label, Treatment(reference=""on promised date"")) + C(purchase_month_adjustment, Treatment(reference=""2018-01""))","C(purchase_month_adjustment, Treatment(reference=""2018-01""))[T.2017-08]","C(purchase_month_adjustment, Treatment(reference=""2018-01""))",-0.236010320842,0.0682752151568,-3.45674957303,0.000546732675455,0.789772522773,0.690853642097,0.902854960472,95824,True,5
primary,C,low_review_2,"low_review_2 ~ cr(promised_lead_days, df=4, constraints=""center"") + C(promise_error_group_label, Treatment(reference=""on promised date"")) + C(purchase_month_adjustment, Treatment(reference=""2018-01""))","C(purchase_month_adjustment, Treatment(reference=""2018-01""))[T.2017-09]","C(purchase_month_adjustment, Treatment(reference=""2018-01""))",-0.219952180898,0.0674367997903,-3.26160466662,0.00110783525722,0.802557174608,0.703191598844,0.915963756641,95824,True,5
primary,C,low_review_2,"low_review_2 ~ cr(promised_lead_days, df=4, constraints=""center"") + C(promise_error_group_label, Treatment(reference=""on promised date"")) + C(purchase_month_adjustment, Treatment(reference=""2018-01""))","C(purchase_month_adjustment, Treatment(reference=""2018-01""))[T.2017-10]","C(purchase_month_adjustment, Treatment(reference=""2018-01""))",-0.110056420464,0.0637960298135,-1.72512961678,0.0845041162193,0.895783593344,0.7904962697,1.01509428553,95824,True,5
primary,C,low_review_2,"low_review_2 ~ cr(promised_lead_days, df=4, constraints=""center"") + C(promise_error_group_label, Treatment(reference=""on promised date"")) + C(purchase_month_adjustment, Treatment(reference=""2018-01""))","C(purchase_month_adjustment, Treatment(reference=""2018-01""))[T.2017-11]","C(purchase_month_adjustment, Treatment(reference=""2018-01""))",-0.04617202804,0.0530814253616,-0.869833990431,0.384391133139,0.954877682325,0.860527496283,1.05957263671,95824,True,5
primary,C,low_review_2,"low_review_2 ~ cr(promised_lead_days, df=4, constraints=""center"") + C(promise_error_group_label, Treatment(reference=""on promised date"")) + C(purchase_month_adjustment, Treatment(reference=""2018-01""))","C(purchase_month_adjustment, Treatment(reference=""2018-01""))[T.2017-12]","C(purchase_month_adjustment, Treatment(reference=""2018-01""))",-0.0497930213487,0.0568025659215,-0.876598099767,0.380704971689,0.951426329061,0.851186513362,1.06347086734,95824,True,5
primary,C,low_review_2,"low_review_2 ~ cr(promised_lead_days, df=4, constraints=""center"") + C(promise_error_group_label, Treatment(reference=""on promised date"")) + C(purchase_month_adjustment, Treatment(reference=""2018-01""))","C(purchase_month_adjustment, Treatment(reference=""2018-01""))[T.2018-02]","C(purchase_month_adjustment, Treatment(reference=""2018-01""))",0.051485994503,0.0526411596936,0.978055855962,0.328046699238,1.05283444072,0.949624360483,1.16726192555,95824,True,5
primary,C,low_review_2,"low_review_2 ~ cr(promised_lead_days, df=4, constraints=""center"") + C(promise_error_group_label, Treatment(reference=""on promised date"")) + C(purchase_month_adjustment, Treatment(reference=""2018-01""))","C(purchase_month_adjustment, Treatment(reference=""2018-01""))[T.2018-03]","C(purchase_month_adjustment, Treatment(reference=""2018-01""))",0.0322391780687,0.0524705013385,0.614424814824,0.538934642058,1.03276449038,0.931833512598,1.14462774538,95824,True,5
primary,C,low_review_2,"low_review_2 ~ cr(promised_lead_days, df=4, constraints=""center"") + C(promise_error_group_label, Treatment(reference=""on promised date"")) + C(purchase_month_adjustment, Treatment(reference=""2018-01""))","C(purchase_month_adjustment, Treatment(reference=""2018-01""))[T.2018-04]","C(purchase_month_adjustment, Treatment(reference=""2018-01""))",-0.063830574699,0.0555965252507,-1.14810367035,0.250925769175,0.938163934774,0.841307742157,1.04617077011,95824,True,5
primary,C,low_review_2,"low_review_2 ~ cr(promised_lead_days, df=4, constraints=""center"") + C(promise_error_group_label, Treatment(reference=""on promised date"")) + C(purchase_month_adjustment, Treatment(reference=""2018-01""))","C(purchase_month_adjustment, Treatment(reference=""2018-01""))[T.2018-05]","C(purchase_month_adjustment, Treatment(reference=""2018-01""))",-0.291282777359,0.0585268281572,-4.9769103594,6.46072229781e-07,0.747304327393,0.666314663251,0.838138177863,95824,True,5
primary,C,low_review_2,"low_review_2 ~ cr(promised_lead_days, df=4, constraints=""center"") + C(promise_error_group_label, Treatment(reference=""on promised date"")) + C(purchase_month_adjustment, Treatment(reference=""2018-01""))","C(purchase_month_adjustment, Treatment(reference=""2018-01""))[T.2018-06]","C(purchase_month_adjustment, Treatment(reference=""2018-01""))",-0.111175936852,0.0588194911349,-1.89012068461,0.0587418212989,0.894781310073,0.797351218928,1.00411659737,95824,True,5
primary,C,low_review_2,"low_review_2 ~ cr(promised_lead_days, df=4, constraints=""center"") + C(promise_error_group_label, Treatment(reference=""on promised date"")) + C(purchase_month_adjustment, Treatment(reference=""2018-01""))","C(purchase_month_adjustment, Treatment(reference=""2018-01""))[T.2018-07]","C(purchase_month_adjustment, Treatment(reference=""2018-01""))",-0.15644251916,0.0603684416855,-2.59146194257,0.00955691114139,0.855180672793,0.759752550119,0.962594969907,95824,True,5
primary,C,low_review_2,"low_review_2 ~ cr(promised_lead_days, df=4, constraints=""center"") + C(promise_error_group_label, Treatment(reference=""on promised date"")) + C(purchase_month_adjustment, Treatment(reference=""2018-01""))","C(purchase_month_adjustment, Treatment(reference=""2018-01""))[T.2018-08]","C(purchase_month_adjustment, Treatment(reference=""2018-01""))",-0.207270642156,0.0630943103958,-3.28509244107,0.00101948917169,0.81279964237,0.718253133704,0.919791682954,95824,True,5
primary,C,low_review_2,"low_review_2 ~ cr(promised_lead_days, df=4, constraints=""center"") + C(promise_error_group_label, Treatment(reference=""on promised date"")) + C(purchase_month_adjustment, Treatment(reference=""2018-01""))","C(purchase_month_adjustment, Treatment(reference=""2018-01""))[T.pooled sparse purchase months (<500 orders each)]","C(purchase_month_adjustment, Treatment(reference=""2018-01""))",0.00453821769981,0.186480107601,0.0243362027092,0.980584436089,1.00454853101,0.697009612526,1.4477816848,95824,True,5
primary,C,low_review_2,"low_review_2 ~ cr(promised_lead_days, df=4, constraints=""center"") + C(promise_error_group_label, Treatment(reference=""on promised date"")) + C(purchase_month_adjustment, Treatment(reference=""2018-01""))","cr(promised_lead_days, df=4, constraints=""center"")[0]","cr(promised_lead_days, df=4, constraints=""center"")",0.648924677489,0.0620659716641,10.4554018908,1.38410725194e-25,1.91348211193,1.69431343955,2.16100144591,95824,True,5
primary,C,low_review_2,"low_review_2 ~ cr(promised_lead_days, df=4, constraints=""center"") + C(promise_error_group_label, Treatment(reference=""on promised date"")) + C(purchase_month_adjustment, Treatment(reference=""2018-01""))","cr(promised_lead_days, df=4, constraints=""center"")[1]","cr(promised_lead_days, df=4, constraints=""center"")",0.65843842114,0.0595478272055,11.0573038856,2.02080769991e-28,1.93177336139,1.71897266478,2.17091777911,95824,True,5
primary,C,low_review_2,"low_review_2 ~ cr(promised_lead_days, df=4, constraints=""center"") + C(promise_error_group_label, Treatment(reference=""on promised date"")) + C(purchase_month_adjustment, Treatment(reference=""2018-01""))","cr(promised_lead_days, df=4, constraints=""center"")[2]","cr(promised_lead_days, df=4, constraints=""center"")",0.706195522143,0.255265343842,2.76651546784,0.00566588969421,2.02626768534,1.2286114653,3.3417893684,95824,True,5
primary,C,low_review_2,"low_review_2 ~ cr(promised_lead_days, df=4, constraints=""center"") + C(promise_error_group_label, Treatment(reference=""on promised date"")) + C(purchase_month_adjustment, Treatment(reference=""2018-01""))","cr(promised_lead_days, df=4, constraints=""center"")[3]","cr(promised_lead_days, df=4, constraints=""center"")",-0.728559639315,1.68840904918,-0.431506594726,0.666100058538,0.482603612987,0.0176365722024,13.2058681582,95824,True,5
low_review_3,A,low_review_3,"low_review_3 ~ cr(actual_delivery_days, df=4, constraints=""center"") + C(purchase_month_adjustment, Treatment(reference=""2018-01""))",Intercept,Intercept,-1.39313982249,0.0307353009565,-45.3270272013,0,0.248294478856,0.233778801034,0.263711456974,95824,True,5
low_review_3,A,low_review_3,"low_review_3 ~ cr(actual_delivery_days, df=4, constraints=""center"") + C(purchase_month_adjustment, Treatment(reference=""2018-01""))","C(purchase_month_adjustment, Treatment(reference=""2018-01""))[T.2017-01]","C(purchase_month_adjustment, Treatment(reference=""2018-01""))",-0.0335818534176,0.102292014967,-0.328293986863,0.742689390258,0.966975757721,0.79130601209,1.18164414491,95824,True,5
low_review_3,A,low_review_3,"low_review_3 ~ cr(actual_delivery_days, df=4, constraints=""center"") + C(purchase_month_adjustment, Treatment(reference=""2018-01""))","C(purchase_month_adjustment, Treatment(reference=""2018-01""))[T.2017-02]","C(purchase_month_adjustment, Treatment(reference=""2018-01""))",-0.032858820508,0.0715068677731,-0.45951978504,0.645860947535,0.967675165834,0.84112945081,1.11325935107,95824,True,5
low_review_3,A,low_review_3,"low_review_3 ~ cr(actual_delivery_days, df=4, constraints=""center"") + C(purchase_month_adjustment, Treatment(reference=""2018-01""))","C(purchase_month_adjustment, Treatment(reference=""2018-01""))[T.2017-03]","C(purchase_month_adjustment, Treatment(reference=""2018-01""))",-0.0333227627068,0.0608678798232,-0.547460545753,0.5840623691,0.967226324616,0.858454486686,1.08978027087,95824,True,5
low_review_3,A,low_review_3,"low_review_3 ~ cr(actual_delivery_days, df=4, constraints=""center"") + C(purchase_month_adjustment, Treatment(reference=""2018-01""))","C(purchase_month_adjustment, Treatment(reference=""2018-01""))[T.2017-04]","C(purchase_month_adjustment, Treatment(reference=""2018-01""))",-0.0993411565737,0.061861383027,-1.60586704844,0.108303124956,0.905433760647,0.8020476657,1.02214660048,95824,True,5
low_review_3,A,low_review_3,"low_review_3 ~ cr(actual_delivery_days, df=4, constraints=""center"") + C(purchase_month_adjustment, Treatment(reference=""2018-01""))","C(purchase_month_adjustment, Treatment(reference=""2018-01""))[T.2017-05]","C(purchase_month_adjustment, Treatment(reference=""2018-01""))",0.00272217315396,0.0538896574119,0.050513832982,0.959712926352,1.00272588163,0.902217538483,1.11443100007,95824,True,5
low_review_3,A,low_review_3,"low_review_3 ~ cr(actual_delivery_days, df=4, constraints=""center"") + C(purchase_month_adjustment, Treatment(reference=""2018-01""))","C(purchase_month_adjustment, Treatment(reference=""2018-01""))[T.2017-06]","C(purchase_month_adjustment, Treatment(reference=""2018-01""))",-0.0234545303407,0.056418655157,-0.415722960347,0.677612738053,0.976818389258,0.874561148943,1.09103196128,95824,True,5
low_review_3,A,low_review_3,"low_review_3 ~ cr(actual_delivery_days, df=4, constraints=""center"") + C(purchase_month_adjustment, Treatment(reference=""2018-01""))","C(purchase_month_adjustment, Treatment(reference=""2018-01""))[T.2017-07]","C(purchase_month_adjustment, Treatment(reference=""2018-01""))",-0.0635156212402,0.0529696067665,-1.19909557796,0.230490783367,0.938459459286,0.845916907083,1.04112608384,95824,True,5
low_review_3,A,low_review_3,"low_review_3 ~ cr(actual_delivery_days, df=4, constraints=""center"") + C(purchase_month_adjustment, Treatment(reference=""2018-01""))","C(purchase_month_adjustment, Treatment(reference=""2018-01""))[T.2017-08]","C(purchase_month_adjustment, Treatment(reference=""2018-01""))",-0.203946239365,0.0530926431706,-3.84132767152,0.000122370632071,0.81550621214,0.734910976272,0.904940058745,95824,True,5
low_review_3,A,low_review_3,"low_review_3 ~ cr(actual_delivery_days, df=4, constraints=""center"") + C(purchase_month_adjustment, Treatment(reference=""2018-01""))","C(purchase_month_adjustment, Treatment(reference=""2018-01""))[T.2017-09]","C(purchase_month_adjustment, Treatment(reference=""2018-01""))",-0.134814146367,0.0522554951805,-2.57990371924,0.00988278647122,0.873878310055,0.788807446921,0.968123847924,95824,True,5
low_review_3,A,low_review_3,"low_review_3 ~ cr(actual_delivery_days, df=4, constraints=""center"") + C(purchase_month_adjustment, Treatment(reference=""2018-01""))","C(purchase_month_adjustment, Treatment(reference=""2018-01""))[T.2017-10]","C(purchase_month_adjustment, Treatment(reference=""2018-01""))",-0.0222719672305,0.0496626666363,-0.448464988672,0.653817648445,0.977974221939,0.887267285787,1.0779542919,95824,True,5
low_review_3,A,low_review_3,"low_review_3 ~ cr(actual_delivery_days, df=4, constraints=""center"") + C(purchase_month_adjustment, Treatment(reference=""2018-01""))","C(purchase_month_adjustment, Treatment(reference=""2018-01""))[T.2017-11]","C(purchase_month_adjustment, Treatment(reference=""2018-01""))",0.0881239593261,0.0414998673472,2.12347568701,0.0337140107468,1.09212349253,1.00680878908,1.18466757131,95824,True,5
low_review_3,A,low_review_3,"low_review_3 ~ cr(actual_delivery_days, df=4, constraints=""center"") + C(purchase_month_adjustment, Treatment(reference=""2018-01""))","C(purchase_month_adjustment, Treatment(reference=""2018-01""))[T.2017-12]","C(purchase_month_adjustment, Treatment(reference=""2018-01""))",-0.136730639169,0.0462456473971,-2.95661639235,0.0031103481504,0.872205132393,0.796625623629,0.954955214102,95824,True,5
low_review_3,A,low_review_3,"low_review_3 ~ cr(actual_delivery_days, df=4, constraints=""center"") + C(purchase_month_adjustment, Treatment(reference=""2018-01""))","C(purchase_month_adjustment, Treatment(reference=""2018-01""))[T.2018-02]","C(purchase_month_adjustment, Treatment(reference=""2018-01""))",0.0965249053925,0.0421538780954,2.28982266291,0.022031598847,1.10133701003,1.01400194419,1.19619416572,95824,True,5
low_review_3,A,low_review_3,"low_review_3 ~ cr(actual_delivery_days, df=4, constraints=""center"") + C(purchase_month_adjustment, Treatment(reference=""2018-01""))","C(purchase_month_adjustment, Treatment(reference=""2018-01""))[T.2018-03]","C(purchase_month_adjustment, Treatment(reference=""2018-01""))",0.206010039,0.0410895313546,5.01368675204,5.33968914137e-07,1.22876553951,1.13368800253,1.33181682061,95824,True,5
low_review_3,A,low_review_3,"low_review_3 ~ cr(actual_delivery_days, df=4, constraints=""center"") + C(purchase_month_adjustment, Treatment(reference=""2018-01""))","C(purchase_month_adjustment, Treatment(reference=""2018-01""))[T.2018-04]","C(purchase_month_adjustment, Treatment(reference=""2018-01""))",-0.0398193056657,0.0444559849069,-0.895701799187,0.370412049235,0.960963064046,0.880776446484,1.04844993772,95824,True,5
low_review_3,A,low_review_3,"low_review_3 ~ cr(actual_delivery_days, df=4, constraints=""center"") + C(purchase_month_adjustment, Treatment(reference=""2018-01""))","C(purchase_month_adjustment, Treatment(reference=""2018-01""))[T.2018-05]","C(purchase_month_adjustment, Treatment(reference=""2018-01""))",-0.0592005342991,0.0443333310068,-1.3353504678,0.181761668126,0.94251774307,0.864077974154,1.02807816259,95824,True,5
low_review_3,A,low_review_3,"low_review_3 ~ cr(actual_delivery_days, df=4, constraints=""center"") + C(purchase_month_adjustment, Treatment(reference=""2018-01""))","C(purchase_month_adjustment, Treatment(reference=""2018-01""))[T.2018-06]","C(purchase_month_adjustment, Treatment(reference=""2018-01""))",-0.0358418250287,0.0472207241297,-0.759027433172,0.447836146463,0.964792887502,0.879507890169,1.05834788542,95824,True,5
low_review_3,A,low_review_3,"low_review_3 ~ cr(actual_delivery_days, df=4, constraints=""center"") + C(purchase_month_adjustment, Treatment(reference=""2018-01""))","C(purchase_month_adjustment, Treatment(reference=""2018-01""))[T.2018-07]","C(purchase_month_adjustment, Treatment(reference=""2018-01""))",-0.0266600667496,0.0469301987895,-0.568079135339,0.569981234595,0.97369217562,0.888126078155,1.06750209929,95824,True,5
low_review_3,A,low_review_3,"low_review_3 ~ cr(actual_delivery_days, df=4, constraints=""center"") + C(purchase_month_adjustment, Treatment(reference=""2018-01""))","C(purchase_month_adjustment, Treatment(reference=""2018-01""))[T.2018-08]","C(purchase_month_adjustment, Treatment(reference=""2018-01""))",0.078600016886,0.0463943219879,1.69417319875,0.0902323761005,1.08177154517,0.987744534195,1.18474933086,95824,True,5
low_review_3,A,low_review_3,"low_review_3 ~ cr(actual_delivery_days, df=4, constraints=""center"") + C(purchase_month_adjustment, Treatment(reference=""2018-01""))","C(purchase_month_adjustment, Treatment(reference=""2018-01""))[T.pooled sparse purchase months (<500 orders each)]","C(purchase_month_adjustment, Treatment(reference=""2018-01""))",-0.423843852525,0.186169967579,-2.27664997763,0.0228071358749,0.654526076524,0.454421415282,0.94274690946,95824,True,5
low_review_3,A,low_review_3,"low_review_3 ~ cr(actual_delivery_days, df=4, constraints=""center"") + C(purchase_month_adjustment, Treatment(reference=""2018-01""))","cr(actual_delivery_days, df=4, constraints=""center"")[0]","cr(actual_delivery_days, df=4, constraints=""center"")",2.13230346204,0.0304354935193,70.0597629767,0,8.43427247926,7.94585962323,8.95270689737,95824,True,5
low_review_3,A,low_review_3,"low_review_3 ~ cr(actual_delivery_days, df=4, constraints=""center"") + C(purchase_month_adjustment, Treatment(reference=""2018-01""))","cr(actual_delivery_days, df=4, constraints=""center"")[1]","cr(actual_delivery_days, df=4, constraints=""center"")",5.39430673775,0.218415541775,24.6974491555,1.13914841048e-134,220.149472862,143.483513802,337.77950593,95824,True,5
low_review_3,A,low_review_3,"low_review_3 ~ cr(actual_delivery_days, df=4, constraints=""center"") + C(purchase_month_adjustment, Treatment(reference=""2018-01""))","cr(actual_delivery_days, df=4, constraints=""center"")[2]","cr(actual_delivery_days, df=4, constraints=""center"")",0.418055395237,0.564741348082,0.740259937857,0.459142284779,1.5190048177,0.50216963021,4.59481318143,95824,True,5
low_review_3,A,low_review_3,"low_review_3 ~ cr(actual_delivery_days, df=4, constraints=""center"") + C(purchase_month_adjustment, Treatment(reference=""2018-01""))","cr(actual_delivery_days, df=4, constraints=""center"")[3]","cr(actual_delivery_days, df=4, constraints=""center"")",4.92525864742,1.09041325432,4.51687342198,6.27593945117e-06,137.724959242,16.2499192688,1167.2774544,95824,True,5
low_review_3,B,low_review_3,"low_review_3 ~ cr(actual_delivery_days, df=4, constraints=""center"") + C(promise_error_group_label, Treatment(reference=""on promised date"")) + C(purchase_month_adjustment, Treatment(reference=""2018-01""))",Intercept,Intercept,-1.19168519854,0.072666224027,-16.3994374896,1.93016959113e-60,0.303709022573,0.263392917045,0.350196092692,95824,True,5
low_review_3,B,low_review_3,"low_review_3 ~ cr(actual_delivery_days, df=4, constraints=""center"") + C(promise_error_group_label, Treatment(reference=""on promised date"")) + C(purchase_month_adjustment, Treatment(reference=""2018-01""))","C(promise_error_group_label, Treatment(reference=""on promised date""))[T.very early: <= -14 days]","C(promise_error_group_label, Treatment(reference=""on promised date""))",-0.268154296109,0.0678427729406,-3.95258454933,7.73115986382e-05,0.764789767913,0.669567238695,0.87355437259,95824,True,5
low_review_3,B,low_review_3,"low_review_3 ~ cr(actual_delivery_days, df=4, constraints=""center"") + C(promise_error_group_label, Treatment(reference=""on promised date"")) + C(purchase_month_adjustment, Treatment(reference=""2018-01""))","C(promise_error_group_label, Treatment(reference=""on promised date""))[T.early: -13 to -7 days]","C(promise_error_group_label, Treatment(reference=""on promised date""))",-0.257667368813,0.067329263706,-3.82697440355,0.000129727998814,0.772852264122,0.67730722817,0.881875458162,95824,True,5
low_review_3,B,low_review_3,"low_review_3 ~ cr(actual_delivery_days, df=4, constraints=""center"") + C(promise_error_group_label, Treatment(reference=""on promised date"")) + C(purchase_month_adjustment, Treatment(reference=""2018-01""))","C(promise_error_group_label, Treatment(reference=""on promised date""))[T.slightly early: -6 to -1 days]","C(promise_error_group_label, Treatment(reference=""on promised date""))",-0.107434102742,0.0681469356588,-1.57650673069,0.114909068843,0.898135705181,0.785841907492,1.02647585632,95824,True,5
low_review_3,B,low_review_3,"low_review_3 ~ cr(actual_delivery_days, df=4, constraints=""center"") + C(promise_error_group_label, Treatment(reference=""on promised date"")) + C(purchase_month_adjustment, Treatment(reference=""2018-01""))","C(promise_error_group_label, Treatment(reference=""on promised date""))[T.1 day late]","C(promise_error_group_label, Treatment(reference=""on promised date""))",0.288343167549,0.0975653969022,2.95538353458,0.00312280575676,1.33421508489,1.10199095565,1.61537613682,95824,True,5
low_review_3,B,low_review_3,"low_review_3 ~ cr(actual_delivery_days, df=4, constraints=""center"") + C(promise_error_group_label, Treatment(reference=""on promised date"")) + C(purchase_month_adjustment, Treatment(reference=""2018-01""))","C(promise_error_group_label, Treatment(reference=""on promised date""))[T.2-3 days late]","C(promise_error_group_label, Treatment(reference=""on promised date""))",1.1310916389,0.0905485083485,12.4915546322,8.30154430968e-36,3.09903768436,2.59508643327,3.70085344593,95824,True,5
low_review_3,B,low_review_3,"low_review_3 ~ cr(actual_delivery_days, df=4, constraints=""center"") + C(promise_error_group_label, Treatment(reference=""on promised date"")) + C(purchase_month_adjustment, Treatment(reference=""2018-01""))","C(promise_error_group_label, Treatment(reference=""on promised date""))[T.4-7 days late]","C(promise_error_group_label, Treatment(reference=""on promised date""))",1.99762495951,0.0869792590661,22.9666817234,1.00392091974e-116,7.37152761515,6.21613756949,8.74166936839,95824,True,5
low_review_3,B,low_review_3,"low_review_3 ~ cr(actual_delivery_days, df=4, constraints=""center"") + C(promise_error_group_label, Treatment(reference=""on promised date"")) + C(purchase_month_adjustment, Treatment(reference=""2018-01""))","C(promise_error_group_label, Treatment(reference=""on promised date""))[T.>=8 days late]","C(promise_error_group_label, Treatment(reference=""on promised date""))",2.60414976267,0.102020091556,25.5258520449,1.01825968536e-143,13.5197254394,11.0695053016,16.5122985153,95824,True,5
low_review_3,B,low_review_3,"low_review_3 ~ cr(actual_delivery_days, df=4, constraints=""center"") + C(promise_error_group_label, Treatment(reference=""on promised date"")) + C(purchase_month_adjustment, Treatment(reference=""2018-01""))","C(purchase_month_adjustment, Treatment(reference=""2018-01""))[T.2017-01]","C(purchase_month_adjustment, Treatment(reference=""2018-01""))",-0.0224824179037,0.100060635366,-0.224687938684,0.822222048253,0.977768428261,0.803644992052,1.18961868581,95824,True,5
low_review_3,B,low_review_3,"low_review_3 ~ cr(actual_delivery_days, df=4, constraints=""center"") + C(promise_error_group_label, Treatment(reference=""on promised date"")) + C(purchase_month_adjustment, Treatment(reference=""2018-01""))","C(purchase_month_adjustment, Treatment(reference=""2018-01""))[T.2017-02]","C(purchase_month_adjustment, Treatment(reference=""2018-01""))",-0.0123876357984,0.0702701907519,-0.176285785848,0.86006942841,0.98768877512,0.860609277076,1.13353311716,95824,True,5
low_review_3,B,low_review_3,"low_review_3 ~ cr(actual_delivery_days, df=4, constraints=""center"") + C(promise_error_group_label, Treatment(reference=""on promised date"")) + C(purchase_month_adjustment, Treatment(reference=""2018-01""))","C(purchase_month_adjustment, Treatment(reference=""2018-01""))[T.2017-03]","C(purchase_month_adjustment, Treatment(reference=""2018-01""))",-0.0713034187219,0.0603005288287,-1.18246755223,0.237020233045,0.931179312023,0.827380756124,1.04799985342,95824,True,5
low_review_3,B,low_review_3,"low_review_3 ~ cr(actual_delivery_days, df=4, constraints=""center"") + C(promise_error_group_label, Treatment(reference=""on promised date"")) + C(purchase_month_adjustment, Treatment(reference=""2018-01""))","C(purchase_month_adjustment, Treatment(reference=""2018-01""))[T.2017-04]","C(purchase_month_adjustment, Treatment(reference=""2018-01""))",-0.118660018313,0.0619958123568,-1.91400053976,0.0556200867842,0.888109690471,0.786494477813,1.0028536049,95824,True,5
low_review_3,B,low_review_3,"low_review_3 ~ cr(actual_delivery_days, df=4, constraints=""center"") + C(promise_error_group_label, Treatment(reference=""on promised date"")) + C(purchase_month_adjustment, Treatment(reference=""2018-01""))","C(purchase_month_adjustment, Treatment(reference=""2018-01""))[T.2017-05]","C(purchase_month_adjustment, Treatment(reference=""2018-01""))",-0.0699557450022,0.0540515467907,-1.29424131511,0.195582080018,0.932435083905,0.838706185411,1.03663857597,95824,True,5
low_review_3,B,low_review_3,"low_review_3 ~ cr(actual_delivery_days, df=4, constraints=""center"") + C(promise_error_group_label, Treatment(reference=""on promised date"")) + C(purchase_month_adjustment, Treatment(reference=""2018-01""))","C(purchase_month_adjustment, Treatment(reference=""2018-01""))[T.2017-06]","C(purchase_month_adjustment, Treatment(reference=""2018-01""))",-0.0779798827063,0.0562407262085,-1.38653762075,0.165582800957,0.924983034512,0.828440981068,1.0327755793,95824,True,5
low_review_3,B,low_review_3,"low_review_3 ~ cr(actual_delivery_days, df=4, constraints=""center"") + C(promise_error_group_label, Treatment(reference=""on promised date"")) + C(purchase_month_adjustment, Treatment(reference=""2018-01""))","C(purchase_month_adjustment, Treatment(reference=""2018-01""))[T.2017-07]","C(purchase_month_adjustment, Treatment(reference=""2018-01""))",-0.113547793231,0.0525814432379,-2.15946513141,0.0308140996572,0.892661532213,0.805247554088,0.989564770545,95824,True,5
low_review_3,B,low_review_3,"low_review_3 ~ cr(actual_delivery_days, df=4, constraints=""center"") + C(promise_error_group_label, Treatment(reference=""on promised date"")) + C(purchase_month_adjustment, Treatment(reference=""2018-01""))","C(purchase_month_adjustment, Treatment(reference=""2018-01""))[T.2017-08]","C(purchase_month_adjustment, Treatment(reference=""2018-01""))",-0.272364710396,0.0534093060432,-5.09957403633,3.40418698572e-07,0.761576455583,0.685885190068,0.845620675438,95824,True,5
low_review_3,B,low_review_3,"low_review_3 ~ cr(actual_delivery_days, df=4, constraints=""center"") + C(promise_error_group_label, Treatment(reference=""on promised date"")) + C(purchase_month_adjustment, Treatment(reference=""2018-01""))","C(purchase_month_adjustment, Treatment(reference=""2018-01""))[T.2017-09]","C(purchase_month_adjustment, Treatment(reference=""2018-01""))",-0.242058392502,0.0530152051832,-4.56582958919,4.9752282212e-06,0.785010337495,0.707536341084,0.87096760151,95824,True,5
low_review_3,B,low_review_3,"low_review_3 ~ cr(actual_delivery_days, df=4, constraints=""center"") + C(promise_error_group_label, Treatment(reference=""on promised date"")) + C(purchase_month_adjustment, Treatment(reference=""2018-01""))","C(purchase_month_adjustment, Treatment(reference=""2018-01""))[T.2017-10]","C(purchase_month_adjustment, Treatment(reference=""2018-01""))",-0.10702352171,0.0500943102706,-2.13644066825,0.0326435122016,0.898504538378,0.814479055621,0.991198484375,95824,True,5
low_review_3,B,low_review_3,"low_review_3 ~ cr(actual_delivery_days, df=4, constraints=""center"") + C(promise_error_group_label, Treatment(reference=""on promised date"")) + C(purchase_month_adjustment, Treatment(reference=""2018-01""))","C(purchase_month_adjustment, Treatment(reference=""2018-01""))[T.2017-11]","C(purchase_month_adjustment, Treatment(reference=""2018-01""))",-0.0638895176367,0.0429729249818,-1.48673886322,0.137083794122,0.938108638265,0.862332024789,1.02054405019,95824,True,5
low_review_3,B,low_review_3,"low_review_3 ~ cr(actual_delivery_days, df=4, constraints=""center"") + C(promise_error_group_label, Treatment(reference=""on promised date"")) + C(purchase_month_adjustment, Treatment(reference=""2018-01""))","C(purchase_month_adjustment, Treatment(reference=""2018-01""))[T.2017-12]","C(purchase_month_adjustment, Treatment(reference=""2018-01""))",-0.112444138996,0.0460427949629,-2.44216579568,0.0145994401025,0.893647265748,0.816534300008,0.978042729583,95824,True,5
low_review_3,B,low_review_3,"low_review_3 ~ cr(actual_delivery_days, df=4, constraints=""center"") + C(promise_error_group_label, Treatment(reference=""on promised date"")) + C(purchase_month_adjustment, Treatment(reference=""2018-01""))","C(purchase_month_adjustment, Treatment(reference=""2018-01""))[T.2018-02]","C(purchase_month_adjustment, Treatment(reference=""2018-01""))",-0.0082956364029,0.0431332325155,-0.192325868457,0.847486956527,0.991738677438,0.911343660344,1.07922581472,95824,True,5
low_review_3,B,low_review_3,"low_review_3 ~ cr(actual_delivery_days, df=4, constraints=""center"") + C(promise_error_group_label, Treatment(reference=""on promised date"")) + C(purchase_month_adjustment, Treatment(reference=""2018-01""))","C(purchase_month_adjustment, Treatment(reference=""2018-01""))[T.2018-03]","C(purchase_month_adjustment, Treatment(reference=""2018-01""))",-0.0332599946458,0.0433213568258,-0.767750529596,0.442635410092,0.967287037443,0.888546503176,1.05300534014,95824,True,5
low_review_3,B,low_review_3,"low_review_3 ~ cr(actual_delivery_days, df=4, constraints=""center"") + C(promise_error_group_label, Treatment(reference=""on promised date"")) + C(purchase_month_adjustment, Treatment(reference=""2018-01""))","C(purchase_month_adjustment, Treatment(reference=""2018-01""))[T.2018-04]","C(purchase_month_adjustment, Treatment(reference=""2018-01""))",-0.117485829641,0.0444416986928,-2.64359448664,0.0082030866909,0.889153111276,0.814981424121,0.970075184406,95824,True,5
low_review_3,B,low_review_3,"low_review_3 ~ cr(actual_delivery_days, df=4, constraints=""center"") + C(promise_error_group_label, Treatment(reference=""on promised date"")) + C(purchase_month_adjustment, Treatment(reference=""2018-01""))","C(purchase_month_adjustment, Treatment(reference=""2018-01""))[T.2018-05]","C(purchase_month_adjustment, Treatment(reference=""2018-01""))",-0.228675520603,0.0456783422972,-5.00621320964,5.5511267754e-07,0.795586643101,0.727454789868,0.870099579379,95824,True,5
low_review_3,B,low_review_3,"low_review_3 ~ cr(actual_delivery_days, df=4, constraints=""center"") + C(promise_error_group_label, Treatment(reference=""on promised date"")) + C(purchase_month_adjustment, Treatment(reference=""2018-01""))","C(purchase_month_adjustment, Treatment(reference=""2018-01""))[T.2018-06]","C(purchase_month_adjustment, Treatment(reference=""2018-01""))",-0.0964911968504,0.046649574922,-2.06842606844,0.0385999760048,0.908017890982,0.828678775222,0.994953068663,95824,True,5
low_review_3,B,low_review_3,"low_review_3 ~ cr(actual_delivery_days, df=4, constraints=""center"") + C(promise_error_group_label, Treatment(reference=""on promised date"")) + C(purchase_month_adjustment, Treatment(reference=""2018-01""))","C(purchase_month_adjustment, Treatment(reference=""2018-01""))[T.2018-07]","C(purchase_month_adjustment, Treatment(reference=""2018-01""))",-0.193911007299,0.0478717934553,-4.0506317667,5.10795361346e-05,0.823731207072,0.749958056752,0.904761400182,95824,True,5
low_review_3,B,low_review_3,"low_review_3 ~ cr(actual_delivery_days, df=4, constraints=""center"") + C(promise_error_group_label, Treatment(reference=""on promised date"")) + C(purchase_month_adjustment, Treatment(reference=""2018-01""))","C(purchase_month_adjustment, Treatment(reference=""2018-01""))[T.2018-08]","C(purchase_month_adjustment, Treatment(reference=""2018-01""))",-0.237716180601,0.048804727463,-4.87076135772,1.11169043929e-06,0.788426430057,0.716503828277,0.867568617334,95824,True,5
low_review_3,B,low_review_3,"low_review_3 ~ cr(actual_delivery_days, df=4, constraints=""center"") + C(promise_error_group_label, Treatment(reference=""on promised date"")) + C(purchase_month_adjustment, Treatment(reference=""2018-01""))","C(purchase_month_adjustment, Treatment(reference=""2018-01""))[T.pooled sparse purchase months (<500 orders each)]","C(purchase_month_adjustment, Treatment(reference=""2018-01""))",0.0442140319183,0.149082591594,0.29657407646,0.766791704856,1.0452060384,0.780373616608,1.39991363043,95824,True,5
low_review_3,B,low_review_3,"low_review_3 ~ cr(actual_delivery_days, df=4, constraints=""center"") + C(promise_error_group_label, Treatment(reference=""on promised date"")) + C(purchase_month_adjustment, Treatment(reference=""2018-01""))","cr(actual_delivery_days, df=4, constraints=""center"")[0]","cr(actual_delivery_days, df=4, constraints=""center"")",0.928668843834,0.0395320721524,23.4915296181,4.97867720773e-122,2.53113759465,2.34242661309,2.73505154324,95824,True,5
low_review_3,B,low_review_3,"low_review_3 ~ cr(actual_delivery_days, df=4, constraints=""center"") + C(promise_error_group_label, Treatment(reference=""on promised date"")) + C(purchase_month_adjustment, Treatment(reference=""2018-01""))","cr(actual_delivery_days, df=4, constraints=""center"")[1]","cr(actual_delivery_days, df=4, constraints=""center"")",0.70930919307,0.175517674748,4.0412408271,5.31691211618e-05,2.0325866486,1.44094748356,2.86714715922,95824,True,5
low_review_3,B,low_review_3,"low_review_3 ~ cr(actual_delivery_days, df=4, constraints=""center"") + C(promise_error_group_label, Treatment(reference=""on promised date"")) + C(purchase_month_adjustment, Treatment(reference=""2018-01""))","cr(actual_delivery_days, df=4, constraints=""center"")[2]","cr(actual_delivery_days, df=4, constraints=""center"")",-1.50465382043,0.320196794897,-4.69915328452,2.61242325769e-06,0.222094164987,0.118572818337,0.415995999867,95824,True,5
low_review_3,B,low_review_3,"low_review_3 ~ cr(actual_delivery_days, df=4, constraints=""center"") + C(promise_error_group_label, Treatment(reference=""on promised date"")) + C(purchase_month_adjustment, Treatment(reference=""2018-01""))","cr(actual_delivery_days, df=4, constraints=""center"")[3]","cr(actual_delivery_days, df=4, constraints=""center"")",-0.180171613877,0.710572514492,-0.253558377509,0.799836755817,0.835126879751,0.207449332327,3.36196264148,95824,True,5
post_delivery_reviews,A,low_review_2,"low_review_2 ~ cr(actual_delivery_days, df=4, constraints=""center"") + C(purchase_month_adjustment, Treatment(reference=""2018-01""))",Intercept,Intercept,-2.24085097739,0.0405629259719,-55.2438199095,0,0.106367949135,0.0982389157488,0.115169640431,91171,True,6
post_delivery_reviews,A,low_review_2,"low_review_2 ~ cr(actual_delivery_days, df=4, constraints=""center"") + C(purchase_month_adjustment, Treatment(reference=""2018-01""))","C(purchase_month_adjustment, Treatment(reference=""2018-01""))[T.2017-01]","C(purchase_month_adjustment, Treatment(reference=""2018-01""))",0.0600504340218,0.128132725556,0.468658055631,0.639314072717,1.06189010058,0.826062292787,1.36504304284,91171,True,6
post_delivery_reviews,A,low_review_2,"low_review_2 ~ cr(actual_delivery_days, df=4, constraints=""center"") + C(purchase_month_adjustment, Treatment(reference=""2018-01""))","C(purchase_month_adjustment, Treatment(reference=""2018-01""))[T.2017-02]","C(purchase_month_adjustment, Treatment(reference=""2018-01""))",-0.0382929057238,0.0931943456645,-0.410893015566,0.681150984074,0.962430998054,0.801756392875,1.15530531998,91171,True,6
post_delivery_reviews,A,low_review_2,"low_review_2 ~ cr(actual_delivery_days, df=4, constraints=""center"") + C(purchase_month_adjustment, Treatment(reference=""2018-01""))","C(purchase_month_adjustment, Treatment(reference=""2018-01""))[T.2017-03]","C(purchase_month_adjustment, Treatment(reference=""2018-01""))",-0.0802400720993,0.0812198951146,-0.9879361699,0.323183909877,0.922894758507,0.787077829659,1.08214804583,91171,True,6
post_delivery_reviews,A,low_review_2,"low_review_2 ~ cr(actual_delivery_days, df=4, constraints=""center"") + C(purchase_month_adjustment, Treatment(reference=""2018-01""))","C(purchase_month_adjustment, Treatment(reference=""2018-01""))[T.2017-04]","C(purchase_month_adjustment, Treatment(reference=""2018-01""))",-0.0523948309883,0.0815273293849,-0.642665856757,0.520440940225,0.948954116375,0.808814680611,1.11337483922,91171,True,6
post_delivery_reviews,A,low_review_2,"low_review_2 ~ cr(actual_delivery_days, df=4, constraints=""center"") + C(purchase_month_adjustment, Treatment(reference=""2018-01""))","C(purchase_month_adjustment, Treatment(reference=""2018-01""))[T.2017-05]","C(purchase_month_adjustment, Treatment(reference=""2018-01""))",-0.0691439549119,0.0718572842818,-0.962240023442,0.33592904873,0.933192332788,0.810599125085,1.0743262644,91171,True,6
post_delivery_reviews,A,low_review_2,"low_review_2 ~ cr(actual_delivery_days, df=4, constraints=""center"") + C(purchase_month_adjustment, Treatment(reference=""2018-01""))","C(purchase_month_adjustment, Treatment(reference=""2018-01""))[T.2017-06]","C(purchase_month_adjustment, Treatment(reference=""2018-01""))",-0.0431589486775,0.0742533187325,-0.581239322554,0.561079168892,0.957759143418,0.828040859058,1.10779868743,91171,True,6
post_delivery_reviews,A,low_review_2,"low_review_2 ~ cr(actual_delivery_days, df=4, constraints=""center"") + C(purchase_month_adjustment, Treatment(reference=""2018-01""))","C(purchase_month_adjustment, Treatment(reference=""2018-01""))[T.2017-07]","C(purchase_month_adjustment, Treatment(reference=""2018-01""))",-0.141233963927,0.0713504331099,-1.97944087753,0.0477663899836,0.868286140296,0.754969262031,0.998611280415,91171,True,6
post_delivery_reviews,A,low_review_2,"low_review_2 ~ cr(actual_delivery_days, df=4, constraints=""center"") + C(purchase_month_adjustment, Treatment(reference=""2018-01""))","C(purchase_month_adjustment, Treatment(reference=""2018-01""))[T.2017-08]","C(purchase_month_adjustment, Treatment(reference=""2018-01""))",-0.157782970915,0.0699956909768,-2.25418120334,0.024184770792,0.854035112316,0.744552431439,0.979616669385,91171,True,6
post_delivery_reviews,A,low_review_2,"low_review_2 ~ cr(actual_delivery_days, df=4, constraints=""center"") + C(purchase_month_adjustment, Treatment(reference=""2018-01""))","C(purchase_month_adjustment, Treatment(reference=""2018-01""))[T.2017-09]","C(purchase_month_adjustment, Treatment(reference=""2018-01""))",-0.152128853196,0.0699551326194,-2.17466320912,0.0296553638216,0.858877604486,0.748833666921,0.985092914587,91171,True,6
post_delivery_reviews,A,low_review_2,"low_review_2 ~ cr(actual_delivery_days, df=4, constraints=""center"") + C(purchase_month_adjustment, Treatment(reference=""2018-01""))","C(purchase_month_adjustment, Treatment(reference=""2018-01""))[T.2017-10]","C(purchase_month_adjustment, Treatment(reference=""2018-01""))",-0.056243521672,0.0664774396124,-0.846054270439,0.397522469723,0.945308904653,0.829827933187,1.07686050262,91171,True,6
post_delivery_reviews,A,low_review_2,"low_review_2 ~ cr(actual_delivery_days, df=4, constraints=""center"") + C(purchase_month_adjustment, Treatment(reference=""2018-01""))","C(purchase_month_adjustment, Treatment(reference=""2018-01""))[T.2017-11]","C(purchase_month_adjustment, Treatment(reference=""2018-01""))",-0.0298078568961,0.0576081516133,-0.517424289121,0.604860007796,0.970632015881,0.866998736719,1.08665269089,91171,True,6
post_delivery_reviews,A,low_review_2,"low_review_2 ~ cr(actual_delivery_days, df=4, constraints=""center"") + C(purchase_month_adjustment, Treatment(reference=""2018-01""))","C(purchase_month_adjustment, Treatment(reference=""2018-01""))[T.2017-12]","C(purchase_month_adjustment, Treatment(reference=""2018-01""))",-0.02817748895,0.0606308981289,-0.464738109109,0.642119014006,0.972215793926,0.863283733948,1.09489326949,91171,True,6
post_delivery_reviews,A,low_review_2,"low_review_2 ~ cr(actual_delivery_days, df=4, constraints=""center"") + C(purchase_month_adjustment, Treatment(reference=""2018-01""))","C(purchase_month_adjustment, Treatment(reference=""2018-01""))[T.2018-02]","C(purchase_month_adjustment, Treatment(reference=""2018-01""))",0.0313893786928,0.0581808827063,0.539513620845,0.589532501047,1.03188722057,0.920679719677,1.15652730609,91171,True,6
post_delivery_reviews,A,low_review_2,"low_review_2 ~ cr(actual_delivery_days, df=4, constraints=""center"") + C(purchase_month_adjustment, Treatment(reference=""2018-01""))","C(purchase_month_adjustment, Treatment(reference=""2018-01""))[T.2018-03]","C(purchase_month_adjustment, Treatment(reference=""2018-01""))",0.0319614836643,0.0581184417831,0.549937036914,0.582362559931,1.03247773728,0.92131934179,1.15704754001,91171,True,6
post_delivery_reviews,A,low_review_2,"low_review_2 ~ cr(actual_delivery_days, df=4, constraints=""center"") + C(purchase_month_adjustment, Treatment(reference=""2018-01""))","C(purchase_month_adjustment, Treatment(reference=""2018-01""))[T.2018-04]","C(purchase_month_adjustment, Treatment(reference=""2018-01""))",0.00894471924709,0.0582185468671,0.153640372844,0.877893301935,1.00898484279,0.90017909965,1.1309420685,91171,True,6
post_delivery_reviews,A,low_review_2,"low_review_2 ~ cr(actual_delivery_days, df=4, constraints=""center"") + C(purchase_month_adjustment, Treatment(reference=""2018-01""))","C(purchase_month_adjustment, Treatment(reference=""2018-01""))[T.2018-05]","C(purchase_month_adjustment, Treatment(reference=""2018-01""))",-0.155361838085,0.0605835327482,-2.56442354939,0.0103347343946,0.856105349913,0.760253475945,0.964042116663,91171,True,6
post_delivery_reviews,A,low_review_2,"low_review_2 ~ cr(actual_delivery_days, df=4, constraints=""center"") + C(purchase_month_adjustment, Treatment(reference=""2018-01""))","C(purchase_month_adjustment, Treatment(reference=""2018-01""))[T.2018-06]","C(purchase_month_adjustment, Treatment(reference=""2018-01""))",0.0437724787575,0.060278977065,0.726164923308,0.467737672452,1.04474462625,0.92832615732,1.17576276987,91171,True,6
post_delivery_reviews,A,low_review_2,"low_review_2 ~ cr(actual_delivery_days, df=4, constraints=""center"") + C(purchase_month_adjustment, Treatment(reference=""2018-01""))","C(purchase_month_adjustment, Treatment(reference=""2018-01""))[T.2018-07]","C(purchase_month_adjustment, Treatment(reference=""2018-01""))",-0.0600390626026,0.062174491297,-0.96565426351,0.334217212684,0.941727746529,0.833685683213,1.06377159455,91171,True,6
post_delivery_reviews,A,low_review_2,"low_review_2 ~ cr(actual_delivery_days, df=4, constraints=""center"") + C(purchase_month_adjustment, Treatment(reference=""2018-01""))","C(purchase_month_adjustment, Treatment(reference=""2018-01""))[T.2018-08]","C(purchase_month_adjustment, Treatment(reference=""2018-01""))",-0.124791583625,0.063735650538,-1.95795575273,0.0502352049258,0.882680848558,0.779025761879,1.00012800415,91171,True,6
post_delivery_reviews,A,low_review_2,"low_review_2 ~ cr(actual_delivery_days, df=4, constraints=""center"") + C(purchase_month_adjustment, Treatment(reference=""2018-01""))","C(purchase_month_adjustment, Treatment(reference=""2018-01""))[T.pooled sparse purchase months (<500 orders each)]","C(purchase_month_adjustment, Treatment(reference=""2018-01""))",0.163392582974,0.180821160066,0.903614283383,0.366199964782,1.17749886497,0.826124014262,1.67832377835,91171,True,6
post_delivery_reviews,A,low_review_2,"low_review_2 ~ cr(actual_delivery_days, df=4, constraints=""center"") + C(purchase_month_adjustment, Treatment(reference=""2018-01""))","cr(actual_delivery_days, df=4, constraints=""center"")[0]","cr(actual_delivery_days, df=4, constraints=""center"")",0.398890218076,0.0393757214855,10.1303595979,4.05156682911e-24,1.4901700159,1.37949187122,1.60972798942,91171,True,6
post_delivery_reviews,A,low_review_2,"low_review_2 ~ cr(actual_delivery_days, df=4, constraints=""center"") + C(purchase_month_adjustment, Treatment(reference=""2018-01""))","cr(actual_delivery_days, df=4, constraints=""center"")[1]","cr(actual_delivery_days, df=4, constraints=""center"")",0.925578864834,0.0457552697153,20.2289019515,5.45031642909e-91,2.52332850381,2.30688973933,2.76007415074,91171,True,6
post_delivery_reviews,A,low_review_2,"low_review_2 ~ cr(actual_delivery_days, df=4, constraints=""center"") + C(purchase_month_adjustment, Treatment(reference=""2018-01""))","cr(actual_delivery_days, df=4, constraints=""center"")[2]","cr(actual_delivery_days, df=4, constraints=""center"")",1.71913931645,0.175306950215,9.80645270678,1.05616192689e-22,5.57972402035,3.95722890082,7.86745495991,91171,True,6
post_delivery_reviews,A,low_review_2,"low_review_2 ~ cr(actual_delivery_days, df=4, constraints=""center"") + C(purchase_month_adjustment, Treatment(reference=""2018-01""))","cr(actual_delivery_days, df=4, constraints=""center"")[3]","cr(actual_delivery_days, df=4, constraints=""center"")",1.27834215626,0.881399994298,1.45035416897,0.146959780617,3.59068199877,0.638157546178,20.2034705905,91171,True,6
post_delivery_reviews,B,low_review_2,"low_review_2 ~ cr(actual_delivery_days, df=4, constraints=""center"") + C(promise_error_group_label, Treatment(reference=""on promised date"")) + C(purchase_month_adjustment, Treatment(reference=""2018-01""))",Intercept,Intercept,-2.23568059679,0.0998981240734,-22.3796053982,6.21924339648e-111,0.106919336128,0.0879068698466,0.130043811797,91171,True,6
post_delivery_reviews,B,low_review_2,"low_review_2 ~ cr(actual_delivery_days, df=4, constraints=""center"") + C(promise_error_group_label, Treatment(reference=""on promised date"")) + C(purchase_month_adjustment, Treatment(reference=""2018-01""))","C(promise_error_group_label, Treatment(reference=""on promised date""))[T.very early: <= -14 days]","C(promise_error_group_label, Treatment(reference=""on promised date""))",0.00966217489805,0.0932012306738,0.103670035558,0.917431206653,1.00970900441,0.841130145124,1.21207434962,91171,True,6
post_delivery_reviews,B,low_review_2,"low_review_2 ~ cr(actual_delivery_days, df=4, constraints=""center"") + C(promise_error_group_label, Treatment(reference=""on promised date"")) + C(purchase_month_adjustment, Treatment(reference=""2018-01""))","C(promise_error_group_label, Treatment(reference=""on promised date""))[T.early: -13 to -7 days]","C(promise_error_group_label, Treatment(reference=""on promised date""))",-0.0359872891514,0.0921805565216,-0.390399998756,0.696240788778,0.964652554958,0.805205415156,1.15567348936,91171,True,6
post_delivery_reviews,B,low_review_2,"low_review_2 ~ cr(actual_delivery_days, df=4, constraints=""center"") + C(promise_error_group_label, Treatment(reference=""on promised date"")) + C(purchase_month_adjustment, Treatment(reference=""2018-01""))","C(promise_error_group_label, Treatment(reference=""on promised date""))[T.slightly early: -6 to -1 days]","C(promise_error_group_label, Treatment(reference=""on promised date""))",0.0229304683476,0.0925158932958,0.247854368917,0.80424708673,1.02319539261,0.853510571719,1.22661493149,91171,True,6
post_delivery_reviews,B,low_review_2,"low_review_2 ~ cr(actual_delivery_days, df=4, constraints=""center"") + C(promise_error_group_label, Treatment(reference=""on promised date"")) + C(purchase_month_adjustment, Treatment(reference=""2018-01""))","C(promise_error_group_label, Treatment(reference=""on promised date""))[T.1 day late]","C(promise_error_group_label, Treatment(reference=""on promised date""))",0.351727845721,0.12648141827,2.78086576299,0.00542141493916,1.42152159788,1.1094105311,1.82143904047,91171,True,6
post_delivery_reviews,B,low_review_2,"low_review_2 ~ cr(actual_delivery_days, df=4, constraints=""center"") + C(promise_error_group_label, Treatment(reference=""on promised date"")) + C(purchase_month_adjustment, Treatment(reference=""2018-01""))","C(promise_error_group_label, Treatment(reference=""on promised date""))[T.2-3 days late]","C(promise_error_group_label, Treatment(reference=""on promised date""))",0.338133977437,0.13508189998,2.50317753517,0.0123083785322,1.40232837118,1.07613758268,1.82739167581,91171,True,6
post_delivery_reviews,B,low_review_2,"low_review_2 ~ cr(actual_delivery_days, df=4, constraints=""center"") + C(promise_error_group_label, Treatment(reference=""on promised date"")) + C(purchase_month_adjustment, Treatment(reference=""2018-01""))","C(promise_error_group_label, Treatment(reference=""on promised date""))[T.4-7 days late]","C(promise_error_group_label, Treatment(reference=""on promised date""))",0.294039665186,0.155957592989,1.88538217057,0.0593782594164,1.34183712683,0.988435785354,1.82159215765,91171,True,6
post_delivery_reviews,B,low_review_2,"low_review_2 ~ cr(actual_delivery_days, df=4, constraints=""center"") + C(promise_error_group_label, Treatment(reference=""on promised date"")) + C(purchase_month_adjustment, Treatment(reference=""2018-01""))","C(promise_error_group_label, Treatment(reference=""on promised date""))[T.>=8 days late]","C(promise_error_group_label, Treatment(reference=""on promised date""))",0.431696695722,0.27390177782,1.5761003786,0.115002671822,1.53986799577,0.900197654096,2.63408089726,91171,True,6
post_delivery_reviews,B,low_review_2,"low_review_2 ~ cr(actual_delivery_days, df=4, constraints=""center"") + C(promise_error_group_label, Treatment(reference=""on promised date"")) + C(purchase_month_adjustment, Treatment(reference=""2018-01""))","C(purchase_month_adjustment, Treatment(reference=""2018-01""))[T.2017-01]","C(purchase_month_adjustment, Treatment(reference=""2018-01""))",0.0430820731441,0.128396366268,0.335539660478,0.737218032197,1.04402357763,0.81174406411,1.34276957337,91171,True,6
post_delivery_reviews,B,low_review_2,"low_review_2 ~ cr(actual_delivery_days, df=4, constraints=""center"") + C(promise_error_group_label, Treatment(reference=""on promised date"")) + C(purchase_month_adjustment, Treatment(reference=""2018-01""))","C(purchase_month_adjustment, Treatment(reference=""2018-01""))[T.2017-02]","C(purchase_month_adjustment, Treatment(reference=""2018-01""))",-0.0443743176653,0.0931762418744,-0.476240689392,0.633902914367,0.956595819735,0.796923654435,1.14826000865,91171,True,6
post_delivery_reviews,B,low_review_2,"low_review_2 ~ cr(actual_delivery_days, df=4, constraints=""center"") + C(promise_error_group_label, Treatment(reference=""on promised date"")) + C(purchase_month_adjustment, Treatment(reference=""2018-01""))","C(purchase_month_adjustment, Treatment(reference=""2018-01""))[T.2017-03]","C(purchase_month_adjustment, Treatment(reference=""2018-01""))",-0.0842231055502,0.081215159222,-1.0370367596,0.299718725903,0.91922614876,0.783956384163,1.07783638176,91171,True,6
post_delivery_reviews,B,low_review_2,"low_review_2 ~ cr(actual_delivery_days, df=4, constraints=""center"") + C(promise_error_group_label, Treatment(reference=""on promised date"")) + C(purchase_month_adjustment, Treatment(reference=""2018-01""))","C(purchase_month_adjustment, Treatment(reference=""2018-01""))[T.2017-04]","C(purchase_month_adjustment, Treatment(reference=""2018-01""))",-0.0588533918452,0.0814566858878,-0.722511494346,0.469980061038,0.942844987789,0.803719008757,1.10605405784,91171,True,6
post_delivery_reviews,B,low_review_2,"low_review_2 ~ cr(actual_delivery_days, df=4, constraints=""center"") + C(promise_error_group_label, Treatment(reference=""on promised date"")) + C(purchase_month_adjustment, Treatment(reference=""2018-01""))","C(purchase_month_adjustment, Treatment(reference=""2018-01""))[T.2017-05]","C(purchase_month_adjustment, Treatment(reference=""2018-01""))",-0.0749743002521,0.0718628994737,-1.04329634347,0.296811064077,0.927767329409,0.805877933637,1.06809255049,91171,True,6
post_delivery_reviews,B,low_review_2,"low_review_2 ~ cr(actual_delivery_days, df=4, constraints=""center"") + C(promise_error_group_label, Treatment(reference=""on promised date"")) + C(purchase_month_adjustment, Treatment(reference=""2018-01""))","C(purchase_month_adjustment, Treatment(reference=""2018-01""))[T.2017-06]","C(purchase_month_adjustment, Treatment(reference=""2018-01""))",-0.0447176843797,0.0743032249676,-0.601826965104,0.547289323833,0.956267412956,0.82667030338,1.10618146236,91171,True,6
post_delivery_reviews,B,low_review_2,"low_review_2 ~ cr(actual_delivery_days, df=4, constraints=""center"") + C(promise_error_group_label, Treatment(reference=""on promised date"")) + C(purchase_month_adjustment, Treatment(reference=""2018-01""))","C(purchase_month_adjustment, Treatment(reference=""2018-01""))[T.2017-07]","C(purchase_month_adjustment, Treatment(reference=""2018-01""))",-0.141186541263,0.0714005054888,-1.97738853943,0.047997728421,0.868327317714,0.754930972927,0.998756651572,91171,True,6
post_delivery_reviews,B,low_review_2,"low_review_2 ~ cr(actual_delivery_days, df=4, constraints=""center"") + C(promise_error_group_label, Treatment(reference=""on promised date"")) + C(purchase_month_adjustment, Treatment(reference=""2018-01""))","C(purchase_month_adjustment, Treatment(reference=""2018-01""))[T.2017-08]","C(purchase_month_adjustment, Treatment(reference=""2018-01""))",-0.160551866691,0.0699962989159,-2.29371937056,0.0218066233658,0.851673648933,0.742492810176,0.976909128742,91171,True,6
post_delivery_reviews,B,low_review_2,"low_review_2 ~ cr(actual_delivery_days, df=4, constraints=""center"") + C(promise_error_group_label, Treatment(reference=""on promised date"")) + C(purchase_month_adjustment, Treatment(reference=""2018-01""))","C(purchase_month_adjustment, Treatment(reference=""2018-01""))[T.2017-09]","C(purchase_month_adjustment, Treatment(reference=""2018-01""))",-0.157073811741,0.070124168279,-2.23993832078,0.0250949273966,0.854640973952,0.7448930291,0.980558504139,91171,True,6
post_delivery_reviews,B,low_review_2,"low_review_2 ~ cr(actual_delivery_days, df=4, constraints=""center"") + C(promise_error_group_label, Treatment(reference=""on promised date"")) + C(purchase_month_adjustment, Treatment(reference=""2018-01""))","C(purchase_month_adjustment, Treatment(reference=""2018-01""))[T.2017-10]","C(purchase_month_adjustment, Treatment(reference=""2018-01""))",-0.0605289475788,0.0666868272496,-0.907659729443,0.364058026519,0.941266521237,0.825940346972,1.07269570648,91171,True,6
post_delivery_reviews,B,low_review_2,"low_review_2 ~ cr(actual_delivery_days, df=4, constraints=""center"") + C(promise_error_group_label, Treatment(reference=""on promised date"")) + C(purchase_month_adjustment, Treatment(reference=""2018-01""))","C(purchase_month_adjustment, Treatment(reference=""2018-01""))[T.2017-11]","C(purchase_month_adjustment, Treatment(reference=""2018-01""))",-0.0380800862413,0.0582682203628,-0.653530964292,0.513414033975,0.962635843918,0.858744620678,1.07909586352,91171,True,6
post_delivery_reviews,B,low_review_2,"low_review_2 ~ cr(actual_delivery_days, df=4, constraints=""center"") + C(promise_error_group_label, Treatment(reference=""on promised date"")) + C(purchase_month_adjustment, Treatment(reference=""2018-01""))","C(purchase_month_adjustment, Treatment(reference=""2018-01""))[T.2017-12]","C(purchase_month_adjustment, Treatment(reference=""2018-01""))",-0.0291607883409,0.0606062609743,-0.481151416902,0.630408887095,0.971260284581,0.862476931011,1.09376437385,91171,True,6
post_delivery_reviews,B,low_review_2,"low_review_2 ~ cr(actual_delivery_days, df=4, constraints=""center"") + C(promise_error_group_label, Treatment(reference=""on promised date"")) + C(purchase_month_adjustment, Treatment(reference=""2018-01""))","C(purchase_month_adjustment, Treatment(reference=""2018-01""))[T.2018-02]","C(purchase_month_adjustment, Treatment(reference=""2018-01""))",0.0274073336697,0.0584171909963,0.469165552164,0.638951306217,1.0277863695,0.916596196252,1.15246476655,91171,True,6
post_delivery_reviews,B,low_review_2,"low_review_2 ~ cr(actual_delivery_days, df=4, constraints=""center"") + C(promise_error_group_label, Treatment(reference=""on promised date"")) + C(purchase_month_adjustment, Treatment(reference=""2018-01""))","C(purchase_month_adjustment, Treatment(reference=""2018-01""))[T.2018-03]","C(purchase_month_adjustment, Treatment(reference=""2018-01""))",0.0163182593308,0.0590647799056,0.27627732393,0.782335071251,1.01645212931,0.905338309903,1.14120315011,91171,True,6
post_delivery_reviews,B,low_review_2,"low_review_2 ~ cr(actual_delivery_days, df=4, constraints=""center"") + C(promise_error_group_label, Treatment(reference=""on promised date"")) + C(purchase_month_adjustment, Treatment(reference=""2018-01""))","C(purchase_month_adjustment, Treatment(reference=""2018-01""))[T.2018-04]","C(purchase_month_adjustment, Treatment(reference=""2018-01""))",0.0035439019411,0.0582402549351,0.0608496982895,0.95147891011,1.00355018899,0.895292408927,1.12489838155,91171,True,6
post_delivery_reviews,B,low_review_2,"low_review_2 ~ cr(actual_delivery_days, df=4, constraints=""center"") + C(promise_error_group_label, Treatment(reference=""on promised date"")) + C(purchase_month_adjustment, Treatment(reference=""2018-01""))","C(purchase_month_adjustment, Treatment(reference=""2018-01""))[T.2018-05]","C(purchase_month_adjustment, Treatment(reference=""2018-01""))",-0.168685354521,0.0610214493965,-2.7643616497,0.00570342876009,0.844774666103,0.749547792505,0.95209971082,91171,True,6
post_delivery_reviews,B,low_review_2,"low_review_2 ~ cr(actual_delivery_days, df=4, constraints=""center"") + C(promise_error_group_label, Treatment(reference=""on promised date"")) + C(purchase_month_adjustment, Treatment(reference=""2018-01""))","C(purchase_month_adjustment, Treatment(reference=""2018-01""))[T.2018-06]","C(purchase_month_adjustment, Treatment(reference=""2018-01""))",0.0329995279753,0.0603963695761,0.546382641985,0.584802939334,1.03355005138,0.918167740506,1.16343197608,91171,True,6
post_delivery_reviews,B,low_review_2,"low_review_2 ~ cr(actual_delivery_days, df=4, constraints=""center"") + C(promise_error_group_label, Treatment(reference=""on promised date"")) + C(purchase_month_adjustment, Treatment(reference=""2018-01""))","C(purchase_month_adjustment, Treatment(reference=""2018-01""))[T.2018-07]","C(purchase_month_adjustment, Treatment(reference=""2018-01""))",-0.0676317588201,0.0626511668252,-1.0794971945,0.280366143778,0.934604570108,0.826607098473,1.05671207528,91171,True,6
post_delivery_reviews,B,low_review_2,"low_review_2 ~ cr(actual_delivery_days, df=4, constraints=""center"") + C(promise_error_group_label, Treatment(reference=""on promised date"")) + C(purchase_month_adjustment, Treatment(reference=""2018-01""))","C(purchase_month_adjustment, Treatment(reference=""2018-01""))[T.2018-08]","C(purchase_month_adjustment, Treatment(reference=""2018-01""))",-0.150807471334,0.0660024100333,-2.28487825305,0.0223199675257,0.860013259927,0.755655406751,0.978783186942,91171,True,6
post_delivery_reviews,B,low_review_2,"low_review_2 ~ cr(actual_delivery_days, df=4, constraints=""center"") + C(promise_error_group_label, Treatment(reference=""on promised date"")) + C(purchase_month_adjustment, Treatment(reference=""2018-01""))","C(purchase_month_adjustment, Treatment(reference=""2018-01""))[T.pooled sparse purchase months (<500 orders each)]","C(purchase_month_adjustment, Treatment(reference=""2018-01""))",0.194280365866,0.179888258579,1.08000581806,0.280139589361,1.21443672183,0.853598665658,1.72781028213,91171,True,6
post_delivery_reviews,B,low_review_2,"low_review_2 ~ cr(actual_delivery_days, df=4, constraints=""center"") + C(promise_error_group_label, Treatment(reference=""on promised date"")) + C(purchase_month_adjustment, Treatment(reference=""2018-01""))","cr(actual_delivery_days, df=4, constraints=""center"")[0]","cr(actual_delivery_days, df=4, constraints=""center"")",0.397329578225,0.0395546267898,10.0450847466,9.65646406174e-24,1.48784621097,1.37685778328,1.60778140951,91171,True,6
post_delivery_reviews,B,low_review_2,"low_review_2 ~ cr(actual_delivery_days, df=4, constraints=""center"") + C(promise_error_group_label, Treatment(reference=""on promised date"")) + C(purchase_month_adjustment, Treatment(reference=""2018-01""))","cr(actual_delivery_days, df=4, constraints=""center"")[1]","cr(actual_delivery_days, df=4, constraints=""center"")",0.82355601614,0.0543738412689,15.1461805331,8.02996496863e-52,2.27858814415,2.04824892572,2.53483054012,91171,True,6
post_delivery_reviews,B,low_review_2,"low_review_2 ~ cr(actual_delivery_days, df=4, constraints=""center"") + C(promise_error_group_label, Treatment(reference=""on promised date"")) + C(purchase_month_adjustment, Treatment(reference=""2018-01""))","cr(actual_delivery_days, df=4, constraints=""center"")[2]","cr(actual_delivery_days, df=4, constraints=""center"")",1.55159720462,0.185309825137,8.37298941636,5.61746524079e-17,4.71900137735,3.28181499461,6.78556653438,91171,True,6
post_delivery_reviews,B,low_review_2,"low_review_2 ~ cr(actual_delivery_days, df=4, constraints=""center"") + C(promise_error_group_label, Treatment(reference=""on promised date"")) + C(purchase_month_adjustment, Treatment(reference=""2018-01""))","cr(actual_delivery_days, df=4, constraints=""center"")[3]","cr(actual_delivery_days, df=4, constraints=""center"")",1.04085666883,0.867136233171,1.20033811184,0.230008053872,2.83164175484,0.517524134678,15.4933741066,91171,True,6
fixed_duration_bins,B,low_review_2,"low_review_2 ~ C(actual_duration_group, Treatment(reference=""0-3 days"")) + C(promise_error_group_label, Treatment(reference=""on promised date"")) + C(purchase_month_adjustment, Treatment(reference=""2018-01""))",Intercept,Intercept,-2.42368457859,0.108368630015,-22.3651861083,8.59245318692e-111,0.0885945816364,0.0716413261632,0.109559667802,95824,True,6
fixed_duration_bins,B,low_review_2,"low_review_2 ~ C(actual_duration_group, Treatment(reference=""0-3 days"")) + C(promise_error_group_label, Treatment(reference=""on promised date"")) + C(purchase_month_adjustment, Treatment(reference=""2018-01""))","C(actual_duration_group, Treatment(reference=""0-3 days""))[T.4-7 days]","C(actual_duration_group, Treatment(reference=""0-3 days""))",0.0874455782095,0.0533500414138,1.63909110269,0.101194287758,1.09138286782,0.983027108859,1.21168231621,95824,True,6
fixed_duration_bins,B,low_review_2,"low_review_2 ~ C(actual_duration_group, Treatment(reference=""0-3 days"")) + C(promise_error_group_label, Treatment(reference=""on promised date"")) + C(purchase_month_adjustment, Treatment(reference=""2018-01""))","C(actual_duration_group, Treatment(reference=""0-3 days""))[T.8-14 days]","C(actual_duration_group, Treatment(reference=""0-3 days""))",0.233733509886,0.0510719451139,4.57655390575,4.72697946594e-06,1.26330778831,1.14297479945,1.39630949761,95824,True,6
fixed_duration_bins,B,low_review_2,"low_review_2 ~ C(actual_duration_group, Treatment(reference=""0-3 days"")) + C(promise_error_group_label, Treatment(reference=""on promised date"")) + C(purchase_month_adjustment, Treatment(reference=""2018-01""))","C(actual_duration_group, Treatment(reference=""0-3 days""))[T.15-21 days]","C(actual_duration_group, Treatment(reference=""0-3 days""))",0.468354661303,0.0539723155352,8.67768330224,4.03911902965e-18,1.59736382537,1.43701905416,1.77560010997,95824,True,6
fixed_duration_bins,B,low_review_2,"low_review_2 ~ C(actual_duration_group, Treatment(reference=""0-3 days"")) + C(promise_error_group_label, Treatment(reference=""on promised date"")) + C(purchase_month_adjustment, Treatment(reference=""2018-01""))","C(actual_duration_group, Treatment(reference=""0-3 days""))[T.22+ days]","C(actual_duration_group, Treatment(reference=""0-3 days""))",0.828744289894,0.0602124578178,13.7636681831,4.21581738922e-43,2.29044080405,2.03547669812,2.57734175081,95824,True,6
fixed_duration_bins,B,low_review_2,"low_review_2 ~ C(actual_duration_group, Treatment(reference=""0-3 days"")) + C(promise_error_group_label, Treatment(reference=""on promised date"")) + C(purchase_month_adjustment, Treatment(reference=""2018-01""))","C(promise_error_group_label, Treatment(reference=""on promised date""))[T.very early: <= -14 days]","C(promise_error_group_label, Treatment(reference=""on promised date""))",-0.023945988209,0.0914264027872,-0.261915458543,0.793386621347,0.976338442122,0.816165239682,1.16794578747,95824,True,6
fixed_duration_bins,B,low_review_2,"low_review_2 ~ C(actual_duration_group, Treatment(reference=""0-3 days"")) + C(promise_error_group_label, Treatment(reference=""on promised date"")) + C(purchase_month_adjustment, Treatment(reference=""2018-01""))","C(promise_error_group_label, Treatment(reference=""on promised date""))[T.early: -13 to -7 days]","C(promise_error_group_label, Treatment(reference=""on promised date""))",-0.0701669659951,0.0905585072225,-0.77482467575,0.438443266204,0.93223815484,0.780626576441,1.11329540086,95824,True,6
fixed_duration_bins,B,low_review_2,"low_review_2 ~ C(actual_duration_group, Treatment(reference=""0-3 days"")) + C(promise_error_group_label, Treatment(reference=""on promised date"")) + C(purchase_month_adjustment, Treatment(reference=""2018-01""))","C(promise_error_group_label, Treatment(reference=""on promised date""))[T.slightly early: -6 to -1 days]","C(promise_error_group_label, Treatment(reference=""on promised date""))",-0.0065379714722,0.0912672348774,-0.0716354722588,0.9428920098,0.993483354562,0.830756568722,1.18808470851,95824,True,6
fixed_duration_bins,B,low_review_2,"low_review_2 ~ C(actual_duration_group, Treatment(reference=""0-3 days"")) + C(promise_error_group_label, Treatment(reference=""on promised date"")) + C(purchase_month_adjustment, Treatment(reference=""2018-01""))","C(promise_error_group_label, Treatment(reference=""on promised date""))[T.1 day late]","C(promise_error_group_label, Treatment(reference=""on promised date""))",0.435623660641,0.122965140338,3.54265980946,0.000396113333772,1.54592689212,1.21484489988,1.96723874466,95824,True,6
fixed_duration_bins,B,low_review_2,"low_review_2 ~ C(actual_duration_group, Treatment(reference=""0-3 days"")) + C(promise_error_group_label, Treatment(reference=""on promised date"")) + C(purchase_month_adjustment, Treatment(reference=""2018-01""))","C(promise_error_group_label, Treatment(reference=""on promised date""))[T.2-3 days late]","C(promise_error_group_label, Treatment(reference=""on promised date""))",1.49464168864,0.106779273963,13.9974887744,1.61476344641e-44,4.45773900813,3.61596280908,5.49547606372,95824,True,6
fixed_duration_bins,B,low_review_2,"low_review_2 ~ C(actual_duration_group, Treatment(reference=""0-3 days"")) + C(promise_error_group_label, Treatment(reference=""on promised date"")) + C(purchase_month_adjustment, Treatment(reference=""2018-01""))","C(promise_error_group_label, Treatment(reference=""on promised date""))[T.4-7 days late]","C(promise_error_group_label, Treatment(reference=""on promised date""))",2.49236502685,0.100254220883,24.8604498134,1.99353437687e-136,12.0898351204,9.93307765038,14.7148868037,95824,True,6
fixed_duration_bins,B,low_review_2,"low_review_2 ~ C(actual_duration_group, Treatment(reference=""0-3 days"")) + C(promise_error_group_label, Treatment(reference=""on promised date"")) + C(purchase_month_adjustment, Treatment(reference=""2018-01""))","C(promise_error_group_label, Treatment(reference=""on promised date""))[T.>=8 days late]","C(promise_error_group_label, Treatment(reference=""on promised date""))",2.99870201704,0.0986411122006,30.400123743,5.47227759711e-203,20.0594831509,16.5331753526,24.3379057983,95824,True,6
fixed_duration_bins,B,low_review_2,"low_review_2 ~ C(actual_duration_group, Treatment(reference=""0-3 days"")) + C(promise_error_group_label, Treatment(reference=""on promised date"")) + C(purchase_month_adjustment, Treatment(reference=""2018-01""))","C(purchase_month_adjustment, Treatment(reference=""2018-01""))[T.2017-01]","C(purchase_month_adjustment, Treatment(reference=""2018-01""))",-0.00582260499572,0.126763941654,-0.0459326597119,0.963363922954,0.994194313516,0.775478232943,1.27459713379,95824,True,6
fixed_duration_bins,B,low_review_2,"low_review_2 ~ C(actual_duration_group, Treatment(reference=""0-3 days"")) + C(promise_error_group_label, Treatment(reference=""on promised date"")) + C(purchase_month_adjustment, Treatment(reference=""2018-01""))","C(purchase_month_adjustment, Treatment(reference=""2018-01""))[T.2017-02]","C(purchase_month_adjustment, Treatment(reference=""2018-01""))",-0.109892886086,0.0913534415421,-1.20294193881,0.228998789549,0.895930096736,0.749055393664,1.07160397619,95824,True,6
fixed_duration_bins,B,low_review_2,"low_review_2 ~ C(actual_duration_group, Treatment(reference=""0-3 days"")) + C(promise_error_group_label, Treatment(reference=""on promised date"")) + C(purchase_month_adjustment, Treatment(reference=""2018-01""))","C(purchase_month_adjustment, Treatment(reference=""2018-01""))[T.2017-03]","C(purchase_month_adjustment, Treatment(reference=""2018-01""))",-0.151134052409,0.0788161066035,-1.91755288255,0.0551677294393,0.85973244173,0.736673289614,1.00334827091,95824,True,6
fixed_duration_bins,B,low_review_2,"low_review_2 ~ C(actual_duration_group, Treatment(reference=""0-3 days"")) + C(promise_error_group_label, Treatment(reference=""on promised date"")) + C(purchase_month_adjustment, Treatment(reference=""2018-01""))","C(purchase_month_adjustment, Treatment(reference=""2018-01""))[T.2017-04]","C(purchase_month_adjustment, Treatment(reference=""2018-01""))",-0.12239292888,0.0779557750427,-1.57003030004,0.11640806229,0.884800636467,0.759432799827,1.03086430619,95824,True,6
fixed_duration_bins,B,low_review_2,"low_review_2 ~ C(actual_duration_group, Treatment(reference=""0-3 days"")) + C(promise_error_group_label, Treatment(reference=""on promised date"")) + C(purchase_month_adjustment, Treatment(reference=""2018-01""))","C(purchase_month_adjustment, Treatment(reference=""2018-01""))[T.2017-05]","C(purchase_month_adjustment, Treatment(reference=""2018-01""))",-0.160417390778,0.0707551278121,-2.26721929192,0.0233768328892,0.851788186225,0.741489043968,0.978494719638,95824,True,6
fixed_duration_bins,B,low_review_2,"low_review_2 ~ C(actual_duration_group, Treatment(reference=""0-3 days"")) + C(promise_error_group_label, Treatment(reference=""on promised date"")) + C(purchase_month_adjustment, Treatment(reference=""2018-01""))","C(purchase_month_adjustment, Treatment(reference=""2018-01""))[T.2017-06]","C(purchase_month_adjustment, Treatment(reference=""2018-01""))",-0.106118849315,0.0723576672634,-1.46658748587,0.142488306318,0.899317758424,0.78040889589,1.03634445337,95824,True,6
fixed_duration_bins,B,low_review_2,"low_review_2 ~ C(actual_duration_group, Treatment(reference=""0-3 days"")) + C(promise_error_group_label, Treatment(reference=""on promised date"")) + C(purchase_month_adjustment, Treatment(reference=""2018-01""))","C(purchase_month_adjustment, Treatment(reference=""2018-01""))[T.2017-07]","C(purchase_month_adjustment, Treatment(reference=""2018-01""))",-0.176817288788,0.06807033221,-2.59756758997,0.00938866407386,0.837932870268,0.733276311528,0.957526493134,95824,True,6
fixed_duration_bins,B,low_review_2,"low_review_2 ~ C(actual_duration_group, Treatment(reference=""0-3 days"")) + C(promise_error_group_label, Treatment(reference=""on promised date"")) + C(purchase_month_adjustment, Treatment(reference=""2018-01""))","C(purchase_month_adjustment, Treatment(reference=""2018-01""))[T.2017-08]","C(purchase_month_adjustment, Treatment(reference=""2018-01""))",-0.238123970381,0.0680951186531,-3.49693157294,0.000470642537041,0.788104983362,0.689638349149,0.900630693707,95824,True,6
fixed_duration_bins,B,low_review_2,"low_review_2 ~ C(actual_duration_group, Treatment(reference=""0-3 days"")) + C(promise_error_group_label, Treatment(reference=""on promised date"")) + C(purchase_month_adjustment, Treatment(reference=""2018-01""))","C(purchase_month_adjustment, Treatment(reference=""2018-01""))[T.2017-09]","C(purchase_month_adjustment, Treatment(reference=""2018-01""))",-0.227121120622,0.0674509279072,-3.36720528047,0.000759341416971,0.796824264595,0.698149154925,0.909445931672,95824,True,6
fixed_duration_bins,B,low_review_2,"low_review_2 ~ C(actual_duration_group, Treatment(reference=""0-3 days"")) + C(promise_error_group_label, Treatment(reference=""on promised date"")) + C(purchase_month_adjustment, Treatment(reference=""2018-01""))","C(purchase_month_adjustment, Treatment(reference=""2018-01""))[T.2017-10]","C(purchase_month_adjustment, Treatment(reference=""2018-01""))",-0.111905265756,0.0638081095091,-1.75377811092,0.0794685351504,0.894128958119,0.789017433795,1.01324325611,95824,True,6
fixed_duration_bins,B,low_review_2,"low_review_2 ~ C(actual_duration_group, Treatment(reference=""0-3 days"")) + C(promise_error_group_label, Treatment(reference=""on promised date"")) + C(purchase_month_adjustment, Treatment(reference=""2018-01""))","C(purchase_month_adjustment, Treatment(reference=""2018-01""))[T.2017-11]","C(purchase_month_adjustment, Treatment(reference=""2018-01""))",-0.0572460840001,0.0529725637083,-1.08067422063,0.27984205432,0.944361648478,0.851232141372,1.04768003905,95824,True,6
fixed_duration_bins,B,low_review_2,"low_review_2 ~ C(actual_duration_group, Treatment(reference=""0-3 days"")) + C(promise_error_group_label, Treatment(reference=""on promised date"")) + C(purchase_month_adjustment, Treatment(reference=""2018-01""))","C(purchase_month_adjustment, Treatment(reference=""2018-01""))[T.2017-12]","C(purchase_month_adjustment, Treatment(reference=""2018-01""))",-0.0422649906684,0.0561788610657,-0.752329076571,0.451853186193,0.958615722691,0.85866747843,1.0701978669,95824,True,6
fixed_duration_bins,B,low_review_2,"low_review_2 ~ C(actual_duration_group, Treatment(reference=""0-3 days"")) + C(promise_error_group_label, Treatment(reference=""on promised date"")) + C(purchase_month_adjustment, Treatment(reference=""2018-01""))","C(purchase_month_adjustment, Treatment(reference=""2018-01""))[T.2018-02]","C(purchase_month_adjustment, Treatment(reference=""2018-01""))",0.0380469338491,0.0523419102931,0.726892343746,0.467291907705,1.03877998568,0.937497371188,1.15100467671,95824,True,6
fixed_duration_bins,B,low_review_2,"low_review_2 ~ C(actual_duration_group, Treatment(reference=""0-3 days"")) + C(promise_error_group_label, Treatment(reference=""on promised date"")) + C(purchase_month_adjustment, Treatment(reference=""2018-01""))","C(purchase_month_adjustment, Treatment(reference=""2018-01""))[T.2018-03]","C(purchase_month_adjustment, Treatment(reference=""2018-01""))",0.021449163582,0.0523864162971,0.409441322735,0.682215819616,1.02168085042,0.921984998985,1.13215698875,95824,True,6
fixed_duration_bins,B,low_review_2,"low_review_2 ~ C(actual_duration_group, Treatment(reference=""0-3 days"")) + C(promise_error_group_label, Treatment(reference=""on promised date"")) + C(purchase_month_adjustment, Treatment(reference=""2018-01""))","C(purchase_month_adjustment, Treatment(reference=""2018-01""))[T.2018-04]","C(purchase_month_adjustment, Treatment(reference=""2018-01""))",-0.0593087493966,0.0554527365533,-1.06953692609,0.28482779912,0.942415753939,0.845358808858,1.05061595617,95824,True,6
fixed_duration_bins,B,low_review_2,"low_review_2 ~ C(actual_duration_group, Treatment(reference=""0-3 days"")) + C(promise_error_group_label, Treatment(reference=""on promised date"")) + C(purchase_month_adjustment, Treatment(reference=""2018-01""))","C(purchase_month_adjustment, Treatment(reference=""2018-01""))[T.2018-05]","C(purchase_month_adjustment, Treatment(reference=""2018-01""))",-0.276571613498,0.0587039270887,-4.71129662382,2.4614566059e-06,0.758379306992,0.675954713976,0.850854593336,95824,True,6
fixed_duration_bins,B,low_review_2,"low_review_2 ~ C(actual_duration_group, Treatment(reference=""0-3 days"")) + C(promise_error_group_label, Treatment(reference=""on promised date"")) + C(purchase_month_adjustment, Treatment(reference=""2018-01""))","C(purchase_month_adjustment, Treatment(reference=""2018-01""))[T.2018-06]","C(purchase_month_adjustment, Treatment(reference=""2018-01""))",-0.0217281958821,0.0583811585009,-0.372178223935,0.709760158191,0.978506160914,0.872708954727,1.09712900476,95824,True,6
fixed_duration_bins,B,low_review_2,"low_review_2 ~ C(actual_duration_group, Treatment(reference=""0-3 days"")) + C(promise_error_group_label, Treatment(reference=""on promised date"")) + C(purchase_month_adjustment, Treatment(reference=""2018-01""))","C(purchase_month_adjustment, Treatment(reference=""2018-01""))[T.2018-07]","C(purchase_month_adjustment, Treatment(reference=""2018-01""))",-0.152950290776,0.0604462389335,-2.53035248305,0.0113947989376,0.858172379834,0.76229417445,0.966109748958,95824,True,6
fixed_duration_bins,B,low_review_2,"low_review_2 ~ C(actual_duration_group, Treatment(reference=""0-3 days"")) + C(promise_error_group_label, Treatment(reference=""on promised date"")) + C(purchase_month_adjustment, Treatment(reference=""2018-01""))","C(purchase_month_adjustment, Treatment(reference=""2018-01""))[T.2018-08]","C(purchase_month_adjustment, Treatment(reference=""2018-01""))",-0.195899786211,0.0614208582636,-3.18946676665,0.00142535526792,0.822094615767,0.728853551808,0.927263859244,95824,True,6
fixed_duration_bins,B,low_review_2,"low_review_2 ~ C(actual_duration_group, Treatment(reference=""0-3 days"")) + C(promise_error_group_label, Treatment(reference=""on promised date"")) + C(purchase_month_adjustment, Treatment(reference=""2018-01""))","C(purchase_month_adjustment, Treatment(reference=""2018-01""))[T.pooled sparse purchase months (<500 orders each)]","C(purchase_month_adjustment, Treatment(reference=""2018-01""))",0.30299418768,0.170846799612,1.77348471477,0.076148422493,1.35390659508,0.968642776819,1.89240358992,95824,True,6
