period,cohort,cohort_month,origin,family,model_id,model_name,representation,probability_type,probability_variant,calibration_method,n_train,train_order_id_sha256,fitted_model_sha256,model_hash_type,n_orders,n_events,prevalence,log_loss,brier,average_precision,roc_auc,top_5pct_lift,top_10pct_lift,top_10pct_recall,calibration_intercept,calibration_slope,wace,calibration_invalid_reason,order_id_sha256,model_family,specification,n_obs,brier_score,top10_lift,comparison,reference_model,reference_specification,representation_evidence,later_month_count,primary_evidence_available,median_delta_log_loss,median_delta_brier,both_improved_month_count,high_support_guard_available,high_support_median_delta_log_loss,high_support_median_delta_brier,high_support_material_reversal,high_support_no_material_reversal,calibration_guard_available,median_delta_wace,median_delta_absolute_calibration_slope_error,calibration_not_systematically_worse,calibration_systematically_worse,score_guard_available,score_only_median_delta_log_loss,full_beats_metadata_log_loss,full_no_metadata_brier_worsening,score_contributes,benefit_not_metadata_only,all_guards_available,all_guards_pass,evidence_status,evidence_label,evidence_reason,delta_log_loss,delta_brier,delta_brier_score,delta_average_precision,delta_roc_auc,delta_top_10pct_lift,delta_top10_lift,delta_calibration_intercept,delta_calibration_slope,delta_log_loss_lower,delta_log_loss_upper,delta_brier_lower,delta_brier_upper,constituent_fitted_model_count
aggregate,later_pooled,later_pooled,,logistic_l2,DP0,Direct promise baseline,full,calibrated,calibrated,none,,multiple_expanding_training_sets,83789b5b61a8824887e2e1961a3a76017f99fd10e02131d8da5eef3a3f69c3dd,composite_fitted_models,40270,3477,0.086342190216,0.30766408536,0.0804624776157,0.0703529307674,0.399599251965,0.943107765343,1.00373885534,0.100373885534,-5.13020700102,-0.982038580896,0.0567299260458,,72cfdc8f6be208328a97da86166024c4a11b6099541993e6da4d9e100c5d76d2,logistic_l2,DP0,40270,0.0804624776157,1.00373885534,DP0_reference,,,,,,,,,,,,,,,,,,,,,,,,,,,Reference,Reference,,,,,,,,,,,,,,,6
aggregate,later_pooled,later_pooled,,logistic_l2,DP0,Direct promise baseline,full,raw,raw,none,,multiple_expanding_training_sets,83789b5b61a8824887e2e1961a3a76017f99fd10e02131d8da5eef3a3f69c3dd,composite_fitted_models,40270,3477,0.086342190216,0.30766408536,0.0804624776157,0.0703529307674,0.399599251965,0.943107765343,1.00373885534,0.100373885534,-5.13020700102,-0.982038580896,0.0567299260458,,72cfdc8f6be208328a97da86166024c4a11b6099541993e6da4d9e100c5d76d2,logistic_l2,DP0,40270,0.0804624776157,1.00373885534,DP0_reference,,,,,,,,,,,,,,,,,,,,,,,,,,,Reference,Reference,,,,,,,,,,,,,,,6
aggregate,later_pooled,later_pooled,,logistic_l2,DPB,Promise + both profile blocks,full,calibrated,calibrated,none,,multiple_expanding_training_sets,f1db031425071febea902b5a930da8e852ad0845c877722404229e64749f06d1,composite_fitted_models,40270,3477,0.086342190216,0.268844428343,0.0748792270975,0.188583308703,0.727975986667,2.93283512393,2.66321541559,0.266321541559,0.0285498573056,0.978261002615,0.0102043764272,,72cfdc8f6be208328a97da86166024c4a11b6099541993e6da4d9e100c5d76d2,logistic_l2,DPB,40270,0.0748792270975,2.66321541559,DPB-DP0,DP0,DP0,full,6,True,-0.0188355042404,-0.00146902299902,5,True,-0.0178964373712,-0.00140057680524,False,True,True,-0.0166763314017,-3.63404763384,True,False,True,-0.0194931043395,True,False,True,True,True,True,Supported,Supported,both_medians_improve_at_least_four_months_all_guards_pass,-0.0388196570165,-0.00558325051821,-0.00558325051821,0.118230377936,0.328376734702,1.65947656025,1.65947656025,5.15875685832,1.96029958351,-0.06417883973,-0.0201110844611,-0.0103800861977,-0.00200783215759,6
aggregate,later_pooled,later_pooled,,logistic_l2,DPB,Promise + both profile blocks,full,raw,raw,none,,multiple_expanding_training_sets,f1db031425071febea902b5a930da8e852ad0845c877722404229e64749f06d1,composite_fitted_models,40270,3477,0.086342190216,0.268844428343,0.0748792270975,0.188583308703,0.727975986667,2.93283512393,2.66321541559,0.266321541559,0.0285498573056,0.978261002615,0.0102043764272,,72cfdc8f6be208328a97da86166024c4a11b6099541993e6da4d9e100c5d76d2,logistic_l2,DPB,40270,0.0748792270975,2.66321541559,DPB-DP0,DP0,DP0,full,6,True,-0.0188355042404,-0.00146902299902,5,True,-0.0178964373712,-0.00140057680524,False,True,True,-0.0166763314017,-3.63404763384,True,False,True,-0.0194931043395,True,False,True,True,True,True,Supported,Supported,both_medians_improve_at_least_four_months_all_guards_pass,-0.0388196570165,-0.00558325051821,-0.00558325051821,0.118230377936,0.328376734702,1.65947656025,1.65947656025,5.15875685832,1.96029958351,-0.06417883973,-0.0201110844611,-0.0103800861977,-0.00200783215759,6
aggregate,later_pooled,later_pooled,,logistic_l2,DPG,Promise + geographic profiles,full,calibrated,calibrated,none,,multiple_expanding_training_sets,8d91f402ed6116a5edf83036773e54808750f0c7537ac20cd74b0b674e194d0b,composite_fitted_models,40270,3477,0.086342190216,0.275729040211,0.076350504455,0.16202324386,0.704399820616,2.03573261544,2.18579234973,0.218579234973,-0.160807862514,0.893056588068,0.0170279176666,,72cfdc8f6be208328a97da86166024c4a11b6099541993e6da4d9e100c5d76d2,logistic_l2,DPG,40270,0.076350504455,2.18579234973,DPG-DP0,DP0,DP0,full,6,True,-0.0126256584508,-0.000678203167734,3,True,-0.0125311675792,-0.000651481391294,False,True,True,-0.0113356271504,-3.47809936608,True,False,True,-0.0132700613425,True,False,True,True,True,True,Mixed,Mixed,exactly_three_both_improved_months,-0.0319350451486,-0.00411197316072,-0.00411197316072,0.0916703130924,0.304800568652,1.18205349439,1.18205349439,4.9693991385,1.87509516896,-0.0522653258875,-0.0121152907308,-0.00770048545408,-0.000630756099178,6
aggregate,later_pooled,later_pooled,,logistic_l2,DPG,Promise + geographic profiles,full,raw,raw,none,,multiple_expanding_training_sets,8d91f402ed6116a5edf83036773e54808750f0c7537ac20cd74b0b674e194d0b,composite_fitted_models,40270,3477,0.086342190216,0.275729040211,0.076350504455,0.16202324386,0.704399820616,2.03573261544,2.18579234973,0.218579234973,-0.160807862514,0.893056588068,0.0170279176666,,72cfdc8f6be208328a97da86166024c4a11b6099541993e6da4d9e100c5d76d2,logistic_l2,DPG,40270,0.076350504455,2.18579234973,DPG-DP0,DP0,DP0,full,6,True,-0.0126256584508,-0.000678203167734,3,True,-0.0125311675792,-0.000651481391294,False,True,True,-0.0113356271504,-3.47809936608,True,False,True,-0.0132700613425,True,False,True,True,True,True,Mixed,Mixed,exactly_three_both_improved_months,-0.0319350451486,-0.00411197316072,-0.00411197316072,0.0916703130924,0.304800568652,1.18205349439,1.18205349439,4.9693991385,1.87509516896,-0.0522653258875,-0.0121152907308,-0.00770048545408,-0.000630756099178,6
aggregate,later_pooled,later_pooled,,logistic_l2,DPS,Promise + seller profiles,full,calibrated,calibrated,none,,multiple_expanding_training_sets,0ea513409e8ee42b7b9d2d95a768e4f334e66a7d5bce5ad85dfcb1a36809a87c,composite_fitted_models,40270,3477,0.086342190216,0.303486839787,0.0799067240119,0.0887277083921,0.494149200158,1.35140441985,1.12740868565,0.112740868565,-2.10882062624,0.0890499420446,0.0294275936891,,72cfdc8f6be208328a97da86166024c4a11b6099541993e6da4d9e100c5d76d2,logistic_l2,DPS,40270,0.0799067240119,1.12740868565,DPS-DP0,DP0,DP0,full,6,True,-0.00415653020117,-0.00047411302235,6,True,-0.00388823165404,-0.000390794822282,False,True,True,-0.00754606386358,-3.46107307636,True,False,True,-0.00375374505547,True,True,True,True,True,True,Supported,Supported,both_medians_improve_at_least_four_months_all_guards_pass,-0.00417724557345,-0.000555753603763,-0.000555753603763,0.0183747776247,0.0945499481936,0.123669830313,0.123669830313,3.02138637478,1.07108852294,-0.00603131082504,-0.00233799551683,-0.000832776698363,-0.000303996811509,6
aggregate,later_pooled,later_pooled,,logistic_l2,DPS,Promise + seller profiles,full,raw,raw,none,,multiple_expanding_training_sets,0ea513409e8ee42b7b9d2d95a768e4f334e66a7d5bce5ad85dfcb1a36809a87c,composite_fitted_models,40270,3477,0.086342190216,0.303486839787,0.0799067240119,0.0887277083921,0.494149200158,1.35140441985,1.12740868565,0.112740868565,-2.10882062624,0.0890499420446,0.0294275936891,,72cfdc8f6be208328a97da86166024c4a11b6099541993e6da4d9e100c5d76d2,logistic_l2,DPS,40270,0.0799067240119,1.12740868565,DPS-DP0,DP0,DP0,full,6,True,-0.00415653020117,-0.00047411302235,6,True,-0.00388823165404,-0.000390794822282,False,True,True,-0.00754606386358,-3.46107307636,True,False,True,-0.00375374505547,True,True,True,True,True,True,Supported,Supported,both_medians_improve_at_least_four_months_all_guards_pass,-0.00417724557345,-0.000555753603763,-0.000555753603763,0.0183747776247,0.0945499481936,0.123669830313,0.123669830313,3.02138637478,1.07108852294,-0.00603131082504,-0.00233799551683,-0.000832776698363,-0.000303996811509,6
aggregate,later_pooled,later_pooled,,xgboost,DP0,Direct promise baseline,full,calibrated,calibrated,none,,multiple_expanding_training_sets,1551d46f8013fa51d59d2a3700a7271e8a7f547edb28048a2a130c335b83da0c,composite_fitted_models,40270,3477,0.086342190216,0.307071703871,0.0804143077507,0.0768114593005,0.432285542555,1.02936762193,0.865688812194,0.0865688812194,-6.88084934068,-1.60610685788,0.0513784208897,,72cfdc8f6be208328a97da86166024c4a11b6099541993e6da4d9e100c5d76d2,xgboost,DP0,40270,0.0804143077507,0.865688812194,DP0_reference,,,,,,,,,,,,,,,,,,,,,,,,,,,Reference,Reference,,,,,,,,,,,,,,,6
aggregate,later_pooled,later_pooled,,xgboost,DP0,Direct promise baseline,full,raw,raw,none,,multiple_expanding_training_sets,1551d46f8013fa51d59d2a3700a7271e8a7f547edb28048a2a130c335b83da0c,composite_fitted_models,40270,3477,0.086342190216,0.307071703871,0.0804143077507,0.0768114593005,0.432285542555,1.02936762193,0.865688812194,0.0865688812194,-6.88084934068,-1.60610685788,0.0513784208897,,72cfdc8f6be208328a97da86166024c4a11b6099541993e6da4d9e100c5d76d2,xgboost,DP0,40270,0.0804143077507,0.865688812194,DP0_reference,,,,,,,,,,,,,,,,,,,,,,,,,,,Reference,Reference,,,,,,,,,,,,,,,6
aggregate,later_pooled,later_pooled,,xgboost,DPB,Promise + both profile blocks,full,calibrated,calibrated,none,,multiple_expanding_training_sets,1d75b230f0d829aa3a60afc915ee561f2fcceba15ba578d35551191292494b44,composite_fitted_models,40270,3477,0.086342190216,0.304429684579,0.0801212373071,0.0853812412645,0.458842105717,1.41466164802,0.949094046592,0.0949094046592,-4.5582789391,-0.793010599891,0.0556371044691,,72cfdc8f6be208328a97da86166024c4a11b6099541993e6da4d9e100c5d76d2,xgboost,DPB,40270,0.0801212373071,0.949094046592,DPB-DP0,DP0,DP0,full,6,True,-0.00229967244447,-0.000293696109202,5,True,-0.0021127497292,-0.000266410356161,False,True,True,0.00431574578376,2.43431455748,False,True,True,-0.00345421615059,True,True,True,True,True,False,Mixed,Mixed,required_guard_unavailable_or_failed,-0.00264201929194,-0.000293070443649,-0.000293070443649,0.008569781964,0.0265565631619,0.0834052343975,0.0834052343975,2.32257040157,0.81309625799,-0.00409883273241,-0.00136321460318,-0.000462650853345,-0.000151374321176,6
aggregate,later_pooled,later_pooled,,xgboost,DPB,Promise + both profile blocks,full,raw,raw,none,,multiple_expanding_training_sets,1d75b230f0d829aa3a60afc915ee561f2fcceba15ba578d35551191292494b44,composite_fitted_models,40270,3477,0.086342190216,0.304429684579,0.0801212373071,0.0853812412645,0.458842105717,1.41466164802,0.949094046592,0.0949094046592,-4.5582789391,-0.793010599891,0.0556371044691,,72cfdc8f6be208328a97da86166024c4a11b6099541993e6da4d9e100c5d76d2,xgboost,DPB,40270,0.0801212373071,0.949094046592,DPB-DP0,DP0,DP0,full,6,True,-0.00229967244447,-0.000293696109202,5,True,-0.0021127497292,-0.000266410356161,False,True,True,0.00431574578376,2.43431455748,False,True,True,-0.00345421615059,True,True,True,True,True,False,Mixed,Mixed,required_guard_unavailable_or_failed,-0.00264201929194,-0.000293070443649,-0.000293070443649,0.008569781964,0.0265565631619,0.0834052343975,0.0834052343975,2.32257040157,0.81309625799,-0.00409883273241,-0.00136321460318,-0.000462650853345,-0.000151374321176,6
aggregate,later_pooled,later_pooled,,xgboost,DPG,Promise + geographic profiles,full,calibrated,calibrated,none,,multiple_expanding_training_sets,5ce52ead9ab04983efd74f8ba66512b8fdef2d522452ab511fe12739c559cce7,composite_fitted_models,40270,3477,0.086342190216,0.304988122182,0.0801793172495,0.084987215555,0.453608475077,1.34565376275,1.07563991947,0.107563991947,-4.72703849088,-0.849217409352,0.0574403522764,,72cfdc8f6be208328a97da86166024c4a11b6099541993e6da4d9e100c5d76d2,xgboost,DPG,40270,0.0801793172495,1.07563991947,DPG-DP0,DP0,DP0,full,6,True,-0.00197620878246,-0.00026123594082,5,True,-0.00209210496204,-0.000278590971538,False,True,True,0.00361843907148,0.978250023739,False,True,True,-0.00240607535493,False,False,True,True,True,False,Mixed,Mixed,required_guard_unavailable_or_failed,-0.00208358168925,-0.000234990501204,-0.000234990501204,0.00817575625456,0.0213229325228,0.209951107276,0.209951107276,2.15381084979,0.75688944853,-0.00301524581808,-0.00128256206664,-0.000341513491146,-0.000134419986147,6
aggregate,later_pooled,later_pooled,,xgboost,DPG,Promise + geographic profiles,full,raw,raw,none,,multiple_expanding_training_sets,5ce52ead9ab04983efd74f8ba66512b8fdef2d522452ab511fe12739c559cce7,composite_fitted_models,40270,3477,0.086342190216,0.304988122182,0.0801793172495,0.084987215555,0.453608475077,1.34565376275,1.07563991947,0.107563991947,-4.72703849088,-0.849217409352,0.0574403522764,,72cfdc8f6be208328a97da86166024c4a11b6099541993e6da4d9e100c5d76d2,xgboost,DPG,40270,0.0801793172495,1.07563991947,DPG-DP0,DP0,DP0,full,6,True,-0.00197620878246,-0.00026123594082,5,True,-0.00209210496204,-0.000278590971538,False,True,True,0.00361843907148,0.978250023739,False,True,True,-0.00240607535493,False,False,True,True,True,False,Mixed,Mixed,required_guard_unavailable_or_failed,-0.00208358168925,-0.000234990501204,-0.000234990501204,0.00817575625456,0.0213229325228,0.209951107276,0.209951107276,2.15381084979,0.75688944853,-0.00301524581808,-0.00128256206664,-0.000341513491146,-0.000134419986147,6
aggregate,later_pooled,later_pooled,,xgboost,DPS,Promise + seller profiles,full,calibrated,calibrated,none,,multiple_expanding_training_sets,dff34e173d81f155fba985cacc0d6b5d712930afd91036e0f51d2d000e39cb1f,composite_fitted_models,40270,3477,0.086342190216,0.30682243679,0.0803892473253,0.0711296009739,0.420476887614,0.770588052171,0.675870002876,0.0675870002876,-6.82124472026,-1.58735578384,0.0503459161882,,72cfdc8f6be208328a97da86166024c4a11b6099541993e6da4d9e100c5d76d2,xgboost,DPS,40270,0.0803892473253,0.675870002876,DPS-DP0,DP0,DP0,full,6,True,-0.000144657998041,-1.96016143433e-05,5,True,-9.00338311444e-05,-1.56794437653e-05,False,True,True,-0.000743503690553,-2.55850693217,True,False,True,-0.000359882171151,True,False,True,True,True,True,Supported,Supported,both_medians_improve_at_least_four_months_all_guards_pass,-0.000249267081702,-2.50604254213e-05,-2.50604254213e-05,-0.0056818583266,-0.011808654941,-0.189818809318,-0.189818809318,0.0596046204128,0.0187510740453,-0.0005944880424,5.34926038726e-05,-6.40502803776e-05,8.66950236262e-06,6
aggregate,later_pooled,later_pooled,,xgboost,DPS,Promise + seller profiles,full,raw,raw,none,,multiple_expanding_training_sets,dff34e173d81f155fba985cacc0d6b5d712930afd91036e0f51d2d000e39cb1f,composite_fitted_models,40270,3477,0.086342190216,0.30682243679,0.0803892473253,0.0711296009739,0.420476887614,0.770588052171,0.675870002876,0.0675870002876,-6.82124472026,-1.58735578384,0.0503459161882,,72cfdc8f6be208328a97da86166024c4a11b6099541993e6da4d9e100c5d76d2,xgboost,DPS,40270,0.0803892473253,0.675870002876,DPS-DP0,DP0,DP0,full,6,True,-0.000144657998041,-1.96016143433e-05,5,True,-9.00338311444e-05,-1.56794437653e-05,False,True,True,-0.000743503690553,-2.55850693217,True,False,True,-0.000359882171151,True,False,True,True,True,True,Supported,Supported,both_medians_improve_at_least_four_months_all_guards_pass,-0.000249267081702,-2.50604254213e-05,-2.50604254213e-05,-0.0056818583266,-0.011808654941,-0.189818809318,-0.189818809318,0.0596046204128,0.0187510740453,-0.0005944880424,5.34926038726e-05,-6.40502803776e-05,8.66950236262e-06,6
later,2018-01,2018-01,2018-01-01,logistic_l2,DP0,Direct promise baseline,full,calibrated,calibrated,none,35981,96cab33fe9aa2c645b95d864cd8ad73f21f028817e839c487b423b134b3104f9,46675fb422177ee9b1dd69df4d376e1fe67a3a99808c8cc426182a494de07334,sha256_pickle_protocol_5_fitted_wrapper,7069,403,0.0570094780025,0.223246686157,0.054136770414,0.0508291207197,0.475224073276,0.594608234849,0.645070036958,0.0645161290323,-3.51670146207,-0.224002812737,0.0239037354081,,ee393306bea41ea6bceb8fcfabd7cbb43b7db39a083d42187f0a69ab3a3539a6,logistic_l2,DP0,7069,0.054136770414,0.645070036958,DP0_reference,,,,,,,,,,,,,,,,,,,,,,,,,,,Reference,Reference,,,,,,,,,,,,,,,
later,2018-01,2018-01,2018-01-01,logistic_l2,DP0,Direct promise baseline,full,raw,raw,none,35981,96cab33fe9aa2c645b95d864cd8ad73f21f028817e839c487b423b134b3104f9,46675fb422177ee9b1dd69df4d376e1fe67a3a99808c8cc426182a494de07334,sha256_pickle_protocol_5_fitted_wrapper,7069,403,0.0570094780025,0.223246686157,0.054136770414,0.0508291207197,0.475224073276,0.594608234849,0.645070036958,0.0645161290323,-3.51670146207,-0.224002812737,0.0239037354081,,ee393306bea41ea6bceb8fcfabd7cbb43b7db39a083d42187f0a69ab3a3539a6,logistic_l2,DP0,7069,0.054136770414,0.645070036958,DP0_reference,,,,,,,,,,,,,,,,,,,,,,,,,,,Reference,Reference,,,,,,,,,,,,,,,
later,2018-01,2018-01,2018-01-01,logistic_l2,DPB,Promise + both profile blocks,full,calibrated,calibrated,none,35981,96cab33fe9aa2c645b95d864cd8ad73f21f028817e839c487b423b134b3104f9,57943f75a2d0f9777a4efa05946db9096d4f33b3b726106f0f1aee51573a8f05,sha256_pickle_protocol_5_fitted_wrapper,7069,403,0.0570094780025,0.20632080035,0.0521303101206,0.128738075356,0.688136307427,3.27034529167,2.50584898972,0.250620347395,-0.0911194650264,0.933844777076,0.00978790682322,,ee393306bea41ea6bceb8fcfabd7cbb43b7db39a083d42187f0a69ab3a3539a6,logistic_l2,DPB,7069,0.0521303101206,2.50584898972,DPB-DP0,DP0,DP0,full,6,True,-0.0188355042404,-0.00146902299902,5,True,-0.0178964373712,-0.00140057680524,False,True,True,-0.0166763314017,-3.63404763384,True,False,True,-0.0194931043395,True,False,True,True,True,True,Supported,Supported,both_medians_improve_at_least_four_months_all_guards_pass,-0.0169258858061,-0.00200646029347,-0.00200646029347,0.0779089546368,0.212912234151,1.86077895276,1.86077895276,3.42558199704,1.15784758981,-0.0296407761423,-0.00526181579418,-0.00373634058418,-0.000458363922129,
later,2018-01,2018-01,2018-01-01,logistic_l2,DPB,Promise + both profile blocks,full,raw,raw,none,35981,96cab33fe9aa2c645b95d864cd8ad73f21f028817e839c487b423b134b3104f9,57943f75a2d0f9777a4efa05946db9096d4f33b3b726106f0f1aee51573a8f05,sha256_pickle_protocol_5_fitted_wrapper,7069,403,0.0570094780025,0.20632080035,0.0521303101206,0.128738075356,0.688136307427,3.27034529167,2.50584898972,0.250620347395,-0.0911194650264,0.933844777076,0.00978790682322,,ee393306bea41ea6bceb8fcfabd7cbb43b7db39a083d42187f0a69ab3a3539a6,logistic_l2,DPB,7069,0.0521303101206,2.50584898972,DPB-DP0,DP0,DP0,full,6,True,-0.0188355042404,-0.00146902299902,5,True,-0.0178964373712,-0.00140057680524,False,True,True,-0.0166763314017,-3.63404763384,True,False,True,-0.0194931043395,True,False,True,True,True,True,Supported,Supported,both_medians_improve_at_least_four_months_all_guards_pass,-0.0169258858061,-0.00200646029347,-0.00200646029347,0.0779089546368,0.212912234151,1.86077895276,1.86077895276,3.42558199704,1.15784758981,-0.0296407761423,-0.00526181579418,-0.00373634058418,-0.000458363922129,
later,2018-01,2018-01,2018-01-01,logistic_l2,DPG,Promise + geographic profiles,full,calibrated,calibrated,none,35981,96cab33fe9aa2c645b95d864cd8ad73f21f028817e839c487b423b134b3104f9,d44e1bb6074f7752424e2bf7de4a58936812aed0c1dd7dd20f4361b85d4b3947,sha256_pickle_protocol_5_fitted_wrapper,7069,403,0.0570094780025,0.209479847574,0.0524913905767,0.115881125147,0.670407363317,3.07214254672,2.80357362216,0.280397022333,-0.0743962367278,0.925497119727,0.00935348856106,,ee393306bea41ea6bceb8fcfabd7cbb43b7db39a083d42187f0a69ab3a3539a6,logistic_l2,DPG,7069,0.0524913905767,2.80357362216,DPG-DP0,DP0,DP0,full,6,True,-0.0126256584508,-0.000678203167734,3,True,-0.0125311675792,-0.000651481391294,False,True,True,-0.0113356271504,-3.47809936608,True,False,True,-0.0132700613425,True,False,True,True,True,True,Mixed,Mixed,exactly_three_both_improved_months,-0.0137668385824,-0.00164537983728,-0.00164537983728,0.0650520044274,0.195183290041,2.1585035852,2.1585035852,3.44230522534,1.14949993246,-0.025098535661,-0.00389436859597,-0.00304178463459,-0.000477219520717,
later,2018-01,2018-01,2018-01-01,logistic_l2,DPG,Promise + geographic profiles,full,raw,raw,none,35981,96cab33fe9aa2c645b95d864cd8ad73f21f028817e839c487b423b134b3104f9,d44e1bb6074f7752424e2bf7de4a58936812aed0c1dd7dd20f4361b85d4b3947,sha256_pickle_protocol_5_fitted_wrapper,7069,403,0.0570094780025,0.209479847574,0.0524913905767,0.115881125147,0.670407363317,3.07214254672,2.80357362216,0.280397022333,-0.0743962367278,0.925497119727,0.00935348856106,,ee393306bea41ea6bceb8fcfabd7cbb43b7db39a083d42187f0a69ab3a3539a6,logistic_l2,DPG,7069,0.0524913905767,2.80357362216,DPG-DP0,DP0,DP0,full,6,True,-0.0126256584508,-0.000678203167734,3,True,-0.0125311675792,-0.000651481391294,False,True,True,-0.0113356271504,-3.47809936608,True,False,True,-0.0132700613425,True,False,True,True,True,True,Mixed,Mixed,exactly_three_both_improved_months,-0.0137668385824,-0.00164537983728,-0.00164537983728,0.0650520044274,0.195183290041,2.1585035852,2.1585035852,3.44230522534,1.14949993246,-0.025098535661,-0.00389436859597,-0.00304178463459,-0.000477219520717,
later,2018-01,2018-01,2018-01-01,logistic_l2,DPS,Promise + seller profiles,full,calibrated,calibrated,none,35981,96cab33fe9aa2c645b95d864cd8ad73f21f028817e839c487b423b134b3104f9,79caf4f9a33a95b860427a8fede3db8a80fb3b9a6210fa8fcf2b17a79d859d02,sha256_pickle_protocol_5_fitted_wrapper,7069,403,0.0570094780025,0.221389962696,0.0539073402211,0.0708330132595,0.528800274568,1.78382470455,1.43900239014,0.143920595533,-1.5472264393,0.402267019005,0.013950909185,,ee393306bea41ea6bceb8fcfabd7cbb43b7db39a083d42187f0a69ab3a3539a6,logistic_l2,DPS,7069,0.0539073402211,1.43900239014,DPS-DP0,DP0,DP0,full,6,True,-0.00415653020117,-0.00047411302235,6,True,-0.00388823165404,-0.000390794822282,False,True,True,-0.00754606386358,-3.46107307636,True,False,True,-0.00375374505547,True,True,True,True,True,True,Supported,Supported,both_medians_improve_at_least_four_months_all_guards_pass,-0.00185672346073,-0.000229430192901,-0.000229430192901,0.0200038925398,0.0535762012926,0.793932353179,0.793932353179,1.96947502276,0.626269831741,-0.00346745322287,6.29565578784e-05,-0.000441701157578,-7.6291170335e-06,
later,2018-01,2018-01,2018-01-01,logistic_l2,DPS,Promise + seller profiles,full,raw,raw,none,35981,96cab33fe9aa2c645b95d864cd8ad73f21f028817e839c487b423b134b3104f9,79caf4f9a33a95b860427a8fede3db8a80fb3b9a6210fa8fcf2b17a79d859d02,sha256_pickle_protocol_5_fitted_wrapper,7069,403,0.0570094780025,0.221389962696,0.0539073402211,0.0708330132595,0.528800274568,1.78382470455,1.43900239014,0.143920595533,-1.5472264393,0.402267019005,0.013950909185,,ee393306bea41ea6bceb8fcfabd7cbb43b7db39a083d42187f0a69ab3a3539a6,logistic_l2,DPS,7069,0.0539073402211,1.43900239014,DPS-DP0,DP0,DP0,full,6,True,-0.00415653020117,-0.00047411302235,6,True,-0.00388823165404,-0.000390794822282,False,True,True,-0.00754606386358,-3.46107307636,True,False,True,-0.00375374505547,True,True,True,True,True,True,Supported,Supported,both_medians_improve_at_least_four_months_all_guards_pass,-0.00185672346073,-0.000229430192901,-0.000229430192901,0.0200038925398,0.0535762012926,0.793932353179,0.793932353179,1.96947502276,0.626269831741,-0.00346745322287,6.29565578784e-05,-0.000441701157578,-7.6291170335e-06,
later,2018-01,2018-01,2018-01-01,xgboost,DP0,Direct promise baseline,full,calibrated,calibrated,none,35981,96cab33fe9aa2c645b95d864cd8ad73f21f028817e839c487b423b134b3104f9,bd2590b6d8f4b87eb5104ed856babb8a2983cfde7a82547f93bd4f7a059f1ab1,sha256_pickle_protocol_5_fitted_wrapper,7069,403,0.0570094780025,0.220713443132,0.0539458226024,0.0579271016991,0.493400828917,1.33786852841,1.19089852977,0.119106699752,-5.67757799446,-0.92896485249,0.0167570765095,,ee393306bea41ea6bceb8fcfabd7cbb43b7db39a083d42187f0a69ab3a3539a6,xgboost,DP0,7069,0.0539458226024,1.19089852977,DP0_reference,,,,,,,,,,,,,,,,,,,,,,,,,,,Reference,Reference,,,,,,,,,,,,,,,
later,2018-01,2018-01,2018-01-01,xgboost,DP0,Direct promise baseline,full,raw,raw,none,35981,96cab33fe9aa2c645b95d864cd8ad73f21f028817e839c487b423b134b3104f9,bd2590b6d8f4b87eb5104ed856babb8a2983cfde7a82547f93bd4f7a059f1ab1,sha256_pickle_protocol_5_fitted_wrapper,7069,403,0.0570094780025,0.220713443132,0.0539458226024,0.0579271016991,0.493400828917,1.33786852841,1.19089852977,0.119106699752,-5.67757799446,-0.92896485249,0.0167570765095,,ee393306bea41ea6bceb8fcfabd7cbb43b7db39a083d42187f0a69ab3a3539a6,xgboost,DP0,7069,0.0539458226024,1.19089852977,DP0_reference,,,,,,,,,,,,,,,,,,,,,,,,,,,Reference,Reference,,,,,,,,,,,,,,,
later,2018-01,2018-01,2018-01-01,xgboost,DPB,Promise + both profile blocks,full,calibrated,calibrated,none,35981,96cab33fe9aa2c645b95d864cd8ad73f21f028817e839c487b423b134b3104f9,86a7f8d92ace33260a342f47ed7afdd68157dc28f60ecaec98f3704f9f5111e6,sha256_pickle_protocol_5_fitted_wrapper,7069,403,0.0570094780025,0.218902384478,0.0537913581582,0.0923863549809,0.657978452932,1.88292607702,1.8855893388,0.18858560794,8.7723210517,3.78412242688,0.0249893733385,,ee393306bea41ea6bceb8fcfabd7cbb43b7db39a083d42187f0a69ab3a3539a6,xgboost,DPB,7069,0.0537913581582,1.8855893388,DPB-DP0,DP0,DP0,full,6,True,-0.00229967244447,-0.000293696109202,5,True,-0.0021127497292,-0.000266410356161,False,True,True,0.00431574578376,2.43431455748,False,True,True,-0.00345421615059,True,True,True,True,True,False,Mixed,Mixed,required_guard_unavailable_or_failed,-0.00181105865422,-0.00015446444412,-0.00015446444412,0.0344592532819,0.164577624016,0.694690809031,0.694690809031,14.4498990462,4.71308727937,-0.00287548055639,-0.000851730389971,-0.000248287154102,-7.06340024076e-05,
later,2018-01,2018-01,2018-01-01,xgboost,DPB,Promise + both profile blocks,full,raw,raw,none,35981,96cab33fe9aa2c645b95d864cd8ad73f21f028817e839c487b423b134b3104f9,86a7f8d92ace33260a342f47ed7afdd68157dc28f60ecaec98f3704f9f5111e6,sha256_pickle_protocol_5_fitted_wrapper,7069,403,0.0570094780025,0.218902384478,0.0537913581582,0.0923863549809,0.657978452932,1.88292607702,1.8855893388,0.18858560794,8.7723210517,3.78412242688,0.0249893733385,,ee393306bea41ea6bceb8fcfabd7cbb43b7db39a083d42187f0a69ab3a3539a6,xgboost,DPB,7069,0.0537913581582,1.8855893388,DPB-DP0,DP0,DP0,full,6,True,-0.00229967244447,-0.000293696109202,5,True,-0.0021127497292,-0.000266410356161,False,True,True,0.00431574578376,2.43431455748,False,True,True,-0.00345421615059,True,True,True,True,True,False,Mixed,Mixed,required_guard_unavailable_or_failed,-0.00181105865422,-0.00015446444412,-0.00015446444412,0.0344592532819,0.164577624016,0.694690809031,0.694690809031,14.4498990462,4.71308727937,-0.00287548055639,-0.000851730389971,-0.000248287154102,-7.06340024076e-05,
later,2018-01,2018-01,2018-01-01,xgboost,DPG,Promise + geographic profiles,full,calibrated,calibrated,none,35981,96cab33fe9aa2c645b95d864cd8ad73f21f028817e839c487b423b134b3104f9,f0ffe4452ab348b733184f5d749e4c4ec655940e204c9fbc3d9df0bd121bc1e9,sha256_pickle_protocol_5_fitted_wrapper,7069,403,0.0570094780025,0.219296082978,0.0538293462464,0.100432641509,0.659222497932,2.57663568434,2.40660744557,0.240694789082,8.12198126916,3.54877779433,0.0242568121817,,ee393306bea41ea6bceb8fcfabd7cbb43b7db39a083d42187f0a69ab3a3539a6,xgboost,DPG,7069,0.0538293462464,2.40660744557,DPG-DP0,DP0,DP0,full,6,True,-0.00197620878246,-0.00026123594082,5,True,-0.00209210496204,-0.000278590971538,False,True,True,0.00361843907148,0.978250023739,False,True,True,-0.00240607535493,False,False,True,True,True,False,Mixed,Mixed,required_guard_unavailable_or_failed,-0.00141736015436,-0.000116476355956,-0.000116476355956,0.0425055398094,0.165821669016,1.2157089158,1.2157089158,13.7995592636,4.47774264682,-0.00207589142408,-0.000802963592101,-0.000170667646215,-6.54720241973e-05,
later,2018-01,2018-01,2018-01-01,xgboost,DPG,Promise + geographic profiles,full,raw,raw,none,35981,96cab33fe9aa2c645b95d864cd8ad73f21f028817e839c487b423b134b3104f9,f0ffe4452ab348b733184f5d749e4c4ec655940e204c9fbc3d9df0bd121bc1e9,sha256_pickle_protocol_5_fitted_wrapper,7069,403,0.0570094780025,0.219296082978,0.0538293462464,0.100432641509,0.659222497932,2.57663568434,2.40660744557,0.240694789082,8.12198126916,3.54877779433,0.0242568121817,,ee393306bea41ea6bceb8fcfabd7cbb43b7db39a083d42187f0a69ab3a3539a6,xgboost,DPG,7069,0.0538293462464,2.40660744557,DPG-DP0,DP0,DP0,full,6,True,-0.00197620878246,-0.00026123594082,5,True,-0.00209210496204,-0.000278590971538,False,True,True,0.00361843907148,0.978250023739,False,True,True,-0.00240607535493,False,False,True,True,True,False,Mixed,Mixed,required_guard_unavailable_or_failed,-0.00141736015436,-0.000116476355956,-0.000116476355956,0.0425055398094,0.165821669016,1.2157089158,1.2157089158,13.7995592636,4.47774264682,-0.00207589142408,-0.000802963592101,-0.000170667646215,-6.54720241973e-05,
later,2018-01,2018-01,2018-01-01,xgboost,DPS,Promise + seller profiles,full,calibrated,calibrated,none,35981,96cab33fe9aa2c645b95d864cd8ad73f21f028817e839c487b423b134b3104f9,f33bb420e427da45e831191b3cba099d0cf9d8baa1848508a2fcb8a13e9e1a1c,sha256_pickle_protocol_5_fitted_wrapper,7069,403,0.0570094780025,0.220214673442,0.053902087899,0.0652123099744,0.537126293274,1.09011509722,1.2157089158,0.12158808933,6.56753818462,3.0443807923,0.0155631147867,,ee393306bea41ea6bceb8fcfabd7cbb43b7db39a083d42187f0a69ab3a3539a6,xgboost,DPS,7069,0.053902087899,1.2157089158,DPS-DP0,DP0,DP0,full,6,True,-0.000144657998041,-1.96016143433e-05,5,True,-9.00338311444e-05,-1.56794437653e-05,False,True,True,-0.000743503690553,-2.55850693217,True,False,True,-0.000359882171151,True,False,True,True,True,True,Supported,Supported,both_medians_improve_at_least_four_months_all_guards_pass,-0.000498769689566,-4.37347033592e-05,-4.37347033592e-05,0.00728520827527,0.0437254643579,0.0248103860368,0.0248103860368,12.2451161791,3.97334564479,-0.000890225846495,-0.00020117535781,-7.96227618152e-05,-1.69295890786e-05,
later,2018-01,2018-01,2018-01-01,xgboost,DPS,Promise + seller profiles,full,raw,raw,none,35981,96cab33fe9aa2c645b95d864cd8ad73f21f028817e839c487b423b134b3104f9,f33bb420e427da45e831191b3cba099d0cf9d8baa1848508a2fcb8a13e9e1a1c,sha256_pickle_protocol_5_fitted_wrapper,7069,403,0.0570094780025,0.220214673442,0.053902087899,0.0652123099744,0.537126293274,1.09011509722,1.2157089158,0.12158808933,6.56753818462,3.0443807923,0.0155631147867,,ee393306bea41ea6bceb8fcfabd7cbb43b7db39a083d42187f0a69ab3a3539a6,xgboost,DPS,7069,0.053902087899,1.2157089158,DPS-DP0,DP0,DP0,full,6,True,-0.000144657998041,-1.96016143433e-05,5,True,-9.00338311444e-05,-1.56794437653e-05,False,True,True,-0.000743503690553,-2.55850693217,True,False,True,-0.000359882171151,True,False,True,True,True,True,Supported,Supported,both_medians_improve_at_least_four_months_all_guards_pass,-0.000498769689566,-4.37347033592e-05,-4.37347033592e-05,0.00728520827527,0.0437254643579,0.0248103860368,0.0248103860368,12.2451161791,3.97334564479,-0.000890225846495,-0.00020117535781,-7.96227618152e-05,-1.69295890786e-05,
later,2018-02,2018-02,2018-02-01,logistic_l2,DP0,Direct promise baseline,full,calibrated,calibrated,none,42578,a51820ff53f7771f9c44ce45be1dcb2d238a8e28dccc88b566859c028e0e982b,a8cb8604f0f776858c5ecab45050abee97323f894e0032a566c1ebbfb1d8035c,sha256_pickle_protocol_5_fitted_wrapper,6555,926,0.141266209001,0.464326163188,0.129356222676,0.135206591892,0.513177766173,0.38847258073,0.312936245588,0.0313174946004,1.48242670494,1.12816028359,0.0919092581352,,02786257f3541e7684cbb92ee3533cd5479cfac0aa39a1f4199a4465c8ee2f98,logistic_l2,DP0,6555,0.129356222676,0.312936245588,DP0_reference,,,,,,,,,,,,,,,,,,,,,,,,,,,Reference,Reference,,,,,,,,,,,,,,,
later,2018-02,2018-02,2018-02-01,logistic_l2,DP0,Direct promise baseline,full,raw,raw,none,42578,a51820ff53f7771f9c44ce45be1dcb2d238a8e28dccc88b566859c028e0e982b,a8cb8604f0f776858c5ecab45050abee97323f894e0032a566c1ebbfb1d8035c,sha256_pickle_protocol_5_fitted_wrapper,6555,926,0.141266209001,0.464326163188,0.129356222676,0.135206591892,0.513177766173,0.38847258073,0.312936245588,0.0313174946004,1.48242670494,1.12816028359,0.0919092581352,,02786257f3541e7684cbb92ee3533cd5479cfac0aa39a1f4199a4465c8ee2f98,logistic_l2,DP0,6555,0.129356222676,0.312936245588,DP0_reference,,,,,,,,,,,,,,,,,,,,,,,,,,,Reference,Reference,,,,,,,,,,,,,,,
later,2018-02,2018-02,2018-02-01,logistic_l2,DPB,Promise + both profile blocks,full,calibrated,calibrated,none,42578,a51820ff53f7771f9c44ce45be1dcb2d238a8e28dccc88b566859c028e0e982b,9443d164e5e393404315e15625287839412c845d51a1635fc89d6beaea79c1a3,sha256_pickle_protocol_5_fitted_wrapper,6555,926,0.141266209001,0.388878088831,0.116050072054,0.322708388906,0.722785275419,3.10778064584,2.98908069062,0.299136069114,1.0912565237,1.18702054662,0.0606029432055,,02786257f3541e7684cbb92ee3533cd5479cfac0aa39a1f4199a4465c8ee2f98,logistic_l2,DPB,6555,0.116050072054,2.98908069062,DPB-DP0,DP0,DP0,full,6,True,-0.0188355042404,-0.00146902299902,5,True,-0.0178964373712,-0.00140057680524,False,True,True,-0.0166763314017,-3.63404763384,True,False,True,-0.0194931043395,True,False,True,True,True,True,Supported,Supported,both_medians_improve_at_least_four_months_all_guards_pass,-0.0754480743577,-0.0133061506223,-0.0133061506223,0.187501797013,0.209607509246,2.67614444503,2.67614444503,-0.391170181242,0.0588602630275,-0.123489256076,-0.0297947004125,-0.0222377739488,-0.00502508189534,
later,2018-02,2018-02,2018-02-01,logistic_l2,DPB,Promise + both profile blocks,full,raw,raw,none,42578,a51820ff53f7771f9c44ce45be1dcb2d238a8e28dccc88b566859c028e0e982b,9443d164e5e393404315e15625287839412c845d51a1635fc89d6beaea79c1a3,sha256_pickle_protocol_5_fitted_wrapper,6555,926,0.141266209001,0.388878088831,0.116050072054,0.322708388906,0.722785275419,3.10778064584,2.98908069062,0.299136069114,1.0912565237,1.18702054662,0.0606029432055,,02786257f3541e7684cbb92ee3533cd5479cfac0aa39a1f4199a4465c8ee2f98,logistic_l2,DPB,6555,0.116050072054,2.98908069062,DPB-DP0,DP0,DP0,full,6,True,-0.0188355042404,-0.00146902299902,5,True,-0.0178964373712,-0.00140057680524,False,True,True,-0.0166763314017,-3.63404763384,True,False,True,-0.0194931043395,True,False,True,True,True,True,Supported,Supported,both_medians_improve_at_least_four_months_all_guards_pass,-0.0754480743577,-0.0133061506223,-0.0133061506223,0.187501797013,0.209607509246,2.67614444503,2.67614444503,-0.391170181242,0.0588602630275,-0.123489256076,-0.0297947004125,-0.0222377739488,-0.00502508189534,
later,2018-02,2018-02,2018-02-01,logistic_l2,DPG,Promise + geographic profiles,full,calibrated,calibrated,none,42578,a51820ff53f7771f9c44ce45be1dcb2d238a8e28dccc88b566859c028e0e982b,e4d3eea2aa85bb97789ac237a611c126c1bd820e4fe37ef2e90f640e27c6c8a7,sha256_pickle_protocol_5_fitted_wrapper,6555,926,0.141266209001,0.396694156116,0.11830056954,0.330222270812,0.721760901871,3.47467141653,3.09698974082,0.309935205184,1.748272296,1.4194731159,0.0696934227895,,02786257f3541e7684cbb92ee3533cd5479cfac0aa39a1f4199a4465c8ee2f98,logistic_l2,DPG,6555,0.11830056954,3.09698974082,DPG-DP0,DP0,DP0,full,6,True,-0.0126256584508,-0.000678203167734,3,True,-0.0125311675792,-0.000651481391294,False,True,True,-0.0113356271504,-3.47809936608,True,False,True,-0.0132700613425,True,False,True,True,True,True,Mixed,Mixed,exactly_three_both_improved_months,-0.0676320070723,-0.0110556531354,-0.0110556531354,0.19501567892,0.208583135698,2.78405349523,2.78405349523,0.265845591051,0.29131283231,-0.111283826292,-0.0239087867817,-0.0185091991596,-0.00375473226066,
later,2018-02,2018-02,2018-02-01,logistic_l2,DPG,Promise + geographic profiles,full,raw,raw,none,42578,a51820ff53f7771f9c44ce45be1dcb2d238a8e28dccc88b566859c028e0e982b,e4d3eea2aa85bb97789ac237a611c126c1bd820e4fe37ef2e90f640e27c6c8a7,sha256_pickle_protocol_5_fitted_wrapper,6555,926,0.141266209001,0.396694156116,0.11830056954,0.330222270812,0.721760901871,3.47467141653,3.09698974082,0.309935205184,1.748272296,1.4194731159,0.0696934227895,,02786257f3541e7684cbb92ee3533cd5479cfac0aa39a1f4199a4465c8ee2f98,logistic_l2,DPG,6555,0.11830056954,3.09698974082,DPG-DP0,DP0,DP0,full,6,True,-0.0126256584508,-0.000678203167734,3,True,-0.0125311675792,-0.000651481391294,False,True,True,-0.0113356271504,-3.47809936608,True,False,True,-0.0132700613425,True,False,True,True,True,True,Mixed,Mixed,exactly_three_both_improved_months,-0.0676320070723,-0.0110556531354,-0.0110556531354,0.19501567892,0.208583135698,2.78405349523,2.78405349523,0.265845591051,0.29131283231,-0.111283826292,-0.0239087867817,-0.0185091991596,-0.00375473226066,
later,2018-02,2018-02,2018-02-01,logistic_l2,DPS,Promise + seller profiles,full,calibrated,calibrated,none,42578,a51820ff53f7771f9c44ce45be1dcb2d238a8e28dccc88b566859c028e0e982b,e0a7b8c16683aca61dfb68dd0becd99eda5f20940a80352f0cf2452952037c39,sha256_pickle_protocol_5_fitted_wrapper,6555,926,0.141266209001,0.457869826247,0.128378198938,0.163693607269,0.540762374114,1.4891448928,1.21937226729,0.122030237581,-0.205949198872,0.558954775931,0.0861076378877,,02786257f3541e7684cbb92ee3533cd5479cfac0aa39a1f4199a4465c8ee2f98,logistic_l2,DPS,6555,0.128378198938,1.21937226729,DPS-DP0,DP0,DP0,full,6,True,-0.00415653020117,-0.00047411302235,6,True,-0.00388823165404,-0.000390794822282,False,True,True,-0.00754606386358,-3.46107307636,True,False,True,-0.00375374505547,True,True,True,True,True,True,Supported,Supported,both_medians_improve_at_least_four_months_all_guards_pass,-0.00645633694161,-0.000978023738162,-0.000978023738162,0.0284870153764,0.0275846079409,0.906436021704,0.906436021704,-1.68837590382,-0.569205507659,-0.0107072633531,-0.00370685422303,-0.00170701852782,-0.000515172120802,
later,2018-02,2018-02,2018-02-01,logistic_l2,DPS,Promise + seller profiles,full,raw,raw,none,42578,a51820ff53f7771f9c44ce45be1dcb2d238a8e28dccc88b566859c028e0e982b,e0a7b8c16683aca61dfb68dd0becd99eda5f20940a80352f0cf2452952037c39,sha256_pickle_protocol_5_fitted_wrapper,6555,926,0.141266209001,0.457869826247,0.128378198938,0.163693607269,0.540762374114,1.4891448928,1.21937226729,0.122030237581,-0.205949198872,0.558954775931,0.0861076378877,,02786257f3541e7684cbb92ee3533cd5479cfac0aa39a1f4199a4465c8ee2f98,logistic_l2,DPS,6555,0.128378198938,1.21937226729,DPS-DP0,DP0,DP0,full,6,True,-0.00415653020117,-0.00047411302235,6,True,-0.00388823165404,-0.000390794822282,False,True,True,-0.00754606386358,-3.46107307636,True,False,True,-0.00375374505547,True,True,True,True,True,True,Supported,Supported,both_medians_improve_at_least_four_months_all_guards_pass,-0.00645633694161,-0.000978023738162,-0.000978023738162,0.0284870153764,0.0275846079409,0.906436021704,0.906436021704,-1.68837590382,-0.569205507659,-0.0107072633531,-0.00370685422303,-0.00170701852782,-0.000515172120802,
later,2018-02,2018-02,2018-02-01,xgboost,DP0,Direct promise baseline,full,calibrated,calibrated,none,42578,a51820ff53f7771f9c44ce45be1dcb2d238a8e28dccc88b566859c028e0e982b,d73b829acd99738a4439a9617c00d6c1853264dafc0ddc6eba6af6485003e07a,sha256_pickle_protocol_5_fitted_wrapper,6555,926,0.141266209001,0.463476851871,0.129274614877,0.165408736013,0.57748039599,1.42439946268,1.3812358426,0.138228941685,62.6604894992,22.1688537516,0.0927568826094,,02786257f3541e7684cbb92ee3533cd5479cfac0aa39a1f4199a4465c8ee2f98,xgboost,DP0,6555,0.129274614877,1.3812358426,DP0_reference,,,,,,,,,,,,,,,,,,,,,,,,,,,Reference,Reference,,,,,,,,,,,,,,,
later,2018-02,2018-02,2018-02-01,xgboost,DP0,Direct promise baseline,full,raw,raw,none,42578,a51820ff53f7771f9c44ce45be1dcb2d238a8e28dccc88b566859c028e0e982b,d73b829acd99738a4439a9617c00d6c1853264dafc0ddc6eba6af6485003e07a,sha256_pickle_protocol_5_fitted_wrapper,6555,926,0.141266209001,0.463476851871,0.129274614877,0.165408736013,0.57748039599,1.42439946268,1.3812358426,0.138228941685,62.6604894992,22.1688537516,0.0927568826094,,02786257f3541e7684cbb92ee3533cd5479cfac0aa39a1f4199a4465c8ee2f98,xgboost,DP0,6555,0.129274614877,1.3812358426,DP0_reference,,,,,,,,,,,,,,,,,,,,,,,,,,,Reference,Reference,,,,,,,,,,,,,,,
later,2018-02,2018-02,2018-02-01,xgboost,DPB,Promise + both profile blocks,full,calibrated,calibrated,none,42578,a51820ff53f7771f9c44ce45be1dcb2d238a8e28dccc88b566859c028e0e982b,8c7636cc25f064c253b990368fe9224c1f8cbf16cdacd64db23c63695d52b920,sha256_pickle_protocol_5_fitted_wrapper,6555,926,0.141266209001,0.458020284021,0.128682392203,0.206864384891,0.656788434008,0.669036111257,1.03592688195,0.103671706263,-0.544371316683,0.442858116661,0.0857509794408,,02786257f3541e7684cbb92ee3533cd5479cfac0aa39a1f4199a4465c8ee2f98,xgboost,DPB,6555,0.128682392203,1.03592688195,DPB-DP0,DP0,DP0,full,6,True,-0.00229967244447,-0.000293696109202,5,True,-0.0021127497292,-0.000266410356161,False,True,True,0.00431574578376,2.43431455748,False,True,True,-0.00345421615059,True,True,True,True,True,False,Mixed,Mixed,required_guard_unavailable_or_failed,-0.00545656784983,-0.000592222674236,-0.000592222674236,0.0414556488787,0.0793080380182,-0.345308960649,-0.345308960649,-63.2048608159,-21.725995635,-0.00872798921407,-0.00175074438275,-0.000963725578393,-0.000168413383244,
later,2018-02,2018-02,2018-02-01,xgboost,DPB,Promise + both profile blocks,full,raw,raw,none,42578,a51820ff53f7771f9c44ce45be1dcb2d238a8e28dccc88b566859c028e0e982b,8c7636cc25f064c253b990368fe9224c1f8cbf16cdacd64db23c63695d52b920,sha256_pickle_protocol_5_fitted_wrapper,6555,926,0.141266209001,0.458020284021,0.128682392203,0.206864384891,0.656788434008,0.669036111257,1.03592688195,0.103671706263,-0.544371316683,0.442858116661,0.0857509794408,,02786257f3541e7684cbb92ee3533cd5479cfac0aa39a1f4199a4465c8ee2f98,xgboost,DPB,6555,0.128682392203,1.03592688195,DPB-DP0,DP0,DP0,full,6,True,-0.00229967244447,-0.000293696109202,5,True,-0.0021127497292,-0.000266410356161,False,True,True,0.00431574578376,2.43431455748,False,True,True,-0.00345421615059,True,True,True,True,True,False,Mixed,Mixed,required_guard_unavailable_or_failed,-0.00545656784983,-0.000592222674236,-0.000592222674236,0.0414556488787,0.0793080380182,-0.345308960649,-0.345308960649,-63.2048608159,-21.725995635,-0.00872798921407,-0.00175074438275,-0.000963725578393,-0.000168413383244,
later,2018-02,2018-02,2018-02-01,xgboost,DPG,Promise + geographic profiles,full,calibrated,calibrated,none,42578,a51820ff53f7771f9c44ce45be1dcb2d238a8e28dccc88b566859c028e0e982b,22c8a81d99fa25cff298ca3ff2f9a92ae0baf56e645498926b0d51e2e2c125c7,sha256_pickle_protocol_5_fitted_wrapper,6555,926,0.141266209001,0.460562722662,0.128957047135,0.186054471257,0.61631738141,0.690617921298,1.03592688195,0.103671706263,1.54969779077,1.16202603362,0.0901830080462,,02786257f3541e7684cbb92ee3533cd5479cfac0aa39a1f4199a4465c8ee2f98,xgboost,DPG,6555,0.128957047135,1.03592688195,DPG-DP0,DP0,DP0,full,6,True,-0.00197620878246,-0.00026123594082,5,True,-0.00209210496204,-0.000278590971538,False,True,True,0.00361843907148,0.978250023739,False,True,True,-0.00240607535493,False,False,True,True,True,False,Mixed,Mixed,required_guard_unavailable_or_failed,-0.00291412920965,-0.000317567741613,-0.000317567741613,0.0206457352444,0.0388369854199,-0.345308960649,-0.345308960649,-61.1107917085,-21.006827718,-0.00441705801445,-0.00146736545156,-0.000487859957389,-0.000154798518586,
later,2018-02,2018-02,2018-02-01,xgboost,DPG,Promise + geographic profiles,full,raw,raw,none,42578,a51820ff53f7771f9c44ce45be1dcb2d238a8e28dccc88b566859c028e0e982b,22c8a81d99fa25cff298ca3ff2f9a92ae0baf56e645498926b0d51e2e2c125c7,sha256_pickle_protocol_5_fitted_wrapper,6555,926,0.141266209001,0.460562722662,0.128957047135,0.186054471257,0.61631738141,0.690617921298,1.03592688195,0.103671706263,1.54969779077,1.16202603362,0.0901830080462,,02786257f3541e7684cbb92ee3533cd5479cfac0aa39a1f4199a4465c8ee2f98,xgboost,DPG,6555,0.128957047135,1.03592688195,DPG-DP0,DP0,DP0,full,6,True,-0.00197620878246,-0.00026123594082,5,True,-0.00209210496204,-0.000278590971538,False,True,True,0.00361843907148,0.978250023739,False,True,True,-0.00240607535493,False,False,True,True,True,False,Mixed,Mixed,required_guard_unavailable_or_failed,-0.00291412920965,-0.000317567741613,-0.000317567741613,0.0206457352444,0.0388369854199,-0.345308960649,-0.345308960649,-61.1107917085,-21.006827718,-0.00441705801445,-0.00146736545156,-0.000487859957389,-0.000154798518586,
later,2018-02,2018-02,2018-02-01,xgboost,DPS,Promise + seller profiles,full,calibrated,calibrated,none,42578,a51820ff53f7771f9c44ce45be1dcb2d238a8e28dccc88b566859c028e0e982b,6ad94722b36420097ace54122da3591d30c5c5a0e2c5889821b8dddd183b6440,sha256_pickle_protocol_5_fitted_wrapper,6555,926,0.141266209001,0.463266020772,0.12924650125,0.156522583646,0.538204078156,1.18699955223,1.14383593215,0.114470842333,7.10406798481,3.06674775246,0.0894069512941,,02786257f3541e7684cbb92ee3533cd5479cfac0aa39a1f4199a4465c8ee2f98,xgboost,DPS,6555,0.12924650125,1.14383593215,DPS-DP0,DP0,DP0,full,6,True,-0.000144657998041,-1.96016143433e-05,5,True,-9.00338311444e-05,-1.56794437653e-05,False,True,True,-0.000743503690553,-2.55850693217,True,False,True,-0.000359882171151,True,False,True,True,True,True,Supported,Supported,both_medians_improve_at_least_four_months_all_guards_pass,-0.000210831099065,-2.8113626589e-05,-2.8113626589e-05,-0.00888615236705,-0.0392763178342,-0.237399910446,-0.237399910446,-55.5564215144,-19.1021059992,-0.000847628706197,0.000489583802347,-9.41872196054e-05,4.21308350097e-05,
later,2018-02,2018-02,2018-02-01,xgboost,DPS,Promise + seller profiles,full,raw,raw,none,42578,a51820ff53f7771f9c44ce45be1dcb2d238a8e28dccc88b566859c028e0e982b,6ad94722b36420097ace54122da3591d30c5c5a0e2c5889821b8dddd183b6440,sha256_pickle_protocol_5_fitted_wrapper,6555,926,0.141266209001,0.463266020772,0.12924650125,0.156522583646,0.538204078156,1.18699955223,1.14383593215,0.114470842333,7.10406798481,3.06674775246,0.0894069512941,,02786257f3541e7684cbb92ee3533cd5479cfac0aa39a1f4199a4465c8ee2f98,xgboost,DPS,6555,0.12924650125,1.14383593215,DPS-DP0,DP0,DP0,full,6,True,-0.000144657998041,-1.96016143433e-05,5,True,-9.00338311444e-05,-1.56794437653e-05,False,True,True,-0.000743503690553,-2.55850693217,True,False,True,-0.000359882171151,True,False,True,True,True,True,Supported,Supported,both_medians_improve_at_least_four_months_all_guards_pass,-0.000210831099065,-2.8113626589e-05,-2.8113626589e-05,-0.00888615236705,-0.0392763178342,-0.237399910446,-0.237399910446,-55.5564215144,-19.1021059992,-0.000847628706197,0.000489583802347,-9.41872196054e-05,4.21308350097e-05,
later,2018-03,2018-03,2018-03-01,logistic_l2,DP0,Direct promise baseline,full,calibrated,calibrated,none,48428,0e3212d395457178a073ebc728d0c7ab83077476c2a4307bc15f4df202380809,22cf12e9c037f6ca71efb154eb3124f6d687e79288f677cd471c943964943d7d,sha256_pickle_protocol_5_fitted_wrapper,7003,1328,0.189633014422,0.602846862778,0.172504235705,0.159613595047,0.454231994056,0.345546716782,0.315949246343,0.0316265060241,-7.51544053066,-2.09677601468,0.136962089728,,184fab6850ceddcb6640c6d7c40a99ad76b6567a0af96fd41049a0eaafe65828,logistic_l2,DP0,7003,0.172504235705,0.315949246343,DP0_reference,,,,,,,,,,,,,,,,,,,,,,,,,,,Reference,Reference,,,,,,,,,,,,,,,
later,2018-03,2018-03,2018-03-01,logistic_l2,DP0,Direct promise baseline,full,raw,raw,none,48428,0e3212d395457178a073ebc728d0c7ab83077476c2a4307bc15f4df202380809,22cf12e9c037f6ca71efb154eb3124f6d687e79288f677cd471c943964943d7d,sha256_pickle_protocol_5_fitted_wrapper,7003,1328,0.189633014422,0.602846862778,0.172504235705,0.159613595047,0.454231994056,0.345546716782,0.315949246343,0.0316265060241,-7.51544053066,-2.09677601468,0.136962089728,,184fab6850ceddcb6640c6d7c40a99ad76b6567a0af96fd41049a0eaafe65828,logistic_l2,DP0,7003,0.172504235705,0.315949246343,DP0_reference,,,,,,,,,,,,,,,,,,,,,,,,,,,Reference,Reference,,,,,,,,,,,,,,,
later,2018-03,2018-03,2018-03-01,logistic_l2,DPB,Promise + both profile blocks,full,calibrated,calibrated,none,48428,0e3212d395457178a073ebc728d0c7ab83077476c2a4307bc15f4df202380809,00ecd74f4678f94279a4064ce5804b89ed5efb257549258f93e6483fab5f789c,sha256_pickle_protocol_5_fitted_wrapper,7003,1328,0.189633014422,0.493713225822,0.154001007496,0.362117653461,0.712333607558,2.56906472042,2.36209674647,0.236445783133,1.44061490281,1.24274486627,0.0994453559667,,184fab6850ceddcb6640c6d7c40a99ad76b6567a0af96fd41049a0eaafe65828,logistic_l2,DPB,7003,0.154001007496,2.36209674647,DPB-DP0,DP0,DP0,full,6,True,-0.0188355042404,-0.00146902299902,5,True,-0.0178964373712,-0.00140057680524,False,True,True,-0.0166763314017,-3.63404763384,True,False,True,-0.0194931043395,True,False,True,True,True,True,Supported,Supported,both_medians_improve_at_least_four_months_all_guards_pass,-0.109133636956,-0.0185032282085,-0.0185032282085,0.202504058414,0.258101613502,2.04614750013,2.04614750013,8.95605543348,3.33952088095,-0.155852589598,-0.0675779664499,-0.0264205245566,-0.0114665541216,
later,2018-03,2018-03,2018-03-01,logistic_l2,DPB,Promise + both profile blocks,full,raw,raw,none,48428,0e3212d395457178a073ebc728d0c7ab83077476c2a4307bc15f4df202380809,00ecd74f4678f94279a4064ce5804b89ed5efb257549258f93e6483fab5f789c,sha256_pickle_protocol_5_fitted_wrapper,7003,1328,0.189633014422,0.493713225822,0.154001007496,0.362117653461,0.712333607558,2.56906472042,2.36209674647,0.236445783133,1.44061490281,1.24274486627,0.0994453559667,,184fab6850ceddcb6640c6d7c40a99ad76b6567a0af96fd41049a0eaafe65828,logistic_l2,DPB,7003,0.154001007496,2.36209674647,DPB-DP0,DP0,DP0,full,6,True,-0.0188355042404,-0.00146902299902,5,True,-0.0178964373712,-0.00140057680524,False,True,True,-0.0166763314017,-3.63404763384,True,False,True,-0.0194931043395,True,False,True,True,True,True,Supported,Supported,both_medians_improve_at_least_four_months_all_guards_pass,-0.109133636956,-0.0185032282085,-0.0185032282085,0.202504058414,0.258101613502,2.04614750013,2.04614750013,8.95605543348,3.33952088095,-0.155852589598,-0.0675779664499,-0.0264205245566,-0.0114665541216,
later,2018-03,2018-03,2018-03-01,logistic_l2,DPG,Promise + geographic profiles,full,calibrated,calibrated,none,48428,0e3212d395457178a073ebc728d0c7ab83077476c2a4307bc15f4df202380809,4e87445cc12e7fa0e2fe82c7cfb155af1f47389e6d118c53e297abc401347be5,sha256_pickle_protocol_5_fitted_wrapper,7003,1328,0.189633014422,0.505028071159,0.157001531732,0.375259682741,0.7163465315,2.82446881543,2.4222775553,0.242469879518,2.17314759364,1.50696756407,0.107736286282,,184fab6850ceddcb6640c6d7c40a99ad76b6567a0af96fd41049a0eaafe65828,logistic_l2,DPG,7003,0.157001531732,2.4222775553,DPG-DP0,DP0,DP0,full,6,True,-0.0126256584508,-0.000678203167734,3,True,-0.0125311675792,-0.000651481391294,False,True,True,-0.0113356271504,-3.47809936608,True,False,True,-0.0132700613425,True,False,True,True,True,True,Mixed,Mixed,exactly_three_both_improved_months,-0.0978187916187,-0.0155027039732,-0.0155027039732,0.215646087694,0.262114537445,2.10632830896,2.10632830896,9.6885881243,3.60374357875,-0.138721538334,-0.0606533727232,-0.0218464885855,-0.00967705553426,
later,2018-03,2018-03,2018-03-01,logistic_l2,DPG,Promise + geographic profiles,full,raw,raw,none,48428,0e3212d395457178a073ebc728d0c7ab83077476c2a4307bc15f4df202380809,4e87445cc12e7fa0e2fe82c7cfb155af1f47389e6d118c53e297abc401347be5,sha256_pickle_protocol_5_fitted_wrapper,7003,1328,0.189633014422,0.505028071159,0.157001531732,0.375259682741,0.7163465315,2.82446881543,2.4222775553,0.242469879518,2.17314759364,1.50696756407,0.107736286282,,184fab6850ceddcb6640c6d7c40a99ad76b6567a0af96fd41049a0eaafe65828,logistic_l2,DPG,7003,0.157001531732,2.4222775553,DPG-DP0,DP0,DP0,full,6,True,-0.0126256584508,-0.000678203167734,3,True,-0.0125311675792,-0.000651481391294,False,True,True,-0.0113356271504,-3.47809936608,True,False,True,-0.0132700613425,True,False,True,True,True,True,Mixed,Mixed,exactly_three_both_improved_months,-0.0978187916187,-0.0155027039732,-0.0155027039732,0.215646087694,0.262114537445,2.10632830896,2.10632830896,9.6885881243,3.60374357875,-0.138721538334,-0.0606533727232,-0.0218464885855,-0.00967705553426,
later,2018-03,2018-03,2018-03-01,logistic_l2,DPS,Promise + seller profiles,full,calibrated,calibrated,none,48428,0e3212d395457178a073ebc728d0c7ab83077476c2a4307bc15f4df202380809,996acd971bf78b1f76d43b63482c3a11619744aea3fcb1f886fdbd1a83a7a927,sha256_pickle_protocol_5_fitted_wrapper,7003,1328,0.189633014422,0.594881367986,0.17127988616,0.198476323106,0.513227933761,1.29204424536,1.0982997611,0.109939759036,-0.791714249313,0.23297664555,0.13283169181,,184fab6850ceddcb6640c6d7c40a99ad76b6567a0af96fd41049a0eaafe65828,logistic_l2,DPS,7003,0.17127988616,1.0982997611,DPS-DP0,DP0,DP0,full,6,True,-0.00415653020117,-0.00047411302235,6,True,-0.00388823165404,-0.000390794822282,False,True,True,-0.00754606386358,-3.46107307636,True,False,True,-0.00375374505547,True,True,True,True,True,True,Supported,Supported,both_medians_improve_at_least_four_months_all_guards_pass,-0.00796549479204,-0.00122434954503,-0.00122434954503,0.038862728059,0.058995939706,0.782350514755,0.782350514755,6.72372628135,2.32975266023,-0.0131164856415,-0.00280385246763,-0.00192309050785,-0.00057617145573,
later,2018-03,2018-03,2018-03-01,logistic_l2,DPS,Promise + seller profiles,full,raw,raw,none,48428,0e3212d395457178a073ebc728d0c7ab83077476c2a4307bc15f4df202380809,996acd971bf78b1f76d43b63482c3a11619744aea3fcb1f886fdbd1a83a7a927,sha256_pickle_protocol_5_fitted_wrapper,7003,1328,0.189633014422,0.594881367986,0.17127988616,0.198476323106,0.513227933761,1.29204424536,1.0982997611,0.109939759036,-0.791714249313,0.23297664555,0.13283169181,,184fab6850ceddcb6640c6d7c40a99ad76b6567a0af96fd41049a0eaafe65828,logistic_l2,DPS,7003,0.17127988616,1.0982997611,DPS-DP0,DP0,DP0,full,6,True,-0.00415653020117,-0.00047411302235,6,True,-0.00388823165404,-0.000390794822282,False,True,True,-0.00754606386358,-3.46107307636,True,False,True,-0.00375374505547,True,True,True,True,True,True,Supported,Supported,both_medians_improve_at_least_four_months_all_guards_pass,-0.00796549479204,-0.00122434954503,-0.00122434954503,0.038862728059,0.058995939706,0.782350514755,0.782350514755,6.72372628135,2.32975266023,-0.0131164856415,-0.00280385246763,-0.00192309050785,-0.00057617145573,
later,2018-03,2018-03,2018-03-01,xgboost,DP0,Direct promise baseline,full,calibrated,calibrated,none,48428,0e3212d395457178a073ebc728d0c7ab83077476c2a4307bc15f4df202380809,79c5a2f1cade524e958f369549b205b1a45b0631b789d48296a39bef69e8d9a2,sha256_pickle_protocol_5_fitted_wrapper,7003,1328,0.189633014422,0.603095810265,0.172531908929,0.231780781518,0.604352210605,1.39721063742,1.22618397986,0.122740963855,26.1558272825,9.51371214013,0.137636860679,,184fab6850ceddcb6640c6d7c40a99ad76b6567a0af96fd41049a0eaafe65828,xgboost,DP0,7003,0.172531908929,1.22618397986,DP0_reference,,,,,,,,,,,,,,,,,,,,,,,,,,,Reference,Reference,,,,,,,,,,,,,,,
later,2018-03,2018-03,2018-03-01,xgboost,DP0,Direct promise baseline,full,raw,raw,none,48428,0e3212d395457178a073ebc728d0c7ab83077476c2a4307bc15f4df202380809,79c5a2f1cade524e958f369549b205b1a45b0631b789d48296a39bef69e8d9a2,sha256_pickle_protocol_5_fitted_wrapper,7003,1328,0.189633014422,0.603095810265,0.172531908929,0.231780781518,0.604352210605,1.39721063742,1.22618397986,0.122740963855,26.1558272825,9.51371214013,0.137636860679,,184fab6850ceddcb6640c6d7c40a99ad76b6567a0af96fd41049a0eaafe65828,xgboost,DP0,7003,0.172531908929,1.22618397986,DP0_reference,,,,,,,,,,,,,,,,,,,,,,,,,,,Reference,Reference,,,,,,,,,,,,,,,
later,2018-03,2018-03,2018-03-01,xgboost,DPB,Promise + both profile blocks,full,calibrated,calibrated,none,48428,0e3212d395457178a073ebc728d0c7ab83077476c2a4307bc15f4df202380809,c50de25c29db4a2b16e16537f934d9bdfcaace91a1f8f4d55886e11093615b76,sha256_pickle_protocol_5_fitted_wrapper,7003,1328,0.189633014422,0.597537168703,0.171966246803,0.302727681785,0.696212913327,1.68266227302,1.71515305158,0.171686746988,44.843016524,16.07175373,0.136975588936,,184fab6850ceddcb6640c6d7c40a99ad76b6567a0af96fd41049a0eaafe65828,xgboost,DPB,7003,0.171966246803,1.71515305158,DPB-DP0,DP0,DP0,full,6,True,-0.00229967244447,-0.000293696109202,5,True,-0.0021127497292,-0.000266410356161,False,True,True,0.00431574578376,2.43431455748,False,True,True,-0.00345421615059,True,True,True,True,True,False,Mixed,Mixed,required_guard_unavailable_or_failed,-0.00555864156153,-0.000565662126017,-0.000565662126017,0.0709469002669,0.0918607027228,0.488969071722,0.488969071722,18.6871892415,6.55804158988,-0.0073739453589,-0.00362245917468,-0.000750807828449,-0.000368187826958,
later,2018-03,2018-03,2018-03-01,xgboost,DPB,Promise + both profile blocks,full,raw,raw,none,48428,0e3212d395457178a073ebc728d0c7ab83077476c2a4307bc15f4df202380809,c50de25c29db4a2b16e16537f934d9bdfcaace91a1f8f4d55886e11093615b76,sha256_pickle_protocol_5_fitted_wrapper,7003,1328,0.189633014422,0.597537168703,0.171966246803,0.302727681785,0.696212913327,1.68266227302,1.71515305158,0.171686746988,44.843016524,16.07175373,0.136975588936,,184fab6850ceddcb6640c6d7c40a99ad76b6567a0af96fd41049a0eaafe65828,xgboost,DPB,7003,0.171966246803,1.71515305158,DPB-DP0,DP0,DP0,full,6,True,-0.00229967244447,-0.000293696109202,5,True,-0.0021127497292,-0.000266410356161,False,True,True,0.00431574578376,2.43431455748,False,True,True,-0.00345421615059,True,True,True,True,True,False,Mixed,Mixed,required_guard_unavailable_or_failed,-0.00555864156153,-0.000565662126017,-0.000565662126017,0.0709469002669,0.0918607027228,0.488969071722,0.488969071722,18.6871892415,6.55804158988,-0.0073739453589,-0.00362245917468,-0.000750807828449,-0.000368187826958,
later,2018-03,2018-03,2018-03-01,xgboost,DPG,Promise + geographic profiles,full,calibrated,calibrated,none,48428,0e3212d395457178a073ebc728d0c7ab83077476c2a4307bc15f4df202380809,97c147f3d44dcd90ddfb296894c87bcc28cf63ee52aa9cd45f2e31db14ab8363,sha256_pickle_protocol_5_fitted_wrapper,7003,1328,0.189633014422,0.598422839017,0.172053113302,0.298666608285,0.679592311979,1.65261473243,1.66249484385,0.166415662651,36.1028548643,13.0055792711,0.13737400315,,184fab6850ceddcb6640c6d7c40a99ad76b6567a0af96fd41049a0eaafe65828,xgboost,DPG,7003,0.172053113302,1.66249484385,DPG-DP0,DP0,DP0,full,6,True,-0.00197620878246,-0.00026123594082,5,True,-0.00209210496204,-0.000278590971538,False,True,True,0.00361843907148,0.978250023739,False,True,True,-0.00240607535493,False,False,True,True,True,False,Mixed,Mixed,required_guard_unavailable_or_failed,-0.0046729712475,-0.000478795626833,-0.000478795626833,0.0668858267675,0.0752401013747,0.436310863998,0.436310863998,9.9470275818,3.49186713096,-0.00636066971448,-0.00322797816565,-0.000654360267989,-0.000328686301541,
later,2018-03,2018-03,2018-03-01,xgboost,DPG,Promise + geographic profiles,full,raw,raw,none,48428,0e3212d395457178a073ebc728d0c7ab83077476c2a4307bc15f4df202380809,97c147f3d44dcd90ddfb296894c87bcc28cf63ee52aa9cd45f2e31db14ab8363,sha256_pickle_protocol_5_fitted_wrapper,7003,1328,0.189633014422,0.598422839017,0.172053113302,0.298666608285,0.679592311979,1.65261473243,1.66249484385,0.166415662651,36.1028548643,13.0055792711,0.13737400315,,184fab6850ceddcb6640c6d7c40a99ad76b6567a0af96fd41049a0eaafe65828,xgboost,DPG,7003,0.172053113302,1.66249484385,DPG-DP0,DP0,DP0,full,6,True,-0.00197620878246,-0.00026123594082,5,True,-0.00209210496204,-0.000278590971538,False,True,True,0.00361843907148,0.978250023739,False,True,True,-0.00240607535493,False,False,True,True,True,False,Mixed,Mixed,required_guard_unavailable_or_failed,-0.0046729712475,-0.000478795626833,-0.000478795626833,0.0668858267675,0.0752401013747,0.436310863998,0.436310863998,9.9470275818,3.49186713096,-0.00636066971448,-0.00322797816565,-0.000654360267989,-0.000328686301541,
later,2018-03,2018-03,2018-03-01,xgboost,DPS,Promise + seller profiles,full,calibrated,calibrated,none,48428,0e3212d395457178a073ebc728d0c7ab83077476c2a4307bc15f4df202380809,4206c1b12dc74db1d5faa9cac22e1cf55e9cec0d5efc430aa73b6cf09425f63b,sha256_pickle_protocol_5_fitted_wrapper,7003,1328,0.189633014422,0.602099737553,0.172420781345,0.219553811812,0.557579149196,1.27702047506,1.12839016551,0.112951807229,10.9456532061,4.28128233598,0.137343815021,,184fab6850ceddcb6640c6d7c40a99ad76b6567a0af96fd41049a0eaafe65828,xgboost,DPS,7003,0.172420781345,1.12839016551,DPS-DP0,DP0,DP0,full,6,True,-0.000144657998041,-1.96016143433e-05,5,True,-9.00338311444e-05,-1.56794437653e-05,False,True,True,-0.000743503690553,-2.55850693217,True,False,True,-0.000359882171151,True,False,True,True,True,True,Supported,Supported,both_medians_improve_at_least_four_months_all_guards_pass,-0.000996072712191,-0.000111127583614,-0.000111127583614,-0.0122269697056,-0.0467730614086,-0.0977938143444,-0.0977938143444,-15.2101740764,-5.23242980415,-0.00203647606086,-0.000173571899859,-0.000223075751892,-2.30865010545e-05,
later,2018-03,2018-03,2018-03-01,xgboost,DPS,Promise + seller profiles,full,raw,raw,none,48428,0e3212d395457178a073ebc728d0c7ab83077476c2a4307bc15f4df202380809,4206c1b12dc74db1d5faa9cac22e1cf55e9cec0d5efc430aa73b6cf09425f63b,sha256_pickle_protocol_5_fitted_wrapper,7003,1328,0.189633014422,0.602099737553,0.172420781345,0.219553811812,0.557579149196,1.27702047506,1.12839016551,0.112951807229,10.9456532061,4.28128233598,0.137343815021,,184fab6850ceddcb6640c6d7c40a99ad76b6567a0af96fd41049a0eaafe65828,xgboost,DPS,7003,0.172420781345,1.12839016551,DPS-DP0,DP0,DP0,full,6,True,-0.000144657998041,-1.96016143433e-05,5,True,-9.00338311444e-05,-1.56794437653e-05,False,True,True,-0.000743503690553,-2.55850693217,True,False,True,-0.000359882171151,True,False,True,True,True,True,Supported,Supported,both_medians_improve_at_least_four_months_all_guards_pass,-0.000996072712191,-0.000111127583614,-0.000111127583614,-0.0122269697056,-0.0467730614086,-0.0977938143444,-0.0977938143444,-15.2101740764,-5.23242980415,-0.00203647606086,-0.000173571899859,-0.000223075751892,-2.30865010545e-05,
later,2018-04,2018-04,2018-04-01,logistic_l2,DP0,Direct promise baseline,full,calibrated,calibrated,none,55252,4b412a638b1385505cf90636e7df36a90b8c5117a3e28705ec46d4040550ed76,87b4e3df32ffb2f5601da25042d8af73bbad540886603bf8e0299c2d691f7a06,sha256_pickle_protocol_5_fitted_wrapper,6798,306,0.045013239188,0.186449744604,0.0432952372444,0.0401050362983,0.465243044229,0.653402537486,0.588062283737,0.0588235294118,-13.5200726514,-3.8483877536,0.017358689113,,12138ebc6d34b03c6440d89e35b8db35a30d241f9f497044ef308120883e5a5b,logistic_l2,DP0,6798,0.0432952372444,0.588062283737,DP0_reference,,,,,,,,,,,,,,,,,,,,,,,,,,,Reference,Reference,,,,,,,,,,,,,,,
later,2018-04,2018-04,2018-04-01,logistic_l2,DP0,Direct promise baseline,full,raw,raw,none,55252,4b412a638b1385505cf90636e7df36a90b8c5117a3e28705ec46d4040550ed76,87b4e3df32ffb2f5601da25042d8af73bbad540886603bf8e0299c2d691f7a06,sha256_pickle_protocol_5_fitted_wrapper,6798,306,0.045013239188,0.186449744604,0.0432952372444,0.0401050362983,0.465243044229,0.653402537486,0.588062283737,0.0588235294118,-13.5200726514,-3.8483877536,0.017358689113,,12138ebc6d34b03c6440d89e35b8db35a30d241f9f497044ef308120883e5a5b,logistic_l2,DP0,6798,0.0432952372444,0.588062283737,DP0_reference,,,,,,,,,,,,,,,,,,,,,,,,,,,Reference,Reference,,,,,,,,,,,,,,,
later,2018-04,2018-04,2018-04-01,logistic_l2,DPB,Promise + both profile blocks,full,calibrated,calibrated,none,55252,4b412a638b1385505cf90636e7df36a90b8c5117a3e28705ec46d4040550ed76,9bffcc2d0b726f556d5cfd01492f0f1bd4d72e6d91a68320d5d89a4142d7164d,sha256_pickle_protocol_5_fitted_wrapper,6798,306,0.045013239188,0.181715131767,0.0431854972473,0.146774692883,0.763400605673,4.83517877739,3.52837370242,0.352941176471,0.0595849103878,1.43432363434,0.0470679722356,,12138ebc6d34b03c6440d89e35b8db35a30d241f9f497044ef308120883e5a5b,logistic_l2,DPB,6798,0.0431854972473,3.52837370242,DPB-DP0,DP0,DP0,full,6,True,-0.0188355042404,-0.00146902299902,5,True,-0.0178964373712,-0.00140057680524,False,True,True,-0.0166763314017,-3.63404763384,True,False,True,-0.0194931043395,True,False,True,True,True,True,Supported,Supported,both_medians_improve_at_least_four_months_all_guards_pass,-0.00473461283712,-0.000109739997025,-0.000109739997025,0.106669656585,0.298157561443,2.94031141869,2.94031141869,13.5796575618,5.28271138793,-0.0217918974614,0.00765071952389,-0.00384318068188,0.00250363678772,
later,2018-04,2018-04,2018-04-01,logistic_l2,DPB,Promise + both profile blocks,full,raw,raw,none,55252,4b412a638b1385505cf90636e7df36a90b8c5117a3e28705ec46d4040550ed76,9bffcc2d0b726f556d5cfd01492f0f1bd4d72e6d91a68320d5d89a4142d7164d,sha256_pickle_protocol_5_fitted_wrapper,6798,306,0.045013239188,0.181715131767,0.0431854972473,0.146774692883,0.763400605673,4.83517877739,3.52837370242,0.352941176471,0.0595849103878,1.43432363434,0.0470679722356,,12138ebc6d34b03c6440d89e35b8db35a30d241f9f497044ef308120883e5a5b,logistic_l2,DPB,6798,0.0431854972473,3.52837370242,DPB-DP0,DP0,DP0,full,6,True,-0.0188355042404,-0.00146902299902,5,True,-0.0178964373712,-0.00140057680524,False,True,True,-0.0166763314017,-3.63404763384,True,False,True,-0.0194931043395,True,False,True,True,True,True,Supported,Supported,both_medians_improve_at_least_four_months_all_guards_pass,-0.00473461283712,-0.000109739997025,-0.000109739997025,0.106669656585,0.298157561443,2.94031141869,2.94031141869,13.5796575618,5.28271138793,-0.0217918974614,0.00765071952389,-0.00384318068188,0.00250363678772,
later,2018-04,2018-04,2018-04-01,logistic_l2,DPG,Promise + geographic profiles,full,calibrated,calibrated,none,55252,4b412a638b1385505cf90636e7df36a90b8c5117a3e28705ec46d4040550ed76,46310058a0a9aadd218522726b8446925c75c0030bc8b5acaa9ef01f5abbb15a,sha256_pickle_protocol_5_fitted_wrapper,6798,306,0.045013239188,0.184709492915,0.0435842107462,0.136126933977,0.745300903274,3.92041522491,3.39769319493,0.339869281046,0.176945124814,1.48199747204,0.0474331401207,,12138ebc6d34b03c6440d89e35b8db35a30d241f9f497044ef308120883e5a5b,logistic_l2,DPG,6798,0.0435842107462,3.39769319493,DPG-DP0,DP0,DP0,full,6,True,-0.0126256584508,-0.000678203167734,3,True,-0.0125311675792,-0.000651481391294,False,True,True,-0.0113356271504,-3.47809936608,True,False,True,-0.0132700613425,True,False,True,True,True,True,Mixed,Mixed,exactly_three_both_improved_months,-0.00174025168947,0.000288973501816,0.000288973501816,0.0960218976784,0.280057859044,2.80963091119,2.80963091119,13.6970177762,5.33038522563,-0.0188188817419,0.00952140615368,-0.00314743715941,0.00258641839445,
later,2018-04,2018-04,2018-04-01,logistic_l2,DPG,Promise + geographic profiles,full,raw,raw,none,55252,4b412a638b1385505cf90636e7df36a90b8c5117a3e28705ec46d4040550ed76,46310058a0a9aadd218522726b8446925c75c0030bc8b5acaa9ef01f5abbb15a,sha256_pickle_protocol_5_fitted_wrapper,6798,306,0.045013239188,0.184709492915,0.0435842107462,0.136126933977,0.745300903274,3.92041522491,3.39769319493,0.339869281046,0.176945124814,1.48199747204,0.0474331401207,,12138ebc6d34b03c6440d89e35b8db35a30d241f9f497044ef308120883e5a5b,logistic_l2,DPG,6798,0.0435842107462,3.39769319493,DPG-DP0,DP0,DP0,full,6,True,-0.0126256584508,-0.000678203167734,3,True,-0.0125311675792,-0.000651481391294,False,True,True,-0.0113356271504,-3.47809936608,True,False,True,-0.0132700613425,True,False,True,True,True,True,Mixed,Mixed,exactly_three_both_improved_months,-0.00174025168947,0.000288973501816,0.000288973501816,0.0960218976784,0.280057859044,2.80963091119,2.80963091119,13.6970177762,5.33038522563,-0.0188188817419,0.00952140615368,-0.00314743715941,0.00258641839445,
later,2018-04,2018-04,2018-04-01,logistic_l2,DPS,Promise + seller profiles,full,calibrated,calibrated,none,55252,4b412a638b1385505cf90636e7df36a90b8c5117a3e28705ec46d4040550ed76,32e5da99683cdab1f14f37d587aeecf158ffc9b319e27e612f842a71fc1e8c3b,sha256_pickle_protocol_5_fitted_wrapper,6798,306,0.045013239188,0.185967666187,0.0432366894109,0.0709679755633,0.533180103013,1.69884659746,1.17612456747,0.117647058824,-1.04404107049,0.744005738886,0.0193555581281,,12138ebc6d34b03c6440d89e35b8db35a30d241f9f497044ef308120883e5a5b,logistic_l2,DPS,6798,0.0432366894109,1.17612456747,DPS-DP0,DP0,DP0,full,6,True,-0.00415653020117,-0.00047411302235,6,True,-0.00388823165404,-0.000390794822282,False,True,True,-0.00754606386358,-3.46107307636,True,False,True,-0.00375374505547,True,True,True,True,True,True,Supported,Supported,both_medians_improve_at_least_four_months_all_guards_pass,-0.000482078417696,-5.85478334962e-05,-5.85478334962e-05,0.030862939265,0.0679370587833,0.588062283737,0.588062283737,12.4760315809,4.59239349248,-0.00267232520373,0.00163312549611,-0.000396407806066,0.00029732864485,
later,2018-04,2018-04,2018-04-01,logistic_l2,DPS,Promise + seller profiles,full,raw,raw,none,55252,4b412a638b1385505cf90636e7df36a90b8c5117a3e28705ec46d4040550ed76,32e5da99683cdab1f14f37d587aeecf158ffc9b319e27e612f842a71fc1e8c3b,sha256_pickle_protocol_5_fitted_wrapper,6798,306,0.045013239188,0.185967666187,0.0432366894109,0.0709679755633,0.533180103013,1.69884659746,1.17612456747,0.117647058824,-1.04404107049,0.744005738886,0.0193555581281,,12138ebc6d34b03c6440d89e35b8db35a30d241f9f497044ef308120883e5a5b,logistic_l2,DPS,6798,0.0432366894109,1.17612456747,DPS-DP0,DP0,DP0,full,6,True,-0.00415653020117,-0.00047411302235,6,True,-0.00388823165404,-0.000390794822282,False,True,True,-0.00754606386358,-3.46107307636,True,False,True,-0.00375374505547,True,True,True,True,True,True,Supported,Supported,both_medians_improve_at_least_four_months_all_guards_pass,-0.000482078417696,-5.85478334962e-05,-5.85478334962e-05,0.030862939265,0.0679370587833,0.588062283737,0.588062283737,12.4760315809,4.59239349248,-0.00267232520373,0.00163312549611,-0.000396407806066,0.00029732864485,
later,2018-04,2018-04,2018-04-01,xgboost,DP0,Direct promise baseline,full,calibrated,calibrated,none,55252,4b412a638b1385505cf90636e7df36a90b8c5117a3e28705ec46d4040550ed76,0ea7f21c9b86473b175c6cf990fa854199a67278d92779725fe4654933f120c6,sha256_pickle_protocol_5_fitted_wrapper,6798,306,0.045013239188,0.186195850031,0.0432654575794,0.0470999556847,0.518746803507,1.11078431373,1.0127739331,0.101307189542,3.04855089275,2.24436025779,0.0168070419499,,12138ebc6d34b03c6440d89e35b8db35a30d241f9f497044ef308120883e5a5b,xgboost,DP0,6798,0.0432654575794,1.0127739331,DP0_reference,,,,,,,,,,,,,,,,,,,,,,,,,,,Reference,Reference,,,,,,,,,,,,,,,
later,2018-04,2018-04,2018-04-01,xgboost,DP0,Direct promise baseline,full,raw,raw,none,55252,4b412a638b1385505cf90636e7df36a90b8c5117a3e28705ec46d4040550ed76,0ea7f21c9b86473b175c6cf990fa854199a67278d92779725fe4654933f120c6,sha256_pickle_protocol_5_fitted_wrapper,6798,306,0.045013239188,0.186195850031,0.0432654575794,0.0470999556847,0.518746803507,1.11078431373,1.0127739331,0.101307189542,3.04855089275,2.24436025779,0.0168070419499,,12138ebc6d34b03c6440d89e35b8db35a30d241f9f497044ef308120883e5a5b,xgboost,DP0,6798,0.0432654575794,1.0127739331,DP0_reference,,,,,,,,,,,,,,,,,,,,,,,,,,,Reference,Reference,,,,,,,,,,,,,,,
later,2018-04,2018-04,2018-04-01,xgboost,DPB,Promise + both profile blocks,full,calibrated,calibrated,none,55252,4b412a638b1385505cf90636e7df36a90b8c5117a3e28705ec46d4040550ed76,8fad62287ec9158c2d5ae5fa3537ddc9bef5344b754166a5a722777f73528650,sha256_pickle_protocol_5_fitted_wrapper,6798,306,0.045013239188,0.186368610313,0.0432864067247,0.0764852503825,0.676836297263,1.37214532872,1.47015570934,0.147058823529,19.8669325648,8.5842468202,0.033378591989,,12138ebc6d34b03c6440d89e35b8db35a30d241f9f497044ef308120883e5a5b,xgboost,DPB,6798,0.0432864067247,1.47015570934,DPB-DP0,DP0,DP0,full,6,True,-0.00229967244447,-0.000293696109202,5,True,-0.0021127497292,-0.000266410356161,False,True,True,0.00431574578376,2.43431455748,False,True,True,-0.00345421615059,True,True,True,True,True,False,Mixed,Mixed,required_guard_unavailable_or_failed,0.000172760282503,2.09491452797e-05,2.09491452797e-05,0.0293852946978,0.158089493756,0.45738177624,0.45738177624,16.8183816721,6.33988656242,-0.000710188546931,0.000812087319103,-8.61939731957e-05,9.72352368036e-05,
later,2018-04,2018-04,2018-04-01,xgboost,DPB,Promise + both profile blocks,full,raw,raw,none,55252,4b412a638b1385505cf90636e7df36a90b8c5117a3e28705ec46d4040550ed76,8fad62287ec9158c2d5ae5fa3537ddc9bef5344b754166a5a722777f73528650,sha256_pickle_protocol_5_fitted_wrapper,6798,306,0.045013239188,0.186368610313,0.0432864067247,0.0764852503825,0.676836297263,1.37214532872,1.47015570934,0.147058823529,19.8669325648,8.5842468202,0.033378591989,,12138ebc6d34b03c6440d89e35b8db35a30d241f9f497044ef308120883e5a5b,xgboost,DPB,6798,0.0432864067247,1.47015570934,DPB-DP0,DP0,DP0,full,6,True,-0.00229967244447,-0.000293696109202,5,True,-0.0021127497292,-0.000266410356161,False,True,True,0.00431574578376,2.43431455748,False,True,True,-0.00345421615059,True,True,True,True,True,False,Mixed,Mixed,required_guard_unavailable_or_failed,0.000172760282503,2.09491452797e-05,2.09491452797e-05,0.0293852946978,0.158089493756,0.45738177624,0.45738177624,16.8183816721,6.33988656242,-0.000710188546931,0.000812087319103,-8.61939731957e-05,9.72352368036e-05,
later,2018-04,2018-04,2018-04-01,xgboost,DPG,Promise + geographic profiles,full,calibrated,calibrated,none,55252,4b412a638b1385505cf90636e7df36a90b8c5117a3e28705ec46d4040550ed76,a8d61fd2fd094af0b68857646ff04fffd5a2e516bd30caf27918f82df51e43f8,sha256_pickle_protocol_5_fitted_wrapper,6798,306,0.045013239188,0.186721301107,0.0433308506042,0.0546871855627,0.525946967409,1.17612456747,0.718742791234,0.0718954248366,6.50010931681,3.58104736343,0.0347416894436,,12138ebc6d34b03c6440d89e35b8db35a30d241f9f497044ef308120883e5a5b,xgboost,DPG,6798,0.0433308506042,0.718742791234,DPG-DP0,DP0,DP0,full,6,True,-0.00197620878246,-0.00026123594082,5,True,-0.00209210496204,-0.000278590971538,False,True,True,0.00361843907148,0.978250023739,False,True,True,-0.00240607535493,False,False,True,True,True,False,Mixed,Mixed,required_guard_unavailable_or_failed,0.000525451076524,6.53930247894e-05,6.53930247894e-05,0.00758722987797,0.00720016390208,-0.294031141869,-0.294031141869,3.45155842406,1.33668710564,-0.000561235090505,0.00132587858726,-6.68185397183e-05,0.000164178264465,
later,2018-04,2018-04,2018-04-01,xgboost,DPG,Promise + geographic profiles,full,raw,raw,none,55252,4b412a638b1385505cf90636e7df36a90b8c5117a3e28705ec46d4040550ed76,a8d61fd2fd094af0b68857646ff04fffd5a2e516bd30caf27918f82df51e43f8,sha256_pickle_protocol_5_fitted_wrapper,6798,306,0.045013239188,0.186721301107,0.0433308506042,0.0546871855627,0.525946967409,1.17612456747,0.718742791234,0.0718954248366,6.50010931681,3.58104736343,0.0347416894436,,12138ebc6d34b03c6440d89e35b8db35a30d241f9f497044ef308120883e5a5b,xgboost,DPG,6798,0.0433308506042,0.718742791234,DPG-DP0,DP0,DP0,full,6,True,-0.00197620878246,-0.00026123594082,5,True,-0.00209210496204,-0.000278590971538,False,True,True,0.00361843907148,0.978250023739,False,True,True,-0.00240607535493,False,False,True,True,True,False,Mixed,Mixed,required_guard_unavailable_or_failed,0.000525451076524,6.53930247894e-05,6.53930247894e-05,0.00758722987797,0.00720016390208,-0.294031141869,-0.294031141869,3.45155842406,1.33668710564,-0.000561235090505,0.00132587858726,-6.68185397183e-05,0.000164178264465,
later,2018-04,2018-04,2018-04-01,xgboost,DPS,Promise + seller profiles,full,calibrated,calibrated,none,55252,4b412a638b1385505cf90636e7df36a90b8c5117a3e28705ec46d4040550ed76,5611e165b59db55392d941bdb80a2acdec17ba1cd04e5d01544de31bebee6387,sha256_pickle_protocol_5_fitted_wrapper,6798,306,0.045013239188,0.186144052988,0.0432595407145,0.0544268381059,0.543308204366,1.24146482122,1.04544405998,0.104575163399,8.77616147335,4.36019029013,0.0170822037418,,12138ebc6d34b03c6440d89e35b8db35a30d241f9f497044ef308120883e5a5b,xgboost,DPS,6798,0.0432595407145,1.04544405998,DPS-DP0,DP0,DP0,full,6,True,-0.000144657998041,-1.96016143433e-05,5,True,-9.00338311444e-05,-1.56794437653e-05,False,True,True,-0.000743503690553,-2.55850693217,True,False,True,-0.000359882171151,True,False,True,True,True,True,Supported,Supported,both_medians_improve_at_least_four_months_all_guards_pass,-5.17970427999e-05,-5.91686487356e-06,-5.91686487356e-06,0.00732688242116,0.0245614008594,0.0326701268743,0.0326701268743,5.7276105806,2.11583003234,-0.000314832894303,0.00021675526948,-3.75584920512e-05,2.57911607877e-05,
later,2018-04,2018-04,2018-04-01,xgboost,DPS,Promise + seller profiles,full,raw,raw,none,55252,4b412a638b1385505cf90636e7df36a90b8c5117a3e28705ec46d4040550ed76,5611e165b59db55392d941bdb80a2acdec17ba1cd04e5d01544de31bebee6387,sha256_pickle_protocol_5_fitted_wrapper,6798,306,0.045013239188,0.186144052988,0.0432595407145,0.0544268381059,0.543308204366,1.24146482122,1.04544405998,0.104575163399,8.77616147335,4.36019029013,0.0170822037418,,12138ebc6d34b03c6440d89e35b8db35a30d241f9f497044ef308120883e5a5b,xgboost,DPS,6798,0.0432595407145,1.04544405998,DPS-DP0,DP0,DP0,full,6,True,-0.000144657998041,-1.96016143433e-05,5,True,-9.00338311444e-05,-1.56794437653e-05,False,True,True,-0.000743503690553,-2.55850693217,True,False,True,-0.000359882171151,True,False,True,True,True,True,Supported,Supported,both_medians_improve_at_least_four_months_all_guards_pass,-5.17970427999e-05,-5.91686487356e-06,-5.91686487356e-06,0.00732688242116,0.0245614008594,0.0326701268743,0.0326701268743,5.7276105806,2.11583003234,-0.000314832894303,0.00021675526948,-3.75584920512e-05,2.57911607877e-05,
later,2018-05,2018-05,2018-05-01,logistic_l2,DP0,Direct promise baseline,full,calibrated,calibrated,none,63102,3a2c7cf7131e9bd4bb5b4f153fa8d9fc4c621e39e39bbd1626a60fe9aeb83b96,64e1b028b5f7b99b94955ca70106b5741930f2a0d899652ee102992d54613f20,sha256_pickle_protocol_5_fitted_wrapper,6749,443,0.0656393539784,0.242021513175,0.0613049498906,0.0799354717924,0.598559972623,0.811318738563,0.81252069225,0.0812641083521,19.1048028651,8.72475169954,0.0255533863748,,5ba9c39fb7a95e02255cc9707656867769dd51ba2afc32a961f00a0dd34fba0f,logistic_l2,DP0,6749,0.0613049498906,0.81252069225,DP0_reference,,,,,,,,,,,,,,,,,,,,,,,,,,,Reference,Reference,,,,,,,,,,,,,,,
later,2018-05,2018-05,2018-05-01,logistic_l2,DP0,Direct promise baseline,full,raw,raw,none,63102,3a2c7cf7131e9bd4bb5b4f153fa8d9fc4c621e39e39bbd1626a60fe9aeb83b96,64e1b028b5f7b99b94955ca70106b5741930f2a0d899652ee102992d54613f20,sha256_pickle_protocol_5_fitted_wrapper,6749,443,0.0656393539784,0.242021513175,0.0613049498906,0.0799354717924,0.598559972623,0.811318738563,0.81252069225,0.0812641083521,19.1048028651,8.72475169954,0.0255533863748,,5ba9c39fb7a95e02255cc9707656867769dd51ba2afc32a961f00a0dd34fba0f,logistic_l2,DP0,6749,0.0613049498906,0.81252069225,DP0_reference,,,,,,,,,,,,,,,,,,,,,,,,,,,Reference,Reference,,,,,,,,,,,,,,,
later,2018-05,2018-05,2018-05-01,logistic_l2,DPB,Promise + both profile blocks,full,calibrated,calibrated,none,63102,3a2c7cf7131e9bd4bb5b4f153fa8d9fc4c621e39e39bbd1626a60fe9aeb83b96,c6e936962d6c6854a87f132513e83bae01e0dd212c0b3d28289bb3c311e56f6d,sha256_pickle_protocol_5_fitted_wrapper,6749,443,0.0656393539784,0.238147554309,0.0631676040429,0.15461466974,0.717571999579,3.38049474401,2.82125240365,0.282167042889,-0.952149024668,0.82302222434,0.0480090407836,,5ba9c39fb7a95e02255cc9707656867769dd51ba2afc32a961f00a0dd34fba0f,logistic_l2,DPB,6749,0.0631676040429,2.82125240365,DPB-DP0,DP0,DP0,full,6,True,-0.0188355042404,-0.00146902299902,5,True,-0.0178964373712,-0.00140057680524,False,True,True,-0.0166763314017,-3.63404763384,True,False,True,-0.0194931043395,True,False,True,True,True,True,Supported,Supported,both_medians_improve_at_least_four_months_all_guards_pass,-0.00387395886583,0.00186265415232,0.00186265415232,0.0746791979479,0.119012026956,2.0087317114,2.0087317114,-20.0569518898,-7.9017294752,-0.0284216950276,0.0144919593471,-0.00436520358297,0.00663864212472,
later,2018-05,2018-05,2018-05-01,logistic_l2,DPB,Promise + both profile blocks,full,raw,raw,none,63102,3a2c7cf7131e9bd4bb5b4f153fa8d9fc4c621e39e39bbd1626a60fe9aeb83b96,c6e936962d6c6854a87f132513e83bae01e0dd212c0b3d28289bb3c311e56f6d,sha256_pickle_protocol_5_fitted_wrapper,6749,443,0.0656393539784,0.238147554309,0.0631676040429,0.15461466974,0.717571999579,3.38049474401,2.82125240365,0.282167042889,-0.952149024668,0.82302222434,0.0480090407836,,5ba9c39fb7a95e02255cc9707656867769dd51ba2afc32a961f00a0dd34fba0f,logistic_l2,DPB,6749,0.0631676040429,2.82125240365,DPB-DP0,DP0,DP0,full,6,True,-0.0188355042404,-0.00146902299902,5,True,-0.0178964373712,-0.00140057680524,False,True,True,-0.0166763314017,-3.63404763384,True,False,True,-0.0194931043395,True,False,True,True,True,True,Supported,Supported,both_medians_improve_at_least_four_months_all_guards_pass,-0.00387395886583,0.00186265415232,0.00186265415232,0.0746791979479,0.119012026956,2.0087317114,2.0087317114,-20.0569518898,-7.9017294752,-0.0284216950276,0.0144919593471,-0.00436520358297,0.00663864212472,
later,2018-05,2018-05,2018-05-01,logistic_l2,DPG,Promise + geographic profiles,full,calibrated,calibrated,none,63102,3a2c7cf7131e9bd4bb5b4f153fa8d9fc4c621e39e39bbd1626a60fe9aeb83b96,941976c4b6900f085c7230aebd1aef0138279d64d33d8f84ee6afb30a68739dc,sha256_pickle_protocol_5_fitted_wrapper,6749,443,0.0656393539784,0.245205085362,0.0646185948389,0.141555046768,0.697067682146,3.15512842775,2.84382242287,0.284424379233,-1.09495392965,0.769755895679,0.0541152595533,,5ba9c39fb7a95e02255cc9707656867769dd51ba2afc32a961f00a0dd34fba0f,logistic_l2,DPG,6749,0.0646185948389,2.84382242287,DPG-DP0,DP0,DP0,full,6,True,-0.0126256584508,-0.000678203167734,3,True,-0.0125311675792,-0.000651481391294,False,True,True,-0.0113356271504,-3.47809936608,True,False,True,-0.0132700613425,True,False,True,True,True,True,Mixed,Mixed,exactly_three_both_improved_months,0.00318357218684,0.00331364494838,0.00331364494838,0.061619574976,0.0985077095231,2.03130173062,2.03130173062,-20.1997567947,-7.95499580386,-0.0235255468215,0.02302230307,-0.00318378193856,0.00848738856856,
later,2018-05,2018-05,2018-05-01,logistic_l2,DPG,Promise + geographic profiles,full,raw,raw,none,63102,3a2c7cf7131e9bd4bb5b4f153fa8d9fc4c621e39e39bbd1626a60fe9aeb83b96,941976c4b6900f085c7230aebd1aef0138279d64d33d8f84ee6afb30a68739dc,sha256_pickle_protocol_5_fitted_wrapper,6749,443,0.0656393539784,0.245205085362,0.0646185948389,0.141555046768,0.697067682146,3.15512842775,2.84382242287,0.284424379233,-1.09495392965,0.769755895679,0.0541152595533,,5ba9c39fb7a95e02255cc9707656867769dd51ba2afc32a961f00a0dd34fba0f,logistic_l2,DPG,6749,0.0646185948389,2.84382242287,DPG-DP0,DP0,DP0,full,6,True,-0.0126256584508,-0.000678203167734,3,True,-0.0125311675792,-0.000651481391294,False,True,True,-0.0113356271504,-3.47809936608,True,False,True,-0.0132700613425,True,False,True,True,True,True,Mixed,Mixed,exactly_three_both_improved_months,0.00318357218684,0.00331364494838,0.00331364494838,0.061619574976,0.0985077095231,2.03130173062,2.03130173062,-20.1997567947,-7.95499580386,-0.0235255468215,0.02302230307,-0.00318378193856,0.00848738856856,
later,2018-05,2018-05,2018-05-01,logistic_l2,DPS,Promise + seller profiles,full,calibrated,calibrated,none,63102,3a2c7cf7131e9bd4bb5b4f153fa8d9fc4c621e39e39bbd1626a60fe9aeb83b96,b7e9a00da738829a2d21200f3712000581c47366bd7f48f1b3a32351ea8c6329,sha256_pickle_protocol_5_fitted_wrapper,6749,443,0.0656393539784,0.240704657893,0.0611577425357,0.0852713338575,0.570914582765,1.21697810784,1.4670512499,0.146726862302,-0.313257723547,0.92368507371,0.0104393655473,,5ba9c39fb7a95e02255cc9707656867769dd51ba2afc32a961f00a0dd34fba0f,logistic_l2,DPS,6749,0.0611577425357,1.4670512499,DPS-DP0,DP0,DP0,full,6,True,-0.00415653020117,-0.00047411302235,6,True,-0.00388823165404,-0.000390794822282,False,True,True,-0.00754606386358,-3.46107307636,True,False,True,-0.00375374505547,True,True,True,True,True,True,Supported,Supported,both_medians_improve_at_least_four_months_all_guards_pass,-0.00131685528265,-0.000147207354828,-0.000147207354828,0.00533586206512,-0.0276453898577,0.654530557646,0.654530557646,-19.4180605886,-7.80106662583,-0.00457769340253,0.00194266468736,-0.000495638784097,0.000249642469249,
later,2018-05,2018-05,2018-05-01,logistic_l2,DPS,Promise + seller profiles,full,raw,raw,none,63102,3a2c7cf7131e9bd4bb5b4f153fa8d9fc4c621e39e39bbd1626a60fe9aeb83b96,b7e9a00da738829a2d21200f3712000581c47366bd7f48f1b3a32351ea8c6329,sha256_pickle_protocol_5_fitted_wrapper,6749,443,0.0656393539784,0.240704657893,0.0611577425357,0.0852713338575,0.570914582765,1.21697810784,1.4670512499,0.146726862302,-0.313257723547,0.92368507371,0.0104393655473,,5ba9c39fb7a95e02255cc9707656867769dd51ba2afc32a961f00a0dd34fba0f,logistic_l2,DPS,6749,0.0611577425357,1.4670512499,DPS-DP0,DP0,DP0,full,6,True,-0.00415653020117,-0.00047411302235,6,True,-0.00388823165404,-0.000390794822282,False,True,True,-0.00754606386358,-3.46107307636,True,False,True,-0.00375374505547,True,True,True,True,True,True,Supported,Supported,both_medians_improve_at_least_four_months_all_guards_pass,-0.00131685528265,-0.000147207354828,-0.000147207354828,0.00533586206512,-0.0276453898577,0.654530557646,0.654530557646,-19.4180605886,-7.80106662583,-0.00457769340253,0.00194266468736,-0.000495638784097,0.000249642469249,
later,2018-05,2018-05,2018-05-01,xgboost,DP0,Direct promise baseline,full,calibrated,calibrated,none,63102,3a2c7cf7131e9bd4bb5b4f153fa8d9fc4c621e39e39bbd1626a60fe9aeb83b96,f6acfe0a8836588b73e5bd1b7b58528987fdd1c87c31c25417fc813a43da1265,sha256_pickle_protocol_5_fitted_wrapper,6749,443,0.0656393539784,0.242462678616,0.0613630504649,0.0806243690477,0.578596542474,0.856392001817,1.15107098069,0.115124153499,15.71915954,7.32515327461,0.0215311982174,,5ba9c39fb7a95e02255cc9707656867769dd51ba2afc32a961f00a0dd34fba0f,xgboost,DP0,6749,0.0613630504649,1.15107098069,DP0_reference,,,,,,,,,,,,,,,,,,,,,,,,,,,Reference,Reference,,,,,,,,,,,,,,,
later,2018-05,2018-05,2018-05-01,xgboost,DP0,Direct promise baseline,full,raw,raw,none,63102,3a2c7cf7131e9bd4bb5b4f153fa8d9fc4c621e39e39bbd1626a60fe9aeb83b96,f6acfe0a8836588b73e5bd1b7b58528987fdd1c87c31c25417fc813a43da1265,sha256_pickle_protocol_5_fitted_wrapper,6749,443,0.0656393539784,0.242462678616,0.0613630504649,0.0806243690477,0.578596542474,0.856392001817,1.15107098069,0.115124153499,15.71915954,7.32515327461,0.0215311982174,,5ba9c39fb7a95e02255cc9707656867769dd51ba2afc32a961f00a0dd34fba0f,xgboost,DP0,6749,0.0613630504649,1.15107098069,DP0_reference,,,,,,,,,,,,,,,,,,,,,,,,,,,Reference,Reference,,,,,,,,,,,,,,,
later,2018-05,2018-05,2018-05-01,xgboost,DPB,Promise + both profile blocks,full,calibrated,calibrated,none,63102,3a2c7cf7131e9bd4bb5b4f153fa8d9fc4c621e39e39bbd1626a60fe9aeb83b96,f7279a61afdf97e860a43a3d4fe9d19529dc873ad82b702c04185e39e7aea774,sha256_pickle_protocol_5_fitted_wrapper,6749,443,0.0656393539784,0.239674392382,0.0609301226906,0.126299284731,0.662724382311,2.79454232172,2.39242203829,0.23927765237,9.58138315035,5.01388511389,0.0303127507419,,5ba9c39fb7a95e02255cc9707656867769dd51ba2afc32a961f00a0dd34fba0f,xgboost,DPB,6749,0.0609301226906,2.39242203829,DPB-DP0,DP0,DP0,full,6,True,-0.00229967244447,-0.000293696109202,5,True,-0.0021127497292,-0.000266410356161,False,True,True,0.00431574578376,2.43431455748,False,True,True,-0.00345421615059,True,True,True,True,True,False,Mixed,Mixed,required_guard_unavailable_or_failed,-0.00278828623472,-0.000432927774284,-0.000432927774284,0.0456749156829,0.0841278398372,1.2413510576,1.2413510576,-6.13777638969,-2.31126816071,-0.00591159097586,0.000167956238359,-0.000918657522631,1.16630498252e-05,
later,2018-05,2018-05,2018-05-01,xgboost,DPB,Promise + both profile blocks,full,raw,raw,none,63102,3a2c7cf7131e9bd4bb5b4f153fa8d9fc4c621e39e39bbd1626a60fe9aeb83b96,f7279a61afdf97e860a43a3d4fe9d19529dc873ad82b702c04185e39e7aea774,sha256_pickle_protocol_5_fitted_wrapper,6749,443,0.0656393539784,0.239674392382,0.0609301226906,0.126299284731,0.662724382311,2.79454232172,2.39242203829,0.23927765237,9.58138315035,5.01388511389,0.0303127507419,,5ba9c39fb7a95e02255cc9707656867769dd51ba2afc32a961f00a0dd34fba0f,xgboost,DPB,6749,0.0609301226906,2.39242203829,DPB-DP0,DP0,DP0,full,6,True,-0.00229967244447,-0.000293696109202,5,True,-0.0021127497292,-0.000266410356161,False,True,True,0.00431574578376,2.43431455748,False,True,True,-0.00345421615059,True,True,True,True,True,False,Mixed,Mixed,required_guard_unavailable_or_failed,-0.00278828623472,-0.000432927774284,-0.000432927774284,0.0456749156829,0.0841278398372,1.2413510576,1.2413510576,-6.13777638969,-2.31126816071,-0.00591159097586,0.000167956238359,-0.000918657522631,1.16630498252e-05,
later,2018-05,2018-05,2018-05-01,xgboost,DPG,Promise + geographic profiles,full,calibrated,calibrated,none,63102,3a2c7cf7131e9bd4bb5b4f153fa8d9fc4c621e39e39bbd1626a60fe9aeb83b96,6acd2317a934e6d5124f16b9e07c2ae0eadc7cd2998b1564c276beacbfee9dfa,sha256_pickle_protocol_5_fitted_wrapper,6749,443,0.0656393539784,0.240107915949,0.0610073711128,0.121922865519,0.67915575764,2.29873642593,2.166721846,0.216704288939,11.826226137,5.92554752827,0.0351402247671,,5ba9c39fb7a95e02255cc9707656867769dd51ba2afc32a961f00a0dd34fba0f,xgboost,DPG,6749,0.0610073711128,2.166721846,DPG-DP0,DP0,DP0,full,6,True,-0.00197620878246,-0.00026123594082,5,True,-0.00209210496204,-0.000278590971538,False,True,True,0.00361843907148,0.978250023739,False,True,True,-0.00240607535493,False,False,True,True,True,False,Mixed,Mixed,required_guard_unavailable_or_failed,-0.00235476266734,-0.000355679352078,-0.000355679352078,0.041298496471,0.100559215166,1.01565086531,1.01565086531,-3.89293340306,-1.39960574634,-0.004826633991,0.000138789283829,-0.000728014622095,1.49923499775e-05,
later,2018-05,2018-05,2018-05-01,xgboost,DPG,Promise + geographic profiles,full,raw,raw,none,63102,3a2c7cf7131e9bd4bb5b4f153fa8d9fc4c621e39e39bbd1626a60fe9aeb83b96,6acd2317a934e6d5124f16b9e07c2ae0eadc7cd2998b1564c276beacbfee9dfa,sha256_pickle_protocol_5_fitted_wrapper,6749,443,0.0656393539784,0.240107915949,0.0610073711128,0.121922865519,0.67915575764,2.29873642593,2.166721846,0.216704288939,11.826226137,5.92554752827,0.0351402247671,,5ba9c39fb7a95e02255cc9707656867769dd51ba2afc32a961f00a0dd34fba0f,xgboost,DPG,6749,0.0610073711128,2.166721846,DPG-DP0,DP0,DP0,full,6,True,-0.00197620878246,-0.00026123594082,5,True,-0.00209210496204,-0.000278590971538,False,True,True,0.00361843907148,0.978250023739,False,True,True,-0.00240607535493,False,False,True,True,True,False,Mixed,Mixed,required_guard_unavailable_or_failed,-0.00235476266734,-0.000355679352078,-0.000355679352078,0.041298496471,0.100559215166,1.01565086531,1.01565086531,-3.89293340306,-1.39960574634,-0.004826633991,0.000138789283829,-0.000728014622095,1.49923499775e-05,
later,2018-05,2018-05,2018-05-01,xgboost,DPS,Promise + seller profiles,full,calibrated,calibrated,none,63102,3a2c7cf7131e9bd4bb5b4f153fa8d9fc4c621e39e39bbd1626a60fe9aeb83b96,97c56a860b55d7a9fb272a61e1b5061e19ed12cd4deb8ebe7d8a04a8805e1039,sha256_pickle_protocol_5_fitted_wrapper,6749,443,0.0656393539784,0.242859162961,0.0614179198735,0.0697299449614,0.516395041735,0.856392001817,0.677100576875,0.0677200902935,-0.641898463013,0.801880320784,0.017532775303,,5ba9c39fb7a95e02255cc9707656867769dd51ba2afc32a961f00a0dd34fba0f,xgboost,DPS,6749,0.0614179198735,0.677100576875,DPS-DP0,DP0,DP0,full,6,True,-0.000144657998041,-1.96016143433e-05,5,True,-9.00338311444e-05,-1.56794437653e-05,False,True,True,-0.000743503690553,-2.55850693217,True,False,True,-0.000359882171151,True,False,True,True,True,True,Supported,Supported,both_medians_improve_at_least_four_months_all_guards_pass,0.000396484344706,5.48694085748e-05,5.48694085748e-05,-0.0108944240863,-0.0622015007385,-0.473970403812,-0.473970403812,-16.361058003,-6.52327295382,-5.10163956057e-05,0.000908174969636,-7.00395826568e-06,0.000126353220655,
later,2018-05,2018-05,2018-05-01,xgboost,DPS,Promise + seller profiles,full,raw,raw,none,63102,3a2c7cf7131e9bd4bb5b4f153fa8d9fc4c621e39e39bbd1626a60fe9aeb83b96,97c56a860b55d7a9fb272a61e1b5061e19ed12cd4deb8ebe7d8a04a8805e1039,sha256_pickle_protocol_5_fitted_wrapper,6749,443,0.0656393539784,0.242859162961,0.0614179198735,0.0697299449614,0.516395041735,0.856392001817,0.677100576875,0.0677200902935,-0.641898463013,0.801880320784,0.017532775303,,5ba9c39fb7a95e02255cc9707656867769dd51ba2afc32a961f00a0dd34fba0f,xgboost,DPS,6749,0.0614179198735,0.677100576875,DPS-DP0,DP0,DP0,full,6,True,-0.000144657998041,-1.96016143433e-05,5,True,-9.00338311444e-05,-1.56794437653e-05,False,True,True,-0.000743503690553,-2.55850693217,True,False,True,-0.000359882171151,True,False,True,True,True,True,Supported,Supported,both_medians_improve_at_least_four_months_all_guards_pass,0.000396484344706,5.48694085748e-05,5.48694085748e-05,-0.0108944240863,-0.0622015007385,-0.473970403812,-0.473970403812,-16.361058003,-6.52327295382,-5.10163956057e-05,0.000908174969636,-7.00395826568e-06,0.000126353220655,
later,2018-06,2018-06,2018-06-01,logistic_l2,DP0,Direct promise baseline,full,calibrated,calibrated,none,70213,b4b7730fb73b48d8c9ea1119a7fd918eac0ff0054243f3208bac0ffcbe3027d2,dba6c728dea00a062ea3492fa346ad045cc15bb612707f7fee7288136b7b53a5,sha256_pickle_protocol_5_fitted_wrapper,6096,71,0.0116469816273,0.105842971954,0.0153355990236,0.0195490681575,0.57774998539,3.09655968598,1.54827984299,0.154929577465,85.5766387824,35.5430176828,0.0618702530042,,93d1e83d8d3dc0b917f21633c2bfe0cd78c570027229894e2260c262d727c336,logistic_l2,DP0,6096,0.0153355990236,1.54827984299,DP0_reference,,,,,,,,,,,,,,,,,,,,,,,,,,,Reference,Reference,,,,,,,,,,,,,,,
later,2018-06,2018-06,2018-06-01,logistic_l2,DP0,Direct promise baseline,full,raw,raw,none,70213,b4b7730fb73b48d8c9ea1119a7fd918eac0ff0054243f3208bac0ffcbe3027d2,dba6c728dea00a062ea3492fa346ad045cc15bb612707f7fee7288136b7b53a5,sha256_pickle_protocol_5_fitted_wrapper,6096,71,0.0116469816273,0.105842971954,0.0153355990236,0.0195490681575,0.57774998539,3.09655968598,1.54827984299,0.154929577465,85.5766387824,35.5430176828,0.0618702530042,,93d1e83d8d3dc0b917f21633c2bfe0cd78c570027229894e2260c262d727c336,logistic_l2,DP0,6096,0.0153355990236,1.54827984299,DP0_reference,,,,,,,,,,,,,,,,,,,,,,,,,,,Reference,Reference,,,,,,,,,,,,,,,
later,2018-06,2018-06,2018-06-01,logistic_l2,DPB,Promise + both profile blocks,full,calibrated,calibrated,none,70213,b4b7730fb73b48d8c9ea1119a7fd918eac0ff0054243f3208bac0ffcbe3027d2,1542ba17a90d1013616ba6b3db287b43556717f771b0209f9023aa104ef2eaeb,sha256_pickle_protocol_5_fitted_wrapper,6096,71,0.0116469816273,0.0850978492798,0.014404013319,0.0510519748298,0.743961194553,5.06709766798,3.51881782498,0.352112676056,-1.470076319,1.0636288273,0.0426334187857,,93d1e83d8d3dc0b917f21633c2bfe0cd78c570027229894e2260c262d727c336,logistic_l2,DPB,6096,0.014404013319,3.51881782498,DPB-DP0,DP0,DP0,full,6,True,-0.0188355042404,-0.00146902299902,5,True,-0.0178964373712,-0.00140057680524,False,True,True,-0.0166763314017,-3.63404763384,True,False,True,-0.0194931043395,True,False,True,True,True,True,Supported,Supported,both_medians_improve_at_least_four_months_all_guards_pass,-0.0207451226746,-0.000931585704574,-0.000931585704574,0.0315029066723,0.166211209164,1.97053798199,1.97053798199,-87.0467151014,-34.4793888555,-0.0306886130869,-0.0152400365616,-0.00203321319795,-0.000240577281135,
later,2018-06,2018-06,2018-06-01,logistic_l2,DPB,Promise + both profile blocks,full,raw,raw,none,70213,b4b7730fb73b48d8c9ea1119a7fd918eac0ff0054243f3208bac0ffcbe3027d2,1542ba17a90d1013616ba6b3db287b43556717f771b0209f9023aa104ef2eaeb,sha256_pickle_protocol_5_fitted_wrapper,6096,71,0.0116469816273,0.0850978492798,0.014404013319,0.0510519748298,0.743961194553,5.06709766798,3.51881782498,0.352112676056,-1.470076319,1.0636288273,0.0426334187857,,93d1e83d8d3dc0b917f21633c2bfe0cd78c570027229894e2260c262d727c336,logistic_l2,DPB,6096,0.014404013319,3.51881782498,DPB-DP0,DP0,DP0,full,6,True,-0.0188355042404,-0.00146902299902,5,True,-0.0178964373712,-0.00140057680524,False,True,True,-0.0166763314017,-3.63404763384,True,False,True,-0.0194931043395,True,False,True,True,True,True,Supported,Supported,both_medians_improve_at_least_four_months_all_guards_pass,-0.0207451226746,-0.000931585704574,-0.000931585704574,0.0315029066723,0.166211209164,1.97053798199,1.97053798199,-87.0467151014,-34.4793888555,-0.0306886130869,-0.0152400365616,-0.00203321319795,-0.000240577281135,
later,2018-06,2018-06,2018-06-01,logistic_l2,DPG,Promise + geographic profiles,full,calibrated,calibrated,none,70213,b4b7730fb73b48d8c9ea1119a7fd918eac0ff0054243f3208bac0ffcbe3027d2,91b50c1ef01ed77d14e0266d45f10364024991be1edc10ce3d8e2a253a8e1700,sha256_pickle_protocol_5_fitted_wrapper,6096,71,0.0116469816273,0.0943584936353,0.0157865572736,0.0549078942347,0.76501899363,5.06709766798,3.37806511198,0.338028169014,-1.33995576506,1.21873580977,0.0537492455504,,93d1e83d8d3dc0b917f21633c2bfe0cd78c570027229894e2260c262d727c336,logistic_l2,DPG,6096,0.0157865572736,3.37806511198,DPG-DP0,DP0,DP0,full,6,True,-0.0126256584508,-0.000678203167734,3,True,-0.0125311675792,-0.000651481391294,False,True,True,-0.0113356271504,-3.47809936608,True,False,True,-0.0132700613425,True,False,True,True,True,True,Mixed,Mixed,exactly_three_both_improved_months,-0.0114844783192,0.000450958250015,0.000450958250015,0.0353588260772,0.18726900824,1.82978526899,1.82978526899,-86.9165945475,-34.324281873,-0.0229225618387,-0.00458002219753,-0.00111699662816,0.00142383112724,
later,2018-06,2018-06,2018-06-01,logistic_l2,DPG,Promise + geographic profiles,full,raw,raw,none,70213,b4b7730fb73b48d8c9ea1119a7fd918eac0ff0054243f3208bac0ffcbe3027d2,91b50c1ef01ed77d14e0266d45f10364024991be1edc10ce3d8e2a253a8e1700,sha256_pickle_protocol_5_fitted_wrapper,6096,71,0.0116469816273,0.0943584936353,0.0157865572736,0.0549078942347,0.76501899363,5.06709766798,3.37806511198,0.338028169014,-1.33995576506,1.21873580977,0.0537492455504,,93d1e83d8d3dc0b917f21633c2bfe0cd78c570027229894e2260c262d727c336,logistic_l2,DPG,6096,0.0157865572736,3.37806511198,DPG-DP0,DP0,DP0,full,6,True,-0.0126256584508,-0.000678203167734,3,True,-0.0125311675792,-0.000651481391294,False,True,True,-0.0113356271504,-3.47809936608,True,False,True,-0.0132700613425,True,False,True,True,True,True,Mixed,Mixed,exactly_three_both_improved_months,-0.0114844783192,0.000450958250015,0.000450958250015,0.0353588260772,0.18726900824,1.82978526899,1.82978526899,-86.9165945475,-34.324281873,-0.0229225618387,-0.00458002219753,-0.00111699662816,0.00142383112724,
later,2018-06,2018-06,2018-06-01,logistic_l2,DPS,Promise + seller profiles,full,calibrated,calibrated,none,70213,b4b7730fb73b48d8c9ea1119a7fd918eac0ff0054243f3208bac0ffcbe3027d2,4bac0169fa53dda3803eae4f954f7566a15776bbcaf5d4bbf184668e00767c32,sha256_pickle_protocol_5_fitted_wrapper,6096,71,0.0116469816273,0.098489916339,0.0146168031718,0.0106338619086,0.460653380866,1.12602170399,0.844516277996,0.0845070422535,-5.91853599023,-0.542076599491,0.0525797455246,,93d1e83d8d3dc0b917f21633c2bfe0cd78c570027229894e2260c262d727c336,logistic_l2,DPS,6096,0.0146168031718,0.844516277996,DPS-DP0,DP0,DP0,full,6,True,-0.00415653020117,-0.00047411302235,6,True,-0.00388823165404,-0.000390794822282,False,True,True,-0.00754606386358,-3.46107307636,True,False,True,-0.00375374505547,True,True,True,True,True,True,Supported,Supported,both_medians_improve_at_least_four_months_all_guards_pass,-0.00735305561546,-0.0007187958518,-0.0007187958518,-0.00891520624886,-0.117096604523,-0.703763564997,-0.703763564997,-91.4951747727,-36.0850942823,-0.0082589684356,-0.00650166703437,-0.000848996900661,-0.000612684816423,
later,2018-06,2018-06,2018-06-01,logistic_l2,DPS,Promise + seller profiles,full,raw,raw,none,70213,b4b7730fb73b48d8c9ea1119a7fd918eac0ff0054243f3208bac0ffcbe3027d2,4bac0169fa53dda3803eae4f954f7566a15776bbcaf5d4bbf184668e00767c32,sha256_pickle_protocol_5_fitted_wrapper,6096,71,0.0116469816273,0.098489916339,0.0146168031718,0.0106338619086,0.460653380866,1.12602170399,0.844516277996,0.0845070422535,-5.91853599023,-0.542076599491,0.0525797455246,,93d1e83d8d3dc0b917f21633c2bfe0cd78c570027229894e2260c262d727c336,logistic_l2,DPS,6096,0.0146168031718,0.844516277996,DPS-DP0,DP0,DP0,full,6,True,-0.00415653020117,-0.00047411302235,6,True,-0.00388823165404,-0.000390794822282,False,True,True,-0.00754606386358,-3.46107307636,True,False,True,-0.00375374505547,True,True,True,True,True,True,Supported,Supported,both_medians_improve_at_least_four_months_all_guards_pass,-0.00735305561546,-0.0007187958518,-0.0007187958518,-0.00891520624886,-0.117096604523,-0.703763564997,-0.703763564997,-91.4951747727,-36.0850942823,-0.0082589684356,-0.00650166703437,-0.000848996900661,-0.000612684816423,
later,2018-06,2018-06,2018-06-01,xgboost,DP0,Direct promise baseline,full,calibrated,calibrated,none,70213,b4b7730fb73b48d8c9ea1119a7fd918eac0ff0054243f3208bac0ffcbe3027d2,576616a45e4d43f274301c9b0102eaede5e92598d28ef4094ddd919b1580831f,sha256_pickle_protocol_5_fitted_wrapper,6096,71,0.0116469816273,0.105289280775,0.0152636624324,0.0122535866592,0.526025363801,0.844516277996,0.703763564997,0.0704225352113,6.1755464809,4.1777959895,0.0612702118331,,93d1e83d8d3dc0b917f21633c2bfe0cd78c570027229894e2260c262d727c336,xgboost,DP0,6096,0.0152636624324,0.703763564997,DP0_reference,,,,,,,,,,,,,,,,,,,,,,,,,,,Reference,Reference,,,,,,,,,,,,,,,
later,2018-06,2018-06,2018-06-01,xgboost,DP0,Direct promise baseline,full,raw,raw,none,70213,b4b7730fb73b48d8c9ea1119a7fd918eac0ff0054243f3208bac0ffcbe3027d2,576616a45e4d43f274301c9b0102eaede5e92598d28ef4094ddd919b1580831f,sha256_pickle_protocol_5_fitted_wrapper,6096,71,0.0116469816273,0.105289280775,0.0152636624324,0.0122535866592,0.526025363801,0.844516277996,0.703763564997,0.0704225352113,6.1755464809,4.1777959895,0.0612702118331,,93d1e83d8d3dc0b917f21633c2bfe0cd78c570027229894e2260c262d727c336,xgboost,DP0,6096,0.0152636624324,0.703763564997,DP0_reference,,,,,,,,,,,,,,,,,,,,,,,,,,,Reference,Reference,,,,,,,,,,,,,,,
later,2018-06,2018-06,2018-06-01,xgboost,DPB,Promise + both profile blocks,full,calibrated,calibrated,none,70213,b4b7730fb73b48d8c9ea1119a7fd918eac0ff0054243f3208bac0ffcbe3027d2,7a6e5ab62b064d2d77bce9e8abef215460ed7d55cf73ea551dd830ca6175ee2a,sha256_pickle_protocol_5_fitted_wrapper,6096,71,0.0116469816273,0.105083727174,0.0152493466756,0.0341289081381,0.665890947344,3.94107596398,2.81505425999,0.281690140845,16.1451559843,8.19126753007,0.0616694065715,,93d1e83d8d3dc0b917f21633c2bfe0cd78c570027229894e2260c262d727c336,xgboost,DPB,6096,0.0152493466756,2.81505425999,DPB-DP0,DP0,DP0,full,6,True,-0.00229967244447,-0.000293696109202,5,True,-0.0021127497292,-0.000266410356161,False,True,True,0.00431574578376,2.43431455748,False,True,True,-0.00345421615059,True,True,True,True,True,False,Mixed,Mixed,required_guard_unavailable_or_failed,-0.000205553600896,-1.43157567461e-05,-1.43157567461e-05,0.0218753214789,0.139865583543,2.11129069499,2.11129069499,9.96960950339,4.01347154056,-0.000463909881322,0.000172314498514,-5.17089037904e-05,3.50209545515e-05,
later,2018-06,2018-06,2018-06-01,xgboost,DPB,Promise + both profile blocks,full,raw,raw,none,70213,b4b7730fb73b48d8c9ea1119a7fd918eac0ff0054243f3208bac0ffcbe3027d2,7a6e5ab62b064d2d77bce9e8abef215460ed7d55cf73ea551dd830ca6175ee2a,sha256_pickle_protocol_5_fitted_wrapper,6096,71,0.0116469816273,0.105083727174,0.0152493466756,0.0341289081381,0.665890947344,3.94107596398,2.81505425999,0.281690140845,16.1451559843,8.19126753007,0.0616694065715,,93d1e83d8d3dc0b917f21633c2bfe0cd78c570027229894e2260c262d727c336,xgboost,DPB,6096,0.0152493466756,2.81505425999,DPB-DP0,DP0,DP0,full,6,True,-0.00229967244447,-0.000293696109202,5,True,-0.0021127497292,-0.000266410356161,False,True,True,0.00431574578376,2.43431455748,False,True,True,-0.00345421615059,True,True,True,True,True,False,Mixed,Mixed,required_guard_unavailable_or_failed,-0.000205553600896,-1.43157567461e-05,-1.43157567461e-05,0.0218753214789,0.139865583543,2.11129069499,2.11129069499,9.96960950339,4.01347154056,-0.000463909881322,0.000172314498514,-5.17089037904e-05,3.50209545515e-05,
later,2018-06,2018-06,2018-06-01,xgboost,DPG,Promise + geographic profiles,full,calibrated,calibrated,none,70213,b4b7730fb73b48d8c9ea1119a7fd918eac0ff0054243f3208bac0ffcbe3027d2,3aba885566eed5a3ad888875ad60c23bba114ea85bd52d5947ab88d1b372f455,sha256_pickle_protocol_5_fitted_wrapper,6096,71,0.0116469816273,0.103691625877,0.0150587582923,0.0461452638286,0.685840687277,5.63010851997,4.22258138998,0.422535211268,19.8902517506,9.61989268078,0.0602859463274,,93d1e83d8d3dc0b917f21633c2bfe0cd78c570027229894e2260c262d727c336,xgboost,DPG,6096,0.0150587582923,4.22258138998,DPG-DP0,DP0,DP0,full,6,True,-0.00197620878246,-0.00026123594082,5,True,-0.00209210496204,-0.000278590971538,False,True,True,0.00361843907148,0.978250023739,False,True,True,-0.00240607535493,False,False,True,True,True,False,Mixed,Mixed,required_guard_unavailable_or_failed,-0.00159765489757,-0.000204904140027,-0.000204904140027,0.0338916771695,0.159815323476,3.51881782498,3.51881782498,13.7147052697,5.44209669128,-0.00194804339793,-0.00116075566136,-0.000255365195854,-0.000146587660356,
later,2018-06,2018-06,2018-06-01,xgboost,DPG,Promise + geographic profiles,full,raw,raw,none,70213,b4b7730fb73b48d8c9ea1119a7fd918eac0ff0054243f3208bac0ffcbe3027d2,3aba885566eed5a3ad888875ad60c23bba114ea85bd52d5947ab88d1b372f455,sha256_pickle_protocol_5_fitted_wrapper,6096,71,0.0116469816273,0.103691625877,0.0150587582923,0.0461452638286,0.685840687277,5.63010851997,4.22258138998,0.422535211268,19.8902517506,9.61989268078,0.0602859463274,,93d1e83d8d3dc0b917f21633c2bfe0cd78c570027229894e2260c262d727c336,xgboost,DPG,6096,0.0150587582923,4.22258138998,DPG-DP0,DP0,DP0,full,6,True,-0.00197620878246,-0.00026123594082,5,True,-0.00209210496204,-0.000278590971538,False,True,True,0.00361843907148,0.978250023739,False,True,True,-0.00240607535493,False,False,True,True,True,False,Mixed,Mixed,required_guard_unavailable_or_failed,-0.00159765489757,-0.000204904140027,-0.000204904140027,0.0338916771695,0.159815323476,3.51881782498,3.51881782498,13.7147052697,5.44209669128,-0.00194804339793,-0.00116075566136,-0.000255365195854,-0.000146587660356,
later,2018-06,2018-06,2018-06-01,xgboost,DPS,Promise + seller profiles,full,calibrated,calibrated,none,70213,b4b7730fb73b48d8c9ea1119a7fd918eac0ff0054243f3208bac0ffcbe3027d2,54c802feb6b34c504a42b92ab52f2732897f2aaf85e964356c73b2cdc724b41f,sha256_pickle_protocol_5_fitted_wrapper,6096,71,0.0116469816273,0.105210795878,0.0152525728303,0.0111454132155,0.469909414996,0.563010851997,0.563010851997,0.056338028169,-14.6487852214,-4.00730019138,0.0610931528148,,93d1e83d8d3dc0b917f21633c2bfe0cd78c570027229894e2260c262d727c336,xgboost,DPS,6096,0.0152525728303,0.563010851997,DPS-DP0,DP0,DP0,full,6,True,-0.000144657998041,-1.96016143433e-05,5,True,-9.00338311444e-05,-1.56794437653e-05,False,True,True,-0.000743503690553,-2.55850693217,True,False,True,-0.000359882171151,True,False,True,True,True,True,Supported,Supported,both_medians_improve_at_least_four_months_all_guards_pass,-7.84848970169e-05,-1.10896020977e-05,-1.10896020977e-05,-0.00110817344363,-0.0561159488049,-0.140752712999,-0.140752712999,-20.8243317023,-8.18509618089,-0.000363356636476,0.000303519585215,-4.89390196719e-05,3.97178408224e-05,
later,2018-06,2018-06,2018-06-01,xgboost,DPS,Promise + seller profiles,full,raw,raw,none,70213,b4b7730fb73b48d8c9ea1119a7fd918eac0ff0054243f3208bac0ffcbe3027d2,54c802feb6b34c504a42b92ab52f2732897f2aaf85e964356c73b2cdc724b41f,sha256_pickle_protocol_5_fitted_wrapper,6096,71,0.0116469816273,0.105210795878,0.0152525728303,0.0111454132155,0.469909414996,0.563010851997,0.563010851997,0.056338028169,-14.6487852214,-4.00730019138,0.0610931528148,,93d1e83d8d3dc0b917f21633c2bfe0cd78c570027229894e2260c262d727c336,xgboost,DPS,6096,0.0152525728303,0.563010851997,DPS-DP0,DP0,DP0,full,6,True,-0.000144657998041,-1.96016143433e-05,5,True,-9.00338311444e-05,-1.56794437653e-05,False,True,True,-0.000743503690553,-2.55850693217,True,False,True,-0.000359882171151,True,False,True,True,True,True,Supported,Supported,both_medians_improve_at_least_four_months_all_guards_pass,-7.84848970169e-05,-1.10896020977e-05,-1.10896020977e-05,-0.00110817344363,-0.0561159488049,-0.140752712999,-0.140752712999,-20.8243317023,-8.18509618089,-0.000363356636476,0.000303519585215,-4.89390196719e-05,3.97178408224e-05,
terminal,2018-07_to_2018-08,2018-07_to_2018-08,2018-07-01,logistic_l2,DP0,Direct promise baseline,full,calibrated,calibrated,none,77042,e73540474ec6855edce69e653de4308b8698a9f02ea90c2965cda18c17969dab,fee8ab1ae9a244cb0c525f82ee602b68ef6a3c66de53e3ad47589945ae0f511e,sha256_pickle_protocol_5_fitted_wrapper,12507,601,0.0480530902694,0.197124175549,0.0462507925329,0.141620803612,0.725074369304,3.95595466555,3.49333844073,0.349417637271,24.8629008328,11.4376746418,0.0475880898335,,085d47c5390ce26eb4920710912d5fe0bd515a587d209de3cd55af821edb6235,logistic_l2,DP0,12507,0.0462507925329,3.49333844073,DP0_reference,,,,,,,,,,,,,,,,,,,,,,,,,,,Reference,Reference,,,,,,,,,,,,,,,
terminal,2018-07_to_2018-08,2018-07_to_2018-08,2018-07-01,logistic_l2,DP0,Direct promise baseline,full,raw,raw,none,77042,e73540474ec6855edce69e653de4308b8698a9f02ea90c2965cda18c17969dab,fee8ab1ae9a244cb0c525f82ee602b68ef6a3c66de53e3ad47589945ae0f511e,sha256_pickle_protocol_5_fitted_wrapper,12507,601,0.0480530902694,0.197124175549,0.0462507925329,0.141620803612,0.725074369304,3.95595466555,3.49333844073,0.349417637271,24.8629008328,11.4376746418,0.0475880898335,,085d47c5390ce26eb4920710912d5fe0bd515a587d209de3cd55af821edb6235,logistic_l2,DP0,12507,0.0462507925329,3.49333844073,DP0_reference,,,,,,,,,,,,,,,,,,,,,,,,,,,Reference,Reference,,,,,,,,,,,,,,,
terminal,2018-07_to_2018-08,2018-07_to_2018-08,2018-07-01,logistic_l2,DPB,Promise + both profile blocks,full,calibrated,calibrated,none,77042,e73540474ec6855edce69e653de4308b8698a9f02ea90c2965cda18c17969dab,eec7f8ac345c6f37de531c843742bd3932f3ee53b8cbc0c0d410357008699278,sha256_pickle_protocol_5_fitted_wrapper,12507,601,0.0480530902694,0.198263468257,0.0479746880439,0.0716396584706,0.618297294419,2.16081557362,1.74666922036,0.174708818636,-1.66017473031,0.499103717369,0.031055230296,,085d47c5390ce26eb4920710912d5fe0bd515a587d209de3cd55af821edb6235,logistic_l2,DPB,12507,0.0479746880439,1.74666922036,DPB-DP0,DP0,DP0,full,6,True,-0.0188355042404,-0.00146902299902,5,True,-0.0178964373712,-0.00140057680524,False,True,True,-0.0166763314017,-3.63404763384,True,False,True,-0.0194931043395,True,False,True,True,True,True,Supported,Supported,both_medians_improve_at_least_four_months_all_guards_pass,0.001139292708,0.00172389551105,0.00172389551105,-0.0699811451417,-0.106777074885,-1.74666922036,-1.74666922036,-26.5230755631,-10.9385709244,-0.00640403006639,0.00806579490638,0.000770145330694,0.00255756614482,
terminal,2018-07_to_2018-08,2018-07_to_2018-08,2018-07-01,logistic_l2,DPB,Promise + both profile blocks,full,raw,raw,none,77042,e73540474ec6855edce69e653de4308b8698a9f02ea90c2965cda18c17969dab,eec7f8ac345c6f37de531c843742bd3932f3ee53b8cbc0c0d410357008699278,sha256_pickle_protocol_5_fitted_wrapper,12507,601,0.0480530902694,0.198263468257,0.0479746880439,0.0716396584706,0.618297294419,2.16081557362,1.74666922036,0.174708818636,-1.66017473031,0.499103717369,0.031055230296,,085d47c5390ce26eb4920710912d5fe0bd515a587d209de3cd55af821edb6235,logistic_l2,DPB,12507,0.0479746880439,1.74666922036,DPB-DP0,DP0,DP0,full,6,True,-0.0188355042404,-0.00146902299902,5,True,-0.0178964373712,-0.00140057680524,False,True,True,-0.0166763314017,-3.63404763384,True,False,True,-0.0194931043395,True,False,True,True,True,True,Supported,Supported,both_medians_improve_at_least_four_months_all_guards_pass,0.001139292708,0.00172389551105,0.00172389551105,-0.0699811451417,-0.106777074885,-1.74666922036,-1.74666922036,-26.5230755631,-10.9385709244,-0.00640403006639,0.00806579490638,0.000770145330694,0.00255756614482,
terminal,2018-07_to_2018-08,2018-07_to_2018-08,2018-07-01,logistic_l2,DPG,Promise + geographic profiles,full,calibrated,calibrated,none,77042,e73540474ec6855edce69e653de4308b8698a9f02ea90c2965cda18c17969dab,5d387df78245276a64020fb2b4aaf30d27e7c80e6eba1352e3a183644f640f8c,sha256_pickle_protocol_5_fitted_wrapper,12507,601,0.0480530902694,0.205974574836,0.0495735196465,0.064837033395,0.592499887499,1.66216582586,1.56368482585,0.156405990017,-1.97736332813,0.400532298124,0.0370212011345,,085d47c5390ce26eb4920710912d5fe0bd515a587d209de3cd55af821edb6235,logistic_l2,DPG,12507,0.0495735196465,1.56368482585,DPG-DP0,DP0,DP0,full,6,True,-0.0126256584508,-0.000678203167734,3,True,-0.0125311675792,-0.000651481391294,False,True,True,-0.0113356271504,-3.47809936608,True,False,True,-0.0132700613425,True,False,True,True,True,True,Mixed,Mixed,exactly_three_both_improved_months,0.0088503992877,0.00332272711361,0.00332272711361,-0.0767837702173,-0.132574481805,-1.92965361488,-1.92965361488,-26.8402641609,-11.0371423437,0.00109127018423,0.0145725163341,0.00212338007264,0.00427184328834,
terminal,2018-07_to_2018-08,2018-07_to_2018-08,2018-07-01,logistic_l2,DPG,Promise + geographic profiles,full,raw,raw,none,77042,e73540474ec6855edce69e653de4308b8698a9f02ea90c2965cda18c17969dab,5d387df78245276a64020fb2b4aaf30d27e7c80e6eba1352e3a183644f640f8c,sha256_pickle_protocol_5_fitted_wrapper,12507,601,0.0480530902694,0.205974574836,0.0495735196465,0.064837033395,0.592499887499,1.66216582586,1.56368482585,0.156405990017,-1.97736332813,0.400532298124,0.0370212011345,,085d47c5390ce26eb4920710912d5fe0bd515a587d209de3cd55af821edb6235,logistic_l2,DPG,12507,0.0495735196465,1.56368482585,DPG-DP0,DP0,DP0,full,6,True,-0.0126256584508,-0.000678203167734,3,True,-0.0125311675792,-0.000651481391294,False,True,True,-0.0113356271504,-3.47809936608,True,False,True,-0.0132700613425,True,False,True,True,True,True,Mixed,Mixed,exactly_three_both_improved_months,0.0088503992877,0.00332272711361,0.00332272711361,-0.0767837702173,-0.132574481805,-1.92965361488,-1.92965361488,-26.8402641609,-11.0371423437,0.00109127018423,0.0145725163341,0.00212338007264,0.00427184328834,
terminal,2018-07_to_2018-08,2018-07_to_2018-08,2018-07-01,logistic_l2,DPS,Promise + seller profiles,full,calibrated,calibrated,none,77042,e73540474ec6855edce69e653de4308b8698a9f02ea90c2965cda18c17969dab,4063cae413a0818a14a0f21a60b2f39d5b082ce616933652665ae1118d293203,sha256_pickle_protocol_5_fitted_wrapper,12507,601,0.0480530902694,0.19278392195,0.0458496635207,0.0697987206935,0.628878936025,1.56243587631,1.34743054142,0.134775374376,0.372903795193,1.2943405882,0.0223871472989,,085d47c5390ce26eb4920710912d5fe0bd515a587d209de3cd55af821edb6235,logistic_l2,DPS,12507,0.0458496635207,1.34743054142,DPS-DP0,DP0,DP0,full,6,True,-0.00415653020117,-0.00047411302235,6,True,-0.00388823165404,-0.000390794822282,False,True,True,-0.00754606386358,-3.46107307636,True,False,True,-0.00375374505547,True,True,True,True,True,True,Supported,Supported,both_medians_improve_at_least_four_months_all_guards_pass,-0.00434025359825,-0.000401129012156,-0.000401129012156,-0.0718220829188,-0.0961954332789,-2.1459078993,-2.1459078993,-24.4899970376,-10.1433340536,-0.00781868364859,-0.000402374355845,-0.000849340537044,8.56301168911e-05,
terminal,2018-07_to_2018-08,2018-07_to_2018-08,2018-07-01,logistic_l2,DPS,Promise + seller profiles,full,raw,raw,none,77042,e73540474ec6855edce69e653de4308b8698a9f02ea90c2965cda18c17969dab,4063cae413a0818a14a0f21a60b2f39d5b082ce616933652665ae1118d293203,sha256_pickle_protocol_5_fitted_wrapper,12507,601,0.0480530902694,0.19278392195,0.0458496635207,0.0697987206935,0.628878936025,1.56243587631,1.34743054142,0.134775374376,0.372903795193,1.2943405882,0.0223871472989,,085d47c5390ce26eb4920710912d5fe0bd515a587d209de3cd55af821edb6235,logistic_l2,DPS,12507,0.0458496635207,1.34743054142,DPS-DP0,DP0,DP0,full,6,True,-0.00415653020117,-0.00047411302235,6,True,-0.00388823165404,-0.000390794822282,False,True,True,-0.00754606386358,-3.46107307636,True,False,True,-0.00375374505547,True,True,True,True,True,True,Supported,Supported,both_medians_improve_at_least_four_months_all_guards_pass,-0.00434025359825,-0.000401129012156,-0.000401129012156,-0.0718220829188,-0.0961954332789,-2.1459078993,-2.1459078993,-24.4899970376,-10.1433340536,-0.00781868364859,-0.000402374355845,-0.000849340537044,8.56301168911e-05,
terminal,2018-07_to_2018-08,2018-07_to_2018-08,2018-07-01,xgboost,DP0,Direct promise baseline,full,calibrated,calibrated,none,77042,e73540474ec6855edce69e653de4308b8698a9f02ea90c2965cda18c17969dab,0369fd846a86e5b604a24c0304d916951ef795ef50024a387e8ed9feb3704702,sha256_pickle_protocol_5_fitted_wrapper,12507,601,0.0480530902694,0.197558715873,0.0463179732128,0.0611703931816,0.569028451657,0.432163114724,0.715302633102,0.0715474209651,21.6625447549,9.7170148231,0.0414146306232,,085d47c5390ce26eb4920710912d5fe0bd515a587d209de3cd55af821edb6235,xgboost,DP0,12507,0.0463179732128,0.715302633102,DP0_reference,,,,,,,,,,,,,,,,,,,,,,,,,,,Reference,Reference,,,,,,,,,,,,,,,
terminal,2018-07_to_2018-08,2018-07_to_2018-08,2018-07-01,xgboost,DP0,Direct promise baseline,full,raw,raw,none,77042,e73540474ec6855edce69e653de4308b8698a9f02ea90c2965cda18c17969dab,0369fd846a86e5b604a24c0304d916951ef795ef50024a387e8ed9feb3704702,sha256_pickle_protocol_5_fitted_wrapper,12507,601,0.0480530902694,0.197558715873,0.0463179732128,0.0611703931816,0.569028451657,0.432163114724,0.715302633102,0.0715474209651,21.6625447549,9.7170148231,0.0414146306232,,085d47c5390ce26eb4920710912d5fe0bd515a587d209de3cd55af821edb6235,xgboost,DP0,12507,0.0463179732128,0.715302633102,DP0_reference,,,,,,,,,,,,,,,,,,,,,,,,,,,Reference,Reference,,,,,,,,,,,,,,,
terminal,2018-07_to_2018-08,2018-07_to_2018-08,2018-07-01,xgboost,DPB,Promise + both profile blocks,full,calibrated,calibrated,none,77042,e73540474ec6855edce69e653de4308b8698a9f02ea90c2965cda18c17969dab,022f76d6c5c14c3bea27b3be507d8888c7375292ea074e7b27a4c50a476db492,sha256_pickle_protocol_5_fitted_wrapper,12507,601,0.0480530902694,0.197348094275,0.0462904118737,0.0534074745093,0.473872008492,1.59567919283,1.09790636709,0.109816971714,-1.20864116877,0.693202581955,0.02731281988,,085d47c5390ce26eb4920710912d5fe0bd515a587d209de3cd55af821edb6235,xgboost,DPB,12507,0.0462904118737,1.09790636709,DPB-DP0,DP0,DP0,full,6,True,-0.00229967244447,-0.000293696109202,5,True,-0.0021127497292,-0.000266410356161,False,True,True,0.00431574578376,2.43431455748,False,True,True,-0.00345421615059,True,True,True,True,True,False,Mixed,Mixed,required_guard_unavailable_or_failed,-0.000210621598063,-2.75613391056e-05,-2.75613391056e-05,-0.00776291867231,-0.0951564431642,0.382603733985,0.382603733985,-22.8711859237,-9.02381224115,-0.00171479378955,0.0012256332137,-0.000230358764249,0.000163425493944,
terminal,2018-07_to_2018-08,2018-07_to_2018-08,2018-07-01,xgboost,DPB,Promise + both profile blocks,full,raw,raw,none,77042,e73540474ec6855edce69e653de4308b8698a9f02ea90c2965cda18c17969dab,022f76d6c5c14c3bea27b3be507d8888c7375292ea074e7b27a4c50a476db492,sha256_pickle_protocol_5_fitted_wrapper,12507,601,0.0480530902694,0.197348094275,0.0462904118737,0.0534074745093,0.473872008492,1.59567919283,1.09790636709,0.109816971714,-1.20864116877,0.693202581955,0.02731281988,,085d47c5390ce26eb4920710912d5fe0bd515a587d209de3cd55af821edb6235,xgboost,DPB,12507,0.0462904118737,1.09790636709,DPB-DP0,DP0,DP0,full,6,True,-0.00229967244447,-0.000293696109202,5,True,-0.0021127497292,-0.000266410356161,False,True,True,0.00431574578376,2.43431455748,False,True,True,-0.00345421615059,True,True,True,True,True,False,Mixed,Mixed,required_guard_unavailable_or_failed,-0.000210621598063,-2.75613391056e-05,-2.75613391056e-05,-0.00776291867231,-0.0951564431642,0.382603733985,0.382603733985,-22.8711859237,-9.02381224115,-0.00171479378955,0.0012256332137,-0.000230358764249,0.000163425493944,
terminal,2018-07_to_2018-08,2018-07_to_2018-08,2018-07-01,xgboost,DPG,Promise + geographic profiles,full,calibrated,calibrated,none,77042,e73540474ec6855edce69e653de4308b8698a9f02ea90c2965cda18c17969dab,9deff4791e0e75b3b8a4de10e8e73600dcae58e42fe816d64629f1a5c1dc2831,sha256_pickle_protocol_5_fitted_wrapper,12507,601,0.0480530902694,0.197916951892,0.0463670758166,0.0523026066214,0.441218063405,1.66216582586,1.03136658726,0.103161397671,-4.76422326518,-0.695516310562,0.0304471301678,,085d47c5390ce26eb4920710912d5fe0bd515a587d209de3cd55af821edb6235,xgboost,DPG,12507,0.0463670758166,1.03136658726,DPG-DP0,DP0,DP0,full,6,True,-0.00197620878246,-0.00026123594082,5,True,-0.00209210496204,-0.000278590971538,False,True,True,0.00361843907148,0.978250023739,False,True,True,-0.00240607535493,False,False,True,True,True,False,Mixed,Mixed,required_guard_unavailable_or_failed,0.000358236019415,4.91026037959e-05,4.91026037959e-05,-0.00886778656021,-0.127810388252,0.316063954161,0.316063954161,-26.4267680201,-10.4125311337,-0.00078921066919,0.00149889159778,-0.000104804216942,0.000200132847364,
terminal,2018-07_to_2018-08,2018-07_to_2018-08,2018-07-01,xgboost,DPG,Promise + geographic profiles,full,raw,raw,none,77042,e73540474ec6855edce69e653de4308b8698a9f02ea90c2965cda18c17969dab,9deff4791e0e75b3b8a4de10e8e73600dcae58e42fe816d64629f1a5c1dc2831,sha256_pickle_protocol_5_fitted_wrapper,12507,601,0.0480530902694,0.197916951892,0.0463670758166,0.0523026066214,0.441218063405,1.66216582586,1.03136658726,0.103161397671,-4.76422326518,-0.695516310562,0.0304471301678,,085d47c5390ce26eb4920710912d5fe0bd515a587d209de3cd55af821edb6235,xgboost,DPG,12507,0.0463670758166,1.03136658726,DPG-DP0,DP0,DP0,full,6,True,-0.00197620878246,-0.00026123594082,5,True,-0.00209210496204,-0.000278590971538,False,True,True,0.00361843907148,0.978250023739,False,True,True,-0.00240607535493,False,False,True,True,True,False,Mixed,Mixed,required_guard_unavailable_or_failed,0.000358236019415,4.91026037959e-05,4.91026037959e-05,-0.00886778656021,-0.127810388252,0.316063954161,0.316063954161,-26.4267680201,-10.4125311337,-0.00078921066919,0.00149889159778,-0.000104804216942,0.000200132847364,
terminal,2018-07_to_2018-08,2018-07_to_2018-08,2018-07-01,xgboost,DPS,Promise + seller profiles,full,calibrated,calibrated,none,77042,e73540474ec6855edce69e653de4308b8698a9f02ea90c2965cda18c17969dab,1eb5b5c6ba4c7472fd65242a3e52157db43ff33dacf5102283e826bfef2b22dd,sha256_pickle_protocol_5_fitted_wrapper,12507,601,0.0480530902694,0.197594904007,0.0463222241049,0.0534544120739,0.493500040388,2.02784230755,1.26425581664,0.126455906822,0.416780855968,1.33275374832,0.0263794319225,,085d47c5390ce26eb4920710912d5fe0bd515a587d209de3cd55af821edb6235,xgboost,DPS,12507,0.0463222241049,1.26425581664,DPS-DP0,DP0,DP0,full,6,True,-0.000144657998041,-1.96016143433e-05,5,True,-9.00338311444e-05,-1.56794437653e-05,False,True,True,-0.000743503690553,-2.55850693217,True,False,True,-0.000359882171151,True,False,True,True,True,True,Supported,Supported,both_medians_improve_at_least_four_months_all_guards_pass,3.61881343718e-05,4.25089211026e-06,4.25089211026e-06,-0.00771598110766,-0.0755284112682,0.548953183543,0.548953183543,-21.2457638989,-8.38426107479,-0.000671055450533,0.000767856136858,-9.13632928517e-05,0.000103403051893,
terminal,2018-07_to_2018-08,2018-07_to_2018-08,2018-07-01,xgboost,DPS,Promise + seller profiles,full,raw,raw,none,77042,e73540474ec6855edce69e653de4308b8698a9f02ea90c2965cda18c17969dab,1eb5b5c6ba4c7472fd65242a3e52157db43ff33dacf5102283e826bfef2b22dd,sha256_pickle_protocol_5_fitted_wrapper,12507,601,0.0480530902694,0.197594904007,0.0463222241049,0.0534544120739,0.493500040388,2.02784230755,1.26425581664,0.126455906822,0.416780855968,1.33275374832,0.0263794319225,,085d47c5390ce26eb4920710912d5fe0bd515a587d209de3cd55af821edb6235,xgboost,DPS,12507,0.0463222241049,1.26425581664,DPS-DP0,DP0,DP0,full,6,True,-0.000144657998041,-1.96016143433e-05,5,True,-9.00338311444e-05,-1.56794437653e-05,False,True,True,-0.000743503690553,-2.55850693217,True,False,True,-0.000359882171151,True,False,True,True,True,True,Supported,Supported,both_medians_improve_at_least_four_months_all_guards_pass,3.61881343718e-05,4.25089211026e-06,4.25089211026e-06,-0.00771598110766,-0.0755284112682,0.548953183543,0.548953183543,-21.2457638989,-8.38426107479,-0.000671055450533,0.000767856136858,-9.13632928517e-05,0.000103403051893,
