task,stage,model_family,family,specification,model_id,representation,quantile,cohort,origin,fold,n_train,n_evaluation,train_order_id_sha256,evaluation_order_id_sha256,test_order_id_sha256,parameters_json,numeric_features_json,categorical_features_json,ordered_feature_sha256,fitted_model_sha256,model_hash_type,best_iteration,source_model_frame_sha256,direct_config_sha256
breach,development_calibration_oof,logistic_l2,logistic_l2,DP0,DP0,full,,development_fold_1,2017-07-01,1,7904,6695,7836169560cf97ecc0364b862f32202640c5159d88f65c8e4152e5724792a6d8,d09128ed98505e62a36afab6ba0be1771d8f9f810e8cd4d77cb32230893faeb6,d09128ed98505e62a36afab6ba0be1771d8f9f810e8cd4d77cb32230893faeb6,"{""C"":10.0,""class_weight"":null,""max_iter"":1000,""penalty"":""l2"",""random_state"":20260823,""solver"":""liblinear""}","[""promised_delivery_days""]",[],66cc2d77e943d8c86206486126228139bfcf2b8dceb79a4918c6983dc0187373,bd9c89183dc404a26b6d982fade3def65949856481a18a06d7d158d90a50b0d5,sha256_pickle_protocol_5_fitted_wrapper,,a6d4ea5e457fb16115588bf96c200086a69b750e8b7b7ece1538846a303a71f3,b187add9d353488cbebc63ca4c13b0952335beab4347499cee5aecdb82fe6401
breach,development_calibration_oof,logistic_l2,logistic_l2,DPB,DPB,full,,development_fold_1,2017-07-01,1,7904,6695,7836169560cf97ecc0364b862f32202640c5159d88f65c8e4152e5724792a6d8,d09128ed98505e62a36afab6ba0be1771d8f9f810e8cd4d77cb32230893faeb6,d09128ed98505e62a36afab6ba0be1771d8f9f810e8cd4d77cb32230893faeb6,"{""C"":10.0,""class_weight"":null,""max_iter"":1000,""penalty"":""l2"",""random_state"":20260823,""solver"":""liblinear""}","[""promised_delivery_days"",""S1_score"",""S1_log1p_support"",""S1_cold_start"",""S1_posterior_se"",""S1_freshness_days"",""S2_score"",""S2_log1p_support"",""S2_cold_start"",""S2_posterior_se"",""S2_freshness_days"",""R1_score"",""R1_log1p_support"",""R1_cold_start"",""R1_posterior_se"",""R1_freshness_days"",""R2_score"",""R2_log1p_support"",""R2_cold_start"",""R2_posterior_se"",""R2_freshness_days""]",[],a0454aa702bc9350c7e026aecaf277c55a2b1f3ba8cdb7fc41bd7869195f33b0,3083187f72fe8efad6237c9a3a5d2ea526975abeabb5b7ce5573bfdb4caf7125,sha256_pickle_protocol_5_fitted_wrapper,,a6d4ea5e457fb16115588bf96c200086a69b750e8b7b7ece1538846a303a71f3,b187add9d353488cbebc63ca4c13b0952335beab4347499cee5aecdb82fe6401
breach,development_calibration_oof,logistic_l2,logistic_l2,DPG,DPG,full,,development_fold_1,2017-07-01,1,7904,6695,7836169560cf97ecc0364b862f32202640c5159d88f65c8e4152e5724792a6d8,d09128ed98505e62a36afab6ba0be1771d8f9f810e8cd4d77cb32230893faeb6,d09128ed98505e62a36afab6ba0be1771d8f9f810e8cd4d77cb32230893faeb6,"{""C"":10.0,""class_weight"":null,""max_iter"":1000,""penalty"":""l2"",""random_state"":20260823,""solver"":""liblinear""}","[""promised_delivery_days"",""R1_score"",""R1_log1p_support"",""R1_cold_start"",""R1_posterior_se"",""R1_freshness_days"",""R2_score"",""R2_log1p_support"",""R2_cold_start"",""R2_posterior_se"",""R2_freshness_days""]",[],55592a9c7809091ef26b0d7746c6992457e035aec9ee88f8469c73ec59a57b49,97b0ab6f89aebd4a9ecfd0fdc3acb5b7d9cd678a27866395a04282bfb6e0a229,sha256_pickle_protocol_5_fitted_wrapper,,a6d4ea5e457fb16115588bf96c200086a69b750e8b7b7ece1538846a303a71f3,b187add9d353488cbebc63ca4c13b0952335beab4347499cee5aecdb82fe6401
breach,development_calibration_oof,logistic_l2,logistic_l2,DPS,DPS,full,,development_fold_1,2017-07-01,1,7904,6695,7836169560cf97ecc0364b862f32202640c5159d88f65c8e4152e5724792a6d8,d09128ed98505e62a36afab6ba0be1771d8f9f810e8cd4d77cb32230893faeb6,d09128ed98505e62a36afab6ba0be1771d8f9f810e8cd4d77cb32230893faeb6,"{""C"":10.0,""class_weight"":null,""max_iter"":1000,""penalty"":""l2"",""random_state"":20260823,""solver"":""liblinear""}","[""promised_delivery_days"",""S1_score"",""S1_log1p_support"",""S1_cold_start"",""S1_posterior_se"",""S1_freshness_days"",""S2_score"",""S2_log1p_support"",""S2_cold_start"",""S2_posterior_se"",""S2_freshness_days""]",[],94151faa7df685010a340beef27998ed0590545d3c929a0e725a31e63da5100f,324c5113b1400c812bfd4318b56201d72680c347fa57d9a4deaff7559a1dcd84,sha256_pickle_protocol_5_fitted_wrapper,,a6d4ea5e457fb16115588bf96c200086a69b750e8b7b7ece1538846a303a71f3,b187add9d353488cbebc63ca4c13b0952335beab4347499cee5aecdb82fe6401
breach,development_calibration_oof,xgboost,xgboost,DP0,DP0,full,,development_fold_1,2017-07-01,1,7904,6695,7836169560cf97ecc0364b862f32202640c5159d88f65c8e4152e5724792a6d8,d09128ed98505e62a36afab6ba0be1771d8f9f810e8cd4d77cb32230893faeb6,d09128ed98505e62a36afab6ba0be1771d8f9f810e8cd4d77cb32230893faeb6,"{""colsample_bytree"":0.8,""eval_metric"":""logloss"",""learning_rate"":0.03,""max_depth"":3,""min_child_weight"":5.0,""n_estimators"":4,""n_jobs"":4,""objective"":""binary:logistic"",""random_state"":20260823,""reg_alpha"":0.0,""reg_lambda"":1.0,""subsample"":0.8,""tree_method"":""hist""}","[""promised_delivery_days""]",[],66cc2d77e943d8c86206486126228139bfcf2b8dceb79a4918c6983dc0187373,645b29bed5c851de4e0c4e4ccc6133cf97a274908350aa07b22a58dbfa13922f,sha256_pickle_protocol_5_fitted_wrapper,,a6d4ea5e457fb16115588bf96c200086a69b750e8b7b7ece1538846a303a71f3,b187add9d353488cbebc63ca4c13b0952335beab4347499cee5aecdb82fe6401
breach,development_calibration_oof,xgboost,xgboost,DPB,DPB,full,,development_fold_1,2017-07-01,1,7904,6695,7836169560cf97ecc0364b862f32202640c5159d88f65c8e4152e5724792a6d8,d09128ed98505e62a36afab6ba0be1771d8f9f810e8cd4d77cb32230893faeb6,d09128ed98505e62a36afab6ba0be1771d8f9f810e8cd4d77cb32230893faeb6,"{""colsample_bytree"":0.8,""eval_metric"":""logloss"",""learning_rate"":0.03,""max_depth"":3,""min_child_weight"":5.0,""n_estimators"":4,""n_jobs"":4,""objective"":""binary:logistic"",""random_state"":20260823,""reg_alpha"":0.0,""reg_lambda"":1.0,""subsample"":0.8,""tree_method"":""hist""}","[""promised_delivery_days"",""S1_score"",""S1_log1p_support"",""S1_cold_start"",""S1_posterior_se"",""S1_freshness_days"",""S2_score"",""S2_log1p_support"",""S2_cold_start"",""S2_posterior_se"",""S2_freshness_days"",""R1_score"",""R1_log1p_support"",""R1_cold_start"",""R1_posterior_se"",""R1_freshness_days"",""R2_score"",""R2_log1p_support"",""R2_cold_start"",""R2_posterior_se"",""R2_freshness_days""]",[],a0454aa702bc9350c7e026aecaf277c55a2b1f3ba8cdb7fc41bd7869195f33b0,aa38280936ab19260e0d468efd7060fc91b3046a49d01411e99513d03f839128,sha256_pickle_protocol_5_fitted_wrapper,,a6d4ea5e457fb16115588bf96c200086a69b750e8b7b7ece1538846a303a71f3,b187add9d353488cbebc63ca4c13b0952335beab4347499cee5aecdb82fe6401
breach,development_calibration_oof,xgboost,xgboost,DPG,DPG,full,,development_fold_1,2017-07-01,1,7904,6695,7836169560cf97ecc0364b862f32202640c5159d88f65c8e4152e5724792a6d8,d09128ed98505e62a36afab6ba0be1771d8f9f810e8cd4d77cb32230893faeb6,d09128ed98505e62a36afab6ba0be1771d8f9f810e8cd4d77cb32230893faeb6,"{""colsample_bytree"":0.8,""eval_metric"":""logloss"",""learning_rate"":0.03,""max_depth"":3,""min_child_weight"":5.0,""n_estimators"":4,""n_jobs"":4,""objective"":""binary:logistic"",""random_state"":20260823,""reg_alpha"":0.0,""reg_lambda"":1.0,""subsample"":0.8,""tree_method"":""hist""}","[""promised_delivery_days"",""R1_score"",""R1_log1p_support"",""R1_cold_start"",""R1_posterior_se"",""R1_freshness_days"",""R2_score"",""R2_log1p_support"",""R2_cold_start"",""R2_posterior_se"",""R2_freshness_days""]",[],55592a9c7809091ef26b0d7746c6992457e035aec9ee88f8469c73ec59a57b49,491b1d7754a9cf4b47ed32bf065f5f0d6e5080114c1448b1b1cbabac7188b90d,sha256_pickle_protocol_5_fitted_wrapper,,a6d4ea5e457fb16115588bf96c200086a69b750e8b7b7ece1538846a303a71f3,b187add9d353488cbebc63ca4c13b0952335beab4347499cee5aecdb82fe6401
breach,development_calibration_oof,xgboost,xgboost,DPS,DPS,full,,development_fold_1,2017-07-01,1,7904,6695,7836169560cf97ecc0364b862f32202640c5159d88f65c8e4152e5724792a6d8,d09128ed98505e62a36afab6ba0be1771d8f9f810e8cd4d77cb32230893faeb6,d09128ed98505e62a36afab6ba0be1771d8f9f810e8cd4d77cb32230893faeb6,"{""colsample_bytree"":0.8,""eval_metric"":""logloss"",""learning_rate"":0.03,""max_depth"":3,""min_child_weight"":5.0,""n_estimators"":4,""n_jobs"":4,""objective"":""binary:logistic"",""random_state"":20260823,""reg_alpha"":0.0,""reg_lambda"":1.0,""subsample"":0.8,""tree_method"":""hist""}","[""promised_delivery_days"",""S1_score"",""S1_log1p_support"",""S1_cold_start"",""S1_posterior_se"",""S1_freshness_days"",""S2_score"",""S2_log1p_support"",""S2_cold_start"",""S2_posterior_se"",""S2_freshness_days""]",[],94151faa7df685010a340beef27998ed0590545d3c929a0e725a31e63da5100f,a2bcb1aac22d4527893ccf2be9e88558d4c6b9670771019d24aefc1569328f75,sha256_pickle_protocol_5_fitted_wrapper,,a6d4ea5e457fb16115588bf96c200086a69b750e8b7b7ece1538846a303a71f3,b187add9d353488cbebc63ca4c13b0952335beab4347499cee5aecdb82fe6401
breach,development_calibration_oof,logistic_l2,logistic_l2,DP0,DP0,full,,development_fold_2,2017-09-01,2,15659,7062,7a815cb278e9123fd713e5c94e3ee08ad4602f7416e1c478f119b0e7621bdf6f,67c5b1ae5810ebeb89141c8c652aea51e30b40d843c2f57acdc8f2ad51610428,67c5b1ae5810ebeb89141c8c652aea51e30b40d843c2f57acdc8f2ad51610428,"{""C"":10.0,""class_weight"":null,""max_iter"":1000,""penalty"":""l2"",""random_state"":20260823,""solver"":""liblinear""}","[""promised_delivery_days""]",[],66cc2d77e943d8c86206486126228139bfcf2b8dceb79a4918c6983dc0187373,03396e9191acc74b4265b144544a7b172971d3616cc94b6181c5407537e2474e,sha256_pickle_protocol_5_fitted_wrapper,,a6d4ea5e457fb16115588bf96c200086a69b750e8b7b7ece1538846a303a71f3,b187add9d353488cbebc63ca4c13b0952335beab4347499cee5aecdb82fe6401
breach,development_calibration_oof,logistic_l2,logistic_l2,DPB,DPB,full,,development_fold_2,2017-09-01,2,15659,7062,7a815cb278e9123fd713e5c94e3ee08ad4602f7416e1c478f119b0e7621bdf6f,67c5b1ae5810ebeb89141c8c652aea51e30b40d843c2f57acdc8f2ad51610428,67c5b1ae5810ebeb89141c8c652aea51e30b40d843c2f57acdc8f2ad51610428,"{""C"":10.0,""class_weight"":null,""max_iter"":1000,""penalty"":""l2"",""random_state"":20260823,""solver"":""liblinear""}","[""promised_delivery_days"",""S1_score"",""S1_log1p_support"",""S1_cold_start"",""S1_posterior_se"",""S1_freshness_days"",""S2_score"",""S2_log1p_support"",""S2_cold_start"",""S2_posterior_se"",""S2_freshness_days"",""R1_score"",""R1_log1p_support"",""R1_cold_start"",""R1_posterior_se"",""R1_freshness_days"",""R2_score"",""R2_log1p_support"",""R2_cold_start"",""R2_posterior_se"",""R2_freshness_days""]",[],a0454aa702bc9350c7e026aecaf277c55a2b1f3ba8cdb7fc41bd7869195f33b0,4d2ee30559fa70fb5c73561f9319092393d9a40bbf5a1c99c578c0c8319ed5e5,sha256_pickle_protocol_5_fitted_wrapper,,a6d4ea5e457fb16115588bf96c200086a69b750e8b7b7ece1538846a303a71f3,b187add9d353488cbebc63ca4c13b0952335beab4347499cee5aecdb82fe6401
breach,development_calibration_oof,logistic_l2,logistic_l2,DPG,DPG,full,,development_fold_2,2017-09-01,2,15659,7062,7a815cb278e9123fd713e5c94e3ee08ad4602f7416e1c478f119b0e7621bdf6f,67c5b1ae5810ebeb89141c8c652aea51e30b40d843c2f57acdc8f2ad51610428,67c5b1ae5810ebeb89141c8c652aea51e30b40d843c2f57acdc8f2ad51610428,"{""C"":10.0,""class_weight"":null,""max_iter"":1000,""penalty"":""l2"",""random_state"":20260823,""solver"":""liblinear""}","[""promised_delivery_days"",""R1_score"",""R1_log1p_support"",""R1_cold_start"",""R1_posterior_se"",""R1_freshness_days"",""R2_score"",""R2_log1p_support"",""R2_cold_start"",""R2_posterior_se"",""R2_freshness_days""]",[],55592a9c7809091ef26b0d7746c6992457e035aec9ee88f8469c73ec59a57b49,1b93f09d35bae53aa97d8f904699657e3776a0795009e30038e3a0a2398010eb,sha256_pickle_protocol_5_fitted_wrapper,,a6d4ea5e457fb16115588bf96c200086a69b750e8b7b7ece1538846a303a71f3,b187add9d353488cbebc63ca4c13b0952335beab4347499cee5aecdb82fe6401
breach,development_calibration_oof,logistic_l2,logistic_l2,DPS,DPS,full,,development_fold_2,2017-09-01,2,15659,7062,7a815cb278e9123fd713e5c94e3ee08ad4602f7416e1c478f119b0e7621bdf6f,67c5b1ae5810ebeb89141c8c652aea51e30b40d843c2f57acdc8f2ad51610428,67c5b1ae5810ebeb89141c8c652aea51e30b40d843c2f57acdc8f2ad51610428,"{""C"":10.0,""class_weight"":null,""max_iter"":1000,""penalty"":""l2"",""random_state"":20260823,""solver"":""liblinear""}","[""promised_delivery_days"",""S1_score"",""S1_log1p_support"",""S1_cold_start"",""S1_posterior_se"",""S1_freshness_days"",""S2_score"",""S2_log1p_support"",""S2_cold_start"",""S2_posterior_se"",""S2_freshness_days""]",[],94151faa7df685010a340beef27998ed0590545d3c929a0e725a31e63da5100f,9606a1e19a6d0fb5dff519114041437c75a2b8a991b6be76cf5e2365d72414b1,sha256_pickle_protocol_5_fitted_wrapper,,a6d4ea5e457fb16115588bf96c200086a69b750e8b7b7ece1538846a303a71f3,b187add9d353488cbebc63ca4c13b0952335beab4347499cee5aecdb82fe6401
breach,development_calibration_oof,xgboost,xgboost,DP0,DP0,full,,development_fold_2,2017-09-01,2,15659,7062,7a815cb278e9123fd713e5c94e3ee08ad4602f7416e1c478f119b0e7621bdf6f,67c5b1ae5810ebeb89141c8c652aea51e30b40d843c2f57acdc8f2ad51610428,67c5b1ae5810ebeb89141c8c652aea51e30b40d843c2f57acdc8f2ad51610428,"{""colsample_bytree"":0.8,""eval_metric"":""logloss"",""learning_rate"":0.03,""max_depth"":3,""min_child_weight"":5.0,""n_estimators"":4,""n_jobs"":4,""objective"":""binary:logistic"",""random_state"":20260823,""reg_alpha"":0.0,""reg_lambda"":1.0,""subsample"":0.8,""tree_method"":""hist""}","[""promised_delivery_days""]",[],66cc2d77e943d8c86206486126228139bfcf2b8dceb79a4918c6983dc0187373,118f68a9c9741b85fabff01c590a6dd0136871bc3d73fc3c3e7eef45ac0b7f7e,sha256_pickle_protocol_5_fitted_wrapper,,a6d4ea5e457fb16115588bf96c200086a69b750e8b7b7ece1538846a303a71f3,b187add9d353488cbebc63ca4c13b0952335beab4347499cee5aecdb82fe6401
breach,development_calibration_oof,xgboost,xgboost,DPB,DPB,full,,development_fold_2,2017-09-01,2,15659,7062,7a815cb278e9123fd713e5c94e3ee08ad4602f7416e1c478f119b0e7621bdf6f,67c5b1ae5810ebeb89141c8c652aea51e30b40d843c2f57acdc8f2ad51610428,67c5b1ae5810ebeb89141c8c652aea51e30b40d843c2f57acdc8f2ad51610428,"{""colsample_bytree"":0.8,""eval_metric"":""logloss"",""learning_rate"":0.03,""max_depth"":3,""min_child_weight"":5.0,""n_estimators"":4,""n_jobs"":4,""objective"":""binary:logistic"",""random_state"":20260823,""reg_alpha"":0.0,""reg_lambda"":1.0,""subsample"":0.8,""tree_method"":""hist""}","[""promised_delivery_days"",""S1_score"",""S1_log1p_support"",""S1_cold_start"",""S1_posterior_se"",""S1_freshness_days"",""S2_score"",""S2_log1p_support"",""S2_cold_start"",""S2_posterior_se"",""S2_freshness_days"",""R1_score"",""R1_log1p_support"",""R1_cold_start"",""R1_posterior_se"",""R1_freshness_days"",""R2_score"",""R2_log1p_support"",""R2_cold_start"",""R2_posterior_se"",""R2_freshness_days""]",[],a0454aa702bc9350c7e026aecaf277c55a2b1f3ba8cdb7fc41bd7869195f33b0,21ea0fe5533a7a9b1a32e42a22383c8fc71c74c0b27a563345d65075530ea75e,sha256_pickle_protocol_5_fitted_wrapper,,a6d4ea5e457fb16115588bf96c200086a69b750e8b7b7ece1538846a303a71f3,b187add9d353488cbebc63ca4c13b0952335beab4347499cee5aecdb82fe6401
breach,development_calibration_oof,xgboost,xgboost,DPG,DPG,full,,development_fold_2,2017-09-01,2,15659,7062,7a815cb278e9123fd713e5c94e3ee08ad4602f7416e1c478f119b0e7621bdf6f,67c5b1ae5810ebeb89141c8c652aea51e30b40d843c2f57acdc8f2ad51610428,67c5b1ae5810ebeb89141c8c652aea51e30b40d843c2f57acdc8f2ad51610428,"{""colsample_bytree"":0.8,""eval_metric"":""logloss"",""learning_rate"":0.03,""max_depth"":3,""min_child_weight"":5.0,""n_estimators"":4,""n_jobs"":4,""objective"":""binary:logistic"",""random_state"":20260823,""reg_alpha"":0.0,""reg_lambda"":1.0,""subsample"":0.8,""tree_method"":""hist""}","[""promised_delivery_days"",""R1_score"",""R1_log1p_support"",""R1_cold_start"",""R1_posterior_se"",""R1_freshness_days"",""R2_score"",""R2_log1p_support"",""R2_cold_start"",""R2_posterior_se"",""R2_freshness_days""]",[],55592a9c7809091ef26b0d7746c6992457e035aec9ee88f8469c73ec59a57b49,e76137a6785ba8105579c910fd770d1b65173adaa9cce7ace481f595075fc14c,sha256_pickle_protocol_5_fitted_wrapper,,a6d4ea5e457fb16115588bf96c200086a69b750e8b7b7ece1538846a303a71f3,b187add9d353488cbebc63ca4c13b0952335beab4347499cee5aecdb82fe6401
breach,development_calibration_oof,xgboost,xgboost,DPS,DPS,full,,development_fold_2,2017-09-01,2,15659,7062,7a815cb278e9123fd713e5c94e3ee08ad4602f7416e1c478f119b0e7621bdf6f,67c5b1ae5810ebeb89141c8c652aea51e30b40d843c2f57acdc8f2ad51610428,67c5b1ae5810ebeb89141c8c652aea51e30b40d843c2f57acdc8f2ad51610428,"{""colsample_bytree"":0.8,""eval_metric"":""logloss"",""learning_rate"":0.03,""max_depth"":3,""min_child_weight"":5.0,""n_estimators"":4,""n_jobs"":4,""objective"":""binary:logistic"",""random_state"":20260823,""reg_alpha"":0.0,""reg_lambda"":1.0,""subsample"":0.8,""tree_method"":""hist""}","[""promised_delivery_days"",""S1_score"",""S1_log1p_support"",""S1_cold_start"",""S1_posterior_se"",""S1_freshness_days"",""S2_score"",""S2_log1p_support"",""S2_cold_start"",""S2_posterior_se"",""S2_freshness_days""]",[],94151faa7df685010a340beef27998ed0590545d3c929a0e725a31e63da5100f,7db9f85409c3ba9f1ed7318d60e41060c73114f6141bdba794bd4922cfb0364c,sha256_pickle_protocol_5_fitted_wrapper,,a6d4ea5e457fb16115588bf96c200086a69b750e8b7b7ece1538846a303a71f3,b187add9d353488cbebc63ca4c13b0952335beab4347499cee5aecdb82fe6401
breach,development_calibration_oof,logistic_l2,logistic_l2,DP0,DP0,full,,development_fold_3,2017-11-01,3,24106,10309,e3bfae30130dce93f2dedc1476ea0ccd107cd5fd6d4b61c550fdd0ba849e09ba,c66863b27c980f56b785b4a84b195fbe26e00ea2226e44282f6883af52bffc26,c66863b27c980f56b785b4a84b195fbe26e00ea2226e44282f6883af52bffc26,"{""C"":10.0,""class_weight"":null,""max_iter"":1000,""penalty"":""l2"",""random_state"":20260823,""solver"":""liblinear""}","[""promised_delivery_days""]",[],66cc2d77e943d8c86206486126228139bfcf2b8dceb79a4918c6983dc0187373,fa3c6275aa1f9e9d8e91ac9e21703b201dd36941f4e0391e1c6203d789a68d7c,sha256_pickle_protocol_5_fitted_wrapper,,a6d4ea5e457fb16115588bf96c200086a69b750e8b7b7ece1538846a303a71f3,b187add9d353488cbebc63ca4c13b0952335beab4347499cee5aecdb82fe6401
breach,development_calibration_oof,logistic_l2,logistic_l2,DPB,DPB,full,,development_fold_3,2017-11-01,3,24106,10309,e3bfae30130dce93f2dedc1476ea0ccd107cd5fd6d4b61c550fdd0ba849e09ba,c66863b27c980f56b785b4a84b195fbe26e00ea2226e44282f6883af52bffc26,c66863b27c980f56b785b4a84b195fbe26e00ea2226e44282f6883af52bffc26,"{""C"":10.0,""class_weight"":null,""max_iter"":1000,""penalty"":""l2"",""random_state"":20260823,""solver"":""liblinear""}","[""promised_delivery_days"",""S1_score"",""S1_log1p_support"",""S1_cold_start"",""S1_posterior_se"",""S1_freshness_days"",""S2_score"",""S2_log1p_support"",""S2_cold_start"",""S2_posterior_se"",""S2_freshness_days"",""R1_score"",""R1_log1p_support"",""R1_cold_start"",""R1_posterior_se"",""R1_freshness_days"",""R2_score"",""R2_log1p_support"",""R2_cold_start"",""R2_posterior_se"",""R2_freshness_days""]",[],a0454aa702bc9350c7e026aecaf277c55a2b1f3ba8cdb7fc41bd7869195f33b0,b8a2559b268559106661e518beab8cb6fba55c2334c0bd50e9a4dceed6603c63,sha256_pickle_protocol_5_fitted_wrapper,,a6d4ea5e457fb16115588bf96c200086a69b750e8b7b7ece1538846a303a71f3,b187add9d353488cbebc63ca4c13b0952335beab4347499cee5aecdb82fe6401
breach,development_calibration_oof,logistic_l2,logistic_l2,DPG,DPG,full,,development_fold_3,2017-11-01,3,24106,10309,e3bfae30130dce93f2dedc1476ea0ccd107cd5fd6d4b61c550fdd0ba849e09ba,c66863b27c980f56b785b4a84b195fbe26e00ea2226e44282f6883af52bffc26,c66863b27c980f56b785b4a84b195fbe26e00ea2226e44282f6883af52bffc26,"{""C"":10.0,""class_weight"":null,""max_iter"":1000,""penalty"":""l2"",""random_state"":20260823,""solver"":""liblinear""}","[""promised_delivery_days"",""R1_score"",""R1_log1p_support"",""R1_cold_start"",""R1_posterior_se"",""R1_freshness_days"",""R2_score"",""R2_log1p_support"",""R2_cold_start"",""R2_posterior_se"",""R2_freshness_days""]",[],55592a9c7809091ef26b0d7746c6992457e035aec9ee88f8469c73ec59a57b49,67771a9698704b69cf66004132473f33ede4b1f168593175d20b955e33cecf02,sha256_pickle_protocol_5_fitted_wrapper,,a6d4ea5e457fb16115588bf96c200086a69b750e8b7b7ece1538846a303a71f3,b187add9d353488cbebc63ca4c13b0952335beab4347499cee5aecdb82fe6401
breach,development_calibration_oof,logistic_l2,logistic_l2,DPS,DPS,full,,development_fold_3,2017-11-01,3,24106,10309,e3bfae30130dce93f2dedc1476ea0ccd107cd5fd6d4b61c550fdd0ba849e09ba,c66863b27c980f56b785b4a84b195fbe26e00ea2226e44282f6883af52bffc26,c66863b27c980f56b785b4a84b195fbe26e00ea2226e44282f6883af52bffc26,"{""C"":10.0,""class_weight"":null,""max_iter"":1000,""penalty"":""l2"",""random_state"":20260823,""solver"":""liblinear""}","[""promised_delivery_days"",""S1_score"",""S1_log1p_support"",""S1_cold_start"",""S1_posterior_se"",""S1_freshness_days"",""S2_score"",""S2_log1p_support"",""S2_cold_start"",""S2_posterior_se"",""S2_freshness_days""]",[],94151faa7df685010a340beef27998ed0590545d3c929a0e725a31e63da5100f,99a34edaa0d8deddcaa8fe18d6d3c2c0e4433cb784deb60350fd628a88cf0eee,sha256_pickle_protocol_5_fitted_wrapper,,a6d4ea5e457fb16115588bf96c200086a69b750e8b7b7ece1538846a303a71f3,b187add9d353488cbebc63ca4c13b0952335beab4347499cee5aecdb82fe6401
breach,development_calibration_oof,xgboost,xgboost,DP0,DP0,full,,development_fold_3,2017-11-01,3,24106,10309,e3bfae30130dce93f2dedc1476ea0ccd107cd5fd6d4b61c550fdd0ba849e09ba,c66863b27c980f56b785b4a84b195fbe26e00ea2226e44282f6883af52bffc26,c66863b27c980f56b785b4a84b195fbe26e00ea2226e44282f6883af52bffc26,"{""colsample_bytree"":0.8,""eval_metric"":""logloss"",""learning_rate"":0.03,""max_depth"":3,""min_child_weight"":5.0,""n_estimators"":4,""n_jobs"":4,""objective"":""binary:logistic"",""random_state"":20260823,""reg_alpha"":0.0,""reg_lambda"":1.0,""subsample"":0.8,""tree_method"":""hist""}","[""promised_delivery_days""]",[],66cc2d77e943d8c86206486126228139bfcf2b8dceb79a4918c6983dc0187373,8fab1bcc069615c21a60a7a5841a2ce490d7e00f4529707aa70de5af77235f70,sha256_pickle_protocol_5_fitted_wrapper,,a6d4ea5e457fb16115588bf96c200086a69b750e8b7b7ece1538846a303a71f3,b187add9d353488cbebc63ca4c13b0952335beab4347499cee5aecdb82fe6401
breach,development_calibration_oof,xgboost,xgboost,DPB,DPB,full,,development_fold_3,2017-11-01,3,24106,10309,e3bfae30130dce93f2dedc1476ea0ccd107cd5fd6d4b61c550fdd0ba849e09ba,c66863b27c980f56b785b4a84b195fbe26e00ea2226e44282f6883af52bffc26,c66863b27c980f56b785b4a84b195fbe26e00ea2226e44282f6883af52bffc26,"{""colsample_bytree"":0.8,""eval_metric"":""logloss"",""learning_rate"":0.03,""max_depth"":3,""min_child_weight"":5.0,""n_estimators"":4,""n_jobs"":4,""objective"":""binary:logistic"",""random_state"":20260823,""reg_alpha"":0.0,""reg_lambda"":1.0,""subsample"":0.8,""tree_method"":""hist""}","[""promised_delivery_days"",""S1_score"",""S1_log1p_support"",""S1_cold_start"",""S1_posterior_se"",""S1_freshness_days"",""S2_score"",""S2_log1p_support"",""S2_cold_start"",""S2_posterior_se"",""S2_freshness_days"",""R1_score"",""R1_log1p_support"",""R1_cold_start"",""R1_posterior_se"",""R1_freshness_days"",""R2_score"",""R2_log1p_support"",""R2_cold_start"",""R2_posterior_se"",""R2_freshness_days""]",[],a0454aa702bc9350c7e026aecaf277c55a2b1f3ba8cdb7fc41bd7869195f33b0,1cac2ec52300a179f54f8b8616b25b7de349f5ea61d71872d5fc2b8de8726bab,sha256_pickle_protocol_5_fitted_wrapper,,a6d4ea5e457fb16115588bf96c200086a69b750e8b7b7ece1538846a303a71f3,b187add9d353488cbebc63ca4c13b0952335beab4347499cee5aecdb82fe6401
breach,development_calibration_oof,xgboost,xgboost,DPG,DPG,full,,development_fold_3,2017-11-01,3,24106,10309,e3bfae30130dce93f2dedc1476ea0ccd107cd5fd6d4b61c550fdd0ba849e09ba,c66863b27c980f56b785b4a84b195fbe26e00ea2226e44282f6883af52bffc26,c66863b27c980f56b785b4a84b195fbe26e00ea2226e44282f6883af52bffc26,"{""colsample_bytree"":0.8,""eval_metric"":""logloss"",""learning_rate"":0.03,""max_depth"":3,""min_child_weight"":5.0,""n_estimators"":4,""n_jobs"":4,""objective"":""binary:logistic"",""random_state"":20260823,""reg_alpha"":0.0,""reg_lambda"":1.0,""subsample"":0.8,""tree_method"":""hist""}","[""promised_delivery_days"",""R1_score"",""R1_log1p_support"",""R1_cold_start"",""R1_posterior_se"",""R1_freshness_days"",""R2_score"",""R2_log1p_support"",""R2_cold_start"",""R2_posterior_se"",""R2_freshness_days""]",[],55592a9c7809091ef26b0d7746c6992457e035aec9ee88f8469c73ec59a57b49,0ff6e58884e3d060e6683b3ca06cfa47527d6b4ae1ec6a81f8c1b4ae246daf76,sha256_pickle_protocol_5_fitted_wrapper,,a6d4ea5e457fb16115588bf96c200086a69b750e8b7b7ece1538846a303a71f3,b187add9d353488cbebc63ca4c13b0952335beab4347499cee5aecdb82fe6401
breach,development_calibration_oof,xgboost,xgboost,DPS,DPS,full,,development_fold_3,2017-11-01,3,24106,10309,e3bfae30130dce93f2dedc1476ea0ccd107cd5fd6d4b61c550fdd0ba849e09ba,c66863b27c980f56b785b4a84b195fbe26e00ea2226e44282f6883af52bffc26,c66863b27c980f56b785b4a84b195fbe26e00ea2226e44282f6883af52bffc26,"{""colsample_bytree"":0.8,""eval_metric"":""logloss"",""learning_rate"":0.03,""max_depth"":3,""min_child_weight"":5.0,""n_estimators"":4,""n_jobs"":4,""objective"":""binary:logistic"",""random_state"":20260823,""reg_alpha"":0.0,""reg_lambda"":1.0,""subsample"":0.8,""tree_method"":""hist""}","[""promised_delivery_days"",""S1_score"",""S1_log1p_support"",""S1_cold_start"",""S1_posterior_se"",""S1_freshness_days"",""S2_score"",""S2_log1p_support"",""S2_cold_start"",""S2_posterior_se"",""S2_freshness_days""]",[],94151faa7df685010a340beef27998ed0590545d3c929a0e725a31e63da5100f,0ef32f776847f3e5c13887a460bdf763d11be88f1f4885244ef59ec9f1d50809,sha256_pickle_protocol_5_fitted_wrapper,,a6d4ea5e457fb16115588bf96c200086a69b750e8b7b7ece1538846a303a71f3,b187add9d353488cbebc63ca4c13b0952335beab4347499cee5aecdb82fe6401
breach,development_tuning,logistic_l2,logistic_l2,DP0,DP0,full,,development_fold_1,2017-07-01,1,7904,6695,7836169560cf97ecc0364b862f32202640c5159d88f65c8e4152e5724792a6d8,d09128ed98505e62a36afab6ba0be1771d8f9f810e8cd4d77cb32230893faeb6,d09128ed98505e62a36afab6ba0be1771d8f9f810e8cd4d77cb32230893faeb6,"{""C"":0.01,""class_weight"":null,""max_iter"":1000,""penalty"":""l2"",""random_state"":20260823,""solver"":""liblinear""}","[""promised_delivery_days""]",[],66cc2d77e943d8c86206486126228139bfcf2b8dceb79a4918c6983dc0187373,a52494024cef759dc5d8476141577ade769573e4aab871263aafc75ca69ba62b,sha256_pickle_protocol_5_fitted_wrapper,,a6d4ea5e457fb16115588bf96c200086a69b750e8b7b7ece1538846a303a71f3,b187add9d353488cbebc63ca4c13b0952335beab4347499cee5aecdb82fe6401
breach,development_tuning,logistic_l2,logistic_l2,DP0,DP0,full,,development_fold_1,2017-07-01,1,7904,6695,7836169560cf97ecc0364b862f32202640c5159d88f65c8e4152e5724792a6d8,d09128ed98505e62a36afab6ba0be1771d8f9f810e8cd4d77cb32230893faeb6,d09128ed98505e62a36afab6ba0be1771d8f9f810e8cd4d77cb32230893faeb6,"{""C"":0.1,""class_weight"":null,""max_iter"":1000,""penalty"":""l2"",""random_state"":20260823,""solver"":""liblinear""}","[""promised_delivery_days""]",[],66cc2d77e943d8c86206486126228139bfcf2b8dceb79a4918c6983dc0187373,414a8acef95809858575d9a6ef47ba26c21c4eeffb477c85e4afa07f7980aee7,sha256_pickle_protocol_5_fitted_wrapper,,a6d4ea5e457fb16115588bf96c200086a69b750e8b7b7ece1538846a303a71f3,b187add9d353488cbebc63ca4c13b0952335beab4347499cee5aecdb82fe6401
breach,development_tuning,logistic_l2,logistic_l2,DP0,DP0,full,,development_fold_1,2017-07-01,1,7904,6695,7836169560cf97ecc0364b862f32202640c5159d88f65c8e4152e5724792a6d8,d09128ed98505e62a36afab6ba0be1771d8f9f810e8cd4d77cb32230893faeb6,d09128ed98505e62a36afab6ba0be1771d8f9f810e8cd4d77cb32230893faeb6,"{""C"":1.0,""class_weight"":null,""max_iter"":1000,""penalty"":""l2"",""random_state"":20260823,""solver"":""liblinear""}","[""promised_delivery_days""]",[],66cc2d77e943d8c86206486126228139bfcf2b8dceb79a4918c6983dc0187373,5e53d262b722979e9dd4185facd60d7e24e2a911df43d958c7a624b25bc76655,sha256_pickle_protocol_5_fitted_wrapper,,a6d4ea5e457fb16115588bf96c200086a69b750e8b7b7ece1538846a303a71f3,b187add9d353488cbebc63ca4c13b0952335beab4347499cee5aecdb82fe6401
breach,development_tuning,logistic_l2,logistic_l2,DP0,DP0,full,,development_fold_1,2017-07-01,1,7904,6695,7836169560cf97ecc0364b862f32202640c5159d88f65c8e4152e5724792a6d8,d09128ed98505e62a36afab6ba0be1771d8f9f810e8cd4d77cb32230893faeb6,d09128ed98505e62a36afab6ba0be1771d8f9f810e8cd4d77cb32230893faeb6,"{""C"":10.0,""class_weight"":null,""max_iter"":1000,""penalty"":""l2"",""random_state"":20260823,""solver"":""liblinear""}","[""promised_delivery_days""]",[],66cc2d77e943d8c86206486126228139bfcf2b8dceb79a4918c6983dc0187373,bd9c89183dc404a26b6d982fade3def65949856481a18a06d7d158d90a50b0d5,sha256_pickle_protocol_5_fitted_wrapper,,a6d4ea5e457fb16115588bf96c200086a69b750e8b7b7ece1538846a303a71f3,b187add9d353488cbebc63ca4c13b0952335beab4347499cee5aecdb82fe6401
breach,development_tuning,xgboost,xgboost,DP0,DP0,full,,development_fold_1,2017-07-01,1,7904,6695,7836169560cf97ecc0364b862f32202640c5159d88f65c8e4152e5724792a6d8,d09128ed98505e62a36afab6ba0be1771d8f9f810e8cd4d77cb32230893faeb6,d09128ed98505e62a36afab6ba0be1771d8f9f810e8cd4d77cb32230893faeb6,"{""colsample_bytree"":0.8,""early_stopping_rounds"":50,""eval_metric"":""logloss"",""learning_rate"":0.03,""max_depth"":3,""min_child_weight"":5.0,""n_estimators"":800,""n_jobs"":4,""objective"":""binary:logistic"",""random_state"":20260823,""reg_alpha"":0.0,""reg_lambda"":1.0,""subsample"":0.8,""tree_method"":""hist""}","[""promised_delivery_days""]",[],66cc2d77e943d8c86206486126228139bfcf2b8dceb79a4918c6983dc0187373,7cd125bc573dc320b89bdaff52b32a32978c6ba83d51cdae8a615c8ec2db0a2f,sha256_pickle_protocol_5_fitted_wrapper,6,a6d4ea5e457fb16115588bf96c200086a69b750e8b7b7ece1538846a303a71f3,b187add9d353488cbebc63ca4c13b0952335beab4347499cee5aecdb82fe6401
breach,development_tuning,xgboost,xgboost,DP0,DP0,full,,development_fold_1,2017-07-01,1,7904,6695,7836169560cf97ecc0364b862f32202640c5159d88f65c8e4152e5724792a6d8,d09128ed98505e62a36afab6ba0be1771d8f9f810e8cd4d77cb32230893faeb6,d09128ed98505e62a36afab6ba0be1771d8f9f810e8cd4d77cb32230893faeb6,"{""colsample_bytree"":0.8,""early_stopping_rounds"":50,""eval_metric"":""logloss"",""learning_rate"":0.03,""max_depth"":3,""min_child_weight"":20.0,""n_estimators"":800,""n_jobs"":4,""objective"":""binary:logistic"",""random_state"":20260823,""reg_alpha"":0.0,""reg_lambda"":1.0,""subsample"":0.8,""tree_method"":""hist""}","[""promised_delivery_days""]",[],66cc2d77e943d8c86206486126228139bfcf2b8dceb79a4918c6983dc0187373,3232321f499ec80602b2c876911bf133d73a8014ed5345afd4d2834e01bcc640,sha256_pickle_protocol_5_fitted_wrapper,2,a6d4ea5e457fb16115588bf96c200086a69b750e8b7b7ece1538846a303a71f3,b187add9d353488cbebc63ca4c13b0952335beab4347499cee5aecdb82fe6401
breach,development_tuning,xgboost,xgboost,DP0,DP0,full,,development_fold_1,2017-07-01,1,7904,6695,7836169560cf97ecc0364b862f32202640c5159d88f65c8e4152e5724792a6d8,d09128ed98505e62a36afab6ba0be1771d8f9f810e8cd4d77cb32230893faeb6,d09128ed98505e62a36afab6ba0be1771d8f9f810e8cd4d77cb32230893faeb6,"{""colsample_bytree"":0.8,""early_stopping_rounds"":50,""eval_metric"":""logloss"",""learning_rate"":0.03,""max_depth"":6,""min_child_weight"":5.0,""n_estimators"":800,""n_jobs"":4,""objective"":""binary:logistic"",""random_state"":20260823,""reg_alpha"":0.0,""reg_lambda"":1.0,""subsample"":0.8,""tree_method"":""hist""}","[""promised_delivery_days""]",[],66cc2d77e943d8c86206486126228139bfcf2b8dceb79a4918c6983dc0187373,9da1fafba576d50d70eaf1fcf469f8bf9fb29ae5ed40af792f9c0ecca2da5105,sha256_pickle_protocol_5_fitted_wrapper,1,a6d4ea5e457fb16115588bf96c200086a69b750e8b7b7ece1538846a303a71f3,b187add9d353488cbebc63ca4c13b0952335beab4347499cee5aecdb82fe6401
breach,development_tuning,xgboost,xgboost,DP0,DP0,full,,development_fold_1,2017-07-01,1,7904,6695,7836169560cf97ecc0364b862f32202640c5159d88f65c8e4152e5724792a6d8,d09128ed98505e62a36afab6ba0be1771d8f9f810e8cd4d77cb32230893faeb6,d09128ed98505e62a36afab6ba0be1771d8f9f810e8cd4d77cb32230893faeb6,"{""colsample_bytree"":0.8,""early_stopping_rounds"":50,""eval_metric"":""logloss"",""learning_rate"":0.03,""max_depth"":6,""min_child_weight"":20.0,""n_estimators"":800,""n_jobs"":4,""objective"":""binary:logistic"",""random_state"":20260823,""reg_alpha"":0.0,""reg_lambda"":1.0,""subsample"":0.8,""tree_method"":""hist""}","[""promised_delivery_days""]",[],66cc2d77e943d8c86206486126228139bfcf2b8dceb79a4918c6983dc0187373,f7089798239a94d3456ac8a308649839df8f2e2335b39d6932d0746c87a8c342,sha256_pickle_protocol_5_fitted_wrapper,2,a6d4ea5e457fb16115588bf96c200086a69b750e8b7b7ece1538846a303a71f3,b187add9d353488cbebc63ca4c13b0952335beab4347499cee5aecdb82fe6401
breach,development_tuning,xgboost,xgboost,DP0,DP0,full,,development_fold_1,2017-07-01,1,7904,6695,7836169560cf97ecc0364b862f32202640c5159d88f65c8e4152e5724792a6d8,d09128ed98505e62a36afab6ba0be1771d8f9f810e8cd4d77cb32230893faeb6,d09128ed98505e62a36afab6ba0be1771d8f9f810e8cd4d77cb32230893faeb6,"{""colsample_bytree"":0.8,""early_stopping_rounds"":50,""eval_metric"":""logloss"",""learning_rate"":0.05,""max_depth"":3,""min_child_weight"":5.0,""n_estimators"":800,""n_jobs"":4,""objective"":""binary:logistic"",""random_state"":20260823,""reg_alpha"":0.0,""reg_lambda"":1.0,""subsample"":0.8,""tree_method"":""hist""}","[""promised_delivery_days""]",[],66cc2d77e943d8c86206486126228139bfcf2b8dceb79a4918c6983dc0187373,f186f6367ccbab2b56f6cd8a3c5397ddef511795abcf5f63ebc54a54fbb6f953,sha256_pickle_protocol_5_fitted_wrapper,2,a6d4ea5e457fb16115588bf96c200086a69b750e8b7b7ece1538846a303a71f3,b187add9d353488cbebc63ca4c13b0952335beab4347499cee5aecdb82fe6401
breach,development_tuning,xgboost,xgboost,DP0,DP0,full,,development_fold_1,2017-07-01,1,7904,6695,7836169560cf97ecc0364b862f32202640c5159d88f65c8e4152e5724792a6d8,d09128ed98505e62a36afab6ba0be1771d8f9f810e8cd4d77cb32230893faeb6,d09128ed98505e62a36afab6ba0be1771d8f9f810e8cd4d77cb32230893faeb6,"{""colsample_bytree"":0.8,""early_stopping_rounds"":50,""eval_metric"":""logloss"",""learning_rate"":0.05,""max_depth"":3,""min_child_weight"":20.0,""n_estimators"":800,""n_jobs"":4,""objective"":""binary:logistic"",""random_state"":20260823,""reg_alpha"":0.0,""reg_lambda"":1.0,""subsample"":0.8,""tree_method"":""hist""}","[""promised_delivery_days""]",[],66cc2d77e943d8c86206486126228139bfcf2b8dceb79a4918c6983dc0187373,1d6b048deb420a3ff61b0d1d0ae24309db4c299656e41e0ce3f48179d29c1bf5,sha256_pickle_protocol_5_fitted_wrapper,2,a6d4ea5e457fb16115588bf96c200086a69b750e8b7b7ece1538846a303a71f3,b187add9d353488cbebc63ca4c13b0952335beab4347499cee5aecdb82fe6401
breach,development_tuning,xgboost,xgboost,DP0,DP0,full,,development_fold_1,2017-07-01,1,7904,6695,7836169560cf97ecc0364b862f32202640c5159d88f65c8e4152e5724792a6d8,d09128ed98505e62a36afab6ba0be1771d8f9f810e8cd4d77cb32230893faeb6,d09128ed98505e62a36afab6ba0be1771d8f9f810e8cd4d77cb32230893faeb6,"{""colsample_bytree"":0.8,""early_stopping_rounds"":50,""eval_metric"":""logloss"",""learning_rate"":0.05,""max_depth"":6,""min_child_weight"":5.0,""n_estimators"":800,""n_jobs"":4,""objective"":""binary:logistic"",""random_state"":20260823,""reg_alpha"":0.0,""reg_lambda"":1.0,""subsample"":0.8,""tree_method"":""hist""}","[""promised_delivery_days""]",[],66cc2d77e943d8c86206486126228139bfcf2b8dceb79a4918c6983dc0187373,7e951c8648eab5346b9c60d43917c223d7bd7a10df974a54ce494793b909b3c2,sha256_pickle_protocol_5_fitted_wrapper,1,a6d4ea5e457fb16115588bf96c200086a69b750e8b7b7ece1538846a303a71f3,b187add9d353488cbebc63ca4c13b0952335beab4347499cee5aecdb82fe6401
breach,development_tuning,xgboost,xgboost,DP0,DP0,full,,development_fold_1,2017-07-01,1,7904,6695,7836169560cf97ecc0364b862f32202640c5159d88f65c8e4152e5724792a6d8,d09128ed98505e62a36afab6ba0be1771d8f9f810e8cd4d77cb32230893faeb6,d09128ed98505e62a36afab6ba0be1771d8f9f810e8cd4d77cb32230893faeb6,"{""colsample_bytree"":0.8,""early_stopping_rounds"":50,""eval_metric"":""logloss"",""learning_rate"":0.05,""max_depth"":6,""min_child_weight"":20.0,""n_estimators"":800,""n_jobs"":4,""objective"":""binary:logistic"",""random_state"":20260823,""reg_alpha"":0.0,""reg_lambda"":1.0,""subsample"":0.8,""tree_method"":""hist""}","[""promised_delivery_days""]",[],66cc2d77e943d8c86206486126228139bfcf2b8dceb79a4918c6983dc0187373,eecfa30bce3357b9531c843ac086e5f534a971edcb7f5603ea2af7c14a07a78b,sha256_pickle_protocol_5_fitted_wrapper,2,a6d4ea5e457fb16115588bf96c200086a69b750e8b7b7ece1538846a303a71f3,b187add9d353488cbebc63ca4c13b0952335beab4347499cee5aecdb82fe6401
breach,development_tuning,logistic_l2,logistic_l2,DP0,DP0,full,,development_fold_2,2017-09-01,2,15659,7062,7a815cb278e9123fd713e5c94e3ee08ad4602f7416e1c478f119b0e7621bdf6f,67c5b1ae5810ebeb89141c8c652aea51e30b40d843c2f57acdc8f2ad51610428,67c5b1ae5810ebeb89141c8c652aea51e30b40d843c2f57acdc8f2ad51610428,"{""C"":0.01,""class_weight"":null,""max_iter"":1000,""penalty"":""l2"",""random_state"":20260823,""solver"":""liblinear""}","[""promised_delivery_days""]",[],66cc2d77e943d8c86206486126228139bfcf2b8dceb79a4918c6983dc0187373,e1704aa24f3e7d12ea7e7866e63fb7241aa52b09ac82894a14238b0f1dfa74b4,sha256_pickle_protocol_5_fitted_wrapper,,a6d4ea5e457fb16115588bf96c200086a69b750e8b7b7ece1538846a303a71f3,b187add9d353488cbebc63ca4c13b0952335beab4347499cee5aecdb82fe6401
breach,development_tuning,logistic_l2,logistic_l2,DP0,DP0,full,,development_fold_2,2017-09-01,2,15659,7062,7a815cb278e9123fd713e5c94e3ee08ad4602f7416e1c478f119b0e7621bdf6f,67c5b1ae5810ebeb89141c8c652aea51e30b40d843c2f57acdc8f2ad51610428,67c5b1ae5810ebeb89141c8c652aea51e30b40d843c2f57acdc8f2ad51610428,"{""C"":0.1,""class_weight"":null,""max_iter"":1000,""penalty"":""l2"",""random_state"":20260823,""solver"":""liblinear""}","[""promised_delivery_days""]",[],66cc2d77e943d8c86206486126228139bfcf2b8dceb79a4918c6983dc0187373,a90687f690894b7b659b6f0b0aa3ccb9def5b18681669af84205a31cd7979e5e,sha256_pickle_protocol_5_fitted_wrapper,,a6d4ea5e457fb16115588bf96c200086a69b750e8b7b7ece1538846a303a71f3,b187add9d353488cbebc63ca4c13b0952335beab4347499cee5aecdb82fe6401
breach,development_tuning,logistic_l2,logistic_l2,DP0,DP0,full,,development_fold_2,2017-09-01,2,15659,7062,7a815cb278e9123fd713e5c94e3ee08ad4602f7416e1c478f119b0e7621bdf6f,67c5b1ae5810ebeb89141c8c652aea51e30b40d843c2f57acdc8f2ad51610428,67c5b1ae5810ebeb89141c8c652aea51e30b40d843c2f57acdc8f2ad51610428,"{""C"":1.0,""class_weight"":null,""max_iter"":1000,""penalty"":""l2"",""random_state"":20260823,""solver"":""liblinear""}","[""promised_delivery_days""]",[],66cc2d77e943d8c86206486126228139bfcf2b8dceb79a4918c6983dc0187373,62fd8d608d6cf872833453daf639a5a428be85fe347d7c1b5bc17be929cbf9aa,sha256_pickle_protocol_5_fitted_wrapper,,a6d4ea5e457fb16115588bf96c200086a69b750e8b7b7ece1538846a303a71f3,b187add9d353488cbebc63ca4c13b0952335beab4347499cee5aecdb82fe6401
breach,development_tuning,logistic_l2,logistic_l2,DP0,DP0,full,,development_fold_2,2017-09-01,2,15659,7062,7a815cb278e9123fd713e5c94e3ee08ad4602f7416e1c478f119b0e7621bdf6f,67c5b1ae5810ebeb89141c8c652aea51e30b40d843c2f57acdc8f2ad51610428,67c5b1ae5810ebeb89141c8c652aea51e30b40d843c2f57acdc8f2ad51610428,"{""C"":10.0,""class_weight"":null,""max_iter"":1000,""penalty"":""l2"",""random_state"":20260823,""solver"":""liblinear""}","[""promised_delivery_days""]",[],66cc2d77e943d8c86206486126228139bfcf2b8dceb79a4918c6983dc0187373,03396e9191acc74b4265b144544a7b172971d3616cc94b6181c5407537e2474e,sha256_pickle_protocol_5_fitted_wrapper,,a6d4ea5e457fb16115588bf96c200086a69b750e8b7b7ece1538846a303a71f3,b187add9d353488cbebc63ca4c13b0952335beab4347499cee5aecdb82fe6401
breach,development_tuning,xgboost,xgboost,DP0,DP0,full,,development_fold_2,2017-09-01,2,15659,7062,7a815cb278e9123fd713e5c94e3ee08ad4602f7416e1c478f119b0e7621bdf6f,67c5b1ae5810ebeb89141c8c652aea51e30b40d843c2f57acdc8f2ad51610428,67c5b1ae5810ebeb89141c8c652aea51e30b40d843c2f57acdc8f2ad51610428,"{""colsample_bytree"":0.8,""early_stopping_rounds"":50,""eval_metric"":""logloss"",""learning_rate"":0.03,""max_depth"":3,""min_child_weight"":5.0,""n_estimators"":800,""n_jobs"":4,""objective"":""binary:logistic"",""random_state"":20260823,""reg_alpha"":0.0,""reg_lambda"":1.0,""subsample"":0.8,""tree_method"":""hist""}","[""promised_delivery_days""]",[],66cc2d77e943d8c86206486126228139bfcf2b8dceb79a4918c6983dc0187373,28aadcb1496a66bd8c4a4cf261d066903248c268d8412d7a8892a06064f37796,sha256_pickle_protocol_5_fitted_wrapper,3,a6d4ea5e457fb16115588bf96c200086a69b750e8b7b7ece1538846a303a71f3,b187add9d353488cbebc63ca4c13b0952335beab4347499cee5aecdb82fe6401
breach,development_tuning,xgboost,xgboost,DP0,DP0,full,,development_fold_2,2017-09-01,2,15659,7062,7a815cb278e9123fd713e5c94e3ee08ad4602f7416e1c478f119b0e7621bdf6f,67c5b1ae5810ebeb89141c8c652aea51e30b40d843c2f57acdc8f2ad51610428,67c5b1ae5810ebeb89141c8c652aea51e30b40d843c2f57acdc8f2ad51610428,"{""colsample_bytree"":0.8,""early_stopping_rounds"":50,""eval_metric"":""logloss"",""learning_rate"":0.03,""max_depth"":3,""min_child_weight"":20.0,""n_estimators"":800,""n_jobs"":4,""objective"":""binary:logistic"",""random_state"":20260823,""reg_alpha"":0.0,""reg_lambda"":1.0,""subsample"":0.8,""tree_method"":""hist""}","[""promised_delivery_days""]",[],66cc2d77e943d8c86206486126228139bfcf2b8dceb79a4918c6983dc0187373,e5e9cbb048cbd33c9375620f2585155c61cbf729ad8c23c246b6d14c6fa7c7f3,sha256_pickle_protocol_5_fitted_wrapper,2,a6d4ea5e457fb16115588bf96c200086a69b750e8b7b7ece1538846a303a71f3,b187add9d353488cbebc63ca4c13b0952335beab4347499cee5aecdb82fe6401
breach,development_tuning,xgboost,xgboost,DP0,DP0,full,,development_fold_2,2017-09-01,2,15659,7062,7a815cb278e9123fd713e5c94e3ee08ad4602f7416e1c478f119b0e7621bdf6f,67c5b1ae5810ebeb89141c8c652aea51e30b40d843c2f57acdc8f2ad51610428,67c5b1ae5810ebeb89141c8c652aea51e30b40d843c2f57acdc8f2ad51610428,"{""colsample_bytree"":0.8,""early_stopping_rounds"":50,""eval_metric"":""logloss"",""learning_rate"":0.03,""max_depth"":6,""min_child_weight"":5.0,""n_estimators"":800,""n_jobs"":4,""objective"":""binary:logistic"",""random_state"":20260823,""reg_alpha"":0.0,""reg_lambda"":1.0,""subsample"":0.8,""tree_method"":""hist""}","[""promised_delivery_days""]",[],66cc2d77e943d8c86206486126228139bfcf2b8dceb79a4918c6983dc0187373,b318e59d752a1e44ddc93ac8761a9728033bea00fc1200af08a72520836ea453,sha256_pickle_protocol_5_fitted_wrapper,1,a6d4ea5e457fb16115588bf96c200086a69b750e8b7b7ece1538846a303a71f3,b187add9d353488cbebc63ca4c13b0952335beab4347499cee5aecdb82fe6401
breach,development_tuning,xgboost,xgboost,DP0,DP0,full,,development_fold_2,2017-09-01,2,15659,7062,7a815cb278e9123fd713e5c94e3ee08ad4602f7416e1c478f119b0e7621bdf6f,67c5b1ae5810ebeb89141c8c652aea51e30b40d843c2f57acdc8f2ad51610428,67c5b1ae5810ebeb89141c8c652aea51e30b40d843c2f57acdc8f2ad51610428,"{""colsample_bytree"":0.8,""early_stopping_rounds"":50,""eval_metric"":""logloss"",""learning_rate"":0.03,""max_depth"":6,""min_child_weight"":20.0,""n_estimators"":800,""n_jobs"":4,""objective"":""binary:logistic"",""random_state"":20260823,""reg_alpha"":0.0,""reg_lambda"":1.0,""subsample"":0.8,""tree_method"":""hist""}","[""promised_delivery_days""]",[],66cc2d77e943d8c86206486126228139bfcf2b8dceb79a4918c6983dc0187373,1f0f4dc5df43569cf49a3ee678c115ebec1fe659e25ea626c380a4020ba1c1e7,sha256_pickle_protocol_5_fitted_wrapper,0,a6d4ea5e457fb16115588bf96c200086a69b750e8b7b7ece1538846a303a71f3,b187add9d353488cbebc63ca4c13b0952335beab4347499cee5aecdb82fe6401
breach,development_tuning,xgboost,xgboost,DP0,DP0,full,,development_fold_2,2017-09-01,2,15659,7062,7a815cb278e9123fd713e5c94e3ee08ad4602f7416e1c478f119b0e7621bdf6f,67c5b1ae5810ebeb89141c8c652aea51e30b40d843c2f57acdc8f2ad51610428,67c5b1ae5810ebeb89141c8c652aea51e30b40d843c2f57acdc8f2ad51610428,"{""colsample_bytree"":0.8,""early_stopping_rounds"":50,""eval_metric"":""logloss"",""learning_rate"":0.05,""max_depth"":3,""min_child_weight"":5.0,""n_estimators"":800,""n_jobs"":4,""objective"":""binary:logistic"",""random_state"":20260823,""reg_alpha"":0.0,""reg_lambda"":1.0,""subsample"":0.8,""tree_method"":""hist""}","[""promised_delivery_days""]",[],66cc2d77e943d8c86206486126228139bfcf2b8dceb79a4918c6983dc0187373,a5cc99f9466dfe8ecbf0bfbcc79317454ccded3c110a6c7e87b1b59adc58ba46,sha256_pickle_protocol_5_fitted_wrapper,3,a6d4ea5e457fb16115588bf96c200086a69b750e8b7b7ece1538846a303a71f3,b187add9d353488cbebc63ca4c13b0952335beab4347499cee5aecdb82fe6401
breach,development_tuning,xgboost,xgboost,DP0,DP0,full,,development_fold_2,2017-09-01,2,15659,7062,7a815cb278e9123fd713e5c94e3ee08ad4602f7416e1c478f119b0e7621bdf6f,67c5b1ae5810ebeb89141c8c652aea51e30b40d843c2f57acdc8f2ad51610428,67c5b1ae5810ebeb89141c8c652aea51e30b40d843c2f57acdc8f2ad51610428,"{""colsample_bytree"":0.8,""early_stopping_rounds"":50,""eval_metric"":""logloss"",""learning_rate"":0.05,""max_depth"":3,""min_child_weight"":20.0,""n_estimators"":800,""n_jobs"":4,""objective"":""binary:logistic"",""random_state"":20260823,""reg_alpha"":0.0,""reg_lambda"":1.0,""subsample"":0.8,""tree_method"":""hist""}","[""promised_delivery_days""]",[],66cc2d77e943d8c86206486126228139bfcf2b8dceb79a4918c6983dc0187373,a606d3b248ebb4c81fe2055cfd5aeedc3196fd609e0be562e30c629f70ac3fb2,sha256_pickle_protocol_5_fitted_wrapper,2,a6d4ea5e457fb16115588bf96c200086a69b750e8b7b7ece1538846a303a71f3,b187add9d353488cbebc63ca4c13b0952335beab4347499cee5aecdb82fe6401
breach,development_tuning,xgboost,xgboost,DP0,DP0,full,,development_fold_2,2017-09-01,2,15659,7062,7a815cb278e9123fd713e5c94e3ee08ad4602f7416e1c478f119b0e7621bdf6f,67c5b1ae5810ebeb89141c8c652aea51e30b40d843c2f57acdc8f2ad51610428,67c5b1ae5810ebeb89141c8c652aea51e30b40d843c2f57acdc8f2ad51610428,"{""colsample_bytree"":0.8,""early_stopping_rounds"":50,""eval_metric"":""logloss"",""learning_rate"":0.05,""max_depth"":6,""min_child_weight"":5.0,""n_estimators"":800,""n_jobs"":4,""objective"":""binary:logistic"",""random_state"":20260823,""reg_alpha"":0.0,""reg_lambda"":1.0,""subsample"":0.8,""tree_method"":""hist""}","[""promised_delivery_days""]",[],66cc2d77e943d8c86206486126228139bfcf2b8dceb79a4918c6983dc0187373,b26eee620aa32811c95ce83bb0ad8b4fe15b0949963f1f754297dc63997ae7cd,sha256_pickle_protocol_5_fitted_wrapper,1,a6d4ea5e457fb16115588bf96c200086a69b750e8b7b7ece1538846a303a71f3,b187add9d353488cbebc63ca4c13b0952335beab4347499cee5aecdb82fe6401
breach,development_tuning,xgboost,xgboost,DP0,DP0,full,,development_fold_2,2017-09-01,2,15659,7062,7a815cb278e9123fd713e5c94e3ee08ad4602f7416e1c478f119b0e7621bdf6f,67c5b1ae5810ebeb89141c8c652aea51e30b40d843c2f57acdc8f2ad51610428,67c5b1ae5810ebeb89141c8c652aea51e30b40d843c2f57acdc8f2ad51610428,"{""colsample_bytree"":0.8,""early_stopping_rounds"":50,""eval_metric"":""logloss"",""learning_rate"":0.05,""max_depth"":6,""min_child_weight"":20.0,""n_estimators"":800,""n_jobs"":4,""objective"":""binary:logistic"",""random_state"":20260823,""reg_alpha"":0.0,""reg_lambda"":1.0,""subsample"":0.8,""tree_method"":""hist""}","[""promised_delivery_days""]",[],66cc2d77e943d8c86206486126228139bfcf2b8dceb79a4918c6983dc0187373,d7bca55b1841848e9a511aa8091b6df3cdfa1a7b6cce7cf1d0fe5a93382bde6c,sha256_pickle_protocol_5_fitted_wrapper,0,a6d4ea5e457fb16115588bf96c200086a69b750e8b7b7ece1538846a303a71f3,b187add9d353488cbebc63ca4c13b0952335beab4347499cee5aecdb82fe6401
breach,development_tuning,logistic_l2,logistic_l2,DP0,DP0,full,,development_fold_3,2017-11-01,3,24106,10309,e3bfae30130dce93f2dedc1476ea0ccd107cd5fd6d4b61c550fdd0ba849e09ba,c66863b27c980f56b785b4a84b195fbe26e00ea2226e44282f6883af52bffc26,c66863b27c980f56b785b4a84b195fbe26e00ea2226e44282f6883af52bffc26,"{""C"":0.01,""class_weight"":null,""max_iter"":1000,""penalty"":""l2"",""random_state"":20260823,""solver"":""liblinear""}","[""promised_delivery_days""]",[],66cc2d77e943d8c86206486126228139bfcf2b8dceb79a4918c6983dc0187373,2cc66d4db7c224fda69ea28351efe920f34589634e7694bbd27563eb53e5f5ce,sha256_pickle_protocol_5_fitted_wrapper,,a6d4ea5e457fb16115588bf96c200086a69b750e8b7b7ece1538846a303a71f3,b187add9d353488cbebc63ca4c13b0952335beab4347499cee5aecdb82fe6401
breach,development_tuning,logistic_l2,logistic_l2,DP0,DP0,full,,development_fold_3,2017-11-01,3,24106,10309,e3bfae30130dce93f2dedc1476ea0ccd107cd5fd6d4b61c550fdd0ba849e09ba,c66863b27c980f56b785b4a84b195fbe26e00ea2226e44282f6883af52bffc26,c66863b27c980f56b785b4a84b195fbe26e00ea2226e44282f6883af52bffc26,"{""C"":0.1,""class_weight"":null,""max_iter"":1000,""penalty"":""l2"",""random_state"":20260823,""solver"":""liblinear""}","[""promised_delivery_days""]",[],66cc2d77e943d8c86206486126228139bfcf2b8dceb79a4918c6983dc0187373,b12ada43e53530b004513d5f927e9df499dd4bb0c2187175a0c058f0bba3af11,sha256_pickle_protocol_5_fitted_wrapper,,a6d4ea5e457fb16115588bf96c200086a69b750e8b7b7ece1538846a303a71f3,b187add9d353488cbebc63ca4c13b0952335beab4347499cee5aecdb82fe6401
breach,development_tuning,logistic_l2,logistic_l2,DP0,DP0,full,,development_fold_3,2017-11-01,3,24106,10309,e3bfae30130dce93f2dedc1476ea0ccd107cd5fd6d4b61c550fdd0ba849e09ba,c66863b27c980f56b785b4a84b195fbe26e00ea2226e44282f6883af52bffc26,c66863b27c980f56b785b4a84b195fbe26e00ea2226e44282f6883af52bffc26,"{""C"":1.0,""class_weight"":null,""max_iter"":1000,""penalty"":""l2"",""random_state"":20260823,""solver"":""liblinear""}","[""promised_delivery_days""]",[],66cc2d77e943d8c86206486126228139bfcf2b8dceb79a4918c6983dc0187373,042089dbc4d603ccba0d3e9abbdc31f64982b19ab4419b097e74bbabda3cfb48,sha256_pickle_protocol_5_fitted_wrapper,,a6d4ea5e457fb16115588bf96c200086a69b750e8b7b7ece1538846a303a71f3,b187add9d353488cbebc63ca4c13b0952335beab4347499cee5aecdb82fe6401
breach,development_tuning,logistic_l2,logistic_l2,DP0,DP0,full,,development_fold_3,2017-11-01,3,24106,10309,e3bfae30130dce93f2dedc1476ea0ccd107cd5fd6d4b61c550fdd0ba849e09ba,c66863b27c980f56b785b4a84b195fbe26e00ea2226e44282f6883af52bffc26,c66863b27c980f56b785b4a84b195fbe26e00ea2226e44282f6883af52bffc26,"{""C"":10.0,""class_weight"":null,""max_iter"":1000,""penalty"":""l2"",""random_state"":20260823,""solver"":""liblinear""}","[""promised_delivery_days""]",[],66cc2d77e943d8c86206486126228139bfcf2b8dceb79a4918c6983dc0187373,fa3c6275aa1f9e9d8e91ac9e21703b201dd36941f4e0391e1c6203d789a68d7c,sha256_pickle_protocol_5_fitted_wrapper,,a6d4ea5e457fb16115588bf96c200086a69b750e8b7b7ece1538846a303a71f3,b187add9d353488cbebc63ca4c13b0952335beab4347499cee5aecdb82fe6401
breach,development_tuning,xgboost,xgboost,DP0,DP0,full,,development_fold_3,2017-11-01,3,24106,10309,e3bfae30130dce93f2dedc1476ea0ccd107cd5fd6d4b61c550fdd0ba849e09ba,c66863b27c980f56b785b4a84b195fbe26e00ea2226e44282f6883af52bffc26,c66863b27c980f56b785b4a84b195fbe26e00ea2226e44282f6883af52bffc26,"{""colsample_bytree"":0.8,""early_stopping_rounds"":50,""eval_metric"":""logloss"",""learning_rate"":0.03,""max_depth"":3,""min_child_weight"":5.0,""n_estimators"":800,""n_jobs"":4,""objective"":""binary:logistic"",""random_state"":20260823,""reg_alpha"":0.0,""reg_lambda"":1.0,""subsample"":0.8,""tree_method"":""hist""}","[""promised_delivery_days""]",[],66cc2d77e943d8c86206486126228139bfcf2b8dceb79a4918c6983dc0187373,ee67b22f2f88aa5e7b4ce8c5c2d3142aca54b9bb2b673f2e6446bfa04bc989b6,sha256_pickle_protocol_5_fitted_wrapper,0,a6d4ea5e457fb16115588bf96c200086a69b750e8b7b7ece1538846a303a71f3,b187add9d353488cbebc63ca4c13b0952335beab4347499cee5aecdb82fe6401
breach,development_tuning,xgboost,xgboost,DP0,DP0,full,,development_fold_3,2017-11-01,3,24106,10309,e3bfae30130dce93f2dedc1476ea0ccd107cd5fd6d4b61c550fdd0ba849e09ba,c66863b27c980f56b785b4a84b195fbe26e00ea2226e44282f6883af52bffc26,c66863b27c980f56b785b4a84b195fbe26e00ea2226e44282f6883af52bffc26,"{""colsample_bytree"":0.8,""early_stopping_rounds"":50,""eval_metric"":""logloss"",""learning_rate"":0.03,""max_depth"":3,""min_child_weight"":20.0,""n_estimators"":800,""n_jobs"":4,""objective"":""binary:logistic"",""random_state"":20260823,""reg_alpha"":0.0,""reg_lambda"":1.0,""subsample"":0.8,""tree_method"":""hist""}","[""promised_delivery_days""]",[],66cc2d77e943d8c86206486126228139bfcf2b8dceb79a4918c6983dc0187373,a79e4cbfaf7c4efe17f4052345438abf2639a653b79745a558d5f5f2217102a3,sha256_pickle_protocol_5_fitted_wrapper,0,a6d4ea5e457fb16115588bf96c200086a69b750e8b7b7ece1538846a303a71f3,b187add9d353488cbebc63ca4c13b0952335beab4347499cee5aecdb82fe6401
breach,development_tuning,xgboost,xgboost,DP0,DP0,full,,development_fold_3,2017-11-01,3,24106,10309,e3bfae30130dce93f2dedc1476ea0ccd107cd5fd6d4b61c550fdd0ba849e09ba,c66863b27c980f56b785b4a84b195fbe26e00ea2226e44282f6883af52bffc26,c66863b27c980f56b785b4a84b195fbe26e00ea2226e44282f6883af52bffc26,"{""colsample_bytree"":0.8,""early_stopping_rounds"":50,""eval_metric"":""logloss"",""learning_rate"":0.03,""max_depth"":6,""min_child_weight"":5.0,""n_estimators"":800,""n_jobs"":4,""objective"":""binary:logistic"",""random_state"":20260823,""reg_alpha"":0.0,""reg_lambda"":1.0,""subsample"":0.8,""tree_method"":""hist""}","[""promised_delivery_days""]",[],66cc2d77e943d8c86206486126228139bfcf2b8dceb79a4918c6983dc0187373,e605eb0bb1ae5fdf35e97a7b53e461dc9767a462926185cd181543658912df62,sha256_pickle_protocol_5_fitted_wrapper,0,a6d4ea5e457fb16115588bf96c200086a69b750e8b7b7ece1538846a303a71f3,b187add9d353488cbebc63ca4c13b0952335beab4347499cee5aecdb82fe6401
breach,development_tuning,xgboost,xgboost,DP0,DP0,full,,development_fold_3,2017-11-01,3,24106,10309,e3bfae30130dce93f2dedc1476ea0ccd107cd5fd6d4b61c550fdd0ba849e09ba,c66863b27c980f56b785b4a84b195fbe26e00ea2226e44282f6883af52bffc26,c66863b27c980f56b785b4a84b195fbe26e00ea2226e44282f6883af52bffc26,"{""colsample_bytree"":0.8,""early_stopping_rounds"":50,""eval_metric"":""logloss"",""learning_rate"":0.03,""max_depth"":6,""min_child_weight"":20.0,""n_estimators"":800,""n_jobs"":4,""objective"":""binary:logistic"",""random_state"":20260823,""reg_alpha"":0.0,""reg_lambda"":1.0,""subsample"":0.8,""tree_method"":""hist""}","[""promised_delivery_days""]",[],66cc2d77e943d8c86206486126228139bfcf2b8dceb79a4918c6983dc0187373,9313082517f0848c18ed9212fe12bb631feec28d56fec8cdcfad6109c35d2406,sha256_pickle_protocol_5_fitted_wrapper,0,a6d4ea5e457fb16115588bf96c200086a69b750e8b7b7ece1538846a303a71f3,b187add9d353488cbebc63ca4c13b0952335beab4347499cee5aecdb82fe6401
breach,development_tuning,xgboost,xgboost,DP0,DP0,full,,development_fold_3,2017-11-01,3,24106,10309,e3bfae30130dce93f2dedc1476ea0ccd107cd5fd6d4b61c550fdd0ba849e09ba,c66863b27c980f56b785b4a84b195fbe26e00ea2226e44282f6883af52bffc26,c66863b27c980f56b785b4a84b195fbe26e00ea2226e44282f6883af52bffc26,"{""colsample_bytree"":0.8,""early_stopping_rounds"":50,""eval_metric"":""logloss"",""learning_rate"":0.05,""max_depth"":3,""min_child_weight"":5.0,""n_estimators"":800,""n_jobs"":4,""objective"":""binary:logistic"",""random_state"":20260823,""reg_alpha"":0.0,""reg_lambda"":1.0,""subsample"":0.8,""tree_method"":""hist""}","[""promised_delivery_days""]",[],66cc2d77e943d8c86206486126228139bfcf2b8dceb79a4918c6983dc0187373,e6fb89c72e2cd04fcdbce7e36cd23041ecf6905bab872b35fb93090821a32dc1,sha256_pickle_protocol_5_fitted_wrapper,0,a6d4ea5e457fb16115588bf96c200086a69b750e8b7b7ece1538846a303a71f3,b187add9d353488cbebc63ca4c13b0952335beab4347499cee5aecdb82fe6401
breach,development_tuning,xgboost,xgboost,DP0,DP0,full,,development_fold_3,2017-11-01,3,24106,10309,e3bfae30130dce93f2dedc1476ea0ccd107cd5fd6d4b61c550fdd0ba849e09ba,c66863b27c980f56b785b4a84b195fbe26e00ea2226e44282f6883af52bffc26,c66863b27c980f56b785b4a84b195fbe26e00ea2226e44282f6883af52bffc26,"{""colsample_bytree"":0.8,""early_stopping_rounds"":50,""eval_metric"":""logloss"",""learning_rate"":0.05,""max_depth"":3,""min_child_weight"":20.0,""n_estimators"":800,""n_jobs"":4,""objective"":""binary:logistic"",""random_state"":20260823,""reg_alpha"":0.0,""reg_lambda"":1.0,""subsample"":0.8,""tree_method"":""hist""}","[""promised_delivery_days""]",[],66cc2d77e943d8c86206486126228139bfcf2b8dceb79a4918c6983dc0187373,ae62bb76c1d7524c667cc2e93da7ba3228b05bcecc8b51fd03ab1afe3338818c,sha256_pickle_protocol_5_fitted_wrapper,0,a6d4ea5e457fb16115588bf96c200086a69b750e8b7b7ece1538846a303a71f3,b187add9d353488cbebc63ca4c13b0952335beab4347499cee5aecdb82fe6401
breach,development_tuning,xgboost,xgboost,DP0,DP0,full,,development_fold_3,2017-11-01,3,24106,10309,e3bfae30130dce93f2dedc1476ea0ccd107cd5fd6d4b61c550fdd0ba849e09ba,c66863b27c980f56b785b4a84b195fbe26e00ea2226e44282f6883af52bffc26,c66863b27c980f56b785b4a84b195fbe26e00ea2226e44282f6883af52bffc26,"{""colsample_bytree"":0.8,""early_stopping_rounds"":50,""eval_metric"":""logloss"",""learning_rate"":0.05,""max_depth"":6,""min_child_weight"":5.0,""n_estimators"":800,""n_jobs"":4,""objective"":""binary:logistic"",""random_state"":20260823,""reg_alpha"":0.0,""reg_lambda"":1.0,""subsample"":0.8,""tree_method"":""hist""}","[""promised_delivery_days""]",[],66cc2d77e943d8c86206486126228139bfcf2b8dceb79a4918c6983dc0187373,a3964b528bb3af748082cb998770cfc4f49ea735a2b4e471fd1b81a33f20d44b,sha256_pickle_protocol_5_fitted_wrapper,0,a6d4ea5e457fb16115588bf96c200086a69b750e8b7b7ece1538846a303a71f3,b187add9d353488cbebc63ca4c13b0952335beab4347499cee5aecdb82fe6401
breach,development_tuning,xgboost,xgboost,DP0,DP0,full,,development_fold_3,2017-11-01,3,24106,10309,e3bfae30130dce93f2dedc1476ea0ccd107cd5fd6d4b61c550fdd0ba849e09ba,c66863b27c980f56b785b4a84b195fbe26e00ea2226e44282f6883af52bffc26,c66863b27c980f56b785b4a84b195fbe26e00ea2226e44282f6883af52bffc26,"{""colsample_bytree"":0.8,""early_stopping_rounds"":50,""eval_metric"":""logloss"",""learning_rate"":0.05,""max_depth"":6,""min_child_weight"":20.0,""n_estimators"":800,""n_jobs"":4,""objective"":""binary:logistic"",""random_state"":20260823,""reg_alpha"":0.0,""reg_lambda"":1.0,""subsample"":0.8,""tree_method"":""hist""}","[""promised_delivery_days""]",[],66cc2d77e943d8c86206486126228139bfcf2b8dceb79a4918c6983dc0187373,9cd114e953537eae2b3cd6393f188f16d8dc58cb435d9f5267986875bee9244f,sha256_pickle_protocol_5_fitted_wrapper,0,a6d4ea5e457fb16115588bf96c200086a69b750e8b7b7ece1538846a303a71f3,b187add9d353488cbebc63ca4c13b0952335beab4347499cee5aecdb82fe6401
breach,later_evaluation,logistic_l2,logistic_l2,DP0,DP0,full,,2018-01,2018-01-01 00:00:00,,35981,7069,96cab33fe9aa2c645b95d864cd8ad73f21f028817e839c487b423b134b3104f9,ee393306bea41ea6bceb8fcfabd7cbb43b7db39a083d42187f0a69ab3a3539a6,ee393306bea41ea6bceb8fcfabd7cbb43b7db39a083d42187f0a69ab3a3539a6,"{""C"":10.0,""class_weight"":null,""max_iter"":1000,""penalty"":""l2"",""random_state"":20260823,""solver"":""liblinear""}","[""promised_delivery_days""]",[],66cc2d77e943d8c86206486126228139bfcf2b8dceb79a4918c6983dc0187373,46675fb422177ee9b1dd69df4d376e1fe67a3a99808c8cc426182a494de07334,sha256_pickle_protocol_5_fitted_wrapper,,a6d4ea5e457fb16115588bf96c200086a69b750e8b7b7ece1538846a303a71f3,b187add9d353488cbebc63ca4c13b0952335beab4347499cee5aecdb82fe6401
breach,later_evaluation,logistic_l2,logistic_l2,DPB,DPB,full,,2018-01,2018-01-01 00:00:00,,35981,7069,96cab33fe9aa2c645b95d864cd8ad73f21f028817e839c487b423b134b3104f9,ee393306bea41ea6bceb8fcfabd7cbb43b7db39a083d42187f0a69ab3a3539a6,ee393306bea41ea6bceb8fcfabd7cbb43b7db39a083d42187f0a69ab3a3539a6,"{""C"":10.0,""class_weight"":null,""max_iter"":1000,""penalty"":""l2"",""random_state"":20260823,""solver"":""liblinear""}","[""promised_delivery_days"",""S1_score"",""S1_log1p_support"",""S1_cold_start"",""S1_posterior_se"",""S1_freshness_days"",""S2_score"",""S2_log1p_support"",""S2_cold_start"",""S2_posterior_se"",""S2_freshness_days"",""R1_score"",""R1_log1p_support"",""R1_cold_start"",""R1_posterior_se"",""R1_freshness_days"",""R2_score"",""R2_log1p_support"",""R2_cold_start"",""R2_posterior_se"",""R2_freshness_days""]",[],a0454aa702bc9350c7e026aecaf277c55a2b1f3ba8cdb7fc41bd7869195f33b0,57943f75a2d0f9777a4efa05946db9096d4f33b3b726106f0f1aee51573a8f05,sha256_pickle_protocol_5_fitted_wrapper,,a6d4ea5e457fb16115588bf96c200086a69b750e8b7b7ece1538846a303a71f3,b187add9d353488cbebc63ca4c13b0952335beab4347499cee5aecdb82fe6401
breach,later_evaluation,logistic_l2,logistic_l2,DPG,DPG,full,,2018-01,2018-01-01 00:00:00,,35981,7069,96cab33fe9aa2c645b95d864cd8ad73f21f028817e839c487b423b134b3104f9,ee393306bea41ea6bceb8fcfabd7cbb43b7db39a083d42187f0a69ab3a3539a6,ee393306bea41ea6bceb8fcfabd7cbb43b7db39a083d42187f0a69ab3a3539a6,"{""C"":10.0,""class_weight"":null,""max_iter"":1000,""penalty"":""l2"",""random_state"":20260823,""solver"":""liblinear""}","[""promised_delivery_days"",""R1_score"",""R1_log1p_support"",""R1_cold_start"",""R1_posterior_se"",""R1_freshness_days"",""R2_score"",""R2_log1p_support"",""R2_cold_start"",""R2_posterior_se"",""R2_freshness_days""]",[],55592a9c7809091ef26b0d7746c6992457e035aec9ee88f8469c73ec59a57b49,d44e1bb6074f7752424e2bf7de4a58936812aed0c1dd7dd20f4361b85d4b3947,sha256_pickle_protocol_5_fitted_wrapper,,a6d4ea5e457fb16115588bf96c200086a69b750e8b7b7ece1538846a303a71f3,b187add9d353488cbebc63ca4c13b0952335beab4347499cee5aecdb82fe6401
breach,later_evaluation,logistic_l2,logistic_l2,DPS,DPS,full,,2018-01,2018-01-01 00:00:00,,35981,7069,96cab33fe9aa2c645b95d864cd8ad73f21f028817e839c487b423b134b3104f9,ee393306bea41ea6bceb8fcfabd7cbb43b7db39a083d42187f0a69ab3a3539a6,ee393306bea41ea6bceb8fcfabd7cbb43b7db39a083d42187f0a69ab3a3539a6,"{""C"":10.0,""class_weight"":null,""max_iter"":1000,""penalty"":""l2"",""random_state"":20260823,""solver"":""liblinear""}","[""promised_delivery_days"",""S1_score"",""S1_log1p_support"",""S1_cold_start"",""S1_posterior_se"",""S1_freshness_days"",""S2_score"",""S2_log1p_support"",""S2_cold_start"",""S2_posterior_se"",""S2_freshness_days""]",[],94151faa7df685010a340beef27998ed0590545d3c929a0e725a31e63da5100f,79caf4f9a33a95b860427a8fede3db8a80fb3b9a6210fa8fcf2b17a79d859d02,sha256_pickle_protocol_5_fitted_wrapper,,a6d4ea5e457fb16115588bf96c200086a69b750e8b7b7ece1538846a303a71f3,b187add9d353488cbebc63ca4c13b0952335beab4347499cee5aecdb82fe6401
breach,later_evaluation,xgboost,xgboost,DP0,DP0,full,,2018-01,2018-01-01 00:00:00,,35981,7069,96cab33fe9aa2c645b95d864cd8ad73f21f028817e839c487b423b134b3104f9,ee393306bea41ea6bceb8fcfabd7cbb43b7db39a083d42187f0a69ab3a3539a6,ee393306bea41ea6bceb8fcfabd7cbb43b7db39a083d42187f0a69ab3a3539a6,"{""colsample_bytree"":0.8,""eval_metric"":""logloss"",""learning_rate"":0.03,""max_depth"":3,""min_child_weight"":5.0,""n_estimators"":4,""n_jobs"":4,""objective"":""binary:logistic"",""random_state"":20260823,""reg_alpha"":0.0,""reg_lambda"":1.0,""subsample"":0.8,""tree_method"":""hist""}","[""promised_delivery_days""]",[],66cc2d77e943d8c86206486126228139bfcf2b8dceb79a4918c6983dc0187373,bd2590b6d8f4b87eb5104ed856babb8a2983cfde7a82547f93bd4f7a059f1ab1,sha256_pickle_protocol_5_fitted_wrapper,,a6d4ea5e457fb16115588bf96c200086a69b750e8b7b7ece1538846a303a71f3,b187add9d353488cbebc63ca4c13b0952335beab4347499cee5aecdb82fe6401
breach,later_evaluation,xgboost,xgboost,DPB,DPB,full,,2018-01,2018-01-01 00:00:00,,35981,7069,96cab33fe9aa2c645b95d864cd8ad73f21f028817e839c487b423b134b3104f9,ee393306bea41ea6bceb8fcfabd7cbb43b7db39a083d42187f0a69ab3a3539a6,ee393306bea41ea6bceb8fcfabd7cbb43b7db39a083d42187f0a69ab3a3539a6,"{""colsample_bytree"":0.8,""eval_metric"":""logloss"",""learning_rate"":0.03,""max_depth"":3,""min_child_weight"":5.0,""n_estimators"":4,""n_jobs"":4,""objective"":""binary:logistic"",""random_state"":20260823,""reg_alpha"":0.0,""reg_lambda"":1.0,""subsample"":0.8,""tree_method"":""hist""}","[""promised_delivery_days"",""S1_score"",""S1_log1p_support"",""S1_cold_start"",""S1_posterior_se"",""S1_freshness_days"",""S2_score"",""S2_log1p_support"",""S2_cold_start"",""S2_posterior_se"",""S2_freshness_days"",""R1_score"",""R1_log1p_support"",""R1_cold_start"",""R1_posterior_se"",""R1_freshness_days"",""R2_score"",""R2_log1p_support"",""R2_cold_start"",""R2_posterior_se"",""R2_freshness_days""]",[],a0454aa702bc9350c7e026aecaf277c55a2b1f3ba8cdb7fc41bd7869195f33b0,86a7f8d92ace33260a342f47ed7afdd68157dc28f60ecaec98f3704f9f5111e6,sha256_pickle_protocol_5_fitted_wrapper,,a6d4ea5e457fb16115588bf96c200086a69b750e8b7b7ece1538846a303a71f3,b187add9d353488cbebc63ca4c13b0952335beab4347499cee5aecdb82fe6401
breach,later_evaluation,xgboost,xgboost,DPG,DPG,full,,2018-01,2018-01-01 00:00:00,,35981,7069,96cab33fe9aa2c645b95d864cd8ad73f21f028817e839c487b423b134b3104f9,ee393306bea41ea6bceb8fcfabd7cbb43b7db39a083d42187f0a69ab3a3539a6,ee393306bea41ea6bceb8fcfabd7cbb43b7db39a083d42187f0a69ab3a3539a6,"{""colsample_bytree"":0.8,""eval_metric"":""logloss"",""learning_rate"":0.03,""max_depth"":3,""min_child_weight"":5.0,""n_estimators"":4,""n_jobs"":4,""objective"":""binary:logistic"",""random_state"":20260823,""reg_alpha"":0.0,""reg_lambda"":1.0,""subsample"":0.8,""tree_method"":""hist""}","[""promised_delivery_days"",""R1_score"",""R1_log1p_support"",""R1_cold_start"",""R1_posterior_se"",""R1_freshness_days"",""R2_score"",""R2_log1p_support"",""R2_cold_start"",""R2_posterior_se"",""R2_freshness_days""]",[],55592a9c7809091ef26b0d7746c6992457e035aec9ee88f8469c73ec59a57b49,f0ffe4452ab348b733184f5d749e4c4ec655940e204c9fbc3d9df0bd121bc1e9,sha256_pickle_protocol_5_fitted_wrapper,,a6d4ea5e457fb16115588bf96c200086a69b750e8b7b7ece1538846a303a71f3,b187add9d353488cbebc63ca4c13b0952335beab4347499cee5aecdb82fe6401
breach,later_evaluation,xgboost,xgboost,DPS,DPS,full,,2018-01,2018-01-01 00:00:00,,35981,7069,96cab33fe9aa2c645b95d864cd8ad73f21f028817e839c487b423b134b3104f9,ee393306bea41ea6bceb8fcfabd7cbb43b7db39a083d42187f0a69ab3a3539a6,ee393306bea41ea6bceb8fcfabd7cbb43b7db39a083d42187f0a69ab3a3539a6,"{""colsample_bytree"":0.8,""eval_metric"":""logloss"",""learning_rate"":0.03,""max_depth"":3,""min_child_weight"":5.0,""n_estimators"":4,""n_jobs"":4,""objective"":""binary:logistic"",""random_state"":20260823,""reg_alpha"":0.0,""reg_lambda"":1.0,""subsample"":0.8,""tree_method"":""hist""}","[""promised_delivery_days"",""S1_score"",""S1_log1p_support"",""S1_cold_start"",""S1_posterior_se"",""S1_freshness_days"",""S2_score"",""S2_log1p_support"",""S2_cold_start"",""S2_posterior_se"",""S2_freshness_days""]",[],94151faa7df685010a340beef27998ed0590545d3c929a0e725a31e63da5100f,f33bb420e427da45e831191b3cba099d0cf9d8baa1848508a2fcb8a13e9e1a1c,sha256_pickle_protocol_5_fitted_wrapper,,a6d4ea5e457fb16115588bf96c200086a69b750e8b7b7ece1538846a303a71f3,b187add9d353488cbebc63ca4c13b0952335beab4347499cee5aecdb82fe6401
breach,later_evaluation,logistic_l2,logistic_l2,DP0,DP0,full,,2018-02,2018-02-01 00:00:00,,42578,6555,a51820ff53f7771f9c44ce45be1dcb2d238a8e28dccc88b566859c028e0e982b,02786257f3541e7684cbb92ee3533cd5479cfac0aa39a1f4199a4465c8ee2f98,02786257f3541e7684cbb92ee3533cd5479cfac0aa39a1f4199a4465c8ee2f98,"{""C"":10.0,""class_weight"":null,""max_iter"":1000,""penalty"":""l2"",""random_state"":20260823,""solver"":""liblinear""}","[""promised_delivery_days""]",[],66cc2d77e943d8c86206486126228139bfcf2b8dceb79a4918c6983dc0187373,a8cb8604f0f776858c5ecab45050abee97323f894e0032a566c1ebbfb1d8035c,sha256_pickle_protocol_5_fitted_wrapper,,a6d4ea5e457fb16115588bf96c200086a69b750e8b7b7ece1538846a303a71f3,b187add9d353488cbebc63ca4c13b0952335beab4347499cee5aecdb82fe6401
breach,later_evaluation,logistic_l2,logistic_l2,DPB,DPB,full,,2018-02,2018-02-01 00:00:00,,42578,6555,a51820ff53f7771f9c44ce45be1dcb2d238a8e28dccc88b566859c028e0e982b,02786257f3541e7684cbb92ee3533cd5479cfac0aa39a1f4199a4465c8ee2f98,02786257f3541e7684cbb92ee3533cd5479cfac0aa39a1f4199a4465c8ee2f98,"{""C"":10.0,""class_weight"":null,""max_iter"":1000,""penalty"":""l2"",""random_state"":20260823,""solver"":""liblinear""}","[""promised_delivery_days"",""S1_score"",""S1_log1p_support"",""S1_cold_start"",""S1_posterior_se"",""S1_freshness_days"",""S2_score"",""S2_log1p_support"",""S2_cold_start"",""S2_posterior_se"",""S2_freshness_days"",""R1_score"",""R1_log1p_support"",""R1_cold_start"",""R1_posterior_se"",""R1_freshness_days"",""R2_score"",""R2_log1p_support"",""R2_cold_start"",""R2_posterior_se"",""R2_freshness_days""]",[],a0454aa702bc9350c7e026aecaf277c55a2b1f3ba8cdb7fc41bd7869195f33b0,9443d164e5e393404315e15625287839412c845d51a1635fc89d6beaea79c1a3,sha256_pickle_protocol_5_fitted_wrapper,,a6d4ea5e457fb16115588bf96c200086a69b750e8b7b7ece1538846a303a71f3,b187add9d353488cbebc63ca4c13b0952335beab4347499cee5aecdb82fe6401
breach,later_evaluation,logistic_l2,logistic_l2,DPG,DPG,full,,2018-02,2018-02-01 00:00:00,,42578,6555,a51820ff53f7771f9c44ce45be1dcb2d238a8e28dccc88b566859c028e0e982b,02786257f3541e7684cbb92ee3533cd5479cfac0aa39a1f4199a4465c8ee2f98,02786257f3541e7684cbb92ee3533cd5479cfac0aa39a1f4199a4465c8ee2f98,"{""C"":10.0,""class_weight"":null,""max_iter"":1000,""penalty"":""l2"",""random_state"":20260823,""solver"":""liblinear""}","[""promised_delivery_days"",""R1_score"",""R1_log1p_support"",""R1_cold_start"",""R1_posterior_se"",""R1_freshness_days"",""R2_score"",""R2_log1p_support"",""R2_cold_start"",""R2_posterior_se"",""R2_freshness_days""]",[],55592a9c7809091ef26b0d7746c6992457e035aec9ee88f8469c73ec59a57b49,e4d3eea2aa85bb97789ac237a611c126c1bd820e4fe37ef2e90f640e27c6c8a7,sha256_pickle_protocol_5_fitted_wrapper,,a6d4ea5e457fb16115588bf96c200086a69b750e8b7b7ece1538846a303a71f3,b187add9d353488cbebc63ca4c13b0952335beab4347499cee5aecdb82fe6401
breach,later_evaluation,logistic_l2,logistic_l2,DPS,DPS,full,,2018-02,2018-02-01 00:00:00,,42578,6555,a51820ff53f7771f9c44ce45be1dcb2d238a8e28dccc88b566859c028e0e982b,02786257f3541e7684cbb92ee3533cd5479cfac0aa39a1f4199a4465c8ee2f98,02786257f3541e7684cbb92ee3533cd5479cfac0aa39a1f4199a4465c8ee2f98,"{""C"":10.0,""class_weight"":null,""max_iter"":1000,""penalty"":""l2"",""random_state"":20260823,""solver"":""liblinear""}","[""promised_delivery_days"",""S1_score"",""S1_log1p_support"",""S1_cold_start"",""S1_posterior_se"",""S1_freshness_days"",""S2_score"",""S2_log1p_support"",""S2_cold_start"",""S2_posterior_se"",""S2_freshness_days""]",[],94151faa7df685010a340beef27998ed0590545d3c929a0e725a31e63da5100f,e0a7b8c16683aca61dfb68dd0becd99eda5f20940a80352f0cf2452952037c39,sha256_pickle_protocol_5_fitted_wrapper,,a6d4ea5e457fb16115588bf96c200086a69b750e8b7b7ece1538846a303a71f3,b187add9d353488cbebc63ca4c13b0952335beab4347499cee5aecdb82fe6401
breach,later_evaluation,xgboost,xgboost,DP0,DP0,full,,2018-02,2018-02-01 00:00:00,,42578,6555,a51820ff53f7771f9c44ce45be1dcb2d238a8e28dccc88b566859c028e0e982b,02786257f3541e7684cbb92ee3533cd5479cfac0aa39a1f4199a4465c8ee2f98,02786257f3541e7684cbb92ee3533cd5479cfac0aa39a1f4199a4465c8ee2f98,"{""colsample_bytree"":0.8,""eval_metric"":""logloss"",""learning_rate"":0.03,""max_depth"":3,""min_child_weight"":5.0,""n_estimators"":4,""n_jobs"":4,""objective"":""binary:logistic"",""random_state"":20260823,""reg_alpha"":0.0,""reg_lambda"":1.0,""subsample"":0.8,""tree_method"":""hist""}","[""promised_delivery_days""]",[],66cc2d77e943d8c86206486126228139bfcf2b8dceb79a4918c6983dc0187373,d73b829acd99738a4439a9617c00d6c1853264dafc0ddc6eba6af6485003e07a,sha256_pickle_protocol_5_fitted_wrapper,,a6d4ea5e457fb16115588bf96c200086a69b750e8b7b7ece1538846a303a71f3,b187add9d353488cbebc63ca4c13b0952335beab4347499cee5aecdb82fe6401
breach,later_evaluation,xgboost,xgboost,DPB,DPB,full,,2018-02,2018-02-01 00:00:00,,42578,6555,a51820ff53f7771f9c44ce45be1dcb2d238a8e28dccc88b566859c028e0e982b,02786257f3541e7684cbb92ee3533cd5479cfac0aa39a1f4199a4465c8ee2f98,02786257f3541e7684cbb92ee3533cd5479cfac0aa39a1f4199a4465c8ee2f98,"{""colsample_bytree"":0.8,""eval_metric"":""logloss"",""learning_rate"":0.03,""max_depth"":3,""min_child_weight"":5.0,""n_estimators"":4,""n_jobs"":4,""objective"":""binary:logistic"",""random_state"":20260823,""reg_alpha"":0.0,""reg_lambda"":1.0,""subsample"":0.8,""tree_method"":""hist""}","[""promised_delivery_days"",""S1_score"",""S1_log1p_support"",""S1_cold_start"",""S1_posterior_se"",""S1_freshness_days"",""S2_score"",""S2_log1p_support"",""S2_cold_start"",""S2_posterior_se"",""S2_freshness_days"",""R1_score"",""R1_log1p_support"",""R1_cold_start"",""R1_posterior_se"",""R1_freshness_days"",""R2_score"",""R2_log1p_support"",""R2_cold_start"",""R2_posterior_se"",""R2_freshness_days""]",[],a0454aa702bc9350c7e026aecaf277c55a2b1f3ba8cdb7fc41bd7869195f33b0,8c7636cc25f064c253b990368fe9224c1f8cbf16cdacd64db23c63695d52b920,sha256_pickle_protocol_5_fitted_wrapper,,a6d4ea5e457fb16115588bf96c200086a69b750e8b7b7ece1538846a303a71f3,b187add9d353488cbebc63ca4c13b0952335beab4347499cee5aecdb82fe6401
breach,later_evaluation,xgboost,xgboost,DPG,DPG,full,,2018-02,2018-02-01 00:00:00,,42578,6555,a51820ff53f7771f9c44ce45be1dcb2d238a8e28dccc88b566859c028e0e982b,02786257f3541e7684cbb92ee3533cd5479cfac0aa39a1f4199a4465c8ee2f98,02786257f3541e7684cbb92ee3533cd5479cfac0aa39a1f4199a4465c8ee2f98,"{""colsample_bytree"":0.8,""eval_metric"":""logloss"",""learning_rate"":0.03,""max_depth"":3,""min_child_weight"":5.0,""n_estimators"":4,""n_jobs"":4,""objective"":""binary:logistic"",""random_state"":20260823,""reg_alpha"":0.0,""reg_lambda"":1.0,""subsample"":0.8,""tree_method"":""hist""}","[""promised_delivery_days"",""R1_score"",""R1_log1p_support"",""R1_cold_start"",""R1_posterior_se"",""R1_freshness_days"",""R2_score"",""R2_log1p_support"",""R2_cold_start"",""R2_posterior_se"",""R2_freshness_days""]",[],55592a9c7809091ef26b0d7746c6992457e035aec9ee88f8469c73ec59a57b49,22c8a81d99fa25cff298ca3ff2f9a92ae0baf56e645498926b0d51e2e2c125c7,sha256_pickle_protocol_5_fitted_wrapper,,a6d4ea5e457fb16115588bf96c200086a69b750e8b7b7ece1538846a303a71f3,b187add9d353488cbebc63ca4c13b0952335beab4347499cee5aecdb82fe6401
breach,later_evaluation,xgboost,xgboost,DPS,DPS,full,,2018-02,2018-02-01 00:00:00,,42578,6555,a51820ff53f7771f9c44ce45be1dcb2d238a8e28dccc88b566859c028e0e982b,02786257f3541e7684cbb92ee3533cd5479cfac0aa39a1f4199a4465c8ee2f98,02786257f3541e7684cbb92ee3533cd5479cfac0aa39a1f4199a4465c8ee2f98,"{""colsample_bytree"":0.8,""eval_metric"":""logloss"",""learning_rate"":0.03,""max_depth"":3,""min_child_weight"":5.0,""n_estimators"":4,""n_jobs"":4,""objective"":""binary:logistic"",""random_state"":20260823,""reg_alpha"":0.0,""reg_lambda"":1.0,""subsample"":0.8,""tree_method"":""hist""}","[""promised_delivery_days"",""S1_score"",""S1_log1p_support"",""S1_cold_start"",""S1_posterior_se"",""S1_freshness_days"",""S2_score"",""S2_log1p_support"",""S2_cold_start"",""S2_posterior_se"",""S2_freshness_days""]",[],94151faa7df685010a340beef27998ed0590545d3c929a0e725a31e63da5100f,6ad94722b36420097ace54122da3591d30c5c5a0e2c5889821b8dddd183b6440,sha256_pickle_protocol_5_fitted_wrapper,,a6d4ea5e457fb16115588bf96c200086a69b750e8b7b7ece1538846a303a71f3,b187add9d353488cbebc63ca4c13b0952335beab4347499cee5aecdb82fe6401
breach,later_evaluation,logistic_l2,logistic_l2,DP0,DP0,full,,2018-03,2018-03-01 00:00:00,,48428,7003,0e3212d395457178a073ebc728d0c7ab83077476c2a4307bc15f4df202380809,184fab6850ceddcb6640c6d7c40a99ad76b6567a0af96fd41049a0eaafe65828,184fab6850ceddcb6640c6d7c40a99ad76b6567a0af96fd41049a0eaafe65828,"{""C"":10.0,""class_weight"":null,""max_iter"":1000,""penalty"":""l2"",""random_state"":20260823,""solver"":""liblinear""}","[""promised_delivery_days""]",[],66cc2d77e943d8c86206486126228139bfcf2b8dceb79a4918c6983dc0187373,22cf12e9c037f6ca71efb154eb3124f6d687e79288f677cd471c943964943d7d,sha256_pickle_protocol_5_fitted_wrapper,,a6d4ea5e457fb16115588bf96c200086a69b750e8b7b7ece1538846a303a71f3,b187add9d353488cbebc63ca4c13b0952335beab4347499cee5aecdb82fe6401
breach,later_evaluation,logistic_l2,logistic_l2,DPB,DPB,full,,2018-03,2018-03-01 00:00:00,,48428,7003,0e3212d395457178a073ebc728d0c7ab83077476c2a4307bc15f4df202380809,184fab6850ceddcb6640c6d7c40a99ad76b6567a0af96fd41049a0eaafe65828,184fab6850ceddcb6640c6d7c40a99ad76b6567a0af96fd41049a0eaafe65828,"{""C"":10.0,""class_weight"":null,""max_iter"":1000,""penalty"":""l2"",""random_state"":20260823,""solver"":""liblinear""}","[""promised_delivery_days"",""S1_score"",""S1_log1p_support"",""S1_cold_start"",""S1_posterior_se"",""S1_freshness_days"",""S2_score"",""S2_log1p_support"",""S2_cold_start"",""S2_posterior_se"",""S2_freshness_days"",""R1_score"",""R1_log1p_support"",""R1_cold_start"",""R1_posterior_se"",""R1_freshness_days"",""R2_score"",""R2_log1p_support"",""R2_cold_start"",""R2_posterior_se"",""R2_freshness_days""]",[],a0454aa702bc9350c7e026aecaf277c55a2b1f3ba8cdb7fc41bd7869195f33b0,00ecd74f4678f94279a4064ce5804b89ed5efb257549258f93e6483fab5f789c,sha256_pickle_protocol_5_fitted_wrapper,,a6d4ea5e457fb16115588bf96c200086a69b750e8b7b7ece1538846a303a71f3,b187add9d353488cbebc63ca4c13b0952335beab4347499cee5aecdb82fe6401
breach,later_evaluation,logistic_l2,logistic_l2,DPG,DPG,full,,2018-03,2018-03-01 00:00:00,,48428,7003,0e3212d395457178a073ebc728d0c7ab83077476c2a4307bc15f4df202380809,184fab6850ceddcb6640c6d7c40a99ad76b6567a0af96fd41049a0eaafe65828,184fab6850ceddcb6640c6d7c40a99ad76b6567a0af96fd41049a0eaafe65828,"{""C"":10.0,""class_weight"":null,""max_iter"":1000,""penalty"":""l2"",""random_state"":20260823,""solver"":""liblinear""}","[""promised_delivery_days"",""R1_score"",""R1_log1p_support"",""R1_cold_start"",""R1_posterior_se"",""R1_freshness_days"",""R2_score"",""R2_log1p_support"",""R2_cold_start"",""R2_posterior_se"",""R2_freshness_days""]",[],55592a9c7809091ef26b0d7746c6992457e035aec9ee88f8469c73ec59a57b49,4e87445cc12e7fa0e2fe82c7cfb155af1f47389e6d118c53e297abc401347be5,sha256_pickle_protocol_5_fitted_wrapper,,a6d4ea5e457fb16115588bf96c200086a69b750e8b7b7ece1538846a303a71f3,b187add9d353488cbebc63ca4c13b0952335beab4347499cee5aecdb82fe6401
breach,later_evaluation,logistic_l2,logistic_l2,DPS,DPS,full,,2018-03,2018-03-01 00:00:00,,48428,7003,0e3212d395457178a073ebc728d0c7ab83077476c2a4307bc15f4df202380809,184fab6850ceddcb6640c6d7c40a99ad76b6567a0af96fd41049a0eaafe65828,184fab6850ceddcb6640c6d7c40a99ad76b6567a0af96fd41049a0eaafe65828,"{""C"":10.0,""class_weight"":null,""max_iter"":1000,""penalty"":""l2"",""random_state"":20260823,""solver"":""liblinear""}","[""promised_delivery_days"",""S1_score"",""S1_log1p_support"",""S1_cold_start"",""S1_posterior_se"",""S1_freshness_days"",""S2_score"",""S2_log1p_support"",""S2_cold_start"",""S2_posterior_se"",""S2_freshness_days""]",[],94151faa7df685010a340beef27998ed0590545d3c929a0e725a31e63da5100f,996acd971bf78b1f76d43b63482c3a11619744aea3fcb1f886fdbd1a83a7a927,sha256_pickle_protocol_5_fitted_wrapper,,a6d4ea5e457fb16115588bf96c200086a69b750e8b7b7ece1538846a303a71f3,b187add9d353488cbebc63ca4c13b0952335beab4347499cee5aecdb82fe6401
breach,later_evaluation,xgboost,xgboost,DP0,DP0,full,,2018-03,2018-03-01 00:00:00,,48428,7003,0e3212d395457178a073ebc728d0c7ab83077476c2a4307bc15f4df202380809,184fab6850ceddcb6640c6d7c40a99ad76b6567a0af96fd41049a0eaafe65828,184fab6850ceddcb6640c6d7c40a99ad76b6567a0af96fd41049a0eaafe65828,"{""colsample_bytree"":0.8,""eval_metric"":""logloss"",""learning_rate"":0.03,""max_depth"":3,""min_child_weight"":5.0,""n_estimators"":4,""n_jobs"":4,""objective"":""binary:logistic"",""random_state"":20260823,""reg_alpha"":0.0,""reg_lambda"":1.0,""subsample"":0.8,""tree_method"":""hist""}","[""promised_delivery_days""]",[],66cc2d77e943d8c86206486126228139bfcf2b8dceb79a4918c6983dc0187373,79c5a2f1cade524e958f369549b205b1a45b0631b789d48296a39bef69e8d9a2,sha256_pickle_protocol_5_fitted_wrapper,,a6d4ea5e457fb16115588bf96c200086a69b750e8b7b7ece1538846a303a71f3,b187add9d353488cbebc63ca4c13b0952335beab4347499cee5aecdb82fe6401
breach,later_evaluation,xgboost,xgboost,DPB,DPB,full,,2018-03,2018-03-01 00:00:00,,48428,7003,0e3212d395457178a073ebc728d0c7ab83077476c2a4307bc15f4df202380809,184fab6850ceddcb6640c6d7c40a99ad76b6567a0af96fd41049a0eaafe65828,184fab6850ceddcb6640c6d7c40a99ad76b6567a0af96fd41049a0eaafe65828,"{""colsample_bytree"":0.8,""eval_metric"":""logloss"",""learning_rate"":0.03,""max_depth"":3,""min_child_weight"":5.0,""n_estimators"":4,""n_jobs"":4,""objective"":""binary:logistic"",""random_state"":20260823,""reg_alpha"":0.0,""reg_lambda"":1.0,""subsample"":0.8,""tree_method"":""hist""}","[""promised_delivery_days"",""S1_score"",""S1_log1p_support"",""S1_cold_start"",""S1_posterior_se"",""S1_freshness_days"",""S2_score"",""S2_log1p_support"",""S2_cold_start"",""S2_posterior_se"",""S2_freshness_days"",""R1_score"",""R1_log1p_support"",""R1_cold_start"",""R1_posterior_se"",""R1_freshness_days"",""R2_score"",""R2_log1p_support"",""R2_cold_start"",""R2_posterior_se"",""R2_freshness_days""]",[],a0454aa702bc9350c7e026aecaf277c55a2b1f3ba8cdb7fc41bd7869195f33b0,c50de25c29db4a2b16e16537f934d9bdfcaace91a1f8f4d55886e11093615b76,sha256_pickle_protocol_5_fitted_wrapper,,a6d4ea5e457fb16115588bf96c200086a69b750e8b7b7ece1538846a303a71f3,b187add9d353488cbebc63ca4c13b0952335beab4347499cee5aecdb82fe6401
breach,later_evaluation,xgboost,xgboost,DPG,DPG,full,,2018-03,2018-03-01 00:00:00,,48428,7003,0e3212d395457178a073ebc728d0c7ab83077476c2a4307bc15f4df202380809,184fab6850ceddcb6640c6d7c40a99ad76b6567a0af96fd41049a0eaafe65828,184fab6850ceddcb6640c6d7c40a99ad76b6567a0af96fd41049a0eaafe65828,"{""colsample_bytree"":0.8,""eval_metric"":""logloss"",""learning_rate"":0.03,""max_depth"":3,""min_child_weight"":5.0,""n_estimators"":4,""n_jobs"":4,""objective"":""binary:logistic"",""random_state"":20260823,""reg_alpha"":0.0,""reg_lambda"":1.0,""subsample"":0.8,""tree_method"":""hist""}","[""promised_delivery_days"",""R1_score"",""R1_log1p_support"",""R1_cold_start"",""R1_posterior_se"",""R1_freshness_days"",""R2_score"",""R2_log1p_support"",""R2_cold_start"",""R2_posterior_se"",""R2_freshness_days""]",[],55592a9c7809091ef26b0d7746c6992457e035aec9ee88f8469c73ec59a57b49,97c147f3d44dcd90ddfb296894c87bcc28cf63ee52aa9cd45f2e31db14ab8363,sha256_pickle_protocol_5_fitted_wrapper,,a6d4ea5e457fb16115588bf96c200086a69b750e8b7b7ece1538846a303a71f3,b187add9d353488cbebc63ca4c13b0952335beab4347499cee5aecdb82fe6401
breach,later_evaluation,xgboost,xgboost,DPS,DPS,full,,2018-03,2018-03-01 00:00:00,,48428,7003,0e3212d395457178a073ebc728d0c7ab83077476c2a4307bc15f4df202380809,184fab6850ceddcb6640c6d7c40a99ad76b6567a0af96fd41049a0eaafe65828,184fab6850ceddcb6640c6d7c40a99ad76b6567a0af96fd41049a0eaafe65828,"{""colsample_bytree"":0.8,""eval_metric"":""logloss"",""learning_rate"":0.03,""max_depth"":3,""min_child_weight"":5.0,""n_estimators"":4,""n_jobs"":4,""objective"":""binary:logistic"",""random_state"":20260823,""reg_alpha"":0.0,""reg_lambda"":1.0,""subsample"":0.8,""tree_method"":""hist""}","[""promised_delivery_days"",""S1_score"",""S1_log1p_support"",""S1_cold_start"",""S1_posterior_se"",""S1_freshness_days"",""S2_score"",""S2_log1p_support"",""S2_cold_start"",""S2_posterior_se"",""S2_freshness_days""]",[],94151faa7df685010a340beef27998ed0590545d3c929a0e725a31e63da5100f,4206c1b12dc74db1d5faa9cac22e1cf55e9cec0d5efc430aa73b6cf09425f63b,sha256_pickle_protocol_5_fitted_wrapper,,a6d4ea5e457fb16115588bf96c200086a69b750e8b7b7ece1538846a303a71f3,b187add9d353488cbebc63ca4c13b0952335beab4347499cee5aecdb82fe6401
breach,later_evaluation,logistic_l2,logistic_l2,DP0,DP0,full,,2018-04,2018-04-01 00:00:00,,55252,6798,4b412a638b1385505cf90636e7df36a90b8c5117a3e28705ec46d4040550ed76,12138ebc6d34b03c6440d89e35b8db35a30d241f9f497044ef308120883e5a5b,12138ebc6d34b03c6440d89e35b8db35a30d241f9f497044ef308120883e5a5b,"{""C"":10.0,""class_weight"":null,""max_iter"":1000,""penalty"":""l2"",""random_state"":20260823,""solver"":""liblinear""}","[""promised_delivery_days""]",[],66cc2d77e943d8c86206486126228139bfcf2b8dceb79a4918c6983dc0187373,87b4e3df32ffb2f5601da25042d8af73bbad540886603bf8e0299c2d691f7a06,sha256_pickle_protocol_5_fitted_wrapper,,a6d4ea5e457fb16115588bf96c200086a69b750e8b7b7ece1538846a303a71f3,b187add9d353488cbebc63ca4c13b0952335beab4347499cee5aecdb82fe6401
breach,later_evaluation,logistic_l2,logistic_l2,DPB,DPB,full,,2018-04,2018-04-01 00:00:00,,55252,6798,4b412a638b1385505cf90636e7df36a90b8c5117a3e28705ec46d4040550ed76,12138ebc6d34b03c6440d89e35b8db35a30d241f9f497044ef308120883e5a5b,12138ebc6d34b03c6440d89e35b8db35a30d241f9f497044ef308120883e5a5b,"{""C"":10.0,""class_weight"":null,""max_iter"":1000,""penalty"":""l2"",""random_state"":20260823,""solver"":""liblinear""}","[""promised_delivery_days"",""S1_score"",""S1_log1p_support"",""S1_cold_start"",""S1_posterior_se"",""S1_freshness_days"",""S2_score"",""S2_log1p_support"",""S2_cold_start"",""S2_posterior_se"",""S2_freshness_days"",""R1_score"",""R1_log1p_support"",""R1_cold_start"",""R1_posterior_se"",""R1_freshness_days"",""R2_score"",""R2_log1p_support"",""R2_cold_start"",""R2_posterior_se"",""R2_freshness_days""]",[],a0454aa702bc9350c7e026aecaf277c55a2b1f3ba8cdb7fc41bd7869195f33b0,9bffcc2d0b726f556d5cfd01492f0f1bd4d72e6d91a68320d5d89a4142d7164d,sha256_pickle_protocol_5_fitted_wrapper,,a6d4ea5e457fb16115588bf96c200086a69b750e8b7b7ece1538846a303a71f3,b187add9d353488cbebc63ca4c13b0952335beab4347499cee5aecdb82fe6401
breach,later_evaluation,logistic_l2,logistic_l2,DPG,DPG,full,,2018-04,2018-04-01 00:00:00,,55252,6798,4b412a638b1385505cf90636e7df36a90b8c5117a3e28705ec46d4040550ed76,12138ebc6d34b03c6440d89e35b8db35a30d241f9f497044ef308120883e5a5b,12138ebc6d34b03c6440d89e35b8db35a30d241f9f497044ef308120883e5a5b,"{""C"":10.0,""class_weight"":null,""max_iter"":1000,""penalty"":""l2"",""random_state"":20260823,""solver"":""liblinear""}","[""promised_delivery_days"",""R1_score"",""R1_log1p_support"",""R1_cold_start"",""R1_posterior_se"",""R1_freshness_days"",""R2_score"",""R2_log1p_support"",""R2_cold_start"",""R2_posterior_se"",""R2_freshness_days""]",[],55592a9c7809091ef26b0d7746c6992457e035aec9ee88f8469c73ec59a57b49,46310058a0a9aadd218522726b8446925c75c0030bc8b5acaa9ef01f5abbb15a,sha256_pickle_protocol_5_fitted_wrapper,,a6d4ea5e457fb16115588bf96c200086a69b750e8b7b7ece1538846a303a71f3,b187add9d353488cbebc63ca4c13b0952335beab4347499cee5aecdb82fe6401
breach,later_evaluation,logistic_l2,logistic_l2,DPS,DPS,full,,2018-04,2018-04-01 00:00:00,,55252,6798,4b412a638b1385505cf90636e7df36a90b8c5117a3e28705ec46d4040550ed76,12138ebc6d34b03c6440d89e35b8db35a30d241f9f497044ef308120883e5a5b,12138ebc6d34b03c6440d89e35b8db35a30d241f9f497044ef308120883e5a5b,"{""C"":10.0,""class_weight"":null,""max_iter"":1000,""penalty"":""l2"",""random_state"":20260823,""solver"":""liblinear""}","[""promised_delivery_days"",""S1_score"",""S1_log1p_support"",""S1_cold_start"",""S1_posterior_se"",""S1_freshness_days"",""S2_score"",""S2_log1p_support"",""S2_cold_start"",""S2_posterior_se"",""S2_freshness_days""]",[],94151faa7df685010a340beef27998ed0590545d3c929a0e725a31e63da5100f,32e5da99683cdab1f14f37d587aeecf158ffc9b319e27e612f842a71fc1e8c3b,sha256_pickle_protocol_5_fitted_wrapper,,a6d4ea5e457fb16115588bf96c200086a69b750e8b7b7ece1538846a303a71f3,b187add9d353488cbebc63ca4c13b0952335beab4347499cee5aecdb82fe6401
breach,later_evaluation,xgboost,xgboost,DP0,DP0,full,,2018-04,2018-04-01 00:00:00,,55252,6798,4b412a638b1385505cf90636e7df36a90b8c5117a3e28705ec46d4040550ed76,12138ebc6d34b03c6440d89e35b8db35a30d241f9f497044ef308120883e5a5b,12138ebc6d34b03c6440d89e35b8db35a30d241f9f497044ef308120883e5a5b,"{""colsample_bytree"":0.8,""eval_metric"":""logloss"",""learning_rate"":0.03,""max_depth"":3,""min_child_weight"":5.0,""n_estimators"":4,""n_jobs"":4,""objective"":""binary:logistic"",""random_state"":20260823,""reg_alpha"":0.0,""reg_lambda"":1.0,""subsample"":0.8,""tree_method"":""hist""}","[""promised_delivery_days""]",[],66cc2d77e943d8c86206486126228139bfcf2b8dceb79a4918c6983dc0187373,0ea7f21c9b86473b175c6cf990fa854199a67278d92779725fe4654933f120c6,sha256_pickle_protocol_5_fitted_wrapper,,a6d4ea5e457fb16115588bf96c200086a69b750e8b7b7ece1538846a303a71f3,b187add9d353488cbebc63ca4c13b0952335beab4347499cee5aecdb82fe6401
breach,later_evaluation,xgboost,xgboost,DPB,DPB,full,,2018-04,2018-04-01 00:00:00,,55252,6798,4b412a638b1385505cf90636e7df36a90b8c5117a3e28705ec46d4040550ed76,12138ebc6d34b03c6440d89e35b8db35a30d241f9f497044ef308120883e5a5b,12138ebc6d34b03c6440d89e35b8db35a30d241f9f497044ef308120883e5a5b,"{""colsample_bytree"":0.8,""eval_metric"":""logloss"",""learning_rate"":0.03,""max_depth"":3,""min_child_weight"":5.0,""n_estimators"":4,""n_jobs"":4,""objective"":""binary:logistic"",""random_state"":20260823,""reg_alpha"":0.0,""reg_lambda"":1.0,""subsample"":0.8,""tree_method"":""hist""}","[""promised_delivery_days"",""S1_score"",""S1_log1p_support"",""S1_cold_start"",""S1_posterior_se"",""S1_freshness_days"",""S2_score"",""S2_log1p_support"",""S2_cold_start"",""S2_posterior_se"",""S2_freshness_days"",""R1_score"",""R1_log1p_support"",""R1_cold_start"",""R1_posterior_se"",""R1_freshness_days"",""R2_score"",""R2_log1p_support"",""R2_cold_start"",""R2_posterior_se"",""R2_freshness_days""]",[],a0454aa702bc9350c7e026aecaf277c55a2b1f3ba8cdb7fc41bd7869195f33b0,8fad62287ec9158c2d5ae5fa3537ddc9bef5344b754166a5a722777f73528650,sha256_pickle_protocol_5_fitted_wrapper,,a6d4ea5e457fb16115588bf96c200086a69b750e8b7b7ece1538846a303a71f3,b187add9d353488cbebc63ca4c13b0952335beab4347499cee5aecdb82fe6401
breach,later_evaluation,xgboost,xgboost,DPG,DPG,full,,2018-04,2018-04-01 00:00:00,,55252,6798,4b412a638b1385505cf90636e7df36a90b8c5117a3e28705ec46d4040550ed76,12138ebc6d34b03c6440d89e35b8db35a30d241f9f497044ef308120883e5a5b,12138ebc6d34b03c6440d89e35b8db35a30d241f9f497044ef308120883e5a5b,"{""colsample_bytree"":0.8,""eval_metric"":""logloss"",""learning_rate"":0.03,""max_depth"":3,""min_child_weight"":5.0,""n_estimators"":4,""n_jobs"":4,""objective"":""binary:logistic"",""random_state"":20260823,""reg_alpha"":0.0,""reg_lambda"":1.0,""subsample"":0.8,""tree_method"":""hist""}","[""promised_delivery_days"",""R1_score"",""R1_log1p_support"",""R1_cold_start"",""R1_posterior_se"",""R1_freshness_days"",""R2_score"",""R2_log1p_support"",""R2_cold_start"",""R2_posterior_se"",""R2_freshness_days""]",[],55592a9c7809091ef26b0d7746c6992457e035aec9ee88f8469c73ec59a57b49,a8d61fd2fd094af0b68857646ff04fffd5a2e516bd30caf27918f82df51e43f8,sha256_pickle_protocol_5_fitted_wrapper,,a6d4ea5e457fb16115588bf96c200086a69b750e8b7b7ece1538846a303a71f3,b187add9d353488cbebc63ca4c13b0952335beab4347499cee5aecdb82fe6401
breach,later_evaluation,xgboost,xgboost,DPS,DPS,full,,2018-04,2018-04-01 00:00:00,,55252,6798,4b412a638b1385505cf90636e7df36a90b8c5117a3e28705ec46d4040550ed76,12138ebc6d34b03c6440d89e35b8db35a30d241f9f497044ef308120883e5a5b,12138ebc6d34b03c6440d89e35b8db35a30d241f9f497044ef308120883e5a5b,"{""colsample_bytree"":0.8,""eval_metric"":""logloss"",""learning_rate"":0.03,""max_depth"":3,""min_child_weight"":5.0,""n_estimators"":4,""n_jobs"":4,""objective"":""binary:logistic"",""random_state"":20260823,""reg_alpha"":0.0,""reg_lambda"":1.0,""subsample"":0.8,""tree_method"":""hist""}","[""promised_delivery_days"",""S1_score"",""S1_log1p_support"",""S1_cold_start"",""S1_posterior_se"",""S1_freshness_days"",""S2_score"",""S2_log1p_support"",""S2_cold_start"",""S2_posterior_se"",""S2_freshness_days""]",[],94151faa7df685010a340beef27998ed0590545d3c929a0e725a31e63da5100f,5611e165b59db55392d941bdb80a2acdec17ba1cd04e5d01544de31bebee6387,sha256_pickle_protocol_5_fitted_wrapper,,a6d4ea5e457fb16115588bf96c200086a69b750e8b7b7ece1538846a303a71f3,b187add9d353488cbebc63ca4c13b0952335beab4347499cee5aecdb82fe6401
breach,later_evaluation,logistic_l2,logistic_l2,DP0,DP0,full,,2018-05,2018-05-01 00:00:00,,63102,6749,3a2c7cf7131e9bd4bb5b4f153fa8d9fc4c621e39e39bbd1626a60fe9aeb83b96,5ba9c39fb7a95e02255cc9707656867769dd51ba2afc32a961f00a0dd34fba0f,5ba9c39fb7a95e02255cc9707656867769dd51ba2afc32a961f00a0dd34fba0f,"{""C"":10.0,""class_weight"":null,""max_iter"":1000,""penalty"":""l2"",""random_state"":20260823,""solver"":""liblinear""}","[""promised_delivery_days""]",[],66cc2d77e943d8c86206486126228139bfcf2b8dceb79a4918c6983dc0187373,64e1b028b5f7b99b94955ca70106b5741930f2a0d899652ee102992d54613f20,sha256_pickle_protocol_5_fitted_wrapper,,a6d4ea5e457fb16115588bf96c200086a69b750e8b7b7ece1538846a303a71f3,b187add9d353488cbebc63ca4c13b0952335beab4347499cee5aecdb82fe6401
breach,later_evaluation,logistic_l2,logistic_l2,DPB,DPB,full,,2018-05,2018-05-01 00:00:00,,63102,6749,3a2c7cf7131e9bd4bb5b4f153fa8d9fc4c621e39e39bbd1626a60fe9aeb83b96,5ba9c39fb7a95e02255cc9707656867769dd51ba2afc32a961f00a0dd34fba0f,5ba9c39fb7a95e02255cc9707656867769dd51ba2afc32a961f00a0dd34fba0f,"{""C"":10.0,""class_weight"":null,""max_iter"":1000,""penalty"":""l2"",""random_state"":20260823,""solver"":""liblinear""}","[""promised_delivery_days"",""S1_score"",""S1_log1p_support"",""S1_cold_start"",""S1_posterior_se"",""S1_freshness_days"",""S2_score"",""S2_log1p_support"",""S2_cold_start"",""S2_posterior_se"",""S2_freshness_days"",""R1_score"",""R1_log1p_support"",""R1_cold_start"",""R1_posterior_se"",""R1_freshness_days"",""R2_score"",""R2_log1p_support"",""R2_cold_start"",""R2_posterior_se"",""R2_freshness_days""]",[],a0454aa702bc9350c7e026aecaf277c55a2b1f3ba8cdb7fc41bd7869195f33b0,c6e936962d6c6854a87f132513e83bae01e0dd212c0b3d28289bb3c311e56f6d,sha256_pickle_protocol_5_fitted_wrapper,,a6d4ea5e457fb16115588bf96c200086a69b750e8b7b7ece1538846a303a71f3,b187add9d353488cbebc63ca4c13b0952335beab4347499cee5aecdb82fe6401
breach,later_evaluation,logistic_l2,logistic_l2,DPG,DPG,full,,2018-05,2018-05-01 00:00:00,,63102,6749,3a2c7cf7131e9bd4bb5b4f153fa8d9fc4c621e39e39bbd1626a60fe9aeb83b96,5ba9c39fb7a95e02255cc9707656867769dd51ba2afc32a961f00a0dd34fba0f,5ba9c39fb7a95e02255cc9707656867769dd51ba2afc32a961f00a0dd34fba0f,"{""C"":10.0,""class_weight"":null,""max_iter"":1000,""penalty"":""l2"",""random_state"":20260823,""solver"":""liblinear""}","[""promised_delivery_days"",""R1_score"",""R1_log1p_support"",""R1_cold_start"",""R1_posterior_se"",""R1_freshness_days"",""R2_score"",""R2_log1p_support"",""R2_cold_start"",""R2_posterior_se"",""R2_freshness_days""]",[],55592a9c7809091ef26b0d7746c6992457e035aec9ee88f8469c73ec59a57b49,941976c4b6900f085c7230aebd1aef0138279d64d33d8f84ee6afb30a68739dc,sha256_pickle_protocol_5_fitted_wrapper,,a6d4ea5e457fb16115588bf96c200086a69b750e8b7b7ece1538846a303a71f3,b187add9d353488cbebc63ca4c13b0952335beab4347499cee5aecdb82fe6401
breach,later_evaluation,logistic_l2,logistic_l2,DPS,DPS,full,,2018-05,2018-05-01 00:00:00,,63102,6749,3a2c7cf7131e9bd4bb5b4f153fa8d9fc4c621e39e39bbd1626a60fe9aeb83b96,5ba9c39fb7a95e02255cc9707656867769dd51ba2afc32a961f00a0dd34fba0f,5ba9c39fb7a95e02255cc9707656867769dd51ba2afc32a961f00a0dd34fba0f,"{""C"":10.0,""class_weight"":null,""max_iter"":1000,""penalty"":""l2"",""random_state"":20260823,""solver"":""liblinear""}","[""promised_delivery_days"",""S1_score"",""S1_log1p_support"",""S1_cold_start"",""S1_posterior_se"",""S1_freshness_days"",""S2_score"",""S2_log1p_support"",""S2_cold_start"",""S2_posterior_se"",""S2_freshness_days""]",[],94151faa7df685010a340beef27998ed0590545d3c929a0e725a31e63da5100f,b7e9a00da738829a2d21200f3712000581c47366bd7f48f1b3a32351ea8c6329,sha256_pickle_protocol_5_fitted_wrapper,,a6d4ea5e457fb16115588bf96c200086a69b750e8b7b7ece1538846a303a71f3,b187add9d353488cbebc63ca4c13b0952335beab4347499cee5aecdb82fe6401
breach,later_evaluation,xgboost,xgboost,DP0,DP0,full,,2018-05,2018-05-01 00:00:00,,63102,6749,3a2c7cf7131e9bd4bb5b4f153fa8d9fc4c621e39e39bbd1626a60fe9aeb83b96,5ba9c39fb7a95e02255cc9707656867769dd51ba2afc32a961f00a0dd34fba0f,5ba9c39fb7a95e02255cc9707656867769dd51ba2afc32a961f00a0dd34fba0f,"{""colsample_bytree"":0.8,""eval_metric"":""logloss"",""learning_rate"":0.03,""max_depth"":3,""min_child_weight"":5.0,""n_estimators"":4,""n_jobs"":4,""objective"":""binary:logistic"",""random_state"":20260823,""reg_alpha"":0.0,""reg_lambda"":1.0,""subsample"":0.8,""tree_method"":""hist""}","[""promised_delivery_days""]",[],66cc2d77e943d8c86206486126228139bfcf2b8dceb79a4918c6983dc0187373,f6acfe0a8836588b73e5bd1b7b58528987fdd1c87c31c25417fc813a43da1265,sha256_pickle_protocol_5_fitted_wrapper,,a6d4ea5e457fb16115588bf96c200086a69b750e8b7b7ece1538846a303a71f3,b187add9d353488cbebc63ca4c13b0952335beab4347499cee5aecdb82fe6401
breach,later_evaluation,xgboost,xgboost,DPB,DPB,full,,2018-05,2018-05-01 00:00:00,,63102,6749,3a2c7cf7131e9bd4bb5b4f153fa8d9fc4c621e39e39bbd1626a60fe9aeb83b96,5ba9c39fb7a95e02255cc9707656867769dd51ba2afc32a961f00a0dd34fba0f,5ba9c39fb7a95e02255cc9707656867769dd51ba2afc32a961f00a0dd34fba0f,"{""colsample_bytree"":0.8,""eval_metric"":""logloss"",""learning_rate"":0.03,""max_depth"":3,""min_child_weight"":5.0,""n_estimators"":4,""n_jobs"":4,""objective"":""binary:logistic"",""random_state"":20260823,""reg_alpha"":0.0,""reg_lambda"":1.0,""subsample"":0.8,""tree_method"":""hist""}","[""promised_delivery_days"",""S1_score"",""S1_log1p_support"",""S1_cold_start"",""S1_posterior_se"",""S1_freshness_days"",""S2_score"",""S2_log1p_support"",""S2_cold_start"",""S2_posterior_se"",""S2_freshness_days"",""R1_score"",""R1_log1p_support"",""R1_cold_start"",""R1_posterior_se"",""R1_freshness_days"",""R2_score"",""R2_log1p_support"",""R2_cold_start"",""R2_posterior_se"",""R2_freshness_days""]",[],a0454aa702bc9350c7e026aecaf277c55a2b1f3ba8cdb7fc41bd7869195f33b0,f7279a61afdf97e860a43a3d4fe9d19529dc873ad82b702c04185e39e7aea774,sha256_pickle_protocol_5_fitted_wrapper,,a6d4ea5e457fb16115588bf96c200086a69b750e8b7b7ece1538846a303a71f3,b187add9d353488cbebc63ca4c13b0952335beab4347499cee5aecdb82fe6401
breach,later_evaluation,xgboost,xgboost,DPG,DPG,full,,2018-05,2018-05-01 00:00:00,,63102,6749,3a2c7cf7131e9bd4bb5b4f153fa8d9fc4c621e39e39bbd1626a60fe9aeb83b96,5ba9c39fb7a95e02255cc9707656867769dd51ba2afc32a961f00a0dd34fba0f,5ba9c39fb7a95e02255cc9707656867769dd51ba2afc32a961f00a0dd34fba0f,"{""colsample_bytree"":0.8,""eval_metric"":""logloss"",""learning_rate"":0.03,""max_depth"":3,""min_child_weight"":5.0,""n_estimators"":4,""n_jobs"":4,""objective"":""binary:logistic"",""random_state"":20260823,""reg_alpha"":0.0,""reg_lambda"":1.0,""subsample"":0.8,""tree_method"":""hist""}","[""promised_delivery_days"",""R1_score"",""R1_log1p_support"",""R1_cold_start"",""R1_posterior_se"",""R1_freshness_days"",""R2_score"",""R2_log1p_support"",""R2_cold_start"",""R2_posterior_se"",""R2_freshness_days""]",[],55592a9c7809091ef26b0d7746c6992457e035aec9ee88f8469c73ec59a57b49,6acd2317a934e6d5124f16b9e07c2ae0eadc7cd2998b1564c276beacbfee9dfa,sha256_pickle_protocol_5_fitted_wrapper,,a6d4ea5e457fb16115588bf96c200086a69b750e8b7b7ece1538846a303a71f3,b187add9d353488cbebc63ca4c13b0952335beab4347499cee5aecdb82fe6401
breach,later_evaluation,xgboost,xgboost,DPS,DPS,full,,2018-05,2018-05-01 00:00:00,,63102,6749,3a2c7cf7131e9bd4bb5b4f153fa8d9fc4c621e39e39bbd1626a60fe9aeb83b96,5ba9c39fb7a95e02255cc9707656867769dd51ba2afc32a961f00a0dd34fba0f,5ba9c39fb7a95e02255cc9707656867769dd51ba2afc32a961f00a0dd34fba0f,"{""colsample_bytree"":0.8,""eval_metric"":""logloss"",""learning_rate"":0.03,""max_depth"":3,""min_child_weight"":5.0,""n_estimators"":4,""n_jobs"":4,""objective"":""binary:logistic"",""random_state"":20260823,""reg_alpha"":0.0,""reg_lambda"":1.0,""subsample"":0.8,""tree_method"":""hist""}","[""promised_delivery_days"",""S1_score"",""S1_log1p_support"",""S1_cold_start"",""S1_posterior_se"",""S1_freshness_days"",""S2_score"",""S2_log1p_support"",""S2_cold_start"",""S2_posterior_se"",""S2_freshness_days""]",[],94151faa7df685010a340beef27998ed0590545d3c929a0e725a31e63da5100f,97c56a860b55d7a9fb272a61e1b5061e19ed12cd4deb8ebe7d8a04a8805e1039,sha256_pickle_protocol_5_fitted_wrapper,,a6d4ea5e457fb16115588bf96c200086a69b750e8b7b7ece1538846a303a71f3,b187add9d353488cbebc63ca4c13b0952335beab4347499cee5aecdb82fe6401
breach,later_evaluation,logistic_l2,logistic_l2,DP0,DP0,full,,2018-06,2018-06-01 00:00:00,,70213,6096,b4b7730fb73b48d8c9ea1119a7fd918eac0ff0054243f3208bac0ffcbe3027d2,93d1e83d8d3dc0b917f21633c2bfe0cd78c570027229894e2260c262d727c336,93d1e83d8d3dc0b917f21633c2bfe0cd78c570027229894e2260c262d727c336,"{""C"":10.0,""class_weight"":null,""max_iter"":1000,""penalty"":""l2"",""random_state"":20260823,""solver"":""liblinear""}","[""promised_delivery_days""]",[],66cc2d77e943d8c86206486126228139bfcf2b8dceb79a4918c6983dc0187373,dba6c728dea00a062ea3492fa346ad045cc15bb612707f7fee7288136b7b53a5,sha256_pickle_protocol_5_fitted_wrapper,,a6d4ea5e457fb16115588bf96c200086a69b750e8b7b7ece1538846a303a71f3,b187add9d353488cbebc63ca4c13b0952335beab4347499cee5aecdb82fe6401
breach,later_evaluation,logistic_l2,logistic_l2,DPB,DPB,full,,2018-06,2018-06-01 00:00:00,,70213,6096,b4b7730fb73b48d8c9ea1119a7fd918eac0ff0054243f3208bac0ffcbe3027d2,93d1e83d8d3dc0b917f21633c2bfe0cd78c570027229894e2260c262d727c336,93d1e83d8d3dc0b917f21633c2bfe0cd78c570027229894e2260c262d727c336,"{""C"":10.0,""class_weight"":null,""max_iter"":1000,""penalty"":""l2"",""random_state"":20260823,""solver"":""liblinear""}","[""promised_delivery_days"",""S1_score"",""S1_log1p_support"",""S1_cold_start"",""S1_posterior_se"",""S1_freshness_days"",""S2_score"",""S2_log1p_support"",""S2_cold_start"",""S2_posterior_se"",""S2_freshness_days"",""R1_score"",""R1_log1p_support"",""R1_cold_start"",""R1_posterior_se"",""R1_freshness_days"",""R2_score"",""R2_log1p_support"",""R2_cold_start"",""R2_posterior_se"",""R2_freshness_days""]",[],a0454aa702bc9350c7e026aecaf277c55a2b1f3ba8cdb7fc41bd7869195f33b0,1542ba17a90d1013616ba6b3db287b43556717f771b0209f9023aa104ef2eaeb,sha256_pickle_protocol_5_fitted_wrapper,,a6d4ea5e457fb16115588bf96c200086a69b750e8b7b7ece1538846a303a71f3,b187add9d353488cbebc63ca4c13b0952335beab4347499cee5aecdb82fe6401
breach,later_evaluation,logistic_l2,logistic_l2,DPG,DPG,full,,2018-06,2018-06-01 00:00:00,,70213,6096,b4b7730fb73b48d8c9ea1119a7fd918eac0ff0054243f3208bac0ffcbe3027d2,93d1e83d8d3dc0b917f21633c2bfe0cd78c570027229894e2260c262d727c336,93d1e83d8d3dc0b917f21633c2bfe0cd78c570027229894e2260c262d727c336,"{""C"":10.0,""class_weight"":null,""max_iter"":1000,""penalty"":""l2"",""random_state"":20260823,""solver"":""liblinear""}","[""promised_delivery_days"",""R1_score"",""R1_log1p_support"",""R1_cold_start"",""R1_posterior_se"",""R1_freshness_days"",""R2_score"",""R2_log1p_support"",""R2_cold_start"",""R2_posterior_se"",""R2_freshness_days""]",[],55592a9c7809091ef26b0d7746c6992457e035aec9ee88f8469c73ec59a57b49,91b50c1ef01ed77d14e0266d45f10364024991be1edc10ce3d8e2a253a8e1700,sha256_pickle_protocol_5_fitted_wrapper,,a6d4ea5e457fb16115588bf96c200086a69b750e8b7b7ece1538846a303a71f3,b187add9d353488cbebc63ca4c13b0952335beab4347499cee5aecdb82fe6401
breach,later_evaluation,logistic_l2,logistic_l2,DPS,DPS,full,,2018-06,2018-06-01 00:00:00,,70213,6096,b4b7730fb73b48d8c9ea1119a7fd918eac0ff0054243f3208bac0ffcbe3027d2,93d1e83d8d3dc0b917f21633c2bfe0cd78c570027229894e2260c262d727c336,93d1e83d8d3dc0b917f21633c2bfe0cd78c570027229894e2260c262d727c336,"{""C"":10.0,""class_weight"":null,""max_iter"":1000,""penalty"":""l2"",""random_state"":20260823,""solver"":""liblinear""}","[""promised_delivery_days"",""S1_score"",""S1_log1p_support"",""S1_cold_start"",""S1_posterior_se"",""S1_freshness_days"",""S2_score"",""S2_log1p_support"",""S2_cold_start"",""S2_posterior_se"",""S2_freshness_days""]",[],94151faa7df685010a340beef27998ed0590545d3c929a0e725a31e63da5100f,4bac0169fa53dda3803eae4f954f7566a15776bbcaf5d4bbf184668e00767c32,sha256_pickle_protocol_5_fitted_wrapper,,a6d4ea5e457fb16115588bf96c200086a69b750e8b7b7ece1538846a303a71f3,b187add9d353488cbebc63ca4c13b0952335beab4347499cee5aecdb82fe6401
breach,later_evaluation,xgboost,xgboost,DP0,DP0,full,,2018-06,2018-06-01 00:00:00,,70213,6096,b4b7730fb73b48d8c9ea1119a7fd918eac0ff0054243f3208bac0ffcbe3027d2,93d1e83d8d3dc0b917f21633c2bfe0cd78c570027229894e2260c262d727c336,93d1e83d8d3dc0b917f21633c2bfe0cd78c570027229894e2260c262d727c336,"{""colsample_bytree"":0.8,""eval_metric"":""logloss"",""learning_rate"":0.03,""max_depth"":3,""min_child_weight"":5.0,""n_estimators"":4,""n_jobs"":4,""objective"":""binary:logistic"",""random_state"":20260823,""reg_alpha"":0.0,""reg_lambda"":1.0,""subsample"":0.8,""tree_method"":""hist""}","[""promised_delivery_days""]",[],66cc2d77e943d8c86206486126228139bfcf2b8dceb79a4918c6983dc0187373,576616a45e4d43f274301c9b0102eaede5e92598d28ef4094ddd919b1580831f,sha256_pickle_protocol_5_fitted_wrapper,,a6d4ea5e457fb16115588bf96c200086a69b750e8b7b7ece1538846a303a71f3,b187add9d353488cbebc63ca4c13b0952335beab4347499cee5aecdb82fe6401
breach,later_evaluation,xgboost,xgboost,DPB,DPB,full,,2018-06,2018-06-01 00:00:00,,70213,6096,b4b7730fb73b48d8c9ea1119a7fd918eac0ff0054243f3208bac0ffcbe3027d2,93d1e83d8d3dc0b917f21633c2bfe0cd78c570027229894e2260c262d727c336,93d1e83d8d3dc0b917f21633c2bfe0cd78c570027229894e2260c262d727c336,"{""colsample_bytree"":0.8,""eval_metric"":""logloss"",""learning_rate"":0.03,""max_depth"":3,""min_child_weight"":5.0,""n_estimators"":4,""n_jobs"":4,""objective"":""binary:logistic"",""random_state"":20260823,""reg_alpha"":0.0,""reg_lambda"":1.0,""subsample"":0.8,""tree_method"":""hist""}","[""promised_delivery_days"",""S1_score"",""S1_log1p_support"",""S1_cold_start"",""S1_posterior_se"",""S1_freshness_days"",""S2_score"",""S2_log1p_support"",""S2_cold_start"",""S2_posterior_se"",""S2_freshness_days"",""R1_score"",""R1_log1p_support"",""R1_cold_start"",""R1_posterior_se"",""R1_freshness_days"",""R2_score"",""R2_log1p_support"",""R2_cold_start"",""R2_posterior_se"",""R2_freshness_days""]",[],a0454aa702bc9350c7e026aecaf277c55a2b1f3ba8cdb7fc41bd7869195f33b0,7a6e5ab62b064d2d77bce9e8abef215460ed7d55cf73ea551dd830ca6175ee2a,sha256_pickle_protocol_5_fitted_wrapper,,a6d4ea5e457fb16115588bf96c200086a69b750e8b7b7ece1538846a303a71f3,b187add9d353488cbebc63ca4c13b0952335beab4347499cee5aecdb82fe6401
breach,later_evaluation,xgboost,xgboost,DPG,DPG,full,,2018-06,2018-06-01 00:00:00,,70213,6096,b4b7730fb73b48d8c9ea1119a7fd918eac0ff0054243f3208bac0ffcbe3027d2,93d1e83d8d3dc0b917f21633c2bfe0cd78c570027229894e2260c262d727c336,93d1e83d8d3dc0b917f21633c2bfe0cd78c570027229894e2260c262d727c336,"{""colsample_bytree"":0.8,""eval_metric"":""logloss"",""learning_rate"":0.03,""max_depth"":3,""min_child_weight"":5.0,""n_estimators"":4,""n_jobs"":4,""objective"":""binary:logistic"",""random_state"":20260823,""reg_alpha"":0.0,""reg_lambda"":1.0,""subsample"":0.8,""tree_method"":""hist""}","[""promised_delivery_days"",""R1_score"",""R1_log1p_support"",""R1_cold_start"",""R1_posterior_se"",""R1_freshness_days"",""R2_score"",""R2_log1p_support"",""R2_cold_start"",""R2_posterior_se"",""R2_freshness_days""]",[],55592a9c7809091ef26b0d7746c6992457e035aec9ee88f8469c73ec59a57b49,3aba885566eed5a3ad888875ad60c23bba114ea85bd52d5947ab88d1b372f455,sha256_pickle_protocol_5_fitted_wrapper,,a6d4ea5e457fb16115588bf96c200086a69b750e8b7b7ece1538846a303a71f3,b187add9d353488cbebc63ca4c13b0952335beab4347499cee5aecdb82fe6401
breach,later_evaluation,xgboost,xgboost,DPS,DPS,full,,2018-06,2018-06-01 00:00:00,,70213,6096,b4b7730fb73b48d8c9ea1119a7fd918eac0ff0054243f3208bac0ffcbe3027d2,93d1e83d8d3dc0b917f21633c2bfe0cd78c570027229894e2260c262d727c336,93d1e83d8d3dc0b917f21633c2bfe0cd78c570027229894e2260c262d727c336,"{""colsample_bytree"":0.8,""eval_metric"":""logloss"",""learning_rate"":0.03,""max_depth"":3,""min_child_weight"":5.0,""n_estimators"":4,""n_jobs"":4,""objective"":""binary:logistic"",""random_state"":20260823,""reg_alpha"":0.0,""reg_lambda"":1.0,""subsample"":0.8,""tree_method"":""hist""}","[""promised_delivery_days"",""S1_score"",""S1_log1p_support"",""S1_cold_start"",""S1_posterior_se"",""S1_freshness_days"",""S2_score"",""S2_log1p_support"",""S2_cold_start"",""S2_posterior_se"",""S2_freshness_days""]",[],94151faa7df685010a340beef27998ed0590545d3c929a0e725a31e63da5100f,54c802feb6b34c504a42b92ab52f2732897f2aaf85e964356c73b2cdc724b41f,sha256_pickle_protocol_5_fitted_wrapper,,a6d4ea5e457fb16115588bf96c200086a69b750e8b7b7ece1538846a303a71f3,b187add9d353488cbebc63ca4c13b0952335beab4347499cee5aecdb82fe6401
breach,later_metadata_only_sensitivity,logistic_l2,logistic_l2,DPB,DPB,metadata_only,,2018-01,2018-01-01 00:00:00,,35981,7069,96cab33fe9aa2c645b95d864cd8ad73f21f028817e839c487b423b134b3104f9,ee393306bea41ea6bceb8fcfabd7cbb43b7db39a083d42187f0a69ab3a3539a6,ee393306bea41ea6bceb8fcfabd7cbb43b7db39a083d42187f0a69ab3a3539a6,"{""C"":10.0,""class_weight"":null,""max_iter"":1000,""penalty"":""l2"",""random_state"":20260823,""solver"":""liblinear""}","[""promised_delivery_days"",""S1_log1p_support"",""S1_cold_start"",""S1_posterior_se"",""S1_freshness_days"",""S2_log1p_support"",""S2_cold_start"",""S2_posterior_se"",""S2_freshness_days"",""R1_log1p_support"",""R1_cold_start"",""R1_posterior_se"",""R1_freshness_days"",""R2_log1p_support"",""R2_cold_start"",""R2_posterior_se"",""R2_freshness_days""]",[],f31b682d9ac7d46a2e7ef6aedeb76e1fd27857f26cf82bf74b700ad8926f94d4,4af0b8a52bf1e1dd77f21dddebffcf03476d733e63456d6224a3bbe9a48b94e0,sha256_pickle_protocol_5_fitted_wrapper,,a6d4ea5e457fb16115588bf96c200086a69b750e8b7b7ece1538846a303a71f3,b187add9d353488cbebc63ca4c13b0952335beab4347499cee5aecdb82fe6401
breach,later_metadata_only_sensitivity,logistic_l2,logistic_l2,DPG,DPG,metadata_only,,2018-01,2018-01-01 00:00:00,,35981,7069,96cab33fe9aa2c645b95d864cd8ad73f21f028817e839c487b423b134b3104f9,ee393306bea41ea6bceb8fcfabd7cbb43b7db39a083d42187f0a69ab3a3539a6,ee393306bea41ea6bceb8fcfabd7cbb43b7db39a083d42187f0a69ab3a3539a6,"{""C"":10.0,""class_weight"":null,""max_iter"":1000,""penalty"":""l2"",""random_state"":20260823,""solver"":""liblinear""}","[""promised_delivery_days"",""R1_log1p_support"",""R1_cold_start"",""R1_posterior_se"",""R1_freshness_days"",""R2_log1p_support"",""R2_cold_start"",""R2_posterior_se"",""R2_freshness_days""]",[],77957a0f4dc9de6a272c12f2f0842c4a121df9228fe55470cc73c42472acd0f5,f73b221e62ff5472ffec71f52db6d1f5cdd04adc082665c3603113c62e6c2640,sha256_pickle_protocol_5_fitted_wrapper,,a6d4ea5e457fb16115588bf96c200086a69b750e8b7b7ece1538846a303a71f3,b187add9d353488cbebc63ca4c13b0952335beab4347499cee5aecdb82fe6401
breach,later_metadata_only_sensitivity,logistic_l2,logistic_l2,DPS,DPS,metadata_only,,2018-01,2018-01-01 00:00:00,,35981,7069,96cab33fe9aa2c645b95d864cd8ad73f21f028817e839c487b423b134b3104f9,ee393306bea41ea6bceb8fcfabd7cbb43b7db39a083d42187f0a69ab3a3539a6,ee393306bea41ea6bceb8fcfabd7cbb43b7db39a083d42187f0a69ab3a3539a6,"{""C"":10.0,""class_weight"":null,""max_iter"":1000,""penalty"":""l2"",""random_state"":20260823,""solver"":""liblinear""}","[""promised_delivery_days"",""S1_log1p_support"",""S1_cold_start"",""S1_posterior_se"",""S1_freshness_days"",""S2_log1p_support"",""S2_cold_start"",""S2_posterior_se"",""S2_freshness_days""]",[],597aaf320d6f4def5e4a355a9592b856d2343d0af8f0ac25c694050a63366bb4,0ec71b71841c006cbc4d74f6df9799fc6941c3f184c817577b928a60fad7e106,sha256_pickle_protocol_5_fitted_wrapper,,a6d4ea5e457fb16115588bf96c200086a69b750e8b7b7ece1538846a303a71f3,b187add9d353488cbebc63ca4c13b0952335beab4347499cee5aecdb82fe6401
breach,later_metadata_only_sensitivity,xgboost,xgboost,DPB,DPB,metadata_only,,2018-01,2018-01-01 00:00:00,,35981,7069,96cab33fe9aa2c645b95d864cd8ad73f21f028817e839c487b423b134b3104f9,ee393306bea41ea6bceb8fcfabd7cbb43b7db39a083d42187f0a69ab3a3539a6,ee393306bea41ea6bceb8fcfabd7cbb43b7db39a083d42187f0a69ab3a3539a6,"{""colsample_bytree"":0.8,""eval_metric"":""logloss"",""learning_rate"":0.03,""max_depth"":3,""min_child_weight"":5.0,""n_estimators"":4,""n_jobs"":4,""objective"":""binary:logistic"",""random_state"":20260823,""reg_alpha"":0.0,""reg_lambda"":1.0,""subsample"":0.8,""tree_method"":""hist""}","[""promised_delivery_days"",""S1_log1p_support"",""S1_cold_start"",""S1_posterior_se"",""S1_freshness_days"",""S2_log1p_support"",""S2_cold_start"",""S2_posterior_se"",""S2_freshness_days"",""R1_log1p_support"",""R1_cold_start"",""R1_posterior_se"",""R1_freshness_days"",""R2_log1p_support"",""R2_cold_start"",""R2_posterior_se"",""R2_freshness_days""]",[],f31b682d9ac7d46a2e7ef6aedeb76e1fd27857f26cf82bf74b700ad8926f94d4,5ffe3c5f52ef6421f35949ccb69c09799c9ce0c12f22a58191e9251da9a59dd7,sha256_pickle_protocol_5_fitted_wrapper,,a6d4ea5e457fb16115588bf96c200086a69b750e8b7b7ece1538846a303a71f3,b187add9d353488cbebc63ca4c13b0952335beab4347499cee5aecdb82fe6401
breach,later_metadata_only_sensitivity,xgboost,xgboost,DPG,DPG,metadata_only,,2018-01,2018-01-01 00:00:00,,35981,7069,96cab33fe9aa2c645b95d864cd8ad73f21f028817e839c487b423b134b3104f9,ee393306bea41ea6bceb8fcfabd7cbb43b7db39a083d42187f0a69ab3a3539a6,ee393306bea41ea6bceb8fcfabd7cbb43b7db39a083d42187f0a69ab3a3539a6,"{""colsample_bytree"":0.8,""eval_metric"":""logloss"",""learning_rate"":0.03,""max_depth"":3,""min_child_weight"":5.0,""n_estimators"":4,""n_jobs"":4,""objective"":""binary:logistic"",""random_state"":20260823,""reg_alpha"":0.0,""reg_lambda"":1.0,""subsample"":0.8,""tree_method"":""hist""}","[""promised_delivery_days"",""R1_log1p_support"",""R1_cold_start"",""R1_posterior_se"",""R1_freshness_days"",""R2_log1p_support"",""R2_cold_start"",""R2_posterior_se"",""R2_freshness_days""]",[],77957a0f4dc9de6a272c12f2f0842c4a121df9228fe55470cc73c42472acd0f5,e74af0a82efd634a2bd66ae99a8394ed85e5fbbbdc17de1ff33927540d870c76,sha256_pickle_protocol_5_fitted_wrapper,,a6d4ea5e457fb16115588bf96c200086a69b750e8b7b7ece1538846a303a71f3,b187add9d353488cbebc63ca4c13b0952335beab4347499cee5aecdb82fe6401
breach,later_metadata_only_sensitivity,xgboost,xgboost,DPS,DPS,metadata_only,,2018-01,2018-01-01 00:00:00,,35981,7069,96cab33fe9aa2c645b95d864cd8ad73f21f028817e839c487b423b134b3104f9,ee393306bea41ea6bceb8fcfabd7cbb43b7db39a083d42187f0a69ab3a3539a6,ee393306bea41ea6bceb8fcfabd7cbb43b7db39a083d42187f0a69ab3a3539a6,"{""colsample_bytree"":0.8,""eval_metric"":""logloss"",""learning_rate"":0.03,""max_depth"":3,""min_child_weight"":5.0,""n_estimators"":4,""n_jobs"":4,""objective"":""binary:logistic"",""random_state"":20260823,""reg_alpha"":0.0,""reg_lambda"":1.0,""subsample"":0.8,""tree_method"":""hist""}","[""promised_delivery_days"",""S1_log1p_support"",""S1_cold_start"",""S1_posterior_se"",""S1_freshness_days"",""S2_log1p_support"",""S2_cold_start"",""S2_posterior_se"",""S2_freshness_days""]",[],597aaf320d6f4def5e4a355a9592b856d2343d0af8f0ac25c694050a63366bb4,bb42c8fa847628a89ec93ae8de0abe30c3de6ab1394767a5d309f904f8178c78,sha256_pickle_protocol_5_fitted_wrapper,,a6d4ea5e457fb16115588bf96c200086a69b750e8b7b7ece1538846a303a71f3,b187add9d353488cbebc63ca4c13b0952335beab4347499cee5aecdb82fe6401
breach,later_metadata_only_sensitivity,logistic_l2,logistic_l2,DPB,DPB,metadata_only,,2018-02,2018-02-01 00:00:00,,42578,6555,a51820ff53f7771f9c44ce45be1dcb2d238a8e28dccc88b566859c028e0e982b,02786257f3541e7684cbb92ee3533cd5479cfac0aa39a1f4199a4465c8ee2f98,02786257f3541e7684cbb92ee3533cd5479cfac0aa39a1f4199a4465c8ee2f98,"{""C"":10.0,""class_weight"":null,""max_iter"":1000,""penalty"":""l2"",""random_state"":20260823,""solver"":""liblinear""}","[""promised_delivery_days"",""S1_log1p_support"",""S1_cold_start"",""S1_posterior_se"",""S1_freshness_days"",""S2_log1p_support"",""S2_cold_start"",""S2_posterior_se"",""S2_freshness_days"",""R1_log1p_support"",""R1_cold_start"",""R1_posterior_se"",""R1_freshness_days"",""R2_log1p_support"",""R2_cold_start"",""R2_posterior_se"",""R2_freshness_days""]",[],f31b682d9ac7d46a2e7ef6aedeb76e1fd27857f26cf82bf74b700ad8926f94d4,4f6a6d0691e11793bfae4be8075f70eae679fa307aa188729a57a9c233500759,sha256_pickle_protocol_5_fitted_wrapper,,a6d4ea5e457fb16115588bf96c200086a69b750e8b7b7ece1538846a303a71f3,b187add9d353488cbebc63ca4c13b0952335beab4347499cee5aecdb82fe6401
breach,later_metadata_only_sensitivity,logistic_l2,logistic_l2,DPG,DPG,metadata_only,,2018-02,2018-02-01 00:00:00,,42578,6555,a51820ff53f7771f9c44ce45be1dcb2d238a8e28dccc88b566859c028e0e982b,02786257f3541e7684cbb92ee3533cd5479cfac0aa39a1f4199a4465c8ee2f98,02786257f3541e7684cbb92ee3533cd5479cfac0aa39a1f4199a4465c8ee2f98,"{""C"":10.0,""class_weight"":null,""max_iter"":1000,""penalty"":""l2"",""random_state"":20260823,""solver"":""liblinear""}","[""promised_delivery_days"",""R1_log1p_support"",""R1_cold_start"",""R1_posterior_se"",""R1_freshness_days"",""R2_log1p_support"",""R2_cold_start"",""R2_posterior_se"",""R2_freshness_days""]",[],77957a0f4dc9de6a272c12f2f0842c4a121df9228fe55470cc73c42472acd0f5,4b7e5e74d10aa718ac7cf428a085fb68e5504fe615fa2fc1bb36bb8be2aadd06,sha256_pickle_protocol_5_fitted_wrapper,,a6d4ea5e457fb16115588bf96c200086a69b750e8b7b7ece1538846a303a71f3,b187add9d353488cbebc63ca4c13b0952335beab4347499cee5aecdb82fe6401
breach,later_metadata_only_sensitivity,logistic_l2,logistic_l2,DPS,DPS,metadata_only,,2018-02,2018-02-01 00:00:00,,42578,6555,a51820ff53f7771f9c44ce45be1dcb2d238a8e28dccc88b566859c028e0e982b,02786257f3541e7684cbb92ee3533cd5479cfac0aa39a1f4199a4465c8ee2f98,02786257f3541e7684cbb92ee3533cd5479cfac0aa39a1f4199a4465c8ee2f98,"{""C"":10.0,""class_weight"":null,""max_iter"":1000,""penalty"":""l2"",""random_state"":20260823,""solver"":""liblinear""}","[""promised_delivery_days"",""S1_log1p_support"",""S1_cold_start"",""S1_posterior_se"",""S1_freshness_days"",""S2_log1p_support"",""S2_cold_start"",""S2_posterior_se"",""S2_freshness_days""]",[],597aaf320d6f4def5e4a355a9592b856d2343d0af8f0ac25c694050a63366bb4,3137b4e7e2b049689e20f4f8883181820ee05c252c3c89fa205c97078b8a56d4,sha256_pickle_protocol_5_fitted_wrapper,,a6d4ea5e457fb16115588bf96c200086a69b750e8b7b7ece1538846a303a71f3,b187add9d353488cbebc63ca4c13b0952335beab4347499cee5aecdb82fe6401
breach,later_metadata_only_sensitivity,xgboost,xgboost,DPB,DPB,metadata_only,,2018-02,2018-02-01 00:00:00,,42578,6555,a51820ff53f7771f9c44ce45be1dcb2d238a8e28dccc88b566859c028e0e982b,02786257f3541e7684cbb92ee3533cd5479cfac0aa39a1f4199a4465c8ee2f98,02786257f3541e7684cbb92ee3533cd5479cfac0aa39a1f4199a4465c8ee2f98,"{""colsample_bytree"":0.8,""eval_metric"":""logloss"",""learning_rate"":0.03,""max_depth"":3,""min_child_weight"":5.0,""n_estimators"":4,""n_jobs"":4,""objective"":""binary:logistic"",""random_state"":20260823,""reg_alpha"":0.0,""reg_lambda"":1.0,""subsample"":0.8,""tree_method"":""hist""}","[""promised_delivery_days"",""S1_log1p_support"",""S1_cold_start"",""S1_posterior_se"",""S1_freshness_days"",""S2_log1p_support"",""S2_cold_start"",""S2_posterior_se"",""S2_freshness_days"",""R1_log1p_support"",""R1_cold_start"",""R1_posterior_se"",""R1_freshness_days"",""R2_log1p_support"",""R2_cold_start"",""R2_posterior_se"",""R2_freshness_days""]",[],f31b682d9ac7d46a2e7ef6aedeb76e1fd27857f26cf82bf74b700ad8926f94d4,4cc7b691bfddaa9ef2fe1270e49a1658e08c25e1637ace1cca4b0304a3434ca8,sha256_pickle_protocol_5_fitted_wrapper,,a6d4ea5e457fb16115588bf96c200086a69b750e8b7b7ece1538846a303a71f3,b187add9d353488cbebc63ca4c13b0952335beab4347499cee5aecdb82fe6401
breach,later_metadata_only_sensitivity,xgboost,xgboost,DPG,DPG,metadata_only,,2018-02,2018-02-01 00:00:00,,42578,6555,a51820ff53f7771f9c44ce45be1dcb2d238a8e28dccc88b566859c028e0e982b,02786257f3541e7684cbb92ee3533cd5479cfac0aa39a1f4199a4465c8ee2f98,02786257f3541e7684cbb92ee3533cd5479cfac0aa39a1f4199a4465c8ee2f98,"{""colsample_bytree"":0.8,""eval_metric"":""logloss"",""learning_rate"":0.03,""max_depth"":3,""min_child_weight"":5.0,""n_estimators"":4,""n_jobs"":4,""objective"":""binary:logistic"",""random_state"":20260823,""reg_alpha"":0.0,""reg_lambda"":1.0,""subsample"":0.8,""tree_method"":""hist""}","[""promised_delivery_days"",""R1_log1p_support"",""R1_cold_start"",""R1_posterior_se"",""R1_freshness_days"",""R2_log1p_support"",""R2_cold_start"",""R2_posterior_se"",""R2_freshness_days""]",[],77957a0f4dc9de6a272c12f2f0842c4a121df9228fe55470cc73c42472acd0f5,69b7efd756da90c81ea5c7b467f1572e0520ecfa72fe7b0d765d20e72ce78df6,sha256_pickle_protocol_5_fitted_wrapper,,a6d4ea5e457fb16115588bf96c200086a69b750e8b7b7ece1538846a303a71f3,b187add9d353488cbebc63ca4c13b0952335beab4347499cee5aecdb82fe6401
breach,later_metadata_only_sensitivity,xgboost,xgboost,DPS,DPS,metadata_only,,2018-02,2018-02-01 00:00:00,,42578,6555,a51820ff53f7771f9c44ce45be1dcb2d238a8e28dccc88b566859c028e0e982b,02786257f3541e7684cbb92ee3533cd5479cfac0aa39a1f4199a4465c8ee2f98,02786257f3541e7684cbb92ee3533cd5479cfac0aa39a1f4199a4465c8ee2f98,"{""colsample_bytree"":0.8,""eval_metric"":""logloss"",""learning_rate"":0.03,""max_depth"":3,""min_child_weight"":5.0,""n_estimators"":4,""n_jobs"":4,""objective"":""binary:logistic"",""random_state"":20260823,""reg_alpha"":0.0,""reg_lambda"":1.0,""subsample"":0.8,""tree_method"":""hist""}","[""promised_delivery_days"",""S1_log1p_support"",""S1_cold_start"",""S1_posterior_se"",""S1_freshness_days"",""S2_log1p_support"",""S2_cold_start"",""S2_posterior_se"",""S2_freshness_days""]",[],597aaf320d6f4def5e4a355a9592b856d2343d0af8f0ac25c694050a63366bb4,93c2b8bc115150bf08efdd7e4ece6176b9ed2e2aa4662da7e52085c597295a31,sha256_pickle_protocol_5_fitted_wrapper,,a6d4ea5e457fb16115588bf96c200086a69b750e8b7b7ece1538846a303a71f3,b187add9d353488cbebc63ca4c13b0952335beab4347499cee5aecdb82fe6401
breach,later_metadata_only_sensitivity,logistic_l2,logistic_l2,DPB,DPB,metadata_only,,2018-03,2018-03-01 00:00:00,,48428,7003,0e3212d395457178a073ebc728d0c7ab83077476c2a4307bc15f4df202380809,184fab6850ceddcb6640c6d7c40a99ad76b6567a0af96fd41049a0eaafe65828,184fab6850ceddcb6640c6d7c40a99ad76b6567a0af96fd41049a0eaafe65828,"{""C"":10.0,""class_weight"":null,""max_iter"":1000,""penalty"":""l2"",""random_state"":20260823,""solver"":""liblinear""}","[""promised_delivery_days"",""S1_log1p_support"",""S1_cold_start"",""S1_posterior_se"",""S1_freshness_days"",""S2_log1p_support"",""S2_cold_start"",""S2_posterior_se"",""S2_freshness_days"",""R1_log1p_support"",""R1_cold_start"",""R1_posterior_se"",""R1_freshness_days"",""R2_log1p_support"",""R2_cold_start"",""R2_posterior_se"",""R2_freshness_days""]",[],f31b682d9ac7d46a2e7ef6aedeb76e1fd27857f26cf82bf74b700ad8926f94d4,11994891f6002e91a7539bac220a21ae9805aef8de9cb303d183e3caad5b2c0e,sha256_pickle_protocol_5_fitted_wrapper,,a6d4ea5e457fb16115588bf96c200086a69b750e8b7b7ece1538846a303a71f3,b187add9d353488cbebc63ca4c13b0952335beab4347499cee5aecdb82fe6401
breach,later_metadata_only_sensitivity,logistic_l2,logistic_l2,DPG,DPG,metadata_only,,2018-03,2018-03-01 00:00:00,,48428,7003,0e3212d395457178a073ebc728d0c7ab83077476c2a4307bc15f4df202380809,184fab6850ceddcb6640c6d7c40a99ad76b6567a0af96fd41049a0eaafe65828,184fab6850ceddcb6640c6d7c40a99ad76b6567a0af96fd41049a0eaafe65828,"{""C"":10.0,""class_weight"":null,""max_iter"":1000,""penalty"":""l2"",""random_state"":20260823,""solver"":""liblinear""}","[""promised_delivery_days"",""R1_log1p_support"",""R1_cold_start"",""R1_posterior_se"",""R1_freshness_days"",""R2_log1p_support"",""R2_cold_start"",""R2_posterior_se"",""R2_freshness_days""]",[],77957a0f4dc9de6a272c12f2f0842c4a121df9228fe55470cc73c42472acd0f5,8dc64044ef0f361fe511e211d76ba6822f4a4a6e66fb380e78a2fcae2a8fd02c,sha256_pickle_protocol_5_fitted_wrapper,,a6d4ea5e457fb16115588bf96c200086a69b750e8b7b7ece1538846a303a71f3,b187add9d353488cbebc63ca4c13b0952335beab4347499cee5aecdb82fe6401
breach,later_metadata_only_sensitivity,logistic_l2,logistic_l2,DPS,DPS,metadata_only,,2018-03,2018-03-01 00:00:00,,48428,7003,0e3212d395457178a073ebc728d0c7ab83077476c2a4307bc15f4df202380809,184fab6850ceddcb6640c6d7c40a99ad76b6567a0af96fd41049a0eaafe65828,184fab6850ceddcb6640c6d7c40a99ad76b6567a0af96fd41049a0eaafe65828,"{""C"":10.0,""class_weight"":null,""max_iter"":1000,""penalty"":""l2"",""random_state"":20260823,""solver"":""liblinear""}","[""promised_delivery_days"",""S1_log1p_support"",""S1_cold_start"",""S1_posterior_se"",""S1_freshness_days"",""S2_log1p_support"",""S2_cold_start"",""S2_posterior_se"",""S2_freshness_days""]",[],597aaf320d6f4def5e4a355a9592b856d2343d0af8f0ac25c694050a63366bb4,8028194b1524eba6e28cd9cd82edca054e985a9d9eb9db69edf23bfcf171406a,sha256_pickle_protocol_5_fitted_wrapper,,a6d4ea5e457fb16115588bf96c200086a69b750e8b7b7ece1538846a303a71f3,b187add9d353488cbebc63ca4c13b0952335beab4347499cee5aecdb82fe6401
breach,later_metadata_only_sensitivity,xgboost,xgboost,DPB,DPB,metadata_only,,2018-03,2018-03-01 00:00:00,,48428,7003,0e3212d395457178a073ebc728d0c7ab83077476c2a4307bc15f4df202380809,184fab6850ceddcb6640c6d7c40a99ad76b6567a0af96fd41049a0eaafe65828,184fab6850ceddcb6640c6d7c40a99ad76b6567a0af96fd41049a0eaafe65828,"{""colsample_bytree"":0.8,""eval_metric"":""logloss"",""learning_rate"":0.03,""max_depth"":3,""min_child_weight"":5.0,""n_estimators"":4,""n_jobs"":4,""objective"":""binary:logistic"",""random_state"":20260823,""reg_alpha"":0.0,""reg_lambda"":1.0,""subsample"":0.8,""tree_method"":""hist""}","[""promised_delivery_days"",""S1_log1p_support"",""S1_cold_start"",""S1_posterior_se"",""S1_freshness_days"",""S2_log1p_support"",""S2_cold_start"",""S2_posterior_se"",""S2_freshness_days"",""R1_log1p_support"",""R1_cold_start"",""R1_posterior_se"",""R1_freshness_days"",""R2_log1p_support"",""R2_cold_start"",""R2_posterior_se"",""R2_freshness_days""]",[],f31b682d9ac7d46a2e7ef6aedeb76e1fd27857f26cf82bf74b700ad8926f94d4,fc4e0bb38554c53420597eb60e6a51a90eb02cc489e579b921656269e0eea00e,sha256_pickle_protocol_5_fitted_wrapper,,a6d4ea5e457fb16115588bf96c200086a69b750e8b7b7ece1538846a303a71f3,b187add9d353488cbebc63ca4c13b0952335beab4347499cee5aecdb82fe6401
breach,later_metadata_only_sensitivity,xgboost,xgboost,DPG,DPG,metadata_only,,2018-03,2018-03-01 00:00:00,,48428,7003,0e3212d395457178a073ebc728d0c7ab83077476c2a4307bc15f4df202380809,184fab6850ceddcb6640c6d7c40a99ad76b6567a0af96fd41049a0eaafe65828,184fab6850ceddcb6640c6d7c40a99ad76b6567a0af96fd41049a0eaafe65828,"{""colsample_bytree"":0.8,""eval_metric"":""logloss"",""learning_rate"":0.03,""max_depth"":3,""min_child_weight"":5.0,""n_estimators"":4,""n_jobs"":4,""objective"":""binary:logistic"",""random_state"":20260823,""reg_alpha"":0.0,""reg_lambda"":1.0,""subsample"":0.8,""tree_method"":""hist""}","[""promised_delivery_days"",""R1_log1p_support"",""R1_cold_start"",""R1_posterior_se"",""R1_freshness_days"",""R2_log1p_support"",""R2_cold_start"",""R2_posterior_se"",""R2_freshness_days""]",[],77957a0f4dc9de6a272c12f2f0842c4a121df9228fe55470cc73c42472acd0f5,92dc2f3c7d8a96ac19d22ea8e37712e372f0bc4dfa429d38cce5cf3bc1e21585,sha256_pickle_protocol_5_fitted_wrapper,,a6d4ea5e457fb16115588bf96c200086a69b750e8b7b7ece1538846a303a71f3,b187add9d353488cbebc63ca4c13b0952335beab4347499cee5aecdb82fe6401
breach,later_metadata_only_sensitivity,xgboost,xgboost,DPS,DPS,metadata_only,,2018-03,2018-03-01 00:00:00,,48428,7003,0e3212d395457178a073ebc728d0c7ab83077476c2a4307bc15f4df202380809,184fab6850ceddcb6640c6d7c40a99ad76b6567a0af96fd41049a0eaafe65828,184fab6850ceddcb6640c6d7c40a99ad76b6567a0af96fd41049a0eaafe65828,"{""colsample_bytree"":0.8,""eval_metric"":""logloss"",""learning_rate"":0.03,""max_depth"":3,""min_child_weight"":5.0,""n_estimators"":4,""n_jobs"":4,""objective"":""binary:logistic"",""random_state"":20260823,""reg_alpha"":0.0,""reg_lambda"":1.0,""subsample"":0.8,""tree_method"":""hist""}","[""promised_delivery_days"",""S1_log1p_support"",""S1_cold_start"",""S1_posterior_se"",""S1_freshness_days"",""S2_log1p_support"",""S2_cold_start"",""S2_posterior_se"",""S2_freshness_days""]",[],597aaf320d6f4def5e4a355a9592b856d2343d0af8f0ac25c694050a63366bb4,41b085a6be6a388679e5cc635290032f8322be7d800b88cf5cb260a1b56a7661,sha256_pickle_protocol_5_fitted_wrapper,,a6d4ea5e457fb16115588bf96c200086a69b750e8b7b7ece1538846a303a71f3,b187add9d353488cbebc63ca4c13b0952335beab4347499cee5aecdb82fe6401
breach,later_metadata_only_sensitivity,logistic_l2,logistic_l2,DPB,DPB,metadata_only,,2018-04,2018-04-01 00:00:00,,55252,6798,4b412a638b1385505cf90636e7df36a90b8c5117a3e28705ec46d4040550ed76,12138ebc6d34b03c6440d89e35b8db35a30d241f9f497044ef308120883e5a5b,12138ebc6d34b03c6440d89e35b8db35a30d241f9f497044ef308120883e5a5b,"{""C"":10.0,""class_weight"":null,""max_iter"":1000,""penalty"":""l2"",""random_state"":20260823,""solver"":""liblinear""}","[""promised_delivery_days"",""S1_log1p_support"",""S1_cold_start"",""S1_posterior_se"",""S1_freshness_days"",""S2_log1p_support"",""S2_cold_start"",""S2_posterior_se"",""S2_freshness_days"",""R1_log1p_support"",""R1_cold_start"",""R1_posterior_se"",""R1_freshness_days"",""R2_log1p_support"",""R2_cold_start"",""R2_posterior_se"",""R2_freshness_days""]",[],f31b682d9ac7d46a2e7ef6aedeb76e1fd27857f26cf82bf74b700ad8926f94d4,4cd590d7b6e20ba65ae030ca11765fde34e1cf2c0202c631be6946061f0887a9,sha256_pickle_protocol_5_fitted_wrapper,,a6d4ea5e457fb16115588bf96c200086a69b750e8b7b7ece1538846a303a71f3,b187add9d353488cbebc63ca4c13b0952335beab4347499cee5aecdb82fe6401
breach,later_metadata_only_sensitivity,logistic_l2,logistic_l2,DPG,DPG,metadata_only,,2018-04,2018-04-01 00:00:00,,55252,6798,4b412a638b1385505cf90636e7df36a90b8c5117a3e28705ec46d4040550ed76,12138ebc6d34b03c6440d89e35b8db35a30d241f9f497044ef308120883e5a5b,12138ebc6d34b03c6440d89e35b8db35a30d241f9f497044ef308120883e5a5b,"{""C"":10.0,""class_weight"":null,""max_iter"":1000,""penalty"":""l2"",""random_state"":20260823,""solver"":""liblinear""}","[""promised_delivery_days"",""R1_log1p_support"",""R1_cold_start"",""R1_posterior_se"",""R1_freshness_days"",""R2_log1p_support"",""R2_cold_start"",""R2_posterior_se"",""R2_freshness_days""]",[],77957a0f4dc9de6a272c12f2f0842c4a121df9228fe55470cc73c42472acd0f5,ca616db13ea7238861ca70ffcd78ad74254549a151d33116b135bda01984cebf,sha256_pickle_protocol_5_fitted_wrapper,,a6d4ea5e457fb16115588bf96c200086a69b750e8b7b7ece1538846a303a71f3,b187add9d353488cbebc63ca4c13b0952335beab4347499cee5aecdb82fe6401
breach,later_metadata_only_sensitivity,logistic_l2,logistic_l2,DPS,DPS,metadata_only,,2018-04,2018-04-01 00:00:00,,55252,6798,4b412a638b1385505cf90636e7df36a90b8c5117a3e28705ec46d4040550ed76,12138ebc6d34b03c6440d89e35b8db35a30d241f9f497044ef308120883e5a5b,12138ebc6d34b03c6440d89e35b8db35a30d241f9f497044ef308120883e5a5b,"{""C"":10.0,""class_weight"":null,""max_iter"":1000,""penalty"":""l2"",""random_state"":20260823,""solver"":""liblinear""}","[""promised_delivery_days"",""S1_log1p_support"",""S1_cold_start"",""S1_posterior_se"",""S1_freshness_days"",""S2_log1p_support"",""S2_cold_start"",""S2_posterior_se"",""S2_freshness_days""]",[],597aaf320d6f4def5e4a355a9592b856d2343d0af8f0ac25c694050a63366bb4,21201f2be61dca4c7ca2088a5dc7bf85e39108cebc9240c59249e783a07bee92,sha256_pickle_protocol_5_fitted_wrapper,,a6d4ea5e457fb16115588bf96c200086a69b750e8b7b7ece1538846a303a71f3,b187add9d353488cbebc63ca4c13b0952335beab4347499cee5aecdb82fe6401
breach,later_metadata_only_sensitivity,xgboost,xgboost,DPB,DPB,metadata_only,,2018-04,2018-04-01 00:00:00,,55252,6798,4b412a638b1385505cf90636e7df36a90b8c5117a3e28705ec46d4040550ed76,12138ebc6d34b03c6440d89e35b8db35a30d241f9f497044ef308120883e5a5b,12138ebc6d34b03c6440d89e35b8db35a30d241f9f497044ef308120883e5a5b,"{""colsample_bytree"":0.8,""eval_metric"":""logloss"",""learning_rate"":0.03,""max_depth"":3,""min_child_weight"":5.0,""n_estimators"":4,""n_jobs"":4,""objective"":""binary:logistic"",""random_state"":20260823,""reg_alpha"":0.0,""reg_lambda"":1.0,""subsample"":0.8,""tree_method"":""hist""}","[""promised_delivery_days"",""S1_log1p_support"",""S1_cold_start"",""S1_posterior_se"",""S1_freshness_days"",""S2_log1p_support"",""S2_cold_start"",""S2_posterior_se"",""S2_freshness_days"",""R1_log1p_support"",""R1_cold_start"",""R1_posterior_se"",""R1_freshness_days"",""R2_log1p_support"",""R2_cold_start"",""R2_posterior_se"",""R2_freshness_days""]",[],f31b682d9ac7d46a2e7ef6aedeb76e1fd27857f26cf82bf74b700ad8926f94d4,9e9bb3c62f14cd563c8580f2b796161695bda98c15006bc3ab6aab3a2af9d3eb,sha256_pickle_protocol_5_fitted_wrapper,,a6d4ea5e457fb16115588bf96c200086a69b750e8b7b7ece1538846a303a71f3,b187add9d353488cbebc63ca4c13b0952335beab4347499cee5aecdb82fe6401
breach,later_metadata_only_sensitivity,xgboost,xgboost,DPG,DPG,metadata_only,,2018-04,2018-04-01 00:00:00,,55252,6798,4b412a638b1385505cf90636e7df36a90b8c5117a3e28705ec46d4040550ed76,12138ebc6d34b03c6440d89e35b8db35a30d241f9f497044ef308120883e5a5b,12138ebc6d34b03c6440d89e35b8db35a30d241f9f497044ef308120883e5a5b,"{""colsample_bytree"":0.8,""eval_metric"":""logloss"",""learning_rate"":0.03,""max_depth"":3,""min_child_weight"":5.0,""n_estimators"":4,""n_jobs"":4,""objective"":""binary:logistic"",""random_state"":20260823,""reg_alpha"":0.0,""reg_lambda"":1.0,""subsample"":0.8,""tree_method"":""hist""}","[""promised_delivery_days"",""R1_log1p_support"",""R1_cold_start"",""R1_posterior_se"",""R1_freshness_days"",""R2_log1p_support"",""R2_cold_start"",""R2_posterior_se"",""R2_freshness_days""]",[],77957a0f4dc9de6a272c12f2f0842c4a121df9228fe55470cc73c42472acd0f5,ede70cf4b1991f958de30fe65ec688af936f94b78f421ae49f208a14449bf86f,sha256_pickle_protocol_5_fitted_wrapper,,a6d4ea5e457fb16115588bf96c200086a69b750e8b7b7ece1538846a303a71f3,b187add9d353488cbebc63ca4c13b0952335beab4347499cee5aecdb82fe6401
breach,later_metadata_only_sensitivity,xgboost,xgboost,DPS,DPS,metadata_only,,2018-04,2018-04-01 00:00:00,,55252,6798,4b412a638b1385505cf90636e7df36a90b8c5117a3e28705ec46d4040550ed76,12138ebc6d34b03c6440d89e35b8db35a30d241f9f497044ef308120883e5a5b,12138ebc6d34b03c6440d89e35b8db35a30d241f9f497044ef308120883e5a5b,"{""colsample_bytree"":0.8,""eval_metric"":""logloss"",""learning_rate"":0.03,""max_depth"":3,""min_child_weight"":5.0,""n_estimators"":4,""n_jobs"":4,""objective"":""binary:logistic"",""random_state"":20260823,""reg_alpha"":0.0,""reg_lambda"":1.0,""subsample"":0.8,""tree_method"":""hist""}","[""promised_delivery_days"",""S1_log1p_support"",""S1_cold_start"",""S1_posterior_se"",""S1_freshness_days"",""S2_log1p_support"",""S2_cold_start"",""S2_posterior_se"",""S2_freshness_days""]",[],597aaf320d6f4def5e4a355a9592b856d2343d0af8f0ac25c694050a63366bb4,3cb0d088e073630dc7c7e1ed96c178b0f37a5911cca526246f229647f75eccd0,sha256_pickle_protocol_5_fitted_wrapper,,a6d4ea5e457fb16115588bf96c200086a69b750e8b7b7ece1538846a303a71f3,b187add9d353488cbebc63ca4c13b0952335beab4347499cee5aecdb82fe6401
breach,later_metadata_only_sensitivity,logistic_l2,logistic_l2,DPB,DPB,metadata_only,,2018-05,2018-05-01 00:00:00,,63102,6749,3a2c7cf7131e9bd4bb5b4f153fa8d9fc4c621e39e39bbd1626a60fe9aeb83b96,5ba9c39fb7a95e02255cc9707656867769dd51ba2afc32a961f00a0dd34fba0f,5ba9c39fb7a95e02255cc9707656867769dd51ba2afc32a961f00a0dd34fba0f,"{""C"":10.0,""class_weight"":null,""max_iter"":1000,""penalty"":""l2"",""random_state"":20260823,""solver"":""liblinear""}","[""promised_delivery_days"",""S1_log1p_support"",""S1_cold_start"",""S1_posterior_se"",""S1_freshness_days"",""S2_log1p_support"",""S2_cold_start"",""S2_posterior_se"",""S2_freshness_days"",""R1_log1p_support"",""R1_cold_start"",""R1_posterior_se"",""R1_freshness_days"",""R2_log1p_support"",""R2_cold_start"",""R2_posterior_se"",""R2_freshness_days""]",[],f31b682d9ac7d46a2e7ef6aedeb76e1fd27857f26cf82bf74b700ad8926f94d4,d4986692108d94a829d7388be12798249aa508b046f3d79187356eca941a6734,sha256_pickle_protocol_5_fitted_wrapper,,a6d4ea5e457fb16115588bf96c200086a69b750e8b7b7ece1538846a303a71f3,b187add9d353488cbebc63ca4c13b0952335beab4347499cee5aecdb82fe6401
breach,later_metadata_only_sensitivity,logistic_l2,logistic_l2,DPG,DPG,metadata_only,,2018-05,2018-05-01 00:00:00,,63102,6749,3a2c7cf7131e9bd4bb5b4f153fa8d9fc4c621e39e39bbd1626a60fe9aeb83b96,5ba9c39fb7a95e02255cc9707656867769dd51ba2afc32a961f00a0dd34fba0f,5ba9c39fb7a95e02255cc9707656867769dd51ba2afc32a961f00a0dd34fba0f,"{""C"":10.0,""class_weight"":null,""max_iter"":1000,""penalty"":""l2"",""random_state"":20260823,""solver"":""liblinear""}","[""promised_delivery_days"",""R1_log1p_support"",""R1_cold_start"",""R1_posterior_se"",""R1_freshness_days"",""R2_log1p_support"",""R2_cold_start"",""R2_posterior_se"",""R2_freshness_days""]",[],77957a0f4dc9de6a272c12f2f0842c4a121df9228fe55470cc73c42472acd0f5,c5f878e7845ef57dd5ef780d90fa5abbc8174ca50c433ef9e2ef2ee654d73b2c,sha256_pickle_protocol_5_fitted_wrapper,,a6d4ea5e457fb16115588bf96c200086a69b750e8b7b7ece1538846a303a71f3,b187add9d353488cbebc63ca4c13b0952335beab4347499cee5aecdb82fe6401
breach,later_metadata_only_sensitivity,logistic_l2,logistic_l2,DPS,DPS,metadata_only,,2018-05,2018-05-01 00:00:00,,63102,6749,3a2c7cf7131e9bd4bb5b4f153fa8d9fc4c621e39e39bbd1626a60fe9aeb83b96,5ba9c39fb7a95e02255cc9707656867769dd51ba2afc32a961f00a0dd34fba0f,5ba9c39fb7a95e02255cc9707656867769dd51ba2afc32a961f00a0dd34fba0f,"{""C"":10.0,""class_weight"":null,""max_iter"":1000,""penalty"":""l2"",""random_state"":20260823,""solver"":""liblinear""}","[""promised_delivery_days"",""S1_log1p_support"",""S1_cold_start"",""S1_posterior_se"",""S1_freshness_days"",""S2_log1p_support"",""S2_cold_start"",""S2_posterior_se"",""S2_freshness_days""]",[],597aaf320d6f4def5e4a355a9592b856d2343d0af8f0ac25c694050a63366bb4,4199f930cf71fcbda272f09c704a5d80a3ffccda43e72a052029249c6d73afd0,sha256_pickle_protocol_5_fitted_wrapper,,a6d4ea5e457fb16115588bf96c200086a69b750e8b7b7ece1538846a303a71f3,b187add9d353488cbebc63ca4c13b0952335beab4347499cee5aecdb82fe6401
breach,later_metadata_only_sensitivity,xgboost,xgboost,DPB,DPB,metadata_only,,2018-05,2018-05-01 00:00:00,,63102,6749,3a2c7cf7131e9bd4bb5b4f153fa8d9fc4c621e39e39bbd1626a60fe9aeb83b96,5ba9c39fb7a95e02255cc9707656867769dd51ba2afc32a961f00a0dd34fba0f,5ba9c39fb7a95e02255cc9707656867769dd51ba2afc32a961f00a0dd34fba0f,"{""colsample_bytree"":0.8,""eval_metric"":""logloss"",""learning_rate"":0.03,""max_depth"":3,""min_child_weight"":5.0,""n_estimators"":4,""n_jobs"":4,""objective"":""binary:logistic"",""random_state"":20260823,""reg_alpha"":0.0,""reg_lambda"":1.0,""subsample"":0.8,""tree_method"":""hist""}","[""promised_delivery_days"",""S1_log1p_support"",""S1_cold_start"",""S1_posterior_se"",""S1_freshness_days"",""S2_log1p_support"",""S2_cold_start"",""S2_posterior_se"",""S2_freshness_days"",""R1_log1p_support"",""R1_cold_start"",""R1_posterior_se"",""R1_freshness_days"",""R2_log1p_support"",""R2_cold_start"",""R2_posterior_se"",""R2_freshness_days""]",[],f31b682d9ac7d46a2e7ef6aedeb76e1fd27857f26cf82bf74b700ad8926f94d4,d5942a60fb89fe9b53d4578770d5673bdf80afeaaaa39375a23e85e945cd0094,sha256_pickle_protocol_5_fitted_wrapper,,a6d4ea5e457fb16115588bf96c200086a69b750e8b7b7ece1538846a303a71f3,b187add9d353488cbebc63ca4c13b0952335beab4347499cee5aecdb82fe6401
breach,later_metadata_only_sensitivity,xgboost,xgboost,DPG,DPG,metadata_only,,2018-05,2018-05-01 00:00:00,,63102,6749,3a2c7cf7131e9bd4bb5b4f153fa8d9fc4c621e39e39bbd1626a60fe9aeb83b96,5ba9c39fb7a95e02255cc9707656867769dd51ba2afc32a961f00a0dd34fba0f,5ba9c39fb7a95e02255cc9707656867769dd51ba2afc32a961f00a0dd34fba0f,"{""colsample_bytree"":0.8,""eval_metric"":""logloss"",""learning_rate"":0.03,""max_depth"":3,""min_child_weight"":5.0,""n_estimators"":4,""n_jobs"":4,""objective"":""binary:logistic"",""random_state"":20260823,""reg_alpha"":0.0,""reg_lambda"":1.0,""subsample"":0.8,""tree_method"":""hist""}","[""promised_delivery_days"",""R1_log1p_support"",""R1_cold_start"",""R1_posterior_se"",""R1_freshness_days"",""R2_log1p_support"",""R2_cold_start"",""R2_posterior_se"",""R2_freshness_days""]",[],77957a0f4dc9de6a272c12f2f0842c4a121df9228fe55470cc73c42472acd0f5,bfc05052d9d7037a852f0d8512b64e210602c410373fe3a783b36eff89fbf3fb,sha256_pickle_protocol_5_fitted_wrapper,,a6d4ea5e457fb16115588bf96c200086a69b750e8b7b7ece1538846a303a71f3,b187add9d353488cbebc63ca4c13b0952335beab4347499cee5aecdb82fe6401
breach,later_metadata_only_sensitivity,xgboost,xgboost,DPS,DPS,metadata_only,,2018-05,2018-05-01 00:00:00,,63102,6749,3a2c7cf7131e9bd4bb5b4f153fa8d9fc4c621e39e39bbd1626a60fe9aeb83b96,5ba9c39fb7a95e02255cc9707656867769dd51ba2afc32a961f00a0dd34fba0f,5ba9c39fb7a95e02255cc9707656867769dd51ba2afc32a961f00a0dd34fba0f,"{""colsample_bytree"":0.8,""eval_metric"":""logloss"",""learning_rate"":0.03,""max_depth"":3,""min_child_weight"":5.0,""n_estimators"":4,""n_jobs"":4,""objective"":""binary:logistic"",""random_state"":20260823,""reg_alpha"":0.0,""reg_lambda"":1.0,""subsample"":0.8,""tree_method"":""hist""}","[""promised_delivery_days"",""S1_log1p_support"",""S1_cold_start"",""S1_posterior_se"",""S1_freshness_days"",""S2_log1p_support"",""S2_cold_start"",""S2_posterior_se"",""S2_freshness_days""]",[],597aaf320d6f4def5e4a355a9592b856d2343d0af8f0ac25c694050a63366bb4,de4dfd9569f9e3139f3158b1f8c8363d75c2d45dc8ea884e982355ac943335e6,sha256_pickle_protocol_5_fitted_wrapper,,a6d4ea5e457fb16115588bf96c200086a69b750e8b7b7ece1538846a303a71f3,b187add9d353488cbebc63ca4c13b0952335beab4347499cee5aecdb82fe6401
breach,later_metadata_only_sensitivity,logistic_l2,logistic_l2,DPB,DPB,metadata_only,,2018-06,2018-06-01 00:00:00,,70213,6096,b4b7730fb73b48d8c9ea1119a7fd918eac0ff0054243f3208bac0ffcbe3027d2,93d1e83d8d3dc0b917f21633c2bfe0cd78c570027229894e2260c262d727c336,93d1e83d8d3dc0b917f21633c2bfe0cd78c570027229894e2260c262d727c336,"{""C"":10.0,""class_weight"":null,""max_iter"":1000,""penalty"":""l2"",""random_state"":20260823,""solver"":""liblinear""}","[""promised_delivery_days"",""S1_log1p_support"",""S1_cold_start"",""S1_posterior_se"",""S1_freshness_days"",""S2_log1p_support"",""S2_cold_start"",""S2_posterior_se"",""S2_freshness_days"",""R1_log1p_support"",""R1_cold_start"",""R1_posterior_se"",""R1_freshness_days"",""R2_log1p_support"",""R2_cold_start"",""R2_posterior_se"",""R2_freshness_days""]",[],f31b682d9ac7d46a2e7ef6aedeb76e1fd27857f26cf82bf74b700ad8926f94d4,7838f1d24c475f844619573021fac19c3464edf3a422ef1911243fbe232a33dc,sha256_pickle_protocol_5_fitted_wrapper,,a6d4ea5e457fb16115588bf96c200086a69b750e8b7b7ece1538846a303a71f3,b187add9d353488cbebc63ca4c13b0952335beab4347499cee5aecdb82fe6401
breach,later_metadata_only_sensitivity,logistic_l2,logistic_l2,DPG,DPG,metadata_only,,2018-06,2018-06-01 00:00:00,,70213,6096,b4b7730fb73b48d8c9ea1119a7fd918eac0ff0054243f3208bac0ffcbe3027d2,93d1e83d8d3dc0b917f21633c2bfe0cd78c570027229894e2260c262d727c336,93d1e83d8d3dc0b917f21633c2bfe0cd78c570027229894e2260c262d727c336,"{""C"":10.0,""class_weight"":null,""max_iter"":1000,""penalty"":""l2"",""random_state"":20260823,""solver"":""liblinear""}","[""promised_delivery_days"",""R1_log1p_support"",""R1_cold_start"",""R1_posterior_se"",""R1_freshness_days"",""R2_log1p_support"",""R2_cold_start"",""R2_posterior_se"",""R2_freshness_days""]",[],77957a0f4dc9de6a272c12f2f0842c4a121df9228fe55470cc73c42472acd0f5,ab402471c499edb880dea388050b6f17b5ec079c94bf326018885cf57edd520c,sha256_pickle_protocol_5_fitted_wrapper,,a6d4ea5e457fb16115588bf96c200086a69b750e8b7b7ece1538846a303a71f3,b187add9d353488cbebc63ca4c13b0952335beab4347499cee5aecdb82fe6401
breach,later_metadata_only_sensitivity,logistic_l2,logistic_l2,DPS,DPS,metadata_only,,2018-06,2018-06-01 00:00:00,,70213,6096,b4b7730fb73b48d8c9ea1119a7fd918eac0ff0054243f3208bac0ffcbe3027d2,93d1e83d8d3dc0b917f21633c2bfe0cd78c570027229894e2260c262d727c336,93d1e83d8d3dc0b917f21633c2bfe0cd78c570027229894e2260c262d727c336,"{""C"":10.0,""class_weight"":null,""max_iter"":1000,""penalty"":""l2"",""random_state"":20260823,""solver"":""liblinear""}","[""promised_delivery_days"",""S1_log1p_support"",""S1_cold_start"",""S1_posterior_se"",""S1_freshness_days"",""S2_log1p_support"",""S2_cold_start"",""S2_posterior_se"",""S2_freshness_days""]",[],597aaf320d6f4def5e4a355a9592b856d2343d0af8f0ac25c694050a63366bb4,94be9a1034661dd6bcf2db71e69cce2db43727409efe4f8e46bda0fa320d70d2,sha256_pickle_protocol_5_fitted_wrapper,,a6d4ea5e457fb16115588bf96c200086a69b750e8b7b7ece1538846a303a71f3,b187add9d353488cbebc63ca4c13b0952335beab4347499cee5aecdb82fe6401
breach,later_metadata_only_sensitivity,xgboost,xgboost,DPB,DPB,metadata_only,,2018-06,2018-06-01 00:00:00,,70213,6096,b4b7730fb73b48d8c9ea1119a7fd918eac0ff0054243f3208bac0ffcbe3027d2,93d1e83d8d3dc0b917f21633c2bfe0cd78c570027229894e2260c262d727c336,93d1e83d8d3dc0b917f21633c2bfe0cd78c570027229894e2260c262d727c336,"{""colsample_bytree"":0.8,""eval_metric"":""logloss"",""learning_rate"":0.03,""max_depth"":3,""min_child_weight"":5.0,""n_estimators"":4,""n_jobs"":4,""objective"":""binary:logistic"",""random_state"":20260823,""reg_alpha"":0.0,""reg_lambda"":1.0,""subsample"":0.8,""tree_method"":""hist""}","[""promised_delivery_days"",""S1_log1p_support"",""S1_cold_start"",""S1_posterior_se"",""S1_freshness_days"",""S2_log1p_support"",""S2_cold_start"",""S2_posterior_se"",""S2_freshness_days"",""R1_log1p_support"",""R1_cold_start"",""R1_posterior_se"",""R1_freshness_days"",""R2_log1p_support"",""R2_cold_start"",""R2_posterior_se"",""R2_freshness_days""]",[],f31b682d9ac7d46a2e7ef6aedeb76e1fd27857f26cf82bf74b700ad8926f94d4,e1375c1d011afdda9afa9157e625dfa33c4d7bd288b52c43d9eb00dba0eeced0,sha256_pickle_protocol_5_fitted_wrapper,,a6d4ea5e457fb16115588bf96c200086a69b750e8b7b7ece1538846a303a71f3,b187add9d353488cbebc63ca4c13b0952335beab4347499cee5aecdb82fe6401
breach,later_metadata_only_sensitivity,xgboost,xgboost,DPG,DPG,metadata_only,,2018-06,2018-06-01 00:00:00,,70213,6096,b4b7730fb73b48d8c9ea1119a7fd918eac0ff0054243f3208bac0ffcbe3027d2,93d1e83d8d3dc0b917f21633c2bfe0cd78c570027229894e2260c262d727c336,93d1e83d8d3dc0b917f21633c2bfe0cd78c570027229894e2260c262d727c336,"{""colsample_bytree"":0.8,""eval_metric"":""logloss"",""learning_rate"":0.03,""max_depth"":3,""min_child_weight"":5.0,""n_estimators"":4,""n_jobs"":4,""objective"":""binary:logistic"",""random_state"":20260823,""reg_alpha"":0.0,""reg_lambda"":1.0,""subsample"":0.8,""tree_method"":""hist""}","[""promised_delivery_days"",""R1_log1p_support"",""R1_cold_start"",""R1_posterior_se"",""R1_freshness_days"",""R2_log1p_support"",""R2_cold_start"",""R2_posterior_se"",""R2_freshness_days""]",[],77957a0f4dc9de6a272c12f2f0842c4a121df9228fe55470cc73c42472acd0f5,d89c7334746bfc0cc6910ce8107026b4e2f9979d63d36b641df8269e57266a95,sha256_pickle_protocol_5_fitted_wrapper,,a6d4ea5e457fb16115588bf96c200086a69b750e8b7b7ece1538846a303a71f3,b187add9d353488cbebc63ca4c13b0952335beab4347499cee5aecdb82fe6401
breach,later_metadata_only_sensitivity,xgboost,xgboost,DPS,DPS,metadata_only,,2018-06,2018-06-01 00:00:00,,70213,6096,b4b7730fb73b48d8c9ea1119a7fd918eac0ff0054243f3208bac0ffcbe3027d2,93d1e83d8d3dc0b917f21633c2bfe0cd78c570027229894e2260c262d727c336,93d1e83d8d3dc0b917f21633c2bfe0cd78c570027229894e2260c262d727c336,"{""colsample_bytree"":0.8,""eval_metric"":""logloss"",""learning_rate"":0.03,""max_depth"":3,""min_child_weight"":5.0,""n_estimators"":4,""n_jobs"":4,""objective"":""binary:logistic"",""random_state"":20260823,""reg_alpha"":0.0,""reg_lambda"":1.0,""subsample"":0.8,""tree_method"":""hist""}","[""promised_delivery_days"",""S1_log1p_support"",""S1_cold_start"",""S1_posterior_se"",""S1_freshness_days"",""S2_log1p_support"",""S2_cold_start"",""S2_posterior_se"",""S2_freshness_days""]",[],597aaf320d6f4def5e4a355a9592b856d2343d0af8f0ac25c694050a63366bb4,52d2f61d084249b6bb3fa2f4bc5bc57a1bab3a472971b91828348088868d4fbf,sha256_pickle_protocol_5_fitted_wrapper,,a6d4ea5e457fb16115588bf96c200086a69b750e8b7b7ece1538846a303a71f3,b187add9d353488cbebc63ca4c13b0952335beab4347499cee5aecdb82fe6401
breach,later_score_only_sensitivity,logistic_l2,logistic_l2,DPB,DPB,score_only,,2018-01,2018-01-01 00:00:00,,35981,7069,96cab33fe9aa2c645b95d864cd8ad73f21f028817e839c487b423b134b3104f9,ee393306bea41ea6bceb8fcfabd7cbb43b7db39a083d42187f0a69ab3a3539a6,ee393306bea41ea6bceb8fcfabd7cbb43b7db39a083d42187f0a69ab3a3539a6,"{""C"":10.0,""class_weight"":null,""max_iter"":1000,""penalty"":""l2"",""random_state"":20260823,""solver"":""liblinear""}","[""promised_delivery_days"",""S1_score"",""S2_score"",""R1_score"",""R2_score""]",[],8e839303586410634b4111720a721a21467d5baefb8e162bfcff1725b8a831bb,3f9c2339efc912e7789e10814f3095f83b120bb0fd013df898c2b1444c5656cd,sha256_pickle_protocol_5_fitted_wrapper,,a6d4ea5e457fb16115588bf96c200086a69b750e8b7b7ece1538846a303a71f3,b187add9d353488cbebc63ca4c13b0952335beab4347499cee5aecdb82fe6401
breach,later_score_only_sensitivity,logistic_l2,logistic_l2,DPG,DPG,score_only,,2018-01,2018-01-01 00:00:00,,35981,7069,96cab33fe9aa2c645b95d864cd8ad73f21f028817e839c487b423b134b3104f9,ee393306bea41ea6bceb8fcfabd7cbb43b7db39a083d42187f0a69ab3a3539a6,ee393306bea41ea6bceb8fcfabd7cbb43b7db39a083d42187f0a69ab3a3539a6,"{""C"":10.0,""class_weight"":null,""max_iter"":1000,""penalty"":""l2"",""random_state"":20260823,""solver"":""liblinear""}","[""promised_delivery_days"",""R1_score"",""R2_score""]",[],3766dc3232503b9ae286e55a8bd35fac5fe1d3245fcd29bcf71c7ba9cdc58637,625afd81514cf8dec413a323180f9ace7a106a39de27af3bfef8a5026b8c4b4f,sha256_pickle_protocol_5_fitted_wrapper,,a6d4ea5e457fb16115588bf96c200086a69b750e8b7b7ece1538846a303a71f3,b187add9d353488cbebc63ca4c13b0952335beab4347499cee5aecdb82fe6401
breach,later_score_only_sensitivity,logistic_l2,logistic_l2,DPS,DPS,score_only,,2018-01,2018-01-01 00:00:00,,35981,7069,96cab33fe9aa2c645b95d864cd8ad73f21f028817e839c487b423b134b3104f9,ee393306bea41ea6bceb8fcfabd7cbb43b7db39a083d42187f0a69ab3a3539a6,ee393306bea41ea6bceb8fcfabd7cbb43b7db39a083d42187f0a69ab3a3539a6,"{""C"":10.0,""class_weight"":null,""max_iter"":1000,""penalty"":""l2"",""random_state"":20260823,""solver"":""liblinear""}","[""promised_delivery_days"",""S1_score"",""S2_score""]",[],1a935f0082e8f912fa6676e6c253f030507438f99e9ff86c8bb06e45d0333d82,a4c607731ece6a6d612a8380824a2c0ea1f0ab49514c4215f504be5fd80ea653,sha256_pickle_protocol_5_fitted_wrapper,,a6d4ea5e457fb16115588bf96c200086a69b750e8b7b7ece1538846a303a71f3,b187add9d353488cbebc63ca4c13b0952335beab4347499cee5aecdb82fe6401
breach,later_score_only_sensitivity,xgboost,xgboost,DPB,DPB,score_only,,2018-01,2018-01-01 00:00:00,,35981,7069,96cab33fe9aa2c645b95d864cd8ad73f21f028817e839c487b423b134b3104f9,ee393306bea41ea6bceb8fcfabd7cbb43b7db39a083d42187f0a69ab3a3539a6,ee393306bea41ea6bceb8fcfabd7cbb43b7db39a083d42187f0a69ab3a3539a6,"{""colsample_bytree"":0.8,""eval_metric"":""logloss"",""learning_rate"":0.03,""max_depth"":3,""min_child_weight"":5.0,""n_estimators"":4,""n_jobs"":4,""objective"":""binary:logistic"",""random_state"":20260823,""reg_alpha"":0.0,""reg_lambda"":1.0,""subsample"":0.8,""tree_method"":""hist""}","[""promised_delivery_days"",""S1_score"",""S2_score"",""R1_score"",""R2_score""]",[],8e839303586410634b4111720a721a21467d5baefb8e162bfcff1725b8a831bb,fea0cd8373c9355a7724207fae3eb6f1ae6cb523a544953c3cf7bfc4a4607ae3,sha256_pickle_protocol_5_fitted_wrapper,,a6d4ea5e457fb16115588bf96c200086a69b750e8b7b7ece1538846a303a71f3,b187add9d353488cbebc63ca4c13b0952335beab4347499cee5aecdb82fe6401
breach,later_score_only_sensitivity,xgboost,xgboost,DPG,DPG,score_only,,2018-01,2018-01-01 00:00:00,,35981,7069,96cab33fe9aa2c645b95d864cd8ad73f21f028817e839c487b423b134b3104f9,ee393306bea41ea6bceb8fcfabd7cbb43b7db39a083d42187f0a69ab3a3539a6,ee393306bea41ea6bceb8fcfabd7cbb43b7db39a083d42187f0a69ab3a3539a6,"{""colsample_bytree"":0.8,""eval_metric"":""logloss"",""learning_rate"":0.03,""max_depth"":3,""min_child_weight"":5.0,""n_estimators"":4,""n_jobs"":4,""objective"":""binary:logistic"",""random_state"":20260823,""reg_alpha"":0.0,""reg_lambda"":1.0,""subsample"":0.8,""tree_method"":""hist""}","[""promised_delivery_days"",""R1_score"",""R2_score""]",[],3766dc3232503b9ae286e55a8bd35fac5fe1d3245fcd29bcf71c7ba9cdc58637,2d7eca6938f6704bbaff4e6bc66c2177a4c74f8766481b994d3ac767bd30c4d8,sha256_pickle_protocol_5_fitted_wrapper,,a6d4ea5e457fb16115588bf96c200086a69b750e8b7b7ece1538846a303a71f3,b187add9d353488cbebc63ca4c13b0952335beab4347499cee5aecdb82fe6401
breach,later_score_only_sensitivity,xgboost,xgboost,DPS,DPS,score_only,,2018-01,2018-01-01 00:00:00,,35981,7069,96cab33fe9aa2c645b95d864cd8ad73f21f028817e839c487b423b134b3104f9,ee393306bea41ea6bceb8fcfabd7cbb43b7db39a083d42187f0a69ab3a3539a6,ee393306bea41ea6bceb8fcfabd7cbb43b7db39a083d42187f0a69ab3a3539a6,"{""colsample_bytree"":0.8,""eval_metric"":""logloss"",""learning_rate"":0.03,""max_depth"":3,""min_child_weight"":5.0,""n_estimators"":4,""n_jobs"":4,""objective"":""binary:logistic"",""random_state"":20260823,""reg_alpha"":0.0,""reg_lambda"":1.0,""subsample"":0.8,""tree_method"":""hist""}","[""promised_delivery_days"",""S1_score"",""S2_score""]",[],1a935f0082e8f912fa6676e6c253f030507438f99e9ff86c8bb06e45d0333d82,aea7fec3428399675c3022c8396c84fdfdc36af4e2c16d3e5a5e3c86b725b2d0,sha256_pickle_protocol_5_fitted_wrapper,,a6d4ea5e457fb16115588bf96c200086a69b750e8b7b7ece1538846a303a71f3,b187add9d353488cbebc63ca4c13b0952335beab4347499cee5aecdb82fe6401
breach,later_score_only_sensitivity,logistic_l2,logistic_l2,DPB,DPB,score_only,,2018-02,2018-02-01 00:00:00,,42578,6555,a51820ff53f7771f9c44ce45be1dcb2d238a8e28dccc88b566859c028e0e982b,02786257f3541e7684cbb92ee3533cd5479cfac0aa39a1f4199a4465c8ee2f98,02786257f3541e7684cbb92ee3533cd5479cfac0aa39a1f4199a4465c8ee2f98,"{""C"":10.0,""class_weight"":null,""max_iter"":1000,""penalty"":""l2"",""random_state"":20260823,""solver"":""liblinear""}","[""promised_delivery_days"",""S1_score"",""S2_score"",""R1_score"",""R2_score""]",[],8e839303586410634b4111720a721a21467d5baefb8e162bfcff1725b8a831bb,91bf15837bea0064f6984678b3833edc893be945c2e1bb41264bde5e5fb074cf,sha256_pickle_protocol_5_fitted_wrapper,,a6d4ea5e457fb16115588bf96c200086a69b750e8b7b7ece1538846a303a71f3,b187add9d353488cbebc63ca4c13b0952335beab4347499cee5aecdb82fe6401
breach,later_score_only_sensitivity,logistic_l2,logistic_l2,DPG,DPG,score_only,,2018-02,2018-02-01 00:00:00,,42578,6555,a51820ff53f7771f9c44ce45be1dcb2d238a8e28dccc88b566859c028e0e982b,02786257f3541e7684cbb92ee3533cd5479cfac0aa39a1f4199a4465c8ee2f98,02786257f3541e7684cbb92ee3533cd5479cfac0aa39a1f4199a4465c8ee2f98,"{""C"":10.0,""class_weight"":null,""max_iter"":1000,""penalty"":""l2"",""random_state"":20260823,""solver"":""liblinear""}","[""promised_delivery_days"",""R1_score"",""R2_score""]",[],3766dc3232503b9ae286e55a8bd35fac5fe1d3245fcd29bcf71c7ba9cdc58637,c889b4bb0b9c4def6f9d3bccccd8d1f0d9604500cb4f60dafcd20b19f7530914,sha256_pickle_protocol_5_fitted_wrapper,,a6d4ea5e457fb16115588bf96c200086a69b750e8b7b7ece1538846a303a71f3,b187add9d353488cbebc63ca4c13b0952335beab4347499cee5aecdb82fe6401
breach,later_score_only_sensitivity,logistic_l2,logistic_l2,DPS,DPS,score_only,,2018-02,2018-02-01 00:00:00,,42578,6555,a51820ff53f7771f9c44ce45be1dcb2d238a8e28dccc88b566859c028e0e982b,02786257f3541e7684cbb92ee3533cd5479cfac0aa39a1f4199a4465c8ee2f98,02786257f3541e7684cbb92ee3533cd5479cfac0aa39a1f4199a4465c8ee2f98,"{""C"":10.0,""class_weight"":null,""max_iter"":1000,""penalty"":""l2"",""random_state"":20260823,""solver"":""liblinear""}","[""promised_delivery_days"",""S1_score"",""S2_score""]",[],1a935f0082e8f912fa6676e6c253f030507438f99e9ff86c8bb06e45d0333d82,aaecfb99422db0f3d824d4c88018a0e9f8c7be4f2889a9fec89bbd0b0cc3f335,sha256_pickle_protocol_5_fitted_wrapper,,a6d4ea5e457fb16115588bf96c200086a69b750e8b7b7ece1538846a303a71f3,b187add9d353488cbebc63ca4c13b0952335beab4347499cee5aecdb82fe6401
breach,later_score_only_sensitivity,xgboost,xgboost,DPB,DPB,score_only,,2018-02,2018-02-01 00:00:00,,42578,6555,a51820ff53f7771f9c44ce45be1dcb2d238a8e28dccc88b566859c028e0e982b,02786257f3541e7684cbb92ee3533cd5479cfac0aa39a1f4199a4465c8ee2f98,02786257f3541e7684cbb92ee3533cd5479cfac0aa39a1f4199a4465c8ee2f98,"{""colsample_bytree"":0.8,""eval_metric"":""logloss"",""learning_rate"":0.03,""max_depth"":3,""min_child_weight"":5.0,""n_estimators"":4,""n_jobs"":4,""objective"":""binary:logistic"",""random_state"":20260823,""reg_alpha"":0.0,""reg_lambda"":1.0,""subsample"":0.8,""tree_method"":""hist""}","[""promised_delivery_days"",""S1_score"",""S2_score"",""R1_score"",""R2_score""]",[],8e839303586410634b4111720a721a21467d5baefb8e162bfcff1725b8a831bb,731160ac0b9a8a4575b03d9c4cf3f88883b77dd6f2a0b339bdaf1e59442f558b,sha256_pickle_protocol_5_fitted_wrapper,,a6d4ea5e457fb16115588bf96c200086a69b750e8b7b7ece1538846a303a71f3,b187add9d353488cbebc63ca4c13b0952335beab4347499cee5aecdb82fe6401
breach,later_score_only_sensitivity,xgboost,xgboost,DPG,DPG,score_only,,2018-02,2018-02-01 00:00:00,,42578,6555,a51820ff53f7771f9c44ce45be1dcb2d238a8e28dccc88b566859c028e0e982b,02786257f3541e7684cbb92ee3533cd5479cfac0aa39a1f4199a4465c8ee2f98,02786257f3541e7684cbb92ee3533cd5479cfac0aa39a1f4199a4465c8ee2f98,"{""colsample_bytree"":0.8,""eval_metric"":""logloss"",""learning_rate"":0.03,""max_depth"":3,""min_child_weight"":5.0,""n_estimators"":4,""n_jobs"":4,""objective"":""binary:logistic"",""random_state"":20260823,""reg_alpha"":0.0,""reg_lambda"":1.0,""subsample"":0.8,""tree_method"":""hist""}","[""promised_delivery_days"",""R1_score"",""R2_score""]",[],3766dc3232503b9ae286e55a8bd35fac5fe1d3245fcd29bcf71c7ba9cdc58637,20b3926d3d20a288f493178d24628650e66789b60abbee656ac93cc4a8e9ff0f,sha256_pickle_protocol_5_fitted_wrapper,,a6d4ea5e457fb16115588bf96c200086a69b750e8b7b7ece1538846a303a71f3,b187add9d353488cbebc63ca4c13b0952335beab4347499cee5aecdb82fe6401
breach,later_score_only_sensitivity,xgboost,xgboost,DPS,DPS,score_only,,2018-02,2018-02-01 00:00:00,,42578,6555,a51820ff53f7771f9c44ce45be1dcb2d238a8e28dccc88b566859c028e0e982b,02786257f3541e7684cbb92ee3533cd5479cfac0aa39a1f4199a4465c8ee2f98,02786257f3541e7684cbb92ee3533cd5479cfac0aa39a1f4199a4465c8ee2f98,"{""colsample_bytree"":0.8,""eval_metric"":""logloss"",""learning_rate"":0.03,""max_depth"":3,""min_child_weight"":5.0,""n_estimators"":4,""n_jobs"":4,""objective"":""binary:logistic"",""random_state"":20260823,""reg_alpha"":0.0,""reg_lambda"":1.0,""subsample"":0.8,""tree_method"":""hist""}","[""promised_delivery_days"",""S1_score"",""S2_score""]",[],1a935f0082e8f912fa6676e6c253f030507438f99e9ff86c8bb06e45d0333d82,addb5f102f28d9cd1f3c140b51bca6a3a4502b782760d80f1388829d22e93c69,sha256_pickle_protocol_5_fitted_wrapper,,a6d4ea5e457fb16115588bf96c200086a69b750e8b7b7ece1538846a303a71f3,b187add9d353488cbebc63ca4c13b0952335beab4347499cee5aecdb82fe6401
breach,later_score_only_sensitivity,logistic_l2,logistic_l2,DPB,DPB,score_only,,2018-03,2018-03-01 00:00:00,,48428,7003,0e3212d395457178a073ebc728d0c7ab83077476c2a4307bc15f4df202380809,184fab6850ceddcb6640c6d7c40a99ad76b6567a0af96fd41049a0eaafe65828,184fab6850ceddcb6640c6d7c40a99ad76b6567a0af96fd41049a0eaafe65828,"{""C"":10.0,""class_weight"":null,""max_iter"":1000,""penalty"":""l2"",""random_state"":20260823,""solver"":""liblinear""}","[""promised_delivery_days"",""S1_score"",""S2_score"",""R1_score"",""R2_score""]",[],8e839303586410634b4111720a721a21467d5baefb8e162bfcff1725b8a831bb,fe0c035e9d8b3ee979706cc9ccdbfcf2266a5b1b20cf32bf662593ebc9112b38,sha256_pickle_protocol_5_fitted_wrapper,,a6d4ea5e457fb16115588bf96c200086a69b750e8b7b7ece1538846a303a71f3,b187add9d353488cbebc63ca4c13b0952335beab4347499cee5aecdb82fe6401
breach,later_score_only_sensitivity,logistic_l2,logistic_l2,DPG,DPG,score_only,,2018-03,2018-03-01 00:00:00,,48428,7003,0e3212d395457178a073ebc728d0c7ab83077476c2a4307bc15f4df202380809,184fab6850ceddcb6640c6d7c40a99ad76b6567a0af96fd41049a0eaafe65828,184fab6850ceddcb6640c6d7c40a99ad76b6567a0af96fd41049a0eaafe65828,"{""C"":10.0,""class_weight"":null,""max_iter"":1000,""penalty"":""l2"",""random_state"":20260823,""solver"":""liblinear""}","[""promised_delivery_days"",""R1_score"",""R2_score""]",[],3766dc3232503b9ae286e55a8bd35fac5fe1d3245fcd29bcf71c7ba9cdc58637,10d5b022f0aed900cef5c76606a29648ae46a1125820856e9e31ade025e45b51,sha256_pickle_protocol_5_fitted_wrapper,,a6d4ea5e457fb16115588bf96c200086a69b750e8b7b7ece1538846a303a71f3,b187add9d353488cbebc63ca4c13b0952335beab4347499cee5aecdb82fe6401
breach,later_score_only_sensitivity,logistic_l2,logistic_l2,DPS,DPS,score_only,,2018-03,2018-03-01 00:00:00,,48428,7003,0e3212d395457178a073ebc728d0c7ab83077476c2a4307bc15f4df202380809,184fab6850ceddcb6640c6d7c40a99ad76b6567a0af96fd41049a0eaafe65828,184fab6850ceddcb6640c6d7c40a99ad76b6567a0af96fd41049a0eaafe65828,"{""C"":10.0,""class_weight"":null,""max_iter"":1000,""penalty"":""l2"",""random_state"":20260823,""solver"":""liblinear""}","[""promised_delivery_days"",""S1_score"",""S2_score""]",[],1a935f0082e8f912fa6676e6c253f030507438f99e9ff86c8bb06e45d0333d82,ec415feb929acc6ad69db7fd711e19561076337824aa9a534ce099c37af0a63c,sha256_pickle_protocol_5_fitted_wrapper,,a6d4ea5e457fb16115588bf96c200086a69b750e8b7b7ece1538846a303a71f3,b187add9d353488cbebc63ca4c13b0952335beab4347499cee5aecdb82fe6401
breach,later_score_only_sensitivity,xgboost,xgboost,DPB,DPB,score_only,,2018-03,2018-03-01 00:00:00,,48428,7003,0e3212d395457178a073ebc728d0c7ab83077476c2a4307bc15f4df202380809,184fab6850ceddcb6640c6d7c40a99ad76b6567a0af96fd41049a0eaafe65828,184fab6850ceddcb6640c6d7c40a99ad76b6567a0af96fd41049a0eaafe65828,"{""colsample_bytree"":0.8,""eval_metric"":""logloss"",""learning_rate"":0.03,""max_depth"":3,""min_child_weight"":5.0,""n_estimators"":4,""n_jobs"":4,""objective"":""binary:logistic"",""random_state"":20260823,""reg_alpha"":0.0,""reg_lambda"":1.0,""subsample"":0.8,""tree_method"":""hist""}","[""promised_delivery_days"",""S1_score"",""S2_score"",""R1_score"",""R2_score""]",[],8e839303586410634b4111720a721a21467d5baefb8e162bfcff1725b8a831bb,c610155423abe0fac0a976c7e3d021822d0db8429c521dea53f85c36867d4721,sha256_pickle_protocol_5_fitted_wrapper,,a6d4ea5e457fb16115588bf96c200086a69b750e8b7b7ece1538846a303a71f3,b187add9d353488cbebc63ca4c13b0952335beab4347499cee5aecdb82fe6401
breach,later_score_only_sensitivity,xgboost,xgboost,DPG,DPG,score_only,,2018-03,2018-03-01 00:00:00,,48428,7003,0e3212d395457178a073ebc728d0c7ab83077476c2a4307bc15f4df202380809,184fab6850ceddcb6640c6d7c40a99ad76b6567a0af96fd41049a0eaafe65828,184fab6850ceddcb6640c6d7c40a99ad76b6567a0af96fd41049a0eaafe65828,"{""colsample_bytree"":0.8,""eval_metric"":""logloss"",""learning_rate"":0.03,""max_depth"":3,""min_child_weight"":5.0,""n_estimators"":4,""n_jobs"":4,""objective"":""binary:logistic"",""random_state"":20260823,""reg_alpha"":0.0,""reg_lambda"":1.0,""subsample"":0.8,""tree_method"":""hist""}","[""promised_delivery_days"",""R1_score"",""R2_score""]",[],3766dc3232503b9ae286e55a8bd35fac5fe1d3245fcd29bcf71c7ba9cdc58637,40e1a837d274d81256032b96ce0c3c77dfaebcde41356d46ba3c39a43c9e1abe,sha256_pickle_protocol_5_fitted_wrapper,,a6d4ea5e457fb16115588bf96c200086a69b750e8b7b7ece1538846a303a71f3,b187add9d353488cbebc63ca4c13b0952335beab4347499cee5aecdb82fe6401
breach,later_score_only_sensitivity,xgboost,xgboost,DPS,DPS,score_only,,2018-03,2018-03-01 00:00:00,,48428,7003,0e3212d395457178a073ebc728d0c7ab83077476c2a4307bc15f4df202380809,184fab6850ceddcb6640c6d7c40a99ad76b6567a0af96fd41049a0eaafe65828,184fab6850ceddcb6640c6d7c40a99ad76b6567a0af96fd41049a0eaafe65828,"{""colsample_bytree"":0.8,""eval_metric"":""logloss"",""learning_rate"":0.03,""max_depth"":3,""min_child_weight"":5.0,""n_estimators"":4,""n_jobs"":4,""objective"":""binary:logistic"",""random_state"":20260823,""reg_alpha"":0.0,""reg_lambda"":1.0,""subsample"":0.8,""tree_method"":""hist""}","[""promised_delivery_days"",""S1_score"",""S2_score""]",[],1a935f0082e8f912fa6676e6c253f030507438f99e9ff86c8bb06e45d0333d82,b6ddd521ece203d541d224ca1dd6c71da2affc68eccb3e21aba5ec59f0823caa,sha256_pickle_protocol_5_fitted_wrapper,,a6d4ea5e457fb16115588bf96c200086a69b750e8b7b7ece1538846a303a71f3,b187add9d353488cbebc63ca4c13b0952335beab4347499cee5aecdb82fe6401
breach,later_score_only_sensitivity,logistic_l2,logistic_l2,DPB,DPB,score_only,,2018-04,2018-04-01 00:00:00,,55252,6798,4b412a638b1385505cf90636e7df36a90b8c5117a3e28705ec46d4040550ed76,12138ebc6d34b03c6440d89e35b8db35a30d241f9f497044ef308120883e5a5b,12138ebc6d34b03c6440d89e35b8db35a30d241f9f497044ef308120883e5a5b,"{""C"":10.0,""class_weight"":null,""max_iter"":1000,""penalty"":""l2"",""random_state"":20260823,""solver"":""liblinear""}","[""promised_delivery_days"",""S1_score"",""S2_score"",""R1_score"",""R2_score""]",[],8e839303586410634b4111720a721a21467d5baefb8e162bfcff1725b8a831bb,ec3f81b3bf51fb752c527638ded47298092f24e560b5a8f8fe8b1dafceeeeebd,sha256_pickle_protocol_5_fitted_wrapper,,a6d4ea5e457fb16115588bf96c200086a69b750e8b7b7ece1538846a303a71f3,b187add9d353488cbebc63ca4c13b0952335beab4347499cee5aecdb82fe6401
breach,later_score_only_sensitivity,logistic_l2,logistic_l2,DPG,DPG,score_only,,2018-04,2018-04-01 00:00:00,,55252,6798,4b412a638b1385505cf90636e7df36a90b8c5117a3e28705ec46d4040550ed76,12138ebc6d34b03c6440d89e35b8db35a30d241f9f497044ef308120883e5a5b,12138ebc6d34b03c6440d89e35b8db35a30d241f9f497044ef308120883e5a5b,"{""C"":10.0,""class_weight"":null,""max_iter"":1000,""penalty"":""l2"",""random_state"":20260823,""solver"":""liblinear""}","[""promised_delivery_days"",""R1_score"",""R2_score""]",[],3766dc3232503b9ae286e55a8bd35fac5fe1d3245fcd29bcf71c7ba9cdc58637,79de5fa7aca279c6e7cb069d1f3ae640ab5bcf240a0d4644dc45b5670bb630c3,sha256_pickle_protocol_5_fitted_wrapper,,a6d4ea5e457fb16115588bf96c200086a69b750e8b7b7ece1538846a303a71f3,b187add9d353488cbebc63ca4c13b0952335beab4347499cee5aecdb82fe6401
breach,later_score_only_sensitivity,logistic_l2,logistic_l2,DPS,DPS,score_only,,2018-04,2018-04-01 00:00:00,,55252,6798,4b412a638b1385505cf90636e7df36a90b8c5117a3e28705ec46d4040550ed76,12138ebc6d34b03c6440d89e35b8db35a30d241f9f497044ef308120883e5a5b,12138ebc6d34b03c6440d89e35b8db35a30d241f9f497044ef308120883e5a5b,"{""C"":10.0,""class_weight"":null,""max_iter"":1000,""penalty"":""l2"",""random_state"":20260823,""solver"":""liblinear""}","[""promised_delivery_days"",""S1_score"",""S2_score""]",[],1a935f0082e8f912fa6676e6c253f030507438f99e9ff86c8bb06e45d0333d82,905978192326126d970e5d2e1dab677bed8a24d315a7889457eea48e0d4879d3,sha256_pickle_protocol_5_fitted_wrapper,,a6d4ea5e457fb16115588bf96c200086a69b750e8b7b7ece1538846a303a71f3,b187add9d353488cbebc63ca4c13b0952335beab4347499cee5aecdb82fe6401
breach,later_score_only_sensitivity,xgboost,xgboost,DPB,DPB,score_only,,2018-04,2018-04-01 00:00:00,,55252,6798,4b412a638b1385505cf90636e7df36a90b8c5117a3e28705ec46d4040550ed76,12138ebc6d34b03c6440d89e35b8db35a30d241f9f497044ef308120883e5a5b,12138ebc6d34b03c6440d89e35b8db35a30d241f9f497044ef308120883e5a5b,"{""colsample_bytree"":0.8,""eval_metric"":""logloss"",""learning_rate"":0.03,""max_depth"":3,""min_child_weight"":5.0,""n_estimators"":4,""n_jobs"":4,""objective"":""binary:logistic"",""random_state"":20260823,""reg_alpha"":0.0,""reg_lambda"":1.0,""subsample"":0.8,""tree_method"":""hist""}","[""promised_delivery_days"",""S1_score"",""S2_score"",""R1_score"",""R2_score""]",[],8e839303586410634b4111720a721a21467d5baefb8e162bfcff1725b8a831bb,1d80c6b674767d246cba21d04bd29e1670eac6ff57f02fcdacde0e0a9b179c3b,sha256_pickle_protocol_5_fitted_wrapper,,a6d4ea5e457fb16115588bf96c200086a69b750e8b7b7ece1538846a303a71f3,b187add9d353488cbebc63ca4c13b0952335beab4347499cee5aecdb82fe6401
breach,later_score_only_sensitivity,xgboost,xgboost,DPG,DPG,score_only,,2018-04,2018-04-01 00:00:00,,55252,6798,4b412a638b1385505cf90636e7df36a90b8c5117a3e28705ec46d4040550ed76,12138ebc6d34b03c6440d89e35b8db35a30d241f9f497044ef308120883e5a5b,12138ebc6d34b03c6440d89e35b8db35a30d241f9f497044ef308120883e5a5b,"{""colsample_bytree"":0.8,""eval_metric"":""logloss"",""learning_rate"":0.03,""max_depth"":3,""min_child_weight"":5.0,""n_estimators"":4,""n_jobs"":4,""objective"":""binary:logistic"",""random_state"":20260823,""reg_alpha"":0.0,""reg_lambda"":1.0,""subsample"":0.8,""tree_method"":""hist""}","[""promised_delivery_days"",""R1_score"",""R2_score""]",[],3766dc3232503b9ae286e55a8bd35fac5fe1d3245fcd29bcf71c7ba9cdc58637,68bdad9b8df0a7b4e8aa8b42fd486529c74fad966d5e9cbb774eb696bf673e26,sha256_pickle_protocol_5_fitted_wrapper,,a6d4ea5e457fb16115588bf96c200086a69b750e8b7b7ece1538846a303a71f3,b187add9d353488cbebc63ca4c13b0952335beab4347499cee5aecdb82fe6401
breach,later_score_only_sensitivity,xgboost,xgboost,DPS,DPS,score_only,,2018-04,2018-04-01 00:00:00,,55252,6798,4b412a638b1385505cf90636e7df36a90b8c5117a3e28705ec46d4040550ed76,12138ebc6d34b03c6440d89e35b8db35a30d241f9f497044ef308120883e5a5b,12138ebc6d34b03c6440d89e35b8db35a30d241f9f497044ef308120883e5a5b,"{""colsample_bytree"":0.8,""eval_metric"":""logloss"",""learning_rate"":0.03,""max_depth"":3,""min_child_weight"":5.0,""n_estimators"":4,""n_jobs"":4,""objective"":""binary:logistic"",""random_state"":20260823,""reg_alpha"":0.0,""reg_lambda"":1.0,""subsample"":0.8,""tree_method"":""hist""}","[""promised_delivery_days"",""S1_score"",""S2_score""]",[],1a935f0082e8f912fa6676e6c253f030507438f99e9ff86c8bb06e45d0333d82,ac06f870de4bb4fb2b0c5570a6f9f271af6773897ba351b7f91feae05a2c48fe,sha256_pickle_protocol_5_fitted_wrapper,,a6d4ea5e457fb16115588bf96c200086a69b750e8b7b7ece1538846a303a71f3,b187add9d353488cbebc63ca4c13b0952335beab4347499cee5aecdb82fe6401
breach,later_score_only_sensitivity,logistic_l2,logistic_l2,DPB,DPB,score_only,,2018-05,2018-05-01 00:00:00,,63102,6749,3a2c7cf7131e9bd4bb5b4f153fa8d9fc4c621e39e39bbd1626a60fe9aeb83b96,5ba9c39fb7a95e02255cc9707656867769dd51ba2afc32a961f00a0dd34fba0f,5ba9c39fb7a95e02255cc9707656867769dd51ba2afc32a961f00a0dd34fba0f,"{""C"":10.0,""class_weight"":null,""max_iter"":1000,""penalty"":""l2"",""random_state"":20260823,""solver"":""liblinear""}","[""promised_delivery_days"",""S1_score"",""S2_score"",""R1_score"",""R2_score""]",[],8e839303586410634b4111720a721a21467d5baefb8e162bfcff1725b8a831bb,24c530d0f66077a89e132da0eccab2a51b9217d3453717f4e5f4299d11c475c7,sha256_pickle_protocol_5_fitted_wrapper,,a6d4ea5e457fb16115588bf96c200086a69b750e8b7b7ece1538846a303a71f3,b187add9d353488cbebc63ca4c13b0952335beab4347499cee5aecdb82fe6401
breach,later_score_only_sensitivity,logistic_l2,logistic_l2,DPG,DPG,score_only,,2018-05,2018-05-01 00:00:00,,63102,6749,3a2c7cf7131e9bd4bb5b4f153fa8d9fc4c621e39e39bbd1626a60fe9aeb83b96,5ba9c39fb7a95e02255cc9707656867769dd51ba2afc32a961f00a0dd34fba0f,5ba9c39fb7a95e02255cc9707656867769dd51ba2afc32a961f00a0dd34fba0f,"{""C"":10.0,""class_weight"":null,""max_iter"":1000,""penalty"":""l2"",""random_state"":20260823,""solver"":""liblinear""}","[""promised_delivery_days"",""R1_score"",""R2_score""]",[],3766dc3232503b9ae286e55a8bd35fac5fe1d3245fcd29bcf71c7ba9cdc58637,ee6f6be0f0967a0fd4c1a868dc4872d5755368246aae25f471558eff76ce7328,sha256_pickle_protocol_5_fitted_wrapper,,a6d4ea5e457fb16115588bf96c200086a69b750e8b7b7ece1538846a303a71f3,b187add9d353488cbebc63ca4c13b0952335beab4347499cee5aecdb82fe6401
breach,later_score_only_sensitivity,logistic_l2,logistic_l2,DPS,DPS,score_only,,2018-05,2018-05-01 00:00:00,,63102,6749,3a2c7cf7131e9bd4bb5b4f153fa8d9fc4c621e39e39bbd1626a60fe9aeb83b96,5ba9c39fb7a95e02255cc9707656867769dd51ba2afc32a961f00a0dd34fba0f,5ba9c39fb7a95e02255cc9707656867769dd51ba2afc32a961f00a0dd34fba0f,"{""C"":10.0,""class_weight"":null,""max_iter"":1000,""penalty"":""l2"",""random_state"":20260823,""solver"":""liblinear""}","[""promised_delivery_days"",""S1_score"",""S2_score""]",[],1a935f0082e8f912fa6676e6c253f030507438f99e9ff86c8bb06e45d0333d82,1fafb72e0ffd048bfe66fa558506c00e40fdb93bf52f20bb462738f2566052f7,sha256_pickle_protocol_5_fitted_wrapper,,a6d4ea5e457fb16115588bf96c200086a69b750e8b7b7ece1538846a303a71f3,b187add9d353488cbebc63ca4c13b0952335beab4347499cee5aecdb82fe6401
breach,later_score_only_sensitivity,xgboost,xgboost,DPB,DPB,score_only,,2018-05,2018-05-01 00:00:00,,63102,6749,3a2c7cf7131e9bd4bb5b4f153fa8d9fc4c621e39e39bbd1626a60fe9aeb83b96,5ba9c39fb7a95e02255cc9707656867769dd51ba2afc32a961f00a0dd34fba0f,5ba9c39fb7a95e02255cc9707656867769dd51ba2afc32a961f00a0dd34fba0f,"{""colsample_bytree"":0.8,""eval_metric"":""logloss"",""learning_rate"":0.03,""max_depth"":3,""min_child_weight"":5.0,""n_estimators"":4,""n_jobs"":4,""objective"":""binary:logistic"",""random_state"":20260823,""reg_alpha"":0.0,""reg_lambda"":1.0,""subsample"":0.8,""tree_method"":""hist""}","[""promised_delivery_days"",""S1_score"",""S2_score"",""R1_score"",""R2_score""]",[],8e839303586410634b4111720a721a21467d5baefb8e162bfcff1725b8a831bb,21db92a0dd604243227b03a6241ec2341ac3f0469993ae0a99fcff6655bc65f3,sha256_pickle_protocol_5_fitted_wrapper,,a6d4ea5e457fb16115588bf96c200086a69b750e8b7b7ece1538846a303a71f3,b187add9d353488cbebc63ca4c13b0952335beab4347499cee5aecdb82fe6401
breach,later_score_only_sensitivity,xgboost,xgboost,DPG,DPG,score_only,,2018-05,2018-05-01 00:00:00,,63102,6749,3a2c7cf7131e9bd4bb5b4f153fa8d9fc4c621e39e39bbd1626a60fe9aeb83b96,5ba9c39fb7a95e02255cc9707656867769dd51ba2afc32a961f00a0dd34fba0f,5ba9c39fb7a95e02255cc9707656867769dd51ba2afc32a961f00a0dd34fba0f,"{""colsample_bytree"":0.8,""eval_metric"":""logloss"",""learning_rate"":0.03,""max_depth"":3,""min_child_weight"":5.0,""n_estimators"":4,""n_jobs"":4,""objective"":""binary:logistic"",""random_state"":20260823,""reg_alpha"":0.0,""reg_lambda"":1.0,""subsample"":0.8,""tree_method"":""hist""}","[""promised_delivery_days"",""R1_score"",""R2_score""]",[],3766dc3232503b9ae286e55a8bd35fac5fe1d3245fcd29bcf71c7ba9cdc58637,54b5cafa2cd16db295e35f4a63583af12655b9adb728ac559700a016b2dc2379,sha256_pickle_protocol_5_fitted_wrapper,,a6d4ea5e457fb16115588bf96c200086a69b750e8b7b7ece1538846a303a71f3,b187add9d353488cbebc63ca4c13b0952335beab4347499cee5aecdb82fe6401
breach,later_score_only_sensitivity,xgboost,xgboost,DPS,DPS,score_only,,2018-05,2018-05-01 00:00:00,,63102,6749,3a2c7cf7131e9bd4bb5b4f153fa8d9fc4c621e39e39bbd1626a60fe9aeb83b96,5ba9c39fb7a95e02255cc9707656867769dd51ba2afc32a961f00a0dd34fba0f,5ba9c39fb7a95e02255cc9707656867769dd51ba2afc32a961f00a0dd34fba0f,"{""colsample_bytree"":0.8,""eval_metric"":""logloss"",""learning_rate"":0.03,""max_depth"":3,""min_child_weight"":5.0,""n_estimators"":4,""n_jobs"":4,""objective"":""binary:logistic"",""random_state"":20260823,""reg_alpha"":0.0,""reg_lambda"":1.0,""subsample"":0.8,""tree_method"":""hist""}","[""promised_delivery_days"",""S1_score"",""S2_score""]",[],1a935f0082e8f912fa6676e6c253f030507438f99e9ff86c8bb06e45d0333d82,db2e8cddffd2aad34fdee8b8bda875a572b8b3f8702f29651bff57aafe7931c9,sha256_pickle_protocol_5_fitted_wrapper,,a6d4ea5e457fb16115588bf96c200086a69b750e8b7b7ece1538846a303a71f3,b187add9d353488cbebc63ca4c13b0952335beab4347499cee5aecdb82fe6401
breach,later_score_only_sensitivity,logistic_l2,logistic_l2,DPB,DPB,score_only,,2018-06,2018-06-01 00:00:00,,70213,6096,b4b7730fb73b48d8c9ea1119a7fd918eac0ff0054243f3208bac0ffcbe3027d2,93d1e83d8d3dc0b917f21633c2bfe0cd78c570027229894e2260c262d727c336,93d1e83d8d3dc0b917f21633c2bfe0cd78c570027229894e2260c262d727c336,"{""C"":10.0,""class_weight"":null,""max_iter"":1000,""penalty"":""l2"",""random_state"":20260823,""solver"":""liblinear""}","[""promised_delivery_days"",""S1_score"",""S2_score"",""R1_score"",""R2_score""]",[],8e839303586410634b4111720a721a21467d5baefb8e162bfcff1725b8a831bb,20f685a54a2f7e78d2cd693cd2e51c3947e4787ca6cc418da79ac86834ef04d1,sha256_pickle_protocol_5_fitted_wrapper,,a6d4ea5e457fb16115588bf96c200086a69b750e8b7b7ece1538846a303a71f3,b187add9d353488cbebc63ca4c13b0952335beab4347499cee5aecdb82fe6401
breach,later_score_only_sensitivity,logistic_l2,logistic_l2,DPG,DPG,score_only,,2018-06,2018-06-01 00:00:00,,70213,6096,b4b7730fb73b48d8c9ea1119a7fd918eac0ff0054243f3208bac0ffcbe3027d2,93d1e83d8d3dc0b917f21633c2bfe0cd78c570027229894e2260c262d727c336,93d1e83d8d3dc0b917f21633c2bfe0cd78c570027229894e2260c262d727c336,"{""C"":10.0,""class_weight"":null,""max_iter"":1000,""penalty"":""l2"",""random_state"":20260823,""solver"":""liblinear""}","[""promised_delivery_days"",""R1_score"",""R2_score""]",[],3766dc3232503b9ae286e55a8bd35fac5fe1d3245fcd29bcf71c7ba9cdc58637,bab32b5a11c8dc8dbd1cbb570051421317b4796d64a97402f2942d3faac2dd3b,sha256_pickle_protocol_5_fitted_wrapper,,a6d4ea5e457fb16115588bf96c200086a69b750e8b7b7ece1538846a303a71f3,b187add9d353488cbebc63ca4c13b0952335beab4347499cee5aecdb82fe6401
breach,later_score_only_sensitivity,logistic_l2,logistic_l2,DPS,DPS,score_only,,2018-06,2018-06-01 00:00:00,,70213,6096,b4b7730fb73b48d8c9ea1119a7fd918eac0ff0054243f3208bac0ffcbe3027d2,93d1e83d8d3dc0b917f21633c2bfe0cd78c570027229894e2260c262d727c336,93d1e83d8d3dc0b917f21633c2bfe0cd78c570027229894e2260c262d727c336,"{""C"":10.0,""class_weight"":null,""max_iter"":1000,""penalty"":""l2"",""random_state"":20260823,""solver"":""liblinear""}","[""promised_delivery_days"",""S1_score"",""S2_score""]",[],1a935f0082e8f912fa6676e6c253f030507438f99e9ff86c8bb06e45d0333d82,61be1d28faab3dfeffeb7d0cea910515bcf8123fef60d82e13033c277c2e7462,sha256_pickle_protocol_5_fitted_wrapper,,a6d4ea5e457fb16115588bf96c200086a69b750e8b7b7ece1538846a303a71f3,b187add9d353488cbebc63ca4c13b0952335beab4347499cee5aecdb82fe6401
breach,later_score_only_sensitivity,xgboost,xgboost,DPB,DPB,score_only,,2018-06,2018-06-01 00:00:00,,70213,6096,b4b7730fb73b48d8c9ea1119a7fd918eac0ff0054243f3208bac0ffcbe3027d2,93d1e83d8d3dc0b917f21633c2bfe0cd78c570027229894e2260c262d727c336,93d1e83d8d3dc0b917f21633c2bfe0cd78c570027229894e2260c262d727c336,"{""colsample_bytree"":0.8,""eval_metric"":""logloss"",""learning_rate"":0.03,""max_depth"":3,""min_child_weight"":5.0,""n_estimators"":4,""n_jobs"":4,""objective"":""binary:logistic"",""random_state"":20260823,""reg_alpha"":0.0,""reg_lambda"":1.0,""subsample"":0.8,""tree_method"":""hist""}","[""promised_delivery_days"",""S1_score"",""S2_score"",""R1_score"",""R2_score""]",[],8e839303586410634b4111720a721a21467d5baefb8e162bfcff1725b8a831bb,9c3ce08f284d70c26d10c330aa61b98a1da25eb2ca26a33dd0fa843b312df56a,sha256_pickle_protocol_5_fitted_wrapper,,a6d4ea5e457fb16115588bf96c200086a69b750e8b7b7ece1538846a303a71f3,b187add9d353488cbebc63ca4c13b0952335beab4347499cee5aecdb82fe6401
breach,later_score_only_sensitivity,xgboost,xgboost,DPG,DPG,score_only,,2018-06,2018-06-01 00:00:00,,70213,6096,b4b7730fb73b48d8c9ea1119a7fd918eac0ff0054243f3208bac0ffcbe3027d2,93d1e83d8d3dc0b917f21633c2bfe0cd78c570027229894e2260c262d727c336,93d1e83d8d3dc0b917f21633c2bfe0cd78c570027229894e2260c262d727c336,"{""colsample_bytree"":0.8,""eval_metric"":""logloss"",""learning_rate"":0.03,""max_depth"":3,""min_child_weight"":5.0,""n_estimators"":4,""n_jobs"":4,""objective"":""binary:logistic"",""random_state"":20260823,""reg_alpha"":0.0,""reg_lambda"":1.0,""subsample"":0.8,""tree_method"":""hist""}","[""promised_delivery_days"",""R1_score"",""R2_score""]",[],3766dc3232503b9ae286e55a8bd35fac5fe1d3245fcd29bcf71c7ba9cdc58637,5ccf0946d7a52e0333cbf8847d0593c572c030cb7fa06b0d31d7b10c479eb86d,sha256_pickle_protocol_5_fitted_wrapper,,a6d4ea5e457fb16115588bf96c200086a69b750e8b7b7ece1538846a303a71f3,b187add9d353488cbebc63ca4c13b0952335beab4347499cee5aecdb82fe6401
breach,later_score_only_sensitivity,xgboost,xgboost,DPS,DPS,score_only,,2018-06,2018-06-01 00:00:00,,70213,6096,b4b7730fb73b48d8c9ea1119a7fd918eac0ff0054243f3208bac0ffcbe3027d2,93d1e83d8d3dc0b917f21633c2bfe0cd78c570027229894e2260c262d727c336,93d1e83d8d3dc0b917f21633c2bfe0cd78c570027229894e2260c262d727c336,"{""colsample_bytree"":0.8,""eval_metric"":""logloss"",""learning_rate"":0.03,""max_depth"":3,""min_child_weight"":5.0,""n_estimators"":4,""n_jobs"":4,""objective"":""binary:logistic"",""random_state"":20260823,""reg_alpha"":0.0,""reg_lambda"":1.0,""subsample"":0.8,""tree_method"":""hist""}","[""promised_delivery_days"",""S1_score"",""S2_score""]",[],1a935f0082e8f912fa6676e6c253f030507438f99e9ff86c8bb06e45d0333d82,5f12d097c1fbf68c75004bb4c4a4523d038ea718961c4d706b79d90f838a127a,sha256_pickle_protocol_5_fitted_wrapper,,a6d4ea5e457fb16115588bf96c200086a69b750e8b7b7ece1538846a303a71f3,b187add9d353488cbebc63ca4c13b0952335beab4347499cee5aecdb82fe6401
breach,terminal_metadata_only_sensitivity,logistic_l2,logistic_l2,DPB,DPB,metadata_only,,2018-07_to_2018-08,2018-07-01 00:00:00,,77042,12507,e73540474ec6855edce69e653de4308b8698a9f02ea90c2965cda18c17969dab,085d47c5390ce26eb4920710912d5fe0bd515a587d209de3cd55af821edb6235,085d47c5390ce26eb4920710912d5fe0bd515a587d209de3cd55af821edb6235,"{""C"":10.0,""class_weight"":null,""max_iter"":1000,""penalty"":""l2"",""random_state"":20260823,""solver"":""liblinear""}","[""promised_delivery_days"",""S1_log1p_support"",""S1_cold_start"",""S1_posterior_se"",""S1_freshness_days"",""S2_log1p_support"",""S2_cold_start"",""S2_posterior_se"",""S2_freshness_days"",""R1_log1p_support"",""R1_cold_start"",""R1_posterior_se"",""R1_freshness_days"",""R2_log1p_support"",""R2_cold_start"",""R2_posterior_se"",""R2_freshness_days""]",[],f31b682d9ac7d46a2e7ef6aedeb76e1fd27857f26cf82bf74b700ad8926f94d4,bbfa7bf3e73673ef3fa61438a464a4a72a606f05b582d604fa047d18d8a68184,sha256_pickle_protocol_5_fitted_wrapper,,a6d4ea5e457fb16115588bf96c200086a69b750e8b7b7ece1538846a303a71f3,b187add9d353488cbebc63ca4c13b0952335beab4347499cee5aecdb82fe6401
breach,terminal_metadata_only_sensitivity,logistic_l2,logistic_l2,DPG,DPG,metadata_only,,2018-07_to_2018-08,2018-07-01 00:00:00,,77042,12507,e73540474ec6855edce69e653de4308b8698a9f02ea90c2965cda18c17969dab,085d47c5390ce26eb4920710912d5fe0bd515a587d209de3cd55af821edb6235,085d47c5390ce26eb4920710912d5fe0bd515a587d209de3cd55af821edb6235,"{""C"":10.0,""class_weight"":null,""max_iter"":1000,""penalty"":""l2"",""random_state"":20260823,""solver"":""liblinear""}","[""promised_delivery_days"",""R1_log1p_support"",""R1_cold_start"",""R1_posterior_se"",""R1_freshness_days"",""R2_log1p_support"",""R2_cold_start"",""R2_posterior_se"",""R2_freshness_days""]",[],77957a0f4dc9de6a272c12f2f0842c4a121df9228fe55470cc73c42472acd0f5,1f8db98c7bb94f39b65025ba4e027b05b2fba95b8ac338a0b590b6a14088ac4a,sha256_pickle_protocol_5_fitted_wrapper,,a6d4ea5e457fb16115588bf96c200086a69b750e8b7b7ece1538846a303a71f3,b187add9d353488cbebc63ca4c13b0952335beab4347499cee5aecdb82fe6401
breach,terminal_metadata_only_sensitivity,logistic_l2,logistic_l2,DPS,DPS,metadata_only,,2018-07_to_2018-08,2018-07-01 00:00:00,,77042,12507,e73540474ec6855edce69e653de4308b8698a9f02ea90c2965cda18c17969dab,085d47c5390ce26eb4920710912d5fe0bd515a587d209de3cd55af821edb6235,085d47c5390ce26eb4920710912d5fe0bd515a587d209de3cd55af821edb6235,"{""C"":10.0,""class_weight"":null,""max_iter"":1000,""penalty"":""l2"",""random_state"":20260823,""solver"":""liblinear""}","[""promised_delivery_days"",""S1_log1p_support"",""S1_cold_start"",""S1_posterior_se"",""S1_freshness_days"",""S2_log1p_support"",""S2_cold_start"",""S2_posterior_se"",""S2_freshness_days""]",[],597aaf320d6f4def5e4a355a9592b856d2343d0af8f0ac25c694050a63366bb4,11ab87d1e72e6fba8e0ab6344ec74eba862fee9d12ff362517a396549b230817,sha256_pickle_protocol_5_fitted_wrapper,,a6d4ea5e457fb16115588bf96c200086a69b750e8b7b7ece1538846a303a71f3,b187add9d353488cbebc63ca4c13b0952335beab4347499cee5aecdb82fe6401
breach,terminal_metadata_only_sensitivity,xgboost,xgboost,DPB,DPB,metadata_only,,2018-07_to_2018-08,2018-07-01 00:00:00,,77042,12507,e73540474ec6855edce69e653de4308b8698a9f02ea90c2965cda18c17969dab,085d47c5390ce26eb4920710912d5fe0bd515a587d209de3cd55af821edb6235,085d47c5390ce26eb4920710912d5fe0bd515a587d209de3cd55af821edb6235,"{""colsample_bytree"":0.8,""eval_metric"":""logloss"",""learning_rate"":0.03,""max_depth"":3,""min_child_weight"":5.0,""n_estimators"":4,""n_jobs"":4,""objective"":""binary:logistic"",""random_state"":20260823,""reg_alpha"":0.0,""reg_lambda"":1.0,""subsample"":0.8,""tree_method"":""hist""}","[""promised_delivery_days"",""S1_log1p_support"",""S1_cold_start"",""S1_posterior_se"",""S1_freshness_days"",""S2_log1p_support"",""S2_cold_start"",""S2_posterior_se"",""S2_freshness_days"",""R1_log1p_support"",""R1_cold_start"",""R1_posterior_se"",""R1_freshness_days"",""R2_log1p_support"",""R2_cold_start"",""R2_posterior_se"",""R2_freshness_days""]",[],f31b682d9ac7d46a2e7ef6aedeb76e1fd27857f26cf82bf74b700ad8926f94d4,bfc3a9ba6ce95eb4237549aebc98e2b809a7ce0a28c916d519e076830760d070,sha256_pickle_protocol_5_fitted_wrapper,,a6d4ea5e457fb16115588bf96c200086a69b750e8b7b7ece1538846a303a71f3,b187add9d353488cbebc63ca4c13b0952335beab4347499cee5aecdb82fe6401
breach,terminal_metadata_only_sensitivity,xgboost,xgboost,DPG,DPG,metadata_only,,2018-07_to_2018-08,2018-07-01 00:00:00,,77042,12507,e73540474ec6855edce69e653de4308b8698a9f02ea90c2965cda18c17969dab,085d47c5390ce26eb4920710912d5fe0bd515a587d209de3cd55af821edb6235,085d47c5390ce26eb4920710912d5fe0bd515a587d209de3cd55af821edb6235,"{""colsample_bytree"":0.8,""eval_metric"":""logloss"",""learning_rate"":0.03,""max_depth"":3,""min_child_weight"":5.0,""n_estimators"":4,""n_jobs"":4,""objective"":""binary:logistic"",""random_state"":20260823,""reg_alpha"":0.0,""reg_lambda"":1.0,""subsample"":0.8,""tree_method"":""hist""}","[""promised_delivery_days"",""R1_log1p_support"",""R1_cold_start"",""R1_posterior_se"",""R1_freshness_days"",""R2_log1p_support"",""R2_cold_start"",""R2_posterior_se"",""R2_freshness_days""]",[],77957a0f4dc9de6a272c12f2f0842c4a121df9228fe55470cc73c42472acd0f5,1db57d94b439e9712f3b792c6c632abde2adbab4931670efa514e1ca0d21dd5e,sha256_pickle_protocol_5_fitted_wrapper,,a6d4ea5e457fb16115588bf96c200086a69b750e8b7b7ece1538846a303a71f3,b187add9d353488cbebc63ca4c13b0952335beab4347499cee5aecdb82fe6401
breach,terminal_metadata_only_sensitivity,xgboost,xgboost,DPS,DPS,metadata_only,,2018-07_to_2018-08,2018-07-01 00:00:00,,77042,12507,e73540474ec6855edce69e653de4308b8698a9f02ea90c2965cda18c17969dab,085d47c5390ce26eb4920710912d5fe0bd515a587d209de3cd55af821edb6235,085d47c5390ce26eb4920710912d5fe0bd515a587d209de3cd55af821edb6235,"{""colsample_bytree"":0.8,""eval_metric"":""logloss"",""learning_rate"":0.03,""max_depth"":3,""min_child_weight"":5.0,""n_estimators"":4,""n_jobs"":4,""objective"":""binary:logistic"",""random_state"":20260823,""reg_alpha"":0.0,""reg_lambda"":1.0,""subsample"":0.8,""tree_method"":""hist""}","[""promised_delivery_days"",""S1_log1p_support"",""S1_cold_start"",""S1_posterior_se"",""S1_freshness_days"",""S2_log1p_support"",""S2_cold_start"",""S2_posterior_se"",""S2_freshness_days""]",[],597aaf320d6f4def5e4a355a9592b856d2343d0af8f0ac25c694050a63366bb4,9e73324e79df78b6b5ab4aab78f3dbe493807fb78a3c5c5fe3ea455e3156428a,sha256_pickle_protocol_5_fitted_wrapper,,a6d4ea5e457fb16115588bf96c200086a69b750e8b7b7ece1538846a303a71f3,b187add9d353488cbebc63ca4c13b0952335beab4347499cee5aecdb82fe6401
breach,terminal_score_only_sensitivity,logistic_l2,logistic_l2,DPB,DPB,score_only,,2018-07_to_2018-08,2018-07-01 00:00:00,,77042,12507,e73540474ec6855edce69e653de4308b8698a9f02ea90c2965cda18c17969dab,085d47c5390ce26eb4920710912d5fe0bd515a587d209de3cd55af821edb6235,085d47c5390ce26eb4920710912d5fe0bd515a587d209de3cd55af821edb6235,"{""C"":10.0,""class_weight"":null,""max_iter"":1000,""penalty"":""l2"",""random_state"":20260823,""solver"":""liblinear""}","[""promised_delivery_days"",""S1_score"",""S2_score"",""R1_score"",""R2_score""]",[],8e839303586410634b4111720a721a21467d5baefb8e162bfcff1725b8a831bb,e1197366c855c57d7ba1f5f2bda15c9b84d794cb912c33bb160a0b2d955d3b5b,sha256_pickle_protocol_5_fitted_wrapper,,a6d4ea5e457fb16115588bf96c200086a69b750e8b7b7ece1538846a303a71f3,b187add9d353488cbebc63ca4c13b0952335beab4347499cee5aecdb82fe6401
breach,terminal_score_only_sensitivity,logistic_l2,logistic_l2,DPG,DPG,score_only,,2018-07_to_2018-08,2018-07-01 00:00:00,,77042,12507,e73540474ec6855edce69e653de4308b8698a9f02ea90c2965cda18c17969dab,085d47c5390ce26eb4920710912d5fe0bd515a587d209de3cd55af821edb6235,085d47c5390ce26eb4920710912d5fe0bd515a587d209de3cd55af821edb6235,"{""C"":10.0,""class_weight"":null,""max_iter"":1000,""penalty"":""l2"",""random_state"":20260823,""solver"":""liblinear""}","[""promised_delivery_days"",""R1_score"",""R2_score""]",[],3766dc3232503b9ae286e55a8bd35fac5fe1d3245fcd29bcf71c7ba9cdc58637,498b642ff92229366f7a1143a0e2a772dc2c187108b1f130ce12bc483c76a759,sha256_pickle_protocol_5_fitted_wrapper,,a6d4ea5e457fb16115588bf96c200086a69b750e8b7b7ece1538846a303a71f3,b187add9d353488cbebc63ca4c13b0952335beab4347499cee5aecdb82fe6401
breach,terminal_score_only_sensitivity,logistic_l2,logistic_l2,DPS,DPS,score_only,,2018-07_to_2018-08,2018-07-01 00:00:00,,77042,12507,e73540474ec6855edce69e653de4308b8698a9f02ea90c2965cda18c17969dab,085d47c5390ce26eb4920710912d5fe0bd515a587d209de3cd55af821edb6235,085d47c5390ce26eb4920710912d5fe0bd515a587d209de3cd55af821edb6235,"{""C"":10.0,""class_weight"":null,""max_iter"":1000,""penalty"":""l2"",""random_state"":20260823,""solver"":""liblinear""}","[""promised_delivery_days"",""S1_score"",""S2_score""]",[],1a935f0082e8f912fa6676e6c253f030507438f99e9ff86c8bb06e45d0333d82,622be8d4a58b74f1c13ff8ab651e04df78b814aa7cb4b1a5e08bc842ccee586f,sha256_pickle_protocol_5_fitted_wrapper,,a6d4ea5e457fb16115588bf96c200086a69b750e8b7b7ece1538846a303a71f3,b187add9d353488cbebc63ca4c13b0952335beab4347499cee5aecdb82fe6401
breach,terminal_score_only_sensitivity,xgboost,xgboost,DPB,DPB,score_only,,2018-07_to_2018-08,2018-07-01 00:00:00,,77042,12507,e73540474ec6855edce69e653de4308b8698a9f02ea90c2965cda18c17969dab,085d47c5390ce26eb4920710912d5fe0bd515a587d209de3cd55af821edb6235,085d47c5390ce26eb4920710912d5fe0bd515a587d209de3cd55af821edb6235,"{""colsample_bytree"":0.8,""eval_metric"":""logloss"",""learning_rate"":0.03,""max_depth"":3,""min_child_weight"":5.0,""n_estimators"":4,""n_jobs"":4,""objective"":""binary:logistic"",""random_state"":20260823,""reg_alpha"":0.0,""reg_lambda"":1.0,""subsample"":0.8,""tree_method"":""hist""}","[""promised_delivery_days"",""S1_score"",""S2_score"",""R1_score"",""R2_score""]",[],8e839303586410634b4111720a721a21467d5baefb8e162bfcff1725b8a831bb,dfcd9ac9ba5bfc65749fda1652ac50d69fc07024ac5c6175a9c1a09dff655e88,sha256_pickle_protocol_5_fitted_wrapper,,a6d4ea5e457fb16115588bf96c200086a69b750e8b7b7ece1538846a303a71f3,b187add9d353488cbebc63ca4c13b0952335beab4347499cee5aecdb82fe6401
breach,terminal_score_only_sensitivity,xgboost,xgboost,DPG,DPG,score_only,,2018-07_to_2018-08,2018-07-01 00:00:00,,77042,12507,e73540474ec6855edce69e653de4308b8698a9f02ea90c2965cda18c17969dab,085d47c5390ce26eb4920710912d5fe0bd515a587d209de3cd55af821edb6235,085d47c5390ce26eb4920710912d5fe0bd515a587d209de3cd55af821edb6235,"{""colsample_bytree"":0.8,""eval_metric"":""logloss"",""learning_rate"":0.03,""max_depth"":3,""min_child_weight"":5.0,""n_estimators"":4,""n_jobs"":4,""objective"":""binary:logistic"",""random_state"":20260823,""reg_alpha"":0.0,""reg_lambda"":1.0,""subsample"":0.8,""tree_method"":""hist""}","[""promised_delivery_days"",""R1_score"",""R2_score""]",[],3766dc3232503b9ae286e55a8bd35fac5fe1d3245fcd29bcf71c7ba9cdc58637,8e42c073a1b2d509d0304b92bcb4caf569ef55384324f9f86cc97857df6b791e,sha256_pickle_protocol_5_fitted_wrapper,,a6d4ea5e457fb16115588bf96c200086a69b750e8b7b7ece1538846a303a71f3,b187add9d353488cbebc63ca4c13b0952335beab4347499cee5aecdb82fe6401
breach,terminal_score_only_sensitivity,xgboost,xgboost,DPS,DPS,score_only,,2018-07_to_2018-08,2018-07-01 00:00:00,,77042,12507,e73540474ec6855edce69e653de4308b8698a9f02ea90c2965cda18c17969dab,085d47c5390ce26eb4920710912d5fe0bd515a587d209de3cd55af821edb6235,085d47c5390ce26eb4920710912d5fe0bd515a587d209de3cd55af821edb6235,"{""colsample_bytree"":0.8,""eval_metric"":""logloss"",""learning_rate"":0.03,""max_depth"":3,""min_child_weight"":5.0,""n_estimators"":4,""n_jobs"":4,""objective"":""binary:logistic"",""random_state"":20260823,""reg_alpha"":0.0,""reg_lambda"":1.0,""subsample"":0.8,""tree_method"":""hist""}","[""promised_delivery_days"",""S1_score"",""S2_score""]",[],1a935f0082e8f912fa6676e6c253f030507438f99e9ff86c8bb06e45d0333d82,390e2aef49c8ca540dc5ad849a807c462c3700ece7042503d3a971cd11f0d260,sha256_pickle_protocol_5_fitted_wrapper,,a6d4ea5e457fb16115588bf96c200086a69b750e8b7b7ece1538846a303a71f3,b187add9d353488cbebc63ca4c13b0952335beab4347499cee5aecdb82fe6401
breach,terminal_stress,logistic_l2,logistic_l2,DP0,DP0,full,,2018-07_to_2018-08,2018-07-01 00:00:00,,77042,12507,e73540474ec6855edce69e653de4308b8698a9f02ea90c2965cda18c17969dab,085d47c5390ce26eb4920710912d5fe0bd515a587d209de3cd55af821edb6235,085d47c5390ce26eb4920710912d5fe0bd515a587d209de3cd55af821edb6235,"{""C"":10.0,""class_weight"":null,""max_iter"":1000,""penalty"":""l2"",""random_state"":20260823,""solver"":""liblinear""}","[""promised_delivery_days""]",[],66cc2d77e943d8c86206486126228139bfcf2b8dceb79a4918c6983dc0187373,fee8ab1ae9a244cb0c525f82ee602b68ef6a3c66de53e3ad47589945ae0f511e,sha256_pickle_protocol_5_fitted_wrapper,,a6d4ea5e457fb16115588bf96c200086a69b750e8b7b7ece1538846a303a71f3,b187add9d353488cbebc63ca4c13b0952335beab4347499cee5aecdb82fe6401
breach,terminal_stress,logistic_l2,logistic_l2,DPB,DPB,full,,2018-07_to_2018-08,2018-07-01 00:00:00,,77042,12507,e73540474ec6855edce69e653de4308b8698a9f02ea90c2965cda18c17969dab,085d47c5390ce26eb4920710912d5fe0bd515a587d209de3cd55af821edb6235,085d47c5390ce26eb4920710912d5fe0bd515a587d209de3cd55af821edb6235,"{""C"":10.0,""class_weight"":null,""max_iter"":1000,""penalty"":""l2"",""random_state"":20260823,""solver"":""liblinear""}","[""promised_delivery_days"",""S1_score"",""S1_log1p_support"",""S1_cold_start"",""S1_posterior_se"",""S1_freshness_days"",""S2_score"",""S2_log1p_support"",""S2_cold_start"",""S2_posterior_se"",""S2_freshness_days"",""R1_score"",""R1_log1p_support"",""R1_cold_start"",""R1_posterior_se"",""R1_freshness_days"",""R2_score"",""R2_log1p_support"",""R2_cold_start"",""R2_posterior_se"",""R2_freshness_days""]",[],a0454aa702bc9350c7e026aecaf277c55a2b1f3ba8cdb7fc41bd7869195f33b0,eec7f8ac345c6f37de531c843742bd3932f3ee53b8cbc0c0d410357008699278,sha256_pickle_protocol_5_fitted_wrapper,,a6d4ea5e457fb16115588bf96c200086a69b750e8b7b7ece1538846a303a71f3,b187add9d353488cbebc63ca4c13b0952335beab4347499cee5aecdb82fe6401
breach,terminal_stress,logistic_l2,logistic_l2,DPG,DPG,full,,2018-07_to_2018-08,2018-07-01 00:00:00,,77042,12507,e73540474ec6855edce69e653de4308b8698a9f02ea90c2965cda18c17969dab,085d47c5390ce26eb4920710912d5fe0bd515a587d209de3cd55af821edb6235,085d47c5390ce26eb4920710912d5fe0bd515a587d209de3cd55af821edb6235,"{""C"":10.0,""class_weight"":null,""max_iter"":1000,""penalty"":""l2"",""random_state"":20260823,""solver"":""liblinear""}","[""promised_delivery_days"",""R1_score"",""R1_log1p_support"",""R1_cold_start"",""R1_posterior_se"",""R1_freshness_days"",""R2_score"",""R2_log1p_support"",""R2_cold_start"",""R2_posterior_se"",""R2_freshness_days""]",[],55592a9c7809091ef26b0d7746c6992457e035aec9ee88f8469c73ec59a57b49,5d387df78245276a64020fb2b4aaf30d27e7c80e6eba1352e3a183644f640f8c,sha256_pickle_protocol_5_fitted_wrapper,,a6d4ea5e457fb16115588bf96c200086a69b750e8b7b7ece1538846a303a71f3,b187add9d353488cbebc63ca4c13b0952335beab4347499cee5aecdb82fe6401
breach,terminal_stress,logistic_l2,logistic_l2,DPS,DPS,full,,2018-07_to_2018-08,2018-07-01 00:00:00,,77042,12507,e73540474ec6855edce69e653de4308b8698a9f02ea90c2965cda18c17969dab,085d47c5390ce26eb4920710912d5fe0bd515a587d209de3cd55af821edb6235,085d47c5390ce26eb4920710912d5fe0bd515a587d209de3cd55af821edb6235,"{""C"":10.0,""class_weight"":null,""max_iter"":1000,""penalty"":""l2"",""random_state"":20260823,""solver"":""liblinear""}","[""promised_delivery_days"",""S1_score"",""S1_log1p_support"",""S1_cold_start"",""S1_posterior_se"",""S1_freshness_days"",""S2_score"",""S2_log1p_support"",""S2_cold_start"",""S2_posterior_se"",""S2_freshness_days""]",[],94151faa7df685010a340beef27998ed0590545d3c929a0e725a31e63da5100f,4063cae413a0818a14a0f21a60b2f39d5b082ce616933652665ae1118d293203,sha256_pickle_protocol_5_fitted_wrapper,,a6d4ea5e457fb16115588bf96c200086a69b750e8b7b7ece1538846a303a71f3,b187add9d353488cbebc63ca4c13b0952335beab4347499cee5aecdb82fe6401
breach,terminal_stress,xgboost,xgboost,DP0,DP0,full,,2018-07_to_2018-08,2018-07-01 00:00:00,,77042,12507,e73540474ec6855edce69e653de4308b8698a9f02ea90c2965cda18c17969dab,085d47c5390ce26eb4920710912d5fe0bd515a587d209de3cd55af821edb6235,085d47c5390ce26eb4920710912d5fe0bd515a587d209de3cd55af821edb6235,"{""colsample_bytree"":0.8,""eval_metric"":""logloss"",""learning_rate"":0.03,""max_depth"":3,""min_child_weight"":5.0,""n_estimators"":4,""n_jobs"":4,""objective"":""binary:logistic"",""random_state"":20260823,""reg_alpha"":0.0,""reg_lambda"":1.0,""subsample"":0.8,""tree_method"":""hist""}","[""promised_delivery_days""]",[],66cc2d77e943d8c86206486126228139bfcf2b8dceb79a4918c6983dc0187373,0369fd846a86e5b604a24c0304d916951ef795ef50024a387e8ed9feb3704702,sha256_pickle_protocol_5_fitted_wrapper,,a6d4ea5e457fb16115588bf96c200086a69b750e8b7b7ece1538846a303a71f3,b187add9d353488cbebc63ca4c13b0952335beab4347499cee5aecdb82fe6401
breach,terminal_stress,xgboost,xgboost,DPB,DPB,full,,2018-07_to_2018-08,2018-07-01 00:00:00,,77042,12507,e73540474ec6855edce69e653de4308b8698a9f02ea90c2965cda18c17969dab,085d47c5390ce26eb4920710912d5fe0bd515a587d209de3cd55af821edb6235,085d47c5390ce26eb4920710912d5fe0bd515a587d209de3cd55af821edb6235,"{""colsample_bytree"":0.8,""eval_metric"":""logloss"",""learning_rate"":0.03,""max_depth"":3,""min_child_weight"":5.0,""n_estimators"":4,""n_jobs"":4,""objective"":""binary:logistic"",""random_state"":20260823,""reg_alpha"":0.0,""reg_lambda"":1.0,""subsample"":0.8,""tree_method"":""hist""}","[""promised_delivery_days"",""S1_score"",""S1_log1p_support"",""S1_cold_start"",""S1_posterior_se"",""S1_freshness_days"",""S2_score"",""S2_log1p_support"",""S2_cold_start"",""S2_posterior_se"",""S2_freshness_days"",""R1_score"",""R1_log1p_support"",""R1_cold_start"",""R1_posterior_se"",""R1_freshness_days"",""R2_score"",""R2_log1p_support"",""R2_cold_start"",""R2_posterior_se"",""R2_freshness_days""]",[],a0454aa702bc9350c7e026aecaf277c55a2b1f3ba8cdb7fc41bd7869195f33b0,022f76d6c5c14c3bea27b3be507d8888c7375292ea074e7b27a4c50a476db492,sha256_pickle_protocol_5_fitted_wrapper,,a6d4ea5e457fb16115588bf96c200086a69b750e8b7b7ece1538846a303a71f3,b187add9d353488cbebc63ca4c13b0952335beab4347499cee5aecdb82fe6401
breach,terminal_stress,xgboost,xgboost,DPG,DPG,full,,2018-07_to_2018-08,2018-07-01 00:00:00,,77042,12507,e73540474ec6855edce69e653de4308b8698a9f02ea90c2965cda18c17969dab,085d47c5390ce26eb4920710912d5fe0bd515a587d209de3cd55af821edb6235,085d47c5390ce26eb4920710912d5fe0bd515a587d209de3cd55af821edb6235,"{""colsample_bytree"":0.8,""eval_metric"":""logloss"",""learning_rate"":0.03,""max_depth"":3,""min_child_weight"":5.0,""n_estimators"":4,""n_jobs"":4,""objective"":""binary:logistic"",""random_state"":20260823,""reg_alpha"":0.0,""reg_lambda"":1.0,""subsample"":0.8,""tree_method"":""hist""}","[""promised_delivery_days"",""R1_score"",""R1_log1p_support"",""R1_cold_start"",""R1_posterior_se"",""R1_freshness_days"",""R2_score"",""R2_log1p_support"",""R2_cold_start"",""R2_posterior_se"",""R2_freshness_days""]",[],55592a9c7809091ef26b0d7746c6992457e035aec9ee88f8469c73ec59a57b49,9deff4791e0e75b3b8a4de10e8e73600dcae58e42fe816d64629f1a5c1dc2831,sha256_pickle_protocol_5_fitted_wrapper,,a6d4ea5e457fb16115588bf96c200086a69b750e8b7b7ece1538846a303a71f3,b187add9d353488cbebc63ca4c13b0952335beab4347499cee5aecdb82fe6401
breach,terminal_stress,xgboost,xgboost,DPS,DPS,full,,2018-07_to_2018-08,2018-07-01 00:00:00,,77042,12507,e73540474ec6855edce69e653de4308b8698a9f02ea90c2965cda18c17969dab,085d47c5390ce26eb4920710912d5fe0bd515a587d209de3cd55af821edb6235,085d47c5390ce26eb4920710912d5fe0bd515a587d209de3cd55af821edb6235,"{""colsample_bytree"":0.8,""eval_metric"":""logloss"",""learning_rate"":0.03,""max_depth"":3,""min_child_weight"":5.0,""n_estimators"":4,""n_jobs"":4,""objective"":""binary:logistic"",""random_state"":20260823,""reg_alpha"":0.0,""reg_lambda"":1.0,""subsample"":0.8,""tree_method"":""hist""}","[""promised_delivery_days"",""S1_score"",""S1_log1p_support"",""S1_cold_start"",""S1_posterior_se"",""S1_freshness_days"",""S2_score"",""S2_log1p_support"",""S2_cold_start"",""S2_posterior_se"",""S2_freshness_days""]",[],94151faa7df685010a340beef27998ed0590545d3c929a0e725a31e63da5100f,1eb5b5c6ba4c7472fd65242a3e52157db43ff33dacf5102283e826bfef2b22dd,sha256_pickle_protocol_5_fitted_wrapper,,a6d4ea5e457fb16115588bf96c200086a69b750e8b7b7ece1538846a303a71f3,b187add9d353488cbebc63ca4c13b0952335beab4347499cee5aecdb82fe6401
severity,development_tuning,linear_quantile,linear_quantile,DQ0,DQ0,full,0.5,development_fold_1,2017-07-01,1,243,96,cf7ac8855b8aeb71323022a14c4ff516e73ca68c6c07146c88c0999aa3233dcc,020603d980ab71c4ae35d3704e2dcd42d2057758ec389d12aef8981f1ec51d4c,020603d980ab71c4ae35d3704e2dcd42d2057758ec389d12aef8981f1ec51d4c,"{""alpha"":0.0001,""solver"":""highs""}","[""promised_delivery_days""]",[],66cc2d77e943d8c86206486126228139bfcf2b8dceb79a4918c6983dc0187373,92850e3bfd3bcc45428af3a37aaf9e4756e0b32ae1cf724f792633e821c7bff5,sha256_pickle_protocol_5_fitted_wrapper,,a6d4ea5e457fb16115588bf96c200086a69b750e8b7b7ece1538846a303a71f3,b187add9d353488cbebc63ca4c13b0952335beab4347499cee5aecdb82fe6401
severity,development_tuning,linear_quantile,linear_quantile,DQ0,DQ0,full,0.5,development_fold_1,2017-07-01,1,243,96,cf7ac8855b8aeb71323022a14c4ff516e73ca68c6c07146c88c0999aa3233dcc,020603d980ab71c4ae35d3704e2dcd42d2057758ec389d12aef8981f1ec51d4c,020603d980ab71c4ae35d3704e2dcd42d2057758ec389d12aef8981f1ec51d4c,"{""alpha"":0.001,""solver"":""highs""}","[""promised_delivery_days""]",[],66cc2d77e943d8c86206486126228139bfcf2b8dceb79a4918c6983dc0187373,7986d372c877839b697f49d6cf7db7c8d9e22b44996c581813b4c64388a45c2c,sha256_pickle_protocol_5_fitted_wrapper,,a6d4ea5e457fb16115588bf96c200086a69b750e8b7b7ece1538846a303a71f3,b187add9d353488cbebc63ca4c13b0952335beab4347499cee5aecdb82fe6401
severity,development_tuning,linear_quantile,linear_quantile,DQ0,DQ0,full,0.5,development_fold_1,2017-07-01,1,243,96,cf7ac8855b8aeb71323022a14c4ff516e73ca68c6c07146c88c0999aa3233dcc,020603d980ab71c4ae35d3704e2dcd42d2057758ec389d12aef8981f1ec51d4c,020603d980ab71c4ae35d3704e2dcd42d2057758ec389d12aef8981f1ec51d4c,"{""alpha"":0.01,""solver"":""highs""}","[""promised_delivery_days""]",[],66cc2d77e943d8c86206486126228139bfcf2b8dceb79a4918c6983dc0187373,7e73bbb4ca3c5cbc0d2d584fd8a35f03243bae9095afbda7dce0a627d2239898,sha256_pickle_protocol_5_fitted_wrapper,,a6d4ea5e457fb16115588bf96c200086a69b750e8b7b7ece1538846a303a71f3,b187add9d353488cbebc63ca4c13b0952335beab4347499cee5aecdb82fe6401
severity,development_tuning,linear_quantile,linear_quantile,DQ0,DQ0,full,0.9,development_fold_1,2017-07-01,1,243,96,cf7ac8855b8aeb71323022a14c4ff516e73ca68c6c07146c88c0999aa3233dcc,020603d980ab71c4ae35d3704e2dcd42d2057758ec389d12aef8981f1ec51d4c,020603d980ab71c4ae35d3704e2dcd42d2057758ec389d12aef8981f1ec51d4c,"{""alpha"":0.0001,""solver"":""highs""}","[""promised_delivery_days""]",[],66cc2d77e943d8c86206486126228139bfcf2b8dceb79a4918c6983dc0187373,fadf8470589b7d464d8cff9e77dc4913ec41ed2ca3620fffaef20a51911ba795,sha256_pickle_protocol_5_fitted_wrapper,,a6d4ea5e457fb16115588bf96c200086a69b750e8b7b7ece1538846a303a71f3,b187add9d353488cbebc63ca4c13b0952335beab4347499cee5aecdb82fe6401
severity,development_tuning,linear_quantile,linear_quantile,DQ0,DQ0,full,0.9,development_fold_1,2017-07-01,1,243,96,cf7ac8855b8aeb71323022a14c4ff516e73ca68c6c07146c88c0999aa3233dcc,020603d980ab71c4ae35d3704e2dcd42d2057758ec389d12aef8981f1ec51d4c,020603d980ab71c4ae35d3704e2dcd42d2057758ec389d12aef8981f1ec51d4c,"{""alpha"":0.001,""solver"":""highs""}","[""promised_delivery_days""]",[],66cc2d77e943d8c86206486126228139bfcf2b8dceb79a4918c6983dc0187373,84ae59198eee3df59175e0b0cf9452edd7eb3fbd827bc6d1b03b3f23a47e628e,sha256_pickle_protocol_5_fitted_wrapper,,a6d4ea5e457fb16115588bf96c200086a69b750e8b7b7ece1538846a303a71f3,b187add9d353488cbebc63ca4c13b0952335beab4347499cee5aecdb82fe6401
severity,development_tuning,linear_quantile,linear_quantile,DQ0,DQ0,full,0.9,development_fold_1,2017-07-01,1,243,96,cf7ac8855b8aeb71323022a14c4ff516e73ca68c6c07146c88c0999aa3233dcc,020603d980ab71c4ae35d3704e2dcd42d2057758ec389d12aef8981f1ec51d4c,020603d980ab71c4ae35d3704e2dcd42d2057758ec389d12aef8981f1ec51d4c,"{""alpha"":0.01,""solver"":""highs""}","[""promised_delivery_days""]",[],66cc2d77e943d8c86206486126228139bfcf2b8dceb79a4918c6983dc0187373,e6df700e073ba7a5b79bcc7de0b1ec7096c900925d7716518567699105ec5f51,sha256_pickle_protocol_5_fitted_wrapper,,a6d4ea5e457fb16115588bf96c200086a69b750e8b7b7ece1538846a303a71f3,b187add9d353488cbebc63ca4c13b0952335beab4347499cee5aecdb82fe6401
severity,development_tuning,xgboost_quantile,xgboost_quantile,DQ0,DQ0,full,0.5,development_fold_1,2017-07-01,1,243,96,cf7ac8855b8aeb71323022a14c4ff516e73ca68c6c07146c88c0999aa3233dcc,020603d980ab71c4ae35d3704e2dcd42d2057758ec389d12aef8981f1ec51d4c,020603d980ab71c4ae35d3704e2dcd42d2057758ec389d12aef8981f1ec51d4c,"{""colsample_bytree"":0.8,""early_stopping_rounds"":50,""eval_metric"":""quantile"",""learning_rate"":0.03,""max_depth"":3,""min_child_weight"":5.0,""n_estimators"":50,""n_jobs"":4,""objective"":""reg:quantileerror"",""quantile_alpha"":0.5,""random_state"":20260823,""reg_alpha"":0.0,""reg_lambda"":1.0,""subsample"":0.8,""tree_method"":""hist""}","[""promised_delivery_days""]",[],66cc2d77e943d8c86206486126228139bfcf2b8dceb79a4918c6983dc0187373,0d56b96c6126064003456f7c06f60deb86d717dbee28ef7f2e2949ea71b27ffe,sha256_pickle_protocol_5_fitted_wrapper,0,a6d4ea5e457fb16115588bf96c200086a69b750e8b7b7ece1538846a303a71f3,b187add9d353488cbebc63ca4c13b0952335beab4347499cee5aecdb82fe6401
severity,development_tuning,xgboost_quantile,xgboost_quantile,DQ0,DQ0,full,0.9,development_fold_1,2017-07-01,1,243,96,cf7ac8855b8aeb71323022a14c4ff516e73ca68c6c07146c88c0999aa3233dcc,020603d980ab71c4ae35d3704e2dcd42d2057758ec389d12aef8981f1ec51d4c,020603d980ab71c4ae35d3704e2dcd42d2057758ec389d12aef8981f1ec51d4c,"{""colsample_bytree"":0.8,""early_stopping_rounds"":50,""eval_metric"":""quantile"",""learning_rate"":0.03,""max_depth"":3,""min_child_weight"":5.0,""n_estimators"":50,""n_jobs"":4,""objective"":""reg:quantileerror"",""quantile_alpha"":0.9,""random_state"":20260823,""reg_alpha"":0.0,""reg_lambda"":1.0,""subsample"":0.8,""tree_method"":""hist""}","[""promised_delivery_days""]",[],66cc2d77e943d8c86206486126228139bfcf2b8dceb79a4918c6983dc0187373,437460aa906e7d8209ba5f5b8afe63768c56ac311b31fcc150a08617762034e8,sha256_pickle_protocol_5_fitted_wrapper,11,a6d4ea5e457fb16115588bf96c200086a69b750e8b7b7ece1538846a303a71f3,b187add9d353488cbebc63ca4c13b0952335beab4347499cee5aecdb82fe6401
severity,development_tuning,linear_quantile,linear_quantile,DQ0,DQ0,full,0.5,development_fold_2,2017-09-01,2,429,176,84276b1f74ff6bf0b54173ff7a42284bf5920cf7a29f8b8e242e16de52362e2b,985f4f07c8be3a21630703deb5ad9e1895d161728aca1fee4cf58c379746f18c,985f4f07c8be3a21630703deb5ad9e1895d161728aca1fee4cf58c379746f18c,"{""alpha"":0.0001,""solver"":""highs""}","[""promised_delivery_days""]",[],66cc2d77e943d8c86206486126228139bfcf2b8dceb79a4918c6983dc0187373,998298e32fd9b0bb25a995646db63a1beab746694c3751381caa9dd0051203c0,sha256_pickle_protocol_5_fitted_wrapper,,a6d4ea5e457fb16115588bf96c200086a69b750e8b7b7ece1538846a303a71f3,b187add9d353488cbebc63ca4c13b0952335beab4347499cee5aecdb82fe6401
severity,development_tuning,linear_quantile,linear_quantile,DQ0,DQ0,full,0.5,development_fold_2,2017-09-01,2,429,176,84276b1f74ff6bf0b54173ff7a42284bf5920cf7a29f8b8e242e16de52362e2b,985f4f07c8be3a21630703deb5ad9e1895d161728aca1fee4cf58c379746f18c,985f4f07c8be3a21630703deb5ad9e1895d161728aca1fee4cf58c379746f18c,"{""alpha"":0.001,""solver"":""highs""}","[""promised_delivery_days""]",[],66cc2d77e943d8c86206486126228139bfcf2b8dceb79a4918c6983dc0187373,499dab7632d25144e1fc12257d3fd11417049c7d7ca872c69ee6e57b3a592bf0,sha256_pickle_protocol_5_fitted_wrapper,,a6d4ea5e457fb16115588bf96c200086a69b750e8b7b7ece1538846a303a71f3,b187add9d353488cbebc63ca4c13b0952335beab4347499cee5aecdb82fe6401
severity,development_tuning,linear_quantile,linear_quantile,DQ0,DQ0,full,0.5,development_fold_2,2017-09-01,2,429,176,84276b1f74ff6bf0b54173ff7a42284bf5920cf7a29f8b8e242e16de52362e2b,985f4f07c8be3a21630703deb5ad9e1895d161728aca1fee4cf58c379746f18c,985f4f07c8be3a21630703deb5ad9e1895d161728aca1fee4cf58c379746f18c,"{""alpha"":0.01,""solver"":""highs""}","[""promised_delivery_days""]",[],66cc2d77e943d8c86206486126228139bfcf2b8dceb79a4918c6983dc0187373,3624a64ede2f61b549f9ee291f4e1c123ecc0990d020600f92c73609c3a63394,sha256_pickle_protocol_5_fitted_wrapper,,a6d4ea5e457fb16115588bf96c200086a69b750e8b7b7ece1538846a303a71f3,b187add9d353488cbebc63ca4c13b0952335beab4347499cee5aecdb82fe6401
severity,development_tuning,linear_quantile,linear_quantile,DQ0,DQ0,full,0.9,development_fold_2,2017-09-01,2,429,176,84276b1f74ff6bf0b54173ff7a42284bf5920cf7a29f8b8e242e16de52362e2b,985f4f07c8be3a21630703deb5ad9e1895d161728aca1fee4cf58c379746f18c,985f4f07c8be3a21630703deb5ad9e1895d161728aca1fee4cf58c379746f18c,"{""alpha"":0.0001,""solver"":""highs""}","[""promised_delivery_days""]",[],66cc2d77e943d8c86206486126228139bfcf2b8dceb79a4918c6983dc0187373,687bcf69c8157ff5764cd56baa78f1db28b41011aa0e60a24837a83ce0ae8367,sha256_pickle_protocol_5_fitted_wrapper,,a6d4ea5e457fb16115588bf96c200086a69b750e8b7b7ece1538846a303a71f3,b187add9d353488cbebc63ca4c13b0952335beab4347499cee5aecdb82fe6401
severity,development_tuning,linear_quantile,linear_quantile,DQ0,DQ0,full,0.9,development_fold_2,2017-09-01,2,429,176,84276b1f74ff6bf0b54173ff7a42284bf5920cf7a29f8b8e242e16de52362e2b,985f4f07c8be3a21630703deb5ad9e1895d161728aca1fee4cf58c379746f18c,985f4f07c8be3a21630703deb5ad9e1895d161728aca1fee4cf58c379746f18c,"{""alpha"":0.001,""solver"":""highs""}","[""promised_delivery_days""]",[],66cc2d77e943d8c86206486126228139bfcf2b8dceb79a4918c6983dc0187373,9f84a7580a061df0e7e00e1754096b1c61e6f14b5ac6ffc064bdb6efc9331388,sha256_pickle_protocol_5_fitted_wrapper,,a6d4ea5e457fb16115588bf96c200086a69b750e8b7b7ece1538846a303a71f3,b187add9d353488cbebc63ca4c13b0952335beab4347499cee5aecdb82fe6401
severity,development_tuning,linear_quantile,linear_quantile,DQ0,DQ0,full,0.9,development_fold_2,2017-09-01,2,429,176,84276b1f74ff6bf0b54173ff7a42284bf5920cf7a29f8b8e242e16de52362e2b,985f4f07c8be3a21630703deb5ad9e1895d161728aca1fee4cf58c379746f18c,985f4f07c8be3a21630703deb5ad9e1895d161728aca1fee4cf58c379746f18c,"{""alpha"":0.01,""solver"":""highs""}","[""promised_delivery_days""]",[],66cc2d77e943d8c86206486126228139bfcf2b8dceb79a4918c6983dc0187373,e8e6ad419d59e006cdf21faa9c38845c154587c41d646fcc68a02279509cafc1,sha256_pickle_protocol_5_fitted_wrapper,,a6d4ea5e457fb16115588bf96c200086a69b750e8b7b7ece1538846a303a71f3,b187add9d353488cbebc63ca4c13b0952335beab4347499cee5aecdb82fe6401
severity,development_tuning,xgboost_quantile,xgboost_quantile,DQ0,DQ0,full,0.5,development_fold_2,2017-09-01,2,429,176,84276b1f74ff6bf0b54173ff7a42284bf5920cf7a29f8b8e242e16de52362e2b,985f4f07c8be3a21630703deb5ad9e1895d161728aca1fee4cf58c379746f18c,985f4f07c8be3a21630703deb5ad9e1895d161728aca1fee4cf58c379746f18c,"{""colsample_bytree"":0.8,""early_stopping_rounds"":50,""eval_metric"":""quantile"",""learning_rate"":0.03,""max_depth"":3,""min_child_weight"":5.0,""n_estimators"":50,""n_jobs"":4,""objective"":""reg:quantileerror"",""quantile_alpha"":0.5,""random_state"":20260823,""reg_alpha"":0.0,""reg_lambda"":1.0,""subsample"":0.8,""tree_method"":""hist""}","[""promised_delivery_days""]",[],66cc2d77e943d8c86206486126228139bfcf2b8dceb79a4918c6983dc0187373,940a7459b71fbd810f03a36a116af845b8c4e22960df1c7fe6fc258904dc94dc,sha256_pickle_protocol_5_fitted_wrapper,0,a6d4ea5e457fb16115588bf96c200086a69b750e8b7b7ece1538846a303a71f3,b187add9d353488cbebc63ca4c13b0952335beab4347499cee5aecdb82fe6401
severity,development_tuning,xgboost_quantile,xgboost_quantile,DQ0,DQ0,full,0.9,development_fold_2,2017-09-01,2,429,176,84276b1f74ff6bf0b54173ff7a42284bf5920cf7a29f8b8e242e16de52362e2b,985f4f07c8be3a21630703deb5ad9e1895d161728aca1fee4cf58c379746f18c,985f4f07c8be3a21630703deb5ad9e1895d161728aca1fee4cf58c379746f18c,"{""colsample_bytree"":0.8,""early_stopping_rounds"":50,""eval_metric"":""quantile"",""learning_rate"":0.03,""max_depth"":3,""min_child_weight"":5.0,""n_estimators"":50,""n_jobs"":4,""objective"":""reg:quantileerror"",""quantile_alpha"":0.9,""random_state"":20260823,""reg_alpha"":0.0,""reg_lambda"":1.0,""subsample"":0.8,""tree_method"":""hist""}","[""promised_delivery_days""]",[],66cc2d77e943d8c86206486126228139bfcf2b8dceb79a4918c6983dc0187373,d02fd953075fc19501b83fb1f54510f6b67d86289318f52f1fcd46eae127c1c2,sha256_pickle_protocol_5_fitted_wrapper,0,a6d4ea5e457fb16115588bf96c200086a69b750e8b7b7ece1538846a303a71f3,b187add9d353488cbebc63ca4c13b0952335beab4347499cee5aecdb82fe6401
severity,development_tuning,linear_quantile,linear_quantile,DQ0,DQ0,full,0.5,development_fold_3,2017-11-01,3,754,628,dd712dc965b7fdff472fcdd54dad95ddfe564459095478347884a8ce8ccf7cf5,4a936b54b6fe8a0d43b0ce154ed8d70d62cab790255f258cd52f1113afcb303c,4a936b54b6fe8a0d43b0ce154ed8d70d62cab790255f258cd52f1113afcb303c,"{""alpha"":0.0001,""solver"":""highs""}","[""promised_delivery_days""]",[],66cc2d77e943d8c86206486126228139bfcf2b8dceb79a4918c6983dc0187373,96b30ace8f889727bbf65bb6e69a95d0b5d1befea68cee3541e2501e44d470cb,sha256_pickle_protocol_5_fitted_wrapper,,a6d4ea5e457fb16115588bf96c200086a69b750e8b7b7ece1538846a303a71f3,b187add9d353488cbebc63ca4c13b0952335beab4347499cee5aecdb82fe6401
severity,development_tuning,linear_quantile,linear_quantile,DQ0,DQ0,full,0.5,development_fold_3,2017-11-01,3,754,628,dd712dc965b7fdff472fcdd54dad95ddfe564459095478347884a8ce8ccf7cf5,4a936b54b6fe8a0d43b0ce154ed8d70d62cab790255f258cd52f1113afcb303c,4a936b54b6fe8a0d43b0ce154ed8d70d62cab790255f258cd52f1113afcb303c,"{""alpha"":0.001,""solver"":""highs""}","[""promised_delivery_days""]",[],66cc2d77e943d8c86206486126228139bfcf2b8dceb79a4918c6983dc0187373,29931ec7685f7e88e4138340e63c8f00ac4c7bc5354323275194d87064b098d5,sha256_pickle_protocol_5_fitted_wrapper,,a6d4ea5e457fb16115588bf96c200086a69b750e8b7b7ece1538846a303a71f3,b187add9d353488cbebc63ca4c13b0952335beab4347499cee5aecdb82fe6401
severity,development_tuning,linear_quantile,linear_quantile,DQ0,DQ0,full,0.5,development_fold_3,2017-11-01,3,754,628,dd712dc965b7fdff472fcdd54dad95ddfe564459095478347884a8ce8ccf7cf5,4a936b54b6fe8a0d43b0ce154ed8d70d62cab790255f258cd52f1113afcb303c,4a936b54b6fe8a0d43b0ce154ed8d70d62cab790255f258cd52f1113afcb303c,"{""alpha"":0.01,""solver"":""highs""}","[""promised_delivery_days""]",[],66cc2d77e943d8c86206486126228139bfcf2b8dceb79a4918c6983dc0187373,ed38b169b71ea6bfac0083b91bcd3d1aabe48c9360d5cbe6c0c36870544fd7c2,sha256_pickle_protocol_5_fitted_wrapper,,a6d4ea5e457fb16115588bf96c200086a69b750e8b7b7ece1538846a303a71f3,b187add9d353488cbebc63ca4c13b0952335beab4347499cee5aecdb82fe6401
severity,development_tuning,linear_quantile,linear_quantile,DQ0,DQ0,full,0.9,development_fold_3,2017-11-01,3,754,628,dd712dc965b7fdff472fcdd54dad95ddfe564459095478347884a8ce8ccf7cf5,4a936b54b6fe8a0d43b0ce154ed8d70d62cab790255f258cd52f1113afcb303c,4a936b54b6fe8a0d43b0ce154ed8d70d62cab790255f258cd52f1113afcb303c,"{""alpha"":0.0001,""solver"":""highs""}","[""promised_delivery_days""]",[],66cc2d77e943d8c86206486126228139bfcf2b8dceb79a4918c6983dc0187373,1937bb436706a26b64c71f236da20d5089167bc8d2de77e7e8b6660adbba4e4b,sha256_pickle_protocol_5_fitted_wrapper,,a6d4ea5e457fb16115588bf96c200086a69b750e8b7b7ece1538846a303a71f3,b187add9d353488cbebc63ca4c13b0952335beab4347499cee5aecdb82fe6401
severity,development_tuning,linear_quantile,linear_quantile,DQ0,DQ0,full,0.9,development_fold_3,2017-11-01,3,754,628,dd712dc965b7fdff472fcdd54dad95ddfe564459095478347884a8ce8ccf7cf5,4a936b54b6fe8a0d43b0ce154ed8d70d62cab790255f258cd52f1113afcb303c,4a936b54b6fe8a0d43b0ce154ed8d70d62cab790255f258cd52f1113afcb303c,"{""alpha"":0.001,""solver"":""highs""}","[""promised_delivery_days""]",[],66cc2d77e943d8c86206486126228139bfcf2b8dceb79a4918c6983dc0187373,93bf74b64416bc7fc46d8ac7d4ed0ff94448da0c029bfff33d4bb6da3e586043,sha256_pickle_protocol_5_fitted_wrapper,,a6d4ea5e457fb16115588bf96c200086a69b750e8b7b7ece1538846a303a71f3,b187add9d353488cbebc63ca4c13b0952335beab4347499cee5aecdb82fe6401
severity,development_tuning,linear_quantile,linear_quantile,DQ0,DQ0,full,0.9,development_fold_3,2017-11-01,3,754,628,dd712dc965b7fdff472fcdd54dad95ddfe564459095478347884a8ce8ccf7cf5,4a936b54b6fe8a0d43b0ce154ed8d70d62cab790255f258cd52f1113afcb303c,4a936b54b6fe8a0d43b0ce154ed8d70d62cab790255f258cd52f1113afcb303c,"{""alpha"":0.01,""solver"":""highs""}","[""promised_delivery_days""]",[],66cc2d77e943d8c86206486126228139bfcf2b8dceb79a4918c6983dc0187373,f855b54eb1cef1180f36278b65951e1ff99020cd27f91e0cdcf5e718066e096e,sha256_pickle_protocol_5_fitted_wrapper,,a6d4ea5e457fb16115588bf96c200086a69b750e8b7b7ece1538846a303a71f3,b187add9d353488cbebc63ca4c13b0952335beab4347499cee5aecdb82fe6401
severity,development_tuning,xgboost_quantile,xgboost_quantile,DQ0,DQ0,full,0.5,development_fold_3,2017-11-01,3,754,628,dd712dc965b7fdff472fcdd54dad95ddfe564459095478347884a8ce8ccf7cf5,4a936b54b6fe8a0d43b0ce154ed8d70d62cab790255f258cd52f1113afcb303c,4a936b54b6fe8a0d43b0ce154ed8d70d62cab790255f258cd52f1113afcb303c,"{""colsample_bytree"":0.8,""early_stopping_rounds"":50,""eval_metric"":""quantile"",""learning_rate"":0.03,""max_depth"":3,""min_child_weight"":5.0,""n_estimators"":50,""n_jobs"":4,""objective"":""reg:quantileerror"",""quantile_alpha"":0.5,""random_state"":20260823,""reg_alpha"":0.0,""reg_lambda"":1.0,""subsample"":0.8,""tree_method"":""hist""}","[""promised_delivery_days""]",[],66cc2d77e943d8c86206486126228139bfcf2b8dceb79a4918c6983dc0187373,3a94316474260fb0020158e2a131e3fc10d1c5de0bef7607db9779928fdbc0ab,sha256_pickle_protocol_5_fitted_wrapper,0,a6d4ea5e457fb16115588bf96c200086a69b750e8b7b7ece1538846a303a71f3,b187add9d353488cbebc63ca4c13b0952335beab4347499cee5aecdb82fe6401
severity,development_tuning,xgboost_quantile,xgboost_quantile,DQ0,DQ0,full,0.9,development_fold_3,2017-11-01,3,754,628,dd712dc965b7fdff472fcdd54dad95ddfe564459095478347884a8ce8ccf7cf5,4a936b54b6fe8a0d43b0ce154ed8d70d62cab790255f258cd52f1113afcb303c,4a936b54b6fe8a0d43b0ce154ed8d70d62cab790255f258cd52f1113afcb303c,"{""colsample_bytree"":0.8,""early_stopping_rounds"":50,""eval_metric"":""quantile"",""learning_rate"":0.03,""max_depth"":3,""min_child_weight"":5.0,""n_estimators"":50,""n_jobs"":4,""objective"":""reg:quantileerror"",""quantile_alpha"":0.9,""random_state"":20260823,""reg_alpha"":0.0,""reg_lambda"":1.0,""subsample"":0.8,""tree_method"":""hist""}","[""promised_delivery_days""]",[],66cc2d77e943d8c86206486126228139bfcf2b8dceb79a4918c6983dc0187373,899048b9beecaa29054a1019903881290b961067c05d3d04473b4c1571a0c5c7,sha256_pickle_protocol_5_fitted_wrapper,4,a6d4ea5e457fb16115588bf96c200086a69b750e8b7b7ece1538846a303a71f3,b187add9d353488cbebc63ca4c13b0952335beab4347499cee5aecdb82fe6401
severity,later_evaluation,linear_quantile,linear_quantile,DQ0,DQ0,full,0.5,2018-01,2018-01-01 00:00:00,,1575,403,e6a57d0489d8ee13591169e9f3fa6f0c76d0a20b8826c31bd454f882ce01994b,cc962f7c6748592fd8cbeb18e371836d602ddaae3749434d4bfdae9acdb702b7,cc962f7c6748592fd8cbeb18e371836d602ddaae3749434d4bfdae9acdb702b7,"{""alpha"":0.0001,""solver"":""highs""}","[""promised_delivery_days""]",[],66cc2d77e943d8c86206486126228139bfcf2b8dceb79a4918c6983dc0187373,fc078bd22692b9cd475d979e12973f243d2bb27e288edba4b8ac8180a3799271,sha256_pickle_protocol_5_fitted_wrapper,,a6d4ea5e457fb16115588bf96c200086a69b750e8b7b7ece1538846a303a71f3,b187add9d353488cbebc63ca4c13b0952335beab4347499cee5aecdb82fe6401
severity,later_evaluation,linear_quantile,linear_quantile,DQ0,DQ0,full,0.9,2018-01,2018-01-01 00:00:00,,1575,403,e6a57d0489d8ee13591169e9f3fa6f0c76d0a20b8826c31bd454f882ce01994b,cc962f7c6748592fd8cbeb18e371836d602ddaae3749434d4bfdae9acdb702b7,cc962f7c6748592fd8cbeb18e371836d602ddaae3749434d4bfdae9acdb702b7,"{""alpha"":0.01,""solver"":""highs""}","[""promised_delivery_days""]",[],66cc2d77e943d8c86206486126228139bfcf2b8dceb79a4918c6983dc0187373,07312148fe961b4d27a1cfce579062f249325e76c8f32140aec905bfaf4f0b4c,sha256_pickle_protocol_5_fitted_wrapper,,a6d4ea5e457fb16115588bf96c200086a69b750e8b7b7ece1538846a303a71f3,b187add9d353488cbebc63ca4c13b0952335beab4347499cee5aecdb82fe6401
severity,later_evaluation,linear_quantile,linear_quantile,DQB,DQB,full,0.5,2018-01,2018-01-01 00:00:00,,1575,403,e6a57d0489d8ee13591169e9f3fa6f0c76d0a20b8826c31bd454f882ce01994b,cc962f7c6748592fd8cbeb18e371836d602ddaae3749434d4bfdae9acdb702b7,cc962f7c6748592fd8cbeb18e371836d602ddaae3749434d4bfdae9acdb702b7,"{""alpha"":0.0001,""solver"":""highs""}","[""promised_delivery_days"",""S1_score"",""S1_log1p_support"",""S1_cold_start"",""S1_posterior_se"",""S1_freshness_days"",""S2_score"",""S2_log1p_support"",""S2_cold_start"",""S2_posterior_se"",""S2_freshness_days"",""R1_score"",""R1_log1p_support"",""R1_cold_start"",""R1_posterior_se"",""R1_freshness_days"",""R2_score"",""R2_log1p_support"",""R2_cold_start"",""R2_posterior_se"",""R2_freshness_days""]",[],a0454aa702bc9350c7e026aecaf277c55a2b1f3ba8cdb7fc41bd7869195f33b0,3e865ad0d6c2134f4621b5d6a2bff082d3a7a972a73b8d27afc0b6cb110b97c8,sha256_pickle_protocol_5_fitted_wrapper,,a6d4ea5e457fb16115588bf96c200086a69b750e8b7b7ece1538846a303a71f3,b187add9d353488cbebc63ca4c13b0952335beab4347499cee5aecdb82fe6401
severity,later_evaluation,linear_quantile,linear_quantile,DQB,DQB,full,0.9,2018-01,2018-01-01 00:00:00,,1575,403,e6a57d0489d8ee13591169e9f3fa6f0c76d0a20b8826c31bd454f882ce01994b,cc962f7c6748592fd8cbeb18e371836d602ddaae3749434d4bfdae9acdb702b7,cc962f7c6748592fd8cbeb18e371836d602ddaae3749434d4bfdae9acdb702b7,"{""alpha"":0.01,""solver"":""highs""}","[""promised_delivery_days"",""S1_score"",""S1_log1p_support"",""S1_cold_start"",""S1_posterior_se"",""S1_freshness_days"",""S2_score"",""S2_log1p_support"",""S2_cold_start"",""S2_posterior_se"",""S2_freshness_days"",""R1_score"",""R1_log1p_support"",""R1_cold_start"",""R1_posterior_se"",""R1_freshness_days"",""R2_score"",""R2_log1p_support"",""R2_cold_start"",""R2_posterior_se"",""R2_freshness_days""]",[],a0454aa702bc9350c7e026aecaf277c55a2b1f3ba8cdb7fc41bd7869195f33b0,8febeaa9c51b59c3ba2ad6053f26a72fd9918c515f1422f78bbe96ac7db1dad6,sha256_pickle_protocol_5_fitted_wrapper,,a6d4ea5e457fb16115588bf96c200086a69b750e8b7b7ece1538846a303a71f3,b187add9d353488cbebc63ca4c13b0952335beab4347499cee5aecdb82fe6401
severity,later_evaluation,linear_quantile,linear_quantile,DQG,DQG,full,0.5,2018-01,2018-01-01 00:00:00,,1575,403,e6a57d0489d8ee13591169e9f3fa6f0c76d0a20b8826c31bd454f882ce01994b,cc962f7c6748592fd8cbeb18e371836d602ddaae3749434d4bfdae9acdb702b7,cc962f7c6748592fd8cbeb18e371836d602ddaae3749434d4bfdae9acdb702b7,"{""alpha"":0.0001,""solver"":""highs""}","[""promised_delivery_days"",""R1_score"",""R1_log1p_support"",""R1_cold_start"",""R1_posterior_se"",""R1_freshness_days"",""R2_score"",""R2_log1p_support"",""R2_cold_start"",""R2_posterior_se"",""R2_freshness_days""]",[],55592a9c7809091ef26b0d7746c6992457e035aec9ee88f8469c73ec59a57b49,c55cda28df574f670b3f1d60d36c91971b5d06ca1aa678db906a5756fcd633ae,sha256_pickle_protocol_5_fitted_wrapper,,a6d4ea5e457fb16115588bf96c200086a69b750e8b7b7ece1538846a303a71f3,b187add9d353488cbebc63ca4c13b0952335beab4347499cee5aecdb82fe6401
severity,later_evaluation,linear_quantile,linear_quantile,DQG,DQG,full,0.9,2018-01,2018-01-01 00:00:00,,1575,403,e6a57d0489d8ee13591169e9f3fa6f0c76d0a20b8826c31bd454f882ce01994b,cc962f7c6748592fd8cbeb18e371836d602ddaae3749434d4bfdae9acdb702b7,cc962f7c6748592fd8cbeb18e371836d602ddaae3749434d4bfdae9acdb702b7,"{""alpha"":0.01,""solver"":""highs""}","[""promised_delivery_days"",""R1_score"",""R1_log1p_support"",""R1_cold_start"",""R1_posterior_se"",""R1_freshness_days"",""R2_score"",""R2_log1p_support"",""R2_cold_start"",""R2_posterior_se"",""R2_freshness_days""]",[],55592a9c7809091ef26b0d7746c6992457e035aec9ee88f8469c73ec59a57b49,6e888c90913df3f35fc91ae107390d3f90651473bdd3f7ce6bcd088a830df933,sha256_pickle_protocol_5_fitted_wrapper,,a6d4ea5e457fb16115588bf96c200086a69b750e8b7b7ece1538846a303a71f3,b187add9d353488cbebc63ca4c13b0952335beab4347499cee5aecdb82fe6401
severity,later_evaluation,linear_quantile,linear_quantile,DQS,DQS,full,0.5,2018-01,2018-01-01 00:00:00,,1575,403,e6a57d0489d8ee13591169e9f3fa6f0c76d0a20b8826c31bd454f882ce01994b,cc962f7c6748592fd8cbeb18e371836d602ddaae3749434d4bfdae9acdb702b7,cc962f7c6748592fd8cbeb18e371836d602ddaae3749434d4bfdae9acdb702b7,"{""alpha"":0.0001,""solver"":""highs""}","[""promised_delivery_days"",""S1_score"",""S1_log1p_support"",""S1_cold_start"",""S1_posterior_se"",""S1_freshness_days"",""S2_score"",""S2_log1p_support"",""S2_cold_start"",""S2_posterior_se"",""S2_freshness_days""]",[],94151faa7df685010a340beef27998ed0590545d3c929a0e725a31e63da5100f,2782d4b6f92c7fa4e75545c1f24f3397e317b4d50e9317cc74c232c84fd4572e,sha256_pickle_protocol_5_fitted_wrapper,,a6d4ea5e457fb16115588bf96c200086a69b750e8b7b7ece1538846a303a71f3,b187add9d353488cbebc63ca4c13b0952335beab4347499cee5aecdb82fe6401
severity,later_evaluation,linear_quantile,linear_quantile,DQS,DQS,full,0.9,2018-01,2018-01-01 00:00:00,,1575,403,e6a57d0489d8ee13591169e9f3fa6f0c76d0a20b8826c31bd454f882ce01994b,cc962f7c6748592fd8cbeb18e371836d602ddaae3749434d4bfdae9acdb702b7,cc962f7c6748592fd8cbeb18e371836d602ddaae3749434d4bfdae9acdb702b7,"{""alpha"":0.01,""solver"":""highs""}","[""promised_delivery_days"",""S1_score"",""S1_log1p_support"",""S1_cold_start"",""S1_posterior_se"",""S1_freshness_days"",""S2_score"",""S2_log1p_support"",""S2_cold_start"",""S2_posterior_se"",""S2_freshness_days""]",[],94151faa7df685010a340beef27998ed0590545d3c929a0e725a31e63da5100f,7961a6f1adae616f90d9609e77458e35bb391f63182a8f0551bc510c969ac665,sha256_pickle_protocol_5_fitted_wrapper,,a6d4ea5e457fb16115588bf96c200086a69b750e8b7b7ece1538846a303a71f3,b187add9d353488cbebc63ca4c13b0952335beab4347499cee5aecdb82fe6401
severity,later_evaluation,xgboost_quantile,xgboost_quantile,DQ0,DQ0,full,0.5,2018-01,2018-01-01 00:00:00,,1575,403,e6a57d0489d8ee13591169e9f3fa6f0c76d0a20b8826c31bd454f882ce01994b,cc962f7c6748592fd8cbeb18e371836d602ddaae3749434d4bfdae9acdb702b7,cc962f7c6748592fd8cbeb18e371836d602ddaae3749434d4bfdae9acdb702b7,"{""colsample_bytree"":0.8,""eval_metric"":""quantile"",""learning_rate"":0.03,""max_depth"":3,""min_child_weight"":5.0,""n_estimators"":1,""n_jobs"":4,""objective"":""reg:quantileerror"",""quantile_alpha"":0.5,""random_state"":20260823,""reg_alpha"":0.0,""reg_lambda"":1.0,""subsample"":0.8,""tree_method"":""hist""}","[""promised_delivery_days""]",[],66cc2d77e943d8c86206486126228139bfcf2b8dceb79a4918c6983dc0187373,2f7d52cc1fa27e620b23f413aec5f89275f4c1bcb712ae4a9add5ed9bc539444,sha256_pickle_protocol_5_fitted_wrapper,,a6d4ea5e457fb16115588bf96c200086a69b750e8b7b7ece1538846a303a71f3,b187add9d353488cbebc63ca4c13b0952335beab4347499cee5aecdb82fe6401
severity,later_evaluation,xgboost_quantile,xgboost_quantile,DQ0,DQ0,full,0.9,2018-01,2018-01-01 00:00:00,,1575,403,e6a57d0489d8ee13591169e9f3fa6f0c76d0a20b8826c31bd454f882ce01994b,cc962f7c6748592fd8cbeb18e371836d602ddaae3749434d4bfdae9acdb702b7,cc962f7c6748592fd8cbeb18e371836d602ddaae3749434d4bfdae9acdb702b7,"{""colsample_bytree"":0.8,""eval_metric"":""quantile"",""learning_rate"":0.03,""max_depth"":3,""min_child_weight"":5.0,""n_estimators"":5,""n_jobs"":4,""objective"":""reg:quantileerror"",""quantile_alpha"":0.9,""random_state"":20260823,""reg_alpha"":0.0,""reg_lambda"":1.0,""subsample"":0.8,""tree_method"":""hist""}","[""promised_delivery_days""]",[],66cc2d77e943d8c86206486126228139bfcf2b8dceb79a4918c6983dc0187373,e2fd783251d9e4069250562f94b1bcc195a58541f5ac7b002681cd15ff5488f2,sha256_pickle_protocol_5_fitted_wrapper,,a6d4ea5e457fb16115588bf96c200086a69b750e8b7b7ece1538846a303a71f3,b187add9d353488cbebc63ca4c13b0952335beab4347499cee5aecdb82fe6401
severity,later_evaluation,xgboost_quantile,xgboost_quantile,DQB,DQB,full,0.5,2018-01,2018-01-01 00:00:00,,1575,403,e6a57d0489d8ee13591169e9f3fa6f0c76d0a20b8826c31bd454f882ce01994b,cc962f7c6748592fd8cbeb18e371836d602ddaae3749434d4bfdae9acdb702b7,cc962f7c6748592fd8cbeb18e371836d602ddaae3749434d4bfdae9acdb702b7,"{""colsample_bytree"":0.8,""eval_metric"":""quantile"",""learning_rate"":0.03,""max_depth"":3,""min_child_weight"":5.0,""n_estimators"":1,""n_jobs"":4,""objective"":""reg:quantileerror"",""quantile_alpha"":0.5,""random_state"":20260823,""reg_alpha"":0.0,""reg_lambda"":1.0,""subsample"":0.8,""tree_method"":""hist""}","[""promised_delivery_days"",""S1_score"",""S1_log1p_support"",""S1_cold_start"",""S1_posterior_se"",""S1_freshness_days"",""S2_score"",""S2_log1p_support"",""S2_cold_start"",""S2_posterior_se"",""S2_freshness_days"",""R1_score"",""R1_log1p_support"",""R1_cold_start"",""R1_posterior_se"",""R1_freshness_days"",""R2_score"",""R2_log1p_support"",""R2_cold_start"",""R2_posterior_se"",""R2_freshness_days""]",[],a0454aa702bc9350c7e026aecaf277c55a2b1f3ba8cdb7fc41bd7869195f33b0,83ea90889ffbe98ba0a6b0c59de775a492a3c4b315a00d9f1042ea2382df6b47,sha256_pickle_protocol_5_fitted_wrapper,,a6d4ea5e457fb16115588bf96c200086a69b750e8b7b7ece1538846a303a71f3,b187add9d353488cbebc63ca4c13b0952335beab4347499cee5aecdb82fe6401
severity,later_evaluation,xgboost_quantile,xgboost_quantile,DQB,DQB,full,0.9,2018-01,2018-01-01 00:00:00,,1575,403,e6a57d0489d8ee13591169e9f3fa6f0c76d0a20b8826c31bd454f882ce01994b,cc962f7c6748592fd8cbeb18e371836d602ddaae3749434d4bfdae9acdb702b7,cc962f7c6748592fd8cbeb18e371836d602ddaae3749434d4bfdae9acdb702b7,"{""colsample_bytree"":0.8,""eval_metric"":""quantile"",""learning_rate"":0.03,""max_depth"":3,""min_child_weight"":5.0,""n_estimators"":5,""n_jobs"":4,""objective"":""reg:quantileerror"",""quantile_alpha"":0.9,""random_state"":20260823,""reg_alpha"":0.0,""reg_lambda"":1.0,""subsample"":0.8,""tree_method"":""hist""}","[""promised_delivery_days"",""S1_score"",""S1_log1p_support"",""S1_cold_start"",""S1_posterior_se"",""S1_freshness_days"",""S2_score"",""S2_log1p_support"",""S2_cold_start"",""S2_posterior_se"",""S2_freshness_days"",""R1_score"",""R1_log1p_support"",""R1_cold_start"",""R1_posterior_se"",""R1_freshness_days"",""R2_score"",""R2_log1p_support"",""R2_cold_start"",""R2_posterior_se"",""R2_freshness_days""]",[],a0454aa702bc9350c7e026aecaf277c55a2b1f3ba8cdb7fc41bd7869195f33b0,113bae262b787fa72764a1a07b8849a0942304c91bc17ee60dfa77d1822242fb,sha256_pickle_protocol_5_fitted_wrapper,,a6d4ea5e457fb16115588bf96c200086a69b750e8b7b7ece1538846a303a71f3,b187add9d353488cbebc63ca4c13b0952335beab4347499cee5aecdb82fe6401
severity,later_evaluation,xgboost_quantile,xgboost_quantile,DQG,DQG,full,0.5,2018-01,2018-01-01 00:00:00,,1575,403,e6a57d0489d8ee13591169e9f3fa6f0c76d0a20b8826c31bd454f882ce01994b,cc962f7c6748592fd8cbeb18e371836d602ddaae3749434d4bfdae9acdb702b7,cc962f7c6748592fd8cbeb18e371836d602ddaae3749434d4bfdae9acdb702b7,"{""colsample_bytree"":0.8,""eval_metric"":""quantile"",""learning_rate"":0.03,""max_depth"":3,""min_child_weight"":5.0,""n_estimators"":1,""n_jobs"":4,""objective"":""reg:quantileerror"",""quantile_alpha"":0.5,""random_state"":20260823,""reg_alpha"":0.0,""reg_lambda"":1.0,""subsample"":0.8,""tree_method"":""hist""}","[""promised_delivery_days"",""R1_score"",""R1_log1p_support"",""R1_cold_start"",""R1_posterior_se"",""R1_freshness_days"",""R2_score"",""R2_log1p_support"",""R2_cold_start"",""R2_posterior_se"",""R2_freshness_days""]",[],55592a9c7809091ef26b0d7746c6992457e035aec9ee88f8469c73ec59a57b49,aab35819807e78e72bdd80568e4cd72ed9baadbc3784d373f720a9761c591981,sha256_pickle_protocol_5_fitted_wrapper,,a6d4ea5e457fb16115588bf96c200086a69b750e8b7b7ece1538846a303a71f3,b187add9d353488cbebc63ca4c13b0952335beab4347499cee5aecdb82fe6401
severity,later_evaluation,xgboost_quantile,xgboost_quantile,DQG,DQG,full,0.9,2018-01,2018-01-01 00:00:00,,1575,403,e6a57d0489d8ee13591169e9f3fa6f0c76d0a20b8826c31bd454f882ce01994b,cc962f7c6748592fd8cbeb18e371836d602ddaae3749434d4bfdae9acdb702b7,cc962f7c6748592fd8cbeb18e371836d602ddaae3749434d4bfdae9acdb702b7,"{""colsample_bytree"":0.8,""eval_metric"":""quantile"",""learning_rate"":0.03,""max_depth"":3,""min_child_weight"":5.0,""n_estimators"":5,""n_jobs"":4,""objective"":""reg:quantileerror"",""quantile_alpha"":0.9,""random_state"":20260823,""reg_alpha"":0.0,""reg_lambda"":1.0,""subsample"":0.8,""tree_method"":""hist""}","[""promised_delivery_days"",""R1_score"",""R1_log1p_support"",""R1_cold_start"",""R1_posterior_se"",""R1_freshness_days"",""R2_score"",""R2_log1p_support"",""R2_cold_start"",""R2_posterior_se"",""R2_freshness_days""]",[],55592a9c7809091ef26b0d7746c6992457e035aec9ee88f8469c73ec59a57b49,656dc7795137addc1ee59628935e56685e17a493457b663d41044c122f199542,sha256_pickle_protocol_5_fitted_wrapper,,a6d4ea5e457fb16115588bf96c200086a69b750e8b7b7ece1538846a303a71f3,b187add9d353488cbebc63ca4c13b0952335beab4347499cee5aecdb82fe6401
severity,later_evaluation,xgboost_quantile,xgboost_quantile,DQS,DQS,full,0.5,2018-01,2018-01-01 00:00:00,,1575,403,e6a57d0489d8ee13591169e9f3fa6f0c76d0a20b8826c31bd454f882ce01994b,cc962f7c6748592fd8cbeb18e371836d602ddaae3749434d4bfdae9acdb702b7,cc962f7c6748592fd8cbeb18e371836d602ddaae3749434d4bfdae9acdb702b7,"{""colsample_bytree"":0.8,""eval_metric"":""quantile"",""learning_rate"":0.03,""max_depth"":3,""min_child_weight"":5.0,""n_estimators"":1,""n_jobs"":4,""objective"":""reg:quantileerror"",""quantile_alpha"":0.5,""random_state"":20260823,""reg_alpha"":0.0,""reg_lambda"":1.0,""subsample"":0.8,""tree_method"":""hist""}","[""promised_delivery_days"",""S1_score"",""S1_log1p_support"",""S1_cold_start"",""S1_posterior_se"",""S1_freshness_days"",""S2_score"",""S2_log1p_support"",""S2_cold_start"",""S2_posterior_se"",""S2_freshness_days""]",[],94151faa7df685010a340beef27998ed0590545d3c929a0e725a31e63da5100f,916bb843ae3f3e3d8ee628f362000c3dcf73dc35ddc9c81f653670650bc02488,sha256_pickle_protocol_5_fitted_wrapper,,a6d4ea5e457fb16115588bf96c200086a69b750e8b7b7ece1538846a303a71f3,b187add9d353488cbebc63ca4c13b0952335beab4347499cee5aecdb82fe6401
severity,later_evaluation,xgboost_quantile,xgboost_quantile,DQS,DQS,full,0.9,2018-01,2018-01-01 00:00:00,,1575,403,e6a57d0489d8ee13591169e9f3fa6f0c76d0a20b8826c31bd454f882ce01994b,cc962f7c6748592fd8cbeb18e371836d602ddaae3749434d4bfdae9acdb702b7,cc962f7c6748592fd8cbeb18e371836d602ddaae3749434d4bfdae9acdb702b7,"{""colsample_bytree"":0.8,""eval_metric"":""quantile"",""learning_rate"":0.03,""max_depth"":3,""min_child_weight"":5.0,""n_estimators"":5,""n_jobs"":4,""objective"":""reg:quantileerror"",""quantile_alpha"":0.9,""random_state"":20260823,""reg_alpha"":0.0,""reg_lambda"":1.0,""subsample"":0.8,""tree_method"":""hist""}","[""promised_delivery_days"",""S1_score"",""S1_log1p_support"",""S1_cold_start"",""S1_posterior_se"",""S1_freshness_days"",""S2_score"",""S2_log1p_support"",""S2_cold_start"",""S2_posterior_se"",""S2_freshness_days""]",[],94151faa7df685010a340beef27998ed0590545d3c929a0e725a31e63da5100f,dcb65436ec5bc3b02dd9dd5ef30f54fb48ec421050f18d579dfe337354a644e5,sha256_pickle_protocol_5_fitted_wrapper,,a6d4ea5e457fb16115588bf96c200086a69b750e8b7b7ece1538846a303a71f3,b187add9d353488cbebc63ca4c13b0952335beab4347499cee5aecdb82fe6401
severity,later_evaluation,linear_quantile,linear_quantile,DQ0,DQ0,full,0.5,2018-02,2018-02-01 00:00:00,,2197,926,5781454e29754449d6a1a2acfd81b3e491cbec40363ecc124997a2d732f972f8,7d95c88138b22ba2667424325239c22950b3bf7d98924869363f5813ba7b7bad,7d95c88138b22ba2667424325239c22950b3bf7d98924869363f5813ba7b7bad,"{""alpha"":0.0001,""solver"":""highs""}","[""promised_delivery_days""]",[],66cc2d77e943d8c86206486126228139bfcf2b8dceb79a4918c6983dc0187373,a3f848360b44f156345378994749ccb27467511ebea05bf985557c891a9222c2,sha256_pickle_protocol_5_fitted_wrapper,,a6d4ea5e457fb16115588bf96c200086a69b750e8b7b7ece1538846a303a71f3,b187add9d353488cbebc63ca4c13b0952335beab4347499cee5aecdb82fe6401
severity,later_evaluation,linear_quantile,linear_quantile,DQ0,DQ0,full,0.9,2018-02,2018-02-01 00:00:00,,2197,926,5781454e29754449d6a1a2acfd81b3e491cbec40363ecc124997a2d732f972f8,7d95c88138b22ba2667424325239c22950b3bf7d98924869363f5813ba7b7bad,7d95c88138b22ba2667424325239c22950b3bf7d98924869363f5813ba7b7bad,"{""alpha"":0.01,""solver"":""highs""}","[""promised_delivery_days""]",[],66cc2d77e943d8c86206486126228139bfcf2b8dceb79a4918c6983dc0187373,6bc81e13abf1ca5eefd1202641ae6be070a05ea42f460e418f108cd74e1d8442,sha256_pickle_protocol_5_fitted_wrapper,,a6d4ea5e457fb16115588bf96c200086a69b750e8b7b7ece1538846a303a71f3,b187add9d353488cbebc63ca4c13b0952335beab4347499cee5aecdb82fe6401
severity,later_evaluation,linear_quantile,linear_quantile,DQB,DQB,full,0.5,2018-02,2018-02-01 00:00:00,,2197,926,5781454e29754449d6a1a2acfd81b3e491cbec40363ecc124997a2d732f972f8,7d95c88138b22ba2667424325239c22950b3bf7d98924869363f5813ba7b7bad,7d95c88138b22ba2667424325239c22950b3bf7d98924869363f5813ba7b7bad,"{""alpha"":0.0001,""solver"":""highs""}","[""promised_delivery_days"",""S1_score"",""S1_log1p_support"",""S1_cold_start"",""S1_posterior_se"",""S1_freshness_days"",""S2_score"",""S2_log1p_support"",""S2_cold_start"",""S2_posterior_se"",""S2_freshness_days"",""R1_score"",""R1_log1p_support"",""R1_cold_start"",""R1_posterior_se"",""R1_freshness_days"",""R2_score"",""R2_log1p_support"",""R2_cold_start"",""R2_posterior_se"",""R2_freshness_days""]",[],a0454aa702bc9350c7e026aecaf277c55a2b1f3ba8cdb7fc41bd7869195f33b0,c79fc7790630fee80035fdf4913bcebdc56467e45de7f5b580d12221f59e0fba,sha256_pickle_protocol_5_fitted_wrapper,,a6d4ea5e457fb16115588bf96c200086a69b750e8b7b7ece1538846a303a71f3,b187add9d353488cbebc63ca4c13b0952335beab4347499cee5aecdb82fe6401
severity,later_evaluation,linear_quantile,linear_quantile,DQB,DQB,full,0.9,2018-02,2018-02-01 00:00:00,,2197,926,5781454e29754449d6a1a2acfd81b3e491cbec40363ecc124997a2d732f972f8,7d95c88138b22ba2667424325239c22950b3bf7d98924869363f5813ba7b7bad,7d95c88138b22ba2667424325239c22950b3bf7d98924869363f5813ba7b7bad,"{""alpha"":0.01,""solver"":""highs""}","[""promised_delivery_days"",""S1_score"",""S1_log1p_support"",""S1_cold_start"",""S1_posterior_se"",""S1_freshness_days"",""S2_score"",""S2_log1p_support"",""S2_cold_start"",""S2_posterior_se"",""S2_freshness_days"",""R1_score"",""R1_log1p_support"",""R1_cold_start"",""R1_posterior_se"",""R1_freshness_days"",""R2_score"",""R2_log1p_support"",""R2_cold_start"",""R2_posterior_se"",""R2_freshness_days""]",[],a0454aa702bc9350c7e026aecaf277c55a2b1f3ba8cdb7fc41bd7869195f33b0,3b66afa99a0f9a85a5604decae63eea859790949fd59c2d2679189aa763caffd,sha256_pickle_protocol_5_fitted_wrapper,,a6d4ea5e457fb16115588bf96c200086a69b750e8b7b7ece1538846a303a71f3,b187add9d353488cbebc63ca4c13b0952335beab4347499cee5aecdb82fe6401
severity,later_evaluation,linear_quantile,linear_quantile,DQG,DQG,full,0.5,2018-02,2018-02-01 00:00:00,,2197,926,5781454e29754449d6a1a2acfd81b3e491cbec40363ecc124997a2d732f972f8,7d95c88138b22ba2667424325239c22950b3bf7d98924869363f5813ba7b7bad,7d95c88138b22ba2667424325239c22950b3bf7d98924869363f5813ba7b7bad,"{""alpha"":0.0001,""solver"":""highs""}","[""promised_delivery_days"",""R1_score"",""R1_log1p_support"",""R1_cold_start"",""R1_posterior_se"",""R1_freshness_days"",""R2_score"",""R2_log1p_support"",""R2_cold_start"",""R2_posterior_se"",""R2_freshness_days""]",[],55592a9c7809091ef26b0d7746c6992457e035aec9ee88f8469c73ec59a57b49,3c4fbae70ffed74102707db8adcdae3072a280fc4527ab6f1a346339ea435ad8,sha256_pickle_protocol_5_fitted_wrapper,,a6d4ea5e457fb16115588bf96c200086a69b750e8b7b7ece1538846a303a71f3,b187add9d353488cbebc63ca4c13b0952335beab4347499cee5aecdb82fe6401
severity,later_evaluation,linear_quantile,linear_quantile,DQG,DQG,full,0.9,2018-02,2018-02-01 00:00:00,,2197,926,5781454e29754449d6a1a2acfd81b3e491cbec40363ecc124997a2d732f972f8,7d95c88138b22ba2667424325239c22950b3bf7d98924869363f5813ba7b7bad,7d95c88138b22ba2667424325239c22950b3bf7d98924869363f5813ba7b7bad,"{""alpha"":0.01,""solver"":""highs""}","[""promised_delivery_days"",""R1_score"",""R1_log1p_support"",""R1_cold_start"",""R1_posterior_se"",""R1_freshness_days"",""R2_score"",""R2_log1p_support"",""R2_cold_start"",""R2_posterior_se"",""R2_freshness_days""]",[],55592a9c7809091ef26b0d7746c6992457e035aec9ee88f8469c73ec59a57b49,e8f7e10d2ab1d9743993d5b5817e2533d212e201ee070da5a3d991f4bad091bc,sha256_pickle_protocol_5_fitted_wrapper,,a6d4ea5e457fb16115588bf96c200086a69b750e8b7b7ece1538846a303a71f3,b187add9d353488cbebc63ca4c13b0952335beab4347499cee5aecdb82fe6401
severity,later_evaluation,linear_quantile,linear_quantile,DQS,DQS,full,0.5,2018-02,2018-02-01 00:00:00,,2197,926,5781454e29754449d6a1a2acfd81b3e491cbec40363ecc124997a2d732f972f8,7d95c88138b22ba2667424325239c22950b3bf7d98924869363f5813ba7b7bad,7d95c88138b22ba2667424325239c22950b3bf7d98924869363f5813ba7b7bad,"{""alpha"":0.0001,""solver"":""highs""}","[""promised_delivery_days"",""S1_score"",""S1_log1p_support"",""S1_cold_start"",""S1_posterior_se"",""S1_freshness_days"",""S2_score"",""S2_log1p_support"",""S2_cold_start"",""S2_posterior_se"",""S2_freshness_days""]",[],94151faa7df685010a340beef27998ed0590545d3c929a0e725a31e63da5100f,e2a67d2a42776075bf9af30c87ee56a979d74ed46c8f0f1734c58bea196c6c6f,sha256_pickle_protocol_5_fitted_wrapper,,a6d4ea5e457fb16115588bf96c200086a69b750e8b7b7ece1538846a303a71f3,b187add9d353488cbebc63ca4c13b0952335beab4347499cee5aecdb82fe6401
severity,later_evaluation,linear_quantile,linear_quantile,DQS,DQS,full,0.9,2018-02,2018-02-01 00:00:00,,2197,926,5781454e29754449d6a1a2acfd81b3e491cbec40363ecc124997a2d732f972f8,7d95c88138b22ba2667424325239c22950b3bf7d98924869363f5813ba7b7bad,7d95c88138b22ba2667424325239c22950b3bf7d98924869363f5813ba7b7bad,"{""alpha"":0.01,""solver"":""highs""}","[""promised_delivery_days"",""S1_score"",""S1_log1p_support"",""S1_cold_start"",""S1_posterior_se"",""S1_freshness_days"",""S2_score"",""S2_log1p_support"",""S2_cold_start"",""S2_posterior_se"",""S2_freshness_days""]",[],94151faa7df685010a340beef27998ed0590545d3c929a0e725a31e63da5100f,b63245a275e5fd268cdc61eec46d58867c96b6a40253194b0476f91906fc248a,sha256_pickle_protocol_5_fitted_wrapper,,a6d4ea5e457fb16115588bf96c200086a69b750e8b7b7ece1538846a303a71f3,b187add9d353488cbebc63ca4c13b0952335beab4347499cee5aecdb82fe6401
severity,later_evaluation,xgboost_quantile,xgboost_quantile,DQ0,DQ0,full,0.5,2018-02,2018-02-01 00:00:00,,2197,926,5781454e29754449d6a1a2acfd81b3e491cbec40363ecc124997a2d732f972f8,7d95c88138b22ba2667424325239c22950b3bf7d98924869363f5813ba7b7bad,7d95c88138b22ba2667424325239c22950b3bf7d98924869363f5813ba7b7bad,"{""colsample_bytree"":0.8,""eval_metric"":""quantile"",""learning_rate"":0.03,""max_depth"":3,""min_child_weight"":5.0,""n_estimators"":1,""n_jobs"":4,""objective"":""reg:quantileerror"",""quantile_alpha"":0.5,""random_state"":20260823,""reg_alpha"":0.0,""reg_lambda"":1.0,""subsample"":0.8,""tree_method"":""hist""}","[""promised_delivery_days""]",[],66cc2d77e943d8c86206486126228139bfcf2b8dceb79a4918c6983dc0187373,e1a0ddf53c2ac6b29110d8d98c1826607908e8c7eb3b93d2a8a598bdabf265b3,sha256_pickle_protocol_5_fitted_wrapper,,a6d4ea5e457fb16115588bf96c200086a69b750e8b7b7ece1538846a303a71f3,b187add9d353488cbebc63ca4c13b0952335beab4347499cee5aecdb82fe6401
severity,later_evaluation,xgboost_quantile,xgboost_quantile,DQ0,DQ0,full,0.9,2018-02,2018-02-01 00:00:00,,2197,926,5781454e29754449d6a1a2acfd81b3e491cbec40363ecc124997a2d732f972f8,7d95c88138b22ba2667424325239c22950b3bf7d98924869363f5813ba7b7bad,7d95c88138b22ba2667424325239c22950b3bf7d98924869363f5813ba7b7bad,"{""colsample_bytree"":0.8,""eval_metric"":""quantile"",""learning_rate"":0.03,""max_depth"":3,""min_child_weight"":5.0,""n_estimators"":5,""n_jobs"":4,""objective"":""reg:quantileerror"",""quantile_alpha"":0.9,""random_state"":20260823,""reg_alpha"":0.0,""reg_lambda"":1.0,""subsample"":0.8,""tree_method"":""hist""}","[""promised_delivery_days""]",[],66cc2d77e943d8c86206486126228139bfcf2b8dceb79a4918c6983dc0187373,48648f7cb31af5a6e9313a546a3d3dc3c6cdb65e72d3505660738df6dbe9a484,sha256_pickle_protocol_5_fitted_wrapper,,a6d4ea5e457fb16115588bf96c200086a69b750e8b7b7ece1538846a303a71f3,b187add9d353488cbebc63ca4c13b0952335beab4347499cee5aecdb82fe6401
severity,later_evaluation,xgboost_quantile,xgboost_quantile,DQB,DQB,full,0.5,2018-02,2018-02-01 00:00:00,,2197,926,5781454e29754449d6a1a2acfd81b3e491cbec40363ecc124997a2d732f972f8,7d95c88138b22ba2667424325239c22950b3bf7d98924869363f5813ba7b7bad,7d95c88138b22ba2667424325239c22950b3bf7d98924869363f5813ba7b7bad,"{""colsample_bytree"":0.8,""eval_metric"":""quantile"",""learning_rate"":0.03,""max_depth"":3,""min_child_weight"":5.0,""n_estimators"":1,""n_jobs"":4,""objective"":""reg:quantileerror"",""quantile_alpha"":0.5,""random_state"":20260823,""reg_alpha"":0.0,""reg_lambda"":1.0,""subsample"":0.8,""tree_method"":""hist""}","[""promised_delivery_days"",""S1_score"",""S1_log1p_support"",""S1_cold_start"",""S1_posterior_se"",""S1_freshness_days"",""S2_score"",""S2_log1p_support"",""S2_cold_start"",""S2_posterior_se"",""S2_freshness_days"",""R1_score"",""R1_log1p_support"",""R1_cold_start"",""R1_posterior_se"",""R1_freshness_days"",""R2_score"",""R2_log1p_support"",""R2_cold_start"",""R2_posterior_se"",""R2_freshness_days""]",[],a0454aa702bc9350c7e026aecaf277c55a2b1f3ba8cdb7fc41bd7869195f33b0,595d1a31b53443414535689fe934c4521ef57fee57f69b14387cb4be29c78d31,sha256_pickle_protocol_5_fitted_wrapper,,a6d4ea5e457fb16115588bf96c200086a69b750e8b7b7ece1538846a303a71f3,b187add9d353488cbebc63ca4c13b0952335beab4347499cee5aecdb82fe6401
severity,later_evaluation,xgboost_quantile,xgboost_quantile,DQB,DQB,full,0.9,2018-02,2018-02-01 00:00:00,,2197,926,5781454e29754449d6a1a2acfd81b3e491cbec40363ecc124997a2d732f972f8,7d95c88138b22ba2667424325239c22950b3bf7d98924869363f5813ba7b7bad,7d95c88138b22ba2667424325239c22950b3bf7d98924869363f5813ba7b7bad,"{""colsample_bytree"":0.8,""eval_metric"":""quantile"",""learning_rate"":0.03,""max_depth"":3,""min_child_weight"":5.0,""n_estimators"":5,""n_jobs"":4,""objective"":""reg:quantileerror"",""quantile_alpha"":0.9,""random_state"":20260823,""reg_alpha"":0.0,""reg_lambda"":1.0,""subsample"":0.8,""tree_method"":""hist""}","[""promised_delivery_days"",""S1_score"",""S1_log1p_support"",""S1_cold_start"",""S1_posterior_se"",""S1_freshness_days"",""S2_score"",""S2_log1p_support"",""S2_cold_start"",""S2_posterior_se"",""S2_freshness_days"",""R1_score"",""R1_log1p_support"",""R1_cold_start"",""R1_posterior_se"",""R1_freshness_days"",""R2_score"",""R2_log1p_support"",""R2_cold_start"",""R2_posterior_se"",""R2_freshness_days""]",[],a0454aa702bc9350c7e026aecaf277c55a2b1f3ba8cdb7fc41bd7869195f33b0,31c9dc3c102d36764f34f7b71d8f015b4ff80b67431fffc3a7cbe76446a95af7,sha256_pickle_protocol_5_fitted_wrapper,,a6d4ea5e457fb16115588bf96c200086a69b750e8b7b7ece1538846a303a71f3,b187add9d353488cbebc63ca4c13b0952335beab4347499cee5aecdb82fe6401
severity,later_evaluation,xgboost_quantile,xgboost_quantile,DQG,DQG,full,0.5,2018-02,2018-02-01 00:00:00,,2197,926,5781454e29754449d6a1a2acfd81b3e491cbec40363ecc124997a2d732f972f8,7d95c88138b22ba2667424325239c22950b3bf7d98924869363f5813ba7b7bad,7d95c88138b22ba2667424325239c22950b3bf7d98924869363f5813ba7b7bad,"{""colsample_bytree"":0.8,""eval_metric"":""quantile"",""learning_rate"":0.03,""max_depth"":3,""min_child_weight"":5.0,""n_estimators"":1,""n_jobs"":4,""objective"":""reg:quantileerror"",""quantile_alpha"":0.5,""random_state"":20260823,""reg_alpha"":0.0,""reg_lambda"":1.0,""subsample"":0.8,""tree_method"":""hist""}","[""promised_delivery_days"",""R1_score"",""R1_log1p_support"",""R1_cold_start"",""R1_posterior_se"",""R1_freshness_days"",""R2_score"",""R2_log1p_support"",""R2_cold_start"",""R2_posterior_se"",""R2_freshness_days""]",[],55592a9c7809091ef26b0d7746c6992457e035aec9ee88f8469c73ec59a57b49,aece5b7678aa6d4ddac52700ffe17187aa73e5cfd9d3626c183252aea1e2ae2d,sha256_pickle_protocol_5_fitted_wrapper,,a6d4ea5e457fb16115588bf96c200086a69b750e8b7b7ece1538846a303a71f3,b187add9d353488cbebc63ca4c13b0952335beab4347499cee5aecdb82fe6401
severity,later_evaluation,xgboost_quantile,xgboost_quantile,DQG,DQG,full,0.9,2018-02,2018-02-01 00:00:00,,2197,926,5781454e29754449d6a1a2acfd81b3e491cbec40363ecc124997a2d732f972f8,7d95c88138b22ba2667424325239c22950b3bf7d98924869363f5813ba7b7bad,7d95c88138b22ba2667424325239c22950b3bf7d98924869363f5813ba7b7bad,"{""colsample_bytree"":0.8,""eval_metric"":""quantile"",""learning_rate"":0.03,""max_depth"":3,""min_child_weight"":5.0,""n_estimators"":5,""n_jobs"":4,""objective"":""reg:quantileerror"",""quantile_alpha"":0.9,""random_state"":20260823,""reg_alpha"":0.0,""reg_lambda"":1.0,""subsample"":0.8,""tree_method"":""hist""}","[""promised_delivery_days"",""R1_score"",""R1_log1p_support"",""R1_cold_start"",""R1_posterior_se"",""R1_freshness_days"",""R2_score"",""R2_log1p_support"",""R2_cold_start"",""R2_posterior_se"",""R2_freshness_days""]",[],55592a9c7809091ef26b0d7746c6992457e035aec9ee88f8469c73ec59a57b49,fbe46153b52221d1d702536ac68b31cac51e1d1f6d2e901300c47d18335f4dd0,sha256_pickle_protocol_5_fitted_wrapper,,a6d4ea5e457fb16115588bf96c200086a69b750e8b7b7ece1538846a303a71f3,b187add9d353488cbebc63ca4c13b0952335beab4347499cee5aecdb82fe6401
severity,later_evaluation,xgboost_quantile,xgboost_quantile,DQS,DQS,full,0.5,2018-02,2018-02-01 00:00:00,,2197,926,5781454e29754449d6a1a2acfd81b3e491cbec40363ecc124997a2d732f972f8,7d95c88138b22ba2667424325239c22950b3bf7d98924869363f5813ba7b7bad,7d95c88138b22ba2667424325239c22950b3bf7d98924869363f5813ba7b7bad,"{""colsample_bytree"":0.8,""eval_metric"":""quantile"",""learning_rate"":0.03,""max_depth"":3,""min_child_weight"":5.0,""n_estimators"":1,""n_jobs"":4,""objective"":""reg:quantileerror"",""quantile_alpha"":0.5,""random_state"":20260823,""reg_alpha"":0.0,""reg_lambda"":1.0,""subsample"":0.8,""tree_method"":""hist""}","[""promised_delivery_days"",""S1_score"",""S1_log1p_support"",""S1_cold_start"",""S1_posterior_se"",""S1_freshness_days"",""S2_score"",""S2_log1p_support"",""S2_cold_start"",""S2_posterior_se"",""S2_freshness_days""]",[],94151faa7df685010a340beef27998ed0590545d3c929a0e725a31e63da5100f,bcc3827f61cbe937e9f2a9fc39fdfe43a1287b02efb06c079ce48b5e3368ce44,sha256_pickle_protocol_5_fitted_wrapper,,a6d4ea5e457fb16115588bf96c200086a69b750e8b7b7ece1538846a303a71f3,b187add9d353488cbebc63ca4c13b0952335beab4347499cee5aecdb82fe6401
severity,later_evaluation,xgboost_quantile,xgboost_quantile,DQS,DQS,full,0.9,2018-02,2018-02-01 00:00:00,,2197,926,5781454e29754449d6a1a2acfd81b3e491cbec40363ecc124997a2d732f972f8,7d95c88138b22ba2667424325239c22950b3bf7d98924869363f5813ba7b7bad,7d95c88138b22ba2667424325239c22950b3bf7d98924869363f5813ba7b7bad,"{""colsample_bytree"":0.8,""eval_metric"":""quantile"",""learning_rate"":0.03,""max_depth"":3,""min_child_weight"":5.0,""n_estimators"":5,""n_jobs"":4,""objective"":""reg:quantileerror"",""quantile_alpha"":0.9,""random_state"":20260823,""reg_alpha"":0.0,""reg_lambda"":1.0,""subsample"":0.8,""tree_method"":""hist""}","[""promised_delivery_days"",""S1_score"",""S1_log1p_support"",""S1_cold_start"",""S1_posterior_se"",""S1_freshness_days"",""S2_score"",""S2_log1p_support"",""S2_cold_start"",""S2_posterior_se"",""S2_freshness_days""]",[],94151faa7df685010a340beef27998ed0590545d3c929a0e725a31e63da5100f,ced5714e9abe5ca18dde5e9b20ffa31f4e8a85d4add5fb9b9f4714ffbbfd3802,sha256_pickle_protocol_5_fitted_wrapper,,a6d4ea5e457fb16115588bf96c200086a69b750e8b7b7ece1538846a303a71f3,b187add9d353488cbebc63ca4c13b0952335beab4347499cee5aecdb82fe6401
severity,later_evaluation,linear_quantile,linear_quantile,DQ0,DQ0,full,0.5,2018-03,2018-03-01 00:00:00,,2520,1328,4c808a9f45d24b6c3aad7166bb65c4e89a9af4bb25bce0e8c585f59cfe5fc500,5092f5e7034c263ff007ff4a6fab61efb011668930b5964c9bdd412718e5736f,5092f5e7034c263ff007ff4a6fab61efb011668930b5964c9bdd412718e5736f,"{""alpha"":0.0001,""solver"":""highs""}","[""promised_delivery_days""]",[],66cc2d77e943d8c86206486126228139bfcf2b8dceb79a4918c6983dc0187373,413835bf7ed80de84017bfc00fb3abca23f5b7ce83750cdf405a8ac096472f38,sha256_pickle_protocol_5_fitted_wrapper,,a6d4ea5e457fb16115588bf96c200086a69b750e8b7b7ece1538846a303a71f3,b187add9d353488cbebc63ca4c13b0952335beab4347499cee5aecdb82fe6401
severity,later_evaluation,linear_quantile,linear_quantile,DQ0,DQ0,full,0.9,2018-03,2018-03-01 00:00:00,,2520,1328,4c808a9f45d24b6c3aad7166bb65c4e89a9af4bb25bce0e8c585f59cfe5fc500,5092f5e7034c263ff007ff4a6fab61efb011668930b5964c9bdd412718e5736f,5092f5e7034c263ff007ff4a6fab61efb011668930b5964c9bdd412718e5736f,"{""alpha"":0.01,""solver"":""highs""}","[""promised_delivery_days""]",[],66cc2d77e943d8c86206486126228139bfcf2b8dceb79a4918c6983dc0187373,35657e998116c5998bd7cb381e122c75638698cdae5cd1f4cb21464c6871e987,sha256_pickle_protocol_5_fitted_wrapper,,a6d4ea5e457fb16115588bf96c200086a69b750e8b7b7ece1538846a303a71f3,b187add9d353488cbebc63ca4c13b0952335beab4347499cee5aecdb82fe6401
severity,later_evaluation,linear_quantile,linear_quantile,DQB,DQB,full,0.5,2018-03,2018-03-01 00:00:00,,2520,1328,4c808a9f45d24b6c3aad7166bb65c4e89a9af4bb25bce0e8c585f59cfe5fc500,5092f5e7034c263ff007ff4a6fab61efb011668930b5964c9bdd412718e5736f,5092f5e7034c263ff007ff4a6fab61efb011668930b5964c9bdd412718e5736f,"{""alpha"":0.0001,""solver"":""highs""}","[""promised_delivery_days"",""S1_score"",""S1_log1p_support"",""S1_cold_start"",""S1_posterior_se"",""S1_freshness_days"",""S2_score"",""S2_log1p_support"",""S2_cold_start"",""S2_posterior_se"",""S2_freshness_days"",""R1_score"",""R1_log1p_support"",""R1_cold_start"",""R1_posterior_se"",""R1_freshness_days"",""R2_score"",""R2_log1p_support"",""R2_cold_start"",""R2_posterior_se"",""R2_freshness_days""]",[],a0454aa702bc9350c7e026aecaf277c55a2b1f3ba8cdb7fc41bd7869195f33b0,c08b2bc4bfd31a049f636f21da6c8e0fc8bb2953f906d692e826cffcd2c59486,sha256_pickle_protocol_5_fitted_wrapper,,a6d4ea5e457fb16115588bf96c200086a69b750e8b7b7ece1538846a303a71f3,b187add9d353488cbebc63ca4c13b0952335beab4347499cee5aecdb82fe6401
severity,later_evaluation,linear_quantile,linear_quantile,DQB,DQB,full,0.9,2018-03,2018-03-01 00:00:00,,2520,1328,4c808a9f45d24b6c3aad7166bb65c4e89a9af4bb25bce0e8c585f59cfe5fc500,5092f5e7034c263ff007ff4a6fab61efb011668930b5964c9bdd412718e5736f,5092f5e7034c263ff007ff4a6fab61efb011668930b5964c9bdd412718e5736f,"{""alpha"":0.01,""solver"":""highs""}","[""promised_delivery_days"",""S1_score"",""S1_log1p_support"",""S1_cold_start"",""S1_posterior_se"",""S1_freshness_days"",""S2_score"",""S2_log1p_support"",""S2_cold_start"",""S2_posterior_se"",""S2_freshness_days"",""R1_score"",""R1_log1p_support"",""R1_cold_start"",""R1_posterior_se"",""R1_freshness_days"",""R2_score"",""R2_log1p_support"",""R2_cold_start"",""R2_posterior_se"",""R2_freshness_days""]",[],a0454aa702bc9350c7e026aecaf277c55a2b1f3ba8cdb7fc41bd7869195f33b0,a409f101fa099460fddd169d134bcdac291f2c51be18361292b82eaca7e43c27,sha256_pickle_protocol_5_fitted_wrapper,,a6d4ea5e457fb16115588bf96c200086a69b750e8b7b7ece1538846a303a71f3,b187add9d353488cbebc63ca4c13b0952335beab4347499cee5aecdb82fe6401
severity,later_evaluation,linear_quantile,linear_quantile,DQG,DQG,full,0.5,2018-03,2018-03-01 00:00:00,,2520,1328,4c808a9f45d24b6c3aad7166bb65c4e89a9af4bb25bce0e8c585f59cfe5fc500,5092f5e7034c263ff007ff4a6fab61efb011668930b5964c9bdd412718e5736f,5092f5e7034c263ff007ff4a6fab61efb011668930b5964c9bdd412718e5736f,"{""alpha"":0.0001,""solver"":""highs""}","[""promised_delivery_days"",""R1_score"",""R1_log1p_support"",""R1_cold_start"",""R1_posterior_se"",""R1_freshness_days"",""R2_score"",""R2_log1p_support"",""R2_cold_start"",""R2_posterior_se"",""R2_freshness_days""]",[],55592a9c7809091ef26b0d7746c6992457e035aec9ee88f8469c73ec59a57b49,aea0d8ab535b913381acc1c4b702c65f28b04bfa563eb7da05b6a9d2963db6cd,sha256_pickle_protocol_5_fitted_wrapper,,a6d4ea5e457fb16115588bf96c200086a69b750e8b7b7ece1538846a303a71f3,b187add9d353488cbebc63ca4c13b0952335beab4347499cee5aecdb82fe6401
severity,later_evaluation,linear_quantile,linear_quantile,DQG,DQG,full,0.9,2018-03,2018-03-01 00:00:00,,2520,1328,4c808a9f45d24b6c3aad7166bb65c4e89a9af4bb25bce0e8c585f59cfe5fc500,5092f5e7034c263ff007ff4a6fab61efb011668930b5964c9bdd412718e5736f,5092f5e7034c263ff007ff4a6fab61efb011668930b5964c9bdd412718e5736f,"{""alpha"":0.01,""solver"":""highs""}","[""promised_delivery_days"",""R1_score"",""R1_log1p_support"",""R1_cold_start"",""R1_posterior_se"",""R1_freshness_days"",""R2_score"",""R2_log1p_support"",""R2_cold_start"",""R2_posterior_se"",""R2_freshness_days""]",[],55592a9c7809091ef26b0d7746c6992457e035aec9ee88f8469c73ec59a57b49,7aed502ca3cc80e8fd5fca9e67de9470caee019c0ffaeabd52d916a9b02fc91a,sha256_pickle_protocol_5_fitted_wrapper,,a6d4ea5e457fb16115588bf96c200086a69b750e8b7b7ece1538846a303a71f3,b187add9d353488cbebc63ca4c13b0952335beab4347499cee5aecdb82fe6401
severity,later_evaluation,linear_quantile,linear_quantile,DQS,DQS,full,0.5,2018-03,2018-03-01 00:00:00,,2520,1328,4c808a9f45d24b6c3aad7166bb65c4e89a9af4bb25bce0e8c585f59cfe5fc500,5092f5e7034c263ff007ff4a6fab61efb011668930b5964c9bdd412718e5736f,5092f5e7034c263ff007ff4a6fab61efb011668930b5964c9bdd412718e5736f,"{""alpha"":0.0001,""solver"":""highs""}","[""promised_delivery_days"",""S1_score"",""S1_log1p_support"",""S1_cold_start"",""S1_posterior_se"",""S1_freshness_days"",""S2_score"",""S2_log1p_support"",""S2_cold_start"",""S2_posterior_se"",""S2_freshness_days""]",[],94151faa7df685010a340beef27998ed0590545d3c929a0e725a31e63da5100f,7d57369f9adf2b6e75d0e46d4d77821a6d285c519e65fb37668473fee59579cd,sha256_pickle_protocol_5_fitted_wrapper,,a6d4ea5e457fb16115588bf96c200086a69b750e8b7b7ece1538846a303a71f3,b187add9d353488cbebc63ca4c13b0952335beab4347499cee5aecdb82fe6401
severity,later_evaluation,linear_quantile,linear_quantile,DQS,DQS,full,0.9,2018-03,2018-03-01 00:00:00,,2520,1328,4c808a9f45d24b6c3aad7166bb65c4e89a9af4bb25bce0e8c585f59cfe5fc500,5092f5e7034c263ff007ff4a6fab61efb011668930b5964c9bdd412718e5736f,5092f5e7034c263ff007ff4a6fab61efb011668930b5964c9bdd412718e5736f,"{""alpha"":0.01,""solver"":""highs""}","[""promised_delivery_days"",""S1_score"",""S1_log1p_support"",""S1_cold_start"",""S1_posterior_se"",""S1_freshness_days"",""S2_score"",""S2_log1p_support"",""S2_cold_start"",""S2_posterior_se"",""S2_freshness_days""]",[],94151faa7df685010a340beef27998ed0590545d3c929a0e725a31e63da5100f,1acc56388b7d08f0bb31d59c95cc6263ba90ca2aee3083f6bbf73535ec7ed427,sha256_pickle_protocol_5_fitted_wrapper,,a6d4ea5e457fb16115588bf96c200086a69b750e8b7b7ece1538846a303a71f3,b187add9d353488cbebc63ca4c13b0952335beab4347499cee5aecdb82fe6401
severity,later_evaluation,xgboost_quantile,xgboost_quantile,DQ0,DQ0,full,0.5,2018-03,2018-03-01 00:00:00,,2520,1328,4c808a9f45d24b6c3aad7166bb65c4e89a9af4bb25bce0e8c585f59cfe5fc500,5092f5e7034c263ff007ff4a6fab61efb011668930b5964c9bdd412718e5736f,5092f5e7034c263ff007ff4a6fab61efb011668930b5964c9bdd412718e5736f,"{""colsample_bytree"":0.8,""eval_metric"":""quantile"",""learning_rate"":0.03,""max_depth"":3,""min_child_weight"":5.0,""n_estimators"":1,""n_jobs"":4,""objective"":""reg:quantileerror"",""quantile_alpha"":0.5,""random_state"":20260823,""reg_alpha"":0.0,""reg_lambda"":1.0,""subsample"":0.8,""tree_method"":""hist""}","[""promised_delivery_days""]",[],66cc2d77e943d8c86206486126228139bfcf2b8dceb79a4918c6983dc0187373,b1580e3856dea575521fd35c5bac2c34640cc14808cf686ccd73af21aaba7abd,sha256_pickle_protocol_5_fitted_wrapper,,a6d4ea5e457fb16115588bf96c200086a69b750e8b7b7ece1538846a303a71f3,b187add9d353488cbebc63ca4c13b0952335beab4347499cee5aecdb82fe6401
severity,later_evaluation,xgboost_quantile,xgboost_quantile,DQ0,DQ0,full,0.9,2018-03,2018-03-01 00:00:00,,2520,1328,4c808a9f45d24b6c3aad7166bb65c4e89a9af4bb25bce0e8c585f59cfe5fc500,5092f5e7034c263ff007ff4a6fab61efb011668930b5964c9bdd412718e5736f,5092f5e7034c263ff007ff4a6fab61efb011668930b5964c9bdd412718e5736f,"{""colsample_bytree"":0.8,""eval_metric"":""quantile"",""learning_rate"":0.03,""max_depth"":3,""min_child_weight"":5.0,""n_estimators"":5,""n_jobs"":4,""objective"":""reg:quantileerror"",""quantile_alpha"":0.9,""random_state"":20260823,""reg_alpha"":0.0,""reg_lambda"":1.0,""subsample"":0.8,""tree_method"":""hist""}","[""promised_delivery_days""]",[],66cc2d77e943d8c86206486126228139bfcf2b8dceb79a4918c6983dc0187373,25b2bb67b1f7c237a492799b8d4aac1603ba2539fbfe369e42472082f721ddf0,sha256_pickle_protocol_5_fitted_wrapper,,a6d4ea5e457fb16115588bf96c200086a69b750e8b7b7ece1538846a303a71f3,b187add9d353488cbebc63ca4c13b0952335beab4347499cee5aecdb82fe6401
severity,later_evaluation,xgboost_quantile,xgboost_quantile,DQB,DQB,full,0.5,2018-03,2018-03-01 00:00:00,,2520,1328,4c808a9f45d24b6c3aad7166bb65c4e89a9af4bb25bce0e8c585f59cfe5fc500,5092f5e7034c263ff007ff4a6fab61efb011668930b5964c9bdd412718e5736f,5092f5e7034c263ff007ff4a6fab61efb011668930b5964c9bdd412718e5736f,"{""colsample_bytree"":0.8,""eval_metric"":""quantile"",""learning_rate"":0.03,""max_depth"":3,""min_child_weight"":5.0,""n_estimators"":1,""n_jobs"":4,""objective"":""reg:quantileerror"",""quantile_alpha"":0.5,""random_state"":20260823,""reg_alpha"":0.0,""reg_lambda"":1.0,""subsample"":0.8,""tree_method"":""hist""}","[""promised_delivery_days"",""S1_score"",""S1_log1p_support"",""S1_cold_start"",""S1_posterior_se"",""S1_freshness_days"",""S2_score"",""S2_log1p_support"",""S2_cold_start"",""S2_posterior_se"",""S2_freshness_days"",""R1_score"",""R1_log1p_support"",""R1_cold_start"",""R1_posterior_se"",""R1_freshness_days"",""R2_score"",""R2_log1p_support"",""R2_cold_start"",""R2_posterior_se"",""R2_freshness_days""]",[],a0454aa702bc9350c7e026aecaf277c55a2b1f3ba8cdb7fc41bd7869195f33b0,f4261db97c452e33e753a873a51f100ed50a2e93a25b0ffb7ce02a657d20b5d2,sha256_pickle_protocol_5_fitted_wrapper,,a6d4ea5e457fb16115588bf96c200086a69b750e8b7b7ece1538846a303a71f3,b187add9d353488cbebc63ca4c13b0952335beab4347499cee5aecdb82fe6401
severity,later_evaluation,xgboost_quantile,xgboost_quantile,DQB,DQB,full,0.9,2018-03,2018-03-01 00:00:00,,2520,1328,4c808a9f45d24b6c3aad7166bb65c4e89a9af4bb25bce0e8c585f59cfe5fc500,5092f5e7034c263ff007ff4a6fab61efb011668930b5964c9bdd412718e5736f,5092f5e7034c263ff007ff4a6fab61efb011668930b5964c9bdd412718e5736f,"{""colsample_bytree"":0.8,""eval_metric"":""quantile"",""learning_rate"":0.03,""max_depth"":3,""min_child_weight"":5.0,""n_estimators"":5,""n_jobs"":4,""objective"":""reg:quantileerror"",""quantile_alpha"":0.9,""random_state"":20260823,""reg_alpha"":0.0,""reg_lambda"":1.0,""subsample"":0.8,""tree_method"":""hist""}","[""promised_delivery_days"",""S1_score"",""S1_log1p_support"",""S1_cold_start"",""S1_posterior_se"",""S1_freshness_days"",""S2_score"",""S2_log1p_support"",""S2_cold_start"",""S2_posterior_se"",""S2_freshness_days"",""R1_score"",""R1_log1p_support"",""R1_cold_start"",""R1_posterior_se"",""R1_freshness_days"",""R2_score"",""R2_log1p_support"",""R2_cold_start"",""R2_posterior_se"",""R2_freshness_days""]",[],a0454aa702bc9350c7e026aecaf277c55a2b1f3ba8cdb7fc41bd7869195f33b0,eb82cc9506403d0d08d70c6632b047c280afd5c388c536c30f3f42d2966b1620,sha256_pickle_protocol_5_fitted_wrapper,,a6d4ea5e457fb16115588bf96c200086a69b750e8b7b7ece1538846a303a71f3,b187add9d353488cbebc63ca4c13b0952335beab4347499cee5aecdb82fe6401
severity,later_evaluation,xgboost_quantile,xgboost_quantile,DQG,DQG,full,0.5,2018-03,2018-03-01 00:00:00,,2520,1328,4c808a9f45d24b6c3aad7166bb65c4e89a9af4bb25bce0e8c585f59cfe5fc500,5092f5e7034c263ff007ff4a6fab61efb011668930b5964c9bdd412718e5736f,5092f5e7034c263ff007ff4a6fab61efb011668930b5964c9bdd412718e5736f,"{""colsample_bytree"":0.8,""eval_metric"":""quantile"",""learning_rate"":0.03,""max_depth"":3,""min_child_weight"":5.0,""n_estimators"":1,""n_jobs"":4,""objective"":""reg:quantileerror"",""quantile_alpha"":0.5,""random_state"":20260823,""reg_alpha"":0.0,""reg_lambda"":1.0,""subsample"":0.8,""tree_method"":""hist""}","[""promised_delivery_days"",""R1_score"",""R1_log1p_support"",""R1_cold_start"",""R1_posterior_se"",""R1_freshness_days"",""R2_score"",""R2_log1p_support"",""R2_cold_start"",""R2_posterior_se"",""R2_freshness_days""]",[],55592a9c7809091ef26b0d7746c6992457e035aec9ee88f8469c73ec59a57b49,955863221c4ccf7b5553f4aa6f77b1ed492f889d419aeca14877193888e6336b,sha256_pickle_protocol_5_fitted_wrapper,,a6d4ea5e457fb16115588bf96c200086a69b750e8b7b7ece1538846a303a71f3,b187add9d353488cbebc63ca4c13b0952335beab4347499cee5aecdb82fe6401
severity,later_evaluation,xgboost_quantile,xgboost_quantile,DQG,DQG,full,0.9,2018-03,2018-03-01 00:00:00,,2520,1328,4c808a9f45d24b6c3aad7166bb65c4e89a9af4bb25bce0e8c585f59cfe5fc500,5092f5e7034c263ff007ff4a6fab61efb011668930b5964c9bdd412718e5736f,5092f5e7034c263ff007ff4a6fab61efb011668930b5964c9bdd412718e5736f,"{""colsample_bytree"":0.8,""eval_metric"":""quantile"",""learning_rate"":0.03,""max_depth"":3,""min_child_weight"":5.0,""n_estimators"":5,""n_jobs"":4,""objective"":""reg:quantileerror"",""quantile_alpha"":0.9,""random_state"":20260823,""reg_alpha"":0.0,""reg_lambda"":1.0,""subsample"":0.8,""tree_method"":""hist""}","[""promised_delivery_days"",""R1_score"",""R1_log1p_support"",""R1_cold_start"",""R1_posterior_se"",""R1_freshness_days"",""R2_score"",""R2_log1p_support"",""R2_cold_start"",""R2_posterior_se"",""R2_freshness_days""]",[],55592a9c7809091ef26b0d7746c6992457e035aec9ee88f8469c73ec59a57b49,a9178986ce9a1762e451e3629547d0b279b06210a7feb6b778e9efc53cf11111,sha256_pickle_protocol_5_fitted_wrapper,,a6d4ea5e457fb16115588bf96c200086a69b750e8b7b7ece1538846a303a71f3,b187add9d353488cbebc63ca4c13b0952335beab4347499cee5aecdb82fe6401
severity,later_evaluation,xgboost_quantile,xgboost_quantile,DQS,DQS,full,0.5,2018-03,2018-03-01 00:00:00,,2520,1328,4c808a9f45d24b6c3aad7166bb65c4e89a9af4bb25bce0e8c585f59cfe5fc500,5092f5e7034c263ff007ff4a6fab61efb011668930b5964c9bdd412718e5736f,5092f5e7034c263ff007ff4a6fab61efb011668930b5964c9bdd412718e5736f,"{""colsample_bytree"":0.8,""eval_metric"":""quantile"",""learning_rate"":0.03,""max_depth"":3,""min_child_weight"":5.0,""n_estimators"":1,""n_jobs"":4,""objective"":""reg:quantileerror"",""quantile_alpha"":0.5,""random_state"":20260823,""reg_alpha"":0.0,""reg_lambda"":1.0,""subsample"":0.8,""tree_method"":""hist""}","[""promised_delivery_days"",""S1_score"",""S1_log1p_support"",""S1_cold_start"",""S1_posterior_se"",""S1_freshness_days"",""S2_score"",""S2_log1p_support"",""S2_cold_start"",""S2_posterior_se"",""S2_freshness_days""]",[],94151faa7df685010a340beef27998ed0590545d3c929a0e725a31e63da5100f,032fe63bda2242b0f0c0624ad6a9e9d2ea85d0da207add4aea9e6b8608c9ee5e,sha256_pickle_protocol_5_fitted_wrapper,,a6d4ea5e457fb16115588bf96c200086a69b750e8b7b7ece1538846a303a71f3,b187add9d353488cbebc63ca4c13b0952335beab4347499cee5aecdb82fe6401
severity,later_evaluation,xgboost_quantile,xgboost_quantile,DQS,DQS,full,0.9,2018-03,2018-03-01 00:00:00,,2520,1328,4c808a9f45d24b6c3aad7166bb65c4e89a9af4bb25bce0e8c585f59cfe5fc500,5092f5e7034c263ff007ff4a6fab61efb011668930b5964c9bdd412718e5736f,5092f5e7034c263ff007ff4a6fab61efb011668930b5964c9bdd412718e5736f,"{""colsample_bytree"":0.8,""eval_metric"":""quantile"",""learning_rate"":0.03,""max_depth"":3,""min_child_weight"":5.0,""n_estimators"":5,""n_jobs"":4,""objective"":""reg:quantileerror"",""quantile_alpha"":0.9,""random_state"":20260823,""reg_alpha"":0.0,""reg_lambda"":1.0,""subsample"":0.8,""tree_method"":""hist""}","[""promised_delivery_days"",""S1_score"",""S1_log1p_support"",""S1_cold_start"",""S1_posterior_se"",""S1_freshness_days"",""S2_score"",""S2_log1p_support"",""S2_cold_start"",""S2_posterior_se"",""S2_freshness_days""]",[],94151faa7df685010a340beef27998ed0590545d3c929a0e725a31e63da5100f,c6ac81016e725c31153cf0e97a654c222fa7fd877d42cf266db54ffa1586213f,sha256_pickle_protocol_5_fitted_wrapper,,a6d4ea5e457fb16115588bf96c200086a69b750e8b7b7ece1538846a303a71f3,b187add9d353488cbebc63ca4c13b0952335beab4347499cee5aecdb82fe6401
severity,later_evaluation,linear_quantile,linear_quantile,DQ0,DQ0,full,0.5,2018-04,2018-04-01 00:00:00,,3417,306,c696c0bce90953fd287abfc368108f2b27970021239d0944fd1066180bd245e0,f70654d8c209bccbb417414da1c2ceea047caa7f2467d1ed8101efa66eb66fd9,f70654d8c209bccbb417414da1c2ceea047caa7f2467d1ed8101efa66eb66fd9,"{""alpha"":0.0001,""solver"":""highs""}","[""promised_delivery_days""]",[],66cc2d77e943d8c86206486126228139bfcf2b8dceb79a4918c6983dc0187373,688ebdc6839321baa0ca9036ed619362048c5a1194f002da59ae216e9ceda47f,sha256_pickle_protocol_5_fitted_wrapper,,a6d4ea5e457fb16115588bf96c200086a69b750e8b7b7ece1538846a303a71f3,b187add9d353488cbebc63ca4c13b0952335beab4347499cee5aecdb82fe6401
severity,later_evaluation,linear_quantile,linear_quantile,DQ0,DQ0,full,0.9,2018-04,2018-04-01 00:00:00,,3417,306,c696c0bce90953fd287abfc368108f2b27970021239d0944fd1066180bd245e0,f70654d8c209bccbb417414da1c2ceea047caa7f2467d1ed8101efa66eb66fd9,f70654d8c209bccbb417414da1c2ceea047caa7f2467d1ed8101efa66eb66fd9,"{""alpha"":0.01,""solver"":""highs""}","[""promised_delivery_days""]",[],66cc2d77e943d8c86206486126228139bfcf2b8dceb79a4918c6983dc0187373,acdc5cfd2f30f5086f637f58cfb96b0adc0476ca0f357ac38f95b46f907cca3f,sha256_pickle_protocol_5_fitted_wrapper,,a6d4ea5e457fb16115588bf96c200086a69b750e8b7b7ece1538846a303a71f3,b187add9d353488cbebc63ca4c13b0952335beab4347499cee5aecdb82fe6401
severity,later_evaluation,linear_quantile,linear_quantile,DQB,DQB,full,0.5,2018-04,2018-04-01 00:00:00,,3417,306,c696c0bce90953fd287abfc368108f2b27970021239d0944fd1066180bd245e0,f70654d8c209bccbb417414da1c2ceea047caa7f2467d1ed8101efa66eb66fd9,f70654d8c209bccbb417414da1c2ceea047caa7f2467d1ed8101efa66eb66fd9,"{""alpha"":0.0001,""solver"":""highs""}","[""promised_delivery_days"",""S1_score"",""S1_log1p_support"",""S1_cold_start"",""S1_posterior_se"",""S1_freshness_days"",""S2_score"",""S2_log1p_support"",""S2_cold_start"",""S2_posterior_se"",""S2_freshness_days"",""R1_score"",""R1_log1p_support"",""R1_cold_start"",""R1_posterior_se"",""R1_freshness_days"",""R2_score"",""R2_log1p_support"",""R2_cold_start"",""R2_posterior_se"",""R2_freshness_days""]",[],a0454aa702bc9350c7e026aecaf277c55a2b1f3ba8cdb7fc41bd7869195f33b0,bf3fbb79ef1136f8e0355095697a68493c1df441c1b5fd4bf2fd61089d8608ca,sha256_pickle_protocol_5_fitted_wrapper,,a6d4ea5e457fb16115588bf96c200086a69b750e8b7b7ece1538846a303a71f3,b187add9d353488cbebc63ca4c13b0952335beab4347499cee5aecdb82fe6401
severity,later_evaluation,linear_quantile,linear_quantile,DQB,DQB,full,0.9,2018-04,2018-04-01 00:00:00,,3417,306,c696c0bce90953fd287abfc368108f2b27970021239d0944fd1066180bd245e0,f70654d8c209bccbb417414da1c2ceea047caa7f2467d1ed8101efa66eb66fd9,f70654d8c209bccbb417414da1c2ceea047caa7f2467d1ed8101efa66eb66fd9,"{""alpha"":0.01,""solver"":""highs""}","[""promised_delivery_days"",""S1_score"",""S1_log1p_support"",""S1_cold_start"",""S1_posterior_se"",""S1_freshness_days"",""S2_score"",""S2_log1p_support"",""S2_cold_start"",""S2_posterior_se"",""S2_freshness_days"",""R1_score"",""R1_log1p_support"",""R1_cold_start"",""R1_posterior_se"",""R1_freshness_days"",""R2_score"",""R2_log1p_support"",""R2_cold_start"",""R2_posterior_se"",""R2_freshness_days""]",[],a0454aa702bc9350c7e026aecaf277c55a2b1f3ba8cdb7fc41bd7869195f33b0,1b2bb9d4b79cd65a19cf5421df11ceed2e6897b4135bff693311b80417d588fc,sha256_pickle_protocol_5_fitted_wrapper,,a6d4ea5e457fb16115588bf96c200086a69b750e8b7b7ece1538846a303a71f3,b187add9d353488cbebc63ca4c13b0952335beab4347499cee5aecdb82fe6401
severity,later_evaluation,linear_quantile,linear_quantile,DQG,DQG,full,0.5,2018-04,2018-04-01 00:00:00,,3417,306,c696c0bce90953fd287abfc368108f2b27970021239d0944fd1066180bd245e0,f70654d8c209bccbb417414da1c2ceea047caa7f2467d1ed8101efa66eb66fd9,f70654d8c209bccbb417414da1c2ceea047caa7f2467d1ed8101efa66eb66fd9,"{""alpha"":0.0001,""solver"":""highs""}","[""promised_delivery_days"",""R1_score"",""R1_log1p_support"",""R1_cold_start"",""R1_posterior_se"",""R1_freshness_days"",""R2_score"",""R2_log1p_support"",""R2_cold_start"",""R2_posterior_se"",""R2_freshness_days""]",[],55592a9c7809091ef26b0d7746c6992457e035aec9ee88f8469c73ec59a57b49,74b7aa09f55067ff16e5a264f3f2934ebf745f4b8b5a952b39089caa2b62b375,sha256_pickle_protocol_5_fitted_wrapper,,a6d4ea5e457fb16115588bf96c200086a69b750e8b7b7ece1538846a303a71f3,b187add9d353488cbebc63ca4c13b0952335beab4347499cee5aecdb82fe6401
severity,later_evaluation,linear_quantile,linear_quantile,DQG,DQG,full,0.9,2018-04,2018-04-01 00:00:00,,3417,306,c696c0bce90953fd287abfc368108f2b27970021239d0944fd1066180bd245e0,f70654d8c209bccbb417414da1c2ceea047caa7f2467d1ed8101efa66eb66fd9,f70654d8c209bccbb417414da1c2ceea047caa7f2467d1ed8101efa66eb66fd9,"{""alpha"":0.01,""solver"":""highs""}","[""promised_delivery_days"",""R1_score"",""R1_log1p_support"",""R1_cold_start"",""R1_posterior_se"",""R1_freshness_days"",""R2_score"",""R2_log1p_support"",""R2_cold_start"",""R2_posterior_se"",""R2_freshness_days""]",[],55592a9c7809091ef26b0d7746c6992457e035aec9ee88f8469c73ec59a57b49,1eb09e38ee31cdc69df412f272cd2d5ed6135c1be0fcf0f6ad399f5d31f8ff72,sha256_pickle_protocol_5_fitted_wrapper,,a6d4ea5e457fb16115588bf96c200086a69b750e8b7b7ece1538846a303a71f3,b187add9d353488cbebc63ca4c13b0952335beab4347499cee5aecdb82fe6401
severity,later_evaluation,linear_quantile,linear_quantile,DQS,DQS,full,0.5,2018-04,2018-04-01 00:00:00,,3417,306,c696c0bce90953fd287abfc368108f2b27970021239d0944fd1066180bd245e0,f70654d8c209bccbb417414da1c2ceea047caa7f2467d1ed8101efa66eb66fd9,f70654d8c209bccbb417414da1c2ceea047caa7f2467d1ed8101efa66eb66fd9,"{""alpha"":0.0001,""solver"":""highs""}","[""promised_delivery_days"",""S1_score"",""S1_log1p_support"",""S1_cold_start"",""S1_posterior_se"",""S1_freshness_days"",""S2_score"",""S2_log1p_support"",""S2_cold_start"",""S2_posterior_se"",""S2_freshness_days""]",[],94151faa7df685010a340beef27998ed0590545d3c929a0e725a31e63da5100f,3e512af4132763872cc59c82d6fd22db8a0c8ca42f227848b6ac0c6c5925b02d,sha256_pickle_protocol_5_fitted_wrapper,,a6d4ea5e457fb16115588bf96c200086a69b750e8b7b7ece1538846a303a71f3,b187add9d353488cbebc63ca4c13b0952335beab4347499cee5aecdb82fe6401
severity,later_evaluation,linear_quantile,linear_quantile,DQS,DQS,full,0.9,2018-04,2018-04-01 00:00:00,,3417,306,c696c0bce90953fd287abfc368108f2b27970021239d0944fd1066180bd245e0,f70654d8c209bccbb417414da1c2ceea047caa7f2467d1ed8101efa66eb66fd9,f70654d8c209bccbb417414da1c2ceea047caa7f2467d1ed8101efa66eb66fd9,"{""alpha"":0.01,""solver"":""highs""}","[""promised_delivery_days"",""S1_score"",""S1_log1p_support"",""S1_cold_start"",""S1_posterior_se"",""S1_freshness_days"",""S2_score"",""S2_log1p_support"",""S2_cold_start"",""S2_posterior_se"",""S2_freshness_days""]",[],94151faa7df685010a340beef27998ed0590545d3c929a0e725a31e63da5100f,f0207870696c506cbbf7835e402f4099f544761887e9a007e9e186dca33841f0,sha256_pickle_protocol_5_fitted_wrapper,,a6d4ea5e457fb16115588bf96c200086a69b750e8b7b7ece1538846a303a71f3,b187add9d353488cbebc63ca4c13b0952335beab4347499cee5aecdb82fe6401
severity,later_evaluation,xgboost_quantile,xgboost_quantile,DQ0,DQ0,full,0.5,2018-04,2018-04-01 00:00:00,,3417,306,c696c0bce90953fd287abfc368108f2b27970021239d0944fd1066180bd245e0,f70654d8c209bccbb417414da1c2ceea047caa7f2467d1ed8101efa66eb66fd9,f70654d8c209bccbb417414da1c2ceea047caa7f2467d1ed8101efa66eb66fd9,"{""colsample_bytree"":0.8,""eval_metric"":""quantile"",""learning_rate"":0.03,""max_depth"":3,""min_child_weight"":5.0,""n_estimators"":1,""n_jobs"":4,""objective"":""reg:quantileerror"",""quantile_alpha"":0.5,""random_state"":20260823,""reg_alpha"":0.0,""reg_lambda"":1.0,""subsample"":0.8,""tree_method"":""hist""}","[""promised_delivery_days""]",[],66cc2d77e943d8c86206486126228139bfcf2b8dceb79a4918c6983dc0187373,973fefef613e368fb2cd882a49cd4fc6534b584a24ccd1f21c6543236f61d970,sha256_pickle_protocol_5_fitted_wrapper,,a6d4ea5e457fb16115588bf96c200086a69b750e8b7b7ece1538846a303a71f3,b187add9d353488cbebc63ca4c13b0952335beab4347499cee5aecdb82fe6401
severity,later_evaluation,xgboost_quantile,xgboost_quantile,DQ0,DQ0,full,0.9,2018-04,2018-04-01 00:00:00,,3417,306,c696c0bce90953fd287abfc368108f2b27970021239d0944fd1066180bd245e0,f70654d8c209bccbb417414da1c2ceea047caa7f2467d1ed8101efa66eb66fd9,f70654d8c209bccbb417414da1c2ceea047caa7f2467d1ed8101efa66eb66fd9,"{""colsample_bytree"":0.8,""eval_metric"":""quantile"",""learning_rate"":0.03,""max_depth"":3,""min_child_weight"":5.0,""n_estimators"":5,""n_jobs"":4,""objective"":""reg:quantileerror"",""quantile_alpha"":0.9,""random_state"":20260823,""reg_alpha"":0.0,""reg_lambda"":1.0,""subsample"":0.8,""tree_method"":""hist""}","[""promised_delivery_days""]",[],66cc2d77e943d8c86206486126228139bfcf2b8dceb79a4918c6983dc0187373,6b97b113bdb97c9ee564d150fcb2f1c0ca4475df732d6b887dc4a6327317ae7d,sha256_pickle_protocol_5_fitted_wrapper,,a6d4ea5e457fb16115588bf96c200086a69b750e8b7b7ece1538846a303a71f3,b187add9d353488cbebc63ca4c13b0952335beab4347499cee5aecdb82fe6401
severity,later_evaluation,xgboost_quantile,xgboost_quantile,DQB,DQB,full,0.5,2018-04,2018-04-01 00:00:00,,3417,306,c696c0bce90953fd287abfc368108f2b27970021239d0944fd1066180bd245e0,f70654d8c209bccbb417414da1c2ceea047caa7f2467d1ed8101efa66eb66fd9,f70654d8c209bccbb417414da1c2ceea047caa7f2467d1ed8101efa66eb66fd9,"{""colsample_bytree"":0.8,""eval_metric"":""quantile"",""learning_rate"":0.03,""max_depth"":3,""min_child_weight"":5.0,""n_estimators"":1,""n_jobs"":4,""objective"":""reg:quantileerror"",""quantile_alpha"":0.5,""random_state"":20260823,""reg_alpha"":0.0,""reg_lambda"":1.0,""subsample"":0.8,""tree_method"":""hist""}","[""promised_delivery_days"",""S1_score"",""S1_log1p_support"",""S1_cold_start"",""S1_posterior_se"",""S1_freshness_days"",""S2_score"",""S2_log1p_support"",""S2_cold_start"",""S2_posterior_se"",""S2_freshness_days"",""R1_score"",""R1_log1p_support"",""R1_cold_start"",""R1_posterior_se"",""R1_freshness_days"",""R2_score"",""R2_log1p_support"",""R2_cold_start"",""R2_posterior_se"",""R2_freshness_days""]",[],a0454aa702bc9350c7e026aecaf277c55a2b1f3ba8cdb7fc41bd7869195f33b0,e30597919f30026062a311dba5297cf98e4b7f40530fdbca6c56672e009646cb,sha256_pickle_protocol_5_fitted_wrapper,,a6d4ea5e457fb16115588bf96c200086a69b750e8b7b7ece1538846a303a71f3,b187add9d353488cbebc63ca4c13b0952335beab4347499cee5aecdb82fe6401
severity,later_evaluation,xgboost_quantile,xgboost_quantile,DQB,DQB,full,0.9,2018-04,2018-04-01 00:00:00,,3417,306,c696c0bce90953fd287abfc368108f2b27970021239d0944fd1066180bd245e0,f70654d8c209bccbb417414da1c2ceea047caa7f2467d1ed8101efa66eb66fd9,f70654d8c209bccbb417414da1c2ceea047caa7f2467d1ed8101efa66eb66fd9,"{""colsample_bytree"":0.8,""eval_metric"":""quantile"",""learning_rate"":0.03,""max_depth"":3,""min_child_weight"":5.0,""n_estimators"":5,""n_jobs"":4,""objective"":""reg:quantileerror"",""quantile_alpha"":0.9,""random_state"":20260823,""reg_alpha"":0.0,""reg_lambda"":1.0,""subsample"":0.8,""tree_method"":""hist""}","[""promised_delivery_days"",""S1_score"",""S1_log1p_support"",""S1_cold_start"",""S1_posterior_se"",""S1_freshness_days"",""S2_score"",""S2_log1p_support"",""S2_cold_start"",""S2_posterior_se"",""S2_freshness_days"",""R1_score"",""R1_log1p_support"",""R1_cold_start"",""R1_posterior_se"",""R1_freshness_days"",""R2_score"",""R2_log1p_support"",""R2_cold_start"",""R2_posterior_se"",""R2_freshness_days""]",[],a0454aa702bc9350c7e026aecaf277c55a2b1f3ba8cdb7fc41bd7869195f33b0,a5cbd19f8462073982cfab507e28275d889e809114536f078cd885a7bbe95e16,sha256_pickle_protocol_5_fitted_wrapper,,a6d4ea5e457fb16115588bf96c200086a69b750e8b7b7ece1538846a303a71f3,b187add9d353488cbebc63ca4c13b0952335beab4347499cee5aecdb82fe6401
severity,later_evaluation,xgboost_quantile,xgboost_quantile,DQG,DQG,full,0.5,2018-04,2018-04-01 00:00:00,,3417,306,c696c0bce90953fd287abfc368108f2b27970021239d0944fd1066180bd245e0,f70654d8c209bccbb417414da1c2ceea047caa7f2467d1ed8101efa66eb66fd9,f70654d8c209bccbb417414da1c2ceea047caa7f2467d1ed8101efa66eb66fd9,"{""colsample_bytree"":0.8,""eval_metric"":""quantile"",""learning_rate"":0.03,""max_depth"":3,""min_child_weight"":5.0,""n_estimators"":1,""n_jobs"":4,""objective"":""reg:quantileerror"",""quantile_alpha"":0.5,""random_state"":20260823,""reg_alpha"":0.0,""reg_lambda"":1.0,""subsample"":0.8,""tree_method"":""hist""}","[""promised_delivery_days"",""R1_score"",""R1_log1p_support"",""R1_cold_start"",""R1_posterior_se"",""R1_freshness_days"",""R2_score"",""R2_log1p_support"",""R2_cold_start"",""R2_posterior_se"",""R2_freshness_days""]",[],55592a9c7809091ef26b0d7746c6992457e035aec9ee88f8469c73ec59a57b49,dada9c224cdb36d90bc516491e73b2e3e278851c0529ee90cbb79ade142401a5,sha256_pickle_protocol_5_fitted_wrapper,,a6d4ea5e457fb16115588bf96c200086a69b750e8b7b7ece1538846a303a71f3,b187add9d353488cbebc63ca4c13b0952335beab4347499cee5aecdb82fe6401
severity,later_evaluation,xgboost_quantile,xgboost_quantile,DQG,DQG,full,0.9,2018-04,2018-04-01 00:00:00,,3417,306,c696c0bce90953fd287abfc368108f2b27970021239d0944fd1066180bd245e0,f70654d8c209bccbb417414da1c2ceea047caa7f2467d1ed8101efa66eb66fd9,f70654d8c209bccbb417414da1c2ceea047caa7f2467d1ed8101efa66eb66fd9,"{""colsample_bytree"":0.8,""eval_metric"":""quantile"",""learning_rate"":0.03,""max_depth"":3,""min_child_weight"":5.0,""n_estimators"":5,""n_jobs"":4,""objective"":""reg:quantileerror"",""quantile_alpha"":0.9,""random_state"":20260823,""reg_alpha"":0.0,""reg_lambda"":1.0,""subsample"":0.8,""tree_method"":""hist""}","[""promised_delivery_days"",""R1_score"",""R1_log1p_support"",""R1_cold_start"",""R1_posterior_se"",""R1_freshness_days"",""R2_score"",""R2_log1p_support"",""R2_cold_start"",""R2_posterior_se"",""R2_freshness_days""]",[],55592a9c7809091ef26b0d7746c6992457e035aec9ee88f8469c73ec59a57b49,798c85fa3c1f40f6afeb3ec3147d41692494ec73dd2afc861014d79f5b15e310,sha256_pickle_protocol_5_fitted_wrapper,,a6d4ea5e457fb16115588bf96c200086a69b750e8b7b7ece1538846a303a71f3,b187add9d353488cbebc63ca4c13b0952335beab4347499cee5aecdb82fe6401
severity,later_evaluation,xgboost_quantile,xgboost_quantile,DQS,DQS,full,0.5,2018-04,2018-04-01 00:00:00,,3417,306,c696c0bce90953fd287abfc368108f2b27970021239d0944fd1066180bd245e0,f70654d8c209bccbb417414da1c2ceea047caa7f2467d1ed8101efa66eb66fd9,f70654d8c209bccbb417414da1c2ceea047caa7f2467d1ed8101efa66eb66fd9,"{""colsample_bytree"":0.8,""eval_metric"":""quantile"",""learning_rate"":0.03,""max_depth"":3,""min_child_weight"":5.0,""n_estimators"":1,""n_jobs"":4,""objective"":""reg:quantileerror"",""quantile_alpha"":0.5,""random_state"":20260823,""reg_alpha"":0.0,""reg_lambda"":1.0,""subsample"":0.8,""tree_method"":""hist""}","[""promised_delivery_days"",""S1_score"",""S1_log1p_support"",""S1_cold_start"",""S1_posterior_se"",""S1_freshness_days"",""S2_score"",""S2_log1p_support"",""S2_cold_start"",""S2_posterior_se"",""S2_freshness_days""]",[],94151faa7df685010a340beef27998ed0590545d3c929a0e725a31e63da5100f,d681bcead0b9be851d44ed7d8858e1cc4bc74542829d95527c36fee72eff7a8b,sha256_pickle_protocol_5_fitted_wrapper,,a6d4ea5e457fb16115588bf96c200086a69b750e8b7b7ece1538846a303a71f3,b187add9d353488cbebc63ca4c13b0952335beab4347499cee5aecdb82fe6401
severity,later_evaluation,xgboost_quantile,xgboost_quantile,DQS,DQS,full,0.9,2018-04,2018-04-01 00:00:00,,3417,306,c696c0bce90953fd287abfc368108f2b27970021239d0944fd1066180bd245e0,f70654d8c209bccbb417414da1c2ceea047caa7f2467d1ed8101efa66eb66fd9,f70654d8c209bccbb417414da1c2ceea047caa7f2467d1ed8101efa66eb66fd9,"{""colsample_bytree"":0.8,""eval_metric"":""quantile"",""learning_rate"":0.03,""max_depth"":3,""min_child_weight"":5.0,""n_estimators"":5,""n_jobs"":4,""objective"":""reg:quantileerror"",""quantile_alpha"":0.9,""random_state"":20260823,""reg_alpha"":0.0,""reg_lambda"":1.0,""subsample"":0.8,""tree_method"":""hist""}","[""promised_delivery_days"",""S1_score"",""S1_log1p_support"",""S1_cold_start"",""S1_posterior_se"",""S1_freshness_days"",""S2_score"",""S2_log1p_support"",""S2_cold_start"",""S2_posterior_se"",""S2_freshness_days""]",[],94151faa7df685010a340beef27998ed0590545d3c929a0e725a31e63da5100f,cabc57878a3bfccb825ba9c5d162484bc5738f91997da20fb3a8d0c6551b747d,sha256_pickle_protocol_5_fitted_wrapper,,a6d4ea5e457fb16115588bf96c200086a69b750e8b7b7ece1538846a303a71f3,b187add9d353488cbebc63ca4c13b0952335beab4347499cee5aecdb82fe6401
severity,later_evaluation,linear_quantile,linear_quantile,DQ0,DQ0,full,0.5,2018-05,2018-05-01 00:00:00,,4757,443,298cf3fd217511ecf0133cec058c1d045fdca37dc5bafb8f5dcc3e3b11d3505e,1e8f737f65d16539c4d5c862ea765abd56a694c2e2362f8b4d7ef7e39e6c770f,1e8f737f65d16539c4d5c862ea765abd56a694c2e2362f8b4d7ef7e39e6c770f,"{""alpha"":0.0001,""solver"":""highs""}","[""promised_delivery_days""]",[],66cc2d77e943d8c86206486126228139bfcf2b8dceb79a4918c6983dc0187373,3af71ce60fa8211c3d1a5773b7357440ecc3259e71cfd95988432d45514ad7dd,sha256_pickle_protocol_5_fitted_wrapper,,a6d4ea5e457fb16115588bf96c200086a69b750e8b7b7ece1538846a303a71f3,b187add9d353488cbebc63ca4c13b0952335beab4347499cee5aecdb82fe6401
severity,later_evaluation,linear_quantile,linear_quantile,DQ0,DQ0,full,0.9,2018-05,2018-05-01 00:00:00,,4757,443,298cf3fd217511ecf0133cec058c1d045fdca37dc5bafb8f5dcc3e3b11d3505e,1e8f737f65d16539c4d5c862ea765abd56a694c2e2362f8b4d7ef7e39e6c770f,1e8f737f65d16539c4d5c862ea765abd56a694c2e2362f8b4d7ef7e39e6c770f,"{""alpha"":0.01,""solver"":""highs""}","[""promised_delivery_days""]",[],66cc2d77e943d8c86206486126228139bfcf2b8dceb79a4918c6983dc0187373,55c7b05e6ce726120f07f0e9ac5f1bbf16799d2002376ae755fd8ee484a20ab6,sha256_pickle_protocol_5_fitted_wrapper,,a6d4ea5e457fb16115588bf96c200086a69b750e8b7b7ece1538846a303a71f3,b187add9d353488cbebc63ca4c13b0952335beab4347499cee5aecdb82fe6401
severity,later_evaluation,linear_quantile,linear_quantile,DQB,DQB,full,0.5,2018-05,2018-05-01 00:00:00,,4757,443,298cf3fd217511ecf0133cec058c1d045fdca37dc5bafb8f5dcc3e3b11d3505e,1e8f737f65d16539c4d5c862ea765abd56a694c2e2362f8b4d7ef7e39e6c770f,1e8f737f65d16539c4d5c862ea765abd56a694c2e2362f8b4d7ef7e39e6c770f,"{""alpha"":0.0001,""solver"":""highs""}","[""promised_delivery_days"",""S1_score"",""S1_log1p_support"",""S1_cold_start"",""S1_posterior_se"",""S1_freshness_days"",""S2_score"",""S2_log1p_support"",""S2_cold_start"",""S2_posterior_se"",""S2_freshness_days"",""R1_score"",""R1_log1p_support"",""R1_cold_start"",""R1_posterior_se"",""R1_freshness_days"",""R2_score"",""R2_log1p_support"",""R2_cold_start"",""R2_posterior_se"",""R2_freshness_days""]",[],a0454aa702bc9350c7e026aecaf277c55a2b1f3ba8cdb7fc41bd7869195f33b0,6225337392d548b2795e18dfc32466a6dbdb45a43c7d69bbda9aa07be871590a,sha256_pickle_protocol_5_fitted_wrapper,,a6d4ea5e457fb16115588bf96c200086a69b750e8b7b7ece1538846a303a71f3,b187add9d353488cbebc63ca4c13b0952335beab4347499cee5aecdb82fe6401
severity,later_evaluation,linear_quantile,linear_quantile,DQB,DQB,full,0.9,2018-05,2018-05-01 00:00:00,,4757,443,298cf3fd217511ecf0133cec058c1d045fdca37dc5bafb8f5dcc3e3b11d3505e,1e8f737f65d16539c4d5c862ea765abd56a694c2e2362f8b4d7ef7e39e6c770f,1e8f737f65d16539c4d5c862ea765abd56a694c2e2362f8b4d7ef7e39e6c770f,"{""alpha"":0.01,""solver"":""highs""}","[""promised_delivery_days"",""S1_score"",""S1_log1p_support"",""S1_cold_start"",""S1_posterior_se"",""S1_freshness_days"",""S2_score"",""S2_log1p_support"",""S2_cold_start"",""S2_posterior_se"",""S2_freshness_days"",""R1_score"",""R1_log1p_support"",""R1_cold_start"",""R1_posterior_se"",""R1_freshness_days"",""R2_score"",""R2_log1p_support"",""R2_cold_start"",""R2_posterior_se"",""R2_freshness_days""]",[],a0454aa702bc9350c7e026aecaf277c55a2b1f3ba8cdb7fc41bd7869195f33b0,ddd7ed8882ad752f3535101c887964b8077f5e4ddb418434b5067b749a83ad75,sha256_pickle_protocol_5_fitted_wrapper,,a6d4ea5e457fb16115588bf96c200086a69b750e8b7b7ece1538846a303a71f3,b187add9d353488cbebc63ca4c13b0952335beab4347499cee5aecdb82fe6401
severity,later_evaluation,linear_quantile,linear_quantile,DQG,DQG,full,0.5,2018-05,2018-05-01 00:00:00,,4757,443,298cf3fd217511ecf0133cec058c1d045fdca37dc5bafb8f5dcc3e3b11d3505e,1e8f737f65d16539c4d5c862ea765abd56a694c2e2362f8b4d7ef7e39e6c770f,1e8f737f65d16539c4d5c862ea765abd56a694c2e2362f8b4d7ef7e39e6c770f,"{""alpha"":0.0001,""solver"":""highs""}","[""promised_delivery_days"",""R1_score"",""R1_log1p_support"",""R1_cold_start"",""R1_posterior_se"",""R1_freshness_days"",""R2_score"",""R2_log1p_support"",""R2_cold_start"",""R2_posterior_se"",""R2_freshness_days""]",[],55592a9c7809091ef26b0d7746c6992457e035aec9ee88f8469c73ec59a57b49,b132c7212aa203b0126f6142eabddbec69a7a0c8fe4d72c73215c9cc9c71ee7d,sha256_pickle_protocol_5_fitted_wrapper,,a6d4ea5e457fb16115588bf96c200086a69b750e8b7b7ece1538846a303a71f3,b187add9d353488cbebc63ca4c13b0952335beab4347499cee5aecdb82fe6401
severity,later_evaluation,linear_quantile,linear_quantile,DQG,DQG,full,0.9,2018-05,2018-05-01 00:00:00,,4757,443,298cf3fd217511ecf0133cec058c1d045fdca37dc5bafb8f5dcc3e3b11d3505e,1e8f737f65d16539c4d5c862ea765abd56a694c2e2362f8b4d7ef7e39e6c770f,1e8f737f65d16539c4d5c862ea765abd56a694c2e2362f8b4d7ef7e39e6c770f,"{""alpha"":0.01,""solver"":""highs""}","[""promised_delivery_days"",""R1_score"",""R1_log1p_support"",""R1_cold_start"",""R1_posterior_se"",""R1_freshness_days"",""R2_score"",""R2_log1p_support"",""R2_cold_start"",""R2_posterior_se"",""R2_freshness_days""]",[],55592a9c7809091ef26b0d7746c6992457e035aec9ee88f8469c73ec59a57b49,df55acffb0ed8e0e2e427bf7765a68836e5b9a47969f6068f9a01820795b6dd2,sha256_pickle_protocol_5_fitted_wrapper,,a6d4ea5e457fb16115588bf96c200086a69b750e8b7b7ece1538846a303a71f3,b187add9d353488cbebc63ca4c13b0952335beab4347499cee5aecdb82fe6401
severity,later_evaluation,linear_quantile,linear_quantile,DQS,DQS,full,0.5,2018-05,2018-05-01 00:00:00,,4757,443,298cf3fd217511ecf0133cec058c1d045fdca37dc5bafb8f5dcc3e3b11d3505e,1e8f737f65d16539c4d5c862ea765abd56a694c2e2362f8b4d7ef7e39e6c770f,1e8f737f65d16539c4d5c862ea765abd56a694c2e2362f8b4d7ef7e39e6c770f,"{""alpha"":0.0001,""solver"":""highs""}","[""promised_delivery_days"",""S1_score"",""S1_log1p_support"",""S1_cold_start"",""S1_posterior_se"",""S1_freshness_days"",""S2_score"",""S2_log1p_support"",""S2_cold_start"",""S2_posterior_se"",""S2_freshness_days""]",[],94151faa7df685010a340beef27998ed0590545d3c929a0e725a31e63da5100f,d15ce67cfbb2fb1a22c0eafc4746ad4fe30e13e181e410931ceab8509e5e7794,sha256_pickle_protocol_5_fitted_wrapper,,a6d4ea5e457fb16115588bf96c200086a69b750e8b7b7ece1538846a303a71f3,b187add9d353488cbebc63ca4c13b0952335beab4347499cee5aecdb82fe6401
severity,later_evaluation,linear_quantile,linear_quantile,DQS,DQS,full,0.9,2018-05,2018-05-01 00:00:00,,4757,443,298cf3fd217511ecf0133cec058c1d045fdca37dc5bafb8f5dcc3e3b11d3505e,1e8f737f65d16539c4d5c862ea765abd56a694c2e2362f8b4d7ef7e39e6c770f,1e8f737f65d16539c4d5c862ea765abd56a694c2e2362f8b4d7ef7e39e6c770f,"{""alpha"":0.01,""solver"":""highs""}","[""promised_delivery_days"",""S1_score"",""S1_log1p_support"",""S1_cold_start"",""S1_posterior_se"",""S1_freshness_days"",""S2_score"",""S2_log1p_support"",""S2_cold_start"",""S2_posterior_se"",""S2_freshness_days""]",[],94151faa7df685010a340beef27998ed0590545d3c929a0e725a31e63da5100f,3b19bedac06d414a056663e7f8bda6a7b13fb6e46c156763a50974cb73d75d9c,sha256_pickle_protocol_5_fitted_wrapper,,a6d4ea5e457fb16115588bf96c200086a69b750e8b7b7ece1538846a303a71f3,b187add9d353488cbebc63ca4c13b0952335beab4347499cee5aecdb82fe6401
severity,later_evaluation,xgboost_quantile,xgboost_quantile,DQ0,DQ0,full,0.5,2018-05,2018-05-01 00:00:00,,4757,443,298cf3fd217511ecf0133cec058c1d045fdca37dc5bafb8f5dcc3e3b11d3505e,1e8f737f65d16539c4d5c862ea765abd56a694c2e2362f8b4d7ef7e39e6c770f,1e8f737f65d16539c4d5c862ea765abd56a694c2e2362f8b4d7ef7e39e6c770f,"{""colsample_bytree"":0.8,""eval_metric"":""quantile"",""learning_rate"":0.03,""max_depth"":3,""min_child_weight"":5.0,""n_estimators"":1,""n_jobs"":4,""objective"":""reg:quantileerror"",""quantile_alpha"":0.5,""random_state"":20260823,""reg_alpha"":0.0,""reg_lambda"":1.0,""subsample"":0.8,""tree_method"":""hist""}","[""promised_delivery_days""]",[],66cc2d77e943d8c86206486126228139bfcf2b8dceb79a4918c6983dc0187373,9e60c2859707ff3ae9361e06094706fda2e31f3692eb7dbf4dfcbd7628aba899,sha256_pickle_protocol_5_fitted_wrapper,,a6d4ea5e457fb16115588bf96c200086a69b750e8b7b7ece1538846a303a71f3,b187add9d353488cbebc63ca4c13b0952335beab4347499cee5aecdb82fe6401
severity,later_evaluation,xgboost_quantile,xgboost_quantile,DQ0,DQ0,full,0.9,2018-05,2018-05-01 00:00:00,,4757,443,298cf3fd217511ecf0133cec058c1d045fdca37dc5bafb8f5dcc3e3b11d3505e,1e8f737f65d16539c4d5c862ea765abd56a694c2e2362f8b4d7ef7e39e6c770f,1e8f737f65d16539c4d5c862ea765abd56a694c2e2362f8b4d7ef7e39e6c770f,"{""colsample_bytree"":0.8,""eval_metric"":""quantile"",""learning_rate"":0.03,""max_depth"":3,""min_child_weight"":5.0,""n_estimators"":5,""n_jobs"":4,""objective"":""reg:quantileerror"",""quantile_alpha"":0.9,""random_state"":20260823,""reg_alpha"":0.0,""reg_lambda"":1.0,""subsample"":0.8,""tree_method"":""hist""}","[""promised_delivery_days""]",[],66cc2d77e943d8c86206486126228139bfcf2b8dceb79a4918c6983dc0187373,2d2cb7eec2a11a9924b10acdffe9d5d084f63c8d7c257a048d2400385850f30f,sha256_pickle_protocol_5_fitted_wrapper,,a6d4ea5e457fb16115588bf96c200086a69b750e8b7b7ece1538846a303a71f3,b187add9d353488cbebc63ca4c13b0952335beab4347499cee5aecdb82fe6401
severity,later_evaluation,xgboost_quantile,xgboost_quantile,DQB,DQB,full,0.5,2018-05,2018-05-01 00:00:00,,4757,443,298cf3fd217511ecf0133cec058c1d045fdca37dc5bafb8f5dcc3e3b11d3505e,1e8f737f65d16539c4d5c862ea765abd56a694c2e2362f8b4d7ef7e39e6c770f,1e8f737f65d16539c4d5c862ea765abd56a694c2e2362f8b4d7ef7e39e6c770f,"{""colsample_bytree"":0.8,""eval_metric"":""quantile"",""learning_rate"":0.03,""max_depth"":3,""min_child_weight"":5.0,""n_estimators"":1,""n_jobs"":4,""objective"":""reg:quantileerror"",""quantile_alpha"":0.5,""random_state"":20260823,""reg_alpha"":0.0,""reg_lambda"":1.0,""subsample"":0.8,""tree_method"":""hist""}","[""promised_delivery_days"",""S1_score"",""S1_log1p_support"",""S1_cold_start"",""S1_posterior_se"",""S1_freshness_days"",""S2_score"",""S2_log1p_support"",""S2_cold_start"",""S2_posterior_se"",""S2_freshness_days"",""R1_score"",""R1_log1p_support"",""R1_cold_start"",""R1_posterior_se"",""R1_freshness_days"",""R2_score"",""R2_log1p_support"",""R2_cold_start"",""R2_posterior_se"",""R2_freshness_days""]",[],a0454aa702bc9350c7e026aecaf277c55a2b1f3ba8cdb7fc41bd7869195f33b0,9b7259621b7c70d11817ded82e7aa3501249a92ddb39f0f0e28874d25948013e,sha256_pickle_protocol_5_fitted_wrapper,,a6d4ea5e457fb16115588bf96c200086a69b750e8b7b7ece1538846a303a71f3,b187add9d353488cbebc63ca4c13b0952335beab4347499cee5aecdb82fe6401
severity,later_evaluation,xgboost_quantile,xgboost_quantile,DQB,DQB,full,0.9,2018-05,2018-05-01 00:00:00,,4757,443,298cf3fd217511ecf0133cec058c1d045fdca37dc5bafb8f5dcc3e3b11d3505e,1e8f737f65d16539c4d5c862ea765abd56a694c2e2362f8b4d7ef7e39e6c770f,1e8f737f65d16539c4d5c862ea765abd56a694c2e2362f8b4d7ef7e39e6c770f,"{""colsample_bytree"":0.8,""eval_metric"":""quantile"",""learning_rate"":0.03,""max_depth"":3,""min_child_weight"":5.0,""n_estimators"":5,""n_jobs"":4,""objective"":""reg:quantileerror"",""quantile_alpha"":0.9,""random_state"":20260823,""reg_alpha"":0.0,""reg_lambda"":1.0,""subsample"":0.8,""tree_method"":""hist""}","[""promised_delivery_days"",""S1_score"",""S1_log1p_support"",""S1_cold_start"",""S1_posterior_se"",""S1_freshness_days"",""S2_score"",""S2_log1p_support"",""S2_cold_start"",""S2_posterior_se"",""S2_freshness_days"",""R1_score"",""R1_log1p_support"",""R1_cold_start"",""R1_posterior_se"",""R1_freshness_days"",""R2_score"",""R2_log1p_support"",""R2_cold_start"",""R2_posterior_se"",""R2_freshness_days""]",[],a0454aa702bc9350c7e026aecaf277c55a2b1f3ba8cdb7fc41bd7869195f33b0,d19fb9fe80a536e04336ba4bf316baccad8936ffbfd9c0168ec954846ba52b69,sha256_pickle_protocol_5_fitted_wrapper,,a6d4ea5e457fb16115588bf96c200086a69b750e8b7b7ece1538846a303a71f3,b187add9d353488cbebc63ca4c13b0952335beab4347499cee5aecdb82fe6401
severity,later_evaluation,xgboost_quantile,xgboost_quantile,DQG,DQG,full,0.5,2018-05,2018-05-01 00:00:00,,4757,443,298cf3fd217511ecf0133cec058c1d045fdca37dc5bafb8f5dcc3e3b11d3505e,1e8f737f65d16539c4d5c862ea765abd56a694c2e2362f8b4d7ef7e39e6c770f,1e8f737f65d16539c4d5c862ea765abd56a694c2e2362f8b4d7ef7e39e6c770f,"{""colsample_bytree"":0.8,""eval_metric"":""quantile"",""learning_rate"":0.03,""max_depth"":3,""min_child_weight"":5.0,""n_estimators"":1,""n_jobs"":4,""objective"":""reg:quantileerror"",""quantile_alpha"":0.5,""random_state"":20260823,""reg_alpha"":0.0,""reg_lambda"":1.0,""subsample"":0.8,""tree_method"":""hist""}","[""promised_delivery_days"",""R1_score"",""R1_log1p_support"",""R1_cold_start"",""R1_posterior_se"",""R1_freshness_days"",""R2_score"",""R2_log1p_support"",""R2_cold_start"",""R2_posterior_se"",""R2_freshness_days""]",[],55592a9c7809091ef26b0d7746c6992457e035aec9ee88f8469c73ec59a57b49,5a9f3cded6084159c5911eff7747e8a20ddb90c3c58b0cabf716aebf9740f342,sha256_pickle_protocol_5_fitted_wrapper,,a6d4ea5e457fb16115588bf96c200086a69b750e8b7b7ece1538846a303a71f3,b187add9d353488cbebc63ca4c13b0952335beab4347499cee5aecdb82fe6401
severity,later_evaluation,xgboost_quantile,xgboost_quantile,DQG,DQG,full,0.9,2018-05,2018-05-01 00:00:00,,4757,443,298cf3fd217511ecf0133cec058c1d045fdca37dc5bafb8f5dcc3e3b11d3505e,1e8f737f65d16539c4d5c862ea765abd56a694c2e2362f8b4d7ef7e39e6c770f,1e8f737f65d16539c4d5c862ea765abd56a694c2e2362f8b4d7ef7e39e6c770f,"{""colsample_bytree"":0.8,""eval_metric"":""quantile"",""learning_rate"":0.03,""max_depth"":3,""min_child_weight"":5.0,""n_estimators"":5,""n_jobs"":4,""objective"":""reg:quantileerror"",""quantile_alpha"":0.9,""random_state"":20260823,""reg_alpha"":0.0,""reg_lambda"":1.0,""subsample"":0.8,""tree_method"":""hist""}","[""promised_delivery_days"",""R1_score"",""R1_log1p_support"",""R1_cold_start"",""R1_posterior_se"",""R1_freshness_days"",""R2_score"",""R2_log1p_support"",""R2_cold_start"",""R2_posterior_se"",""R2_freshness_days""]",[],55592a9c7809091ef26b0d7746c6992457e035aec9ee88f8469c73ec59a57b49,009b37f0e974fd6dffc2d34c68ffeafa9283ef1268dfbc560b4507479b04b472,sha256_pickle_protocol_5_fitted_wrapper,,a6d4ea5e457fb16115588bf96c200086a69b750e8b7b7ece1538846a303a71f3,b187add9d353488cbebc63ca4c13b0952335beab4347499cee5aecdb82fe6401
severity,later_evaluation,xgboost_quantile,xgboost_quantile,DQS,DQS,full,0.5,2018-05,2018-05-01 00:00:00,,4757,443,298cf3fd217511ecf0133cec058c1d045fdca37dc5bafb8f5dcc3e3b11d3505e,1e8f737f65d16539c4d5c862ea765abd56a694c2e2362f8b4d7ef7e39e6c770f,1e8f737f65d16539c4d5c862ea765abd56a694c2e2362f8b4d7ef7e39e6c770f,"{""colsample_bytree"":0.8,""eval_metric"":""quantile"",""learning_rate"":0.03,""max_depth"":3,""min_child_weight"":5.0,""n_estimators"":1,""n_jobs"":4,""objective"":""reg:quantileerror"",""quantile_alpha"":0.5,""random_state"":20260823,""reg_alpha"":0.0,""reg_lambda"":1.0,""subsample"":0.8,""tree_method"":""hist""}","[""promised_delivery_days"",""S1_score"",""S1_log1p_support"",""S1_cold_start"",""S1_posterior_se"",""S1_freshness_days"",""S2_score"",""S2_log1p_support"",""S2_cold_start"",""S2_posterior_se"",""S2_freshness_days""]",[],94151faa7df685010a340beef27998ed0590545d3c929a0e725a31e63da5100f,20f60e997fdfbbad79f29fa6951b6466cc70656a99daca011425c279e53148fa,sha256_pickle_protocol_5_fitted_wrapper,,a6d4ea5e457fb16115588bf96c200086a69b750e8b7b7ece1538846a303a71f3,b187add9d353488cbebc63ca4c13b0952335beab4347499cee5aecdb82fe6401
severity,later_evaluation,xgboost_quantile,xgboost_quantile,DQS,DQS,full,0.9,2018-05,2018-05-01 00:00:00,,4757,443,298cf3fd217511ecf0133cec058c1d045fdca37dc5bafb8f5dcc3e3b11d3505e,1e8f737f65d16539c4d5c862ea765abd56a694c2e2362f8b4d7ef7e39e6c770f,1e8f737f65d16539c4d5c862ea765abd56a694c2e2362f8b4d7ef7e39e6c770f,"{""colsample_bytree"":0.8,""eval_metric"":""quantile"",""learning_rate"":0.03,""max_depth"":3,""min_child_weight"":5.0,""n_estimators"":5,""n_jobs"":4,""objective"":""reg:quantileerror"",""quantile_alpha"":0.9,""random_state"":20260823,""reg_alpha"":0.0,""reg_lambda"":1.0,""subsample"":0.8,""tree_method"":""hist""}","[""promised_delivery_days"",""S1_score"",""S1_log1p_support"",""S1_cold_start"",""S1_posterior_se"",""S1_freshness_days"",""S2_score"",""S2_log1p_support"",""S2_cold_start"",""S2_posterior_se"",""S2_freshness_days""]",[],94151faa7df685010a340beef27998ed0590545d3c929a0e725a31e63da5100f,7530444fa74063e3d9695d3b3dfd3428ff384938a6634250161e07afb7f734d9,sha256_pickle_protocol_5_fitted_wrapper,,a6d4ea5e457fb16115588bf96c200086a69b750e8b7b7ece1538846a303a71f3,b187add9d353488cbebc63ca4c13b0952335beab4347499cee5aecdb82fe6401
severity,later_evaluation,linear_quantile,linear_quantile,DQ0,DQ0,full,0.5,2018-06,2018-06-01 00:00:00,,5178,71,7501510af0ba154c313de0d8c08401f8276287c20a030a2abca6c55fd9cdc858,5aaff04dc19d63b5a2dd637a07f5527d21f5d0a7b23e9e0b532681e840c404ca,5aaff04dc19d63b5a2dd637a07f5527d21f5d0a7b23e9e0b532681e840c404ca,"{""alpha"":0.0001,""solver"":""highs""}","[""promised_delivery_days""]",[],66cc2d77e943d8c86206486126228139bfcf2b8dceb79a4918c6983dc0187373,26eb7be2d9174fa309e45a4aeb7bc17b767b0a13cb21d688db8a502e48b17621,sha256_pickle_protocol_5_fitted_wrapper,,a6d4ea5e457fb16115588bf96c200086a69b750e8b7b7ece1538846a303a71f3,b187add9d353488cbebc63ca4c13b0952335beab4347499cee5aecdb82fe6401
severity,later_evaluation,linear_quantile,linear_quantile,DQ0,DQ0,full,0.9,2018-06,2018-06-01 00:00:00,,5178,71,7501510af0ba154c313de0d8c08401f8276287c20a030a2abca6c55fd9cdc858,5aaff04dc19d63b5a2dd637a07f5527d21f5d0a7b23e9e0b532681e840c404ca,5aaff04dc19d63b5a2dd637a07f5527d21f5d0a7b23e9e0b532681e840c404ca,"{""alpha"":0.01,""solver"":""highs""}","[""promised_delivery_days""]",[],66cc2d77e943d8c86206486126228139bfcf2b8dceb79a4918c6983dc0187373,19ea4df0da5c0715c04d59715bb463f81218064cd4891e73b54d720a5b6eb523,sha256_pickle_protocol_5_fitted_wrapper,,a6d4ea5e457fb16115588bf96c200086a69b750e8b7b7ece1538846a303a71f3,b187add9d353488cbebc63ca4c13b0952335beab4347499cee5aecdb82fe6401
severity,later_evaluation,linear_quantile,linear_quantile,DQB,DQB,full,0.5,2018-06,2018-06-01 00:00:00,,5178,71,7501510af0ba154c313de0d8c08401f8276287c20a030a2abca6c55fd9cdc858,5aaff04dc19d63b5a2dd637a07f5527d21f5d0a7b23e9e0b532681e840c404ca,5aaff04dc19d63b5a2dd637a07f5527d21f5d0a7b23e9e0b532681e840c404ca,"{""alpha"":0.0001,""solver"":""highs""}","[""promised_delivery_days"",""S1_score"",""S1_log1p_support"",""S1_cold_start"",""S1_posterior_se"",""S1_freshness_days"",""S2_score"",""S2_log1p_support"",""S2_cold_start"",""S2_posterior_se"",""S2_freshness_days"",""R1_score"",""R1_log1p_support"",""R1_cold_start"",""R1_posterior_se"",""R1_freshness_days"",""R2_score"",""R2_log1p_support"",""R2_cold_start"",""R2_posterior_se"",""R2_freshness_days""]",[],a0454aa702bc9350c7e026aecaf277c55a2b1f3ba8cdb7fc41bd7869195f33b0,8fccc1b415c57e1762913093a4bc28818daa43d89b64ab2eff4b95774f805002,sha256_pickle_protocol_5_fitted_wrapper,,a6d4ea5e457fb16115588bf96c200086a69b750e8b7b7ece1538846a303a71f3,b187add9d353488cbebc63ca4c13b0952335beab4347499cee5aecdb82fe6401
severity,later_evaluation,linear_quantile,linear_quantile,DQB,DQB,full,0.9,2018-06,2018-06-01 00:00:00,,5178,71,7501510af0ba154c313de0d8c08401f8276287c20a030a2abca6c55fd9cdc858,5aaff04dc19d63b5a2dd637a07f5527d21f5d0a7b23e9e0b532681e840c404ca,5aaff04dc19d63b5a2dd637a07f5527d21f5d0a7b23e9e0b532681e840c404ca,"{""alpha"":0.01,""solver"":""highs""}","[""promised_delivery_days"",""S1_score"",""S1_log1p_support"",""S1_cold_start"",""S1_posterior_se"",""S1_freshness_days"",""S2_score"",""S2_log1p_support"",""S2_cold_start"",""S2_posterior_se"",""S2_freshness_days"",""R1_score"",""R1_log1p_support"",""R1_cold_start"",""R1_posterior_se"",""R1_freshness_days"",""R2_score"",""R2_log1p_support"",""R2_cold_start"",""R2_posterior_se"",""R2_freshness_days""]",[],a0454aa702bc9350c7e026aecaf277c55a2b1f3ba8cdb7fc41bd7869195f33b0,cc027129e9094b365dafec6d1d3871332cf2e8e9cb234501f33e92c8b5e068b4,sha256_pickle_protocol_5_fitted_wrapper,,a6d4ea5e457fb16115588bf96c200086a69b750e8b7b7ece1538846a303a71f3,b187add9d353488cbebc63ca4c13b0952335beab4347499cee5aecdb82fe6401
severity,later_evaluation,linear_quantile,linear_quantile,DQG,DQG,full,0.5,2018-06,2018-06-01 00:00:00,,5178,71,7501510af0ba154c313de0d8c08401f8276287c20a030a2abca6c55fd9cdc858,5aaff04dc19d63b5a2dd637a07f5527d21f5d0a7b23e9e0b532681e840c404ca,5aaff04dc19d63b5a2dd637a07f5527d21f5d0a7b23e9e0b532681e840c404ca,"{""alpha"":0.0001,""solver"":""highs""}","[""promised_delivery_days"",""R1_score"",""R1_log1p_support"",""R1_cold_start"",""R1_posterior_se"",""R1_freshness_days"",""R2_score"",""R2_log1p_support"",""R2_cold_start"",""R2_posterior_se"",""R2_freshness_days""]",[],55592a9c7809091ef26b0d7746c6992457e035aec9ee88f8469c73ec59a57b49,e9f1543938f6871bfc04ea9c3095ec93625f32352e00e3529f8fb668bfce8d9e,sha256_pickle_protocol_5_fitted_wrapper,,a6d4ea5e457fb16115588bf96c200086a69b750e8b7b7ece1538846a303a71f3,b187add9d353488cbebc63ca4c13b0952335beab4347499cee5aecdb82fe6401
severity,later_evaluation,linear_quantile,linear_quantile,DQG,DQG,full,0.9,2018-06,2018-06-01 00:00:00,,5178,71,7501510af0ba154c313de0d8c08401f8276287c20a030a2abca6c55fd9cdc858,5aaff04dc19d63b5a2dd637a07f5527d21f5d0a7b23e9e0b532681e840c404ca,5aaff04dc19d63b5a2dd637a07f5527d21f5d0a7b23e9e0b532681e840c404ca,"{""alpha"":0.01,""solver"":""highs""}","[""promised_delivery_days"",""R1_score"",""R1_log1p_support"",""R1_cold_start"",""R1_posterior_se"",""R1_freshness_days"",""R2_score"",""R2_log1p_support"",""R2_cold_start"",""R2_posterior_se"",""R2_freshness_days""]",[],55592a9c7809091ef26b0d7746c6992457e035aec9ee88f8469c73ec59a57b49,f1f7e0af040b51a9173adf16d2e39bc6bd5f9d933d93450542ecf2577dc89aee,sha256_pickle_protocol_5_fitted_wrapper,,a6d4ea5e457fb16115588bf96c200086a69b750e8b7b7ece1538846a303a71f3,b187add9d353488cbebc63ca4c13b0952335beab4347499cee5aecdb82fe6401
severity,later_evaluation,linear_quantile,linear_quantile,DQS,DQS,full,0.5,2018-06,2018-06-01 00:00:00,,5178,71,7501510af0ba154c313de0d8c08401f8276287c20a030a2abca6c55fd9cdc858,5aaff04dc19d63b5a2dd637a07f5527d21f5d0a7b23e9e0b532681e840c404ca,5aaff04dc19d63b5a2dd637a07f5527d21f5d0a7b23e9e0b532681e840c404ca,"{""alpha"":0.0001,""solver"":""highs""}","[""promised_delivery_days"",""S1_score"",""S1_log1p_support"",""S1_cold_start"",""S1_posterior_se"",""S1_freshness_days"",""S2_score"",""S2_log1p_support"",""S2_cold_start"",""S2_posterior_se"",""S2_freshness_days""]",[],94151faa7df685010a340beef27998ed0590545d3c929a0e725a31e63da5100f,4556245351be6eb1043684a95ba59676694849ca757c5bc760e51d9e7ed34d7b,sha256_pickle_protocol_5_fitted_wrapper,,a6d4ea5e457fb16115588bf96c200086a69b750e8b7b7ece1538846a303a71f3,b187add9d353488cbebc63ca4c13b0952335beab4347499cee5aecdb82fe6401
severity,later_evaluation,linear_quantile,linear_quantile,DQS,DQS,full,0.9,2018-06,2018-06-01 00:00:00,,5178,71,7501510af0ba154c313de0d8c08401f8276287c20a030a2abca6c55fd9cdc858,5aaff04dc19d63b5a2dd637a07f5527d21f5d0a7b23e9e0b532681e840c404ca,5aaff04dc19d63b5a2dd637a07f5527d21f5d0a7b23e9e0b532681e840c404ca,"{""alpha"":0.01,""solver"":""highs""}","[""promised_delivery_days"",""S1_score"",""S1_log1p_support"",""S1_cold_start"",""S1_posterior_se"",""S1_freshness_days"",""S2_score"",""S2_log1p_support"",""S2_cold_start"",""S2_posterior_se"",""S2_freshness_days""]",[],94151faa7df685010a340beef27998ed0590545d3c929a0e725a31e63da5100f,f9bfd716fa83490b8d6714fafac8e373b9a65fa8b410e24469a61fb755ede681,sha256_pickle_protocol_5_fitted_wrapper,,a6d4ea5e457fb16115588bf96c200086a69b750e8b7b7ece1538846a303a71f3,b187add9d353488cbebc63ca4c13b0952335beab4347499cee5aecdb82fe6401
severity,later_evaluation,xgboost_quantile,xgboost_quantile,DQ0,DQ0,full,0.5,2018-06,2018-06-01 00:00:00,,5178,71,7501510af0ba154c313de0d8c08401f8276287c20a030a2abca6c55fd9cdc858,5aaff04dc19d63b5a2dd637a07f5527d21f5d0a7b23e9e0b532681e840c404ca,5aaff04dc19d63b5a2dd637a07f5527d21f5d0a7b23e9e0b532681e840c404ca,"{""colsample_bytree"":0.8,""eval_metric"":""quantile"",""learning_rate"":0.03,""max_depth"":3,""min_child_weight"":5.0,""n_estimators"":1,""n_jobs"":4,""objective"":""reg:quantileerror"",""quantile_alpha"":0.5,""random_state"":20260823,""reg_alpha"":0.0,""reg_lambda"":1.0,""subsample"":0.8,""tree_method"":""hist""}","[""promised_delivery_days""]",[],66cc2d77e943d8c86206486126228139bfcf2b8dceb79a4918c6983dc0187373,f4a44f75dea57a08fa99ab28c74149b35aeb87a699a2efcbd949123ef1bfd02d,sha256_pickle_protocol_5_fitted_wrapper,,a6d4ea5e457fb16115588bf96c200086a69b750e8b7b7ece1538846a303a71f3,b187add9d353488cbebc63ca4c13b0952335beab4347499cee5aecdb82fe6401
severity,later_evaluation,xgboost_quantile,xgboost_quantile,DQ0,DQ0,full,0.9,2018-06,2018-06-01 00:00:00,,5178,71,7501510af0ba154c313de0d8c08401f8276287c20a030a2abca6c55fd9cdc858,5aaff04dc19d63b5a2dd637a07f5527d21f5d0a7b23e9e0b532681e840c404ca,5aaff04dc19d63b5a2dd637a07f5527d21f5d0a7b23e9e0b532681e840c404ca,"{""colsample_bytree"":0.8,""eval_metric"":""quantile"",""learning_rate"":0.03,""max_depth"":3,""min_child_weight"":5.0,""n_estimators"":5,""n_jobs"":4,""objective"":""reg:quantileerror"",""quantile_alpha"":0.9,""random_state"":20260823,""reg_alpha"":0.0,""reg_lambda"":1.0,""subsample"":0.8,""tree_method"":""hist""}","[""promised_delivery_days""]",[],66cc2d77e943d8c86206486126228139bfcf2b8dceb79a4918c6983dc0187373,abfdae4527003b95e0f683d2093d9428eda23e65f578a71ea2eeef3799c20159,sha256_pickle_protocol_5_fitted_wrapper,,a6d4ea5e457fb16115588bf96c200086a69b750e8b7b7ece1538846a303a71f3,b187add9d353488cbebc63ca4c13b0952335beab4347499cee5aecdb82fe6401
severity,later_evaluation,xgboost_quantile,xgboost_quantile,DQB,DQB,full,0.5,2018-06,2018-06-01 00:00:00,,5178,71,7501510af0ba154c313de0d8c08401f8276287c20a030a2abca6c55fd9cdc858,5aaff04dc19d63b5a2dd637a07f5527d21f5d0a7b23e9e0b532681e840c404ca,5aaff04dc19d63b5a2dd637a07f5527d21f5d0a7b23e9e0b532681e840c404ca,"{""colsample_bytree"":0.8,""eval_metric"":""quantile"",""learning_rate"":0.03,""max_depth"":3,""min_child_weight"":5.0,""n_estimators"":1,""n_jobs"":4,""objective"":""reg:quantileerror"",""quantile_alpha"":0.5,""random_state"":20260823,""reg_alpha"":0.0,""reg_lambda"":1.0,""subsample"":0.8,""tree_method"":""hist""}","[""promised_delivery_days"",""S1_score"",""S1_log1p_support"",""S1_cold_start"",""S1_posterior_se"",""S1_freshness_days"",""S2_score"",""S2_log1p_support"",""S2_cold_start"",""S2_posterior_se"",""S2_freshness_days"",""R1_score"",""R1_log1p_support"",""R1_cold_start"",""R1_posterior_se"",""R1_freshness_days"",""R2_score"",""R2_log1p_support"",""R2_cold_start"",""R2_posterior_se"",""R2_freshness_days""]",[],a0454aa702bc9350c7e026aecaf277c55a2b1f3ba8cdb7fc41bd7869195f33b0,3e0c9552b61c7cbfdaafb03324ab125b6057a1b071c53025dd5706afffa16683,sha256_pickle_protocol_5_fitted_wrapper,,a6d4ea5e457fb16115588bf96c200086a69b750e8b7b7ece1538846a303a71f3,b187add9d353488cbebc63ca4c13b0952335beab4347499cee5aecdb82fe6401
severity,later_evaluation,xgboost_quantile,xgboost_quantile,DQB,DQB,full,0.9,2018-06,2018-06-01 00:00:00,,5178,71,7501510af0ba154c313de0d8c08401f8276287c20a030a2abca6c55fd9cdc858,5aaff04dc19d63b5a2dd637a07f5527d21f5d0a7b23e9e0b532681e840c404ca,5aaff04dc19d63b5a2dd637a07f5527d21f5d0a7b23e9e0b532681e840c404ca,"{""colsample_bytree"":0.8,""eval_metric"":""quantile"",""learning_rate"":0.03,""max_depth"":3,""min_child_weight"":5.0,""n_estimators"":5,""n_jobs"":4,""objective"":""reg:quantileerror"",""quantile_alpha"":0.9,""random_state"":20260823,""reg_alpha"":0.0,""reg_lambda"":1.0,""subsample"":0.8,""tree_method"":""hist""}","[""promised_delivery_days"",""S1_score"",""S1_log1p_support"",""S1_cold_start"",""S1_posterior_se"",""S1_freshness_days"",""S2_score"",""S2_log1p_support"",""S2_cold_start"",""S2_posterior_se"",""S2_freshness_days"",""R1_score"",""R1_log1p_support"",""R1_cold_start"",""R1_posterior_se"",""R1_freshness_days"",""R2_score"",""R2_log1p_support"",""R2_cold_start"",""R2_posterior_se"",""R2_freshness_days""]",[],a0454aa702bc9350c7e026aecaf277c55a2b1f3ba8cdb7fc41bd7869195f33b0,073f88bcb5d3164fa5df12ae38d9aa8a3d8c323a053969b4d82a0fa97c32a6ac,sha256_pickle_protocol_5_fitted_wrapper,,a6d4ea5e457fb16115588bf96c200086a69b750e8b7b7ece1538846a303a71f3,b187add9d353488cbebc63ca4c13b0952335beab4347499cee5aecdb82fe6401
severity,later_evaluation,xgboost_quantile,xgboost_quantile,DQG,DQG,full,0.5,2018-06,2018-06-01 00:00:00,,5178,71,7501510af0ba154c313de0d8c08401f8276287c20a030a2abca6c55fd9cdc858,5aaff04dc19d63b5a2dd637a07f5527d21f5d0a7b23e9e0b532681e840c404ca,5aaff04dc19d63b5a2dd637a07f5527d21f5d0a7b23e9e0b532681e840c404ca,"{""colsample_bytree"":0.8,""eval_metric"":""quantile"",""learning_rate"":0.03,""max_depth"":3,""min_child_weight"":5.0,""n_estimators"":1,""n_jobs"":4,""objective"":""reg:quantileerror"",""quantile_alpha"":0.5,""random_state"":20260823,""reg_alpha"":0.0,""reg_lambda"":1.0,""subsample"":0.8,""tree_method"":""hist""}","[""promised_delivery_days"",""R1_score"",""R1_log1p_support"",""R1_cold_start"",""R1_posterior_se"",""R1_freshness_days"",""R2_score"",""R2_log1p_support"",""R2_cold_start"",""R2_posterior_se"",""R2_freshness_days""]",[],55592a9c7809091ef26b0d7746c6992457e035aec9ee88f8469c73ec59a57b49,e5dcb6f26cfdf0da3cd277c39621d0821bae027739e396412446aefb91622135,sha256_pickle_protocol_5_fitted_wrapper,,a6d4ea5e457fb16115588bf96c200086a69b750e8b7b7ece1538846a303a71f3,b187add9d353488cbebc63ca4c13b0952335beab4347499cee5aecdb82fe6401
severity,later_evaluation,xgboost_quantile,xgboost_quantile,DQG,DQG,full,0.9,2018-06,2018-06-01 00:00:00,,5178,71,7501510af0ba154c313de0d8c08401f8276287c20a030a2abca6c55fd9cdc858,5aaff04dc19d63b5a2dd637a07f5527d21f5d0a7b23e9e0b532681e840c404ca,5aaff04dc19d63b5a2dd637a07f5527d21f5d0a7b23e9e0b532681e840c404ca,"{""colsample_bytree"":0.8,""eval_metric"":""quantile"",""learning_rate"":0.03,""max_depth"":3,""min_child_weight"":5.0,""n_estimators"":5,""n_jobs"":4,""objective"":""reg:quantileerror"",""quantile_alpha"":0.9,""random_state"":20260823,""reg_alpha"":0.0,""reg_lambda"":1.0,""subsample"":0.8,""tree_method"":""hist""}","[""promised_delivery_days"",""R1_score"",""R1_log1p_support"",""R1_cold_start"",""R1_posterior_se"",""R1_freshness_days"",""R2_score"",""R2_log1p_support"",""R2_cold_start"",""R2_posterior_se"",""R2_freshness_days""]",[],55592a9c7809091ef26b0d7746c6992457e035aec9ee88f8469c73ec59a57b49,f5b7de5bde83f074af1fc5fe3176ce8fff90071b1532dfb321f600d484c25b2f,sha256_pickle_protocol_5_fitted_wrapper,,a6d4ea5e457fb16115588bf96c200086a69b750e8b7b7ece1538846a303a71f3,b187add9d353488cbebc63ca4c13b0952335beab4347499cee5aecdb82fe6401
severity,later_evaluation,xgboost_quantile,xgboost_quantile,DQS,DQS,full,0.5,2018-06,2018-06-01 00:00:00,,5178,71,7501510af0ba154c313de0d8c08401f8276287c20a030a2abca6c55fd9cdc858,5aaff04dc19d63b5a2dd637a07f5527d21f5d0a7b23e9e0b532681e840c404ca,5aaff04dc19d63b5a2dd637a07f5527d21f5d0a7b23e9e0b532681e840c404ca,"{""colsample_bytree"":0.8,""eval_metric"":""quantile"",""learning_rate"":0.03,""max_depth"":3,""min_child_weight"":5.0,""n_estimators"":1,""n_jobs"":4,""objective"":""reg:quantileerror"",""quantile_alpha"":0.5,""random_state"":20260823,""reg_alpha"":0.0,""reg_lambda"":1.0,""subsample"":0.8,""tree_method"":""hist""}","[""promised_delivery_days"",""S1_score"",""S1_log1p_support"",""S1_cold_start"",""S1_posterior_se"",""S1_freshness_days"",""S2_score"",""S2_log1p_support"",""S2_cold_start"",""S2_posterior_se"",""S2_freshness_days""]",[],94151faa7df685010a340beef27998ed0590545d3c929a0e725a31e63da5100f,5e35b33c6543721a626f0b66a150f92b92746c2984c0437531cd1422e0679553,sha256_pickle_protocol_5_fitted_wrapper,,a6d4ea5e457fb16115588bf96c200086a69b750e8b7b7ece1538846a303a71f3,b187add9d353488cbebc63ca4c13b0952335beab4347499cee5aecdb82fe6401
severity,later_evaluation,xgboost_quantile,xgboost_quantile,DQS,DQS,full,0.9,2018-06,2018-06-01 00:00:00,,5178,71,7501510af0ba154c313de0d8c08401f8276287c20a030a2abca6c55fd9cdc858,5aaff04dc19d63b5a2dd637a07f5527d21f5d0a7b23e9e0b532681e840c404ca,5aaff04dc19d63b5a2dd637a07f5527d21f5d0a7b23e9e0b532681e840c404ca,"{""colsample_bytree"":0.8,""eval_metric"":""quantile"",""learning_rate"":0.03,""max_depth"":3,""min_child_weight"":5.0,""n_estimators"":5,""n_jobs"":4,""objective"":""reg:quantileerror"",""quantile_alpha"":0.9,""random_state"":20260823,""reg_alpha"":0.0,""reg_lambda"":1.0,""subsample"":0.8,""tree_method"":""hist""}","[""promised_delivery_days"",""S1_score"",""S1_log1p_support"",""S1_cold_start"",""S1_posterior_se"",""S1_freshness_days"",""S2_score"",""S2_log1p_support"",""S2_cold_start"",""S2_posterior_se"",""S2_freshness_days""]",[],94151faa7df685010a340beef27998ed0590545d3c929a0e725a31e63da5100f,5d56c1d8e74805e789902405ae12d6dafa6dd1030a930bfdf763b0150dbc042d,sha256_pickle_protocol_5_fitted_wrapper,,a6d4ea5e457fb16115588bf96c200086a69b750e8b7b7ece1538846a303a71f3,b187add9d353488cbebc63ca4c13b0952335beab4347499cee5aecdb82fe6401
severity,later_score_only_sensitivity,linear_quantile,linear_quantile,DQB,DQB,score_only,0.5,2018-01,2018-01-01 00:00:00,,1575,403,e6a57d0489d8ee13591169e9f3fa6f0c76d0a20b8826c31bd454f882ce01994b,cc962f7c6748592fd8cbeb18e371836d602ddaae3749434d4bfdae9acdb702b7,cc962f7c6748592fd8cbeb18e371836d602ddaae3749434d4bfdae9acdb702b7,"{""alpha"":0.0001,""solver"":""highs""}","[""promised_delivery_days"",""S1_score"",""S2_score"",""R1_score"",""R2_score""]",[],8e839303586410634b4111720a721a21467d5baefb8e162bfcff1725b8a831bb,da74543683b38944d7e31a3fa75610ea8aedb8fae7b35721e717ae6a3c6bc5c0,sha256_pickle_protocol_5_fitted_wrapper,,a6d4ea5e457fb16115588bf96c200086a69b750e8b7b7ece1538846a303a71f3,b187add9d353488cbebc63ca4c13b0952335beab4347499cee5aecdb82fe6401
severity,later_score_only_sensitivity,linear_quantile,linear_quantile,DQB,DQB,score_only,0.9,2018-01,2018-01-01 00:00:00,,1575,403,e6a57d0489d8ee13591169e9f3fa6f0c76d0a20b8826c31bd454f882ce01994b,cc962f7c6748592fd8cbeb18e371836d602ddaae3749434d4bfdae9acdb702b7,cc962f7c6748592fd8cbeb18e371836d602ddaae3749434d4bfdae9acdb702b7,"{""alpha"":0.01,""solver"":""highs""}","[""promised_delivery_days"",""S1_score"",""S2_score"",""R1_score"",""R2_score""]",[],8e839303586410634b4111720a721a21467d5baefb8e162bfcff1725b8a831bb,a5f6d4bce150bce23cab5f9100f1a4ddc2d92ccc1dfbc4fc8057cef4111dfc73,sha256_pickle_protocol_5_fitted_wrapper,,a6d4ea5e457fb16115588bf96c200086a69b750e8b7b7ece1538846a303a71f3,b187add9d353488cbebc63ca4c13b0952335beab4347499cee5aecdb82fe6401
severity,later_score_only_sensitivity,linear_quantile,linear_quantile,DQG,DQG,score_only,0.5,2018-01,2018-01-01 00:00:00,,1575,403,e6a57d0489d8ee13591169e9f3fa6f0c76d0a20b8826c31bd454f882ce01994b,cc962f7c6748592fd8cbeb18e371836d602ddaae3749434d4bfdae9acdb702b7,cc962f7c6748592fd8cbeb18e371836d602ddaae3749434d4bfdae9acdb702b7,"{""alpha"":0.0001,""solver"":""highs""}","[""promised_delivery_days"",""R1_score"",""R2_score""]",[],3766dc3232503b9ae286e55a8bd35fac5fe1d3245fcd29bcf71c7ba9cdc58637,ad1a93d64d2e4fffc39f07ba4d3fd55412a18ed52d57251a427c1e3a7a1653ef,sha256_pickle_protocol_5_fitted_wrapper,,a6d4ea5e457fb16115588bf96c200086a69b750e8b7b7ece1538846a303a71f3,b187add9d353488cbebc63ca4c13b0952335beab4347499cee5aecdb82fe6401
severity,later_score_only_sensitivity,linear_quantile,linear_quantile,DQG,DQG,score_only,0.9,2018-01,2018-01-01 00:00:00,,1575,403,e6a57d0489d8ee13591169e9f3fa6f0c76d0a20b8826c31bd454f882ce01994b,cc962f7c6748592fd8cbeb18e371836d602ddaae3749434d4bfdae9acdb702b7,cc962f7c6748592fd8cbeb18e371836d602ddaae3749434d4bfdae9acdb702b7,"{""alpha"":0.01,""solver"":""highs""}","[""promised_delivery_days"",""R1_score"",""R2_score""]",[],3766dc3232503b9ae286e55a8bd35fac5fe1d3245fcd29bcf71c7ba9cdc58637,d9e1d720bfd4190dd956c4bb00ddae6eca19ba94ba13a28f6fb6c2172f76d554,sha256_pickle_protocol_5_fitted_wrapper,,a6d4ea5e457fb16115588bf96c200086a69b750e8b7b7ece1538846a303a71f3,b187add9d353488cbebc63ca4c13b0952335beab4347499cee5aecdb82fe6401
severity,later_score_only_sensitivity,linear_quantile,linear_quantile,DQS,DQS,score_only,0.5,2018-01,2018-01-01 00:00:00,,1575,403,e6a57d0489d8ee13591169e9f3fa6f0c76d0a20b8826c31bd454f882ce01994b,cc962f7c6748592fd8cbeb18e371836d602ddaae3749434d4bfdae9acdb702b7,cc962f7c6748592fd8cbeb18e371836d602ddaae3749434d4bfdae9acdb702b7,"{""alpha"":0.0001,""solver"":""highs""}","[""promised_delivery_days"",""S1_score"",""S2_score""]",[],1a935f0082e8f912fa6676e6c253f030507438f99e9ff86c8bb06e45d0333d82,1fa71f4038a8e93321019ce251ec57e70f5b2ba351d941a2471d2b7904039d62,sha256_pickle_protocol_5_fitted_wrapper,,a6d4ea5e457fb16115588bf96c200086a69b750e8b7b7ece1538846a303a71f3,b187add9d353488cbebc63ca4c13b0952335beab4347499cee5aecdb82fe6401
severity,later_score_only_sensitivity,linear_quantile,linear_quantile,DQS,DQS,score_only,0.9,2018-01,2018-01-01 00:00:00,,1575,403,e6a57d0489d8ee13591169e9f3fa6f0c76d0a20b8826c31bd454f882ce01994b,cc962f7c6748592fd8cbeb18e371836d602ddaae3749434d4bfdae9acdb702b7,cc962f7c6748592fd8cbeb18e371836d602ddaae3749434d4bfdae9acdb702b7,"{""alpha"":0.01,""solver"":""highs""}","[""promised_delivery_days"",""S1_score"",""S2_score""]",[],1a935f0082e8f912fa6676e6c253f030507438f99e9ff86c8bb06e45d0333d82,84cea58908318516ba76925d01481ac31d3903bd3e1bec00413aa456b9f40e25,sha256_pickle_protocol_5_fitted_wrapper,,a6d4ea5e457fb16115588bf96c200086a69b750e8b7b7ece1538846a303a71f3,b187add9d353488cbebc63ca4c13b0952335beab4347499cee5aecdb82fe6401
severity,later_score_only_sensitivity,xgboost_quantile,xgboost_quantile,DQB,DQB,score_only,0.5,2018-01,2018-01-01 00:00:00,,1575,403,e6a57d0489d8ee13591169e9f3fa6f0c76d0a20b8826c31bd454f882ce01994b,cc962f7c6748592fd8cbeb18e371836d602ddaae3749434d4bfdae9acdb702b7,cc962f7c6748592fd8cbeb18e371836d602ddaae3749434d4bfdae9acdb702b7,"{""colsample_bytree"":0.8,""eval_metric"":""quantile"",""learning_rate"":0.03,""max_depth"":3,""min_child_weight"":5.0,""n_estimators"":1,""n_jobs"":4,""objective"":""reg:quantileerror"",""quantile_alpha"":0.5,""random_state"":20260823,""reg_alpha"":0.0,""reg_lambda"":1.0,""subsample"":0.8,""tree_method"":""hist""}","[""promised_delivery_days"",""S1_score"",""S2_score"",""R1_score"",""R2_score""]",[],8e839303586410634b4111720a721a21467d5baefb8e162bfcff1725b8a831bb,44ad6c808499f4412994daa01caf76f54f2cef410bcf3955cb00e91a743b8378,sha256_pickle_protocol_5_fitted_wrapper,,a6d4ea5e457fb16115588bf96c200086a69b750e8b7b7ece1538846a303a71f3,b187add9d353488cbebc63ca4c13b0952335beab4347499cee5aecdb82fe6401
severity,later_score_only_sensitivity,xgboost_quantile,xgboost_quantile,DQB,DQB,score_only,0.9,2018-01,2018-01-01 00:00:00,,1575,403,e6a57d0489d8ee13591169e9f3fa6f0c76d0a20b8826c31bd454f882ce01994b,cc962f7c6748592fd8cbeb18e371836d602ddaae3749434d4bfdae9acdb702b7,cc962f7c6748592fd8cbeb18e371836d602ddaae3749434d4bfdae9acdb702b7,"{""colsample_bytree"":0.8,""eval_metric"":""quantile"",""learning_rate"":0.03,""max_depth"":3,""min_child_weight"":5.0,""n_estimators"":5,""n_jobs"":4,""objective"":""reg:quantileerror"",""quantile_alpha"":0.9,""random_state"":20260823,""reg_alpha"":0.0,""reg_lambda"":1.0,""subsample"":0.8,""tree_method"":""hist""}","[""promised_delivery_days"",""S1_score"",""S2_score"",""R1_score"",""R2_score""]",[],8e839303586410634b4111720a721a21467d5baefb8e162bfcff1725b8a831bb,3871ba85069488af2c2bed3d74d907b9fa01bfdad11023f66af0fbf52fcaa7bb,sha256_pickle_protocol_5_fitted_wrapper,,a6d4ea5e457fb16115588bf96c200086a69b750e8b7b7ece1538846a303a71f3,b187add9d353488cbebc63ca4c13b0952335beab4347499cee5aecdb82fe6401
severity,later_score_only_sensitivity,xgboost_quantile,xgboost_quantile,DQG,DQG,score_only,0.5,2018-01,2018-01-01 00:00:00,,1575,403,e6a57d0489d8ee13591169e9f3fa6f0c76d0a20b8826c31bd454f882ce01994b,cc962f7c6748592fd8cbeb18e371836d602ddaae3749434d4bfdae9acdb702b7,cc962f7c6748592fd8cbeb18e371836d602ddaae3749434d4bfdae9acdb702b7,"{""colsample_bytree"":0.8,""eval_metric"":""quantile"",""learning_rate"":0.03,""max_depth"":3,""min_child_weight"":5.0,""n_estimators"":1,""n_jobs"":4,""objective"":""reg:quantileerror"",""quantile_alpha"":0.5,""random_state"":20260823,""reg_alpha"":0.0,""reg_lambda"":1.0,""subsample"":0.8,""tree_method"":""hist""}","[""promised_delivery_days"",""R1_score"",""R2_score""]",[],3766dc3232503b9ae286e55a8bd35fac5fe1d3245fcd29bcf71c7ba9cdc58637,bc36cc22e6f2c8cb7db81232ced17124893037fd457480029db5f43f73cc0fd5,sha256_pickle_protocol_5_fitted_wrapper,,a6d4ea5e457fb16115588bf96c200086a69b750e8b7b7ece1538846a303a71f3,b187add9d353488cbebc63ca4c13b0952335beab4347499cee5aecdb82fe6401
severity,later_score_only_sensitivity,xgboost_quantile,xgboost_quantile,DQG,DQG,score_only,0.9,2018-01,2018-01-01 00:00:00,,1575,403,e6a57d0489d8ee13591169e9f3fa6f0c76d0a20b8826c31bd454f882ce01994b,cc962f7c6748592fd8cbeb18e371836d602ddaae3749434d4bfdae9acdb702b7,cc962f7c6748592fd8cbeb18e371836d602ddaae3749434d4bfdae9acdb702b7,"{""colsample_bytree"":0.8,""eval_metric"":""quantile"",""learning_rate"":0.03,""max_depth"":3,""min_child_weight"":5.0,""n_estimators"":5,""n_jobs"":4,""objective"":""reg:quantileerror"",""quantile_alpha"":0.9,""random_state"":20260823,""reg_alpha"":0.0,""reg_lambda"":1.0,""subsample"":0.8,""tree_method"":""hist""}","[""promised_delivery_days"",""R1_score"",""R2_score""]",[],3766dc3232503b9ae286e55a8bd35fac5fe1d3245fcd29bcf71c7ba9cdc58637,7a8a4ccb589af5909afa56394c58512214c492a2d4311d4d999cc6a8e224d43d,sha256_pickle_protocol_5_fitted_wrapper,,a6d4ea5e457fb16115588bf96c200086a69b750e8b7b7ece1538846a303a71f3,b187add9d353488cbebc63ca4c13b0952335beab4347499cee5aecdb82fe6401
severity,later_score_only_sensitivity,xgboost_quantile,xgboost_quantile,DQS,DQS,score_only,0.5,2018-01,2018-01-01 00:00:00,,1575,403,e6a57d0489d8ee13591169e9f3fa6f0c76d0a20b8826c31bd454f882ce01994b,cc962f7c6748592fd8cbeb18e371836d602ddaae3749434d4bfdae9acdb702b7,cc962f7c6748592fd8cbeb18e371836d602ddaae3749434d4bfdae9acdb702b7,"{""colsample_bytree"":0.8,""eval_metric"":""quantile"",""learning_rate"":0.03,""max_depth"":3,""min_child_weight"":5.0,""n_estimators"":1,""n_jobs"":4,""objective"":""reg:quantileerror"",""quantile_alpha"":0.5,""random_state"":20260823,""reg_alpha"":0.0,""reg_lambda"":1.0,""subsample"":0.8,""tree_method"":""hist""}","[""promised_delivery_days"",""S1_score"",""S2_score""]",[],1a935f0082e8f912fa6676e6c253f030507438f99e9ff86c8bb06e45d0333d82,8d480ab57557454a96bc248a0ff5d83b5a88f035206d3ca08bf764ce997a3aa9,sha256_pickle_protocol_5_fitted_wrapper,,a6d4ea5e457fb16115588bf96c200086a69b750e8b7b7ece1538846a303a71f3,b187add9d353488cbebc63ca4c13b0952335beab4347499cee5aecdb82fe6401
severity,later_score_only_sensitivity,xgboost_quantile,xgboost_quantile,DQS,DQS,score_only,0.9,2018-01,2018-01-01 00:00:00,,1575,403,e6a57d0489d8ee13591169e9f3fa6f0c76d0a20b8826c31bd454f882ce01994b,cc962f7c6748592fd8cbeb18e371836d602ddaae3749434d4bfdae9acdb702b7,cc962f7c6748592fd8cbeb18e371836d602ddaae3749434d4bfdae9acdb702b7,"{""colsample_bytree"":0.8,""eval_metric"":""quantile"",""learning_rate"":0.03,""max_depth"":3,""min_child_weight"":5.0,""n_estimators"":5,""n_jobs"":4,""objective"":""reg:quantileerror"",""quantile_alpha"":0.9,""random_state"":20260823,""reg_alpha"":0.0,""reg_lambda"":1.0,""subsample"":0.8,""tree_method"":""hist""}","[""promised_delivery_days"",""S1_score"",""S2_score""]",[],1a935f0082e8f912fa6676e6c253f030507438f99e9ff86c8bb06e45d0333d82,44a87a99d1302714df059eb036751b4a8b1b52f07bb3475ad2fd37888f6546b6,sha256_pickle_protocol_5_fitted_wrapper,,a6d4ea5e457fb16115588bf96c200086a69b750e8b7b7ece1538846a303a71f3,b187add9d353488cbebc63ca4c13b0952335beab4347499cee5aecdb82fe6401
severity,later_score_only_sensitivity,linear_quantile,linear_quantile,DQB,DQB,score_only,0.5,2018-02,2018-02-01 00:00:00,,2197,926,5781454e29754449d6a1a2acfd81b3e491cbec40363ecc124997a2d732f972f8,7d95c88138b22ba2667424325239c22950b3bf7d98924869363f5813ba7b7bad,7d95c88138b22ba2667424325239c22950b3bf7d98924869363f5813ba7b7bad,"{""alpha"":0.0001,""solver"":""highs""}","[""promised_delivery_days"",""S1_score"",""S2_score"",""R1_score"",""R2_score""]",[],8e839303586410634b4111720a721a21467d5baefb8e162bfcff1725b8a831bb,b6ee656546f31630aef601675c02fca8ebeb7d7a7d168647a35b42d33f36435b,sha256_pickle_protocol_5_fitted_wrapper,,a6d4ea5e457fb16115588bf96c200086a69b750e8b7b7ece1538846a303a71f3,b187add9d353488cbebc63ca4c13b0952335beab4347499cee5aecdb82fe6401
severity,later_score_only_sensitivity,linear_quantile,linear_quantile,DQB,DQB,score_only,0.9,2018-02,2018-02-01 00:00:00,,2197,926,5781454e29754449d6a1a2acfd81b3e491cbec40363ecc124997a2d732f972f8,7d95c88138b22ba2667424325239c22950b3bf7d98924869363f5813ba7b7bad,7d95c88138b22ba2667424325239c22950b3bf7d98924869363f5813ba7b7bad,"{""alpha"":0.01,""solver"":""highs""}","[""promised_delivery_days"",""S1_score"",""S2_score"",""R1_score"",""R2_score""]",[],8e839303586410634b4111720a721a21467d5baefb8e162bfcff1725b8a831bb,af00968173c7844f9249c4ce876a167eb636b2f78659d6f10762aaaa2cd5d188,sha256_pickle_protocol_5_fitted_wrapper,,a6d4ea5e457fb16115588bf96c200086a69b750e8b7b7ece1538846a303a71f3,b187add9d353488cbebc63ca4c13b0952335beab4347499cee5aecdb82fe6401
severity,later_score_only_sensitivity,linear_quantile,linear_quantile,DQG,DQG,score_only,0.5,2018-02,2018-02-01 00:00:00,,2197,926,5781454e29754449d6a1a2acfd81b3e491cbec40363ecc124997a2d732f972f8,7d95c88138b22ba2667424325239c22950b3bf7d98924869363f5813ba7b7bad,7d95c88138b22ba2667424325239c22950b3bf7d98924869363f5813ba7b7bad,"{""alpha"":0.0001,""solver"":""highs""}","[""promised_delivery_days"",""R1_score"",""R2_score""]",[],3766dc3232503b9ae286e55a8bd35fac5fe1d3245fcd29bcf71c7ba9cdc58637,6b89b20b777219e3d2d9f32b98beafddf0d02ae9f4655fc1eaa309d1f3b24369,sha256_pickle_protocol_5_fitted_wrapper,,a6d4ea5e457fb16115588bf96c200086a69b750e8b7b7ece1538846a303a71f3,b187add9d353488cbebc63ca4c13b0952335beab4347499cee5aecdb82fe6401
severity,later_score_only_sensitivity,linear_quantile,linear_quantile,DQG,DQG,score_only,0.9,2018-02,2018-02-01 00:00:00,,2197,926,5781454e29754449d6a1a2acfd81b3e491cbec40363ecc124997a2d732f972f8,7d95c88138b22ba2667424325239c22950b3bf7d98924869363f5813ba7b7bad,7d95c88138b22ba2667424325239c22950b3bf7d98924869363f5813ba7b7bad,"{""alpha"":0.01,""solver"":""highs""}","[""promised_delivery_days"",""R1_score"",""R2_score""]",[],3766dc3232503b9ae286e55a8bd35fac5fe1d3245fcd29bcf71c7ba9cdc58637,eec8534efebb18db3876ecacb0eec848c2177b56dd42efcb5e6582c19d52538f,sha256_pickle_protocol_5_fitted_wrapper,,a6d4ea5e457fb16115588bf96c200086a69b750e8b7b7ece1538846a303a71f3,b187add9d353488cbebc63ca4c13b0952335beab4347499cee5aecdb82fe6401
severity,later_score_only_sensitivity,linear_quantile,linear_quantile,DQS,DQS,score_only,0.5,2018-02,2018-02-01 00:00:00,,2197,926,5781454e29754449d6a1a2acfd81b3e491cbec40363ecc124997a2d732f972f8,7d95c88138b22ba2667424325239c22950b3bf7d98924869363f5813ba7b7bad,7d95c88138b22ba2667424325239c22950b3bf7d98924869363f5813ba7b7bad,"{""alpha"":0.0001,""solver"":""highs""}","[""promised_delivery_days"",""S1_score"",""S2_score""]",[],1a935f0082e8f912fa6676e6c253f030507438f99e9ff86c8bb06e45d0333d82,5f09954907880f6bd6829a19c5db039fde5cdc0d9f67d6436171678e0cdf40a2,sha256_pickle_protocol_5_fitted_wrapper,,a6d4ea5e457fb16115588bf96c200086a69b750e8b7b7ece1538846a303a71f3,b187add9d353488cbebc63ca4c13b0952335beab4347499cee5aecdb82fe6401
severity,later_score_only_sensitivity,linear_quantile,linear_quantile,DQS,DQS,score_only,0.9,2018-02,2018-02-01 00:00:00,,2197,926,5781454e29754449d6a1a2acfd81b3e491cbec40363ecc124997a2d732f972f8,7d95c88138b22ba2667424325239c22950b3bf7d98924869363f5813ba7b7bad,7d95c88138b22ba2667424325239c22950b3bf7d98924869363f5813ba7b7bad,"{""alpha"":0.01,""solver"":""highs""}","[""promised_delivery_days"",""S1_score"",""S2_score""]",[],1a935f0082e8f912fa6676e6c253f030507438f99e9ff86c8bb06e45d0333d82,686cc3ee8816d229734709c8240ad058d0d22ddaf7aacf0eab323e5557d27e32,sha256_pickle_protocol_5_fitted_wrapper,,a6d4ea5e457fb16115588bf96c200086a69b750e8b7b7ece1538846a303a71f3,b187add9d353488cbebc63ca4c13b0952335beab4347499cee5aecdb82fe6401
severity,later_score_only_sensitivity,xgboost_quantile,xgboost_quantile,DQB,DQB,score_only,0.5,2018-02,2018-02-01 00:00:00,,2197,926,5781454e29754449d6a1a2acfd81b3e491cbec40363ecc124997a2d732f972f8,7d95c88138b22ba2667424325239c22950b3bf7d98924869363f5813ba7b7bad,7d95c88138b22ba2667424325239c22950b3bf7d98924869363f5813ba7b7bad,"{""colsample_bytree"":0.8,""eval_metric"":""quantile"",""learning_rate"":0.03,""max_depth"":3,""min_child_weight"":5.0,""n_estimators"":1,""n_jobs"":4,""objective"":""reg:quantileerror"",""quantile_alpha"":0.5,""random_state"":20260823,""reg_alpha"":0.0,""reg_lambda"":1.0,""subsample"":0.8,""tree_method"":""hist""}","[""promised_delivery_days"",""S1_score"",""S2_score"",""R1_score"",""R2_score""]",[],8e839303586410634b4111720a721a21467d5baefb8e162bfcff1725b8a831bb,d887a4563ce7e954d1be6e3282546a9827c3584f187e786681d65b2d9bdd3055,sha256_pickle_protocol_5_fitted_wrapper,,a6d4ea5e457fb16115588bf96c200086a69b750e8b7b7ece1538846a303a71f3,b187add9d353488cbebc63ca4c13b0952335beab4347499cee5aecdb82fe6401
severity,later_score_only_sensitivity,xgboost_quantile,xgboost_quantile,DQB,DQB,score_only,0.9,2018-02,2018-02-01 00:00:00,,2197,926,5781454e29754449d6a1a2acfd81b3e491cbec40363ecc124997a2d732f972f8,7d95c88138b22ba2667424325239c22950b3bf7d98924869363f5813ba7b7bad,7d95c88138b22ba2667424325239c22950b3bf7d98924869363f5813ba7b7bad,"{""colsample_bytree"":0.8,""eval_metric"":""quantile"",""learning_rate"":0.03,""max_depth"":3,""min_child_weight"":5.0,""n_estimators"":5,""n_jobs"":4,""objective"":""reg:quantileerror"",""quantile_alpha"":0.9,""random_state"":20260823,""reg_alpha"":0.0,""reg_lambda"":1.0,""subsample"":0.8,""tree_method"":""hist""}","[""promised_delivery_days"",""S1_score"",""S2_score"",""R1_score"",""R2_score""]",[],8e839303586410634b4111720a721a21467d5baefb8e162bfcff1725b8a831bb,76e95df044e0f760fb107f9d47dfaaa51d5811ff71c44f5e50cd6867f5f83fb0,sha256_pickle_protocol_5_fitted_wrapper,,a6d4ea5e457fb16115588bf96c200086a69b750e8b7b7ece1538846a303a71f3,b187add9d353488cbebc63ca4c13b0952335beab4347499cee5aecdb82fe6401
severity,later_score_only_sensitivity,xgboost_quantile,xgboost_quantile,DQG,DQG,score_only,0.5,2018-02,2018-02-01 00:00:00,,2197,926,5781454e29754449d6a1a2acfd81b3e491cbec40363ecc124997a2d732f972f8,7d95c88138b22ba2667424325239c22950b3bf7d98924869363f5813ba7b7bad,7d95c88138b22ba2667424325239c22950b3bf7d98924869363f5813ba7b7bad,"{""colsample_bytree"":0.8,""eval_metric"":""quantile"",""learning_rate"":0.03,""max_depth"":3,""min_child_weight"":5.0,""n_estimators"":1,""n_jobs"":4,""objective"":""reg:quantileerror"",""quantile_alpha"":0.5,""random_state"":20260823,""reg_alpha"":0.0,""reg_lambda"":1.0,""subsample"":0.8,""tree_method"":""hist""}","[""promised_delivery_days"",""R1_score"",""R2_score""]",[],3766dc3232503b9ae286e55a8bd35fac5fe1d3245fcd29bcf71c7ba9cdc58637,1559a56e1103e6594f314d98588aa3e3ddd3d501e1029d33f33a70f26990f652,sha256_pickle_protocol_5_fitted_wrapper,,a6d4ea5e457fb16115588bf96c200086a69b750e8b7b7ece1538846a303a71f3,b187add9d353488cbebc63ca4c13b0952335beab4347499cee5aecdb82fe6401
severity,later_score_only_sensitivity,xgboost_quantile,xgboost_quantile,DQG,DQG,score_only,0.9,2018-02,2018-02-01 00:00:00,,2197,926,5781454e29754449d6a1a2acfd81b3e491cbec40363ecc124997a2d732f972f8,7d95c88138b22ba2667424325239c22950b3bf7d98924869363f5813ba7b7bad,7d95c88138b22ba2667424325239c22950b3bf7d98924869363f5813ba7b7bad,"{""colsample_bytree"":0.8,""eval_metric"":""quantile"",""learning_rate"":0.03,""max_depth"":3,""min_child_weight"":5.0,""n_estimators"":5,""n_jobs"":4,""objective"":""reg:quantileerror"",""quantile_alpha"":0.9,""random_state"":20260823,""reg_alpha"":0.0,""reg_lambda"":1.0,""subsample"":0.8,""tree_method"":""hist""}","[""promised_delivery_days"",""R1_score"",""R2_score""]",[],3766dc3232503b9ae286e55a8bd35fac5fe1d3245fcd29bcf71c7ba9cdc58637,829f232d366cc24b8a65630c992a9a6b159bf1ee5120a6558813039044b604df,sha256_pickle_protocol_5_fitted_wrapper,,a6d4ea5e457fb16115588bf96c200086a69b750e8b7b7ece1538846a303a71f3,b187add9d353488cbebc63ca4c13b0952335beab4347499cee5aecdb82fe6401
severity,later_score_only_sensitivity,xgboost_quantile,xgboost_quantile,DQS,DQS,score_only,0.5,2018-02,2018-02-01 00:00:00,,2197,926,5781454e29754449d6a1a2acfd81b3e491cbec40363ecc124997a2d732f972f8,7d95c88138b22ba2667424325239c22950b3bf7d98924869363f5813ba7b7bad,7d95c88138b22ba2667424325239c22950b3bf7d98924869363f5813ba7b7bad,"{""colsample_bytree"":0.8,""eval_metric"":""quantile"",""learning_rate"":0.03,""max_depth"":3,""min_child_weight"":5.0,""n_estimators"":1,""n_jobs"":4,""objective"":""reg:quantileerror"",""quantile_alpha"":0.5,""random_state"":20260823,""reg_alpha"":0.0,""reg_lambda"":1.0,""subsample"":0.8,""tree_method"":""hist""}","[""promised_delivery_days"",""S1_score"",""S2_score""]",[],1a935f0082e8f912fa6676e6c253f030507438f99e9ff86c8bb06e45d0333d82,5051f7f70044c52d77eebbf7a44792256c52a1ba049b479bc5786aafee78c8b1,sha256_pickle_protocol_5_fitted_wrapper,,a6d4ea5e457fb16115588bf96c200086a69b750e8b7b7ece1538846a303a71f3,b187add9d353488cbebc63ca4c13b0952335beab4347499cee5aecdb82fe6401
severity,later_score_only_sensitivity,xgboost_quantile,xgboost_quantile,DQS,DQS,score_only,0.9,2018-02,2018-02-01 00:00:00,,2197,926,5781454e29754449d6a1a2acfd81b3e491cbec40363ecc124997a2d732f972f8,7d95c88138b22ba2667424325239c22950b3bf7d98924869363f5813ba7b7bad,7d95c88138b22ba2667424325239c22950b3bf7d98924869363f5813ba7b7bad,"{""colsample_bytree"":0.8,""eval_metric"":""quantile"",""learning_rate"":0.03,""max_depth"":3,""min_child_weight"":5.0,""n_estimators"":5,""n_jobs"":4,""objective"":""reg:quantileerror"",""quantile_alpha"":0.9,""random_state"":20260823,""reg_alpha"":0.0,""reg_lambda"":1.0,""subsample"":0.8,""tree_method"":""hist""}","[""promised_delivery_days"",""S1_score"",""S2_score""]",[],1a935f0082e8f912fa6676e6c253f030507438f99e9ff86c8bb06e45d0333d82,d596e21a4bccf786eba079874a5f7e82ab4c2f0922515aad7fb6b734015049ba,sha256_pickle_protocol_5_fitted_wrapper,,a6d4ea5e457fb16115588bf96c200086a69b750e8b7b7ece1538846a303a71f3,b187add9d353488cbebc63ca4c13b0952335beab4347499cee5aecdb82fe6401
severity,later_score_only_sensitivity,linear_quantile,linear_quantile,DQB,DQB,score_only,0.5,2018-03,2018-03-01 00:00:00,,2520,1328,4c808a9f45d24b6c3aad7166bb65c4e89a9af4bb25bce0e8c585f59cfe5fc500,5092f5e7034c263ff007ff4a6fab61efb011668930b5964c9bdd412718e5736f,5092f5e7034c263ff007ff4a6fab61efb011668930b5964c9bdd412718e5736f,"{""alpha"":0.0001,""solver"":""highs""}","[""promised_delivery_days"",""S1_score"",""S2_score"",""R1_score"",""R2_score""]",[],8e839303586410634b4111720a721a21467d5baefb8e162bfcff1725b8a831bb,2f3d136340aaf17bc225eef6a91ecf86653f057df504424213d73472ee28829a,sha256_pickle_protocol_5_fitted_wrapper,,a6d4ea5e457fb16115588bf96c200086a69b750e8b7b7ece1538846a303a71f3,b187add9d353488cbebc63ca4c13b0952335beab4347499cee5aecdb82fe6401
severity,later_score_only_sensitivity,linear_quantile,linear_quantile,DQB,DQB,score_only,0.9,2018-03,2018-03-01 00:00:00,,2520,1328,4c808a9f45d24b6c3aad7166bb65c4e89a9af4bb25bce0e8c585f59cfe5fc500,5092f5e7034c263ff007ff4a6fab61efb011668930b5964c9bdd412718e5736f,5092f5e7034c263ff007ff4a6fab61efb011668930b5964c9bdd412718e5736f,"{""alpha"":0.01,""solver"":""highs""}","[""promised_delivery_days"",""S1_score"",""S2_score"",""R1_score"",""R2_score""]",[],8e839303586410634b4111720a721a21467d5baefb8e162bfcff1725b8a831bb,a827967c47b9f5e3d3b5bf0fa8ca7eb61703a80ed94c817a41be85b4aa37f497,sha256_pickle_protocol_5_fitted_wrapper,,a6d4ea5e457fb16115588bf96c200086a69b750e8b7b7ece1538846a303a71f3,b187add9d353488cbebc63ca4c13b0952335beab4347499cee5aecdb82fe6401
severity,later_score_only_sensitivity,linear_quantile,linear_quantile,DQG,DQG,score_only,0.5,2018-03,2018-03-01 00:00:00,,2520,1328,4c808a9f45d24b6c3aad7166bb65c4e89a9af4bb25bce0e8c585f59cfe5fc500,5092f5e7034c263ff007ff4a6fab61efb011668930b5964c9bdd412718e5736f,5092f5e7034c263ff007ff4a6fab61efb011668930b5964c9bdd412718e5736f,"{""alpha"":0.0001,""solver"":""highs""}","[""promised_delivery_days"",""R1_score"",""R2_score""]",[],3766dc3232503b9ae286e55a8bd35fac5fe1d3245fcd29bcf71c7ba9cdc58637,3ee80e202378cda11060d803009d56c91f1ce04344f54e3e7d1ce2f87cf73c4e,sha256_pickle_protocol_5_fitted_wrapper,,a6d4ea5e457fb16115588bf96c200086a69b750e8b7b7ece1538846a303a71f3,b187add9d353488cbebc63ca4c13b0952335beab4347499cee5aecdb82fe6401
severity,later_score_only_sensitivity,linear_quantile,linear_quantile,DQG,DQG,score_only,0.9,2018-03,2018-03-01 00:00:00,,2520,1328,4c808a9f45d24b6c3aad7166bb65c4e89a9af4bb25bce0e8c585f59cfe5fc500,5092f5e7034c263ff007ff4a6fab61efb011668930b5964c9bdd412718e5736f,5092f5e7034c263ff007ff4a6fab61efb011668930b5964c9bdd412718e5736f,"{""alpha"":0.01,""solver"":""highs""}","[""promised_delivery_days"",""R1_score"",""R2_score""]",[],3766dc3232503b9ae286e55a8bd35fac5fe1d3245fcd29bcf71c7ba9cdc58637,dcf3f754ad5bb07e01630675088576140ae66e6810de8640f3a67738a9efe897,sha256_pickle_protocol_5_fitted_wrapper,,a6d4ea5e457fb16115588bf96c200086a69b750e8b7b7ece1538846a303a71f3,b187add9d353488cbebc63ca4c13b0952335beab4347499cee5aecdb82fe6401
severity,later_score_only_sensitivity,linear_quantile,linear_quantile,DQS,DQS,score_only,0.5,2018-03,2018-03-01 00:00:00,,2520,1328,4c808a9f45d24b6c3aad7166bb65c4e89a9af4bb25bce0e8c585f59cfe5fc500,5092f5e7034c263ff007ff4a6fab61efb011668930b5964c9bdd412718e5736f,5092f5e7034c263ff007ff4a6fab61efb011668930b5964c9bdd412718e5736f,"{""alpha"":0.0001,""solver"":""highs""}","[""promised_delivery_days"",""S1_score"",""S2_score""]",[],1a935f0082e8f912fa6676e6c253f030507438f99e9ff86c8bb06e45d0333d82,1988b608d02bd25579856ad4639b8250c96fe95f3f99926aba32ab69ba111350,sha256_pickle_protocol_5_fitted_wrapper,,a6d4ea5e457fb16115588bf96c200086a69b750e8b7b7ece1538846a303a71f3,b187add9d353488cbebc63ca4c13b0952335beab4347499cee5aecdb82fe6401
severity,later_score_only_sensitivity,linear_quantile,linear_quantile,DQS,DQS,score_only,0.9,2018-03,2018-03-01 00:00:00,,2520,1328,4c808a9f45d24b6c3aad7166bb65c4e89a9af4bb25bce0e8c585f59cfe5fc500,5092f5e7034c263ff007ff4a6fab61efb011668930b5964c9bdd412718e5736f,5092f5e7034c263ff007ff4a6fab61efb011668930b5964c9bdd412718e5736f,"{""alpha"":0.01,""solver"":""highs""}","[""promised_delivery_days"",""S1_score"",""S2_score""]",[],1a935f0082e8f912fa6676e6c253f030507438f99e9ff86c8bb06e45d0333d82,028ce93418db8f90dff31f24eb4a784aba778b714ee09c6f9c94b183e5760ace,sha256_pickle_protocol_5_fitted_wrapper,,a6d4ea5e457fb16115588bf96c200086a69b750e8b7b7ece1538846a303a71f3,b187add9d353488cbebc63ca4c13b0952335beab4347499cee5aecdb82fe6401
severity,later_score_only_sensitivity,xgboost_quantile,xgboost_quantile,DQB,DQB,score_only,0.5,2018-03,2018-03-01 00:00:00,,2520,1328,4c808a9f45d24b6c3aad7166bb65c4e89a9af4bb25bce0e8c585f59cfe5fc500,5092f5e7034c263ff007ff4a6fab61efb011668930b5964c9bdd412718e5736f,5092f5e7034c263ff007ff4a6fab61efb011668930b5964c9bdd412718e5736f,"{""colsample_bytree"":0.8,""eval_metric"":""quantile"",""learning_rate"":0.03,""max_depth"":3,""min_child_weight"":5.0,""n_estimators"":1,""n_jobs"":4,""objective"":""reg:quantileerror"",""quantile_alpha"":0.5,""random_state"":20260823,""reg_alpha"":0.0,""reg_lambda"":1.0,""subsample"":0.8,""tree_method"":""hist""}","[""promised_delivery_days"",""S1_score"",""S2_score"",""R1_score"",""R2_score""]",[],8e839303586410634b4111720a721a21467d5baefb8e162bfcff1725b8a831bb,34a221839dfee43bdcfa7519b5efa1676252d663b893672dbcb909f895fe8a6e,sha256_pickle_protocol_5_fitted_wrapper,,a6d4ea5e457fb16115588bf96c200086a69b750e8b7b7ece1538846a303a71f3,b187add9d353488cbebc63ca4c13b0952335beab4347499cee5aecdb82fe6401
severity,later_score_only_sensitivity,xgboost_quantile,xgboost_quantile,DQB,DQB,score_only,0.9,2018-03,2018-03-01 00:00:00,,2520,1328,4c808a9f45d24b6c3aad7166bb65c4e89a9af4bb25bce0e8c585f59cfe5fc500,5092f5e7034c263ff007ff4a6fab61efb011668930b5964c9bdd412718e5736f,5092f5e7034c263ff007ff4a6fab61efb011668930b5964c9bdd412718e5736f,"{""colsample_bytree"":0.8,""eval_metric"":""quantile"",""learning_rate"":0.03,""max_depth"":3,""min_child_weight"":5.0,""n_estimators"":5,""n_jobs"":4,""objective"":""reg:quantileerror"",""quantile_alpha"":0.9,""random_state"":20260823,""reg_alpha"":0.0,""reg_lambda"":1.0,""subsample"":0.8,""tree_method"":""hist""}","[""promised_delivery_days"",""S1_score"",""S2_score"",""R1_score"",""R2_score""]",[],8e839303586410634b4111720a721a21467d5baefb8e162bfcff1725b8a831bb,64a3b77b410dc21b1cd50150c30832f6626e050016de1537c91b6856a9f52e47,sha256_pickle_protocol_5_fitted_wrapper,,a6d4ea5e457fb16115588bf96c200086a69b750e8b7b7ece1538846a303a71f3,b187add9d353488cbebc63ca4c13b0952335beab4347499cee5aecdb82fe6401
severity,later_score_only_sensitivity,xgboost_quantile,xgboost_quantile,DQG,DQG,score_only,0.5,2018-03,2018-03-01 00:00:00,,2520,1328,4c808a9f45d24b6c3aad7166bb65c4e89a9af4bb25bce0e8c585f59cfe5fc500,5092f5e7034c263ff007ff4a6fab61efb011668930b5964c9bdd412718e5736f,5092f5e7034c263ff007ff4a6fab61efb011668930b5964c9bdd412718e5736f,"{""colsample_bytree"":0.8,""eval_metric"":""quantile"",""learning_rate"":0.03,""max_depth"":3,""min_child_weight"":5.0,""n_estimators"":1,""n_jobs"":4,""objective"":""reg:quantileerror"",""quantile_alpha"":0.5,""random_state"":20260823,""reg_alpha"":0.0,""reg_lambda"":1.0,""subsample"":0.8,""tree_method"":""hist""}","[""promised_delivery_days"",""R1_score"",""R2_score""]",[],3766dc3232503b9ae286e55a8bd35fac5fe1d3245fcd29bcf71c7ba9cdc58637,3cb1f69c979194634f6ae24a9752acdde7acb9fd1f2f26d7c7d0f386ab3894c5,sha256_pickle_protocol_5_fitted_wrapper,,a6d4ea5e457fb16115588bf96c200086a69b750e8b7b7ece1538846a303a71f3,b187add9d353488cbebc63ca4c13b0952335beab4347499cee5aecdb82fe6401
severity,later_score_only_sensitivity,xgboost_quantile,xgboost_quantile,DQG,DQG,score_only,0.9,2018-03,2018-03-01 00:00:00,,2520,1328,4c808a9f45d24b6c3aad7166bb65c4e89a9af4bb25bce0e8c585f59cfe5fc500,5092f5e7034c263ff007ff4a6fab61efb011668930b5964c9bdd412718e5736f,5092f5e7034c263ff007ff4a6fab61efb011668930b5964c9bdd412718e5736f,"{""colsample_bytree"":0.8,""eval_metric"":""quantile"",""learning_rate"":0.03,""max_depth"":3,""min_child_weight"":5.0,""n_estimators"":5,""n_jobs"":4,""objective"":""reg:quantileerror"",""quantile_alpha"":0.9,""random_state"":20260823,""reg_alpha"":0.0,""reg_lambda"":1.0,""subsample"":0.8,""tree_method"":""hist""}","[""promised_delivery_days"",""R1_score"",""R2_score""]",[],3766dc3232503b9ae286e55a8bd35fac5fe1d3245fcd29bcf71c7ba9cdc58637,e178c519490739f5beed9e78109da593fa41939300d8c1759072c7b5c3ca5cb1,sha256_pickle_protocol_5_fitted_wrapper,,a6d4ea5e457fb16115588bf96c200086a69b750e8b7b7ece1538846a303a71f3,b187add9d353488cbebc63ca4c13b0952335beab4347499cee5aecdb82fe6401
severity,later_score_only_sensitivity,xgboost_quantile,xgboost_quantile,DQS,DQS,score_only,0.5,2018-03,2018-03-01 00:00:00,,2520,1328,4c808a9f45d24b6c3aad7166bb65c4e89a9af4bb25bce0e8c585f59cfe5fc500,5092f5e7034c263ff007ff4a6fab61efb011668930b5964c9bdd412718e5736f,5092f5e7034c263ff007ff4a6fab61efb011668930b5964c9bdd412718e5736f,"{""colsample_bytree"":0.8,""eval_metric"":""quantile"",""learning_rate"":0.03,""max_depth"":3,""min_child_weight"":5.0,""n_estimators"":1,""n_jobs"":4,""objective"":""reg:quantileerror"",""quantile_alpha"":0.5,""random_state"":20260823,""reg_alpha"":0.0,""reg_lambda"":1.0,""subsample"":0.8,""tree_method"":""hist""}","[""promised_delivery_days"",""S1_score"",""S2_score""]",[],1a935f0082e8f912fa6676e6c253f030507438f99e9ff86c8bb06e45d0333d82,3dd9c80515f6d4f87f01f4c2d479bdefa0fd320bdd5cf23120d25a9ded20329a,sha256_pickle_protocol_5_fitted_wrapper,,a6d4ea5e457fb16115588bf96c200086a69b750e8b7b7ece1538846a303a71f3,b187add9d353488cbebc63ca4c13b0952335beab4347499cee5aecdb82fe6401
severity,later_score_only_sensitivity,xgboost_quantile,xgboost_quantile,DQS,DQS,score_only,0.9,2018-03,2018-03-01 00:00:00,,2520,1328,4c808a9f45d24b6c3aad7166bb65c4e89a9af4bb25bce0e8c585f59cfe5fc500,5092f5e7034c263ff007ff4a6fab61efb011668930b5964c9bdd412718e5736f,5092f5e7034c263ff007ff4a6fab61efb011668930b5964c9bdd412718e5736f,"{""colsample_bytree"":0.8,""eval_metric"":""quantile"",""learning_rate"":0.03,""max_depth"":3,""min_child_weight"":5.0,""n_estimators"":5,""n_jobs"":4,""objective"":""reg:quantileerror"",""quantile_alpha"":0.9,""random_state"":20260823,""reg_alpha"":0.0,""reg_lambda"":1.0,""subsample"":0.8,""tree_method"":""hist""}","[""promised_delivery_days"",""S1_score"",""S2_score""]",[],1a935f0082e8f912fa6676e6c253f030507438f99e9ff86c8bb06e45d0333d82,6cbf5df871fcf7cd420f0b641761959886d010df78faeb57a2c7ddc128425f8d,sha256_pickle_protocol_5_fitted_wrapper,,a6d4ea5e457fb16115588bf96c200086a69b750e8b7b7ece1538846a303a71f3,b187add9d353488cbebc63ca4c13b0952335beab4347499cee5aecdb82fe6401
severity,later_score_only_sensitivity,linear_quantile,linear_quantile,DQB,DQB,score_only,0.5,2018-04,2018-04-01 00:00:00,,3417,306,c696c0bce90953fd287abfc368108f2b27970021239d0944fd1066180bd245e0,f70654d8c209bccbb417414da1c2ceea047caa7f2467d1ed8101efa66eb66fd9,f70654d8c209bccbb417414da1c2ceea047caa7f2467d1ed8101efa66eb66fd9,"{""alpha"":0.0001,""solver"":""highs""}","[""promised_delivery_days"",""S1_score"",""S2_score"",""R1_score"",""R2_score""]",[],8e839303586410634b4111720a721a21467d5baefb8e162bfcff1725b8a831bb,ea82b2b2d2ff52239ba476850884d574fff47dcb637aff176d2656953876ded7,sha256_pickle_protocol_5_fitted_wrapper,,a6d4ea5e457fb16115588bf96c200086a69b750e8b7b7ece1538846a303a71f3,b187add9d353488cbebc63ca4c13b0952335beab4347499cee5aecdb82fe6401
severity,later_score_only_sensitivity,linear_quantile,linear_quantile,DQB,DQB,score_only,0.9,2018-04,2018-04-01 00:00:00,,3417,306,c696c0bce90953fd287abfc368108f2b27970021239d0944fd1066180bd245e0,f70654d8c209bccbb417414da1c2ceea047caa7f2467d1ed8101efa66eb66fd9,f70654d8c209bccbb417414da1c2ceea047caa7f2467d1ed8101efa66eb66fd9,"{""alpha"":0.01,""solver"":""highs""}","[""promised_delivery_days"",""S1_score"",""S2_score"",""R1_score"",""R2_score""]",[],8e839303586410634b4111720a721a21467d5baefb8e162bfcff1725b8a831bb,d66293e5350da310fcd127246fae3d27628fd57cd7bb45024f75976ac954c93e,sha256_pickle_protocol_5_fitted_wrapper,,a6d4ea5e457fb16115588bf96c200086a69b750e8b7b7ece1538846a303a71f3,b187add9d353488cbebc63ca4c13b0952335beab4347499cee5aecdb82fe6401
severity,later_score_only_sensitivity,linear_quantile,linear_quantile,DQG,DQG,score_only,0.5,2018-04,2018-04-01 00:00:00,,3417,306,c696c0bce90953fd287abfc368108f2b27970021239d0944fd1066180bd245e0,f70654d8c209bccbb417414da1c2ceea047caa7f2467d1ed8101efa66eb66fd9,f70654d8c209bccbb417414da1c2ceea047caa7f2467d1ed8101efa66eb66fd9,"{""alpha"":0.0001,""solver"":""highs""}","[""promised_delivery_days"",""R1_score"",""R2_score""]",[],3766dc3232503b9ae286e55a8bd35fac5fe1d3245fcd29bcf71c7ba9cdc58637,b4b854b269af04c0f81ba3f079ddc9ba3fd924e8b84d630929c221fc5cf27ea9,sha256_pickle_protocol_5_fitted_wrapper,,a6d4ea5e457fb16115588bf96c200086a69b750e8b7b7ece1538846a303a71f3,b187add9d353488cbebc63ca4c13b0952335beab4347499cee5aecdb82fe6401
severity,later_score_only_sensitivity,linear_quantile,linear_quantile,DQG,DQG,score_only,0.9,2018-04,2018-04-01 00:00:00,,3417,306,c696c0bce90953fd287abfc368108f2b27970021239d0944fd1066180bd245e0,f70654d8c209bccbb417414da1c2ceea047caa7f2467d1ed8101efa66eb66fd9,f70654d8c209bccbb417414da1c2ceea047caa7f2467d1ed8101efa66eb66fd9,"{""alpha"":0.01,""solver"":""highs""}","[""promised_delivery_days"",""R1_score"",""R2_score""]",[],3766dc3232503b9ae286e55a8bd35fac5fe1d3245fcd29bcf71c7ba9cdc58637,f3b01db1204fbf080259ebb92020a6fa2b2079a8c750b1a22b3cf47f6e912384,sha256_pickle_protocol_5_fitted_wrapper,,a6d4ea5e457fb16115588bf96c200086a69b750e8b7b7ece1538846a303a71f3,b187add9d353488cbebc63ca4c13b0952335beab4347499cee5aecdb82fe6401
severity,later_score_only_sensitivity,linear_quantile,linear_quantile,DQS,DQS,score_only,0.5,2018-04,2018-04-01 00:00:00,,3417,306,c696c0bce90953fd287abfc368108f2b27970021239d0944fd1066180bd245e0,f70654d8c209bccbb417414da1c2ceea047caa7f2467d1ed8101efa66eb66fd9,f70654d8c209bccbb417414da1c2ceea047caa7f2467d1ed8101efa66eb66fd9,"{""alpha"":0.0001,""solver"":""highs""}","[""promised_delivery_days"",""S1_score"",""S2_score""]",[],1a935f0082e8f912fa6676e6c253f030507438f99e9ff86c8bb06e45d0333d82,455e03457362a1652869aeae2c0d7b085901206d881d2573e7c9643d08e36200,sha256_pickle_protocol_5_fitted_wrapper,,a6d4ea5e457fb16115588bf96c200086a69b750e8b7b7ece1538846a303a71f3,b187add9d353488cbebc63ca4c13b0952335beab4347499cee5aecdb82fe6401
severity,later_score_only_sensitivity,linear_quantile,linear_quantile,DQS,DQS,score_only,0.9,2018-04,2018-04-01 00:00:00,,3417,306,c696c0bce90953fd287abfc368108f2b27970021239d0944fd1066180bd245e0,f70654d8c209bccbb417414da1c2ceea047caa7f2467d1ed8101efa66eb66fd9,f70654d8c209bccbb417414da1c2ceea047caa7f2467d1ed8101efa66eb66fd9,"{""alpha"":0.01,""solver"":""highs""}","[""promised_delivery_days"",""S1_score"",""S2_score""]",[],1a935f0082e8f912fa6676e6c253f030507438f99e9ff86c8bb06e45d0333d82,487254364ca0c8b22bdc89753b866e49e6de563ffa30c4899a7a422ee7fe7acc,sha256_pickle_protocol_5_fitted_wrapper,,a6d4ea5e457fb16115588bf96c200086a69b750e8b7b7ece1538846a303a71f3,b187add9d353488cbebc63ca4c13b0952335beab4347499cee5aecdb82fe6401
severity,later_score_only_sensitivity,xgboost_quantile,xgboost_quantile,DQB,DQB,score_only,0.5,2018-04,2018-04-01 00:00:00,,3417,306,c696c0bce90953fd287abfc368108f2b27970021239d0944fd1066180bd245e0,f70654d8c209bccbb417414da1c2ceea047caa7f2467d1ed8101efa66eb66fd9,f70654d8c209bccbb417414da1c2ceea047caa7f2467d1ed8101efa66eb66fd9,"{""colsample_bytree"":0.8,""eval_metric"":""quantile"",""learning_rate"":0.03,""max_depth"":3,""min_child_weight"":5.0,""n_estimators"":1,""n_jobs"":4,""objective"":""reg:quantileerror"",""quantile_alpha"":0.5,""random_state"":20260823,""reg_alpha"":0.0,""reg_lambda"":1.0,""subsample"":0.8,""tree_method"":""hist""}","[""promised_delivery_days"",""S1_score"",""S2_score"",""R1_score"",""R2_score""]",[],8e839303586410634b4111720a721a21467d5baefb8e162bfcff1725b8a831bb,adf4713f5ebc8555dd081cac76c1a073e5fa4596b2b41c4b8a3ce9b5c903c892,sha256_pickle_protocol_5_fitted_wrapper,,a6d4ea5e457fb16115588bf96c200086a69b750e8b7b7ece1538846a303a71f3,b187add9d353488cbebc63ca4c13b0952335beab4347499cee5aecdb82fe6401
severity,later_score_only_sensitivity,xgboost_quantile,xgboost_quantile,DQB,DQB,score_only,0.9,2018-04,2018-04-01 00:00:00,,3417,306,c696c0bce90953fd287abfc368108f2b27970021239d0944fd1066180bd245e0,f70654d8c209bccbb417414da1c2ceea047caa7f2467d1ed8101efa66eb66fd9,f70654d8c209bccbb417414da1c2ceea047caa7f2467d1ed8101efa66eb66fd9,"{""colsample_bytree"":0.8,""eval_metric"":""quantile"",""learning_rate"":0.03,""max_depth"":3,""min_child_weight"":5.0,""n_estimators"":5,""n_jobs"":4,""objective"":""reg:quantileerror"",""quantile_alpha"":0.9,""random_state"":20260823,""reg_alpha"":0.0,""reg_lambda"":1.0,""subsample"":0.8,""tree_method"":""hist""}","[""promised_delivery_days"",""S1_score"",""S2_score"",""R1_score"",""R2_score""]",[],8e839303586410634b4111720a721a21467d5baefb8e162bfcff1725b8a831bb,053440b8167f3f8b22b4e076d7a43ede81a8cb113a378158bb97eaefbdb0554a,sha256_pickle_protocol_5_fitted_wrapper,,a6d4ea5e457fb16115588bf96c200086a69b750e8b7b7ece1538846a303a71f3,b187add9d353488cbebc63ca4c13b0952335beab4347499cee5aecdb82fe6401
severity,later_score_only_sensitivity,xgboost_quantile,xgboost_quantile,DQG,DQG,score_only,0.5,2018-04,2018-04-01 00:00:00,,3417,306,c696c0bce90953fd287abfc368108f2b27970021239d0944fd1066180bd245e0,f70654d8c209bccbb417414da1c2ceea047caa7f2467d1ed8101efa66eb66fd9,f70654d8c209bccbb417414da1c2ceea047caa7f2467d1ed8101efa66eb66fd9,"{""colsample_bytree"":0.8,""eval_metric"":""quantile"",""learning_rate"":0.03,""max_depth"":3,""min_child_weight"":5.0,""n_estimators"":1,""n_jobs"":4,""objective"":""reg:quantileerror"",""quantile_alpha"":0.5,""random_state"":20260823,""reg_alpha"":0.0,""reg_lambda"":1.0,""subsample"":0.8,""tree_method"":""hist""}","[""promised_delivery_days"",""R1_score"",""R2_score""]",[],3766dc3232503b9ae286e55a8bd35fac5fe1d3245fcd29bcf71c7ba9cdc58637,89aed80755167051dc318a587bebdeaed51c49d6c086dfe17cdf0fe0402d1474,sha256_pickle_protocol_5_fitted_wrapper,,a6d4ea5e457fb16115588bf96c200086a69b750e8b7b7ece1538846a303a71f3,b187add9d353488cbebc63ca4c13b0952335beab4347499cee5aecdb82fe6401
severity,later_score_only_sensitivity,xgboost_quantile,xgboost_quantile,DQG,DQG,score_only,0.9,2018-04,2018-04-01 00:00:00,,3417,306,c696c0bce90953fd287abfc368108f2b27970021239d0944fd1066180bd245e0,f70654d8c209bccbb417414da1c2ceea047caa7f2467d1ed8101efa66eb66fd9,f70654d8c209bccbb417414da1c2ceea047caa7f2467d1ed8101efa66eb66fd9,"{""colsample_bytree"":0.8,""eval_metric"":""quantile"",""learning_rate"":0.03,""max_depth"":3,""min_child_weight"":5.0,""n_estimators"":5,""n_jobs"":4,""objective"":""reg:quantileerror"",""quantile_alpha"":0.9,""random_state"":20260823,""reg_alpha"":0.0,""reg_lambda"":1.0,""subsample"":0.8,""tree_method"":""hist""}","[""promised_delivery_days"",""R1_score"",""R2_score""]",[],3766dc3232503b9ae286e55a8bd35fac5fe1d3245fcd29bcf71c7ba9cdc58637,15a4b6847915c76bd37e72908bc6727141210e6c5196236a509f9db63e6fc5af,sha256_pickle_protocol_5_fitted_wrapper,,a6d4ea5e457fb16115588bf96c200086a69b750e8b7b7ece1538846a303a71f3,b187add9d353488cbebc63ca4c13b0952335beab4347499cee5aecdb82fe6401
severity,later_score_only_sensitivity,xgboost_quantile,xgboost_quantile,DQS,DQS,score_only,0.5,2018-04,2018-04-01 00:00:00,,3417,306,c696c0bce90953fd287abfc368108f2b27970021239d0944fd1066180bd245e0,f70654d8c209bccbb417414da1c2ceea047caa7f2467d1ed8101efa66eb66fd9,f70654d8c209bccbb417414da1c2ceea047caa7f2467d1ed8101efa66eb66fd9,"{""colsample_bytree"":0.8,""eval_metric"":""quantile"",""learning_rate"":0.03,""max_depth"":3,""min_child_weight"":5.0,""n_estimators"":1,""n_jobs"":4,""objective"":""reg:quantileerror"",""quantile_alpha"":0.5,""random_state"":20260823,""reg_alpha"":0.0,""reg_lambda"":1.0,""subsample"":0.8,""tree_method"":""hist""}","[""promised_delivery_days"",""S1_score"",""S2_score""]",[],1a935f0082e8f912fa6676e6c253f030507438f99e9ff86c8bb06e45d0333d82,1e40b8b4c5745f9af69667b20dfe43600b0cf1dee61356abc836108e05a53043,sha256_pickle_protocol_5_fitted_wrapper,,a6d4ea5e457fb16115588bf96c200086a69b750e8b7b7ece1538846a303a71f3,b187add9d353488cbebc63ca4c13b0952335beab4347499cee5aecdb82fe6401
severity,later_score_only_sensitivity,xgboost_quantile,xgboost_quantile,DQS,DQS,score_only,0.9,2018-04,2018-04-01 00:00:00,,3417,306,c696c0bce90953fd287abfc368108f2b27970021239d0944fd1066180bd245e0,f70654d8c209bccbb417414da1c2ceea047caa7f2467d1ed8101efa66eb66fd9,f70654d8c209bccbb417414da1c2ceea047caa7f2467d1ed8101efa66eb66fd9,"{""colsample_bytree"":0.8,""eval_metric"":""quantile"",""learning_rate"":0.03,""max_depth"":3,""min_child_weight"":5.0,""n_estimators"":5,""n_jobs"":4,""objective"":""reg:quantileerror"",""quantile_alpha"":0.9,""random_state"":20260823,""reg_alpha"":0.0,""reg_lambda"":1.0,""subsample"":0.8,""tree_method"":""hist""}","[""promised_delivery_days"",""S1_score"",""S2_score""]",[],1a935f0082e8f912fa6676e6c253f030507438f99e9ff86c8bb06e45d0333d82,aae229a63724066fb5d81cf640f131e3b682d1184d2d638e8b2e314b28d15dab,sha256_pickle_protocol_5_fitted_wrapper,,a6d4ea5e457fb16115588bf96c200086a69b750e8b7b7ece1538846a303a71f3,b187add9d353488cbebc63ca4c13b0952335beab4347499cee5aecdb82fe6401
severity,later_score_only_sensitivity,linear_quantile,linear_quantile,DQB,DQB,score_only,0.5,2018-05,2018-05-01 00:00:00,,4757,443,298cf3fd217511ecf0133cec058c1d045fdca37dc5bafb8f5dcc3e3b11d3505e,1e8f737f65d16539c4d5c862ea765abd56a694c2e2362f8b4d7ef7e39e6c770f,1e8f737f65d16539c4d5c862ea765abd56a694c2e2362f8b4d7ef7e39e6c770f,"{""alpha"":0.0001,""solver"":""highs""}","[""promised_delivery_days"",""S1_score"",""S2_score"",""R1_score"",""R2_score""]",[],8e839303586410634b4111720a721a21467d5baefb8e162bfcff1725b8a831bb,bc19fd9cb6700e58a674d055ee963b19ae870cca129af94e373770a8b21b68f9,sha256_pickle_protocol_5_fitted_wrapper,,a6d4ea5e457fb16115588bf96c200086a69b750e8b7b7ece1538846a303a71f3,b187add9d353488cbebc63ca4c13b0952335beab4347499cee5aecdb82fe6401
severity,later_score_only_sensitivity,linear_quantile,linear_quantile,DQB,DQB,score_only,0.9,2018-05,2018-05-01 00:00:00,,4757,443,298cf3fd217511ecf0133cec058c1d045fdca37dc5bafb8f5dcc3e3b11d3505e,1e8f737f65d16539c4d5c862ea765abd56a694c2e2362f8b4d7ef7e39e6c770f,1e8f737f65d16539c4d5c862ea765abd56a694c2e2362f8b4d7ef7e39e6c770f,"{""alpha"":0.01,""solver"":""highs""}","[""promised_delivery_days"",""S1_score"",""S2_score"",""R1_score"",""R2_score""]",[],8e839303586410634b4111720a721a21467d5baefb8e162bfcff1725b8a831bb,07241aa10e606b5cc95bae51b15859e225497ab3a2ec07a8b5c9c31ff39dd4bd,sha256_pickle_protocol_5_fitted_wrapper,,a6d4ea5e457fb16115588bf96c200086a69b750e8b7b7ece1538846a303a71f3,b187add9d353488cbebc63ca4c13b0952335beab4347499cee5aecdb82fe6401
severity,later_score_only_sensitivity,linear_quantile,linear_quantile,DQG,DQG,score_only,0.5,2018-05,2018-05-01 00:00:00,,4757,443,298cf3fd217511ecf0133cec058c1d045fdca37dc5bafb8f5dcc3e3b11d3505e,1e8f737f65d16539c4d5c862ea765abd56a694c2e2362f8b4d7ef7e39e6c770f,1e8f737f65d16539c4d5c862ea765abd56a694c2e2362f8b4d7ef7e39e6c770f,"{""alpha"":0.0001,""solver"":""highs""}","[""promised_delivery_days"",""R1_score"",""R2_score""]",[],3766dc3232503b9ae286e55a8bd35fac5fe1d3245fcd29bcf71c7ba9cdc58637,ff47701b126c7648d0509d4be24bf6d77954ac1b3c2fe4cb0d6b113a164bcb28,sha256_pickle_protocol_5_fitted_wrapper,,a6d4ea5e457fb16115588bf96c200086a69b750e8b7b7ece1538846a303a71f3,b187add9d353488cbebc63ca4c13b0952335beab4347499cee5aecdb82fe6401
severity,later_score_only_sensitivity,linear_quantile,linear_quantile,DQG,DQG,score_only,0.9,2018-05,2018-05-01 00:00:00,,4757,443,298cf3fd217511ecf0133cec058c1d045fdca37dc5bafb8f5dcc3e3b11d3505e,1e8f737f65d16539c4d5c862ea765abd56a694c2e2362f8b4d7ef7e39e6c770f,1e8f737f65d16539c4d5c862ea765abd56a694c2e2362f8b4d7ef7e39e6c770f,"{""alpha"":0.01,""solver"":""highs""}","[""promised_delivery_days"",""R1_score"",""R2_score""]",[],3766dc3232503b9ae286e55a8bd35fac5fe1d3245fcd29bcf71c7ba9cdc58637,18a0a32c7d791cad7e3a3b7c53da0ea0bd331c690a922e1f323fb0c9a6e32836,sha256_pickle_protocol_5_fitted_wrapper,,a6d4ea5e457fb16115588bf96c200086a69b750e8b7b7ece1538846a303a71f3,b187add9d353488cbebc63ca4c13b0952335beab4347499cee5aecdb82fe6401
severity,later_score_only_sensitivity,linear_quantile,linear_quantile,DQS,DQS,score_only,0.5,2018-05,2018-05-01 00:00:00,,4757,443,298cf3fd217511ecf0133cec058c1d045fdca37dc5bafb8f5dcc3e3b11d3505e,1e8f737f65d16539c4d5c862ea765abd56a694c2e2362f8b4d7ef7e39e6c770f,1e8f737f65d16539c4d5c862ea765abd56a694c2e2362f8b4d7ef7e39e6c770f,"{""alpha"":0.0001,""solver"":""highs""}","[""promised_delivery_days"",""S1_score"",""S2_score""]",[],1a935f0082e8f912fa6676e6c253f030507438f99e9ff86c8bb06e45d0333d82,8149b35de83758ec16fbe1b1552dc3100f6802a9098bf08e36dfeacef5d90b59,sha256_pickle_protocol_5_fitted_wrapper,,a6d4ea5e457fb16115588bf96c200086a69b750e8b7b7ece1538846a303a71f3,b187add9d353488cbebc63ca4c13b0952335beab4347499cee5aecdb82fe6401
severity,later_score_only_sensitivity,linear_quantile,linear_quantile,DQS,DQS,score_only,0.9,2018-05,2018-05-01 00:00:00,,4757,443,298cf3fd217511ecf0133cec058c1d045fdca37dc5bafb8f5dcc3e3b11d3505e,1e8f737f65d16539c4d5c862ea765abd56a694c2e2362f8b4d7ef7e39e6c770f,1e8f737f65d16539c4d5c862ea765abd56a694c2e2362f8b4d7ef7e39e6c770f,"{""alpha"":0.01,""solver"":""highs""}","[""promised_delivery_days"",""S1_score"",""S2_score""]",[],1a935f0082e8f912fa6676e6c253f030507438f99e9ff86c8bb06e45d0333d82,0bbc4ad63304c10344a2455f21d0c30ddc67a98060ece736348f62ee231284b8,sha256_pickle_protocol_5_fitted_wrapper,,a6d4ea5e457fb16115588bf96c200086a69b750e8b7b7ece1538846a303a71f3,b187add9d353488cbebc63ca4c13b0952335beab4347499cee5aecdb82fe6401
severity,later_score_only_sensitivity,xgboost_quantile,xgboost_quantile,DQB,DQB,score_only,0.5,2018-05,2018-05-01 00:00:00,,4757,443,298cf3fd217511ecf0133cec058c1d045fdca37dc5bafb8f5dcc3e3b11d3505e,1e8f737f65d16539c4d5c862ea765abd56a694c2e2362f8b4d7ef7e39e6c770f,1e8f737f65d16539c4d5c862ea765abd56a694c2e2362f8b4d7ef7e39e6c770f,"{""colsample_bytree"":0.8,""eval_metric"":""quantile"",""learning_rate"":0.03,""max_depth"":3,""min_child_weight"":5.0,""n_estimators"":1,""n_jobs"":4,""objective"":""reg:quantileerror"",""quantile_alpha"":0.5,""random_state"":20260823,""reg_alpha"":0.0,""reg_lambda"":1.0,""subsample"":0.8,""tree_method"":""hist""}","[""promised_delivery_days"",""S1_score"",""S2_score"",""R1_score"",""R2_score""]",[],8e839303586410634b4111720a721a21467d5baefb8e162bfcff1725b8a831bb,2b62db014266046e24df032b54b107cb02927d88baf12ba54b84af5ce768f7de,sha256_pickle_protocol_5_fitted_wrapper,,a6d4ea5e457fb16115588bf96c200086a69b750e8b7b7ece1538846a303a71f3,b187add9d353488cbebc63ca4c13b0952335beab4347499cee5aecdb82fe6401
severity,later_score_only_sensitivity,xgboost_quantile,xgboost_quantile,DQB,DQB,score_only,0.9,2018-05,2018-05-01 00:00:00,,4757,443,298cf3fd217511ecf0133cec058c1d045fdca37dc5bafb8f5dcc3e3b11d3505e,1e8f737f65d16539c4d5c862ea765abd56a694c2e2362f8b4d7ef7e39e6c770f,1e8f737f65d16539c4d5c862ea765abd56a694c2e2362f8b4d7ef7e39e6c770f,"{""colsample_bytree"":0.8,""eval_metric"":""quantile"",""learning_rate"":0.03,""max_depth"":3,""min_child_weight"":5.0,""n_estimators"":5,""n_jobs"":4,""objective"":""reg:quantileerror"",""quantile_alpha"":0.9,""random_state"":20260823,""reg_alpha"":0.0,""reg_lambda"":1.0,""subsample"":0.8,""tree_method"":""hist""}","[""promised_delivery_days"",""S1_score"",""S2_score"",""R1_score"",""R2_score""]",[],8e839303586410634b4111720a721a21467d5baefb8e162bfcff1725b8a831bb,d2dab67b15564c7ddd790dd022737b939fc50d872a0a924d461dbea1a7526347,sha256_pickle_protocol_5_fitted_wrapper,,a6d4ea5e457fb16115588bf96c200086a69b750e8b7b7ece1538846a303a71f3,b187add9d353488cbebc63ca4c13b0952335beab4347499cee5aecdb82fe6401
severity,later_score_only_sensitivity,xgboost_quantile,xgboost_quantile,DQG,DQG,score_only,0.5,2018-05,2018-05-01 00:00:00,,4757,443,298cf3fd217511ecf0133cec058c1d045fdca37dc5bafb8f5dcc3e3b11d3505e,1e8f737f65d16539c4d5c862ea765abd56a694c2e2362f8b4d7ef7e39e6c770f,1e8f737f65d16539c4d5c862ea765abd56a694c2e2362f8b4d7ef7e39e6c770f,"{""colsample_bytree"":0.8,""eval_metric"":""quantile"",""learning_rate"":0.03,""max_depth"":3,""min_child_weight"":5.0,""n_estimators"":1,""n_jobs"":4,""objective"":""reg:quantileerror"",""quantile_alpha"":0.5,""random_state"":20260823,""reg_alpha"":0.0,""reg_lambda"":1.0,""subsample"":0.8,""tree_method"":""hist""}","[""promised_delivery_days"",""R1_score"",""R2_score""]",[],3766dc3232503b9ae286e55a8bd35fac5fe1d3245fcd29bcf71c7ba9cdc58637,4517a657fa68ec32da864630eb7fd882ea785c55122f4b3d592709d349208160,sha256_pickle_protocol_5_fitted_wrapper,,a6d4ea5e457fb16115588bf96c200086a69b750e8b7b7ece1538846a303a71f3,b187add9d353488cbebc63ca4c13b0952335beab4347499cee5aecdb82fe6401
severity,later_score_only_sensitivity,xgboost_quantile,xgboost_quantile,DQG,DQG,score_only,0.9,2018-05,2018-05-01 00:00:00,,4757,443,298cf3fd217511ecf0133cec058c1d045fdca37dc5bafb8f5dcc3e3b11d3505e,1e8f737f65d16539c4d5c862ea765abd56a694c2e2362f8b4d7ef7e39e6c770f,1e8f737f65d16539c4d5c862ea765abd56a694c2e2362f8b4d7ef7e39e6c770f,"{""colsample_bytree"":0.8,""eval_metric"":""quantile"",""learning_rate"":0.03,""max_depth"":3,""min_child_weight"":5.0,""n_estimators"":5,""n_jobs"":4,""objective"":""reg:quantileerror"",""quantile_alpha"":0.9,""random_state"":20260823,""reg_alpha"":0.0,""reg_lambda"":1.0,""subsample"":0.8,""tree_method"":""hist""}","[""promised_delivery_days"",""R1_score"",""R2_score""]",[],3766dc3232503b9ae286e55a8bd35fac5fe1d3245fcd29bcf71c7ba9cdc58637,ffb69b8d43e06c0559da9539a34c399a5d80b08110e6b2960a67f677d5a61722,sha256_pickle_protocol_5_fitted_wrapper,,a6d4ea5e457fb16115588bf96c200086a69b750e8b7b7ece1538846a303a71f3,b187add9d353488cbebc63ca4c13b0952335beab4347499cee5aecdb82fe6401
severity,later_score_only_sensitivity,xgboost_quantile,xgboost_quantile,DQS,DQS,score_only,0.5,2018-05,2018-05-01 00:00:00,,4757,443,298cf3fd217511ecf0133cec058c1d045fdca37dc5bafb8f5dcc3e3b11d3505e,1e8f737f65d16539c4d5c862ea765abd56a694c2e2362f8b4d7ef7e39e6c770f,1e8f737f65d16539c4d5c862ea765abd56a694c2e2362f8b4d7ef7e39e6c770f,"{""colsample_bytree"":0.8,""eval_metric"":""quantile"",""learning_rate"":0.03,""max_depth"":3,""min_child_weight"":5.0,""n_estimators"":1,""n_jobs"":4,""objective"":""reg:quantileerror"",""quantile_alpha"":0.5,""random_state"":20260823,""reg_alpha"":0.0,""reg_lambda"":1.0,""subsample"":0.8,""tree_method"":""hist""}","[""promised_delivery_days"",""S1_score"",""S2_score""]",[],1a935f0082e8f912fa6676e6c253f030507438f99e9ff86c8bb06e45d0333d82,b0e29f5740063d87dfd1f23fed76242edbc08bb812e532170d047341aaa8a414,sha256_pickle_protocol_5_fitted_wrapper,,a6d4ea5e457fb16115588bf96c200086a69b750e8b7b7ece1538846a303a71f3,b187add9d353488cbebc63ca4c13b0952335beab4347499cee5aecdb82fe6401
severity,later_score_only_sensitivity,xgboost_quantile,xgboost_quantile,DQS,DQS,score_only,0.9,2018-05,2018-05-01 00:00:00,,4757,443,298cf3fd217511ecf0133cec058c1d045fdca37dc5bafb8f5dcc3e3b11d3505e,1e8f737f65d16539c4d5c862ea765abd56a694c2e2362f8b4d7ef7e39e6c770f,1e8f737f65d16539c4d5c862ea765abd56a694c2e2362f8b4d7ef7e39e6c770f,"{""colsample_bytree"":0.8,""eval_metric"":""quantile"",""learning_rate"":0.03,""max_depth"":3,""min_child_weight"":5.0,""n_estimators"":5,""n_jobs"":4,""objective"":""reg:quantileerror"",""quantile_alpha"":0.9,""random_state"":20260823,""reg_alpha"":0.0,""reg_lambda"":1.0,""subsample"":0.8,""tree_method"":""hist""}","[""promised_delivery_days"",""S1_score"",""S2_score""]",[],1a935f0082e8f912fa6676e6c253f030507438f99e9ff86c8bb06e45d0333d82,b3d71c69128f7e5bd9367a63d9433bd5bbd950028e7d8b7664214496fdd97e37,sha256_pickle_protocol_5_fitted_wrapper,,a6d4ea5e457fb16115588bf96c200086a69b750e8b7b7ece1538846a303a71f3,b187add9d353488cbebc63ca4c13b0952335beab4347499cee5aecdb82fe6401
severity,later_score_only_sensitivity,linear_quantile,linear_quantile,DQB,DQB,score_only,0.5,2018-06,2018-06-01 00:00:00,,5178,71,7501510af0ba154c313de0d8c08401f8276287c20a030a2abca6c55fd9cdc858,5aaff04dc19d63b5a2dd637a07f5527d21f5d0a7b23e9e0b532681e840c404ca,5aaff04dc19d63b5a2dd637a07f5527d21f5d0a7b23e9e0b532681e840c404ca,"{""alpha"":0.0001,""solver"":""highs""}","[""promised_delivery_days"",""S1_score"",""S2_score"",""R1_score"",""R2_score""]",[],8e839303586410634b4111720a721a21467d5baefb8e162bfcff1725b8a831bb,d90d64f18b1a38718fc6b06cf0122d1352ea3ad7bfb9831f9b7389370fbfd5dc,sha256_pickle_protocol_5_fitted_wrapper,,a6d4ea5e457fb16115588bf96c200086a69b750e8b7b7ece1538846a303a71f3,b187add9d353488cbebc63ca4c13b0952335beab4347499cee5aecdb82fe6401
severity,later_score_only_sensitivity,linear_quantile,linear_quantile,DQB,DQB,score_only,0.9,2018-06,2018-06-01 00:00:00,,5178,71,7501510af0ba154c313de0d8c08401f8276287c20a030a2abca6c55fd9cdc858,5aaff04dc19d63b5a2dd637a07f5527d21f5d0a7b23e9e0b532681e840c404ca,5aaff04dc19d63b5a2dd637a07f5527d21f5d0a7b23e9e0b532681e840c404ca,"{""alpha"":0.01,""solver"":""highs""}","[""promised_delivery_days"",""S1_score"",""S2_score"",""R1_score"",""R2_score""]",[],8e839303586410634b4111720a721a21467d5baefb8e162bfcff1725b8a831bb,fb43d19ece3b4e2f65309d08d98597489f4e32a84f2dd89bed021db3c8a80811,sha256_pickle_protocol_5_fitted_wrapper,,a6d4ea5e457fb16115588bf96c200086a69b750e8b7b7ece1538846a303a71f3,b187add9d353488cbebc63ca4c13b0952335beab4347499cee5aecdb82fe6401
severity,later_score_only_sensitivity,linear_quantile,linear_quantile,DQG,DQG,score_only,0.5,2018-06,2018-06-01 00:00:00,,5178,71,7501510af0ba154c313de0d8c08401f8276287c20a030a2abca6c55fd9cdc858,5aaff04dc19d63b5a2dd637a07f5527d21f5d0a7b23e9e0b532681e840c404ca,5aaff04dc19d63b5a2dd637a07f5527d21f5d0a7b23e9e0b532681e840c404ca,"{""alpha"":0.0001,""solver"":""highs""}","[""promised_delivery_days"",""R1_score"",""R2_score""]",[],3766dc3232503b9ae286e55a8bd35fac5fe1d3245fcd29bcf71c7ba9cdc58637,5ea7f039963957f0a915d106cd8e8293a0101dfa253ef2e1f09b5a89c99a62fa,sha256_pickle_protocol_5_fitted_wrapper,,a6d4ea5e457fb16115588bf96c200086a69b750e8b7b7ece1538846a303a71f3,b187add9d353488cbebc63ca4c13b0952335beab4347499cee5aecdb82fe6401
severity,later_score_only_sensitivity,linear_quantile,linear_quantile,DQG,DQG,score_only,0.9,2018-06,2018-06-01 00:00:00,,5178,71,7501510af0ba154c313de0d8c08401f8276287c20a030a2abca6c55fd9cdc858,5aaff04dc19d63b5a2dd637a07f5527d21f5d0a7b23e9e0b532681e840c404ca,5aaff04dc19d63b5a2dd637a07f5527d21f5d0a7b23e9e0b532681e840c404ca,"{""alpha"":0.01,""solver"":""highs""}","[""promised_delivery_days"",""R1_score"",""R2_score""]",[],3766dc3232503b9ae286e55a8bd35fac5fe1d3245fcd29bcf71c7ba9cdc58637,554524eb313718c28b9d3285a712ffc61c8cff53aa0eb99a104dc11718b0db55,sha256_pickle_protocol_5_fitted_wrapper,,a6d4ea5e457fb16115588bf96c200086a69b750e8b7b7ece1538846a303a71f3,b187add9d353488cbebc63ca4c13b0952335beab4347499cee5aecdb82fe6401
severity,later_score_only_sensitivity,linear_quantile,linear_quantile,DQS,DQS,score_only,0.5,2018-06,2018-06-01 00:00:00,,5178,71,7501510af0ba154c313de0d8c08401f8276287c20a030a2abca6c55fd9cdc858,5aaff04dc19d63b5a2dd637a07f5527d21f5d0a7b23e9e0b532681e840c404ca,5aaff04dc19d63b5a2dd637a07f5527d21f5d0a7b23e9e0b532681e840c404ca,"{""alpha"":0.0001,""solver"":""highs""}","[""promised_delivery_days"",""S1_score"",""S2_score""]",[],1a935f0082e8f912fa6676e6c253f030507438f99e9ff86c8bb06e45d0333d82,9036a2e266c08b56ad0474b3b57e92bca89cea284788346bd909c73302b91333,sha256_pickle_protocol_5_fitted_wrapper,,a6d4ea5e457fb16115588bf96c200086a69b750e8b7b7ece1538846a303a71f3,b187add9d353488cbebc63ca4c13b0952335beab4347499cee5aecdb82fe6401
severity,later_score_only_sensitivity,linear_quantile,linear_quantile,DQS,DQS,score_only,0.9,2018-06,2018-06-01 00:00:00,,5178,71,7501510af0ba154c313de0d8c08401f8276287c20a030a2abca6c55fd9cdc858,5aaff04dc19d63b5a2dd637a07f5527d21f5d0a7b23e9e0b532681e840c404ca,5aaff04dc19d63b5a2dd637a07f5527d21f5d0a7b23e9e0b532681e840c404ca,"{""alpha"":0.01,""solver"":""highs""}","[""promised_delivery_days"",""S1_score"",""S2_score""]",[],1a935f0082e8f912fa6676e6c253f030507438f99e9ff86c8bb06e45d0333d82,44bf20860bce6f48d7d9d14fb752e2af39993294c319161cf01778482bbbf07e,sha256_pickle_protocol_5_fitted_wrapper,,a6d4ea5e457fb16115588bf96c200086a69b750e8b7b7ece1538846a303a71f3,b187add9d353488cbebc63ca4c13b0952335beab4347499cee5aecdb82fe6401
severity,later_score_only_sensitivity,xgboost_quantile,xgboost_quantile,DQB,DQB,score_only,0.5,2018-06,2018-06-01 00:00:00,,5178,71,7501510af0ba154c313de0d8c08401f8276287c20a030a2abca6c55fd9cdc858,5aaff04dc19d63b5a2dd637a07f5527d21f5d0a7b23e9e0b532681e840c404ca,5aaff04dc19d63b5a2dd637a07f5527d21f5d0a7b23e9e0b532681e840c404ca,"{""colsample_bytree"":0.8,""eval_metric"":""quantile"",""learning_rate"":0.03,""max_depth"":3,""min_child_weight"":5.0,""n_estimators"":1,""n_jobs"":4,""objective"":""reg:quantileerror"",""quantile_alpha"":0.5,""random_state"":20260823,""reg_alpha"":0.0,""reg_lambda"":1.0,""subsample"":0.8,""tree_method"":""hist""}","[""promised_delivery_days"",""S1_score"",""S2_score"",""R1_score"",""R2_score""]",[],8e839303586410634b4111720a721a21467d5baefb8e162bfcff1725b8a831bb,04e37764fb6760ed009ff8e41186b9c1cc4e044ea94b60347e35823eaa7ca642,sha256_pickle_protocol_5_fitted_wrapper,,a6d4ea5e457fb16115588bf96c200086a69b750e8b7b7ece1538846a303a71f3,b187add9d353488cbebc63ca4c13b0952335beab4347499cee5aecdb82fe6401
severity,later_score_only_sensitivity,xgboost_quantile,xgboost_quantile,DQB,DQB,score_only,0.9,2018-06,2018-06-01 00:00:00,,5178,71,7501510af0ba154c313de0d8c08401f8276287c20a030a2abca6c55fd9cdc858,5aaff04dc19d63b5a2dd637a07f5527d21f5d0a7b23e9e0b532681e840c404ca,5aaff04dc19d63b5a2dd637a07f5527d21f5d0a7b23e9e0b532681e840c404ca,"{""colsample_bytree"":0.8,""eval_metric"":""quantile"",""learning_rate"":0.03,""max_depth"":3,""min_child_weight"":5.0,""n_estimators"":5,""n_jobs"":4,""objective"":""reg:quantileerror"",""quantile_alpha"":0.9,""random_state"":20260823,""reg_alpha"":0.0,""reg_lambda"":1.0,""subsample"":0.8,""tree_method"":""hist""}","[""promised_delivery_days"",""S1_score"",""S2_score"",""R1_score"",""R2_score""]",[],8e839303586410634b4111720a721a21467d5baefb8e162bfcff1725b8a831bb,fd351bfdc3e340a5a8a1478c09ff2f56ee21ab7882672fd68a665f10ddf7f98a,sha256_pickle_protocol_5_fitted_wrapper,,a6d4ea5e457fb16115588bf96c200086a69b750e8b7b7ece1538846a303a71f3,b187add9d353488cbebc63ca4c13b0952335beab4347499cee5aecdb82fe6401
severity,later_score_only_sensitivity,xgboost_quantile,xgboost_quantile,DQG,DQG,score_only,0.5,2018-06,2018-06-01 00:00:00,,5178,71,7501510af0ba154c313de0d8c08401f8276287c20a030a2abca6c55fd9cdc858,5aaff04dc19d63b5a2dd637a07f5527d21f5d0a7b23e9e0b532681e840c404ca,5aaff04dc19d63b5a2dd637a07f5527d21f5d0a7b23e9e0b532681e840c404ca,"{""colsample_bytree"":0.8,""eval_metric"":""quantile"",""learning_rate"":0.03,""max_depth"":3,""min_child_weight"":5.0,""n_estimators"":1,""n_jobs"":4,""objective"":""reg:quantileerror"",""quantile_alpha"":0.5,""random_state"":20260823,""reg_alpha"":0.0,""reg_lambda"":1.0,""subsample"":0.8,""tree_method"":""hist""}","[""promised_delivery_days"",""R1_score"",""R2_score""]",[],3766dc3232503b9ae286e55a8bd35fac5fe1d3245fcd29bcf71c7ba9cdc58637,33aab8fc2916383f51ecd6cb9ccce42ff8e6c85e05a19f17b3261c698795d506,sha256_pickle_protocol_5_fitted_wrapper,,a6d4ea5e457fb16115588bf96c200086a69b750e8b7b7ece1538846a303a71f3,b187add9d353488cbebc63ca4c13b0952335beab4347499cee5aecdb82fe6401
severity,later_score_only_sensitivity,xgboost_quantile,xgboost_quantile,DQG,DQG,score_only,0.9,2018-06,2018-06-01 00:00:00,,5178,71,7501510af0ba154c313de0d8c08401f8276287c20a030a2abca6c55fd9cdc858,5aaff04dc19d63b5a2dd637a07f5527d21f5d0a7b23e9e0b532681e840c404ca,5aaff04dc19d63b5a2dd637a07f5527d21f5d0a7b23e9e0b532681e840c404ca,"{""colsample_bytree"":0.8,""eval_metric"":""quantile"",""learning_rate"":0.03,""max_depth"":3,""min_child_weight"":5.0,""n_estimators"":5,""n_jobs"":4,""objective"":""reg:quantileerror"",""quantile_alpha"":0.9,""random_state"":20260823,""reg_alpha"":0.0,""reg_lambda"":1.0,""subsample"":0.8,""tree_method"":""hist""}","[""promised_delivery_days"",""R1_score"",""R2_score""]",[],3766dc3232503b9ae286e55a8bd35fac5fe1d3245fcd29bcf71c7ba9cdc58637,3552d5b4ee69ce5c80f53b471daee827c779bb7b7621f39c853426db1d631a2f,sha256_pickle_protocol_5_fitted_wrapper,,a6d4ea5e457fb16115588bf96c200086a69b750e8b7b7ece1538846a303a71f3,b187add9d353488cbebc63ca4c13b0952335beab4347499cee5aecdb82fe6401
severity,later_score_only_sensitivity,xgboost_quantile,xgboost_quantile,DQS,DQS,score_only,0.5,2018-06,2018-06-01 00:00:00,,5178,71,7501510af0ba154c313de0d8c08401f8276287c20a030a2abca6c55fd9cdc858,5aaff04dc19d63b5a2dd637a07f5527d21f5d0a7b23e9e0b532681e840c404ca,5aaff04dc19d63b5a2dd637a07f5527d21f5d0a7b23e9e0b532681e840c404ca,"{""colsample_bytree"":0.8,""eval_metric"":""quantile"",""learning_rate"":0.03,""max_depth"":3,""min_child_weight"":5.0,""n_estimators"":1,""n_jobs"":4,""objective"":""reg:quantileerror"",""quantile_alpha"":0.5,""random_state"":20260823,""reg_alpha"":0.0,""reg_lambda"":1.0,""subsample"":0.8,""tree_method"":""hist""}","[""promised_delivery_days"",""S1_score"",""S2_score""]",[],1a935f0082e8f912fa6676e6c253f030507438f99e9ff86c8bb06e45d0333d82,98bd09a018163f768be2ac00b5fde64da0735d8ad0fbb69b86f813a6267158a1,sha256_pickle_protocol_5_fitted_wrapper,,a6d4ea5e457fb16115588bf96c200086a69b750e8b7b7ece1538846a303a71f3,b187add9d353488cbebc63ca4c13b0952335beab4347499cee5aecdb82fe6401
severity,later_score_only_sensitivity,xgboost_quantile,xgboost_quantile,DQS,DQS,score_only,0.9,2018-06,2018-06-01 00:00:00,,5178,71,7501510af0ba154c313de0d8c08401f8276287c20a030a2abca6c55fd9cdc858,5aaff04dc19d63b5a2dd637a07f5527d21f5d0a7b23e9e0b532681e840c404ca,5aaff04dc19d63b5a2dd637a07f5527d21f5d0a7b23e9e0b532681e840c404ca,"{""colsample_bytree"":0.8,""eval_metric"":""quantile"",""learning_rate"":0.03,""max_depth"":3,""min_child_weight"":5.0,""n_estimators"":5,""n_jobs"":4,""objective"":""reg:quantileerror"",""quantile_alpha"":0.9,""random_state"":20260823,""reg_alpha"":0.0,""reg_lambda"":1.0,""subsample"":0.8,""tree_method"":""hist""}","[""promised_delivery_days"",""S1_score"",""S2_score""]",[],1a935f0082e8f912fa6676e6c253f030507438f99e9ff86c8bb06e45d0333d82,b8a41c18e16ef777a538f1b5d4c9ad52bc8be5cf6dc401ed8047a8beb83afcbe,sha256_pickle_protocol_5_fitted_wrapper,,a6d4ea5e457fb16115588bf96c200086a69b750e8b7b7ece1538846a303a71f3,b187add9d353488cbebc63ca4c13b0952335beab4347499cee5aecdb82fe6401
severity,terminal_score_only_sensitivity,linear_quantile,linear_quantile,DQB,DQB,score_only,0.5,2018-07_to_2018-08,2018-07-01 00:00:00,,5654,601,7cbb50cfe461399849b79312dc92eb05c5b8e1ac7e79036c72b0776c3bc21aad,411c630c68b48c4d3c3d613201fd86996a7c6c54de543da9246dd19a726f1c22,411c630c68b48c4d3c3d613201fd86996a7c6c54de543da9246dd19a726f1c22,"{""alpha"":0.0001,""solver"":""highs""}","[""promised_delivery_days"",""S1_score"",""S2_score"",""R1_score"",""R2_score""]",[],8e839303586410634b4111720a721a21467d5baefb8e162bfcff1725b8a831bb,bdb74d20b63499f55747dd4e8bc3770704b6b35dc6906e32f73c00a53824359e,sha256_pickle_protocol_5_fitted_wrapper,,a6d4ea5e457fb16115588bf96c200086a69b750e8b7b7ece1538846a303a71f3,b187add9d353488cbebc63ca4c13b0952335beab4347499cee5aecdb82fe6401
severity,terminal_score_only_sensitivity,linear_quantile,linear_quantile,DQB,DQB,score_only,0.9,2018-07_to_2018-08,2018-07-01 00:00:00,,5654,601,7cbb50cfe461399849b79312dc92eb05c5b8e1ac7e79036c72b0776c3bc21aad,411c630c68b48c4d3c3d613201fd86996a7c6c54de543da9246dd19a726f1c22,411c630c68b48c4d3c3d613201fd86996a7c6c54de543da9246dd19a726f1c22,"{""alpha"":0.01,""solver"":""highs""}","[""promised_delivery_days"",""S1_score"",""S2_score"",""R1_score"",""R2_score""]",[],8e839303586410634b4111720a721a21467d5baefb8e162bfcff1725b8a831bb,24c6e262f41ad8a6a9005542ac655ab98059781f9e959c2a13e263cbc75b4e9a,sha256_pickle_protocol_5_fitted_wrapper,,a6d4ea5e457fb16115588bf96c200086a69b750e8b7b7ece1538846a303a71f3,b187add9d353488cbebc63ca4c13b0952335beab4347499cee5aecdb82fe6401
severity,terminal_score_only_sensitivity,linear_quantile,linear_quantile,DQG,DQG,score_only,0.5,2018-07_to_2018-08,2018-07-01 00:00:00,,5654,601,7cbb50cfe461399849b79312dc92eb05c5b8e1ac7e79036c72b0776c3bc21aad,411c630c68b48c4d3c3d613201fd86996a7c6c54de543da9246dd19a726f1c22,411c630c68b48c4d3c3d613201fd86996a7c6c54de543da9246dd19a726f1c22,"{""alpha"":0.0001,""solver"":""highs""}","[""promised_delivery_days"",""R1_score"",""R2_score""]",[],3766dc3232503b9ae286e55a8bd35fac5fe1d3245fcd29bcf71c7ba9cdc58637,85b17bb126145a9406231336c7435c70bff2947772eb5c6f7add870ff0289598,sha256_pickle_protocol_5_fitted_wrapper,,a6d4ea5e457fb16115588bf96c200086a69b750e8b7b7ece1538846a303a71f3,b187add9d353488cbebc63ca4c13b0952335beab4347499cee5aecdb82fe6401
severity,terminal_score_only_sensitivity,linear_quantile,linear_quantile,DQG,DQG,score_only,0.9,2018-07_to_2018-08,2018-07-01 00:00:00,,5654,601,7cbb50cfe461399849b79312dc92eb05c5b8e1ac7e79036c72b0776c3bc21aad,411c630c68b48c4d3c3d613201fd86996a7c6c54de543da9246dd19a726f1c22,411c630c68b48c4d3c3d613201fd86996a7c6c54de543da9246dd19a726f1c22,"{""alpha"":0.01,""solver"":""highs""}","[""promised_delivery_days"",""R1_score"",""R2_score""]",[],3766dc3232503b9ae286e55a8bd35fac5fe1d3245fcd29bcf71c7ba9cdc58637,7f799395706544290183b5b486c304b4d4930e2c6f498aa90831d25dafacdb21,sha256_pickle_protocol_5_fitted_wrapper,,a6d4ea5e457fb16115588bf96c200086a69b750e8b7b7ece1538846a303a71f3,b187add9d353488cbebc63ca4c13b0952335beab4347499cee5aecdb82fe6401
severity,terminal_score_only_sensitivity,linear_quantile,linear_quantile,DQS,DQS,score_only,0.5,2018-07_to_2018-08,2018-07-01 00:00:00,,5654,601,7cbb50cfe461399849b79312dc92eb05c5b8e1ac7e79036c72b0776c3bc21aad,411c630c68b48c4d3c3d613201fd86996a7c6c54de543da9246dd19a726f1c22,411c630c68b48c4d3c3d613201fd86996a7c6c54de543da9246dd19a726f1c22,"{""alpha"":0.0001,""solver"":""highs""}","[""promised_delivery_days"",""S1_score"",""S2_score""]",[],1a935f0082e8f912fa6676e6c253f030507438f99e9ff86c8bb06e45d0333d82,a93309b6435638ec838a72c49894c8228ad8e93b9f520189c2f0b2d87e4088dc,sha256_pickle_protocol_5_fitted_wrapper,,a6d4ea5e457fb16115588bf96c200086a69b750e8b7b7ece1538846a303a71f3,b187add9d353488cbebc63ca4c13b0952335beab4347499cee5aecdb82fe6401
severity,terminal_score_only_sensitivity,linear_quantile,linear_quantile,DQS,DQS,score_only,0.9,2018-07_to_2018-08,2018-07-01 00:00:00,,5654,601,7cbb50cfe461399849b79312dc92eb05c5b8e1ac7e79036c72b0776c3bc21aad,411c630c68b48c4d3c3d613201fd86996a7c6c54de543da9246dd19a726f1c22,411c630c68b48c4d3c3d613201fd86996a7c6c54de543da9246dd19a726f1c22,"{""alpha"":0.01,""solver"":""highs""}","[""promised_delivery_days"",""S1_score"",""S2_score""]",[],1a935f0082e8f912fa6676e6c253f030507438f99e9ff86c8bb06e45d0333d82,ea339638078c021b4560c309088cbdc6a128d2b29ce46f927ed3a5a805291bc3,sha256_pickle_protocol_5_fitted_wrapper,,a6d4ea5e457fb16115588bf96c200086a69b750e8b7b7ece1538846a303a71f3,b187add9d353488cbebc63ca4c13b0952335beab4347499cee5aecdb82fe6401
severity,terminal_score_only_sensitivity,xgboost_quantile,xgboost_quantile,DQB,DQB,score_only,0.5,2018-07_to_2018-08,2018-07-01 00:00:00,,5654,601,7cbb50cfe461399849b79312dc92eb05c5b8e1ac7e79036c72b0776c3bc21aad,411c630c68b48c4d3c3d613201fd86996a7c6c54de543da9246dd19a726f1c22,411c630c68b48c4d3c3d613201fd86996a7c6c54de543da9246dd19a726f1c22,"{""colsample_bytree"":0.8,""eval_metric"":""quantile"",""learning_rate"":0.03,""max_depth"":3,""min_child_weight"":5.0,""n_estimators"":1,""n_jobs"":4,""objective"":""reg:quantileerror"",""quantile_alpha"":0.5,""random_state"":20260823,""reg_alpha"":0.0,""reg_lambda"":1.0,""subsample"":0.8,""tree_method"":""hist""}","[""promised_delivery_days"",""S1_score"",""S2_score"",""R1_score"",""R2_score""]",[],8e839303586410634b4111720a721a21467d5baefb8e162bfcff1725b8a831bb,06d84d05e689ddf214ba28798090648c2a0c4bd57aec1129e8ced11a9c40093b,sha256_pickle_protocol_5_fitted_wrapper,,a6d4ea5e457fb16115588bf96c200086a69b750e8b7b7ece1538846a303a71f3,b187add9d353488cbebc63ca4c13b0952335beab4347499cee5aecdb82fe6401
severity,terminal_score_only_sensitivity,xgboost_quantile,xgboost_quantile,DQB,DQB,score_only,0.9,2018-07_to_2018-08,2018-07-01 00:00:00,,5654,601,7cbb50cfe461399849b79312dc92eb05c5b8e1ac7e79036c72b0776c3bc21aad,411c630c68b48c4d3c3d613201fd86996a7c6c54de543da9246dd19a726f1c22,411c630c68b48c4d3c3d613201fd86996a7c6c54de543da9246dd19a726f1c22,"{""colsample_bytree"":0.8,""eval_metric"":""quantile"",""learning_rate"":0.03,""max_depth"":3,""min_child_weight"":5.0,""n_estimators"":5,""n_jobs"":4,""objective"":""reg:quantileerror"",""quantile_alpha"":0.9,""random_state"":20260823,""reg_alpha"":0.0,""reg_lambda"":1.0,""subsample"":0.8,""tree_method"":""hist""}","[""promised_delivery_days"",""S1_score"",""S2_score"",""R1_score"",""R2_score""]",[],8e839303586410634b4111720a721a21467d5baefb8e162bfcff1725b8a831bb,b3eae4fc94216b49256f7b000eac1447773d6bc8f3d53c54091d6b02b5e16c16,sha256_pickle_protocol_5_fitted_wrapper,,a6d4ea5e457fb16115588bf96c200086a69b750e8b7b7ece1538846a303a71f3,b187add9d353488cbebc63ca4c13b0952335beab4347499cee5aecdb82fe6401
severity,terminal_score_only_sensitivity,xgboost_quantile,xgboost_quantile,DQG,DQG,score_only,0.5,2018-07_to_2018-08,2018-07-01 00:00:00,,5654,601,7cbb50cfe461399849b79312dc92eb05c5b8e1ac7e79036c72b0776c3bc21aad,411c630c68b48c4d3c3d613201fd86996a7c6c54de543da9246dd19a726f1c22,411c630c68b48c4d3c3d613201fd86996a7c6c54de543da9246dd19a726f1c22,"{""colsample_bytree"":0.8,""eval_metric"":""quantile"",""learning_rate"":0.03,""max_depth"":3,""min_child_weight"":5.0,""n_estimators"":1,""n_jobs"":4,""objective"":""reg:quantileerror"",""quantile_alpha"":0.5,""random_state"":20260823,""reg_alpha"":0.0,""reg_lambda"":1.0,""subsample"":0.8,""tree_method"":""hist""}","[""promised_delivery_days"",""R1_score"",""R2_score""]",[],3766dc3232503b9ae286e55a8bd35fac5fe1d3245fcd29bcf71c7ba9cdc58637,f4c4dc64dbc66e0c12c3093ee89d183c9541b64991815ffd718569359afbdad3,sha256_pickle_protocol_5_fitted_wrapper,,a6d4ea5e457fb16115588bf96c200086a69b750e8b7b7ece1538846a303a71f3,b187add9d353488cbebc63ca4c13b0952335beab4347499cee5aecdb82fe6401
severity,terminal_score_only_sensitivity,xgboost_quantile,xgboost_quantile,DQG,DQG,score_only,0.9,2018-07_to_2018-08,2018-07-01 00:00:00,,5654,601,7cbb50cfe461399849b79312dc92eb05c5b8e1ac7e79036c72b0776c3bc21aad,411c630c68b48c4d3c3d613201fd86996a7c6c54de543da9246dd19a726f1c22,411c630c68b48c4d3c3d613201fd86996a7c6c54de543da9246dd19a726f1c22,"{""colsample_bytree"":0.8,""eval_metric"":""quantile"",""learning_rate"":0.03,""max_depth"":3,""min_child_weight"":5.0,""n_estimators"":5,""n_jobs"":4,""objective"":""reg:quantileerror"",""quantile_alpha"":0.9,""random_state"":20260823,""reg_alpha"":0.0,""reg_lambda"":1.0,""subsample"":0.8,""tree_method"":""hist""}","[""promised_delivery_days"",""R1_score"",""R2_score""]",[],3766dc3232503b9ae286e55a8bd35fac5fe1d3245fcd29bcf71c7ba9cdc58637,387547c5f91f07e7f32c56557da775599eb8d5c14ebb6bc31bc7a34f6b9e54ae,sha256_pickle_protocol_5_fitted_wrapper,,a6d4ea5e457fb16115588bf96c200086a69b750e8b7b7ece1538846a303a71f3,b187add9d353488cbebc63ca4c13b0952335beab4347499cee5aecdb82fe6401
severity,terminal_score_only_sensitivity,xgboost_quantile,xgboost_quantile,DQS,DQS,score_only,0.5,2018-07_to_2018-08,2018-07-01 00:00:00,,5654,601,7cbb50cfe461399849b79312dc92eb05c5b8e1ac7e79036c72b0776c3bc21aad,411c630c68b48c4d3c3d613201fd86996a7c6c54de543da9246dd19a726f1c22,411c630c68b48c4d3c3d613201fd86996a7c6c54de543da9246dd19a726f1c22,"{""colsample_bytree"":0.8,""eval_metric"":""quantile"",""learning_rate"":0.03,""max_depth"":3,""min_child_weight"":5.0,""n_estimators"":1,""n_jobs"":4,""objective"":""reg:quantileerror"",""quantile_alpha"":0.5,""random_state"":20260823,""reg_alpha"":0.0,""reg_lambda"":1.0,""subsample"":0.8,""tree_method"":""hist""}","[""promised_delivery_days"",""S1_score"",""S2_score""]",[],1a935f0082e8f912fa6676e6c253f030507438f99e9ff86c8bb06e45d0333d82,fd801341505f3ce6d0ed1ff114ed2cb29ef485b55da87baaccfb5b3c0c685aba,sha256_pickle_protocol_5_fitted_wrapper,,a6d4ea5e457fb16115588bf96c200086a69b750e8b7b7ece1538846a303a71f3,b187add9d353488cbebc63ca4c13b0952335beab4347499cee5aecdb82fe6401
severity,terminal_score_only_sensitivity,xgboost_quantile,xgboost_quantile,DQS,DQS,score_only,0.9,2018-07_to_2018-08,2018-07-01 00:00:00,,5654,601,7cbb50cfe461399849b79312dc92eb05c5b8e1ac7e79036c72b0776c3bc21aad,411c630c68b48c4d3c3d613201fd86996a7c6c54de543da9246dd19a726f1c22,411c630c68b48c4d3c3d613201fd86996a7c6c54de543da9246dd19a726f1c22,"{""colsample_bytree"":0.8,""eval_metric"":""quantile"",""learning_rate"":0.03,""max_depth"":3,""min_child_weight"":5.0,""n_estimators"":5,""n_jobs"":4,""objective"":""reg:quantileerror"",""quantile_alpha"":0.9,""random_state"":20260823,""reg_alpha"":0.0,""reg_lambda"":1.0,""subsample"":0.8,""tree_method"":""hist""}","[""promised_delivery_days"",""S1_score"",""S2_score""]",[],1a935f0082e8f912fa6676e6c253f030507438f99e9ff86c8bb06e45d0333d82,cb2837d03a3d8a6a8b856511b373e97642ff7ec23cb4c89e4b2fccd9550f946a,sha256_pickle_protocol_5_fitted_wrapper,,a6d4ea5e457fb16115588bf96c200086a69b750e8b7b7ece1538846a303a71f3,b187add9d353488cbebc63ca4c13b0952335beab4347499cee5aecdb82fe6401
severity,terminal_stress,linear_quantile,linear_quantile,DQ0,DQ0,full,0.5,2018-07_to_2018-08,2018-07-01 00:00:00,,5654,601,7cbb50cfe461399849b79312dc92eb05c5b8e1ac7e79036c72b0776c3bc21aad,411c630c68b48c4d3c3d613201fd86996a7c6c54de543da9246dd19a726f1c22,411c630c68b48c4d3c3d613201fd86996a7c6c54de543da9246dd19a726f1c22,"{""alpha"":0.0001,""solver"":""highs""}","[""promised_delivery_days""]",[],66cc2d77e943d8c86206486126228139bfcf2b8dceb79a4918c6983dc0187373,4738842bd2f70815dba98b4021ea561933ed34e251ac1c9bc675b9ebb2632e0d,sha256_pickle_protocol_5_fitted_wrapper,,a6d4ea5e457fb16115588bf96c200086a69b750e8b7b7ece1538846a303a71f3,b187add9d353488cbebc63ca4c13b0952335beab4347499cee5aecdb82fe6401
severity,terminal_stress,linear_quantile,linear_quantile,DQ0,DQ0,full,0.9,2018-07_to_2018-08,2018-07-01 00:00:00,,5654,601,7cbb50cfe461399849b79312dc92eb05c5b8e1ac7e79036c72b0776c3bc21aad,411c630c68b48c4d3c3d613201fd86996a7c6c54de543da9246dd19a726f1c22,411c630c68b48c4d3c3d613201fd86996a7c6c54de543da9246dd19a726f1c22,"{""alpha"":0.01,""solver"":""highs""}","[""promised_delivery_days""]",[],66cc2d77e943d8c86206486126228139bfcf2b8dceb79a4918c6983dc0187373,8181c0d7b1cd843fecf239930f2645a54f3ffe0037adccb8859d678f5f641cbc,sha256_pickle_protocol_5_fitted_wrapper,,a6d4ea5e457fb16115588bf96c200086a69b750e8b7b7ece1538846a303a71f3,b187add9d353488cbebc63ca4c13b0952335beab4347499cee5aecdb82fe6401
severity,terminal_stress,linear_quantile,linear_quantile,DQB,DQB,full,0.5,2018-07_to_2018-08,2018-07-01 00:00:00,,5654,601,7cbb50cfe461399849b79312dc92eb05c5b8e1ac7e79036c72b0776c3bc21aad,411c630c68b48c4d3c3d613201fd86996a7c6c54de543da9246dd19a726f1c22,411c630c68b48c4d3c3d613201fd86996a7c6c54de543da9246dd19a726f1c22,"{""alpha"":0.0001,""solver"":""highs""}","[""promised_delivery_days"",""S1_score"",""S1_log1p_support"",""S1_cold_start"",""S1_posterior_se"",""S1_freshness_days"",""S2_score"",""S2_log1p_support"",""S2_cold_start"",""S2_posterior_se"",""S2_freshness_days"",""R1_score"",""R1_log1p_support"",""R1_cold_start"",""R1_posterior_se"",""R1_freshness_days"",""R2_score"",""R2_log1p_support"",""R2_cold_start"",""R2_posterior_se"",""R2_freshness_days""]",[],a0454aa702bc9350c7e026aecaf277c55a2b1f3ba8cdb7fc41bd7869195f33b0,1f6914d09231f8c9c06ce6f41e6f179134ebf7bd005f5350c42b2fa2d465d22b,sha256_pickle_protocol_5_fitted_wrapper,,a6d4ea5e457fb16115588bf96c200086a69b750e8b7b7ece1538846a303a71f3,b187add9d353488cbebc63ca4c13b0952335beab4347499cee5aecdb82fe6401
severity,terminal_stress,linear_quantile,linear_quantile,DQB,DQB,full,0.9,2018-07_to_2018-08,2018-07-01 00:00:00,,5654,601,7cbb50cfe461399849b79312dc92eb05c5b8e1ac7e79036c72b0776c3bc21aad,411c630c68b48c4d3c3d613201fd86996a7c6c54de543da9246dd19a726f1c22,411c630c68b48c4d3c3d613201fd86996a7c6c54de543da9246dd19a726f1c22,"{""alpha"":0.01,""solver"":""highs""}","[""promised_delivery_days"",""S1_score"",""S1_log1p_support"",""S1_cold_start"",""S1_posterior_se"",""S1_freshness_days"",""S2_score"",""S2_log1p_support"",""S2_cold_start"",""S2_posterior_se"",""S2_freshness_days"",""R1_score"",""R1_log1p_support"",""R1_cold_start"",""R1_posterior_se"",""R1_freshness_days"",""R2_score"",""R2_log1p_support"",""R2_cold_start"",""R2_posterior_se"",""R2_freshness_days""]",[],a0454aa702bc9350c7e026aecaf277c55a2b1f3ba8cdb7fc41bd7869195f33b0,7a7d05d79de055267a3f48c9d20d60801b0ca799b67b0c77a7be941186e963ef,sha256_pickle_protocol_5_fitted_wrapper,,a6d4ea5e457fb16115588bf96c200086a69b750e8b7b7ece1538846a303a71f3,b187add9d353488cbebc63ca4c13b0952335beab4347499cee5aecdb82fe6401
severity,terminal_stress,linear_quantile,linear_quantile,DQG,DQG,full,0.5,2018-07_to_2018-08,2018-07-01 00:00:00,,5654,601,7cbb50cfe461399849b79312dc92eb05c5b8e1ac7e79036c72b0776c3bc21aad,411c630c68b48c4d3c3d613201fd86996a7c6c54de543da9246dd19a726f1c22,411c630c68b48c4d3c3d613201fd86996a7c6c54de543da9246dd19a726f1c22,"{""alpha"":0.0001,""solver"":""highs""}","[""promised_delivery_days"",""R1_score"",""R1_log1p_support"",""R1_cold_start"",""R1_posterior_se"",""R1_freshness_days"",""R2_score"",""R2_log1p_support"",""R2_cold_start"",""R2_posterior_se"",""R2_freshness_days""]",[],55592a9c7809091ef26b0d7746c6992457e035aec9ee88f8469c73ec59a57b49,6bd6d88cad9fe5ca8f13a1dce04e3982341d8da64673044c6edcb8f568a5aea3,sha256_pickle_protocol_5_fitted_wrapper,,a6d4ea5e457fb16115588bf96c200086a69b750e8b7b7ece1538846a303a71f3,b187add9d353488cbebc63ca4c13b0952335beab4347499cee5aecdb82fe6401
severity,terminal_stress,linear_quantile,linear_quantile,DQG,DQG,full,0.9,2018-07_to_2018-08,2018-07-01 00:00:00,,5654,601,7cbb50cfe461399849b79312dc92eb05c5b8e1ac7e79036c72b0776c3bc21aad,411c630c68b48c4d3c3d613201fd86996a7c6c54de543da9246dd19a726f1c22,411c630c68b48c4d3c3d613201fd86996a7c6c54de543da9246dd19a726f1c22,"{""alpha"":0.01,""solver"":""highs""}","[""promised_delivery_days"",""R1_score"",""R1_log1p_support"",""R1_cold_start"",""R1_posterior_se"",""R1_freshness_days"",""R2_score"",""R2_log1p_support"",""R2_cold_start"",""R2_posterior_se"",""R2_freshness_days""]",[],55592a9c7809091ef26b0d7746c6992457e035aec9ee88f8469c73ec59a57b49,3c07ce2c93b702361b57ceeaeca5509e47962beb982d4ece0263ad9125d4ff94,sha256_pickle_protocol_5_fitted_wrapper,,a6d4ea5e457fb16115588bf96c200086a69b750e8b7b7ece1538846a303a71f3,b187add9d353488cbebc63ca4c13b0952335beab4347499cee5aecdb82fe6401
severity,terminal_stress,linear_quantile,linear_quantile,DQS,DQS,full,0.5,2018-07_to_2018-08,2018-07-01 00:00:00,,5654,601,7cbb50cfe461399849b79312dc92eb05c5b8e1ac7e79036c72b0776c3bc21aad,411c630c68b48c4d3c3d613201fd86996a7c6c54de543da9246dd19a726f1c22,411c630c68b48c4d3c3d613201fd86996a7c6c54de543da9246dd19a726f1c22,"{""alpha"":0.0001,""solver"":""highs""}","[""promised_delivery_days"",""S1_score"",""S1_log1p_support"",""S1_cold_start"",""S1_posterior_se"",""S1_freshness_days"",""S2_score"",""S2_log1p_support"",""S2_cold_start"",""S2_posterior_se"",""S2_freshness_days""]",[],94151faa7df685010a340beef27998ed0590545d3c929a0e725a31e63da5100f,f8ae71e5018ed31e8df6172e9f8f4d2509c25a77bb36ff13bd0d23269366e588,sha256_pickle_protocol_5_fitted_wrapper,,a6d4ea5e457fb16115588bf96c200086a69b750e8b7b7ece1538846a303a71f3,b187add9d353488cbebc63ca4c13b0952335beab4347499cee5aecdb82fe6401
severity,terminal_stress,linear_quantile,linear_quantile,DQS,DQS,full,0.9,2018-07_to_2018-08,2018-07-01 00:00:00,,5654,601,7cbb50cfe461399849b79312dc92eb05c5b8e1ac7e79036c72b0776c3bc21aad,411c630c68b48c4d3c3d613201fd86996a7c6c54de543da9246dd19a726f1c22,411c630c68b48c4d3c3d613201fd86996a7c6c54de543da9246dd19a726f1c22,"{""alpha"":0.01,""solver"":""highs""}","[""promised_delivery_days"",""S1_score"",""S1_log1p_support"",""S1_cold_start"",""S1_posterior_se"",""S1_freshness_days"",""S2_score"",""S2_log1p_support"",""S2_cold_start"",""S2_posterior_se"",""S2_freshness_days""]",[],94151faa7df685010a340beef27998ed0590545d3c929a0e725a31e63da5100f,9cf855b6e05f60442a8143ae082abf16c1e30f66122351fc6cab23aa23fd30f1,sha256_pickle_protocol_5_fitted_wrapper,,a6d4ea5e457fb16115588bf96c200086a69b750e8b7b7ece1538846a303a71f3,b187add9d353488cbebc63ca4c13b0952335beab4347499cee5aecdb82fe6401
severity,terminal_stress,xgboost_quantile,xgboost_quantile,DQ0,DQ0,full,0.5,2018-07_to_2018-08,2018-07-01 00:00:00,,5654,601,7cbb50cfe461399849b79312dc92eb05c5b8e1ac7e79036c72b0776c3bc21aad,411c630c68b48c4d3c3d613201fd86996a7c6c54de543da9246dd19a726f1c22,411c630c68b48c4d3c3d613201fd86996a7c6c54de543da9246dd19a726f1c22,"{""colsample_bytree"":0.8,""eval_metric"":""quantile"",""learning_rate"":0.03,""max_depth"":3,""min_child_weight"":5.0,""n_estimators"":1,""n_jobs"":4,""objective"":""reg:quantileerror"",""quantile_alpha"":0.5,""random_state"":20260823,""reg_alpha"":0.0,""reg_lambda"":1.0,""subsample"":0.8,""tree_method"":""hist""}","[""promised_delivery_days""]",[],66cc2d77e943d8c86206486126228139bfcf2b8dceb79a4918c6983dc0187373,6741e46ab24e6120859af849486485248dd765d7eac7921cbb1ac5d4cda4140c,sha256_pickle_protocol_5_fitted_wrapper,,a6d4ea5e457fb16115588bf96c200086a69b750e8b7b7ece1538846a303a71f3,b187add9d353488cbebc63ca4c13b0952335beab4347499cee5aecdb82fe6401
severity,terminal_stress,xgboost_quantile,xgboost_quantile,DQ0,DQ0,full,0.9,2018-07_to_2018-08,2018-07-01 00:00:00,,5654,601,7cbb50cfe461399849b79312dc92eb05c5b8e1ac7e79036c72b0776c3bc21aad,411c630c68b48c4d3c3d613201fd86996a7c6c54de543da9246dd19a726f1c22,411c630c68b48c4d3c3d613201fd86996a7c6c54de543da9246dd19a726f1c22,"{""colsample_bytree"":0.8,""eval_metric"":""quantile"",""learning_rate"":0.03,""max_depth"":3,""min_child_weight"":5.0,""n_estimators"":5,""n_jobs"":4,""objective"":""reg:quantileerror"",""quantile_alpha"":0.9,""random_state"":20260823,""reg_alpha"":0.0,""reg_lambda"":1.0,""subsample"":0.8,""tree_method"":""hist""}","[""promised_delivery_days""]",[],66cc2d77e943d8c86206486126228139bfcf2b8dceb79a4918c6983dc0187373,2cf6f37e498c5b3fb2c36704adbee56146ce2d20a2d9aaf7fc244585d9963edf,sha256_pickle_protocol_5_fitted_wrapper,,a6d4ea5e457fb16115588bf96c200086a69b750e8b7b7ece1538846a303a71f3,b187add9d353488cbebc63ca4c13b0952335beab4347499cee5aecdb82fe6401
severity,terminal_stress,xgboost_quantile,xgboost_quantile,DQB,DQB,full,0.5,2018-07_to_2018-08,2018-07-01 00:00:00,,5654,601,7cbb50cfe461399849b79312dc92eb05c5b8e1ac7e79036c72b0776c3bc21aad,411c630c68b48c4d3c3d613201fd86996a7c6c54de543da9246dd19a726f1c22,411c630c68b48c4d3c3d613201fd86996a7c6c54de543da9246dd19a726f1c22,"{""colsample_bytree"":0.8,""eval_metric"":""quantile"",""learning_rate"":0.03,""max_depth"":3,""min_child_weight"":5.0,""n_estimators"":1,""n_jobs"":4,""objective"":""reg:quantileerror"",""quantile_alpha"":0.5,""random_state"":20260823,""reg_alpha"":0.0,""reg_lambda"":1.0,""subsample"":0.8,""tree_method"":""hist""}","[""promised_delivery_days"",""S1_score"",""S1_log1p_support"",""S1_cold_start"",""S1_posterior_se"",""S1_freshness_days"",""S2_score"",""S2_log1p_support"",""S2_cold_start"",""S2_posterior_se"",""S2_freshness_days"",""R1_score"",""R1_log1p_support"",""R1_cold_start"",""R1_posterior_se"",""R1_freshness_days"",""R2_score"",""R2_log1p_support"",""R2_cold_start"",""R2_posterior_se"",""R2_freshness_days""]",[],a0454aa702bc9350c7e026aecaf277c55a2b1f3ba8cdb7fc41bd7869195f33b0,19d6e81c44fe9f52200691c15e878a2b57b5a79afa49fa7f072c7f164341705e,sha256_pickle_protocol_5_fitted_wrapper,,a6d4ea5e457fb16115588bf96c200086a69b750e8b7b7ece1538846a303a71f3,b187add9d353488cbebc63ca4c13b0952335beab4347499cee5aecdb82fe6401
severity,terminal_stress,xgboost_quantile,xgboost_quantile,DQB,DQB,full,0.9,2018-07_to_2018-08,2018-07-01 00:00:00,,5654,601,7cbb50cfe461399849b79312dc92eb05c5b8e1ac7e79036c72b0776c3bc21aad,411c630c68b48c4d3c3d613201fd86996a7c6c54de543da9246dd19a726f1c22,411c630c68b48c4d3c3d613201fd86996a7c6c54de543da9246dd19a726f1c22,"{""colsample_bytree"":0.8,""eval_metric"":""quantile"",""learning_rate"":0.03,""max_depth"":3,""min_child_weight"":5.0,""n_estimators"":5,""n_jobs"":4,""objective"":""reg:quantileerror"",""quantile_alpha"":0.9,""random_state"":20260823,""reg_alpha"":0.0,""reg_lambda"":1.0,""subsample"":0.8,""tree_method"":""hist""}","[""promised_delivery_days"",""S1_score"",""S1_log1p_support"",""S1_cold_start"",""S1_posterior_se"",""S1_freshness_days"",""S2_score"",""S2_log1p_support"",""S2_cold_start"",""S2_posterior_se"",""S2_freshness_days"",""R1_score"",""R1_log1p_support"",""R1_cold_start"",""R1_posterior_se"",""R1_freshness_days"",""R2_score"",""R2_log1p_support"",""R2_cold_start"",""R2_posterior_se"",""R2_freshness_days""]",[],a0454aa702bc9350c7e026aecaf277c55a2b1f3ba8cdb7fc41bd7869195f33b0,e592691b4f6b0a81f9dc15df7a2ed444a9e577f79d614c911079976e25a59dfa,sha256_pickle_protocol_5_fitted_wrapper,,a6d4ea5e457fb16115588bf96c200086a69b750e8b7b7ece1538846a303a71f3,b187add9d353488cbebc63ca4c13b0952335beab4347499cee5aecdb82fe6401
severity,terminal_stress,xgboost_quantile,xgboost_quantile,DQG,DQG,full,0.5,2018-07_to_2018-08,2018-07-01 00:00:00,,5654,601,7cbb50cfe461399849b79312dc92eb05c5b8e1ac7e79036c72b0776c3bc21aad,411c630c68b48c4d3c3d613201fd86996a7c6c54de543da9246dd19a726f1c22,411c630c68b48c4d3c3d613201fd86996a7c6c54de543da9246dd19a726f1c22,"{""colsample_bytree"":0.8,""eval_metric"":""quantile"",""learning_rate"":0.03,""max_depth"":3,""min_child_weight"":5.0,""n_estimators"":1,""n_jobs"":4,""objective"":""reg:quantileerror"",""quantile_alpha"":0.5,""random_state"":20260823,""reg_alpha"":0.0,""reg_lambda"":1.0,""subsample"":0.8,""tree_method"":""hist""}","[""promised_delivery_days"",""R1_score"",""R1_log1p_support"",""R1_cold_start"",""R1_posterior_se"",""R1_freshness_days"",""R2_score"",""R2_log1p_support"",""R2_cold_start"",""R2_posterior_se"",""R2_freshness_days""]",[],55592a9c7809091ef26b0d7746c6992457e035aec9ee88f8469c73ec59a57b49,1c36a3c078a28c198619d913746c3617cab366041f88ccff64fa26023f19b31a,sha256_pickle_protocol_5_fitted_wrapper,,a6d4ea5e457fb16115588bf96c200086a69b750e8b7b7ece1538846a303a71f3,b187add9d353488cbebc63ca4c13b0952335beab4347499cee5aecdb82fe6401
severity,terminal_stress,xgboost_quantile,xgboost_quantile,DQG,DQG,full,0.9,2018-07_to_2018-08,2018-07-01 00:00:00,,5654,601,7cbb50cfe461399849b79312dc92eb05c5b8e1ac7e79036c72b0776c3bc21aad,411c630c68b48c4d3c3d613201fd86996a7c6c54de543da9246dd19a726f1c22,411c630c68b48c4d3c3d613201fd86996a7c6c54de543da9246dd19a726f1c22,"{""colsample_bytree"":0.8,""eval_metric"":""quantile"",""learning_rate"":0.03,""max_depth"":3,""min_child_weight"":5.0,""n_estimators"":5,""n_jobs"":4,""objective"":""reg:quantileerror"",""quantile_alpha"":0.9,""random_state"":20260823,""reg_alpha"":0.0,""reg_lambda"":1.0,""subsample"":0.8,""tree_method"":""hist""}","[""promised_delivery_days"",""R1_score"",""R1_log1p_support"",""R1_cold_start"",""R1_posterior_se"",""R1_freshness_days"",""R2_score"",""R2_log1p_support"",""R2_cold_start"",""R2_posterior_se"",""R2_freshness_days""]",[],55592a9c7809091ef26b0d7746c6992457e035aec9ee88f8469c73ec59a57b49,0b8a8ca658daa10068bde23cfc7f8f8a21095b01497dc9be0df87a6b5a0c2309,sha256_pickle_protocol_5_fitted_wrapper,,a6d4ea5e457fb16115588bf96c200086a69b750e8b7b7ece1538846a303a71f3,b187add9d353488cbebc63ca4c13b0952335beab4347499cee5aecdb82fe6401
severity,terminal_stress,xgboost_quantile,xgboost_quantile,DQS,DQS,full,0.5,2018-07_to_2018-08,2018-07-01 00:00:00,,5654,601,7cbb50cfe461399849b79312dc92eb05c5b8e1ac7e79036c72b0776c3bc21aad,411c630c68b48c4d3c3d613201fd86996a7c6c54de543da9246dd19a726f1c22,411c630c68b48c4d3c3d613201fd86996a7c6c54de543da9246dd19a726f1c22,"{""colsample_bytree"":0.8,""eval_metric"":""quantile"",""learning_rate"":0.03,""max_depth"":3,""min_child_weight"":5.0,""n_estimators"":1,""n_jobs"":4,""objective"":""reg:quantileerror"",""quantile_alpha"":0.5,""random_state"":20260823,""reg_alpha"":0.0,""reg_lambda"":1.0,""subsample"":0.8,""tree_method"":""hist""}","[""promised_delivery_days"",""S1_score"",""S1_log1p_support"",""S1_cold_start"",""S1_posterior_se"",""S1_freshness_days"",""S2_score"",""S2_log1p_support"",""S2_cold_start"",""S2_posterior_se"",""S2_freshness_days""]",[],94151faa7df685010a340beef27998ed0590545d3c929a0e725a31e63da5100f,7bd08c8bfb72fd89a9b53d6d5ac7fbe3c59d6227f853399912ecc8c519006310,sha256_pickle_protocol_5_fitted_wrapper,,a6d4ea5e457fb16115588bf96c200086a69b750e8b7b7ece1538846a303a71f3,b187add9d353488cbebc63ca4c13b0952335beab4347499cee5aecdb82fe6401
severity,terminal_stress,xgboost_quantile,xgboost_quantile,DQS,DQS,full,0.9,2018-07_to_2018-08,2018-07-01 00:00:00,,5654,601,7cbb50cfe461399849b79312dc92eb05c5b8e1ac7e79036c72b0776c3bc21aad,411c630c68b48c4d3c3d613201fd86996a7c6c54de543da9246dd19a726f1c22,411c630c68b48c4d3c3d613201fd86996a7c6c54de543da9246dd19a726f1c22,"{""colsample_bytree"":0.8,""eval_metric"":""quantile"",""learning_rate"":0.03,""max_depth"":3,""min_child_weight"":5.0,""n_estimators"":5,""n_jobs"":4,""objective"":""reg:quantileerror"",""quantile_alpha"":0.9,""random_state"":20260823,""reg_alpha"":0.0,""reg_lambda"":1.0,""subsample"":0.8,""tree_method"":""hist""}","[""promised_delivery_days"",""S1_score"",""S1_log1p_support"",""S1_cold_start"",""S1_posterior_se"",""S1_freshness_days"",""S2_score"",""S2_log1p_support"",""S2_cold_start"",""S2_posterior_se"",""S2_freshness_days""]",[],94151faa7df685010a340beef27998ed0590545d3c929a0e725a31e63da5100f,9ce70faf9341539ffd747f5ecb69e809b7c94d9dc95b1f8c824ded5df4913819,sha256_pickle_protocol_5_fitted_wrapper,,a6d4ea5e457fb16115588bf96c200086a69b750e8b7b7ece1538846a303a71f3,b187add9d353488cbebc63ca4c13b0952335beab4347499cee5aecdb82fe6401
