period,cohort,cohort_month,origin,family,model_id,model_name,quantile,representation,n_train_breaches,train_order_id_sha256,fitted_model_sha256,model_hash_type,unconditional_training_quantile,unconditional_reference_loss,baseline_pinball_loss,dq0_reference_loss,skill,skill_vs_dq0,skill_vs_unconditional,nominal_coverage,order_id_sha256,n_orders,pinball_loss,empirical_coverage,coverage_error,median_prediction,mean_prediction,median_actual,mean_actual,mean_exceedance,p90_absolute_error,model_family,specification,n_obs,coverage,comparison,candidate_model,reference_model,ablation_id,favourable_month_count
later,2018-01,2018-01,2018-01-01,linear_quantile,DQB,Promise + both profile blocks,0.5,full,1575,e6a57d0489d8ee13591169e9f3fa6f0c76d0a20b8826c31bd454f882ce01994b,3e865ad0d6c2134f4621b5d6a2bff082d3a7a972a73b8d27afc0b6cb110b97c8,sha256_pickle_protocol_5_fitted_wrapper,5,4.31389578164,4.23722268556,4.23722268556,-0.000963327506661,-0.000963327506661,0.0168273102984,0.5,cc962f7c6748592fd8cbeb18e371836d602ddaae3749434d4bfdae9acdb702b7,403,4.24130451873,0.446650124069,-0.0533498759305,6.21481043493,6.15250612823,7,11.8808933002,12.8408777408,18.538171383,linear_quantile,DQB,403,0.446650124069,DQB-DQ0,DQB,DQ0,DQB_full,
later,2018-01,2018-01,2018-01-01,linear_quantile,DQB,Promise + both profile blocks,0.5,score_only,1575,e6a57d0489d8ee13591169e9f3fa6f0c76d0a20b8826c31bd454f882ce01994b,da74543683b38944d7e31a3fa75610ea8aedb8fae7b35721e717ae6a3c6bc5c0,sha256_pickle_protocol_5_fitted_wrapper,,,4.23722268556,4.23722268556,-0.000365331031053,-0.000365331031053,,0.5,cc962f7c6748592fd8cbeb18e371836d602ddaae3749434d4bfdae9acdb702b7,403,4.23877067449,0.441687344913,-0.0583126550868,6.11564022566,5.98089837871,7,11.8808933002,12.8758824823,19.2027988897,linear_quantile,DQB,403,0.441687344913,DQB-DQ0,DQB,DQ0,DQB_score_only,
later,2018-01,2018-01,2018-01-01,linear_quantile,DQB,Promise + both profile blocks,0.9,full,1575,e6a57d0489d8ee13591169e9f3fa6f0c76d0a20b8826c31bd454f882ce01994b,8febeaa9c51b59c3ba2ad6053f26a72fd9918c515f1422f78bbe96ac7db1dad6,sha256_pickle_protocol_5_fitted_wrapper,17,4.05037220844,3.91393097227,3.91393097227,-0.0100480214148,-0.0100480214148,0.0239765554737,0.9,cc962f7c6748592fd8cbeb18e371836d602ddaae3749434d4bfdae9acdb702b7,403,3.95325823449,0.813895781638,-0.0861042183623,17.7917627595,17.9986415311,7,11.8808933002,17.9549041973,18.0718958775,linear_quantile,DQB,403,0.813895781638,DQB-DQ0,DQB,DQ0,DQB_full,
later,2018-01,2018-01,2018-01-01,linear_quantile,DQB,Promise + both profile blocks,0.9,score_only,1575,e6a57d0489d8ee13591169e9f3fa6f0c76d0a20b8826c31bd454f882ce01994b,a5f6d4bce150bce23cab5f9100f1a4ddc2d92ccc1dfbc4fc8057cef4111dfc73,sha256_pickle_protocol_5_fitted_wrapper,,,3.91393097227,3.91393097227,0.00141214928033,0.00141214928033,,0.9,cc962f7c6748592fd8cbeb18e371836d602ddaae3749434d4bfdae9acdb702b7,403,3.90840391746,0.826302729529,-0.0736972704715,18.3723860877,18.3876675731,7,11.8808933002,18.7551967935,18.145424798,linear_quantile,DQB,403,0.826302729529,DQB-DQ0,DQB,DQ0,DQB_score_only,
later,2018-01,2018-01,2018-01-01,linear_quantile,DQG,Promise + state-OD profiles,0.5,full,1575,e6a57d0489d8ee13591169e9f3fa6f0c76d0a20b8826c31bd454f882ce01994b,c55cda28df574f670b3f1d60d36c91971b5d06ca1aa678db906a5756fcd633ae,sha256_pickle_protocol_5_fitted_wrapper,5,4.31389578164,4.23722268556,4.23722268556,0.00308195419239,0.00308195419239,0.0208006931181,0.5,cc962f7c6748592fd8cbeb18e371836d602ddaae3749434d4bfdae9acdb702b7,403,4.22416375934,0.449131513648,-0.0508684863524,6.3840198451,6.17865850441,7,11.8808933002,12.8438662449,18.6432967151,linear_quantile,DQG,403,0.449131513648,DQG-DQ0,DQG,DQ0,DQG_full,
later,2018-01,2018-01,2018-01-01,linear_quantile,DQG,Promise + state-OD profiles,0.5,score_only,1575,e6a57d0489d8ee13591169e9f3fa6f0c76d0a20b8826c31bd454f882ce01994b,ad1a93d64d2e4fffc39f07ba4d3fd55412a18ed52d57251a427c1e3a7a1653ef,sha256_pickle_protocol_5_fitted_wrapper,,,4.23722268556,4.23722268556,0.000879165280191,0.000879165280191,,0.5,cc962f7c6748592fd8cbeb18e371836d602ddaae3749434d4bfdae9acdb702b7,403,4.23349746649,0.441687344913,-0.0583126550868,6.31219285581,6.10340092328,7,11.8808933002,12.7567297465,19.0866395836,linear_quantile,DQG,403,0.441687344913,DQG-DQ0,DQG,DQ0,DQG_score_only,
later,2018-01,2018-01,2018-01-01,linear_quantile,DQG,Promise + state-OD profiles,0.9,full,1575,e6a57d0489d8ee13591169e9f3fa6f0c76d0a20b8826c31bd454f882ce01994b,6e888c90913df3f35fc91ae107390d3f90651473bdd3f7ce6bcd088a830df933,sha256_pickle_protocol_5_fitted_wrapper,17,4.05037220844,3.91393097227,3.91393097227,-0.0197745187998,-0.0197745187998,0.0145777058353,0.9,cc962f7c6748592fd8cbeb18e371836d602ddaae3749434d4bfdae9acdb702b7,403,3.99132707386,0.808933002481,-0.0910669975186,17.6785768535,17.7788533899,7,11.8808933002,17.8028184306,18.059652085,linear_quantile,DQG,403,0.808933002481,DQG-DQ0,DQG,DQ0,DQG_full,
later,2018-01,2018-01,2018-01-01,linear_quantile,DQG,Promise + state-OD profiles,0.9,score_only,1575,e6a57d0489d8ee13591169e9f3fa6f0c76d0a20b8826c31bd454f882ce01994b,d9e1d720bfd4190dd956c4bb00ddae6eca19ba94ba13a28f6fb6c2172f76d554,sha256_pickle_protocol_5_fitted_wrapper,,,3.91393097227,3.91393097227,0,0,,0.9,cc962f7c6748592fd8cbeb18e371836d602ddaae3749434d4bfdae9acdb702b7,403,3.91393097227,0.826302729529,-0.0736972704715,18.3552736439,18.5051619076,7,11.8808933002,18.7193736707,18.4541437647,linear_quantile,DQG,403,0.826302729529,DQG-DQ0,DQG,DQ0,DQG_score_only,
later,2018-01,2018-01,2018-01-01,linear_quantile,DQS,Promise + seller profiles,0.5,full,1575,e6a57d0489d8ee13591169e9f3fa6f0c76d0a20b8826c31bd454f882ce01994b,2782d4b6f92c7fa4e75545c1f24f3397e317b4d50e9317cc74c232c84fd4572e,sha256_pickle_protocol_5_fitted_wrapper,5,4.31389578164,4.23722268556,4.23722268556,-0.00222860787342,-0.00222860787342,0.0155845184126,0.5,cc962f7c6748592fd8cbeb18e371836d602ddaae3749434d4bfdae9acdb702b7,403,4.2466657934,0.424317617866,-0.075682382134,5.7404150646,5.73457178597,7,11.8808933002,12.7150435339,19.4145829935,linear_quantile,DQS,403,0.424317617866,DQS-DQ0,DQS,DQ0,DQS_full,
later,2018-01,2018-01,2018-01-01,linear_quantile,DQS,Promise + seller profiles,0.5,score_only,1575,e6a57d0489d8ee13591169e9f3fa6f0c76d0a20b8826c31bd454f882ce01994b,1fa71f4038a8e93321019ce251ec57e70f5b2ba351d941a2471d2b7904039d62,sha256_pickle_protocol_5_fitted_wrapper,,,4.23722268556,4.23722268556,-0.000882984911408,-0.000882984911408,,0.5,cc962f7c6748592fd8cbeb18e371836d602ddaae3749434d4bfdae9acdb702b7,403,4.24096408926,0.414392059553,-0.0856079404467,5.75987267997,5.77314383177,7,11.8808933002,12.4568646011,19.2683918454,linear_quantile,DQS,403,0.414392059553,DQS-DQ0,DQS,DQ0,DQS_score_only,
later,2018-01,2018-01,2018-01-01,linear_quantile,DQS,Promise + seller profiles,0.9,full,1575,e6a57d0489d8ee13591169e9f3fa6f0c76d0a20b8826c31bd454f882ce01994b,7961a6f1adae616f90d9609e77458e35bb391f63182a8f0551bc510c969ac665,sha256_pickle_protocol_5_fitted_wrapper,17,4.05037220844,3.91393097227,3.91393097227,0.00434252522095,0.00434252522095,0.0378823407416,0.9,cc962f7c6748592fd8cbeb18e371836d602ddaae3749434d4bfdae9acdb702b7,403,3.89693462831,0.826302729529,-0.0736972704715,18.1905332719,18.3681820605,7,11.8808933002,18.7003845453,18.1631974845,linear_quantile,DQS,403,0.826302729529,DQS-DQ0,DQS,DQ0,DQS_full,
later,2018-01,2018-01,2018-01-01,linear_quantile,DQS,Promise + seller profiles,0.9,score_only,1575,e6a57d0489d8ee13591169e9f3fa6f0c76d0a20b8826c31bd454f882ce01994b,84cea58908318516ba76925d01481ac31d3903bd3e1bec00413aa456b9f40e25,sha256_pickle_protocol_5_fitted_wrapper,,,3.91393097227,3.91393097227,0.00141214928033,0.00141214928033,,0.9,cc962f7c6748592fd8cbeb18e371836d602ddaae3749434d4bfdae9acdb702b7,403,3.90840391746,0.826302729529,-0.0736972704715,18.3723860877,18.3876675731,7,11.8808933002,18.7551967935,18.145424798,linear_quantile,DQS,403,0.826302729529,DQS-DQ0,DQS,DQ0,DQS_score_only,
later,2018-01,2018-01,2018-01-01,xgboost_quantile,DQB,Promise + both profile blocks,0.5,full,1575,e6a57d0489d8ee13591169e9f3fa6f0c76d0a20b8826c31bd454f882ce01994b,83ea90889ffbe98ba0a6b0c59de775a492a3c4b315a00d9f1042ea2382df6b47,sha256_pickle_protocol_5_fitted_wrapper,5,4.31389578164,4.31145781145,4.31145781145,-0.000129494632217,-0.000129494632217,0.000435722055948,0.5,cc962f7c6748592fd8cbeb18e371836d602ddaae3749434d4bfdae9acdb702b7,403,4.3120161221,0.397022332506,-0.102977667494,5.03000020981,5.02132767306,7,11.8808933002,12.8392797164,19.9699997902,xgboost_quantile,DQB,403,0.397022332506,DQB-DQ0,DQB,DQ0,DQB_full,
later,2018-01,2018-01,2018-01-01,xgboost_quantile,DQB,Promise + both profile blocks,0.5,score_only,1575,e6a57d0489d8ee13591169e9f3fa6f0c76d0a20b8826c31bd454f882ce01994b,44ad6c808499f4412994daa01caf76f54f2cef410bcf3955cb00e91a743b8378,sha256_pickle_protocol_5_fitted_wrapper,,,4.31145781145,4.31145781145,0.000125176657949,0.000125176657949,,0.5,cc962f7c6748592fd8cbeb18e371836d602ddaae3749434d4bfdae9acdb702b7,403,4.31091811758,0.397022332506,-0.102977667494,5.03000020981,5.03081887177,7,11.8808933002,12.8295884721,19.9639998436,xgboost_quantile,DQB,403,0.397022332506,DQB-DQ0,DQB,DQ0,DQB_score_only,
later,2018-01,2018-01,2018-01-01,xgboost_quantile,DQB,Promise + both profile blocks,0.9,full,1575,e6a57d0489d8ee13591169e9f3fa6f0c76d0a20b8826c31bd454f882ce01994b,113bae262b787fa72764a1a07b8849a0942304c91bc17ee60dfa77d1822242fb,sha256_pickle_protocol_5_fitted_wrapper,17,4.05037220844,3.99849137952,3.99849137952,-0.0134393822764,-0.0134393822764,-0.000458334485945,0.9,cc962f7c6748592fd8cbeb18e371836d602ddaae3749434d4bfdae9acdb702b7,403,4.0522286337,0.806451612903,-0.0935483870968,17.1143398285,17.1194687694,7,11.8808933002,18.2299172817,16.236371994,xgboost_quantile,DQB,403,0.806451612903,DQB-DQ0,DQB,DQ0,DQB_full,
later,2018-01,2018-01,2018-01-01,xgboost_quantile,DQB,Promise + both profile blocks,0.9,score_only,1575,e6a57d0489d8ee13591169e9f3fa6f0c76d0a20b8826c31bd454f882ce01994b,3871ba85069488af2c2bed3d74d907b9fa01bfdad11023f66af0fbf52fcaa7bb,sha256_pickle_protocol_5_fitted_wrapper,,,3.99849137952,3.99849137952,-0.00484819066465,-0.00484819066465,,0.9,cc962f7c6748592fd8cbeb18e371836d602ddaae3749434d4bfdae9acdb702b7,403,4.0178768281,0.806451612903,-0.0935483870968,16.9783611298,17.4741264514,7,11.8808933002,17.8691931504,16.6344776154,xgboost_quantile,DQB,403,0.806451612903,DQB-DQ0,DQB,DQ0,DQB_score_only,
later,2018-01,2018-01,2018-01-01,xgboost_quantile,DQG,Promise + state-OD profiles,0.5,full,1575,e6a57d0489d8ee13591169e9f3fa6f0c76d0a20b8826c31bd454f882ce01994b,aab35819807e78e72bdd80568e4cd72ed9baadbc3784d373f720a9761c591981,sha256_pickle_protocol_5_fitted_wrapper,5,4.31389578164,4.31145781145,4.31145781145,7.33786678441e-05,7.33786678441e-05,0.000638480703482,0.5,cc962f7c6748592fd8cbeb18e371836d602ddaae3749434d4bfdae9acdb702b7,403,4.31114144242,0.397022332506,-0.102977667494,5.03000020981,5.03305212026,7,11.8808933002,12.828106992,19.9400000572,xgboost_quantile,DQG,403,0.397022332506,DQG-DQ0,DQG,DQ0,DQG_full,
later,2018-01,2018-01,2018-01-01,xgboost_quantile,DQG,Promise + state-OD profiles,0.5,score_only,1575,e6a57d0489d8ee13591169e9f3fa6f0c76d0a20b8826c31bd454f882ce01994b,bc36cc22e6f2c8cb7db81232ced17124893037fd457480029db5f43f73cc0fd5,sha256_pickle_protocol_5_fitted_wrapper,,,4.31145781145,4.31145781145,-0.000116548805271,-0.000116548805271,,0.5,cc962f7c6748592fd8cbeb18e371836d602ddaae3749434d4bfdae9acdb702b7,403,4.31196030671,0.379652605459,-0.120347394541,5.03000020981,5.02650122252,7,11.8808933002,12.4755200291,19.9099998474,xgboost_quantile,DQG,403,0.379652605459,DQG-DQ0,DQG,DQ0,DQG_score_only,
later,2018-01,2018-01,2018-01-01,xgboost_quantile,DQG,Promise + state-OD profiles,0.9,full,1575,e6a57d0489d8ee13591169e9f3fa6f0c76d0a20b8826c31bd454f882ce01994b,656dc7795137addc1ee59628935e56685e17a493457b663d41044c122f199542,sha256_pickle_protocol_5_fitted_wrapper,17,4.05037220844,3.99849137952,3.99849137952,-0.00750139439457,-0.00750139439457,0.00540359427895,0.9,cc962f7c6748592fd8cbeb18e371836d602ddaae3749434d4bfdae9acdb702b7,403,4.02848564034,0.801488833747,-0.0985111662531,16.9246368408,17.0968821126,7,11.8808933002,17.665942049,16.3882511139,xgboost_quantile,DQG,403,0.801488833747,DQG-DQ0,DQG,DQ0,DQG_full,
later,2018-01,2018-01,2018-01-01,xgboost_quantile,DQG,Promise + state-OD profiles,0.9,score_only,1575,e6a57d0489d8ee13591169e9f3fa6f0c76d0a20b8826c31bd454f882ce01994b,7a8a4ccb589af5909afa56394c58512214c492a2d4311d4d999cc6a8e224d43d,sha256_pickle_protocol_5_fitted_wrapper,,,3.99849137952,3.99849137952,-0.00225089179628,-0.00225089179628,,0.9,cc962f7c6748592fd8cbeb18e371836d602ddaae3749434d4bfdae9acdb702b7,403,4.00749155097,0.808933002481,-0.0910669975186,17.2035732269,17.5262354953,7,11.8808933002,18.0196338257,16.3966617584,xgboost_quantile,DQG,403,0.808933002481,DQG-DQ0,DQG,DQ0,DQG_score_only,
later,2018-01,2018-01,2018-01-01,xgboost_quantile,DQS,Promise + seller profiles,0.5,full,1575,e6a57d0489d8ee13591169e9f3fa6f0c76d0a20b8826c31bd454f882ce01994b,916bb843ae3f3e3d8ee628f362000c3dcf73dc35ddc9c81f653670650bc02488,sha256_pickle_protocol_5_fitted_wrapper,5,4.31389578164,4.31145781145,4.31145781145,-0.000643159440575,-0.000643159440575,-7.76524580792e-05,0.5,cc962f7c6748592fd8cbeb18e371836d602ddaae3749434d4bfdae9acdb702b7,403,4.31423076625,0.374689826303,-0.125310173697,5,5.01086849374,7,11.8808933002,12.3926388782,20.0359999657,xgboost_quantile,DQS,403,0.374689826303,DQS-DQ0,DQS,DQ0,DQS_full,
later,2018-01,2018-01,2018-01-01,xgboost_quantile,DQS,Promise + seller profiles,0.5,score_only,1575,e6a57d0489d8ee13591169e9f3fa6f0c76d0a20b8826c31bd454f882ce01994b,8d480ab57557454a96bc248a0ff5d83b5a88f035206d3ca08bf764ce997a3aa9,sha256_pickle_protocol_5_fitted_wrapper,,,4.31145781145,4.31145781145,-0.000142447320061,-0.000142447320061,,0.5,cc962f7c6748592fd8cbeb18e371836d602ddaae3749434d4bfdae9acdb702b7,403,4.31207196707,0.397022332506,-0.102977667494,5,5.02188580089,7,11.8808933002,12.838909522,19.9400000572,xgboost_quantile,DQS,403,0.397022332506,DQS-DQ0,DQS,DQ0,DQS_score_only,
later,2018-01,2018-01,2018-01-01,xgboost_quantile,DQS,Promise + seller profiles,0.9,full,1575,e6a57d0489d8ee13591169e9f3fa6f0c76d0a20b8826c31bd454f882ce01994b,dcb65436ec5bc3b02dd9dd5ef30f54fb48ec421050f18d579dfe337354a644e5,sha256_pickle_protocol_5_fitted_wrapper,17,4.05037220844,3.99849137952,3.99849137952,-0.0135141589038,-0.0135141589038,-0.000532153306665,0.9,cc962f7c6748592fd8cbeb18e371836d602ddaae3749434d4bfdae9acdb702b7,403,4.0525276274,0.801488833747,-0.0985111662531,17.0912475586,17.1940008925,7,11.8808933002,17.7381299734,16.3903064728,xgboost_quantile,DQS,403,0.801488833747,DQS-DQ0,DQS,DQ0,DQS_full,
later,2018-01,2018-01,2018-01-01,xgboost_quantile,DQS,Promise + seller profiles,0.9,score_only,1575,e6a57d0489d8ee13591169e9f3fa6f0c76d0a20b8826c31bd454f882ce01994b,44a87a99d1302714df059eb036751b4a8b1b52f07bb3475ad2fd37888f6546b6,sha256_pickle_protocol_5_fitted_wrapper,,,3.99849137952,3.99849137952,-0.0116906003026,-0.0116906003026,,0.9,cc962f7c6748592fd8cbeb18e371836d602ddaae3749434d4bfdae9acdb702b7,403,4.04523614405,0.803970223325,-0.0960297766749,17.0456180573,17.2965716937,7,11.8808933002,17.8731433772,16.4486495972,xgboost_quantile,DQS,403,0.803970223325,DQS-DQ0,DQS,DQ0,DQS_score_only,
later,2018-02,2018-02,2018-02-01,linear_quantile,DQB,Promise + both profile blocks,0.5,full,2197,5781454e29754449d6a1a2acfd81b3e491cbec40363ecc124997a2d732f972f8,c79fc7790630fee80035fdf4913bcebdc56467e45de7f5b580d12221f59e0fba,sha256_pickle_protocol_5_fitted_wrapper,6,4.37958963283,4.33729835919,4.33729835919,0.0202195065633,0.0202195065633,0.0296807046262,0.5,7d95c88138b22ba2667424325239c22950b3bf7d98924869363f5813ba7b7bad,926,4.24960032655,0.442764578834,-0.0572354211663,7.4309492628,7.12953687479,8,12.5777537797,12.5148339716,20.0328539685,linear_quantile,DQB,926,0.442764578834,DQB-DQ0,DQB,DQ0,DQB_full,
later,2018-02,2018-02,2018-02-01,linear_quantile,DQB,Promise + both profile blocks,0.5,score_only,2197,5781454e29754449d6a1a2acfd81b3e491cbec40363ecc124997a2d732f972f8,b6ee656546f31630aef601675c02fca8ebeb7d7a7d168647a35b42d33f36435b,sha256_pickle_protocol_5_fitted_wrapper,,,4.33729835919,4.33729835919,0.0099875310808,0.0099875310808,,0.5,7d95c88138b22ba2667424325239c22950b3bf7d98924869363f5813ba7b7bad,926,4.29397945703,0.42656587473,-0.07343412527,6.99659118892,6.74507551042,8,12.5777537797,12.5739265836,20.6909227071,linear_quantile,DQB,926,0.42656587473,DQB-DQ0,DQB,DQ0,DQB_score_only,
later,2018-02,2018-02,2018-02-01,linear_quantile,DQB,Promise + both profile blocks,0.9,full,2197,5781454e29754449d6a1a2acfd81b3e491cbec40363ecc124997a2d732f972f8,3b66afa99a0f9a85a5604decae63eea859790949fd59c2d2679189aa763caffd,sha256_pickle_protocol_5_fitted_wrapper,21,3.35518358531,3.35518358531,3.35518358531,-0.00337966761715,-0.00337966761715,-0.00337966761715,0.9,7d95c88138b22ba2667424325239c22950b3bf7d98924869363f5813ba7b7bad,926,3.36652299063,0.829373650108,-0.070626349892,20.8652097192,20.7834237042,8,12.5777537797,14.9212357868,19.5436753121,linear_quantile,DQB,926,0.829373650108,DQB-DQ0,DQB,DQ0,DQB_full,
later,2018-02,2018-02,2018-02-01,linear_quantile,DQB,Promise + both profile blocks,0.9,score_only,2197,5781454e29754449d6a1a2acfd81b3e491cbec40363ecc124997a2d732f972f8,af00968173c7844f9249c4ce876a167eb636b2f78659d6f10762aaaa2cd5d188,sha256_pickle_protocol_5_fitted_wrapper,,,3.35518358531,3.35518358531,-0.00186763298573,-0.00186763298573,,0.9,7d95c88138b22ba2667424325239c22950b3bf7d98924869363f5813ba7b7bad,926,3.36144983685,0.830453563715,-0.0695464362851,20.986347732,20.9135825748,8,12.5777537797,14.9095847293,19.6703209165,linear_quantile,DQB,926,0.830453563715,DQB-DQ0,DQB,DQ0,DQB_score_only,
later,2018-02,2018-02,2018-02-01,linear_quantile,DQG,Promise + state-OD profiles,0.5,full,2197,5781454e29754449d6a1a2acfd81b3e491cbec40363ecc124997a2d732f972f8,3c4fbae70ffed74102707db8adcdae3072a280fc4527ab6f1a346339ea435ad8,sha256_pickle_protocol_5_fitted_wrapper,6,4.37958963283,4.33729835919,4.33729835919,0.00908194347493,0.00908194347493,0.0186506908216,0.5,7d95c88138b22ba2667424325239c22950b3bf7d98924869363f5813ba7b7bad,926,4.29790726066,0.434125269978,-0.0658747300216,7.19818895284,6.83482799802,8,12.5777537797,12.6695358021,20.4991509593,linear_quantile,DQG,926,0.434125269978,DQG-DQ0,DQG,DQ0,DQG_full,
later,2018-02,2018-02,2018-02-01,linear_quantile,DQG,Promise + state-OD profiles,0.5,score_only,2197,5781454e29754449d6a1a2acfd81b3e491cbec40363ecc124997a2d732f972f8,6b89b20b777219e3d2d9f32b98beafddf0d02ae9f4655fc1eaa309d1f3b24369,sha256_pickle_protocol_5_fitted_wrapper,,,4.33729835919,4.33729835919,0.0058860600463,0.0058860600463,,0.5,7d95c88138b22ba2667424325239c22950b3bf7d98924869363f5813ba7b7bad,926,4.31176876061,0.414686825054,-0.085313174946,6.88728561762,6.60701446325,8,12.5777537797,12.4670667451,20.9873894428,linear_quantile,DQG,926,0.414686825054,DQG-DQ0,DQG,DQ0,DQG_score_only,
later,2018-02,2018-02,2018-02-01,linear_quantile,DQG,Promise + state-OD profiles,0.9,full,2197,5781454e29754449d6a1a2acfd81b3e491cbec40363ecc124997a2d732f972f8,e8f7e10d2ab1d9743993d5b5817e2533d212e201ee070da5a3d991f4bad091bc,sha256_pickle_protocol_5_fitted_wrapper,21,3.35518358531,3.35518358531,3.35518358531,0,0,0,0.9,7d95c88138b22ba2667424325239c22950b3bf7d98924869363f5813ba7b7bad,926,3.35518358531,0.83909287257,-0.0609071274298,21,21,8,12.5777537797,15.6174496644,20,linear_quantile,DQG,926,0.83909287257,DQG-DQ0,DQG,DQ0,DQG_full,
later,2018-02,2018-02,2018-02-01,linear_quantile,DQG,Promise + state-OD profiles,0.9,score_only,2197,5781454e29754449d6a1a2acfd81b3e491cbec40363ecc124997a2d732f972f8,eec8534efebb18db3876ecacb0eec848c2177b56dd42efcb5e6582c19d52538f,sha256_pickle_protocol_5_fitted_wrapper,,,3.35518358531,3.35518358531,0,0,,0.9,7d95c88138b22ba2667424325239c22950b3bf7d98924869363f5813ba7b7bad,926,3.35518358531,0.83909287257,-0.0609071274298,21,21,8,12.5777537797,15.6174496644,20,linear_quantile,DQG,926,0.83909287257,DQG-DQ0,DQG,DQ0,DQG_score_only,
later,2018-02,2018-02,2018-02-01,linear_quantile,DQS,Promise + seller profiles,0.5,full,2197,5781454e29754449d6a1a2acfd81b3e491cbec40363ecc124997a2d732f972f8,e2a67d2a42776075bf9af30c87ee56a979d74ed46c8f0f1734c58bea196c6c6f,sha256_pickle_protocol_5_fitted_wrapper,6,4.37958963283,4.33729835919,4.33729835919,0.00326827246744,0.00326827246744,0.012893159218,0.5,7d95c88138b22ba2667424325239c22950b3bf7d98924869363f5813ba7b7bad,926,4.32312288638,0.403887688985,-0.0961123110151,6.38400120103,6.4417054984,8,12.5777537797,12.398916933,20.9113284465,linear_quantile,DQS,926,0.403887688985,DQS-DQ0,DQS,DQ0,DQS_full,
later,2018-02,2018-02,2018-02-01,linear_quantile,DQS,Promise + seller profiles,0.5,score_only,2197,5781454e29754449d6a1a2acfd81b3e491cbec40363ecc124997a2d732f972f8,5f09954907880f6bd6829a19c5db039fde5cdc0d9f67d6436171678e0cdf40a2,sha256_pickle_protocol_5_fitted_wrapper,,,4.33729835919,4.33729835919,-0.000341791460149,-0.000341791460149,,0.5,7d95c88138b22ba2667424325239c22950b3bf7d98924869363f5813ba7b7bad,926,4.33878081073,0.404967602592,-0.0950323974082,6.42701687016,6.44004901043,8,12.5777537797,12.4491258419,21.1870551507,linear_quantile,DQS,926,0.404967602592,DQS-DQ0,DQS,DQ0,DQS_score_only,
later,2018-02,2018-02,2018-02-01,linear_quantile,DQS,Promise + seller profiles,0.9,full,2197,5781454e29754449d6a1a2acfd81b3e491cbec40363ecc124997a2d732f972f8,b63245a275e5fd268cdc61eec46d58867c96b6a40253194b0476f91906fc248a,sha256_pickle_protocol_5_fitted_wrapper,21,3.35518358531,3.35518358531,3.35518358531,-0.00186763298573,-0.00186763298573,-0.00186763298573,0.9,7d95c88138b22ba2667424325239c22950b3bf7d98924869363f5813ba7b7bad,926,3.36144983685,0.830453563715,-0.0695464362851,20.986347732,20.9135825748,8,12.5777537797,14.9095847293,19.6703209165,linear_quantile,DQS,926,0.830453563715,DQS-DQ0,DQS,DQ0,DQS_full,
later,2018-02,2018-02,2018-02-01,linear_quantile,DQS,Promise + seller profiles,0.9,score_only,2197,5781454e29754449d6a1a2acfd81b3e491cbec40363ecc124997a2d732f972f8,686cc3ee8816d229734709c8240ad058d0d22ddaf7aacf0eab323e5557d27e32,sha256_pickle_protocol_5_fitted_wrapper,,,3.35518358531,3.35518358531,-0.00186763298573,-0.00186763298573,,0.9,7d95c88138b22ba2667424325239c22950b3bf7d98924869363f5813ba7b7bad,926,3.36144983685,0.830453563715,-0.0695464362851,20.986347732,20.9135825748,8,12.5777537797,14.9095847293,19.6703209165,linear_quantile,DQS,926,0.830453563715,DQS-DQ0,DQS,DQ0,DQS_score_only,
later,2018-02,2018-02,2018-02-01,xgboost_quantile,DQB,Promise + both profile blocks,0.5,full,2197,5781454e29754449d6a1a2acfd81b3e491cbec40363ecc124997a2d732f972f8,595d1a31b53443414535689fe934c4521ef57fee57f69b14387cb4be29c78d31,sha256_pickle_protocol_5_fitted_wrapper,6,4.37958963283,4.37848811968,4.37848811968,0.000360714418154,0.000360714418154,0.000612134278563,0.5,7d95c88138b22ba2667424325239c22950b3bf7d98924869363f5813ba7b7bad,926,4.37690873589,0.394168466523,-0.105831533477,6.03000020981,6.02279169977,8,12.5777537797,12.6345185962,21.9099998474,xgboost_quantile,DQB,926,0.394168466523,DQB-DQ0,DQB,DQ0,DQB_full,
later,2018-02,2018-02,2018-02-01,xgboost_quantile,DQB,Promise + both profile blocks,0.5,score_only,2197,5781454e29754449d6a1a2acfd81b3e491cbec40363ecc124997a2d732f972f8,d887a4563ce7e954d1be6e3282546a9827c3584f187e786681d65b2d9bdd3055,sha256_pickle_protocol_5_fitted_wrapper,,,4.37848811968,4.37848811968,-9.61862737183e-05,-9.61862737183e-05,,0.5,7d95c88138b22ba2667424325239c22950b3bf7d98924869363f5813ba7b7bad,926,4.37890927014,0.39524838013,-0.10475161987,6.03000020981,6.00764594274,8,12.5777537797,12.6729105583,21.9699997902,xgboost_quantile,DQB,926,0.39524838013,DQB-DQ0,DQB,DQ0,DQB_score_only,
later,2018-02,2018-02,2018-02-01,xgboost_quantile,DQB,Promise + both profile blocks,0.9,full,2197,5781454e29754449d6a1a2acfd81b3e491cbec40363ecc124997a2d732f972f8,31c9dc3c102d36764f34f7b71d8f015b4ff80b67431fffc3a7cbe76446a95af7,sha256_pickle_protocol_5_fitted_wrapper,21,3.35518358531,3.34025176236,3.34025176236,0.00136153433312,0.00136153433312,0.00580584934218,0.9,7d95c88138b22ba2667424325239c22950b3bf7d98924869363f5813ba7b7bad,926,3.3357038949,0.831533477322,-0.0684665226782,20.9224948883,20.9449597002,8,12.5777537797,14.8337085797,19.6185312271,xgboost_quantile,DQB,926,0.831533477322,DQB-DQ0,DQB,DQ0,DQB_full,
later,2018-02,2018-02,2018-02-01,xgboost_quantile,DQB,Promise + both profile blocks,0.9,score_only,2197,5781454e29754449d6a1a2acfd81b3e491cbec40363ecc124997a2d732f972f8,76e95df044e0f760fb107f9d47dfaaa51d5811ff71c44f5e50cd6867f5f83fb0,sha256_pickle_protocol_5_fitted_wrapper,,,3.34025176236,3.34025176236,0.00195480822028,0.00195480822028,,0.9,7d95c88138b22ba2667424325239c22950b3bf7d98924869363f5813ba7b7bad,926,3.33372221075,0.833693304536,-0.0663066954644,21.032201767,21.0763272827,8,12.5777537797,14.9354471479,19.9726276398,xgboost_quantile,DQB,926,0.833693304536,DQB-DQ0,DQB,DQ0,DQB_score_only,
later,2018-02,2018-02,2018-02-01,xgboost_quantile,DQG,Promise + state-OD profiles,0.5,full,2197,5781454e29754449d6a1a2acfd81b3e491cbec40363ecc124997a2d732f972f8,aece5b7678aa6d4ddac52700ffe17187aa73e5cfd9d3626c183252aea1e2ae2d,sha256_pickle_protocol_5_fitted_wrapper,6,4.37958963283,4.37848811968,4.37848811968,0.000425458803656,0.000425458803656,0.000676862380167,0.5,7d95c88138b22ba2667424325239c22950b3bf7d98924869363f5813ba7b7bad,926,4.37662525337,0.394168466523,-0.105831533477,6.03000020981,6.02595048177,8,12.5777537797,12.6314436926,21.9099998474,xgboost_quantile,DQG,926,0.394168466523,DQG-DQ0,DQG,DQ0,DQG_full,
later,2018-02,2018-02,2018-02-01,xgboost_quantile,DQG,Promise + state-OD profiles,0.5,score_only,2197,5781454e29754449d6a1a2acfd81b3e491cbec40363ecc124997a2d732f972f8,1559a56e1103e6594f314d98588aa3e3ddd3d501e1029d33f33a70f26990f652,sha256_pickle_protocol_5_fitted_wrapper,,,4.37848811968,4.37848811968,-0.00014798225255,-0.00014798225255,,0.5,7d95c88138b22ba2667424325239c22950b3bf7d98924869363f5813ba7b7bad,926,4.37913605822,0.396328293737,-0.103671706263,6.03000020981,6.00719233774,8,12.5777537797,12.6963326253,21.9699997902,xgboost_quantile,DQG,926,0.396328293737,DQG-DQ0,DQG,DQ0,DQG_score_only,
later,2018-02,2018-02,2018-02-01,xgboost_quantile,DQG,Promise + state-OD profiles,0.9,full,2197,5781454e29754449d6a1a2acfd81b3e491cbec40363ecc124997a2d732f972f8,fbe46153b52221d1d702536ac68b31cac51e1d1f6d2e901300c47d18335f4dd0,sha256_pickle_protocol_5_fitted_wrapper,21,3.35518358531,3.34025176236,3.34025176236,0.0107823195102,0.0107823195102,0.0151847084986,0.9,7d95c88138b22ba2667424325239c22950b3bf7d98924869363f5813ba7b7bad,926,3.30423610061,0.838012958963,-0.0619870410367,21.1453170776,21.0467273144,8,12.5777537797,15.169971199,19.5462417603,xgboost_quantile,DQG,926,0.838012958963,DQG-DQ0,DQG,DQ0,DQG_full,
later,2018-02,2018-02,2018-02-01,xgboost_quantile,DQG,Promise + state-OD profiles,0.9,score_only,2197,5781454e29754449d6a1a2acfd81b3e491cbec40363ecc124997a2d732f972f8,829f232d366cc24b8a65630c992a9a6b159bf1ee5120a6558813039044b604df,sha256_pickle_protocol_5_fitted_wrapper,,,3.34025176236,3.34025176236,0.00120834788991,0.00120834788991,,0.9,7d95c88138b22ba2667424325239c22950b3bf7d98924869363f5813ba7b7bad,926,3.33621557619,0.83909287257,-0.0609071274298,21.0228652954,21.0611406001,8,12.5777537797,15.4615704965,19.8537759781,xgboost_quantile,DQG,926,0.83909287257,DQG-DQ0,DQG,DQ0,DQG_score_only,
later,2018-02,2018-02,2018-02-01,xgboost_quantile,DQS,Promise + seller profiles,0.5,full,2197,5781454e29754449d6a1a2acfd81b3e491cbec40363ecc124997a2d732f972f8,bcc3827f61cbe937e9f2a9fc39fdfe43a1287b02efb06c079ce48b5e3368ce44,sha256_pickle_protocol_5_fitted_wrapper,6,4.37958963283,4.37848811968,4.37848811968,0.000125786017237,0.000125786017237,0.000377264964626,0.5,7d95c88138b22ba2667424325239c22950b3bf7d98924869363f5813ba7b7bad,926,4.3779373671,0.389848812095,-0.110151187905,6.03000020981,6.02066958852,8,12.5777537797,12.5484955442,21.9549999237,xgboost_quantile,DQS,926,0.389848812095,DQS-DQ0,DQS,DQ0,DQS_full,
later,2018-02,2018-02,2018-02-01,xgboost_quantile,DQS,Promise + seller profiles,0.5,score_only,2197,5781454e29754449d6a1a2acfd81b3e491cbec40363ecc124997a2d732f972f8,5051f7f70044c52d77eebbf7a44792256c52a1ba049b479bc5786aafee78c8b1,sha256_pickle_protocol_5_fitted_wrapper,,,4.37848811968,4.37848811968,-0.000114687634964,-0.000114687634964,,0.5,7d95c88138b22ba2667424325239c22950b3bf7d98924869363f5813ba7b7bad,926,4.37899027813,0.390928725702,-0.109071274298,6.03000020981,6.01052922821,8,12.5777537797,12.5807978101,21.9699997902,xgboost_quantile,DQS,926,0.390928725702,DQS-DQ0,DQS,DQ0,DQS_score_only,
later,2018-02,2018-02,2018-02-01,xgboost_quantile,DQS,Promise + seller profiles,0.9,full,2197,5781454e29754449d6a1a2acfd81b3e491cbec40363ecc124997a2d732f972f8,ced5714e9abe5ca18dde5e9b20ffa31f4e8a85d4add5fb9b9f4714ffbbfd3802,sha256_pickle_protocol_5_fitted_wrapper,21,3.35518358531,3.34025176236,3.34025176236,-0.00443218486518,-0.00443218486518,3.7914363175e-05,0.9,7d95c88138b22ba2667424325239c22950b3bf7d98924869363f5813ba7b7bad,926,3.35505637566,0.829373650108,-0.070626349892,20.8851337433,20.9033651681,8,12.5777537797,14.7837379069,19.7727050781,xgboost_quantile,DQS,926,0.829373650108,DQS-DQ0,DQS,DQ0,DQS_full,
later,2018-02,2018-02,2018-02-01,xgboost_quantile,DQS,Promise + seller profiles,0.9,score_only,2197,5781454e29754449d6a1a2acfd81b3e491cbec40363ecc124997a2d732f972f8,d596e21a4bccf786eba079874a5f7e82ab4c2f0922515aad7fb6b734015049ba,sha256_pickle_protocol_5_fitted_wrapper,,,3.34025176236,3.34025176236,-0.00723770688609,-0.00723770688609,,0.9,7d95c88138b22ba2667424325239c22950b3bf7d98924869363f5813ba7b7bad,926,3.36442752554,0.828293736501,-0.0717062634989,20.9112529755,20.8840874143,8,12.5777537797,14.756562227,19.7996702194,xgboost_quantile,DQS,926,0.828293736501,DQS-DQ0,DQS,DQ0,DQS_score_only,
later,2018-03,2018-03,2018-03-01,linear_quantile,DQB,Promise + both profile blocks,0.5,full,2520,4c808a9f45d24b6c3aad7166bb65c4e89a9af4bb25bce0e8c585f59cfe5fc500,c08b2bc4bfd31a049f636f21da6c8e0fc8bb2953f906d692e826cffcd2c59486,sha256_pickle_protocol_5_fitted_wrapper,6,3.20858433735,3.1644759708,3.1644759708,0.000640987086436,0.000640987086436,0.0143791622521,0.5,5092f5e7034c263ff007ff4a6fab61efb011668930b5964c9bdd412718e5736f,1328,3.16244758256,0.416415662651,-0.0835843373494,6.39944183296,6.25799402018,7,10.0165662651,8.63925465838,15.4668395103,linear_quantile,DQB,1328,0.416415662651,DQB-DQ0,DQB,DQ0,DQB_full,
later,2018-03,2018-03,2018-03-01,linear_quantile,DQB,Promise + both profile blocks,0.5,score_only,2520,4c808a9f45d24b6c3aad7166bb65c4e89a9af4bb25bce0e8c585f59cfe5fc500,2f3d136340aaf17bc225eef6a91ecf86653f057df504424213d73472ee28829a,sha256_pickle_protocol_5_fitted_wrapper,,,3.1644759708,3.1644759708,-0.00587057350955,-0.00587057350955,,0.5,5092f5e7034c263ff007ff4a6fab61efb011668930b5964c9bdd412718e5736f,1328,3.1830532596,0.402108433735,-0.0978915662651,6.15489919743,6.05596283314,7,10.0165662651,8.63593880043,15.6030534443,linear_quantile,DQB,1328,0.402108433735,DQB-DQ0,DQB,DQ0,DQB_score_only,
later,2018-03,2018-03,2018-03-01,linear_quantile,DQB,Promise + both profile blocks,0.9,full,2520,4c808a9f45d24b6c3aad7166bb65c4e89a9af4bb25bce0e8c585f59cfe5fc500,a409f101fa099460fddd169d134bcdac291f2c51be18361292b82eaca7e43c27,sha256_pickle_protocol_5_fitted_wrapper,21,2.11942771084,2.11942771084,2.11942771084,-0.00294740041457,-0.00294740041457,-0.00294740041457,0.9,5092f5e7034c263ff007ff4a6fab61efb011668930b5964c9bdd412718e5736f,1328,2.12567451296,0.882530120482,-0.0174698795181,20.8092783769,20.7662323324,7,10.0165662651,8.94448781709,19.3800932871,linear_quantile,DQB,1328,0.882530120482,DQB-DQ0,DQB,DQ0,DQB_full,
later,2018-03,2018-03,2018-03-01,linear_quantile,DQB,Promise + both profile blocks,0.9,score_only,2520,4c808a9f45d24b6c3aad7166bb65c4e89a9af4bb25bce0e8c585f59cfe5fc500,a827967c47b9f5e3d3b5bf0fa8ca7eb61703a80ed94c817a41be85b4aa37f497,sha256_pickle_protocol_5_fitted_wrapper,,,2.11942771084,2.11942771084,-0.00299808035535,-0.00299808035535,,0.9,5092f5e7034c263ff007ff4a6fab61efb011668930b5964c9bdd412718e5736f,1328,2.12578192543,0.882530120482,-0.0174698795181,20.8090221512,20.7708266798,7,10.0165662651,8.94149111467,19.3700172624,linear_quantile,DQB,1328,0.882530120482,DQB-DQ0,DQB,DQ0,DQB_score_only,
later,2018-03,2018-03,2018-03-01,linear_quantile,DQG,Promise + state-OD profiles,0.5,full,2520,4c808a9f45d24b6c3aad7166bb65c4e89a9af4bb25bce0e8c585f59cfe5fc500,aea0d8ab535b913381acc1c4b702c65f28b04bfa563eb7da05b6a9d2963db6cd,sha256_pickle_protocol_5_fitted_wrapper,6,3.20858433735,3.1644759708,3.1644759708,0.000200061131762,0.000200061131762,0.0139442977007,0.5,5092f5e7034c263ff007ff4a6fab61efb011668930b5964c9bdd412718e5736f,1328,3.16384288215,0.414156626506,-0.085843373494,6.40719517369,6.22332397585,7,10.0165662651,8.63791288886,15.4924582333,linear_quantile,DQG,1328,0.414156626506,DQG-DQ0,DQG,DQ0,DQG_full,
later,2018-03,2018-03,2018-03-01,linear_quantile,DQG,Promise + state-OD profiles,0.5,score_only,2520,4c808a9f45d24b6c3aad7166bb65c4e89a9af4bb25bce0e8c585f59cfe5fc500,3ee80e202378cda11060d803009d56c91f1ce04344f54e3e7d1ce2f87cf73c4e,sha256_pickle_protocol_5_fitted_wrapper,,,3.1644759708,3.1644759708,-0.00521518179831,-0.00521518179831,,0.5,5092f5e7034c263ff007ff4a6fab61efb011668930b5964c9bdd412718e5736f,1328,3.18097928828,0.405120481928,-0.0948795180723,6.18055719957,6.08675723143,7,10.0165662651,8.65029581413,15.6083909025,linear_quantile,DQG,1328,0.405120481928,DQG-DQ0,DQG,DQ0,DQG_score_only,
later,2018-03,2018-03,2018-03-01,linear_quantile,DQG,Promise + state-OD profiles,0.9,full,2520,4c808a9f45d24b6c3aad7166bb65c4e89a9af4bb25bce0e8c585f59cfe5fc500,7aed502ca3cc80e8fd5fca9e67de9470caee019c0ffaeabd52d916a9b02fc91a,sha256_pickle_protocol_5_fitted_wrapper,21,2.11942771084,2.11942771084,2.11942771084,0,0,0,0.9,5092f5e7034c263ff007ff4a6fab61efb011668930b5964c9bdd412718e5736f,1328,2.11942771084,0.888554216867,-0.0114457831325,21,21,7,10.0165662651,9.16216216216,20,linear_quantile,DQG,1328,0.888554216867,DQG-DQ0,DQG,DQ0,DQG_full,
later,2018-03,2018-03,2018-03-01,linear_quantile,DQG,Promise + state-OD profiles,0.9,score_only,2520,4c808a9f45d24b6c3aad7166bb65c4e89a9af4bb25bce0e8c585f59cfe5fc500,dcf3f754ad5bb07e01630675088576140ae66e6810de8640f3a67738a9efe897,sha256_pickle_protocol_5_fitted_wrapper,,,2.11942771084,2.11942771084,0,0,,0.9,5092f5e7034c263ff007ff4a6fab61efb011668930b5964c9bdd412718e5736f,1328,2.11942771084,0.896084337349,-0.0039156626506,21,21,7,10.0165662651,9.82608695652,20,linear_quantile,DQG,1328,0.896084337349,DQG-DQ0,DQG,DQ0,DQG_score_only,
later,2018-03,2018-03,2018-03-01,linear_quantile,DQS,Promise + seller profiles,0.5,full,2520,4c808a9f45d24b6c3aad7166bb65c4e89a9af4bb25bce0e8c585f59cfe5fc500,7d57369f9adf2b6e75d0e46d4d77821a6d285c519e65fb37668473fee59579cd,sha256_pickle_protocol_5_fitted_wrapper,6,3.20858433735,3.1644759708,3.1644759708,-0.00377796652258,-0.00377796652258,0.01002095594,0.5,5092f5e7034c263ff007ff4a6fab61efb011668930b5964c9bdd412718e5736f,1328,3.17643125507,0.417921686747,-0.082078313253,6.12802023959,6.2098775357,7,10.0165662651,8.72696251363,15.3966536866,linear_quantile,DQS,1328,0.417921686747,DQS-DQ0,DQS,DQ0,DQS_full,
later,2018-03,2018-03,2018-03-01,linear_quantile,DQS,Promise + seller profiles,0.5,score_only,2520,4c808a9f45d24b6c3aad7166bb65c4e89a9af4bb25bce0e8c585f59cfe5fc500,1988b608d02bd25579856ad4639b8250c96fe95f3f99926aba32ab69ba111350,sha256_pickle_protocol_5_fitted_wrapper,,,3.1644759708,3.1644759708,-0.00226783496934,-0.00226783496934,,0.5,5092f5e7034c263ff007ff4a6fab61efb011668930b5964c9bdd412718e5736f,1328,3.17165248006,0.42093373494,-0.0790662650602,6.13364639458,6.1975689709,7,10.0165662651,8.77473172541,15.4694978089,linear_quantile,DQS,1328,0.42093373494,DQS-DQ0,DQS,DQ0,DQS_score_only,
later,2018-03,2018-03,2018-03-01,linear_quantile,DQS,Promise + seller profiles,0.9,full,2520,4c808a9f45d24b6c3aad7166bb65c4e89a9af4bb25bce0e8c585f59cfe5fc500,1acc56388b7d08f0bb31d59c95cc6263ba90ca2aee3083f6bbf73535ec7ed427,sha256_pickle_protocol_5_fitted_wrapper,21,2.11942771084,2.11942771084,2.11942771084,-0.00299808035535,-0.00299808035535,-0.00299808035535,0.9,5092f5e7034c263ff007ff4a6fab61efb011668930b5964c9bdd412718e5736f,1328,2.12578192543,0.882530120482,-0.0174698795181,20.8090221512,20.7708266798,7,10.0165662651,8.94149111467,19.3700172624,linear_quantile,DQS,1328,0.882530120482,DQS-DQ0,DQS,DQ0,DQS_full,
later,2018-03,2018-03,2018-03-01,linear_quantile,DQS,Promise + seller profiles,0.9,score_only,2520,4c808a9f45d24b6c3aad7166bb65c4e89a9af4bb25bce0e8c585f59cfe5fc500,028ce93418db8f90dff31f24eb4a784aba778b714ee09c6f9c94b183e5760ace,sha256_pickle_protocol_5_fitted_wrapper,,,2.11942771084,2.11942771084,-0.00299808035535,-0.00299808035535,,0.9,5092f5e7034c263ff007ff4a6fab61efb011668930b5964c9bdd412718e5736f,1328,2.12578192543,0.882530120482,-0.0174698795181,20.8090221512,20.7708266798,7,10.0165662651,8.94149111467,19.3700172624,linear_quantile,DQS,1328,0.882530120482,DQS-DQ0,DQS,DQ0,DQS_score_only,
later,2018-03,2018-03,2018-03-01,xgboost_quantile,DQB,Promise + both profile blocks,0.5,full,2520,4c808a9f45d24b6c3aad7166bb65c4e89a9af4bb25bce0e8c585f59cfe5fc500,f4261db97c452e33e753a873a51f100ed50a2e93a25b0ffb7ce02a657d20b5d2,sha256_pickle_protocol_5_fitted_wrapper,6,3.20858433735,3.20691263999,3.20691263999,-0.000220134753786,-0.000220134753786,0.000300987705158,0.5,5092f5e7034c263ff007ff4a6fab61efb011668930b5964c9bdd412718e5736f,1328,3.20761859291,0.426204819277,-0.0737951807229,6,5.99255653569,7,10.0165662651,9.09666660326,15.9789998531,xgboost_quantile,DQB,1328,0.426204819277,DQB-DQ0,DQB,DQ0,DQB_full,
later,2018-03,2018-03,2018-03-01,xgboost_quantile,DQB,Promise + both profile blocks,0.5,score_only,2520,4c808a9f45d24b6c3aad7166bb65c4e89a9af4bb25bce0e8c585f59cfe5fc500,34a221839dfee43bdcfa7519b5efa1676252d663b893672dbcb909f895fe8a6e,sha256_pickle_protocol_5_fitted_wrapper,,,3.20691263999,3.20691263999,0.000243029214251,0.000243029214251,,0.5,5092f5e7034c263ff007ff4a6fab61efb011668930b5964c9bdd412718e5736f,1328,3.20613326653,0.448042168675,-0.0519578313253,6.03000020981,6.02489474595,7,10.0165662651,9.42457689855,15.9699997902,xgboost_quantile,DQB,1328,0.448042168675,DQB-DQ0,DQB,DQ0,DQB_score_only,
later,2018-03,2018-03,2018-03-01,xgboost_quantile,DQB,Promise + both profile blocks,0.9,full,2520,4c808a9f45d24b6c3aad7166bb65c4e89a9af4bb25bce0e8c585f59cfe5fc500,eb82cc9506403d0d08d70c6632b047c280afd5c388c536c30f3f42d2966b1620,sha256_pickle_protocol_5_fitted_wrapper,21,2.11942771084,2.12123801766,2.12123801766,0.000645679096273,0.000645679096273,-0.000207918281368,0.9,5092f5e7034c263ff007ff4a6fab61efb011668930b5964c9bdd412718e5736f,1328,2.11986837861,0.884036144578,-0.0159638554217,20.8794879913,20.867343341,7,10.0165662651,8.92338968252,19.4130382538,xgboost_quantile,DQB,1328,0.884036144578,DQB-DQ0,DQB,DQ0,DQB_full,
later,2018-03,2018-03,2018-03-01,xgboost_quantile,DQB,Promise + both profile blocks,0.9,score_only,2520,4c808a9f45d24b6c3aad7166bb65c4e89a9af4bb25bce0e8c585f59cfe5fc500,64a3b77b410dc21b1cd50150c30832f6626e050016de1537c91b6856a9f52e47,sha256_pickle_protocol_5_fitted_wrapper,,,2.12123801766,2.12123801766,-0.00291973058697,-0.00291973058697,,0.9,5092f5e7034c263ff007ff4a6fab61efb011668930b5964c9bdd412718e5736f,1328,2.12743146118,0.878765060241,-0.021234939759,20.8125190735,20.8589462099,7,10.0165662651,8.60472623458,19.7240142822,xgboost_quantile,DQB,1328,0.878765060241,DQB-DQ0,DQB,DQ0,DQB_score_only,
later,2018-03,2018-03,2018-03-01,xgboost_quantile,DQG,Promise + state-OD profiles,0.5,full,2520,4c808a9f45d24b6c3aad7166bb65c4e89a9af4bb25bce0e8c585f59cfe5fc500,955863221c4ccf7b5553f4aa6f77b1ed492f889d419aeca14877193888e6336b,sha256_pickle_protocol_5_fitted_wrapper,6,3.20858433735,3.20691263999,3.20691263999,-3.5222104759e-05,-3.5222104759e-05,0.000485804013259,0.5,5092f5e7034c263ff007ff4a6fab61efb011668930b5964c9bdd412718e5736f,1328,3.2070255942,0.421686746988,-0.078313253012,6,5.9960241149,7,10.0165662651,9.02157549063,15.9789998531,xgboost_quantile,DQG,1328,0.421686746988,DQG-DQ0,DQG,DQ0,DQG_full,
later,2018-03,2018-03,2018-03-01,xgboost_quantile,DQG,Promise + state-OD profiles,0.5,score_only,2520,4c808a9f45d24b6c3aad7166bb65c4e89a9af4bb25bce0e8c585f59cfe5fc500,3cb1f69c979194634f6ae24a9752acdde7acb9fd1f2f26d7c7d0f386ab3894c5,sha256_pickle_protocol_5_fitted_wrapper,,,3.20691263999,3.20691263999,0.000542411142531,0.000542411142531,,0.5,5092f5e7034c263ff007ff4a6fab61efb011668930b5964c9bdd412718e5736f,1328,3.20517317484,0.429969879518,-0.0700301204819,6.03000020981,6.00984954008,7,10.0165662651,9.13729178543,15.9699997902,xgboost_quantile,DQG,1328,0.429969879518,DQG-DQ0,DQG,DQ0,DQG_score_only,
later,2018-03,2018-03,2018-03-01,xgboost_quantile,DQG,Promise + state-OD profiles,0.9,full,2520,4c808a9f45d24b6c3aad7166bb65c4e89a9af4bb25bce0e8c585f59cfe5fc500,a9178986ce9a1762e451e3629547d0b279b06210a7feb6b778e9efc53cf11111,sha256_pickle_protocol_5_fitted_wrapper,21,2.11942771084,2.12123801766,2.12123801766,0.000551638616981,0.000551638616981,-0.000302039085231,0.9,5092f5e7034c263ff007ff4a6fab61efb011668930b5964c9bdd412718e5736f,1328,2.12006786085,0.886295180723,-0.0137048192771,20.7966537476,20.9188932353,7,10.0165662651,9.05709336136,19.7060070038,xgboost_quantile,DQG,1328,0.886295180723,DQG-DQ0,DQG,DQ0,DQG_full,
later,2018-03,2018-03,2018-03-01,xgboost_quantile,DQG,Promise + state-OD profiles,0.9,score_only,2520,4c808a9f45d24b6c3aad7166bb65c4e89a9af4bb25bce0e8c585f59cfe5fc500,e178c519490739f5beed9e78109da593fa41939300d8c1759072c7b5c3ca5cb1,sha256_pickle_protocol_5_fitted_wrapper,,,2.12123801766,2.12123801766,0.00092712067402,0.00092712067402,,0.9,5092f5e7034c263ff007ff4a6fab61efb011668930b5964c9bdd412718e5736f,1328,2.11927137404,0.884789156627,-0.0152108433735,20.9909896851,20.9522215746,7,10.0165662651,8.9028585596,19.7294540405,xgboost_quantile,DQG,1328,0.884789156627,DQG-DQ0,DQG,DQ0,DQG_score_only,
later,2018-03,2018-03,2018-03-01,xgboost_quantile,DQS,Promise + seller profiles,0.5,full,2520,4c808a9f45d24b6c3aad7166bb65c4e89a9af4bb25bce0e8c585f59cfe5fc500,032fe63bda2242b0f0c0624ad6a9e9d2ea85d0da207add4aea9e6b8608c9ee5e,sha256_pickle_protocol_5_fitted_wrapper,6,3.20858433735,3.20691263999,3.20691263999,-0.000239505822538,-0.000239505822538,0.000281626728884,0.5,5092f5e7034c263ff007ff4a6fab61efb011668930b5964c9bdd412718e5736f,1328,3.20768071424,0.417168674699,-0.0828313253012,6.03000020981,6.00842627955,7,10.0165662651,8.94212524404,15.9699997902,xgboost_quantile,DQS,1328,0.417168674699,DQS-DQ0,DQS,DQ0,DQS_full,
later,2018-03,2018-03,2018-03-01,xgboost_quantile,DQS,Promise + seller profiles,0.5,score_only,2520,4c808a9f45d24b6c3aad7166bb65c4e89a9af4bb25bce0e8c585f59cfe5fc500,3dd9c80515f6d4f87f01f4c2d479bdefa0fd320bdd5cf23120d25a9ded20329a,sha256_pickle_protocol_5_fitted_wrapper,,,3.20691263999,3.20691263999,-0.000218373925663,-0.000218373925663,,0.5,5092f5e7034c263ff007ff4a6fab61efb011668930b5964c9bdd412718e5736f,1328,3.20761294609,0.410391566265,-0.0896084337349,6.03000020981,6.0034789364,7,10.0165662651,8.8434227058,15.9699997902,xgboost_quantile,DQS,1328,0.410391566265,DQS-DQ0,DQS,DQ0,DQS_score_only,
later,2018-03,2018-03,2018-03-01,xgboost_quantile,DQS,Promise + seller profiles,0.9,full,2520,4c808a9f45d24b6c3aad7166bb65c4e89a9af4bb25bce0e8c585f59cfe5fc500,c6ac81016e725c31153cf0e97a654c222fa7fd877d42cf266db54ffa1586213f,sha256_pickle_protocol_5_fitted_wrapper,21,2.11942771084,2.12123801766,2.12123801766,-0.00206976208705,-0.00206976208705,-0.00292567885575,0.9,5092f5e7034c263ff007ff4a6fab61efb011668930b5964c9bdd412718e5736f,1328,2.12562847568,0.880271084337,-0.0197289156627,20.9089927673,20.9173172009,7,10.0165662651,8.64915026059,19.6802185059,xgboost_quantile,DQS,1328,0.880271084337,DQS-DQ0,DQS,DQ0,DQS_full,
later,2018-03,2018-03,2018-03-01,xgboost_quantile,DQS,Promise + seller profiles,0.9,score_only,2520,4c808a9f45d24b6c3aad7166bb65c4e89a9af4bb25bce0e8c585f59cfe5fc500,6cbf5df871fcf7cd420f0b641761959886d010df78faeb57a2c7ddc128425f8d,sha256_pickle_protocol_5_fitted_wrapper,,,2.12123801766,2.12123801766,-0.00193766697702,-0.00193766697702,,0.9,5092f5e7034c263ff007ff4a6fab61efb011668930b5964c9bdd412718e5736f,1328,2.12534827051,0.881777108434,-0.0182228915663,20.9735469818,20.8969068886,7,10.0165662651,8.7742246397,19.6858901978,xgboost_quantile,DQS,1328,0.881777108434,DQS-DQ0,DQS,DQ0,DQS_score_only,
later,2018-04,2018-04,2018-04-01,linear_quantile,DQB,Promise + both profile blocks,0.5,full,3417,c696c0bce90953fd287abfc368108f2b27970021239d0944fd1066180bd245e0,bf3fbb79ef1136f8e0355095697a68493c1df441c1b5fd4bf2fd61089d8608ca,sha256_pickle_protocol_5_fitted_wrapper,6,3.57679738562,3.52748657698,3.52748657698,-0.0025192642718,-0.0025192642718,0.0113017689787,0.5,f70654d8c209bccbb417414da1c2ceea047caa7f2467d1ed8101efa66eb66fd9,306,3.53637324788,0.434640522876,-0.0653594771242,5.94312701111,5.92373955248,7,10.3954248366,10.2098153892,16.2371805174,linear_quantile,DQB,306,0.434640522876,DQB-DQ0,DQB,DQ0,DQB_full,
later,2018-04,2018-04,2018-04-01,linear_quantile,DQB,Promise + both profile blocks,0.5,score_only,3417,c696c0bce90953fd287abfc368108f2b27970021239d0944fd1066180bd245e0,ea82b2b2d2ff52239ba476850884d574fff47dcb637aff176d2656953876ded7,sha256_pickle_protocol_5_fitted_wrapper,,,3.52748657698,3.52748657698,-0.00643965051813,-0.00643965051813,,0.5,f70654d8c209bccbb417414da1c2ceea047caa7f2467d1ed8101efa66eb66fd9,306,3.55020235775,0.43137254902,-0.0686274509804,5.73010505556,5.74869713059,7,10.3954248366,10.3293750603,16.4362962868,linear_quantile,DQB,306,0.43137254902,DQB-DQ0,DQB,DQ0,DQB_score_only,
later,2018-04,2018-04,2018-04-01,linear_quantile,DQB,Promise + both profile blocks,0.9,full,3417,c696c0bce90953fd287abfc368108f2b27970021239d0944fd1066180bd245e0,1b2bb9d4b79cd65a19cf5421df11ceed2e6897b4135bff693311b80417d588fc,sha256_pickle_protocol_5_fitted_wrapper,20,2.82973856209,2.79578259528,2.79578259528,-0.00688425677392,-0.00688425677392,0.00519803551308,0.9,f70654d8c209bccbb417414da1c2ceea047caa7f2467d1ed8101efa66eb66fd9,306,2.81502948055,0.882352941176,-0.0176470588235,18.6949412398,18.8362682839,7,10.3954248366,16.7530336545,17.8015538502,linear_quantile,DQB,306,0.882352941176,DQB-DQ0,DQB,DQ0,DQB_full,
later,2018-04,2018-04,2018-04-01,linear_quantile,DQB,Promise + both profile blocks,0.9,score_only,3417,c696c0bce90953fd287abfc368108f2b27970021239d0944fd1066180bd245e0,d66293e5350da310fcd127246fae3d27628fd57cd7bb45024f75976ac954c93e,sha256_pickle_protocol_5_fitted_wrapper,,,2.79578259528,2.79578259528,-0.0072311378414,-0.0072311378414,,0.9,f70654d8c209bccbb417414da1c2ceea047caa7f2467d1ed8101efa66eb66fd9,306,2.8159992846,0.882352941176,-0.0176470588235,18.6786993427,18.8371229253,7,10.3954248366,16.7605505438,17.7956453937,linear_quantile,DQB,306,0.882352941176,DQB-DQ0,DQB,DQ0,DQB_score_only,
later,2018-04,2018-04,2018-04-01,linear_quantile,DQG,Promise + state-OD profiles,0.5,full,3417,c696c0bce90953fd287abfc368108f2b27970021239d0944fd1066180bd245e0,74b7aa09f55067ff16e5a264f3f2934ebf745f4b8b5a952b39089caa2b62b375,sha256_pickle_protocol_5_fitted_wrapper,6,3.57679738562,3.52748657698,3.52748657698,-0.010258665223,-0.010258665223,0.00366906574569,0.5,f70654d8c209bccbb417414da1c2ceea047caa7f2467d1ed8101efa66eb66fd9,306,3.56367388085,0.43137254902,-0.0686274509804,5.80705934339,5.80711274674,7,10.3954248366,10.301700904,16.3338563745,linear_quantile,DQG,306,0.43137254902,DQG-DQ0,DQG,DQ0,DQG_full,
later,2018-04,2018-04,2018-04-01,linear_quantile,DQG,Promise + state-OD profiles,0.5,score_only,3417,c696c0bce90953fd287abfc368108f2b27970021239d0944fd1066180bd245e0,b4b854b269af04c0f81ba3f079ddc9ba3fd924e8b84d630929c221fc5cf27ea9,sha256_pickle_protocol_5_fitted_wrapper,,,3.52748657698,3.52748657698,-0.00686629212643,-0.00686629212643,,0.5,f70654d8c209bccbb417414da1c2ceea047caa7f2467d1ed8101efa66eb66fd9,306,3.55170733029,0.43137254902,-0.0686274509804,5.77589263326,5.78160961714,7,10.3954248366,10.3030814462,16.3656697019,linear_quantile,DQG,306,0.43137254902,DQG-DQ0,DQG,DQ0,DQG_score_only,
later,2018-04,2018-04,2018-04-01,linear_quantile,DQG,Promise + state-OD profiles,0.9,full,3417,c696c0bce90953fd287abfc368108f2b27970021239d0944fd1066180bd245e0,1eb09e38ee31cdc69df412f272cd2d5ed6135c1be0fcf0f6ad399f5d31f8ff72,sha256_pickle_protocol_5_fitted_wrapper,20,2.82973856209,2.79578259528,2.79578259528,-0.00527164602908,-0.00527164602908,0.00679129543955,0.9,f70654d8c209bccbb417414da1c2ceea047caa7f2467d1ed8101efa66eb66fd9,306,2.8105209715,0.87908496732,-0.0209150326797,18.62217216,18.876813579,7,10.3954248366,16.2294303178,17.8153658084,linear_quantile,DQG,306,0.87908496732,DQG-DQ0,DQG,DQ0,DQG_full,
later,2018-04,2018-04,2018-04-01,linear_quantile,DQG,Promise + state-OD profiles,0.9,score_only,3417,c696c0bce90953fd287abfc368108f2b27970021239d0944fd1066180bd245e0,f3b01db1204fbf080259ebb92020a6fa2b2079a8c750b1a22b3cf47f6e912384,sha256_pickle_protocol_5_fitted_wrapper,,,2.79578259528,2.79578259528,-0.00606671113788,-0.00606671113788,,0.9,f70654d8c209bccbb417414da1c2ceea047caa7f2467d1ed8101efa66eb66fd9,306,2.81274380069,0.87908496732,-0.0209150326797,18.653559959,18.8518686979,7,10.3954248366,16.2684438069,17.7906121745,linear_quantile,DQG,306,0.87908496732,DQG-DQ0,DQG,DQ0,DQG_score_only,
later,2018-04,2018-04,2018-04-01,linear_quantile,DQS,Promise + seller profiles,0.5,full,3417,c696c0bce90953fd287abfc368108f2b27970021239d0944fd1066180bd245e0,3e512af4132763872cc59c82d6fd22db8a0c8ca42f227848b6ac0c6c5925b02d,sha256_pickle_protocol_5_fitted_wrapper,6,3.57679738562,3.52748657698,3.52748657698,0.00837819287908,0.00837819287908,0.0220489904953,0.5,f70654d8c209bccbb417414da1c2ceea047caa7f2467d1ed8101efa66eb66fd9,306,3.49793261406,0.460784313725,-0.0392156862745,6.30093124666,6.26683964624,7,10.3954248366,10.315399479,15.7855733913,linear_quantile,DQS,306,0.460784313725,DQS-DQ0,DQS,DQ0,DQS_full,
later,2018-04,2018-04,2018-04-01,linear_quantile,DQS,Promise + seller profiles,0.5,score_only,3417,c696c0bce90953fd287abfc368108f2b27970021239d0944fd1066180bd245e0,455e03457362a1652869aeae2c0d7b085901206d881d2573e7c9643d08e36200,sha256_pickle_protocol_5_fitted_wrapper,,,3.52748657698,3.52748657698,0.000756637682023,0.000756637682023,,0.5,f70654d8c209bccbb417414da1c2ceea047caa7f2467d1ed8101efa66eb66fd9,306,3.52481754772,0.464052287582,-0.0359477124183,6.20527891104,6.18145159082,7,10.3954248366,10.5081224159,15.9736095811,linear_quantile,DQS,306,0.464052287582,DQS-DQ0,DQS,DQ0,DQS_score_only,
later,2018-04,2018-04,2018-04-01,linear_quantile,DQS,Promise + seller profiles,0.9,full,3417,c696c0bce90953fd287abfc368108f2b27970021239d0944fd1066180bd245e0,f0207870696c506cbbf7835e402f4099f544761887e9a007e9e186dca33841f0,sha256_pickle_protocol_5_fitted_wrapper,20,2.82973856209,2.79578259528,2.79578259528,-0.000973328983396,-0.000973328983396,0.0110380340416,0.9,f70654d8c209bccbb417414da1c2ceea047caa7f2467d1ed8101efa66eb66fd9,306,2.79850381151,0.885620915033,-0.0143790849673,19.9353240515,19.8743225045,7,10.3954248366,16.1796542196,18.7529384034,linear_quantile,DQS,306,0.885620915033,DQS-DQ0,DQS,DQ0,DQS_full,
later,2018-04,2018-04,2018-04-01,linear_quantile,DQS,Promise + seller profiles,0.9,score_only,3417,c696c0bce90953fd287abfc368108f2b27970021239d0944fd1066180bd245e0,487254364ca0c8b22bdc89753b866e49e6de563ffa30c4899a7a422ee7fe7acc,sha256_pickle_protocol_5_fitted_wrapper,,,2.79578259528,2.79578259528,-0.00151313040015,-0.00151313040015,,0.9,f70654d8c209bccbb417414da1c2ceea047caa7f2467d1ed8101efa66eb66fd9,306,2.80001297892,0.888888888889,-0.0111111111111,19.986056964,19.9444916614,7,10.3954248366,16.605956668,19.1855470131,linear_quantile,DQS,306,0.888888888889,DQS-DQ0,DQS,DQ0,DQS_score_only,
later,2018-04,2018-04,2018-04-01,xgboost_quantile,DQB,Promise + both profile blocks,0.5,full,3417,c696c0bce90953fd287abfc368108f2b27970021239d0944fd1066180bd245e0,e30597919f30026062a311dba5297cf98e4b7f40530fdbca6c56672e009646cb,sha256_pickle_protocol_5_fitted_wrapper,6,3.57679738562,3.57613561356,3.57613561356,6.85365109421e-06,6.85365109421e-06,0.000191870428428,0.5,f70654d8c209bccbb417414da1c2ceea047caa7f2467d1ed8101efa66eb66fd9,306,3.57611110397,0.464052287582,-0.0359477124183,6.03000020981,6.01549028104,7,10.3954248366,10.758658444,16,xgboost_quantile,DQB,306,0.464052287582,DQB-DQ0,DQB,DQ0,DQB_full,
later,2018-04,2018-04,2018-04-01,xgboost_quantile,DQB,Promise + both profile blocks,0.5,score_only,3417,c696c0bce90953fd287abfc368108f2b27970021239d0944fd1066180bd245e0,adf4713f5ebc8555dd081cac76c1a073e5fa4596b2b41c4b8a3ce9b5c903c892,sha256_pickle_protocol_5_fitted_wrapper,,,3.57613561356,3.57613561356,-0.000370100645063,-0.000370100645063,,0.5,f70654d8c209bccbb417414da1c2ceea047caa7f2467d1ed8101efa66eb66fd9,306,3.57745914366,0.457516339869,-0.0424836601307,6.03000020981,5.99671580745,7,10.3954248366,10.6488251772,15.9699997902,xgboost_quantile,DQB,306,0.457516339869,DQB-DQ0,DQB,DQ0,DQB_score_only,
later,2018-04,2018-04,2018-04-01,xgboost_quantile,DQB,Promise + both profile blocks,0.9,full,3417,c696c0bce90953fd287abfc368108f2b27970021239d0944fd1066180bd245e0,a5cbd19f8462073982cfab507e28275d889e809114536f078cd885a7bbe95e16,sha256_pickle_protocol_5_fitted_wrapper,20,2.82973856209,2.82454854741,2.82454854741,-0.00396523646847,-0.00396523646847,-0.00212386695517,0.9,f70654d8c209bccbb417414da1c2ceea047caa7f2467d1ed8101efa66eb66fd9,306,2.83574855032,0.882352941176,-0.0176470588235,19.4779243469,19.6417456484,7,10.3954248366,16.2444899877,18.3954935074,xgboost_quantile,DQB,306,0.882352941176,DQB-DQ0,DQB,DQ0,DQB_full,
later,2018-04,2018-04,2018-04-01,xgboost_quantile,DQB,Promise + both profile blocks,0.9,score_only,3417,c696c0bce90953fd287abfc368108f2b27970021239d0944fd1066180bd245e0,053440b8167f3f8b22b4e076d7a43ede81a8cb113a378158bb97eaefbdb0554a,sha256_pickle_protocol_5_fitted_wrapper,,,2.82454854741,2.82454854741,0.00196616986747,0.00196616986747,,0.9,f70654d8c209bccbb417414da1c2ceea047caa7f2467d1ed8101efa66eb66fd9,306,2.81899500517,0.882352941176,-0.0176470588235,19.6837711334,19.7411442613,7,10.3954248366,16.0175960329,18.6480121613,xgboost_quantile,DQB,306,0.882352941176,DQB-DQ0,DQB,DQ0,DQB_score_only,
later,2018-04,2018-04,2018-04-01,xgboost_quantile,DQG,Promise + state-OD profiles,0.5,full,3417,c696c0bce90953fd287abfc368108f2b27970021239d0944fd1066180bd245e0,dada9c224cdb36d90bc516491e73b2e3e278851c0529ee90cbb79ade142401a5,sha256_pickle_protocol_5_fitted_wrapper,6,3.57679738562,3.57613561356,3.57613561356,0.000267294571409,0.000267294571409,0.000452263162473,0.5,f70654d8c209bccbb417414da1c2ceea047caa7f2467d1ed8101efa66eb66fd9,306,3.57517973192,0.470588235294,-0.0294117647059,6,6.00470594799,7,10.3954248366,10.8999073329,16,xgboost_quantile,DQG,306,0.470588235294,DQG-DQ0,DQG,DQ0,DQG_full,
later,2018-04,2018-04,2018-04-01,xgboost_quantile,DQG,Promise + state-OD profiles,0.5,score_only,3417,c696c0bce90953fd287abfc368108f2b27970021239d0944fd1066180bd245e0,89aed80755167051dc318a587bebdeaed51c49d6c086dfe17cdf0fe0402d1474,sha256_pickle_protocol_5_fitted_wrapper,,,3.57613561356,3.57613561356,0.000212465362656,0.000212465362656,,0.5,f70654d8c209bccbb417414da1c2ceea047caa7f2467d1ed8101efa66eb66fd9,306,3.57537580861,0.470588235294,-0.0294117647059,6,6.00401964842,7,10.3954248366,10.9009258718,16,xgboost_quantile,DQG,306,0.470588235294,DQG-DQ0,DQG,DQ0,DQG_score_only,
later,2018-04,2018-04,2018-04-01,xgboost_quantile,DQG,Promise + state-OD profiles,0.9,full,3417,c696c0bce90953fd287abfc368108f2b27970021239d0944fd1066180bd245e0,798c85fa3c1f40f6afeb3ec3147d41692494ec73dd2afc861014d79f5b15e310,sha256_pickle_protocol_5_fitted_wrapper,20,2.82973856209,2.82454854741,2.82454854741,-0.00120466999197,-0.00120466999197,0.000631636374954,0.9,f70654d8c209bccbb417414da1c2ceea047caa7f2467d1ed8101efa66eb66fd9,306,2.82795119628,0.882352941176,-0.0176470588235,19.6969184875,19.7297912236,7,10.3954248366,16.1033737395,18.6969184875,xgboost_quantile,DQG,306,0.882352941176,DQG-DQ0,DQG,DQ0,DQG_full,
later,2018-04,2018-04,2018-04-01,xgboost_quantile,DQG,Promise + state-OD profiles,0.9,score_only,3417,c696c0bce90953fd287abfc368108f2b27970021239d0944fd1066180bd245e0,15a4b6847915c76bd37e72908bc6727141210e6c5196236a509f9db63e6fc5af,sha256_pickle_protocol_5_fitted_wrapper,,,2.82454854741,2.82454854741,-0.00222749952729,-0.00222749952729,,0.9,f70654d8c209bccbb417414da1c2ceea047caa7f2467d1ed8101efa66eb66fd9,306,2.83084022796,0.87908496732,-0.0209150326797,19.5760326385,19.6206575032,7,10.3954248366,15.7822970313,18.5760326385,xgboost_quantile,DQG,306,0.87908496732,DQG-DQ0,DQG,DQ0,DQG_score_only,
later,2018-04,2018-04,2018-04-01,xgboost_quantile,DQS,Promise + seller profiles,0.5,full,3417,c696c0bce90953fd287abfc368108f2b27970021239d0944fd1066180bd245e0,d681bcead0b9be851d44ed7d8858e1cc4bc74542829d95527c36fee72eff7a8b,sha256_pickle_protocol_5_fitted_wrapper,6,3.57679738562,3.57613561356,3.57613561356,0.000315271218436,0.000315271218436,0.000500230932955,0.5,f70654d8c209bccbb417414da1c2ceea047caa7f2467d1ed8101efa66eb66fd9,306,3.57500816093,0.467320261438,-0.0326797385621,6,5.99936279752,7,10.3954248366,10.8377299952,16,xgboost_quantile,DQS,306,0.467320261438,DQS-DQ0,DQS,DQ0,DQS_full,
later,2018-04,2018-04,2018-04-01,xgboost_quantile,DQS,Promise + seller profiles,0.5,score_only,3417,c696c0bce90953fd287abfc368108f2b27970021239d0944fd1066180bd245e0,1e40b8b4c5745f9af69667b20dfe43600b0cf1dee61356abc836108e05a53043,sha256_pickle_protocol_5_fitted_wrapper,,,3.57613561356,3.57613561356,0.000150780977693,0.000150780977693,,0.5,f70654d8c209bccbb417414da1c2ceea047caa7f2467d1ed8101efa66eb66fd9,306,3.57559640034,0.454248366013,-0.0457516339869,6,6.00093142971,7,10.3954248366,10.5777843698,15.9699997902,xgboost_quantile,DQS,306,0.454248366013,DQS-DQ0,DQS,DQ0,DQS_score_only,
later,2018-04,2018-04,2018-04-01,xgboost_quantile,DQS,Promise + seller profiles,0.9,full,3417,c696c0bce90953fd287abfc368108f2b27970021239d0944fd1066180bd245e0,cabc57878a3bfccb825ba9c5d162484bc5738f91997da20fb3a8d0c6551b747d,sha256_pickle_protocol_5_fitted_wrapper,20,2.82973856209,2.82454854741,2.82454854741,-0.000175950111697,-0.000175950111697,0.0016584694833,0.9,f70654d8c209bccbb417414da1c2ceea047caa7f2467d1ed8101efa66eb66fd9,306,2.82504552704,0.882352941176,-0.0176470588235,19.9414749146,19.9670246473,7,10.3954248366,15.8770271407,18.8104887009,xgboost_quantile,DQS,306,0.882352941176,DQS-DQ0,DQS,DQ0,DQS_full,
later,2018-04,2018-04,2018-04-01,xgboost_quantile,DQS,Promise + seller profiles,0.9,score_only,3417,c696c0bce90953fd287abfc368108f2b27970021239d0944fd1066180bd245e0,aae229a63724066fb5d81cf640f131e3b682d1184d2d638e8b2e314b28d15dab,sha256_pickle_protocol_5_fitted_wrapper,,,2.82454854741,2.82454854741,-0.0013812967033,-0.0013812967033,,0.9,f70654d8c209bccbb417414da1c2ceea047caa7f2467d1ed8101efa66eb66fd9,306,2.82845008701,0.882352941176,-0.0176470588235,19.9532871246,19.9409814722,7,10.3954248366,15.9281025992,18.6368103027,xgboost_quantile,DQS,306,0.882352941176,DQS-DQ0,DQS,DQ0,DQS_score_only,
later,2018-05,2018-05,2018-05-01,linear_quantile,DQB,Promise + both profile blocks,0.5,full,4757,298cf3fd217511ecf0133cec058c1d045fdca37dc5bafb8f5dcc3e3b11d3505e,6225337392d548b2795e18dfc32466a6dbdb45a43c7d69bbda9aa07be871590a,sha256_pickle_protocol_5_fitted_wrapper,7,2.29571106095,2.21256456732,2.21256456732,-0.0370518262356,-0.0370518262356,0.000508311245806,0.5,1e8f737f65d16539c4d5c862ea765abd56a694c2e2362f8b4d7ef7e39e6c770f,443,2.2945441252,0.604966139955,0.104966139955,6.92562387118,6.77313403977,5,7.10383747178,6.22705061516,7.42555608583,linear_quantile,DQB,443,0.604966139955,DQB-DQ0,DQB,DQ0,DQB_full,
later,2018-05,2018-05,2018-05-01,linear_quantile,DQB,Promise + both profile blocks,0.5,score_only,4757,298cf3fd217511ecf0133cec058c1d045fdca37dc5bafb8f5dcc3e3b11d3505e,bc19fd9cb6700e58a674d055ee963b19ae870cca129af94e373770a8b21b68f9,sha256_pickle_protocol_5_fitted_wrapper,,,2.21256456732,2.21256456732,-0.0255831634492,-0.0255831634492,,0.5,1e8f737f65d16539c4d5c862ea765abd56a694c2e2362f8b4d7ef7e39e6c770f,443,2.26916896828,0.618510158014,0.118510158014,7.0735529668,6.82788255366,5,7.10383747178,6.30985720304,7.01992469122,linear_quantile,DQB,443,0.618510158014,DQB-DQ0,DQB,DQ0,DQB_score_only,
later,2018-05,2018-05,2018-05-01,linear_quantile,DQB,Promise + both profile blocks,0.9,full,4757,298cf3fd217511ecf0133cec058c1d045fdca37dc5bafb8f5dcc3e3b11d3505e,ddd7ed8882ad752f3535101c887964b8077f5e4ddb418434b5067b749a83ad75,sha256_pickle_protocol_5_fitted_wrapper,21,2.05553047404,2.03731775724,2.03731775724,-0.00975026423864,-0.00975026423864,-0.000803524778246,0.9,1e8f737f65d16539c4d5c862ea765abd56a694c2e2362f8b4d7ef7e39e6c770f,443,2.05718214371,0.972911963883,0.0729119638826,21.0505150674,21.1113142104,5,7.10383747178,24.2333725119,20.0467640682,linear_quantile,DQB,443,0.972911963883,DQB-DQ0,DQB,DQ0,DQB_full,
later,2018-05,2018-05,2018-05-01,linear_quantile,DQB,Promise + both profile blocks,0.9,score_only,4757,298cf3fd217511ecf0133cec058c1d045fdca37dc5bafb8f5dcc3e3b11d3505e,07241aa10e606b5cc95bae51b15859e225497ab3a2ec07a8b5c9c31ff39dd4bd,sha256_pickle_protocol_5_fitted_wrapper,,,2.03731775724,2.03731775724,-0.00772443216672,-0.00772443216672,,0.9,1e8f737f65d16539c4d5c862ea765abd56a694c2e2362f8b4d7ef7e39e6c770f,443,2.05305488006,0.977426636569,0.0774266365688,21.2013966997,21.0800542895,5,7.10383747178,29.0356906839,20.0899002594,linear_quantile,DQB,443,0.977426636569,DQB-DQ0,DQB,DQ0,DQB_score_only,
later,2018-05,2018-05,2018-05-01,linear_quantile,DQG,Promise + state-OD profiles,0.5,full,4757,298cf3fd217511ecf0133cec058c1d045fdca37dc5bafb8f5dcc3e3b11d3505e,b132c7212aa203b0126f6142eabddbec69a7a0c8fe4d72c73215c9cc9c71ee7d,sha256_pickle_protocol_5_fitted_wrapper,7,2.29571106095,2.21256456732,2.21256456732,-0.023336608912,-0.023336608912,0.0137267882568,0.5,1e8f737f65d16539c4d5c862ea765abd56a694c2e2362f8b4d7ef7e39e6c770f,443,2.26419832132,0.627539503386,0.127539503386,7.02863324673,6.70847361146,5,7.10383747178,6.60977546306,6.93208764613,linear_quantile,DQG,443,0.627539503386,DQG-DQ0,DQG,DQ0,DQG_full,
later,2018-05,2018-05,2018-05-01,linear_quantile,DQG,Promise + state-OD profiles,0.5,score_only,4757,298cf3fd217511ecf0133cec058c1d045fdca37dc5bafb8f5dcc3e3b11d3505e,ff47701b126c7648d0509d4be24bf6d77954ac1b3c2fe4cb0d6b113a164bcb28,sha256_pickle_protocol_5_fitted_wrapper,,,2.21256456732,2.21256456732,-0.0204789923935,-0.0204789923935,,0.5,1e8f737f65d16539c4d5c862ea765abd56a694c2e2362f8b4d7ef7e39e6c770f,443,2.25787566026,0.600451467269,0.100451467269,6.91254192685,6.68220833847,5,7.10383747178,6.1786992685,6.89824123747,linear_quantile,DQG,443,0.600451467269,DQG-DQ0,DQG,DQ0,DQG_score_only,
later,2018-05,2018-05,2018-05-01,linear_quantile,DQG,Promise + state-OD profiles,0.9,full,4757,298cf3fd217511ecf0133cec058c1d045fdca37dc5bafb8f5dcc3e3b11d3505e,df55acffb0ed8e0e2e427bf7765a68836e5b9a47969f6068f9a01820795b6dd2,sha256_pickle_protocol_5_fitted_wrapper,21,2.05553047404,2.03731775724,2.03731775724,-0.00501825161635,-0.00501825161635,0.00388656056207,0.9,1e8f737f65d16539c4d5c862ea765abd56a694c2e2362f8b4d7ef7e39e6c770f,443,2.04754153037,0.975169300226,0.0751693002257,21.1491638377,21.0351440514,5,7.10383747178,26.3549105888,20.0089816551,linear_quantile,DQG,443,0.975169300226,DQG-DQ0,DQG,DQ0,DQG_full,
later,2018-05,2018-05,2018-05-01,linear_quantile,DQG,Promise + state-OD profiles,0.9,score_only,4757,298cf3fd217511ecf0133cec058c1d045fdca37dc5bafb8f5dcc3e3b11d3505e,18a0a32c7d791cad7e3a3b7c53da0ea0bd331c690a922e1f323fb0c9a6e32836,sha256_pickle_protocol_5_fitted_wrapper,,,2.03731775724,2.03731775724,-0.00501825161635,-0.00501825161635,,0.9,1e8f737f65d16539c4d5c862ea765abd56a694c2e2362f8b4d7ef7e39e6c770f,443,2.04754153037,0.975169300226,0.0751693002257,21.1491638377,21.0351440514,5,7.10383747178,26.3549105888,20.0089816551,linear_quantile,DQG,443,0.975169300226,DQG-DQ0,DQG,DQ0,DQG_score_only,
later,2018-05,2018-05,2018-05-01,linear_quantile,DQS,Promise + seller profiles,0.5,full,4757,298cf3fd217511ecf0133cec058c1d045fdca37dc5bafb8f5dcc3e3b11d3505e,d15ce67cfbb2fb1a22c0eafc4746ad4fe30e13e181e410931ceab8509e5e7794,sha256_pickle_protocol_5_fitted_wrapper,7,2.29571106095,2.21256456732,2.21256456732,-0.0125071432755,-0.0125071432755,0.0241640302765,0.5,1e8f737f65d16539c4d5c862ea765abd56a694c2e2362f8b4d7ef7e39e6c770f,443,2.24023742937,0.562076749436,0.0620767494357,6.34197376527,6.45306905964,5,7.10383747178,5.85861022938,7.1913537053,linear_quantile,DQS,443,0.562076749436,DQS-DQ0,DQS,DQ0,DQS_full,
later,2018-05,2018-05,2018-05-01,linear_quantile,DQS,Promise + seller profiles,0.5,score_only,4757,298cf3fd217511ecf0133cec058c1d045fdca37dc5bafb8f5dcc3e3b11d3505e,8149b35de83758ec16fbe1b1552dc3100f6802a9098bf08e36dfeacef5d90b59,sha256_pickle_protocol_5_fitted_wrapper,,,2.21256456732,2.21256456732,-0.00341594357243,-0.00341594357243,,0.5,1e8f737f65d16539c4d5c862ea765abd56a694c2e2362f8b4d7ef7e39e6c770f,443,2.22012256303,0.571106094808,0.0711060948081,6.35611143705,6.42752897758,5,7.10383747178,5.96482435204,6.78851482449,linear_quantile,DQS,443,0.571106094808,DQS-DQ0,DQS,DQ0,DQS_score_only,
later,2018-05,2018-05,2018-05-01,linear_quantile,DQS,Promise + seller profiles,0.9,full,4757,298cf3fd217511ecf0133cec058c1d045fdca37dc5bafb8f5dcc3e3b11d3505e,3b19bedac06d414a056663e7f8bda6a7b13fb6e46c156763a50974cb73d75d9c,sha256_pickle_protocol_5_fitted_wrapper,21,2.05553047404,2.03731775724,2.03731775724,-0.00494981138554,-0.00494981138554,0.00395439438857,0.9,1e8f737f65d16539c4d5c862ea765abd56a694c2e2362f8b4d7ef7e39e6c770f,443,2.04740209587,0.972911963883,0.0729119638826,20.9007615679,21.0108001511,5,7.10383747178,24.243390148,19.8798799471,linear_quantile,DQS,443,0.972911963883,DQS-DQ0,DQS,DQ0,DQS_full,
later,2018-05,2018-05,2018-05-01,linear_quantile,DQS,Promise + seller profiles,0.9,score_only,4757,298cf3fd217511ecf0133cec058c1d045fdca37dc5bafb8f5dcc3e3b11d3505e,0bbc4ad63304c10344a2455f21d0c30ddc67a98060ece736348f62ee231284b8,sha256_pickle_protocol_5_fitted_wrapper,,,2.03731775724,2.03731775724,0.00284512099608,0.00284512099608,,0.9,1e8f737f65d16539c4d5c862ea765abd56a694c2e2362f8b4d7ef7e39e6c770f,443,2.03152134171,0.975169300226,0.0751693002257,20.7960543032,20.8530130187,5,7.10383747178,26.4432252408,19.8229096177,linear_quantile,DQS,443,0.975169300226,DQS-DQ0,DQS,DQ0,DQS_score_only,
later,2018-05,2018-05,2018-05-01,xgboost_quantile,DQB,Promise + both profile blocks,0.5,full,4757,298cf3fd217511ecf0133cec058c1d045fdca37dc5bafb8f5dcc3e3b11d3505e,9b7259621b7c70d11817ded82e7aa3501249a92ddb39f0f0e28874d25948013e,sha256_pickle_protocol_5_fitted_wrapper,7,2.29571106095,2.29185101464,2.29185101464,-0.00190585841492,-0.00190585841492,-0.00022123743768,0.5,1e8f737f65d16539c4d5c862ea765abd56a694c2e2362f8b4d7ef7e39e6c770f,443,2.29621895818,0.627539503386,0.127539503386,7,6.99478549828,5,7.10383747178,6.31139400367,6.05399999619,xgboost_quantile,DQB,443,0.627539503386,DQB-DQ0,DQB,DQ0,DQB_full,
later,2018-05,2018-05,2018-05-01,xgboost_quantile,DQB,Promise + both profile blocks,0.5,score_only,4757,298cf3fd217511ecf0133cec058c1d045fdca37dc5bafb8f5dcc3e3b11d3505e,2b62db014266046e24df032b54b107cb02927d88baf12ba54b84af5ce768f7de,sha256_pickle_protocol_5_fitted_wrapper,,,2.29185101464,2.29185101464,-0.000465389525435,-0.000465389525435,,0.5,1e8f737f65d16539c4d5c862ea765abd56a694c2e2362f8b4d7ef7e39e6c770f,443,2.29291761809,0.65237020316,0.15237020316,7,6.98797975006,5,7.10383747178,6.76249993622,6.03000020981,xgboost_quantile,DQB,443,0.65237020316,DQB-DQ0,DQB,DQ0,DQB_score_only,
later,2018-05,2018-05,2018-05-01,xgboost_quantile,DQB,Promise + both profile blocks,0.9,full,4757,298cf3fd217511ecf0133cec058c1d045fdca37dc5bafb8f5dcc3e3b11d3505e,d19fb9fe80a536e04336ba4bf316baccad8936ffbfd9c0168ec954846ba52b69,sha256_pickle_protocol_5_fitted_wrapper,21,2.05553047404,2.04495136915,2.04495136915,-0.00427103441048,-0.00427103441048,0.000897601492295,0.9,1e8f737f65d16539c4d5c862ea765abd56a694c2e2362f8b4d7ef7e39e6c770f,443,2.05368542682,0.97065462754,0.0706546275395,20.9402427673,20.9338536704,5,7.10383747178,22.8548404987,19.886510849,xgboost_quantile,DQB,443,0.97065462754,DQB-DQ0,DQB,DQ0,DQB_full,
later,2018-05,2018-05,2018-05-01,xgboost_quantile,DQB,Promise + both profile blocks,0.9,score_only,4757,298cf3fd217511ecf0133cec058c1d045fdca37dc5bafb8f5dcc3e3b11d3505e,d2dab67b15564c7ddd790dd022737b939fc50d872a0a924d461dbea1a7526347,sha256_pickle_protocol_5_fitted_wrapper,,,2.04495136915,2.04495136915,-0.00251926188065,-0.00251926188065,,0.9,1e8f737f65d16539c4d5c862ea765abd56a694c2e2362f8b4d7ef7e39e6c770f,443,2.05010313719,0.97065462754,0.0706546275395,20.9348659515,20.8412725565,5,7.10383747178,23.0482550401,19.7293052673,xgboost_quantile,DQB,443,0.97065462754,DQB-DQ0,DQB,DQ0,DQB_score_only,
later,2018-05,2018-05,2018-05-01,xgboost_quantile,DQG,Promise + state-OD profiles,0.5,full,4757,298cf3fd217511ecf0133cec058c1d045fdca37dc5bafb8f5dcc3e3b11d3505e,5a9f3cded6084159c5911eff7747e8a20ddb90c3c58b0cabf716aebf9740f342,sha256_pickle_protocol_5_fitted_wrapper,7,2.29571106095,2.29185101464,2.29185101464,-0.000384128450031,-0.000384128450031,0.00129793386544,0.5,1e8f737f65d16539c4d5c862ea765abd56a694c2e2362f8b4d7ef7e39e6c770f,443,2.29273137982,0.625282167043,0.125282167043,7,6.98523701179,5,7.10383747178,6.27680724787,6.05999994278,xgboost_quantile,DQG,443,0.625282167043,DQG-DQ0,DQG,DQ0,DQG_full,
later,2018-05,2018-05,2018-05-01,xgboost_quantile,DQG,Promise + state-OD profiles,0.5,score_only,4757,298cf3fd217511ecf0133cec058c1d045fdca37dc5bafb8f5dcc3e3b11d3505e,4517a657fa68ec32da864630eb7fd882ea785c55122f4b3d592709d349208160,sha256_pickle_protocol_5_fitted_wrapper,,,2.29185101464,2.29185101464,-0.00134444018199,-0.00134444018199,,0.5,1e8f737f65d16539c4d5c862ea765abd56a694c2e2362f8b4d7ef7e39e6c770f,443,2.29493227123,0.6230248307,0.1230248307,6.96999979019,6.98706536799,5,7.10383747178,6.24263483322,6.15000009537,xgboost_quantile,DQG,443,0.6230248307,DQG-DQ0,DQG,DQ0,DQG_score_only,
later,2018-05,2018-05,2018-05-01,xgboost_quantile,DQG,Promise + state-OD profiles,0.9,full,4757,298cf3fd217511ecf0133cec058c1d045fdca37dc5bafb8f5dcc3e3b11d3505e,009b37f0e974fd6dffc2d34c68ffeafa9283ef1268dfbc560b4507479b04b472,sha256_pickle_protocol_5_fitted_wrapper,21,2.05553047404,2.04495136915,2.04495136915,-0.00283118949356,-0.00283118949356,0.00233003602509,0.9,1e8f737f65d16539c4d5c862ea765abd56a694c2e2362f8b4d7ef7e39e6c770f,443,2.05074101399,0.972911963883,0.0729119638826,20.8249092102,20.9585949487,5,7.10383747178,24.5593760808,19.644908905,xgboost_quantile,DQG,443,0.972911963883,DQG-DQ0,DQG,DQ0,DQG_full,
later,2018-05,2018-05,2018-05-01,xgboost_quantile,DQG,Promise + state-OD profiles,0.9,score_only,4757,298cf3fd217511ecf0133cec058c1d045fdca37dc5bafb8f5dcc3e3b11d3505e,ffb69b8d43e06c0559da9539a34c399a5d80b08110e6b2960a67f677d5a61722,sha256_pickle_protocol_5_fitted_wrapper,,,2.04495136915,2.04495136915,-0.00379672918183,-0.00379672918183,,0.9,1e8f737f65d16539c4d5c862ea765abd56a694c2e2362f8b4d7ef7e39e6c770f,443,2.05271549569,0.97065462754,0.0706546275395,21.0324954987,20.8626899848,5,7.10383747178,23.0642921741,19.8113357544,xgboost_quantile,DQG,443,0.97065462754,DQG-DQ0,DQG,DQ0,DQG_score_only,
later,2018-05,2018-05,2018-05-01,xgboost_quantile,DQS,Promise + seller profiles,0.5,full,4757,298cf3fd217511ecf0133cec058c1d045fdca37dc5bafb8f5dcc3e3b11d3505e,20f60e997fdfbbad79f29fa6951b6466cc70656a99daca011425c279e53148fa,sha256_pickle_protocol_5_fitted_wrapper,7,2.29571106095,2.29185101464,2.29185101464,2.95500583611e-05,2.95500583611e-05,0.00171091680799,0.5,1e8f737f65d16539c4d5c862ea765abd56a694c2e2362f8b4d7ef7e39e6c770f,443,2.29178329031,0.625282167043,0.125282167043,7,6.97738144252,5,7.10383747178,6.28475908486,6.03000020981,xgboost_quantile,DQS,443,0.625282167043,DQS-DQ0,DQS,DQ0,DQS_full,
later,2018-05,2018-05,2018-05-01,xgboost_quantile,DQS,Promise + seller profiles,0.5,score_only,4757,298cf3fd217511ecf0133cec058c1d045fdca37dc5bafb8f5dcc3e3b11d3505e,b0e29f5740063d87dfd1f23fed76242edbc08bb812e532170d047341aaa8a414,sha256_pickle_protocol_5_fitted_wrapper,,,2.29185101464,2.29185101464,-5.90965943017e-05,-5.90965943017e-05,,0.5,1e8f737f65d16539c4d5c862ea765abd56a694c2e2362f8b4d7ef7e39e6c770f,443,2.29198645523,0.629796839729,0.129796839729,7,6.98361171718,5,7.10383747178,6.35353661165,6.03000020981,xgboost_quantile,DQS,443,0.629796839729,DQS-DQ0,DQS,DQ0,DQS_score_only,
later,2018-05,2018-05,2018-05-01,xgboost_quantile,DQS,Promise + seller profiles,0.9,full,4757,298cf3fd217511ecf0133cec058c1d045fdca37dc5bafb8f5dcc3e3b11d3505e,7530444fa74063e3d9695d3b3dfd3428ff384938a6634250161e07afb7f734d9,sha256_pickle_protocol_5_fitted_wrapper,21,2.05553047404,2.04495136915,2.04495136915,-0.00510550314873,-0.00510550314873,6.74274762122e-05,0.9,1e8f737f65d16539c4d5c862ea765abd56a694c2e2362f8b4d7ef7e39e6c770f,443,2.05539187481,0.968397291196,0.0683972911964,21.032333374,21.0477081712,5,7.10383747178,20.9160806111,19.9200866699,xgboost_quantile,DQS,443,0.968397291196,DQS-DQ0,DQS,DQ0,DQS_full,
later,2018-05,2018-05,2018-05-01,xgboost_quantile,DQS,Promise + seller profiles,0.9,score_only,4757,298cf3fd217511ecf0133cec058c1d045fdca37dc5bafb8f5dcc3e3b11d3505e,b3d71c69128f7e5bd9367a63d9433bd5bbd950028e7d8b7664214496fdd97e37,sha256_pickle_protocol_5_fitted_wrapper,,,2.04495136915,2.04495136915,-0.00550719461546,-0.00550719461546,,0.9,1e8f737f65d16539c4d5c862ea765abd56a694c2e2362f8b4d7ef7e39e6c770f,443,2.05621331432,0.97065462754,0.0706546275395,21.0799350739,21.0572346758,5,7.10383747178,22.5205386235,19.9152450562,xgboost_quantile,DQS,443,0.97065462754,DQS-DQ0,DQS,DQ0,DQS_score_only,
later,2018-06,2018-06,2018-06-01,linear_quantile,DQB,Promise + both profile blocks,0.5,full,5178,7501510af0ba154c313de0d8c08401f8276287c20a030a2abca6c55fd9cdc858,8fccc1b415c57e1762913093a4bc28818daa43d89b64ab2eff4b95774f805002,sha256_pickle_protocol_5_fitted_wrapper,7,4.83802816901,4.67386342156,4.67386342156,-0.00457526204844,-0.00457526204844,0.0295121467939,0.5,5aaff04dc19d63b5a2dd637a07f5527d21f5d0a7b23e9e0b532681e840c404ca,71,4.6952475715,0.43661971831,-0.0633802816901,7.62699709858,7.3785032607,8,13.3521126761,13.6356427955,20.8378977041,linear_quantile,DQB,71,0.43661971831,DQB-DQ0,DQB,DQ0,DQB_full,
later,2018-06,2018-06,2018-06-01,linear_quantile,DQB,Promise + both profile blocks,0.5,score_only,5178,7501510af0ba154c313de0d8c08401f8276287c20a030a2abca6c55fd9cdc858,d90d64f18b1a38718fc6b06cf0122d1352ea3ad7bfb9831f9b7389370fbfd5dc,sha256_pickle_protocol_5_fitted_wrapper,,,4.67386342156,4.67386342156,-0.0217918687194,-0.0217918687194,,0.5,5aaff04dc19d63b5a2dd637a07f5527d21f5d0a7b23e9e0b532681e840c404ca,71,4.77571563966,0.43661971831,-0.0633802816901,7.86755754906,7.30420903423,8,13.3521126761,13.8444097425,21.382942586,linear_quantile,DQB,71,0.43661971831,DQB-DQ0,DQB,DQ0,DQB_score_only,
later,2018-06,2018-06,2018-06-01,linear_quantile,DQB,Promise + both profile blocks,0.9,full,5178,7501510af0ba154c313de0d8c08401f8276287c20a030a2abca6c55fd9cdc858,cc027129e9094b365dafec6d1d3871332cf2e8e9cb234501f33e92c8b5e068b4,sha256_pickle_protocol_5_fitted_wrapper,23,4.03521126761,3.97537413006,3.97537413006,0.00626592947544,0.00626592947544,0.0210017631941,0.9,5aaff04dc19d63b5a2dd637a07f5527d21f5d0a7b23e9e0b532681e840c404ca,71,3.95046471613,0.830985915493,-0.069014084507,23.7385413794,23.1181554766,8,13.3521126761,17.5953409134,23.2314639573,linear_quantile,DQB,71,0.830985915493,DQB-DQ0,DQB,DQ0,DQB_full,
later,2018-06,2018-06,2018-06-01,linear_quantile,DQB,Promise + both profile blocks,0.9,score_only,5178,7501510af0ba154c313de0d8c08401f8276287c20a030a2abca6c55fd9cdc858,fb43d19ece3b4e2f65309d08d98597489f4e32a84f2dd89bed021db3c8a80811,sha256_pickle_protocol_5_fitted_wrapper,,,3.97537413006,3.97537413006,0.00935046891949,0.00935046891949,,0.9,5aaff04dc19d63b5a2dd637a07f5527d21f5d0a7b23e9e0b532681e840c404ca,71,3.93820251782,0.830985915493,-0.069014084507,23.8483360296,23.0506043409,8,13.3521126761,17.5627573287,23.0640677184,linear_quantile,DQB,71,0.830985915493,DQB-DQ0,DQB,DQ0,DQB_score_only,
later,2018-06,2018-06,2018-06-01,linear_quantile,DQG,Promise + state-OD profiles,0.5,full,5178,7501510af0ba154c313de0d8c08401f8276287c20a030a2abca6c55fd9cdc858,e9f1543938f6871bfc04ea9c3095ec93625f32352e00e3529f8fb668bfce8d9e,sha256_pickle_protocol_5_fitted_wrapper,7,4.83802816901,4.67386342156,4.67386342156,-0.0146642831092,-0.0146642831092,0.0197654680132,0.5,5aaff04dc19d63b5a2dd637a07f5527d21f5d0a7b23e9e0b532681e840c404ca,71,4.74240227799,0.422535211268,-0.0774647887324,7.71558017737,7.10580165558,8,13.3521126761,13.6208439747,21.7406647699,linear_quantile,DQG,71,0.422535211268,DQG-DQ0,DQG,DQ0,DQG_full,
later,2018-06,2018-06,2018-06-01,linear_quantile,DQG,Promise + state-OD profiles,0.5,score_only,5178,7501510af0ba154c313de0d8c08401f8276287c20a030a2abca6c55fd9cdc858,5ea7f039963957f0a915d106cd8e8293a0101dfa253ef2e1f09b5a89c99a62fa,sha256_pickle_protocol_5_fitted_wrapper,,,4.67386342156,4.67386342156,-0.0242315640331,-0.0242315640331,,0.5,5aaff04dc19d63b5a2dd637a07f5527d21f5d0a7b23e9e0b532681e840c404ca,71,4.78711844235,0.422535211268,-0.0774647887324,7.83473903194,7.20854535586,8,13.3521126761,13.609318275,21.6041373986,linear_quantile,DQG,71,0.422535211268,DQG-DQ0,DQG,DQ0,DQG_score_only,
later,2018-06,2018-06,2018-06-01,linear_quantile,DQG,Promise + state-OD profiles,0.9,full,5178,7501510af0ba154c313de0d8c08401f8276287c20a030a2abca6c55fd9cdc858,f1f7e0af040b51a9173adf16d2e39bc6bd5f9d933d93450542ecf2577dc89aee,sha256_pickle_protocol_5_fitted_wrapper,23,4.03521126761,3.97537413006,3.97537413006,0.00257266526916,0.00257266526916,0.017363265478,0.9,5aaff04dc19d63b5a2dd637a07f5527d21f5d0a7b23e9e0b532681e840c404ca,71,3.96514682311,0.830985915493,-0.069014084507,23.7496768716,22.8808961565,8,13.3521126761,17.8225884774,23.0535082061,linear_quantile,DQG,71,0.830985915493,DQG-DQ0,DQG,DQ0,DQG_full,
later,2018-06,2018-06,2018-06-01,linear_quantile,DQG,Promise + state-OD profiles,0.9,score_only,5178,7501510af0ba154c313de0d8c08401f8276287c20a030a2abca6c55fd9cdc858,554524eb313718c28b9d3285a712ffc61c8cff53aa0eb99a104dc11718b0db55,sha256_pickle_protocol_5_fitted_wrapper,,,3.97537413006,3.97537413006,0.00257266526916,0.00257266526916,,0.9,5aaff04dc19d63b5a2dd637a07f5527d21f5d0a7b23e9e0b532681e840c404ca,71,3.96514682311,0.830985915493,-0.069014084507,23.7496768716,22.8808961565,8,13.3521126761,17.8225884774,23.0535082061,linear_quantile,DQG,71,0.830985915493,DQG-DQ0,DQG,DQ0,DQG_score_only,
later,2018-06,2018-06,2018-06-01,linear_quantile,DQS,Promise + seller profiles,0.5,full,5178,7501510af0ba154c313de0d8c08401f8276287c20a030a2abca6c55fd9cdc858,4556245351be6eb1043684a95ba59676694849ca757c5bc760e51d9e7ed34d7b,sha256_pickle_protocol_5_fitted_wrapper,7,4.83802816901,4.67386342156,4.67386342156,0.00752704713121,0.00752704713121,0.0412037984783,0.5,5aaff04dc19d63b5a2dd637a07f5527d21f5d0a7b23e9e0b532681e840c404ca,71,4.63868303131,0.43661971831,-0.0633802816901,7.23374929591,7.26130611637,8,13.3521126761,13.6392532023,21.7662507041,linear_quantile,DQS,71,0.43661971831,DQS-DQ0,DQS,DQ0,DQS_full,
later,2018-06,2018-06,2018-06-01,linear_quantile,DQS,Promise + seller profiles,0.5,score_only,5178,7501510af0ba154c313de0d8c08401f8276287c20a030a2abca6c55fd9cdc858,9036a2e266c08b56ad0474b3b57e92bca89cea284788346bd909c73302b91333,sha256_pickle_protocol_5_fitted_wrapper,,,4.67386342156,4.67386342156,-0.00099313079898,-0.00099313079898,,0.5,5aaff04dc19d63b5a2dd637a07f5527d21f5d0a7b23e9e0b532681e840c404ca,71,4.67850517928,0.478873239437,-0.0211267605634,7.25436231902,7.23223073664,8,13.3521126761,14.8494507183,21.7648858277,linear_quantile,DQS,71,0.478873239437,DQS-DQ0,DQS,DQ0,DQS_score_only,
later,2018-06,2018-06,2018-06-01,linear_quantile,DQS,Promise + seller profiles,0.9,full,5178,7501510af0ba154c313de0d8c08401f8276287c20a030a2abca6c55fd9cdc858,f9bfd716fa83490b8d6714fafac8e373b9a65fa8b410e24469a61fb755ede681,sha256_pickle_protocol_5_fitted_wrapper,23,4.03521126761,3.97537413006,3.97537413006,-0.00487055847565,-0.00487055847565,0.0100304154345,0.9,5aaff04dc19d63b5a2dd637a07f5527d21f5d0a7b23e9e0b532681e840c404ca,71,3.99473642223,0.830985915493,-0.069014084507,22.955435503,22.929662653,8,13.3521126761,17.9688067618,22.1965644475,linear_quantile,DQS,71,0.830985915493,DQS-DQ0,DQS,DQ0,DQS_full,
later,2018-06,2018-06,2018-06-01,linear_quantile,DQS,Promise + seller profiles,0.9,score_only,5178,7501510af0ba154c313de0d8c08401f8276287c20a030a2abca6c55fd9cdc858,44bf20860bce6f48d7d9d14fb752e2af39993294c319161cf01778482bbbf07e,sha256_pickle_protocol_5_fitted_wrapper,,,3.97537413006,3.97537413006,0.0020800342036,0.0020800342036,,0.9,5aaff04dc19d63b5a2dd637a07f5527d21f5d0a7b23e9e0b532681e840c404ca,71,3.9671052159,0.830985915493,-0.069014084507,22.9358659488,22.9064805937,8,13.3521126761,17.8190381761,22.0437813198,linear_quantile,DQS,71,0.830985915493,DQS-DQ0,DQS,DQ0,DQS_score_only,
later,2018-06,2018-06,2018-06-01,xgboost_quantile,DQB,Promise + both profile blocks,0.5,full,5178,7501510af0ba154c313de0d8c08401f8276287c20a030a2abca6c55fd9cdc858,3e0c9552b61c7cbfdaafb03324ab125b6057a1b071c53025dd5706afffa16683,sha256_pickle_protocol_5_fitted_wrapper,7,4.83802816901,4.83496478914,4.83496478914,-0.000174785076519,-0.000174785076519,0.000458513284875,0.5,5aaff04dc19d63b5a2dd637a07f5527d21f5d0a7b23e9e0b532681e840c404ca,71,4.83580986883,0.450704225352,-0.0492957746479,6.96999979019,6.96556335772,8,13.3521126761,14.6170513202,22.0300002098,xgboost_quantile,DQB,71,0.450704225352,DQB-DQ0,DQB,DQ0,DQB_full,
later,2018-06,2018-06,2018-06-01,xgboost_quantile,DQB,Promise + both profile blocks,0.5,score_only,5178,7501510af0ba154c313de0d8c08401f8276287c20a030a2abca6c55fd9cdc858,04e37764fb6760ed009ff8e41186b9c1cc4e044ea94b60347e35823eaa7ca642,sha256_pickle_protocol_5_fitted_wrapper,,,4.83496478914,4.83496478914,0.000458803793789,0.000458803793789,,0.5,5aaff04dc19d63b5a2dd637a07f5527d21f5d0a7b23e9e0b532681e840c404ca,71,4.83274648895,0.464788732394,-0.0352112676056,7,6.989436613,8,13.3521126761,14.9736842356,22,xgboost_quantile,DQB,71,0.464788732394,DQB-DQ0,DQB,DQ0,DQB_score_only,
later,2018-06,2018-06,2018-06-01,xgboost_quantile,DQB,Promise + both profile blocks,0.9,full,5178,7501510af0ba154c313de0d8c08401f8276287c20a030a2abca6c55fd9cdc858,073f88bcb5d3164fa5df12ae38d9aa8a3d8c323a053969b4d82a0fa97c32a6ac,sha256_pickle_protocol_5_fitted_wrapper,23,4.03521126761,4.00535838167,4.00535838167,-0.0149012522261,-0.0149012522261,-0.00739291392488,0.9,5aaff04dc19d63b5a2dd637a07f5527d21f5d0a7b23e9e0b532681e840c404ca,71,4.06504323718,0.816901408451,-0.0830985915493,23.0150279999,23.0870125999,8,13.3521126761,16.8846369523,22.0203380585,xgboost_quantile,DQB,71,0.816901408451,DQB-DQ0,DQB,DQ0,DQB_full,
later,2018-06,2018-06,2018-06-01,xgboost_quantile,DQB,Promise + both profile blocks,0.9,score_only,5178,7501510af0ba154c313de0d8c08401f8276287c20a030a2abca6c55fd9cdc858,fd351bfdc3e340a5a8a1478c09ff2f56ee21ab7882672fd68a665f10ddf7f98a,sha256_pickle_protocol_5_fitted_wrapper,,,4.00535838167,4.00535838167,-0.00696958506308,-0.00696958506308,,0.9,5aaff04dc19d63b5a2dd637a07f5527d21f5d0a7b23e9e0b532681e840c404ca,71,4.03327406762,0.816901408451,-0.0830985915493,23.075925827,22.9724116258,8,13.3521126761,16.7737181737,22.0743350983,xgboost_quantile,DQB,71,0.816901408451,DQB-DQ0,DQB,DQ0,DQB_score_only,
later,2018-06,2018-06,2018-06-01,xgboost_quantile,DQG,Promise + state-OD profiles,0.5,full,5178,7501510af0ba154c313de0d8c08401f8276287c20a030a2abca6c55fd9cdc858,e5dcb6f26cfdf0da3cd277c39621d0821bae027739e396412446aefb91622135,sha256_pickle_protocol_5_fitted_wrapper,7,4.83802816901,4.83496478914,4.83496478914,-0.000305874752066,-0.000305874752066,0.000327506613697,0.5,5aaff04dc19d63b5a2dd637a07f5527d21f5d0a7b23e9e0b532681e840c404ca,71,4.83644368279,0.450704225352,-0.0492957746479,6.96999979019,6.98035212638,8,13.3521126761,14.6047436152,22.0300002098,xgboost_quantile,DQG,71,0.450704225352,DQG-DQ0,DQG,DQ0,DQG_full,
later,2018-06,2018-06,2018-06-01,xgboost_quantile,DQG,Promise + state-OD profiles,0.5,score_only,5178,7501510af0ba154c313de0d8c08401f8276287c20a030a2abca6c55fd9cdc858,33aab8fc2916383f51ecd6cb9ccce42ff8e6c85e05a19f17b3261c698795d506,sha256_pickle_protocol_5_fitted_wrapper,,,4.83496478914,4.83496478914,0.000327721063501,0.000327721063501,,0.5,5aaff04dc19d63b5a2dd637a07f5527d21f5d0a7b23e9e0b532681e840c404ca,71,4.83338026933,0.464788732394,-0.0352112676056,7.03000020981,6.99746489189,8,13.3521126761,14.9673683016,21.9699997902,xgboost_quantile,DQG,71,0.464788732394,DQG-DQ0,DQG,DQ0,DQG_score_only,
later,2018-06,2018-06,2018-06-01,xgboost_quantile,DQG,Promise + state-OD profiles,0.9,full,5178,7501510af0ba154c313de0d8c08401f8276287c20a030a2abca6c55fd9cdc858,f5b7de5bde83f074af1fc5fe3176ce8fff90071b1532dfb321f600d484c25b2f,sha256_pickle_protocol_5_fitted_wrapper,23,4.03521126761,4.00535838167,4.00535838167,-0.0140768312791,-0.0140768312791,-0.00657459212431,0.9,5aaff04dc19d63b5a2dd637a07f5527d21f5d0a7b23e9e0b532681e840c404ca,71,4.06174113583,0.816901408451,-0.0830985915493,22.9368686676,22.9428939013,8,13.3521126761,16.9453133803,22.113866806,xgboost_quantile,DQG,71,0.816901408451,DQG-DQ0,DQG,DQ0,DQG_full,
later,2018-06,2018-06,2018-06-01,xgboost_quantile,DQG,Promise + state-OD profiles,0.9,score_only,5178,7501510af0ba154c313de0d8c08401f8276287c20a030a2abca6c55fd9cdc858,3552d5b4ee69ce5c80f53b471daee827c779bb7b7621f39c853426db1d631a2f,sha256_pickle_protocol_5_fitted_wrapper,,,4.00535838167,4.00535838167,-0.00790792292978,-0.00790792292978,,0.9,5aaff04dc19d63b5a2dd637a07f5527d21f5d0a7b23e9e0b532681e840c404ca,71,4.03703244706,0.816901408451,-0.0830985915493,22.9164352417,22.9154489544,8,13.3521126761,16.8253550896,21.7813816071,xgboost_quantile,DQG,71,0.816901408451,DQG-DQ0,DQG,DQ0,DQG_score_only,
later,2018-06,2018-06,2018-06-01,xgboost_quantile,DQS,Promise + seller profiles,0.5,full,5178,7501510af0ba154c313de0d8c08401f8276287c20a030a2abca6c55fd9cdc858,5e35b33c6543721a626f0b66a150f92b92746c2984c0437531cd1422e0679553,sha256_pickle_protocol_5_fitted_wrapper,7,4.83802816901,4.83496478914,4.83496478914,0.000131088286495,0.000131088286495,0.000764192972641,0.5,5aaff04dc19d63b5a2dd637a07f5527d21f5d0a7b23e9e0b532681e840c404ca,71,4.83433098189,0.464788732394,-0.0352112676056,7,6.98119718256,8,13.3521126761,14.9843420982,22,xgboost_quantile,DQS,71,0.464788732394,DQS-DQ0,DQS,DQ0,DQS_full,
later,2018-06,2018-06,2018-06-01,xgboost_quantile,DQS,Promise + seller profiles,0.5,score_only,5178,7501510af0ba154c313de0d8c08401f8276287c20a030a2abca6c55fd9cdc858,98bd09a018163f768be2ac00b5fde64da0735d8ad0fbb69b86f813a6267158a1,sha256_pickle_protocol_5_fitted_wrapper,,,4.83496478914,4.83496478914,-0.000371412991844,-0.000371412991844,,0.5,5aaff04dc19d63b5a2dd637a07f5527d21f5d0a7b23e9e0b532681e840c404ca,71,4.83676055787,0.464788732394,-0.0352112676056,7,6.98816897836,8,13.3521126761,14.9823684441,22,xgboost_quantile,DQS,71,0.464788732394,DQS-DQ0,DQS,DQ0,DQS_score_only,
later,2018-06,2018-06,2018-06-01,xgboost_quantile,DQS,Promise + seller profiles,0.9,full,5178,7501510af0ba154c313de0d8c08401f8276287c20a030a2abca6c55fd9cdc858,5d56c1d8e74805e789902405ae12d6dafa6dd1030a930bfdf763b0150dbc042d,sha256_pickle_protocol_5_fitted_wrapper,23,4.03521126761,4.00535838167,4.00535838167,-0.00489241804605,-0.00489241804605,0.00254187392523,0.9,5aaff04dc19d63b5a2dd637a07f5527d21f5d0a7b23e9e0b532681e840c404ca,71,4.0249542693,0.830985915493,-0.069014084507,22.9879016876,23.0657317739,8,13.3521126761,18.0670881271,21.8740329742,xgboost_quantile,DQS,71,0.830985915493,DQS-DQ0,DQS,DQ0,DQS_full,
later,2018-06,2018-06,2018-06-01,xgboost_quantile,DQS,Promise + seller profiles,0.9,score_only,5178,7501510af0ba154c313de0d8c08401f8276287c20a030a2abca6c55fd9cdc858,b8a41c18e16ef777a538f1b5d4c9ad52bc8be5cf6dc401ed8047a8beb83afcbe,sha256_pickle_protocol_5_fitted_wrapper,,,4.00535838167,4.00535838167,-0.000717554458957,-0.000717554458957,,0.9,5aaff04dc19d63b5a2dd637a07f5527d21f5d0a7b23e9e0b532681e840c404ca,71,4.00823244444,0.830985915493,-0.069014084507,23.117811203,23.1872382903,8,13.3521126761,17.8962593079,22.1954402924,xgboost_quantile,DQS,71,0.830985915493,DQS-DQ0,DQS,DQ0,DQS_score_only,
later_aggregate,monthly_median,monthly_median,,linear_quantile,DQB,Promise + both profile blocks,0.5,full,,,,,,,3.88235463127,,-0.00174129588923,-0.00174129588923,,,monthly_medians_no_single_order_hash,423,3.88883888331,0.439692148572,-0.0603078514282,,,,,,,linear_quantile,DQB,423,0.439692148572,DQB-DQ0,DQB,DQ0,DQB_full,2
later_aggregate,monthly_median,monthly_median,,linear_quantile,DQB,Promise + both profile blocks,0.5,score_only,,,,,,,3.88235463127,,-0.00615511201384,-0.00615511201384,,,monthly_medians_no_single_order_hash,423,3.89448651612,0.433996133665,-0.0660038663353,,,,,,,linear_quantile,DQB,423,0.433996133665,DQB-DQ0,DQB,DQ0,DQB_score_only,1
later_aggregate,monthly_median,monthly_median,,linear_quantile,DQB,Promise + both profile blocks,0.9,full,,,,,,,3.0754830903,,-0.00513196219554,-0.00513196219554,,,monthly_medians_no_single_order_hash,423,3.09077623559,0.856669428335,-0.0433305716653,,,,,,,linear_quantile,DQB,423,0.856669428335,DQB-DQ0,DQB,DQ0,DQB_full,1
later_aggregate,monthly_median,monthly_median,,linear_quantile,DQB,Promise + both profile blocks,0.9,score_only,,,,,,,3.0754830903,,-0.00243285667054,-0.00243285667054,,,monthly_medians_no_single_order_hash,423,3.08872456073,0.856669428335,-0.0433305716653,,,,,,,linear_quantile,DQB,423,0.856669428335,DQB-DQ0,DQB,DQ0,DQB_score_only,2
later_aggregate,monthly_median,monthly_median,,linear_quantile,DQG,Promise + state-OD profiles,0.5,full,,,,,,,3.88235463127,,-0.00502930204561,-0.00502930204561,,,monthly_medians_no_single_order_hash,423,3.8939188201,0.432748909499,-0.067251090501,,,,,,,linear_quantile,DQG,423,0.432748909499,DQG-DQ0,DQG,DQ0,DQG_full,3
later_aggregate,monthly_median,monthly_median,,linear_quantile,DQG,Promise + state-OD profiles,0.5,score_only,,,,,,,3.88235463127,,-0.00604073696237,-0.00604073696237,,,monthly_medians_no_single_order_hash,423,3.89260239839,0.426953880144,-0.0730461198564,,,,,,,linear_quantile,DQG,423,0.426953880144,DQG-DQ0,DQG,DQ0,DQG_score_only,2
later_aggregate,monthly_median,monthly_median,,linear_quantile,DQG,Promise + state-OD profiles,0.9,full,,,,,,,3.0754830903,,-0.00250912580818,-0.00250912580818,,,monthly_medians_no_single_order_hash,423,3.08285227841,0.859088919945,-0.0409110800548,,,,,,,linear_quantile,DQG,423,0.859088919945,DQG-DQ0,DQG,DQ0,DQG_full,3
later_aggregate,monthly_median,monthly_median,,linear_quantile,DQG,Promise + state-OD profiles,0.9,score_only,,,,,,,3.0754830903,,0,0,,,monthly_medians_no_single_order_hash,423,3.083963693,0.859088919945,-0.0409110800548,,,,,,,linear_quantile,DQG,423,0.859088919945,DQG-DQ0,DQG,DQ0,DQG_score_only,4
later_aggregate,monthly_median,monthly_median,,linear_quantile,DQS,Promise + seller profiles,0.5,full,,,,,,,3.88235463127,,0.000519832297006,0.000519832297006,,,monthly_medians_no_single_order_hash,423,3.87229920373,0.430468668088,-0.0695313319121,,,,,,,linear_quantile,DQS,423,0.430468668088,DQS-DQ0,DQS,DQ0,DQS_full,3
later_aggregate,monthly_median,monthly_median,,linear_quantile,DQS,Promise + seller profiles,0.5,score_only,,,,,,,3.88235463127,,-0.000938057855194,-0.000938057855194,,,monthly_medians_no_single_order_hash,423,3.88289081849,0.442493011261,-0.0575069887393,,,,,,,linear_quantile,DQS,423,0.442493011261,DQS-DQ0,DQS,DQ0,DQS_score_only,1
later_aggregate,monthly_median,monthly_median,,linear_quantile,DQS,Promise + seller profiles,0.9,full,,,,,,,3.0754830903,,-0.00243285667054,-0.00243285667054,,,monthly_medians_no_single_order_hash,423,3.07997682418,0.856758017987,-0.0432419820126,,,,,,,linear_quantile,DQS,423,0.856758017987,DQS-DQ0,DQS,DQ0,DQS_full,1
later_aggregate,monthly_median,monthly_median,,linear_quantile,DQS,Promise + seller profiles,0.9,score_only,,,,,,,3.0754830903,,-5.04905599105e-05,-5.04905599105e-05,,,monthly_medians_no_single_order_hash,423,3.08073140789,0.856758017987,-0.0432419820126,,,,,,,linear_quantile,DQS,423,0.856758017987,DQS-DQ0,DQS,DQ0,DQS_score_only,3
later_aggregate,monthly_median,monthly_median,,xgboost_quantile,DQB,Promise + both profile blocks,0.5,full,,,,,,,3.94379671251,,-0.000152139854368,-0.000152139854368,,,monthly_medians_no_single_order_hash,423,3.94406361304,0.438454522315,-0.0615454776854,,,,,,,xgboost_quantile,DQB,423,0.438454522315,DQB-DQ0,DQB,DQ0,DQB_full,2
later_aggregate,monthly_median,monthly_median,,xgboost_quantile,DQB,Promise + both profile blocks,0.5,score_only,,,,,,,3.94379671251,,1.44951921153e-05,1.44951921153e-05,,,monthly_medians_no_single_order_hash,423,3.94418863062,0.452779254272,-0.047220745728,,,,,,,xgboost_quantile,DQB,423,0.452779254272,DQB-DQ0,DQB,DQ0,DQB_score_only,3
later_aggregate,monthly_median,monthly_median,,xgboost_quantile,DQB,Promise + both profile blocks,0.9,full,,,,,,,3.08240015488,,-0.00411813543947,-0.00411813543947,,,monthly_medians_no_single_order_hash,423,3.08572622261,0.856943209249,-0.0430567907509,,,,,,,xgboost_quantile,DQB,423,0.856943209249,DQB-DQ0,DQB,DQ0,DQB_full,2
later_aggregate,monthly_median,monthly_median,,xgboost_quantile,DQB,Promise + both profile blocks,0.9,score_only,,,,,,,3.08240015488,,-0.00271949623381,-0.00271949623381,,,monthly_medians_no_single_order_hash,423,3.07635860796,0.856229182388,-0.0437708176117,,,,,,,xgboost_quantile,DQB,423,0.856229182388,DQB-DQ0,DQB,DQ0,DQB_score_only,2
later_aggregate,monthly_median,monthly_median,,xgboost_quantile,DQG,Promise + state-OD profiles,0.5,full,,,,,,,3.94379671251,,1.90782815425e-05,1.90782815425e-05,,,monthly_medians_no_single_order_hash,423,3.94316058717,0.43619548617,-0.06380451383,,,,,,,xgboost_quantile,DQG,423,0.43619548617,DQG-DQ0,DQG,DQ0,DQG_full,3
later_aggregate,monthly_median,monthly_median,,xgboost_quantile,DQG,Promise + state-OD profiles,0.5,score_only,,,,,,,3.94379671251,,4.79582786922e-05,4.79582786922e-05,,,monthly_medians_no_single_order_hash,423,3.94366805766,0.447379305956,-0.0526206940438,,,,,,,xgboost_quantile,DQG,423,0.447379305956,DQG-DQ0,DQG,DQ0,DQG_score_only,3
later_aggregate,monthly_median,monthly_median,,xgboost_quantile,DQG,Promise + state-OD profiles,0.9,full,,,,,,,3.08240015488,,-0.00201792974276,-0.00201792974276,,,monthly_medians_no_single_order_hash,423,3.06609364845,0.86018295007,-0.0398170499301,,,,,,,xgboost_quantile,DQG,423,0.86018295007,DQG-DQ0,DQG,DQ0,DQG_full,2
later_aggregate,monthly_median,monthly_median,,xgboost_quantile,DQG,Promise + state-OD profiles,0.9,score_only,,,,,,,3.08240015488,,-0.00223919566179,-0.00223919566179,,,monthly_medians_no_single_order_hash,423,3.08352790208,0.859088919945,-0.0409110800548,,,,,,,xgboost_quantile,DQG,423,0.859088919945,DQG-DQ0,DQG,DQ0,DQG_score_only,2
later_aggregate,monthly_median,monthly_median,,xgboost_quantile,DQS,Promise + seller profiles,0.5,full,,,,,,,3.94379671251,,7.76680377993e-05,7.76680377993e-05,,,monthly_medians_no_single_order_hash,423,3.94461946359,0.440978703547,-0.0590212964534,,,,,,,xgboost_quantile,DQS,423,0.440978703547,DQS-DQ0,DQS,DQ0,DQS_full,4
later_aggregate,monthly_median,monthly_median,,xgboost_quantile,DQS,Promise + seller profiles,0.5,score_only,,,,,,,3.94379671251,,-0.000128567477513,-0.000128567477513,,,monthly_medians_no_single_order_hash,423,3.9438341837,0.432319966139,-0.0676800338609,,,,,,,xgboost_quantile,DQS,423,0.432319966139,DQS-DQ0,DQS,DQ0,DQS_score_only,1
later_aggregate,monthly_median,monthly_median,,xgboost_quantile,DQS,Promise + seller profiles,0.9,full,,,,,,,3.08240015488,,-0.00466230145562,-0.00466230145562,,,monthly_medians_no_single_order_hash,423,3.09005095135,0.855628499915,-0.0443715000848,,,,,,,xgboost_quantile,DQS,423,0.855628499915,DQS-DQ0,DQS,DQ0,DQS_full,0
later_aggregate,monthly_median,monthly_median,,xgboost_quantile,DQS,Promise + seller profiles,0.9,score_only,,,,,,,3.08240015488,,-0.00372243079624,-0.00372243079624,,,monthly_medians_no_single_order_hash,423,3.09643880627,0.856381511963,-0.0436184880367,,,,,,,xgboost_quantile,DQS,423,0.856381511963,DQS-DQ0,DQS,DQ0,DQS_score_only,0
terminal,2018-07_to_2018-08,2018-07_to_2018-08,2018-07-01,linear_quantile,DQB,Promise + both profile blocks,0.5,full,5654,7cbb50cfe461399849b79312dc92eb05c5b8e1ac7e79036c72b0776c3bc21aad,1f6914d09231f8c9c06ce6f41e6f179134ebf7bd005f5350c42b2fa2d465d22b,sha256_pickle_protocol_5_fitted_wrapper,7,2.3693843594,1.97164896785,1.97164896785,0.0233189898057,0.0233189898057,0.187269005962,0.5,411c630c68b48c4d3c3d613201fd86996a7c6c54de543da9246dd19a726f1c22,601,1.92567210567,0.594009983361,0.0940099833611,4.70101756601,5.05026123025,4,5.80532445923,5.67305506484,6.8900270319,linear_quantile,DQB,601,0.594009983361,DQB-DQ0,DQB,DQ0,DQB_full,
terminal,2018-07_to_2018-08,2018-07_to_2018-08,2018-07-01,linear_quantile,DQB,Promise + both profile blocks,0.5,score_only,5654,7cbb50cfe461399849b79312dc92eb05c5b8e1ac7e79036c72b0776c3bc21aad,bdb74d20b63499f55747dd4e8bc3770704b6b35dc6906e32f73c00a53824359e,sha256_pickle_protocol_5_fitted_wrapper,,,1.97164896785,1.97164896785,-0.00789220525341,-0.00789220525341,,0.5,411c630c68b48c4d3c3d613201fd86996a7c6c54de543da9246dd19a726f1c22,601,1.9872096262,0.645590682196,0.145590682196,4.70454083118,5.40319081153,4,5.80532445923,6.17443261258,6.94000949771,linear_quantile,DQB,601,0.645590682196,DQB-DQ0,DQB,DQ0,DQB_score_only,
terminal,2018-07_to_2018-08,2018-07_to_2018-08,2018-07-01,linear_quantile,DQB,Promise + both profile blocks,0.9,full,5654,7cbb50cfe461399849b79312dc92eb05c5b8e1ac7e79036c72b0776c3bc21aad,7a7d05d79de055267a3f48c9d20d60801b0ca799b67b0c77a7be941186e963ef,sha256_pickle_protocol_5_fitted_wrapper,22,2.06539101498,1.87852384584,1.87852384584,0.0275826136427,0.0275826136427,0.115562508438,0.9,411c630c68b48c4d3c3d613201fd86996a7c6c54de543da9246dd19a726f1c22,601,1.82670924838,0.96006655574,0.0600665557404,18.3795471288,19.0589146248,4,5.80532445923,12.5546453887,18.420050522,linear_quantile,DQB,601,0.96006655574,DQB-DQ0,DQB,DQ0,DQB_full,
terminal,2018-07_to_2018-08,2018-07_to_2018-08,2018-07-01,linear_quantile,DQB,Promise + both profile blocks,0.9,score_only,5654,7cbb50cfe461399849b79312dc92eb05c5b8e1ac7e79036c72b0776c3bc21aad,24c6e262f41ad8a6a9005542ac655ab98059781f9e959c2a13e263cbc75b4e9a,sha256_pickle_protocol_5_fitted_wrapper,,,1.87852384584,1.87852384584,0.0369415735021,0.0369415735021,,0.9,411c630c68b48c4d3c3d613201fd86996a7c6c54de543da9246dd19a726f1c22,601,1.80912821911,0.96006655574,0.0600665557404,17.9081604541,18.8313460321,4,5.80532445923,12.6842567981,18.2962612735,linear_quantile,DQB,601,0.96006655574,DQB-DQ0,DQB,DQ0,DQB_score_only,
terminal,2018-07_to_2018-08,2018-07_to_2018-08,2018-07-01,linear_quantile,DQG,Promise + state-OD profiles,0.5,full,5654,7cbb50cfe461399849b79312dc92eb05c5b8e1ac7e79036c72b0776c3bc21aad,6bd6d88cad9fe5ca8f13a1dce04e3982341d8da64673044c6edcb8f568a5aea3,sha256_pickle_protocol_5_fitted_wrapper,7,2.3693843594,1.97164896785,1.97164896785,0.0258682877663,0.0258682877663,0.189390367435,0.5,411c630c68b48c4d3c3d613201fd86996a7c6c54de543da9246dd19a726f1c22,601,1.92064578498,0.594009983361,0.0940099833611,4.34383816216,4.93475867454,4,5.80532445923,5.80292268473,6.87243636123,linear_quantile,DQG,601,0.594009983361,DQG-DQ0,DQG,DQ0,DQG_full,
terminal,2018-07_to_2018-08,2018-07_to_2018-08,2018-07-01,linear_quantile,DQG,Promise + state-OD profiles,0.5,score_only,5654,7cbb50cfe461399849b79312dc92eb05c5b8e1ac7e79036c72b0776c3bc21aad,85b17bb126145a9406231336c7435c70bff2947772eb5c6f7add870ff0289598,sha256_pickle_protocol_5_fitted_wrapper,,,1.97164896785,1.97164896785,0.00851179087028,0.00851179087028,,0.5,411c630c68b48c4d3c3d613201fd86996a7c6c54de543da9246dd19a726f1c22,601,1.95486670417,0.635607321131,0.135607321131,4.41183971248,5.17121137584,4,5.80532445923,6.23482132771,6.89985153067,linear_quantile,DQG,601,0.635607321131,DQG-DQ0,DQG,DQ0,DQG_score_only,
terminal,2018-07_to_2018-08,2018-07_to_2018-08,2018-07-01,linear_quantile,DQG,Promise + state-OD profiles,0.9,full,5654,7cbb50cfe461399849b79312dc92eb05c5b8e1ac7e79036c72b0776c3bc21aad,3c07ce2c93b702361b57ceeaeca5509e47962beb982d4ece0263ad9125d4ff94,sha256_pickle_protocol_5_fitted_wrapper,22,2.06539101498,1.87852384584,1.87852384584,0.0369415735021,0.0369415735021,0.124074712248,0.9,411c630c68b48c4d3c3d613201fd86996a7c6c54de543da9246dd19a726f1c22,601,1.80912821911,0.96006655574,0.0600665557404,17.9081604541,18.8313460321,4,5.80532445923,12.6842567981,18.2962612735,linear_quantile,DQG,601,0.96006655574,DQG-DQ0,DQG,DQ0,DQG_full,
terminal,2018-07_to_2018-08,2018-07_to_2018-08,2018-07-01,linear_quantile,DQG,Promise + state-OD profiles,0.9,score_only,5654,7cbb50cfe461399849b79312dc92eb05c5b8e1ac7e79036c72b0776c3bc21aad,7f799395706544290183b5b486c304b4d4930e2c6f498aa90831d25dafacdb21,sha256_pickle_protocol_5_fitted_wrapper,,,1.87852384584,1.87852384584,0.0369415735021,0.0369415735021,,0.9,411c630c68b48c4d3c3d613201fd86996a7c6c54de543da9246dd19a726f1c22,601,1.80912821911,0.96006655574,0.0600665557404,17.9081604541,18.8313460321,4,5.80532445923,12.6842567981,18.2962612735,linear_quantile,DQG,601,0.96006655574,DQG-DQ0,DQG,DQ0,DQG_score_only,
terminal,2018-07_to_2018-08,2018-07_to_2018-08,2018-07-01,linear_quantile,DQS,Promise + seller profiles,0.5,full,5654,7cbb50cfe461399849b79312dc92eb05c5b8e1ac7e79036c72b0776c3bc21aad,f8ae71e5018ed31e8df6172e9f8f4d2509c25a77bb36ff13bd0d23269366e588,sha256_pickle_protocol_5_fitted_wrapper,7,2.3693843594,1.97164896785,1.97164896785,-0.00905786835776,-0.00905786835776,0.16032707114,0.5,411c630c68b48c4d3c3d613201fd86996a7c6c54de543da9246dd19a726f1c22,601,1.98950790465,0.630615640599,0.130615640599,5.15760562855,5.41183139082,4,5.80532445923,5.91864377368,6.61308333525,linear_quantile,DQS,601,0.630615640599,DQS-DQ0,DQS,DQ0,DQS_full,
terminal,2018-07_to_2018-08,2018-07_to_2018-08,2018-07-01,linear_quantile,DQS,Promise + seller profiles,0.5,score_only,5654,7cbb50cfe461399849b79312dc92eb05c5b8e1ac7e79036c72b0776c3bc21aad,a93309b6435638ec838a72c49894c8228ad8e93b9f520189c2f0b2d87e4088dc,sha256_pickle_protocol_5_fitted_wrapper,,,1.97164896785,1.97164896785,-0.00907138309238,-0.00907138309238,,0.5,411c630c68b48c4d3c3d613201fd86996a7c6c54de543da9246dd19a726f1c22,601,1.98953455097,0.637271214642,0.137271214642,5.07637020908,5.43103705229,4,5.80532445923,6.00084234365,6.60323302816,linear_quantile,DQS,601,0.637271214642,DQS-DQ0,DQS,DQ0,DQS_score_only,
terminal,2018-07_to_2018-08,2018-07_to_2018-08,2018-07-01,linear_quantile,DQS,Promise + seller profiles,0.9,full,5654,7cbb50cfe461399849b79312dc92eb05c5b8e1ac7e79036c72b0776c3bc21aad,9cf855b6e05f60442a8143ae082abf16c1e30f66122351fc6cab23aa23fd30f1,sha256_pickle_protocol_5_fitted_wrapper,22,2.06539101498,1.87852384584,1.87852384584,-0.00250784662868,-0.00250784662868,0.0881944959198,0.9,411c630c68b48c4d3c3d613201fd86996a7c6c54de543da9246dd19a726f1c22,601,1.88323489553,0.96006655574,0.0600665557404,19.4845950645,19.7917436536,4,5.80532445923,12.1350157764,18.9768935815,linear_quantile,DQS,601,0.96006655574,DQS-DQ0,DQS,DQ0,DQS_full,
terminal,2018-07_to_2018-08,2018-07_to_2018-08,2018-07-01,linear_quantile,DQS,Promise + seller profiles,0.9,score_only,5654,7cbb50cfe461399849b79312dc92eb05c5b8e1ac7e79036c72b0776c3bc21aad,ea339638078c021b4560c309088cbdc6a128d2b29ce46f927ed3a5a805291bc3,sha256_pickle_protocol_5_fitted_wrapper,,,1.87852384584,1.87852384584,0,0,,0.9,411c630c68b48c4d3c3d613201fd86996a7c6c54de543da9246dd19a726f1c22,601,1.87852384584,0.96006655574,0.0600665557404,19.2054788117,19.763201535,4,5.80532445923,12.0885174622,18.7947425313,linear_quantile,DQS,601,0.96006655574,DQS-DQ0,DQS,DQ0,DQS_score_only,
terminal,2018-07_to_2018-08,2018-07_to_2018-08,2018-07-01,xgboost_quantile,DQB,Promise + both profile blocks,0.5,full,5654,7cbb50cfe461399849b79312dc92eb05c5b8e1ac7e79036c72b0776c3bc21aad,19d6e81c44fe9f52200691c15e878a2b57b5a79afa49fa7f072c7f164341705e,sha256_pickle_protocol_5_fitted_wrapper,7,2.3693843594,2.35211311997,2.35211311997,-0.0037987710822,-0.0037987710822,0.00351825574141,0.5,411c630c68b48c4d3c3d613201fd86996a7c6c54de543da9246dd19a726f1c22,601,2.36104825927,0.73377703827,0.23377703827,6.94000005722,6.96845259246,4,5.80532445923,6.68418749869,6.03000020981,xgboost_quantile,DQB,601,0.73377703827,DQB-DQ0,DQB,DQ0,DQB_full,
terminal,2018-07_to_2018-08,2018-07_to_2018-08,2018-07-01,xgboost_quantile,DQB,Promise + both profile blocks,0.5,score_only,5654,7cbb50cfe461399849b79312dc92eb05c5b8e1ac7e79036c72b0776c3bc21aad,06d84d05e689ddf214ba28798090648c2a0c4bd57aec1129e8ced11a9c40093b,sha256_pickle_protocol_5_fitted_wrapper,,,2.35211311997,2.35211311997,5.30586839784e-05,5.30586839784e-05,,0.5,411c630c68b48c4d3c3d613201fd86996a7c6c54de543da9246dd19a726f1c22,601,2.35198831995,0.720465890183,0.220465890183,6.90999984741,6.93585676917,4,5.80532445923,6.39178584019,5.96999979019,xgboost_quantile,DQB,601,0.720465890183,DQB-DQ0,DQB,DQ0,DQB_score_only,
terminal,2018-07_to_2018-08,2018-07_to_2018-08,2018-07-01,xgboost_quantile,DQB,Promise + both profile blocks,0.9,full,5654,7cbb50cfe461399849b79312dc92eb05c5b8e1ac7e79036c72b0776c3bc21aad,e592691b4f6b0a81f9dc15df7a2ed444a9e577f79d614c911079976e25a59dfa,sha256_pickle_protocol_5_fitted_wrapper,22,2.06539101498,1.96309559992,1.96309559992,-0.0334498341338,-0.0334498341338,0.0177352339507,0.9,411c630c68b48c4d3c3d613201fd86996a7c6c54de543da9246dd19a726f1c22,601,2.02876082212,0.966722129784,0.0667221297837,21.401512146,21.5849146946,4,5.80532445923,13.5465940475,20.401512146,xgboost_quantile,DQB,601,0.966722129784,DQB-DQ0,DQB,DQ0,DQB_full,
terminal,2018-07_to_2018-08,2018-07_to_2018-08,2018-07-01,xgboost_quantile,DQB,Promise + both profile blocks,0.9,score_only,5654,7cbb50cfe461399849b79312dc92eb05c5b8e1ac7e79036c72b0776c3bc21aad,b3eae4fc94216b49256f7b000eac1447773d6bc8f3d53c54091d6b02b5e16c16,sha256_pickle_protocol_5_fitted_wrapper,,,1.96309559992,1.96309559992,-0.0382310298363,-0.0382310298363,,0.9,411c630c68b48c4d3c3d613201fd86996a7c6c54de543da9246dd19a726f1c22,601,2.03814676637,0.965058236273,0.0650582362729,21.6098766327,21.6259925957,4,5.80532445923,13.0525738852,20.6098766327,xgboost_quantile,DQB,601,0.965058236273,DQB-DQ0,DQB,DQ0,DQB_score_only,
terminal,2018-07_to_2018-08,2018-07_to_2018-08,2018-07-01,xgboost_quantile,DQG,Promise + state-OD profiles,0.5,full,5654,7cbb50cfe461399849b79312dc92eb05c5b8e1ac7e79036c72b0776c3bc21aad,1c36a3c078a28c198619d913746c3617cab366041f88ccff64fa26023f19b31a,sha256_pickle_protocol_5_fitted_wrapper,7,2.3693843594,2.35211311997,2.35211311997,-0.00149085249672,-0.00149085249672,0.00580935113216,0.5,411c630c68b48c4d3c3d613201fd86996a7c6c54de543da9246dd19a726f1c22,601,2.35561977369,0.73377703827,0.23377703827,6.90999984741,6.95125614506,4,5.80532445923,6.69609382749,6.03000020981,xgboost_quantile,DQG,601,0.73377703827,DQG-DQ0,DQG,DQ0,DQG_full,
terminal,2018-07_to_2018-08,2018-07_to_2018-08,2018-07-01,xgboost_quantile,DQG,Promise + state-OD profiles,0.5,score_only,5654,7cbb50cfe461399849b79312dc92eb05c5b8e1ac7e79036c72b0776c3bc21aad,f4c4dc64dbc66e0c12c3093ee89d183c9541b64991815ffd718569359afbdad3,sha256_pickle_protocol_5_fitted_wrapper,,,2.35211311997,2.35211311997,-0.000244050753,-0.000244050753,,0.5,411c630c68b48c4d3c3d613201fd86996a7c6c54de543da9246dd19a726f1c22,601,2.35268715495,0.722129783694,0.222129783694,6.90999984741,6.93945078604,4,5.80532445923,6.42610789773,5.96999979019,xgboost_quantile,DQG,601,0.722129783694,DQG-DQ0,DQG,DQ0,DQG_score_only,
terminal,2018-07_to_2018-08,2018-07_to_2018-08,2018-07-01,xgboost_quantile,DQG,Promise + state-OD profiles,0.9,full,5654,7cbb50cfe461399849b79312dc92eb05c5b8e1ac7e79036c72b0776c3bc21aad,0b8a8ca658daa10068bde23cfc7f8f8a21095b01497dc9be0df87a6b5a0c2309,sha256_pickle_protocol_5_fitted_wrapper,22,2.06539101498,1.96309559992,1.96309559992,-0.0295372832558,-0.0295372832558,0.0214540026281,0.9,411c630c68b48c4d3c3d613201fd86996a7c6c54de543da9246dd19a726f1c22,601,2.02108011071,0.965058236273,0.0650582362729,20.9451637268,21.4950649972,4,5.80532445923,12.9388447716,20.409954071,xgboost_quantile,DQG,601,0.965058236273,DQG-DQ0,DQG,DQ0,DQG_full,
terminal,2018-07_to_2018-08,2018-07_to_2018-08,2018-07-01,xgboost_quantile,DQG,Promise + state-OD profiles,0.9,score_only,5654,7cbb50cfe461399849b79312dc92eb05c5b8e1ac7e79036c72b0776c3bc21aad,387547c5f91f07e7f32c56557da775599eb8d5c14ebb6bc31bc7a34f6b9e54ae,sha256_pickle_protocol_5_fitted_wrapper,,,1.96309559992,1.96309559992,-0.061884064808,-0.061884064808,,0.9,411c630c68b48c4d3c3d613201fd86996a7c6c54de543da9246dd19a726f1c22,601,2.08457993525,0.963394342762,0.0633943427621,22.3892879486,22.1985005618,4,5.80532445923,12.1637571508,21.3892879486,xgboost_quantile,DQG,601,0.963394342762,DQG-DQ0,DQG,DQ0,DQG_score_only,
terminal,2018-07_to_2018-08,2018-07_to_2018-08,2018-07-01,xgboost_quantile,DQS,Promise + seller profiles,0.5,full,5654,7cbb50cfe461399849b79312dc92eb05c5b8e1ac7e79036c72b0776c3bc21aad,7bd08c8bfb72fd89a9b53d6d5ac7fbe3c59d6227f853399912ecc8c519006310,sha256_pickle_protocol_5_fitted_wrapper,7,2.3693843594,2.35211311997,2.35211311997,-0.000350163567186,-0.000350163567186,0.00694172519646,0.5,411c630c68b48c4d3c3d613201fd86996a7c6c54de543da9246dd19a726f1c22,601,2.35293674429,0.742096505824,0.242096505824,6.90999984741,6.93855230503,4,5.80532445923,6.92632268167,6,xgboost_quantile,DQS,601,0.742096505824,DQS-DQ0,DQS,DQ0,DQS_full,
terminal,2018-07_to_2018-08,2018-07_to_2018-08,2018-07-01,xgboost_quantile,DQS,Promise + seller profiles,0.5,score_only,5654,7cbb50cfe461399849b79312dc92eb05c5b8e1ac7e79036c72b0776c3bc21aad,fd801341505f3ce6d0ed1ff114ed2cb29ef485b55da87baaccfb5b3c0c685aba,sha256_pickle_protocol_5_fitted_wrapper,,,2.35211311997,2.35211311997,-0.000190999995956,-0.000190999995956,,0.5,411c630c68b48c4d3c3d613201fd86996a7c6c54de543da9246dd19a726f1c22,601,2.35256237357,0.742096505824,0.242096505824,6.90999984741,6.93770374355,4,5.80532445923,6.92651620373,6,xgboost_quantile,DQS,601,0.742096505824,DQS-DQ0,DQS,DQ0,DQS_score_only,
terminal,2018-07_to_2018-08,2018-07_to_2018-08,2018-07-01,xgboost_quantile,DQS,Promise + seller profiles,0.9,full,5654,7cbb50cfe461399849b79312dc92eb05c5b8e1ac7e79036c72b0776c3bc21aad,9ce70faf9341539ffd747f5ecb69e809b7c94d9dc95b1f8c824ded5df4913819,sha256_pickle_protocol_5_fitted_wrapper,22,2.06539101498,1.96309559992,1.96309559992,-0.0454226588737,-0.0454226588737,0.00635540349972,0.9,411c630c68b48c4d3c3d613201fd86996a7c6c54de543da9246dd19a726f1c22,601,2.05226462169,0.966722129784,0.0667221297837,21.6849269867,21.8674327863,4,5.80532445923,13.4039163589,20.6849269867,xgboost_quantile,DQS,601,0.966722129784,DQS-DQ0,DQS,DQ0,DQS_full,
terminal,2018-07_to_2018-08,2018-07_to_2018-08,2018-07-01,xgboost_quantile,DQS,Promise + seller profiles,0.9,score_only,5654,7cbb50cfe461399849b79312dc92eb05c5b8e1ac7e79036c72b0776c3bc21aad,cb2837d03a3d8a6a8b856511b373e97642ff7ec23cb4c89e4b2fccd9550f946a,sha256_pickle_protocol_5_fitted_wrapper,,,1.96309559992,1.96309559992,-0.0421334884962,-0.0421334884962,,0.9,411c630c68b48c4d3c3d613201fd86996a7c6c54de543da9246dd19a726f1c22,601,2.04580766579,0.966722129784,0.0667221297837,21.7100563049,21.8513206412,4,5.80532445923,13.2583018303,20.7266731262,xgboost_quantile,DQS,601,0.966722129784,DQS-DQ0,DQS,DQ0,DQS_score_only,
