period,cohort_month,cohort,model_family,family,specification,model_id,representation,probability_variant,probability_type,bin,n,positives,prevalence,mean_probability,min_probability,max_probability,absolute_calibration_error,weight,fitted_model_sha256,order_id_sha256
aggregate,later_pooled,later_pooled,logistic_l2,logistic_l2,DP0,DP0,full,calibrated,calibrated,1,4027,246,0.0610876583064,0.0360062878244,0.0061206206555,0.0423270661306,0.0250813704821,0.1,83789b5b61a8824887e2e1961a3a76017f99fd10e02131d8da5eef3a3f69c3dd,72cfdc8f6be208328a97da86166024c4a11b6099541993e6da4d9e100c5d76d2
aggregate,later_pooled,later_pooled,logistic_l2,logistic_l2,DP0,DP0,full,calibrated,calibrated,2,4027,344,0.0854233921033,0.0468303220359,0.0423273879107,0.0499681032027,0.0385930700674,0.1,83789b5b61a8824887e2e1961a3a76017f99fd10e02131d8da5eef3a3f69c3dd,72cfdc8f6be208328a97da86166024c4a11b6099541993e6da4d9e100c5d76d2
aggregate,later_pooled,later_pooled,logistic_l2,logistic_l2,DP0,DP0,full,calibrated,calibrated,3,4027,669,0.166128631736,0.0510079421062,0.0499681399074,0.051813748437,0.11512068963,0.1,83789b5b61a8824887e2e1961a3a76017f99fd10e02131d8da5eef3a3f69c3dd,72cfdc8f6be208328a97da86166024c4a11b6099541993e6da4d9e100c5d76d2
aggregate,later_pooled,later_pooled,logistic_l2,logistic_l2,DP0,DP0,full,calibrated,calibrated,4,4027,890,0.221008194686,0.0525614491488,0.0518139183154,0.0533083473599,0.168446745537,0.1,83789b5b61a8824887e2e1961a3a76017f99fd10e02131d8da5eef3a3f69c3dd,72cfdc8f6be208328a97da86166024c4a11b6099541993e6da4d9e100c5d76d2
aggregate,later_pooled,later_pooled,logistic_l2,logistic_l2,DP0,DP0,full,calibrated,calibrated,5,4027,477,0.118450459399,0.0543288262701,0.0533083568473,0.0556050012341,0.0641216331289,0.1,83789b5b61a8824887e2e1961a3a76017f99fd10e02131d8da5eef3a3f69c3dd,72cfdc8f6be208328a97da86166024c4a11b6099541993e6da4d9e100c5d76d2
aggregate,later_pooled,later_pooled,logistic_l2,logistic_l2,DP0,DP0,full,calibrated,calibrated,6,4027,197,0.048919791408,0.0600602415939,0.0556052184237,0.0620435679486,0.0111404501859,0.1,83789b5b61a8824887e2e1961a3a76017f99fd10e02131d8da5eef3a3f69c3dd,72cfdc8f6be208328a97da86166024c4a11b6099541993e6da4d9e100c5d76d2
aggregate,later_pooled,later_pooled,logistic_l2,logistic_l2,DP0,DP0,full,calibrated,calibrated,7,4027,153,0.0379935435808,0.0645234851814,0.0620440044723,0.0717330606957,0.0265299416006,0.1,83789b5b61a8824887e2e1961a3a76017f99fd10e02131d8da5eef3a3f69c3dd,72cfdc8f6be208328a97da86166024c4a11b6099541993e6da4d9e100c5d76d2
aggregate,later_pooled,later_pooled,logistic_l2,logistic_l2,DP0,DP0,full,calibrated,calibrated,8,4027,50,0.0124161907127,0.0730245488116,0.0717361317368,0.0736019935397,0.060608358099,0.1,83789b5b61a8824887e2e1961a3a76017f99fd10e02131d8da5eef3a3f69c3dd,72cfdc8f6be208328a97da86166024c4a11b6099541993e6da4d9e100c5d76d2
aggregate,later_pooled,later_pooled,logistic_l2,logistic_l2,DP0,DP0,full,calibrated,calibrated,9,4027,102,0.0253290290539,0.0742251726981,0.0736020334324,0.0754926631386,0.0488961436442,0.1,83789b5b61a8824887e2e1961a3a76017f99fd10e02131d8da5eef3a3f69c3dd,72cfdc8f6be208328a97da86166024c4a11b6099541993e6da4d9e100c5d76d2
aggregate,later_pooled,later_pooled,logistic_l2,logistic_l2,DP0,DP0,full,calibrated,calibrated,10,4027,349,0.0866650111746,0.0779041530914,0.0754927622013,0.0813672169603,0.00876085808319,0.1,83789b5b61a8824887e2e1961a3a76017f99fd10e02131d8da5eef3a3f69c3dd,72cfdc8f6be208328a97da86166024c4a11b6099541993e6da4d9e100c5d76d2
aggregate,later_pooled,later_pooled,logistic_l2,logistic_l2,DP0,DP0,full,raw,raw,1,4027,246,0.0610876583064,0.0360062878244,0.0061206206555,0.0423270661306,0.0250813704821,0.1,83789b5b61a8824887e2e1961a3a76017f99fd10e02131d8da5eef3a3f69c3dd,72cfdc8f6be208328a97da86166024c4a11b6099541993e6da4d9e100c5d76d2
aggregate,later_pooled,later_pooled,logistic_l2,logistic_l2,DP0,DP0,full,raw,raw,2,4027,344,0.0854233921033,0.0468303220359,0.0423273879107,0.0499681032027,0.0385930700674,0.1,83789b5b61a8824887e2e1961a3a76017f99fd10e02131d8da5eef3a3f69c3dd,72cfdc8f6be208328a97da86166024c4a11b6099541993e6da4d9e100c5d76d2
aggregate,later_pooled,later_pooled,logistic_l2,logistic_l2,DP0,DP0,full,raw,raw,3,4027,669,0.166128631736,0.0510079421062,0.0499681399074,0.051813748437,0.11512068963,0.1,83789b5b61a8824887e2e1961a3a76017f99fd10e02131d8da5eef3a3f69c3dd,72cfdc8f6be208328a97da86166024c4a11b6099541993e6da4d9e100c5d76d2
aggregate,later_pooled,later_pooled,logistic_l2,logistic_l2,DP0,DP0,full,raw,raw,4,4027,890,0.221008194686,0.0525614491488,0.0518139183154,0.0533083473599,0.168446745537,0.1,83789b5b61a8824887e2e1961a3a76017f99fd10e02131d8da5eef3a3f69c3dd,72cfdc8f6be208328a97da86166024c4a11b6099541993e6da4d9e100c5d76d2
aggregate,later_pooled,later_pooled,logistic_l2,logistic_l2,DP0,DP0,full,raw,raw,5,4027,477,0.118450459399,0.0543288262701,0.0533083568473,0.0556050012341,0.0641216331289,0.1,83789b5b61a8824887e2e1961a3a76017f99fd10e02131d8da5eef3a3f69c3dd,72cfdc8f6be208328a97da86166024c4a11b6099541993e6da4d9e100c5d76d2
aggregate,later_pooled,later_pooled,logistic_l2,logistic_l2,DP0,DP0,full,raw,raw,6,4027,197,0.048919791408,0.0600602415939,0.0556052184237,0.0620435679486,0.0111404501859,0.1,83789b5b61a8824887e2e1961a3a76017f99fd10e02131d8da5eef3a3f69c3dd,72cfdc8f6be208328a97da86166024c4a11b6099541993e6da4d9e100c5d76d2
aggregate,later_pooled,later_pooled,logistic_l2,logistic_l2,DP0,DP0,full,raw,raw,7,4027,153,0.0379935435808,0.0645234851814,0.0620440044723,0.0717330606957,0.0265299416006,0.1,83789b5b61a8824887e2e1961a3a76017f99fd10e02131d8da5eef3a3f69c3dd,72cfdc8f6be208328a97da86166024c4a11b6099541993e6da4d9e100c5d76d2
aggregate,later_pooled,later_pooled,logistic_l2,logistic_l2,DP0,DP0,full,raw,raw,8,4027,50,0.0124161907127,0.0730245488116,0.0717361317368,0.0736019935397,0.060608358099,0.1,83789b5b61a8824887e2e1961a3a76017f99fd10e02131d8da5eef3a3f69c3dd,72cfdc8f6be208328a97da86166024c4a11b6099541993e6da4d9e100c5d76d2
aggregate,later_pooled,later_pooled,logistic_l2,logistic_l2,DP0,DP0,full,raw,raw,9,4027,102,0.0253290290539,0.0742251726981,0.0736020334324,0.0754926631386,0.0488961436442,0.1,83789b5b61a8824887e2e1961a3a76017f99fd10e02131d8da5eef3a3f69c3dd,72cfdc8f6be208328a97da86166024c4a11b6099541993e6da4d9e100c5d76d2
aggregate,later_pooled,later_pooled,logistic_l2,logistic_l2,DP0,DP0,full,raw,raw,10,4027,349,0.0866650111746,0.0779041530914,0.0754927622013,0.0813672169603,0.00876085808319,0.1,83789b5b61a8824887e2e1961a3a76017f99fd10e02131d8da5eef3a3f69c3dd,72cfdc8f6be208328a97da86166024c4a11b6099541993e6da4d9e100c5d76d2
aggregate,later_pooled,later_pooled,logistic_l2,logistic_l2,DPB,DPB,full,calibrated,calibrated,1,4027,44,0.0109262478272,0.0136664918884,2.05462592474e-06,0.0211045994044,0.0027402440612,0.1,f1db031425071febea902b5a930da8e852ad0845c877722404229e64749f06d1,72cfdc8f6be208328a97da86166024c4a11b6099541993e6da4d9e100c5d76d2
aggregate,later_pooled,later_pooled,logistic_l2,logistic_l2,DPB,DPB,full,calibrated,calibrated,2,4027,91,0.0225974670971,0.0264972009508,0.0211048698045,0.0317136460721,0.00389973385366,0.1,f1db031425071febea902b5a930da8e852ad0845c877722404229e64749f06d1,72cfdc8f6be208328a97da86166024c4a11b6099541993e6da4d9e100c5d76d2
aggregate,later_pooled,later_pooled,logistic_l2,logistic_l2,DPB,DPB,full,calibrated,calibrated,3,4027,191,0.0474298485225,0.0365188508391,0.0317178180454,0.0413532366055,0.0109109976833,0.1,f1db031425071febea902b5a930da8e852ad0845c877722404229e64749f06d1,72cfdc8f6be208328a97da86166024c4a11b6099541993e6da4d9e100c5d76d2
aggregate,later_pooled,later_pooled,logistic_l2,logistic_l2,DPB,DPB,full,calibrated,calibrated,4,4027,194,0.0481748199652,0.0461032848719,0.041354989866,0.0509631088438,0.0020715350933,0.1,f1db031425071febea902b5a930da8e852ad0845c877722404229e64749f06d1,72cfdc8f6be208328a97da86166024c4a11b6099541993e6da4d9e100c5d76d2
aggregate,later_pooled,later_pooled,logistic_l2,logistic_l2,DPB,DPB,full,calibrated,calibrated,5,4027,202,0.0501614104793,0.056133584843,0.0509699545707,0.0615514598716,0.00597217436373,0.1,f1db031425071febea902b5a930da8e852ad0845c877722404229e64749f06d1,72cfdc8f6be208328a97da86166024c4a11b6099541993e6da4d9e100c5d76d2
aggregate,later_pooled,later_pooled,logistic_l2,logistic_l2,DPB,DPB,full,calibrated,calibrated,6,4027,243,0.0603426868637,0.0682322765966,0.0615522588055,0.0755513094607,0.00788958973298,0.1,f1db031425071febea902b5a930da8e852ad0845c877722404229e64749f06d1,72cfdc8f6be208328a97da86166024c4a11b6099541993e6da4d9e100c5d76d2
aggregate,later_pooled,later_pooled,logistic_l2,logistic_l2,DPB,DPB,full,calibrated,calibrated,7,4027,399,0.0990812018873,0.0837119477876,0.0755567963436,0.0928216375441,0.0153692540996,0.1,f1db031425071febea902b5a930da8e852ad0845c877722404229e64749f06d1,72cfdc8f6be208328a97da86166024c4a11b6099541993e6da4d9e100c5d76d2
aggregate,later_pooled,later_pooled,logistic_l2,logistic_l2,DPB,DPB,full,calibrated,calibrated,8,4027,508,0.126148497641,0.104898761365,0.0928298205096,0.118745286221,0.0212497362759,0.1,f1db031425071febea902b5a930da8e852ad0845c877722404229e64749f06d1,72cfdc8f6be208328a97da86166024c4a11b6099541993e6da4d9e100c5d76d2
aggregate,later_pooled,later_pooled,logistic_l2,logistic_l2,DPB,DPB,full,calibrated,calibrated,9,4027,679,0.168611869878,0.139835426229,0.118765376399,0.165352890244,0.0287764436498,0.1,f1db031425071febea902b5a930da8e852ad0845c877722404229e64749f06d1,72cfdc8f6be208328a97da86166024c4a11b6099541993e6da4d9e100c5d76d2
aggregate,later_pooled,later_pooled,logistic_l2,logistic_l2,DPB,DPB,full,calibrated,calibrated,10,4027,926,0.229947851999,0.233111907457,0.165361436264,0.661089342473,0.00316405545824,0.1,f1db031425071febea902b5a930da8e852ad0845c877722404229e64749f06d1,72cfdc8f6be208328a97da86166024c4a11b6099541993e6da4d9e100c5d76d2
aggregate,later_pooled,later_pooled,logistic_l2,logistic_l2,DPB,DPB,full,raw,raw,1,4027,44,0.0109262478272,0.0136664918884,2.05462592474e-06,0.0211045994044,0.0027402440612,0.1,f1db031425071febea902b5a930da8e852ad0845c877722404229e64749f06d1,72cfdc8f6be208328a97da86166024c4a11b6099541993e6da4d9e100c5d76d2
aggregate,later_pooled,later_pooled,logistic_l2,logistic_l2,DPB,DPB,full,raw,raw,2,4027,91,0.0225974670971,0.0264972009508,0.0211048698045,0.0317136460721,0.00389973385366,0.1,f1db031425071febea902b5a930da8e852ad0845c877722404229e64749f06d1,72cfdc8f6be208328a97da86166024c4a11b6099541993e6da4d9e100c5d76d2
aggregate,later_pooled,later_pooled,logistic_l2,logistic_l2,DPB,DPB,full,raw,raw,3,4027,191,0.0474298485225,0.0365188508391,0.0317178180454,0.0413532366055,0.0109109976833,0.1,f1db031425071febea902b5a930da8e852ad0845c877722404229e64749f06d1,72cfdc8f6be208328a97da86166024c4a11b6099541993e6da4d9e100c5d76d2
aggregate,later_pooled,later_pooled,logistic_l2,logistic_l2,DPB,DPB,full,raw,raw,4,4027,194,0.0481748199652,0.0461032848719,0.041354989866,0.0509631088438,0.0020715350933,0.1,f1db031425071febea902b5a930da8e852ad0845c877722404229e64749f06d1,72cfdc8f6be208328a97da86166024c4a11b6099541993e6da4d9e100c5d76d2
aggregate,later_pooled,later_pooled,logistic_l2,logistic_l2,DPB,DPB,full,raw,raw,5,4027,202,0.0501614104793,0.056133584843,0.0509699545707,0.0615514598716,0.00597217436373,0.1,f1db031425071febea902b5a930da8e852ad0845c877722404229e64749f06d1,72cfdc8f6be208328a97da86166024c4a11b6099541993e6da4d9e100c5d76d2
aggregate,later_pooled,later_pooled,logistic_l2,logistic_l2,DPB,DPB,full,raw,raw,6,4027,243,0.0603426868637,0.0682322765966,0.0615522588055,0.0755513094607,0.00788958973298,0.1,f1db031425071febea902b5a930da8e852ad0845c877722404229e64749f06d1,72cfdc8f6be208328a97da86166024c4a11b6099541993e6da4d9e100c5d76d2
aggregate,later_pooled,later_pooled,logistic_l2,logistic_l2,DPB,DPB,full,raw,raw,7,4027,399,0.0990812018873,0.0837119477876,0.0755567963436,0.0928216375441,0.0153692540996,0.1,f1db031425071febea902b5a930da8e852ad0845c877722404229e64749f06d1,72cfdc8f6be208328a97da86166024c4a11b6099541993e6da4d9e100c5d76d2
aggregate,later_pooled,later_pooled,logistic_l2,logistic_l2,DPB,DPB,full,raw,raw,8,4027,508,0.126148497641,0.104898761365,0.0928298205096,0.118745286221,0.0212497362759,0.1,f1db031425071febea902b5a930da8e852ad0845c877722404229e64749f06d1,72cfdc8f6be208328a97da86166024c4a11b6099541993e6da4d9e100c5d76d2
aggregate,later_pooled,later_pooled,logistic_l2,logistic_l2,DPB,DPB,full,raw,raw,9,4027,679,0.168611869878,0.139835426229,0.118765376399,0.165352890244,0.0287764436498,0.1,f1db031425071febea902b5a930da8e852ad0845c877722404229e64749f06d1,72cfdc8f6be208328a97da86166024c4a11b6099541993e6da4d9e100c5d76d2
aggregate,later_pooled,later_pooled,logistic_l2,logistic_l2,DPB,DPB,full,raw,raw,10,4027,926,0.229947851999,0.233111907457,0.165361436264,0.661089342473,0.00316405545824,0.1,f1db031425071febea902b5a930da8e852ad0845c877722404229e64749f06d1,72cfdc8f6be208328a97da86166024c4a11b6099541993e6da4d9e100c5d76d2
aggregate,later_pooled,later_pooled,logistic_l2,logistic_l2,DPG,DPG,full,calibrated,calibrated,1,4027,65,0.0161410479265,0.0162340263422,6.33334749988e-06,0.0247420084088,9.29784157095e-05,0.1,8d91f402ed6116a5edf83036773e54808750f0c7537ac20cd74b0b674e194d0b,72cfdc8f6be208328a97da86166024c4a11b6099541993e6da4d9e100c5d76d2
aggregate,later_pooled,later_pooled,logistic_l2,logistic_l2,DPG,DPG,full,calibrated,calibrated,2,4027,110,0.0273156195679,0.0301255480484,0.0247460135298,0.0356523364251,0.00280992848052,0.1,8d91f402ed6116a5edf83036773e54808750f0c7537ac20cd74b0b674e194d0b,72cfdc8f6be208328a97da86166024c4a11b6099541993e6da4d9e100c5d76d2
aggregate,later_pooled,later_pooled,logistic_l2,logistic_l2,DPG,DPG,full,calibrated,calibrated,3,4027,191,0.0474298485225,0.0404406124607,0.0356541516917,0.044934973508,0.0069892360618,0.1,8d91f402ed6116a5edf83036773e54808750f0c7537ac20cd74b0b674e194d0b,72cfdc8f6be208328a97da86166024c4a11b6099541993e6da4d9e100c5d76d2
aggregate,later_pooled,later_pooled,logistic_l2,logistic_l2,DPG,DPG,full,calibrated,calibrated,4,4027,245,0.0608393344922,0.0492301169667,0.0449378070551,0.053705541275,0.0116092175255,0.1,8d91f402ed6116a5edf83036773e54808750f0c7537ac20cd74b0b674e194d0b,72cfdc8f6be208328a97da86166024c4a11b6099541993e6da4d9e100c5d76d2
aggregate,later_pooled,later_pooled,logistic_l2,logistic_l2,DPG,DPG,full,calibrated,calibrated,5,4027,174,0.0432083436802,0.0582229252663,0.0537077179677,0.0628250566189,0.0150145815861,0.1,8d91f402ed6116a5edf83036773e54808750f0c7537ac20cd74b0b674e194d0b,72cfdc8f6be208328a97da86166024c4a11b6099541993e6da4d9e100c5d76d2
aggregate,later_pooled,later_pooled,logistic_l2,logistic_l2,DPG,DPG,full,calibrated,calibrated,6,4027,256,0.063570896449,0.0688226565386,0.062828778877,0.0754463723192,0.00525176008963,0.1,8d91f402ed6116a5edf83036773e54808750f0c7537ac20cd74b0b674e194d0b,72cfdc8f6be208328a97da86166024c4a11b6099541993e6da4d9e100c5d76d2
aggregate,later_pooled,later_pooled,logistic_l2,logistic_l2,DPG,DPG,full,calibrated,calibrated,7,4027,394,0.097839582816,0.0840798922809,0.0754465399876,0.0935021336238,0.0137596905351,0.1,8d91f402ed6116a5edf83036773e54808750f0c7537ac20cd74b0b674e194d0b,72cfdc8f6be208328a97da86166024c4a11b6099541993e6da4d9e100c5d76d2
aggregate,later_pooled,later_pooled,logistic_l2,logistic_l2,DPG,DPG,full,calibrated,calibrated,8,4027,579,0.143779488453,0.104003635047,0.0935021631394,0.115698662967,0.0397758534056,0.1,8d91f402ed6116a5edf83036773e54808750f0c7537ac20cd74b0b674e194d0b,72cfdc8f6be208328a97da86166024c4a11b6099541993e6da4d9e100c5d76d2
aggregate,later_pooled,later_pooled,logistic_l2,logistic_l2,DPG,DPG,full,calibrated,calibrated,9,4027,703,0.17457164142,0.133243552364,0.115706193272,0.156353402595,0.0413280890561,0.1,8d91f402ed6116a5edf83036773e54808750f0c7537ac20cd74b0b674e194d0b,72cfdc8f6be208328a97da86166024c4a11b6099541993e6da4d9e100c5d76d2
aggregate,later_pooled,later_pooled,logistic_l2,logistic_l2,DPG,DPG,full,calibrated,calibrated,10,4027,760,0.188726098833,0.222373940342,0.156356841705,0.560851734904,0.0336478415095,0.1,8d91f402ed6116a5edf83036773e54808750f0c7537ac20cd74b0b674e194d0b,72cfdc8f6be208328a97da86166024c4a11b6099541993e6da4d9e100c5d76d2
aggregate,later_pooled,later_pooled,logistic_l2,logistic_l2,DPG,DPG,full,raw,raw,1,4027,65,0.0161410479265,0.0162340263422,6.33334749988e-06,0.0247420084088,9.29784157095e-05,0.1,8d91f402ed6116a5edf83036773e54808750f0c7537ac20cd74b0b674e194d0b,72cfdc8f6be208328a97da86166024c4a11b6099541993e6da4d9e100c5d76d2
aggregate,later_pooled,later_pooled,logistic_l2,logistic_l2,DPG,DPG,full,raw,raw,2,4027,110,0.0273156195679,0.0301255480484,0.0247460135298,0.0356523364251,0.00280992848052,0.1,8d91f402ed6116a5edf83036773e54808750f0c7537ac20cd74b0b674e194d0b,72cfdc8f6be208328a97da86166024c4a11b6099541993e6da4d9e100c5d76d2
aggregate,later_pooled,later_pooled,logistic_l2,logistic_l2,DPG,DPG,full,raw,raw,3,4027,191,0.0474298485225,0.0404406124607,0.0356541516917,0.044934973508,0.0069892360618,0.1,8d91f402ed6116a5edf83036773e54808750f0c7537ac20cd74b0b674e194d0b,72cfdc8f6be208328a97da86166024c4a11b6099541993e6da4d9e100c5d76d2
aggregate,later_pooled,later_pooled,logistic_l2,logistic_l2,DPG,DPG,full,raw,raw,4,4027,245,0.0608393344922,0.0492301169667,0.0449378070551,0.053705541275,0.0116092175255,0.1,8d91f402ed6116a5edf83036773e54808750f0c7537ac20cd74b0b674e194d0b,72cfdc8f6be208328a97da86166024c4a11b6099541993e6da4d9e100c5d76d2
aggregate,later_pooled,later_pooled,logistic_l2,logistic_l2,DPG,DPG,full,raw,raw,5,4027,174,0.0432083436802,0.0582229252663,0.0537077179677,0.0628250566189,0.0150145815861,0.1,8d91f402ed6116a5edf83036773e54808750f0c7537ac20cd74b0b674e194d0b,72cfdc8f6be208328a97da86166024c4a11b6099541993e6da4d9e100c5d76d2
aggregate,later_pooled,later_pooled,logistic_l2,logistic_l2,DPG,DPG,full,raw,raw,6,4027,256,0.063570896449,0.0688226565386,0.062828778877,0.0754463723192,0.00525176008963,0.1,8d91f402ed6116a5edf83036773e54808750f0c7537ac20cd74b0b674e194d0b,72cfdc8f6be208328a97da86166024c4a11b6099541993e6da4d9e100c5d76d2
aggregate,later_pooled,later_pooled,logistic_l2,logistic_l2,DPG,DPG,full,raw,raw,7,4027,394,0.097839582816,0.0840798922809,0.0754465399876,0.0935021336238,0.0137596905351,0.1,8d91f402ed6116a5edf83036773e54808750f0c7537ac20cd74b0b674e194d0b,72cfdc8f6be208328a97da86166024c4a11b6099541993e6da4d9e100c5d76d2
aggregate,later_pooled,later_pooled,logistic_l2,logistic_l2,DPG,DPG,full,raw,raw,8,4027,579,0.143779488453,0.104003635047,0.0935021631394,0.115698662967,0.0397758534056,0.1,8d91f402ed6116a5edf83036773e54808750f0c7537ac20cd74b0b674e194d0b,72cfdc8f6be208328a97da86166024c4a11b6099541993e6da4d9e100c5d76d2
aggregate,later_pooled,later_pooled,logistic_l2,logistic_l2,DPG,DPG,full,raw,raw,9,4027,703,0.17457164142,0.133243552364,0.115706193272,0.156353402595,0.0413280890561,0.1,8d91f402ed6116a5edf83036773e54808750f0c7537ac20cd74b0b674e194d0b,72cfdc8f6be208328a97da86166024c4a11b6099541993e6da4d9e100c5d76d2
aggregate,later_pooled,later_pooled,logistic_l2,logistic_l2,DPG,DPG,full,raw,raw,10,4027,760,0.188726098833,0.222373940342,0.156356841705,0.560851734904,0.0336478415095,0.1,8d91f402ed6116a5edf83036773e54808750f0c7537ac20cd74b0b674e194d0b,72cfdc8f6be208328a97da86166024c4a11b6099541993e6da4d9e100c5d76d2
aggregate,later_pooled,later_pooled,logistic_l2,logistic_l2,DPS,DPS,full,calibrated,calibrated,1,4027,242,0.0600943630494,0.0322498363464,0.00391570017365,0.0388761245215,0.027844526703,0.1,0ea513409e8ee42b7b9d2d95a768e4f334e66a7d5bce5ad85dfcb1a36809a87c,72cfdc8f6be208328a97da86166024c4a11b6099541993e6da4d9e100c5d76d2
aggregate,later_pooled,later_pooled,logistic_l2,logistic_l2,DPS,DPS,full,calibrated,calibrated,2,4027,427,0.106034268686,0.0419714891155,0.0388773871292,0.0444724744839,0.0640627795708,0.1,0ea513409e8ee42b7b9d2d95a768e4f334e66a7d5bce5ad85dfcb1a36809a87c,72cfdc8f6be208328a97da86166024c4a11b6099541993e6da4d9e100c5d76d2
aggregate,later_pooled,later_pooled,logistic_l2,logistic_l2,DPS,DPS,full,calibrated,calibrated,3,4027,390,0.096846287559,0.0465108056482,0.0444733323102,0.0484160910954,0.0503354819108,0.1,0ea513409e8ee42b7b9d2d95a768e4f334e66a7d5bce5ad85dfcb1a36809a87c,72cfdc8f6be208328a97da86166024c4a11b6099541993e6da4d9e100c5d76d2
aggregate,later_pooled,later_pooled,logistic_l2,logistic_l2,DPS,DPS,full,calibrated,calibrated,4,4027,412,0.102309411473,0.0503133365799,0.0484163922578,0.0521972332895,0.0519960748926,0.1,0ea513409e8ee42b7b9d2d95a768e4f334e66a7d5bce5ad85dfcb1a36809a87c,72cfdc8f6be208328a97da86166024c4a11b6099541993e6da4d9e100c5d76d2
aggregate,later_pooled,later_pooled,logistic_l2,logistic_l2,DPS,DPS,full,calibrated,calibrated,5,4027,404,0.100322820959,0.0541161229986,0.0521993207042,0.0561362555241,0.04620669796,0.1,0ea513409e8ee42b7b9d2d95a768e4f334e66a7d5bce5ad85dfcb1a36809a87c,72cfdc8f6be208328a97da86166024c4a11b6099541993e6da4d9e100c5d76d2
aggregate,later_pooled,later_pooled,logistic_l2,logistic_l2,DPS,DPS,full,calibrated,calibrated,6,4027,305,0.0757387633474,0.0581775159973,0.0561382409151,0.0603505687214,0.0175612473501,0.1,0ea513409e8ee42b7b9d2d95a768e4f334e66a7d5bce5ad85dfcb1a36809a87c,72cfdc8f6be208328a97da86166024c4a11b6099541993e6da4d9e100c5d76d2
aggregate,later_pooled,later_pooled,logistic_l2,logistic_l2,DPS,DPS,full,calibrated,calibrated,7,4027,298,0.0740004966476,0.0629889369267,0.0603516373284,0.065713787769,0.0110115597209,0.1,0ea513409e8ee42b7b9d2d95a768e4f334e66a7d5bce5ad85dfcb1a36809a87c,72cfdc8f6be208328a97da86166024c4a11b6099541993e6da4d9e100c5d76d2
aggregate,later_pooled,later_pooled,logistic_l2,logistic_l2,DPS,DPS,full,calibrated,calibrated,8,4027,334,0.0829401539608,0.0690131888002,0.0657155559303,0.0727073404303,0.0139269651606,0.1,0ea513409e8ee42b7b9d2d95a768e4f334e66a7d5bce5ad85dfcb1a36809a87c,72cfdc8f6be208328a97da86166024c4a11b6099541993e6da4d9e100c5d76d2
aggregate,later_pooled,later_pooled,logistic_l2,logistic_l2,DPS,DPS,full,calibrated,calibrated,9,4027,273,0.0677924012913,0.0777304048221,0.0727108191159,0.0836639247589,0.00993800353086,0.1,0ea513409e8ee42b7b9d2d95a768e4f334e66a7d5bce5ad85dfcb1a36809a87c,72cfdc8f6be208328a97da86166024c4a11b6099541993e6da4d9e100c5d76d2
aggregate,later_pooled,later_pooled,logistic_l2,logistic_l2,DPS,DPS,full,calibrated,calibrated,10,4027,392,0.0973429351875,0.0987355352788,0.083663954597,0.238802060536,0.00139260009134,0.1,0ea513409e8ee42b7b9d2d95a768e4f334e66a7d5bce5ad85dfcb1a36809a87c,72cfdc8f6be208328a97da86166024c4a11b6099541993e6da4d9e100c5d76d2
aggregate,later_pooled,later_pooled,logistic_l2,logistic_l2,DPS,DPS,full,raw,raw,1,4027,242,0.0600943630494,0.0322498363464,0.00391570017365,0.0388761245215,0.027844526703,0.1,0ea513409e8ee42b7b9d2d95a768e4f334e66a7d5bce5ad85dfcb1a36809a87c,72cfdc8f6be208328a97da86166024c4a11b6099541993e6da4d9e100c5d76d2
aggregate,later_pooled,later_pooled,logistic_l2,logistic_l2,DPS,DPS,full,raw,raw,2,4027,427,0.106034268686,0.0419714891155,0.0388773871292,0.0444724744839,0.0640627795708,0.1,0ea513409e8ee42b7b9d2d95a768e4f334e66a7d5bce5ad85dfcb1a36809a87c,72cfdc8f6be208328a97da86166024c4a11b6099541993e6da4d9e100c5d76d2
aggregate,later_pooled,later_pooled,logistic_l2,logistic_l2,DPS,DPS,full,raw,raw,3,4027,390,0.096846287559,0.0465108056482,0.0444733323102,0.0484160910954,0.0503354819108,0.1,0ea513409e8ee42b7b9d2d95a768e4f334e66a7d5bce5ad85dfcb1a36809a87c,72cfdc8f6be208328a97da86166024c4a11b6099541993e6da4d9e100c5d76d2
aggregate,later_pooled,later_pooled,logistic_l2,logistic_l2,DPS,DPS,full,raw,raw,4,4027,412,0.102309411473,0.0503133365799,0.0484163922578,0.0521972332895,0.0519960748926,0.1,0ea513409e8ee42b7b9d2d95a768e4f334e66a7d5bce5ad85dfcb1a36809a87c,72cfdc8f6be208328a97da86166024c4a11b6099541993e6da4d9e100c5d76d2
aggregate,later_pooled,later_pooled,logistic_l2,logistic_l2,DPS,DPS,full,raw,raw,5,4027,404,0.100322820959,0.0541161229986,0.0521993207042,0.0561362555241,0.04620669796,0.1,0ea513409e8ee42b7b9d2d95a768e4f334e66a7d5bce5ad85dfcb1a36809a87c,72cfdc8f6be208328a97da86166024c4a11b6099541993e6da4d9e100c5d76d2
aggregate,later_pooled,later_pooled,logistic_l2,logistic_l2,DPS,DPS,full,raw,raw,6,4027,305,0.0757387633474,0.0581775159973,0.0561382409151,0.0603505687214,0.0175612473501,0.1,0ea513409e8ee42b7b9d2d95a768e4f334e66a7d5bce5ad85dfcb1a36809a87c,72cfdc8f6be208328a97da86166024c4a11b6099541993e6da4d9e100c5d76d2
aggregate,later_pooled,later_pooled,logistic_l2,logistic_l2,DPS,DPS,full,raw,raw,7,4027,298,0.0740004966476,0.0629889369267,0.0603516373284,0.065713787769,0.0110115597209,0.1,0ea513409e8ee42b7b9d2d95a768e4f334e66a7d5bce5ad85dfcb1a36809a87c,72cfdc8f6be208328a97da86166024c4a11b6099541993e6da4d9e100c5d76d2
aggregate,later_pooled,later_pooled,logistic_l2,logistic_l2,DPS,DPS,full,raw,raw,8,4027,334,0.0829401539608,0.0690131888002,0.0657155559303,0.0727073404303,0.0139269651606,0.1,0ea513409e8ee42b7b9d2d95a768e4f334e66a7d5bce5ad85dfcb1a36809a87c,72cfdc8f6be208328a97da86166024c4a11b6099541993e6da4d9e100c5d76d2
aggregate,later_pooled,later_pooled,logistic_l2,logistic_l2,DPS,DPS,full,raw,raw,9,4027,273,0.0677924012913,0.0777304048221,0.0727108191159,0.0836639247589,0.00993800353086,0.1,0ea513409e8ee42b7b9d2d95a768e4f334e66a7d5bce5ad85dfcb1a36809a87c,72cfdc8f6be208328a97da86166024c4a11b6099541993e6da4d9e100c5d76d2
aggregate,later_pooled,later_pooled,logistic_l2,logistic_l2,DPS,DPS,full,raw,raw,10,4027,392,0.0973429351875,0.0987355352788,0.083663954597,0.238802060536,0.00139260009134,0.1,0ea513409e8ee42b7b9d2d95a768e4f334e66a7d5bce5ad85dfcb1a36809a87c,72cfdc8f6be208328a97da86166024c4a11b6099541993e6da4d9e100c5d76d2
aggregate,later_pooled,later_pooled,xgboost,xgboost,DP0,DP0,full,calibrated,calibrated,1,4027,241,0.0598460392352,0.0427833696342,0.0415523089468,0.0437864027917,0.017062669601,0.1,1551d46f8013fa51d59d2a3700a7271e8a7f547edb28048a2a130c335b83da0c,72cfdc8f6be208328a97da86166024c4a11b6099541993e6da4d9e100c5d76d2
aggregate,later_pooled,later_pooled,xgboost,xgboost,DP0,DP0,full,calibrated,calibrated,2,4027,252,0.062577601192,0.045703423675,0.0437864027917,0.050557333976,0.0168741775169,0.1,1551d46f8013fa51d59d2a3700a7271e8a7f547edb28048a2a130c335b83da0c,72cfdc8f6be208328a97da86166024c4a11b6099541993e6da4d9e100c5d76d2
aggregate,later_pooled,later_pooled,xgboost,xgboost,DP0,DP0,full,calibrated,calibrated,3,4027,460,0.114228954557,0.0512041296419,0.050557333976,0.051665250212,0.0630248249149,0.1,1551d46f8013fa51d59d2a3700a7271e8a7f547edb28048a2a130c335b83da0c,72cfdc8f6be208328a97da86166024c4a11b6099541993e6da4d9e100c5d76d2
aggregate,later_pooled,later_pooled,xgboost,xgboost,DP0,DP0,full,calibrated,calibrated,4,4027,653,0.162155450708,0.0520755918144,0.051665250212,0.0521534979343,0.110079858893,0.1,1551d46f8013fa51d59d2a3700a7271e8a7f547edb28048a2a130c335b83da0c,72cfdc8f6be208328a97da86166024c4a11b6099541993e6da4d9e100c5d76d2
aggregate,later_pooled,later_pooled,xgboost,xgboost,DP0,DP0,full,calibrated,calibrated,5,4027,913,0.226719642414,0.0524801752781,0.0521534979343,0.0525127872825,0.174239467136,0.1,1551d46f8013fa51d59d2a3700a7271e8a7f547edb28048a2a130c335b83da0c,72cfdc8f6be208328a97da86166024c4a11b6099541993e6da4d9e100c5d76d2
aggregate,later_pooled,later_pooled,xgboost,xgboost,DP0,DP0,full,calibrated,calibrated,6,4027,289,0.0717655823193,0.0601470864262,0.0525127872825,0.062626414001,0.0116184958931,0.1,1551d46f8013fa51d59d2a3700a7271e8a7f547edb28048a2a130c335b83da0c,72cfdc8f6be208328a97da86166024c4a11b6099541993e6da4d9e100c5d76d2
aggregate,later_pooled,later_pooled,xgboost,xgboost,DP0,DP0,full,calibrated,calibrated,7,4027,163,0.0404767817234,0.0640796605587,0.062626414001,0.0701239407063,0.0236028788354,0.1,1551d46f8013fa51d59d2a3700a7271e8a7f547edb28048a2a130c335b83da0c,72cfdc8f6be208328a97da86166024c4a11b6099541993e6da4d9e100c5d76d2
aggregate,later_pooled,later_pooled,xgboost,xgboost,DP0,DP0,full,calibrated,calibrated,8,4027,119,0.0295505338962,0.0714827569811,0.0701239407063,0.0735143050551,0.0419322230849,0.1,1551d46f8013fa51d59d2a3700a7271e8a7f547edb28048a2a130c335b83da0c,72cfdc8f6be208328a97da86166024c4a11b6099541993e6da4d9e100c5d76d2
aggregate,later_pooled,later_pooled,xgboost,xgboost,DP0,DP0,full,calibrated,calibrated,9,4027,82,0.0203625527688,0.0747668993867,0.0735143050551,0.0758103430271,0.0544043466179,0.1,1551d46f8013fa51d59d2a3700a7271e8a7f547edb28048a2a130c335b83da0c,72cfdc8f6be208328a97da86166024c4a11b6099541993e6da4d9e100c5d76d2
aggregate,later_pooled,later_pooled,xgboost,xgboost,DP0,DP0,full,calibrated,calibrated,10,4027,305,0.0757387633474,0.0766840297511,0.0758103430271,0.0774979665875,0.000945266403733,0.1,1551d46f8013fa51d59d2a3700a7271e8a7f547edb28048a2a130c335b83da0c,72cfdc8f6be208328a97da86166024c4a11b6099541993e6da4d9e100c5d76d2
aggregate,later_pooled,later_pooled,xgboost,xgboost,DP0,DP0,full,raw,raw,1,4027,241,0.0598460392352,0.0427833696342,0.0415523089468,0.0437864027917,0.017062669601,0.1,1551d46f8013fa51d59d2a3700a7271e8a7f547edb28048a2a130c335b83da0c,72cfdc8f6be208328a97da86166024c4a11b6099541993e6da4d9e100c5d76d2
aggregate,later_pooled,later_pooled,xgboost,xgboost,DP0,DP0,full,raw,raw,2,4027,252,0.062577601192,0.045703423675,0.0437864027917,0.050557333976,0.0168741775169,0.1,1551d46f8013fa51d59d2a3700a7271e8a7f547edb28048a2a130c335b83da0c,72cfdc8f6be208328a97da86166024c4a11b6099541993e6da4d9e100c5d76d2
aggregate,later_pooled,later_pooled,xgboost,xgboost,DP0,DP0,full,raw,raw,3,4027,460,0.114228954557,0.0512041296419,0.050557333976,0.051665250212,0.0630248249149,0.1,1551d46f8013fa51d59d2a3700a7271e8a7f547edb28048a2a130c335b83da0c,72cfdc8f6be208328a97da86166024c4a11b6099541993e6da4d9e100c5d76d2
aggregate,later_pooled,later_pooled,xgboost,xgboost,DP0,DP0,full,raw,raw,4,4027,653,0.162155450708,0.0520755918144,0.051665250212,0.0521534979343,0.110079858893,0.1,1551d46f8013fa51d59d2a3700a7271e8a7f547edb28048a2a130c335b83da0c,72cfdc8f6be208328a97da86166024c4a11b6099541993e6da4d9e100c5d76d2
aggregate,later_pooled,later_pooled,xgboost,xgboost,DP0,DP0,full,raw,raw,5,4027,913,0.226719642414,0.0524801752781,0.0521534979343,0.0525127872825,0.174239467136,0.1,1551d46f8013fa51d59d2a3700a7271e8a7f547edb28048a2a130c335b83da0c,72cfdc8f6be208328a97da86166024c4a11b6099541993e6da4d9e100c5d76d2
aggregate,later_pooled,later_pooled,xgboost,xgboost,DP0,DP0,full,raw,raw,6,4027,289,0.0717655823193,0.0601470864262,0.0525127872825,0.062626414001,0.0116184958931,0.1,1551d46f8013fa51d59d2a3700a7271e8a7f547edb28048a2a130c335b83da0c,72cfdc8f6be208328a97da86166024c4a11b6099541993e6da4d9e100c5d76d2
aggregate,later_pooled,later_pooled,xgboost,xgboost,DP0,DP0,full,raw,raw,7,4027,163,0.0404767817234,0.0640796605587,0.062626414001,0.0701239407063,0.0236028788354,0.1,1551d46f8013fa51d59d2a3700a7271e8a7f547edb28048a2a130c335b83da0c,72cfdc8f6be208328a97da86166024c4a11b6099541993e6da4d9e100c5d76d2
aggregate,later_pooled,later_pooled,xgboost,xgboost,DP0,DP0,full,raw,raw,8,4027,119,0.0295505338962,0.0714827569811,0.0701239407063,0.0735143050551,0.0419322230849,0.1,1551d46f8013fa51d59d2a3700a7271e8a7f547edb28048a2a130c335b83da0c,72cfdc8f6be208328a97da86166024c4a11b6099541993e6da4d9e100c5d76d2
aggregate,later_pooled,later_pooled,xgboost,xgboost,DP0,DP0,full,raw,raw,9,4027,82,0.0203625527688,0.0747668993867,0.0735143050551,0.0758103430271,0.0544043466179,0.1,1551d46f8013fa51d59d2a3700a7271e8a7f547edb28048a2a130c335b83da0c,72cfdc8f6be208328a97da86166024c4a11b6099541993e6da4d9e100c5d76d2
aggregate,later_pooled,later_pooled,xgboost,xgboost,DP0,DP0,full,raw,raw,10,4027,305,0.0757387633474,0.0766840297511,0.0758103430271,0.0774979665875,0.000945266403733,0.1,1551d46f8013fa51d59d2a3700a7271e8a7f547edb28048a2a130c335b83da0c,72cfdc8f6be208328a97da86166024c4a11b6099541993e6da4d9e100c5d76d2
aggregate,later_pooled,later_pooled,xgboost,xgboost,DPB,DPB,full,calibrated,calibrated,1,4027,143,0.0355103054383,0.0425330839167,0.0414262712002,0.0434199534357,0.00702277847839,0.1,1d75b230f0d829aa3a60afc915ee561f2fcceba15ba578d35551191292494b44,72cfdc8f6be208328a97da86166024c4a11b6099541993e6da4d9e100c5d76d2
aggregate,later_pooled,later_pooled,xgboost,xgboost,DPB,DPB,full,calibrated,calibrated,2,4027,295,0.0732555252049,0.0469559724067,0.0434199534357,0.0493770390749,0.0262995527982,0.1,1d75b230f0d829aa3a60afc915ee561f2fcceba15ba578d35551191292494b44,72cfdc8f6be208328a97da86166024c4a11b6099541993e6da4d9e100c5d76d2
aggregate,later_pooled,later_pooled,xgboost,xgboost,DPB,DPB,full,calibrated,calibrated,3,4027,310,0.0769803824187,0.0500251561827,0.0493770390749,0.0513692013919,0.026955226236,0.1,1d75b230f0d829aa3a60afc915ee561f2fcceba15ba578d35551191292494b44,72cfdc8f6be208328a97da86166024c4a11b6099541993e6da4d9e100c5d76d2
aggregate,later_pooled,later_pooled,xgboost,xgboost,DPB,DPB,full,calibrated,calibrated,4,4027,643,0.159672212565,0.0528914423649,0.0513692013919,0.0542621091008,0.1067807702,0.1,1d75b230f0d829aa3a60afc915ee561f2fcceba15ba578d35551191292494b44,72cfdc8f6be208328a97da86166024c4a11b6099541993e6da4d9e100c5d76d2
aggregate,later_pooled,later_pooled,xgboost,xgboost,DPB,DPB,full,calibrated,calibrated,5,4027,1206,0.29947851999,0.055285891092,0.0542621091008,0.0582113899291,0.244192628898,0.1,1d75b230f0d829aa3a60afc915ee561f2fcceba15ba578d35551191292494b44,72cfdc8f6be208328a97da86166024c4a11b6099541993e6da4d9e100c5d76d2
aggregate,later_pooled,later_pooled,xgboost,xgboost,DPB,DPB,full,calibrated,calibrated,6,4027,103,0.0255773528681,0.0632229912328,0.0582113899291,0.0653441026807,0.0376456383646,0.1,1d75b230f0d829aa3a60afc915ee561f2fcceba15ba578d35551191292494b44,72cfdc8f6be208328a97da86166024c4a11b6099541993e6da4d9e100c5d76d2
aggregate,later_pooled,later_pooled,xgboost,xgboost,DPB,DPB,full,calibrated,calibrated,7,4027,216,0.0536379438788,0.0667768466856,0.0653441026807,0.0685810223222,0.0131389028068,0.1,1d75b230f0d829aa3a60afc915ee561f2fcceba15ba578d35551191292494b44,72cfdc8f6be208328a97da86166024c4a11b6099541993e6da4d9e100c5d76d2
aggregate,later_pooled,later_pooled,xgboost,xgboost,DPB,DPB,full,calibrated,calibrated,8,4027,63,0.015644400298,0.070922529713,0.0685810223222,0.0742938965559,0.055278129415,0.1,1d75b230f0d829aa3a60afc915ee561f2fcceba15ba578d35551191292494b44,72cfdc8f6be208328a97da86166024c4a11b6099541993e6da4d9e100c5d76d2
aggregate,later_pooled,later_pooled,xgboost,xgboost,DPB,DPB,full,calibrated,calibrated,9,4027,165,0.0409734293519,0.075769652437,0.0742938965559,0.0784345716238,0.0347962230851,0.1,1d75b230f0d829aa3a60afc915ee561f2fcceba15ba578d35551191292494b44,72cfdc8f6be208328a97da86166024c4a11b6099541993e6da4d9e100c5d76d2
aggregate,later_pooled,later_pooled,xgboost,xgboost,DPB,DPB,full,calibrated,calibrated,10,4027,333,0.0826918301465,0.0869530245554,0.0784345716238,0.107918247581,0.00426119440893,0.1,1d75b230f0d829aa3a60afc915ee561f2fcceba15ba578d35551191292494b44,72cfdc8f6be208328a97da86166024c4a11b6099541993e6da4d9e100c5d76d2
aggregate,later_pooled,later_pooled,xgboost,xgboost,DPB,DPB,full,raw,raw,1,4027,143,0.0355103054383,0.0425330839167,0.0414262712002,0.0434199534357,0.00702277847839,0.1,1d75b230f0d829aa3a60afc915ee561f2fcceba15ba578d35551191292494b44,72cfdc8f6be208328a97da86166024c4a11b6099541993e6da4d9e100c5d76d2
aggregate,later_pooled,later_pooled,xgboost,xgboost,DPB,DPB,full,raw,raw,2,4027,295,0.0732555252049,0.0469559724067,0.0434199534357,0.0493770390749,0.0262995527982,0.1,1d75b230f0d829aa3a60afc915ee561f2fcceba15ba578d35551191292494b44,72cfdc8f6be208328a97da86166024c4a11b6099541993e6da4d9e100c5d76d2
aggregate,later_pooled,later_pooled,xgboost,xgboost,DPB,DPB,full,raw,raw,3,4027,310,0.0769803824187,0.0500251561827,0.0493770390749,0.0513692013919,0.026955226236,0.1,1d75b230f0d829aa3a60afc915ee561f2fcceba15ba578d35551191292494b44,72cfdc8f6be208328a97da86166024c4a11b6099541993e6da4d9e100c5d76d2
aggregate,later_pooled,later_pooled,xgboost,xgboost,DPB,DPB,full,raw,raw,4,4027,643,0.159672212565,0.0528914423649,0.0513692013919,0.0542621091008,0.1067807702,0.1,1d75b230f0d829aa3a60afc915ee561f2fcceba15ba578d35551191292494b44,72cfdc8f6be208328a97da86166024c4a11b6099541993e6da4d9e100c5d76d2
aggregate,later_pooled,later_pooled,xgboost,xgboost,DPB,DPB,full,raw,raw,5,4027,1206,0.29947851999,0.055285891092,0.0542621091008,0.0582113899291,0.244192628898,0.1,1d75b230f0d829aa3a60afc915ee561f2fcceba15ba578d35551191292494b44,72cfdc8f6be208328a97da86166024c4a11b6099541993e6da4d9e100c5d76d2
aggregate,later_pooled,later_pooled,xgboost,xgboost,DPB,DPB,full,raw,raw,6,4027,103,0.0255773528681,0.0632229912328,0.0582113899291,0.0653441026807,0.0376456383646,0.1,1d75b230f0d829aa3a60afc915ee561f2fcceba15ba578d35551191292494b44,72cfdc8f6be208328a97da86166024c4a11b6099541993e6da4d9e100c5d76d2
aggregate,later_pooled,later_pooled,xgboost,xgboost,DPB,DPB,full,raw,raw,7,4027,216,0.0536379438788,0.0667768466856,0.0653441026807,0.0685810223222,0.0131389028068,0.1,1d75b230f0d829aa3a60afc915ee561f2fcceba15ba578d35551191292494b44,72cfdc8f6be208328a97da86166024c4a11b6099541993e6da4d9e100c5d76d2
aggregate,later_pooled,later_pooled,xgboost,xgboost,DPB,DPB,full,raw,raw,8,4027,63,0.015644400298,0.070922529713,0.0685810223222,0.0742938965559,0.055278129415,0.1,1d75b230f0d829aa3a60afc915ee561f2fcceba15ba578d35551191292494b44,72cfdc8f6be208328a97da86166024c4a11b6099541993e6da4d9e100c5d76d2
aggregate,later_pooled,later_pooled,xgboost,xgboost,DPB,DPB,full,raw,raw,9,4027,165,0.0409734293519,0.075769652437,0.0742938965559,0.0784345716238,0.0347962230851,0.1,1d75b230f0d829aa3a60afc915ee561f2fcceba15ba578d35551191292494b44,72cfdc8f6be208328a97da86166024c4a11b6099541993e6da4d9e100c5d76d2
aggregate,later_pooled,later_pooled,xgboost,xgboost,DPB,DPB,full,raw,raw,10,4027,333,0.0826918301465,0.0869530245554,0.0784345716238,0.107918247581,0.00426119440893,0.1,1d75b230f0d829aa3a60afc915ee561f2fcceba15ba578d35551191292494b44,72cfdc8f6be208328a97da86166024c4a11b6099541993e6da4d9e100c5d76d2
aggregate,later_pooled,later_pooled,xgboost,xgboost,DPG,DPG,full,calibrated,calibrated,1,4027,140,0.0347653339955,0.0418655844861,0.0404609404504,0.0435275658965,0.00710025049056,0.1,5ce52ead9ab04983efd74f8ba66512b8fdef2d522452ab511fe12739c559cce7,72cfdc8f6be208328a97da86166024c4a11b6099541993e6da4d9e100c5d76d2
aggregate,later_pooled,later_pooled,xgboost,xgboost,DPG,DPG,full,calibrated,calibrated,2,4027,319,0.079215296747,0.0458305729912,0.0435275658965,0.0468893051147,0.0333847237558,0.1,5ce52ead9ab04983efd74f8ba66512b8fdef2d522452ab511fe12739c559cce7,72cfdc8f6be208328a97da86166024c4a11b6099541993e6da4d9e100c5d76d2
aggregate,later_pooled,later_pooled,xgboost,xgboost,DPG,DPG,full,calibrated,calibrated,3,4027,324,0.0804569158182,0.0487642929889,0.0468893051147,0.0506460666656,0.0316926228294,0.1,5ce52ead9ab04983efd74f8ba66512b8fdef2d522452ab511fe12739c559cce7,72cfdc8f6be208328a97da86166024c4a11b6099541993e6da4d9e100c5d76d2
aggregate,later_pooled,later_pooled,xgboost,xgboost,DPG,DPG,full,calibrated,calibrated,4,4027,671,0.166625279364,0.0527976435904,0.0506460666656,0.0540022142231,0.113827635774,0.1,5ce52ead9ab04983efd74f8ba66512b8fdef2d522452ab511fe12739c559cce7,72cfdc8f6be208328a97da86166024c4a11b6099541993e6da4d9e100c5d76d2
aggregate,later_pooled,later_pooled,xgboost,xgboost,DPG,DPG,full,calibrated,calibrated,5,4027,1152,0.28606903402,0.0548243827633,0.0540022142231,0.0589463710785,0.231244651257,0.1,5ce52ead9ab04983efd74f8ba66512b8fdef2d522452ab511fe12739c559cce7,72cfdc8f6be208328a97da86166024c4a11b6099541993e6da4d9e100c5d76d2
aggregate,later_pooled,later_pooled,xgboost,xgboost,DPG,DPG,full,calibrated,calibrated,6,4027,185,0.045939905637,0.0630743599168,0.0589463710785,0.0656453743577,0.0171344542799,0.1,5ce52ead9ab04983efd74f8ba66512b8fdef2d522452ab511fe12739c559cce7,72cfdc8f6be208328a97da86166024c4a11b6099541993e6da4d9e100c5d76d2
aggregate,later_pooled,later_pooled,xgboost,xgboost,DPG,DPG,full,calibrated,calibrated,7,4027,115,0.0285572386392,0.0664049271547,0.0656453743577,0.0667194202542,0.0378476885155,0.1,5ce52ead9ab04983efd74f8ba66512b8fdef2d522452ab511fe12739c559cce7,72cfdc8f6be208328a97da86166024c4a11b6099541993e6da4d9e100c5d76d2
aggregate,later_pooled,later_pooled,xgboost,xgboost,DPG,DPG,full,calibrated,calibrated,8,4027,65,0.0161410479265,0.0708761298412,0.0667194202542,0.0733474120498,0.0547350819147,0.1,5ce52ead9ab04983efd74f8ba66512b8fdef2d522452ab511fe12739c559cce7,72cfdc8f6be208328a97da86166024c4a11b6099541993e6da4d9e100c5d76d2
aggregate,later_pooled,later_pooled,xgboost,xgboost,DPG,DPG,full,calibrated,calibrated,9,4027,142,0.035261981624,0.0754844955776,0.0733474120498,0.0776510462165,0.0402225139536,0.1,5ce52ead9ab04983efd74f8ba66512b8fdef2d522452ab511fe12739c559cce7,72cfdc8f6be208328a97da86166024c4a11b6099541993e6da4d9e100c5d76d2
aggregate,later_pooled,later_pooled,xgboost,xgboost,DPG,DPG,full,calibrated,calibrated,10,4027,364,0.0903898683884,0.0831759683945,0.0776510462165,0.102632761002,0.00721389999387,0.1,5ce52ead9ab04983efd74f8ba66512b8fdef2d522452ab511fe12739c559cce7,72cfdc8f6be208328a97da86166024c4a11b6099541993e6da4d9e100c5d76d2
aggregate,later_pooled,later_pooled,xgboost,xgboost,DPG,DPG,full,raw,raw,1,4027,140,0.0347653339955,0.0418655844861,0.0404609404504,0.0435275658965,0.00710025049056,0.1,5ce52ead9ab04983efd74f8ba66512b8fdef2d522452ab511fe12739c559cce7,72cfdc8f6be208328a97da86166024c4a11b6099541993e6da4d9e100c5d76d2
aggregate,later_pooled,later_pooled,xgboost,xgboost,DPG,DPG,full,raw,raw,2,4027,319,0.079215296747,0.0458305729912,0.0435275658965,0.0468893051147,0.0333847237558,0.1,5ce52ead9ab04983efd74f8ba66512b8fdef2d522452ab511fe12739c559cce7,72cfdc8f6be208328a97da86166024c4a11b6099541993e6da4d9e100c5d76d2
aggregate,later_pooled,later_pooled,xgboost,xgboost,DPG,DPG,full,raw,raw,3,4027,324,0.0804569158182,0.0487642929889,0.0468893051147,0.0506460666656,0.0316926228294,0.1,5ce52ead9ab04983efd74f8ba66512b8fdef2d522452ab511fe12739c559cce7,72cfdc8f6be208328a97da86166024c4a11b6099541993e6da4d9e100c5d76d2
aggregate,later_pooled,later_pooled,xgboost,xgboost,DPG,DPG,full,raw,raw,4,4027,671,0.166625279364,0.0527976435904,0.0506460666656,0.0540022142231,0.113827635774,0.1,5ce52ead9ab04983efd74f8ba66512b8fdef2d522452ab511fe12739c559cce7,72cfdc8f6be208328a97da86166024c4a11b6099541993e6da4d9e100c5d76d2
aggregate,later_pooled,later_pooled,xgboost,xgboost,DPG,DPG,full,raw,raw,5,4027,1152,0.28606903402,0.0548243827633,0.0540022142231,0.0589463710785,0.231244651257,0.1,5ce52ead9ab04983efd74f8ba66512b8fdef2d522452ab511fe12739c559cce7,72cfdc8f6be208328a97da86166024c4a11b6099541993e6da4d9e100c5d76d2
aggregate,later_pooled,later_pooled,xgboost,xgboost,DPG,DPG,full,raw,raw,6,4027,185,0.045939905637,0.0630743599168,0.0589463710785,0.0656453743577,0.0171344542799,0.1,5ce52ead9ab04983efd74f8ba66512b8fdef2d522452ab511fe12739c559cce7,72cfdc8f6be208328a97da86166024c4a11b6099541993e6da4d9e100c5d76d2
aggregate,later_pooled,later_pooled,xgboost,xgboost,DPG,DPG,full,raw,raw,7,4027,115,0.0285572386392,0.0664049271547,0.0656453743577,0.0667194202542,0.0378476885155,0.1,5ce52ead9ab04983efd74f8ba66512b8fdef2d522452ab511fe12739c559cce7,72cfdc8f6be208328a97da86166024c4a11b6099541993e6da4d9e100c5d76d2
aggregate,later_pooled,later_pooled,xgboost,xgboost,DPG,DPG,full,raw,raw,8,4027,65,0.0161410479265,0.0708761298412,0.0667194202542,0.0733474120498,0.0547350819147,0.1,5ce52ead9ab04983efd74f8ba66512b8fdef2d522452ab511fe12739c559cce7,72cfdc8f6be208328a97da86166024c4a11b6099541993e6da4d9e100c5d76d2
aggregate,later_pooled,later_pooled,xgboost,xgboost,DPG,DPG,full,raw,raw,9,4027,142,0.035261981624,0.0754844955776,0.0733474120498,0.0776510462165,0.0402225139536,0.1,5ce52ead9ab04983efd74f8ba66512b8fdef2d522452ab511fe12739c559cce7,72cfdc8f6be208328a97da86166024c4a11b6099541993e6da4d9e100c5d76d2
aggregate,later_pooled,later_pooled,xgboost,xgboost,DPG,DPG,full,raw,raw,10,4027,364,0.0903898683884,0.0831759683945,0.0776510462165,0.102632761002,0.00721389999387,0.1,5ce52ead9ab04983efd74f8ba66512b8fdef2d522452ab511fe12739c559cce7,72cfdc8f6be208328a97da86166024c4a11b6099541993e6da4d9e100c5d76d2
aggregate,later_pooled,later_pooled,xgboost,xgboost,DPS,DPS,full,calibrated,calibrated,1,4027,194,0.0481748199652,0.0426791607871,0.0416803397238,0.0441658645868,0.00549565917813,0.1,dff34e173d81f155fba985cacc0d6b5d712930afd91036e0f51d2d000e39cb1f,72cfdc8f6be208328a97da86166024c4a11b6099541993e6da4d9e100c5d76d2
aggregate,later_pooled,later_pooled,xgboost,xgboost,DPS,DPS,full,calibrated,calibrated,2,4027,310,0.0769803824187,0.0464956948734,0.0441658645868,0.0502680800855,0.0304846875453,0.1,dff34e173d81f155fba985cacc0d6b5d712930afd91036e0f51d2d000e39cb1f,72cfdc8f6be208328a97da86166024c4a11b6099541993e6da4d9e100c5d76d2
aggregate,later_pooled,later_pooled,xgboost,xgboost,DPS,DPS,full,calibrated,calibrated,3,4027,601,0.149242612367,0.0505391337803,0.0502680800855,0.0510185994208,0.0987034785863,0.1,dff34e173d81f155fba985cacc0d6b5d712930afd91036e0f51d2d000e39cb1f,72cfdc8f6be208328a97da86166024c4a11b6099541993e6da4d9e100c5d76d2
aggregate,later_pooled,later_pooled,xgboost,xgboost,DPS,DPS,full,calibrated,calibrated,4,4027,693,0.172088403278,0.0519649340356,0.0510185994208,0.0526651442051,0.120123469242,0.1,dff34e173d81f155fba985cacc0d6b5d712930afd91036e0f51d2d000e39cb1f,72cfdc8f6be208328a97da86166024c4a11b6099541993e6da4d9e100c5d76d2
aggregate,later_pooled,later_pooled,xgboost,xgboost,DPS,DPS,full,calibrated,calibrated,5,4027,747,0.185497889248,0.0534478502595,0.0526651442051,0.0566124655306,0.132050038988,0.1,dff34e173d81f155fba985cacc0d6b5d712930afd91036e0f51d2d000e39cb1f,72cfdc8f6be208328a97da86166024c4a11b6099541993e6da4d9e100c5d76d2
aggregate,later_pooled,later_pooled,xgboost,xgboost,DPS,DPS,full,calibrated,calibrated,6,4027,217,0.0538862676931,0.06052692389,0.0566124655306,0.0622408762574,0.00664065619697,0.1,dff34e173d81f155fba985cacc0d6b5d712930afd91036e0f51d2d000e39cb1f,72cfdc8f6be208328a97da86166024c4a11b6099541993e6da4d9e100c5d76d2
aggregate,later_pooled,later_pooled,xgboost,xgboost,DPS,DPS,full,calibrated,calibrated,7,4027,221,0.0548795629501,0.0648134888811,0.0622408762574,0.0706195533276,0.00993392593106,0.1,dff34e173d81f155fba985cacc0d6b5d712930afd91036e0f51d2d000e39cb1f,72cfdc8f6be208328a97da86166024c4a11b6099541993e6da4d9e100c5d76d2
aggregate,later_pooled,later_pooled,xgboost,xgboost,DPS,DPS,full,calibrated,calibrated,8,4027,90,0.0223491432828,0.0719144097889,0.0706195533276,0.07258810848,0.0495652665061,0.1,dff34e173d81f155fba985cacc0d6b5d712930afd91036e0f51d2d000e39cb1f,72cfdc8f6be208328a97da86166024c4a11b6099541993e6da4d9e100c5d76d2
aggregate,later_pooled,later_pooled,xgboost,xgboost,DPS,DPS,full,calibrated,calibrated,9,4027,161,0.0399801340949,0.0739906258901,0.07258810848,0.0752112492919,0.0340104917953,0.1,dff34e173d81f155fba985cacc0d6b5d712930afd91036e0f51d2d000e39cb1f,72cfdc8f6be208328a97da86166024c4a11b6099541993e6da4d9e100c5d76d2
aggregate,later_pooled,later_pooled,xgboost,xgboost,DPS,DPS,full,calibrated,calibrated,10,4027,243,0.0603426868637,0.0767941747757,0.0752112492919,0.0848673582077,0.016451487912,0.1,dff34e173d81f155fba985cacc0d6b5d712930afd91036e0f51d2d000e39cb1f,72cfdc8f6be208328a97da86166024c4a11b6099541993e6da4d9e100c5d76d2
aggregate,later_pooled,later_pooled,xgboost,xgboost,DPS,DPS,full,raw,raw,1,4027,194,0.0481748199652,0.0426791607871,0.0416803397238,0.0441658645868,0.00549565917813,0.1,dff34e173d81f155fba985cacc0d6b5d712930afd91036e0f51d2d000e39cb1f,72cfdc8f6be208328a97da86166024c4a11b6099541993e6da4d9e100c5d76d2
aggregate,later_pooled,later_pooled,xgboost,xgboost,DPS,DPS,full,raw,raw,2,4027,310,0.0769803824187,0.0464956948734,0.0441658645868,0.0502680800855,0.0304846875453,0.1,dff34e173d81f155fba985cacc0d6b5d712930afd91036e0f51d2d000e39cb1f,72cfdc8f6be208328a97da86166024c4a11b6099541993e6da4d9e100c5d76d2
aggregate,later_pooled,later_pooled,xgboost,xgboost,DPS,DPS,full,raw,raw,3,4027,601,0.149242612367,0.0505391337803,0.0502680800855,0.0510185994208,0.0987034785863,0.1,dff34e173d81f155fba985cacc0d6b5d712930afd91036e0f51d2d000e39cb1f,72cfdc8f6be208328a97da86166024c4a11b6099541993e6da4d9e100c5d76d2
aggregate,later_pooled,later_pooled,xgboost,xgboost,DPS,DPS,full,raw,raw,4,4027,693,0.172088403278,0.0519649340356,0.0510185994208,0.0526651442051,0.120123469242,0.1,dff34e173d81f155fba985cacc0d6b5d712930afd91036e0f51d2d000e39cb1f,72cfdc8f6be208328a97da86166024c4a11b6099541993e6da4d9e100c5d76d2
aggregate,later_pooled,later_pooled,xgboost,xgboost,DPS,DPS,full,raw,raw,5,4027,747,0.185497889248,0.0534478502595,0.0526651442051,0.0566124655306,0.132050038988,0.1,dff34e173d81f155fba985cacc0d6b5d712930afd91036e0f51d2d000e39cb1f,72cfdc8f6be208328a97da86166024c4a11b6099541993e6da4d9e100c5d76d2
aggregate,later_pooled,later_pooled,xgboost,xgboost,DPS,DPS,full,raw,raw,6,4027,217,0.0538862676931,0.06052692389,0.0566124655306,0.0622408762574,0.00664065619697,0.1,dff34e173d81f155fba985cacc0d6b5d712930afd91036e0f51d2d000e39cb1f,72cfdc8f6be208328a97da86166024c4a11b6099541993e6da4d9e100c5d76d2
aggregate,later_pooled,later_pooled,xgboost,xgboost,DPS,DPS,full,raw,raw,7,4027,221,0.0548795629501,0.0648134888811,0.0622408762574,0.0706195533276,0.00993392593106,0.1,dff34e173d81f155fba985cacc0d6b5d712930afd91036e0f51d2d000e39cb1f,72cfdc8f6be208328a97da86166024c4a11b6099541993e6da4d9e100c5d76d2
aggregate,later_pooled,later_pooled,xgboost,xgboost,DPS,DPS,full,raw,raw,8,4027,90,0.0223491432828,0.0719144097889,0.0706195533276,0.07258810848,0.0495652665061,0.1,dff34e173d81f155fba985cacc0d6b5d712930afd91036e0f51d2d000e39cb1f,72cfdc8f6be208328a97da86166024c4a11b6099541993e6da4d9e100c5d76d2
aggregate,later_pooled,later_pooled,xgboost,xgboost,DPS,DPS,full,raw,raw,9,4027,161,0.0399801340949,0.0739906258901,0.07258810848,0.0752112492919,0.0340104917953,0.1,dff34e173d81f155fba985cacc0d6b5d712930afd91036e0f51d2d000e39cb1f,72cfdc8f6be208328a97da86166024c4a11b6099541993e6da4d9e100c5d76d2
aggregate,later_pooled,later_pooled,xgboost,xgboost,DPS,DPS,full,raw,raw,10,4027,243,0.0603426868637,0.0767941747757,0.0752112492919,0.0848673582077,0.016451487912,0.1,dff34e173d81f155fba985cacc0d6b5d712930afd91036e0f51d2d000e39cb1f,72cfdc8f6be208328a97da86166024c4a11b6099541993e6da4d9e100c5d76d2
later,2018-01,2018-01,logistic_l2,logistic_l2,DP0,DP0,full,calibrated,calibrated,1,707,34,0.048090523338,0.0273496206701,0.0061206206555,0.0323299533681,0.020740902668,0.100014146272,46675fb422177ee9b1dd69df4d376e1fe67a3a99808c8cc426182a494de07334,ee393306bea41ea6bceb8fcfabd7cbb43b7db39a083d42187f0a69ab3a3539a6
later,2018-01,2018-01,logistic_l2,logistic_l2,DP0,DP0,full,calibrated,calibrated,2,707,35,0.049504950495,0.0338875452843,0.0323378249069,0.0353308149726,0.0156174052108,0.100014146272,46675fb422177ee9b1dd69df4d376e1fe67a3a99808c8cc426182a494de07334,ee393306bea41ea6bceb8fcfabd7cbb43b7db39a083d42187f0a69ab3a3539a6
later,2018-01,2018-01,logistic_l2,logistic_l2,DP0,DP0,full,calibrated,calibrated,3,707,51,0.0721357850071,0.0365230692649,0.0353327609337,0.0375096294519,0.0356127157422,0.100014146272,46675fb422177ee9b1dd69df4d376e1fe67a3a99808c8cc426182a494de07334,ee393306bea41ea6bceb8fcfabd7cbb43b7db39a083d42187f0a69ab3a3539a6
later,2018-01,2018-01,logistic_l2,logistic_l2,DP0,DP0,full,calibrated,calibrated,4,707,38,0.0537482319661,0.0384117359218,0.037510180591,0.0392394679148,0.0153364960442,0.100014146272,46675fb422177ee9b1dd69df4d376e1fe67a3a99808c8cc426182a494de07334,ee393306bea41ea6bceb8fcfabd7cbb43b7db39a083d42187f0a69ab3a3539a6
later,2018-01,2018-01,logistic_l2,logistic_l2,DP0,DP0,full,calibrated,calibrated,5,707,59,0.0834512022631,0.0400221944636,0.039241286585,0.0411135721206,0.0434290077995,0.100014146272,46675fb422177ee9b1dd69df4d376e1fe67a3a99808c8cc426182a494de07334,ee393306bea41ea6bceb8fcfabd7cbb43b7db39a083d42187f0a69ab3a3539a6
later,2018-01,2018-01,logistic_l2,logistic_l2,DP0,DP0,full,calibrated,calibrated,6,707,41,0.0579915134371,0.0419028207595,0.0411147998643,0.0426941194785,0.0160886926776,0.100014146272,46675fb422177ee9b1dd69df4d376e1fe67a3a99808c8cc426182a494de07334,ee393306bea41ea6bceb8fcfabd7cbb43b7db39a083d42187f0a69ab3a3539a6
later,2018-01,2018-01,logistic_l2,logistic_l2,DP0,DP0,full,calibrated,calibrated,7,707,54,0.0763790664781,0.0437414037909,0.0426948058096,0.0445887831122,0.0326376626872,0.100014146272,46675fb422177ee9b1dd69df4d376e1fe67a3a99808c8cc426182a494de07334,ee393306bea41ea6bceb8fcfabd7cbb43b7db39a083d42187f0a69ab3a3539a6
later,2018-01,2018-01,logistic_l2,logistic_l2,DP0,DP0,full,calibrated,calibrated,8,707,46,0.0650636492221,0.045579427237,0.0445891993264,0.0468402016097,0.0194842219851,0.100014146272,46675fb422177ee9b1dd69df4d376e1fe67a3a99808c8cc426182a494de07334,ee393306bea41ea6bceb8fcfabd7cbb43b7db39a083d42187f0a69ab3a3539a6
later,2018-01,2018-01,logistic_l2,logistic_l2,DP0,DP0,full,calibrated,calibrated,9,707,19,0.026874115983,0.0497340027455,0.0468415238518,0.0528289250444,0.0228598867625,0.100014146272,46675fb422177ee9b1dd69df4d376e1fe67a3a99808c8cc426182a494de07334,ee393306bea41ea6bceb8fcfabd7cbb43b7db39a083d42187f0a69ab3a3539a6
later,2018-01,2018-01,logistic_l2,logistic_l2,DP0,DP0,full,calibrated,calibrated,10,706,26,0.0368271954674,0.0540481056023,0.052833752908,0.0563161773829,0.0172209101349,0.0998726835479,46675fb422177ee9b1dd69df4d376e1fe67a3a99808c8cc426182a494de07334,ee393306bea41ea6bceb8fcfabd7cbb43b7db39a083d42187f0a69ab3a3539a6
later,2018-01,2018-01,logistic_l2,logistic_l2,DP0,DP0,full,raw,raw,1,707,34,0.048090523338,0.0273496206701,0.0061206206555,0.0323299533681,0.020740902668,0.100014146272,46675fb422177ee9b1dd69df4d376e1fe67a3a99808c8cc426182a494de07334,ee393306bea41ea6bceb8fcfabd7cbb43b7db39a083d42187f0a69ab3a3539a6
later,2018-01,2018-01,logistic_l2,logistic_l2,DP0,DP0,full,raw,raw,2,707,35,0.049504950495,0.0338875452843,0.0323378249069,0.0353308149726,0.0156174052108,0.100014146272,46675fb422177ee9b1dd69df4d376e1fe67a3a99808c8cc426182a494de07334,ee393306bea41ea6bceb8fcfabd7cbb43b7db39a083d42187f0a69ab3a3539a6
later,2018-01,2018-01,logistic_l2,logistic_l2,DP0,DP0,full,raw,raw,3,707,51,0.0721357850071,0.0365230692649,0.0353327609337,0.0375096294519,0.0356127157422,0.100014146272,46675fb422177ee9b1dd69df4d376e1fe67a3a99808c8cc426182a494de07334,ee393306bea41ea6bceb8fcfabd7cbb43b7db39a083d42187f0a69ab3a3539a6
later,2018-01,2018-01,logistic_l2,logistic_l2,DP0,DP0,full,raw,raw,4,707,38,0.0537482319661,0.0384117359218,0.037510180591,0.0392394679148,0.0153364960442,0.100014146272,46675fb422177ee9b1dd69df4d376e1fe67a3a99808c8cc426182a494de07334,ee393306bea41ea6bceb8fcfabd7cbb43b7db39a083d42187f0a69ab3a3539a6
later,2018-01,2018-01,logistic_l2,logistic_l2,DP0,DP0,full,raw,raw,5,707,59,0.0834512022631,0.0400221944636,0.039241286585,0.0411135721206,0.0434290077995,0.100014146272,46675fb422177ee9b1dd69df4d376e1fe67a3a99808c8cc426182a494de07334,ee393306bea41ea6bceb8fcfabd7cbb43b7db39a083d42187f0a69ab3a3539a6
later,2018-01,2018-01,logistic_l2,logistic_l2,DP0,DP0,full,raw,raw,6,707,41,0.0579915134371,0.0419028207595,0.0411147998643,0.0426941194785,0.0160886926776,0.100014146272,46675fb422177ee9b1dd69df4d376e1fe67a3a99808c8cc426182a494de07334,ee393306bea41ea6bceb8fcfabd7cbb43b7db39a083d42187f0a69ab3a3539a6
later,2018-01,2018-01,logistic_l2,logistic_l2,DP0,DP0,full,raw,raw,7,707,54,0.0763790664781,0.0437414037909,0.0426948058096,0.0445887831122,0.0326376626872,0.100014146272,46675fb422177ee9b1dd69df4d376e1fe67a3a99808c8cc426182a494de07334,ee393306bea41ea6bceb8fcfabd7cbb43b7db39a083d42187f0a69ab3a3539a6
later,2018-01,2018-01,logistic_l2,logistic_l2,DP0,DP0,full,raw,raw,8,707,46,0.0650636492221,0.045579427237,0.0445891993264,0.0468402016097,0.0194842219851,0.100014146272,46675fb422177ee9b1dd69df4d376e1fe67a3a99808c8cc426182a494de07334,ee393306bea41ea6bceb8fcfabd7cbb43b7db39a083d42187f0a69ab3a3539a6
later,2018-01,2018-01,logistic_l2,logistic_l2,DP0,DP0,full,raw,raw,9,707,19,0.026874115983,0.0497340027455,0.0468415238518,0.0528289250444,0.0228598867625,0.100014146272,46675fb422177ee9b1dd69df4d376e1fe67a3a99808c8cc426182a494de07334,ee393306bea41ea6bceb8fcfabd7cbb43b7db39a083d42187f0a69ab3a3539a6
later,2018-01,2018-01,logistic_l2,logistic_l2,DP0,DP0,full,raw,raw,10,706,26,0.0368271954674,0.0540481056023,0.052833752908,0.0563161773829,0.0172209101349,0.0998726835479,46675fb422177ee9b1dd69df4d376e1fe67a3a99808c8cc426182a494de07334,ee393306bea41ea6bceb8fcfabd7cbb43b7db39a083d42187f0a69ab3a3539a6
later,2018-01,2018-01,logistic_l2,logistic_l2,DPB,DPB,full,calibrated,calibrated,1,707,12,0.016973125884,0.0110949901965,1.71219433379e-05,0.0165336067895,0.00587813568748,0.100014146272,57943f75a2d0f9777a4efa05946db9096d4f33b3b726106f0f1aee51573a8f05,ee393306bea41ea6bceb8fcfabd7cbb43b7db39a083d42187f0a69ab3a3539a6
later,2018-01,2018-01,logistic_l2,logistic_l2,DPB,DPB,full,calibrated,calibrated,2,707,11,0.015558698727,0.0200524257249,0.0165566488132,0.0232880176595,0.00449372699793,0.100014146272,57943f75a2d0f9777a4efa05946db9096d4f33b3b726106f0f1aee51573a8f05,ee393306bea41ea6bceb8fcfabd7cbb43b7db39a083d42187f0a69ab3a3539a6
later,2018-01,2018-01,logistic_l2,logistic_l2,DPB,DPB,full,calibrated,calibrated,3,707,29,0.041018387553,0.0264430712758,0.0233143578097,0.0298114395448,0.0145753162772,0.100014146272,57943f75a2d0f9777a4efa05946db9096d4f33b3b726106f0f1aee51573a8f05,ee393306bea41ea6bceb8fcfabd7cbb43b7db39a083d42187f0a69ab3a3539a6
later,2018-01,2018-01,logistic_l2,logistic_l2,DPB,DPB,full,calibrated,calibrated,4,707,26,0.036775106082,0.0329978913728,0.0298337391893,0.0362013006889,0.00377721470919,0.100014146272,57943f75a2d0f9777a4efa05946db9096d4f33b3b726106f0f1aee51573a8f05,ee393306bea41ea6bceb8fcfabd7cbb43b7db39a083d42187f0a69ab3a3539a6
later,2018-01,2018-01,logistic_l2,logistic_l2,DPB,DPB,full,calibrated,calibrated,5,707,35,0.049504950495,0.0394096528057,0.0362089701666,0.0427300005805,0.0100952976894,0.100014146272,57943f75a2d0f9777a4efa05946db9096d4f33b3b726106f0f1aee51573a8f05,ee393306bea41ea6bceb8fcfabd7cbb43b7db39a083d42187f0a69ab3a3539a6
later,2018-01,2018-01,logistic_l2,logistic_l2,DPB,DPB,full,calibrated,calibrated,6,707,28,0.039603960396,0.0464161851016,0.0427411148977,0.050026270824,0.00681222470552,0.100014146272,57943f75a2d0f9777a4efa05946db9096d4f33b3b726106f0f1aee51573a8f05,ee393306bea41ea6bceb8fcfabd7cbb43b7db39a083d42187f0a69ab3a3539a6
later,2018-01,2018-01,logistic_l2,logistic_l2,DPB,DPB,full,calibrated,calibrated,7,707,29,0.041018387553,0.0542247349632,0.0500299168138,0.0589757213595,0.0132063474101,0.100014146272,57943f75a2d0f9777a4efa05946db9096d4f33b3b726106f0f1aee51573a8f05,ee393306bea41ea6bceb8fcfabd7cbb43b7db39a083d42187f0a69ab3a3539a6
later,2018-01,2018-01,logistic_l2,logistic_l2,DPB,DPB,full,calibrated,calibrated,8,707,57,0.0806223479491,0.0653441596276,0.0590151974471,0.0734348074035,0.0152781883215,0.100014146272,57943f75a2d0f9777a4efa05946db9096d4f33b3b726106f0f1aee51573a8f05,ee393306bea41ea6bceb8fcfabd7cbb43b7db39a083d42187f0a69ab3a3539a6
later,2018-01,2018-01,logistic_l2,logistic_l2,DPB,DPB,full,calibrated,calibrated,9,707,75,0.106082036775,0.0851607926346,0.0734418091495,0.10157795608,0.0209212441406,0.100014146272,57943f75a2d0f9777a4efa05946db9096d4f33b3b726106f0f1aee51573a8f05,ee393306bea41ea6bceb8fcfabd7cbb43b7db39a083d42187f0a69ab3a3539a6
later,2018-01,2018-01,logistic_l2,logistic_l2,DPB,DPB,full,calibrated,calibrated,10,706,101,0.143059490085,0.145891023094,0.101669448052,0.421859711189,0.0028315330093,0.0998726835479,57943f75a2d0f9777a4efa05946db9096d4f33b3b726106f0f1aee51573a8f05,ee393306bea41ea6bceb8fcfabd7cbb43b7db39a083d42187f0a69ab3a3539a6
later,2018-01,2018-01,logistic_l2,logistic_l2,DPB,DPB,full,raw,raw,1,707,12,0.016973125884,0.0110949901965,1.71219433379e-05,0.0165336067895,0.00587813568748,0.100014146272,57943f75a2d0f9777a4efa05946db9096d4f33b3b726106f0f1aee51573a8f05,ee393306bea41ea6bceb8fcfabd7cbb43b7db39a083d42187f0a69ab3a3539a6
later,2018-01,2018-01,logistic_l2,logistic_l2,DPB,DPB,full,raw,raw,2,707,11,0.015558698727,0.0200524257249,0.0165566488132,0.0232880176595,0.00449372699793,0.100014146272,57943f75a2d0f9777a4efa05946db9096d4f33b3b726106f0f1aee51573a8f05,ee393306bea41ea6bceb8fcfabd7cbb43b7db39a083d42187f0a69ab3a3539a6
later,2018-01,2018-01,logistic_l2,logistic_l2,DPB,DPB,full,raw,raw,3,707,29,0.041018387553,0.0264430712758,0.0233143578097,0.0298114395448,0.0145753162772,0.100014146272,57943f75a2d0f9777a4efa05946db9096d4f33b3b726106f0f1aee51573a8f05,ee393306bea41ea6bceb8fcfabd7cbb43b7db39a083d42187f0a69ab3a3539a6
later,2018-01,2018-01,logistic_l2,logistic_l2,DPB,DPB,full,raw,raw,4,707,26,0.036775106082,0.0329978913728,0.0298337391893,0.0362013006889,0.00377721470919,0.100014146272,57943f75a2d0f9777a4efa05946db9096d4f33b3b726106f0f1aee51573a8f05,ee393306bea41ea6bceb8fcfabd7cbb43b7db39a083d42187f0a69ab3a3539a6
later,2018-01,2018-01,logistic_l2,logistic_l2,DPB,DPB,full,raw,raw,5,707,35,0.049504950495,0.0394096528057,0.0362089701666,0.0427300005805,0.0100952976894,0.100014146272,57943f75a2d0f9777a4efa05946db9096d4f33b3b726106f0f1aee51573a8f05,ee393306bea41ea6bceb8fcfabd7cbb43b7db39a083d42187f0a69ab3a3539a6
later,2018-01,2018-01,logistic_l2,logistic_l2,DPB,DPB,full,raw,raw,6,707,28,0.039603960396,0.0464161851016,0.0427411148977,0.050026270824,0.00681222470552,0.100014146272,57943f75a2d0f9777a4efa05946db9096d4f33b3b726106f0f1aee51573a8f05,ee393306bea41ea6bceb8fcfabd7cbb43b7db39a083d42187f0a69ab3a3539a6
later,2018-01,2018-01,logistic_l2,logistic_l2,DPB,DPB,full,raw,raw,7,707,29,0.041018387553,0.0542247349632,0.0500299168138,0.0589757213595,0.0132063474101,0.100014146272,57943f75a2d0f9777a4efa05946db9096d4f33b3b726106f0f1aee51573a8f05,ee393306bea41ea6bceb8fcfabd7cbb43b7db39a083d42187f0a69ab3a3539a6
later,2018-01,2018-01,logistic_l2,logistic_l2,DPB,DPB,full,raw,raw,8,707,57,0.0806223479491,0.0653441596276,0.0590151974471,0.0734348074035,0.0152781883215,0.100014146272,57943f75a2d0f9777a4efa05946db9096d4f33b3b726106f0f1aee51573a8f05,ee393306bea41ea6bceb8fcfabd7cbb43b7db39a083d42187f0a69ab3a3539a6
later,2018-01,2018-01,logistic_l2,logistic_l2,DPB,DPB,full,raw,raw,9,707,75,0.106082036775,0.0851607926346,0.0734418091495,0.10157795608,0.0209212441406,0.100014146272,57943f75a2d0f9777a4efa05946db9096d4f33b3b726106f0f1aee51573a8f05,ee393306bea41ea6bceb8fcfabd7cbb43b7db39a083d42187f0a69ab3a3539a6
later,2018-01,2018-01,logistic_l2,logistic_l2,DPB,DPB,full,raw,raw,10,706,101,0.143059490085,0.145891023094,0.101669448052,0.421859711189,0.0028315330093,0.0998726835479,57943f75a2d0f9777a4efa05946db9096d4f33b3b726106f0f1aee51573a8f05,ee393306bea41ea6bceb8fcfabd7cbb43b7db39a083d42187f0a69ab3a3539a6
later,2018-01,2018-01,logistic_l2,logistic_l2,DPG,DPG,full,calibrated,calibrated,1,707,19,0.026874115983,0.0115389139725,2.59519767076e-05,0.0185380159506,0.0153352020106,0.100014146272,d44e1bb6074f7752424e2bf7de4a58936812aed0c1dd7dd20f4361b85d4b3947,ee393306bea41ea6bceb8fcfabd7cbb43b7db39a083d42187f0a69ab3a3539a6
later,2018-01,2018-01,logistic_l2,logistic_l2,DPG,DPG,full,calibrated,calibrated,2,707,14,0.019801980198,0.022285047862,0.0185687835746,0.0255589810516,0.00248306766399,0.100014146272,d44e1bb6074f7752424e2bf7de4a58936812aed0c1dd7dd20f4361b85d4b3947,ee393306bea41ea6bceb8fcfabd7cbb43b7db39a083d42187f0a69ab3a3539a6
later,2018-01,2018-01,logistic_l2,logistic_l2,DPG,DPG,full,calibrated,calibrated,3,707,24,0.033946251768,0.028146527152,0.0255620709367,0.0309900794144,0.00579972461606,0.100014146272,d44e1bb6074f7752424e2bf7de4a58936812aed0c1dd7dd20f4361b85d4b3947,ee393306bea41ea6bceb8fcfabd7cbb43b7db39a083d42187f0a69ab3a3539a6
later,2018-01,2018-01,logistic_l2,logistic_l2,DPG,DPG,full,calibrated,calibrated,4,707,28,0.039603960396,0.0345321847963,0.0309906889694,0.0388315969166,0.00507177559979,0.100014146272,d44e1bb6074f7752424e2bf7de4a58936812aed0c1dd7dd20f4361b85d4b3947,ee393306bea41ea6bceb8fcfabd7cbb43b7db39a083d42187f0a69ab3a3539a6
later,2018-01,2018-01,logistic_l2,logistic_l2,DPG,DPG,full,calibrated,calibrated,5,707,28,0.039603960396,0.0423513103303,0.0388333586103,0.0458511627087,0.00274734993425,0.100014146272,d44e1bb6074f7752424e2bf7de4a58936812aed0c1dd7dd20f4361b85d4b3947,ee393306bea41ea6bceb8fcfabd7cbb43b7db39a083d42187f0a69ab3a3539a6
later,2018-01,2018-01,logistic_l2,logistic_l2,DPG,DPG,full,calibrated,calibrated,6,707,41,0.0579915134371,0.0487024670237,0.0458513095128,0.0515328108549,0.00928904641337,0.100014146272,d44e1bb6074f7752424e2bf7de4a58936812aed0c1dd7dd20f4361b85d4b3947,ee393306bea41ea6bceb8fcfabd7cbb43b7db39a083d42187f0a69ab3a3539a6
later,2018-01,2018-01,logistic_l2,logistic_l2,DPG,DPG,full,calibrated,calibrated,7,707,34,0.048090523338,0.0540161021826,0.0515350596809,0.0564910528929,0.00592557884455,0.100014146272,d44e1bb6074f7752424e2bf7de4a58936812aed0c1dd7dd20f4361b85d4b3947,ee393306bea41ea6bceb8fcfabd7cbb43b7db39a083d42187f0a69ab3a3539a6
later,2018-01,2018-01,logistic_l2,logistic_l2,DPG,DPG,full,calibrated,calibrated,8,707,41,0.0579915134371,0.0608612131152,0.0564956023479,0.0669095352991,0.00286969967813,0.100014146272,d44e1bb6074f7752424e2bf7de4a58936812aed0c1dd7dd20f4361b85d4b3947,ee393306bea41ea6bceb8fcfabd7cbb43b7db39a083d42187f0a69ab3a3539a6
later,2018-01,2018-01,logistic_l2,logistic_l2,DPG,DPG,full,calibrated,calibrated,9,707,61,0.0862800565771,0.0757815392729,0.0669227827848,0.0891177938399,0.0104985173042,0.100014146272,d44e1bb6074f7752424e2bf7de4a58936812aed0c1dd7dd20f4361b85d4b3947,ee393306bea41ea6bceb8fcfabd7cbb43b7db39a083d42187f0a69ab3a3539a6
later,2018-01,2018-01,logistic_l2,logistic_l2,DPG,DPG,full,calibrated,calibrated,10,706,113,0.160056657224,0.126507510682,0.0891792013711,0.283441971691,0.0335491465414,0.0998726835479,d44e1bb6074f7752424e2bf7de4a58936812aed0c1dd7dd20f4361b85d4b3947,ee393306bea41ea6bceb8fcfabd7cbb43b7db39a083d42187f0a69ab3a3539a6
later,2018-01,2018-01,logistic_l2,logistic_l2,DPG,DPG,full,raw,raw,1,707,19,0.026874115983,0.0115389139725,2.59519767076e-05,0.0185380159506,0.0153352020106,0.100014146272,d44e1bb6074f7752424e2bf7de4a58936812aed0c1dd7dd20f4361b85d4b3947,ee393306bea41ea6bceb8fcfabd7cbb43b7db39a083d42187f0a69ab3a3539a6
later,2018-01,2018-01,logistic_l2,logistic_l2,DPG,DPG,full,raw,raw,2,707,14,0.019801980198,0.022285047862,0.0185687835746,0.0255589810516,0.00248306766399,0.100014146272,d44e1bb6074f7752424e2bf7de4a58936812aed0c1dd7dd20f4361b85d4b3947,ee393306bea41ea6bceb8fcfabd7cbb43b7db39a083d42187f0a69ab3a3539a6
later,2018-01,2018-01,logistic_l2,logistic_l2,DPG,DPG,full,raw,raw,3,707,24,0.033946251768,0.028146527152,0.0255620709367,0.0309900794144,0.00579972461606,0.100014146272,d44e1bb6074f7752424e2bf7de4a58936812aed0c1dd7dd20f4361b85d4b3947,ee393306bea41ea6bceb8fcfabd7cbb43b7db39a083d42187f0a69ab3a3539a6
later,2018-01,2018-01,logistic_l2,logistic_l2,DPG,DPG,full,raw,raw,4,707,28,0.039603960396,0.0345321847963,0.0309906889694,0.0388315969166,0.00507177559979,0.100014146272,d44e1bb6074f7752424e2bf7de4a58936812aed0c1dd7dd20f4361b85d4b3947,ee393306bea41ea6bceb8fcfabd7cbb43b7db39a083d42187f0a69ab3a3539a6
later,2018-01,2018-01,logistic_l2,logistic_l2,DPG,DPG,full,raw,raw,5,707,28,0.039603960396,0.0423513103303,0.0388333586103,0.0458511627087,0.00274734993425,0.100014146272,d44e1bb6074f7752424e2bf7de4a58936812aed0c1dd7dd20f4361b85d4b3947,ee393306bea41ea6bceb8fcfabd7cbb43b7db39a083d42187f0a69ab3a3539a6
later,2018-01,2018-01,logistic_l2,logistic_l2,DPG,DPG,full,raw,raw,6,707,41,0.0579915134371,0.0487024670237,0.0458513095128,0.0515328108549,0.00928904641337,0.100014146272,d44e1bb6074f7752424e2bf7de4a58936812aed0c1dd7dd20f4361b85d4b3947,ee393306bea41ea6bceb8fcfabd7cbb43b7db39a083d42187f0a69ab3a3539a6
later,2018-01,2018-01,logistic_l2,logistic_l2,DPG,DPG,full,raw,raw,7,707,34,0.048090523338,0.0540161021826,0.0515350596809,0.0564910528929,0.00592557884455,0.100014146272,d44e1bb6074f7752424e2bf7de4a58936812aed0c1dd7dd20f4361b85d4b3947,ee393306bea41ea6bceb8fcfabd7cbb43b7db39a083d42187f0a69ab3a3539a6
later,2018-01,2018-01,logistic_l2,logistic_l2,DPG,DPG,full,raw,raw,8,707,41,0.0579915134371,0.0608612131152,0.0564956023479,0.0669095352991,0.00286969967813,0.100014146272,d44e1bb6074f7752424e2bf7de4a58936812aed0c1dd7dd20f4361b85d4b3947,ee393306bea41ea6bceb8fcfabd7cbb43b7db39a083d42187f0a69ab3a3539a6
later,2018-01,2018-01,logistic_l2,logistic_l2,DPG,DPG,full,raw,raw,9,707,61,0.0862800565771,0.0757815392729,0.0669227827848,0.0891177938399,0.0104985173042,0.100014146272,d44e1bb6074f7752424e2bf7de4a58936812aed0c1dd7dd20f4361b85d4b3947,ee393306bea41ea6bceb8fcfabd7cbb43b7db39a083d42187f0a69ab3a3539a6
later,2018-01,2018-01,logistic_l2,logistic_l2,DPG,DPG,full,raw,raw,10,706,113,0.160056657224,0.126507510682,0.0891792013711,0.283441971691,0.0335491465414,0.0998726835479,d44e1bb6074f7752424e2bf7de4a58936812aed0c1dd7dd20f4361b85d4b3947,ee393306bea41ea6bceb8fcfabd7cbb43b7db39a083d42187f0a69ab3a3539a6
later,2018-01,2018-01,logistic_l2,logistic_l2,DPS,DPS,full,calibrated,calibrated,1,707,28,0.039603960396,0.0233204515416,0.00391570017365,0.027432003329,0.0162835088545,0.100014146272,79caf4f9a33a95b860427a8fede3db8a80fb3b9a6210fa8fcf2b17a79d859d02,ee393306bea41ea6bceb8fcfabd7cbb43b7db39a083d42187f0a69ab3a3539a6
later,2018-01,2018-01,logistic_l2,logistic_l2,DPS,DPS,full,calibrated,calibrated,2,707,42,0.0594059405941,0.0293593597604,0.0274439047005,0.0311278004358,0.0300465808336,0.100014146272,79caf4f9a33a95b860427a8fede3db8a80fb3b9a6210fa8fcf2b17a79d859d02,ee393306bea41ea6bceb8fcfabd7cbb43b7db39a083d42187f0a69ab3a3539a6
later,2018-01,2018-01,logistic_l2,logistic_l2,DPS,DPS,full,calibrated,calibrated,3,707,41,0.0579915134371,0.0326442318612,0.0311337383402,0.0341389912332,0.0253472815759,0.100014146272,79caf4f9a33a95b860427a8fede3db8a80fb3b9a6210fa8fcf2b17a79d859d02,ee393306bea41ea6bceb8fcfabd7cbb43b7db39a083d42187f0a69ab3a3539a6
later,2018-01,2018-01,logistic_l2,logistic_l2,DPS,DPS,full,calibrated,calibrated,4,707,43,0.0608203677511,0.0355457052303,0.0341397023032,0.0370249183969,0.0252746625208,0.100014146272,79caf4f9a33a95b860427a8fede3db8a80fb3b9a6210fa8fcf2b17a79d859d02,ee393306bea41ea6bceb8fcfabd7cbb43b7db39a083d42187f0a69ab3a3539a6
later,2018-01,2018-01,logistic_l2,logistic_l2,DPS,DPS,full,calibrated,calibrated,5,707,41,0.0579915134371,0.0386216111264,0.0370341270797,0.0403912222835,0.0193699023106,0.100014146272,79caf4f9a33a95b860427a8fede3db8a80fb3b9a6210fa8fcf2b17a79d859d02,ee393306bea41ea6bceb8fcfabd7cbb43b7db39a083d42187f0a69ab3a3539a6
later,2018-01,2018-01,logistic_l2,logistic_l2,DPS,DPS,full,calibrated,calibrated,6,707,37,0.0523338048091,0.0423133322679,0.0403925600785,0.0443085974342,0.0100204725411,0.100014146272,79caf4f9a33a95b860427a8fede3db8a80fb3b9a6210fa8fcf2b17a79d859d02,ee393306bea41ea6bceb8fcfabd7cbb43b7db39a083d42187f0a69ab3a3539a6
later,2018-01,2018-01,logistic_l2,logistic_l2,DPS,DPS,full,calibrated,calibrated,7,707,33,0.046676096181,0.0464746691968,0.0443093669095,0.0486596528962,0.000201426984242,0.100014146272,79caf4f9a33a95b860427a8fede3db8a80fb3b9a6210fa8fcf2b17a79d859d02,ee393306bea41ea6bceb8fcfabd7cbb43b7db39a083d42187f0a69ab3a3539a6
later,2018-01,2018-01,logistic_l2,logistic_l2,DPS,DPS,full,calibrated,calibrated,8,707,40,0.0565770862801,0.0513185293305,0.0486636234376,0.0542212871179,0.00525855694954,0.100014146272,79caf4f9a33a95b860427a8fede3db8a80fb3b9a6210fa8fcf2b17a79d859d02,ee393306bea41ea6bceb8fcfabd7cbb43b7db39a083d42187f0a69ab3a3539a6
later,2018-01,2018-01,logistic_l2,logistic_l2,DPS,DPS,full,calibrated,calibrated,9,707,40,0.0565770862801,0.0581755623589,0.0542369230458,0.0630297525816,0.0015984760788,0.100014146272,79caf4f9a33a95b860427a8fede3db8a80fb3b9a6210fa8fcf2b17a79d859d02,ee393306bea41ea6bceb8fcfabd7cbb43b7db39a083d42187f0a69ab3a3539a6
later,2018-01,2018-01,logistic_l2,logistic_l2,DPS,DPS,full,calibrated,calibrated,10,706,58,0.0821529745042,0.0760558599238,0.0630303919564,0.198866022996,0.00609711458049,0.0998726835479,79caf4f9a33a95b860427a8fede3db8a80fb3b9a6210fa8fcf2b17a79d859d02,ee393306bea41ea6bceb8fcfabd7cbb43b7db39a083d42187f0a69ab3a3539a6
later,2018-01,2018-01,logistic_l2,logistic_l2,DPS,DPS,full,raw,raw,1,707,28,0.039603960396,0.0233204515416,0.00391570017365,0.027432003329,0.0162835088545,0.100014146272,79caf4f9a33a95b860427a8fede3db8a80fb3b9a6210fa8fcf2b17a79d859d02,ee393306bea41ea6bceb8fcfabd7cbb43b7db39a083d42187f0a69ab3a3539a6
later,2018-01,2018-01,logistic_l2,logistic_l2,DPS,DPS,full,raw,raw,2,707,42,0.0594059405941,0.0293593597604,0.0274439047005,0.0311278004358,0.0300465808336,0.100014146272,79caf4f9a33a95b860427a8fede3db8a80fb3b9a6210fa8fcf2b17a79d859d02,ee393306bea41ea6bceb8fcfabd7cbb43b7db39a083d42187f0a69ab3a3539a6
later,2018-01,2018-01,logistic_l2,logistic_l2,DPS,DPS,full,raw,raw,3,707,41,0.0579915134371,0.0326442318612,0.0311337383402,0.0341389912332,0.0253472815759,0.100014146272,79caf4f9a33a95b860427a8fede3db8a80fb3b9a6210fa8fcf2b17a79d859d02,ee393306bea41ea6bceb8fcfabd7cbb43b7db39a083d42187f0a69ab3a3539a6
later,2018-01,2018-01,logistic_l2,logistic_l2,DPS,DPS,full,raw,raw,4,707,43,0.0608203677511,0.0355457052303,0.0341397023032,0.0370249183969,0.0252746625208,0.100014146272,79caf4f9a33a95b860427a8fede3db8a80fb3b9a6210fa8fcf2b17a79d859d02,ee393306bea41ea6bceb8fcfabd7cbb43b7db39a083d42187f0a69ab3a3539a6
later,2018-01,2018-01,logistic_l2,logistic_l2,DPS,DPS,full,raw,raw,5,707,41,0.0579915134371,0.0386216111264,0.0370341270797,0.0403912222835,0.0193699023106,0.100014146272,79caf4f9a33a95b860427a8fede3db8a80fb3b9a6210fa8fcf2b17a79d859d02,ee393306bea41ea6bceb8fcfabd7cbb43b7db39a083d42187f0a69ab3a3539a6
later,2018-01,2018-01,logistic_l2,logistic_l2,DPS,DPS,full,raw,raw,6,707,37,0.0523338048091,0.0423133322679,0.0403925600785,0.0443085974342,0.0100204725411,0.100014146272,79caf4f9a33a95b860427a8fede3db8a80fb3b9a6210fa8fcf2b17a79d859d02,ee393306bea41ea6bceb8fcfabd7cbb43b7db39a083d42187f0a69ab3a3539a6
later,2018-01,2018-01,logistic_l2,logistic_l2,DPS,DPS,full,raw,raw,7,707,33,0.046676096181,0.0464746691968,0.0443093669095,0.0486596528962,0.000201426984242,0.100014146272,79caf4f9a33a95b860427a8fede3db8a80fb3b9a6210fa8fcf2b17a79d859d02,ee393306bea41ea6bceb8fcfabd7cbb43b7db39a083d42187f0a69ab3a3539a6
later,2018-01,2018-01,logistic_l2,logistic_l2,DPS,DPS,full,raw,raw,8,707,40,0.0565770862801,0.0513185293305,0.0486636234376,0.0542212871179,0.00525855694954,0.100014146272,79caf4f9a33a95b860427a8fede3db8a80fb3b9a6210fa8fcf2b17a79d859d02,ee393306bea41ea6bceb8fcfabd7cbb43b7db39a083d42187f0a69ab3a3539a6
later,2018-01,2018-01,logistic_l2,logistic_l2,DPS,DPS,full,raw,raw,9,707,40,0.0565770862801,0.0581755623589,0.0542369230458,0.0630297525816,0.0015984760788,0.100014146272,79caf4f9a33a95b860427a8fede3db8a80fb3b9a6210fa8fcf2b17a79d859d02,ee393306bea41ea6bceb8fcfabd7cbb43b7db39a083d42187f0a69ab3a3539a6
later,2018-01,2018-01,logistic_l2,logistic_l2,DPS,DPS,full,raw,raw,10,706,58,0.0821529745042,0.0760558599238,0.0630303919564,0.198866022996,0.00609711458049,0.0998726835479,79caf4f9a33a95b860427a8fede3db8a80fb3b9a6210fa8fcf2b17a79d859d02,ee393306bea41ea6bceb8fcfabd7cbb43b7db39a083d42187f0a69ab3a3539a6
later,2018-01,2018-01,xgboost,xgboost,DP0,DP0,full,calibrated,calibrated,1,707,39,0.0551626591231,0.0417104681013,0.0415523089468,0.0419378690422,0.0134521910217,0.100014146272,bd2590b6d8f4b87eb5104ed856babb8a2983cfde7a82547f93bd4f7a059f1ab1,ee393306bea41ea6bceb8fcfabd7cbb43b7db39a083d42187f0a69ab3a3539a6
later,2018-01,2018-01,xgboost,xgboost,DP0,DP0,full,calibrated,calibrated,2,707,39,0.0551626591231,0.0423438847434,0.0419378690422,0.0425962992013,0.0128187743797,0.100014146272,bd2590b6d8f4b87eb5104ed856babb8a2983cfde7a82547f93bd4f7a059f1ab1,ee393306bea41ea6bceb8fcfabd7cbb43b7db39a083d42187f0a69ab3a3539a6
later,2018-01,2018-01,xgboost,xgboost,DP0,DP0,full,calibrated,calibrated,3,707,46,0.0650636492221,0.0425962992013,0.0425962992013,0.0425962992013,0.0224673500208,0.100014146272,bd2590b6d8f4b87eb5104ed856babb8a2983cfde7a82547f93bd4f7a059f1ab1,ee393306bea41ea6bceb8fcfabd7cbb43b7db39a083d42187f0a69ab3a3539a6
later,2018-01,2018-01,xgboost,xgboost,DP0,DP0,full,calibrated,calibrated,4,707,35,0.049504950495,0.0427817844034,0.0425962992013,0.0437864027917,0.00672316609169,0.100014146272,bd2590b6d8f4b87eb5104ed856babb8a2983cfde7a82547f93bd4f7a059f1ab1,ee393306bea41ea6bceb8fcfabd7cbb43b7db39a083d42187f0a69ab3a3539a6
later,2018-01,2018-01,xgboost,xgboost,DP0,DP0,full,calibrated,calibrated,5,707,45,0.0636492220651,0.0437864027917,0.0437864027917,0.0437864027917,0.0198628192733,0.100014146272,bd2590b6d8f4b87eb5104ed856babb8a2983cfde7a82547f93bd4f7a059f1ab1,ee393306bea41ea6bceb8fcfabd7cbb43b7db39a083d42187f0a69ab3a3539a6
later,2018-01,2018-01,xgboost,xgboost,DP0,DP0,full,calibrated,calibrated,6,707,56,0.0792079207921,0.0437864027917,0.0437864027917,0.0437864027917,0.0354215180003,0.100014146272,bd2590b6d8f4b87eb5104ed856babb8a2983cfde7a82547f93bd4f7a059f1ab1,ee393306bea41ea6bceb8fcfabd7cbb43b7db39a083d42187f0a69ab3a3539a6
later,2018-01,2018-01,xgboost,xgboost,DP0,DP0,full,calibrated,calibrated,7,707,38,0.0537482319661,0.0441453765177,0.0437864027917,0.0444631054997,0.00960285544838,0.100014146272,bd2590b6d8f4b87eb5104ed856babb8a2983cfde7a82547f93bd4f7a059f1ab1,ee393306bea41ea6bceb8fcfabd7cbb43b7db39a083d42187f0a69ab3a3539a6
later,2018-01,2018-01,xgboost,xgboost,DP0,DP0,full,calibrated,calibrated,8,707,20,0.02828854314,0.0444631054997,0.0444631054997,0.0444631054997,0.0161745623597,0.100014146272,bd2590b6d8f4b87eb5104ed856babb8a2983cfde7a82547f93bd4f7a059f1ab1,ee393306bea41ea6bceb8fcfabd7cbb43b7db39a083d42187f0a69ab3a3539a6
later,2018-01,2018-01,xgboost,xgboost,DP0,DP0,full,calibrated,calibrated,9,707,43,0.0608203677511,0.0446043755896,0.0444631054997,0.0446612760425,0.0162159921615,0.100014146272,bd2590b6d8f4b87eb5104ed856babb8a2983cfde7a82547f93bd4f7a059f1ab1,ee393306bea41ea6bceb8fcfabd7cbb43b7db39a083d42187f0a69ab3a3539a6
later,2018-01,2018-01,xgboost,xgboost,DP0,DP0,full,calibrated,calibrated,10,706,42,0.0594900849858,0.0446612760425,0.0446612760425,0.0446612760425,0.0148288089434,0.0998726835479,bd2590b6d8f4b87eb5104ed856babb8a2983cfde7a82547f93bd4f7a059f1ab1,ee393306bea41ea6bceb8fcfabd7cbb43b7db39a083d42187f0a69ab3a3539a6
later,2018-01,2018-01,xgboost,xgboost,DP0,DP0,full,raw,raw,1,707,39,0.0551626591231,0.0417104681013,0.0415523089468,0.0419378690422,0.0134521910217,0.100014146272,bd2590b6d8f4b87eb5104ed856babb8a2983cfde7a82547f93bd4f7a059f1ab1,ee393306bea41ea6bceb8fcfabd7cbb43b7db39a083d42187f0a69ab3a3539a6
later,2018-01,2018-01,xgboost,xgboost,DP0,DP0,full,raw,raw,2,707,39,0.0551626591231,0.0423438847434,0.0419378690422,0.0425962992013,0.0128187743797,0.100014146272,bd2590b6d8f4b87eb5104ed856babb8a2983cfde7a82547f93bd4f7a059f1ab1,ee393306bea41ea6bceb8fcfabd7cbb43b7db39a083d42187f0a69ab3a3539a6
later,2018-01,2018-01,xgboost,xgboost,DP0,DP0,full,raw,raw,3,707,46,0.0650636492221,0.0425962992013,0.0425962992013,0.0425962992013,0.0224673500208,0.100014146272,bd2590b6d8f4b87eb5104ed856babb8a2983cfde7a82547f93bd4f7a059f1ab1,ee393306bea41ea6bceb8fcfabd7cbb43b7db39a083d42187f0a69ab3a3539a6
later,2018-01,2018-01,xgboost,xgboost,DP0,DP0,full,raw,raw,4,707,35,0.049504950495,0.0427817844034,0.0425962992013,0.0437864027917,0.00672316609169,0.100014146272,bd2590b6d8f4b87eb5104ed856babb8a2983cfde7a82547f93bd4f7a059f1ab1,ee393306bea41ea6bceb8fcfabd7cbb43b7db39a083d42187f0a69ab3a3539a6
later,2018-01,2018-01,xgboost,xgboost,DP0,DP0,full,raw,raw,5,707,45,0.0636492220651,0.0437864027917,0.0437864027917,0.0437864027917,0.0198628192733,0.100014146272,bd2590b6d8f4b87eb5104ed856babb8a2983cfde7a82547f93bd4f7a059f1ab1,ee393306bea41ea6bceb8fcfabd7cbb43b7db39a083d42187f0a69ab3a3539a6
later,2018-01,2018-01,xgboost,xgboost,DP0,DP0,full,raw,raw,6,707,56,0.0792079207921,0.0437864027917,0.0437864027917,0.0437864027917,0.0354215180003,0.100014146272,bd2590b6d8f4b87eb5104ed856babb8a2983cfde7a82547f93bd4f7a059f1ab1,ee393306bea41ea6bceb8fcfabd7cbb43b7db39a083d42187f0a69ab3a3539a6
later,2018-01,2018-01,xgboost,xgboost,DP0,DP0,full,raw,raw,7,707,38,0.0537482319661,0.0441453765177,0.0437864027917,0.0444631054997,0.00960285544838,0.100014146272,bd2590b6d8f4b87eb5104ed856babb8a2983cfde7a82547f93bd4f7a059f1ab1,ee393306bea41ea6bceb8fcfabd7cbb43b7db39a083d42187f0a69ab3a3539a6
later,2018-01,2018-01,xgboost,xgboost,DP0,DP0,full,raw,raw,8,707,20,0.02828854314,0.0444631054997,0.0444631054997,0.0444631054997,0.0161745623597,0.100014146272,bd2590b6d8f4b87eb5104ed856babb8a2983cfde7a82547f93bd4f7a059f1ab1,ee393306bea41ea6bceb8fcfabd7cbb43b7db39a083d42187f0a69ab3a3539a6
later,2018-01,2018-01,xgboost,xgboost,DP0,DP0,full,raw,raw,9,707,43,0.0608203677511,0.0446043755896,0.0444631054997,0.0446612760425,0.0162159921615,0.100014146272,bd2590b6d8f4b87eb5104ed856babb8a2983cfde7a82547f93bd4f7a059f1ab1,ee393306bea41ea6bceb8fcfabd7cbb43b7db39a083d42187f0a69ab3a3539a6
later,2018-01,2018-01,xgboost,xgboost,DP0,DP0,full,raw,raw,10,706,42,0.0594900849858,0.0446612760425,0.0446612760425,0.0446612760425,0.0148288089434,0.0998726835479,bd2590b6d8f4b87eb5104ed856babb8a2983cfde7a82547f93bd4f7a059f1ab1,ee393306bea41ea6bceb8fcfabd7cbb43b7db39a083d42187f0a69ab3a3539a6
later,2018-01,2018-01,xgboost,xgboost,DPB,DPB,full,calibrated,calibrated,1,707,16,0.022630834512,0.0414936210133,0.0414262712002,0.041843958199,0.0188627865013,0.100014146272,86a7f8d92ace33260a342f47ed7afdd68157dc28f60ecaec98f3704f9f5111e6,ee393306bea41ea6bceb8fcfabd7cbb43b7db39a083d42187f0a69ab3a3539a6
later,2018-01,2018-01,xgboost,xgboost,DPB,DPB,full,calibrated,calibrated,2,707,13,0.018387553041,0.0420284727391,0.041843958199,0.0422124676406,0.0236409196981,0.100014146272,86a7f8d92ace33260a342f47ed7afdd68157dc28f60ecaec98f3704f9f5111e6,ee393306bea41ea6bceb8fcfabd7cbb43b7db39a083d42187f0a69ab3a3539a6
later,2018-01,2018-01,xgboost,xgboost,DPB,DPB,full,calibrated,calibrated,3,707,16,0.022630834512,0.0422963714583,0.0422124676406,0.0425039976835,0.0196655369463,0.100014146272,86a7f8d92ace33260a342f47ed7afdd68157dc28f60ecaec98f3704f9f5111e6,ee393306bea41ea6bceb8fcfabd7cbb43b7db39a083d42187f0a69ab3a3539a6
later,2018-01,2018-01,xgboost,xgboost,DPB,DPB,full,calibrated,calibrated,4,707,33,0.046676096181,0.0428098300696,0.0425039976835,0.0434199534357,0.00386626611146,0.100014146272,86a7f8d92ace33260a342f47ed7afdd68157dc28f60ecaec98f3704f9f5111e6,ee393306bea41ea6bceb8fcfabd7cbb43b7db39a083d42187f0a69ab3a3539a6
later,2018-01,2018-01,xgboost,xgboost,DPB,DPB,full,calibrated,calibrated,5,707,42,0.0594059405941,0.0434199534357,0.0434199534357,0.0434199534357,0.0159859871584,0.100014146272,86a7f8d92ace33260a342f47ed7afdd68157dc28f60ecaec98f3704f9f5111e6,ee393306bea41ea6bceb8fcfabd7cbb43b7db39a083d42187f0a69ab3a3539a6
later,2018-01,2018-01,xgboost,xgboost,DPB,DPB,full,calibrated,calibrated,6,707,35,0.049504950495,0.0434199534357,0.0434199534357,0.0434199534357,0.00608499705939,0.100014146272,86a7f8d92ace33260a342f47ed7afdd68157dc28f60ecaec98f3704f9f5111e6,ee393306bea41ea6bceb8fcfabd7cbb43b7db39a083d42187f0a69ab3a3539a6
later,2018-01,2018-01,xgboost,xgboost,DPB,DPB,full,calibrated,calibrated,7,707,40,0.0565770862801,0.045258724896,0.0434199534357,0.0461578294635,0.011318361384,0.100014146272,86a7f8d92ace33260a342f47ed7afdd68157dc28f60ecaec98f3704f9f5111e6,ee393306bea41ea6bceb8fcfabd7cbb43b7db39a083d42187f0a69ab3a3539a6
later,2018-01,2018-01,xgboost,xgboost,DPB,DPB,full,calibrated,calibrated,8,707,64,0.0905233380481,0.0463058489205,0.0461578294635,0.0463610328734,0.0442174891276,0.100014146272,86a7f8d92ace33260a342f47ed7afdd68157dc28f60ecaec98f3704f9f5111e6,ee393306bea41ea6bceb8fcfabd7cbb43b7db39a083d42187f0a69ab3a3539a6
later,2018-01,2018-01,xgboost,xgboost,DPB,DPB,full,calibrated,calibrated,9,707,65,0.0919377652051,0.0463610328734,0.0463610328734,0.0463610328734,0.0455767323317,0.100014146272,86a7f8d92ace33260a342f47ed7afdd68157dc28f60ecaec98f3704f9f5111e6,ee393306bea41ea6bceb8fcfabd7cbb43b7db39a083d42187f0a69ab3a3539a6
later,2018-01,2018-01,xgboost,xgboost,DPB,DPB,full,calibrated,calibrated,10,706,79,0.111898016997,0.0511728142027,0.0463610328734,0.0757983326912,0.0607252027945,0.0998726835479,86a7f8d92ace33260a342f47ed7afdd68157dc28f60ecaec98f3704f9f5111e6,ee393306bea41ea6bceb8fcfabd7cbb43b7db39a083d42187f0a69ab3a3539a6
later,2018-01,2018-01,xgboost,xgboost,DPB,DPB,full,raw,raw,1,707,16,0.022630834512,0.0414936210133,0.0414262712002,0.041843958199,0.0188627865013,0.100014146272,86a7f8d92ace33260a342f47ed7afdd68157dc28f60ecaec98f3704f9f5111e6,ee393306bea41ea6bceb8fcfabd7cbb43b7db39a083d42187f0a69ab3a3539a6
later,2018-01,2018-01,xgboost,xgboost,DPB,DPB,full,raw,raw,2,707,13,0.018387553041,0.0420284727391,0.041843958199,0.0422124676406,0.0236409196981,0.100014146272,86a7f8d92ace33260a342f47ed7afdd68157dc28f60ecaec98f3704f9f5111e6,ee393306bea41ea6bceb8fcfabd7cbb43b7db39a083d42187f0a69ab3a3539a6
later,2018-01,2018-01,xgboost,xgboost,DPB,DPB,full,raw,raw,3,707,16,0.022630834512,0.0422963714583,0.0422124676406,0.0425039976835,0.0196655369463,0.100014146272,86a7f8d92ace33260a342f47ed7afdd68157dc28f60ecaec98f3704f9f5111e6,ee393306bea41ea6bceb8fcfabd7cbb43b7db39a083d42187f0a69ab3a3539a6
later,2018-01,2018-01,xgboost,xgboost,DPB,DPB,full,raw,raw,4,707,33,0.046676096181,0.0428098300696,0.0425039976835,0.0434199534357,0.00386626611146,0.100014146272,86a7f8d92ace33260a342f47ed7afdd68157dc28f60ecaec98f3704f9f5111e6,ee393306bea41ea6bceb8fcfabd7cbb43b7db39a083d42187f0a69ab3a3539a6
later,2018-01,2018-01,xgboost,xgboost,DPB,DPB,full,raw,raw,5,707,42,0.0594059405941,0.0434199534357,0.0434199534357,0.0434199534357,0.0159859871584,0.100014146272,86a7f8d92ace33260a342f47ed7afdd68157dc28f60ecaec98f3704f9f5111e6,ee393306bea41ea6bceb8fcfabd7cbb43b7db39a083d42187f0a69ab3a3539a6
later,2018-01,2018-01,xgboost,xgboost,DPB,DPB,full,raw,raw,6,707,35,0.049504950495,0.0434199534357,0.0434199534357,0.0434199534357,0.00608499705939,0.100014146272,86a7f8d92ace33260a342f47ed7afdd68157dc28f60ecaec98f3704f9f5111e6,ee393306bea41ea6bceb8fcfabd7cbb43b7db39a083d42187f0a69ab3a3539a6
later,2018-01,2018-01,xgboost,xgboost,DPB,DPB,full,raw,raw,7,707,40,0.0565770862801,0.045258724896,0.0434199534357,0.0461578294635,0.011318361384,0.100014146272,86a7f8d92ace33260a342f47ed7afdd68157dc28f60ecaec98f3704f9f5111e6,ee393306bea41ea6bceb8fcfabd7cbb43b7db39a083d42187f0a69ab3a3539a6
later,2018-01,2018-01,xgboost,xgboost,DPB,DPB,full,raw,raw,8,707,64,0.0905233380481,0.0463058489205,0.0461578294635,0.0463610328734,0.0442174891276,0.100014146272,86a7f8d92ace33260a342f47ed7afdd68157dc28f60ecaec98f3704f9f5111e6,ee393306bea41ea6bceb8fcfabd7cbb43b7db39a083d42187f0a69ab3a3539a6
later,2018-01,2018-01,xgboost,xgboost,DPB,DPB,full,raw,raw,9,707,65,0.0919377652051,0.0463610328734,0.0463610328734,0.0463610328734,0.0455767323317,0.100014146272,86a7f8d92ace33260a342f47ed7afdd68157dc28f60ecaec98f3704f9f5111e6,ee393306bea41ea6bceb8fcfabd7cbb43b7db39a083d42187f0a69ab3a3539a6
later,2018-01,2018-01,xgboost,xgboost,DPB,DPB,full,raw,raw,10,706,79,0.111898016997,0.0511728142027,0.0463610328734,0.0757983326912,0.0607252027945,0.0998726835479,86a7f8d92ace33260a342f47ed7afdd68157dc28f60ecaec98f3704f9f5111e6,ee393306bea41ea6bceb8fcfabd7cbb43b7db39a083d42187f0a69ab3a3539a6
later,2018-01,2018-01,xgboost,xgboost,DPG,DPG,full,calibrated,calibrated,1,707,19,0.026874115983,0.0407980171097,0.0404609404504,0.0408746786416,0.0139239011267,0.100014146272,f0ffe4452ab348b733184f5d749e4c4ec655940e204c9fbc3d9df0bd121bc1e9,ee393306bea41ea6bceb8fcfabd7cbb43b7db39a083d42187f0a69ab3a3539a6
later,2018-01,2018-01,xgboost,xgboost,DPG,DPG,full,calibrated,calibrated,2,707,23,0.032531824611,0.0411630728436,0.0408746786416,0.0412519201636,0.00863124823258,0.100014146272,f0ffe4452ab348b733184f5d749e4c4ec655940e204c9fbc3d9df0bd121bc1e9,ee393306bea41ea6bceb8fcfabd7cbb43b7db39a083d42187f0a69ab3a3539a6
later,2018-01,2018-01,xgboost,xgboost,DPG,DPG,full,calibrated,calibrated,3,707,20,0.02828854314,0.0412519201636,0.0412519201636,0.0412519201636,0.0129633770236,0.100014146272,f0ffe4452ab348b733184f5d749e4c4ec655940e204c9fbc3d9df0bd121bc1e9,ee393306bea41ea6bceb8fcfabd7cbb43b7db39a083d42187f0a69ab3a3539a6
later,2018-01,2018-01,xgboost,xgboost,DPG,DPG,full,calibrated,calibrated,4,707,16,0.022630834512,0.0417045306894,0.0412519201636,0.0421839430928,0.0190736961774,0.100014146272,f0ffe4452ab348b733184f5d749e4c4ec655940e204c9fbc3d9df0bd121bc1e9,ee393306bea41ea6bceb8fcfabd7cbb43b7db39a083d42187f0a69ab3a3539a6
later,2018-01,2018-01,xgboost,xgboost,DPG,DPG,full,calibrated,calibrated,5,707,40,0.0565770862801,0.0432538118166,0.0421839430928,0.0435275658965,0.0133232744635,0.100014146272,f0ffe4452ab348b733184f5d749e4c4ec655940e204c9fbc3d9df0bd121bc1e9,ee393306bea41ea6bceb8fcfabd7cbb43b7db39a083d42187f0a69ab3a3539a6
later,2018-01,2018-01,xgboost,xgboost,DPG,DPG,full,calibrated,calibrated,6,707,34,0.048090523338,0.0435351278196,0.0435275658965,0.0436301939189,0.00455539551849,0.100014146272,f0ffe4452ab348b733184f5d749e4c4ec655940e204c9fbc3d9df0bd121bc1e9,ee393306bea41ea6bceb8fcfabd7cbb43b7db39a083d42187f0a69ab3a3539a6
later,2018-01,2018-01,xgboost,xgboost,DPG,DPG,full,calibrated,calibrated,7,707,42,0.0594059405941,0.044717373171,0.0436301939189,0.045622728765,0.0146885674231,0.100014146272,f0ffe4452ab348b733184f5d749e4c4ec655940e204c9fbc3d9df0bd121bc1e9,ee393306bea41ea6bceb8fcfabd7cbb43b7db39a083d42187f0a69ab3a3539a6
later,2018-01,2018-01,xgboost,xgboost,DPG,DPG,full,calibrated,calibrated,8,707,54,0.0763790664781,0.045622728765,0.045622728765,0.045622728765,0.0307563377131,0.100014146272,f0ffe4452ab348b733184f5d749e4c4ec655940e204c9fbc3d9df0bd121bc1e9,ee393306bea41ea6bceb8fcfabd7cbb43b7db39a083d42187f0a69ab3a3539a6
later,2018-01,2018-01,xgboost,xgboost,DPG,DPG,full,calibrated,calibrated,9,707,59,0.0834512022631,0.0456682612548,0.045622728765,0.0457094982266,0.0377829410083,0.100014146272,f0ffe4452ab348b733184f5d749e4c4ec655940e204c9fbc3d9df0bd121bc1e9,ee393306bea41ea6bceb8fcfabd7cbb43b7db39a083d42187f0a69ab3a3539a6
later,2018-01,2018-01,xgboost,xgboost,DPG,DPG,full,calibrated,calibrated,10,706,96,0.13597733711,0.049019267619,0.0457094982266,0.0764410197735,0.0869580694915,0.0998726835479,f0ffe4452ab348b733184f5d749e4c4ec655940e204c9fbc3d9df0bd121bc1e9,ee393306bea41ea6bceb8fcfabd7cbb43b7db39a083d42187f0a69ab3a3539a6
later,2018-01,2018-01,xgboost,xgboost,DPG,DPG,full,raw,raw,1,707,19,0.026874115983,0.0407980171097,0.0404609404504,0.0408746786416,0.0139239011267,0.100014146272,f0ffe4452ab348b733184f5d749e4c4ec655940e204c9fbc3d9df0bd121bc1e9,ee393306bea41ea6bceb8fcfabd7cbb43b7db39a083d42187f0a69ab3a3539a6
later,2018-01,2018-01,xgboost,xgboost,DPG,DPG,full,raw,raw,2,707,23,0.032531824611,0.0411630728436,0.0408746786416,0.0412519201636,0.00863124823258,0.100014146272,f0ffe4452ab348b733184f5d749e4c4ec655940e204c9fbc3d9df0bd121bc1e9,ee393306bea41ea6bceb8fcfabd7cbb43b7db39a083d42187f0a69ab3a3539a6
later,2018-01,2018-01,xgboost,xgboost,DPG,DPG,full,raw,raw,3,707,20,0.02828854314,0.0412519201636,0.0412519201636,0.0412519201636,0.0129633770236,0.100014146272,f0ffe4452ab348b733184f5d749e4c4ec655940e204c9fbc3d9df0bd121bc1e9,ee393306bea41ea6bceb8fcfabd7cbb43b7db39a083d42187f0a69ab3a3539a6
later,2018-01,2018-01,xgboost,xgboost,DPG,DPG,full,raw,raw,4,707,16,0.022630834512,0.0417045306894,0.0412519201636,0.0421839430928,0.0190736961774,0.100014146272,f0ffe4452ab348b733184f5d749e4c4ec655940e204c9fbc3d9df0bd121bc1e9,ee393306bea41ea6bceb8fcfabd7cbb43b7db39a083d42187f0a69ab3a3539a6
later,2018-01,2018-01,xgboost,xgboost,DPG,DPG,full,raw,raw,5,707,40,0.0565770862801,0.0432538118166,0.0421839430928,0.0435275658965,0.0133232744635,0.100014146272,f0ffe4452ab348b733184f5d749e4c4ec655940e204c9fbc3d9df0bd121bc1e9,ee393306bea41ea6bceb8fcfabd7cbb43b7db39a083d42187f0a69ab3a3539a6
later,2018-01,2018-01,xgboost,xgboost,DPG,DPG,full,raw,raw,6,707,34,0.048090523338,0.0435351278196,0.0435275658965,0.0436301939189,0.00455539551849,0.100014146272,f0ffe4452ab348b733184f5d749e4c4ec655940e204c9fbc3d9df0bd121bc1e9,ee393306bea41ea6bceb8fcfabd7cbb43b7db39a083d42187f0a69ab3a3539a6
later,2018-01,2018-01,xgboost,xgboost,DPG,DPG,full,raw,raw,7,707,42,0.0594059405941,0.044717373171,0.0436301939189,0.045622728765,0.0146885674231,0.100014146272,f0ffe4452ab348b733184f5d749e4c4ec655940e204c9fbc3d9df0bd121bc1e9,ee393306bea41ea6bceb8fcfabd7cbb43b7db39a083d42187f0a69ab3a3539a6
later,2018-01,2018-01,xgboost,xgboost,DPG,DPG,full,raw,raw,8,707,54,0.0763790664781,0.045622728765,0.045622728765,0.045622728765,0.0307563377131,0.100014146272,f0ffe4452ab348b733184f5d749e4c4ec655940e204c9fbc3d9df0bd121bc1e9,ee393306bea41ea6bceb8fcfabd7cbb43b7db39a083d42187f0a69ab3a3539a6
later,2018-01,2018-01,xgboost,xgboost,DPG,DPG,full,raw,raw,9,707,59,0.0834512022631,0.0456682612548,0.045622728765,0.0457094982266,0.0377829410083,0.100014146272,f0ffe4452ab348b733184f5d749e4c4ec655940e204c9fbc3d9df0bd121bc1e9,ee393306bea41ea6bceb8fcfabd7cbb43b7db39a083d42187f0a69ab3a3539a6
later,2018-01,2018-01,xgboost,xgboost,DPG,DPG,full,raw,raw,10,706,96,0.13597733711,0.049019267619,0.0457094982266,0.0764410197735,0.0869580694915,0.0998726835479,f0ffe4452ab348b733184f5d749e4c4ec655940e204c9fbc3d9df0bd121bc1e9,ee393306bea41ea6bceb8fcfabd7cbb43b7db39a083d42187f0a69ab3a3539a6
later,2018-01,2018-01,xgboost,xgboost,DPS,DPS,full,calibrated,calibrated,1,707,42,0.0594059405941,0.0416803397238,0.0416803397238,0.0416803397238,0.0177256008702,0.100014146272,f33bb420e427da45e831191b3cba099d0cf9d8baa1848508a2fcb8a13e9e1a1c,ee393306bea41ea6bceb8fcfabd7cbb43b7db39a083d42187f0a69ab3a3539a6
later,2018-01,2018-01,xgboost,xgboost,DPS,DPS,full,calibrated,calibrated,2,707,46,0.0650636492221,0.0421544221115,0.0416803397238,0.0426461584866,0.0229092271105,0.100014146272,f33bb420e427da45e831191b3cba099d0cf9d8baa1848508a2fcb8a13e9e1a1c,ee393306bea41ea6bceb8fcfabd7cbb43b7db39a083d42187f0a69ab3a3539a6
later,2018-01,2018-01,xgboost,xgboost,DPS,DPS,full,calibrated,calibrated,3,707,29,0.041018387553,0.042811784751,0.0426461584866,0.0430153794587,0.00179339719797,0.100014146272,f33bb420e427da45e831191b3cba099d0cf9d8baa1848508a2fcb8a13e9e1a1c,ee393306bea41ea6bceb8fcfabd7cbb43b7db39a083d42187f0a69ab3a3539a6
later,2018-01,2018-01,xgboost,xgboost,DPS,DPS,full,calibrated,calibrated,4,707,23,0.032531824611,0.0430153794587,0.0430153794587,0.0430153794587,0.0104835548476,0.100014146272,f33bb420e427da45e831191b3cba099d0cf9d8baa1848508a2fcb8a13e9e1a1c,ee393306bea41ea6bceb8fcfabd7cbb43b7db39a083d42187f0a69ab3a3539a6
later,2018-01,2018-01,xgboost,xgboost,DPS,DPS,full,calibrated,calibrated,5,707,34,0.048090523338,0.0430153794587,0.0430153794587,0.0430153794587,0.00507514387938,0.100014146272,f33bb420e427da45e831191b3cba099d0cf9d8baa1848508a2fcb8a13e9e1a1c,ee393306bea41ea6bceb8fcfabd7cbb43b7db39a083d42187f0a69ab3a3539a6
later,2018-01,2018-01,xgboost,xgboost,DPS,DPS,full,calibrated,calibrated,6,707,31,0.043847241867,0.0438497685781,0.0430153794587,0.0441658645868,2.52671107713e-06,0.100014146272,f33bb420e427da45e831191b3cba099d0cf9d8baa1848508a2fcb8a13e9e1a1c,ee393306bea41ea6bceb8fcfabd7cbb43b7db39a083d42187f0a69ab3a3539a6
later,2018-01,2018-01,xgboost,xgboost,DPS,DPS,full,calibrated,calibrated,7,707,48,0.0678925035361,0.0442408922865,0.0441658645868,0.044590100646,0.0236516112496,0.100014146272,f33bb420e427da45e831191b3cba099d0cf9d8baa1848508a2fcb8a13e9e1a1c,ee393306bea41ea6bceb8fcfabd7cbb43b7db39a083d42187f0a69ab3a3539a6
later,2018-01,2018-01,xgboost,xgboost,DPS,DPS,full,calibrated,calibrated,8,707,45,0.0636492220651,0.0448100466539,0.044590100646,0.0448759570718,0.0188391754111,0.100014146272,f33bb420e427da45e831191b3cba099d0cf9d8baa1848508a2fcb8a13e9e1a1c,ee393306bea41ea6bceb8fcfabd7cbb43b7db39a083d42187f0a69ab3a3539a6
later,2018-01,2018-01,xgboost,xgboost,DPS,DPS,full,calibrated,calibrated,9,707,61,0.0862800565771,0.0455814370098,0.0448759570718,0.0462781041861,0.0406986195673,0.100014146272,f33bb420e427da45e831191b3cba099d0cf9d8baa1848508a2fcb8a13e9e1a1c,ee393306bea41ea6bceb8fcfabd7cbb43b7db39a083d42187f0a69ab3a3539a6
later,2018-01,2018-01,xgboost,xgboost,DPS,DPS,full,calibrated,calibrated,10,706,44,0.0623229461756,0.0478722285585,0.0462781041861,0.0569894686341,0.0144507176172,0.0998726835479,f33bb420e427da45e831191b3cba099d0cf9d8baa1848508a2fcb8a13e9e1a1c,ee393306bea41ea6bceb8fcfabd7cbb43b7db39a083d42187f0a69ab3a3539a6
later,2018-01,2018-01,xgboost,xgboost,DPS,DPS,full,raw,raw,1,707,42,0.0594059405941,0.0416803397238,0.0416803397238,0.0416803397238,0.0177256008702,0.100014146272,f33bb420e427da45e831191b3cba099d0cf9d8baa1848508a2fcb8a13e9e1a1c,ee393306bea41ea6bceb8fcfabd7cbb43b7db39a083d42187f0a69ab3a3539a6
later,2018-01,2018-01,xgboost,xgboost,DPS,DPS,full,raw,raw,2,707,46,0.0650636492221,0.0421544221115,0.0416803397238,0.0426461584866,0.0229092271105,0.100014146272,f33bb420e427da45e831191b3cba099d0cf9d8baa1848508a2fcb8a13e9e1a1c,ee393306bea41ea6bceb8fcfabd7cbb43b7db39a083d42187f0a69ab3a3539a6
later,2018-01,2018-01,xgboost,xgboost,DPS,DPS,full,raw,raw,3,707,29,0.041018387553,0.042811784751,0.0426461584866,0.0430153794587,0.00179339719797,0.100014146272,f33bb420e427da45e831191b3cba099d0cf9d8baa1848508a2fcb8a13e9e1a1c,ee393306bea41ea6bceb8fcfabd7cbb43b7db39a083d42187f0a69ab3a3539a6
later,2018-01,2018-01,xgboost,xgboost,DPS,DPS,full,raw,raw,4,707,23,0.032531824611,0.0430153794587,0.0430153794587,0.0430153794587,0.0104835548476,0.100014146272,f33bb420e427da45e831191b3cba099d0cf9d8baa1848508a2fcb8a13e9e1a1c,ee393306bea41ea6bceb8fcfabd7cbb43b7db39a083d42187f0a69ab3a3539a6
later,2018-01,2018-01,xgboost,xgboost,DPS,DPS,full,raw,raw,5,707,34,0.048090523338,0.0430153794587,0.0430153794587,0.0430153794587,0.00507514387938,0.100014146272,f33bb420e427da45e831191b3cba099d0cf9d8baa1848508a2fcb8a13e9e1a1c,ee393306bea41ea6bceb8fcfabd7cbb43b7db39a083d42187f0a69ab3a3539a6
later,2018-01,2018-01,xgboost,xgboost,DPS,DPS,full,raw,raw,6,707,31,0.043847241867,0.0438497685781,0.0430153794587,0.0441658645868,2.52671107713e-06,0.100014146272,f33bb420e427da45e831191b3cba099d0cf9d8baa1848508a2fcb8a13e9e1a1c,ee393306bea41ea6bceb8fcfabd7cbb43b7db39a083d42187f0a69ab3a3539a6
later,2018-01,2018-01,xgboost,xgboost,DPS,DPS,full,raw,raw,7,707,48,0.0678925035361,0.0442408922865,0.0441658645868,0.044590100646,0.0236516112496,0.100014146272,f33bb420e427da45e831191b3cba099d0cf9d8baa1848508a2fcb8a13e9e1a1c,ee393306bea41ea6bceb8fcfabd7cbb43b7db39a083d42187f0a69ab3a3539a6
later,2018-01,2018-01,xgboost,xgboost,DPS,DPS,full,raw,raw,8,707,45,0.0636492220651,0.0448100466539,0.044590100646,0.0448759570718,0.0188391754111,0.100014146272,f33bb420e427da45e831191b3cba099d0cf9d8baa1848508a2fcb8a13e9e1a1c,ee393306bea41ea6bceb8fcfabd7cbb43b7db39a083d42187f0a69ab3a3539a6
later,2018-01,2018-01,xgboost,xgboost,DPS,DPS,full,raw,raw,9,707,61,0.0862800565771,0.0455814370098,0.0448759570718,0.0462781041861,0.0406986195673,0.100014146272,f33bb420e427da45e831191b3cba099d0cf9d8baa1848508a2fcb8a13e9e1a1c,ee393306bea41ea6bceb8fcfabd7cbb43b7db39a083d42187f0a69ab3a3539a6
later,2018-01,2018-01,xgboost,xgboost,DPS,DPS,full,raw,raw,10,706,44,0.0623229461756,0.0478722285585,0.0462781041861,0.0569894686341,0.0144507176172,0.0998726835479,f33bb420e427da45e831191b3cba099d0cf9d8baa1848508a2fcb8a13e9e1a1c,ee393306bea41ea6bceb8fcfabd7cbb43b7db39a083d42187f0a69ab3a3539a6
later,2018-02,2018-02,logistic_l2,logistic_l2,DP0,DP0,full,calibrated,calibrated,1,656,50,0.0762195121951,0.0475549941652,0.0234645226771,0.0489325913749,0.0286645180299,0.100076277651,a8cb8604f0f776858c5ecab45050abee97323f894e0032a566c1ebbfb1d8035c,02786257f3541e7684cbb92ee3533cd5479cfac0aa39a1f4199a4465c8ee2f98
later,2018-02,2018-02,logistic_l2,logistic_l2,DP0,DP0,full,calibrated,calibrated,2,655,75,0.114503816794,0.0494835572111,0.0489343973387,0.0499502111685,0.0650202595828,0.0999237223494,a8cb8604f0f776858c5ecab45050abee97323f894e0032a566c1ebbfb1d8035c,02786257f3541e7684cbb92ee3533cd5479cfac0aa39a1f4199a4465c8ee2f98
later,2018-02,2018-02,logistic_l2,logistic_l2,DP0,DP0,full,calibrated,calibrated,3,656,86,0.131097560976,0.0502542879527,0.0499509915939,0.0505501183465,0.0808432730229,0.100076277651,a8cb8604f0f776858c5ecab45050abee97323f894e0032a566c1ebbfb1d8035c,02786257f3541e7684cbb92ee3533cd5479cfac0aa39a1f4199a4465c8ee2f98
later,2018-02,2018-02,logistic_l2,logistic_l2,DP0,DP0,full,calibrated,calibrated,4,655,109,0.16641221374,0.0507953231182,0.0505511499774,0.0511010878276,0.115616890622,0.0999237223494,a8cb8604f0f776858c5ecab45050abee97323f894e0032a566c1ebbfb1d8035c,02786257f3541e7684cbb92ee3533cd5479cfac0aa39a1f4199a4465c8ee2f98
later,2018-02,2018-02,logistic_l2,logistic_l2,DP0,DP0,full,calibrated,calibrated,5,656,112,0.170731707317,0.0513008610686,0.0511036585632,0.0515187797079,0.119430846248,0.100076277651,a8cb8604f0f776858c5ecab45050abee97323f894e0032a566c1ebbfb1d8035c,02786257f3541e7684cbb92ee3533cd5479cfac0aa39a1f4199a4465c8ee2f98
later,2018-02,2018-02,logistic_l2,logistic_l2,DP0,DP0,full,calibrated,calibrated,6,655,106,0.161832061069,0.0517487808906,0.0515195974101,0.0520274798876,0.110083280178,0.0999237223494,a8cb8604f0f776858c5ecab45050abee97323f894e0032a566c1ebbfb1d8035c,02786257f3541e7684cbb92ee3533cd5479cfac0aa39a1f4199a4465c8ee2f98
later,2018-02,2018-02,logistic_l2,logistic_l2,DP0,DP0,full,calibrated,calibrated,7,656,139,0.211890243902,0.0522694898757,0.0520281131164,0.0524854237432,0.159620754027,0.100076277651,a8cb8604f0f776858c5ecab45050abee97323f894e0032a566c1ebbfb1d8035c,02786257f3541e7684cbb92ee3533cd5479cfac0aa39a1f4199a4465c8ee2f98
later,2018-02,2018-02,logistic_l2,logistic_l2,DP0,DP0,full,calibrated,calibrated,8,655,136,0.207633587786,0.0528092209219,0.0524873858798,0.0530702219834,0.154824366864,0.0999237223494,a8cb8604f0f776858c5ecab45050abee97323f894e0032a566c1ebbfb1d8035c,02786257f3541e7684cbb92ee3533cd5479cfac0aa39a1f4199a4465c8ee2f98
later,2018-02,2018-02,logistic_l2,logistic_l2,DP0,DP0,full,calibrated,calibrated,9,656,84,0.128048780488,0.0536848342787,0.0530710339337,0.0543503056971,0.0743639462091,0.100076277651,a8cb8604f0f776858c5ecab45050abee97323f894e0032a566c1ebbfb1d8035c,02786257f3541e7684cbb92ee3533cd5479cfac0aa39a1f4199a4465c8ee2f98
later,2018-02,2018-02,logistic_l2,logistic_l2,DP0,DP0,full,calibrated,calibrated,10,655,29,0.0442748091603,0.0548940999312,0.0543505503705,0.0570007916788,0.0106192907709,0.0999237223494,a8cb8604f0f776858c5ecab45050abee97323f894e0032a566c1ebbfb1d8035c,02786257f3541e7684cbb92ee3533cd5479cfac0aa39a1f4199a4465c8ee2f98
later,2018-02,2018-02,logistic_l2,logistic_l2,DP0,DP0,full,raw,raw,1,656,50,0.0762195121951,0.0475549941652,0.0234645226771,0.0489325913749,0.0286645180299,0.100076277651,a8cb8604f0f776858c5ecab45050abee97323f894e0032a566c1ebbfb1d8035c,02786257f3541e7684cbb92ee3533cd5479cfac0aa39a1f4199a4465c8ee2f98
later,2018-02,2018-02,logistic_l2,logistic_l2,DP0,DP0,full,raw,raw,2,655,75,0.114503816794,0.0494835572111,0.0489343973387,0.0499502111685,0.0650202595828,0.0999237223494,a8cb8604f0f776858c5ecab45050abee97323f894e0032a566c1ebbfb1d8035c,02786257f3541e7684cbb92ee3533cd5479cfac0aa39a1f4199a4465c8ee2f98
later,2018-02,2018-02,logistic_l2,logistic_l2,DP0,DP0,full,raw,raw,3,656,86,0.131097560976,0.0502542879527,0.0499509915939,0.0505501183465,0.0808432730229,0.100076277651,a8cb8604f0f776858c5ecab45050abee97323f894e0032a566c1ebbfb1d8035c,02786257f3541e7684cbb92ee3533cd5479cfac0aa39a1f4199a4465c8ee2f98
later,2018-02,2018-02,logistic_l2,logistic_l2,DP0,DP0,full,raw,raw,4,655,109,0.16641221374,0.0507953231182,0.0505511499774,0.0511010878276,0.115616890622,0.0999237223494,a8cb8604f0f776858c5ecab45050abee97323f894e0032a566c1ebbfb1d8035c,02786257f3541e7684cbb92ee3533cd5479cfac0aa39a1f4199a4465c8ee2f98
later,2018-02,2018-02,logistic_l2,logistic_l2,DP0,DP0,full,raw,raw,5,656,112,0.170731707317,0.0513008610686,0.0511036585632,0.0515187797079,0.119430846248,0.100076277651,a8cb8604f0f776858c5ecab45050abee97323f894e0032a566c1ebbfb1d8035c,02786257f3541e7684cbb92ee3533cd5479cfac0aa39a1f4199a4465c8ee2f98
later,2018-02,2018-02,logistic_l2,logistic_l2,DP0,DP0,full,raw,raw,6,655,106,0.161832061069,0.0517487808906,0.0515195974101,0.0520274798876,0.110083280178,0.0999237223494,a8cb8604f0f776858c5ecab45050abee97323f894e0032a566c1ebbfb1d8035c,02786257f3541e7684cbb92ee3533cd5479cfac0aa39a1f4199a4465c8ee2f98
later,2018-02,2018-02,logistic_l2,logistic_l2,DP0,DP0,full,raw,raw,7,656,139,0.211890243902,0.0522694898757,0.0520281131164,0.0524854237432,0.159620754027,0.100076277651,a8cb8604f0f776858c5ecab45050abee97323f894e0032a566c1ebbfb1d8035c,02786257f3541e7684cbb92ee3533cd5479cfac0aa39a1f4199a4465c8ee2f98
later,2018-02,2018-02,logistic_l2,logistic_l2,DP0,DP0,full,raw,raw,8,655,136,0.207633587786,0.0528092209219,0.0524873858798,0.0530702219834,0.154824366864,0.0999237223494,a8cb8604f0f776858c5ecab45050abee97323f894e0032a566c1ebbfb1d8035c,02786257f3541e7684cbb92ee3533cd5479cfac0aa39a1f4199a4465c8ee2f98
later,2018-02,2018-02,logistic_l2,logistic_l2,DP0,DP0,full,raw,raw,9,656,84,0.128048780488,0.0536848342787,0.0530710339337,0.0543503056971,0.0743639462091,0.100076277651,a8cb8604f0f776858c5ecab45050abee97323f894e0032a566c1ebbfb1d8035c,02786257f3541e7684cbb92ee3533cd5479cfac0aa39a1f4199a4465c8ee2f98
later,2018-02,2018-02,logistic_l2,logistic_l2,DP0,DP0,full,raw,raw,10,655,29,0.0442748091603,0.0548940999312,0.0543505503705,0.0570007916788,0.0106192907709,0.0999237223494,a8cb8604f0f776858c5ecab45050abee97323f894e0032a566c1ebbfb1d8035c,02786257f3541e7684cbb92ee3533cd5479cfac0aa39a1f4199a4465c8ee2f98
later,2018-02,2018-02,logistic_l2,logistic_l2,DPB,DPB,full,calibrated,calibrated,1,656,28,0.0426829268293,0.0186053419719,2.90940089605e-06,0.0272156493451,0.0240775848574,0.100076277651,9443d164e5e393404315e15625287839412c845d51a1635fc89d6beaea79c1a3,02786257f3541e7684cbb92ee3533cd5479cfac0aa39a1f4199a4465c8ee2f98
later,2018-02,2018-02,logistic_l2,logistic_l2,DPB,DPB,full,calibrated,calibrated,2,655,48,0.0732824427481,0.0326610571472,0.0272251043287,0.0376641313449,0.0406213856009,0.0999237223494,9443d164e5e393404315e15625287839412c845d51a1635fc89d6beaea79c1a3,02786257f3541e7684cbb92ee3533cd5479cfac0aa39a1f4199a4465c8ee2f98
later,2018-02,2018-02,logistic_l2,logistic_l2,DPB,DPB,full,calibrated,calibrated,3,656,57,0.0868902439024,0.0424490131506,0.0376972121358,0.0466032594804,0.0444412307519,0.100076277651,9443d164e5e393404315e15625287839412c845d51a1635fc89d6beaea79c1a3,02786257f3541e7684cbb92ee3533cd5479cfac0aa39a1f4199a4465c8ee2f98
later,2018-02,2018-02,logistic_l2,logistic_l2,DPB,DPB,full,calibrated,calibrated,4,655,38,0.0580152671756,0.050721165132,0.0466419204399,0.0550394902625,0.0072941020436,0.0999237223494,9443d164e5e393404315e15625287839412c845d51a1635fc89d6beaea79c1a3,02786257f3541e7684cbb92ee3533cd5479cfac0aa39a1f4199a4465c8ee2f98
later,2018-02,2018-02,logistic_l2,logistic_l2,DPB,DPB,full,calibrated,calibrated,5,656,47,0.0716463414634,0.0594829976987,0.0550401366637,0.0645115961601,0.0121633437647,0.100076277651,9443d164e5e393404315e15625287839412c845d51a1635fc89d6beaea79c1a3,02786257f3541e7684cbb92ee3533cd5479cfac0aa39a1f4199a4465c8ee2f98
later,2018-02,2018-02,logistic_l2,logistic_l2,DPB,DPB,full,calibrated,calibrated,6,655,58,0.0885496183206,0.0705803330731,0.0645182032564,0.0769457906992,0.0179692852476,0.0999237223494,9443d164e5e393404315e15625287839412c845d51a1635fc89d6beaea79c1a3,02786257f3541e7684cbb92ee3533cd5479cfac0aa39a1f4199a4465c8ee2f98
later,2018-02,2018-02,logistic_l2,logistic_l2,DPB,DPB,full,calibrated,calibrated,7,656,99,0.150914634146,0.0845234237577,0.0769608243961,0.0923566361208,0.0663912103887,0.100076277651,9443d164e5e393404315e15625287839412c845d51a1635fc89d6beaea79c1a3,02786257f3541e7684cbb92ee3533cd5479cfac0aa39a1f4199a4465c8ee2f98
later,2018-02,2018-02,logistic_l2,logistic_l2,DPB,DPB,full,calibrated,calibrated,8,655,121,0.184732824427,0.10274835931,0.0923584286624,0.115352135562,0.0819844651173,0.0999237223494,9443d164e5e393404315e15625287839412c845d51a1635fc89d6beaea79c1a3,02786257f3541e7684cbb92ee3533cd5479cfac0aa39a1f4199a4465c8ee2f98
later,2018-02,2018-02,logistic_l2,logistic_l2,DPB,DPB,full,calibrated,calibrated,9,656,153,0.233231707317,0.133252043617,0.115428460555,0.156916357348,0.0999796637004,0.100076277651,9443d164e5e393404315e15625287839412c845d51a1635fc89d6beaea79c1a3,02786257f3541e7684cbb92ee3533cd5479cfac0aa39a1f4199a4465c8ee2f98
later,2018-02,2018-02,logistic_l2,logistic_l2,DPB,DPB,full,calibrated,calibrated,10,655,277,0.422900763359,0.211708165093,0.156975245665,0.622820006966,0.211192598266,0.0999237223494,9443d164e5e393404315e15625287839412c845d51a1635fc89d6beaea79c1a3,02786257f3541e7684cbb92ee3533cd5479cfac0aa39a1f4199a4465c8ee2f98
later,2018-02,2018-02,logistic_l2,logistic_l2,DPB,DPB,full,raw,raw,1,656,28,0.0426829268293,0.0186053419719,2.90940089605e-06,0.0272156493451,0.0240775848574,0.100076277651,9443d164e5e393404315e15625287839412c845d51a1635fc89d6beaea79c1a3,02786257f3541e7684cbb92ee3533cd5479cfac0aa39a1f4199a4465c8ee2f98
later,2018-02,2018-02,logistic_l2,logistic_l2,DPB,DPB,full,raw,raw,2,655,48,0.0732824427481,0.0326610571472,0.0272251043287,0.0376641313449,0.0406213856009,0.0999237223494,9443d164e5e393404315e15625287839412c845d51a1635fc89d6beaea79c1a3,02786257f3541e7684cbb92ee3533cd5479cfac0aa39a1f4199a4465c8ee2f98
later,2018-02,2018-02,logistic_l2,logistic_l2,DPB,DPB,full,raw,raw,3,656,57,0.0868902439024,0.0424490131506,0.0376972121358,0.0466032594804,0.0444412307519,0.100076277651,9443d164e5e393404315e15625287839412c845d51a1635fc89d6beaea79c1a3,02786257f3541e7684cbb92ee3533cd5479cfac0aa39a1f4199a4465c8ee2f98
later,2018-02,2018-02,logistic_l2,logistic_l2,DPB,DPB,full,raw,raw,4,655,38,0.0580152671756,0.050721165132,0.0466419204399,0.0550394902625,0.0072941020436,0.0999237223494,9443d164e5e393404315e15625287839412c845d51a1635fc89d6beaea79c1a3,02786257f3541e7684cbb92ee3533cd5479cfac0aa39a1f4199a4465c8ee2f98
later,2018-02,2018-02,logistic_l2,logistic_l2,DPB,DPB,full,raw,raw,5,656,47,0.0716463414634,0.0594829976987,0.0550401366637,0.0645115961601,0.0121633437647,0.100076277651,9443d164e5e393404315e15625287839412c845d51a1635fc89d6beaea79c1a3,02786257f3541e7684cbb92ee3533cd5479cfac0aa39a1f4199a4465c8ee2f98
later,2018-02,2018-02,logistic_l2,logistic_l2,DPB,DPB,full,raw,raw,6,655,58,0.0885496183206,0.0705803330731,0.0645182032564,0.0769457906992,0.0179692852476,0.0999237223494,9443d164e5e393404315e15625287839412c845d51a1635fc89d6beaea79c1a3,02786257f3541e7684cbb92ee3533cd5479cfac0aa39a1f4199a4465c8ee2f98
later,2018-02,2018-02,logistic_l2,logistic_l2,DPB,DPB,full,raw,raw,7,656,99,0.150914634146,0.0845234237577,0.0769608243961,0.0923566361208,0.0663912103887,0.100076277651,9443d164e5e393404315e15625287839412c845d51a1635fc89d6beaea79c1a3,02786257f3541e7684cbb92ee3533cd5479cfac0aa39a1f4199a4465c8ee2f98
later,2018-02,2018-02,logistic_l2,logistic_l2,DPB,DPB,full,raw,raw,8,655,121,0.184732824427,0.10274835931,0.0923584286624,0.115352135562,0.0819844651173,0.0999237223494,9443d164e5e393404315e15625287839412c845d51a1635fc89d6beaea79c1a3,02786257f3541e7684cbb92ee3533cd5479cfac0aa39a1f4199a4465c8ee2f98
later,2018-02,2018-02,logistic_l2,logistic_l2,DPB,DPB,full,raw,raw,9,656,153,0.233231707317,0.133252043617,0.115428460555,0.156916357348,0.0999796637004,0.100076277651,9443d164e5e393404315e15625287839412c845d51a1635fc89d6beaea79c1a3,02786257f3541e7684cbb92ee3533cd5479cfac0aa39a1f4199a4465c8ee2f98
later,2018-02,2018-02,logistic_l2,logistic_l2,DPB,DPB,full,raw,raw,10,655,277,0.422900763359,0.211708165093,0.156975245665,0.622820006966,0.211192598266,0.0999237223494,9443d164e5e393404315e15625287839412c845d51a1635fc89d6beaea79c1a3,02786257f3541e7684cbb92ee3533cd5479cfac0aa39a1f4199a4465c8ee2f98
later,2018-02,2018-02,logistic_l2,logistic_l2,DPG,DPG,full,calibrated,calibrated,1,656,21,0.032012195122,0.0204639236257,1.47649127431e-05,0.0293331085851,0.0115482714962,0.100076277651,e4d3eea2aa85bb97789ac237a611c126c1bd820e4fe37ef2e90f640e27c6c8a7,02786257f3541e7684cbb92ee3533cd5479cfac0aa39a1f4199a4465c8ee2f98
later,2018-02,2018-02,logistic_l2,logistic_l2,DPG,DPG,full,calibrated,calibrated,2,655,50,0.0763358778626,0.0345402610154,0.0293349897249,0.0397820328339,0.0417956168472,0.0999237223494,e4d3eea2aa85bb97789ac237a611c126c1bd820e4fe37ef2e90f640e27c6c8a7,02786257f3541e7684cbb92ee3533cd5479cfac0aa39a1f4199a4465c8ee2f98
later,2018-02,2018-02,logistic_l2,logistic_l2,DPG,DPG,full,calibrated,calibrated,3,656,82,0.125,0.0435306415308,0.0397998594396,0.0478878974327,0.0814693584692,0.100076277651,e4d3eea2aa85bb97789ac237a611c126c1bd820e4fe37ef2e90f640e27c6c8a7,02786257f3541e7684cbb92ee3533cd5479cfac0aa39a1f4199a4465c8ee2f98
later,2018-02,2018-02,logistic_l2,logistic_l2,DPG,DPG,full,calibrated,calibrated,4,655,26,0.0396946564885,0.0521326103409,0.0478916640065,0.0561100360473,0.0124379538524,0.0999237223494,e4d3eea2aa85bb97789ac237a611c126c1bd820e4fe37ef2e90f640e27c6c8a7,02786257f3541e7684cbb92ee3533cd5479cfac0aa39a1f4199a4465c8ee2f98
later,2018-02,2018-02,logistic_l2,logistic_l2,DPG,DPG,full,calibrated,calibrated,5,656,42,0.0640243902439,0.0592012536539,0.0561166433367,0.0616737120609,0.00482313659005,0.100076277651,e4d3eea2aa85bb97789ac237a611c126c1bd820e4fe37ef2e90f640e27c6c8a7,02786257f3541e7684cbb92ee3533cd5479cfac0aa39a1f4199a4465c8ee2f98
later,2018-02,2018-02,logistic_l2,logistic_l2,DPG,DPG,full,calibrated,calibrated,6,655,57,0.0870229007634,0.0675105399022,0.0617083640947,0.0738705922685,0.0195123608611,0.0999237223494,e4d3eea2aa85bb97789ac237a611c126c1bd820e4fe37ef2e90f640e27c6c8a7,02786257f3541e7684cbb92ee3533cd5479cfac0aa39a1f4199a4465c8ee2f98
later,2018-02,2018-02,logistic_l2,logistic_l2,DPG,DPG,full,calibrated,calibrated,7,656,97,0.147865853659,0.0806779532859,0.0738742596786,0.0875496241001,0.0671879003726,0.100076277651,e4d3eea2aa85bb97789ac237a611c126c1bd820e4fe37ef2e90f640e27c6c8a7,02786257f3541e7684cbb92ee3533cd5479cfac0aa39a1f4199a4465c8ee2f98
later,2018-02,2018-02,logistic_l2,logistic_l2,DPG,DPG,full,calibrated,calibrated,8,655,123,0.187786259542,0.0955362107461,0.087585732282,0.104854603052,0.0922500487959,0.0999237223494,e4d3eea2aa85bb97789ac237a611c126c1bd820e4fe37ef2e90f640e27c6c8a7,02786257f3541e7684cbb92ee3533cd5479cfac0aa39a1f4199a4465c8ee2f98
later,2018-02,2018-02,logistic_l2,logistic_l2,DPG,DPG,full,calibrated,calibrated,9,656,142,0.216463414634,0.116136343235,0.104920752523,0.131018808903,0.100327071399,0.100076277651,e4d3eea2aa85bb97789ac237a611c126c1bd820e4fe37ef2e90f640e27c6c8a7,02786257f3541e7684cbb92ee3533cd5479cfac0aa39a1f4199a4465c8ee2f98
later,2018-02,2018-02,logistic_l2,logistic_l2,DPG,DPG,full,calibrated,calibrated,10,655,286,0.436641221374,0.170931824567,0.131075292925,0.436542452635,0.265709396807,0.0999237223494,e4d3eea2aa85bb97789ac237a611c126c1bd820e4fe37ef2e90f640e27c6c8a7,02786257f3541e7684cbb92ee3533cd5479cfac0aa39a1f4199a4465c8ee2f98
later,2018-02,2018-02,logistic_l2,logistic_l2,DPG,DPG,full,raw,raw,1,656,21,0.032012195122,0.0204639236257,1.47649127431e-05,0.0293331085851,0.0115482714962,0.100076277651,e4d3eea2aa85bb97789ac237a611c126c1bd820e4fe37ef2e90f640e27c6c8a7,02786257f3541e7684cbb92ee3533cd5479cfac0aa39a1f4199a4465c8ee2f98
later,2018-02,2018-02,logistic_l2,logistic_l2,DPG,DPG,full,raw,raw,2,655,50,0.0763358778626,0.0345402610154,0.0293349897249,0.0397820328339,0.0417956168472,0.0999237223494,e4d3eea2aa85bb97789ac237a611c126c1bd820e4fe37ef2e90f640e27c6c8a7,02786257f3541e7684cbb92ee3533cd5479cfac0aa39a1f4199a4465c8ee2f98
later,2018-02,2018-02,logistic_l2,logistic_l2,DPG,DPG,full,raw,raw,3,656,82,0.125,0.0435306415308,0.0397998594396,0.0478878974327,0.0814693584692,0.100076277651,e4d3eea2aa85bb97789ac237a611c126c1bd820e4fe37ef2e90f640e27c6c8a7,02786257f3541e7684cbb92ee3533cd5479cfac0aa39a1f4199a4465c8ee2f98
later,2018-02,2018-02,logistic_l2,logistic_l2,DPG,DPG,full,raw,raw,4,655,26,0.0396946564885,0.0521326103409,0.0478916640065,0.0561100360473,0.0124379538524,0.0999237223494,e4d3eea2aa85bb97789ac237a611c126c1bd820e4fe37ef2e90f640e27c6c8a7,02786257f3541e7684cbb92ee3533cd5479cfac0aa39a1f4199a4465c8ee2f98
later,2018-02,2018-02,logistic_l2,logistic_l2,DPG,DPG,full,raw,raw,5,656,42,0.0640243902439,0.0592012536539,0.0561166433367,0.0616737120609,0.00482313659005,0.100076277651,e4d3eea2aa85bb97789ac237a611c126c1bd820e4fe37ef2e90f640e27c6c8a7,02786257f3541e7684cbb92ee3533cd5479cfac0aa39a1f4199a4465c8ee2f98
later,2018-02,2018-02,logistic_l2,logistic_l2,DPG,DPG,full,raw,raw,6,655,57,0.0870229007634,0.0675105399022,0.0617083640947,0.0738705922685,0.0195123608611,0.0999237223494,e4d3eea2aa85bb97789ac237a611c126c1bd820e4fe37ef2e90f640e27c6c8a7,02786257f3541e7684cbb92ee3533cd5479cfac0aa39a1f4199a4465c8ee2f98
later,2018-02,2018-02,logistic_l2,logistic_l2,DPG,DPG,full,raw,raw,7,656,97,0.147865853659,0.0806779532859,0.0738742596786,0.0875496241001,0.0671879003726,0.100076277651,e4d3eea2aa85bb97789ac237a611c126c1bd820e4fe37ef2e90f640e27c6c8a7,02786257f3541e7684cbb92ee3533cd5479cfac0aa39a1f4199a4465c8ee2f98
later,2018-02,2018-02,logistic_l2,logistic_l2,DPG,DPG,full,raw,raw,8,655,123,0.187786259542,0.0955362107461,0.087585732282,0.104854603052,0.0922500487959,0.0999237223494,e4d3eea2aa85bb97789ac237a611c126c1bd820e4fe37ef2e90f640e27c6c8a7,02786257f3541e7684cbb92ee3533cd5479cfac0aa39a1f4199a4465c8ee2f98
later,2018-02,2018-02,logistic_l2,logistic_l2,DPG,DPG,full,raw,raw,9,656,142,0.216463414634,0.116136343235,0.104920752523,0.131018808903,0.100327071399,0.100076277651,e4d3eea2aa85bb97789ac237a611c126c1bd820e4fe37ef2e90f640e27c6c8a7,02786257f3541e7684cbb92ee3533cd5479cfac0aa39a1f4199a4465c8ee2f98
later,2018-02,2018-02,logistic_l2,logistic_l2,DPG,DPG,full,raw,raw,10,655,286,0.436641221374,0.170931824567,0.131075292925,0.436542452635,0.265709396807,0.0999237223494,e4d3eea2aa85bb97789ac237a611c126c1bd820e4fe37ef2e90f640e27c6c8a7,02786257f3541e7684cbb92ee3533cd5479cfac0aa39a1f4199a4465c8ee2f98
later,2018-02,2018-02,logistic_l2,logistic_l2,DPS,DPS,full,calibrated,calibrated,1,656,66,0.100609756098,0.037306061131,0.0117818642025,0.0398745431286,0.0633036949666,0.100076277651,e0a7b8c16683aca61dfb68dd0becd99eda5f20940a80352f0cf2452952037c39,02786257f3541e7684cbb92ee3533cd5479cfac0aa39a1f4199a4465c8ee2f98
later,2018-02,2018-02,logistic_l2,logistic_l2,DPS,DPS,full,calibrated,calibrated,2,655,83,0.126717557252,0.0415300482156,0.0398784417855,0.042954236839,0.0851875090363,0.0999237223494,e0a7b8c16683aca61dfb68dd0becd99eda5f20940a80352f0cf2452952037c39,02786257f3541e7684cbb92ee3533cd5479cfac0aa39a1f4199a4465c8ee2f98
later,2018-02,2018-02,logistic_l2,logistic_l2,DPS,DPS,full,calibrated,calibrated,3,656,87,0.13262195122,0.0441560226282,0.0429673650026,0.0453827800463,0.0884659285913,0.100076277651,e0a7b8c16683aca61dfb68dd0becd99eda5f20940a80352f0cf2452952037c39,02786257f3541e7684cbb92ee3533cd5479cfac0aa39a1f4199a4465c8ee2f98
later,2018-02,2018-02,logistic_l2,logistic_l2,DPS,DPS,full,calibrated,calibrated,4,655,84,0.128244274809,0.0467357998744,0.0453841318601,0.0480608550658,0.0815084749347,0.0999237223494,e0a7b8c16683aca61dfb68dd0becd99eda5f20940a80352f0cf2452952037c39,02786257f3541e7684cbb92ee3533cd5479cfac0aa39a1f4199a4465c8ee2f98
later,2018-02,2018-02,logistic_l2,logistic_l2,DPS,DPS,full,calibrated,calibrated,5,656,92,0.140243902439,0.0496609865013,0.048067036508,0.0511948891129,0.0905829159377,0.100076277651,e0a7b8c16683aca61dfb68dd0becd99eda5f20940a80352f0cf2452952037c39,02786257f3541e7684cbb92ee3533cd5479cfac0aa39a1f4199a4465c8ee2f98
later,2018-02,2018-02,logistic_l2,logistic_l2,DPS,DPS,full,calibrated,calibrated,6,655,121,0.184732824427,0.0530282753175,0.0511989105606,0.054987738967,0.13170454911,0.0999237223494,e0a7b8c16683aca61dfb68dd0becd99eda5f20940a80352f0cf2452952037c39,02786257f3541e7684cbb92ee3533cd5479cfac0aa39a1f4199a4465c8ee2f98
later,2018-02,2018-02,logistic_l2,logistic_l2,DPS,DPS,full,calibrated,calibrated,7,656,94,0.143292682927,0.0572206310883,0.0549943742351,0.0593594555817,0.0860720518385,0.100076277651,e0a7b8c16683aca61dfb68dd0becd99eda5f20940a80352f0cf2452952037c39,02786257f3541e7684cbb92ee3533cd5479cfac0aa39a1f4199a4465c8ee2f98
later,2018-02,2018-02,logistic_l2,logistic_l2,DPS,DPS,full,calibrated,calibrated,8,655,79,0.120610687023,0.062103855323,0.0593688863769,0.0652476604379,0.0585068316999,0.0999237223494,e0a7b8c16683aca61dfb68dd0becd99eda5f20940a80352f0cf2452952037c39,02786257f3541e7684cbb92ee3533cd5479cfac0aa39a1f4199a4465c8ee2f98
later,2018-02,2018-02,logistic_l2,logistic_l2,DPS,DPS,full,calibrated,calibrated,9,656,107,0.163109756098,0.0691583196979,0.0652516274705,0.0744489090211,0.0939514363997,0.100076277651,e0a7b8c16683aca61dfb68dd0becd99eda5f20940a80352f0cf2452952037c39,02786257f3541e7684cbb92ee3533cd5479cfac0aa39a1f4199a4465c8ee2f98
later,2018-02,2018-02,logistic_l2,logistic_l2,DPS,DPS,full,calibrated,calibrated,10,655,113,0.172519083969,0.0907136362918,0.0744828450297,0.193218084821,0.0818054476777,0.0999237223494,e0a7b8c16683aca61dfb68dd0becd99eda5f20940a80352f0cf2452952037c39,02786257f3541e7684cbb92ee3533cd5479cfac0aa39a1f4199a4465c8ee2f98
later,2018-02,2018-02,logistic_l2,logistic_l2,DPS,DPS,full,raw,raw,1,656,66,0.100609756098,0.037306061131,0.0117818642025,0.0398745431286,0.0633036949666,0.100076277651,e0a7b8c16683aca61dfb68dd0becd99eda5f20940a80352f0cf2452952037c39,02786257f3541e7684cbb92ee3533cd5479cfac0aa39a1f4199a4465c8ee2f98
later,2018-02,2018-02,logistic_l2,logistic_l2,DPS,DPS,full,raw,raw,2,655,83,0.126717557252,0.0415300482156,0.0398784417855,0.042954236839,0.0851875090363,0.0999237223494,e0a7b8c16683aca61dfb68dd0becd99eda5f20940a80352f0cf2452952037c39,02786257f3541e7684cbb92ee3533cd5479cfac0aa39a1f4199a4465c8ee2f98
later,2018-02,2018-02,logistic_l2,logistic_l2,DPS,DPS,full,raw,raw,3,656,87,0.13262195122,0.0441560226282,0.0429673650026,0.0453827800463,0.0884659285913,0.100076277651,e0a7b8c16683aca61dfb68dd0becd99eda5f20940a80352f0cf2452952037c39,02786257f3541e7684cbb92ee3533cd5479cfac0aa39a1f4199a4465c8ee2f98
later,2018-02,2018-02,logistic_l2,logistic_l2,DPS,DPS,full,raw,raw,4,655,84,0.128244274809,0.0467357998744,0.0453841318601,0.0480608550658,0.0815084749347,0.0999237223494,e0a7b8c16683aca61dfb68dd0becd99eda5f20940a80352f0cf2452952037c39,02786257f3541e7684cbb92ee3533cd5479cfac0aa39a1f4199a4465c8ee2f98
later,2018-02,2018-02,logistic_l2,logistic_l2,DPS,DPS,full,raw,raw,5,656,92,0.140243902439,0.0496609865013,0.048067036508,0.0511948891129,0.0905829159377,0.100076277651,e0a7b8c16683aca61dfb68dd0becd99eda5f20940a80352f0cf2452952037c39,02786257f3541e7684cbb92ee3533cd5479cfac0aa39a1f4199a4465c8ee2f98
later,2018-02,2018-02,logistic_l2,logistic_l2,DPS,DPS,full,raw,raw,6,655,121,0.184732824427,0.0530282753175,0.0511989105606,0.054987738967,0.13170454911,0.0999237223494,e0a7b8c16683aca61dfb68dd0becd99eda5f20940a80352f0cf2452952037c39,02786257f3541e7684cbb92ee3533cd5479cfac0aa39a1f4199a4465c8ee2f98
later,2018-02,2018-02,logistic_l2,logistic_l2,DPS,DPS,full,raw,raw,7,656,94,0.143292682927,0.0572206310883,0.0549943742351,0.0593594555817,0.0860720518385,0.100076277651,e0a7b8c16683aca61dfb68dd0becd99eda5f20940a80352f0cf2452952037c39,02786257f3541e7684cbb92ee3533cd5479cfac0aa39a1f4199a4465c8ee2f98
later,2018-02,2018-02,logistic_l2,logistic_l2,DPS,DPS,full,raw,raw,8,655,79,0.120610687023,0.062103855323,0.0593688863769,0.0652476604379,0.0585068316999,0.0999237223494,e0a7b8c16683aca61dfb68dd0becd99eda5f20940a80352f0cf2452952037c39,02786257f3541e7684cbb92ee3533cd5479cfac0aa39a1f4199a4465c8ee2f98
later,2018-02,2018-02,logistic_l2,logistic_l2,DPS,DPS,full,raw,raw,9,656,107,0.163109756098,0.0691583196979,0.0652516274705,0.0744489090211,0.0939514363997,0.100076277651,e0a7b8c16683aca61dfb68dd0becd99eda5f20940a80352f0cf2452952037c39,02786257f3541e7684cbb92ee3533cd5479cfac0aa39a1f4199a4465c8ee2f98
later,2018-02,2018-02,logistic_l2,logistic_l2,DPS,DPS,full,raw,raw,10,655,113,0.172519083969,0.0907136362918,0.0744828450297,0.193218084821,0.0818054476777,0.0999237223494,e0a7b8c16683aca61dfb68dd0becd99eda5f20940a80352f0cf2452952037c39,02786257f3541e7684cbb92ee3533cd5479cfac0aa39a1f4199a4465c8ee2f98
later,2018-02,2018-02,xgboost,xgboost,DP0,DP0,full,calibrated,calibrated,1,656,42,0.0640243902439,0.0497043232274,0.0473200939596,0.0508908443153,0.0143200670165,0.100076277651,d73b829acd99738a4439a9617c00d6c1853264dafc0ddc6eba6af6485003e07a,02786257f3541e7684cbb92ee3533cd5479cfac0aa39a1f4199a4465c8ee2f98
later,2018-02,2018-02,xgboost,xgboost,DP0,DP0,full,calibrated,calibrated,2,655,23,0.0351145038168,0.0508914418007,0.0508908443153,0.051282197237,0.0157769379839,0.0999237223494,d73b829acd99738a4439a9617c00d6c1853264dafc0ddc6eba6af6485003e07a,02786257f3541e7684cbb92ee3533cd5479cfac0aa39a1f4199a4465c8ee2f98
later,2018-02,2018-02,xgboost,xgboost,DP0,DP0,full,calibrated,calibrated,3,656,80,0.121951219512,0.0513822605788,0.051282197237,0.051665250212,0.0705689589334,0.100076277651,d73b829acd99738a4439a9617c00d6c1853264dafc0ddc6eba6af6485003e07a,02786257f3541e7684cbb92ee3533cd5479cfac0aa39a1f4199a4465c8ee2f98
later,2018-02,2018-02,xgboost,xgboost,DP0,DP0,full,calibrated,calibrated,4,655,146,0.222900763359,0.0516762851304,0.051665250212,0.0516991838813,0.171224478228,0.0999237223494,d73b829acd99738a4439a9617c00d6c1853264dafc0ddc6eba6af6485003e07a,02786257f3541e7684cbb92ee3533cd5479cfac0aa39a1f4199a4465c8ee2f98
later,2018-02,2018-02,xgboost,xgboost,DP0,DP0,full,calibrated,calibrated,5,656,115,0.175304878049,0.0519756283043,0.0516991838813,0.0521534979343,0.123329249744,0.100076277651,d73b829acd99738a4439a9617c00d6c1853264dafc0ddc6eba6af6485003e07a,02786257f3541e7684cbb92ee3533cd5479cfac0aa39a1f4199a4465c8ee2f98
later,2018-02,2018-02,xgboost,xgboost,DP0,DP0,full,calibrated,calibrated,6,655,114,0.174045801527,0.0521534979343,0.0521534979343,0.0521534979343,0.121892303592,0.0999237223494,d73b829acd99738a4439a9617c00d6c1853264dafc0ddc6eba6af6485003e07a,02786257f3541e7684cbb92ee3533cd5479cfac0aa39a1f4199a4465c8ee2f98
later,2018-02,2018-02,xgboost,xgboost,DP0,DP0,full,calibrated,calibrated,7,656,100,0.15243902439,0.0521534979343,0.0521534979343,0.0521534979343,0.100285526456,0.100076277651,d73b829acd99738a4439a9617c00d6c1853264dafc0ddc6eba6af6485003e07a,02786257f3541e7684cbb92ee3533cd5479cfac0aa39a1f4199a4465c8ee2f98
later,2018-02,2018-02,xgboost,xgboost,DP0,DP0,full,calibrated,calibrated,8,655,85,0.129770992366,0.0521534979343,0.0521534979343,0.0521534979343,0.0776174944321,0.0999237223494,d73b829acd99738a4439a9617c00d6c1853264dafc0ddc6eba6af6485003e07a,02786257f3541e7684cbb92ee3533cd5479cfac0aa39a1f4199a4465c8ee2f98
later,2018-02,2018-02,xgboost,xgboost,DP0,DP0,full,calibrated,calibrated,9,656,94,0.143292682927,0.0521534979343,0.0521534979343,0.0521534979343,0.0911391849925,0.100076277651,d73b829acd99738a4439a9617c00d6c1853264dafc0ddc6eba6af6485003e07a,02786257f3541e7684cbb92ee3533cd5479cfac0aa39a1f4199a4465c8ee2f98
later,2018-02,2018-02,xgboost,xgboost,DP0,DP0,full,calibrated,calibrated,10,655,127,0.193893129771,0.0523805792152,0.0521534979343,0.0567856431007,0.141512550556,0.0999237223494,d73b829acd99738a4439a9617c00d6c1853264dafc0ddc6eba6af6485003e07a,02786257f3541e7684cbb92ee3533cd5479cfac0aa39a1f4199a4465c8ee2f98
later,2018-02,2018-02,xgboost,xgboost,DP0,DP0,full,raw,raw,1,656,42,0.0640243902439,0.0497043232274,0.0473200939596,0.0508908443153,0.0143200670165,0.100076277651,d73b829acd99738a4439a9617c00d6c1853264dafc0ddc6eba6af6485003e07a,02786257f3541e7684cbb92ee3533cd5479cfac0aa39a1f4199a4465c8ee2f98
later,2018-02,2018-02,xgboost,xgboost,DP0,DP0,full,raw,raw,2,655,23,0.0351145038168,0.0508914418007,0.0508908443153,0.051282197237,0.0157769379839,0.0999237223494,d73b829acd99738a4439a9617c00d6c1853264dafc0ddc6eba6af6485003e07a,02786257f3541e7684cbb92ee3533cd5479cfac0aa39a1f4199a4465c8ee2f98
later,2018-02,2018-02,xgboost,xgboost,DP0,DP0,full,raw,raw,3,656,80,0.121951219512,0.0513822605788,0.051282197237,0.051665250212,0.0705689589334,0.100076277651,d73b829acd99738a4439a9617c00d6c1853264dafc0ddc6eba6af6485003e07a,02786257f3541e7684cbb92ee3533cd5479cfac0aa39a1f4199a4465c8ee2f98
later,2018-02,2018-02,xgboost,xgboost,DP0,DP0,full,raw,raw,4,655,146,0.222900763359,0.0516762851304,0.051665250212,0.0516991838813,0.171224478228,0.0999237223494,d73b829acd99738a4439a9617c00d6c1853264dafc0ddc6eba6af6485003e07a,02786257f3541e7684cbb92ee3533cd5479cfac0aa39a1f4199a4465c8ee2f98
later,2018-02,2018-02,xgboost,xgboost,DP0,DP0,full,raw,raw,5,656,115,0.175304878049,0.0519756283043,0.0516991838813,0.0521534979343,0.123329249744,0.100076277651,d73b829acd99738a4439a9617c00d6c1853264dafc0ddc6eba6af6485003e07a,02786257f3541e7684cbb92ee3533cd5479cfac0aa39a1f4199a4465c8ee2f98
later,2018-02,2018-02,xgboost,xgboost,DP0,DP0,full,raw,raw,6,655,114,0.174045801527,0.0521534979343,0.0521534979343,0.0521534979343,0.121892303592,0.0999237223494,d73b829acd99738a4439a9617c00d6c1853264dafc0ddc6eba6af6485003e07a,02786257f3541e7684cbb92ee3533cd5479cfac0aa39a1f4199a4465c8ee2f98
later,2018-02,2018-02,xgboost,xgboost,DP0,DP0,full,raw,raw,7,656,100,0.15243902439,0.0521534979343,0.0521534979343,0.0521534979343,0.100285526456,0.100076277651,d73b829acd99738a4439a9617c00d6c1853264dafc0ddc6eba6af6485003e07a,02786257f3541e7684cbb92ee3533cd5479cfac0aa39a1f4199a4465c8ee2f98
later,2018-02,2018-02,xgboost,xgboost,DP0,DP0,full,raw,raw,8,655,85,0.129770992366,0.0521534979343,0.0521534979343,0.0521534979343,0.0776174944321,0.0999237223494,d73b829acd99738a4439a9617c00d6c1853264dafc0ddc6eba6af6485003e07a,02786257f3541e7684cbb92ee3533cd5479cfac0aa39a1f4199a4465c8ee2f98
later,2018-02,2018-02,xgboost,xgboost,DP0,DP0,full,raw,raw,9,656,94,0.143292682927,0.0521534979343,0.0521534979343,0.0521534979343,0.0911391849925,0.100076277651,d73b829acd99738a4439a9617c00d6c1853264dafc0ddc6eba6af6485003e07a,02786257f3541e7684cbb92ee3533cd5479cfac0aa39a1f4199a4465c8ee2f98
later,2018-02,2018-02,xgboost,xgboost,DP0,DP0,full,raw,raw,10,655,127,0.193893129771,0.0523805792152,0.0521534979343,0.0567856431007,0.141512550556,0.0999237223494,d73b829acd99738a4439a9617c00d6c1853264dafc0ddc6eba6af6485003e07a,02786257f3541e7684cbb92ee3533cd5479cfac0aa39a1f4199a4465c8ee2f98
later,2018-02,2018-02,xgboost,xgboost,DPB,DPB,full,calibrated,calibrated,1,656,36,0.0548780487805,0.0488824024796,0.0488824024796,0.0488824024796,0.00599564630084,0.100076277651,8c7636cc25f064c253b990368fe9224c1f8cbf16cdacd64db23c63695d52b920,02786257f3541e7684cbb92ee3533cd5479cfac0aa39a1f4199a4465c8ee2f98
later,2018-02,2018-02,xgboost,xgboost,DPB,DPB,full,calibrated,calibrated,2,655,43,0.0656488549618,0.0489994538877,0.0488824024796,0.0493770390749,0.0166494010741,0.0999237223494,8c7636cc25f064c253b990368fe9224c1f8cbf16cdacd64db23c63695d52b920,02786257f3541e7684cbb92ee3533cd5479cfac0aa39a1f4199a4465c8ee2f98
later,2018-02,2018-02,xgboost,xgboost,DPB,DPB,full,calibrated,calibrated,3,656,46,0.0701219512195,0.0495529892093,0.0493770390749,0.0501072444022,0.0205689620102,0.100076277651,8c7636cc25f064c253b990368fe9224c1f8cbf16cdacd64db23c63695d52b920,02786257f3541e7684cbb92ee3533cd5479cfac0aa39a1f4199a4465c8ee2f98
later,2018-02,2018-02,xgboost,xgboost,DPB,DPB,full,calibrated,calibrated,4,655,50,0.0763358778626,0.0506136119366,0.0506136119366,0.0506136119366,0.025722265926,0.0999237223494,8c7636cc25f064c253b990368fe9224c1f8cbf16cdacd64db23c63695d52b920,02786257f3541e7684cbb92ee3533cd5479cfac0aa39a1f4199a4465c8ee2f98
later,2018-02,2018-02,xgboost,xgboost,DPB,DPB,full,calibrated,calibrated,5,656,70,0.106707317073,0.0513347153347,0.0506136119366,0.0521351285279,0.0553726017384,0.100076277651,8c7636cc25f064c253b990368fe9224c1f8cbf16cdacd64db23c63695d52b920,02786257f3541e7684cbb92ee3533cd5479cfac0aa39a1f4199a4465c8ee2f98
later,2018-02,2018-02,xgboost,xgboost,DPB,DPB,full,calibrated,calibrated,6,655,92,0.140458015267,0.052765496661,0.0521351285279,0.0542621091008,0.0876925186062,0.0999237223494,8c7636cc25f064c253b990368fe9224c1f8cbf16cdacd64db23c63695d52b920,02786257f3541e7684cbb92ee3533cd5479cfac0aa39a1f4199a4465c8ee2f98
later,2018-02,2018-02,xgboost,xgboost,DPB,DPB,full,calibrated,calibrated,7,656,127,0.193597560976,0.0542621091008,0.0542621091008,0.0542621091008,0.139335451875,0.100076277651,8c7636cc25f064c253b990368fe9224c1f8cbf16cdacd64db23c63695d52b920,02786257f3541e7684cbb92ee3533cd5479cfac0aa39a1f4199a4465c8ee2f98
later,2018-02,2018-02,xgboost,xgboost,DPB,DPB,full,calibrated,calibrated,8,655,180,0.274809160305,0.055016686591,0.0542621091008,0.0554769709706,0.219792473714,0.0999237223494,8c7636cc25f064c253b990368fe9224c1f8cbf16cdacd64db23c63695d52b920,02786257f3541e7684cbb92ee3533cd5479cfac0aa39a1f4199a4465c8ee2f98
later,2018-02,2018-02,xgboost,xgboost,DPB,DPB,full,calibrated,calibrated,9,656,187,0.28506097561,0.0554769709706,0.0554769709706,0.0554769709706,0.229584004639,0.100076277651,8c7636cc25f064c253b990368fe9224c1f8cbf16cdacd64db23c63695d52b920,02786257f3541e7684cbb92ee3533cd5479cfac0aa39a1f4199a4465c8ee2f98
later,2018-02,2018-02,xgboost,xgboost,DPB,DPB,full,calibrated,calibrated,10,655,95,0.145038167939,0.0882754425739,0.0554769709706,0.0990384295583,0.0567627253651,0.0999237223494,8c7636cc25f064c253b990368fe9224c1f8cbf16cdacd64db23c63695d52b920,02786257f3541e7684cbb92ee3533cd5479cfac0aa39a1f4199a4465c8ee2f98
later,2018-02,2018-02,xgboost,xgboost,DPB,DPB,full,raw,raw,1,656,36,0.0548780487805,0.0488824024796,0.0488824024796,0.0488824024796,0.00599564630084,0.100076277651,8c7636cc25f064c253b990368fe9224c1f8cbf16cdacd64db23c63695d52b920,02786257f3541e7684cbb92ee3533cd5479cfac0aa39a1f4199a4465c8ee2f98
later,2018-02,2018-02,xgboost,xgboost,DPB,DPB,full,raw,raw,2,655,43,0.0656488549618,0.0489994538877,0.0488824024796,0.0493770390749,0.0166494010741,0.0999237223494,8c7636cc25f064c253b990368fe9224c1f8cbf16cdacd64db23c63695d52b920,02786257f3541e7684cbb92ee3533cd5479cfac0aa39a1f4199a4465c8ee2f98
later,2018-02,2018-02,xgboost,xgboost,DPB,DPB,full,raw,raw,3,656,46,0.0701219512195,0.0495529892093,0.0493770390749,0.0501072444022,0.0205689620102,0.100076277651,8c7636cc25f064c253b990368fe9224c1f8cbf16cdacd64db23c63695d52b920,02786257f3541e7684cbb92ee3533cd5479cfac0aa39a1f4199a4465c8ee2f98
later,2018-02,2018-02,xgboost,xgboost,DPB,DPB,full,raw,raw,4,655,50,0.0763358778626,0.0506136119366,0.0506136119366,0.0506136119366,0.025722265926,0.0999237223494,8c7636cc25f064c253b990368fe9224c1f8cbf16cdacd64db23c63695d52b920,02786257f3541e7684cbb92ee3533cd5479cfac0aa39a1f4199a4465c8ee2f98
later,2018-02,2018-02,xgboost,xgboost,DPB,DPB,full,raw,raw,5,656,70,0.106707317073,0.0513347153347,0.0506136119366,0.0521351285279,0.0553726017384,0.100076277651,8c7636cc25f064c253b990368fe9224c1f8cbf16cdacd64db23c63695d52b920,02786257f3541e7684cbb92ee3533cd5479cfac0aa39a1f4199a4465c8ee2f98
later,2018-02,2018-02,xgboost,xgboost,DPB,DPB,full,raw,raw,6,655,92,0.140458015267,0.052765496661,0.0521351285279,0.0542621091008,0.0876925186062,0.0999237223494,8c7636cc25f064c253b990368fe9224c1f8cbf16cdacd64db23c63695d52b920,02786257f3541e7684cbb92ee3533cd5479cfac0aa39a1f4199a4465c8ee2f98
later,2018-02,2018-02,xgboost,xgboost,DPB,DPB,full,raw,raw,7,656,127,0.193597560976,0.0542621091008,0.0542621091008,0.0542621091008,0.139335451875,0.100076277651,8c7636cc25f064c253b990368fe9224c1f8cbf16cdacd64db23c63695d52b920,02786257f3541e7684cbb92ee3533cd5479cfac0aa39a1f4199a4465c8ee2f98
later,2018-02,2018-02,xgboost,xgboost,DPB,DPB,full,raw,raw,8,655,180,0.274809160305,0.055016686591,0.0542621091008,0.0554769709706,0.219792473714,0.0999237223494,8c7636cc25f064c253b990368fe9224c1f8cbf16cdacd64db23c63695d52b920,02786257f3541e7684cbb92ee3533cd5479cfac0aa39a1f4199a4465c8ee2f98
later,2018-02,2018-02,xgboost,xgboost,DPB,DPB,full,raw,raw,9,656,187,0.28506097561,0.0554769709706,0.0554769709706,0.0554769709706,0.229584004639,0.100076277651,8c7636cc25f064c253b990368fe9224c1f8cbf16cdacd64db23c63695d52b920,02786257f3541e7684cbb92ee3533cd5479cfac0aa39a1f4199a4465c8ee2f98
later,2018-02,2018-02,xgboost,xgboost,DPB,DPB,full,raw,raw,10,655,95,0.145038167939,0.0882754425739,0.0554769709706,0.0990384295583,0.0567627253651,0.0999237223494,8c7636cc25f064c253b990368fe9224c1f8cbf16cdacd64db23c63695d52b920,02786257f3541e7684cbb92ee3533cd5479cfac0aa39a1f4199a4465c8ee2f98
later,2018-02,2018-02,xgboost,xgboost,DPG,DPG,full,calibrated,calibrated,1,656,51,0.077743902439,0.0468893051147,0.0468893051147,0.0468893051147,0.0308545973243,0.100076277651,22c8a81d99fa25cff298ca3ff2f9a92ae0baf56e645498926b0d51e2e2c125c7,02786257f3541e7684cbb92ee3533cd5479cfac0aa39a1f4199a4465c8ee2f98
later,2018-02,2018-02,xgboost,xgboost,DPG,DPG,full,calibrated,calibrated,2,655,57,0.0870229007634,0.0468893051147,0.0468893051147,0.0468893051147,0.0401335956486,0.0999237223494,22c8a81d99fa25cff298ca3ff2f9a92ae0baf56e645498926b0d51e2e2c125c7,02786257f3541e7684cbb92ee3533cd5479cfac0aa39a1f4199a4465c8ee2f98
later,2018-02,2018-02,xgboost,xgboost,DPG,DPG,full,calibrated,calibrated,3,656,43,0.0655487804878,0.0471234130616,0.0468893051147,0.0489930696785,0.0184253674262,0.100076277651,22c8a81d99fa25cff298ca3ff2f9a92ae0baf56e645498926b0d51e2e2c125c7,02786257f3541e7684cbb92ee3533cd5479cfac0aa39a1f4199a4465c8ee2f98
later,2018-02,2018-02,xgboost,xgboost,DPG,DPG,full,calibrated,calibrated,4,655,27,0.0412213740458,0.0500633351675,0.0495329275727,0.0506460666656,0.00884196112174,0.0999237223494,22c8a81d99fa25cff298ca3ff2f9a92ae0baf56e645498926b0d51e2e2c125c7,02786257f3541e7684cbb92ee3533cd5479cfac0aa39a1f4199a4465c8ee2f98
later,2018-02,2018-02,xgboost,xgboost,DPG,DPG,full,calibrated,calibrated,5,656,70,0.106707317073,0.0518098610749,0.0506460666656,0.0522761270404,0.0548974559983,0.100076277651,22c8a81d99fa25cff298ca3ff2f9a92ae0baf56e645498926b0d51e2e2c125c7,02786257f3541e7684cbb92ee3533cd5479cfac0aa39a1f4199a4465c8ee2f98
later,2018-02,2018-02,xgboost,xgboost,DPG,DPG,full,calibrated,calibrated,6,655,221,0.337404580153,0.0528658400851,0.0522761270404,0.0533742755651,0.284538740068,0.0999237223494,22c8a81d99fa25cff298ca3ff2f9a92ae0baf56e645498926b0d51e2e2c125c7,02786257f3541e7684cbb92ee3533cd5479cfac0aa39a1f4199a4465c8ee2f98
later,2018-02,2018-02,xgboost,xgboost,DPG,DPG,full,calibrated,calibrated,7,656,72,0.109756097561,0.0533834450322,0.0533742755651,0.0533998720348,0.0563726525288,0.100076277651,22c8a81d99fa25cff298ca3ff2f9a92ae0baf56e645498926b0d51e2e2c125c7,02786257f3541e7684cbb92ee3533cd5479cfac0aa39a1f4199a4465c8ee2f98
later,2018-02,2018-02,xgboost,xgboost,DPG,DPG,full,calibrated,calibrated,8,655,139,0.212213740458,0.0541473778206,0.0533998720348,0.0545202754438,0.158066362637,0.0999237223494,22c8a81d99fa25cff298ca3ff2f9a92ae0baf56e645498926b0d51e2e2c125c7,02786257f3541e7684cbb92ee3533cd5479cfac0aa39a1f4199a4465c8ee2f98
later,2018-02,2018-02,xgboost,xgboost,DPG,DPG,full,calibrated,calibrated,9,656,149,0.227134146341,0.0545202754438,0.0545202754438,0.0545202754438,0.172613870898,0.100076277651,22c8a81d99fa25cff298ca3ff2f9a92ae0baf56e645498926b0d51e2e2c125c7,02786257f3541e7684cbb92ee3533cd5479cfac0aa39a1f4199a4465c8ee2f98
later,2018-02,2018-02,xgboost,xgboost,DPG,DPG,full,calibrated,calibrated,10,655,97,0.148091603053,0.0708263535763,0.0545202754438,0.0756697431207,0.0772652494771,0.0999237223494,22c8a81d99fa25cff298ca3ff2f9a92ae0baf56e645498926b0d51e2e2c125c7,02786257f3541e7684cbb92ee3533cd5479cfac0aa39a1f4199a4465c8ee2f98
later,2018-02,2018-02,xgboost,xgboost,DPG,DPG,full,raw,raw,1,656,51,0.077743902439,0.0468893051147,0.0468893051147,0.0468893051147,0.0308545973243,0.100076277651,22c8a81d99fa25cff298ca3ff2f9a92ae0baf56e645498926b0d51e2e2c125c7,02786257f3541e7684cbb92ee3533cd5479cfac0aa39a1f4199a4465c8ee2f98
later,2018-02,2018-02,xgboost,xgboost,DPG,DPG,full,raw,raw,2,655,57,0.0870229007634,0.0468893051147,0.0468893051147,0.0468893051147,0.0401335956486,0.0999237223494,22c8a81d99fa25cff298ca3ff2f9a92ae0baf56e645498926b0d51e2e2c125c7,02786257f3541e7684cbb92ee3533cd5479cfac0aa39a1f4199a4465c8ee2f98
later,2018-02,2018-02,xgboost,xgboost,DPG,DPG,full,raw,raw,3,656,43,0.0655487804878,0.0471234130616,0.0468893051147,0.0489930696785,0.0184253674262,0.100076277651,22c8a81d99fa25cff298ca3ff2f9a92ae0baf56e645498926b0d51e2e2c125c7,02786257f3541e7684cbb92ee3533cd5479cfac0aa39a1f4199a4465c8ee2f98
later,2018-02,2018-02,xgboost,xgboost,DPG,DPG,full,raw,raw,4,655,27,0.0412213740458,0.0500633351675,0.0495329275727,0.0506460666656,0.00884196112174,0.0999237223494,22c8a81d99fa25cff298ca3ff2f9a92ae0baf56e645498926b0d51e2e2c125c7,02786257f3541e7684cbb92ee3533cd5479cfac0aa39a1f4199a4465c8ee2f98
later,2018-02,2018-02,xgboost,xgboost,DPG,DPG,full,raw,raw,5,656,70,0.106707317073,0.0518098610749,0.0506460666656,0.0522761270404,0.0548974559983,0.100076277651,22c8a81d99fa25cff298ca3ff2f9a92ae0baf56e645498926b0d51e2e2c125c7,02786257f3541e7684cbb92ee3533cd5479cfac0aa39a1f4199a4465c8ee2f98
later,2018-02,2018-02,xgboost,xgboost,DPG,DPG,full,raw,raw,6,655,221,0.337404580153,0.0528658400851,0.0522761270404,0.0533742755651,0.284538740068,0.0999237223494,22c8a81d99fa25cff298ca3ff2f9a92ae0baf56e645498926b0d51e2e2c125c7,02786257f3541e7684cbb92ee3533cd5479cfac0aa39a1f4199a4465c8ee2f98
later,2018-02,2018-02,xgboost,xgboost,DPG,DPG,full,raw,raw,7,656,72,0.109756097561,0.0533834450322,0.0533742755651,0.0533998720348,0.0563726525288,0.100076277651,22c8a81d99fa25cff298ca3ff2f9a92ae0baf56e645498926b0d51e2e2c125c7,02786257f3541e7684cbb92ee3533cd5479cfac0aa39a1f4199a4465c8ee2f98
later,2018-02,2018-02,xgboost,xgboost,DPG,DPG,full,raw,raw,8,655,139,0.212213740458,0.0541473778206,0.0533998720348,0.0545202754438,0.158066362637,0.0999237223494,22c8a81d99fa25cff298ca3ff2f9a92ae0baf56e645498926b0d51e2e2c125c7,02786257f3541e7684cbb92ee3533cd5479cfac0aa39a1f4199a4465c8ee2f98
later,2018-02,2018-02,xgboost,xgboost,DPG,DPG,full,raw,raw,9,656,149,0.227134146341,0.0545202754438,0.0545202754438,0.0545202754438,0.172613870898,0.100076277651,22c8a81d99fa25cff298ca3ff2f9a92ae0baf56e645498926b0d51e2e2c125c7,02786257f3541e7684cbb92ee3533cd5479cfac0aa39a1f4199a4465c8ee2f98
later,2018-02,2018-02,xgboost,xgboost,DPG,DPG,full,raw,raw,10,655,97,0.148091603053,0.0708263535763,0.0545202754438,0.0756697431207,0.0772652494771,0.0999237223494,22c8a81d99fa25cff298ca3ff2f9a92ae0baf56e645498926b0d51e2e2c125c7,02786257f3541e7684cbb92ee3533cd5479cfac0aa39a1f4199a4465c8ee2f98
later,2018-02,2018-02,xgboost,xgboost,DPS,DPS,full,calibrated,calibrated,1,656,68,0.103658536585,0.0498831347142,0.0491248555481,0.050323124975,0.0537754018712,0.100076277651,6ad94722b36420097ace54122da3591d30c5c5a0e2c5889821b8dddd183b6440,02786257f3541e7684cbb92ee3533cd5479cfac0aa39a1f4199a4465c8ee2f98
later,2018-02,2018-02,xgboost,xgboost,DPS,DPS,full,calibrated,calibrated,2,655,81,0.123664122137,0.050323124975,0.050323124975,0.050323124975,0.0733409971624,0.0999237223494,6ad94722b36420097ace54122da3591d30c5c5a0e2c5889821b8dddd183b6440,02786257f3541e7684cbb92ee3533cd5479cfac0aa39a1f4199a4465c8ee2f98
later,2018-02,2018-02,xgboost,xgboost,DPS,DPS,full,calibrated,calibrated,3,656,79,0.120426829268,0.050323124975,0.050323124975,0.050323124975,0.0701037042933,0.100076277651,6ad94722b36420097ace54122da3591d30c5c5a0e2c5889821b8dddd183b6440,02786257f3541e7684cbb92ee3533cd5479cfac0aa39a1f4199a4465c8ee2f98
later,2018-02,2018-02,xgboost,xgboost,DPS,DPS,full,calibrated,calibrated,4,655,122,0.186259541985,0.0506320106847,0.050323124975,0.0507752783597,0.1356275313,0.0999237223494,6ad94722b36420097ace54122da3591d30c5c5a0e2c5889821b8dddd183b6440,02786257f3541e7684cbb92ee3533cd5479cfac0aa39a1f4199a4465c8ee2f98
later,2018-02,2018-02,xgboost,xgboost,DPS,DPS,full,calibrated,calibrated,5,656,70,0.106707317073,0.0516664924713,0.0507752783597,0.0518870167434,0.0550408246018,0.100076277651,6ad94722b36420097ace54122da3591d30c5c5a0e2c5889821b8dddd183b6440,02786257f3541e7684cbb92ee3533cd5479cfac0aa39a1f4199a4465c8ee2f98
later,2018-02,2018-02,xgboost,xgboost,DPS,DPS,full,calibrated,calibrated,6,655,91,0.13893129771,0.0518870167434,0.0518870167434,0.0518870167434,0.0870442809665,0.0999237223494,6ad94722b36420097ace54122da3591d30c5c5a0e2c5889821b8dddd183b6440,02786257f3541e7684cbb92ee3533cd5479cfac0aa39a1f4199a4465c8ee2f98
later,2018-02,2018-02,xgboost,xgboost,DPS,DPS,full,calibrated,calibrated,7,656,102,0.155487804878,0.0523784203091,0.0518870167434,0.0526651442051,0.103109384569,0.100076277651,6ad94722b36420097ace54122da3591d30c5c5a0e2c5889821b8dddd183b6440,02786257f3541e7684cbb92ee3533cd5479cfac0aa39a1f4199a4465c8ee2f98
later,2018-02,2018-02,xgboost,xgboost,DPS,DPS,full,calibrated,calibrated,8,655,109,0.16641221374,0.0528892227541,0.0526651442051,0.0529676228762,0.113522990986,0.0999237223494,6ad94722b36420097ace54122da3591d30c5c5a0e2c5889821b8dddd183b6440,02786257f3541e7684cbb92ee3533cd5479cfac0aa39a1f4199a4465c8ee2f98
later,2018-02,2018-02,xgboost,xgboost,DPS,DPS,full,calibrated,calibrated,9,656,97,0.147865853659,0.0529676228762,0.0529676228762,0.0529676228762,0.0948982307824,0.100076277651,6ad94722b36420097ace54122da3591d30c5c5a0e2c5889821b8dddd183b6440,02786257f3541e7684cbb92ee3533cd5479cfac0aa39a1f4199a4465c8ee2f98
later,2018-02,2018-02,xgboost,xgboost,DPS,DPS,full,calibrated,calibrated,10,655,107,0.163358778626,0.0556455783091,0.0529676228762,0.0639626383781,0.107713200317,0.0999237223494,6ad94722b36420097ace54122da3591d30c5c5a0e2c5889821b8dddd183b6440,02786257f3541e7684cbb92ee3533cd5479cfac0aa39a1f4199a4465c8ee2f98
later,2018-02,2018-02,xgboost,xgboost,DPS,DPS,full,raw,raw,1,656,68,0.103658536585,0.0498831347142,0.0491248555481,0.050323124975,0.0537754018712,0.100076277651,6ad94722b36420097ace54122da3591d30c5c5a0e2c5889821b8dddd183b6440,02786257f3541e7684cbb92ee3533cd5479cfac0aa39a1f4199a4465c8ee2f98
later,2018-02,2018-02,xgboost,xgboost,DPS,DPS,full,raw,raw,2,655,81,0.123664122137,0.050323124975,0.050323124975,0.050323124975,0.0733409971624,0.0999237223494,6ad94722b36420097ace54122da3591d30c5c5a0e2c5889821b8dddd183b6440,02786257f3541e7684cbb92ee3533cd5479cfac0aa39a1f4199a4465c8ee2f98
later,2018-02,2018-02,xgboost,xgboost,DPS,DPS,full,raw,raw,3,656,79,0.120426829268,0.050323124975,0.050323124975,0.050323124975,0.0701037042933,0.100076277651,6ad94722b36420097ace54122da3591d30c5c5a0e2c5889821b8dddd183b6440,02786257f3541e7684cbb92ee3533cd5479cfac0aa39a1f4199a4465c8ee2f98
later,2018-02,2018-02,xgboost,xgboost,DPS,DPS,full,raw,raw,4,655,122,0.186259541985,0.0506320106847,0.050323124975,0.0507752783597,0.1356275313,0.0999237223494,6ad94722b36420097ace54122da3591d30c5c5a0e2c5889821b8dddd183b6440,02786257f3541e7684cbb92ee3533cd5479cfac0aa39a1f4199a4465c8ee2f98
later,2018-02,2018-02,xgboost,xgboost,DPS,DPS,full,raw,raw,5,656,70,0.106707317073,0.0516664924713,0.0507752783597,0.0518870167434,0.0550408246018,0.100076277651,6ad94722b36420097ace54122da3591d30c5c5a0e2c5889821b8dddd183b6440,02786257f3541e7684cbb92ee3533cd5479cfac0aa39a1f4199a4465c8ee2f98
later,2018-02,2018-02,xgboost,xgboost,DPS,DPS,full,raw,raw,6,655,91,0.13893129771,0.0518870167434,0.0518870167434,0.0518870167434,0.0870442809665,0.0999237223494,6ad94722b36420097ace54122da3591d30c5c5a0e2c5889821b8dddd183b6440,02786257f3541e7684cbb92ee3533cd5479cfac0aa39a1f4199a4465c8ee2f98
later,2018-02,2018-02,xgboost,xgboost,DPS,DPS,full,raw,raw,7,656,102,0.155487804878,0.0523784203091,0.0518870167434,0.0526651442051,0.103109384569,0.100076277651,6ad94722b36420097ace54122da3591d30c5c5a0e2c5889821b8dddd183b6440,02786257f3541e7684cbb92ee3533cd5479cfac0aa39a1f4199a4465c8ee2f98
later,2018-02,2018-02,xgboost,xgboost,DPS,DPS,full,raw,raw,8,655,109,0.16641221374,0.0528892227541,0.0526651442051,0.0529676228762,0.113522990986,0.0999237223494,6ad94722b36420097ace54122da3591d30c5c5a0e2c5889821b8dddd183b6440,02786257f3541e7684cbb92ee3533cd5479cfac0aa39a1f4199a4465c8ee2f98
later,2018-02,2018-02,xgboost,xgboost,DPS,DPS,full,raw,raw,9,656,97,0.147865853659,0.0529676228762,0.0529676228762,0.0529676228762,0.0948982307824,0.100076277651,6ad94722b36420097ace54122da3591d30c5c5a0e2c5889821b8dddd183b6440,02786257f3541e7684cbb92ee3533cd5479cfac0aa39a1f4199a4465c8ee2f98
later,2018-02,2018-02,xgboost,xgboost,DPS,DPS,full,raw,raw,10,655,107,0.163358778626,0.0556455783091,0.0529676228762,0.0639626383781,0.107713200317,0.0999237223494,6ad94722b36420097ace54122da3591d30c5c5a0e2c5889821b8dddd183b6440,02786257f3541e7684cbb92ee3533cd5479cfac0aa39a1f4199a4465c8ee2f98
later,2018-03,2018-03,logistic_l2,logistic_l2,DP0,DP0,full,calibrated,calibrated,1,701,94,0.134094151213,0.0485333865545,0.0270922623095,0.0499484404599,0.085560764658,0.100099957161,22cf12e9c037f6ca71efb154eb3124f6d687e79288f677cd471c943964943d7d,184fab6850ceddcb6640c6d7c40a99ad76b6567a0af96fd41049a0eaafe65828
later,2018-03,2018-03,logistic_l2,logistic_l2,DP0,DP0,full,calibrated,calibrated,2,700,133,0.19,0.0506465793801,0.0499485088549,0.0511847393415,0.13935342062,0.0999571612166,22cf12e9c037f6ca71efb154eb3124f6d687e79288f677cd471c943964943d7d,184fab6850ceddcb6640c6d7c40a99ad76b6567a0af96fd41049a0eaafe65828
later,2018-03,2018-03,logistic_l2,logistic_l2,DP0,DP0,full,calibrated,calibrated,3,700,143,0.204285714286,0.0515013101303,0.0511849462883,0.0517853216096,0.152784404155,0.0999571612166,22cf12e9c037f6ca71efb154eb3124f6d687e79288f677cd471c943964943d7d,184fab6850ceddcb6640c6d7c40a99ad76b6567a0af96fd41049a0eaafe65828
later,2018-03,2018-03,logistic_l2,logistic_l2,DP0,DP0,full,calibrated,calibrated,4,701,154,0.219686162625,0.0520867852162,0.0517858477945,0.0523405610192,0.167599377409,0.100099957161,22cf12e9c037f6ca71efb154eb3124f6d687e79288f677cd471c943964943d7d,184fab6850ceddcb6640c6d7c40a99ad76b6567a0af96fd41049a0eaafe65828
later,2018-03,2018-03,logistic_l2,logistic_l2,DP0,DP0,full,calibrated,calibrated,5,700,176,0.251428571429,0.0526128915351,0.0523406667002,0.0528220055656,0.198815679893,0.0999571612166,22cf12e9c037f6ca71efb154eb3124f6d687e79288f677cd471c943964943d7d,184fab6850ceddcb6640c6d7c40a99ad76b6567a0af96fd41049a0eaafe65828
later,2018-03,2018-03,logistic_l2,logistic_l2,DP0,DP0,full,calibrated,calibrated,6,700,232,0.331428571429,0.053049858987,0.0528222407105,0.0533195627004,0.278378712442,0.0999571612166,22cf12e9c037f6ca71efb154eb3124f6d687e79288f677cd471c943964943d7d,184fab6850ceddcb6640c6d7c40a99ad76b6567a0af96fd41049a0eaafe65828
later,2018-03,2018-03,logistic_l2,logistic_l2,DP0,DP0,full,calibrated,calibrated,7,701,149,0.212553495007,0.0535352179124,0.053319625963,0.0537057211254,0.159018277095,0.100099957161,22cf12e9c037f6ca71efb154eb3124f6d687e79288f677cd471c943964943d7d,184fab6850ceddcb6640c6d7c40a99ad76b6567a0af96fd41049a0eaafe65828
later,2018-03,2018-03,logistic_l2,logistic_l2,DP0,DP0,full,calibrated,calibrated,8,700,156,0.222857142857,0.0540004991419,0.053706119219,0.0542613669745,0.168856643715,0.0999571612166,22cf12e9c037f6ca71efb154eb3124f6d687e79288f677cd471c943964943d7d,184fab6850ceddcb6640c6d7c40a99ad76b6567a0af96fd41049a0eaafe65828
later,2018-03,2018-03,logistic_l2,logistic_l2,DP0,DP0,full,calibrated,calibrated,9,700,49,0.07,0.0549847463751,0.0542622931317,0.055390846857,0.0150152536249,0.0999571612166,22cf12e9c037f6ca71efb154eb3124f6d687e79288f677cd471c943964943d7d,184fab6850ceddcb6640c6d7c40a99ad76b6567a0af96fd41049a0eaafe65828
later,2018-03,2018-03,logistic_l2,logistic_l2,DP0,DP0,full,calibrated,calibrated,10,700,42,0.06,0.0557634822593,0.055391305893,0.0562580970099,0.00423651774075,0.0999571612166,22cf12e9c037f6ca71efb154eb3124f6d687e79288f677cd471c943964943d7d,184fab6850ceddcb6640c6d7c40a99ad76b6567a0af96fd41049a0eaafe65828
later,2018-03,2018-03,logistic_l2,logistic_l2,DP0,DP0,full,raw,raw,1,701,94,0.134094151213,0.0485333865545,0.0270922623095,0.0499484404599,0.085560764658,0.100099957161,22cf12e9c037f6ca71efb154eb3124f6d687e79288f677cd471c943964943d7d,184fab6850ceddcb6640c6d7c40a99ad76b6567a0af96fd41049a0eaafe65828
later,2018-03,2018-03,logistic_l2,logistic_l2,DP0,DP0,full,raw,raw,2,700,133,0.19,0.0506465793801,0.0499485088549,0.0511847393415,0.13935342062,0.0999571612166,22cf12e9c037f6ca71efb154eb3124f6d687e79288f677cd471c943964943d7d,184fab6850ceddcb6640c6d7c40a99ad76b6567a0af96fd41049a0eaafe65828
later,2018-03,2018-03,logistic_l2,logistic_l2,DP0,DP0,full,raw,raw,3,700,143,0.204285714286,0.0515013101303,0.0511849462883,0.0517853216096,0.152784404155,0.0999571612166,22cf12e9c037f6ca71efb154eb3124f6d687e79288f677cd471c943964943d7d,184fab6850ceddcb6640c6d7c40a99ad76b6567a0af96fd41049a0eaafe65828
later,2018-03,2018-03,logistic_l2,logistic_l2,DP0,DP0,full,raw,raw,4,701,154,0.219686162625,0.0520867852162,0.0517858477945,0.0523405610192,0.167599377409,0.100099957161,22cf12e9c037f6ca71efb154eb3124f6d687e79288f677cd471c943964943d7d,184fab6850ceddcb6640c6d7c40a99ad76b6567a0af96fd41049a0eaafe65828
later,2018-03,2018-03,logistic_l2,logistic_l2,DP0,DP0,full,raw,raw,5,700,176,0.251428571429,0.0526128915351,0.0523406667002,0.0528220055656,0.198815679893,0.0999571612166,22cf12e9c037f6ca71efb154eb3124f6d687e79288f677cd471c943964943d7d,184fab6850ceddcb6640c6d7c40a99ad76b6567a0af96fd41049a0eaafe65828
later,2018-03,2018-03,logistic_l2,logistic_l2,DP0,DP0,full,raw,raw,6,700,232,0.331428571429,0.053049858987,0.0528222407105,0.0533195627004,0.278378712442,0.0999571612166,22cf12e9c037f6ca71efb154eb3124f6d687e79288f677cd471c943964943d7d,184fab6850ceddcb6640c6d7c40a99ad76b6567a0af96fd41049a0eaafe65828
later,2018-03,2018-03,logistic_l2,logistic_l2,DP0,DP0,full,raw,raw,7,701,149,0.212553495007,0.0535352179124,0.053319625963,0.0537057211254,0.159018277095,0.100099957161,22cf12e9c037f6ca71efb154eb3124f6d687e79288f677cd471c943964943d7d,184fab6850ceddcb6640c6d7c40a99ad76b6567a0af96fd41049a0eaafe65828
later,2018-03,2018-03,logistic_l2,logistic_l2,DP0,DP0,full,raw,raw,8,700,156,0.222857142857,0.0540004991419,0.053706119219,0.0542613669745,0.168856643715,0.0999571612166,22cf12e9c037f6ca71efb154eb3124f6d687e79288f677cd471c943964943d7d,184fab6850ceddcb6640c6d7c40a99ad76b6567a0af96fd41049a0eaafe65828
later,2018-03,2018-03,logistic_l2,logistic_l2,DP0,DP0,full,raw,raw,9,700,49,0.07,0.0549847463751,0.0542622931317,0.055390846857,0.0150152536249,0.0999571612166,22cf12e9c037f6ca71efb154eb3124f6d687e79288f677cd471c943964943d7d,184fab6850ceddcb6640c6d7c40a99ad76b6567a0af96fd41049a0eaafe65828
later,2018-03,2018-03,logistic_l2,logistic_l2,DP0,DP0,full,raw,raw,10,700,42,0.06,0.0557634822593,0.055391305893,0.0562580970099,0.00423651774075,0.0999571612166,22cf12e9c037f6ca71efb154eb3124f6d687e79288f677cd471c943964943d7d,184fab6850ceddcb6640c6d7c40a99ad76b6567a0af96fd41049a0eaafe65828
later,2018-03,2018-03,logistic_l2,logistic_l2,DPB,DPB,full,calibrated,calibrated,1,701,35,0.0499286733238,0.024808910685,2.05462592474e-06,0.0357657047125,0.0251197626388,0.100099957161,00ecd74f4678f94279a4064ce5804b89ed5efb257549258f93e6483fab5f789c,184fab6850ceddcb6640c6d7c40a99ad76b6567a0af96fd41049a0eaafe65828
later,2018-03,2018-03,logistic_l2,logistic_l2,DPB,DPB,full,calibrated,calibrated,2,700,78,0.111428571429,0.0416237407632,0.0357857922991,0.0470857334315,0.0698048306654,0.0999571612166,00ecd74f4678f94279a4064ce5804b89ed5efb257549258f93e6483fab5f789c,184fab6850ceddcb6640c6d7c40a99ad76b6567a0af96fd41049a0eaafe65828
later,2018-03,2018-03,logistic_l2,logistic_l2,DPB,DPB,full,calibrated,calibrated,3,700,70,0.1,0.05245273298,0.0471089231172,0.0576218784485,0.04754726702,0.0999571612166,00ecd74f4678f94279a4064ce5804b89ed5efb257549258f93e6483fab5f789c,184fab6850ceddcb6640c6d7c40a99ad76b6567a0af96fd41049a0eaafe65828
later,2018-03,2018-03,logistic_l2,logistic_l2,DPB,DPB,full,calibrated,calibrated,4,701,55,0.0784593437946,0.0624557005018,0.0576479495125,0.0676187844531,0.0160036432928,0.100099957161,00ecd74f4678f94279a4064ce5804b89ed5efb257549258f93e6483fab5f789c,184fab6850ceddcb6640c6d7c40a99ad76b6567a0af96fd41049a0eaafe65828
later,2018-03,2018-03,logistic_l2,logistic_l2,DPB,DPB,full,calibrated,calibrated,5,700,73,0.104285714286,0.0731601001066,0.0676189863044,0.0787657423439,0.0311256141791,0.0999571612166,00ecd74f4678f94279a4064ce5804b89ed5efb257549258f93e6483fab5f789c,184fab6850ceddcb6640c6d7c40a99ad76b6567a0af96fd41049a0eaafe65828
later,2018-03,2018-03,logistic_l2,logistic_l2,DPB,DPB,full,calibrated,calibrated,6,700,130,0.185714285714,0.0849231623566,0.0787722875227,0.0914065590338,0.100791123358,0.0999571612166,00ecd74f4678f94279a4064ce5804b89ed5efb257549258f93e6483fab5f789c,184fab6850ceddcb6640c6d7c40a99ad76b6567a0af96fd41049a0eaafe65828
later,2018-03,2018-03,logistic_l2,logistic_l2,DPB,DPB,full,calibrated,calibrated,7,701,150,0.213980028531,0.0991869887093,0.0914494051753,0.107238765391,0.114793039821,0.100099957161,00ecd74f4678f94279a4064ce5804b89ed5efb257549258f93e6483fab5f789c,184fab6850ceddcb6640c6d7c40a99ad76b6567a0af96fd41049a0eaafe65828
later,2018-03,2018-03,logistic_l2,logistic_l2,DPB,DPB,full,calibrated,calibrated,8,700,197,0.281428571429,0.115719790088,0.107258607305,0.125438992275,0.165708781341,0.0999571612166,00ecd74f4678f94279a4064ce5804b89ed5efb257549258f93e6483fab5f789c,184fab6850ceddcb6640c6d7c40a99ad76b6567a0af96fd41049a0eaafe65828
later,2018-03,2018-03,logistic_l2,logistic_l2,DPB,DPB,full,calibrated,calibrated,9,700,227,0.324285714286,0.140306915942,0.125550927407,0.158914739546,0.183978798343,0.0999571612166,00ecd74f4678f94279a4064ce5804b89ed5efb257549258f93e6483fab5f789c,184fab6850ceddcb6640c6d7c40a99ad76b6567a0af96fd41049a0eaafe65828
later,2018-03,2018-03,logistic_l2,logistic_l2,DPB,DPB,full,calibrated,calibrated,10,700,313,0.447142857143,0.207358701532,0.158937145361,0.618140589284,0.239784155611,0.0999571612166,00ecd74f4678f94279a4064ce5804b89ed5efb257549258f93e6483fab5f789c,184fab6850ceddcb6640c6d7c40a99ad76b6567a0af96fd41049a0eaafe65828
later,2018-03,2018-03,logistic_l2,logistic_l2,DPB,DPB,full,raw,raw,1,701,35,0.0499286733238,0.024808910685,2.05462592474e-06,0.0357657047125,0.0251197626388,0.100099957161,00ecd74f4678f94279a4064ce5804b89ed5efb257549258f93e6483fab5f789c,184fab6850ceddcb6640c6d7c40a99ad76b6567a0af96fd41049a0eaafe65828
later,2018-03,2018-03,logistic_l2,logistic_l2,DPB,DPB,full,raw,raw,2,700,78,0.111428571429,0.0416237407632,0.0357857922991,0.0470857334315,0.0698048306654,0.0999571612166,00ecd74f4678f94279a4064ce5804b89ed5efb257549258f93e6483fab5f789c,184fab6850ceddcb6640c6d7c40a99ad76b6567a0af96fd41049a0eaafe65828
later,2018-03,2018-03,logistic_l2,logistic_l2,DPB,DPB,full,raw,raw,3,700,70,0.1,0.05245273298,0.0471089231172,0.0576218784485,0.04754726702,0.0999571612166,00ecd74f4678f94279a4064ce5804b89ed5efb257549258f93e6483fab5f789c,184fab6850ceddcb6640c6d7c40a99ad76b6567a0af96fd41049a0eaafe65828
later,2018-03,2018-03,logistic_l2,logistic_l2,DPB,DPB,full,raw,raw,4,701,55,0.0784593437946,0.0624557005018,0.0576479495125,0.0676187844531,0.0160036432928,0.100099957161,00ecd74f4678f94279a4064ce5804b89ed5efb257549258f93e6483fab5f789c,184fab6850ceddcb6640c6d7c40a99ad76b6567a0af96fd41049a0eaafe65828
later,2018-03,2018-03,logistic_l2,logistic_l2,DPB,DPB,full,raw,raw,5,700,73,0.104285714286,0.0731601001066,0.0676189863044,0.0787657423439,0.0311256141791,0.0999571612166,00ecd74f4678f94279a4064ce5804b89ed5efb257549258f93e6483fab5f789c,184fab6850ceddcb6640c6d7c40a99ad76b6567a0af96fd41049a0eaafe65828
later,2018-03,2018-03,logistic_l2,logistic_l2,DPB,DPB,full,raw,raw,6,700,130,0.185714285714,0.0849231623566,0.0787722875227,0.0914065590338,0.100791123358,0.0999571612166,00ecd74f4678f94279a4064ce5804b89ed5efb257549258f93e6483fab5f789c,184fab6850ceddcb6640c6d7c40a99ad76b6567a0af96fd41049a0eaafe65828
later,2018-03,2018-03,logistic_l2,logistic_l2,DPB,DPB,full,raw,raw,7,701,150,0.213980028531,0.0991869887093,0.0914494051753,0.107238765391,0.114793039821,0.100099957161,00ecd74f4678f94279a4064ce5804b89ed5efb257549258f93e6483fab5f789c,184fab6850ceddcb6640c6d7c40a99ad76b6567a0af96fd41049a0eaafe65828
later,2018-03,2018-03,logistic_l2,logistic_l2,DPB,DPB,full,raw,raw,8,700,197,0.281428571429,0.115719790088,0.107258607305,0.125438992275,0.165708781341,0.0999571612166,00ecd74f4678f94279a4064ce5804b89ed5efb257549258f93e6483fab5f789c,184fab6850ceddcb6640c6d7c40a99ad76b6567a0af96fd41049a0eaafe65828
later,2018-03,2018-03,logistic_l2,logistic_l2,DPB,DPB,full,raw,raw,9,700,227,0.324285714286,0.140306915942,0.125550927407,0.158914739546,0.183978798343,0.0999571612166,00ecd74f4678f94279a4064ce5804b89ed5efb257549258f93e6483fab5f789c,184fab6850ceddcb6640c6d7c40a99ad76b6567a0af96fd41049a0eaafe65828
later,2018-03,2018-03,logistic_l2,logistic_l2,DPB,DPB,full,raw,raw,10,700,313,0.447142857143,0.207358701532,0.158937145361,0.618140589284,0.239784155611,0.0999571612166,00ecd74f4678f94279a4064ce5804b89ed5efb257549258f93e6483fab5f789c,184fab6850ceddcb6640c6d7c40a99ad76b6567a0af96fd41049a0eaafe65828
later,2018-03,2018-03,logistic_l2,logistic_l2,DPG,DPG,full,calibrated,calibrated,1,701,29,0.0413694721826,0.0246119872819,6.33334749988e-06,0.0382087112346,0.0167574849007,0.100099957161,4e87445cc12e7fa0e2fe82c7cfb155af1f47389e6d118c53e297abc401347be5,184fab6850ceddcb6640c6d7c40a99ad76b6567a0af96fd41049a0eaafe65828
later,2018-03,2018-03,logistic_l2,logistic_l2,DPG,DPG,full,calibrated,calibrated,2,700,74,0.105714285714,0.0424585393542,0.038267875564,0.0462781969679,0.0632557463601,0.0999571612166,4e87445cc12e7fa0e2fe82c7cfb155af1f47389e6d118c53e297abc401347be5,184fab6850ceddcb6640c6d7c40a99ad76b6567a0af96fd41049a0eaafe65828
later,2018-03,2018-03,logistic_l2,logistic_l2,DPG,DPG,full,calibrated,calibrated,3,700,97,0.138571428571,0.0508597407234,0.0462796671381,0.0580962649041,0.0877116878481,0.0999571612166,4e87445cc12e7fa0e2fe82c7cfb155af1f47389e6d118c53e297abc401347be5,184fab6850ceddcb6640c6d7c40a99ad76b6567a0af96fd41049a0eaafe65828
later,2018-03,2018-03,logistic_l2,logistic_l2,DPG,DPG,full,calibrated,calibrated,4,701,47,0.0670470756063,0.0614924750685,0.0581006268739,0.065480237236,0.00555460053773,0.100099957161,4e87445cc12e7fa0e2fe82c7cfb155af1f47389e6d118c53e297abc401347be5,184fab6850ceddcb6640c6d7c40a99ad76b6567a0af96fd41049a0eaafe65828
later,2018-03,2018-03,logistic_l2,logistic_l2,DPG,DPG,full,calibrated,calibrated,5,700,67,0.0957142857143,0.0691872078957,0.0654861375102,0.0738226969545,0.0265270778186,0.0999571612166,4e87445cc12e7fa0e2fe82c7cfb155af1f47389e6d118c53e297abc401347be5,184fab6850ceddcb6640c6d7c40a99ad76b6567a0af96fd41049a0eaafe65828
later,2018-03,2018-03,logistic_l2,logistic_l2,DPG,DPG,full,calibrated,calibrated,6,700,107,0.152857142857,0.0801733675906,0.0738268432447,0.0868863442146,0.0726837752666,0.0999571612166,4e87445cc12e7fa0e2fe82c7cfb155af1f47389e6d118c53e297abc401347be5,184fab6850ceddcb6640c6d7c40a99ad76b6567a0af96fd41049a0eaafe65828
later,2018-03,2018-03,logistic_l2,logistic_l2,DPG,DPG,full,calibrated,calibrated,7,701,163,0.232524964337,0.0942052395789,0.0868938553424,0.10140711529,0.138319724758,0.100099957161,4e87445cc12e7fa0e2fe82c7cfb155af1f47389e6d118c53e297abc401347be5,184fab6850ceddcb6640c6d7c40a99ad76b6567a0af96fd41049a0eaafe65828
later,2018-03,2018-03,logistic_l2,logistic_l2,DPG,DPG,full,calibrated,calibrated,8,700,201,0.287142857143,0.108566728413,0.101431100882,0.114944071264,0.17857612873,0.0999571612166,4e87445cc12e7fa0e2fe82c7cfb155af1f47389e6d118c53e297abc401347be5,184fab6850ceddcb6640c6d7c40a99ad76b6567a0af96fd41049a0eaafe65828
later,2018-03,2018-03,logistic_l2,logistic_l2,DPG,DPG,full,calibrated,calibrated,9,700,221,0.315714285714,0.123702651436,0.1149758823,0.134124444883,0.192011634278,0.0999571612166,4e87445cc12e7fa0e2fe82c7cfb155af1f47389e6d118c53e297abc401347be5,184fab6850ceddcb6640c6d7c40a99ad76b6567a0af96fd41049a0eaafe65828
later,2018-03,2018-03,logistic_l2,logistic_l2,DPG,DPG,full,calibrated,calibrated,10,700,322,0.46,0.163802744747,0.134269856122,0.502145117853,0.296197255253,0.0999571612166,4e87445cc12e7fa0e2fe82c7cfb155af1f47389e6d118c53e297abc401347be5,184fab6850ceddcb6640c6d7c40a99ad76b6567a0af96fd41049a0eaafe65828
later,2018-03,2018-03,logistic_l2,logistic_l2,DPG,DPG,full,raw,raw,1,701,29,0.0413694721826,0.0246119872819,6.33334749988e-06,0.0382087112346,0.0167574849007,0.100099957161,4e87445cc12e7fa0e2fe82c7cfb155af1f47389e6d118c53e297abc401347be5,184fab6850ceddcb6640c6d7c40a99ad76b6567a0af96fd41049a0eaafe65828
later,2018-03,2018-03,logistic_l2,logistic_l2,DPG,DPG,full,raw,raw,2,700,74,0.105714285714,0.0424585393542,0.038267875564,0.0462781969679,0.0632557463601,0.0999571612166,4e87445cc12e7fa0e2fe82c7cfb155af1f47389e6d118c53e297abc401347be5,184fab6850ceddcb6640c6d7c40a99ad76b6567a0af96fd41049a0eaafe65828
later,2018-03,2018-03,logistic_l2,logistic_l2,DPG,DPG,full,raw,raw,3,700,97,0.138571428571,0.0508597407234,0.0462796671381,0.0580962649041,0.0877116878481,0.0999571612166,4e87445cc12e7fa0e2fe82c7cfb155af1f47389e6d118c53e297abc401347be5,184fab6850ceddcb6640c6d7c40a99ad76b6567a0af96fd41049a0eaafe65828
later,2018-03,2018-03,logistic_l2,logistic_l2,DPG,DPG,full,raw,raw,4,701,47,0.0670470756063,0.0614924750685,0.0581006268739,0.065480237236,0.00555460053773,0.100099957161,4e87445cc12e7fa0e2fe82c7cfb155af1f47389e6d118c53e297abc401347be5,184fab6850ceddcb6640c6d7c40a99ad76b6567a0af96fd41049a0eaafe65828
later,2018-03,2018-03,logistic_l2,logistic_l2,DPG,DPG,full,raw,raw,5,700,67,0.0957142857143,0.0691872078957,0.0654861375102,0.0738226969545,0.0265270778186,0.0999571612166,4e87445cc12e7fa0e2fe82c7cfb155af1f47389e6d118c53e297abc401347be5,184fab6850ceddcb6640c6d7c40a99ad76b6567a0af96fd41049a0eaafe65828
later,2018-03,2018-03,logistic_l2,logistic_l2,DPG,DPG,full,raw,raw,6,700,107,0.152857142857,0.0801733675906,0.0738268432447,0.0868863442146,0.0726837752666,0.0999571612166,4e87445cc12e7fa0e2fe82c7cfb155af1f47389e6d118c53e297abc401347be5,184fab6850ceddcb6640c6d7c40a99ad76b6567a0af96fd41049a0eaafe65828
later,2018-03,2018-03,logistic_l2,logistic_l2,DPG,DPG,full,raw,raw,7,701,163,0.232524964337,0.0942052395789,0.0868938553424,0.10140711529,0.138319724758,0.100099957161,4e87445cc12e7fa0e2fe82c7cfb155af1f47389e6d118c53e297abc401347be5,184fab6850ceddcb6640c6d7c40a99ad76b6567a0af96fd41049a0eaafe65828
later,2018-03,2018-03,logistic_l2,logistic_l2,DPG,DPG,full,raw,raw,8,700,201,0.287142857143,0.108566728413,0.101431100882,0.114944071264,0.17857612873,0.0999571612166,4e87445cc12e7fa0e2fe82c7cfb155af1f47389e6d118c53e297abc401347be5,184fab6850ceddcb6640c6d7c40a99ad76b6567a0af96fd41049a0eaafe65828
later,2018-03,2018-03,logistic_l2,logistic_l2,DPG,DPG,full,raw,raw,9,700,221,0.315714285714,0.123702651436,0.1149758823,0.134124444883,0.192011634278,0.0999571612166,4e87445cc12e7fa0e2fe82c7cfb155af1f47389e6d118c53e297abc401347be5,184fab6850ceddcb6640c6d7c40a99ad76b6567a0af96fd41049a0eaafe65828
later,2018-03,2018-03,logistic_l2,logistic_l2,DPG,DPG,full,raw,raw,10,700,322,0.46,0.163802744747,0.134269856122,0.502145117853,0.296197255253,0.0999571612166,4e87445cc12e7fa0e2fe82c7cfb155af1f47389e6d118c53e297abc401347be5,184fab6850ceddcb6640c6d7c40a99ad76b6567a0af96fd41049a0eaafe65828
later,2018-03,2018-03,logistic_l2,logistic_l2,DPS,DPS,full,calibrated,calibrated,1,701,111,0.158345221113,0.0392638421078,0.0217983272777,0.0419434785159,0.119081379005,0.100099957161,996acd971bf78b1f76d43b63482c3a11619744aea3fcb1f886fdbd1a83a7a927,184fab6850ceddcb6640c6d7c40a99ad76b6567a0af96fd41049a0eaafe65828
later,2018-03,2018-03,logistic_l2,logistic_l2,DPS,DPS,full,calibrated,calibrated,2,700,122,0.174285714286,0.043567492518,0.0419589901123,0.0449783363095,0.130718221768,0.0999571612166,996acd971bf78b1f76d43b63482c3a11619744aea3fcb1f886fdbd1a83a7a927,184fab6850ceddcb6640c6d7c40a99ad76b6567a0af96fd41049a0eaafe65828
later,2018-03,2018-03,logistic_l2,logistic_l2,DPS,DPS,full,calibrated,calibrated,3,700,128,0.182857142857,0.046330453325,0.0449803847474,0.0475567072972,0.136526689532,0.0999571612166,996acd971bf78b1f76d43b63482c3a11619744aea3fcb1f886fdbd1a83a7a927,184fab6850ceddcb6640c6d7c40a99ad76b6567a0af96fd41049a0eaafe65828
later,2018-03,2018-03,logistic_l2,logistic_l2,DPS,DPS,full,calibrated,calibrated,4,701,134,0.191155492154,0.0488012992976,0.0475584817527,0.0501319790274,0.142354192857,0.100099957161,996acd971bf78b1f76d43b63482c3a11619744aea3fcb1f886fdbd1a83a7a927,184fab6850ceddcb6640c6d7c40a99ad76b6567a0af96fd41049a0eaafe65828
later,2018-03,2018-03,logistic_l2,logistic_l2,DPS,DPS,full,calibrated,calibrated,5,700,167,0.238571428571,0.0515566466052,0.0501438260329,0.0530097086193,0.187014781966,0.0999571612166,996acd971bf78b1f76d43b63482c3a11619744aea3fcb1f886fdbd1a83a7a927,184fab6850ceddcb6640c6d7c40a99ad76b6567a0af96fd41049a0eaafe65828
later,2018-03,2018-03,logistic_l2,logistic_l2,DPS,DPS,full,calibrated,calibrated,6,700,158,0.225714285714,0.0544609352826,0.0530123902677,0.0561774156545,0.171253350432,0.0999571612166,996acd971bf78b1f76d43b63482c3a11619744aea3fcb1f886fdbd1a83a7a927,184fab6850ceddcb6640c6d7c40a99ad76b6567a0af96fd41049a0eaafe65828
later,2018-03,2018-03,logistic_l2,logistic_l2,DPS,DPS,full,calibrated,calibrated,7,701,110,0.156918687589,0.0581506128968,0.0561819890249,0.0604161181512,0.0987680746924,0.100099957161,996acd971bf78b1f76d43b63482c3a11619744aea3fcb1f886fdbd1a83a7a927,184fab6850ceddcb6640c6d7c40a99ad76b6567a0af96fd41049a0eaafe65828
later,2018-03,2018-03,logistic_l2,logistic_l2,DPS,DPS,full,calibrated,calibrated,8,700,128,0.182857142857,0.0637044964037,0.060424125663,0.0671373101418,0.119152646453,0.0999571612166,996acd971bf78b1f76d43b63482c3a11619744aea3fcb1f886fdbd1a83a7a927,184fab6850ceddcb6640c6d7c40a99ad76b6567a0af96fd41049a0eaafe65828
later,2018-03,2018-03,logistic_l2,logistic_l2,DPS,DPS,full,calibrated,calibrated,9,700,124,0.177142857143,0.0711107872244,0.0671465238022,0.0757498955372,0.106032069918,0.0999571612166,996acd971bf78b1f76d43b63482c3a11619744aea3fcb1f886fdbd1a83a7a927,184fab6850ceddcb6640c6d7c40a99ad76b6567a0af96fd41049a0eaafe65828
later,2018-03,2018-03,logistic_l2,logistic_l2,DPS,DPS,full,calibrated,calibrated,10,700,146,0.208571428571,0.0911012150528,0.0757519797933,0.16260579016,0.117470213519,0.0999571612166,996acd971bf78b1f76d43b63482c3a11619744aea3fcb1f886fdbd1a83a7a927,184fab6850ceddcb6640c6d7c40a99ad76b6567a0af96fd41049a0eaafe65828
later,2018-03,2018-03,logistic_l2,logistic_l2,DPS,DPS,full,raw,raw,1,701,111,0.158345221113,0.0392638421078,0.0217983272777,0.0419434785159,0.119081379005,0.100099957161,996acd971bf78b1f76d43b63482c3a11619744aea3fcb1f886fdbd1a83a7a927,184fab6850ceddcb6640c6d7c40a99ad76b6567a0af96fd41049a0eaafe65828
later,2018-03,2018-03,logistic_l2,logistic_l2,DPS,DPS,full,raw,raw,2,700,122,0.174285714286,0.043567492518,0.0419589901123,0.0449783363095,0.130718221768,0.0999571612166,996acd971bf78b1f76d43b63482c3a11619744aea3fcb1f886fdbd1a83a7a927,184fab6850ceddcb6640c6d7c40a99ad76b6567a0af96fd41049a0eaafe65828
later,2018-03,2018-03,logistic_l2,logistic_l2,DPS,DPS,full,raw,raw,3,700,128,0.182857142857,0.046330453325,0.0449803847474,0.0475567072972,0.136526689532,0.0999571612166,996acd971bf78b1f76d43b63482c3a11619744aea3fcb1f886fdbd1a83a7a927,184fab6850ceddcb6640c6d7c40a99ad76b6567a0af96fd41049a0eaafe65828
later,2018-03,2018-03,logistic_l2,logistic_l2,DPS,DPS,full,raw,raw,4,701,134,0.191155492154,0.0488012992976,0.0475584817527,0.0501319790274,0.142354192857,0.100099957161,996acd971bf78b1f76d43b63482c3a11619744aea3fcb1f886fdbd1a83a7a927,184fab6850ceddcb6640c6d7c40a99ad76b6567a0af96fd41049a0eaafe65828
later,2018-03,2018-03,logistic_l2,logistic_l2,DPS,DPS,full,raw,raw,5,700,167,0.238571428571,0.0515566466052,0.0501438260329,0.0530097086193,0.187014781966,0.0999571612166,996acd971bf78b1f76d43b63482c3a11619744aea3fcb1f886fdbd1a83a7a927,184fab6850ceddcb6640c6d7c40a99ad76b6567a0af96fd41049a0eaafe65828
later,2018-03,2018-03,logistic_l2,logistic_l2,DPS,DPS,full,raw,raw,6,700,158,0.225714285714,0.0544609352826,0.0530123902677,0.0561774156545,0.171253350432,0.0999571612166,996acd971bf78b1f76d43b63482c3a11619744aea3fcb1f886fdbd1a83a7a927,184fab6850ceddcb6640c6d7c40a99ad76b6567a0af96fd41049a0eaafe65828
later,2018-03,2018-03,logistic_l2,logistic_l2,DPS,DPS,full,raw,raw,7,701,110,0.156918687589,0.0581506128968,0.0561819890249,0.0604161181512,0.0987680746924,0.100099957161,996acd971bf78b1f76d43b63482c3a11619744aea3fcb1f886fdbd1a83a7a927,184fab6850ceddcb6640c6d7c40a99ad76b6567a0af96fd41049a0eaafe65828
later,2018-03,2018-03,logistic_l2,logistic_l2,DPS,DPS,full,raw,raw,8,700,128,0.182857142857,0.0637044964037,0.060424125663,0.0671373101418,0.119152646453,0.0999571612166,996acd971bf78b1f76d43b63482c3a11619744aea3fcb1f886fdbd1a83a7a927,184fab6850ceddcb6640c6d7c40a99ad76b6567a0af96fd41049a0eaafe65828
later,2018-03,2018-03,logistic_l2,logistic_l2,DPS,DPS,full,raw,raw,9,700,124,0.177142857143,0.0711107872244,0.0671465238022,0.0757498955372,0.106032069918,0.0999571612166,996acd971bf78b1f76d43b63482c3a11619744aea3fcb1f886fdbd1a83a7a927,184fab6850ceddcb6640c6d7c40a99ad76b6567a0af96fd41049a0eaafe65828
later,2018-03,2018-03,logistic_l2,logistic_l2,DPS,DPS,full,raw,raw,10,700,146,0.208571428571,0.0911012150528,0.0757519797933,0.16260579016,0.117470213519,0.0999571612166,996acd971bf78b1f76d43b63482c3a11619744aea3fcb1f886fdbd1a83a7a927,184fab6850ceddcb6640c6d7c40a99ad76b6567a0af96fd41049a0eaafe65828
later,2018-03,2018-03,xgboost,xgboost,DP0,DP0,full,calibrated,calibrated,1,701,65,0.09272467903,0.0503195052151,0.0479144416749,0.0510089956224,0.0424051738149,0.100099957161,79c5a2f1cade524e958f369549b205b1a45b0631b789d48296a39bef69e8d9a2,184fab6850ceddcb6640c6d7c40a99ad76b6567a0af96fd41049a0eaafe65828
later,2018-03,2018-03,xgboost,xgboost,DP0,DP0,full,calibrated,calibrated,2,700,45,0.0642857142857,0.0510089956224,0.0510089956224,0.0510089956224,0.0132767186633,0.0999571612166,79c5a2f1cade524e958f369549b205b1a45b0631b789d48296a39bef69e8d9a2,184fab6850ceddcb6640c6d7c40a99ad76b6567a0af96fd41049a0eaafe65828
later,2018-03,2018-03,xgboost,xgboost,DP0,DP0,full,calibrated,calibrated,3,700,96,0.137142857143,0.0512156151395,0.0510089956224,0.0514433309436,0.0859272420034,0.0999571612166,79c5a2f1cade524e958f369549b205b1a45b0631b789d48296a39bef69e8d9a2,184fab6850ceddcb6640c6d7c40a99ad76b6567a0af96fd41049a0eaafe65828
later,2018-03,2018-03,xgboost,xgboost,DP0,DP0,full,calibrated,calibrated,4,701,143,0.203994293866,0.0515167741118,0.0514433309436,0.0518833622336,0.152477519754,0.100099957161,79c5a2f1cade524e958f369549b205b1a45b0631b789d48296a39bef69e8d9a2,184fab6850ceddcb6640c6d7c40a99ad76b6567a0af96fd41049a0eaafe65828
later,2018-03,2018-03,xgboost,xgboost,DP0,DP0,full,calibrated,calibrated,5,700,154,0.22,0.0523195571985,0.0518833622336,0.0525127872825,0.167680442802,0.0999571612166,79c5a2f1cade524e958f369549b205b1a45b0631b789d48296a39bef69e8d9a2,184fab6850ceddcb6640c6d7c40a99ad76b6567a0af96fd41049a0eaafe65828
later,2018-03,2018-03,xgboost,xgboost,DP0,DP0,full,calibrated,calibrated,6,700,152,0.217142857143,0.0525127872825,0.0525127872825,0.0525127872825,0.16463006986,0.0999571612166,79c5a2f1cade524e958f369549b205b1a45b0631b789d48296a39bef69e8d9a2,184fab6850ceddcb6640c6d7c40a99ad76b6567a0af96fd41049a0eaafe65828
later,2018-03,2018-03,xgboost,xgboost,DP0,DP0,full,calibrated,calibrated,7,701,150,0.213980028531,0.0525127872825,0.0525127872825,0.0525127872825,0.161467241248,0.100099957161,79c5a2f1cade524e958f369549b205b1a45b0631b789d48296a39bef69e8d9a2,184fab6850ceddcb6640c6d7c40a99ad76b6567a0af96fd41049a0eaafe65828
later,2018-03,2018-03,xgboost,xgboost,DP0,DP0,full,calibrated,calibrated,8,700,177,0.252857142857,0.0525127872825,0.0525127872825,0.0525127872825,0.200344355575,0.0999571612166,79c5a2f1cade524e958f369549b205b1a45b0631b789d48296a39bef69e8d9a2,184fab6850ceddcb6640c6d7c40a99ad76b6567a0af96fd41049a0eaafe65828
later,2018-03,2018-03,xgboost,xgboost,DP0,DP0,full,calibrated,calibrated,9,700,155,0.221428571429,0.0525127872825,0.0525127872825,0.0525127872825,0.168915784146,0.0999571612166,79c5a2f1cade524e958f369549b205b1a45b0631b789d48296a39bef69e8d9a2,184fab6850ceddcb6640c6d7c40a99ad76b6567a0af96fd41049a0eaafe65828
later,2018-03,2018-03,xgboost,xgboost,DP0,DP0,full,calibrated,calibrated,10,700,191,0.272857142857,0.0535322830081,0.0525127872825,0.060074865818,0.219324859849,0.0999571612166,79c5a2f1cade524e958f369549b205b1a45b0631b789d48296a39bef69e8d9a2,184fab6850ceddcb6640c6d7c40a99ad76b6567a0af96fd41049a0eaafe65828
later,2018-03,2018-03,xgboost,xgboost,DP0,DP0,full,raw,raw,1,701,65,0.09272467903,0.0503195052151,0.0479144416749,0.0510089956224,0.0424051738149,0.100099957161,79c5a2f1cade524e958f369549b205b1a45b0631b789d48296a39bef69e8d9a2,184fab6850ceddcb6640c6d7c40a99ad76b6567a0af96fd41049a0eaafe65828
later,2018-03,2018-03,xgboost,xgboost,DP0,DP0,full,raw,raw,2,700,45,0.0642857142857,0.0510089956224,0.0510089956224,0.0510089956224,0.0132767186633,0.0999571612166,79c5a2f1cade524e958f369549b205b1a45b0631b789d48296a39bef69e8d9a2,184fab6850ceddcb6640c6d7c40a99ad76b6567a0af96fd41049a0eaafe65828
later,2018-03,2018-03,xgboost,xgboost,DP0,DP0,full,raw,raw,3,700,96,0.137142857143,0.0512156151395,0.0510089956224,0.0514433309436,0.0859272420034,0.0999571612166,79c5a2f1cade524e958f369549b205b1a45b0631b789d48296a39bef69e8d9a2,184fab6850ceddcb6640c6d7c40a99ad76b6567a0af96fd41049a0eaafe65828
later,2018-03,2018-03,xgboost,xgboost,DP0,DP0,full,raw,raw,4,701,143,0.203994293866,0.0515167741118,0.0514433309436,0.0518833622336,0.152477519754,0.100099957161,79c5a2f1cade524e958f369549b205b1a45b0631b789d48296a39bef69e8d9a2,184fab6850ceddcb6640c6d7c40a99ad76b6567a0af96fd41049a0eaafe65828
later,2018-03,2018-03,xgboost,xgboost,DP0,DP0,full,raw,raw,5,700,154,0.22,0.0523195571985,0.0518833622336,0.0525127872825,0.167680442802,0.0999571612166,79c5a2f1cade524e958f369549b205b1a45b0631b789d48296a39bef69e8d9a2,184fab6850ceddcb6640c6d7c40a99ad76b6567a0af96fd41049a0eaafe65828
later,2018-03,2018-03,xgboost,xgboost,DP0,DP0,full,raw,raw,6,700,152,0.217142857143,0.0525127872825,0.0525127872825,0.0525127872825,0.16463006986,0.0999571612166,79c5a2f1cade524e958f369549b205b1a45b0631b789d48296a39bef69e8d9a2,184fab6850ceddcb6640c6d7c40a99ad76b6567a0af96fd41049a0eaafe65828
later,2018-03,2018-03,xgboost,xgboost,DP0,DP0,full,raw,raw,7,701,150,0.213980028531,0.0525127872825,0.0525127872825,0.0525127872825,0.161467241248,0.100099957161,79c5a2f1cade524e958f369549b205b1a45b0631b789d48296a39bef69e8d9a2,184fab6850ceddcb6640c6d7c40a99ad76b6567a0af96fd41049a0eaafe65828
later,2018-03,2018-03,xgboost,xgboost,DP0,DP0,full,raw,raw,8,700,177,0.252857142857,0.0525127872825,0.0525127872825,0.0525127872825,0.200344355575,0.0999571612166,79c5a2f1cade524e958f369549b205b1a45b0631b789d48296a39bef69e8d9a2,184fab6850ceddcb6640c6d7c40a99ad76b6567a0af96fd41049a0eaafe65828
later,2018-03,2018-03,xgboost,xgboost,DP0,DP0,full,raw,raw,9,700,155,0.221428571429,0.0525127872825,0.0525127872825,0.0525127872825,0.168915784146,0.0999571612166,79c5a2f1cade524e958f369549b205b1a45b0631b789d48296a39bef69e8d9a2,184fab6850ceddcb6640c6d7c40a99ad76b6567a0af96fd41049a0eaafe65828
later,2018-03,2018-03,xgboost,xgboost,DP0,DP0,full,raw,raw,10,700,191,0.272857142857,0.0535322830081,0.0525127872825,0.060074865818,0.219324859849,0.0999571612166,79c5a2f1cade524e958f369549b205b1a45b0631b789d48296a39bef69e8d9a2,184fab6850ceddcb6640c6d7c40a99ad76b6567a0af96fd41049a0eaafe65828
later,2018-03,2018-03,xgboost,xgboost,DPB,DPB,full,calibrated,calibrated,1,701,38,0.0542082738944,0.0493976626062,0.0490420050919,0.0494689159095,0.00481061128828,0.100099957161,c50de25c29db4a2b16e16537f934d9bdfcaace91a1f8f4d55886e11093615b76,184fab6850ceddcb6640c6d7c40a99ad76b6567a0af96fd41049a0eaafe65828
later,2018-03,2018-03,xgboost,xgboost,DPB,DPB,full,calibrated,calibrated,2,700,50,0.0714285714286,0.049504457345,0.0494689159095,0.0499858260155,0.0219241140836,0.0999571612166,c50de25c29db4a2b16e16537f934d9bdfcaace91a1f8f4d55886e11093615b76,184fab6850ceddcb6640c6d7c40a99ad76b6567a0af96fd41049a0eaafe65828
later,2018-03,2018-03,xgboost,xgboost,DPB,DPB,full,calibrated,calibrated,3,700,70,0.1,0.0502229195833,0.0499858260155,0.0512994937599,0.0497770804167,0.0999571612166,c50de25c29db4a2b16e16537f934d9bdfcaace91a1f8f4d55886e11093615b76,184fab6850ceddcb6640c6d7c40a99ad76b6567a0af96fd41049a0eaafe65828
later,2018-03,2018-03,xgboost,xgboost,DPB,DPB,full,calibrated,calibrated,4,701,63,0.0898716119829,0.0513653232212,0.0512994937599,0.0513692013919,0.0385062887616,0.100099957161,c50de25c29db4a2b16e16537f934d9bdfcaace91a1f8f4d55886e11093615b76,184fab6850ceddcb6640c6d7c40a99ad76b6567a0af96fd41049a0eaafe65828
later,2018-03,2018-03,xgboost,xgboost,DPB,DPB,full,calibrated,calibrated,5,700,120,0.171428571429,0.0529572828061,0.0513692013919,0.0533509999514,0.118471288622,0.0999571612166,c50de25c29db4a2b16e16537f934d9bdfcaace91a1f8f4d55886e11093615b76,184fab6850ceddcb6640c6d7c40a99ad76b6567a0af96fd41049a0eaafe65828
later,2018-03,2018-03,xgboost,xgboost,DPB,DPB,full,calibrated,calibrated,6,700,123,0.175714285714,0.0533509999514,0.0533509999514,0.0533509999514,0.122363285763,0.0999571612166,c50de25c29db4a2b16e16537f934d9bdfcaace91a1f8f4d55886e11093615b76,184fab6850ceddcb6640c6d7c40a99ad76b6567a0af96fd41049a0eaafe65828
later,2018-03,2018-03,xgboost,xgboost,DPB,DPB,full,calibrated,calibrated,7,701,150,0.213980028531,0.0538795206765,0.0533509999514,0.0551425516605,0.160100507854,0.100099957161,c50de25c29db4a2b16e16537f934d9bdfcaace91a1f8f4d55886e11093615b76,184fab6850ceddcb6640c6d7c40a99ad76b6567a0af96fd41049a0eaafe65828
later,2018-03,2018-03,xgboost,xgboost,DPB,DPB,full,calibrated,calibrated,8,700,224,0.32,0.0551425516605,0.0551425516605,0.0551425516605,0.264857448339,0.0999571612166,c50de25c29db4a2b16e16537f934d9bdfcaace91a1f8f4d55886e11093615b76,184fab6850ceddcb6640c6d7c40a99ad76b6567a0af96fd41049a0eaafe65828
later,2018-03,2018-03,xgboost,xgboost,DPB,DPB,full,calibrated,calibrated,9,700,251,0.358571428571,0.0551425516605,0.0551425516605,0.0551425516605,0.303428876911,0.0999571612166,c50de25c29db4a2b16e16537f934d9bdfcaace91a1f8f4d55886e11093615b76,184fab6850ceddcb6640c6d7c40a99ad76b6567a0af96fd41049a0eaafe65828
later,2018-03,2018-03,xgboost,xgboost,DPB,DPB,full,calibrated,calibrated,10,700,239,0.341428571429,0.055615742164,0.0551425516605,0.0620600171387,0.285812829265,0.0999571612166,c50de25c29db4a2b16e16537f934d9bdfcaace91a1f8f4d55886e11093615b76,184fab6850ceddcb6640c6d7c40a99ad76b6567a0af96fd41049a0eaafe65828
later,2018-03,2018-03,xgboost,xgboost,DPB,DPB,full,raw,raw,1,701,38,0.0542082738944,0.0493976626062,0.0490420050919,0.0494689159095,0.00481061128828,0.100099957161,c50de25c29db4a2b16e16537f934d9bdfcaace91a1f8f4d55886e11093615b76,184fab6850ceddcb6640c6d7c40a99ad76b6567a0af96fd41049a0eaafe65828
later,2018-03,2018-03,xgboost,xgboost,DPB,DPB,full,raw,raw,2,700,50,0.0714285714286,0.049504457345,0.0494689159095,0.0499858260155,0.0219241140836,0.0999571612166,c50de25c29db4a2b16e16537f934d9bdfcaace91a1f8f4d55886e11093615b76,184fab6850ceddcb6640c6d7c40a99ad76b6567a0af96fd41049a0eaafe65828
later,2018-03,2018-03,xgboost,xgboost,DPB,DPB,full,raw,raw,3,700,70,0.1,0.0502229195833,0.0499858260155,0.0512994937599,0.0497770804167,0.0999571612166,c50de25c29db4a2b16e16537f934d9bdfcaace91a1f8f4d55886e11093615b76,184fab6850ceddcb6640c6d7c40a99ad76b6567a0af96fd41049a0eaafe65828
later,2018-03,2018-03,xgboost,xgboost,DPB,DPB,full,raw,raw,4,701,63,0.0898716119829,0.0513653232212,0.0512994937599,0.0513692013919,0.0385062887616,0.100099957161,c50de25c29db4a2b16e16537f934d9bdfcaace91a1f8f4d55886e11093615b76,184fab6850ceddcb6640c6d7c40a99ad76b6567a0af96fd41049a0eaafe65828
later,2018-03,2018-03,xgboost,xgboost,DPB,DPB,full,raw,raw,5,700,120,0.171428571429,0.0529572828061,0.0513692013919,0.0533509999514,0.118471288622,0.0999571612166,c50de25c29db4a2b16e16537f934d9bdfcaace91a1f8f4d55886e11093615b76,184fab6850ceddcb6640c6d7c40a99ad76b6567a0af96fd41049a0eaafe65828
later,2018-03,2018-03,xgboost,xgboost,DPB,DPB,full,raw,raw,6,700,123,0.175714285714,0.0533509999514,0.0533509999514,0.0533509999514,0.122363285763,0.0999571612166,c50de25c29db4a2b16e16537f934d9bdfcaace91a1f8f4d55886e11093615b76,184fab6850ceddcb6640c6d7c40a99ad76b6567a0af96fd41049a0eaafe65828
later,2018-03,2018-03,xgboost,xgboost,DPB,DPB,full,raw,raw,7,701,150,0.213980028531,0.0538795206765,0.0533509999514,0.0551425516605,0.160100507854,0.100099957161,c50de25c29db4a2b16e16537f934d9bdfcaace91a1f8f4d55886e11093615b76,184fab6850ceddcb6640c6d7c40a99ad76b6567a0af96fd41049a0eaafe65828
later,2018-03,2018-03,xgboost,xgboost,DPB,DPB,full,raw,raw,8,700,224,0.32,0.0551425516605,0.0551425516605,0.0551425516605,0.264857448339,0.0999571612166,c50de25c29db4a2b16e16537f934d9bdfcaace91a1f8f4d55886e11093615b76,184fab6850ceddcb6640c6d7c40a99ad76b6567a0af96fd41049a0eaafe65828
later,2018-03,2018-03,xgboost,xgboost,DPB,DPB,full,raw,raw,9,700,251,0.358571428571,0.0551425516605,0.0551425516605,0.0551425516605,0.303428876911,0.0999571612166,c50de25c29db4a2b16e16537f934d9bdfcaace91a1f8f4d55886e11093615b76,184fab6850ceddcb6640c6d7c40a99ad76b6567a0af96fd41049a0eaafe65828
later,2018-03,2018-03,xgboost,xgboost,DPB,DPB,full,raw,raw,10,700,239,0.341428571429,0.055615742164,0.0551425516605,0.0620600171387,0.285812829265,0.0999571612166,c50de25c29db4a2b16e16537f934d9bdfcaace91a1f8f4d55886e11093615b76,184fab6850ceddcb6640c6d7c40a99ad76b6567a0af96fd41049a0eaafe65828
later,2018-03,2018-03,xgboost,xgboost,DPG,DPG,full,calibrated,calibrated,1,701,77,0.109843081312,0.0478814058006,0.0478814058006,0.0478814058006,0.0619616755118,0.100099957161,97c147f3d44dcd90ddfb296894c87bcc28cf63ee52aa9cd45f2e31db14ab8363,184fab6850ceddcb6640c6d7c40a99ad76b6567a0af96fd41049a0eaafe65828
later,2018-03,2018-03,xgboost,xgboost,DPG,DPG,full,calibrated,calibrated,2,700,58,0.0828571428571,0.0488803872839,0.0478814058006,0.0494183003902,0.0339767555733,0.0999571612166,97c147f3d44dcd90ddfb296894c87bcc28cf63ee52aa9cd45f2e31db14ab8363,184fab6850ceddcb6640c6d7c40a99ad76b6567a0af96fd41049a0eaafe65828
later,2018-03,2018-03,xgboost,xgboost,DPG,DPG,full,calibrated,calibrated,3,700,53,0.0757142857143,0.0494183003902,0.0494183003902,0.0494183003902,0.026295985324,0.0999571612166,97c147f3d44dcd90ddfb296894c87bcc28cf63ee52aa9cd45f2e31db14ab8363,184fab6850ceddcb6640c6d7c40a99ad76b6567a0af96fd41049a0eaafe65828
later,2018-03,2018-03,xgboost,xgboost,DPG,DPG,full,calibrated,calibrated,4,701,58,0.0827389443652,0.0509635047474,0.0494183003902,0.0518726073205,0.0317754396178,0.100099957161,97c147f3d44dcd90ddfb296894c87bcc28cf63ee52aa9cd45f2e31db14ab8363,184fab6850ceddcb6640c6d7c40a99ad76b6567a0af96fd41049a0eaafe65828
later,2018-03,2018-03,xgboost,xgboost,DPG,DPG,full,calibrated,calibrated,5,700,98,0.14,0.0521538361056,0.0518726073205,0.0540022142231,0.0878461638944,0.0999571612166,97c147f3d44dcd90ddfb296894c87bcc28cf63ee52aa9cd45f2e31db14ab8363,184fab6850ceddcb6640c6d7c40a99ad76b6567a0af96fd41049a0eaafe65828
later,2018-03,2018-03,xgboost,xgboost,DPG,DPG,full,calibrated,calibrated,6,700,120,0.171428571429,0.0540022142231,0.0540022142231,0.0540022142231,0.117426357205,0.0999571612166,97c147f3d44dcd90ddfb296894c87bcc28cf63ee52aa9cd45f2e31db14ab8363,184fab6850ceddcb6640c6d7c40a99ad76b6567a0af96fd41049a0eaafe65828
later,2018-03,2018-03,xgboost,xgboost,DPG,DPG,full,calibrated,calibrated,7,701,160,0.228245363766,0.0543127473173,0.0540022142231,0.0549088157713,0.173932616449,0.100099957161,97c147f3d44dcd90ddfb296894c87bcc28cf63ee52aa9cd45f2e31db14ab8363,184fab6850ceddcb6640c6d7c40a99ad76b6567a0af96fd41049a0eaafe65828
later,2018-03,2018-03,xgboost,xgboost,DPG,DPG,full,calibrated,calibrated,8,700,231,0.33,0.0549088157713,0.0549088157713,0.0549088157713,0.275091184229,0.0999571612166,97c147f3d44dcd90ddfb296894c87bcc28cf63ee52aa9cd45f2e31db14ab8363,184fab6850ceddcb6640c6d7c40a99ad76b6567a0af96fd41049a0eaafe65828
later,2018-03,2018-03,xgboost,xgboost,DPG,DPG,full,calibrated,calibrated,9,700,243,0.347142857143,0.0549088157713,0.0549088157713,0.0549088157713,0.292234041372,0.0999571612166,97c147f3d44dcd90ddfb296894c87bcc28cf63ee52aa9cd45f2e31db14ab8363,184fab6850ceddcb6640c6d7c40a99ad76b6567a0af96fd41049a0eaafe65828
later,2018-03,2018-03,xgboost,xgboost,DPG,DPG,full,calibrated,calibrated,10,700,230,0.328571428571,0.055165255852,0.0549088157713,0.0564264692366,0.273406172719,0.0999571612166,97c147f3d44dcd90ddfb296894c87bcc28cf63ee52aa9cd45f2e31db14ab8363,184fab6850ceddcb6640c6d7c40a99ad76b6567a0af96fd41049a0eaafe65828
later,2018-03,2018-03,xgboost,xgboost,DPG,DPG,full,raw,raw,1,701,77,0.109843081312,0.0478814058006,0.0478814058006,0.0478814058006,0.0619616755118,0.100099957161,97c147f3d44dcd90ddfb296894c87bcc28cf63ee52aa9cd45f2e31db14ab8363,184fab6850ceddcb6640c6d7c40a99ad76b6567a0af96fd41049a0eaafe65828
later,2018-03,2018-03,xgboost,xgboost,DPG,DPG,full,raw,raw,2,700,58,0.0828571428571,0.0488803872839,0.0478814058006,0.0494183003902,0.0339767555733,0.0999571612166,97c147f3d44dcd90ddfb296894c87bcc28cf63ee52aa9cd45f2e31db14ab8363,184fab6850ceddcb6640c6d7c40a99ad76b6567a0af96fd41049a0eaafe65828
later,2018-03,2018-03,xgboost,xgboost,DPG,DPG,full,raw,raw,3,700,53,0.0757142857143,0.0494183003902,0.0494183003902,0.0494183003902,0.026295985324,0.0999571612166,97c147f3d44dcd90ddfb296894c87bcc28cf63ee52aa9cd45f2e31db14ab8363,184fab6850ceddcb6640c6d7c40a99ad76b6567a0af96fd41049a0eaafe65828
later,2018-03,2018-03,xgboost,xgboost,DPG,DPG,full,raw,raw,4,701,58,0.0827389443652,0.0509635047474,0.0494183003902,0.0518726073205,0.0317754396178,0.100099957161,97c147f3d44dcd90ddfb296894c87bcc28cf63ee52aa9cd45f2e31db14ab8363,184fab6850ceddcb6640c6d7c40a99ad76b6567a0af96fd41049a0eaafe65828
later,2018-03,2018-03,xgboost,xgboost,DPG,DPG,full,raw,raw,5,700,98,0.14,0.0521538361056,0.0518726073205,0.0540022142231,0.0878461638944,0.0999571612166,97c147f3d44dcd90ddfb296894c87bcc28cf63ee52aa9cd45f2e31db14ab8363,184fab6850ceddcb6640c6d7c40a99ad76b6567a0af96fd41049a0eaafe65828
later,2018-03,2018-03,xgboost,xgboost,DPG,DPG,full,raw,raw,6,700,120,0.171428571429,0.0540022142231,0.0540022142231,0.0540022142231,0.117426357205,0.0999571612166,97c147f3d44dcd90ddfb296894c87bcc28cf63ee52aa9cd45f2e31db14ab8363,184fab6850ceddcb6640c6d7c40a99ad76b6567a0af96fd41049a0eaafe65828
later,2018-03,2018-03,xgboost,xgboost,DPG,DPG,full,raw,raw,7,701,160,0.228245363766,0.0543127473173,0.0540022142231,0.0549088157713,0.173932616449,0.100099957161,97c147f3d44dcd90ddfb296894c87bcc28cf63ee52aa9cd45f2e31db14ab8363,184fab6850ceddcb6640c6d7c40a99ad76b6567a0af96fd41049a0eaafe65828
later,2018-03,2018-03,xgboost,xgboost,DPG,DPG,full,raw,raw,8,700,231,0.33,0.0549088157713,0.0549088157713,0.0549088157713,0.275091184229,0.0999571612166,97c147f3d44dcd90ddfb296894c87bcc28cf63ee52aa9cd45f2e31db14ab8363,184fab6850ceddcb6640c6d7c40a99ad76b6567a0af96fd41049a0eaafe65828
later,2018-03,2018-03,xgboost,xgboost,DPG,DPG,full,raw,raw,9,700,243,0.347142857143,0.0549088157713,0.0549088157713,0.0549088157713,0.292234041372,0.0999571612166,97c147f3d44dcd90ddfb296894c87bcc28cf63ee52aa9cd45f2e31db14ab8363,184fab6850ceddcb6640c6d7c40a99ad76b6567a0af96fd41049a0eaafe65828
later,2018-03,2018-03,xgboost,xgboost,DPG,DPG,full,raw,raw,10,700,230,0.328571428571,0.055165255852,0.0549088157713,0.0564264692366,0.273406172719,0.0999571612166,97c147f3d44dcd90ddfb296894c87bcc28cf63ee52aa9cd45f2e31db14ab8363,184fab6850ceddcb6640c6d7c40a99ad76b6567a0af96fd41049a0eaafe65828
later,2018-03,2018-03,xgboost,xgboost,DPS,DPS,full,calibrated,calibrated,1,701,76,0.108416547789,0.0501556077098,0.049320731312,0.0504399873316,0.0582609400791,0.100099957161,4206c1b12dc74db1d5faa9cac22e1cf55e9cec0d5efc430aa73b6cf09425f63b,184fab6850ceddcb6640c6d7c40a99ad76b6567a0af96fd41049a0eaafe65828
later,2018-03,2018-03,xgboost,xgboost,DPS,DPS,full,calibrated,calibrated,2,700,97,0.138571428571,0.0506112305501,0.0504399873316,0.050678703934,0.0879601980214,0.0999571612166,4206c1b12dc74db1d5faa9cac22e1cf55e9cec0d5efc430aa73b6cf09425f63b,184fab6850ceddcb6640c6d7c40a99ad76b6567a0af96fd41049a0eaafe65828
later,2018-03,2018-03,xgboost,xgboost,DPS,DPS,full,calibrated,calibrated,3,700,125,0.178571428571,0.0506821620677,0.050678703934,0.050710555166,0.127889266504,0.0999571612166,4206c1b12dc74db1d5faa9cac22e1cf55e9cec0d5efc430aa73b6cf09425f63b,184fab6850ceddcb6640c6d7c40a99ad76b6567a0af96fd41049a0eaafe65828
later,2018-03,2018-03,xgboost,xgboost,DPS,DPS,full,calibrated,calibrated,4,701,156,0.222539229672,0.0509651265879,0.050710555166,0.0510185994208,0.171574103084,0.100099957161,4206c1b12dc74db1d5faa9cac22e1cf55e9cec0d5efc430aa73b6cf09425f63b,184fab6850ceddcb6640c6d7c40a99ad76b6567a0af96fd41049a0eaafe65828
later,2018-03,2018-03,xgboost,xgboost,DPS,DPS,full,calibrated,calibrated,5,700,124,0.177142857143,0.0517803988765,0.0510185994208,0.0522452481091,0.125362458266,0.0999571612166,4206c1b12dc74db1d5faa9cac22e1cf55e9cec0d5efc430aa73b6cf09425f63b,184fab6850ceddcb6640c6d7c40a99ad76b6567a0af96fd41049a0eaafe65828
later,2018-03,2018-03,xgboost,xgboost,DPS,DPS,full,calibrated,calibrated,6,700,154,0.22,0.0522886159856,0.0522452481091,0.0522896535695,0.167711384014,0.0999571612166,4206c1b12dc74db1d5faa9cac22e1cf55e9cec0d5efc430aa73b6cf09425f63b,184fab6850ceddcb6640c6d7c40a99ad76b6567a0af96fd41049a0eaafe65828
later,2018-03,2018-03,xgboost,xgboost,DPS,DPS,full,calibrated,calibrated,7,701,118,0.168330955777,0.0527030084915,0.0522896535695,0.053036801517,0.115627947286,0.100099957161,4206c1b12dc74db1d5faa9cac22e1cf55e9cec0d5efc430aa73b6cf09425f63b,184fab6850ceddcb6640c6d7c40a99ad76b6567a0af96fd41049a0eaafe65828
later,2018-03,2018-03,xgboost,xgboost,DPS,DPS,full,calibrated,calibrated,8,700,174,0.248571428571,0.0536335093954,0.053036801517,0.0537001006305,0.194937919176,0.0999571612166,4206c1b12dc74db1d5faa9cac22e1cf55e9cec0d5efc430aa73b6cf09425f63b,184fab6850ceddcb6640c6d7c40a99ad76b6567a0af96fd41049a0eaafe65828
later,2018-03,2018-03,xgboost,xgboost,DPS,DPS,full,calibrated,calibrated,9,700,162,0.231428571429,0.0537001006305,0.0537001006305,0.0537001006305,0.177728470798,0.0999571612166,4206c1b12dc74db1d5faa9cac22e1cf55e9cec0d5efc430aa73b6cf09425f63b,184fab6850ceddcb6640c6d7c40a99ad76b6567a0af96fd41049a0eaafe65828
later,2018-03,2018-03,xgboost,xgboost,DPS,DPS,full,calibrated,calibrated,10,700,142,0.202857142857,0.0563765820861,0.0537001006305,0.0653370544314,0.146480560771,0.0999571612166,4206c1b12dc74db1d5faa9cac22e1cf55e9cec0d5efc430aa73b6cf09425f63b,184fab6850ceddcb6640c6d7c40a99ad76b6567a0af96fd41049a0eaafe65828
later,2018-03,2018-03,xgboost,xgboost,DPS,DPS,full,raw,raw,1,701,76,0.108416547789,0.0501556077098,0.049320731312,0.0504399873316,0.0582609400791,0.100099957161,4206c1b12dc74db1d5faa9cac22e1cf55e9cec0d5efc430aa73b6cf09425f63b,184fab6850ceddcb6640c6d7c40a99ad76b6567a0af96fd41049a0eaafe65828
later,2018-03,2018-03,xgboost,xgboost,DPS,DPS,full,raw,raw,2,700,97,0.138571428571,0.0506112305501,0.0504399873316,0.050678703934,0.0879601980214,0.0999571612166,4206c1b12dc74db1d5faa9cac22e1cf55e9cec0d5efc430aa73b6cf09425f63b,184fab6850ceddcb6640c6d7c40a99ad76b6567a0af96fd41049a0eaafe65828
later,2018-03,2018-03,xgboost,xgboost,DPS,DPS,full,raw,raw,3,700,125,0.178571428571,0.0506821620677,0.050678703934,0.050710555166,0.127889266504,0.0999571612166,4206c1b12dc74db1d5faa9cac22e1cf55e9cec0d5efc430aa73b6cf09425f63b,184fab6850ceddcb6640c6d7c40a99ad76b6567a0af96fd41049a0eaafe65828
later,2018-03,2018-03,xgboost,xgboost,DPS,DPS,full,raw,raw,4,701,156,0.222539229672,0.0509651265879,0.050710555166,0.0510185994208,0.171574103084,0.100099957161,4206c1b12dc74db1d5faa9cac22e1cf55e9cec0d5efc430aa73b6cf09425f63b,184fab6850ceddcb6640c6d7c40a99ad76b6567a0af96fd41049a0eaafe65828
later,2018-03,2018-03,xgboost,xgboost,DPS,DPS,full,raw,raw,5,700,124,0.177142857143,0.0517803988765,0.0510185994208,0.0522452481091,0.125362458266,0.0999571612166,4206c1b12dc74db1d5faa9cac22e1cf55e9cec0d5efc430aa73b6cf09425f63b,184fab6850ceddcb6640c6d7c40a99ad76b6567a0af96fd41049a0eaafe65828
later,2018-03,2018-03,xgboost,xgboost,DPS,DPS,full,raw,raw,6,700,154,0.22,0.0522886159856,0.0522452481091,0.0522896535695,0.167711384014,0.0999571612166,4206c1b12dc74db1d5faa9cac22e1cf55e9cec0d5efc430aa73b6cf09425f63b,184fab6850ceddcb6640c6d7c40a99ad76b6567a0af96fd41049a0eaafe65828
later,2018-03,2018-03,xgboost,xgboost,DPS,DPS,full,raw,raw,7,701,118,0.168330955777,0.0527030084915,0.0522896535695,0.053036801517,0.115627947286,0.100099957161,4206c1b12dc74db1d5faa9cac22e1cf55e9cec0d5efc430aa73b6cf09425f63b,184fab6850ceddcb6640c6d7c40a99ad76b6567a0af96fd41049a0eaafe65828
later,2018-03,2018-03,xgboost,xgboost,DPS,DPS,full,raw,raw,8,700,174,0.248571428571,0.0536335093954,0.053036801517,0.0537001006305,0.194937919176,0.0999571612166,4206c1b12dc74db1d5faa9cac22e1cf55e9cec0d5efc430aa73b6cf09425f63b,184fab6850ceddcb6640c6d7c40a99ad76b6567a0af96fd41049a0eaafe65828
later,2018-03,2018-03,xgboost,xgboost,DPS,DPS,full,raw,raw,9,700,162,0.231428571429,0.0537001006305,0.0537001006305,0.0537001006305,0.177728470798,0.0999571612166,4206c1b12dc74db1d5faa9cac22e1cf55e9cec0d5efc430aa73b6cf09425f63b,184fab6850ceddcb6640c6d7c40a99ad76b6567a0af96fd41049a0eaafe65828
later,2018-03,2018-03,xgboost,xgboost,DPS,DPS,full,raw,raw,10,700,142,0.202857142857,0.0563765820861,0.0537001006305,0.0653370544314,0.146480560771,0.0999571612166,4206c1b12dc74db1d5faa9cac22e1cf55e9cec0d5efc430aa73b6cf09425f63b,184fab6850ceddcb6640c6d7c40a99ad76b6567a0af96fd41049a0eaafe65828
later,2018-04,2018-04,logistic_l2,logistic_l2,DP0,DP0,full,calibrated,calibrated,1,680,39,0.0573529411765,0.0586720739505,0.0534781652098,0.0597081356622,0.00131913277401,0.100029420418,87b4e3df32ffb2f5601da25042d8af73bbad540886603bf8e0299c2d691f7a06,12138ebc6d34b03c6440d89e35b8db35a30d241f9f497044ef308120883e5a5b
later,2018-04,2018-04,logistic_l2,logistic_l2,DP0,DP0,full,calibrated,calibrated,2,680,30,0.0441176470588,0.0602047746896,0.0597099954924,0.0606217917169,0.0160871276308,0.100029420418,87b4e3df32ffb2f5601da25042d8af73bbad540886603bf8e0299c2d691f7a06,12138ebc6d34b03c6440d89e35b8db35a30d241f9f497044ef308120883e5a5b
later,2018-04,2018-04,logistic_l2,logistic_l2,DP0,DP0,full,calibrated,calibrated,3,680,27,0.0397058823529,0.0609005313267,0.0606218421277,0.0611074665367,0.0211946489737,0.100029420418,87b4e3df32ffb2f5601da25042d8af73bbad540886603bf8e0299c2d691f7a06,12138ebc6d34b03c6440d89e35b8db35a30d241f9f497044ef308120883e5a5b
later,2018-04,2018-04,logistic_l2,logistic_l2,DP0,DP0,full,calibrated,calibrated,4,680,39,0.0573529411765,0.0613412101446,0.0611078193838,0.0615672838682,0.00398826896816,0.100029420418,87b4e3df32ffb2f5601da25042d8af73bbad540886603bf8e0299c2d691f7a06,12138ebc6d34b03c6440d89e35b8db35a30d241f9f497044ef308120883e5a5b
later,2018-04,2018-04,logistic_l2,logistic_l2,DP0,DP0,full,calibrated,calibrated,5,679,24,0.0353460972018,0.0617800979845,0.0615688586317,0.0619922516649,0.0264340007828,0.0998823183289,87b4e3df32ffb2f5601da25042d8af73bbad540886603bf8e0299c2d691f7a06,12138ebc6d34b03c6440d89e35b8db35a30d241f9f497044ef308120883e5a5b
later,2018-04,2018-04,logistic_l2,logistic_l2,DP0,DP0,full,calibrated,calibrated,6,680,35,0.0514705882353,0.0621699817699,0.0619927068162,0.0623221580907,0.0106993935346,0.100029420418,87b4e3df32ffb2f5601da25042d8af73bbad540886603bf8e0299c2d691f7a06,12138ebc6d34b03c6440d89e35b8db35a30d241f9f497044ef308120883e5a5b
later,2018-04,2018-04,logistic_l2,logistic_l2,DP0,DP0,full,calibrated,calibrated,7,680,44,0.0647058823529,0.0626210027748,0.0623239496411,0.0629355220674,0.00208487957812,0.100029420418,87b4e3df32ffb2f5601da25042d8af73bbad540886603bf8e0299c2d691f7a06,12138ebc6d34b03c6440d89e35b8db35a30d241f9f497044ef308120883e5a5b
later,2018-04,2018-04,logistic_l2,logistic_l2,DP0,DP0,full,calibrated,calibrated,8,680,25,0.0367647058824,0.0632481949989,0.0629367722743,0.063492498687,0.0264834891165,0.100029420418,87b4e3df32ffb2f5601da25042d8af73bbad540886603bf8e0299c2d691f7a06,12138ebc6d34b03c6440d89e35b8db35a30d241f9f497044ef308120883e5a5b
later,2018-04,2018-04,logistic_l2,logistic_l2,DP0,DP0,full,calibrated,calibrated,9,680,25,0.0367647058824,0.0638126783602,0.0634938450911,0.0641476859652,0.0270479724779,0.100029420418,87b4e3df32ffb2f5601da25042d8af73bbad540886603bf8e0299c2d691f7a06,12138ebc6d34b03c6440d89e35b8db35a30d241f9f497044ef308120883e5a5b
later,2018-04,2018-04,logistic_l2,logistic_l2,DP0,DP0,full,calibrated,calibrated,10,679,18,0.0265095729013,0.0648016806801,0.0641480635586,0.0659149225229,0.0382921077788,0.0998823183289,87b4e3df32ffb2f5601da25042d8af73bbad540886603bf8e0299c2d691f7a06,12138ebc6d34b03c6440d89e35b8db35a30d241f9f497044ef308120883e5a5b
later,2018-04,2018-04,logistic_l2,logistic_l2,DP0,DP0,full,raw,raw,1,680,39,0.0573529411765,0.0586720739505,0.0534781652098,0.0597081356622,0.00131913277401,0.100029420418,87b4e3df32ffb2f5601da25042d8af73bbad540886603bf8e0299c2d691f7a06,12138ebc6d34b03c6440d89e35b8db35a30d241f9f497044ef308120883e5a5b
later,2018-04,2018-04,logistic_l2,logistic_l2,DP0,DP0,full,raw,raw,2,680,30,0.0441176470588,0.0602047746896,0.0597099954924,0.0606217917169,0.0160871276308,0.100029420418,87b4e3df32ffb2f5601da25042d8af73bbad540886603bf8e0299c2d691f7a06,12138ebc6d34b03c6440d89e35b8db35a30d241f9f497044ef308120883e5a5b
later,2018-04,2018-04,logistic_l2,logistic_l2,DP0,DP0,full,raw,raw,3,680,27,0.0397058823529,0.0609005313267,0.0606218421277,0.0611074665367,0.0211946489737,0.100029420418,87b4e3df32ffb2f5601da25042d8af73bbad540886603bf8e0299c2d691f7a06,12138ebc6d34b03c6440d89e35b8db35a30d241f9f497044ef308120883e5a5b
later,2018-04,2018-04,logistic_l2,logistic_l2,DP0,DP0,full,raw,raw,4,680,39,0.0573529411765,0.0613412101446,0.0611078193838,0.0615672838682,0.00398826896816,0.100029420418,87b4e3df32ffb2f5601da25042d8af73bbad540886603bf8e0299c2d691f7a06,12138ebc6d34b03c6440d89e35b8db35a30d241f9f497044ef308120883e5a5b
later,2018-04,2018-04,logistic_l2,logistic_l2,DP0,DP0,full,raw,raw,5,679,24,0.0353460972018,0.0617800979845,0.0615688586317,0.0619922516649,0.0264340007828,0.0998823183289,87b4e3df32ffb2f5601da25042d8af73bbad540886603bf8e0299c2d691f7a06,12138ebc6d34b03c6440d89e35b8db35a30d241f9f497044ef308120883e5a5b
later,2018-04,2018-04,logistic_l2,logistic_l2,DP0,DP0,full,raw,raw,6,680,35,0.0514705882353,0.0621699817699,0.0619927068162,0.0623221580907,0.0106993935346,0.100029420418,87b4e3df32ffb2f5601da25042d8af73bbad540886603bf8e0299c2d691f7a06,12138ebc6d34b03c6440d89e35b8db35a30d241f9f497044ef308120883e5a5b
later,2018-04,2018-04,logistic_l2,logistic_l2,DP0,DP0,full,raw,raw,7,680,44,0.0647058823529,0.0626210027748,0.0623239496411,0.0629355220674,0.00208487957812,0.100029420418,87b4e3df32ffb2f5601da25042d8af73bbad540886603bf8e0299c2d691f7a06,12138ebc6d34b03c6440d89e35b8db35a30d241f9f497044ef308120883e5a5b
later,2018-04,2018-04,logistic_l2,logistic_l2,DP0,DP0,full,raw,raw,8,680,25,0.0367647058824,0.0632481949989,0.0629367722743,0.063492498687,0.0264834891165,0.100029420418,87b4e3df32ffb2f5601da25042d8af73bbad540886603bf8e0299c2d691f7a06,12138ebc6d34b03c6440d89e35b8db35a30d241f9f497044ef308120883e5a5b
later,2018-04,2018-04,logistic_l2,logistic_l2,DP0,DP0,full,raw,raw,9,680,25,0.0367647058824,0.0638126783602,0.0634938450911,0.0641476859652,0.0270479724779,0.100029420418,87b4e3df32ffb2f5601da25042d8af73bbad540886603bf8e0299c2d691f7a06,12138ebc6d34b03c6440d89e35b8db35a30d241f9f497044ef308120883e5a5b
later,2018-04,2018-04,logistic_l2,logistic_l2,DP0,DP0,full,raw,raw,10,679,18,0.0265095729013,0.0648016806801,0.0641480635586,0.0659149225229,0.0382921077788,0.0998823183289,87b4e3df32ffb2f5601da25042d8af73bbad540886603bf8e0299c2d691f7a06,12138ebc6d34b03c6440d89e35b8db35a30d241f9f497044ef308120883e5a5b
later,2018-04,2018-04,logistic_l2,logistic_l2,DPB,DPB,full,calibrated,calibrated,1,680,4,0.00588235294118,0.0226585392832,0.00266465818404,0.03075233262,0.016776186342,0.100029420418,9bffcc2d0b726f556d5cfd01492f0f1bd4d72e6d91a68320d5d89a4142d7164d,12138ebc6d34b03c6440d89e35b8db35a30d241f9f497044ef308120883e5a5b
later,2018-04,2018-04,logistic_l2,logistic_l2,DPB,DPB,full,calibrated,calibrated,2,680,6,0.00882352941176,0.0367256246185,0.0307642764551,0.0417739063674,0.0279020952067,0.100029420418,9bffcc2d0b726f556d5cfd01492f0f1bd4d72e6d91a68320d5d89a4142d7164d,12138ebc6d34b03c6440d89e35b8db35a30d241f9f497044ef308120883e5a5b
later,2018-04,2018-04,logistic_l2,logistic_l2,DPB,DPB,full,calibrated,calibrated,3,680,7,0.0102941176471,0.0469516732063,0.0418022250832,0.0521680928411,0.0366575555592,0.100029420418,9bffcc2d0b726f556d5cfd01492f0f1bd4d72e6d91a68320d5d89a4142d7164d,12138ebc6d34b03c6440d89e35b8db35a30d241f9f497044ef308120883e5a5b
later,2018-04,2018-04,logistic_l2,logistic_l2,DPB,DPB,full,calibrated,calibrated,4,680,13,0.0191176470588,0.058359539087,0.0522166391511,0.0645968348091,0.0392418920282,0.100029420418,9bffcc2d0b726f556d5cfd01492f0f1bd4d72e6d91a68320d5d89a4142d7164d,12138ebc6d34b03c6440d89e35b8db35a30d241f9f497044ef308120883e5a5b
later,2018-04,2018-04,logistic_l2,logistic_l2,DPB,DPB,full,calibrated,calibrated,5,679,19,0.0279823269514,0.0712397572474,0.0645992351517,0.077967012975,0.043257430296,0.0998823183289,9bffcc2d0b726f556d5cfd01492f0f1bd4d72e6d91a68320d5d89a4142d7164d,12138ebc6d34b03c6440d89e35b8db35a30d241f9f497044ef308120883e5a5b
later,2018-04,2018-04,logistic_l2,logistic_l2,DPB,DPB,full,calibrated,calibrated,6,680,24,0.0352941176471,0.0847569370238,0.0779854759591,0.0916735351464,0.0494628193768,0.100029420418,9bffcc2d0b726f556d5cfd01492f0f1bd4d72e6d91a68320d5d89a4142d7164d,12138ebc6d34b03c6440d89e35b8db35a30d241f9f497044ef308120883e5a5b
later,2018-04,2018-04,logistic_l2,logistic_l2,DPB,DPB,full,calibrated,calibrated,7,680,31,0.0455882352941,0.100043488654,0.0916976402209,0.109196364338,0.0544552533595,0.100029420418,9bffcc2d0b726f556d5cfd01492f0f1bd4d72e6d91a68320d5d89a4142d7164d,12138ebc6d34b03c6440d89e35b8db35a30d241f9f497044ef308120883e5a5b
later,2018-04,2018-04,logistic_l2,logistic_l2,DPB,DPB,full,calibrated,calibrated,8,680,29,0.0426470588235,0.121390945558,0.109219436063,0.134822245782,0.0787438867344,0.100029420418,9bffcc2d0b726f556d5cfd01492f0f1bd4d72e6d91a68320d5d89a4142d7164d,12138ebc6d34b03c6440d89e35b8db35a30d241f9f497044ef308120883e5a5b
later,2018-04,2018-04,logistic_l2,logistic_l2,DPB,DPB,full,calibrated,calibrated,9,680,65,0.0955882352941,0.152899071395,0.134842761886,0.173834465944,0.0573108361011,0.100029420418,9bffcc2d0b726f556d5cfd01492f0f1bd4d72e6d91a68320d5d89a4142d7164d,12138ebc6d34b03c6440d89e35b8db35a30d241f9f497044ef308120883e5a5b
later,2018-04,2018-04,logistic_l2,logistic_l2,DPB,DPB,full,calibrated,calibrated,10,679,108,0.159057437408,0.225952758888,0.17389109693,0.480280789779,0.06689532148,0.0998823183289,9bffcc2d0b726f556d5cfd01492f0f1bd4d72e6d91a68320d5d89a4142d7164d,12138ebc6d34b03c6440d89e35b8db35a30d241f9f497044ef308120883e5a5b
later,2018-04,2018-04,logistic_l2,logistic_l2,DPB,DPB,full,raw,raw,1,680,4,0.00588235294118,0.0226585392832,0.00266465818404,0.03075233262,0.016776186342,0.100029420418,9bffcc2d0b726f556d5cfd01492f0f1bd4d72e6d91a68320d5d89a4142d7164d,12138ebc6d34b03c6440d89e35b8db35a30d241f9f497044ef308120883e5a5b
later,2018-04,2018-04,logistic_l2,logistic_l2,DPB,DPB,full,raw,raw,2,680,6,0.00882352941176,0.0367256246185,0.0307642764551,0.0417739063674,0.0279020952067,0.100029420418,9bffcc2d0b726f556d5cfd01492f0f1bd4d72e6d91a68320d5d89a4142d7164d,12138ebc6d34b03c6440d89e35b8db35a30d241f9f497044ef308120883e5a5b
later,2018-04,2018-04,logistic_l2,logistic_l2,DPB,DPB,full,raw,raw,3,680,7,0.0102941176471,0.0469516732063,0.0418022250832,0.0521680928411,0.0366575555592,0.100029420418,9bffcc2d0b726f556d5cfd01492f0f1bd4d72e6d91a68320d5d89a4142d7164d,12138ebc6d34b03c6440d89e35b8db35a30d241f9f497044ef308120883e5a5b
later,2018-04,2018-04,logistic_l2,logistic_l2,DPB,DPB,full,raw,raw,4,680,13,0.0191176470588,0.058359539087,0.0522166391511,0.0645968348091,0.0392418920282,0.100029420418,9bffcc2d0b726f556d5cfd01492f0f1bd4d72e6d91a68320d5d89a4142d7164d,12138ebc6d34b03c6440d89e35b8db35a30d241f9f497044ef308120883e5a5b
later,2018-04,2018-04,logistic_l2,logistic_l2,DPB,DPB,full,raw,raw,5,679,19,0.0279823269514,0.0712397572474,0.0645992351517,0.077967012975,0.043257430296,0.0998823183289,9bffcc2d0b726f556d5cfd01492f0f1bd4d72e6d91a68320d5d89a4142d7164d,12138ebc6d34b03c6440d89e35b8db35a30d241f9f497044ef308120883e5a5b
later,2018-04,2018-04,logistic_l2,logistic_l2,DPB,DPB,full,raw,raw,6,680,24,0.0352941176471,0.0847569370238,0.0779854759591,0.0916735351464,0.0494628193768,0.100029420418,9bffcc2d0b726f556d5cfd01492f0f1bd4d72e6d91a68320d5d89a4142d7164d,12138ebc6d34b03c6440d89e35b8db35a30d241f9f497044ef308120883e5a5b
later,2018-04,2018-04,logistic_l2,logistic_l2,DPB,DPB,full,raw,raw,7,680,31,0.0455882352941,0.100043488654,0.0916976402209,0.109196364338,0.0544552533595,0.100029420418,9bffcc2d0b726f556d5cfd01492f0f1bd4d72e6d91a68320d5d89a4142d7164d,12138ebc6d34b03c6440d89e35b8db35a30d241f9f497044ef308120883e5a5b
later,2018-04,2018-04,logistic_l2,logistic_l2,DPB,DPB,full,raw,raw,8,680,29,0.0426470588235,0.121390945558,0.109219436063,0.134822245782,0.0787438867344,0.100029420418,9bffcc2d0b726f556d5cfd01492f0f1bd4d72e6d91a68320d5d89a4142d7164d,12138ebc6d34b03c6440d89e35b8db35a30d241f9f497044ef308120883e5a5b
later,2018-04,2018-04,logistic_l2,logistic_l2,DPB,DPB,full,raw,raw,9,680,65,0.0955882352941,0.152899071395,0.134842761886,0.173834465944,0.0573108361011,0.100029420418,9bffcc2d0b726f556d5cfd01492f0f1bd4d72e6d91a68320d5d89a4142d7164d,12138ebc6d34b03c6440d89e35b8db35a30d241f9f497044ef308120883e5a5b
later,2018-04,2018-04,logistic_l2,logistic_l2,DPB,DPB,full,raw,raw,10,679,108,0.159057437408,0.225952758888,0.17389109693,0.480280789779,0.06689532148,0.0998823183289,9bffcc2d0b726f556d5cfd01492f0f1bd4d72e6d91a68320d5d89a4142d7164d,12138ebc6d34b03c6440d89e35b8db35a30d241f9f497044ef308120883e5a5b
later,2018-04,2018-04,logistic_l2,logistic_l2,DPG,DPG,full,calibrated,calibrated,1,680,4,0.00588235294118,0.0265259628249,0.00313338365836,0.0356632410749,0.0206436098837,0.100029420418,46310058a0a9aadd218522726b8446925c75c0030bc8b5acaa9ef01f5abbb15a,12138ebc6d34b03c6440d89e35b8db35a30d241f9f497044ef308120883e5a5b
later,2018-04,2018-04,logistic_l2,logistic_l2,DPG,DPG,full,calibrated,calibrated,2,680,10,0.0147058823529,0.0407082421618,0.0356703653755,0.0470287379994,0.0260023598088,0.100029420418,46310058a0a9aadd218522726b8446925c75c0030bc8b5acaa9ef01f5abbb15a,12138ebc6d34b03c6440d89e35b8db35a30d241f9f497044ef308120883e5a5b
later,2018-04,2018-04,logistic_l2,logistic_l2,DPG,DPG,full,calibrated,calibrated,3,680,10,0.0147058823529,0.0512589416054,0.0470425755801,0.0552521201684,0.0365530592525,0.100029420418,46310058a0a9aadd218522726b8446925c75c0030bc8b5acaa9ef01f5abbb15a,12138ebc6d34b03c6440d89e35b8db35a30d241f9f497044ef308120883e5a5b
later,2018-04,2018-04,logistic_l2,logistic_l2,DPG,DPG,full,calibrated,calibrated,4,680,11,0.0161764705882,0.0597996149003,0.055288966106,0.0646313011701,0.0436231443121,0.100029420418,46310058a0a9aadd218522726b8446925c75c0030bc8b5acaa9ef01f5abbb15a,12138ebc6d34b03c6440d89e35b8db35a30d241f9f497044ef308120883e5a5b
later,2018-04,2018-04,logistic_l2,logistic_l2,DPG,DPG,full,calibrated,calibrated,5,679,24,0.0353460972018,0.0720891009407,0.0646352786976,0.0791847966682,0.0367430037389,0.0998823183289,46310058a0a9aadd218522726b8446925c75c0030bc8b5acaa9ef01f5abbb15a,12138ebc6d34b03c6440d89e35b8db35a30d241f9f497044ef308120883e5a5b
later,2018-04,2018-04,logistic_l2,logistic_l2,DPG,DPG,full,calibrated,calibrated,6,680,22,0.0323529411765,0.0876236250402,0.0792534733181,0.0965390610918,0.0552706838638,0.100029420418,46310058a0a9aadd218522726b8446925c75c0030bc8b5acaa9ef01f5abbb15a,12138ebc6d34b03c6440d89e35b8db35a30d241f9f497044ef308120883e5a5b
later,2018-04,2018-04,logistic_l2,logistic_l2,DPG,DPG,full,calibrated,calibrated,7,680,21,0.0308823529412,0.104681795524,0.0965579349263,0.114075716434,0.0737994425833,0.100029420418,46310058a0a9aadd218522726b8446925c75c0030bc8b5acaa9ef01f5abbb15a,12138ebc6d34b03c6440d89e35b8db35a30d241f9f497044ef308120883e5a5b
later,2018-04,2018-04,logistic_l2,logistic_l2,DPG,DPG,full,calibrated,calibrated,8,680,46,0.0676470588235,0.124674928831,0.11409007606,0.135882546462,0.057027870007,0.100029420418,46310058a0a9aadd218522726b8446925c75c0030bc8b5acaa9ef01f5abbb15a,12138ebc6d34b03c6440d89e35b8db35a30d241f9f497044ef308120883e5a5b
later,2018-04,2018-04,logistic_l2,logistic_l2,DPG,DPG,full,calibrated,calibrated,9,680,54,0.0794117647059,0.149584204055,0.13592023588,0.167273807508,0.070172439349,0.100029420418,46310058a0a9aadd218522726b8446925c75c0030bc8b5acaa9ef01f5abbb15a,12138ebc6d34b03c6440d89e35b8db35a30d241f9f497044ef308120883e5a5b
later,2018-04,2018-04,logistic_l2,logistic_l2,DPG,DPG,full,calibrated,calibrated,10,679,104,0.153166421208,0.207656867218,0.167355472931,0.326259022267,0.0544904460102,0.0998823183289,46310058a0a9aadd218522726b8446925c75c0030bc8b5acaa9ef01f5abbb15a,12138ebc6d34b03c6440d89e35b8db35a30d241f9f497044ef308120883e5a5b
later,2018-04,2018-04,logistic_l2,logistic_l2,DPG,DPG,full,raw,raw,1,680,4,0.00588235294118,0.0265259628249,0.00313338365836,0.0356632410749,0.0206436098837,0.100029420418,46310058a0a9aadd218522726b8446925c75c0030bc8b5acaa9ef01f5abbb15a,12138ebc6d34b03c6440d89e35b8db35a30d241f9f497044ef308120883e5a5b
later,2018-04,2018-04,logistic_l2,logistic_l2,DPG,DPG,full,raw,raw,2,680,10,0.0147058823529,0.0407082421618,0.0356703653755,0.0470287379994,0.0260023598088,0.100029420418,46310058a0a9aadd218522726b8446925c75c0030bc8b5acaa9ef01f5abbb15a,12138ebc6d34b03c6440d89e35b8db35a30d241f9f497044ef308120883e5a5b
later,2018-04,2018-04,logistic_l2,logistic_l2,DPG,DPG,full,raw,raw,3,680,10,0.0147058823529,0.0512589416054,0.0470425755801,0.0552521201684,0.0365530592525,0.100029420418,46310058a0a9aadd218522726b8446925c75c0030bc8b5acaa9ef01f5abbb15a,12138ebc6d34b03c6440d89e35b8db35a30d241f9f497044ef308120883e5a5b
later,2018-04,2018-04,logistic_l2,logistic_l2,DPG,DPG,full,raw,raw,4,680,11,0.0161764705882,0.0597996149003,0.055288966106,0.0646313011701,0.0436231443121,0.100029420418,46310058a0a9aadd218522726b8446925c75c0030bc8b5acaa9ef01f5abbb15a,12138ebc6d34b03c6440d89e35b8db35a30d241f9f497044ef308120883e5a5b
later,2018-04,2018-04,logistic_l2,logistic_l2,DPG,DPG,full,raw,raw,5,679,24,0.0353460972018,0.0720891009407,0.0646352786976,0.0791847966682,0.0367430037389,0.0998823183289,46310058a0a9aadd218522726b8446925c75c0030bc8b5acaa9ef01f5abbb15a,12138ebc6d34b03c6440d89e35b8db35a30d241f9f497044ef308120883e5a5b
later,2018-04,2018-04,logistic_l2,logistic_l2,DPG,DPG,full,raw,raw,6,680,22,0.0323529411765,0.0876236250402,0.0792534733181,0.0965390610918,0.0552706838638,0.100029420418,46310058a0a9aadd218522726b8446925c75c0030bc8b5acaa9ef01f5abbb15a,12138ebc6d34b03c6440d89e35b8db35a30d241f9f497044ef308120883e5a5b
later,2018-04,2018-04,logistic_l2,logistic_l2,DPG,DPG,full,raw,raw,7,680,21,0.0308823529412,0.104681795524,0.0965579349263,0.114075716434,0.0737994425833,0.100029420418,46310058a0a9aadd218522726b8446925c75c0030bc8b5acaa9ef01f5abbb15a,12138ebc6d34b03c6440d89e35b8db35a30d241f9f497044ef308120883e5a5b
later,2018-04,2018-04,logistic_l2,logistic_l2,DPG,DPG,full,raw,raw,8,680,46,0.0676470588235,0.124674928831,0.11409007606,0.135882546462,0.057027870007,0.100029420418,46310058a0a9aadd218522726b8446925c75c0030bc8b5acaa9ef01f5abbb15a,12138ebc6d34b03c6440d89e35b8db35a30d241f9f497044ef308120883e5a5b
later,2018-04,2018-04,logistic_l2,logistic_l2,DPG,DPG,full,raw,raw,9,680,54,0.0794117647059,0.149584204055,0.13592023588,0.167273807508,0.070172439349,0.100029420418,46310058a0a9aadd218522726b8446925c75c0030bc8b5acaa9ef01f5abbb15a,12138ebc6d34b03c6440d89e35b8db35a30d241f9f497044ef308120883e5a5b
later,2018-04,2018-04,logistic_l2,logistic_l2,DPG,DPG,full,raw,raw,10,679,104,0.153166421208,0.207656867218,0.167355472931,0.326259022267,0.0544904460102,0.0998823183289,46310058a0a9aadd218522726b8446925c75c0030bc8b5acaa9ef01f5abbb15a,12138ebc6d34b03c6440d89e35b8db35a30d241f9f497044ef308120883e5a5b
later,2018-04,2018-04,logistic_l2,logistic_l2,DPS,DPS,full,calibrated,calibrated,1,680,28,0.0411764705882,0.0438897656519,0.0323607979494,0.0467255525124,0.00271329506365,0.100029420418,32e5da99683cdab1f14f37d587aeecf158ffc9b319e27e612f842a71fc1e8c3b,12138ebc6d34b03c6440d89e35b8db35a30d241f9f497044ef308120883e5a5b
later,2018-04,2018-04,logistic_l2,logistic_l2,DPS,DPS,full,calibrated,calibrated,2,680,37,0.0544117647059,0.0485756568417,0.0467456003796,0.0502911383103,0.00583610786418,0.100029420418,32e5da99683cdab1f14f37d587aeecf158ffc9b319e27e612f842a71fc1e8c3b,12138ebc6d34b03c6440d89e35b8db35a30d241f9f497044ef308120883e5a5b
later,2018-04,2018-04,logistic_l2,logistic_l2,DPS,DPS,full,calibrated,calibrated,3,680,24,0.0352941176471,0.051825002221,0.05029130456,0.0532932029712,0.0165308845739,0.100029420418,32e5da99683cdab1f14f37d587aeecf158ffc9b319e27e612f842a71fc1e8c3b,12138ebc6d34b03c6440d89e35b8db35a30d241f9f497044ef308120883e5a5b
later,2018-04,2018-04,logistic_l2,logistic_l2,DPS,DPS,full,calibrated,calibrated,4,680,22,0.0323529411765,0.0548823712208,0.0532967362803,0.0565515654007,0.0225294300443,0.100029420418,32e5da99683cdab1f14f37d587aeecf158ffc9b319e27e612f842a71fc1e8c3b,12138ebc6d34b03c6440d89e35b8db35a30d241f9f497044ef308120883e5a5b
later,2018-04,2018-04,logistic_l2,logistic_l2,DPS,DPS,full,calibrated,calibrated,5,679,19,0.0279823269514,0.0581232408335,0.0565526153308,0.0597960388325,0.0301409138821,0.0998823183289,32e5da99683cdab1f14f37d587aeecf158ffc9b319e27e612f842a71fc1e8c3b,12138ebc6d34b03c6440d89e35b8db35a30d241f9f497044ef308120883e5a5b
later,2018-04,2018-04,logistic_l2,logistic_l2,DPS,DPS,full,calibrated,calibrated,6,680,34,0.05,0.0617640477755,0.0598140949653,0.0637635323106,0.0117640477755,0.100029420418,32e5da99683cdab1f14f37d587aeecf158ffc9b319e27e612f842a71fc1e8c3b,12138ebc6d34b03c6440d89e35b8db35a30d241f9f497044ef308120883e5a5b
later,2018-04,2018-04,logistic_l2,logistic_l2,DPS,DPS,full,calibrated,calibrated,7,680,32,0.0470588235294,0.0657123456318,0.0637666418228,0.0681242637384,0.0186535221024,0.100029420418,32e5da99683cdab1f14f37d587aeecf158ffc9b319e27e612f842a71fc1e8c3b,12138ebc6d34b03c6440d89e35b8db35a30d241f9f497044ef308120883e5a5b
later,2018-04,2018-04,logistic_l2,logistic_l2,DPS,DPS,full,calibrated,calibrated,8,680,39,0.0573529411765,0.0710563157637,0.0681244103337,0.0743273728202,0.0137033745872,0.100029420418,32e5da99683cdab1f14f37d587aeecf158ffc9b319e27e612f842a71fc1e8c3b,12138ebc6d34b03c6440d89e35b8db35a30d241f9f497044ef308120883e5a5b
later,2018-04,2018-04,logistic_l2,logistic_l2,DPS,DPS,full,calibrated,calibrated,9,680,35,0.0514705882353,0.0784676035656,0.0743296171393,0.0832668040411,0.0269970153304,0.100029420418,32e5da99683cdab1f14f37d587aeecf158ffc9b319e27e612f842a71fc1e8c3b,12138ebc6d34b03c6440d89e35b8db35a30d241f9f497044ef308120883e5a5b
later,2018-04,2018-04,logistic_l2,logistic_l2,DPS,DPS,full,calibrated,calibrated,10,679,36,0.0530191458027,0.0977593270058,0.0832715856187,0.169081056428,0.0447401812031,0.0998823183289,32e5da99683cdab1f14f37d587aeecf158ffc9b319e27e612f842a71fc1e8c3b,12138ebc6d34b03c6440d89e35b8db35a30d241f9f497044ef308120883e5a5b
later,2018-04,2018-04,logistic_l2,logistic_l2,DPS,DPS,full,raw,raw,1,680,28,0.0411764705882,0.0438897656519,0.0323607979494,0.0467255525124,0.00271329506365,0.100029420418,32e5da99683cdab1f14f37d587aeecf158ffc9b319e27e612f842a71fc1e8c3b,12138ebc6d34b03c6440d89e35b8db35a30d241f9f497044ef308120883e5a5b
later,2018-04,2018-04,logistic_l2,logistic_l2,DPS,DPS,full,raw,raw,2,680,37,0.0544117647059,0.0485756568417,0.0467456003796,0.0502911383103,0.00583610786418,0.100029420418,32e5da99683cdab1f14f37d587aeecf158ffc9b319e27e612f842a71fc1e8c3b,12138ebc6d34b03c6440d89e35b8db35a30d241f9f497044ef308120883e5a5b
later,2018-04,2018-04,logistic_l2,logistic_l2,DPS,DPS,full,raw,raw,3,680,24,0.0352941176471,0.051825002221,0.05029130456,0.0532932029712,0.0165308845739,0.100029420418,32e5da99683cdab1f14f37d587aeecf158ffc9b319e27e612f842a71fc1e8c3b,12138ebc6d34b03c6440d89e35b8db35a30d241f9f497044ef308120883e5a5b
later,2018-04,2018-04,logistic_l2,logistic_l2,DPS,DPS,full,raw,raw,4,680,22,0.0323529411765,0.0548823712208,0.0532967362803,0.0565515654007,0.0225294300443,0.100029420418,32e5da99683cdab1f14f37d587aeecf158ffc9b319e27e612f842a71fc1e8c3b,12138ebc6d34b03c6440d89e35b8db35a30d241f9f497044ef308120883e5a5b
later,2018-04,2018-04,logistic_l2,logistic_l2,DPS,DPS,full,raw,raw,5,679,19,0.0279823269514,0.0581232408335,0.0565526153308,0.0597960388325,0.0301409138821,0.0998823183289,32e5da99683cdab1f14f37d587aeecf158ffc9b319e27e612f842a71fc1e8c3b,12138ebc6d34b03c6440d89e35b8db35a30d241f9f497044ef308120883e5a5b
later,2018-04,2018-04,logistic_l2,logistic_l2,DPS,DPS,full,raw,raw,6,680,34,0.05,0.0617640477755,0.0598140949653,0.0637635323106,0.0117640477755,0.100029420418,32e5da99683cdab1f14f37d587aeecf158ffc9b319e27e612f842a71fc1e8c3b,12138ebc6d34b03c6440d89e35b8db35a30d241f9f497044ef308120883e5a5b
later,2018-04,2018-04,logistic_l2,logistic_l2,DPS,DPS,full,raw,raw,7,680,32,0.0470588235294,0.0657123456318,0.0637666418228,0.0681242637384,0.0186535221024,0.100029420418,32e5da99683cdab1f14f37d587aeecf158ffc9b319e27e612f842a71fc1e8c3b,12138ebc6d34b03c6440d89e35b8db35a30d241f9f497044ef308120883e5a5b
later,2018-04,2018-04,logistic_l2,logistic_l2,DPS,DPS,full,raw,raw,8,680,39,0.0573529411765,0.0710563157637,0.0681244103337,0.0743273728202,0.0137033745872,0.100029420418,32e5da99683cdab1f14f37d587aeecf158ffc9b319e27e612f842a71fc1e8c3b,12138ebc6d34b03c6440d89e35b8db35a30d241f9f497044ef308120883e5a5b
later,2018-04,2018-04,logistic_l2,logistic_l2,DPS,DPS,full,raw,raw,9,680,35,0.0514705882353,0.0784676035656,0.0743296171393,0.0832668040411,0.0269970153304,0.100029420418,32e5da99683cdab1f14f37d587aeecf158ffc9b319e27e612f842a71fc1e8c3b,12138ebc6d34b03c6440d89e35b8db35a30d241f9f497044ef308120883e5a5b
later,2018-04,2018-04,logistic_l2,logistic_l2,DPS,DPS,full,raw,raw,10,679,36,0.0530191458027,0.0977593270058,0.0832715856187,0.169081056428,0.0447401812031,0.0998823183289,32e5da99683cdab1f14f37d587aeecf158ffc9b319e27e612f842a71fc1e8c3b,12138ebc6d34b03c6440d89e35b8db35a30d241f9f497044ef308120883e5a5b
later,2018-04,2018-04,xgboost,xgboost,DP0,DP0,full,calibrated,calibrated,1,680,31,0.0455882352941,0.0593893432771,0.0573827363551,0.0597250498831,0.0138011079829,0.100029420418,0ea7f21c9b86473b175c6cf990fa854199a67278d92779725fe4654933f120c6,12138ebc6d34b03c6440d89e35b8db35a30d241f9f497044ef308120883e5a5b
later,2018-04,2018-04,xgboost,xgboost,DP0,DP0,full,calibrated,calibrated,2,680,16,0.0235294117647,0.0597250498831,0.0597250498831,0.0597250498831,0.0361956381184,0.100029420418,0ea7f21c9b86473b175c6cf990fa854199a67278d92779725fe4654933f120c6,12138ebc6d34b03c6440d89e35b8db35a30d241f9f497044ef308120883e5a5b
later,2018-04,2018-04,xgboost,xgboost,DP0,DP0,full,calibrated,calibrated,3,680,37,0.0544117647059,0.0609552337733,0.0597250498831,0.0620747879148,0.00654346906744,0.100029420418,0ea7f21c9b86473b175c6cf990fa854199a67278d92779725fe4654933f120c6,12138ebc6d34b03c6440d89e35b8db35a30d241f9f497044ef308120883e5a5b
later,2018-04,2018-04,xgboost,xgboost,DP0,DP0,full,calibrated,calibrated,4,680,25,0.0367647058824,0.0620986155289,0.0620747879148,0.0622589103878,0.0253339096466,0.100029420418,0ea7f21c9b86473b175c6cf990fa854199a67278d92779725fe4654933f120c6,12138ebc6d34b03c6440d89e35b8db35a30d241f9f497044ef308120883e5a5b
later,2018-04,2018-04,xgboost,xgboost,DP0,DP0,full,calibrated,calibrated,5,679,38,0.0559646539028,0.062461848918,0.0622589103878,0.062626414001,0.0064971950152,0.0998823183289,0ea7f21c9b86473b175c6cf990fa854199a67278d92779725fe4654933f120c6,12138ebc6d34b03c6440d89e35b8db35a30d241f9f497044ef308120883e5a5b
later,2018-04,2018-04,xgboost,xgboost,DP0,DP0,full,calibrated,calibrated,6,680,27,0.0397058823529,0.062626414001,0.062626414001,0.062626414001,0.022920531648,0.100029420418,0ea7f21c9b86473b175c6cf990fa854199a67278d92779725fe4654933f120c6,12138ebc6d34b03c6440d89e35b8db35a30d241f9f497044ef308120883e5a5b
later,2018-04,2018-04,xgboost,xgboost,DP0,DP0,full,calibrated,calibrated,7,680,33,0.0485294117647,0.062626414001,0.062626414001,0.062626414001,0.0140970022363,0.100029420418,0ea7f21c9b86473b175c6cf990fa854199a67278d92779725fe4654933f120c6,12138ebc6d34b03c6440d89e35b8db35a30d241f9f497044ef308120883e5a5b
later,2018-04,2018-04,xgboost,xgboost,DP0,DP0,full,calibrated,calibrated,8,680,33,0.0485294117647,0.062626414001,0.062626414001,0.062626414001,0.0140970022363,0.100029420418,0ea7f21c9b86473b175c6cf990fa854199a67278d92779725fe4654933f120c6,12138ebc6d34b03c6440d89e35b8db35a30d241f9f497044ef308120883e5a5b
later,2018-04,2018-04,xgboost,xgboost,DP0,DP0,full,calibrated,calibrated,9,680,37,0.0544117647059,0.062626414001,0.062626414001,0.062626414001,0.00821464929511,0.100029420418,0ea7f21c9b86473b175c6cf990fa854199a67278d92779725fe4654933f120c6,12138ebc6d34b03c6440d89e35b8db35a30d241f9f497044ef308120883e5a5b
later,2018-04,2018-04,xgboost,xgboost,DP0,DP0,full,calibrated,calibrated,10,679,29,0.0427098674521,0.0630698450711,0.062626414001,0.0669900327921,0.0203599776189,0.0998823183289,0ea7f21c9b86473b175c6cf990fa854199a67278d92779725fe4654933f120c6,12138ebc6d34b03c6440d89e35b8db35a30d241f9f497044ef308120883e5a5b
later,2018-04,2018-04,xgboost,xgboost,DP0,DP0,full,raw,raw,1,680,31,0.0455882352941,0.0593893432771,0.0573827363551,0.0597250498831,0.0138011079829,0.100029420418,0ea7f21c9b86473b175c6cf990fa854199a67278d92779725fe4654933f120c6,12138ebc6d34b03c6440d89e35b8db35a30d241f9f497044ef308120883e5a5b
later,2018-04,2018-04,xgboost,xgboost,DP0,DP0,full,raw,raw,2,680,16,0.0235294117647,0.0597250498831,0.0597250498831,0.0597250498831,0.0361956381184,0.100029420418,0ea7f21c9b86473b175c6cf990fa854199a67278d92779725fe4654933f120c6,12138ebc6d34b03c6440d89e35b8db35a30d241f9f497044ef308120883e5a5b
later,2018-04,2018-04,xgboost,xgboost,DP0,DP0,full,raw,raw,3,680,37,0.0544117647059,0.0609552337733,0.0597250498831,0.0620747879148,0.00654346906744,0.100029420418,0ea7f21c9b86473b175c6cf990fa854199a67278d92779725fe4654933f120c6,12138ebc6d34b03c6440d89e35b8db35a30d241f9f497044ef308120883e5a5b
later,2018-04,2018-04,xgboost,xgboost,DP0,DP0,full,raw,raw,4,680,25,0.0367647058824,0.0620986155289,0.0620747879148,0.0622589103878,0.0253339096466,0.100029420418,0ea7f21c9b86473b175c6cf990fa854199a67278d92779725fe4654933f120c6,12138ebc6d34b03c6440d89e35b8db35a30d241f9f497044ef308120883e5a5b
later,2018-04,2018-04,xgboost,xgboost,DP0,DP0,full,raw,raw,5,679,38,0.0559646539028,0.062461848918,0.0622589103878,0.062626414001,0.0064971950152,0.0998823183289,0ea7f21c9b86473b175c6cf990fa854199a67278d92779725fe4654933f120c6,12138ebc6d34b03c6440d89e35b8db35a30d241f9f497044ef308120883e5a5b
later,2018-04,2018-04,xgboost,xgboost,DP0,DP0,full,raw,raw,6,680,27,0.0397058823529,0.062626414001,0.062626414001,0.062626414001,0.022920531648,0.100029420418,0ea7f21c9b86473b175c6cf990fa854199a67278d92779725fe4654933f120c6,12138ebc6d34b03c6440d89e35b8db35a30d241f9f497044ef308120883e5a5b
later,2018-04,2018-04,xgboost,xgboost,DP0,DP0,full,raw,raw,7,680,33,0.0485294117647,0.062626414001,0.062626414001,0.062626414001,0.0140970022363,0.100029420418,0ea7f21c9b86473b175c6cf990fa854199a67278d92779725fe4654933f120c6,12138ebc6d34b03c6440d89e35b8db35a30d241f9f497044ef308120883e5a5b
later,2018-04,2018-04,xgboost,xgboost,DP0,DP0,full,raw,raw,8,680,33,0.0485294117647,0.062626414001,0.062626414001,0.062626414001,0.0140970022363,0.100029420418,0ea7f21c9b86473b175c6cf990fa854199a67278d92779725fe4654933f120c6,12138ebc6d34b03c6440d89e35b8db35a30d241f9f497044ef308120883e5a5b
later,2018-04,2018-04,xgboost,xgboost,DP0,DP0,full,raw,raw,9,680,37,0.0544117647059,0.062626414001,0.062626414001,0.062626414001,0.00821464929511,0.100029420418,0ea7f21c9b86473b175c6cf990fa854199a67278d92779725fe4654933f120c6,12138ebc6d34b03c6440d89e35b8db35a30d241f9f497044ef308120883e5a5b
later,2018-04,2018-04,xgboost,xgboost,DP0,DP0,full,raw,raw,10,679,29,0.0427098674521,0.0630698450711,0.062626414001,0.0669900327921,0.0203599776189,0.0998823183289,0ea7f21c9b86473b175c6cf990fa854199a67278d92779725fe4654933f120c6,12138ebc6d34b03c6440d89e35b8db35a30d241f9f497044ef308120883e5a5b
later,2018-04,2018-04,xgboost,xgboost,DPB,DPB,full,calibrated,calibrated,1,680,12,0.0176470588235,0.0593581716968,0.0582113899291,0.0620452277362,0.0417111128733,0.100029420418,8fad62287ec9158c2d5ae5fa3537ddc9bef5344b754166a5a722777f73528650,12138ebc6d34b03c6440d89e35b8db35a30d241f9f497044ef308120883e5a5b
later,2018-04,2018-04,xgboost,xgboost,DPB,DPB,full,calibrated,calibrated,2,680,12,0.0176470588235,0.0627116189612,0.0620452277362,0.0631519928575,0.0450645601377,0.100029420418,8fad62287ec9158c2d5ae5fa3537ddc9bef5344b754166a5a722777f73528650,12138ebc6d34b03c6440d89e35b8db35a30d241f9f497044ef308120883e5a5b
later,2018-04,2018-04,xgboost,xgboost,DPB,DPB,full,calibrated,calibrated,3,680,18,0.0264705882353,0.0637325593654,0.0631519928575,0.0641187205911,0.0372619711301,0.100029420418,8fad62287ec9158c2d5ae5fa3537ddc9bef5344b754166a5a722777f73528650,12138ebc6d34b03c6440d89e35b8db35a30d241f9f497044ef308120883e5a5b
later,2018-04,2018-04,xgboost,xgboost,DPB,DPB,full,calibrated,calibrated,4,680,5,0.00735294117647,0.064121026239,0.0641187205911,0.064121581614,0.0567680850625,0.100029420418,8fad62287ec9158c2d5ae5fa3537ddc9bef5344b754166a5a722777f73528650,12138ebc6d34b03c6440d89e35b8db35a30d241f9f497044ef308120883e5a5b
later,2018-04,2018-04,xgboost,xgboost,DPB,DPB,full,calibrated,calibrated,5,679,13,0.019145802651,0.0641324543374,0.064121581614,0.0643950104713,0.0449866516864,0.0998823183289,8fad62287ec9158c2d5ae5fa3537ddc9bef5344b754166a5a722777f73528650,12138ebc6d34b03c6440d89e35b8db35a30d241f9f497044ef308120883e5a5b
later,2018-04,2018-04,xgboost,xgboost,DPB,DPB,full,calibrated,calibrated,6,680,34,0.05,0.0644257296534,0.0643950104713,0.0645564496517,0.0144257296534,0.100029420418,8fad62287ec9158c2d5ae5fa3537ddc9bef5344b754166a5a722777f73528650,12138ebc6d34b03c6440d89e35b8db35a30d241f9f497044ef308120883e5a5b
later,2018-04,2018-04,xgboost,xgboost,DPB,DPB,full,calibrated,calibrated,7,680,31,0.0455882352941,0.0653908692081,0.0646213293076,0.0657273456454,0.019802633914,0.100029420418,8fad62287ec9158c2d5ae5fa3537ddc9bef5344b754166a5a722777f73528650,12138ebc6d34b03c6440d89e35b8db35a30d241f9f497044ef308120883e5a5b
later,2018-04,2018-04,xgboost,xgboost,DPB,DPB,full,calibrated,calibrated,8,680,59,0.0867647058824,0.0657273456454,0.0657273456454,0.0657273456454,0.0210373602369,0.100029420418,8fad62287ec9158c2d5ae5fa3537ddc9bef5344b754166a5a722777f73528650,12138ebc6d34b03c6440d89e35b8db35a30d241f9f497044ef308120883e5a5b
later,2018-04,2018-04,xgboost,xgboost,DPB,DPB,full,calibrated,calibrated,9,680,78,0.114705882353,0.0657273456454,0.0657273456454,0.0657273456454,0.0489785367075,0.100029420418,8fad62287ec9158c2d5ae5fa3537ddc9bef5344b754166a5a722777f73528650,12138ebc6d34b03c6440d89e35b8db35a30d241f9f497044ef308120883e5a5b
later,2018-04,2018-04,xgboost,xgboost,DPB,DPB,full,calibrated,calibrated,10,679,44,0.0648011782032,0.0685239158165,0.0657273456454,0.0742938965559,0.00372273761324,0.0998823183289,8fad62287ec9158c2d5ae5fa3537ddc9bef5344b754166a5a722777f73528650,12138ebc6d34b03c6440d89e35b8db35a30d241f9f497044ef308120883e5a5b
later,2018-04,2018-04,xgboost,xgboost,DPB,DPB,full,raw,raw,1,680,12,0.0176470588235,0.0593581716968,0.0582113899291,0.0620452277362,0.0417111128733,0.100029420418,8fad62287ec9158c2d5ae5fa3537ddc9bef5344b754166a5a722777f73528650,12138ebc6d34b03c6440d89e35b8db35a30d241f9f497044ef308120883e5a5b
later,2018-04,2018-04,xgboost,xgboost,DPB,DPB,full,raw,raw,2,680,12,0.0176470588235,0.0627116189612,0.0620452277362,0.0631519928575,0.0450645601377,0.100029420418,8fad62287ec9158c2d5ae5fa3537ddc9bef5344b754166a5a722777f73528650,12138ebc6d34b03c6440d89e35b8db35a30d241f9f497044ef308120883e5a5b
later,2018-04,2018-04,xgboost,xgboost,DPB,DPB,full,raw,raw,3,680,18,0.0264705882353,0.0637325593654,0.0631519928575,0.0641187205911,0.0372619711301,0.100029420418,8fad62287ec9158c2d5ae5fa3537ddc9bef5344b754166a5a722777f73528650,12138ebc6d34b03c6440d89e35b8db35a30d241f9f497044ef308120883e5a5b
later,2018-04,2018-04,xgboost,xgboost,DPB,DPB,full,raw,raw,4,680,5,0.00735294117647,0.064121026239,0.0641187205911,0.064121581614,0.0567680850625,0.100029420418,8fad62287ec9158c2d5ae5fa3537ddc9bef5344b754166a5a722777f73528650,12138ebc6d34b03c6440d89e35b8db35a30d241f9f497044ef308120883e5a5b
later,2018-04,2018-04,xgboost,xgboost,DPB,DPB,full,raw,raw,5,679,13,0.019145802651,0.0641324543374,0.064121581614,0.0643950104713,0.0449866516864,0.0998823183289,8fad62287ec9158c2d5ae5fa3537ddc9bef5344b754166a5a722777f73528650,12138ebc6d34b03c6440d89e35b8db35a30d241f9f497044ef308120883e5a5b
later,2018-04,2018-04,xgboost,xgboost,DPB,DPB,full,raw,raw,6,680,34,0.05,0.0644257296534,0.0643950104713,0.0645564496517,0.0144257296534,0.100029420418,8fad62287ec9158c2d5ae5fa3537ddc9bef5344b754166a5a722777f73528650,12138ebc6d34b03c6440d89e35b8db35a30d241f9f497044ef308120883e5a5b
later,2018-04,2018-04,xgboost,xgboost,DPB,DPB,full,raw,raw,7,680,31,0.0455882352941,0.0653908692081,0.0646213293076,0.0657273456454,0.019802633914,0.100029420418,8fad62287ec9158c2d5ae5fa3537ddc9bef5344b754166a5a722777f73528650,12138ebc6d34b03c6440d89e35b8db35a30d241f9f497044ef308120883e5a5b
later,2018-04,2018-04,xgboost,xgboost,DPB,DPB,full,raw,raw,8,680,59,0.0867647058824,0.0657273456454,0.0657273456454,0.0657273456454,0.0210373602369,0.100029420418,8fad62287ec9158c2d5ae5fa3537ddc9bef5344b754166a5a722777f73528650,12138ebc6d34b03c6440d89e35b8db35a30d241f9f497044ef308120883e5a5b
later,2018-04,2018-04,xgboost,xgboost,DPB,DPB,full,raw,raw,9,680,78,0.114705882353,0.0657273456454,0.0657273456454,0.0657273456454,0.0489785367075,0.100029420418,8fad62287ec9158c2d5ae5fa3537ddc9bef5344b754166a5a722777f73528650,12138ebc6d34b03c6440d89e35b8db35a30d241f9f497044ef308120883e5a5b
later,2018-04,2018-04,xgboost,xgboost,DPB,DPB,full,raw,raw,10,679,44,0.0648011782032,0.0685239158165,0.0657273456454,0.0742938965559,0.00372273761324,0.0998823183289,8fad62287ec9158c2d5ae5fa3537ddc9bef5344b754166a5a722777f73528650,12138ebc6d34b03c6440d89e35b8db35a30d241f9f497044ef308120883e5a5b
later,2018-04,2018-04,xgboost,xgboost,DPG,DPG,full,calibrated,calibrated,1,680,13,0.0191176470588,0.059918759955,0.0589463710785,0.0608294419944,0.0408011128962,0.100029420418,a8d61fd2fd094af0b68857646ff04fffd5a2e516bd30caf27918f82df51e43f8,12138ebc6d34b03c6440d89e35b8db35a30d241f9f497044ef308120883e5a5b
later,2018-04,2018-04,xgboost,xgboost,DPG,DPG,full,calibrated,calibrated,2,680,16,0.0235294117647,0.0609429923051,0.0608294419944,0.0616970174015,0.0374135805403,0.100029420418,a8d61fd2fd094af0b68857646ff04fffd5a2e516bd30caf27918f82df51e43f8,12138ebc6d34b03c6440d89e35b8db35a30d241f9f497044ef308120883e5a5b
later,2018-04,2018-04,xgboost,xgboost,DPG,DPG,full,calibrated,calibrated,3,680,24,0.0352941176471,0.0624423347249,0.0616970174015,0.0626052170992,0.0271482170779,0.100029420418,a8d61fd2fd094af0b68857646ff04fffd5a2e516bd30caf27918f82df51e43f8,12138ebc6d34b03c6440d89e35b8db35a30d241f9f497044ef308120883e5a5b
later,2018-04,2018-04,xgboost,xgboost,DPG,DPG,full,calibrated,calibrated,4,680,15,0.0220588235294,0.0635028680677,0.0626052170992,0.0640386193991,0.0414440445383,0.100029420418,a8d61fd2fd094af0b68857646ff04fffd5a2e516bd30caf27918f82df51e43f8,12138ebc6d34b03c6440d89e35b8db35a30d241f9f497044ef308120883e5a5b
later,2018-04,2018-04,xgboost,xgboost,DPG,DPG,full,calibrated,calibrated,5,679,58,0.0854197349043,0.0654649434608,0.0640386193991,0.0656453743577,0.0199547914434,0.0998823183289,a8d61fd2fd094af0b68857646ff04fffd5a2e516bd30caf27918f82df51e43f8,12138ebc6d34b03c6440d89e35b8db35a30d241f9f497044ef308120883e5a5b
later,2018-04,2018-04,xgboost,xgboost,DPG,DPG,full,calibrated,calibrated,6,680,59,0.0867647058824,0.0656453743577,0.0656453743577,0.0656453743577,0.0211193315247,0.100029420418,a8d61fd2fd094af0b68857646ff04fffd5a2e516bd30caf27918f82df51e43f8,12138ebc6d34b03c6440d89e35b8db35a30d241f9f497044ef308120883e5a5b
later,2018-04,2018-04,xgboost,xgboost,DPG,DPG,full,calibrated,calibrated,7,680,68,0.1,0.0656453743577,0.0656453743577,0.0656453743577,0.0343546256423,0.100029420418,a8d61fd2fd094af0b68857646ff04fffd5a2e516bd30caf27918f82df51e43f8,12138ebc6d34b03c6440d89e35b8db35a30d241f9f497044ef308120883e5a5b
later,2018-04,2018-04,xgboost,xgboost,DPG,DPG,full,calibrated,calibrated,8,680,25,0.0367647058824,0.0662001895116,0.0656453743577,0.0664396360517,0.0294354836292,0.100029420418,a8d61fd2fd094af0b68857646ff04fffd5a2e516bd30caf27918f82df51e43f8,12138ebc6d34b03c6440d89e35b8db35a30d241f9f497044ef308120883e5a5b
later,2018-04,2018-04,xgboost,xgboost,DPG,DPG,full,calibrated,calibrated,9,680,6,0.00882352941176,0.0664396360517,0.0664396360517,0.0664396360517,0.0576161066399,0.100029420418,a8d61fd2fd094af0b68857646ff04fffd5a2e516bd30caf27918f82df51e43f8,12138ebc6d34b03c6440d89e35b8db35a30d241f9f497044ef308120883e5a5b
later,2018-04,2018-04,xgboost,xgboost,DPG,DPG,full,calibrated,calibrated,10,679,22,0.0324005891016,0.0705134017017,0.0664396360517,0.077601864934,0.0381128126001,0.0998823183289,a8d61fd2fd094af0b68857646ff04fffd5a2e516bd30caf27918f82df51e43f8,12138ebc6d34b03c6440d89e35b8db35a30d241f9f497044ef308120883e5a5b
later,2018-04,2018-04,xgboost,xgboost,DPG,DPG,full,raw,raw,1,680,13,0.0191176470588,0.059918759955,0.0589463710785,0.0608294419944,0.0408011128962,0.100029420418,a8d61fd2fd094af0b68857646ff04fffd5a2e516bd30caf27918f82df51e43f8,12138ebc6d34b03c6440d89e35b8db35a30d241f9f497044ef308120883e5a5b
later,2018-04,2018-04,xgboost,xgboost,DPG,DPG,full,raw,raw,2,680,16,0.0235294117647,0.0609429923051,0.0608294419944,0.0616970174015,0.0374135805403,0.100029420418,a8d61fd2fd094af0b68857646ff04fffd5a2e516bd30caf27918f82df51e43f8,12138ebc6d34b03c6440d89e35b8db35a30d241f9f497044ef308120883e5a5b
later,2018-04,2018-04,xgboost,xgboost,DPG,DPG,full,raw,raw,3,680,24,0.0352941176471,0.0624423347249,0.0616970174015,0.0626052170992,0.0271482170779,0.100029420418,a8d61fd2fd094af0b68857646ff04fffd5a2e516bd30caf27918f82df51e43f8,12138ebc6d34b03c6440d89e35b8db35a30d241f9f497044ef308120883e5a5b
later,2018-04,2018-04,xgboost,xgboost,DPG,DPG,full,raw,raw,4,680,15,0.0220588235294,0.0635028680677,0.0626052170992,0.0640386193991,0.0414440445383,0.100029420418,a8d61fd2fd094af0b68857646ff04fffd5a2e516bd30caf27918f82df51e43f8,12138ebc6d34b03c6440d89e35b8db35a30d241f9f497044ef308120883e5a5b
later,2018-04,2018-04,xgboost,xgboost,DPG,DPG,full,raw,raw,5,679,58,0.0854197349043,0.0654649434608,0.0640386193991,0.0656453743577,0.0199547914434,0.0998823183289,a8d61fd2fd094af0b68857646ff04fffd5a2e516bd30caf27918f82df51e43f8,12138ebc6d34b03c6440d89e35b8db35a30d241f9f497044ef308120883e5a5b
later,2018-04,2018-04,xgboost,xgboost,DPG,DPG,full,raw,raw,6,680,59,0.0867647058824,0.0656453743577,0.0656453743577,0.0656453743577,0.0211193315247,0.100029420418,a8d61fd2fd094af0b68857646ff04fffd5a2e516bd30caf27918f82df51e43f8,12138ebc6d34b03c6440d89e35b8db35a30d241f9f497044ef308120883e5a5b
later,2018-04,2018-04,xgboost,xgboost,DPG,DPG,full,raw,raw,7,680,68,0.1,0.0656453743577,0.0656453743577,0.0656453743577,0.0343546256423,0.100029420418,a8d61fd2fd094af0b68857646ff04fffd5a2e516bd30caf27918f82df51e43f8,12138ebc6d34b03c6440d89e35b8db35a30d241f9f497044ef308120883e5a5b
later,2018-04,2018-04,xgboost,xgboost,DPG,DPG,full,raw,raw,8,680,25,0.0367647058824,0.0662001895116,0.0656453743577,0.0664396360517,0.0294354836292,0.100029420418,a8d61fd2fd094af0b68857646ff04fffd5a2e516bd30caf27918f82df51e43f8,12138ebc6d34b03c6440d89e35b8db35a30d241f9f497044ef308120883e5a5b
later,2018-04,2018-04,xgboost,xgboost,DPG,DPG,full,raw,raw,9,680,6,0.00882352941176,0.0664396360517,0.0664396360517,0.0664396360517,0.0576161066399,0.100029420418,a8d61fd2fd094af0b68857646ff04fffd5a2e516bd30caf27918f82df51e43f8,12138ebc6d34b03c6440d89e35b8db35a30d241f9f497044ef308120883e5a5b
later,2018-04,2018-04,xgboost,xgboost,DPG,DPG,full,raw,raw,10,679,22,0.0324005891016,0.0705134017017,0.0664396360517,0.077601864934,0.0381128126001,0.0998823183289,a8d61fd2fd094af0b68857646ff04fffd5a2e516bd30caf27918f82df51e43f8,12138ebc6d34b03c6440d89e35b8db35a30d241f9f497044ef308120883e5a5b
later,2018-04,2018-04,xgboost,xgboost,DPS,DPS,full,calibrated,calibrated,1,680,16,0.0235294117647,0.059558125295,0.058915913105,0.0601502396166,0.0360287135303,0.100029420418,5611e165b59db55392d941bdb80a2acdec17ba1cd04e5d01544de31bebee6387,12138ebc6d34b03c6440d89e35b8db35a30d241f9f497044ef308120883e5a5b
later,2018-04,2018-04,xgboost,xgboost,DPS,DPS,full,calibrated,calibrated,2,680,30,0.0441176470588,0.0602148773368,0.0601502396166,0.0602209046483,0.016097230278,0.100029420418,5611e165b59db55392d941bdb80a2acdec17ba1cd04e5d01544de31bebee6387,12138ebc6d34b03c6440d89e35b8db35a30d241f9f497044ef308120883e5a5b
later,2018-04,2018-04,xgboost,xgboost,DPS,DPS,full,calibrated,calibrated,3,680,27,0.0397058823529,0.060566502952,0.0602209046483,0.0611170381308,0.020860620599,0.100029420418,5611e165b59db55392d941bdb80a2acdec17ba1cd04e5d01544de31bebee6387,12138ebc6d34b03c6440d89e35b8db35a30d241f9f497044ef308120883e5a5b
later,2018-04,2018-04,xgboost,xgboost,DPS,DPS,full,calibrated,calibrated,4,680,25,0.0367647058824,0.0613247683162,0.0611170381308,0.0613867901266,0.0245600624339,0.100029420418,5611e165b59db55392d941bdb80a2acdec17ba1cd04e5d01544de31bebee6387,12138ebc6d34b03c6440d89e35b8db35a30d241f9f497044ef308120883e5a5b
later,2018-04,2018-04,xgboost,xgboost,DPS,DPS,full,calibrated,calibrated,5,679,35,0.0515463917526,0.0615150674256,0.0613867901266,0.0619453676045,0.00996867567301,0.0998823183289,5611e165b59db55392d941bdb80a2acdec17ba1cd04e5d01544de31bebee6387,12138ebc6d34b03c6440d89e35b8db35a30d241f9f497044ef308120883e5a5b
later,2018-04,2018-04,xgboost,xgboost,DPS,DPS,full,calibrated,calibrated,6,680,38,0.0558823529412,0.0621904124451,0.0619453676045,0.0622408762574,0.00630805950393,0.100029420418,5611e165b59db55392d941bdb80a2acdec17ba1cd04e5d01544de31bebee6387,12138ebc6d34b03c6440d89e35b8db35a30d241f9f497044ef308120883e5a5b
later,2018-04,2018-04,xgboost,xgboost,DPS,DPS,full,calibrated,calibrated,7,680,36,0.0529411764706,0.0625320552629,0.0622408762574,0.0631743296981,0.00959087879233,0.100029420418,5611e165b59db55392d941bdb80a2acdec17ba1cd04e5d01544de31bebee6387,12138ebc6d34b03c6440d89e35b8db35a30d241f9f497044ef308120883e5a5b
later,2018-04,2018-04,xgboost,xgboost,DPS,DPS,full,calibrated,calibrated,8,680,32,0.0470588235294,0.0634917750516,0.0631743296981,0.0636407658458,0.0164329515222,0.100029420418,5611e165b59db55392d941bdb80a2acdec17ba1cd04e5d01544de31bebee6387,12138ebc6d34b03c6440d89e35b8db35a30d241f9f497044ef308120883e5a5b
later,2018-04,2018-04,xgboost,xgboost,DPS,DPS,full,calibrated,calibrated,9,680,36,0.0529411764706,0.0636407658458,0.0636407658458,0.0636407658458,0.0106995893752,0.100029420418,5611e165b59db55392d941bdb80a2acdec17ba1cd04e5d01544de31bebee6387,12138ebc6d34b03c6440d89e35b8db35a30d241f9f497044ef308120883e5a5b
later,2018-04,2018-04,xgboost,xgboost,DPS,DPS,full,calibrated,calibrated,10,679,31,0.0456553755523,0.0659248573659,0.0636407658458,0.0692641586065,0.0202694818136,0.0998823183289,5611e165b59db55392d941bdb80a2acdec17ba1cd04e5d01544de31bebee6387,12138ebc6d34b03c6440d89e35b8db35a30d241f9f497044ef308120883e5a5b
later,2018-04,2018-04,xgboost,xgboost,DPS,DPS,full,raw,raw,1,680,16,0.0235294117647,0.059558125295,0.058915913105,0.0601502396166,0.0360287135303,0.100029420418,5611e165b59db55392d941bdb80a2acdec17ba1cd04e5d01544de31bebee6387,12138ebc6d34b03c6440d89e35b8db35a30d241f9f497044ef308120883e5a5b
later,2018-04,2018-04,xgboost,xgboost,DPS,DPS,full,raw,raw,2,680,30,0.0441176470588,0.0602148773368,0.0601502396166,0.0602209046483,0.016097230278,0.100029420418,5611e165b59db55392d941bdb80a2acdec17ba1cd04e5d01544de31bebee6387,12138ebc6d34b03c6440d89e35b8db35a30d241f9f497044ef308120883e5a5b
later,2018-04,2018-04,xgboost,xgboost,DPS,DPS,full,raw,raw,3,680,27,0.0397058823529,0.060566502952,0.0602209046483,0.0611170381308,0.020860620599,0.100029420418,5611e165b59db55392d941bdb80a2acdec17ba1cd04e5d01544de31bebee6387,12138ebc6d34b03c6440d89e35b8db35a30d241f9f497044ef308120883e5a5b
later,2018-04,2018-04,xgboost,xgboost,DPS,DPS,full,raw,raw,4,680,25,0.0367647058824,0.0613247683162,0.0611170381308,0.0613867901266,0.0245600624339,0.100029420418,5611e165b59db55392d941bdb80a2acdec17ba1cd04e5d01544de31bebee6387,12138ebc6d34b03c6440d89e35b8db35a30d241f9f497044ef308120883e5a5b
later,2018-04,2018-04,xgboost,xgboost,DPS,DPS,full,raw,raw,5,679,35,0.0515463917526,0.0615150674256,0.0613867901266,0.0619453676045,0.00996867567301,0.0998823183289,5611e165b59db55392d941bdb80a2acdec17ba1cd04e5d01544de31bebee6387,12138ebc6d34b03c6440d89e35b8db35a30d241f9f497044ef308120883e5a5b
later,2018-04,2018-04,xgboost,xgboost,DPS,DPS,full,raw,raw,6,680,38,0.0558823529412,0.0621904124451,0.0619453676045,0.0622408762574,0.00630805950393,0.100029420418,5611e165b59db55392d941bdb80a2acdec17ba1cd04e5d01544de31bebee6387,12138ebc6d34b03c6440d89e35b8db35a30d241f9f497044ef308120883e5a5b
later,2018-04,2018-04,xgboost,xgboost,DPS,DPS,full,raw,raw,7,680,36,0.0529411764706,0.0625320552629,0.0622408762574,0.0631743296981,0.00959087879233,0.100029420418,5611e165b59db55392d941bdb80a2acdec17ba1cd04e5d01544de31bebee6387,12138ebc6d34b03c6440d89e35b8db35a30d241f9f497044ef308120883e5a5b
later,2018-04,2018-04,xgboost,xgboost,DPS,DPS,full,raw,raw,8,680,32,0.0470588235294,0.0634917750516,0.0631743296981,0.0636407658458,0.0164329515222,0.100029420418,5611e165b59db55392d941bdb80a2acdec17ba1cd04e5d01544de31bebee6387,12138ebc6d34b03c6440d89e35b8db35a30d241f9f497044ef308120883e5a5b
later,2018-04,2018-04,xgboost,xgboost,DPS,DPS,full,raw,raw,9,680,36,0.0529411764706,0.0636407658458,0.0636407658458,0.0636407658458,0.0106995893752,0.100029420418,5611e165b59db55392d941bdb80a2acdec17ba1cd04e5d01544de31bebee6387,12138ebc6d34b03c6440d89e35b8db35a30d241f9f497044ef308120883e5a5b
later,2018-04,2018-04,xgboost,xgboost,DPS,DPS,full,raw,raw,10,679,31,0.0456553755523,0.0659248573659,0.0636407658458,0.0692641586065,0.0202694818136,0.0998823183289,5611e165b59db55392d941bdb80a2acdec17ba1cd04e5d01544de31bebee6387,12138ebc6d34b03c6440d89e35b8db35a30d241f9f497044ef308120883e5a5b
later,2018-05,2018-05,logistic_l2,logistic_l2,DP0,DP0,full,calibrated,calibrated,1,675,11,0.0162962962963,0.0690872960967,0.0575952355227,0.0715050525251,0.0527909998004,0.10001481701,64e1b028b5f7b99b94955ca70106b5741930f2a0d899652ee102992d54613f20,5ba9c39fb7a95e02255cc9707656867769dd51ba2afc32a961f00a0dd34fba0f
later,2018-05,2018-05,logistic_l2,logistic_l2,DP0,DP0,full,calibrated,calibrated,2,675,16,0.0237037037037,0.0724358282408,0.0715055840108,0.0732535103889,0.0487321245371,0.10001481701,64e1b028b5f7b99b94955ca70106b5741930f2a0d899652ee102992d54613f20,5ba9c39fb7a95e02255cc9707656867769dd51ba2afc32a961f00a0dd34fba0f
later,2018-05,2018-05,logistic_l2,logistic_l2,DP0,DP0,full,calibrated,calibrated,3,675,31,0.0459259259259,0.0740551226436,0.0732540962428,0.07461076906,0.0281291967177,0.10001481701,64e1b028b5f7b99b94955ca70106b5741930f2a0d899652ee102992d54613f20,5ba9c39fb7a95e02255cc9707656867769dd51ba2afc32a961f00a0dd34fba0f
later,2018-05,2018-05,logistic_l2,logistic_l2,DP0,DP0,full,calibrated,calibrated,4,675,36,0.0533333333333,0.0750245876736,0.0746108592189,0.0754751071546,0.0216912543402,0.10001481701,64e1b028b5f7b99b94955ca70106b5741930f2a0d899652ee102992d54613f20,5ba9c39fb7a95e02255cc9707656867769dd51ba2afc32a961f00a0dd34fba0f
later,2018-05,2018-05,logistic_l2,logistic_l2,DP0,DP0,full,calibrated,calibrated,5,675,58,0.0859259259259,0.0758418477271,0.0754759311837,0.0762196122127,0.0100840781989,0.10001481701,64e1b028b5f7b99b94955ca70106b5741930f2a0d899652ee102992d54613f20,5ba9c39fb7a95e02255cc9707656867769dd51ba2afc32a961f00a0dd34fba0f
later,2018-05,2018-05,logistic_l2,logistic_l2,DP0,DP0,full,calibrated,calibrated,6,675,64,0.0948148148148,0.0765281023868,0.0762208794348,0.0769135030937,0.0182867124281,0.10001481701,64e1b028b5f7b99b94955ca70106b5741930f2a0d899652ee102992d54613f20,5ba9c39fb7a95e02255cc9707656867769dd51ba2afc32a961f00a0dd34fba0f
later,2018-05,2018-05,logistic_l2,logistic_l2,DP0,DP0,full,calibrated,calibrated,7,675,62,0.0918518518519,0.0772426778838,0.0769140190477,0.0776311186802,0.0146091739681,0.10001481701,64e1b028b5f7b99b94955ca70106b5741930f2a0d899652ee102992d54613f20,5ba9c39fb7a95e02255cc9707656867769dd51ba2afc32a961f00a0dd34fba0f
later,2018-05,2018-05,logistic_l2,logistic_l2,DP0,DP0,full,calibrated,calibrated,8,675,74,0.10962962963,0.0780640228197,0.0776321390828,0.0784575049871,0.0315656068099,0.10001481701,64e1b028b5f7b99b94955ca70106b5741930f2a0d899652ee102992d54613f20,5ba9c39fb7a95e02255cc9707656867769dd51ba2afc32a961f00a0dd34fba0f
later,2018-05,2018-05,logistic_l2,logistic_l2,DP0,DP0,full,calibrated,calibrated,9,675,55,0.0814814814815,0.0790476472887,0.0784585763776,0.0797269688037,0.00243383419275,0.10001481701,64e1b028b5f7b99b94955ca70106b5741930f2a0d899652ee102992d54613f20,5ba9c39fb7a95e02255cc9707656867769dd51ba2afc32a961f00a0dd34fba0f
later,2018-05,2018-05,logistic_l2,logistic_l2,DP0,DP0,full,calibrated,calibrated,10,674,36,0.053412462908,0.0806258048561,0.079729218252,0.0813672169603,0.0272133419481,0.0998666469107,64e1b028b5f7b99b94955ca70106b5741930f2a0d899652ee102992d54613f20,5ba9c39fb7a95e02255cc9707656867769dd51ba2afc32a961f00a0dd34fba0f
later,2018-05,2018-05,logistic_l2,logistic_l2,DP0,DP0,full,raw,raw,1,675,11,0.0162962962963,0.0690872960967,0.0575952355227,0.0715050525251,0.0527909998004,0.10001481701,64e1b028b5f7b99b94955ca70106b5741930f2a0d899652ee102992d54613f20,5ba9c39fb7a95e02255cc9707656867769dd51ba2afc32a961f00a0dd34fba0f
later,2018-05,2018-05,logistic_l2,logistic_l2,DP0,DP0,full,raw,raw,2,675,16,0.0237037037037,0.0724358282408,0.0715055840108,0.0732535103889,0.0487321245371,0.10001481701,64e1b028b5f7b99b94955ca70106b5741930f2a0d899652ee102992d54613f20,5ba9c39fb7a95e02255cc9707656867769dd51ba2afc32a961f00a0dd34fba0f
later,2018-05,2018-05,logistic_l2,logistic_l2,DP0,DP0,full,raw,raw,3,675,31,0.0459259259259,0.0740551226436,0.0732540962428,0.07461076906,0.0281291967177,0.10001481701,64e1b028b5f7b99b94955ca70106b5741930f2a0d899652ee102992d54613f20,5ba9c39fb7a95e02255cc9707656867769dd51ba2afc32a961f00a0dd34fba0f
later,2018-05,2018-05,logistic_l2,logistic_l2,DP0,DP0,full,raw,raw,4,675,36,0.0533333333333,0.0750245876736,0.0746108592189,0.0754751071546,0.0216912543402,0.10001481701,64e1b028b5f7b99b94955ca70106b5741930f2a0d899652ee102992d54613f20,5ba9c39fb7a95e02255cc9707656867769dd51ba2afc32a961f00a0dd34fba0f
later,2018-05,2018-05,logistic_l2,logistic_l2,DP0,DP0,full,raw,raw,5,675,58,0.0859259259259,0.0758418477271,0.0754759311837,0.0762196122127,0.0100840781989,0.10001481701,64e1b028b5f7b99b94955ca70106b5741930f2a0d899652ee102992d54613f20,5ba9c39fb7a95e02255cc9707656867769dd51ba2afc32a961f00a0dd34fba0f
later,2018-05,2018-05,logistic_l2,logistic_l2,DP0,DP0,full,raw,raw,6,675,64,0.0948148148148,0.0765281023868,0.0762208794348,0.0769135030937,0.0182867124281,0.10001481701,64e1b028b5f7b99b94955ca70106b5741930f2a0d899652ee102992d54613f20,5ba9c39fb7a95e02255cc9707656867769dd51ba2afc32a961f00a0dd34fba0f
later,2018-05,2018-05,logistic_l2,logistic_l2,DP0,DP0,full,raw,raw,7,675,62,0.0918518518519,0.0772426778838,0.0769140190477,0.0776311186802,0.0146091739681,0.10001481701,64e1b028b5f7b99b94955ca70106b5741930f2a0d899652ee102992d54613f20,5ba9c39fb7a95e02255cc9707656867769dd51ba2afc32a961f00a0dd34fba0f
later,2018-05,2018-05,logistic_l2,logistic_l2,DP0,DP0,full,raw,raw,8,675,74,0.10962962963,0.0780640228197,0.0776321390828,0.0784575049871,0.0315656068099,0.10001481701,64e1b028b5f7b99b94955ca70106b5741930f2a0d899652ee102992d54613f20,5ba9c39fb7a95e02255cc9707656867769dd51ba2afc32a961f00a0dd34fba0f
later,2018-05,2018-05,logistic_l2,logistic_l2,DP0,DP0,full,raw,raw,9,675,55,0.0814814814815,0.0790476472887,0.0784585763776,0.0797269688037,0.00243383419275,0.10001481701,64e1b028b5f7b99b94955ca70106b5741930f2a0d899652ee102992d54613f20,5ba9c39fb7a95e02255cc9707656867769dd51ba2afc32a961f00a0dd34fba0f
later,2018-05,2018-05,logistic_l2,logistic_l2,DP0,DP0,full,raw,raw,10,674,36,0.053412462908,0.0806258048561,0.079729218252,0.0813672169603,0.0272133419481,0.0998666469107,64e1b028b5f7b99b94955ca70106b5741930f2a0d899652ee102992d54613f20,5ba9c39fb7a95e02255cc9707656867769dd51ba2afc32a961f00a0dd34fba0f
later,2018-05,2018-05,logistic_l2,logistic_l2,DPB,DPB,full,calibrated,calibrated,1,675,4,0.00592592592593,0.0136481343531,0.000172389328414,0.0221918812088,0.00772220842714,0.10001481701,c6e936962d6c6854a87f132513e83bae01e0dd212c0b3d28289bb3c311e56f6d,5ba9c39fb7a95e02255cc9707656867769dd51ba2afc32a961f00a0dd34fba0f
later,2018-05,2018-05,logistic_l2,logistic_l2,DPB,DPB,full,calibrated,calibrated,2,675,15,0.0222222222222,0.0293671692023,0.0222625505803,0.035535962447,0.00714494698012,0.10001481701,c6e936962d6c6854a87f132513e83bae01e0dd212c0b3d28289bb3c311e56f6d,5ba9c39fb7a95e02255cc9707656867769dd51ba2afc32a961f00a0dd34fba0f
later,2018-05,2018-05,logistic_l2,logistic_l2,DPB,DPB,full,calibrated,calibrated,3,675,25,0.037037037037,0.0421864864261,0.0355464495827,0.0486339889046,0.00514944938909,0.10001481701,c6e936962d6c6854a87f132513e83bae01e0dd212c0b3d28289bb3c311e56f6d,5ba9c39fb7a95e02255cc9707656867769dd51ba2afc32a961f00a0dd34fba0f
later,2018-05,2018-05,logistic_l2,logistic_l2,DPB,DPB,full,calibrated,calibrated,4,675,29,0.042962962963,0.055756784328,0.0486384784476,0.0627956102701,0.012793821365,0.10001481701,c6e936962d6c6854a87f132513e83bae01e0dd212c0b3d28289bb3c311e56f6d,5ba9c39fb7a95e02255cc9707656867769dd51ba2afc32a961f00a0dd34fba0f
later,2018-05,2018-05,logistic_l2,logistic_l2,DPB,DPB,full,calibrated,calibrated,5,675,27,0.04,0.0713264249452,0.0628027012212,0.0798873452405,0.0313264249452,0.10001481701,c6e936962d6c6854a87f132513e83bae01e0dd212c0b3d28289bb3c311e56f6d,5ba9c39fb7a95e02255cc9707656867769dd51ba2afc32a961f00a0dd34fba0f
later,2018-05,2018-05,logistic_l2,logistic_l2,DPB,DPB,full,calibrated,calibrated,6,675,33,0.0488888888889,0.0897125626445,0.0799185421112,0.101418333956,0.0408236737556,0.10001481701,c6e936962d6c6854a87f132513e83bae01e0dd212c0b3d28289bb3c311e56f6d,5ba9c39fb7a95e02255cc9707656867769dd51ba2afc32a961f00a0dd34fba0f
later,2018-05,2018-05,logistic_l2,logistic_l2,DPB,DPB,full,calibrated,calibrated,7,675,42,0.0622222222222,0.119869203263,0.101453321381,0.140678079433,0.0576469810405,0.10001481701,c6e936962d6c6854a87f132513e83bae01e0dd212c0b3d28289bb3c311e56f6d,5ba9c39fb7a95e02255cc9707656867769dd51ba2afc32a961f00a0dd34fba0f
later,2018-05,2018-05,logistic_l2,logistic_l2,DPB,DPB,full,calibrated,calibrated,8,675,63,0.0933333333333,0.162054154298,0.14071419815,0.184515930817,0.0687208209647,0.10001481701,c6e936962d6c6854a87f132513e83bae01e0dd212c0b3d28289bb3c311e56f6d,5ba9c39fb7a95e02255cc9707656867769dd51ba2afc32a961f00a0dd34fba0f
later,2018-05,2018-05,logistic_l2,logistic_l2,DPB,DPB,full,calibrated,calibrated,9,675,80,0.118518518519,0.215206830311,0.184537797551,0.253684281806,0.0966883117929,0.10001481701,c6e936962d6c6854a87f132513e83bae01e0dd212c0b3d28289bb3c311e56f6d,5ba9c39fb7a95e02255cc9707656867769dd51ba2afc32a961f00a0dd34fba0f
later,2018-05,2018-05,logistic_l2,logistic_l2,DPB,DPB,full,calibrated,calibrated,10,674,125,0.185459940653,0.337688108536,0.254161667801,0.661089342473,0.152228167883,0.0998666469107,c6e936962d6c6854a87f132513e83bae01e0dd212c0b3d28289bb3c311e56f6d,5ba9c39fb7a95e02255cc9707656867769dd51ba2afc32a961f00a0dd34fba0f
later,2018-05,2018-05,logistic_l2,logistic_l2,DPB,DPB,full,raw,raw,1,675,4,0.00592592592593,0.0136481343531,0.000172389328414,0.0221918812088,0.00772220842714,0.10001481701,c6e936962d6c6854a87f132513e83bae01e0dd212c0b3d28289bb3c311e56f6d,5ba9c39fb7a95e02255cc9707656867769dd51ba2afc32a961f00a0dd34fba0f
later,2018-05,2018-05,logistic_l2,logistic_l2,DPB,DPB,full,raw,raw,2,675,15,0.0222222222222,0.0293671692023,0.0222625505803,0.035535962447,0.00714494698012,0.10001481701,c6e936962d6c6854a87f132513e83bae01e0dd212c0b3d28289bb3c311e56f6d,5ba9c39fb7a95e02255cc9707656867769dd51ba2afc32a961f00a0dd34fba0f
later,2018-05,2018-05,logistic_l2,logistic_l2,DPB,DPB,full,raw,raw,3,675,25,0.037037037037,0.0421864864261,0.0355464495827,0.0486339889046,0.00514944938909,0.10001481701,c6e936962d6c6854a87f132513e83bae01e0dd212c0b3d28289bb3c311e56f6d,5ba9c39fb7a95e02255cc9707656867769dd51ba2afc32a961f00a0dd34fba0f
later,2018-05,2018-05,logistic_l2,logistic_l2,DPB,DPB,full,raw,raw,4,675,29,0.042962962963,0.055756784328,0.0486384784476,0.0627956102701,0.012793821365,0.10001481701,c6e936962d6c6854a87f132513e83bae01e0dd212c0b3d28289bb3c311e56f6d,5ba9c39fb7a95e02255cc9707656867769dd51ba2afc32a961f00a0dd34fba0f
later,2018-05,2018-05,logistic_l2,logistic_l2,DPB,DPB,full,raw,raw,5,675,27,0.04,0.0713264249452,0.0628027012212,0.0798873452405,0.0313264249452,0.10001481701,c6e936962d6c6854a87f132513e83bae01e0dd212c0b3d28289bb3c311e56f6d,5ba9c39fb7a95e02255cc9707656867769dd51ba2afc32a961f00a0dd34fba0f
later,2018-05,2018-05,logistic_l2,logistic_l2,DPB,DPB,full,raw,raw,6,675,33,0.0488888888889,0.0897125626445,0.0799185421112,0.101418333956,0.0408236737556,0.10001481701,c6e936962d6c6854a87f132513e83bae01e0dd212c0b3d28289bb3c311e56f6d,5ba9c39fb7a95e02255cc9707656867769dd51ba2afc32a961f00a0dd34fba0f
later,2018-05,2018-05,logistic_l2,logistic_l2,DPB,DPB,full,raw,raw,7,675,42,0.0622222222222,0.119869203263,0.101453321381,0.140678079433,0.0576469810405,0.10001481701,c6e936962d6c6854a87f132513e83bae01e0dd212c0b3d28289bb3c311e56f6d,5ba9c39fb7a95e02255cc9707656867769dd51ba2afc32a961f00a0dd34fba0f
later,2018-05,2018-05,logistic_l2,logistic_l2,DPB,DPB,full,raw,raw,8,675,63,0.0933333333333,0.162054154298,0.14071419815,0.184515930817,0.0687208209647,0.10001481701,c6e936962d6c6854a87f132513e83bae01e0dd212c0b3d28289bb3c311e56f6d,5ba9c39fb7a95e02255cc9707656867769dd51ba2afc32a961f00a0dd34fba0f
later,2018-05,2018-05,logistic_l2,logistic_l2,DPB,DPB,full,raw,raw,9,675,80,0.118518518519,0.215206830311,0.184537797551,0.253684281806,0.0966883117929,0.10001481701,c6e936962d6c6854a87f132513e83bae01e0dd212c0b3d28289bb3c311e56f6d,5ba9c39fb7a95e02255cc9707656867769dd51ba2afc32a961f00a0dd34fba0f
later,2018-05,2018-05,logistic_l2,logistic_l2,DPB,DPB,full,raw,raw,10,674,125,0.185459940653,0.337688108536,0.254161667801,0.661089342473,0.152228167883,0.0998666469107,c6e936962d6c6854a87f132513e83bae01e0dd212c0b3d28289bb3c311e56f6d,5ba9c39fb7a95e02255cc9707656867769dd51ba2afc32a961f00a0dd34fba0f
later,2018-05,2018-05,logistic_l2,logistic_l2,DPG,DPG,full,calibrated,calibrated,1,675,11,0.0162962962963,0.0168984587989,0.00031743171391,0.026761252664,0.000602162502611,0.10001481701,941976c4b6900f085c7230aebd1aef0138279d64d33d8f84ee6afb30a68739dc,5ba9c39fb7a95e02255cc9707656867769dd51ba2afc32a961f00a0dd34fba0f
later,2018-05,2018-05,logistic_l2,logistic_l2,DPG,DPG,full,calibrated,calibrated,2,675,9,0.0133333333333,0.0342594433725,0.0267724989539,0.0413869562335,0.0209261100391,0.10001481701,941976c4b6900f085c7230aebd1aef0138279d64d33d8f84ee6afb30a68739dc,5ba9c39fb7a95e02255cc9707656867769dd51ba2afc32a961f00a0dd34fba0f
later,2018-05,2018-05,logistic_l2,logistic_l2,DPG,DPG,full,calibrated,calibrated,3,675,33,0.0488888888889,0.0473127266224,0.0413952506708,0.05403151228,0.00157616226645,0.10001481701,941976c4b6900f085c7230aebd1aef0138279d64d33d8f84ee6afb30a68739dc,5ba9c39fb7a95e02255cc9707656867769dd51ba2afc32a961f00a0dd34fba0f
later,2018-05,2018-05,logistic_l2,logistic_l2,DPG,DPG,full,calibrated,calibrated,4,675,31,0.0459259259259,0.0616861091965,0.0540360112014,0.0692680416206,0.0157601832706,0.10001481701,941976c4b6900f085c7230aebd1aef0138279d64d33d8f84ee6afb30a68739dc,5ba9c39fb7a95e02255cc9707656867769dd51ba2afc32a961f00a0dd34fba0f
later,2018-05,2018-05,logistic_l2,logistic_l2,DPG,DPG,full,calibrated,calibrated,5,675,28,0.0414814814815,0.0770097193665,0.0692763476557,0.0856261222567,0.035528237885,0.10001481701,941976c4b6900f085c7230aebd1aef0138279d64d33d8f84ee6afb30a68739dc,5ba9c39fb7a95e02255cc9707656867769dd51ba2afc32a961f00a0dd34fba0f
later,2018-05,2018-05,logistic_l2,logistic_l2,DPG,DPG,full,calibrated,calibrated,6,675,34,0.0503703703704,0.0960393646391,0.08562752118,0.105759912097,0.0456689942687,0.10001481701,941976c4b6900f085c7230aebd1aef0138279d64d33d8f84ee6afb30a68739dc,5ba9c39fb7a95e02255cc9707656867769dd51ba2afc32a961f00a0dd34fba0f
later,2018-05,2018-05,logistic_l2,logistic_l2,DPG,DPG,full,calibrated,calibrated,7,675,54,0.08,0.124830791643,0.105765647988,0.146399672694,0.0448307916426,0.10001481701,941976c4b6900f085c7230aebd1aef0138279d64d33d8f84ee6afb30a68739dc,5ba9c39fb7a95e02255cc9707656867769dd51ba2afc32a961f00a0dd34fba0f
later,2018-05,2018-05,logistic_l2,logistic_l2,DPG,DPG,full,calibrated,calibrated,8,675,51,0.0755555555556,0.170653543223,0.146401983206,0.19617693883,0.0950979876672,0.10001481701,941976c4b6900f085c7230aebd1aef0138279d64d33d8f84ee6afb30a68739dc,5ba9c39fb7a95e02255cc9707656867769dd51ba2afc32a961f00a0dd34fba0f
later,2018-05,2018-05,logistic_l2,logistic_l2,DPG,DPG,full,calibrated,calibrated,9,675,66,0.0977777777778,0.22651960869,0.196203675593,0.262450027072,0.128741830912,0.10001481701,941976c4b6900f085c7230aebd1aef0138279d64d33d8f84ee6afb30a68739dc,5ba9c39fb7a95e02255cc9707656867769dd51ba2afc32a961f00a0dd34fba0f
later,2018-05,2018-05,logistic_l2,logistic_l2,DPG,DPG,full,calibrated,calibrated,10,674,126,0.186943620178,0.339509608187,0.262562518468,0.560851734904,0.152565988009,0.0998666469107,941976c4b6900f085c7230aebd1aef0138279d64d33d8f84ee6afb30a68739dc,5ba9c39fb7a95e02255cc9707656867769dd51ba2afc32a961f00a0dd34fba0f
later,2018-05,2018-05,logistic_l2,logistic_l2,DPG,DPG,full,raw,raw,1,675,11,0.0162962962963,0.0168984587989,0.00031743171391,0.026761252664,0.000602162502611,0.10001481701,941976c4b6900f085c7230aebd1aef0138279d64d33d8f84ee6afb30a68739dc,5ba9c39fb7a95e02255cc9707656867769dd51ba2afc32a961f00a0dd34fba0f
later,2018-05,2018-05,logistic_l2,logistic_l2,DPG,DPG,full,raw,raw,2,675,9,0.0133333333333,0.0342594433725,0.0267724989539,0.0413869562335,0.0209261100391,0.10001481701,941976c4b6900f085c7230aebd1aef0138279d64d33d8f84ee6afb30a68739dc,5ba9c39fb7a95e02255cc9707656867769dd51ba2afc32a961f00a0dd34fba0f
later,2018-05,2018-05,logistic_l2,logistic_l2,DPG,DPG,full,raw,raw,3,675,33,0.0488888888889,0.0473127266224,0.0413952506708,0.05403151228,0.00157616226645,0.10001481701,941976c4b6900f085c7230aebd1aef0138279d64d33d8f84ee6afb30a68739dc,5ba9c39fb7a95e02255cc9707656867769dd51ba2afc32a961f00a0dd34fba0f
later,2018-05,2018-05,logistic_l2,logistic_l2,DPG,DPG,full,raw,raw,4,675,31,0.0459259259259,0.0616861091965,0.0540360112014,0.0692680416206,0.0157601832706,0.10001481701,941976c4b6900f085c7230aebd1aef0138279d64d33d8f84ee6afb30a68739dc,5ba9c39fb7a95e02255cc9707656867769dd51ba2afc32a961f00a0dd34fba0f
later,2018-05,2018-05,logistic_l2,logistic_l2,DPG,DPG,full,raw,raw,5,675,28,0.0414814814815,0.0770097193665,0.0692763476557,0.0856261222567,0.035528237885,0.10001481701,941976c4b6900f085c7230aebd1aef0138279d64d33d8f84ee6afb30a68739dc,5ba9c39fb7a95e02255cc9707656867769dd51ba2afc32a961f00a0dd34fba0f
later,2018-05,2018-05,logistic_l2,logistic_l2,DPG,DPG,full,raw,raw,6,675,34,0.0503703703704,0.0960393646391,0.08562752118,0.105759912097,0.0456689942687,0.10001481701,941976c4b6900f085c7230aebd1aef0138279d64d33d8f84ee6afb30a68739dc,5ba9c39fb7a95e02255cc9707656867769dd51ba2afc32a961f00a0dd34fba0f
later,2018-05,2018-05,logistic_l2,logistic_l2,DPG,DPG,full,raw,raw,7,675,54,0.08,0.124830791643,0.105765647988,0.146399672694,0.0448307916426,0.10001481701,941976c4b6900f085c7230aebd1aef0138279d64d33d8f84ee6afb30a68739dc,5ba9c39fb7a95e02255cc9707656867769dd51ba2afc32a961f00a0dd34fba0f
later,2018-05,2018-05,logistic_l2,logistic_l2,DPG,DPG,full,raw,raw,8,675,51,0.0755555555556,0.170653543223,0.146401983206,0.19617693883,0.0950979876672,0.10001481701,941976c4b6900f085c7230aebd1aef0138279d64d33d8f84ee6afb30a68739dc,5ba9c39fb7a95e02255cc9707656867769dd51ba2afc32a961f00a0dd34fba0f
later,2018-05,2018-05,logistic_l2,logistic_l2,DPG,DPG,full,raw,raw,9,675,66,0.0977777777778,0.22651960869,0.196203675593,0.262450027072,0.128741830912,0.10001481701,941976c4b6900f085c7230aebd1aef0138279d64d33d8f84ee6afb30a68739dc,5ba9c39fb7a95e02255cc9707656867769dd51ba2afc32a961f00a0dd34fba0f
later,2018-05,2018-05,logistic_l2,logistic_l2,DPG,DPG,full,raw,raw,10,674,126,0.186943620178,0.339509608187,0.262562518468,0.560851734904,0.152565988009,0.0998666469107,941976c4b6900f085c7230aebd1aef0138279d64d33d8f84ee6afb30a68739dc,5ba9c39fb7a95e02255cc9707656867769dd51ba2afc32a961f00a0dd34fba0f
later,2018-05,2018-05,logistic_l2,logistic_l2,DPS,DPS,full,calibrated,calibrated,1,675,23,0.0340740740741,0.0477036955365,0.0315884151909,0.0525828949989,0.0136296214624,0.10001481701,b7e9a00da738829a2d21200f3712000581c47366bd7f48f1b3a32351ea8c6329,5ba9c39fb7a95e02255cc9707656867769dd51ba2afc32a961f00a0dd34fba0f
later,2018-05,2018-05,logistic_l2,logistic_l2,DPS,DPS,full,calibrated,calibrated,2,675,46,0.0681481481481,0.0552583225256,0.0525913607322,0.0575795179996,0.0128898256225,0.10001481701,b7e9a00da738829a2d21200f3712000581c47366bd7f48f1b3a32351ea8c6329,5ba9c39fb7a95e02255cc9707656867769dd51ba2afc32a961f00a0dd34fba0f
later,2018-05,2018-05,logistic_l2,logistic_l2,DPS,DPS,full,calibrated,calibrated,3,675,33,0.0488888888889,0.0596228498967,0.0575849149131,0.0616599913703,0.0107339610078,0.10001481701,b7e9a00da738829a2d21200f3712000581c47366bd7f48f1b3a32351ea8c6329,5ba9c39fb7a95e02255cc9707656867769dd51ba2afc32a961f00a0dd34fba0f
later,2018-05,2018-05,logistic_l2,logistic_l2,DPS,DPS,full,calibrated,calibrated,4,675,40,0.0592592592593,0.0636778572634,0.0616849469102,0.065809240394,0.0044185980041,0.10001481701,b7e9a00da738829a2d21200f3712000581c47366bd7f48f1b3a32351ea8c6329,5ba9c39fb7a95e02255cc9707656867769dd51ba2afc32a961f00a0dd34fba0f
later,2018-05,2018-05,logistic_l2,logistic_l2,DPS,DPS,full,calibrated,calibrated,5,675,41,0.0607407407407,0.068099351533,0.0658107946169,0.0706402514766,0.0073586107923,0.10001481701,b7e9a00da738829a2d21200f3712000581c47366bd7f48f1b3a32351ea8c6329,5ba9c39fb7a95e02255cc9707656867769dd51ba2afc32a961f00a0dd34fba0f
later,2018-05,2018-05,logistic_l2,logistic_l2,DPS,DPS,full,calibrated,calibrated,6,675,41,0.0607407407407,0.0730078106436,0.0706425895111,0.0757009040315,0.0122670699029,0.10001481701,b7e9a00da738829a2d21200f3712000581c47366bd7f48f1b3a32351ea8c6329,5ba9c39fb7a95e02255cc9707656867769dd51ba2afc32a961f00a0dd34fba0f
later,2018-05,2018-05,logistic_l2,logistic_l2,DPS,DPS,full,calibrated,calibrated,7,675,44,0.0651851851852,0.0782055738218,0.0757030272711,0.0811366920454,0.0130203886367,0.10001481701,b7e9a00da738829a2d21200f3712000581c47366bd7f48f1b3a32351ea8c6329,5ba9c39fb7a95e02255cc9707656867769dd51ba2afc32a961f00a0dd34fba0f
later,2018-05,2018-05,logistic_l2,logistic_l2,DPS,DPS,full,calibrated,calibrated,8,675,51,0.0755555555556,0.0840725827205,0.0811378834805,0.0873196307804,0.00851702716491,0.10001481701,b7e9a00da738829a2d21200f3712000581c47366bd7f48f1b3a32351ea8c6329,5ba9c39fb7a95e02255cc9707656867769dd51ba2afc32a961f00a0dd34fba0f
later,2018-05,2018-05,logistic_l2,logistic_l2,DPS,DPS,full,calibrated,calibrated,9,675,59,0.0874074074074,0.0917201464482,0.0873203243836,0.0972466662308,0.00431273904078,0.10001481701,b7e9a00da738829a2d21200f3712000581c47366bd7f48f1b3a32351ea8c6329,5ba9c39fb7a95e02255cc9707656867769dd51ba2afc32a961f00a0dd34fba0f
later,2018-05,2018-05,logistic_l2,logistic_l2,DPS,DPS,full,calibrated,calibrated,10,674,65,0.0964391691395,0.113695081566,0.0972592582013,0.238802060536,0.0172559124267,0.0998666469107,b7e9a00da738829a2d21200f3712000581c47366bd7f48f1b3a32351ea8c6329,5ba9c39fb7a95e02255cc9707656867769dd51ba2afc32a961f00a0dd34fba0f
later,2018-05,2018-05,logistic_l2,logistic_l2,DPS,DPS,full,raw,raw,1,675,23,0.0340740740741,0.0477036955365,0.0315884151909,0.0525828949989,0.0136296214624,0.10001481701,b7e9a00da738829a2d21200f3712000581c47366bd7f48f1b3a32351ea8c6329,5ba9c39fb7a95e02255cc9707656867769dd51ba2afc32a961f00a0dd34fba0f
later,2018-05,2018-05,logistic_l2,logistic_l2,DPS,DPS,full,raw,raw,2,675,46,0.0681481481481,0.0552583225256,0.0525913607322,0.0575795179996,0.0128898256225,0.10001481701,b7e9a00da738829a2d21200f3712000581c47366bd7f48f1b3a32351ea8c6329,5ba9c39fb7a95e02255cc9707656867769dd51ba2afc32a961f00a0dd34fba0f
later,2018-05,2018-05,logistic_l2,logistic_l2,DPS,DPS,full,raw,raw,3,675,33,0.0488888888889,0.0596228498967,0.0575849149131,0.0616599913703,0.0107339610078,0.10001481701,b7e9a00da738829a2d21200f3712000581c47366bd7f48f1b3a32351ea8c6329,5ba9c39fb7a95e02255cc9707656867769dd51ba2afc32a961f00a0dd34fba0f
later,2018-05,2018-05,logistic_l2,logistic_l2,DPS,DPS,full,raw,raw,4,675,40,0.0592592592593,0.0636778572634,0.0616849469102,0.065809240394,0.0044185980041,0.10001481701,b7e9a00da738829a2d21200f3712000581c47366bd7f48f1b3a32351ea8c6329,5ba9c39fb7a95e02255cc9707656867769dd51ba2afc32a961f00a0dd34fba0f
later,2018-05,2018-05,logistic_l2,logistic_l2,DPS,DPS,full,raw,raw,5,675,41,0.0607407407407,0.068099351533,0.0658107946169,0.0706402514766,0.0073586107923,0.10001481701,b7e9a00da738829a2d21200f3712000581c47366bd7f48f1b3a32351ea8c6329,5ba9c39fb7a95e02255cc9707656867769dd51ba2afc32a961f00a0dd34fba0f
later,2018-05,2018-05,logistic_l2,logistic_l2,DPS,DPS,full,raw,raw,6,675,41,0.0607407407407,0.0730078106436,0.0706425895111,0.0757009040315,0.0122670699029,0.10001481701,b7e9a00da738829a2d21200f3712000581c47366bd7f48f1b3a32351ea8c6329,5ba9c39fb7a95e02255cc9707656867769dd51ba2afc32a961f00a0dd34fba0f
later,2018-05,2018-05,logistic_l2,logistic_l2,DPS,DPS,full,raw,raw,7,675,44,0.0651851851852,0.0782055738218,0.0757030272711,0.0811366920454,0.0130203886367,0.10001481701,b7e9a00da738829a2d21200f3712000581c47366bd7f48f1b3a32351ea8c6329,5ba9c39fb7a95e02255cc9707656867769dd51ba2afc32a961f00a0dd34fba0f
later,2018-05,2018-05,logistic_l2,logistic_l2,DPS,DPS,full,raw,raw,8,675,51,0.0755555555556,0.0840725827205,0.0811378834805,0.0873196307804,0.00851702716491,0.10001481701,b7e9a00da738829a2d21200f3712000581c47366bd7f48f1b3a32351ea8c6329,5ba9c39fb7a95e02255cc9707656867769dd51ba2afc32a961f00a0dd34fba0f
later,2018-05,2018-05,logistic_l2,logistic_l2,DPS,DPS,full,raw,raw,9,675,59,0.0874074074074,0.0917201464482,0.0873203243836,0.0972466662308,0.00431273904078,0.10001481701,b7e9a00da738829a2d21200f3712000581c47366bd7f48f1b3a32351ea8c6329,5ba9c39fb7a95e02255cc9707656867769dd51ba2afc32a961f00a0dd34fba0f
later,2018-05,2018-05,logistic_l2,logistic_l2,DPS,DPS,full,raw,raw,10,674,65,0.0964391691395,0.113695081566,0.0972592582013,0.238802060536,0.0172559124267,0.0998666469107,b7e9a00da738829a2d21200f3712000581c47366bd7f48f1b3a32351ea8c6329,5ba9c39fb7a95e02255cc9707656867769dd51ba2afc32a961f00a0dd34fba0f
later,2018-05,2018-05,xgboost,xgboost,DP0,DP0,full,calibrated,calibrated,1,675,15,0.0222222222222,0.0713979800763,0.0713868588209,0.0715041533113,0.0491757578541,0.10001481701,f6acfe0a8836588b73e5bd1b7b58528987fdd1c87c31c25417fc813a43da1265,5ba9c39fb7a95e02255cc9707656867769dd51ba2afc32a961f00a0dd34fba0f
later,2018-05,2018-05,xgboost,xgboost,DP0,DP0,full,calibrated,calibrated,2,675,52,0.077037037037,0.0715041533113,0.0715041533113,0.0715041533113,0.00553288372578,0.10001481701,f6acfe0a8836588b73e5bd1b7b58528987fdd1c87c31c25417fc813a43da1265,5ba9c39fb7a95e02255cc9707656867769dd51ba2afc32a961f00a0dd34fba0f
later,2018-05,2018-05,xgboost,xgboost,DP0,DP0,full,calibrated,calibrated,3,675,33,0.0488888888889,0.0726875378247,0.0715041533113,0.0735143050551,0.0237986489358,0.10001481701,f6acfe0a8836588b73e5bd1b7b58528987fdd1c87c31c25417fc813a43da1265,5ba9c39fb7a95e02255cc9707656867769dd51ba2afc32a961f00a0dd34fba0f
later,2018-05,2018-05,xgboost,xgboost,DP0,DP0,full,calibrated,calibrated,4,675,38,0.0562962962963,0.0750385388622,0.0735143050551,0.0758103430271,0.0187422425659,0.10001481701,f6acfe0a8836588b73e5bd1b7b58528987fdd1c87c31c25417fc813a43da1265,5ba9c39fb7a95e02255cc9707656867769dd51ba2afc32a961f00a0dd34fba0f
later,2018-05,2018-05,xgboost,xgboost,DP0,DP0,full,calibrated,calibrated,5,675,27,0.04,0.0758103430271,0.0758103430271,0.0758103430271,0.0358103430271,0.10001481701,f6acfe0a8836588b73e5bd1b7b58528987fdd1c87c31c25417fc813a43da1265,5ba9c39fb7a95e02255cc9707656867769dd51ba2afc32a961f00a0dd34fba0f
later,2018-05,2018-05,xgboost,xgboost,DP0,DP0,full,calibrated,calibrated,6,675,36,0.0533333333333,0.0759731300672,0.0758103430271,0.0761189982295,0.0226397967339,0.10001481701,f6acfe0a8836588b73e5bd1b7b58528987fdd1c87c31c25417fc813a43da1265,5ba9c39fb7a95e02255cc9707656867769dd51ba2afc32a961f00a0dd34fba0f
later,2018-05,2018-05,xgboost,xgboost,DP0,DP0,full,calibrated,calibrated,7,675,60,0.0888888888889,0.0767043775651,0.0761189982295,0.0771306976676,0.0121845113238,0.10001481701,f6acfe0a8836588b73e5bd1b7b58528987fdd1c87c31c25417fc813a43da1265,5ba9c39fb7a95e02255cc9707656867769dd51ba2afc32a961f00a0dd34fba0f
later,2018-05,2018-05,xgboost,xgboost,DP0,DP0,full,calibrated,calibrated,8,675,64,0.0948148148148,0.0771306976676,0.0771306976676,0.0771306976676,0.0176841171472,0.10001481701,f6acfe0a8836588b73e5bd1b7b58528987fdd1c87c31c25417fc813a43da1265,5ba9c39fb7a95e02255cc9707656867769dd51ba2afc32a961f00a0dd34fba0f
later,2018-05,2018-05,xgboost,xgboost,DP0,DP0,full,calibrated,calibrated,9,675,69,0.102222222222,0.0771306976676,0.0771306976676,0.0771306976676,0.0250915245546,0.10001481701,f6acfe0a8836588b73e5bd1b7b58528987fdd1c87c31c25417fc813a43da1265,5ba9c39fb7a95e02255cc9707656867769dd51ba2afc32a961f00a0dd34fba0f
later,2018-05,2018-05,xgboost,xgboost,DP0,DP0,full,calibrated,calibrated,10,674,49,0.0727002967359,0.0773274099526,0.0771306976676,0.0774979665875,0.00462711321671,0.0998666469107,f6acfe0a8836588b73e5bd1b7b58528987fdd1c87c31c25417fc813a43da1265,5ba9c39fb7a95e02255cc9707656867769dd51ba2afc32a961f00a0dd34fba0f
later,2018-05,2018-05,xgboost,xgboost,DP0,DP0,full,raw,raw,1,675,15,0.0222222222222,0.0713979800763,0.0713868588209,0.0715041533113,0.0491757578541,0.10001481701,f6acfe0a8836588b73e5bd1b7b58528987fdd1c87c31c25417fc813a43da1265,5ba9c39fb7a95e02255cc9707656867769dd51ba2afc32a961f00a0dd34fba0f
later,2018-05,2018-05,xgboost,xgboost,DP0,DP0,full,raw,raw,2,675,52,0.077037037037,0.0715041533113,0.0715041533113,0.0715041533113,0.00553288372578,0.10001481701,f6acfe0a8836588b73e5bd1b7b58528987fdd1c87c31c25417fc813a43da1265,5ba9c39fb7a95e02255cc9707656867769dd51ba2afc32a961f00a0dd34fba0f
later,2018-05,2018-05,xgboost,xgboost,DP0,DP0,full,raw,raw,3,675,33,0.0488888888889,0.0726875378247,0.0715041533113,0.0735143050551,0.0237986489358,0.10001481701,f6acfe0a8836588b73e5bd1b7b58528987fdd1c87c31c25417fc813a43da1265,5ba9c39fb7a95e02255cc9707656867769dd51ba2afc32a961f00a0dd34fba0f
later,2018-05,2018-05,xgboost,xgboost,DP0,DP0,full,raw,raw,4,675,38,0.0562962962963,0.0750385388622,0.0735143050551,0.0758103430271,0.0187422425659,0.10001481701,f6acfe0a8836588b73e5bd1b7b58528987fdd1c87c31c25417fc813a43da1265,5ba9c39fb7a95e02255cc9707656867769dd51ba2afc32a961f00a0dd34fba0f
later,2018-05,2018-05,xgboost,xgboost,DP0,DP0,full,raw,raw,5,675,27,0.04,0.0758103430271,0.0758103430271,0.0758103430271,0.0358103430271,0.10001481701,f6acfe0a8836588b73e5bd1b7b58528987fdd1c87c31c25417fc813a43da1265,5ba9c39fb7a95e02255cc9707656867769dd51ba2afc32a961f00a0dd34fba0f
later,2018-05,2018-05,xgboost,xgboost,DP0,DP0,full,raw,raw,6,675,36,0.0533333333333,0.0759731300672,0.0758103430271,0.0761189982295,0.0226397967339,0.10001481701,f6acfe0a8836588b73e5bd1b7b58528987fdd1c87c31c25417fc813a43da1265,5ba9c39fb7a95e02255cc9707656867769dd51ba2afc32a961f00a0dd34fba0f
later,2018-05,2018-05,xgboost,xgboost,DP0,DP0,full,raw,raw,7,675,60,0.0888888888889,0.0767043775651,0.0761189982295,0.0771306976676,0.0121845113238,0.10001481701,f6acfe0a8836588b73e5bd1b7b58528987fdd1c87c31c25417fc813a43da1265,5ba9c39fb7a95e02255cc9707656867769dd51ba2afc32a961f00a0dd34fba0f
later,2018-05,2018-05,xgboost,xgboost,DP0,DP0,full,raw,raw,8,675,64,0.0948148148148,0.0771306976676,0.0771306976676,0.0771306976676,0.0176841171472,0.10001481701,f6acfe0a8836588b73e5bd1b7b58528987fdd1c87c31c25417fc813a43da1265,5ba9c39fb7a95e02255cc9707656867769dd51ba2afc32a961f00a0dd34fba0f
later,2018-05,2018-05,xgboost,xgboost,DP0,DP0,full,raw,raw,9,675,69,0.102222222222,0.0771306976676,0.0771306976676,0.0771306976676,0.0250915245546,0.10001481701,f6acfe0a8836588b73e5bd1b7b58528987fdd1c87c31c25417fc813a43da1265,5ba9c39fb7a95e02255cc9707656867769dd51ba2afc32a961f00a0dd34fba0f
later,2018-05,2018-05,xgboost,xgboost,DP0,DP0,full,raw,raw,10,674,49,0.0727002967359,0.0773274099526,0.0771306976676,0.0774979665875,0.00462711321671,0.0998666469107,f6acfe0a8836588b73e5bd1b7b58528987fdd1c87c31c25417fc813a43da1265,5ba9c39fb7a95e02255cc9707656867769dd51ba2afc32a961f00a0dd34fba0f
later,2018-05,2018-05,xgboost,xgboost,DPB,DPB,full,calibrated,calibrated,1,675,16,0.0237037037037,0.070798240602,0.070798240602,0.070798240602,0.0470945368983,0.10001481701,f7279a61afdf97e860a43a3d4fe9d19529dc873ad82b702c04185e39e7aea774,5ba9c39fb7a95e02255cc9707656867769dd51ba2afc32a961f00a0dd34fba0f
later,2018-05,2018-05,xgboost,xgboost,DPB,DPB,full,calibrated,calibrated,2,675,20,0.0296296296296,0.0710126770757,0.070798240602,0.0715163275599,0.0413830474461,0.10001481701,f7279a61afdf97e860a43a3d4fe9d19529dc873ad82b702c04185e39e7aea774,5ba9c39fb7a95e02255cc9707656867769dd51ba2afc32a961f00a0dd34fba0f
later,2018-05,2018-05,xgboost,xgboost,DPB,DPB,full,calibrated,calibrated,3,675,31,0.0459259259259,0.0732851770631,0.0715163275599,0.0744885578752,0.0273592511371,0.10001481701,f7279a61afdf97e860a43a3d4fe9d19529dc873ad82b702c04185e39e7aea774,5ba9c39fb7a95e02255cc9707656867769dd51ba2afc32a961f00a0dd34fba0f
later,2018-05,2018-05,xgboost,xgboost,DPB,DPB,full,calibrated,calibrated,4,675,32,0.0474074074074,0.0744885578752,0.0744885578752,0.0744885578752,0.0270811504677,0.10001481701,f7279a61afdf97e860a43a3d4fe9d19529dc873ad82b702c04185e39e7aea774,5ba9c39fb7a95e02255cc9707656867769dd51ba2afc32a961f00a0dd34fba0f
later,2018-05,2018-05,xgboost,xgboost,DPB,DPB,full,calibrated,calibrated,5,675,34,0.0503703703704,0.0751172438595,0.0744885578752,0.0758010074496,0.0247468734891,0.10001481701,f7279a61afdf97e860a43a3d4fe9d19529dc873ad82b702c04185e39e7aea774,5ba9c39fb7a95e02255cc9707656867769dd51ba2afc32a961f00a0dd34fba0f
later,2018-05,2018-05,xgboost,xgboost,DPB,DPB,full,calibrated,calibrated,6,675,34,0.0503703703704,0.077359877604,0.0758010074496,0.0784345716238,0.0269895072337,0.10001481701,f7279a61afdf97e860a43a3d4fe9d19529dc873ad82b702c04185e39e7aea774,5ba9c39fb7a95e02255cc9707656867769dd51ba2afc32a961f00a0dd34fba0f
later,2018-05,2018-05,xgboost,xgboost,DPB,DPB,full,calibrated,calibrated,7,675,55,0.0814814814815,0.0785931167779,0.0784345716238,0.0788514614105,0.00288836470357,0.10001481701,f7279a61afdf97e860a43a3d4fe9d19529dc873ad82b702c04185e39e7aea774,5ba9c39fb7a95e02255cc9707656867769dd51ba2afc32a961f00a0dd34fba0f
later,2018-05,2018-05,xgboost,xgboost,DPB,DPB,full,calibrated,calibrated,8,675,41,0.0607407407407,0.0823017399731,0.0788514614105,0.0840450897813,0.0215609992323,0.10001481701,f7279a61afdf97e860a43a3d4fe9d19529dc873ad82b702c04185e39e7aea774,5ba9c39fb7a95e02255cc9707656867769dd51ba2afc32a961f00a0dd34fba0f
later,2018-05,2018-05,xgboost,xgboost,DPB,DPB,full,calibrated,calibrated,9,675,71,0.105185185185,0.0868267257898,0.0840450897813,0.0888969674706,0.0183584593954,0.10001481701,f7279a61afdf97e860a43a3d4fe9d19529dc873ad82b702c04185e39e7aea774,5ba9c39fb7a95e02255cc9707656867769dd51ba2afc32a961f00a0dd34fba0f
later,2018-05,2018-05,xgboost,xgboost,DPB,DPB,full,calibrated,calibrated,10,674,109,0.161721068249,0.0960032989545,0.0888969674706,0.107918247581,0.0657177692948,0.0998666469107,f7279a61afdf97e860a43a3d4fe9d19529dc873ad82b702c04185e39e7aea774,5ba9c39fb7a95e02255cc9707656867769dd51ba2afc32a961f00a0dd34fba0f
later,2018-05,2018-05,xgboost,xgboost,DPB,DPB,full,raw,raw,1,675,16,0.0237037037037,0.070798240602,0.070798240602,0.070798240602,0.0470945368983,0.10001481701,f7279a61afdf97e860a43a3d4fe9d19529dc873ad82b702c04185e39e7aea774,5ba9c39fb7a95e02255cc9707656867769dd51ba2afc32a961f00a0dd34fba0f
later,2018-05,2018-05,xgboost,xgboost,DPB,DPB,full,raw,raw,2,675,20,0.0296296296296,0.0710126770757,0.070798240602,0.0715163275599,0.0413830474461,0.10001481701,f7279a61afdf97e860a43a3d4fe9d19529dc873ad82b702c04185e39e7aea774,5ba9c39fb7a95e02255cc9707656867769dd51ba2afc32a961f00a0dd34fba0f
later,2018-05,2018-05,xgboost,xgboost,DPB,DPB,full,raw,raw,3,675,31,0.0459259259259,0.0732851770631,0.0715163275599,0.0744885578752,0.0273592511371,0.10001481701,f7279a61afdf97e860a43a3d4fe9d19529dc873ad82b702c04185e39e7aea774,5ba9c39fb7a95e02255cc9707656867769dd51ba2afc32a961f00a0dd34fba0f
later,2018-05,2018-05,xgboost,xgboost,DPB,DPB,full,raw,raw,4,675,32,0.0474074074074,0.0744885578752,0.0744885578752,0.0744885578752,0.0270811504677,0.10001481701,f7279a61afdf97e860a43a3d4fe9d19529dc873ad82b702c04185e39e7aea774,5ba9c39fb7a95e02255cc9707656867769dd51ba2afc32a961f00a0dd34fba0f
later,2018-05,2018-05,xgboost,xgboost,DPB,DPB,full,raw,raw,5,675,34,0.0503703703704,0.0751172438595,0.0744885578752,0.0758010074496,0.0247468734891,0.10001481701,f7279a61afdf97e860a43a3d4fe9d19529dc873ad82b702c04185e39e7aea774,5ba9c39fb7a95e02255cc9707656867769dd51ba2afc32a961f00a0dd34fba0f
later,2018-05,2018-05,xgboost,xgboost,DPB,DPB,full,raw,raw,6,675,34,0.0503703703704,0.077359877604,0.0758010074496,0.0784345716238,0.0269895072337,0.10001481701,f7279a61afdf97e860a43a3d4fe9d19529dc873ad82b702c04185e39e7aea774,5ba9c39fb7a95e02255cc9707656867769dd51ba2afc32a961f00a0dd34fba0f
later,2018-05,2018-05,xgboost,xgboost,DPB,DPB,full,raw,raw,7,675,55,0.0814814814815,0.0785931167779,0.0784345716238,0.0788514614105,0.00288836470357,0.10001481701,f7279a61afdf97e860a43a3d4fe9d19529dc873ad82b702c04185e39e7aea774,5ba9c39fb7a95e02255cc9707656867769dd51ba2afc32a961f00a0dd34fba0f
later,2018-05,2018-05,xgboost,xgboost,DPB,DPB,full,raw,raw,8,675,41,0.0607407407407,0.0823017399731,0.0788514614105,0.0840450897813,0.0215609992323,0.10001481701,f7279a61afdf97e860a43a3d4fe9d19529dc873ad82b702c04185e39e7aea774,5ba9c39fb7a95e02255cc9707656867769dd51ba2afc32a961f00a0dd34fba0f
later,2018-05,2018-05,xgboost,xgboost,DPB,DPB,full,raw,raw,9,675,71,0.105185185185,0.0868267257898,0.0840450897813,0.0888969674706,0.0183584593954,0.10001481701,f7279a61afdf97e860a43a3d4fe9d19529dc873ad82b702c04185e39e7aea774,5ba9c39fb7a95e02255cc9707656867769dd51ba2afc32a961f00a0dd34fba0f
later,2018-05,2018-05,xgboost,xgboost,DPB,DPB,full,raw,raw,10,674,109,0.161721068249,0.0960032989545,0.0888969674706,0.107918247581,0.0657177692948,0.0998666469107,f7279a61afdf97e860a43a3d4fe9d19529dc873ad82b702c04185e39e7aea774,5ba9c39fb7a95e02255cc9707656867769dd51ba2afc32a961f00a0dd34fba0f
later,2018-05,2018-05,xgboost,xgboost,DPG,DPG,full,calibrated,calibrated,1,675,19,0.0281481481481,0.0702689960599,0.0702689960599,0.0702689960599,0.0421208479117,0.10001481701,6acd2317a934e6d5124f16b9e07c2ae0eadc7cd2998b1564c276beacbfee9dfa,5ba9c39fb7a95e02255cc9707656867769dd51ba2afc32a961f00a0dd34fba0f
later,2018-05,2018-05,xgboost,xgboost,DPG,DPG,full,calibrated,calibrated,2,675,15,0.0222222222222,0.0710173296377,0.0702689960599,0.0712873935699,0.0487951074154,0.10001481701,6acd2317a934e6d5124f16b9e07c2ae0eadc7cd2998b1564c276beacbfee9dfa,5ba9c39fb7a95e02255cc9707656867769dd51ba2afc32a961f00a0dd34fba0f
later,2018-05,2018-05,xgboost,xgboost,DPG,DPG,full,calibrated,calibrated,3,675,22,0.0325925925926,0.0743509331125,0.0712873935699,0.0754579305649,0.0417583405199,0.10001481701,6acd2317a934e6d5124f16b9e07c2ae0eadc7cd2998b1564c276beacbfee9dfa,5ba9c39fb7a95e02255cc9707656867769dd51ba2afc32a961f00a0dd34fba0f
later,2018-05,2018-05,xgboost,xgboost,DPG,DPG,full,calibrated,calibrated,4,675,21,0.0311111111111,0.0755757268491,0.0754579305649,0.075784906745,0.044464615738,0.10001481701,6acd2317a934e6d5124f16b9e07c2ae0eadc7cd2998b1564c276beacbfee9dfa,5ba9c39fb7a95e02255cc9707656867769dd51ba2afc32a961f00a0dd34fba0f
later,2018-05,2018-05,xgboost,xgboost,DPG,DPG,full,calibrated,calibrated,5,675,32,0.0474074074074,0.0768576347166,0.075784906745,0.0776510462165,0.0294502273092,0.10001481701,6acd2317a934e6d5124f16b9e07c2ae0eadc7cd2998b1564c276beacbfee9dfa,5ba9c39fb7a95e02255cc9707656867769dd51ba2afc32a961f00a0dd34fba0f
later,2018-05,2018-05,xgboost,xgboost,DPG,DPG,full,calibrated,calibrated,6,675,47,0.0696296296296,0.0776510462165,0.0776510462165,0.0776510462165,0.00802141658686,0.10001481701,6acd2317a934e6d5124f16b9e07c2ae0eadc7cd2998b1564c276beacbfee9dfa,5ba9c39fb7a95e02255cc9707656867769dd51ba2afc32a961f00a0dd34fba0f
later,2018-05,2018-05,xgboost,xgboost,DPG,DPG,full,calibrated,calibrated,7,675,64,0.0948148148148,0.0779885607296,0.0776510462165,0.0785599499941,0.0168262540853,0.10001481701,6acd2317a934e6d5124f16b9e07c2ae0eadc7cd2998b1564c276beacbfee9dfa,5ba9c39fb7a95e02255cc9707656867769dd51ba2afc32a961f00a0dd34fba0f
later,2018-05,2018-05,xgboost,xgboost,DPG,DPG,full,calibrated,calibrated,8,675,38,0.0562962962963,0.0813741212973,0.0785599499941,0.0846081897616,0.025077825001,0.10001481701,6acd2317a934e6d5124f16b9e07c2ae0eadc7cd2998b1564c276beacbfee9dfa,5ba9c39fb7a95e02255cc9707656867769dd51ba2afc32a961f00a0dd34fba0f
later,2018-05,2018-05,xgboost,xgboost,DPG,DPG,full,calibrated,calibrated,9,675,82,0.121481481481,0.0859349291413,0.0846081897616,0.0906205624342,0.0355465523402,0.10001481701,6acd2317a934e6d5124f16b9e07c2ae0eadc7cd2998b1564c276beacbfee9dfa,5ba9c39fb7a95e02255cc9707656867769dd51ba2afc32a961f00a0dd34fba0f
later,2018-05,2018-05,xgboost,xgboost,DPG,DPG,full,calibrated,calibrated,10,674,103,0.152818991098,0.0934420240496,0.0906205624342,0.102632761002,0.0593769670483,0.0998666469107,6acd2317a934e6d5124f16b9e07c2ae0eadc7cd2998b1564c276beacbfee9dfa,5ba9c39fb7a95e02255cc9707656867769dd51ba2afc32a961f00a0dd34fba0f
later,2018-05,2018-05,xgboost,xgboost,DPG,DPG,full,raw,raw,1,675,19,0.0281481481481,0.0702689960599,0.0702689960599,0.0702689960599,0.0421208479117,0.10001481701,6acd2317a934e6d5124f16b9e07c2ae0eadc7cd2998b1564c276beacbfee9dfa,5ba9c39fb7a95e02255cc9707656867769dd51ba2afc32a961f00a0dd34fba0f
later,2018-05,2018-05,xgboost,xgboost,DPG,DPG,full,raw,raw,2,675,15,0.0222222222222,0.0710173296377,0.0702689960599,0.0712873935699,0.0487951074154,0.10001481701,6acd2317a934e6d5124f16b9e07c2ae0eadc7cd2998b1564c276beacbfee9dfa,5ba9c39fb7a95e02255cc9707656867769dd51ba2afc32a961f00a0dd34fba0f
later,2018-05,2018-05,xgboost,xgboost,DPG,DPG,full,raw,raw,3,675,22,0.0325925925926,0.0743509331125,0.0712873935699,0.0754579305649,0.0417583405199,0.10001481701,6acd2317a934e6d5124f16b9e07c2ae0eadc7cd2998b1564c276beacbfee9dfa,5ba9c39fb7a95e02255cc9707656867769dd51ba2afc32a961f00a0dd34fba0f
later,2018-05,2018-05,xgboost,xgboost,DPG,DPG,full,raw,raw,4,675,21,0.0311111111111,0.0755757268491,0.0754579305649,0.075784906745,0.044464615738,0.10001481701,6acd2317a934e6d5124f16b9e07c2ae0eadc7cd2998b1564c276beacbfee9dfa,5ba9c39fb7a95e02255cc9707656867769dd51ba2afc32a961f00a0dd34fba0f
later,2018-05,2018-05,xgboost,xgboost,DPG,DPG,full,raw,raw,5,675,32,0.0474074074074,0.0768576347166,0.075784906745,0.0776510462165,0.0294502273092,0.10001481701,6acd2317a934e6d5124f16b9e07c2ae0eadc7cd2998b1564c276beacbfee9dfa,5ba9c39fb7a95e02255cc9707656867769dd51ba2afc32a961f00a0dd34fba0f
later,2018-05,2018-05,xgboost,xgboost,DPG,DPG,full,raw,raw,6,675,47,0.0696296296296,0.0776510462165,0.0776510462165,0.0776510462165,0.00802141658686,0.10001481701,6acd2317a934e6d5124f16b9e07c2ae0eadc7cd2998b1564c276beacbfee9dfa,5ba9c39fb7a95e02255cc9707656867769dd51ba2afc32a961f00a0dd34fba0f
later,2018-05,2018-05,xgboost,xgboost,DPG,DPG,full,raw,raw,7,675,64,0.0948148148148,0.0779885607296,0.0776510462165,0.0785599499941,0.0168262540853,0.10001481701,6acd2317a934e6d5124f16b9e07c2ae0eadc7cd2998b1564c276beacbfee9dfa,5ba9c39fb7a95e02255cc9707656867769dd51ba2afc32a961f00a0dd34fba0f
later,2018-05,2018-05,xgboost,xgboost,DPG,DPG,full,raw,raw,8,675,38,0.0562962962963,0.0813741212973,0.0785599499941,0.0846081897616,0.025077825001,0.10001481701,6acd2317a934e6d5124f16b9e07c2ae0eadc7cd2998b1564c276beacbfee9dfa,5ba9c39fb7a95e02255cc9707656867769dd51ba2afc32a961f00a0dd34fba0f
later,2018-05,2018-05,xgboost,xgboost,DPG,DPG,full,raw,raw,9,675,82,0.121481481481,0.0859349291413,0.0846081897616,0.0906205624342,0.0355465523402,0.10001481701,6acd2317a934e6d5124f16b9e07c2ae0eadc7cd2998b1564c276beacbfee9dfa,5ba9c39fb7a95e02255cc9707656867769dd51ba2afc32a961f00a0dd34fba0f
later,2018-05,2018-05,xgboost,xgboost,DPG,DPG,full,raw,raw,10,674,103,0.152818991098,0.0934420240496,0.0906205624342,0.102632761002,0.0593769670483,0.0998666469107,6acd2317a934e6d5124f16b9e07c2ae0eadc7cd2998b1564c276beacbfee9dfa,5ba9c39fb7a95e02255cc9707656867769dd51ba2afc32a961f00a0dd34fba0f
later,2018-05,2018-05,xgboost,xgboost,DPS,DPS,full,calibrated,calibrated,1,675,48,0.0711111111111,0.0714553862148,0.0699725374579,0.0725510418415,0.000344275103675,0.10001481701,97c56a860b55d7a9fb272a61e1b5061e19ed12cd4deb8ebe7d8a04a8805e1039,5ba9c39fb7a95e02255cc9707656867769dd51ba2afc32a961f00a0dd34fba0f
later,2018-05,2018-05,xgboost,xgboost,DPS,DPS,full,calibrated,calibrated,2,675,55,0.0814814814815,0.0730230241241,0.0725510418415,0.0734527483582,0.00845845735735,0.10001481701,97c56a860b55d7a9fb272a61e1b5061e19ed12cd4deb8ebe7d8a04a8805e1039,5ba9c39fb7a95e02255cc9707656867769dd51ba2afc32a961f00a0dd34fba0f
later,2018-05,2018-05,xgboost,xgboost,DPS,DPS,full,calibrated,calibrated,3,675,36,0.0533333333333,0.0734663586815,0.0734527483582,0.0736293718219,0.0201330253482,0.10001481701,97c56a860b55d7a9fb272a61e1b5061e19ed12cd4deb8ebe7d8a04a8805e1039,5ba9c39fb7a95e02255cc9707656867769dd51ba2afc32a961f00a0dd34fba0f
later,2018-05,2018-05,xgboost,xgboost,DPS,DPS,full,calibrated,calibrated,4,675,26,0.0385185185185,0.0739436964194,0.0736293718219,0.0740632414818,0.0354251779009,0.10001481701,97c56a860b55d7a9fb272a61e1b5061e19ed12cd4deb8ebe7d8a04a8805e1039,5ba9c39fb7a95e02255cc9707656867769dd51ba2afc32a961f00a0dd34fba0f
later,2018-05,2018-05,xgboost,xgboost,DPS,DPS,full,calibrated,calibrated,5,675,27,0.04,0.0747601696738,0.0740632414818,0.0752112492919,0.0347601696738,0.10001481701,97c56a860b55d7a9fb272a61e1b5061e19ed12cd4deb8ebe7d8a04a8805e1039,5ba9c39fb7a95e02255cc9707656867769dd51ba2afc32a961f00a0dd34fba0f
later,2018-05,2018-05,xgboost,xgboost,DPS,DPS,full,calibrated,calibrated,6,675,45,0.0666666666667,0.0752254178789,0.0752112492919,0.0754243060946,0.00855875121223,0.10001481701,97c56a860b55d7a9fb272a61e1b5061e19ed12cd4deb8ebe7d8a04a8805e1039,5ba9c39fb7a95e02255cc9707656867769dd51ba2afc32a961f00a0dd34fba0f
later,2018-05,2018-05,xgboost,xgboost,DPS,DPS,full,calibrated,calibrated,7,675,57,0.0844444444444,0.075811766099,0.0754243060946,0.0760299116373,0.0086326783454,0.10001481701,97c56a860b55d7a9fb272a61e1b5061e19ed12cd4deb8ebe7d8a04a8805e1039,5ba9c39fb7a95e02255cc9707656867769dd51ba2afc32a961f00a0dd34fba0f
later,2018-05,2018-05,xgboost,xgboost,DPS,DPS,full,calibrated,calibrated,8,675,48,0.0711111111111,0.0765513365136,0.0760299116373,0.0768445432186,0.00544022540251,0.10001481701,97c56a860b55d7a9fb272a61e1b5061e19ed12cd4deb8ebe7d8a04a8805e1039,5ba9c39fb7a95e02255cc9707656867769dd51ba2afc32a961f00a0dd34fba0f
later,2018-05,2018-05,xgboost,xgboost,DPS,DPS,full,calibrated,calibrated,9,675,68,0.100740740741,0.0773411188413,0.0768445432186,0.0774835944176,0.0233996218995,0.10001481701,97c56a860b55d7a9fb272a61e1b5061e19ed12cd4deb8ebe7d8a04a8805e1039,5ba9c39fb7a95e02255cc9707656867769dd51ba2afc32a961f00a0dd34fba0f
later,2018-05,2018-05,xgboost,xgboost,DPS,DPS,full,calibrated,calibrated,10,674,33,0.0489614243323,0.0791555526791,0.0774835944176,0.0848673582077,0.0301941283467,0.0998666469107,97c56a860b55d7a9fb272a61e1b5061e19ed12cd4deb8ebe7d8a04a8805e1039,5ba9c39fb7a95e02255cc9707656867769dd51ba2afc32a961f00a0dd34fba0f
later,2018-05,2018-05,xgboost,xgboost,DPS,DPS,full,raw,raw,1,675,48,0.0711111111111,0.0714553862148,0.0699725374579,0.0725510418415,0.000344275103675,0.10001481701,97c56a860b55d7a9fb272a61e1b5061e19ed12cd4deb8ebe7d8a04a8805e1039,5ba9c39fb7a95e02255cc9707656867769dd51ba2afc32a961f00a0dd34fba0f
later,2018-05,2018-05,xgboost,xgboost,DPS,DPS,full,raw,raw,2,675,55,0.0814814814815,0.0730230241241,0.0725510418415,0.0734527483582,0.00845845735735,0.10001481701,97c56a860b55d7a9fb272a61e1b5061e19ed12cd4deb8ebe7d8a04a8805e1039,5ba9c39fb7a95e02255cc9707656867769dd51ba2afc32a961f00a0dd34fba0f
later,2018-05,2018-05,xgboost,xgboost,DPS,DPS,full,raw,raw,3,675,36,0.0533333333333,0.0734663586815,0.0734527483582,0.0736293718219,0.0201330253482,0.10001481701,97c56a860b55d7a9fb272a61e1b5061e19ed12cd4deb8ebe7d8a04a8805e1039,5ba9c39fb7a95e02255cc9707656867769dd51ba2afc32a961f00a0dd34fba0f
later,2018-05,2018-05,xgboost,xgboost,DPS,DPS,full,raw,raw,4,675,26,0.0385185185185,0.0739436964194,0.0736293718219,0.0740632414818,0.0354251779009,0.10001481701,97c56a860b55d7a9fb272a61e1b5061e19ed12cd4deb8ebe7d8a04a8805e1039,5ba9c39fb7a95e02255cc9707656867769dd51ba2afc32a961f00a0dd34fba0f
later,2018-05,2018-05,xgboost,xgboost,DPS,DPS,full,raw,raw,5,675,27,0.04,0.0747601696738,0.0740632414818,0.0752112492919,0.0347601696738,0.10001481701,97c56a860b55d7a9fb272a61e1b5061e19ed12cd4deb8ebe7d8a04a8805e1039,5ba9c39fb7a95e02255cc9707656867769dd51ba2afc32a961f00a0dd34fba0f
later,2018-05,2018-05,xgboost,xgboost,DPS,DPS,full,raw,raw,6,675,45,0.0666666666667,0.0752254178789,0.0752112492919,0.0754243060946,0.00855875121223,0.10001481701,97c56a860b55d7a9fb272a61e1b5061e19ed12cd4deb8ebe7d8a04a8805e1039,5ba9c39fb7a95e02255cc9707656867769dd51ba2afc32a961f00a0dd34fba0f
later,2018-05,2018-05,xgboost,xgboost,DPS,DPS,full,raw,raw,7,675,57,0.0844444444444,0.075811766099,0.0754243060946,0.0760299116373,0.0086326783454,0.10001481701,97c56a860b55d7a9fb272a61e1b5061e19ed12cd4deb8ebe7d8a04a8805e1039,5ba9c39fb7a95e02255cc9707656867769dd51ba2afc32a961f00a0dd34fba0f
later,2018-05,2018-05,xgboost,xgboost,DPS,DPS,full,raw,raw,8,675,48,0.0711111111111,0.0765513365136,0.0760299116373,0.0768445432186,0.00544022540251,0.10001481701,97c56a860b55d7a9fb272a61e1b5061e19ed12cd4deb8ebe7d8a04a8805e1039,5ba9c39fb7a95e02255cc9707656867769dd51ba2afc32a961f00a0dd34fba0f
later,2018-05,2018-05,xgboost,xgboost,DPS,DPS,full,raw,raw,9,675,68,0.100740740741,0.0773411188413,0.0768445432186,0.0774835944176,0.0233996218995,0.10001481701,97c56a860b55d7a9fb272a61e1b5061e19ed12cd4deb8ebe7d8a04a8805e1039,5ba9c39fb7a95e02255cc9707656867769dd51ba2afc32a961f00a0dd34fba0f
later,2018-05,2018-05,xgboost,xgboost,DPS,DPS,full,raw,raw,10,674,33,0.0489614243323,0.0791555526791,0.0774835944176,0.0848673582077,0.0301941283467,0.0998666469107,97c56a860b55d7a9fb272a61e1b5061e19ed12cd4deb8ebe7d8a04a8805e1039,5ba9c39fb7a95e02255cc9707656867769dd51ba2afc32a961f00a0dd34fba0f
later,2018-06,2018-06,logistic_l2,logistic_l2,DP0,DP0,full,calibrated,calibrated,1,610,3,0.00491803278689,0.0724360256599,0.0712387033409,0.0727290321437,0.067517992873,0.100065616798,dba6c728dea00a062ea3492fa346ad045cc15bb612707f7fee7288136b7b53a5,93d1e83d8d3dc0b917f21633c2bfe0cd78c570027229894e2260c262d727c336
later,2018-06,2018-06,logistic_l2,logistic_l2,DP0,DP0,full,calibrated,calibrated,2,610,6,0.00983606557377,0.0728891994228,0.0727293845338,0.0730224190831,0.0630531338491,0.100065616798,dba6c728dea00a062ea3492fa346ad045cc15bb612707f7fee7288136b7b53a5,93d1e83d8d3dc0b917f21633c2bfe0cd78c570027229894e2260c262d727c336
later,2018-06,2018-06,logistic_l2,logistic_l2,DP0,DP0,full,calibrated,calibrated,3,609,3,0.00492610837438,0.0731321497272,0.0730224648318,0.0732336767136,0.0682060413528,0.0999015748031,dba6c728dea00a062ea3492fa346ad045cc15bb612707f7fee7288136b7b53a5,93d1e83d8d3dc0b917f21633c2bfe0cd78c570027229894e2260c262d727c336
later,2018-06,2018-06,logistic_l2,logistic_l2,DP0,DP0,full,calibrated,calibrated,4,610,8,0.0131147540984,0.0733098137518,0.0732337095762,0.073380845813,0.0601950596535,0.100065616798,dba6c728dea00a062ea3492fa346ad045cc15bb612707f7fee7288136b7b53a5,93d1e83d8d3dc0b917f21633c2bfe0cd78c570027229894e2260c262d727c336
later,2018-06,2018-06,logistic_l2,logistic_l2,DP0,DP0,full,calibrated,calibrated,5,609,9,0.0147783251232,0.0734693793459,0.0733810851935,0.0735443651945,0.0586910542227,0.0999015748031,dba6c728dea00a062ea3492fa346ad045cc15bb612707f7fee7288136b7b53a5,93d1e83d8d3dc0b917f21633c2bfe0cd78c570027229894e2260c262d727c336
later,2018-06,2018-06,logistic_l2,logistic_l2,DP0,DP0,full,calibrated,calibrated,6,610,6,0.00983606557377,0.0736118759242,0.0735444579814,0.0736743201152,0.0637758103504,0.100065616798,dba6c728dea00a062ea3492fa346ad045cc15bb612707f7fee7288136b7b53a5,93d1e83d8d3dc0b917f21633c2bfe0cd78c570027229894e2260c262d727c336
later,2018-06,2018-06,logistic_l2,logistic_l2,DP0,DP0,full,calibrated,calibrated,7,610,9,0.0147540983607,0.0737483651881,0.0736743221805,0.0738246423064,0.0589942668274,0.100065616798,dba6c728dea00a062ea3492fa346ad045cc15bb612707f7fee7288136b7b53a5,93d1e83d8d3dc0b917f21633c2bfe0cd78c570027229894e2260c262d727c336
later,2018-06,2018-06,logistic_l2,logistic_l2,DP0,DP0,full,calibrated,calibrated,8,609,11,0.0180623973727,0.0739133172666,0.0738250871774,0.07401257642,0.0558509198938,0.0999015748031,dba6c728dea00a062ea3492fa346ad045cc15bb612707f7fee7288136b7b53a5,93d1e83d8d3dc0b917f21633c2bfe0cd78c570027229894e2260c262d727c336
later,2018-06,2018-06,logistic_l2,logistic_l2,DP0,DP0,full,calibrated,calibrated,9,610,5,0.00819672131148,0.0741570773941,0.0740126165175,0.0743189069708,0.0659603560826,0.100065616798,dba6c728dea00a062ea3492fa346ad045cc15bb612707f7fee7288136b7b53a5,93d1e83d8d3dc0b917f21633c2bfe0cd78c570027229894e2260c262d727c336
later,2018-06,2018-06,logistic_l2,logistic_l2,DP0,DP0,full,calibrated,calibrated,10,609,11,0.0180623973727,0.074506704294,0.07431928796,0.0746972714602,0.0564443069212,0.0999015748031,dba6c728dea00a062ea3492fa346ad045cc15bb612707f7fee7288136b7b53a5,93d1e83d8d3dc0b917f21633c2bfe0cd78c570027229894e2260c262d727c336
later,2018-06,2018-06,logistic_l2,logistic_l2,DP0,DP0,full,raw,raw,1,610,3,0.00491803278689,0.0724360256599,0.0712387033409,0.0727290321437,0.067517992873,0.100065616798,dba6c728dea00a062ea3492fa346ad045cc15bb612707f7fee7288136b7b53a5,93d1e83d8d3dc0b917f21633c2bfe0cd78c570027229894e2260c262d727c336
later,2018-06,2018-06,logistic_l2,logistic_l2,DP0,DP0,full,raw,raw,2,610,6,0.00983606557377,0.0728891994228,0.0727293845338,0.0730224190831,0.0630531338491,0.100065616798,dba6c728dea00a062ea3492fa346ad045cc15bb612707f7fee7288136b7b53a5,93d1e83d8d3dc0b917f21633c2bfe0cd78c570027229894e2260c262d727c336
later,2018-06,2018-06,logistic_l2,logistic_l2,DP0,DP0,full,raw,raw,3,609,3,0.00492610837438,0.0731321497272,0.0730224648318,0.0732336767136,0.0682060413528,0.0999015748031,dba6c728dea00a062ea3492fa346ad045cc15bb612707f7fee7288136b7b53a5,93d1e83d8d3dc0b917f21633c2bfe0cd78c570027229894e2260c262d727c336
later,2018-06,2018-06,logistic_l2,logistic_l2,DP0,DP0,full,raw,raw,4,610,8,0.0131147540984,0.0733098137518,0.0732337095762,0.073380845813,0.0601950596535,0.100065616798,dba6c728dea00a062ea3492fa346ad045cc15bb612707f7fee7288136b7b53a5,93d1e83d8d3dc0b917f21633c2bfe0cd78c570027229894e2260c262d727c336
later,2018-06,2018-06,logistic_l2,logistic_l2,DP0,DP0,full,raw,raw,5,609,9,0.0147783251232,0.0734693793459,0.0733810851935,0.0735443651945,0.0586910542227,0.0999015748031,dba6c728dea00a062ea3492fa346ad045cc15bb612707f7fee7288136b7b53a5,93d1e83d8d3dc0b917f21633c2bfe0cd78c570027229894e2260c262d727c336
later,2018-06,2018-06,logistic_l2,logistic_l2,DP0,DP0,full,raw,raw,6,610,6,0.00983606557377,0.0736118759242,0.0735444579814,0.0736743201152,0.0637758103504,0.100065616798,dba6c728dea00a062ea3492fa346ad045cc15bb612707f7fee7288136b7b53a5,93d1e83d8d3dc0b917f21633c2bfe0cd78c570027229894e2260c262d727c336
later,2018-06,2018-06,logistic_l2,logistic_l2,DP0,DP0,full,raw,raw,7,610,9,0.0147540983607,0.0737483651881,0.0736743221805,0.0738246423064,0.0589942668274,0.100065616798,dba6c728dea00a062ea3492fa346ad045cc15bb612707f7fee7288136b7b53a5,93d1e83d8d3dc0b917f21633c2bfe0cd78c570027229894e2260c262d727c336
later,2018-06,2018-06,logistic_l2,logistic_l2,DP0,DP0,full,raw,raw,8,609,11,0.0180623973727,0.0739133172666,0.0738250871774,0.07401257642,0.0558509198938,0.0999015748031,dba6c728dea00a062ea3492fa346ad045cc15bb612707f7fee7288136b7b53a5,93d1e83d8d3dc0b917f21633c2bfe0cd78c570027229894e2260c262d727c336
later,2018-06,2018-06,logistic_l2,logistic_l2,DP0,DP0,full,raw,raw,9,610,5,0.00819672131148,0.0741570773941,0.0740126165175,0.0743189069708,0.0659603560826,0.100065616798,dba6c728dea00a062ea3492fa346ad045cc15bb612707f7fee7288136b7b53a5,93d1e83d8d3dc0b917f21633c2bfe0cd78c570027229894e2260c262d727c336
later,2018-06,2018-06,logistic_l2,logistic_l2,DP0,DP0,full,raw,raw,10,609,11,0.0180623973727,0.074506704294,0.07431928796,0.0746972714602,0.0564443069212,0.0999015748031,dba6c728dea00a062ea3492fa346ad045cc15bb612707f7fee7288136b7b53a5,93d1e83d8d3dc0b917f21633c2bfe0cd78c570027229894e2260c262d727c336
later,2018-06,2018-06,logistic_l2,logistic_l2,DPB,DPB,full,calibrated,calibrated,1,610,1,0.0016393442623,0.00860871174641,0.000807127165377,0.0130922110071,0.00696936748412,0.100065616798,1542ba17a90d1013616ba6b3db287b43556717f771b0209f9023aa104ef2eaeb,93d1e83d8d3dc0b917f21633c2bfe0cd78c570027229894e2260c262d727c336
later,2018-06,2018-06,logistic_l2,logistic_l2,DPB,DPB,full,calibrated,calibrated,2,610,2,0.00327868852459,0.0160897148608,0.013128493292,0.0189037220622,0.0128110263362,0.100065616798,1542ba17a90d1013616ba6b3db287b43556717f771b0209f9023aa104ef2eaeb,93d1e83d8d3dc0b917f21633c2bfe0cd78c570027229894e2260c262d727c336
later,2018-06,2018-06,logistic_l2,logistic_l2,DPB,DPB,full,calibrated,calibrated,3,609,0,0,0.0217602720473,0.0189044096803,0.0247587065234,0.0217602720473,0.0999015748031,1542ba17a90d1013616ba6b3db287b43556717f771b0209f9023aa104ef2eaeb,93d1e83d8d3dc0b917f21633c2bfe0cd78c570027229894e2260c262d727c336
later,2018-06,2018-06,logistic_l2,logistic_l2,DPB,DPB,full,calibrated,calibrated,4,610,3,0.00491803278689,0.0278927363119,0.0247654254755,0.0311905049339,0.022974703525,0.100065616798,1542ba17a90d1013616ba6b3db287b43556717f771b0209f9023aa104ef2eaeb,93d1e83d8d3dc0b917f21633c2bfe0cd78c570027229894e2260c262d727c336
later,2018-06,2018-06,logistic_l2,logistic_l2,DPB,DPB,full,calibrated,calibrated,5,609,6,0.00985221674877,0.0350843135113,0.0311930217517,0.0396504924355,0.0252320967625,0.0999015748031,1542ba17a90d1013616ba6b3db287b43556717f771b0209f9023aa104ef2eaeb,93d1e83d8d3dc0b917f21633c2bfe0cd78c570027229894e2260c262d727c336
later,2018-06,2018-06,logistic_l2,logistic_l2,DPB,DPB,full,calibrated,calibrated,6,610,8,0.0131147540984,0.0447202925777,0.0396533088272,0.0496627994743,0.0316055384793,0.100065616798,1542ba17a90d1013616ba6b3db287b43556717f771b0209f9023aa104ef2eaeb,93d1e83d8d3dc0b917f21633c2bfe0cd78c570027229894e2260c262d727c336
later,2018-06,2018-06,logistic_l2,logistic_l2,DPB,DPB,full,calibrated,calibrated,7,610,7,0.0114754098361,0.054847628216,0.0496811215754,0.0606294938422,0.0433722183799,0.100065616798,1542ba17a90d1013616ba6b3db287b43556717f771b0209f9023aa104ef2eaeb,93d1e83d8d3dc0b917f21633c2bfe0cd78c570027229894e2260c262d727c336
later,2018-06,2018-06,logistic_l2,logistic_l2,DPB,DPB,full,calibrated,calibrated,8,609,8,0.0131362889984,0.0684145546033,0.0606295393978,0.0788834815894,0.055278265605,0.0999015748031,1542ba17a90d1013616ba6b3db287b43556717f771b0209f9023aa104ef2eaeb,93d1e83d8d3dc0b917f21633c2bfe0cd78c570027229894e2260c262d727c336
later,2018-06,2018-06,logistic_l2,logistic_l2,DPB,DPB,full,calibrated,calibrated,9,610,11,0.0180327868852,0.0960252769427,0.0788840951734,0.117795034005,0.0779924900575,0.100065616798,1542ba17a90d1013616ba6b3db287b43556717f771b0209f9023aa104ef2eaeb,93d1e83d8d3dc0b917f21633c2bfe0cd78c570027229894e2260c262d727c336
later,2018-06,2018-06,logistic_l2,logistic_l2,DPB,DPB,full,calibrated,calibrated,10,609,25,0.0410509031199,0.169487757897,0.117845883454,0.512556966512,0.128436854777,0.0999015748031,1542ba17a90d1013616ba6b3db287b43556717f771b0209f9023aa104ef2eaeb,93d1e83d8d3dc0b917f21633c2bfe0cd78c570027229894e2260c262d727c336
later,2018-06,2018-06,logistic_l2,logistic_l2,DPB,DPB,full,raw,raw,1,610,1,0.0016393442623,0.00860871174641,0.000807127165377,0.0130922110071,0.00696936748412,0.100065616798,1542ba17a90d1013616ba6b3db287b43556717f771b0209f9023aa104ef2eaeb,93d1e83d8d3dc0b917f21633c2bfe0cd78c570027229894e2260c262d727c336
later,2018-06,2018-06,logistic_l2,logistic_l2,DPB,DPB,full,raw,raw,2,610,2,0.00327868852459,0.0160897148608,0.013128493292,0.0189037220622,0.0128110263362,0.100065616798,1542ba17a90d1013616ba6b3db287b43556717f771b0209f9023aa104ef2eaeb,93d1e83d8d3dc0b917f21633c2bfe0cd78c570027229894e2260c262d727c336
later,2018-06,2018-06,logistic_l2,logistic_l2,DPB,DPB,full,raw,raw,3,609,0,0,0.0217602720473,0.0189044096803,0.0247587065234,0.0217602720473,0.0999015748031,1542ba17a90d1013616ba6b3db287b43556717f771b0209f9023aa104ef2eaeb,93d1e83d8d3dc0b917f21633c2bfe0cd78c570027229894e2260c262d727c336
later,2018-06,2018-06,logistic_l2,logistic_l2,DPB,DPB,full,raw,raw,4,610,3,0.00491803278689,0.0278927363119,0.0247654254755,0.0311905049339,0.022974703525,0.100065616798,1542ba17a90d1013616ba6b3db287b43556717f771b0209f9023aa104ef2eaeb,93d1e83d8d3dc0b917f21633c2bfe0cd78c570027229894e2260c262d727c336
later,2018-06,2018-06,logistic_l2,logistic_l2,DPB,DPB,full,raw,raw,5,609,6,0.00985221674877,0.0350843135113,0.0311930217517,0.0396504924355,0.0252320967625,0.0999015748031,1542ba17a90d1013616ba6b3db287b43556717f771b0209f9023aa104ef2eaeb,93d1e83d8d3dc0b917f21633c2bfe0cd78c570027229894e2260c262d727c336
later,2018-06,2018-06,logistic_l2,logistic_l2,DPB,DPB,full,raw,raw,6,610,8,0.0131147540984,0.0447202925777,0.0396533088272,0.0496627994743,0.0316055384793,0.100065616798,1542ba17a90d1013616ba6b3db287b43556717f771b0209f9023aa104ef2eaeb,93d1e83d8d3dc0b917f21633c2bfe0cd78c570027229894e2260c262d727c336
later,2018-06,2018-06,logistic_l2,logistic_l2,DPB,DPB,full,raw,raw,7,610,7,0.0114754098361,0.054847628216,0.0496811215754,0.0606294938422,0.0433722183799,0.100065616798,1542ba17a90d1013616ba6b3db287b43556717f771b0209f9023aa104ef2eaeb,93d1e83d8d3dc0b917f21633c2bfe0cd78c570027229894e2260c262d727c336
later,2018-06,2018-06,logistic_l2,logistic_l2,DPB,DPB,full,raw,raw,8,609,8,0.0131362889984,0.0684145546033,0.0606295393978,0.0788834815894,0.055278265605,0.0999015748031,1542ba17a90d1013616ba6b3db287b43556717f771b0209f9023aa104ef2eaeb,93d1e83d8d3dc0b917f21633c2bfe0cd78c570027229894e2260c262d727c336
later,2018-06,2018-06,logistic_l2,logistic_l2,DPB,DPB,full,raw,raw,9,610,11,0.0180327868852,0.0960252769427,0.0788840951734,0.117795034005,0.0779924900575,0.100065616798,1542ba17a90d1013616ba6b3db287b43556717f771b0209f9023aa104ef2eaeb,93d1e83d8d3dc0b917f21633c2bfe0cd78c570027229894e2260c262d727c336
later,2018-06,2018-06,logistic_l2,logistic_l2,DPB,DPB,full,raw,raw,10,609,25,0.0410509031199,0.169487757897,0.117845883454,0.512556966512,0.128436854777,0.0999015748031,1542ba17a90d1013616ba6b3db287b43556717f771b0209f9023aa104ef2eaeb,93d1e83d8d3dc0b917f21633c2bfe0cd78c570027229894e2260c262d727c336
later,2018-06,2018-06,logistic_l2,logistic_l2,DPG,DPG,full,calibrated,calibrated,1,610,1,0.0016393442623,0.0119418336748,0.00170427953134,0.0181876818519,0.0103024894125,0.100065616798,91b50c1ef01ed77d14e0266d45f10364024991be1edc10ce3d8e2a253a8e1700,93d1e83d8d3dc0b917f21633c2bfe0cd78c570027229894e2260c262d727c336
later,2018-06,2018-06,logistic_l2,logistic_l2,DPG,DPG,full,calibrated,calibrated,2,610,2,0.00327868852459,0.0218479061873,0.0182061214414,0.0251171100919,0.0185692176627,0.100065616798,91b50c1ef01ed77d14e0266d45f10364024991be1edc10ce3d8e2a253a8e1700,93d1e83d8d3dc0b917f21633c2bfe0cd78c570027229894e2260c262d727c336
later,2018-06,2018-06,logistic_l2,logistic_l2,DPG,DPG,full,calibrated,calibrated,3,609,1,0.00164203612479,0.028546693397,0.0251232791893,0.0323908515369,0.0269046572722,0.0999015748031,91b50c1ef01ed77d14e0266d45f10364024991be1edc10ce3d8e2a253a8e1700,93d1e83d8d3dc0b917f21633c2bfe0cd78c570027229894e2260c262d727c336
later,2018-06,2018-06,logistic_l2,logistic_l2,DPG,DPG,full,calibrated,calibrated,4,610,1,0.0016393442623,0.0362429686772,0.0324024284579,0.0399094714515,0.0346036244149,0.100065616798,91b50c1ef01ed77d14e0266d45f10364024991be1edc10ce3d8e2a253a8e1700,93d1e83d8d3dc0b917f21633c2bfe0cd78c570027229894e2260c262d727c336
later,2018-06,2018-06,logistic_l2,logistic_l2,DPG,DPG,full,calibrated,calibrated,5,609,4,0.00656814449918,0.0440914977813,0.0399109454245,0.0485440554164,0.0375233532821,0.0999015748031,91b50c1ef01ed77d14e0266d45f10364024991be1edc10ce3d8e2a253a8e1700,93d1e83d8d3dc0b917f21633c2bfe0cd78c570027229894e2260c262d727c336
later,2018-06,2018-06,logistic_l2,logistic_l2,DPG,DPG,full,calibrated,calibrated,6,610,6,0.00983606557377,0.0548640188773,0.0485891739077,0.0608644202216,0.0450279533035,0.100065616798,91b50c1ef01ed77d14e0266d45f10364024991be1edc10ce3d8e2a253a8e1700,93d1e83d8d3dc0b917f21633c2bfe0cd78c570027229894e2260c262d727c336
later,2018-06,2018-06,logistic_l2,logistic_l2,DPG,DPG,full,calibrated,calibrated,7,610,9,0.0147540983607,0.0670927140371,0.0608931715968,0.0745522325932,0.0523386156764,0.100065616798,91b50c1ef01ed77d14e0266d45f10364024991be1edc10ce3d8e2a253a8e1700,93d1e83d8d3dc0b917f21633c2bfe0cd78c570027229894e2260c262d727c336
later,2018-06,2018-06,logistic_l2,logistic_l2,DPG,DPG,full,calibrated,calibrated,8,609,6,0.00985221674877,0.0851381591719,0.0745746312322,0.0961742979613,0.0752859424231,0.0999015748031,91b50c1ef01ed77d14e0266d45f10364024991be1edc10ce3d8e2a253a8e1700,93d1e83d8d3dc0b917f21633c2bfe0cd78c570027229894e2260c262d727c336
later,2018-06,2018-06,logistic_l2,logistic_l2,DPG,DPG,full,calibrated,calibrated,9,610,17,0.027868852459,0.113080201635,0.0961965668623,0.137427766627,0.085211349176,0.100065616798,91b50c1ef01ed77d14e0266d45f10364024991be1edc10ce3d8e2a253a8e1700,93d1e83d8d3dc0b917f21633c2bfe0cd78c570027229894e2260c262d727c336
later,2018-06,2018-06,logistic_l2,logistic_l2,DPG,DPG,full,calibrated,calibrated,10,609,24,0.0394088669951,0.191259640769,0.137433689854,0.552640528662,0.151850773774,0.0999015748031,91b50c1ef01ed77d14e0266d45f10364024991be1edc10ce3d8e2a253a8e1700,93d1e83d8d3dc0b917f21633c2bfe0cd78c570027229894e2260c262d727c336
later,2018-06,2018-06,logistic_l2,logistic_l2,DPG,DPG,full,raw,raw,1,610,1,0.0016393442623,0.0119418336748,0.00170427953134,0.0181876818519,0.0103024894125,0.100065616798,91b50c1ef01ed77d14e0266d45f10364024991be1edc10ce3d8e2a253a8e1700,93d1e83d8d3dc0b917f21633c2bfe0cd78c570027229894e2260c262d727c336
later,2018-06,2018-06,logistic_l2,logistic_l2,DPG,DPG,full,raw,raw,2,610,2,0.00327868852459,0.0218479061873,0.0182061214414,0.0251171100919,0.0185692176627,0.100065616798,91b50c1ef01ed77d14e0266d45f10364024991be1edc10ce3d8e2a253a8e1700,93d1e83d8d3dc0b917f21633c2bfe0cd78c570027229894e2260c262d727c336
later,2018-06,2018-06,logistic_l2,logistic_l2,DPG,DPG,full,raw,raw,3,609,1,0.00164203612479,0.028546693397,0.0251232791893,0.0323908515369,0.0269046572722,0.0999015748031,91b50c1ef01ed77d14e0266d45f10364024991be1edc10ce3d8e2a253a8e1700,93d1e83d8d3dc0b917f21633c2bfe0cd78c570027229894e2260c262d727c336
later,2018-06,2018-06,logistic_l2,logistic_l2,DPG,DPG,full,raw,raw,4,610,1,0.0016393442623,0.0362429686772,0.0324024284579,0.0399094714515,0.0346036244149,0.100065616798,91b50c1ef01ed77d14e0266d45f10364024991be1edc10ce3d8e2a253a8e1700,93d1e83d8d3dc0b917f21633c2bfe0cd78c570027229894e2260c262d727c336
later,2018-06,2018-06,logistic_l2,logistic_l2,DPG,DPG,full,raw,raw,5,609,4,0.00656814449918,0.0440914977813,0.0399109454245,0.0485440554164,0.0375233532821,0.0999015748031,91b50c1ef01ed77d14e0266d45f10364024991be1edc10ce3d8e2a253a8e1700,93d1e83d8d3dc0b917f21633c2bfe0cd78c570027229894e2260c262d727c336
later,2018-06,2018-06,logistic_l2,logistic_l2,DPG,DPG,full,raw,raw,6,610,6,0.00983606557377,0.0548640188773,0.0485891739077,0.0608644202216,0.0450279533035,0.100065616798,91b50c1ef01ed77d14e0266d45f10364024991be1edc10ce3d8e2a253a8e1700,93d1e83d8d3dc0b917f21633c2bfe0cd78c570027229894e2260c262d727c336
later,2018-06,2018-06,logistic_l2,logistic_l2,DPG,DPG,full,raw,raw,7,610,9,0.0147540983607,0.0670927140371,0.0608931715968,0.0745522325932,0.0523386156764,0.100065616798,91b50c1ef01ed77d14e0266d45f10364024991be1edc10ce3d8e2a253a8e1700,93d1e83d8d3dc0b917f21633c2bfe0cd78c570027229894e2260c262d727c336
later,2018-06,2018-06,logistic_l2,logistic_l2,DPG,DPG,full,raw,raw,8,609,6,0.00985221674877,0.0851381591719,0.0745746312322,0.0961742979613,0.0752859424231,0.0999015748031,91b50c1ef01ed77d14e0266d45f10364024991be1edc10ce3d8e2a253a8e1700,93d1e83d8d3dc0b917f21633c2bfe0cd78c570027229894e2260c262d727c336
later,2018-06,2018-06,logistic_l2,logistic_l2,DPG,DPG,full,raw,raw,9,610,17,0.027868852459,0.113080201635,0.0961965668623,0.137427766627,0.085211349176,0.100065616798,91b50c1ef01ed77d14e0266d45f10364024991be1edc10ce3d8e2a253a8e1700,93d1e83d8d3dc0b917f21633c2bfe0cd78c570027229894e2260c262d727c336
later,2018-06,2018-06,logistic_l2,logistic_l2,DPG,DPG,full,raw,raw,10,609,24,0.0394088669951,0.191259640769,0.137433689854,0.552640528662,0.151850773774,0.0999015748031,91b50c1ef01ed77d14e0266d45f10364024991be1edc10ce3d8e2a253a8e1700,93d1e83d8d3dc0b917f21633c2bfe0cd78c570027229894e2260c262d727c336
later,2018-06,2018-06,logistic_l2,logistic_l2,DPS,DPS,full,calibrated,calibrated,1,610,6,0.00983606557377,0.0438752789887,0.0347660469628,0.0470425462403,0.034039213415,0.100065616798,4bac0169fa53dda3803eae4f954f7566a15776bbcaf5d4bbf184668e00767c32,93d1e83d8d3dc0b917f21633c2bfe0cd78c570027229894e2260c262d727c336
later,2018-06,2018-06,logistic_l2,logistic_l2,DPS,DPS,full,calibrated,calibrated,2,610,6,0.00983606557377,0.0488911392062,0.0470624428112,0.0506548774896,0.0390550736324,0.100065616798,4bac0169fa53dda3803eae4f954f7566a15776bbcaf5d4bbf184668e00767c32,93d1e83d8d3dc0b917f21633c2bfe0cd78c570027229894e2260c262d727c336
later,2018-06,2018-06,logistic_l2,logistic_l2,DPS,DPS,full,calibrated,calibrated,3,609,11,0.0180623973727,0.052342711284,0.0506599381627,0.05399639309,0.0342803139113,0.0999015748031,4bac0169fa53dda3803eae4f954f7566a15776bbcaf5d4bbf184668e00767c32,93d1e83d8d3dc0b917f21633c2bfe0cd78c570027229894e2260c262d727c336
later,2018-06,2018-06,logistic_l2,logistic_l2,DPS,DPS,full,calibrated,calibrated,4,610,7,0.0114754098361,0.0555461964987,0.0539964683875,0.0570942710358,0.0440707866626,0.100065616798,4bac0169fa53dda3803eae4f954f7566a15776bbcaf5d4bbf184668e00767c32,93d1e83d8d3dc0b917f21633c2bfe0cd78c570027229894e2260c262d727c336
later,2018-06,2018-06,logistic_l2,logistic_l2,DPS,DPS,full,calibrated,calibrated,5,609,14,0.0229885057471,0.0586858270258,0.0571007049608,0.0604542903999,0.0356973212787,0.0999015748031,4bac0169fa53dda3803eae4f954f7566a15776bbcaf5d4bbf184668e00767c32,93d1e83d8d3dc0b917f21633c2bfe0cd78c570027229894e2260c262d727c336
later,2018-06,2018-06,logistic_l2,logistic_l2,DPS,DPS,full,calibrated,calibrated,6,610,6,0.00983606557377,0.0625137433286,0.0604558143203,0.0645776918275,0.0526776777549,0.100065616798,4bac0169fa53dda3803eae4f954f7566a15776bbcaf5d4bbf184668e00767c32,93d1e83d8d3dc0b917f21633c2bfe0cd78c570027229894e2260c262d727c336
later,2018-06,2018-06,logistic_l2,logistic_l2,DPS,DPS,full,calibrated,calibrated,7,610,7,0.0114754098361,0.0670025713414,0.0645826074197,0.0696331382736,0.0555271615053,0.100065616798,4bac0169fa53dda3803eae4f954f7566a15776bbcaf5d4bbf184668e00767c32,93d1e83d8d3dc0b917f21633c2bfe0cd78c570027229894e2260c262d727c336
later,2018-06,2018-06,logistic_l2,logistic_l2,DPS,DPS,full,calibrated,calibrated,8,609,7,0.0114942528736,0.0727916005644,0.0696620543074,0.0759233104562,0.0612973476908,0.0999015748031,4bac0169fa53dda3803eae4f954f7566a15776bbcaf5d4bbf184668e00767c32,93d1e83d8d3dc0b917f21633c2bfe0cd78c570027229894e2260c262d727c336
later,2018-06,2018-06,logistic_l2,logistic_l2,DPS,DPS,full,calibrated,calibrated,9,610,1,0.0016393442623,0.0798944900804,0.0759238825727,0.0847823404832,0.0782551458181,0.100065616798,4bac0169fa53dda3803eae4f954f7566a15776bbcaf5d4bbf184668e00767c32,93d1e83d8d3dc0b917f21633c2bfe0cd78c570027229894e2260c262d727c336
later,2018-06,2018-06,logistic_l2,logistic_l2,DPS,DPS,full,calibrated,calibrated,10,609,6,0.00985221674877,0.100769094061,0.0848432828205,0.197084200629,0.0909168773119,0.0999015748031,4bac0169fa53dda3803eae4f954f7566a15776bbcaf5d4bbf184668e00767c32,93d1e83d8d3dc0b917f21633c2bfe0cd78c570027229894e2260c262d727c336
later,2018-06,2018-06,logistic_l2,logistic_l2,DPS,DPS,full,raw,raw,1,610,6,0.00983606557377,0.0438752789887,0.0347660469628,0.0470425462403,0.034039213415,0.100065616798,4bac0169fa53dda3803eae4f954f7566a15776bbcaf5d4bbf184668e00767c32,93d1e83d8d3dc0b917f21633c2bfe0cd78c570027229894e2260c262d727c336
later,2018-06,2018-06,logistic_l2,logistic_l2,DPS,DPS,full,raw,raw,2,610,6,0.00983606557377,0.0488911392062,0.0470624428112,0.0506548774896,0.0390550736324,0.100065616798,4bac0169fa53dda3803eae4f954f7566a15776bbcaf5d4bbf184668e00767c32,93d1e83d8d3dc0b917f21633c2bfe0cd78c570027229894e2260c262d727c336
later,2018-06,2018-06,logistic_l2,logistic_l2,DPS,DPS,full,raw,raw,3,609,11,0.0180623973727,0.052342711284,0.0506599381627,0.05399639309,0.0342803139113,0.0999015748031,4bac0169fa53dda3803eae4f954f7566a15776bbcaf5d4bbf184668e00767c32,93d1e83d8d3dc0b917f21633c2bfe0cd78c570027229894e2260c262d727c336
later,2018-06,2018-06,logistic_l2,logistic_l2,DPS,DPS,full,raw,raw,4,610,7,0.0114754098361,0.0555461964987,0.0539964683875,0.0570942710358,0.0440707866626,0.100065616798,4bac0169fa53dda3803eae4f954f7566a15776bbcaf5d4bbf184668e00767c32,93d1e83d8d3dc0b917f21633c2bfe0cd78c570027229894e2260c262d727c336
later,2018-06,2018-06,logistic_l2,logistic_l2,DPS,DPS,full,raw,raw,5,609,14,0.0229885057471,0.0586858270258,0.0571007049608,0.0604542903999,0.0356973212787,0.0999015748031,4bac0169fa53dda3803eae4f954f7566a15776bbcaf5d4bbf184668e00767c32,93d1e83d8d3dc0b917f21633c2bfe0cd78c570027229894e2260c262d727c336
later,2018-06,2018-06,logistic_l2,logistic_l2,DPS,DPS,full,raw,raw,6,610,6,0.00983606557377,0.0625137433286,0.0604558143203,0.0645776918275,0.0526776777549,0.100065616798,4bac0169fa53dda3803eae4f954f7566a15776bbcaf5d4bbf184668e00767c32,93d1e83d8d3dc0b917f21633c2bfe0cd78c570027229894e2260c262d727c336
later,2018-06,2018-06,logistic_l2,logistic_l2,DPS,DPS,full,raw,raw,7,610,7,0.0114754098361,0.0670025713414,0.0645826074197,0.0696331382736,0.0555271615053,0.100065616798,4bac0169fa53dda3803eae4f954f7566a15776bbcaf5d4bbf184668e00767c32,93d1e83d8d3dc0b917f21633c2bfe0cd78c570027229894e2260c262d727c336
later,2018-06,2018-06,logistic_l2,logistic_l2,DPS,DPS,full,raw,raw,8,609,7,0.0114942528736,0.0727916005644,0.0696620543074,0.0759233104562,0.0612973476908,0.0999015748031,4bac0169fa53dda3803eae4f954f7566a15776bbcaf5d4bbf184668e00767c32,93d1e83d8d3dc0b917f21633c2bfe0cd78c570027229894e2260c262d727c336
later,2018-06,2018-06,logistic_l2,logistic_l2,DPS,DPS,full,raw,raw,9,610,1,0.0016393442623,0.0798944900804,0.0759238825727,0.0847823404832,0.0782551458181,0.100065616798,4bac0169fa53dda3803eae4f954f7566a15776bbcaf5d4bbf184668e00767c32,93d1e83d8d3dc0b917f21633c2bfe0cd78c570027229894e2260c262d727c336
later,2018-06,2018-06,logistic_l2,logistic_l2,DPS,DPS,full,raw,raw,10,609,6,0.00985221674877,0.100769094061,0.0848432828205,0.197084200629,0.0909168773119,0.0999015748031,4bac0169fa53dda3803eae4f954f7566a15776bbcaf5d4bbf184668e00767c32,93d1e83d8d3dc0b917f21633c2bfe0cd78c570027229894e2260c262d727c336
later,2018-06,2018-06,xgboost,xgboost,DP0,DP0,full,calibrated,calibrated,1,610,7,0.0114754098361,0.0698338157696,0.0695354044437,0.0701239407063,0.0583584059335,0.100065616798,576616a45e4d43f274301c9b0102eaede5e92598d28ef4094ddd919b1580831f,93d1e83d8d3dc0b917f21633c2bfe0cd78c570027229894e2260c262d727c336
later,2018-06,2018-06,xgboost,xgboost,DP0,DP0,full,calibrated,calibrated,2,610,4,0.00655737704918,0.0701239407063,0.0701239407063,0.0701239407063,0.0635665636571,0.100065616798,576616a45e4d43f274301c9b0102eaede5e92598d28ef4094ddd919b1580831f,93d1e83d8d3dc0b917f21633c2bfe0cd78c570027229894e2260c262d727c336
later,2018-06,2018-06,xgboost,xgboost,DP0,DP0,full,calibrated,calibrated,3,609,5,0.00821018062397,0.0704071853915,0.0701239407063,0.0712259709835,0.0621970047676,0.0999015748031,576616a45e4d43f274301c9b0102eaede5e92598d28ef4094ddd919b1580831f,93d1e83d8d3dc0b917f21633c2bfe0cd78c570027229894e2260c262d727c336
later,2018-06,2018-06,xgboost,xgboost,DP0,DP0,full,calibrated,calibrated,4,610,9,0.0147540983607,0.0716634900355,0.0712259709835,0.0721663832664,0.0569093916748,0.100065616798,576616a45e4d43f274301c9b0102eaede5e92598d28ef4094ddd919b1580831f,93d1e83d8d3dc0b917f21633c2bfe0cd78c570027229894e2260c262d727c336
later,2018-06,2018-06,xgboost,xgboost,DP0,DP0,full,calibrated,calibrated,5,609,5,0.00821018062397,0.0734455630012,0.0721663832664,0.0741318762302,0.0652353823772,0.0999015748031,576616a45e4d43f274301c9b0102eaede5e92598d28ef4094ddd919b1580831f,93d1e83d8d3dc0b917f21633c2bfe0cd78c570027229894e2260c262d727c336
later,2018-06,2018-06,xgboost,xgboost,DP0,DP0,full,calibrated,calibrated,6,610,10,0.016393442623,0.0741318762302,0.0741318762302,0.0741318762302,0.0577384336073,0.100065616798,576616a45e4d43f274301c9b0102eaede5e92598d28ef4094ddd919b1580831f,93d1e83d8d3dc0b917f21633c2bfe0cd78c570027229894e2260c262d727c336
later,2018-06,2018-06,xgboost,xgboost,DP0,DP0,full,calibrated,calibrated,7,610,5,0.00819672131148,0.0745568608163,0.0741318762302,0.0747081488371,0.0663601395048,0.100065616798,576616a45e4d43f274301c9b0102eaede5e92598d28ef4094ddd919b1580831f,93d1e83d8d3dc0b917f21633c2bfe0cd78c570027229894e2260c262d727c336
later,2018-06,2018-06,xgboost,xgboost,DP0,DP0,full,calibrated,calibrated,8,609,8,0.0131362889984,0.0747081488371,0.0747081488371,0.0747081488371,0.0615718598387,0.0999015748031,576616a45e4d43f274301c9b0102eaede5e92598d28ef4094ddd919b1580831f,93d1e83d8d3dc0b917f21633c2bfe0cd78c570027229894e2260c262d727c336
later,2018-06,2018-06,xgboost,xgboost,DP0,DP0,full,calibrated,calibrated,9,610,13,0.0213114754098,0.07503740542,0.0747081488371,0.075267188251,0.0537259300102,0.100065616798,576616a45e4d43f274301c9b0102eaede5e92598d28ef4094ddd919b1580831f,93d1e83d8d3dc0b917f21633c2bfe0cd78c570027229894e2260c262d727c336
later,2018-06,2018-06,xgboost,xgboost,DP0,DP0,full,calibrated,calibrated,10,609,5,0.00821018062397,0.075267188251,0.075267188251,0.075267188251,0.067057007627,0.0999015748031,576616a45e4d43f274301c9b0102eaede5e92598d28ef4094ddd919b1580831f,93d1e83d8d3dc0b917f21633c2bfe0cd78c570027229894e2260c262d727c336
later,2018-06,2018-06,xgboost,xgboost,DP0,DP0,full,raw,raw,1,610,7,0.0114754098361,0.0698338157696,0.0695354044437,0.0701239407063,0.0583584059335,0.100065616798,576616a45e4d43f274301c9b0102eaede5e92598d28ef4094ddd919b1580831f,93d1e83d8d3dc0b917f21633c2bfe0cd78c570027229894e2260c262d727c336
later,2018-06,2018-06,xgboost,xgboost,DP0,DP0,full,raw,raw,2,610,4,0.00655737704918,0.0701239407063,0.0701239407063,0.0701239407063,0.0635665636571,0.100065616798,576616a45e4d43f274301c9b0102eaede5e92598d28ef4094ddd919b1580831f,93d1e83d8d3dc0b917f21633c2bfe0cd78c570027229894e2260c262d727c336
later,2018-06,2018-06,xgboost,xgboost,DP0,DP0,full,raw,raw,3,609,5,0.00821018062397,0.0704071853915,0.0701239407063,0.0712259709835,0.0621970047676,0.0999015748031,576616a45e4d43f274301c9b0102eaede5e92598d28ef4094ddd919b1580831f,93d1e83d8d3dc0b917f21633c2bfe0cd78c570027229894e2260c262d727c336
later,2018-06,2018-06,xgboost,xgboost,DP0,DP0,full,raw,raw,4,610,9,0.0147540983607,0.0716634900355,0.0712259709835,0.0721663832664,0.0569093916748,0.100065616798,576616a45e4d43f274301c9b0102eaede5e92598d28ef4094ddd919b1580831f,93d1e83d8d3dc0b917f21633c2bfe0cd78c570027229894e2260c262d727c336
later,2018-06,2018-06,xgboost,xgboost,DP0,DP0,full,raw,raw,5,609,5,0.00821018062397,0.0734455630012,0.0721663832664,0.0741318762302,0.0652353823772,0.0999015748031,576616a45e4d43f274301c9b0102eaede5e92598d28ef4094ddd919b1580831f,93d1e83d8d3dc0b917f21633c2bfe0cd78c570027229894e2260c262d727c336
later,2018-06,2018-06,xgboost,xgboost,DP0,DP0,full,raw,raw,6,610,10,0.016393442623,0.0741318762302,0.0741318762302,0.0741318762302,0.0577384336073,0.100065616798,576616a45e4d43f274301c9b0102eaede5e92598d28ef4094ddd919b1580831f,93d1e83d8d3dc0b917f21633c2bfe0cd78c570027229894e2260c262d727c336
later,2018-06,2018-06,xgboost,xgboost,DP0,DP0,full,raw,raw,7,610,5,0.00819672131148,0.0745568608163,0.0741318762302,0.0747081488371,0.0663601395048,0.100065616798,576616a45e4d43f274301c9b0102eaede5e92598d28ef4094ddd919b1580831f,93d1e83d8d3dc0b917f21633c2bfe0cd78c570027229894e2260c262d727c336
later,2018-06,2018-06,xgboost,xgboost,DP0,DP0,full,raw,raw,8,609,8,0.0131362889984,0.0747081488371,0.0747081488371,0.0747081488371,0.0615718598387,0.0999015748031,576616a45e4d43f274301c9b0102eaede5e92598d28ef4094ddd919b1580831f,93d1e83d8d3dc0b917f21633c2bfe0cd78c570027229894e2260c262d727c336
later,2018-06,2018-06,xgboost,xgboost,DP0,DP0,full,raw,raw,9,610,13,0.0213114754098,0.07503740542,0.0747081488371,0.075267188251,0.0537259300102,0.100065616798,576616a45e4d43f274301c9b0102eaede5e92598d28ef4094ddd919b1580831f,93d1e83d8d3dc0b917f21633c2bfe0cd78c570027229894e2260c262d727c336
later,2018-06,2018-06,xgboost,xgboost,DP0,DP0,full,raw,raw,10,609,5,0.00821018062397,0.075267188251,0.075267188251,0.075267188251,0.067057007627,0.0999015748031,576616a45e4d43f274301c9b0102eaede5e92598d28ef4094ddd919b1580831f,93d1e83d8d3dc0b917f21633c2bfe0cd78c570027229894e2260c262d727c336
later,2018-06,2018-06,xgboost,xgboost,DPB,DPB,full,calibrated,calibrated,1,610,1,0.0016393442623,0.0680782869458,0.0680782869458,0.0680782869458,0.0664389426835,0.100065616798,7a6e5ab62b064d2d77bce9e8abef215460ed7d55cf73ea551dd830ca6175ee2a,93d1e83d8d3dc0b917f21633c2bfe0cd78c570027229894e2260c262d727c336
later,2018-06,2018-06,xgboost,xgboost,DPB,DPB,full,calibrated,calibrated,2,610,9,0.0147540983607,0.0685681742967,0.0680782869458,0.0685810223222,0.0538140759361,0.100065616798,7a6e5ab62b064d2d77bce9e8abef215460ed7d55cf73ea551dd830ca6175ee2a,93d1e83d8d3dc0b917f21633c2bfe0cd78c570027229894e2260c262d727c336
later,2018-06,2018-06,xgboost,xgboost,DPB,DPB,full,calibrated,calibrated,3,609,5,0.00821018062397,0.0686436309823,0.0685810223222,0.0688386484981,0.0604334503584,0.0999015748031,7a6e5ab62b064d2d77bce9e8abef215460ed7d55cf73ea551dd830ca6175ee2a,93d1e83d8d3dc0b917f21633c2bfe0cd78c570027229894e2260c262d727c336
later,2018-06,2018-06,xgboost,xgboost,DPB,DPB,full,calibrated,calibrated,4,610,4,0.00655737704918,0.0690123455324,0.0688386484981,0.0694232210517,0.0624549684832,0.100065616798,7a6e5ab62b064d2d77bce9e8abef215460ed7d55cf73ea551dd830ca6175ee2a,93d1e83d8d3dc0b917f21633c2bfe0cd78c570027229894e2260c262d727c336
later,2018-06,2018-06,xgboost,xgboost,DPB,DPB,full,calibrated,calibrated,5,609,1,0.00164203612479,0.0709642481016,0.0694232210517,0.0726289004087,0.0693222119768,0.0999015748031,7a6e5ab62b064d2d77bce9e8abef215460ed7d55cf73ea551dd830ca6175ee2a,93d1e83d8d3dc0b917f21633c2bfe0cd78c570027229894e2260c262d727c336
later,2018-06,2018-06,xgboost,xgboost,DPB,DPB,full,calibrated,calibrated,6,610,4,0.00655737704918,0.0728478996847,0.0726289004087,0.0729705616832,0.0662905226355,0.100065616798,7a6e5ab62b064d2d77bce9e8abef215460ed7d55cf73ea551dd830ca6175ee2a,93d1e83d8d3dc0b917f21633c2bfe0cd78c570027229894e2260c262d727c336
later,2018-06,2018-06,xgboost,xgboost,DPB,DPB,full,calibrated,calibrated,7,610,6,0.00983606557377,0.0745307076661,0.0729705616832,0.075543217361,0.0646946420924,0.100065616798,7a6e5ab62b064d2d77bce9e8abef215460ed7d55cf73ea551dd830ca6175ee2a,93d1e83d8d3dc0b917f21633c2bfe0cd78c570027229894e2260c262d727c336
later,2018-06,2018-06,xgboost,xgboost,DPB,DPB,full,calibrated,calibrated,8,609,6,0.00985221674877,0.0765165887736,0.075543217361,0.0773190483451,0.0666643720249,0.0999015748031,7a6e5ab62b064d2d77bce9e8abef215460ed7d55cf73ea551dd830ca6175ee2a,93d1e83d8d3dc0b917f21633c2bfe0cd78c570027229894e2260c262d727c336
later,2018-06,2018-06,xgboost,xgboost,DPB,DPB,full,calibrated,calibrated,9,610,15,0.0245901639344,0.0797614325632,0.0773190483451,0.0824116691947,0.0551712686288,0.100065616798,7a6e5ab62b064d2d77bce9e8abef215460ed7d55cf73ea551dd830ca6175ee2a,93d1e83d8d3dc0b917f21633c2bfe0cd78c570027229894e2260c262d727c336
later,2018-06,2018-06,xgboost,xgboost,DPB,DPB,full,calibrated,calibrated,10,609,20,0.0328407224959,0.0842522250485,0.0824116691947,0.0942414030433,0.0514115025526,0.0999015748031,7a6e5ab62b064d2d77bce9e8abef215460ed7d55cf73ea551dd830ca6175ee2a,93d1e83d8d3dc0b917f21633c2bfe0cd78c570027229894e2260c262d727c336
later,2018-06,2018-06,xgboost,xgboost,DPB,DPB,full,raw,raw,1,610,1,0.0016393442623,0.0680782869458,0.0680782869458,0.0680782869458,0.0664389426835,0.100065616798,7a6e5ab62b064d2d77bce9e8abef215460ed7d55cf73ea551dd830ca6175ee2a,93d1e83d8d3dc0b917f21633c2bfe0cd78c570027229894e2260c262d727c336
later,2018-06,2018-06,xgboost,xgboost,DPB,DPB,full,raw,raw,2,610,9,0.0147540983607,0.0685681742967,0.0680782869458,0.0685810223222,0.0538140759361,0.100065616798,7a6e5ab62b064d2d77bce9e8abef215460ed7d55cf73ea551dd830ca6175ee2a,93d1e83d8d3dc0b917f21633c2bfe0cd78c570027229894e2260c262d727c336
later,2018-06,2018-06,xgboost,xgboost,DPB,DPB,full,raw,raw,3,609,5,0.00821018062397,0.0686436309823,0.0685810223222,0.0688386484981,0.0604334503584,0.0999015748031,7a6e5ab62b064d2d77bce9e8abef215460ed7d55cf73ea551dd830ca6175ee2a,93d1e83d8d3dc0b917f21633c2bfe0cd78c570027229894e2260c262d727c336
later,2018-06,2018-06,xgboost,xgboost,DPB,DPB,full,raw,raw,4,610,4,0.00655737704918,0.0690123455324,0.0688386484981,0.0694232210517,0.0624549684832,0.100065616798,7a6e5ab62b064d2d77bce9e8abef215460ed7d55cf73ea551dd830ca6175ee2a,93d1e83d8d3dc0b917f21633c2bfe0cd78c570027229894e2260c262d727c336
later,2018-06,2018-06,xgboost,xgboost,DPB,DPB,full,raw,raw,5,609,1,0.00164203612479,0.0709642481016,0.0694232210517,0.0726289004087,0.0693222119768,0.0999015748031,7a6e5ab62b064d2d77bce9e8abef215460ed7d55cf73ea551dd830ca6175ee2a,93d1e83d8d3dc0b917f21633c2bfe0cd78c570027229894e2260c262d727c336
later,2018-06,2018-06,xgboost,xgboost,DPB,DPB,full,raw,raw,6,610,4,0.00655737704918,0.0728478996847,0.0726289004087,0.0729705616832,0.0662905226355,0.100065616798,7a6e5ab62b064d2d77bce9e8abef215460ed7d55cf73ea551dd830ca6175ee2a,93d1e83d8d3dc0b917f21633c2bfe0cd78c570027229894e2260c262d727c336
later,2018-06,2018-06,xgboost,xgboost,DPB,DPB,full,raw,raw,7,610,6,0.00983606557377,0.0745307076661,0.0729705616832,0.075543217361,0.0646946420924,0.100065616798,7a6e5ab62b064d2d77bce9e8abef215460ed7d55cf73ea551dd830ca6175ee2a,93d1e83d8d3dc0b917f21633c2bfe0cd78c570027229894e2260c262d727c336
later,2018-06,2018-06,xgboost,xgboost,DPB,DPB,full,raw,raw,8,609,6,0.00985221674877,0.0765165887736,0.075543217361,0.0773190483451,0.0666643720249,0.0999015748031,7a6e5ab62b064d2d77bce9e8abef215460ed7d55cf73ea551dd830ca6175ee2a,93d1e83d8d3dc0b917f21633c2bfe0cd78c570027229894e2260c262d727c336
later,2018-06,2018-06,xgboost,xgboost,DPB,DPB,full,raw,raw,9,610,15,0.0245901639344,0.0797614325632,0.0773190483451,0.0824116691947,0.0551712686288,0.100065616798,7a6e5ab62b064d2d77bce9e8abef215460ed7d55cf73ea551dd830ca6175ee2a,93d1e83d8d3dc0b917f21633c2bfe0cd78c570027229894e2260c262d727c336
later,2018-06,2018-06,xgboost,xgboost,DPB,DPB,full,raw,raw,10,609,20,0.0328407224959,0.0842522250485,0.0824116691947,0.0942414030433,0.0514115025526,0.0999015748031,7a6e5ab62b064d2d77bce9e8abef215460ed7d55cf73ea551dd830ca6175ee2a,93d1e83d8d3dc0b917f21633c2bfe0cd78c570027229894e2260c262d727c336
later,2018-06,2018-06,xgboost,xgboost,DPG,DPG,full,calibrated,calibrated,1,610,5,0.00819672131148,0.0667194202542,0.0667194202542,0.0667194202542,0.0585226989428,0.100065616798,3aba885566eed5a3ad888875ad60c23bba114ea85bd52d5947ab88d1b372f455,93d1e83d8d3dc0b917f21633c2bfe0cd78c570027229894e2260c262d727c336
later,2018-06,2018-06,xgboost,xgboost,DPG,DPG,full,calibrated,calibrated,2,610,5,0.00819672131148,0.0667194202542,0.0667194202542,0.0667194202542,0.0585226989428,0.100065616798,3aba885566eed5a3ad888875ad60c23bba114ea85bd52d5947ab88d1b372f455,93d1e83d8d3dc0b917f21633c2bfe0cd78c570027229894e2260c262d727c336
later,2018-06,2018-06,xgboost,xgboost,DPG,DPG,full,calibrated,calibrated,3,609,5,0.00821018062397,0.0667194202542,0.0667194202542,0.0667194202542,0.0585092396303,0.0999015748031,3aba885566eed5a3ad888875ad60c23bba114ea85bd52d5947ab88d1b372f455,93d1e83d8d3dc0b917f21633c2bfe0cd78c570027229894e2260c262d727c336
later,2018-06,2018-06,xgboost,xgboost,DPG,DPG,full,calibrated,calibrated,4,610,2,0.00327868852459,0.0688394592678,0.0667194202542,0.0702624991536,0.0655607707432,0.100065616798,3aba885566eed5a3ad888875ad60c23bba114ea85bd52d5947ab88d1b372f455,93d1e83d8d3dc0b917f21633c2bfe0cd78c570027229894e2260c262d727c336
later,2018-06,2018-06,xgboost,xgboost,DPG,DPG,full,calibrated,calibrated,5,609,5,0.00821018062397,0.071069932789,0.0702624991536,0.0716848596931,0.062859752165,0.0999015748031,3aba885566eed5a3ad888875ad60c23bba114ea85bd52d5947ab88d1b372f455,93d1e83d8d3dc0b917f21633c2bfe0cd78c570027229894e2260c262d727c336
later,2018-06,2018-06,xgboost,xgboost,DPG,DPG,full,calibrated,calibrated,6,610,4,0.00655737704918,0.0728159403948,0.0716848596931,0.0733474120498,0.0662585633456,0.100065616798,3aba885566eed5a3ad888875ad60c23bba114ea85bd52d5947ab88d1b372f455,93d1e83d8d3dc0b917f21633c2bfe0cd78c570027229894e2260c262d727c336
later,2018-06,2018-06,xgboost,xgboost,DPG,DPG,full,calibrated,calibrated,7,610,2,0.00327868852459,0.0733474120498,0.0733474120498,0.0733474120498,0.0700687235252,0.100065616798,3aba885566eed5a3ad888875ad60c23bba114ea85bd52d5947ab88d1b372f455,93d1e83d8d3dc0b917f21633c2bfe0cd78c570027229894e2260c262d727c336
later,2018-06,2018-06,xgboost,xgboost,DPG,DPG,full,calibrated,calibrated,8,609,4,0.00656814449918,0.0743270981415,0.0733474120498,0.0754092931747,0.0677589536423,0.0999015748031,3aba885566eed5a3ad888875ad60c23bba114ea85bd52d5947ab88d1b372f455,93d1e83d8d3dc0b917f21633c2bfe0cd78c570027229894e2260c262d727c336
later,2018-06,2018-06,xgboost,xgboost,DPG,DPG,full,calibrated,calibrated,9,610,8,0.0131147540984,0.0759197076202,0.0754092931747,0.0794550105929,0.0628049535219,0.100065616798,3aba885566eed5a3ad888875ad60c23bba114ea85bd52d5947ab88d1b372f455,93d1e83d8d3dc0b917f21633c2bfe0cd78c570027229894e2260c262d727c336
later,2018-06,2018-06,xgboost,xgboost,DPG,DPG,full,calibrated,calibrated,10,609,31,0.0509031198686,0.0828633506359,0.0794550105929,0.0939493998885,0.0319602307672,0.0999015748031,3aba885566eed5a3ad888875ad60c23bba114ea85bd52d5947ab88d1b372f455,93d1e83d8d3dc0b917f21633c2bfe0cd78c570027229894e2260c262d727c336
later,2018-06,2018-06,xgboost,xgboost,DPG,DPG,full,raw,raw,1,610,5,0.00819672131148,0.0667194202542,0.0667194202542,0.0667194202542,0.0585226989428,0.100065616798,3aba885566eed5a3ad888875ad60c23bba114ea85bd52d5947ab88d1b372f455,93d1e83d8d3dc0b917f21633c2bfe0cd78c570027229894e2260c262d727c336
later,2018-06,2018-06,xgboost,xgboost,DPG,DPG,full,raw,raw,2,610,5,0.00819672131148,0.0667194202542,0.0667194202542,0.0667194202542,0.0585226989428,0.100065616798,3aba885566eed5a3ad888875ad60c23bba114ea85bd52d5947ab88d1b372f455,93d1e83d8d3dc0b917f21633c2bfe0cd78c570027229894e2260c262d727c336
later,2018-06,2018-06,xgboost,xgboost,DPG,DPG,full,raw,raw,3,609,5,0.00821018062397,0.0667194202542,0.0667194202542,0.0667194202542,0.0585092396303,0.0999015748031,3aba885566eed5a3ad888875ad60c23bba114ea85bd52d5947ab88d1b372f455,93d1e83d8d3dc0b917f21633c2bfe0cd78c570027229894e2260c262d727c336
later,2018-06,2018-06,xgboost,xgboost,DPG,DPG,full,raw,raw,4,610,2,0.00327868852459,0.0688394592678,0.0667194202542,0.0702624991536,0.0655607707432,0.100065616798,3aba885566eed5a3ad888875ad60c23bba114ea85bd52d5947ab88d1b372f455,93d1e83d8d3dc0b917f21633c2bfe0cd78c570027229894e2260c262d727c336
later,2018-06,2018-06,xgboost,xgboost,DPG,DPG,full,raw,raw,5,609,5,0.00821018062397,0.071069932789,0.0702624991536,0.0716848596931,0.062859752165,0.0999015748031,3aba885566eed5a3ad888875ad60c23bba114ea85bd52d5947ab88d1b372f455,93d1e83d8d3dc0b917f21633c2bfe0cd78c570027229894e2260c262d727c336
later,2018-06,2018-06,xgboost,xgboost,DPG,DPG,full,raw,raw,6,610,4,0.00655737704918,0.0728159403948,0.0716848596931,0.0733474120498,0.0662585633456,0.100065616798,3aba885566eed5a3ad888875ad60c23bba114ea85bd52d5947ab88d1b372f455,93d1e83d8d3dc0b917f21633c2bfe0cd78c570027229894e2260c262d727c336
later,2018-06,2018-06,xgboost,xgboost,DPG,DPG,full,raw,raw,7,610,2,0.00327868852459,0.0733474120498,0.0733474120498,0.0733474120498,0.0700687235252,0.100065616798,3aba885566eed5a3ad888875ad60c23bba114ea85bd52d5947ab88d1b372f455,93d1e83d8d3dc0b917f21633c2bfe0cd78c570027229894e2260c262d727c336
later,2018-06,2018-06,xgboost,xgboost,DPG,DPG,full,raw,raw,8,609,4,0.00656814449918,0.0743270981415,0.0733474120498,0.0754092931747,0.0677589536423,0.0999015748031,3aba885566eed5a3ad888875ad60c23bba114ea85bd52d5947ab88d1b372f455,93d1e83d8d3dc0b917f21633c2bfe0cd78c570027229894e2260c262d727c336
later,2018-06,2018-06,xgboost,xgboost,DPG,DPG,full,raw,raw,9,610,8,0.0131147540984,0.0759197076202,0.0754092931747,0.0794550105929,0.0628049535219,0.100065616798,3aba885566eed5a3ad888875ad60c23bba114ea85bd52d5947ab88d1b372f455,93d1e83d8d3dc0b917f21633c2bfe0cd78c570027229894e2260c262d727c336
later,2018-06,2018-06,xgboost,xgboost,DPG,DPG,full,raw,raw,10,609,31,0.0509031198686,0.0828633506359,0.0794550105929,0.0939493998885,0.0319602307672,0.0999015748031,3aba885566eed5a3ad888875ad60c23bba114ea85bd52d5947ab88d1b372f455,93d1e83d8d3dc0b917f21633c2bfe0cd78c570027229894e2260c262d727c336
later,2018-06,2018-06,xgboost,xgboost,DPS,DPS,full,calibrated,calibrated,1,610,11,0.0180327868852,0.069551099849,0.0686808750033,0.0703052207828,0.0515183129638,0.100065616798,54c802feb6b34c504a42b92ab52f2732897f2aaf85e964356c73b2cdc724b41f,93d1e83d8d3dc0b917f21633c2bfe0cd78c570027229894e2260c262d727c336
later,2018-06,2018-06,xgboost,xgboost,DPS,DPS,full,calibrated,calibrated,2,610,6,0.00983606557377,0.0710837665518,0.0703052207828,0.0715563595295,0.061247700978,0.100065616798,54c802feb6b34c504a42b92ab52f2732897f2aaf85e964356c73b2cdc724b41f,93d1e83d8d3dc0b917f21633c2bfe0cd78c570027229894e2260c262d727c336
later,2018-06,2018-06,xgboost,xgboost,DPS,DPS,full,calibrated,calibrated,3,609,8,0.0131362889984,0.0716141709088,0.0715563595295,0.0720163881779,0.0584778819105,0.0999015748031,54c802feb6b34c504a42b92ab52f2732897f2aaf85e964356c73b2cdc724b41f,93d1e83d8d3dc0b917f21633c2bfe0cd78c570027229894e2260c262d727c336
later,2018-06,2018-06,xgboost,xgboost,DPS,DPS,full,calibrated,calibrated,4,610,4,0.00655737704918,0.0720633874785,0.0720163881779,0.0722821131349,0.0655060104293,0.100065616798,54c802feb6b34c504a42b92ab52f2732897f2aaf85e964356c73b2cdc724b41f,93d1e83d8d3dc0b917f21633c2bfe0cd78c570027229894e2260c262d727c336
later,2018-06,2018-06,xgboost,xgboost,DPS,DPS,full,calibrated,calibrated,5,609,6,0.00985221674877,0.0722821131349,0.0722821131349,0.0722821131349,0.0624298963861,0.0999015748031,54c802feb6b34c504a42b92ab52f2732897f2aaf85e964356c73b2cdc724b41f,93d1e83d8d3dc0b917f21633c2bfe0cd78c570027229894e2260c262d727c336
later,2018-06,2018-06,xgboost,xgboost,DPS,DPS,full,calibrated,calibrated,6,610,11,0.0180327868852,0.072287174986,0.0722821131349,0.0723298639059,0.0542543881008,0.100065616798,54c802feb6b34c504a42b92ab52f2732897f2aaf85e964356c73b2cdc724b41f,93d1e83d8d3dc0b917f21633c2bfe0cd78c570027229894e2260c262d727c336
later,2018-06,2018-06,xgboost,xgboost,DPS,DPS,full,calibrated,calibrated,7,610,5,0.00819672131148,0.0727408200014,0.0723298639059,0.0733244866133,0.0645440986899,0.100065616798,54c802feb6b34c504a42b92ab52f2732897f2aaf85e964356c73b2cdc724b41f,93d1e83d8d3dc0b917f21633c2bfe0cd78c570027229894e2260c262d727c336
later,2018-06,2018-06,xgboost,xgboost,DPS,DPS,full,calibrated,calibrated,8,609,6,0.00985221674877,0.0741234460757,0.0733244866133,0.0743064582348,0.0642712293269,0.0999015748031,54c802feb6b34c504a42b92ab52f2732897f2aaf85e964356c73b2cdc724b41f,93d1e83d8d3dc0b917f21633c2bfe0cd78c570027229894e2260c262d727c336
later,2018-06,2018-06,xgboost,xgboost,DPS,DPS,full,calibrated,calibrated,9,610,7,0.0114754098361,0.0753270293723,0.0743064582348,0.0761798471212,0.0638516195363,0.100065616798,54c802feb6b34c504a42b92ab52f2732897f2aaf85e964356c73b2cdc724b41f,93d1e83d8d3dc0b917f21633c2bfe0cd78c570027229894e2260c262d727c336
later,2018-06,2018-06,xgboost,xgboost,DPS,DPS,full,calibrated,calibrated,10,609,7,0.0114942528736,0.0763338985065,0.0761798471212,0.0808100104332,0.064839645633,0.0999015748031,54c802feb6b34c504a42b92ab52f2732897f2aaf85e964356c73b2cdc724b41f,93d1e83d8d3dc0b917f21633c2bfe0cd78c570027229894e2260c262d727c336
later,2018-06,2018-06,xgboost,xgboost,DPS,DPS,full,raw,raw,1,610,11,0.0180327868852,0.069551099849,0.0686808750033,0.0703052207828,0.0515183129638,0.100065616798,54c802feb6b34c504a42b92ab52f2732897f2aaf85e964356c73b2cdc724b41f,93d1e83d8d3dc0b917f21633c2bfe0cd78c570027229894e2260c262d727c336
later,2018-06,2018-06,xgboost,xgboost,DPS,DPS,full,raw,raw,2,610,6,0.00983606557377,0.0710837665518,0.0703052207828,0.0715563595295,0.061247700978,0.100065616798,54c802feb6b34c504a42b92ab52f2732897f2aaf85e964356c73b2cdc724b41f,93d1e83d8d3dc0b917f21633c2bfe0cd78c570027229894e2260c262d727c336
later,2018-06,2018-06,xgboost,xgboost,DPS,DPS,full,raw,raw,3,609,8,0.0131362889984,0.0716141709088,0.0715563595295,0.0720163881779,0.0584778819105,0.0999015748031,54c802feb6b34c504a42b92ab52f2732897f2aaf85e964356c73b2cdc724b41f,93d1e83d8d3dc0b917f21633c2bfe0cd78c570027229894e2260c262d727c336
later,2018-06,2018-06,xgboost,xgboost,DPS,DPS,full,raw,raw,4,610,4,0.00655737704918,0.0720633874785,0.0720163881779,0.0722821131349,0.0655060104293,0.100065616798,54c802feb6b34c504a42b92ab52f2732897f2aaf85e964356c73b2cdc724b41f,93d1e83d8d3dc0b917f21633c2bfe0cd78c570027229894e2260c262d727c336
later,2018-06,2018-06,xgboost,xgboost,DPS,DPS,full,raw,raw,5,609,6,0.00985221674877,0.0722821131349,0.0722821131349,0.0722821131349,0.0624298963861,0.0999015748031,54c802feb6b34c504a42b92ab52f2732897f2aaf85e964356c73b2cdc724b41f,93d1e83d8d3dc0b917f21633c2bfe0cd78c570027229894e2260c262d727c336
later,2018-06,2018-06,xgboost,xgboost,DPS,DPS,full,raw,raw,6,610,11,0.0180327868852,0.072287174986,0.0722821131349,0.0723298639059,0.0542543881008,0.100065616798,54c802feb6b34c504a42b92ab52f2732897f2aaf85e964356c73b2cdc724b41f,93d1e83d8d3dc0b917f21633c2bfe0cd78c570027229894e2260c262d727c336
later,2018-06,2018-06,xgboost,xgboost,DPS,DPS,full,raw,raw,7,610,5,0.00819672131148,0.0727408200014,0.0723298639059,0.0733244866133,0.0645440986899,0.100065616798,54c802feb6b34c504a42b92ab52f2732897f2aaf85e964356c73b2cdc724b41f,93d1e83d8d3dc0b917f21633c2bfe0cd78c570027229894e2260c262d727c336
later,2018-06,2018-06,xgboost,xgboost,DPS,DPS,full,raw,raw,8,609,6,0.00985221674877,0.0741234460757,0.0733244866133,0.0743064582348,0.0642712293269,0.0999015748031,54c802feb6b34c504a42b92ab52f2732897f2aaf85e964356c73b2cdc724b41f,93d1e83d8d3dc0b917f21633c2bfe0cd78c570027229894e2260c262d727c336
later,2018-06,2018-06,xgboost,xgboost,DPS,DPS,full,raw,raw,9,610,7,0.0114754098361,0.0753270293723,0.0743064582348,0.0761798471212,0.0638516195363,0.100065616798,54c802feb6b34c504a42b92ab52f2732897f2aaf85e964356c73b2cdc724b41f,93d1e83d8d3dc0b917f21633c2bfe0cd78c570027229894e2260c262d727c336
later,2018-06,2018-06,xgboost,xgboost,DPS,DPS,full,raw,raw,10,609,7,0.0114942528736,0.0763338985065,0.0761798471212,0.0808100104332,0.064839645633,0.0999015748031,54c802feb6b34c504a42b92ab52f2732897f2aaf85e964356c73b2cdc724b41f,93d1e83d8d3dc0b917f21633c2bfe0cd78c570027229894e2260c262d727c336
terminal,2018-07_to_2018-08,2018-07_to_2018-08,logistic_l2,logistic_l2,DP0,DP0,full,calibrated,calibrated,1,1251,9,0.00719424460432,0.0661808242979,0.0461519253515,0.0698884330646,0.0589865796936,0.100023986568,fee8ab1ae9a244cb0c525f82ee602b68ef6a3c66de53e3ad47589945ae0f511e,085d47c5390ce26eb4920710912d5fe0bd515a587d209de3cd55af821edb6235
terminal,2018-07_to_2018-08,2018-07_to_2018-08,logistic_l2,logistic_l2,DP0,DP0,full,calibrated,calibrated,2,1251,25,0.0199840127898,0.0715978640442,0.0698909212613,0.0730489546002,0.0516138512544,0.100023986568,fee8ab1ae9a244cb0c525f82ee602b68ef6a3c66de53e3ad47589945ae0f511e,085d47c5390ce26eb4920710912d5fe0bd515a587d209de3cd55af821edb6235
terminal,2018-07_to_2018-08,2018-07_to_2018-08,logistic_l2,logistic_l2,DP0,DP0,full,calibrated,calibrated,3,1251,33,0.0263788968825,0.0741981979103,0.0730520921516,0.0752225354571,0.0478193010278,0.100023986568,fee8ab1ae9a244cb0c525f82ee602b68ef6a3c66de53e3ad47589945ae0f511e,085d47c5390ce26eb4920710912d5fe0bd515a587d209de3cd55af821edb6235
terminal,2018-07_to_2018-08,2018-07_to_2018-08,logistic_l2,logistic_l2,DP0,DP0,full,calibrated,calibrated,4,1250,47,0.0376,0.0760849997332,0.0752225354571,0.0769355416896,0.0384849997332,0.0999440313424,fee8ab1ae9a244cb0c525f82ee602b68ef6a3c66de53e3ad47589945ae0f511e,085d47c5390ce26eb4920710912d5fe0bd515a587d209de3cd55af821edb6235
terminal,2018-07_to_2018-08,2018-07_to_2018-08,logistic_l2,logistic_l2,DP0,DP0,full,calibrated,calibrated,5,1251,34,0.0271782573941,0.0778866568741,0.0769592017463,0.078800687271,0.05070839948,0.100023986568,fee8ab1ae9a244cb0c525f82ee602b68ef6a3c66de53e3ad47589945ae0f511e,085d47c5390ce26eb4920710912d5fe0bd515a587d209de3cd55af821edb6235
terminal,2018-07_to_2018-08,2018-07_to_2018-08,logistic_l2,logistic_l2,DP0,DP0,full,calibrated,calibrated,6,1251,33,0.0263788968825,0.079645544663,0.0788009453425,0.0804197931091,0.0532666477805,0.100023986568,fee8ab1ae9a244cb0c525f82ee602b68ef6a3c66de53e3ad47589945ae0f511e,085d47c5390ce26eb4920710912d5fe0bd515a587d209de3cd55af821edb6235
terminal,2018-07_to_2018-08,2018-07_to_2018-08,logistic_l2,logistic_l2,DP0,DP0,full,calibrated,calibrated,7,1250,43,0.0344,0.0811888608058,0.0804198018728,0.0819324228146,0.0467888608058,0.0999440313424,fee8ab1ae9a244cb0c525f82ee602b68ef6a3c66de53e3ad47589945ae0f511e,085d47c5390ce26eb4920710912d5fe0bd515a587d209de3cd55af821edb6235
terminal,2018-07_to_2018-08,2018-07_to_2018-08,logistic_l2,logistic_l2,DP0,DP0,full,calibrated,calibrated,8,1251,52,0.0415667466027,0.0830465151101,0.0819333855151,0.0841836576602,0.0414797685073,0.100023986568,fee8ab1ae9a244cb0c525f82ee602b68ef6a3c66de53e3ad47589945ae0f511e,085d47c5390ce26eb4920710912d5fe0bd515a587d209de3cd55af821edb6235
terminal,2018-07_to_2018-08,2018-07_to_2018-08,logistic_l2,logistic_l2,DP0,DP0,full,calibrated,calibrated,9,1251,115,0.0919264588329,0.0851942722443,0.0841841510222,0.0861138681233,0.00673218658863,0.100023986568,fee8ab1ae9a244cb0c525f82ee602b68ef6a3c66de53e3ad47589945ae0f511e,085d47c5390ce26eb4920710912d5fe0bd515a587d209de3cd55af821edb6235
terminal,2018-07_to_2018-08,2018-07_to_2018-08,logistic_l2,logistic_l2,DP0,DP0,full,calibrated,calibrated,10,1250,210,0.168,0.0879816886202,0.08611501524,0.0901792722287,0.0800183113798,0.0999440313424,fee8ab1ae9a244cb0c525f82ee602b68ef6a3c66de53e3ad47589945ae0f511e,085d47c5390ce26eb4920710912d5fe0bd515a587d209de3cd55af821edb6235
terminal,2018-07_to_2018-08,2018-07_to_2018-08,logistic_l2,logistic_l2,DP0,DP0,full,raw,raw,1,1251,9,0.00719424460432,0.0661808242979,0.0461519253515,0.0698884330646,0.0589865796936,0.100023986568,fee8ab1ae9a244cb0c525f82ee602b68ef6a3c66de53e3ad47589945ae0f511e,085d47c5390ce26eb4920710912d5fe0bd515a587d209de3cd55af821edb6235
terminal,2018-07_to_2018-08,2018-07_to_2018-08,logistic_l2,logistic_l2,DP0,DP0,full,raw,raw,2,1251,25,0.0199840127898,0.0715978640442,0.0698909212613,0.0730489546002,0.0516138512544,0.100023986568,fee8ab1ae9a244cb0c525f82ee602b68ef6a3c66de53e3ad47589945ae0f511e,085d47c5390ce26eb4920710912d5fe0bd515a587d209de3cd55af821edb6235
terminal,2018-07_to_2018-08,2018-07_to_2018-08,logistic_l2,logistic_l2,DP0,DP0,full,raw,raw,3,1251,33,0.0263788968825,0.0741981979103,0.0730520921516,0.0752225354571,0.0478193010278,0.100023986568,fee8ab1ae9a244cb0c525f82ee602b68ef6a3c66de53e3ad47589945ae0f511e,085d47c5390ce26eb4920710912d5fe0bd515a587d209de3cd55af821edb6235
terminal,2018-07_to_2018-08,2018-07_to_2018-08,logistic_l2,logistic_l2,DP0,DP0,full,raw,raw,4,1250,47,0.0376,0.0760849997332,0.0752225354571,0.0769355416896,0.0384849997332,0.0999440313424,fee8ab1ae9a244cb0c525f82ee602b68ef6a3c66de53e3ad47589945ae0f511e,085d47c5390ce26eb4920710912d5fe0bd515a587d209de3cd55af821edb6235
terminal,2018-07_to_2018-08,2018-07_to_2018-08,logistic_l2,logistic_l2,DP0,DP0,full,raw,raw,5,1251,34,0.0271782573941,0.0778866568741,0.0769592017463,0.078800687271,0.05070839948,0.100023986568,fee8ab1ae9a244cb0c525f82ee602b68ef6a3c66de53e3ad47589945ae0f511e,085d47c5390ce26eb4920710912d5fe0bd515a587d209de3cd55af821edb6235
terminal,2018-07_to_2018-08,2018-07_to_2018-08,logistic_l2,logistic_l2,DP0,DP0,full,raw,raw,6,1251,33,0.0263788968825,0.079645544663,0.0788009453425,0.0804197931091,0.0532666477805,0.100023986568,fee8ab1ae9a244cb0c525f82ee602b68ef6a3c66de53e3ad47589945ae0f511e,085d47c5390ce26eb4920710912d5fe0bd515a587d209de3cd55af821edb6235
terminal,2018-07_to_2018-08,2018-07_to_2018-08,logistic_l2,logistic_l2,DP0,DP0,full,raw,raw,7,1250,43,0.0344,0.0811888608058,0.0804198018728,0.0819324228146,0.0467888608058,0.0999440313424,fee8ab1ae9a244cb0c525f82ee602b68ef6a3c66de53e3ad47589945ae0f511e,085d47c5390ce26eb4920710912d5fe0bd515a587d209de3cd55af821edb6235
terminal,2018-07_to_2018-08,2018-07_to_2018-08,logistic_l2,logistic_l2,DP0,DP0,full,raw,raw,8,1251,52,0.0415667466027,0.0830465151101,0.0819333855151,0.0841836576602,0.0414797685073,0.100023986568,fee8ab1ae9a244cb0c525f82ee602b68ef6a3c66de53e3ad47589945ae0f511e,085d47c5390ce26eb4920710912d5fe0bd515a587d209de3cd55af821edb6235
terminal,2018-07_to_2018-08,2018-07_to_2018-08,logistic_l2,logistic_l2,DP0,DP0,full,raw,raw,9,1251,115,0.0919264588329,0.0851942722443,0.0841841510222,0.0861138681233,0.00673218658863,0.100023986568,fee8ab1ae9a244cb0c525f82ee602b68ef6a3c66de53e3ad47589945ae0f511e,085d47c5390ce26eb4920710912d5fe0bd515a587d209de3cd55af821edb6235
terminal,2018-07_to_2018-08,2018-07_to_2018-08,logistic_l2,logistic_l2,DP0,DP0,full,raw,raw,10,1250,210,0.168,0.0879816886202,0.08611501524,0.0901792722287,0.0800183113798,0.0999440313424,fee8ab1ae9a244cb0c525f82ee602b68ef6a3c66de53e3ad47589945ae0f511e,085d47c5390ce26eb4920710912d5fe0bd515a587d209de3cd55af821edb6235
terminal,2018-07_to_2018-08,2018-07_to_2018-08,logistic_l2,logistic_l2,DPB,DPB,full,calibrated,calibrated,1,1251,19,0.0151878497202,0.0146817683459,0.000339930735029,0.021964821196,0.000506081374287,0.100023986568,eec7f8ac345c6f37de531c843742bd3932f3ee53b8cbc0c0d410357008699278,085d47c5390ce26eb4920710912d5fe0bd515a587d209de3cd55af821edb6235
terminal,2018-07_to_2018-08,2018-07_to_2018-08,logistic_l2,logistic_l2,DPB,DPB,full,calibrated,calibrated,2,1251,29,0.0231814548361,0.0265608581943,0.0220039266634,0.030832339481,0.00337940335818,0.100023986568,eec7f8ac345c6f37de531c843742bd3932f3ee53b8cbc0c0d410357008699278,085d47c5390ce26eb4920710912d5fe0bd515a587d209de3cd55af821edb6235
terminal,2018-07_to_2018-08,2018-07_to_2018-08,logistic_l2,logistic_l2,DPB,DPB,full,calibrated,calibrated,3,1251,35,0.0279776179057,0.0348790333483,0.0308331901661,0.0390373425628,0.00690141544266,0.100023986568,eec7f8ac345c6f37de531c843742bd3932f3ee53b8cbc0c0d410357008699278,085d47c5390ce26eb4920710912d5fe0bd515a587d209de3cd55af821edb6235
terminal,2018-07_to_2018-08,2018-07_to_2018-08,logistic_l2,logistic_l2,DPB,DPB,full,calibrated,calibrated,4,1250,34,0.0272,0.0435459098575,0.0390460189849,0.0479434050404,0.0163459098575,0.0999440313424,eec7f8ac345c6f37de531c843742bd3932f3ee53b8cbc0c0d410357008699278,085d47c5390ce26eb4920710912d5fe0bd515a587d209de3cd55af821edb6235
terminal,2018-07_to_2018-08,2018-07_to_2018-08,logistic_l2,logistic_l2,DPB,DPB,full,calibrated,calibrated,5,1251,58,0.0463629096723,0.052234895526,0.0479470938405,0.0566765781917,0.00587198585375,0.100023986568,eec7f8ac345c6f37de531c843742bd3932f3ee53b8cbc0c0d410357008699278,085d47c5390ce26eb4920710912d5fe0bd515a587d209de3cd55af821edb6235
terminal,2018-07_to_2018-08,2018-07_to_2018-08,logistic_l2,logistic_l2,DPB,DPB,full,calibrated,calibrated,6,1251,100,0.0799360511591,0.0615963750386,0.0566820146854,0.0667797173987,0.0183396761205,0.100023986568,eec7f8ac345c6f37de531c843742bd3932f3ee53b8cbc0c0d410357008699278,085d47c5390ce26eb4920710912d5fe0bd515a587d209de3cd55af821edb6235
terminal,2018-07_to_2018-08,2018-07_to_2018-08,logistic_l2,logistic_l2,DPB,DPB,full,calibrated,calibrated,7,1250,103,0.0824,0.0729104762146,0.0667824578198,0.0799750705068,0.00948952378539,0.0999440313424,eec7f8ac345c6f37de531c843742bd3932f3ee53b8cbc0c0d410357008699278,085d47c5390ce26eb4920710912d5fe0bd515a587d209de3cd55af821edb6235
terminal,2018-07_to_2018-08,2018-07_to_2018-08,logistic_l2,logistic_l2,DPB,DPB,full,calibrated,calibrated,8,1251,67,0.0535571542766,0.0904142799764,0.0800157031963,0.102557949953,0.0368571256998,0.100023986568,eec7f8ac345c6f37de531c843742bd3932f3ee53b8cbc0c0d410357008699278,085d47c5390ce26eb4920710912d5fe0bd515a587d209de3cd55af821edb6235
terminal,2018-07_to_2018-08,2018-07_to_2018-08,logistic_l2,logistic_l2,DPB,DPB,full,calibrated,calibrated,9,1251,51,0.0407673860911,0.123342830268,0.10257823446,0.150632354149,0.0825754441765,0.100023986568,eec7f8ac345c6f37de531c843742bd3932f3ee53b8cbc0c0d410357008699278,085d47c5390ce26eb4920710912d5fe0bd515a587d209de3cd55af821edb6235
terminal,2018-07_to_2018-08,2018-07_to_2018-08,logistic_l2,logistic_l2,DPB,DPB,full,calibrated,calibrated,10,1250,105,0.084,0.214336101675,0.150670681929,0.978953469247,0.130336101675,0.0999440313424,eec7f8ac345c6f37de531c843742bd3932f3ee53b8cbc0c0d410357008699278,085d47c5390ce26eb4920710912d5fe0bd515a587d209de3cd55af821edb6235
terminal,2018-07_to_2018-08,2018-07_to_2018-08,logistic_l2,logistic_l2,DPB,DPB,full,raw,raw,1,1251,19,0.0151878497202,0.0146817683459,0.000339930735029,0.021964821196,0.000506081374287,0.100023986568,eec7f8ac345c6f37de531c843742bd3932f3ee53b8cbc0c0d410357008699278,085d47c5390ce26eb4920710912d5fe0bd515a587d209de3cd55af821edb6235
terminal,2018-07_to_2018-08,2018-07_to_2018-08,logistic_l2,logistic_l2,DPB,DPB,full,raw,raw,2,1251,29,0.0231814548361,0.0265608581943,0.0220039266634,0.030832339481,0.00337940335818,0.100023986568,eec7f8ac345c6f37de531c843742bd3932f3ee53b8cbc0c0d410357008699278,085d47c5390ce26eb4920710912d5fe0bd515a587d209de3cd55af821edb6235
terminal,2018-07_to_2018-08,2018-07_to_2018-08,logistic_l2,logistic_l2,DPB,DPB,full,raw,raw,3,1251,35,0.0279776179057,0.0348790333483,0.0308331901661,0.0390373425628,0.00690141544266,0.100023986568,eec7f8ac345c6f37de531c843742bd3932f3ee53b8cbc0c0d410357008699278,085d47c5390ce26eb4920710912d5fe0bd515a587d209de3cd55af821edb6235
terminal,2018-07_to_2018-08,2018-07_to_2018-08,logistic_l2,logistic_l2,DPB,DPB,full,raw,raw,4,1250,34,0.0272,0.0435459098575,0.0390460189849,0.0479434050404,0.0163459098575,0.0999440313424,eec7f8ac345c6f37de531c843742bd3932f3ee53b8cbc0c0d410357008699278,085d47c5390ce26eb4920710912d5fe0bd515a587d209de3cd55af821edb6235
terminal,2018-07_to_2018-08,2018-07_to_2018-08,logistic_l2,logistic_l2,DPB,DPB,full,raw,raw,5,1251,58,0.0463629096723,0.052234895526,0.0479470938405,0.0566765781917,0.00587198585375,0.100023986568,eec7f8ac345c6f37de531c843742bd3932f3ee53b8cbc0c0d410357008699278,085d47c5390ce26eb4920710912d5fe0bd515a587d209de3cd55af821edb6235
terminal,2018-07_to_2018-08,2018-07_to_2018-08,logistic_l2,logistic_l2,DPB,DPB,full,raw,raw,6,1251,100,0.0799360511591,0.0615963750386,0.0566820146854,0.0667797173987,0.0183396761205,0.100023986568,eec7f8ac345c6f37de531c843742bd3932f3ee53b8cbc0c0d410357008699278,085d47c5390ce26eb4920710912d5fe0bd515a587d209de3cd55af821edb6235
terminal,2018-07_to_2018-08,2018-07_to_2018-08,logistic_l2,logistic_l2,DPB,DPB,full,raw,raw,7,1250,103,0.0824,0.0729104762146,0.0667824578198,0.0799750705068,0.00948952378539,0.0999440313424,eec7f8ac345c6f37de531c843742bd3932f3ee53b8cbc0c0d410357008699278,085d47c5390ce26eb4920710912d5fe0bd515a587d209de3cd55af821edb6235
terminal,2018-07_to_2018-08,2018-07_to_2018-08,logistic_l2,logistic_l2,DPB,DPB,full,raw,raw,8,1251,67,0.0535571542766,0.0904142799764,0.0800157031963,0.102557949953,0.0368571256998,0.100023986568,eec7f8ac345c6f37de531c843742bd3932f3ee53b8cbc0c0d410357008699278,085d47c5390ce26eb4920710912d5fe0bd515a587d209de3cd55af821edb6235
terminal,2018-07_to_2018-08,2018-07_to_2018-08,logistic_l2,logistic_l2,DPB,DPB,full,raw,raw,9,1251,51,0.0407673860911,0.123342830268,0.10257823446,0.150632354149,0.0825754441765,0.100023986568,eec7f8ac345c6f37de531c843742bd3932f3ee53b8cbc0c0d410357008699278,085d47c5390ce26eb4920710912d5fe0bd515a587d209de3cd55af821edb6235
terminal,2018-07_to_2018-08,2018-07_to_2018-08,logistic_l2,logistic_l2,DPB,DPB,full,raw,raw,10,1250,105,0.084,0.214336101675,0.150670681929,0.978953469247,0.130336101675,0.0999440313424,eec7f8ac345c6f37de531c843742bd3932f3ee53b8cbc0c0d410357008699278,085d47c5390ce26eb4920710912d5fe0bd515a587d209de3cd55af821edb6235
terminal,2018-07_to_2018-08,2018-07_to_2018-08,logistic_l2,logistic_l2,DPG,DPG,full,calibrated,calibrated,1,1251,24,0.0191846522782,0.017700335889,0.00105939545742,0.0270365607487,0.00148431638921,0.100023986568,5d387df78245276a64020fb2b4aaf30d27e7c80e6eba1352e3a183644f640f8c,085d47c5390ce26eb4920710912d5fe0bd515a587d209de3cd55af821edb6235
terminal,2018-07_to_2018-08,2018-07_to_2018-08,logistic_l2,logistic_l2,DPG,DPG,full,calibrated,calibrated,2,1251,40,0.0319744204636,0.0328957258641,0.0270403932863,0.0382037737332,0.000921305400516,0.100023986568,5d387df78245276a64020fb2b4aaf30d27e7c80e6eba1352e3a183644f640f8c,085d47c5390ce26eb4920710912d5fe0bd515a587d209de3cd55af821edb6235
terminal,2018-07_to_2018-08,2018-07_to_2018-08,logistic_l2,logistic_l2,DPG,DPG,full,calibrated,calibrated,3,1251,35,0.0279776179057,0.0424531623375,0.0382047506632,0.047224935698,0.0144755444319,0.100023986568,5d387df78245276a64020fb2b4aaf30d27e7c80e6eba1352e3a183644f640f8c,085d47c5390ce26eb4920710912d5fe0bd515a587d209de3cd55af821edb6235
terminal,2018-07_to_2018-08,2018-07_to_2018-08,logistic_l2,logistic_l2,DPG,DPG,full,calibrated,calibrated,4,1250,34,0.0272,0.0520279687665,0.0472302681115,0.0574002454148,0.0248279687665,0.0999440313424,5d387df78245276a64020fb2b4aaf30d27e7c80e6eba1352e3a183644f640f8c,085d47c5390ce26eb4920710912d5fe0bd515a587d209de3cd55af821edb6235
terminal,2018-07_to_2018-08,2018-07_to_2018-08,logistic_l2,logistic_l2,DPG,DPG,full,calibrated,calibrated,5,1251,73,0.0583533173461,0.0624642237101,0.0574008170359,0.0675983771798,0.00411090636396,0.100023986568,5d387df78245276a64020fb2b4aaf30d27e7c80e6eba1352e3a183644f640f8c,085d47c5390ce26eb4920710912d5fe0bd515a587d209de3cd55af821edb6235
terminal,2018-07_to_2018-08,2018-07_to_2018-08,logistic_l2,logistic_l2,DPG,DPG,full,calibrated,calibrated,6,1251,94,0.0751398880895,0.0727122581715,0.0676176008565,0.0787694981983,0.00242762991808,0.100023986568,5d387df78245276a64020fb2b4aaf30d27e7c80e6eba1352e3a183644f640f8c,085d47c5390ce26eb4920710912d5fe0bd515a587d209de3cd55af821edb6235
terminal,2018-07_to_2018-08,2018-07_to_2018-08,logistic_l2,logistic_l2,DPG,DPG,full,calibrated,calibrated,7,1250,83,0.0664,0.0857663826261,0.0787707643916,0.0937124431773,0.0193663826261,0.0999440313424,5d387df78245276a64020fb2b4aaf30d27e7c80e6eba1352e3a183644f640f8c,085d47c5390ce26eb4920710912d5fe0bd515a587d209de3cd55af821edb6235
terminal,2018-07_to_2018-08,2018-07_to_2018-08,logistic_l2,logistic_l2,DPG,DPG,full,calibrated,calibrated,8,1251,80,0.0639488409273,0.103521141743,0.0937457273626,0.116709526502,0.0395723008161,0.100023986568,5d387df78245276a64020fb2b4aaf30d27e7c80e6eba1352e3a183644f640f8c,085d47c5390ce26eb4920710912d5fe0bd515a587d209de3cd55af821edb6235
terminal,2018-07_to_2018-08,2018-07_to_2018-08,logistic_l2,logistic_l2,DPG,DPG,full,calibrated,calibrated,9,1251,44,0.03517186251,0.138396894975,0.116755395946,0.167009719977,0.103225032465,0.100023986568,5d387df78245276a64020fb2b4aaf30d27e7c80e6eba1352e3a183644f640f8c,085d47c5390ce26eb4920710912d5fe0bd515a587d209de3cd55af821edb6235
terminal,2018-07_to_2018-08,2018-07_to_2018-08,logistic_l2,logistic_l2,DPG,DPG,full,calibrated,calibrated,10,1250,94,0.0752,0.235074969265,0.167027438239,0.976542775903,0.159874969265,0.0999440313424,5d387df78245276a64020fb2b4aaf30d27e7c80e6eba1352e3a183644f640f8c,085d47c5390ce26eb4920710912d5fe0bd515a587d209de3cd55af821edb6235
terminal,2018-07_to_2018-08,2018-07_to_2018-08,logistic_l2,logistic_l2,DPG,DPG,full,raw,raw,1,1251,24,0.0191846522782,0.017700335889,0.00105939545742,0.0270365607487,0.00148431638921,0.100023986568,5d387df78245276a64020fb2b4aaf30d27e7c80e6eba1352e3a183644f640f8c,085d47c5390ce26eb4920710912d5fe0bd515a587d209de3cd55af821edb6235
terminal,2018-07_to_2018-08,2018-07_to_2018-08,logistic_l2,logistic_l2,DPG,DPG,full,raw,raw,2,1251,40,0.0319744204636,0.0328957258641,0.0270403932863,0.0382037737332,0.000921305400516,0.100023986568,5d387df78245276a64020fb2b4aaf30d27e7c80e6eba1352e3a183644f640f8c,085d47c5390ce26eb4920710912d5fe0bd515a587d209de3cd55af821edb6235
terminal,2018-07_to_2018-08,2018-07_to_2018-08,logistic_l2,logistic_l2,DPG,DPG,full,raw,raw,3,1251,35,0.0279776179057,0.0424531623375,0.0382047506632,0.047224935698,0.0144755444319,0.100023986568,5d387df78245276a64020fb2b4aaf30d27e7c80e6eba1352e3a183644f640f8c,085d47c5390ce26eb4920710912d5fe0bd515a587d209de3cd55af821edb6235
terminal,2018-07_to_2018-08,2018-07_to_2018-08,logistic_l2,logistic_l2,DPG,DPG,full,raw,raw,4,1250,34,0.0272,0.0520279687665,0.0472302681115,0.0574002454148,0.0248279687665,0.0999440313424,5d387df78245276a64020fb2b4aaf30d27e7c80e6eba1352e3a183644f640f8c,085d47c5390ce26eb4920710912d5fe0bd515a587d209de3cd55af821edb6235
terminal,2018-07_to_2018-08,2018-07_to_2018-08,logistic_l2,logistic_l2,DPG,DPG,full,raw,raw,5,1251,73,0.0583533173461,0.0624642237101,0.0574008170359,0.0675983771798,0.00411090636396,0.100023986568,5d387df78245276a64020fb2b4aaf30d27e7c80e6eba1352e3a183644f640f8c,085d47c5390ce26eb4920710912d5fe0bd515a587d209de3cd55af821edb6235
terminal,2018-07_to_2018-08,2018-07_to_2018-08,logistic_l2,logistic_l2,DPG,DPG,full,raw,raw,6,1251,94,0.0751398880895,0.0727122581715,0.0676176008565,0.0787694981983,0.00242762991808,0.100023986568,5d387df78245276a64020fb2b4aaf30d27e7c80e6eba1352e3a183644f640f8c,085d47c5390ce26eb4920710912d5fe0bd515a587d209de3cd55af821edb6235
terminal,2018-07_to_2018-08,2018-07_to_2018-08,logistic_l2,logistic_l2,DPG,DPG,full,raw,raw,7,1250,83,0.0664,0.0857663826261,0.0787707643916,0.0937124431773,0.0193663826261,0.0999440313424,5d387df78245276a64020fb2b4aaf30d27e7c80e6eba1352e3a183644f640f8c,085d47c5390ce26eb4920710912d5fe0bd515a587d209de3cd55af821edb6235
terminal,2018-07_to_2018-08,2018-07_to_2018-08,logistic_l2,logistic_l2,DPG,DPG,full,raw,raw,8,1251,80,0.0639488409273,0.103521141743,0.0937457273626,0.116709526502,0.0395723008161,0.100023986568,5d387df78245276a64020fb2b4aaf30d27e7c80e6eba1352e3a183644f640f8c,085d47c5390ce26eb4920710912d5fe0bd515a587d209de3cd55af821edb6235
terminal,2018-07_to_2018-08,2018-07_to_2018-08,logistic_l2,logistic_l2,DPG,DPG,full,raw,raw,9,1251,44,0.03517186251,0.138396894975,0.116755395946,0.167009719977,0.103225032465,0.100023986568,5d387df78245276a64020fb2b4aaf30d27e7c80e6eba1352e3a183644f640f8c,085d47c5390ce26eb4920710912d5fe0bd515a587d209de3cd55af821edb6235
terminal,2018-07_to_2018-08,2018-07_to_2018-08,logistic_l2,logistic_l2,DPG,DPG,full,raw,raw,10,1250,94,0.0752,0.235074969265,0.167027438239,0.976542775903,0.159874969265,0.0999440313424,5d387df78245276a64020fb2b4aaf30d27e7c80e6eba1352e3a183644f640f8c,085d47c5390ce26eb4920710912d5fe0bd515a587d209de3cd55af821edb6235
terminal,2018-07_to_2018-08,2018-07_to_2018-08,logistic_l2,logistic_l2,DPS,DPS,full,calibrated,calibrated,1,1251,16,0.0127897681855,0.0431587937007,0.0214996075761,0.0480215825851,0.0303690255153,0.100023986568,4063cae413a0818a14a0f21a60b2f39d5b082ce616933652665ae1118d293203,085d47c5390ce26eb4920710912d5fe0bd515a587d209de3cd55af821edb6235
terminal,2018-07_to_2018-08,2018-07_to_2018-08,logistic_l2,logistic_l2,DPS,DPS,full,calibrated,calibrated,2,1251,23,0.0183852917666,0.0504892387925,0.0480264832768,0.0527599937355,0.0321039470259,0.100023986568,4063cae413a0818a14a0f21a60b2f39d5b082ce616933652665ae1118d293203,085d47c5390ce26eb4920710912d5fe0bd515a587d209de3cd55af821edb6235
terminal,2018-07_to_2018-08,2018-07_to_2018-08,logistic_l2,logistic_l2,DPS,DPS,full,calibrated,calibrated,3,1251,38,0.0303756994404,0.0546288083961,0.052762923292,0.05659764327,0.0242531089556,0.100023986568,4063cae413a0818a14a0f21a60b2f39d5b082ce616933652665ae1118d293203,085d47c5390ce26eb4920710912d5fe0bd515a587d209de3cd55af821edb6235
terminal,2018-07_to_2018-08,2018-07_to_2018-08,logistic_l2,logistic_l2,DPS,DPS,full,calibrated,calibrated,4,1250,54,0.0432,0.0585497550659,0.0565990373951,0.0605434402456,0.0153497550659,0.0999440313424,4063cae413a0818a14a0f21a60b2f39d5b082ce616933652665ae1118d293203,085d47c5390ce26eb4920710912d5fe0bd515a587d209de3cd55af821edb6235
terminal,2018-07_to_2018-08,2018-07_to_2018-08,logistic_l2,logistic_l2,DPS,DPS,full,calibrated,calibrated,5,1251,61,0.048760991207,0.0624348404311,0.0605455372444,0.0644727075697,0.0136738492241,0.100023986568,4063cae413a0818a14a0f21a60b2f39d5b082ce616933652665ae1118d293203,085d47c5390ce26eb4920710912d5fe0bd515a587d209de3cd55af821edb6235
terminal,2018-07_to_2018-08,2018-07_to_2018-08,logistic_l2,logistic_l2,DPS,DPS,full,calibrated,calibrated,6,1251,67,0.0535571542766,0.0664497831445,0.0644742205534,0.0685612689591,0.0128926288679,0.100023986568,4063cae413a0818a14a0f21a60b2f39d5b082ce616933652665ae1118d293203,085d47c5390ce26eb4920710912d5fe0bd515a587d209de3cd55af821edb6235
terminal,2018-07_to_2018-08,2018-07_to_2018-08,logistic_l2,logistic_l2,DPS,DPS,full,calibrated,calibrated,7,1250,84,0.0672,0.0711267746435,0.0685614903872,0.0738943007583,0.0039267746435,0.0999440313424,4063cae413a0818a14a0f21a60b2f39d5b082ce616933652665ae1118d293203,085d47c5390ce26eb4920710912d5fe0bd515a587d209de3cd55af821edb6235
terminal,2018-07_to_2018-08,2018-07_to_2018-08,logistic_l2,logistic_l2,DPS,DPS,full,calibrated,calibrated,8,1251,57,0.0455635491607,0.0773202597157,0.0739020519149,0.0811119723129,0.031756710555,0.100023986568,4063cae413a0818a14a0f21a60b2f39d5b082ce616933652665ae1118d293203,085d47c5390ce26eb4920710912d5fe0bd515a587d209de3cd55af821edb6235
terminal,2018-07_to_2018-08,2018-07_to_2018-08,logistic_l2,logistic_l2,DPS,DPS,full,calibrated,calibrated,9,1251,120,0.0959232613909,0.0861881953463,0.0811144279001,0.0931354017717,0.00973506604463,0.100023986568,4063cae413a0818a14a0f21a60b2f39d5b082ce616933652665ae1118d293203,085d47c5390ce26eb4920710912d5fe0bd515a587d209de3cd55af821edb6235
terminal,2018-07_to_2018-08,2018-07_to_2018-08,logistic_l2,logistic_l2,DPS,DPS,full,calibrated,calibrated,10,1250,81,0.0648,0.114612147647,0.0931531240056,0.220601399235,0.0498121476472,0.0999440313424,4063cae413a0818a14a0f21a60b2f39d5b082ce616933652665ae1118d293203,085d47c5390ce26eb4920710912d5fe0bd515a587d209de3cd55af821edb6235
terminal,2018-07_to_2018-08,2018-07_to_2018-08,logistic_l2,logistic_l2,DPS,DPS,full,raw,raw,1,1251,16,0.0127897681855,0.0431587937007,0.0214996075761,0.0480215825851,0.0303690255153,0.100023986568,4063cae413a0818a14a0f21a60b2f39d5b082ce616933652665ae1118d293203,085d47c5390ce26eb4920710912d5fe0bd515a587d209de3cd55af821edb6235
terminal,2018-07_to_2018-08,2018-07_to_2018-08,logistic_l2,logistic_l2,DPS,DPS,full,raw,raw,2,1251,23,0.0183852917666,0.0504892387925,0.0480264832768,0.0527599937355,0.0321039470259,0.100023986568,4063cae413a0818a14a0f21a60b2f39d5b082ce616933652665ae1118d293203,085d47c5390ce26eb4920710912d5fe0bd515a587d209de3cd55af821edb6235
terminal,2018-07_to_2018-08,2018-07_to_2018-08,logistic_l2,logistic_l2,DPS,DPS,full,raw,raw,3,1251,38,0.0303756994404,0.0546288083961,0.052762923292,0.05659764327,0.0242531089556,0.100023986568,4063cae413a0818a14a0f21a60b2f39d5b082ce616933652665ae1118d293203,085d47c5390ce26eb4920710912d5fe0bd515a587d209de3cd55af821edb6235
terminal,2018-07_to_2018-08,2018-07_to_2018-08,logistic_l2,logistic_l2,DPS,DPS,full,raw,raw,4,1250,54,0.0432,0.0585497550659,0.0565990373951,0.0605434402456,0.0153497550659,0.0999440313424,4063cae413a0818a14a0f21a60b2f39d5b082ce616933652665ae1118d293203,085d47c5390ce26eb4920710912d5fe0bd515a587d209de3cd55af821edb6235
terminal,2018-07_to_2018-08,2018-07_to_2018-08,logistic_l2,logistic_l2,DPS,DPS,full,raw,raw,5,1251,61,0.048760991207,0.0624348404311,0.0605455372444,0.0644727075697,0.0136738492241,0.100023986568,4063cae413a0818a14a0f21a60b2f39d5b082ce616933652665ae1118d293203,085d47c5390ce26eb4920710912d5fe0bd515a587d209de3cd55af821edb6235
terminal,2018-07_to_2018-08,2018-07_to_2018-08,logistic_l2,logistic_l2,DPS,DPS,full,raw,raw,6,1251,67,0.0535571542766,0.0664497831445,0.0644742205534,0.0685612689591,0.0128926288679,0.100023986568,4063cae413a0818a14a0f21a60b2f39d5b082ce616933652665ae1118d293203,085d47c5390ce26eb4920710912d5fe0bd515a587d209de3cd55af821edb6235
terminal,2018-07_to_2018-08,2018-07_to_2018-08,logistic_l2,logistic_l2,DPS,DPS,full,raw,raw,7,1250,84,0.0672,0.0711267746435,0.0685614903872,0.0738943007583,0.0039267746435,0.0999440313424,4063cae413a0818a14a0f21a60b2f39d5b082ce616933652665ae1118d293203,085d47c5390ce26eb4920710912d5fe0bd515a587d209de3cd55af821edb6235
terminal,2018-07_to_2018-08,2018-07_to_2018-08,logistic_l2,logistic_l2,DPS,DPS,full,raw,raw,8,1251,57,0.0455635491607,0.0773202597157,0.0739020519149,0.0811119723129,0.031756710555,0.100023986568,4063cae413a0818a14a0f21a60b2f39d5b082ce616933652665ae1118d293203,085d47c5390ce26eb4920710912d5fe0bd515a587d209de3cd55af821edb6235
terminal,2018-07_to_2018-08,2018-07_to_2018-08,logistic_l2,logistic_l2,DPS,DPS,full,raw,raw,9,1251,120,0.0959232613909,0.0861881953463,0.0811144279001,0.0931354017717,0.00973506604463,0.100023986568,4063cae413a0818a14a0f21a60b2f39d5b082ce616933652665ae1118d293203,085d47c5390ce26eb4920710912d5fe0bd515a587d209de3cd55af821edb6235
terminal,2018-07_to_2018-08,2018-07_to_2018-08,logistic_l2,logistic_l2,DPS,DPS,full,raw,raw,10,1250,81,0.0648,0.114612147647,0.0931531240056,0.220601399235,0.0498121476472,0.0999440313424,4063cae413a0818a14a0f21a60b2f39d5b082ce616933652665ae1118d293203,085d47c5390ce26eb4920710912d5fe0bd515a587d209de3cd55af821edb6235
terminal,2018-07_to_2018-08,2018-07_to_2018-08,xgboost,xgboost,DP0,DP0,full,calibrated,calibrated,1,1251,29,0.0231814548361,0.069742326143,0.0679465010762,0.0701151713729,0.0465608713069,0.100023986568,0369fd846a86e5b604a24c0304d916951ef795ef50024a387e8ed9feb3704702,085d47c5390ce26eb4920710912d5fe0bd515a587d209de3cd55af821edb6235
terminal,2018-07_to_2018-08,2018-07_to_2018-08,xgboost,xgboost,DP0,DP0,full,calibrated,calibrated,2,1251,54,0.0431654676259,0.0701151713729,0.0701151713729,0.0701151713729,0.026949703747,0.100023986568,0369fd846a86e5b604a24c0304d916951ef795ef50024a387e8ed9feb3704702,085d47c5390ce26eb4920710912d5fe0bd515a587d209de3cd55af821edb6235
terminal,2018-07_to_2018-08,2018-07_to_2018-08,xgboost,xgboost,DP0,DP0,full,calibrated,calibrated,3,1251,56,0.0447641886491,0.0704629413909,0.0701151713729,0.0708561688662,0.0256987527418,0.100023986568,0369fd846a86e5b604a24c0304d916951ef795ef50024a387e8ed9feb3704702,085d47c5390ce26eb4920710912d5fe0bd515a587d209de3cd55af821edb6235
terminal,2018-07_to_2018-08,2018-07_to_2018-08,xgboost,xgboost,DP0,DP0,full,calibrated,calibrated,4,1250,32,0.0256,0.0720023400486,0.0708561688662,0.0733888298273,0.0464023400486,0.0999440313424,0369fd846a86e5b604a24c0304d916951ef795ef50024a387e8ed9feb3704702,085d47c5390ce26eb4920710912d5fe0bd515a587d209de3cd55af821edb6235
terminal,2018-07_to_2018-08,2018-07_to_2018-08,xgboost,xgboost,DP0,DP0,full,calibrated,calibrated,5,1251,21,0.0167865707434,0.0739181506798,0.0733888298273,0.0743279308081,0.0571315799364,0.100023986568,0369fd846a86e5b604a24c0304d916951ef795ef50024a387e8ed9feb3704702,085d47c5390ce26eb4920710912d5fe0bd515a587d209de3cd55af821edb6235
terminal,2018-07_to_2018-08,2018-07_to_2018-08,xgboost,xgboost,DP0,DP0,full,calibrated,calibrated,6,1251,33,0.0263788968825,0.074431729605,0.0743279308081,0.0746788829565,0.0480528327225,0.100023986568,0369fd846a86e5b604a24c0304d916951ef795ef50024a387e8ed9feb3704702,085d47c5390ce26eb4920710912d5fe0bd515a587d209de3cd55af821edb6235
terminal,2018-07_to_2018-08,2018-07_to_2018-08,xgboost,xgboost,DP0,DP0,full,calibrated,calibrated,7,1250,169,0.1352,0.0748997192979,0.0746788829565,0.0749321356416,0.0603002807021,0.0999440313424,0369fd846a86e5b604a24c0304d916951ef795ef50024a387e8ed9feb3704702,085d47c5390ce26eb4920710912d5fe0bd515a587d209de3cd55af821edb6235
terminal,2018-07_to_2018-08,2018-07_to_2018-08,xgboost,xgboost,DP0,DP0,full,calibrated,calibrated,8,1251,121,0.0967226219025,0.0749805038103,0.0749321356416,0.0750494003296,0.0217421180922,0.100023986568,0369fd846a86e5b604a24c0304d916951ef795ef50024a387e8ed9feb3704702,085d47c5390ce26eb4920710912d5fe0bd515a587d209de3cd55af821edb6235
terminal,2018-07_to_2018-08,2018-07_to_2018-08,xgboost,xgboost,DP0,DP0,full,calibrated,calibrated,9,1251,52,0.0415667466027,0.0750494003296,0.0750494003296,0.0750494003296,0.0334826537269,0.100023986568,0369fd846a86e5b604a24c0304d916951ef795ef50024a387e8ed9feb3704702,085d47c5390ce26eb4920710912d5fe0bd515a587d209de3cd55af821edb6235
terminal,2018-07_to_2018-08,2018-07_to_2018-08,xgboost,xgboost,DP0,DP0,full,calibrated,calibrated,10,1250,34,0.0272,0.0750494003296,0.0750494003296,0.0750494003296,0.0478494003296,0.0999440313424,0369fd846a86e5b604a24c0304d916951ef795ef50024a387e8ed9feb3704702,085d47c5390ce26eb4920710912d5fe0bd515a587d209de3cd55af821edb6235
terminal,2018-07_to_2018-08,2018-07_to_2018-08,xgboost,xgboost,DP0,DP0,full,raw,raw,1,1251,29,0.0231814548361,0.069742326143,0.0679465010762,0.0701151713729,0.0465608713069,0.100023986568,0369fd846a86e5b604a24c0304d916951ef795ef50024a387e8ed9feb3704702,085d47c5390ce26eb4920710912d5fe0bd515a587d209de3cd55af821edb6235
terminal,2018-07_to_2018-08,2018-07_to_2018-08,xgboost,xgboost,DP0,DP0,full,raw,raw,2,1251,54,0.0431654676259,0.0701151713729,0.0701151713729,0.0701151713729,0.026949703747,0.100023986568,0369fd846a86e5b604a24c0304d916951ef795ef50024a387e8ed9feb3704702,085d47c5390ce26eb4920710912d5fe0bd515a587d209de3cd55af821edb6235
terminal,2018-07_to_2018-08,2018-07_to_2018-08,xgboost,xgboost,DP0,DP0,full,raw,raw,3,1251,56,0.0447641886491,0.0704629413909,0.0701151713729,0.0708561688662,0.0256987527418,0.100023986568,0369fd846a86e5b604a24c0304d916951ef795ef50024a387e8ed9feb3704702,085d47c5390ce26eb4920710912d5fe0bd515a587d209de3cd55af821edb6235
terminal,2018-07_to_2018-08,2018-07_to_2018-08,xgboost,xgboost,DP0,DP0,full,raw,raw,4,1250,32,0.0256,0.0720023400486,0.0708561688662,0.0733888298273,0.0464023400486,0.0999440313424,0369fd846a86e5b604a24c0304d916951ef795ef50024a387e8ed9feb3704702,085d47c5390ce26eb4920710912d5fe0bd515a587d209de3cd55af821edb6235
terminal,2018-07_to_2018-08,2018-07_to_2018-08,xgboost,xgboost,DP0,DP0,full,raw,raw,5,1251,21,0.0167865707434,0.0739181506798,0.0733888298273,0.0743279308081,0.0571315799364,0.100023986568,0369fd846a86e5b604a24c0304d916951ef795ef50024a387e8ed9feb3704702,085d47c5390ce26eb4920710912d5fe0bd515a587d209de3cd55af821edb6235
terminal,2018-07_to_2018-08,2018-07_to_2018-08,xgboost,xgboost,DP0,DP0,full,raw,raw,6,1251,33,0.0263788968825,0.074431729605,0.0743279308081,0.0746788829565,0.0480528327225,0.100023986568,0369fd846a86e5b604a24c0304d916951ef795ef50024a387e8ed9feb3704702,085d47c5390ce26eb4920710912d5fe0bd515a587d209de3cd55af821edb6235
terminal,2018-07_to_2018-08,2018-07_to_2018-08,xgboost,xgboost,DP0,DP0,full,raw,raw,7,1250,169,0.1352,0.0748997192979,0.0746788829565,0.0749321356416,0.0603002807021,0.0999440313424,0369fd846a86e5b604a24c0304d916951ef795ef50024a387e8ed9feb3704702,085d47c5390ce26eb4920710912d5fe0bd515a587d209de3cd55af821edb6235
terminal,2018-07_to_2018-08,2018-07_to_2018-08,xgboost,xgboost,DP0,DP0,full,raw,raw,8,1251,121,0.0967226219025,0.0749805038103,0.0749321356416,0.0750494003296,0.0217421180922,0.100023986568,0369fd846a86e5b604a24c0304d916951ef795ef50024a387e8ed9feb3704702,085d47c5390ce26eb4920710912d5fe0bd515a587d209de3cd55af821edb6235
terminal,2018-07_to_2018-08,2018-07_to_2018-08,xgboost,xgboost,DP0,DP0,full,raw,raw,9,1251,52,0.0415667466027,0.0750494003296,0.0750494003296,0.0750494003296,0.0334826537269,0.100023986568,0369fd846a86e5b604a24c0304d916951ef795ef50024a387e8ed9feb3704702,085d47c5390ce26eb4920710912d5fe0bd515a587d209de3cd55af821edb6235
terminal,2018-07_to_2018-08,2018-07_to_2018-08,xgboost,xgboost,DP0,DP0,full,raw,raw,10,1250,34,0.0272,0.0750494003296,0.0750494003296,0.0750494003296,0.0478494003296,0.0999440313424,0369fd846a86e5b604a24c0304d916951ef795ef50024a387e8ed9feb3704702,085d47c5390ce26eb4920710912d5fe0bd515a587d209de3cd55af821edb6235
terminal,2018-07_to_2018-08,2018-07_to_2018-08,xgboost,xgboost,DPB,DPB,full,calibrated,calibrated,1,1251,45,0.0359712230216,0.0680783035741,0.0672680661082,0.0683049708605,0.0321070805526,0.100023986568,022f76d6c5c14c3bea27b3be507d8888c7375292ea074e7b27a4c50a476db492,085d47c5390ce26eb4920710912d5fe0bd515a587d209de3cd55af821edb6235
terminal,2018-07_to_2018-08,2018-07_to_2018-08,xgboost,xgboost,DPB,DPB,full,calibrated,calibrated,2,1251,88,0.07034372502,0.0683049708605,0.0683049708605,0.0683049708605,0.0020387541595,0.100023986568,022f76d6c5c14c3bea27b3be507d8888c7375292ea074e7b27a4c50a476db492,085d47c5390ce26eb4920710912d5fe0bd515a587d209de3cd55af821edb6235
terminal,2018-07_to_2018-08,2018-07_to_2018-08,xgboost,xgboost,DPB,DPB,full,calibrated,calibrated,3,1251,107,0.0855315747402,0.0683049708605,0.0683049708605,0.0683049708605,0.0172266038797,0.100023986568,022f76d6c5c14c3bea27b3be507d8888c7375292ea074e7b27a4c50a476db492,085d47c5390ce26eb4920710912d5fe0bd515a587d209de3cd55af821edb6235
terminal,2018-07_to_2018-08,2018-07_to_2018-08,xgboost,xgboost,DPB,DPB,full,calibrated,calibrated,4,1250,56,0.0448,0.0685857568085,0.0683049708605,0.0691124051809,0.0237857568085,0.0999440313424,022f76d6c5c14c3bea27b3be507d8888c7375292ea074e7b27a4c50a476db492,085d47c5390ce26eb4920710912d5fe0bd515a587d209de3cd55af821edb6235
terminal,2018-07_to_2018-08,2018-07_to_2018-08,xgboost,xgboost,DPB,DPB,full,calibrated,calibrated,5,1251,52,0.0415667466027,0.0691124051809,0.0691124051809,0.0691124051809,0.0275456585782,0.100023986568,022f76d6c5c14c3bea27b3be507d8888c7375292ea074e7b27a4c50a476db492,085d47c5390ce26eb4920710912d5fe0bd515a587d209de3cd55af821edb6235
terminal,2018-07_to_2018-08,2018-07_to_2018-08,xgboost,xgboost,DPB,DPB,full,calibrated,calibrated,6,1251,34,0.0271782573941,0.0691620636282,0.0691124051809,0.069716796279,0.0419838062341,0.100023986568,022f76d6c5c14c3bea27b3be507d8888c7375292ea074e7b27a4c50a476db492,085d47c5390ce26eb4920710912d5fe0bd515a587d209de3cd55af821edb6235
terminal,2018-07_to_2018-08,2018-07_to_2018-08,xgboost,xgboost,DPB,DPB,full,calibrated,calibrated,7,1250,66,0.0528,0.0708907290757,0.069716796279,0.0720690190792,0.0180907290757,0.0999440313424,022f76d6c5c14c3bea27b3be507d8888c7375292ea074e7b27a4c50a476db492,085d47c5390ce26eb4920710912d5fe0bd515a587d209de3cd55af821edb6235
terminal,2018-07_to_2018-08,2018-07_to_2018-08,xgboost,xgboost,DPB,DPB,full,calibrated,calibrated,8,1251,30,0.0239808153477,0.0734538521877,0.0720690190792,0.0743486061692,0.04947303684,0.100023986568,022f76d6c5c14c3bea27b3be507d8888c7375292ea074e7b27a4c50a476db492,085d47c5390ce26eb4920710912d5fe0bd515a587d209de3cd55af821edb6235
terminal,2018-07_to_2018-08,2018-07_to_2018-08,xgboost,xgboost,DPB,DPB,full,calibrated,calibrated,9,1251,51,0.0407673860911,0.0768390882084,0.0743486061692,0.0774495229125,0.0360717021173,0.100023986568,022f76d6c5c14c3bea27b3be507d8888c7375292ea074e7b27a4c50a476db492,085d47c5390ce26eb4920710912d5fe0bd515a587d209de3cd55af821edb6235
terminal,2018-07_to_2018-08,2018-07_to_2018-08,xgboost,xgboost,DPB,DPB,full,calibrated,calibrated,10,1250,72,0.0576,0.082392865032,0.0774495229125,0.0911537334323,0.024792865032,0.0999440313424,022f76d6c5c14c3bea27b3be507d8888c7375292ea074e7b27a4c50a476db492,085d47c5390ce26eb4920710912d5fe0bd515a587d209de3cd55af821edb6235
terminal,2018-07_to_2018-08,2018-07_to_2018-08,xgboost,xgboost,DPB,DPB,full,raw,raw,1,1251,45,0.0359712230216,0.0680783035741,0.0672680661082,0.0683049708605,0.0321070805526,0.100023986568,022f76d6c5c14c3bea27b3be507d8888c7375292ea074e7b27a4c50a476db492,085d47c5390ce26eb4920710912d5fe0bd515a587d209de3cd55af821edb6235
terminal,2018-07_to_2018-08,2018-07_to_2018-08,xgboost,xgboost,DPB,DPB,full,raw,raw,2,1251,88,0.07034372502,0.0683049708605,0.0683049708605,0.0683049708605,0.0020387541595,0.100023986568,022f76d6c5c14c3bea27b3be507d8888c7375292ea074e7b27a4c50a476db492,085d47c5390ce26eb4920710912d5fe0bd515a587d209de3cd55af821edb6235
terminal,2018-07_to_2018-08,2018-07_to_2018-08,xgboost,xgboost,DPB,DPB,full,raw,raw,3,1251,107,0.0855315747402,0.0683049708605,0.0683049708605,0.0683049708605,0.0172266038797,0.100023986568,022f76d6c5c14c3bea27b3be507d8888c7375292ea074e7b27a4c50a476db492,085d47c5390ce26eb4920710912d5fe0bd515a587d209de3cd55af821edb6235
terminal,2018-07_to_2018-08,2018-07_to_2018-08,xgboost,xgboost,DPB,DPB,full,raw,raw,4,1250,56,0.0448,0.0685857568085,0.0683049708605,0.0691124051809,0.0237857568085,0.0999440313424,022f76d6c5c14c3bea27b3be507d8888c7375292ea074e7b27a4c50a476db492,085d47c5390ce26eb4920710912d5fe0bd515a587d209de3cd55af821edb6235
terminal,2018-07_to_2018-08,2018-07_to_2018-08,xgboost,xgboost,DPB,DPB,full,raw,raw,5,1251,52,0.0415667466027,0.0691124051809,0.0691124051809,0.0691124051809,0.0275456585782,0.100023986568,022f76d6c5c14c3bea27b3be507d8888c7375292ea074e7b27a4c50a476db492,085d47c5390ce26eb4920710912d5fe0bd515a587d209de3cd55af821edb6235
terminal,2018-07_to_2018-08,2018-07_to_2018-08,xgboost,xgboost,DPB,DPB,full,raw,raw,6,1251,34,0.0271782573941,0.0691620636282,0.0691124051809,0.069716796279,0.0419838062341,0.100023986568,022f76d6c5c14c3bea27b3be507d8888c7375292ea074e7b27a4c50a476db492,085d47c5390ce26eb4920710912d5fe0bd515a587d209de3cd55af821edb6235
terminal,2018-07_to_2018-08,2018-07_to_2018-08,xgboost,xgboost,DPB,DPB,full,raw,raw,7,1250,66,0.0528,0.0708907290757,0.069716796279,0.0720690190792,0.0180907290757,0.0999440313424,022f76d6c5c14c3bea27b3be507d8888c7375292ea074e7b27a4c50a476db492,085d47c5390ce26eb4920710912d5fe0bd515a587d209de3cd55af821edb6235
terminal,2018-07_to_2018-08,2018-07_to_2018-08,xgboost,xgboost,DPB,DPB,full,raw,raw,8,1251,30,0.0239808153477,0.0734538521877,0.0720690190792,0.0743486061692,0.04947303684,0.100023986568,022f76d6c5c14c3bea27b3be507d8888c7375292ea074e7b27a4c50a476db492,085d47c5390ce26eb4920710912d5fe0bd515a587d209de3cd55af821edb6235
terminal,2018-07_to_2018-08,2018-07_to_2018-08,xgboost,xgboost,DPB,DPB,full,raw,raw,9,1251,51,0.0407673860911,0.0768390882084,0.0743486061692,0.0774495229125,0.0360717021173,0.100023986568,022f76d6c5c14c3bea27b3be507d8888c7375292ea074e7b27a4c50a476db492,085d47c5390ce26eb4920710912d5fe0bd515a587d209de3cd55af821edb6235
terminal,2018-07_to_2018-08,2018-07_to_2018-08,xgboost,xgboost,DPB,DPB,full,raw,raw,10,1250,72,0.0576,0.082392865032,0.0774495229125,0.0911537334323,0.024792865032,0.0999440313424,022f76d6c5c14c3bea27b3be507d8888c7375292ea074e7b27a4c50a476db492,085d47c5390ce26eb4920710912d5fe0bd515a587d209de3cd55af821edb6235
terminal,2018-07_to_2018-08,2018-07_to_2018-08,xgboost,xgboost,DPG,DPG,full,calibrated,calibrated,1,1251,35,0.0279776179057,0.0685293791856,0.0676313266158,0.0689914375544,0.0405517612799,0.100023986568,9deff4791e0e75b3b8a4de10e8e73600dcae58e42fe816d64629f1a5c1dc2831,085d47c5390ce26eb4920710912d5fe0bd515a587d209de3cd55af821edb6235
terminal,2018-07_to_2018-08,2018-07_to_2018-08,xgboost,xgboost,DPG,DPG,full,calibrated,calibrated,2,1251,101,0.0807354116707,0.0689914375544,0.0689914375544,0.0689914375544,0.0117439741163,0.100023986568,9deff4791e0e75b3b8a4de10e8e73600dcae58e42fe816d64629f1a5c1dc2831,085d47c5390ce26eb4920710912d5fe0bd515a587d209de3cd55af821edb6235
terminal,2018-07_to_2018-08,2018-07_to_2018-08,xgboost,xgboost,DPG,DPG,full,calibrated,calibrated,3,1251,95,0.0759392486011,0.0689914375544,0.0689914375544,0.0689914375544,0.00694781104676,0.100023986568,9deff4791e0e75b3b8a4de10e8e73600dcae58e42fe816d64629f1a5c1dc2831,085d47c5390ce26eb4920710912d5fe0bd515a587d209de3cd55af821edb6235
terminal,2018-07_to_2018-08,2018-07_to_2018-08,xgboost,xgboost,DPG,DPG,full,calibrated,calibrated,4,1250,102,0.0816,0.0689914375544,0.0689914375544,0.0689914375544,0.0126085624456,0.0999440313424,9deff4791e0e75b3b8a4de10e8e73600dcae58e42fe816d64629f1a5c1dc2831,085d47c5390ce26eb4920710912d5fe0bd515a587d209de3cd55af821edb6235
terminal,2018-07_to_2018-08,2018-07_to_2018-08,xgboost,xgboost,DPG,DPG,full,calibrated,calibrated,5,1251,63,0.0503597122302,0.0700249744298,0.0689914375544,0.0707797333598,0.0196652621996,0.100023986568,9deff4791e0e75b3b8a4de10e8e73600dcae58e42fe816d64629f1a5c1dc2831,085d47c5390ce26eb4920710912d5fe0bd515a587d209de3cd55af821edb6235
terminal,2018-07_to_2018-08,2018-07_to_2018-08,xgboost,xgboost,DPG,DPG,full,calibrated,calibrated,6,1251,40,0.0319744204636,0.0707797333598,0.0707797333598,0.0707797333598,0.0388053128962,0.100023986568,9deff4791e0e75b3b8a4de10e8e73600dcae58e42fe816d64629f1a5c1dc2831,085d47c5390ce26eb4920710912d5fe0bd515a587d209de3cd55af821edb6235
terminal,2018-07_to_2018-08,2018-07_to_2018-08,xgboost,xgboost,DPG,DPG,full,calibrated,calibrated,7,1250,21,0.0168,0.0716016686559,0.0707797333598,0.0724262967706,0.0548016686559,0.0999440313424,9deff4791e0e75b3b8a4de10e8e73600dcae58e42fe816d64629f1a5c1dc2831,085d47c5390ce26eb4920710912d5fe0bd515a587d209de3cd55af821edb6235
terminal,2018-07_to_2018-08,2018-07_to_2018-08,xgboost,xgboost,DPG,DPG,full,calibrated,calibrated,8,1251,20,0.0159872102318,0.0740611160056,0.0724262967706,0.0754077509046,0.0580739057738,0.100023986568,9deff4791e0e75b3b8a4de10e8e73600dcae58e42fe816d64629f1a5c1dc2831,085d47c5390ce26eb4920710912d5fe0bd515a587d209de3cd55af821edb6235
terminal,2018-07_to_2018-08,2018-07_to_2018-08,xgboost,xgboost,DPG,DPG,full,calibrated,calibrated,9,1251,60,0.0479616306954,0.0757918155117,0.0754077509046,0.079060614109,0.0278301848163,0.100023986568,9deff4791e0e75b3b8a4de10e8e73600dcae58e42fe816d64629f1a5c1dc2831,085d47c5390ce26eb4920710912d5fe0bd515a587d209de3cd55af821edb6235
terminal,2018-07_to_2018-08,2018-07_to_2018-08,xgboost,xgboost,DPG,DPG,full,calibrated,calibrated,10,1250,64,0.0512,0.0846504678071,0.079060614109,0.0917555466294,0.0334504678071,0.0999440313424,9deff4791e0e75b3b8a4de10e8e73600dcae58e42fe816d64629f1a5c1dc2831,085d47c5390ce26eb4920710912d5fe0bd515a587d209de3cd55af821edb6235
terminal,2018-07_to_2018-08,2018-07_to_2018-08,xgboost,xgboost,DPG,DPG,full,raw,raw,1,1251,35,0.0279776179057,0.0685293791856,0.0676313266158,0.0689914375544,0.0405517612799,0.100023986568,9deff4791e0e75b3b8a4de10e8e73600dcae58e42fe816d64629f1a5c1dc2831,085d47c5390ce26eb4920710912d5fe0bd515a587d209de3cd55af821edb6235
terminal,2018-07_to_2018-08,2018-07_to_2018-08,xgboost,xgboost,DPG,DPG,full,raw,raw,2,1251,101,0.0807354116707,0.0689914375544,0.0689914375544,0.0689914375544,0.0117439741163,0.100023986568,9deff4791e0e75b3b8a4de10e8e73600dcae58e42fe816d64629f1a5c1dc2831,085d47c5390ce26eb4920710912d5fe0bd515a587d209de3cd55af821edb6235
terminal,2018-07_to_2018-08,2018-07_to_2018-08,xgboost,xgboost,DPG,DPG,full,raw,raw,3,1251,95,0.0759392486011,0.0689914375544,0.0689914375544,0.0689914375544,0.00694781104676,0.100023986568,9deff4791e0e75b3b8a4de10e8e73600dcae58e42fe816d64629f1a5c1dc2831,085d47c5390ce26eb4920710912d5fe0bd515a587d209de3cd55af821edb6235
terminal,2018-07_to_2018-08,2018-07_to_2018-08,xgboost,xgboost,DPG,DPG,full,raw,raw,4,1250,102,0.0816,0.0689914375544,0.0689914375544,0.0689914375544,0.0126085624456,0.0999440313424,9deff4791e0e75b3b8a4de10e8e73600dcae58e42fe816d64629f1a5c1dc2831,085d47c5390ce26eb4920710912d5fe0bd515a587d209de3cd55af821edb6235
terminal,2018-07_to_2018-08,2018-07_to_2018-08,xgboost,xgboost,DPG,DPG,full,raw,raw,5,1251,63,0.0503597122302,0.0700249744298,0.0689914375544,0.0707797333598,0.0196652621996,0.100023986568,9deff4791e0e75b3b8a4de10e8e73600dcae58e42fe816d64629f1a5c1dc2831,085d47c5390ce26eb4920710912d5fe0bd515a587d209de3cd55af821edb6235
terminal,2018-07_to_2018-08,2018-07_to_2018-08,xgboost,xgboost,DPG,DPG,full,raw,raw,6,1251,40,0.0319744204636,0.0707797333598,0.0707797333598,0.0707797333598,0.0388053128962,0.100023986568,9deff4791e0e75b3b8a4de10e8e73600dcae58e42fe816d64629f1a5c1dc2831,085d47c5390ce26eb4920710912d5fe0bd515a587d209de3cd55af821edb6235
terminal,2018-07_to_2018-08,2018-07_to_2018-08,xgboost,xgboost,DPG,DPG,full,raw,raw,7,1250,21,0.0168,0.0716016686559,0.0707797333598,0.0724262967706,0.0548016686559,0.0999440313424,9deff4791e0e75b3b8a4de10e8e73600dcae58e42fe816d64629f1a5c1dc2831,085d47c5390ce26eb4920710912d5fe0bd515a587d209de3cd55af821edb6235
terminal,2018-07_to_2018-08,2018-07_to_2018-08,xgboost,xgboost,DPG,DPG,full,raw,raw,8,1251,20,0.0159872102318,0.0740611160056,0.0724262967706,0.0754077509046,0.0580739057738,0.100023986568,9deff4791e0e75b3b8a4de10e8e73600dcae58e42fe816d64629f1a5c1dc2831,085d47c5390ce26eb4920710912d5fe0bd515a587d209de3cd55af821edb6235
terminal,2018-07_to_2018-08,2018-07_to_2018-08,xgboost,xgboost,DPG,DPG,full,raw,raw,9,1251,60,0.0479616306954,0.0757918155117,0.0754077509046,0.079060614109,0.0278301848163,0.100023986568,9deff4791e0e75b3b8a4de10e8e73600dcae58e42fe816d64629f1a5c1dc2831,085d47c5390ce26eb4920710912d5fe0bd515a587d209de3cd55af821edb6235
terminal,2018-07_to_2018-08,2018-07_to_2018-08,xgboost,xgboost,DPG,DPG,full,raw,raw,10,1250,64,0.0512,0.0846504678071,0.079060614109,0.0917555466294,0.0334504678071,0.0999440313424,9deff4791e0e75b3b8a4de10e8e73600dcae58e42fe816d64629f1a5c1dc2831,085d47c5390ce26eb4920710912d5fe0bd515a587d209de3cd55af821edb6235
terminal,2018-07_to_2018-08,2018-07_to_2018-08,xgboost,xgboost,DPS,DPS,full,calibrated,calibrated,1,1251,65,0.0519584332534,0.069597288722,0.0674860775471,0.0700284168124,0.0176388554686,0.100023986568,1eb5b5c6ba4c7472fd65242a3e52157db43ff33dacf5102283e826bfef2b22dd,085d47c5390ce26eb4920710912d5fe0bd515a587d209de3cd55af821edb6235
terminal,2018-07_to_2018-08,2018-07_to_2018-08,xgboost,xgboost,DPS,DPS,full,calibrated,calibrated,2,1251,66,0.052757793765,0.0701329623171,0.0700284168124,0.0709049999714,0.0173751685521,0.100023986568,1eb5b5c6ba4c7472fd65242a3e52157db43ff33dacf5102283e826bfef2b22dd,085d47c5390ce26eb4920710912d5fe0bd515a587d209de3cd55af821edb6235
terminal,2018-07_to_2018-08,2018-07_to_2018-08,xgboost,xgboost,DPS,DPS,full,calibrated,calibrated,3,1251,17,0.013589128697,0.0709049999714,0.0709049999714,0.0709049999714,0.0573158712743,0.100023986568,1eb5b5c6ba4c7472fd65242a3e52157db43ff33dacf5102283e826bfef2b22dd,085d47c5390ce26eb4920710912d5fe0bd515a587d209de3cd55af821edb6235
terminal,2018-07_to_2018-08,2018-07_to_2018-08,xgboost,xgboost,DPS,DPS,full,calibrated,calibrated,4,1250,103,0.0824,0.0711817706943,0.0709049999714,0.0712012797594,0.0112182293057,0.0999440313424,1eb5b5c6ba4c7472fd65242a3e52157db43ff33dacf5102283e826bfef2b22dd,085d47c5390ce26eb4920710912d5fe0bd515a587d209de3cd55af821edb6235
terminal,2018-07_to_2018-08,2018-07_to_2018-08,xgboost,xgboost,DPS,DPS,full,calibrated,calibrated,5,1251,86,0.0687450039968,0.0714007217071,0.0712012797594,0.0717962086201,0.00265571771027,0.100023986568,1eb5b5c6ba4c7472fd65242a3e52157db43ff33dacf5102283e826bfef2b22dd,085d47c5390ce26eb4920710912d5fe0bd515a587d209de3cd55af821edb6235
terminal,2018-07_to_2018-08,2018-07_to_2018-08,xgboost,xgboost,DPS,DPS,full,calibrated,calibrated,6,1251,58,0.0463629096723,0.0719756991696,0.0717962086201,0.0720914080739,0.0256127894973,0.100023986568,1eb5b5c6ba4c7472fd65242a3e52157db43ff33dacf5102283e826bfef2b22dd,085d47c5390ce26eb4920710912d5fe0bd515a587d209de3cd55af821edb6235
terminal,2018-07_to_2018-08,2018-07_to_2018-08,xgboost,xgboost,DPS,DPS,full,calibrated,calibrated,7,1250,41,0.0328,0.072109800458,0.0720914080739,0.0722538679838,0.039309800458,0.0999440313424,1eb5b5c6ba4c7472fd65242a3e52157db43ff33dacf5102283e826bfef2b22dd,085d47c5390ce26eb4920710912d5fe0bd515a587d209de3cd55af821edb6235
terminal,2018-07_to_2018-08,2018-07_to_2018-08,xgboost,xgboost,DPS,DPS,full,calibrated,calibrated,8,1251,33,0.0263788968825,0.0734773075743,0.0722538679838,0.0739715397358,0.0470984106918,0.100023986568,1eb5b5c6ba4c7472fd65242a3e52157db43ff33dacf5102283e826bfef2b22dd,085d47c5390ce26eb4920710912d5fe0bd515a587d209de3cd55af821edb6235
terminal,2018-07_to_2018-08,2018-07_to_2018-08,xgboost,xgboost,DPS,DPS,full,calibrated,calibrated,9,1251,54,0.0431654676259,0.0742972314262,0.0739715397358,0.0746754035354,0.0311317638003,0.100023986568,1eb5b5c6ba4c7472fd65242a3e52157db43ff33dacf5102283e826bfef2b22dd,085d47c5390ce26eb4920710912d5fe0bd515a587d209de3cd55af821edb6235
terminal,2018-07_to_2018-08,2018-07_to_2018-08,xgboost,xgboost,DPS,DPS,full,calibrated,calibrated,10,1250,78,0.0624,0.0768263744235,0.0746754035354,0.0807441398501,0.0144263744235,0.0999440313424,1eb5b5c6ba4c7472fd65242a3e52157db43ff33dacf5102283e826bfef2b22dd,085d47c5390ce26eb4920710912d5fe0bd515a587d209de3cd55af821edb6235
terminal,2018-07_to_2018-08,2018-07_to_2018-08,xgboost,xgboost,DPS,DPS,full,raw,raw,1,1251,65,0.0519584332534,0.069597288722,0.0674860775471,0.0700284168124,0.0176388554686,0.100023986568,1eb5b5c6ba4c7472fd65242a3e52157db43ff33dacf5102283e826bfef2b22dd,085d47c5390ce26eb4920710912d5fe0bd515a587d209de3cd55af821edb6235
terminal,2018-07_to_2018-08,2018-07_to_2018-08,xgboost,xgboost,DPS,DPS,full,raw,raw,2,1251,66,0.052757793765,0.0701329623171,0.0700284168124,0.0709049999714,0.0173751685521,0.100023986568,1eb5b5c6ba4c7472fd65242a3e52157db43ff33dacf5102283e826bfef2b22dd,085d47c5390ce26eb4920710912d5fe0bd515a587d209de3cd55af821edb6235
terminal,2018-07_to_2018-08,2018-07_to_2018-08,xgboost,xgboost,DPS,DPS,full,raw,raw,3,1251,17,0.013589128697,0.0709049999714,0.0709049999714,0.0709049999714,0.0573158712743,0.100023986568,1eb5b5c6ba4c7472fd65242a3e52157db43ff33dacf5102283e826bfef2b22dd,085d47c5390ce26eb4920710912d5fe0bd515a587d209de3cd55af821edb6235
terminal,2018-07_to_2018-08,2018-07_to_2018-08,xgboost,xgboost,DPS,DPS,full,raw,raw,4,1250,103,0.0824,0.0711817706943,0.0709049999714,0.0712012797594,0.0112182293057,0.0999440313424,1eb5b5c6ba4c7472fd65242a3e52157db43ff33dacf5102283e826bfef2b22dd,085d47c5390ce26eb4920710912d5fe0bd515a587d209de3cd55af821edb6235
terminal,2018-07_to_2018-08,2018-07_to_2018-08,xgboost,xgboost,DPS,DPS,full,raw,raw,5,1251,86,0.0687450039968,0.0714007217071,0.0712012797594,0.0717962086201,0.00265571771027,0.100023986568,1eb5b5c6ba4c7472fd65242a3e52157db43ff33dacf5102283e826bfef2b22dd,085d47c5390ce26eb4920710912d5fe0bd515a587d209de3cd55af821edb6235
terminal,2018-07_to_2018-08,2018-07_to_2018-08,xgboost,xgboost,DPS,DPS,full,raw,raw,6,1251,58,0.0463629096723,0.0719756991696,0.0717962086201,0.0720914080739,0.0256127894973,0.100023986568,1eb5b5c6ba4c7472fd65242a3e52157db43ff33dacf5102283e826bfef2b22dd,085d47c5390ce26eb4920710912d5fe0bd515a587d209de3cd55af821edb6235
terminal,2018-07_to_2018-08,2018-07_to_2018-08,xgboost,xgboost,DPS,DPS,full,raw,raw,7,1250,41,0.0328,0.072109800458,0.0720914080739,0.0722538679838,0.039309800458,0.0999440313424,1eb5b5c6ba4c7472fd65242a3e52157db43ff33dacf5102283e826bfef2b22dd,085d47c5390ce26eb4920710912d5fe0bd515a587d209de3cd55af821edb6235
terminal,2018-07_to_2018-08,2018-07_to_2018-08,xgboost,xgboost,DPS,DPS,full,raw,raw,8,1251,33,0.0263788968825,0.0734773075743,0.0722538679838,0.0739715397358,0.0470984106918,0.100023986568,1eb5b5c6ba4c7472fd65242a3e52157db43ff33dacf5102283e826bfef2b22dd,085d47c5390ce26eb4920710912d5fe0bd515a587d209de3cd55af821edb6235
terminal,2018-07_to_2018-08,2018-07_to_2018-08,xgboost,xgboost,DPS,DPS,full,raw,raw,9,1251,54,0.0431654676259,0.0742972314262,0.0739715397358,0.0746754035354,0.0311317638003,0.100023986568,1eb5b5c6ba4c7472fd65242a3e52157db43ff33dacf5102283e826bfef2b22dd,085d47c5390ce26eb4920710912d5fe0bd515a587d209de3cd55af821edb6235
terminal,2018-07_to_2018-08,2018-07_to_2018-08,xgboost,xgboost,DPS,DPS,full,raw,raw,10,1250,78,0.0624,0.0768263744235,0.0746754035354,0.0807441398501,0.0144263744235,0.0999440313424,1eb5b5c6ba4c7472fd65242a3e52157db43ff33dacf5102283e826bfef2b22dd,085d47c5390ce26eb4920710912d5fe0bd515a587d209de3cd55af821edb6235
