panel,estimand_role,estimand,outcome,period_summary,model_family,quantile,profile_block,representation,metric,metric_direction,estimate,evidence_label,label_namespace,source_path,source_sha256,note
breach_probability__later_monthly_median,primary_direct_operational_estimand,issued promise -> issued promise + held-fixed validated process profiles,breach_probability,later_monthly_median,logistic_l2,,both,full,delta_brier,negative_is_better,-0.00146902299902,Supported,RQ3_direct_order_evidence,analysis/direct_promise_profile_extension_v1/EVIDENCE_LABELS.csv,fab159672c7bbf92ec74f4683a79a45de8cffe534a10ad7f61e29828270f84d8,"Side-by-side interpretive robustness only; do not subtract, rank, or select estimands by gain magnitude."
breach_probability__later_monthly_median,primary_direct_operational_estimand,issued promise -> issued promise + held-fixed validated process profiles,breach_probability,later_monthly_median,logistic_l2,,both,full,delta_log_loss,negative_is_better,-0.0188355042404,Supported,RQ3_direct_order_evidence,analysis/direct_promise_profile_extension_v1/EVIDENCE_LABELS.csv,fab159672c7bbf92ec74f4683a79a45de8cffe534a10ad7f61e29828270f84d8,"Side-by-side interpretive robustness only; do not subtract, rank, or select estimands by gain magnitude."
breach_probability__later_monthly_median,primary_direct_operational_estimand,issued promise -> issued promise + held-fixed validated process profiles,breach_probability,later_monthly_median,logistic_l2,,both,full,favourable_month_count,larger_is_more_consistent,5,Supported,RQ3_direct_order_evidence,analysis/direct_promise_profile_extension_v1/EVIDENCE_LABELS.csv,fab159672c7bbf92ec74f4683a79a45de8cffe534a10ad7f61e29828270f84d8,"Side-by-side interpretive robustness only; do not subtract, rank, or select estimands by gain magnitude."
breach_probability__later_monthly_median,primary_direct_operational_estimand,issued promise -> issued promise + held-fixed validated process profiles,breach_probability,later_monthly_median,logistic_l2,,seller,full,delta_brier,negative_is_better,-0.00047411302235,Supported,RQ3_direct_order_evidence,analysis/direct_promise_profile_extension_v1/EVIDENCE_LABELS.csv,fab159672c7bbf92ec74f4683a79a45de8cffe534a10ad7f61e29828270f84d8,"Side-by-side interpretive robustness only; do not subtract, rank, or select estimands by gain magnitude."
breach_probability__later_monthly_median,primary_direct_operational_estimand,issued promise -> issued promise + held-fixed validated process profiles,breach_probability,later_monthly_median,logistic_l2,,seller,full,delta_log_loss,negative_is_better,-0.00415653020117,Supported,RQ3_direct_order_evidence,analysis/direct_promise_profile_extension_v1/EVIDENCE_LABELS.csv,fab159672c7bbf92ec74f4683a79a45de8cffe534a10ad7f61e29828270f84d8,"Side-by-side interpretive robustness only; do not subtract, rank, or select estimands by gain magnitude."
breach_probability__later_monthly_median,primary_direct_operational_estimand,issued promise -> issued promise + held-fixed validated process profiles,breach_probability,later_monthly_median,logistic_l2,,seller,full,favourable_month_count,larger_is_more_consistent,6,Supported,RQ3_direct_order_evidence,analysis/direct_promise_profile_extension_v1/EVIDENCE_LABELS.csv,fab159672c7bbf92ec74f4683a79a45de8cffe534a10ad7f61e29828270f84d8,"Side-by-side interpretive robustness only; do not subtract, rank, or select estimands by gain magnitude."
breach_probability__later_monthly_median,primary_direct_operational_estimand,issued promise -> issued promise + held-fixed validated process profiles,breach_probability,later_monthly_median,logistic_l2,,state_od,full,delta_brier,negative_is_better,-0.000678203167734,Mixed,RQ3_direct_order_evidence,analysis/direct_promise_profile_extension_v1/EVIDENCE_LABELS.csv,fab159672c7bbf92ec74f4683a79a45de8cffe534a10ad7f61e29828270f84d8,"Side-by-side interpretive robustness only; do not subtract, rank, or select estimands by gain magnitude."
breach_probability__later_monthly_median,primary_direct_operational_estimand,issued promise -> issued promise + held-fixed validated process profiles,breach_probability,later_monthly_median,logistic_l2,,state_od,full,delta_log_loss,negative_is_better,-0.0126256584508,Mixed,RQ3_direct_order_evidence,analysis/direct_promise_profile_extension_v1/EVIDENCE_LABELS.csv,fab159672c7bbf92ec74f4683a79a45de8cffe534a10ad7f61e29828270f84d8,"Side-by-side interpretive robustness only; do not subtract, rank, or select estimands by gain magnitude."
breach_probability__later_monthly_median,primary_direct_operational_estimand,issued promise -> issued promise + held-fixed validated process profiles,breach_probability,later_monthly_median,logistic_l2,,state_od,full,favourable_month_count,larger_is_more_consistent,3,Mixed,RQ3_direct_order_evidence,analysis/direct_promise_profile_extension_v1/EVIDENCE_LABELS.csv,fab159672c7bbf92ec74f4683a79a45de8cffe534a10ad7f61e29828270f84d8,"Side-by-side interpretive robustness only; do not subtract, rank, or select estimands by gain magnitude."
breach_probability__later_monthly_median,primary_direct_operational_estimand,issued promise -> issued promise + held-fixed validated process profiles,breach_probability,later_monthly_median,xgboost,,both,full,delta_brier,negative_is_better,-0.000293696109202,Mixed,RQ3_direct_order_evidence,analysis/direct_promise_profile_extension_v1/EVIDENCE_LABELS.csv,fab159672c7bbf92ec74f4683a79a45de8cffe534a10ad7f61e29828270f84d8,"Side-by-side interpretive robustness only; do not subtract, rank, or select estimands by gain magnitude."
breach_probability__later_monthly_median,primary_direct_operational_estimand,issued promise -> issued promise + held-fixed validated process profiles,breach_probability,later_monthly_median,xgboost,,both,full,delta_log_loss,negative_is_better,-0.00229967244447,Mixed,RQ3_direct_order_evidence,analysis/direct_promise_profile_extension_v1/EVIDENCE_LABELS.csv,fab159672c7bbf92ec74f4683a79a45de8cffe534a10ad7f61e29828270f84d8,"Side-by-side interpretive robustness only; do not subtract, rank, or select estimands by gain magnitude."
breach_probability__later_monthly_median,primary_direct_operational_estimand,issued promise -> issued promise + held-fixed validated process profiles,breach_probability,later_monthly_median,xgboost,,both,full,favourable_month_count,larger_is_more_consistent,5,Mixed,RQ3_direct_order_evidence,analysis/direct_promise_profile_extension_v1/EVIDENCE_LABELS.csv,fab159672c7bbf92ec74f4683a79a45de8cffe534a10ad7f61e29828270f84d8,"Side-by-side interpretive robustness only; do not subtract, rank, or select estimands by gain magnitude."
breach_probability__later_monthly_median,primary_direct_operational_estimand,issued promise -> issued promise + held-fixed validated process profiles,breach_probability,later_monthly_median,xgboost,,seller,full,delta_brier,negative_is_better,-1.96016143433e-05,Supported,RQ3_direct_order_evidence,analysis/direct_promise_profile_extension_v1/EVIDENCE_LABELS.csv,fab159672c7bbf92ec74f4683a79a45de8cffe534a10ad7f61e29828270f84d8,"Side-by-side interpretive robustness only; do not subtract, rank, or select estimands by gain magnitude."
breach_probability__later_monthly_median,primary_direct_operational_estimand,issued promise -> issued promise + held-fixed validated process profiles,breach_probability,later_monthly_median,xgboost,,seller,full,delta_log_loss,negative_is_better,-0.000144657998041,Supported,RQ3_direct_order_evidence,analysis/direct_promise_profile_extension_v1/EVIDENCE_LABELS.csv,fab159672c7bbf92ec74f4683a79a45de8cffe534a10ad7f61e29828270f84d8,"Side-by-side interpretive robustness only; do not subtract, rank, or select estimands by gain magnitude."
breach_probability__later_monthly_median,primary_direct_operational_estimand,issued promise -> issued promise + held-fixed validated process profiles,breach_probability,later_monthly_median,xgboost,,seller,full,favourable_month_count,larger_is_more_consistent,5,Supported,RQ3_direct_order_evidence,analysis/direct_promise_profile_extension_v1/EVIDENCE_LABELS.csv,fab159672c7bbf92ec74f4683a79a45de8cffe534a10ad7f61e29828270f84d8,"Side-by-side interpretive robustness only; do not subtract, rank, or select estimands by gain magnitude."
breach_probability__later_monthly_median,primary_direct_operational_estimand,issued promise -> issued promise + held-fixed validated process profiles,breach_probability,later_monthly_median,xgboost,,state_od,full,delta_brier,negative_is_better,-0.00026123594082,Mixed,RQ3_direct_order_evidence,analysis/direct_promise_profile_extension_v1/EVIDENCE_LABELS.csv,fab159672c7bbf92ec74f4683a79a45de8cffe534a10ad7f61e29828270f84d8,"Side-by-side interpretive robustness only; do not subtract, rank, or select estimands by gain magnitude."
breach_probability__later_monthly_median,primary_direct_operational_estimand,issued promise -> issued promise + held-fixed validated process profiles,breach_probability,later_monthly_median,xgboost,,state_od,full,delta_log_loss,negative_is_better,-0.00197620878246,Mixed,RQ3_direct_order_evidence,analysis/direct_promise_profile_extension_v1/EVIDENCE_LABELS.csv,fab159672c7bbf92ec74f4683a79a45de8cffe534a10ad7f61e29828270f84d8,"Side-by-side interpretive robustness only; do not subtract, rank, or select estimands by gain magnitude."
breach_probability__later_monthly_median,primary_direct_operational_estimand,issued promise -> issued promise + held-fixed validated process profiles,breach_probability,later_monthly_median,xgboost,,state_od,full,favourable_month_count,larger_is_more_consistent,5,Mixed,RQ3_direct_order_evidence,analysis/direct_promise_profile_extension_v1/EVIDENCE_LABELS.csv,fab159672c7bbf92ec74f4683a79a45de8cffe534a10ad7f61e29828270f84d8,"Side-by-side interpretive robustness only; do not subtract, rank, or select estimands by gain magnitude."
breach_probability__later_monthly_median,secondary_current_context_robustness,issued promise + purchase-time current context -> issued promise + purchase-time current context + held-fixed validated process profiles,breach_probability,later_monthly_median,logistic_l2,,both,full,delta_brier,negative_is_better,-0.00124549078367,Supported,RQ3_current_context_order_evidence,analysis/order_breach_severity_v1/MODEL_COMPARISON_SUMMARY.csv,ec3bf91512465292759bfd5264a34d4a84f7c5b153d106fab9c8de1f5af9fcb0,"Side-by-side interpretive robustness only; do not subtract, rank, or select estimands by gain magnitude."
breach_probability__later_monthly_median,secondary_current_context_robustness,issued promise + purchase-time current context -> issued promise + purchase-time current context + held-fixed validated process profiles,breach_probability,later_monthly_median,logistic_l2,,both,full,delta_log_loss,negative_is_better,-0.0118082057867,Supported,RQ3_current_context_order_evidence,analysis/order_breach_severity_v1/MODEL_COMPARISON_SUMMARY.csv,ec3bf91512465292759bfd5264a34d4a84f7c5b153d106fab9c8de1f5af9fcb0,"Side-by-side interpretive robustness only; do not subtract, rank, or select estimands by gain magnitude."
breach_probability__later_monthly_median,secondary_current_context_robustness,issued promise + purchase-time current context -> issued promise + purchase-time current context + held-fixed validated process profiles,breach_probability,later_monthly_median,logistic_l2,,both,full,favourable_month_count,larger_is_more_consistent,4,Supported,RQ3_current_context_order_evidence,analysis/order_breach_severity_v1/MODEL_COMPARISON_SUMMARY.csv,ec3bf91512465292759bfd5264a34d4a84f7c5b153d106fab9c8de1f5af9fcb0,"Side-by-side interpretive robustness only; do not subtract, rank, or select estimands by gain magnitude."
breach_probability__later_monthly_median,secondary_current_context_robustness,issued promise + purchase-time current context -> issued promise + purchase-time current context + held-fixed validated process profiles,breach_probability,later_monthly_median,logistic_l2,,seller,full,delta_brier,negative_is_better,-0.000409649138751,Supported,RQ3_current_context_order_evidence,analysis/order_breach_severity_v1/MODEL_COMPARISON_SUMMARY.csv,ec3bf91512465292759bfd5264a34d4a84f7c5b153d106fab9c8de1f5af9fcb0,"Side-by-side interpretive robustness only; do not subtract, rank, or select estimands by gain magnitude."
breach_probability__later_monthly_median,secondary_current_context_robustness,issued promise + purchase-time current context -> issued promise + purchase-time current context + held-fixed validated process profiles,breach_probability,later_monthly_median,logistic_l2,,seller,full,delta_log_loss,negative_is_better,-0.00362976512882,Supported,RQ3_current_context_order_evidence,analysis/order_breach_severity_v1/MODEL_COMPARISON_SUMMARY.csv,ec3bf91512465292759bfd5264a34d4a84f7c5b153d106fab9c8de1f5af9fcb0,"Side-by-side interpretive robustness only; do not subtract, rank, or select estimands by gain magnitude."
breach_probability__later_monthly_median,secondary_current_context_robustness,issued promise + purchase-time current context -> issued promise + purchase-time current context + held-fixed validated process profiles,breach_probability,later_monthly_median,logistic_l2,,seller,full,favourable_month_count,larger_is_more_consistent,6,Supported,RQ3_current_context_order_evidence,analysis/order_breach_severity_v1/MODEL_COMPARISON_SUMMARY.csv,ec3bf91512465292759bfd5264a34d4a84f7c5b153d106fab9c8de1f5af9fcb0,"Side-by-side interpretive robustness only; do not subtract, rank, or select estimands by gain magnitude."
breach_probability__later_monthly_median,secondary_current_context_robustness,issued promise + purchase-time current context -> issued promise + purchase-time current context + held-fixed validated process profiles,breach_probability,later_monthly_median,logistic_l2,,state_od,full,delta_brier,negative_is_better,-0.000967202240254,Mixed,RQ3_current_context_order_evidence,analysis/order_breach_severity_v1/MODEL_COMPARISON_SUMMARY.csv,ec3bf91512465292759bfd5264a34d4a84f7c5b153d106fab9c8de1f5af9fcb0,"Side-by-side interpretive robustness only; do not subtract, rank, or select estimands by gain magnitude."
breach_probability__later_monthly_median,secondary_current_context_robustness,issued promise + purchase-time current context -> issued promise + purchase-time current context + held-fixed validated process profiles,breach_probability,later_monthly_median,logistic_l2,,state_od,full,delta_log_loss,negative_is_better,-0.00934112747353,Mixed,RQ3_current_context_order_evidence,analysis/order_breach_severity_v1/MODEL_COMPARISON_SUMMARY.csv,ec3bf91512465292759bfd5264a34d4a84f7c5b153d106fab9c8de1f5af9fcb0,"Side-by-side interpretive robustness only; do not subtract, rank, or select estimands by gain magnitude."
breach_probability__later_monthly_median,secondary_current_context_robustness,issued promise + purchase-time current context -> issued promise + purchase-time current context + held-fixed validated process profiles,breach_probability,later_monthly_median,logistic_l2,,state_od,full,favourable_month_count,larger_is_more_consistent,3,Mixed,RQ3_current_context_order_evidence,analysis/order_breach_severity_v1/MODEL_COMPARISON_SUMMARY.csv,ec3bf91512465292759bfd5264a34d4a84f7c5b153d106fab9c8de1f5af9fcb0,"Side-by-side interpretive robustness only; do not subtract, rank, or select estimands by gain magnitude."
breach_probability__later_monthly_median,secondary_current_context_robustness,issued promise + purchase-time current context -> issued promise + purchase-time current context + held-fixed validated process profiles,breach_probability,later_monthly_median,xgboost,,both,full,delta_brier,negative_is_better,-0.000127879810165,Supported,RQ3_current_context_order_evidence,analysis/order_breach_severity_v1/MODEL_COMPARISON_SUMMARY.csv,ec3bf91512465292759bfd5264a34d4a84f7c5b153d106fab9c8de1f5af9fcb0,"Side-by-side interpretive robustness only; do not subtract, rank, or select estimands by gain magnitude."
breach_probability__later_monthly_median,secondary_current_context_robustness,issued promise + purchase-time current context -> issued promise + purchase-time current context + held-fixed validated process profiles,breach_probability,later_monthly_median,xgboost,,both,full,delta_log_loss,negative_is_better,-0.000906255739247,Supported,RQ3_current_context_order_evidence,analysis/order_breach_severity_v1/MODEL_COMPARISON_SUMMARY.csv,ec3bf91512465292759bfd5264a34d4a84f7c5b153d106fab9c8de1f5af9fcb0,"Side-by-side interpretive robustness only; do not subtract, rank, or select estimands by gain magnitude."
breach_probability__later_monthly_median,secondary_current_context_robustness,issued promise + purchase-time current context -> issued promise + purchase-time current context + held-fixed validated process profiles,breach_probability,later_monthly_median,xgboost,,both,full,favourable_month_count,larger_is_more_consistent,4,Supported,RQ3_current_context_order_evidence,analysis/order_breach_severity_v1/MODEL_COMPARISON_SUMMARY.csv,ec3bf91512465292759bfd5264a34d4a84f7c5b153d106fab9c8de1f5af9fcb0,"Side-by-side interpretive robustness only; do not subtract, rank, or select estimands by gain magnitude."
breach_probability__later_monthly_median,secondary_current_context_robustness,issued promise + purchase-time current context -> issued promise + purchase-time current context + held-fixed validated process profiles,breach_probability,later_monthly_median,xgboost,,seller,full,delta_brier,negative_is_better,-1.21099138891e-05,Mixed,RQ3_current_context_order_evidence,analysis/order_breach_severity_v1/MODEL_COMPARISON_SUMMARY.csv,ec3bf91512465292759bfd5264a34d4a84f7c5b153d106fab9c8de1f5af9fcb0,"Side-by-side interpretive robustness only; do not subtract, rank, or select estimands by gain magnitude."
breach_probability__later_monthly_median,secondary_current_context_robustness,issued promise + purchase-time current context -> issued promise + purchase-time current context + held-fixed validated process profiles,breach_probability,later_monthly_median,xgboost,,seller,full,delta_log_loss,negative_is_better,-0.000140511705397,Mixed,RQ3_current_context_order_evidence,analysis/order_breach_severity_v1/MODEL_COMPARISON_SUMMARY.csv,ec3bf91512465292759bfd5264a34d4a84f7c5b153d106fab9c8de1f5af9fcb0,"Side-by-side interpretive robustness only; do not subtract, rank, or select estimands by gain magnitude."
breach_probability__later_monthly_median,secondary_current_context_robustness,issued promise + purchase-time current context -> issued promise + purchase-time current context + held-fixed validated process profiles,breach_probability,later_monthly_median,xgboost,,seller,full,favourable_month_count,larger_is_more_consistent,3,Mixed,RQ3_current_context_order_evidence,analysis/order_breach_severity_v1/MODEL_COMPARISON_SUMMARY.csv,ec3bf91512465292759bfd5264a34d4a84f7c5b153d106fab9c8de1f5af9fcb0,"Side-by-side interpretive robustness only; do not subtract, rank, or select estimands by gain magnitude."
breach_probability__later_monthly_median,secondary_current_context_robustness,issued promise + purchase-time current context -> issued promise + purchase-time current context + held-fixed validated process profiles,breach_probability,later_monthly_median,xgboost,,state_od,full,delta_brier,negative_is_better,1.75032783969e-05,Not-supported,RQ3_current_context_order_evidence,analysis/order_breach_severity_v1/MODEL_COMPARISON_SUMMARY.csv,ec3bf91512465292759bfd5264a34d4a84f7c5b153d106fab9c8de1f5af9fcb0,"Side-by-side interpretive robustness only; do not subtract, rank, or select estimands by gain magnitude."
breach_probability__later_monthly_median,secondary_current_context_robustness,issued promise + purchase-time current context -> issued promise + purchase-time current context + held-fixed validated process profiles,breach_probability,later_monthly_median,xgboost,,state_od,full,delta_log_loss,negative_is_better,-4.05045649025e-05,Not-supported,RQ3_current_context_order_evidence,analysis/order_breach_severity_v1/MODEL_COMPARISON_SUMMARY.csv,ec3bf91512465292759bfd5264a34d4a84f7c5b153d106fab9c8de1f5af9fcb0,"Side-by-side interpretive robustness only; do not subtract, rank, or select estimands by gain magnitude."
breach_probability__later_monthly_median,secondary_current_context_robustness,issued promise + purchase-time current context -> issued promise + purchase-time current context + held-fixed validated process profiles,breach_probability,later_monthly_median,xgboost,,state_od,full,favourable_month_count,larger_is_more_consistent,3,Not-supported,RQ3_current_context_order_evidence,analysis/order_breach_severity_v1/MODEL_COMPARISON_SUMMARY.csv,ec3bf91512465292759bfd5264a34d4a84f7c5b153d106fab9c8de1f5af9fcb0,"Side-by-side interpretive robustness only; do not subtract, rank, or select estimands by gain magnitude."
breach_probability__later_pooled,primary_direct_operational_estimand,issued promise -> issued promise + held-fixed validated process profiles,breach_probability,later_pooled,logistic_l2,,both,full,delta_average_precision,positive_is_better,0.118230377936,Supported,RQ3_direct_order_evidence,analysis/direct_promise_profile_extension_v1/DIRECT_BREACH_POOLED.csv,76789278b624130a7fdbc07854850640bb37e93b55cff30e7d8646a188465cf2,"Side-by-side interpretive robustness only; do not subtract, rank, or select estimands by gain magnitude."
breach_probability__later_pooled,primary_direct_operational_estimand,issued promise -> issued promise + held-fixed validated process profiles,breach_probability,later_pooled,logistic_l2,,both,full,delta_brier,negative_is_better,-0.00558325051821,Supported,RQ3_direct_order_evidence,analysis/direct_promise_profile_extension_v1/DIRECT_BREACH_POOLED.csv,76789278b624130a7fdbc07854850640bb37e93b55cff30e7d8646a188465cf2,"Side-by-side interpretive robustness only; do not subtract, rank, or select estimands by gain magnitude."
breach_probability__later_pooled,primary_direct_operational_estimand,issued promise -> issued promise + held-fixed validated process profiles,breach_probability,later_pooled,logistic_l2,,both,full,delta_log_loss,negative_is_better,-0.0388196570165,Supported,RQ3_direct_order_evidence,analysis/direct_promise_profile_extension_v1/DIRECT_BREACH_POOLED.csv,76789278b624130a7fdbc07854850640bb37e93b55cff30e7d8646a188465cf2,"Side-by-side interpretive robustness only; do not subtract, rank, or select estimands by gain magnitude."
breach_probability__later_pooled,primary_direct_operational_estimand,issued promise -> issued promise + held-fixed validated process profiles,breach_probability,later_pooled,logistic_l2,,both,full,delta_roc_auc,positive_is_better,0.328376734702,Supported,RQ3_direct_order_evidence,analysis/direct_promise_profile_extension_v1/DIRECT_BREACH_POOLED.csv,76789278b624130a7fdbc07854850640bb37e93b55cff30e7d8646a188465cf2,"Side-by-side interpretive robustness only; do not subtract, rank, or select estimands by gain magnitude."
breach_probability__later_pooled,primary_direct_operational_estimand,issued promise -> issued promise + held-fixed validated process profiles,breach_probability,later_pooled,logistic_l2,,both,full,delta_top_10pct_lift,positive_is_better,1.65947656025,Supported,RQ3_direct_order_evidence,analysis/direct_promise_profile_extension_v1/DIRECT_BREACH_POOLED.csv,76789278b624130a7fdbc07854850640bb37e93b55cff30e7d8646a188465cf2,"Side-by-side interpretive robustness only; do not subtract, rank, or select estimands by gain magnitude."
breach_probability__later_pooled,primary_direct_operational_estimand,issued promise -> issued promise + held-fixed validated process profiles,breach_probability,later_pooled,logistic_l2,,seller,full,delta_average_precision,positive_is_better,0.0183747776247,Supported,RQ3_direct_order_evidence,analysis/direct_promise_profile_extension_v1/DIRECT_BREACH_POOLED.csv,76789278b624130a7fdbc07854850640bb37e93b55cff30e7d8646a188465cf2,"Side-by-side interpretive robustness only; do not subtract, rank, or select estimands by gain magnitude."
breach_probability__later_pooled,primary_direct_operational_estimand,issued promise -> issued promise + held-fixed validated process profiles,breach_probability,later_pooled,logistic_l2,,seller,full,delta_brier,negative_is_better,-0.000555753603763,Supported,RQ3_direct_order_evidence,analysis/direct_promise_profile_extension_v1/DIRECT_BREACH_POOLED.csv,76789278b624130a7fdbc07854850640bb37e93b55cff30e7d8646a188465cf2,"Side-by-side interpretive robustness only; do not subtract, rank, or select estimands by gain magnitude."
breach_probability__later_pooled,primary_direct_operational_estimand,issued promise -> issued promise + held-fixed validated process profiles,breach_probability,later_pooled,logistic_l2,,seller,full,delta_log_loss,negative_is_better,-0.00417724557345,Supported,RQ3_direct_order_evidence,analysis/direct_promise_profile_extension_v1/DIRECT_BREACH_POOLED.csv,76789278b624130a7fdbc07854850640bb37e93b55cff30e7d8646a188465cf2,"Side-by-side interpretive robustness only; do not subtract, rank, or select estimands by gain magnitude."
breach_probability__later_pooled,primary_direct_operational_estimand,issued promise -> issued promise + held-fixed validated process profiles,breach_probability,later_pooled,logistic_l2,,seller,full,delta_roc_auc,positive_is_better,0.0945499481936,Supported,RQ3_direct_order_evidence,analysis/direct_promise_profile_extension_v1/DIRECT_BREACH_POOLED.csv,76789278b624130a7fdbc07854850640bb37e93b55cff30e7d8646a188465cf2,"Side-by-side interpretive robustness only; do not subtract, rank, or select estimands by gain magnitude."
breach_probability__later_pooled,primary_direct_operational_estimand,issued promise -> issued promise + held-fixed validated process profiles,breach_probability,later_pooled,logistic_l2,,seller,full,delta_top_10pct_lift,positive_is_better,0.123669830313,Supported,RQ3_direct_order_evidence,analysis/direct_promise_profile_extension_v1/DIRECT_BREACH_POOLED.csv,76789278b624130a7fdbc07854850640bb37e93b55cff30e7d8646a188465cf2,"Side-by-side interpretive robustness only; do not subtract, rank, or select estimands by gain magnitude."
breach_probability__later_pooled,primary_direct_operational_estimand,issued promise -> issued promise + held-fixed validated process profiles,breach_probability,later_pooled,logistic_l2,,state_od,full,delta_average_precision,positive_is_better,0.0916703130924,Mixed,RQ3_direct_order_evidence,analysis/direct_promise_profile_extension_v1/DIRECT_BREACH_POOLED.csv,76789278b624130a7fdbc07854850640bb37e93b55cff30e7d8646a188465cf2,"Side-by-side interpretive robustness only; do not subtract, rank, or select estimands by gain magnitude."
breach_probability__later_pooled,primary_direct_operational_estimand,issued promise -> issued promise + held-fixed validated process profiles,breach_probability,later_pooled,logistic_l2,,state_od,full,delta_brier,negative_is_better,-0.00411197316072,Mixed,RQ3_direct_order_evidence,analysis/direct_promise_profile_extension_v1/DIRECT_BREACH_POOLED.csv,76789278b624130a7fdbc07854850640bb37e93b55cff30e7d8646a188465cf2,"Side-by-side interpretive robustness only; do not subtract, rank, or select estimands by gain magnitude."
breach_probability__later_pooled,primary_direct_operational_estimand,issued promise -> issued promise + held-fixed validated process profiles,breach_probability,later_pooled,logistic_l2,,state_od,full,delta_log_loss,negative_is_better,-0.0319350451486,Mixed,RQ3_direct_order_evidence,analysis/direct_promise_profile_extension_v1/DIRECT_BREACH_POOLED.csv,76789278b624130a7fdbc07854850640bb37e93b55cff30e7d8646a188465cf2,"Side-by-side interpretive robustness only; do not subtract, rank, or select estimands by gain magnitude."
breach_probability__later_pooled,primary_direct_operational_estimand,issued promise -> issued promise + held-fixed validated process profiles,breach_probability,later_pooled,logistic_l2,,state_od,full,delta_roc_auc,positive_is_better,0.304800568652,Mixed,RQ3_direct_order_evidence,analysis/direct_promise_profile_extension_v1/DIRECT_BREACH_POOLED.csv,76789278b624130a7fdbc07854850640bb37e93b55cff30e7d8646a188465cf2,"Side-by-side interpretive robustness only; do not subtract, rank, or select estimands by gain magnitude."
breach_probability__later_pooled,primary_direct_operational_estimand,issued promise -> issued promise + held-fixed validated process profiles,breach_probability,later_pooled,logistic_l2,,state_od,full,delta_top_10pct_lift,positive_is_better,1.18205349439,Mixed,RQ3_direct_order_evidence,analysis/direct_promise_profile_extension_v1/DIRECT_BREACH_POOLED.csv,76789278b624130a7fdbc07854850640bb37e93b55cff30e7d8646a188465cf2,"Side-by-side interpretive robustness only; do not subtract, rank, or select estimands by gain magnitude."
breach_probability__later_pooled,primary_direct_operational_estimand,issued promise -> issued promise + held-fixed validated process profiles,breach_probability,later_pooled,xgboost,,both,full,delta_average_precision,positive_is_better,0.008569781964,Mixed,RQ3_direct_order_evidence,analysis/direct_promise_profile_extension_v1/DIRECT_BREACH_POOLED.csv,76789278b624130a7fdbc07854850640bb37e93b55cff30e7d8646a188465cf2,"Side-by-side interpretive robustness only; do not subtract, rank, or select estimands by gain magnitude."
breach_probability__later_pooled,primary_direct_operational_estimand,issued promise -> issued promise + held-fixed validated process profiles,breach_probability,later_pooled,xgboost,,both,full,delta_brier,negative_is_better,-0.000293070443649,Mixed,RQ3_direct_order_evidence,analysis/direct_promise_profile_extension_v1/DIRECT_BREACH_POOLED.csv,76789278b624130a7fdbc07854850640bb37e93b55cff30e7d8646a188465cf2,"Side-by-side interpretive robustness only; do not subtract, rank, or select estimands by gain magnitude."
breach_probability__later_pooled,primary_direct_operational_estimand,issued promise -> issued promise + held-fixed validated process profiles,breach_probability,later_pooled,xgboost,,both,full,delta_log_loss,negative_is_better,-0.00264201929194,Mixed,RQ3_direct_order_evidence,analysis/direct_promise_profile_extension_v1/DIRECT_BREACH_POOLED.csv,76789278b624130a7fdbc07854850640bb37e93b55cff30e7d8646a188465cf2,"Side-by-side interpretive robustness only; do not subtract, rank, or select estimands by gain magnitude."
breach_probability__later_pooled,primary_direct_operational_estimand,issued promise -> issued promise + held-fixed validated process profiles,breach_probability,later_pooled,xgboost,,both,full,delta_roc_auc,positive_is_better,0.0265565631619,Mixed,RQ3_direct_order_evidence,analysis/direct_promise_profile_extension_v1/DIRECT_BREACH_POOLED.csv,76789278b624130a7fdbc07854850640bb37e93b55cff30e7d8646a188465cf2,"Side-by-side interpretive robustness only; do not subtract, rank, or select estimands by gain magnitude."
breach_probability__later_pooled,primary_direct_operational_estimand,issued promise -> issued promise + held-fixed validated process profiles,breach_probability,later_pooled,xgboost,,both,full,delta_top_10pct_lift,positive_is_better,0.0834052343975,Mixed,RQ3_direct_order_evidence,analysis/direct_promise_profile_extension_v1/DIRECT_BREACH_POOLED.csv,76789278b624130a7fdbc07854850640bb37e93b55cff30e7d8646a188465cf2,"Side-by-side interpretive robustness only; do not subtract, rank, or select estimands by gain magnitude."
breach_probability__later_pooled,primary_direct_operational_estimand,issued promise -> issued promise + held-fixed validated process profiles,breach_probability,later_pooled,xgboost,,seller,full,delta_average_precision,positive_is_better,-0.0056818583266,Supported,RQ3_direct_order_evidence,analysis/direct_promise_profile_extension_v1/DIRECT_BREACH_POOLED.csv,76789278b624130a7fdbc07854850640bb37e93b55cff30e7d8646a188465cf2,"Side-by-side interpretive robustness only; do not subtract, rank, or select estimands by gain magnitude."
breach_probability__later_pooled,primary_direct_operational_estimand,issued promise -> issued promise + held-fixed validated process profiles,breach_probability,later_pooled,xgboost,,seller,full,delta_brier,negative_is_better,-2.50604254213e-05,Supported,RQ3_direct_order_evidence,analysis/direct_promise_profile_extension_v1/DIRECT_BREACH_POOLED.csv,76789278b624130a7fdbc07854850640bb37e93b55cff30e7d8646a188465cf2,"Side-by-side interpretive robustness only; do not subtract, rank, or select estimands by gain magnitude."
breach_probability__later_pooled,primary_direct_operational_estimand,issued promise -> issued promise + held-fixed validated process profiles,breach_probability,later_pooled,xgboost,,seller,full,delta_log_loss,negative_is_better,-0.000249267081702,Supported,RQ3_direct_order_evidence,analysis/direct_promise_profile_extension_v1/DIRECT_BREACH_POOLED.csv,76789278b624130a7fdbc07854850640bb37e93b55cff30e7d8646a188465cf2,"Side-by-side interpretive robustness only; do not subtract, rank, or select estimands by gain magnitude."
breach_probability__later_pooled,primary_direct_operational_estimand,issued promise -> issued promise + held-fixed validated process profiles,breach_probability,later_pooled,xgboost,,seller,full,delta_roc_auc,positive_is_better,-0.011808654941,Supported,RQ3_direct_order_evidence,analysis/direct_promise_profile_extension_v1/DIRECT_BREACH_POOLED.csv,76789278b624130a7fdbc07854850640bb37e93b55cff30e7d8646a188465cf2,"Side-by-side interpretive robustness only; do not subtract, rank, or select estimands by gain magnitude."
breach_probability__later_pooled,primary_direct_operational_estimand,issued promise -> issued promise + held-fixed validated process profiles,breach_probability,later_pooled,xgboost,,seller,full,delta_top_10pct_lift,positive_is_better,-0.189818809318,Supported,RQ3_direct_order_evidence,analysis/direct_promise_profile_extension_v1/DIRECT_BREACH_POOLED.csv,76789278b624130a7fdbc07854850640bb37e93b55cff30e7d8646a188465cf2,"Side-by-side interpretive robustness only; do not subtract, rank, or select estimands by gain magnitude."
breach_probability__later_pooled,primary_direct_operational_estimand,issued promise -> issued promise + held-fixed validated process profiles,breach_probability,later_pooled,xgboost,,state_od,full,delta_average_precision,positive_is_better,0.00817575625456,Mixed,RQ3_direct_order_evidence,analysis/direct_promise_profile_extension_v1/DIRECT_BREACH_POOLED.csv,76789278b624130a7fdbc07854850640bb37e93b55cff30e7d8646a188465cf2,"Side-by-side interpretive robustness only; do not subtract, rank, or select estimands by gain magnitude."
breach_probability__later_pooled,primary_direct_operational_estimand,issued promise -> issued promise + held-fixed validated process profiles,breach_probability,later_pooled,xgboost,,state_od,full,delta_brier,negative_is_better,-0.000234990501204,Mixed,RQ3_direct_order_evidence,analysis/direct_promise_profile_extension_v1/DIRECT_BREACH_POOLED.csv,76789278b624130a7fdbc07854850640bb37e93b55cff30e7d8646a188465cf2,"Side-by-side interpretive robustness only; do not subtract, rank, or select estimands by gain magnitude."
breach_probability__later_pooled,primary_direct_operational_estimand,issued promise -> issued promise + held-fixed validated process profiles,breach_probability,later_pooled,xgboost,,state_od,full,delta_log_loss,negative_is_better,-0.00208358168925,Mixed,RQ3_direct_order_evidence,analysis/direct_promise_profile_extension_v1/DIRECT_BREACH_POOLED.csv,76789278b624130a7fdbc07854850640bb37e93b55cff30e7d8646a188465cf2,"Side-by-side interpretive robustness only; do not subtract, rank, or select estimands by gain magnitude."
breach_probability__later_pooled,primary_direct_operational_estimand,issued promise -> issued promise + held-fixed validated process profiles,breach_probability,later_pooled,xgboost,,state_od,full,delta_roc_auc,positive_is_better,0.0213229325228,Mixed,RQ3_direct_order_evidence,analysis/direct_promise_profile_extension_v1/DIRECT_BREACH_POOLED.csv,76789278b624130a7fdbc07854850640bb37e93b55cff30e7d8646a188465cf2,"Side-by-side interpretive robustness only; do not subtract, rank, or select estimands by gain magnitude."
breach_probability__later_pooled,primary_direct_operational_estimand,issued promise -> issued promise + held-fixed validated process profiles,breach_probability,later_pooled,xgboost,,state_od,full,delta_top_10pct_lift,positive_is_better,0.209951107276,Mixed,RQ3_direct_order_evidence,analysis/direct_promise_profile_extension_v1/DIRECT_BREACH_POOLED.csv,76789278b624130a7fdbc07854850640bb37e93b55cff30e7d8646a188465cf2,"Side-by-side interpretive robustness only; do not subtract, rank, or select estimands by gain magnitude."
breach_probability__later_pooled,secondary_current_context_robustness,issued promise + purchase-time current context -> issued promise + purchase-time current context + held-fixed validated process profiles,breach_probability,later_pooled,logistic_l2,,both,full,delta_average_precision,positive_is_better,0.017831729309,Supported,RQ3_current_context_order_evidence,analysis/order_breach_severity_v1/ORDER_BREACH_RESULTS.csv,db5ab43c2067a9947d4a5157fde34fc3a7a17f3be791b2f4019f28f56dfeb99f,"Side-by-side interpretive robustness only; do not subtract, rank, or select estimands by gain magnitude."
breach_probability__later_pooled,secondary_current_context_robustness,issued promise + purchase-time current context -> issued promise + purchase-time current context + held-fixed validated process profiles,breach_probability,later_pooled,logistic_l2,,both,full,delta_brier,negative_is_better,-0.0018651742537,Supported,RQ3_current_context_order_evidence,analysis/order_breach_severity_v1/ORDER_BREACH_RESULTS.csv,db5ab43c2067a9947d4a5157fde34fc3a7a17f3be791b2f4019f28f56dfeb99f,"Side-by-side interpretive robustness only; do not subtract, rank, or select estimands by gain magnitude."
breach_probability__later_pooled,secondary_current_context_robustness,issued promise + purchase-time current context -> issued promise + purchase-time current context + held-fixed validated process profiles,breach_probability,later_pooled,logistic_l2,,both,full,delta_log_loss,negative_is_better,-0.021883739222,Supported,RQ3_current_context_order_evidence,analysis/order_breach_severity_v1/ORDER_BREACH_RESULTS.csv,db5ab43c2067a9947d4a5157fde34fc3a7a17f3be791b2f4019f28f56dfeb99f,"Side-by-side interpretive robustness only; do not subtract, rank, or select estimands by gain magnitude."
breach_probability__later_pooled,secondary_current_context_robustness,issued promise + purchase-time current context -> issued promise + purchase-time current context + held-fixed validated process profiles,breach_probability,later_pooled,logistic_l2,,both,full,delta_roc_auc,positive_is_better,0.040488539991,Supported,RQ3_current_context_order_evidence,analysis/order_breach_severity_v1/ORDER_BREACH_RESULTS.csv,db5ab43c2067a9947d4a5157fde34fc3a7a17f3be791b2f4019f28f56dfeb99f,"Side-by-side interpretive robustness only; do not subtract, rank, or select estimands by gain magnitude."
breach_probability__later_pooled,secondary_current_context_robustness,issued promise + purchase-time current context -> issued promise + purchase-time current context + held-fixed validated process profiles,breach_probability,later_pooled,logistic_l2,,both,full,delta_top_10pct_lift,positive_is_better,0.50330744895,Supported,RQ3_current_context_order_evidence,analysis/order_breach_severity_v1/ORDER_BREACH_RESULTS.csv,db5ab43c2067a9947d4a5157fde34fc3a7a17f3be791b2f4019f28f56dfeb99f,"Side-by-side interpretive robustness only; do not subtract, rank, or select estimands by gain magnitude."
breach_probability__later_pooled,secondary_current_context_robustness,issued promise + purchase-time current context -> issued promise + purchase-time current context + held-fixed validated process profiles,breach_probability,later_pooled,logistic_l2,,seller,full,delta_average_precision,positive_is_better,0.012841254554,Supported,RQ3_current_context_order_evidence,analysis/order_breach_severity_v1/ORDER_BREACH_RESULTS.csv,db5ab43c2067a9947d4a5157fde34fc3a7a17f3be791b2f4019f28f56dfeb99f,"Side-by-side interpretive robustness only; do not subtract, rank, or select estimands by gain magnitude."
breach_probability__later_pooled,secondary_current_context_robustness,issued promise + purchase-time current context -> issued promise + purchase-time current context + held-fixed validated process profiles,breach_probability,later_pooled,logistic_l2,,seller,full,delta_brier,negative_is_better,-0.0006418314934,Supported,RQ3_current_context_order_evidence,analysis/order_breach_severity_v1/ORDER_BREACH_RESULTS.csv,db5ab43c2067a9947d4a5157fde34fc3a7a17f3be791b2f4019f28f56dfeb99f,"Side-by-side interpretive robustness only; do not subtract, rank, or select estimands by gain magnitude."
breach_probability__later_pooled,secondary_current_context_robustness,issued promise + purchase-time current context -> issued promise + purchase-time current context + held-fixed validated process profiles,breach_probability,later_pooled,logistic_l2,,seller,full,delta_log_loss,negative_is_better,-0.006314931039,Supported,RQ3_current_context_order_evidence,analysis/order_breach_severity_v1/ORDER_BREACH_RESULTS.csv,db5ab43c2067a9947d4a5157fde34fc3a7a17f3be791b2f4019f28f56dfeb99f,"Side-by-side interpretive robustness only; do not subtract, rank, or select estimands by gain magnitude."
breach_probability__later_pooled,secondary_current_context_robustness,issued promise + purchase-time current context -> issued promise + purchase-time current context + held-fixed validated process profiles,breach_probability,later_pooled,logistic_l2,,seller,full,delta_roc_auc,positive_is_better,0.026606571267,Supported,RQ3_current_context_order_evidence,analysis/order_breach_severity_v1/ORDER_BREACH_RESULTS.csv,db5ab43c2067a9947d4a5157fde34fc3a7a17f3be791b2f4019f28f56dfeb99f,"Side-by-side interpretive robustness only; do not subtract, rank, or select estimands by gain magnitude."
breach_probability__later_pooled,secondary_current_context_robustness,issued promise + purchase-time current context -> issued promise + purchase-time current context + held-fixed validated process profiles,breach_probability,later_pooled,logistic_l2,,seller,full,delta_top_10pct_lift,positive_is_better,0.2904802991,Supported,RQ3_current_context_order_evidence,analysis/order_breach_severity_v1/ORDER_BREACH_RESULTS.csv,db5ab43c2067a9947d4a5157fde34fc3a7a17f3be791b2f4019f28f56dfeb99f,"Side-by-side interpretive robustness only; do not subtract, rank, or select estimands by gain magnitude."
breach_probability__later_pooled,secondary_current_context_robustness,issued promise + purchase-time current context -> issued promise + purchase-time current context + held-fixed validated process profiles,breach_probability,later_pooled,logistic_l2,,state_od,full,delta_average_precision,positive_is_better,0.003997316916,Mixed,RQ3_current_context_order_evidence,analysis/order_breach_severity_v1/ORDER_BREACH_RESULTS.csv,db5ab43c2067a9947d4a5157fde34fc3a7a17f3be791b2f4019f28f56dfeb99f,"Side-by-side interpretive robustness only; do not subtract, rank, or select estimands by gain magnitude."
breach_probability__later_pooled,secondary_current_context_robustness,issued promise + purchase-time current context -> issued promise + purchase-time current context + held-fixed validated process profiles,breach_probability,later_pooled,logistic_l2,,state_od,full,delta_brier,negative_is_better,-0.0009920658157,Mixed,RQ3_current_context_order_evidence,analysis/order_breach_severity_v1/ORDER_BREACH_RESULTS.csv,db5ab43c2067a9947d4a5157fde34fc3a7a17f3be791b2f4019f28f56dfeb99f,"Side-by-side interpretive robustness only; do not subtract, rank, or select estimands by gain magnitude."
breach_probability__later_pooled,secondary_current_context_robustness,issued promise + purchase-time current context -> issued promise + purchase-time current context + held-fixed validated process profiles,breach_probability,later_pooled,logistic_l2,,state_od,full,delta_log_loss,negative_is_better,-0.015667546822,Mixed,RQ3_current_context_order_evidence,analysis/order_breach_severity_v1/ORDER_BREACH_RESULTS.csv,db5ab43c2067a9947d4a5157fde34fc3a7a17f3be791b2f4019f28f56dfeb99f,"Side-by-side interpretive robustness only; do not subtract, rank, or select estimands by gain magnitude."
breach_probability__later_pooled,secondary_current_context_robustness,issued promise + purchase-time current context -> issued promise + purchase-time current context + held-fixed validated process profiles,breach_probability,later_pooled,logistic_l2,,state_od,full,delta_roc_auc,positive_is_better,0.013851295522,Mixed,RQ3_current_context_order_evidence,analysis/order_breach_severity_v1/ORDER_BREACH_RESULTS.csv,db5ab43c2067a9947d4a5157fde34fc3a7a17f3be791b2f4019f28f56dfeb99f,"Side-by-side interpretive robustness only; do not subtract, rank, or select estimands by gain magnitude."
breach_probability__later_pooled,secondary_current_context_robustness,issued promise + purchase-time current context -> issued promise + purchase-time current context + held-fixed validated process profiles,breach_probability,later_pooled,logistic_l2,,state_od,full,delta_top_10pct_lift,positive_is_better,0.25309174575,Mixed,RQ3_current_context_order_evidence,analysis/order_breach_severity_v1/ORDER_BREACH_RESULTS.csv,db5ab43c2067a9947d4a5157fde34fc3a7a17f3be791b2f4019f28f56dfeb99f,"Side-by-side interpretive robustness only; do not subtract, rank, or select estimands by gain magnitude."
breach_probability__later_pooled,secondary_current_context_robustness,issued promise + purchase-time current context -> issued promise + purchase-time current context + held-fixed validated process profiles,breach_probability,later_pooled,xgboost,,both,full,delta_average_precision,positive_is_better,0.0025123427112,Supported,RQ3_current_context_order_evidence,analysis/order_breach_severity_v1/ORDER_BREACH_RESULTS.csv,db5ab43c2067a9947d4a5157fde34fc3a7a17f3be791b2f4019f28f56dfeb99f,"Side-by-side interpretive robustness only; do not subtract, rank, or select estimands by gain magnitude."
breach_probability__later_pooled,secondary_current_context_robustness,issued promise + purchase-time current context -> issued promise + purchase-time current context + held-fixed validated process profiles,breach_probability,later_pooled,xgboost,,both,full,delta_brier,negative_is_better,-0.0003027501906,Supported,RQ3_current_context_order_evidence,analysis/order_breach_severity_v1/ORDER_BREACH_RESULTS.csv,db5ab43c2067a9947d4a5157fde34fc3a7a17f3be791b2f4019f28f56dfeb99f,"Side-by-side interpretive robustness only; do not subtract, rank, or select estimands by gain magnitude."
breach_probability__later_pooled,secondary_current_context_robustness,issued promise + purchase-time current context -> issued promise + purchase-time current context + held-fixed validated process profiles,breach_probability,later_pooled,xgboost,,both,full,delta_log_loss,negative_is_better,-0.003044048011,Supported,RQ3_current_context_order_evidence,analysis/order_breach_severity_v1/ORDER_BREACH_RESULTS.csv,db5ab43c2067a9947d4a5157fde34fc3a7a17f3be791b2f4019f28f56dfeb99f,"Side-by-side interpretive robustness only; do not subtract, rank, or select estimands by gain magnitude."
breach_probability__later_pooled,secondary_current_context_robustness,issued promise + purchase-time current context -> issued promise + purchase-time current context + held-fixed validated process profiles,breach_probability,later_pooled,xgboost,,both,full,delta_roc_auc,positive_is_better,0.020810211669,Supported,RQ3_current_context_order_evidence,analysis/order_breach_severity_v1/ORDER_BREACH_RESULTS.csv,db5ab43c2067a9947d4a5157fde34fc3a7a17f3be791b2f4019f28f56dfeb99f,"Side-by-side interpretive robustness only; do not subtract, rank, or select estimands by gain magnitude."
breach_probability__later_pooled,secondary_current_context_robustness,issued promise + purchase-time current context -> issued promise + purchase-time current context + held-fixed validated process profiles,breach_probability,later_pooled,xgboost,,both,full,delta_top_10pct_lift,positive_is_better,0.04889272361,Supported,RQ3_current_context_order_evidence,analysis/order_breach_severity_v1/ORDER_BREACH_RESULTS.csv,db5ab43c2067a9947d4a5157fde34fc3a7a17f3be791b2f4019f28f56dfeb99f,"Side-by-side interpretive robustness only; do not subtract, rank, or select estimands by gain magnitude."
breach_probability__later_pooled,secondary_current_context_robustness,issued promise + purchase-time current context -> issued promise + purchase-time current context + held-fixed validated process profiles,breach_probability,later_pooled,xgboost,,seller,full,delta_average_precision,positive_is_better,-0.0020256173044,Mixed,RQ3_current_context_order_evidence,analysis/order_breach_severity_v1/ORDER_BREACH_RESULTS.csv,db5ab43c2067a9947d4a5157fde34fc3a7a17f3be791b2f4019f28f56dfeb99f,"Side-by-side interpretive robustness only; do not subtract, rank, or select estimands by gain magnitude."
breach_probability__later_pooled,secondary_current_context_robustness,issued promise + purchase-time current context -> issued promise + purchase-time current context + held-fixed validated process profiles,breach_probability,later_pooled,xgboost,,seller,full,delta_brier,negative_is_better,5.76686637e-05,Mixed,RQ3_current_context_order_evidence,analysis/order_breach_severity_v1/ORDER_BREACH_RESULTS.csv,db5ab43c2067a9947d4a5157fde34fc3a7a17f3be791b2f4019f28f56dfeb99f,"Side-by-side interpretive robustness only; do not subtract, rank, or select estimands by gain magnitude."
breach_probability__later_pooled,secondary_current_context_robustness,issued promise + purchase-time current context -> issued promise + purchase-time current context + held-fixed validated process profiles,breach_probability,later_pooled,xgboost,,seller,full,delta_log_loss,negative_is_better,0.00057324128,Mixed,RQ3_current_context_order_evidence,analysis/order_breach_severity_v1/ORDER_BREACH_RESULTS.csv,db5ab43c2067a9947d4a5157fde34fc3a7a17f3be791b2f4019f28f56dfeb99f,"Side-by-side interpretive robustness only; do not subtract, rank, or select estimands by gain magnitude."
breach_probability__later_pooled,secondary_current_context_robustness,issued promise + purchase-time current context -> issued promise + purchase-time current context + held-fixed validated process profiles,breach_probability,later_pooled,xgboost,,seller,full,delta_roc_auc,positive_is_better,-0.01158364387,Mixed,RQ3_current_context_order_evidence,analysis/order_breach_severity_v1/ORDER_BREACH_RESULTS.csv,db5ab43c2067a9947d4a5157fde34fc3a7a17f3be791b2f4019f28f56dfeb99f,"Side-by-side interpretive robustness only; do not subtract, rank, or select estimands by gain magnitude."
breach_probability__later_pooled,secondary_current_context_robustness,issued promise + purchase-time current context -> issued promise + purchase-time current context + held-fixed validated process profiles,breach_probability,later_pooled,xgboost,,seller,full,delta_top_10pct_lift,positive_is_better,-0.03163646822,Mixed,RQ3_current_context_order_evidence,analysis/order_breach_severity_v1/ORDER_BREACH_RESULTS.csv,db5ab43c2067a9947d4a5157fde34fc3a7a17f3be791b2f4019f28f56dfeb99f,"Side-by-side interpretive robustness only; do not subtract, rank, or select estimands by gain magnitude."
breach_probability__later_pooled,secondary_current_context_robustness,issued promise + purchase-time current context -> issued promise + purchase-time current context + held-fixed validated process profiles,breach_probability,later_pooled,xgboost,,state_od,full,delta_average_precision,positive_is_better,-0.0007932335675,Not-supported,RQ3_current_context_order_evidence,analysis/order_breach_severity_v1/ORDER_BREACH_RESULTS.csv,db5ab43c2067a9947d4a5157fde34fc3a7a17f3be791b2f4019f28f56dfeb99f,"Side-by-side interpretive robustness only; do not subtract, rank, or select estimands by gain magnitude."
breach_probability__later_pooled,secondary_current_context_robustness,issued promise + purchase-time current context -> issued promise + purchase-time current context + held-fixed validated process profiles,breach_probability,later_pooled,xgboost,,state_od,full,delta_brier,negative_is_better,-0.0001813858722,Not-supported,RQ3_current_context_order_evidence,analysis/order_breach_severity_v1/ORDER_BREACH_RESULTS.csv,db5ab43c2067a9947d4a5157fde34fc3a7a17f3be791b2f4019f28f56dfeb99f,"Side-by-side interpretive robustness only; do not subtract, rank, or select estimands by gain magnitude."
breach_probability__later_pooled,secondary_current_context_robustness,issued promise + purchase-time current context -> issued promise + purchase-time current context + held-fixed validated process profiles,breach_probability,later_pooled,xgboost,,state_od,full,delta_log_loss,negative_is_better,-0.001774874098,Not-supported,RQ3_current_context_order_evidence,analysis/order_breach_severity_v1/ORDER_BREACH_RESULTS.csv,db5ab43c2067a9947d4a5157fde34fc3a7a17f3be791b2f4019f28f56dfeb99f,"Side-by-side interpretive robustness only; do not subtract, rank, or select estimands by gain magnitude."
breach_probability__later_pooled,secondary_current_context_robustness,issued promise + purchase-time current context -> issued promise + purchase-time current context + held-fixed validated process profiles,breach_probability,later_pooled,xgboost,,state_od,full,delta_roc_auc,positive_is_better,0.004609660804,Not-supported,RQ3_current_context_order_evidence,analysis/order_breach_severity_v1/ORDER_BREACH_RESULTS.csv,db5ab43c2067a9947d4a5157fde34fc3a7a17f3be791b2f4019f28f56dfeb99f,"Side-by-side interpretive robustness only; do not subtract, rank, or select estimands by gain magnitude."
breach_probability__later_pooled,secondary_current_context_robustness,issued promise + purchase-time current context -> issued promise + purchase-time current context + held-fixed validated process profiles,breach_probability,later_pooled,xgboost,,state_od,full,delta_top_10pct_lift,positive_is_better,-0.16105838367,Not-supported,RQ3_current_context_order_evidence,analysis/order_breach_severity_v1/ORDER_BREACH_RESULTS.csv,db5ab43c2067a9947d4a5157fde34fc3a7a17f3be791b2f4019f28f56dfeb99f,"Side-by-side interpretive robustness only; do not subtract, rank, or select estimands by gain magnitude."
breach_probability__terminal_stress,primary_direct_operational_estimand,issued promise -> issued promise + held-fixed validated process profiles,breach_probability,terminal_stress,logistic_l2,,both,full,delta_brier,negative_is_better,0.00172389551105,Supported,RQ3_direct_order_evidence,analysis/direct_promise_profile_extension_v1/DIRECT_TERMINAL.csv,f35b32cbf386b74aa3b8d3a73a6d694fedd5d82313632b6453bee8d31aa93bb4,"July-August 2018 terminal-regime stress; not pooled with January-June, not used for selection, tuning, calibration selection, or evidence labels"
breach_probability__terminal_stress,primary_direct_operational_estimand,issued promise -> issued promise + held-fixed validated process profiles,breach_probability,terminal_stress,logistic_l2,,both,full,delta_log_loss,negative_is_better,0.001139292708,Supported,RQ3_direct_order_evidence,analysis/direct_promise_profile_extension_v1/DIRECT_TERMINAL.csv,f35b32cbf386b74aa3b8d3a73a6d694fedd5d82313632b6453bee8d31aa93bb4,"July-August 2018 terminal-regime stress; not pooled with January-June, not used for selection, tuning, calibration selection, or evidence labels"
breach_probability__terminal_stress,primary_direct_operational_estimand,issued promise -> issued promise + held-fixed validated process profiles,breach_probability,terminal_stress,logistic_l2,,seller,full,delta_brier,negative_is_better,-0.000401129012156,Supported,RQ3_direct_order_evidence,analysis/direct_promise_profile_extension_v1/DIRECT_TERMINAL.csv,f35b32cbf386b74aa3b8d3a73a6d694fedd5d82313632b6453bee8d31aa93bb4,"July-August 2018 terminal-regime stress; not pooled with January-June, not used for selection, tuning, calibration selection, or evidence labels"
breach_probability__terminal_stress,primary_direct_operational_estimand,issued promise -> issued promise + held-fixed validated process profiles,breach_probability,terminal_stress,logistic_l2,,seller,full,delta_log_loss,negative_is_better,-0.00434025359825,Supported,RQ3_direct_order_evidence,analysis/direct_promise_profile_extension_v1/DIRECT_TERMINAL.csv,f35b32cbf386b74aa3b8d3a73a6d694fedd5d82313632b6453bee8d31aa93bb4,"July-August 2018 terminal-regime stress; not pooled with January-June, not used for selection, tuning, calibration selection, or evidence labels"
breach_probability__terminal_stress,primary_direct_operational_estimand,issued promise -> issued promise + held-fixed validated process profiles,breach_probability,terminal_stress,logistic_l2,,state_od,full,delta_brier,negative_is_better,0.00332272711361,Mixed,RQ3_direct_order_evidence,analysis/direct_promise_profile_extension_v1/DIRECT_TERMINAL.csv,f35b32cbf386b74aa3b8d3a73a6d694fedd5d82313632b6453bee8d31aa93bb4,"July-August 2018 terminal-regime stress; not pooled with January-June, not used for selection, tuning, calibration selection, or evidence labels"
breach_probability__terminal_stress,primary_direct_operational_estimand,issued promise -> issued promise + held-fixed validated process profiles,breach_probability,terminal_stress,logistic_l2,,state_od,full,delta_log_loss,negative_is_better,0.0088503992877,Mixed,RQ3_direct_order_evidence,analysis/direct_promise_profile_extension_v1/DIRECT_TERMINAL.csv,f35b32cbf386b74aa3b8d3a73a6d694fedd5d82313632b6453bee8d31aa93bb4,"July-August 2018 terminal-regime stress; not pooled with January-June, not used for selection, tuning, calibration selection, or evidence labels"
breach_probability__terminal_stress,primary_direct_operational_estimand,issued promise -> issued promise + held-fixed validated process profiles,breach_probability,terminal_stress,xgboost,,both,full,delta_brier,negative_is_better,-2.75613391056e-05,Mixed,RQ3_direct_order_evidence,analysis/direct_promise_profile_extension_v1/DIRECT_TERMINAL.csv,f35b32cbf386b74aa3b8d3a73a6d694fedd5d82313632b6453bee8d31aa93bb4,"July-August 2018 terminal-regime stress; not pooled with January-June, not used for selection, tuning, calibration selection, or evidence labels"
breach_probability__terminal_stress,primary_direct_operational_estimand,issued promise -> issued promise + held-fixed validated process profiles,breach_probability,terminal_stress,xgboost,,both,full,delta_log_loss,negative_is_better,-0.000210621598063,Mixed,RQ3_direct_order_evidence,analysis/direct_promise_profile_extension_v1/DIRECT_TERMINAL.csv,f35b32cbf386b74aa3b8d3a73a6d694fedd5d82313632b6453bee8d31aa93bb4,"July-August 2018 terminal-regime stress; not pooled with January-June, not used for selection, tuning, calibration selection, or evidence labels"
breach_probability__terminal_stress,primary_direct_operational_estimand,issued promise -> issued promise + held-fixed validated process profiles,breach_probability,terminal_stress,xgboost,,seller,full,delta_brier,negative_is_better,4.25089211026e-06,Supported,RQ3_direct_order_evidence,analysis/direct_promise_profile_extension_v1/DIRECT_TERMINAL.csv,f35b32cbf386b74aa3b8d3a73a6d694fedd5d82313632b6453bee8d31aa93bb4,"July-August 2018 terminal-regime stress; not pooled with January-June, not used for selection, tuning, calibration selection, or evidence labels"
breach_probability__terminal_stress,primary_direct_operational_estimand,issued promise -> issued promise + held-fixed validated process profiles,breach_probability,terminal_stress,xgboost,,seller,full,delta_log_loss,negative_is_better,3.61881343718e-05,Supported,RQ3_direct_order_evidence,analysis/direct_promise_profile_extension_v1/DIRECT_TERMINAL.csv,f35b32cbf386b74aa3b8d3a73a6d694fedd5d82313632b6453bee8d31aa93bb4,"July-August 2018 terminal-regime stress; not pooled with January-June, not used for selection, tuning, calibration selection, or evidence labels"
breach_probability__terminal_stress,primary_direct_operational_estimand,issued promise -> issued promise + held-fixed validated process profiles,breach_probability,terminal_stress,xgboost,,state_od,full,delta_brier,negative_is_better,4.91026037959e-05,Mixed,RQ3_direct_order_evidence,analysis/direct_promise_profile_extension_v1/DIRECT_TERMINAL.csv,f35b32cbf386b74aa3b8d3a73a6d694fedd5d82313632b6453bee8d31aa93bb4,"July-August 2018 terminal-regime stress; not pooled with January-June, not used for selection, tuning, calibration selection, or evidence labels"
breach_probability__terminal_stress,primary_direct_operational_estimand,issued promise -> issued promise + held-fixed validated process profiles,breach_probability,terminal_stress,xgboost,,state_od,full,delta_log_loss,negative_is_better,0.000358236019415,Mixed,RQ3_direct_order_evidence,analysis/direct_promise_profile_extension_v1/DIRECT_TERMINAL.csv,f35b32cbf386b74aa3b8d3a73a6d694fedd5d82313632b6453bee8d31aa93bb4,"July-August 2018 terminal-regime stress; not pooled with January-June, not used for selection, tuning, calibration selection, or evidence labels"
breach_probability__terminal_stress,secondary_current_context_robustness,issued promise + purchase-time current context -> issued promise + purchase-time current context + held-fixed validated process profiles,breach_probability,terminal_stress,logistic_l2,,both,full,delta_brier,negative_is_better,0.000204733885302,Supported,RQ3_current_context_order_evidence,analysis/order_breach_severity_v1/ORDER_TERMINAL_STRESS.csv,2b86212e878d6a3c7129f080ee214f963acc0f1daaed50d431524bc55ddf6899,"July-August 2018 terminal-regime stress; not pooled with January-June, not used for selection, tuning, calibration selection, or evidence labels"
breach_probability__terminal_stress,secondary_current_context_robustness,issued promise + purchase-time current context -> issued promise + purchase-time current context + held-fixed validated process profiles,breach_probability,terminal_stress,logistic_l2,,both,full,delta_log_loss,negative_is_better,-0.00267699354639,Supported,RQ3_current_context_order_evidence,analysis/order_breach_severity_v1/ORDER_TERMINAL_STRESS.csv,2b86212e878d6a3c7129f080ee214f963acc0f1daaed50d431524bc55ddf6899,"July-August 2018 terminal-regime stress; not pooled with January-June, not used for selection, tuning, calibration selection, or evidence labels"
breach_probability__terminal_stress,secondary_current_context_robustness,issued promise + purchase-time current context -> issued promise + purchase-time current context + held-fixed validated process profiles,breach_probability,terminal_stress,logistic_l2,,seller,full,delta_brier,negative_is_better,-0.00135173819752,Supported,RQ3_current_context_order_evidence,analysis/order_breach_severity_v1/ORDER_TERMINAL_STRESS.csv,2b86212e878d6a3c7129f080ee214f963acc0f1daaed50d431524bc55ddf6899,"July-August 2018 terminal-regime stress; not pooled with January-June, not used for selection, tuning, calibration selection, or evidence labels"
breach_probability__terminal_stress,secondary_current_context_robustness,issued promise + purchase-time current context -> issued promise + purchase-time current context + held-fixed validated process profiles,breach_probability,terminal_stress,logistic_l2,,seller,full,delta_log_loss,negative_is_better,-0.00636532417328,Supported,RQ3_current_context_order_evidence,analysis/order_breach_severity_v1/ORDER_TERMINAL_STRESS.csv,2b86212e878d6a3c7129f080ee214f963acc0f1daaed50d431524bc55ddf6899,"July-August 2018 terminal-regime stress; not pooled with January-June, not used for selection, tuning, calibration selection, or evidence labels"
breach_probability__terminal_stress,secondary_current_context_robustness,issued promise + purchase-time current context -> issued promise + purchase-time current context + held-fixed validated process profiles,breach_probability,terminal_stress,logistic_l2,,state_od,full,delta_brier,negative_is_better,0.00180545672489,Mixed,RQ3_current_context_order_evidence,analysis/order_breach_severity_v1/ORDER_TERMINAL_STRESS.csv,2b86212e878d6a3c7129f080ee214f963acc0f1daaed50d431524bc55ddf6899,"July-August 2018 terminal-regime stress; not pooled with January-June, not used for selection, tuning, calibration selection, or evidence labels"
breach_probability__terminal_stress,secondary_current_context_robustness,issued promise + purchase-time current context -> issued promise + purchase-time current context + held-fixed validated process profiles,breach_probability,terminal_stress,logistic_l2,,state_od,full,delta_log_loss,negative_is_better,0.00416337550151,Mixed,RQ3_current_context_order_evidence,analysis/order_breach_severity_v1/ORDER_TERMINAL_STRESS.csv,2b86212e878d6a3c7129f080ee214f963acc0f1daaed50d431524bc55ddf6899,"July-August 2018 terminal-regime stress; not pooled with January-June, not used for selection, tuning, calibration selection, or evidence labels"
breach_probability__terminal_stress,secondary_current_context_robustness,issued promise + purchase-time current context -> issued promise + purchase-time current context + held-fixed validated process profiles,breach_probability,terminal_stress,xgboost,,both,full,delta_brier,negative_is_better,3.67070862033e-05,Supported,RQ3_current_context_order_evidence,analysis/order_breach_severity_v1/ORDER_TERMINAL_STRESS.csv,2b86212e878d6a3c7129f080ee214f963acc0f1daaed50d431524bc55ddf6899,"July-August 2018 terminal-regime stress; not pooled with January-June, not used for selection, tuning, calibration selection, or evidence labels"
breach_probability__terminal_stress,secondary_current_context_robustness,issued promise + purchase-time current context -> issued promise + purchase-time current context + held-fixed validated process profiles,breach_probability,terminal_stress,xgboost,,both,full,delta_log_loss,negative_is_better,0.000263905063604,Supported,RQ3_current_context_order_evidence,analysis/order_breach_severity_v1/ORDER_TERMINAL_STRESS.csv,2b86212e878d6a3c7129f080ee214f963acc0f1daaed50d431524bc55ddf6899,"July-August 2018 terminal-regime stress; not pooled with January-June, not used for selection, tuning, calibration selection, or evidence labels"
breach_probability__terminal_stress,secondary_current_context_robustness,issued promise + purchase-time current context -> issued promise + purchase-time current context + held-fixed validated process profiles,breach_probability,terminal_stress,xgboost,,seller,full,delta_brier,negative_is_better,-0.00010575624502,Mixed,RQ3_current_context_order_evidence,analysis/order_breach_severity_v1/ORDER_TERMINAL_STRESS.csv,2b86212e878d6a3c7129f080ee214f963acc0f1daaed50d431524bc55ddf6899,"July-August 2018 terminal-regime stress; not pooled with January-June, not used for selection, tuning, calibration selection, or evidence labels"
breach_probability__terminal_stress,secondary_current_context_robustness,issued promise + purchase-time current context -> issued promise + purchase-time current context + held-fixed validated process profiles,breach_probability,terminal_stress,xgboost,,seller,full,delta_log_loss,negative_is_better,-0.000817949000269,Mixed,RQ3_current_context_order_evidence,analysis/order_breach_severity_v1/ORDER_TERMINAL_STRESS.csv,2b86212e878d6a3c7129f080ee214f963acc0f1daaed50d431524bc55ddf6899,"July-August 2018 terminal-regime stress; not pooled with January-June, not used for selection, tuning, calibration selection, or evidence labels"
breach_probability__terminal_stress,secondary_current_context_robustness,issued promise + purchase-time current context -> issued promise + purchase-time current context + held-fixed validated process profiles,breach_probability,terminal_stress,xgboost,,state_od,full,delta_brier,negative_is_better,0.000169743358175,Not-supported,RQ3_current_context_order_evidence,analysis/order_breach_severity_v1/ORDER_TERMINAL_STRESS.csv,2b86212e878d6a3c7129f080ee214f963acc0f1daaed50d431524bc55ddf6899,"July-August 2018 terminal-regime stress; not pooled with January-June, not used for selection, tuning, calibration selection, or evidence labels"
breach_probability__terminal_stress,secondary_current_context_robustness,issued promise + purchase-time current context -> issued promise + purchase-time current context + held-fixed validated process profiles,breach_probability,terminal_stress,xgboost,,state_od,full,delta_log_loss,negative_is_better,0.00122424044968,Not-supported,RQ3_current_context_order_evidence,analysis/order_breach_severity_v1/ORDER_TERMINAL_STRESS.csv,2b86212e878d6a3c7129f080ee214f963acc0f1daaed50d431524bc55ddf6899,"July-August 2018 terminal-regime stress; not pooled with January-June, not used for selection, tuning, calibration selection, or evidence labels"
conditional_positive_lateness__later_monthly_median,primary_direct_operational_estimand,issued promise -> issued promise + held-fixed validated process profiles,conditional_positive_lateness,later_monthly_median,linear_quantile,0.5,both,full,favourable_month_count,larger_is_more_consistent,2,Not-supported,RQ3_direct_order_evidence,analysis/direct_promise_profile_extension_v1/EVIDENCE_LABELS.csv,fab159672c7bbf92ec74f4683a79a45de8cffe534a10ad7f61e29828270f84d8,"Side-by-side interpretive robustness only; do not subtract, rank, or select estimands by gain magnitude."
conditional_positive_lateness__later_monthly_median,primary_direct_operational_estimand,issued promise -> issued promise + held-fixed validated process profiles,conditional_positive_lateness,later_monthly_median,linear_quantile,0.5,both,full,pinball_skill,positive_is_better,-0.00174129588923,Not-supported,RQ3_direct_order_evidence,analysis/direct_promise_profile_extension_v1/EVIDENCE_LABELS.csv,fab159672c7bbf92ec74f4683a79a45de8cffe534a10ad7f61e29828270f84d8,"Side-by-side interpretive robustness only; do not subtract, rank, or select estimands by gain magnitude."
conditional_positive_lateness__later_monthly_median,primary_direct_operational_estimand,issued promise -> issued promise + held-fixed validated process profiles,conditional_positive_lateness,later_monthly_median,linear_quantile,0.5,seller,full,favourable_month_count,larger_is_more_consistent,3,Not-supported,RQ3_direct_order_evidence,analysis/direct_promise_profile_extension_v1/EVIDENCE_LABELS.csv,fab159672c7bbf92ec74f4683a79a45de8cffe534a10ad7f61e29828270f84d8,"Side-by-side interpretive robustness only; do not subtract, rank, or select estimands by gain magnitude."
conditional_positive_lateness__later_monthly_median,primary_direct_operational_estimand,issued promise -> issued promise + held-fixed validated process profiles,conditional_positive_lateness,later_monthly_median,linear_quantile,0.5,seller,full,pinball_skill,positive_is_better,0.000519832297006,Not-supported,RQ3_direct_order_evidence,analysis/direct_promise_profile_extension_v1/EVIDENCE_LABELS.csv,fab159672c7bbf92ec74f4683a79a45de8cffe534a10ad7f61e29828270f84d8,"Side-by-side interpretive robustness only; do not subtract, rank, or select estimands by gain magnitude."
conditional_positive_lateness__later_monthly_median,primary_direct_operational_estimand,issued promise -> issued promise + held-fixed validated process profiles,conditional_positive_lateness,later_monthly_median,linear_quantile,0.5,state_od,full,favourable_month_count,larger_is_more_consistent,3,Not-supported,RQ3_direct_order_evidence,analysis/direct_promise_profile_extension_v1/EVIDENCE_LABELS.csv,fab159672c7bbf92ec74f4683a79a45de8cffe534a10ad7f61e29828270f84d8,"Side-by-side interpretive robustness only; do not subtract, rank, or select estimands by gain magnitude."
conditional_positive_lateness__later_monthly_median,primary_direct_operational_estimand,issued promise -> issued promise + held-fixed validated process profiles,conditional_positive_lateness,later_monthly_median,linear_quantile,0.5,state_od,full,pinball_skill,positive_is_better,-0.00502930204561,Not-supported,RQ3_direct_order_evidence,analysis/direct_promise_profile_extension_v1/EVIDENCE_LABELS.csv,fab159672c7bbf92ec74f4683a79a45de8cffe534a10ad7f61e29828270f84d8,"Side-by-side interpretive robustness only; do not subtract, rank, or select estimands by gain magnitude."
conditional_positive_lateness__later_monthly_median,primary_direct_operational_estimand,issued promise -> issued promise + held-fixed validated process profiles,conditional_positive_lateness,later_monthly_median,linear_quantile,0.9,both,full,favourable_month_count,larger_is_more_consistent,1,Not-supported,RQ3_direct_order_evidence,analysis/direct_promise_profile_extension_v1/EVIDENCE_LABELS.csv,fab159672c7bbf92ec74f4683a79a45de8cffe534a10ad7f61e29828270f84d8,"Side-by-side interpretive robustness only; do not subtract, rank, or select estimands by gain magnitude."
conditional_positive_lateness__later_monthly_median,primary_direct_operational_estimand,issued promise -> issued promise + held-fixed validated process profiles,conditional_positive_lateness,later_monthly_median,linear_quantile,0.9,both,full,pinball_skill,positive_is_better,-0.00513196219554,Not-supported,RQ3_direct_order_evidence,analysis/direct_promise_profile_extension_v1/EVIDENCE_LABELS.csv,fab159672c7bbf92ec74f4683a79a45de8cffe534a10ad7f61e29828270f84d8,"Side-by-side interpretive robustness only; do not subtract, rank, or select estimands by gain magnitude."
conditional_positive_lateness__later_monthly_median,primary_direct_operational_estimand,issued promise -> issued promise + held-fixed validated process profiles,conditional_positive_lateness,later_monthly_median,linear_quantile,0.9,seller,full,favourable_month_count,larger_is_more_consistent,1,Not-supported,RQ3_direct_order_evidence,analysis/direct_promise_profile_extension_v1/EVIDENCE_LABELS.csv,fab159672c7bbf92ec74f4683a79a45de8cffe534a10ad7f61e29828270f84d8,"Side-by-side interpretive robustness only; do not subtract, rank, or select estimands by gain magnitude."
conditional_positive_lateness__later_monthly_median,primary_direct_operational_estimand,issued promise -> issued promise + held-fixed validated process profiles,conditional_positive_lateness,later_monthly_median,linear_quantile,0.9,seller,full,pinball_skill,positive_is_better,-0.00243285667054,Not-supported,RQ3_direct_order_evidence,analysis/direct_promise_profile_extension_v1/EVIDENCE_LABELS.csv,fab159672c7bbf92ec74f4683a79a45de8cffe534a10ad7f61e29828270f84d8,"Side-by-side interpretive robustness only; do not subtract, rank, or select estimands by gain magnitude."
conditional_positive_lateness__later_monthly_median,primary_direct_operational_estimand,issued promise -> issued promise + held-fixed validated process profiles,conditional_positive_lateness,later_monthly_median,linear_quantile,0.9,state_od,full,favourable_month_count,larger_is_more_consistent,3,Not-supported,RQ3_direct_order_evidence,analysis/direct_promise_profile_extension_v1/EVIDENCE_LABELS.csv,fab159672c7bbf92ec74f4683a79a45de8cffe534a10ad7f61e29828270f84d8,"Side-by-side interpretive robustness only; do not subtract, rank, or select estimands by gain magnitude."
conditional_positive_lateness__later_monthly_median,primary_direct_operational_estimand,issued promise -> issued promise + held-fixed validated process profiles,conditional_positive_lateness,later_monthly_median,linear_quantile,0.9,state_od,full,pinball_skill,positive_is_better,-0.00250912580818,Not-supported,RQ3_direct_order_evidence,analysis/direct_promise_profile_extension_v1/EVIDENCE_LABELS.csv,fab159672c7bbf92ec74f4683a79a45de8cffe534a10ad7f61e29828270f84d8,"Side-by-side interpretive robustness only; do not subtract, rank, or select estimands by gain magnitude."
conditional_positive_lateness__later_monthly_median,primary_direct_operational_estimand,issued promise -> issued promise + held-fixed validated process profiles,conditional_positive_lateness,later_monthly_median,xgboost_quantile,0.5,both,full,favourable_month_count,larger_is_more_consistent,2,Not-supported,RQ3_direct_order_evidence,analysis/direct_promise_profile_extension_v1/EVIDENCE_LABELS.csv,fab159672c7bbf92ec74f4683a79a45de8cffe534a10ad7f61e29828270f84d8,"Side-by-side interpretive robustness only; do not subtract, rank, or select estimands by gain magnitude."
conditional_positive_lateness__later_monthly_median,primary_direct_operational_estimand,issued promise -> issued promise + held-fixed validated process profiles,conditional_positive_lateness,later_monthly_median,xgboost_quantile,0.5,both,full,pinball_skill,positive_is_better,-0.000152139854368,Not-supported,RQ3_direct_order_evidence,analysis/direct_promise_profile_extension_v1/EVIDENCE_LABELS.csv,fab159672c7bbf92ec74f4683a79a45de8cffe534a10ad7f61e29828270f84d8,"Side-by-side interpretive robustness only; do not subtract, rank, or select estimands by gain magnitude."
conditional_positive_lateness__later_monthly_median,primary_direct_operational_estimand,issued promise -> issued promise + held-fixed validated process profiles,conditional_positive_lateness,later_monthly_median,xgboost_quantile,0.5,seller,full,favourable_month_count,larger_is_more_consistent,4,Not-supported,RQ3_direct_order_evidence,analysis/direct_promise_profile_extension_v1/EVIDENCE_LABELS.csv,fab159672c7bbf92ec74f4683a79a45de8cffe534a10ad7f61e29828270f84d8,"Side-by-side interpretive robustness only; do not subtract, rank, or select estimands by gain magnitude."
conditional_positive_lateness__later_monthly_median,primary_direct_operational_estimand,issued promise -> issued promise + held-fixed validated process profiles,conditional_positive_lateness,later_monthly_median,xgboost_quantile,0.5,seller,full,pinball_skill,positive_is_better,7.76680377993e-05,Not-supported,RQ3_direct_order_evidence,analysis/direct_promise_profile_extension_v1/EVIDENCE_LABELS.csv,fab159672c7bbf92ec74f4683a79a45de8cffe534a10ad7f61e29828270f84d8,"Side-by-side interpretive robustness only; do not subtract, rank, or select estimands by gain magnitude."
conditional_positive_lateness__later_monthly_median,primary_direct_operational_estimand,issued promise -> issued promise + held-fixed validated process profiles,conditional_positive_lateness,later_monthly_median,xgboost_quantile,0.5,state_od,full,favourable_month_count,larger_is_more_consistent,3,Not-supported,RQ3_direct_order_evidence,analysis/direct_promise_profile_extension_v1/EVIDENCE_LABELS.csv,fab159672c7bbf92ec74f4683a79a45de8cffe534a10ad7f61e29828270f84d8,"Side-by-side interpretive robustness only; do not subtract, rank, or select estimands by gain magnitude."
conditional_positive_lateness__later_monthly_median,primary_direct_operational_estimand,issued promise -> issued promise + held-fixed validated process profiles,conditional_positive_lateness,later_monthly_median,xgboost_quantile,0.5,state_od,full,pinball_skill,positive_is_better,1.90782815425e-05,Not-supported,RQ3_direct_order_evidence,analysis/direct_promise_profile_extension_v1/EVIDENCE_LABELS.csv,fab159672c7bbf92ec74f4683a79a45de8cffe534a10ad7f61e29828270f84d8,"Side-by-side interpretive robustness only; do not subtract, rank, or select estimands by gain magnitude."
conditional_positive_lateness__later_monthly_median,primary_direct_operational_estimand,issued promise -> issued promise + held-fixed validated process profiles,conditional_positive_lateness,later_monthly_median,xgboost_quantile,0.9,both,full,favourable_month_count,larger_is_more_consistent,2,Not-supported,RQ3_direct_order_evidence,analysis/direct_promise_profile_extension_v1/EVIDENCE_LABELS.csv,fab159672c7bbf92ec74f4683a79a45de8cffe534a10ad7f61e29828270f84d8,"Side-by-side interpretive robustness only; do not subtract, rank, or select estimands by gain magnitude."
conditional_positive_lateness__later_monthly_median,primary_direct_operational_estimand,issued promise -> issued promise + held-fixed validated process profiles,conditional_positive_lateness,later_monthly_median,xgboost_quantile,0.9,both,full,pinball_skill,positive_is_better,-0.00411813543947,Not-supported,RQ3_direct_order_evidence,analysis/direct_promise_profile_extension_v1/EVIDENCE_LABELS.csv,fab159672c7bbf92ec74f4683a79a45de8cffe534a10ad7f61e29828270f84d8,"Side-by-side interpretive robustness only; do not subtract, rank, or select estimands by gain magnitude."
conditional_positive_lateness__later_monthly_median,primary_direct_operational_estimand,issued promise -> issued promise + held-fixed validated process profiles,conditional_positive_lateness,later_monthly_median,xgboost_quantile,0.9,seller,full,favourable_month_count,larger_is_more_consistent,0,Not-supported,RQ3_direct_order_evidence,analysis/direct_promise_profile_extension_v1/EVIDENCE_LABELS.csv,fab159672c7bbf92ec74f4683a79a45de8cffe534a10ad7f61e29828270f84d8,"Side-by-side interpretive robustness only; do not subtract, rank, or select estimands by gain magnitude."
conditional_positive_lateness__later_monthly_median,primary_direct_operational_estimand,issued promise -> issued promise + held-fixed validated process profiles,conditional_positive_lateness,later_monthly_median,xgboost_quantile,0.9,seller,full,pinball_skill,positive_is_better,-0.00466230145562,Not-supported,RQ3_direct_order_evidence,analysis/direct_promise_profile_extension_v1/EVIDENCE_LABELS.csv,fab159672c7bbf92ec74f4683a79a45de8cffe534a10ad7f61e29828270f84d8,"Side-by-side interpretive robustness only; do not subtract, rank, or select estimands by gain magnitude."
conditional_positive_lateness__later_monthly_median,primary_direct_operational_estimand,issued promise -> issued promise + held-fixed validated process profiles,conditional_positive_lateness,later_monthly_median,xgboost_quantile,0.9,state_od,full,favourable_month_count,larger_is_more_consistent,2,Not-supported,RQ3_direct_order_evidence,analysis/direct_promise_profile_extension_v1/EVIDENCE_LABELS.csv,fab159672c7bbf92ec74f4683a79a45de8cffe534a10ad7f61e29828270f84d8,"Side-by-side interpretive robustness only; do not subtract, rank, or select estimands by gain magnitude."
conditional_positive_lateness__later_monthly_median,primary_direct_operational_estimand,issued promise -> issued promise + held-fixed validated process profiles,conditional_positive_lateness,later_monthly_median,xgboost_quantile,0.9,state_od,full,pinball_skill,positive_is_better,-0.00201792974276,Not-supported,RQ3_direct_order_evidence,analysis/direct_promise_profile_extension_v1/EVIDENCE_LABELS.csv,fab159672c7bbf92ec74f4683a79a45de8cffe534a10ad7f61e29828270f84d8,"Side-by-side interpretive robustness only; do not subtract, rank, or select estimands by gain magnitude."
conditional_positive_lateness__later_monthly_median,secondary_current_context_robustness,issued promise + purchase-time current context -> issued promise + purchase-time current context + held-fixed validated process profiles,conditional_positive_lateness,later_monthly_median,linear_quantile,0.5,both,full,favourable_month_count,larger_is_more_consistent,5,Supported,RQ3_current_context_order_evidence,analysis/order_breach_severity_v1/MODEL_COMPARISON_SUMMARY.csv,ec3bf91512465292759bfd5264a34d4a84f7c5b153d106fab9c8de1f5af9fcb0,"Side-by-side interpretive robustness only; do not subtract, rank, or select estimands by gain magnitude."
conditional_positive_lateness__later_monthly_median,secondary_current_context_robustness,issued promise + purchase-time current context -> issued promise + purchase-time current context + held-fixed validated process profiles,conditional_positive_lateness,later_monthly_median,linear_quantile,0.5,both,full,pinball_skill,positive_is_better,0.00355428573544,Supported,RQ3_current_context_order_evidence,analysis/order_breach_severity_v1/MODEL_COMPARISON_SUMMARY.csv,ec3bf91512465292759bfd5264a34d4a84f7c5b153d106fab9c8de1f5af9fcb0,"Side-by-side interpretive robustness only; do not subtract, rank, or select estimands by gain magnitude."
conditional_positive_lateness__later_monthly_median,secondary_current_context_robustness,issued promise + purchase-time current context -> issued promise + purchase-time current context + held-fixed validated process profiles,conditional_positive_lateness,later_monthly_median,linear_quantile,0.5,seller,full,favourable_month_count,larger_is_more_consistent,4,Not-supported,RQ3_current_context_order_evidence,analysis/order_breach_severity_v1/MODEL_COMPARISON_SUMMARY.csv,ec3bf91512465292759bfd5264a34d4a84f7c5b153d106fab9c8de1f5af9fcb0,"Side-by-side interpretive robustness only; do not subtract, rank, or select estimands by gain magnitude."
conditional_positive_lateness__later_monthly_median,secondary_current_context_robustness,issued promise + purchase-time current context -> issued promise + purchase-time current context + held-fixed validated process profiles,conditional_positive_lateness,later_monthly_median,linear_quantile,0.5,seller,full,pinball_skill,positive_is_better,0.0010547393104,Not-supported,RQ3_current_context_order_evidence,analysis/order_breach_severity_v1/MODEL_COMPARISON_SUMMARY.csv,ec3bf91512465292759bfd5264a34d4a84f7c5b153d106fab9c8de1f5af9fcb0,"Side-by-side interpretive robustness only; do not subtract, rank, or select estimands by gain magnitude."
conditional_positive_lateness__later_monthly_median,secondary_current_context_robustness,issued promise + purchase-time current context -> issued promise + purchase-time current context + held-fixed validated process profiles,conditional_positive_lateness,later_monthly_median,linear_quantile,0.5,state_od,full,favourable_month_count,larger_is_more_consistent,4,Supported,RQ3_current_context_order_evidence,analysis/order_breach_severity_v1/MODEL_COMPARISON_SUMMARY.csv,ec3bf91512465292759bfd5264a34d4a84f7c5b153d106fab9c8de1f5af9fcb0,"Side-by-side interpretive robustness only; do not subtract, rank, or select estimands by gain magnitude."
conditional_positive_lateness__later_monthly_median,secondary_current_context_robustness,issued promise + purchase-time current context -> issued promise + purchase-time current context + held-fixed validated process profiles,conditional_positive_lateness,later_monthly_median,linear_quantile,0.5,state_od,full,pinball_skill,positive_is_better,0.00239203453241,Supported,RQ3_current_context_order_evidence,analysis/order_breach_severity_v1/MODEL_COMPARISON_SUMMARY.csv,ec3bf91512465292759bfd5264a34d4a84f7c5b153d106fab9c8de1f5af9fcb0,"Side-by-side interpretive robustness only; do not subtract, rank, or select estimands by gain magnitude."
conditional_positive_lateness__later_monthly_median,secondary_current_context_robustness,issued promise + purchase-time current context -> issued promise + purchase-time current context + held-fixed validated process profiles,conditional_positive_lateness,later_monthly_median,linear_quantile,0.9,both,full,favourable_month_count,larger_is_more_consistent,3,Not-supported,RQ3_current_context_order_evidence,analysis/order_breach_severity_v1/MODEL_COMPARISON_SUMMARY.csv,ec3bf91512465292759bfd5264a34d4a84f7c5b153d106fab9c8de1f5af9fcb0,"Side-by-side interpretive robustness only; do not subtract, rank, or select estimands by gain magnitude."
conditional_positive_lateness__later_monthly_median,secondary_current_context_robustness,issued promise + purchase-time current context -> issued promise + purchase-time current context + held-fixed validated process profiles,conditional_positive_lateness,later_monthly_median,linear_quantile,0.9,both,full,pinball_skill,positive_is_better,-0.00142631663894,Not-supported,RQ3_current_context_order_evidence,analysis/order_breach_severity_v1/MODEL_COMPARISON_SUMMARY.csv,ec3bf91512465292759bfd5264a34d4a84f7c5b153d106fab9c8de1f5af9fcb0,"Side-by-side interpretive robustness only; do not subtract, rank, or select estimands by gain magnitude."
conditional_positive_lateness__later_monthly_median,secondary_current_context_robustness,issued promise + purchase-time current context -> issued promise + purchase-time current context + held-fixed validated process profiles,conditional_positive_lateness,later_monthly_median,linear_quantile,0.9,seller,full,favourable_month_count,larger_is_more_consistent,3,Not-supported,RQ3_current_context_order_evidence,analysis/order_breach_severity_v1/MODEL_COMPARISON_SUMMARY.csv,ec3bf91512465292759bfd5264a34d4a84f7c5b153d106fab9c8de1f5af9fcb0,"Side-by-side interpretive robustness only; do not subtract, rank, or select estimands by gain magnitude."
conditional_positive_lateness__later_monthly_median,secondary_current_context_robustness,issued promise + purchase-time current context -> issued promise + purchase-time current context + held-fixed validated process profiles,conditional_positive_lateness,later_monthly_median,linear_quantile,0.9,seller,full,pinball_skill,positive_is_better,-7.195817048e-05,Not-supported,RQ3_current_context_order_evidence,analysis/order_breach_severity_v1/MODEL_COMPARISON_SUMMARY.csv,ec3bf91512465292759bfd5264a34d4a84f7c5b153d106fab9c8de1f5af9fcb0,"Side-by-side interpretive robustness only; do not subtract, rank, or select estimands by gain magnitude."
conditional_positive_lateness__later_monthly_median,secondary_current_context_robustness,issued promise + purchase-time current context -> issued promise + purchase-time current context + held-fixed validated process profiles,conditional_positive_lateness,later_monthly_median,linear_quantile,0.9,state_od,full,favourable_month_count,larger_is_more_consistent,2,Not-supported,RQ3_current_context_order_evidence,analysis/order_breach_severity_v1/MODEL_COMPARISON_SUMMARY.csv,ec3bf91512465292759bfd5264a34d4a84f7c5b153d106fab9c8de1f5af9fcb0,"Side-by-side interpretive robustness only; do not subtract, rank, or select estimands by gain magnitude."
conditional_positive_lateness__later_monthly_median,secondary_current_context_robustness,issued promise + purchase-time current context -> issued promise + purchase-time current context + held-fixed validated process profiles,conditional_positive_lateness,later_monthly_median,linear_quantile,0.9,state_od,full,pinball_skill,positive_is_better,-0.000160302346599,Not-supported,RQ3_current_context_order_evidence,analysis/order_breach_severity_v1/MODEL_COMPARISON_SUMMARY.csv,ec3bf91512465292759bfd5264a34d4a84f7c5b153d106fab9c8de1f5af9fcb0,"Side-by-side interpretive robustness only; do not subtract, rank, or select estimands by gain magnitude."
conditional_positive_lateness__later_monthly_median,secondary_current_context_robustness,issued promise + purchase-time current context -> issued promise + purchase-time current context + held-fixed validated process profiles,conditional_positive_lateness,later_monthly_median,xgboost_quantile,0.5,both,full,favourable_month_count,larger_is_more_consistent,3,Not-supported,RQ3_current_context_order_evidence,analysis/order_breach_severity_v1/MODEL_COMPARISON_SUMMARY.csv,ec3bf91512465292759bfd5264a34d4a84f7c5b153d106fab9c8de1f5af9fcb0,"Side-by-side interpretive robustness only; do not subtract, rank, or select estimands by gain magnitude."
conditional_positive_lateness__later_monthly_median,secondary_current_context_robustness,issued promise + purchase-time current context -> issued promise + purchase-time current context + held-fixed validated process profiles,conditional_positive_lateness,later_monthly_median,xgboost_quantile,0.5,both,full,pinball_skill,positive_is_better,3.2443644232e-05,Not-supported,RQ3_current_context_order_evidence,analysis/order_breach_severity_v1/MODEL_COMPARISON_SUMMARY.csv,ec3bf91512465292759bfd5264a34d4a84f7c5b153d106fab9c8de1f5af9fcb0,"Side-by-side interpretive robustness only; do not subtract, rank, or select estimands by gain magnitude."
conditional_positive_lateness__later_monthly_median,secondary_current_context_robustness,issued promise + purchase-time current context -> issued promise + purchase-time current context + held-fixed validated process profiles,conditional_positive_lateness,later_monthly_median,xgboost_quantile,0.5,seller,full,favourable_month_count,larger_is_more_consistent,1,Not-supported,RQ3_current_context_order_evidence,analysis/order_breach_severity_v1/MODEL_COMPARISON_SUMMARY.csv,ec3bf91512465292759bfd5264a34d4a84f7c5b153d106fab9c8de1f5af9fcb0,"Side-by-side interpretive robustness only; do not subtract, rank, or select estimands by gain magnitude."
conditional_positive_lateness__later_monthly_median,secondary_current_context_robustness,issued promise + purchase-time current context -> issued promise + purchase-time current context + held-fixed validated process profiles,conditional_positive_lateness,later_monthly_median,xgboost_quantile,0.5,seller,full,pinball_skill,positive_is_better,-0.00124128367092,Not-supported,RQ3_current_context_order_evidence,analysis/order_breach_severity_v1/MODEL_COMPARISON_SUMMARY.csv,ec3bf91512465292759bfd5264a34d4a84f7c5b153d106fab9c8de1f5af9fcb0,"Side-by-side interpretive robustness only; do not subtract, rank, or select estimands by gain magnitude."
conditional_positive_lateness__later_monthly_median,secondary_current_context_robustness,issued promise + purchase-time current context -> issued promise + purchase-time current context + held-fixed validated process profiles,conditional_positive_lateness,later_monthly_median,xgboost_quantile,0.5,state_od,full,favourable_month_count,larger_is_more_consistent,3,Not-supported,RQ3_current_context_order_evidence,analysis/order_breach_severity_v1/MODEL_COMPARISON_SUMMARY.csv,ec3bf91512465292759bfd5264a34d4a84f7c5b153d106fab9c8de1f5af9fcb0,"Side-by-side interpretive robustness only; do not subtract, rank, or select estimands by gain magnitude."
conditional_positive_lateness__later_monthly_median,secondary_current_context_robustness,issued promise + purchase-time current context -> issued promise + purchase-time current context + held-fixed validated process profiles,conditional_positive_lateness,later_monthly_median,xgboost_quantile,0.5,state_od,full,pinball_skill,positive_is_better,-0.00172605882814,Not-supported,RQ3_current_context_order_evidence,analysis/order_breach_severity_v1/MODEL_COMPARISON_SUMMARY.csv,ec3bf91512465292759bfd5264a34d4a84f7c5b153d106fab9c8de1f5af9fcb0,"Side-by-side interpretive robustness only; do not subtract, rank, or select estimands by gain magnitude."
conditional_positive_lateness__later_monthly_median,secondary_current_context_robustness,issued promise + purchase-time current context -> issued promise + purchase-time current context + held-fixed validated process profiles,conditional_positive_lateness,later_monthly_median,xgboost_quantile,0.9,both,full,favourable_month_count,larger_is_more_consistent,3,Not-supported,RQ3_current_context_order_evidence,analysis/order_breach_severity_v1/MODEL_COMPARISON_SUMMARY.csv,ec3bf91512465292759bfd5264a34d4a84f7c5b153d106fab9c8de1f5af9fcb0,"Side-by-side interpretive robustness only; do not subtract, rank, or select estimands by gain magnitude."
conditional_positive_lateness__later_monthly_median,secondary_current_context_robustness,issued promise + purchase-time current context -> issued promise + purchase-time current context + held-fixed validated process profiles,conditional_positive_lateness,later_monthly_median,xgboost_quantile,0.9,both,full,pinball_skill,positive_is_better,0.0085608841926,Not-supported,RQ3_current_context_order_evidence,analysis/order_breach_severity_v1/MODEL_COMPARISON_SUMMARY.csv,ec3bf91512465292759bfd5264a34d4a84f7c5b153d106fab9c8de1f5af9fcb0,"Side-by-side interpretive robustness only; do not subtract, rank, or select estimands by gain magnitude."
conditional_positive_lateness__later_monthly_median,secondary_current_context_robustness,issued promise + purchase-time current context -> issued promise + purchase-time current context + held-fixed validated process profiles,conditional_positive_lateness,later_monthly_median,xgboost_quantile,0.9,seller,full,favourable_month_count,larger_is_more_consistent,4,Supported,RQ3_current_context_order_evidence,analysis/order_breach_severity_v1/MODEL_COMPARISON_SUMMARY.csv,ec3bf91512465292759bfd5264a34d4a84f7c5b153d106fab9c8de1f5af9fcb0,"Side-by-side interpretive robustness only; do not subtract, rank, or select estimands by gain magnitude."
conditional_positive_lateness__later_monthly_median,secondary_current_context_robustness,issued promise + purchase-time current context -> issued promise + purchase-time current context + held-fixed validated process profiles,conditional_positive_lateness,later_monthly_median,xgboost_quantile,0.9,seller,full,pinball_skill,positive_is_better,0.025480655672,Supported,RQ3_current_context_order_evidence,analysis/order_breach_severity_v1/MODEL_COMPARISON_SUMMARY.csv,ec3bf91512465292759bfd5264a34d4a84f7c5b153d106fab9c8de1f5af9fcb0,"Side-by-side interpretive robustness only; do not subtract, rank, or select estimands by gain magnitude."
conditional_positive_lateness__later_monthly_median,secondary_current_context_robustness,issued promise + purchase-time current context -> issued promise + purchase-time current context + held-fixed validated process profiles,conditional_positive_lateness,later_monthly_median,xgboost_quantile,0.9,state_od,full,favourable_month_count,larger_is_more_consistent,5,Supported,RQ3_current_context_order_evidence,analysis/order_breach_severity_v1/MODEL_COMPARISON_SUMMARY.csv,ec3bf91512465292759bfd5264a34d4a84f7c5b153d106fab9c8de1f5af9fcb0,"Side-by-side interpretive robustness only; do not subtract, rank, or select estimands by gain magnitude."
conditional_positive_lateness__later_monthly_median,secondary_current_context_robustness,issued promise + purchase-time current context -> issued promise + purchase-time current context + held-fixed validated process profiles,conditional_positive_lateness,later_monthly_median,xgboost_quantile,0.9,state_od,full,pinball_skill,positive_is_better,0.0265924816691,Supported,RQ3_current_context_order_evidence,analysis/order_breach_severity_v1/MODEL_COMPARISON_SUMMARY.csv,ec3bf91512465292759bfd5264a34d4a84f7c5b153d106fab9c8de1f5af9fcb0,"Side-by-side interpretive robustness only; do not subtract, rank, or select estimands by gain magnitude."
conditional_positive_lateness__later_pooled,primary_direct_operational_estimand,issued promise -> issued promise + held-fixed validated process profiles,conditional_positive_lateness,later_pooled,linear_quantile,0.5,both,full,pinball_skill,positive_is_better,0.00338555681427,Not-supported,RQ3_direct_order_evidence,analysis/direct_promise_profile_extension_v1/DIRECT_SEVERITY_POOLED.csv,db54493ee9448b55f9a31f4a1b70a43a30089dd6e48719299c7f8248273f63a7,"Side-by-side interpretive robustness only; do not subtract, rank, or select estimands by gain magnitude."
conditional_positive_lateness__later_pooled,primary_direct_operational_estimand,issued promise -> issued promise + held-fixed validated process profiles,conditional_positive_lateness,later_pooled,linear_quantile,0.5,seller,full,pinball_skill,positive_is_better,-0.000590484412013,Not-supported,RQ3_direct_order_evidence,analysis/direct_promise_profile_extension_v1/DIRECT_SEVERITY_POOLED.csv,db54493ee9448b55f9a31f4a1b70a43a30089dd6e48719299c7f8248273f63a7,"Side-by-side interpretive robustness only; do not subtract, rank, or select estimands by gain magnitude."
conditional_positive_lateness__later_pooled,primary_direct_operational_estimand,issued promise -> issued promise + held-fixed validated process profiles,conditional_positive_lateness,later_pooled,linear_quantile,0.5,state_od,full,pinball_skill,positive_is_better,0.000305762731997,Not-supported,RQ3_direct_order_evidence,analysis/direct_promise_profile_extension_v1/DIRECT_SEVERITY_POOLED.csv,db54493ee9448b55f9a31f4a1b70a43a30089dd6e48719299c7f8248273f63a7,"Side-by-side interpretive robustness only; do not subtract, rank, or select estimands by gain magnitude."
conditional_positive_lateness__later_pooled,primary_direct_operational_estimand,issued promise -> issued promise + held-fixed validated process profiles,conditional_positive_lateness,later_pooled,linear_quantile,0.9,both,full,coverage_error,closer_to_zero_is_better,-0.0291343111878,Not-supported,RQ3_direct_order_evidence,analysis/direct_promise_profile_extension_v1/DIRECT_SEVERITY_POOLED.csv,db54493ee9448b55f9a31f4a1b70a43a30089dd6e48719299c7f8248273f63a7,"Side-by-side interpretive robustness only; do not subtract, rank, or select estimands by gain magnitude."
conditional_positive_lateness__later_pooled,primary_direct_operational_estimand,issued promise -> issued promise + held-fixed validated process profiles,conditional_positive_lateness,later_pooled,linear_quantile,0.9,both,full,empirical_coverage,compare_with_nominal_quantile;not_a_guarantee,0.870865688812,Not-supported,RQ3_direct_order_evidence,analysis/direct_promise_profile_extension_v1/DIRECT_SEVERITY_POOLED.csv,db54493ee9448b55f9a31f4a1b70a43a30089dd6e48719299c7f8248273f63a7,"Side-by-side interpretive robustness only; do not subtract, rank, or select estimands by gain magnitude."
conditional_positive_lateness__later_pooled,primary_direct_operational_estimand,issued promise -> issued promise + held-fixed validated process profiles,conditional_positive_lateness,later_pooled,linear_quantile,0.9,both,full,pinball_skill,positive_is_better,-0.0049864029185,Not-supported,RQ3_direct_order_evidence,analysis/direct_promise_profile_extension_v1/DIRECT_SEVERITY_POOLED.csv,db54493ee9448b55f9a31f4a1b70a43a30089dd6e48719299c7f8248273f63a7,"Side-by-side interpretive robustness only; do not subtract, rank, or select estimands by gain magnitude."
conditional_positive_lateness__later_pooled,primary_direct_operational_estimand,issued promise -> issued promise + held-fixed validated process profiles,conditional_positive_lateness,later_pooled,linear_quantile,0.9,seller,full,coverage_error,closer_to_zero_is_better,-0.027121081392,Not-supported,RQ3_direct_order_evidence,analysis/direct_promise_profile_extension_v1/DIRECT_SEVERITY_POOLED.csv,db54493ee9448b55f9a31f4a1b70a43a30089dd6e48719299c7f8248273f63a7,"Side-by-side interpretive robustness only; do not subtract, rank, or select estimands by gain magnitude."
conditional_positive_lateness__later_pooled,primary_direct_operational_estimand,issued promise -> issued promise + held-fixed validated process profiles,conditional_positive_lateness,later_pooled,linear_quantile,0.9,seller,full,empirical_coverage,compare_with_nominal_quantile;not_a_guarantee,0.872878918608,Not-supported,RQ3_direct_order_evidence,analysis/direct_promise_profile_extension_v1/DIRECT_SEVERITY_POOLED.csv,db54493ee9448b55f9a31f4a1b70a43a30089dd6e48719299c7f8248273f63a7,"Side-by-side interpretive robustness only; do not subtract, rank, or select estimands by gain magnitude."
conditional_positive_lateness__later_pooled,primary_direct_operational_estimand,issued promise -> issued promise + held-fixed validated process profiles,conditional_positive_lateness,later_pooled,linear_quantile,0.9,seller,full,pinball_skill,positive_is_better,-0.00147458207781,Not-supported,RQ3_direct_order_evidence,analysis/direct_promise_profile_extension_v1/DIRECT_SEVERITY_POOLED.csv,db54493ee9448b55f9a31f4a1b70a43a30089dd6e48719299c7f8248273f63a7,"Side-by-side interpretive robustness only; do not subtract, rank, or select estimands by gain magnitude."
conditional_positive_lateness__later_pooled,primary_direct_operational_estimand,issued promise -> issued promise + held-fixed validated process profiles,conditional_positive_lateness,later_pooled,linear_quantile,0.9,state_od,full,coverage_error,closer_to_zero_is_better,-0.0248202473397,Not-supported,RQ3_direct_order_evidence,analysis/direct_promise_profile_extension_v1/DIRECT_SEVERITY_POOLED.csv,db54493ee9448b55f9a31f4a1b70a43a30089dd6e48719299c7f8248273f63a7,"Side-by-side interpretive robustness only; do not subtract, rank, or select estimands by gain magnitude."
conditional_positive_lateness__later_pooled,primary_direct_operational_estimand,issued promise -> issued promise + held-fixed validated process profiles,conditional_positive_lateness,later_pooled,linear_quantile,0.9,state_od,full,empirical_coverage,compare_with_nominal_quantile;not_a_guarantee,0.87517975266,Not-supported,RQ3_direct_order_evidence,analysis/direct_promise_profile_extension_v1/DIRECT_SEVERITY_POOLED.csv,db54493ee9448b55f9a31f4a1b70a43a30089dd6e48719299c7f8248273f63a7,"Side-by-side interpretive robustness only; do not subtract, rank, or select estimands by gain magnitude."
conditional_positive_lateness__later_pooled,primary_direct_operational_estimand,issued promise -> issued promise + held-fixed validated process profiles,conditional_positive_lateness,later_pooled,linear_quantile,0.9,state_od,full,pinball_skill,positive_is_better,-0.00414122253007,Not-supported,RQ3_direct_order_evidence,analysis/direct_promise_profile_extension_v1/DIRECT_SEVERITY_POOLED.csv,db54493ee9448b55f9a31f4a1b70a43a30089dd6e48719299c7f8248273f63a7,"Side-by-side interpretive robustness only; do not subtract, rank, or select estimands by gain magnitude."
conditional_positive_lateness__later_pooled,primary_direct_operational_estimand,issued promise -> issued promise + held-fixed validated process profiles,conditional_positive_lateness,later_pooled,xgboost_quantile,0.5,both,full,pinball_skill,positive_is_better,-0.000134960218281,Not-supported,RQ3_direct_order_evidence,analysis/direct_promise_profile_extension_v1/DIRECT_SEVERITY_POOLED.csv,db54493ee9448b55f9a31f4a1b70a43a30089dd6e48719299c7f8248273f63a7,"Side-by-side interpretive robustness only; do not subtract, rank, or select estimands by gain magnitude."
conditional_positive_lateness__later_pooled,primary_direct_operational_estimand,issued promise -> issued promise + held-fixed validated process profiles,conditional_positive_lateness,later_pooled,xgboost_quantile,0.5,seller,full,pinball_skill,positive_is_better,-9.65721240587e-05,Not-supported,RQ3_direct_order_evidence,analysis/direct_promise_profile_extension_v1/DIRECT_SEVERITY_POOLED.csv,db54493ee9448b55f9a31f4a1b70a43a30089dd6e48719299c7f8248273f63a7,"Side-by-side interpretive robustness only; do not subtract, rank, or select estimands by gain magnitude."
conditional_positive_lateness__later_pooled,primary_direct_operational_estimand,issued promise -> issued promise + held-fixed validated process profiles,conditional_positive_lateness,later_pooled,xgboost_quantile,0.5,state_od,full,pinball_skill,positive_is_better,0.000119965337629,Not-supported,RQ3_direct_order_evidence,analysis/direct_promise_profile_extension_v1/DIRECT_SEVERITY_POOLED.csv,db54493ee9448b55f9a31f4a1b70a43a30089dd6e48719299c7f8248273f63a7,"Side-by-side interpretive robustness only; do not subtract, rank, or select estimands by gain magnitude."
conditional_positive_lateness__later_pooled,primary_direct_operational_estimand,issued promise -> issued promise + held-fixed validated process profiles,conditional_positive_lateness,later_pooled,xgboost_quantile,0.9,both,full,coverage_error,closer_to_zero_is_better,-0.0294219154443,Not-supported,RQ3_direct_order_evidence,analysis/direct_promise_profile_extension_v1/DIRECT_SEVERITY_POOLED.csv,db54493ee9448b55f9a31f4a1b70a43a30089dd6e48719299c7f8248273f63a7,"Side-by-side interpretive robustness only; do not subtract, rank, or select estimands by gain magnitude."
conditional_positive_lateness__later_pooled,primary_direct_operational_estimand,issued promise -> issued promise + held-fixed validated process profiles,conditional_positive_lateness,later_pooled,xgboost_quantile,0.9,both,full,empirical_coverage,compare_with_nominal_quantile;not_a_guarantee,0.870578084556,Not-supported,RQ3_direct_order_evidence,analysis/direct_promise_profile_extension_v1/DIRECT_SEVERITY_POOLED.csv,db54493ee9448b55f9a31f4a1b70a43a30089dd6e48719299c7f8248273f63a7,"Side-by-side interpretive robustness only; do not subtract, rank, or select estimands by gain magnitude."
conditional_positive_lateness__later_pooled,primary_direct_operational_estimand,issued promise -> issued promise + held-fixed validated process profiles,conditional_positive_lateness,later_pooled,xgboost_quantile,0.9,both,full,pinball_skill,positive_is_better,-0.00283622681374,Not-supported,RQ3_direct_order_evidence,analysis/direct_promise_profile_extension_v1/DIRECT_SEVERITY_POOLED.csv,db54493ee9448b55f9a31f4a1b70a43a30089dd6e48719299c7f8248273f63a7,"Side-by-side interpretive robustness only; do not subtract, rank, or select estimands by gain magnitude."
conditional_positive_lateness__later_pooled,primary_direct_operational_estimand,issued promise -> issued promise + held-fixed validated process profiles,conditional_positive_lateness,later_pooled,xgboost_quantile,0.9,seller,full,coverage_error,closer_to_zero_is_better,-0.0320103537532,Not-supported,RQ3_direct_order_evidence,analysis/direct_promise_profile_extension_v1/DIRECT_SEVERITY_POOLED.csv,db54493ee9448b55f9a31f4a1b70a43a30089dd6e48719299c7f8248273f63a7,"Side-by-side interpretive robustness only; do not subtract, rank, or select estimands by gain magnitude."
conditional_positive_lateness__later_pooled,primary_direct_operational_estimand,issued promise -> issued promise + held-fixed validated process profiles,conditional_positive_lateness,later_pooled,xgboost_quantile,0.9,seller,full,empirical_coverage,compare_with_nominal_quantile;not_a_guarantee,0.867989646247,Not-supported,RQ3_direct_order_evidence,analysis/direct_promise_profile_extension_v1/DIRECT_SEVERITY_POOLED.csv,db54493ee9448b55f9a31f4a1b70a43a30089dd6e48719299c7f8248273f63a7,"Side-by-side interpretive robustness only; do not subtract, rank, or select estimands by gain magnitude."
conditional_positive_lateness__later_pooled,primary_direct_operational_estimand,issued promise -> issued promise + held-fixed validated process profiles,conditional_positive_lateness,later_pooled,xgboost_quantile,0.9,seller,full,pinball_skill,positive_is_better,-0.00495868462372,Not-supported,RQ3_direct_order_evidence,analysis/direct_promise_profile_extension_v1/DIRECT_SEVERITY_POOLED.csv,db54493ee9448b55f9a31f4a1b70a43a30089dd6e48719299c7f8248273f63a7,"Side-by-side interpretive robustness only; do not subtract, rank, or select estimands by gain magnitude."
conditional_positive_lateness__later_pooled,primary_direct_operational_estimand,issued promise -> issued promise + held-fixed validated process profiles,conditional_positive_lateness,later_pooled,xgboost_quantile,0.9,state_od,full,coverage_error,closer_to_zero_is_better,-0.027121081392,Not-supported,RQ3_direct_order_evidence,analysis/direct_promise_profile_extension_v1/DIRECT_SEVERITY_POOLED.csv,db54493ee9448b55f9a31f4a1b70a43a30089dd6e48719299c7f8248273f63a7,"Side-by-side interpretive robustness only; do not subtract, rank, or select estimands by gain magnitude."
conditional_positive_lateness__later_pooled,primary_direct_operational_estimand,issued promise -> issued promise + held-fixed validated process profiles,conditional_positive_lateness,later_pooled,xgboost_quantile,0.9,state_od,full,empirical_coverage,compare_with_nominal_quantile;not_a_guarantee,0.872878918608,Not-supported,RQ3_direct_order_evidence,analysis/direct_promise_profile_extension_v1/DIRECT_SEVERITY_POOLED.csv,db54493ee9448b55f9a31f4a1b70a43a30089dd6e48719299c7f8248273f63a7,"Side-by-side interpretive robustness only; do not subtract, rank, or select estimands by gain magnitude."
conditional_positive_lateness__later_pooled,primary_direct_operational_estimand,issued promise -> issued promise + held-fixed validated process profiles,conditional_positive_lateness,later_pooled,xgboost_quantile,0.9,state_od,full,pinball_skill,positive_is_better,0.00158808124833,Not-supported,RQ3_direct_order_evidence,analysis/direct_promise_profile_extension_v1/DIRECT_SEVERITY_POOLED.csv,db54493ee9448b55f9a31f4a1b70a43a30089dd6e48719299c7f8248273f63a7,"Side-by-side interpretive robustness only; do not subtract, rank, or select estimands by gain magnitude."
conditional_positive_lateness__later_pooled,secondary_current_context_robustness,issued promise + purchase-time current context -> issued promise + purchase-time current context + held-fixed validated process profiles,conditional_positive_lateness,later_pooled,linear_quantile,0.5,both,full,pinball_skill,positive_is_better,0.00406773067838,Supported,RQ3_current_context_order_evidence,analysis/order_breach_severity_v1/SEVERITY_RESULTS.csv,b008da0d00ff3cb56c34ef2cde92bc8f144e43a6deca6a064ed28614f8ab1fea,"Side-by-side interpretive robustness only; do not subtract, rank, or select estimands by gain magnitude."
conditional_positive_lateness__later_pooled,secondary_current_context_robustness,issued promise + purchase-time current context -> issued promise + purchase-time current context + held-fixed validated process profiles,conditional_positive_lateness,later_pooled,linear_quantile,0.5,seller,full,pinball_skill,positive_is_better,-0.000806869072197,Not-supported,RQ3_current_context_order_evidence,analysis/order_breach_severity_v1/SEVERITY_RESULTS.csv,b008da0d00ff3cb56c34ef2cde92bc8f144e43a6deca6a064ed28614f8ab1fea,"Side-by-side interpretive robustness only; do not subtract, rank, or select estimands by gain magnitude."
conditional_positive_lateness__later_pooled,secondary_current_context_robustness,issued promise + purchase-time current context -> issued promise + purchase-time current context + held-fixed validated process profiles,conditional_positive_lateness,later_pooled,linear_quantile,0.5,state_od,full,pinball_skill,positive_is_better,0.00440339601226,Supported,RQ3_current_context_order_evidence,analysis/order_breach_severity_v1/SEVERITY_RESULTS.csv,b008da0d00ff3cb56c34ef2cde92bc8f144e43a6deca6a064ed28614f8ab1fea,"Side-by-side interpretive robustness only; do not subtract, rank, or select estimands by gain magnitude."
conditional_positive_lateness__later_pooled,secondary_current_context_robustness,issued promise + purchase-time current context -> issued promise + purchase-time current context + held-fixed validated process profiles,conditional_positive_lateness,later_pooled,linear_quantile,0.9,both,full,coverage_error,closer_to_zero_is_better,-0.0265458728789,Not-supported,RQ3_current_context_order_evidence,analysis/order_breach_severity_v1/SEVERITY_RESULTS.csv,b008da0d00ff3cb56c34ef2cde92bc8f144e43a6deca6a064ed28614f8ab1fea,"Side-by-side interpretive robustness only; do not subtract, rank, or select estimands by gain magnitude."
conditional_positive_lateness__later_pooled,secondary_current_context_robustness,issued promise + purchase-time current context -> issued promise + purchase-time current context + held-fixed validated process profiles,conditional_positive_lateness,later_pooled,linear_quantile,0.9,both,full,empirical_coverage,compare_with_nominal_quantile;not_a_guarantee,0.873454127121,Not-supported,RQ3_current_context_order_evidence,analysis/order_breach_severity_v1/SEVERITY_RESULTS.csv,b008da0d00ff3cb56c34ef2cde92bc8f144e43a6deca6a064ed28614f8ab1fea,"Side-by-side interpretive robustness only; do not subtract, rank, or select estimands by gain magnitude."
conditional_positive_lateness__later_pooled,secondary_current_context_robustness,issued promise + purchase-time current context -> issued promise + purchase-time current context + held-fixed validated process profiles,conditional_positive_lateness,later_pooled,linear_quantile,0.9,both,full,pinball_skill,positive_is_better,-0.00526604700358,Not-supported,RQ3_current_context_order_evidence,analysis/order_breach_severity_v1/SEVERITY_RESULTS.csv,b008da0d00ff3cb56c34ef2cde92bc8f144e43a6deca6a064ed28614f8ab1fea,"Side-by-side interpretive robustness only; do not subtract, rank, or select estimands by gain magnitude."
conditional_positive_lateness__later_pooled,secondary_current_context_robustness,issued promise + purchase-time current context -> issued promise + purchase-time current context + held-fixed validated process profiles,conditional_positive_lateness,later_pooled,linear_quantile,0.9,seller,full,coverage_error,closer_to_zero_is_better,-0.0265458728789,Not-supported,RQ3_current_context_order_evidence,analysis/order_breach_severity_v1/SEVERITY_RESULTS.csv,b008da0d00ff3cb56c34ef2cde92bc8f144e43a6deca6a064ed28614f8ab1fea,"Side-by-side interpretive robustness only; do not subtract, rank, or select estimands by gain magnitude."
conditional_positive_lateness__later_pooled,secondary_current_context_robustness,issued promise + purchase-time current context -> issued promise + purchase-time current context + held-fixed validated process profiles,conditional_positive_lateness,later_pooled,linear_quantile,0.9,seller,full,empirical_coverage,compare_with_nominal_quantile;not_a_guarantee,0.873454127121,Not-supported,RQ3_current_context_order_evidence,analysis/order_breach_severity_v1/SEVERITY_RESULTS.csv,b008da0d00ff3cb56c34ef2cde92bc8f144e43a6deca6a064ed28614f8ab1fea,"Side-by-side interpretive robustness only; do not subtract, rank, or select estimands by gain magnitude."
conditional_positive_lateness__later_pooled,secondary_current_context_robustness,issued promise + purchase-time current context -> issued promise + purchase-time current context + held-fixed validated process profiles,conditional_positive_lateness,later_pooled,linear_quantile,0.9,seller,full,pinball_skill,positive_is_better,-0.00477338951014,Not-supported,RQ3_current_context_order_evidence,analysis/order_breach_severity_v1/SEVERITY_RESULTS.csv,b008da0d00ff3cb56c34ef2cde92bc8f144e43a6deca6a064ed28614f8ab1fea,"Side-by-side interpretive robustness only; do not subtract, rank, or select estimands by gain magnitude."
conditional_positive_lateness__later_pooled,secondary_current_context_robustness,issued promise + purchase-time current context -> issued promise + purchase-time current context + held-fixed validated process profiles,conditional_positive_lateness,later_pooled,linear_quantile,0.9,state_od,full,coverage_error,closer_to_zero_is_better,-0.0251078515962,Not-supported,RQ3_current_context_order_evidence,analysis/order_breach_severity_v1/SEVERITY_RESULTS.csv,b008da0d00ff3cb56c34ef2cde92bc8f144e43a6deca6a064ed28614f8ab1fea,"Side-by-side interpretive robustness only; do not subtract, rank, or select estimands by gain magnitude."
conditional_positive_lateness__later_pooled,secondary_current_context_robustness,issued promise + purchase-time current context -> issued promise + purchase-time current context + held-fixed validated process profiles,conditional_positive_lateness,later_pooled,linear_quantile,0.9,state_od,full,empirical_coverage,compare_with_nominal_quantile;not_a_guarantee,0.874892148404,Not-supported,RQ3_current_context_order_evidence,analysis/order_breach_severity_v1/SEVERITY_RESULTS.csv,b008da0d00ff3cb56c34ef2cde92bc8f144e43a6deca6a064ed28614f8ab1fea,"Side-by-side interpretive robustness only; do not subtract, rank, or select estimands by gain magnitude."
conditional_positive_lateness__later_pooled,secondary_current_context_robustness,issued promise + purchase-time current context -> issued promise + purchase-time current context + held-fixed validated process profiles,conditional_positive_lateness,later_pooled,linear_quantile,0.9,state_od,full,pinball_skill,positive_is_better,-0.00127908510495,Not-supported,RQ3_current_context_order_evidence,analysis/order_breach_severity_v1/SEVERITY_RESULTS.csv,b008da0d00ff3cb56c34ef2cde92bc8f144e43a6deca6a064ed28614f8ab1fea,"Side-by-side interpretive robustness only; do not subtract, rank, or select estimands by gain magnitude."
conditional_positive_lateness__later_pooled,secondary_current_context_robustness,issued promise + purchase-time current context -> issued promise + purchase-time current context + held-fixed validated process profiles,conditional_positive_lateness,later_pooled,xgboost_quantile,0.5,both,full,pinball_skill,positive_is_better,-0.00102690183191,Not-supported,RQ3_current_context_order_evidence,analysis/order_breach_severity_v1/SEVERITY_RESULTS.csv,b008da0d00ff3cb56c34ef2cde92bc8f144e43a6deca6a064ed28614f8ab1fea,"Side-by-side interpretive robustness only; do not subtract, rank, or select estimands by gain magnitude."
conditional_positive_lateness__later_pooled,secondary_current_context_robustness,issued promise + purchase-time current context -> issued promise + purchase-time current context + held-fixed validated process profiles,conditional_positive_lateness,later_pooled,xgboost_quantile,0.5,seller,full,pinball_skill,positive_is_better,-0.00218547148339,Not-supported,RQ3_current_context_order_evidence,analysis/order_breach_severity_v1/SEVERITY_RESULTS.csv,b008da0d00ff3cb56c34ef2cde92bc8f144e43a6deca6a064ed28614f8ab1fea,"Side-by-side interpretive robustness only; do not subtract, rank, or select estimands by gain magnitude."
conditional_positive_lateness__later_pooled,secondary_current_context_robustness,issued promise + purchase-time current context -> issued promise + purchase-time current context + held-fixed validated process profiles,conditional_positive_lateness,later_pooled,xgboost_quantile,0.5,state_od,full,pinball_skill,positive_is_better,-0.00316362243422,Not-supported,RQ3_current_context_order_evidence,analysis/order_breach_severity_v1/SEVERITY_RESULTS.csv,b008da0d00ff3cb56c34ef2cde92bc8f144e43a6deca6a064ed28614f8ab1fea,"Side-by-side interpretive robustness only; do not subtract, rank, or select estimands by gain magnitude."
conditional_positive_lateness__later_pooled,secondary_current_context_robustness,issued promise + purchase-time current context -> issued promise + purchase-time current context + held-fixed validated process profiles,conditional_positive_lateness,later_pooled,xgboost_quantile,0.9,both,full,coverage_error,closer_to_zero_is_better,-0.0228070175439,Not-supported,RQ3_current_context_order_evidence,analysis/order_breach_severity_v1/SEVERITY_RESULTS.csv,b008da0d00ff3cb56c34ef2cde92bc8f144e43a6deca6a064ed28614f8ab1fea,"Side-by-side interpretive robustness only; do not subtract, rank, or select estimands by gain magnitude."
conditional_positive_lateness__later_pooled,secondary_current_context_robustness,issued promise + purchase-time current context -> issued promise + purchase-time current context + held-fixed validated process profiles,conditional_positive_lateness,later_pooled,xgboost_quantile,0.9,both,full,empirical_coverage,compare_with_nominal_quantile;not_a_guarantee,0.877192982456,Not-supported,RQ3_current_context_order_evidence,analysis/order_breach_severity_v1/SEVERITY_RESULTS.csv,b008da0d00ff3cb56c34ef2cde92bc8f144e43a6deca6a064ed28614f8ab1fea,"Side-by-side interpretive robustness only; do not subtract, rank, or select estimands by gain magnitude."
conditional_positive_lateness__later_pooled,secondary_current_context_robustness,issued promise + purchase-time current context -> issued promise + purchase-time current context + held-fixed validated process profiles,conditional_positive_lateness,later_pooled,xgboost_quantile,0.9,both,full,pinball_skill,positive_is_better,0.0203986042315,Not-supported,RQ3_current_context_order_evidence,analysis/order_breach_severity_v1/SEVERITY_RESULTS.csv,b008da0d00ff3cb56c34ef2cde92bc8f144e43a6deca6a064ed28614f8ab1fea,"Side-by-side interpretive robustness only; do not subtract, rank, or select estimands by gain magnitude."
conditional_positive_lateness__later_pooled,secondary_current_context_robustness,issued promise + purchase-time current context -> issued promise + purchase-time current context + held-fixed validated process profiles,conditional_positive_lateness,later_pooled,xgboost_quantile,0.9,seller,full,coverage_error,closer_to_zero_is_better,-0.0262582686224,Supported,RQ3_current_context_order_evidence,analysis/order_breach_severity_v1/SEVERITY_RESULTS.csv,b008da0d00ff3cb56c34ef2cde92bc8f144e43a6deca6a064ed28614f8ab1fea,"Side-by-side interpretive robustness only; do not subtract, rank, or select estimands by gain magnitude."
conditional_positive_lateness__later_pooled,secondary_current_context_robustness,issued promise + purchase-time current context -> issued promise + purchase-time current context + held-fixed validated process profiles,conditional_positive_lateness,later_pooled,xgboost_quantile,0.9,seller,full,empirical_coverage,compare_with_nominal_quantile;not_a_guarantee,0.873741731378,Supported,RQ3_current_context_order_evidence,analysis/order_breach_severity_v1/SEVERITY_RESULTS.csv,b008da0d00ff3cb56c34ef2cde92bc8f144e43a6deca6a064ed28614f8ab1fea,"Side-by-side interpretive robustness only; do not subtract, rank, or select estimands by gain magnitude."
conditional_positive_lateness__later_pooled,secondary_current_context_robustness,issued promise + purchase-time current context -> issued promise + purchase-time current context + held-fixed validated process profiles,conditional_positive_lateness,later_pooled,xgboost_quantile,0.9,seller,full,pinball_skill,positive_is_better,0.0211621464082,Supported,RQ3_current_context_order_evidence,analysis/order_breach_severity_v1/SEVERITY_RESULTS.csv,b008da0d00ff3cb56c34ef2cde92bc8f144e43a6deca6a064ed28614f8ab1fea,"Side-by-side interpretive robustness only; do not subtract, rank, or select estimands by gain magnitude."
conditional_positive_lateness__later_pooled,secondary_current_context_robustness,issued promise + purchase-time current context -> issued promise + purchase-time current context + held-fixed validated process profiles,conditional_positive_lateness,later_pooled,xgboost_quantile,0.9,state_od,full,coverage_error,closer_to_zero_is_better,-0.0242450388266,Supported,RQ3_current_context_order_evidence,analysis/order_breach_severity_v1/SEVERITY_RESULTS.csv,b008da0d00ff3cb56c34ef2cde92bc8f144e43a6deca6a064ed28614f8ab1fea,"Side-by-side interpretive robustness only; do not subtract, rank, or select estimands by gain magnitude."
conditional_positive_lateness__later_pooled,secondary_current_context_robustness,issued promise + purchase-time current context -> issued promise + purchase-time current context + held-fixed validated process profiles,conditional_positive_lateness,later_pooled,xgboost_quantile,0.9,state_od,full,empirical_coverage,compare_with_nominal_quantile;not_a_guarantee,0.875754961173,Supported,RQ3_current_context_order_evidence,analysis/order_breach_severity_v1/SEVERITY_RESULTS.csv,b008da0d00ff3cb56c34ef2cde92bc8f144e43a6deca6a064ed28614f8ab1fea,"Side-by-side interpretive robustness only; do not subtract, rank, or select estimands by gain magnitude."
conditional_positive_lateness__later_pooled,secondary_current_context_robustness,issued promise + purchase-time current context -> issued promise + purchase-time current context + held-fixed validated process profiles,conditional_positive_lateness,later_pooled,xgboost_quantile,0.9,state_od,full,pinball_skill,positive_is_better,0.0317857349886,Supported,RQ3_current_context_order_evidence,analysis/order_breach_severity_v1/SEVERITY_RESULTS.csv,b008da0d00ff3cb56c34ef2cde92bc8f144e43a6deca6a064ed28614f8ab1fea,"Side-by-side interpretive robustness only; do not subtract, rank, or select estimands by gain magnitude."
conditional_positive_lateness__terminal_stress,primary_direct_operational_estimand,issued promise -> issued promise + held-fixed validated process profiles,conditional_positive_lateness,terminal_stress,linear_quantile,0.5,both,full,pinball_skill,positive_is_better,0.0233189898057,Not-supported,RQ3_direct_order_evidence,analysis/direct_promise_profile_extension_v1/DIRECT_TERMINAL.csv,f35b32cbf386b74aa3b8d3a73a6d694fedd5d82313632b6453bee8d31aa93bb4,"July-August 2018 terminal-regime stress; not pooled with January-June, not used for selection, tuning, calibration selection, or evidence labels"
conditional_positive_lateness__terminal_stress,primary_direct_operational_estimand,issued promise -> issued promise + held-fixed validated process profiles,conditional_positive_lateness,terminal_stress,linear_quantile,0.5,seller,full,pinball_skill,positive_is_better,-0.00905786835776,Not-supported,RQ3_direct_order_evidence,analysis/direct_promise_profile_extension_v1/DIRECT_TERMINAL.csv,f35b32cbf386b74aa3b8d3a73a6d694fedd5d82313632b6453bee8d31aa93bb4,"July-August 2018 terminal-regime stress; not pooled with January-June, not used for selection, tuning, calibration selection, or evidence labels"
conditional_positive_lateness__terminal_stress,primary_direct_operational_estimand,issued promise -> issued promise + held-fixed validated process profiles,conditional_positive_lateness,terminal_stress,linear_quantile,0.5,state_od,full,pinball_skill,positive_is_better,0.0258682877663,Not-supported,RQ3_direct_order_evidence,analysis/direct_promise_profile_extension_v1/DIRECT_TERMINAL.csv,f35b32cbf386b74aa3b8d3a73a6d694fedd5d82313632b6453bee8d31aa93bb4,"July-August 2018 terminal-regime stress; not pooled with January-June, not used for selection, tuning, calibration selection, or evidence labels"
conditional_positive_lateness__terminal_stress,primary_direct_operational_estimand,issued promise -> issued promise + held-fixed validated process profiles,conditional_positive_lateness,terminal_stress,linear_quantile,0.9,both,full,coverage_error,closer_to_zero_is_better,0.0600665557404,Not-supported,RQ3_direct_order_evidence,analysis/direct_promise_profile_extension_v1/DIRECT_TERMINAL.csv,f35b32cbf386b74aa3b8d3a73a6d694fedd5d82313632b6453bee8d31aa93bb4,"July-August 2018 terminal-regime stress; not pooled with January-June, not used for selection, tuning, calibration selection, or evidence labels"
conditional_positive_lateness__terminal_stress,primary_direct_operational_estimand,issued promise -> issued promise + held-fixed validated process profiles,conditional_positive_lateness,terminal_stress,linear_quantile,0.9,both,full,empirical_coverage,compare_with_nominal_quantile;not_a_guarantee,0.96006655574,Not-supported,RQ3_direct_order_evidence,analysis/direct_promise_profile_extension_v1/DIRECT_TERMINAL.csv,f35b32cbf386b74aa3b8d3a73a6d694fedd5d82313632b6453bee8d31aa93bb4,"July-August 2018 terminal-regime stress; not pooled with January-June, not used for selection, tuning, calibration selection, or evidence labels"
conditional_positive_lateness__terminal_stress,primary_direct_operational_estimand,issued promise -> issued promise + held-fixed validated process profiles,conditional_positive_lateness,terminal_stress,linear_quantile,0.9,both,full,pinball_skill,positive_is_better,0.0275826136427,Not-supported,RQ3_direct_order_evidence,analysis/direct_promise_profile_extension_v1/DIRECT_TERMINAL.csv,f35b32cbf386b74aa3b8d3a73a6d694fedd5d82313632b6453bee8d31aa93bb4,"July-August 2018 terminal-regime stress; not pooled with January-June, not used for selection, tuning, calibration selection, or evidence labels"
conditional_positive_lateness__terminal_stress,primary_direct_operational_estimand,issued promise -> issued promise + held-fixed validated process profiles,conditional_positive_lateness,terminal_stress,linear_quantile,0.9,seller,full,coverage_error,closer_to_zero_is_better,0.0600665557404,Not-supported,RQ3_direct_order_evidence,analysis/direct_promise_profile_extension_v1/DIRECT_TERMINAL.csv,f35b32cbf386b74aa3b8d3a73a6d694fedd5d82313632b6453bee8d31aa93bb4,"July-August 2018 terminal-regime stress; not pooled with January-June, not used for selection, tuning, calibration selection, or evidence labels"
conditional_positive_lateness__terminal_stress,primary_direct_operational_estimand,issued promise -> issued promise + held-fixed validated process profiles,conditional_positive_lateness,terminal_stress,linear_quantile,0.9,seller,full,empirical_coverage,compare_with_nominal_quantile;not_a_guarantee,0.96006655574,Not-supported,RQ3_direct_order_evidence,analysis/direct_promise_profile_extension_v1/DIRECT_TERMINAL.csv,f35b32cbf386b74aa3b8d3a73a6d694fedd5d82313632b6453bee8d31aa93bb4,"July-August 2018 terminal-regime stress; not pooled with January-June, not used for selection, tuning, calibration selection, or evidence labels"
conditional_positive_lateness__terminal_stress,primary_direct_operational_estimand,issued promise -> issued promise + held-fixed validated process profiles,conditional_positive_lateness,terminal_stress,linear_quantile,0.9,seller,full,pinball_skill,positive_is_better,-0.00250784662868,Not-supported,RQ3_direct_order_evidence,analysis/direct_promise_profile_extension_v1/DIRECT_TERMINAL.csv,f35b32cbf386b74aa3b8d3a73a6d694fedd5d82313632b6453bee8d31aa93bb4,"July-August 2018 terminal-regime stress; not pooled with January-June, not used for selection, tuning, calibration selection, or evidence labels"
conditional_positive_lateness__terminal_stress,primary_direct_operational_estimand,issued promise -> issued promise + held-fixed validated process profiles,conditional_positive_lateness,terminal_stress,linear_quantile,0.9,state_od,full,coverage_error,closer_to_zero_is_better,0.0600665557404,Not-supported,RQ3_direct_order_evidence,analysis/direct_promise_profile_extension_v1/DIRECT_TERMINAL.csv,f35b32cbf386b74aa3b8d3a73a6d694fedd5d82313632b6453bee8d31aa93bb4,"July-August 2018 terminal-regime stress; not pooled with January-June, not used for selection, tuning, calibration selection, or evidence labels"
conditional_positive_lateness__terminal_stress,primary_direct_operational_estimand,issued promise -> issued promise + held-fixed validated process profiles,conditional_positive_lateness,terminal_stress,linear_quantile,0.9,state_od,full,empirical_coverage,compare_with_nominal_quantile;not_a_guarantee,0.96006655574,Not-supported,RQ3_direct_order_evidence,analysis/direct_promise_profile_extension_v1/DIRECT_TERMINAL.csv,f35b32cbf386b74aa3b8d3a73a6d694fedd5d82313632b6453bee8d31aa93bb4,"July-August 2018 terminal-regime stress; not pooled with January-June, not used for selection, tuning, calibration selection, or evidence labels"
conditional_positive_lateness__terminal_stress,primary_direct_operational_estimand,issued promise -> issued promise + held-fixed validated process profiles,conditional_positive_lateness,terminal_stress,linear_quantile,0.9,state_od,full,pinball_skill,positive_is_better,0.0369415735021,Not-supported,RQ3_direct_order_evidence,analysis/direct_promise_profile_extension_v1/DIRECT_TERMINAL.csv,f35b32cbf386b74aa3b8d3a73a6d694fedd5d82313632b6453bee8d31aa93bb4,"July-August 2018 terminal-regime stress; not pooled with January-June, not used for selection, tuning, calibration selection, or evidence labels"
conditional_positive_lateness__terminal_stress,primary_direct_operational_estimand,issued promise -> issued promise + held-fixed validated process profiles,conditional_positive_lateness,terminal_stress,xgboost_quantile,0.5,both,full,pinball_skill,positive_is_better,-0.0037987710822,Not-supported,RQ3_direct_order_evidence,analysis/direct_promise_profile_extension_v1/DIRECT_TERMINAL.csv,f35b32cbf386b74aa3b8d3a73a6d694fedd5d82313632b6453bee8d31aa93bb4,"July-August 2018 terminal-regime stress; not pooled with January-June, not used for selection, tuning, calibration selection, or evidence labels"
conditional_positive_lateness__terminal_stress,primary_direct_operational_estimand,issued promise -> issued promise + held-fixed validated process profiles,conditional_positive_lateness,terminal_stress,xgboost_quantile,0.5,seller,full,pinball_skill,positive_is_better,-0.000350163567186,Not-supported,RQ3_direct_order_evidence,analysis/direct_promise_profile_extension_v1/DIRECT_TERMINAL.csv,f35b32cbf386b74aa3b8d3a73a6d694fedd5d82313632b6453bee8d31aa93bb4,"July-August 2018 terminal-regime stress; not pooled with January-June, not used for selection, tuning, calibration selection, or evidence labels"
conditional_positive_lateness__terminal_stress,primary_direct_operational_estimand,issued promise -> issued promise + held-fixed validated process profiles,conditional_positive_lateness,terminal_stress,xgboost_quantile,0.5,state_od,full,pinball_skill,positive_is_better,-0.00149085249672,Not-supported,RQ3_direct_order_evidence,analysis/direct_promise_profile_extension_v1/DIRECT_TERMINAL.csv,f35b32cbf386b74aa3b8d3a73a6d694fedd5d82313632b6453bee8d31aa93bb4,"July-August 2018 terminal-regime stress; not pooled with January-June, not used for selection, tuning, calibration selection, or evidence labels"
conditional_positive_lateness__terminal_stress,primary_direct_operational_estimand,issued promise -> issued promise + held-fixed validated process profiles,conditional_positive_lateness,terminal_stress,xgboost_quantile,0.9,both,full,coverage_error,closer_to_zero_is_better,0.0667221297837,Not-supported,RQ3_direct_order_evidence,analysis/direct_promise_profile_extension_v1/DIRECT_TERMINAL.csv,f35b32cbf386b74aa3b8d3a73a6d694fedd5d82313632b6453bee8d31aa93bb4,"July-August 2018 terminal-regime stress; not pooled with January-June, not used for selection, tuning, calibration selection, or evidence labels"
conditional_positive_lateness__terminal_stress,primary_direct_operational_estimand,issued promise -> issued promise + held-fixed validated process profiles,conditional_positive_lateness,terminal_stress,xgboost_quantile,0.9,both,full,empirical_coverage,compare_with_nominal_quantile;not_a_guarantee,0.966722129784,Not-supported,RQ3_direct_order_evidence,analysis/direct_promise_profile_extension_v1/DIRECT_TERMINAL.csv,f35b32cbf386b74aa3b8d3a73a6d694fedd5d82313632b6453bee8d31aa93bb4,"July-August 2018 terminal-regime stress; not pooled with January-June, not used for selection, tuning, calibration selection, or evidence labels"
conditional_positive_lateness__terminal_stress,primary_direct_operational_estimand,issued promise -> issued promise + held-fixed validated process profiles,conditional_positive_lateness,terminal_stress,xgboost_quantile,0.9,both,full,pinball_skill,positive_is_better,-0.0334498341338,Not-supported,RQ3_direct_order_evidence,analysis/direct_promise_profile_extension_v1/DIRECT_TERMINAL.csv,f35b32cbf386b74aa3b8d3a73a6d694fedd5d82313632b6453bee8d31aa93bb4,"July-August 2018 terminal-regime stress; not pooled with January-June, not used for selection, tuning, calibration selection, or evidence labels"
conditional_positive_lateness__terminal_stress,primary_direct_operational_estimand,issued promise -> issued promise + held-fixed validated process profiles,conditional_positive_lateness,terminal_stress,xgboost_quantile,0.9,seller,full,coverage_error,closer_to_zero_is_better,0.0667221297837,Not-supported,RQ3_direct_order_evidence,analysis/direct_promise_profile_extension_v1/DIRECT_TERMINAL.csv,f35b32cbf386b74aa3b8d3a73a6d694fedd5d82313632b6453bee8d31aa93bb4,"July-August 2018 terminal-regime stress; not pooled with January-June, not used for selection, tuning, calibration selection, or evidence labels"
conditional_positive_lateness__terminal_stress,primary_direct_operational_estimand,issued promise -> issued promise + held-fixed validated process profiles,conditional_positive_lateness,terminal_stress,xgboost_quantile,0.9,seller,full,empirical_coverage,compare_with_nominal_quantile;not_a_guarantee,0.966722129784,Not-supported,RQ3_direct_order_evidence,analysis/direct_promise_profile_extension_v1/DIRECT_TERMINAL.csv,f35b32cbf386b74aa3b8d3a73a6d694fedd5d82313632b6453bee8d31aa93bb4,"July-August 2018 terminal-regime stress; not pooled with January-June, not used for selection, tuning, calibration selection, or evidence labels"
conditional_positive_lateness__terminal_stress,primary_direct_operational_estimand,issued promise -> issued promise + held-fixed validated process profiles,conditional_positive_lateness,terminal_stress,xgboost_quantile,0.9,seller,full,pinball_skill,positive_is_better,-0.0454226588737,Not-supported,RQ3_direct_order_evidence,analysis/direct_promise_profile_extension_v1/DIRECT_TERMINAL.csv,f35b32cbf386b74aa3b8d3a73a6d694fedd5d82313632b6453bee8d31aa93bb4,"July-August 2018 terminal-regime stress; not pooled with January-June, not used for selection, tuning, calibration selection, or evidence labels"
conditional_positive_lateness__terminal_stress,primary_direct_operational_estimand,issued promise -> issued promise + held-fixed validated process profiles,conditional_positive_lateness,terminal_stress,xgboost_quantile,0.9,state_od,full,coverage_error,closer_to_zero_is_better,0.0650582362729,Not-supported,RQ3_direct_order_evidence,analysis/direct_promise_profile_extension_v1/DIRECT_TERMINAL.csv,f35b32cbf386b74aa3b8d3a73a6d694fedd5d82313632b6453bee8d31aa93bb4,"July-August 2018 terminal-regime stress; not pooled with January-June, not used for selection, tuning, calibration selection, or evidence labels"
conditional_positive_lateness__terminal_stress,primary_direct_operational_estimand,issued promise -> issued promise + held-fixed validated process profiles,conditional_positive_lateness,terminal_stress,xgboost_quantile,0.9,state_od,full,empirical_coverage,compare_with_nominal_quantile;not_a_guarantee,0.965058236273,Not-supported,RQ3_direct_order_evidence,analysis/direct_promise_profile_extension_v1/DIRECT_TERMINAL.csv,f35b32cbf386b74aa3b8d3a73a6d694fedd5d82313632b6453bee8d31aa93bb4,"July-August 2018 terminal-regime stress; not pooled with January-June, not used for selection, tuning, calibration selection, or evidence labels"
conditional_positive_lateness__terminal_stress,primary_direct_operational_estimand,issued promise -> issued promise + held-fixed validated process profiles,conditional_positive_lateness,terminal_stress,xgboost_quantile,0.9,state_od,full,pinball_skill,positive_is_better,-0.0295372832558,Not-supported,RQ3_direct_order_evidence,analysis/direct_promise_profile_extension_v1/DIRECT_TERMINAL.csv,f35b32cbf386b74aa3b8d3a73a6d694fedd5d82313632b6453bee8d31aa93bb4,"July-August 2018 terminal-regime stress; not pooled with January-June, not used for selection, tuning, calibration selection, or evidence labels"
conditional_positive_lateness__terminal_stress,secondary_current_context_robustness,issued promise + purchase-time current context -> issued promise + purchase-time current context + held-fixed validated process profiles,conditional_positive_lateness,terminal_stress,linear_quantile,0.5,both,full,pinball_skill,positive_is_better,0.00380362551617,Supported,RQ3_current_context_order_evidence,analysis/order_breach_severity_v1/ORDER_TERMINAL_STRESS.csv,2b86212e878d6a3c7129f080ee214f963acc0f1daaed50d431524bc55ddf6899,"July-August 2018 terminal-regime stress; not pooled with January-June, not used for selection, tuning, calibration selection, or evidence labels"
conditional_positive_lateness__terminal_stress,secondary_current_context_robustness,issued promise + purchase-time current context -> issued promise + purchase-time current context + held-fixed validated process profiles,conditional_positive_lateness,terminal_stress,linear_quantile,0.5,seller,full,pinball_skill,positive_is_better,0.000492512914903,Not-supported,RQ3_current_context_order_evidence,analysis/order_breach_severity_v1/ORDER_TERMINAL_STRESS.csv,2b86212e878d6a3c7129f080ee214f963acc0f1daaed50d431524bc55ddf6899,"July-August 2018 terminal-regime stress; not pooled with January-June, not used for selection, tuning, calibration selection, or evidence labels"
conditional_positive_lateness__terminal_stress,secondary_current_context_robustness,issued promise + purchase-time current context -> issued promise + purchase-time current context + held-fixed validated process profiles,conditional_positive_lateness,terminal_stress,linear_quantile,0.5,state_od,full,pinball_skill,positive_is_better,-0.000702390138575,Supported,RQ3_current_context_order_evidence,analysis/order_breach_severity_v1/ORDER_TERMINAL_STRESS.csv,2b86212e878d6a3c7129f080ee214f963acc0f1daaed50d431524bc55ddf6899,"July-August 2018 terminal-regime stress; not pooled with January-June, not used for selection, tuning, calibration selection, or evidence labels"
conditional_positive_lateness__terminal_stress,secondary_current_context_robustness,issued promise + purchase-time current context -> issued promise + purchase-time current context + held-fixed validated process profiles,conditional_positive_lateness,terminal_stress,linear_quantile,0.9,both,full,empirical_coverage,compare_with_nominal_quantile;not_a_guarantee,0.95840266223,Not-supported,RQ3_current_context_order_evidence,analysis/order_breach_severity_v1/SEVERITY_RESULTS.csv,b008da0d00ff3cb56c34ef2cde92bc8f144e43a6deca6a064ed28614f8ab1fea,"July-August 2018 terminal-regime stress; not pooled with January-June, not used for selection, tuning, calibration selection, or evidence labels"
conditional_positive_lateness__terminal_stress,secondary_current_context_robustness,issued promise + purchase-time current context -> issued promise + purchase-time current context + held-fixed validated process profiles,conditional_positive_lateness,terminal_stress,linear_quantile,0.9,both,full,pinball_skill,positive_is_better,-0.00329719866355,Not-supported,RQ3_current_context_order_evidence,analysis/order_breach_severity_v1/ORDER_TERMINAL_STRESS.csv,2b86212e878d6a3c7129f080ee214f963acc0f1daaed50d431524bc55ddf6899,"July-August 2018 terminal-regime stress; not pooled with January-June, not used for selection, tuning, calibration selection, or evidence labels"
conditional_positive_lateness__terminal_stress,secondary_current_context_robustness,issued promise + purchase-time current context -> issued promise + purchase-time current context + held-fixed validated process profiles,conditional_positive_lateness,terminal_stress,linear_quantile,0.9,seller,full,empirical_coverage,compare_with_nominal_quantile;not_a_guarantee,0.96006655574,Not-supported,RQ3_current_context_order_evidence,analysis/order_breach_severity_v1/SEVERITY_RESULTS.csv,b008da0d00ff3cb56c34ef2cde92bc8f144e43a6deca6a064ed28614f8ab1fea,"July-August 2018 terminal-regime stress; not pooled with January-June, not used for selection, tuning, calibration selection, or evidence labels"
conditional_positive_lateness__terminal_stress,secondary_current_context_robustness,issued promise + purchase-time current context -> issued promise + purchase-time current context + held-fixed validated process profiles,conditional_positive_lateness,terminal_stress,linear_quantile,0.9,seller,full,pinball_skill,positive_is_better,-0.00452682161132,Not-supported,RQ3_current_context_order_evidence,analysis/order_breach_severity_v1/ORDER_TERMINAL_STRESS.csv,2b86212e878d6a3c7129f080ee214f963acc0f1daaed50d431524bc55ddf6899,"July-August 2018 terminal-regime stress; not pooled with January-June, not used for selection, tuning, calibration selection, or evidence labels"
conditional_positive_lateness__terminal_stress,secondary_current_context_robustness,issued promise + purchase-time current context -> issued promise + purchase-time current context + held-fixed validated process profiles,conditional_positive_lateness,terminal_stress,linear_quantile,0.9,state_od,full,empirical_coverage,compare_with_nominal_quantile;not_a_guarantee,0.95840266223,Not-supported,RQ3_current_context_order_evidence,analysis/order_breach_severity_v1/SEVERITY_RESULTS.csv,b008da0d00ff3cb56c34ef2cde92bc8f144e43a6deca6a064ed28614f8ab1fea,"July-August 2018 terminal-regime stress; not pooled with January-June, not used for selection, tuning, calibration selection, or evidence labels"
conditional_positive_lateness__terminal_stress,secondary_current_context_robustness,issued promise + purchase-time current context -> issued promise + purchase-time current context + held-fixed validated process profiles,conditional_positive_lateness,terminal_stress,linear_quantile,0.9,state_od,full,pinball_skill,positive_is_better,-0.000295009658787,Not-supported,RQ3_current_context_order_evidence,analysis/order_breach_severity_v1/ORDER_TERMINAL_STRESS.csv,2b86212e878d6a3c7129f080ee214f963acc0f1daaed50d431524bc55ddf6899,"July-August 2018 terminal-regime stress; not pooled with January-June, not used for selection, tuning, calibration selection, or evidence labels"
conditional_positive_lateness__terminal_stress,secondary_current_context_robustness,issued promise + purchase-time current context -> issued promise + purchase-time current context + held-fixed validated process profiles,conditional_positive_lateness,terminal_stress,xgboost_quantile,0.5,both,full,pinball_skill,positive_is_better,-0.00629194861806,Not-supported,RQ3_current_context_order_evidence,analysis/order_breach_severity_v1/ORDER_TERMINAL_STRESS.csv,2b86212e878d6a3c7129f080ee214f963acc0f1daaed50d431524bc55ddf6899,"July-August 2018 terminal-regime stress; not pooled with January-June, not used for selection, tuning, calibration selection, or evidence labels"
conditional_positive_lateness__terminal_stress,secondary_current_context_robustness,issued promise + purchase-time current context -> issued promise + purchase-time current context + held-fixed validated process profiles,conditional_positive_lateness,terminal_stress,xgboost_quantile,0.5,seller,full,pinball_skill,positive_is_better,0.00834269499591,Not-supported,RQ3_current_context_order_evidence,analysis/order_breach_severity_v1/ORDER_TERMINAL_STRESS.csv,2b86212e878d6a3c7129f080ee214f963acc0f1daaed50d431524bc55ddf6899,"July-August 2018 terminal-regime stress; not pooled with January-June, not used for selection, tuning, calibration selection, or evidence labels"
conditional_positive_lateness__terminal_stress,secondary_current_context_robustness,issued promise + purchase-time current context -> issued promise + purchase-time current context + held-fixed validated process profiles,conditional_positive_lateness,terminal_stress,xgboost_quantile,0.5,state_od,full,pinball_skill,positive_is_better,0.00796341076723,Not-supported,RQ3_current_context_order_evidence,analysis/order_breach_severity_v1/ORDER_TERMINAL_STRESS.csv,2b86212e878d6a3c7129f080ee214f963acc0f1daaed50d431524bc55ddf6899,"July-August 2018 terminal-regime stress; not pooled with January-June, not used for selection, tuning, calibration selection, or evidence labels"
conditional_positive_lateness__terminal_stress,secondary_current_context_robustness,issued promise + purchase-time current context -> issued promise + purchase-time current context + held-fixed validated process profiles,conditional_positive_lateness,terminal_stress,xgboost_quantile,0.9,both,full,empirical_coverage,compare_with_nominal_quantile;not_a_guarantee,0.963394342762,Not-supported,RQ3_current_context_order_evidence,analysis/order_breach_severity_v1/SEVERITY_RESULTS.csv,b008da0d00ff3cb56c34ef2cde92bc8f144e43a6deca6a064ed28614f8ab1fea,"July-August 2018 terminal-regime stress; not pooled with January-June, not used for selection, tuning, calibration selection, or evidence labels"
conditional_positive_lateness__terminal_stress,secondary_current_context_robustness,issued promise + purchase-time current context -> issued promise + purchase-time current context + held-fixed validated process profiles,conditional_positive_lateness,terminal_stress,xgboost_quantile,0.9,both,full,pinball_skill,positive_is_better,-0.00374947698252,Not-supported,RQ3_current_context_order_evidence,analysis/order_breach_severity_v1/ORDER_TERMINAL_STRESS.csv,2b86212e878d6a3c7129f080ee214f963acc0f1daaed50d431524bc55ddf6899,"July-August 2018 terminal-regime stress; not pooled with January-June, not used for selection, tuning, calibration selection, or evidence labels"
conditional_positive_lateness__terminal_stress,secondary_current_context_robustness,issued promise + purchase-time current context -> issued promise + purchase-time current context + held-fixed validated process profiles,conditional_positive_lateness,terminal_stress,xgboost_quantile,0.9,seller,full,empirical_coverage,compare_with_nominal_quantile;not_a_guarantee,0.963394342762,Supported,RQ3_current_context_order_evidence,analysis/order_breach_severity_v1/SEVERITY_RESULTS.csv,b008da0d00ff3cb56c34ef2cde92bc8f144e43a6deca6a064ed28614f8ab1fea,"July-August 2018 terminal-regime stress; not pooled with January-June, not used for selection, tuning, calibration selection, or evidence labels"
conditional_positive_lateness__terminal_stress,secondary_current_context_robustness,issued promise + purchase-time current context -> issued promise + purchase-time current context + held-fixed validated process profiles,conditional_positive_lateness,terminal_stress,xgboost_quantile,0.9,seller,full,pinball_skill,positive_is_better,-0.0235674732257,Supported,RQ3_current_context_order_evidence,analysis/order_breach_severity_v1/ORDER_TERMINAL_STRESS.csv,2b86212e878d6a3c7129f080ee214f963acc0f1daaed50d431524bc55ddf6899,"July-August 2018 terminal-regime stress; not pooled with January-June, not used for selection, tuning, calibration selection, or evidence labels"
conditional_positive_lateness__terminal_stress,secondary_current_context_robustness,issued promise + purchase-time current context -> issued promise + purchase-time current context + held-fixed validated process profiles,conditional_positive_lateness,terminal_stress,xgboost_quantile,0.9,state_od,full,empirical_coverage,compare_with_nominal_quantile;not_a_guarantee,0.963394342762,Supported,RQ3_current_context_order_evidence,analysis/order_breach_severity_v1/SEVERITY_RESULTS.csv,b008da0d00ff3cb56c34ef2cde92bc8f144e43a6deca6a064ed28614f8ab1fea,"July-August 2018 terminal-regime stress; not pooled with January-June, not used for selection, tuning, calibration selection, or evidence labels"
conditional_positive_lateness__terminal_stress,secondary_current_context_robustness,issued promise + purchase-time current context -> issued promise + purchase-time current context + held-fixed validated process profiles,conditional_positive_lateness,terminal_stress,xgboost_quantile,0.9,state_od,full,pinball_skill,positive_is_better,-0.0686602983106,Supported,RQ3_current_context_order_evidence,analysis/order_breach_severity_v1/ORDER_TERMINAL_STRESS.csv,2b86212e878d6a3c7129f080ee214f963acc0f1daaed50d431524bc55ddf6899,"July-August 2018 terminal-regime stress; not pooled with January-June, not used for selection, tuning, calibration selection, or evidence labels"
profile_availability__terminal_stress,primary_direct_operational_estimand,issued promise -> issued promise + held-fixed validated process profiles,profile_availability,terminal_stress,profile,,seller,full,mapping_share_mapped_cold_start,see_metric_definition,0.0819541057008,descriptive-only,RQ3_direct_order_evidence,analysis/direct_promise_profile_extension_v1/DIRECT_TERMINAL.csv,f35b32cbf386b74aa3b8d3a73a6d694fedd5d82313632b6453bee8d31aa93bb4,"July-August 2018 terminal-regime stress; not pooled with January-June, not used for selection, tuning, calibration selection, or evidence labels"
profile_availability__terminal_stress,primary_direct_operational_estimand,issued promise -> issued promise + held-fixed validated process profiles,profile_availability,terminal_stress,profile,,seller,full,mapping_share_seen,see_metric_definition,0.918045894299,descriptive-only,RQ3_direct_order_evidence,analysis/direct_promise_profile_extension_v1/DIRECT_TERMINAL.csv,f35b32cbf386b74aa3b8d3a73a6d694fedd5d82313632b6453bee8d31aa93bb4,"July-August 2018 terminal-regime stress; not pooled with January-June, not used for selection, tuning, calibration selection, or evidence labels"
profile_availability__terminal_stress,primary_direct_operational_estimand,issued promise -> issued promise + held-fixed validated process profiles,profile_availability,terminal_stress,profile,,state_od,full,mapping_share_mapped_cold_start,see_metric_definition,0.00479731350444,descriptive-only,RQ3_direct_order_evidence,analysis/direct_promise_profile_extension_v1/DIRECT_TERMINAL.csv,f35b32cbf386b74aa3b8d3a73a6d694fedd5d82313632b6453bee8d31aa93bb4,"July-August 2018 terminal-regime stress; not pooled with January-June, not used for selection, tuning, calibration selection, or evidence labels"
profile_availability__terminal_stress,primary_direct_operational_estimand,issued promise -> issued promise + held-fixed validated process profiles,profile_availability,terminal_stress,profile,,state_od,full,mapping_share_seen,see_metric_definition,0.995202686496,descriptive-only,RQ3_direct_order_evidence,analysis/direct_promise_profile_extension_v1/DIRECT_TERMINAL.csv,f35b32cbf386b74aa3b8d3a73a6d694fedd5d82313632b6453bee8d31aa93bb4,"July-August 2018 terminal-regime stress; not pooled with January-June, not used for selection, tuning, calibration selection, or evidence labels"
rq2_profile_confirmation,held_fixed_standalone_profile_confirmation,locked future-process confirmation,future_process_validity,January-June_2018_confirmation,,,seller,S1,favourable_confirmation_month_count,descriptive_confirmation_rubric,6,Strongly confirmed,RQ2_profile_confirmation,analysis/dynamic_profile_profile_validation_v1/working/CONFIRMATION_LABELS.csv,1cdca2914de4a85edec10529ae6ff7c8c134d28b15091f861874095fa9207ee4,Descriptive RQ2 confirmation label; not an order-level Supported/Mixed/Not-supported label and not causal entity-quality evidence.
rq2_profile_confirmation,held_fixed_standalone_profile_confirmation,locked future-process confirmation,future_process_validity,January-June_2018_confirmation,,,seller,S2,favourable_confirmation_month_count,descriptive_confirmation_rubric,6,Strongly confirmed,RQ2_profile_confirmation,analysis/dynamic_profile_profile_validation_v1/working/CONFIRMATION_LABELS.csv,1cdca2914de4a85edec10529ae6ff7c8c134d28b15091f861874095fa9207ee4,Descriptive RQ2 confirmation label; not an order-level Supported/Mixed/Not-supported label and not causal entity-quality evidence.
rq2_profile_confirmation,held_fixed_standalone_profile_confirmation,locked future-process confirmation,future_process_validity,January-June_2018_confirmation,,,state_od,R1,favourable_confirmation_month_count,descriptive_confirmation_rubric,6,Partially confirmed,RQ2_profile_confirmation,analysis/dynamic_profile_profile_validation_v1/working/CONFIRMATION_LABELS.csv,1cdca2914de4a85edec10529ae6ff7c8c134d28b15091f861874095fa9207ee4,Descriptive RQ2 confirmation label; not an order-level Supported/Mixed/Not-supported label and not causal entity-quality evidence.
rq2_profile_confirmation,held_fixed_standalone_profile_confirmation,locked future-process confirmation,future_process_validity,January-June_2018_confirmation,,,state_od,R2,favourable_confirmation_month_count,descriptive_confirmation_rubric,6,Partially confirmed,RQ2_profile_confirmation,analysis/dynamic_profile_profile_validation_v1/working/CONFIRMATION_LABELS.csv,1cdca2914de4a85edec10529ae6ff7c8c134d28b15091f861874095fa9207ee4,Descriptive RQ2 confirmation label; not an order-level Supported/Mixed/Not-supported label and not causal entity-quality evidence.
terminal_regime_context__terminal_stress,primary_direct_operational_estimand,issued promise -> issued promise + held-fixed validated process profiles,terminal_regime_context,terminal_stress,all,,all,not_applicable,breach_prevalence,see_metric_definition,0.0480530902694,descriptive-only,RQ3_direct_order_evidence,analysis/direct_promise_profile_extension_v1/DIRECT_TERMINAL.csv,f35b32cbf386b74aa3b8d3a73a6d694fedd5d82313632b6453bee8d31aa93bb4,"July-August 2018 terminal-regime stress; not pooled with January-June, not used for selection, tuning, calibration selection, or evidence labels"
terminal_regime_context__terminal_stress,primary_direct_operational_estimand,issued promise -> issued promise + held-fixed validated process profiles,terminal_regime_context,terminal_stress,all,,all,not_applicable,mean_positive_lateness_days,see_metric_definition,5.80532445923,descriptive-only,RQ3_direct_order_evidence,analysis/direct_promise_profile_extension_v1/DIRECT_TERMINAL.csv,f35b32cbf386b74aa3b8d3a73a6d694fedd5d82313632b6453bee8d31aa93bb4,"July-August 2018 terminal-regime stress; not pooled with January-June, not used for selection, tuning, calibration selection, or evidence labels"
terminal_regime_context__terminal_stress,primary_direct_operational_estimand,issued promise -> issued promise + held-fixed validated process profiles,terminal_regime_context,terminal_stress,all,,all,not_applicable,median_positive_lateness_days,see_metric_definition,4,descriptive-only,RQ3_direct_order_evidence,analysis/direct_promise_profile_extension_v1/DIRECT_TERMINAL.csv,f35b32cbf386b74aa3b8d3a73a6d694fedd5d82313632b6453bee8d31aa93bb4,"July-August 2018 terminal-regime stress; not pooled with January-June, not used for selection, tuning, calibration selection, or evidence labels"
terminal_regime_context__terminal_stress,primary_direct_operational_estimand,issued promise -> issued promise + held-fixed validated process profiles,terminal_regime_context,terminal_stress,all,,all,not_applicable,n_breaches,see_metric_definition,601,descriptive-only,RQ3_direct_order_evidence,analysis/direct_promise_profile_extension_v1/DIRECT_TERMINAL.csv,f35b32cbf386b74aa3b8d3a73a6d694fedd5d82313632b6453bee8d31aa93bb4,"July-August 2018 terminal-regime stress; not pooled with January-June, not used for selection, tuning, calibration selection, or evidence labels"
terminal_regime_context__terminal_stress,primary_direct_operational_estimand,issued promise -> issued promise + held-fixed validated process profiles,terminal_regime_context,terminal_stress,all,,all,not_applicable,n_orders,see_metric_definition,12507,descriptive-only,RQ3_direct_order_evidence,analysis/direct_promise_profile_extension_v1/DIRECT_TERMINAL.csv,f35b32cbf386b74aa3b8d3a73a6d694fedd5d82313632b6453bee8d31aa93bb4,"July-August 2018 terminal-regime stress; not pooled with January-June, not used for selection, tuning, calibration selection, or evidence labels"
terminal_regime_context__terminal_stress,primary_direct_operational_estimand,issued promise -> issued promise + held-fixed validated process profiles,terminal_regime_context,terminal_stress,all,,all,not_applicable,q90_positive_lateness_days,see_metric_definition,12,descriptive-only,RQ3_direct_order_evidence,analysis/direct_promise_profile_extension_v1/DIRECT_TERMINAL.csv,f35b32cbf386b74aa3b8d3a73a6d694fedd5d82313632b6453bee8d31aa93bb4,"July-August 2018 terminal-regime stress; not pooled with January-June, not used for selection, tuning, calibration selection, or evidence labels"
